Gene,Metabolite,Sign
"(2,5-Dimethoxyphenyl)acetone",1-Octadecanol,1
"(2,5-Dimethoxyphenyl)acetone","2'-Hydroxy-2,4,4',5-tetramethoxychalcone",1
"(2,5-Dimethoxyphenyl)acetone",2-Methyl-3-pentanol,1
"(2,5-Dimethoxyphenyl)acetone",2-Naphthol,1
"(2,5-Dimethoxyphenyl)acetone",2-Propyl-1-pentanol,1
"(2,5-Dimethoxyphenyl)acetone",3-Buten-2-one,1
"(2,5-Dimethoxyphenyl)acetone","6-Aminocaproic acid, N-(tert.-butyldimethylsilyl)",1
"(2,5-Dimethoxyphenyl)acetone",Adenine,1
"(2,5-Dimethoxyphenyl)acetone",Benzophenone,1
"(2,5-Dimethoxyphenyl)acetone",Butachlor ESA,1
"(2,5-Dimethoxyphenyl)acetone",Curcumin,1
"(2,5-Dimethoxyphenyl)acetone",Cycloheptanol,1
"(2,5-Dimethoxyphenyl)acetone","Cytosine, N-(tert-butyldimethylsilyl)-",1
"(2,5-Dimethoxyphenyl)acetone",Diethylamine,1
"(2,5-Dimethoxyphenyl)acetone","Dodecanoic acid, 1-methylethyl ester",1
"(2,5-Dimethoxyphenyl)acetone","D-Streptamine, O-6-amino-6-deoxy-alpha-D-glucopyranosyl-(1-4)-O-(3-deoxy-4-C-methyl-3-(methylamino)-beta-L-arabinopyranosyl-(1-6))-2-deoxy-",1
"(2,5-Dimethoxyphenyl)acetone",Frangulin,1
"(2,5-Dimethoxyphenyl)acetone",Hexacosanoic acid,1
"(2,5-Dimethoxyphenyl)acetone",Isobutanol,1
"(2,5-Dimethoxyphenyl)acetone",L-Glutamine,1
"(2,5-Dimethoxyphenyl)acetone",L-Tryptophan,1
"(2,5-Dimethoxyphenyl)acetone",m-Toluic acid,1
"(2,5-Dimethoxyphenyl)acetone","Naringenin 4',7-dimethylether",1
"(2,5-Dimethoxyphenyl)acetone",N-Caffeoyl-O-methyltyramine,1
"(2,5-Dimethoxyphenyl)acetone",N-Methyl-1-[(trimethylsilyl)oxy]-1-{4-[(trimethylsilyl)oxy]phenyl}propan-2-amine,1
"(2,5-Dimethoxyphenyl)acetone","Propanoic acid, dimethyl(isopropyl)silyl ester",1
"(2,5-Dimethoxyphenyl)acetone",Propylene glycol,1
"(2,5-Dimethoxyphenyl)acetone",Tetrahydro-solasodine triacetate,1
"(2,5-Dimethoxyphenyl)acetone",Triethyl citrate,1
"(2,5-Dimethoxyphenyl)acetone",Yangonin,1
"(2R)-Pyrrolidine-1,2-dicarboxylic acid, bis(tert-butyldimethylsilyl) ester","2(5H)-Furanone, 4-(hydroxymethyl)",1
"(2R)-Pyrrolidine-1,2-dicarboxylic acid, bis(tert-butyldimethylsilyl) ester","2,5-Bis((tert-butyldimethylsilyl)oxy)-4,4-dimethyl-4H-imidazole",-1
"(2R)-Pyrrolidine-1,2-dicarboxylic acid, bis(tert-butyldimethylsilyl) ester","2,5-Dimethoxybenzhydrazide",1
"(2R)-Pyrrolidine-1,2-dicarboxylic acid, bis(tert-butyldimethylsilyl) ester","2,5-Dimethoxybenzonitrile",1
"(2R)-Pyrrolidine-1,2-dicarboxylic acid, bis(tert-butyldimethylsilyl) ester","3-(4,7-Dimethoxy-2H-1,3-benzodioxol-5-yl)-2-methylprop-2-enal",1
"(2R)-Pyrrolidine-1,2-dicarboxylic acid, bis(tert-butyldimethylsilyl) ester",3-Aminobenzoic acid,-1
"(2R)-Pyrrolidine-1,2-dicarboxylic acid, bis(tert-butyldimethylsilyl) ester",6-Methyluracil,-1
"(2R)-Pyrrolidine-1,2-dicarboxylic acid, bis(tert-butyldimethylsilyl) ester",alpha-Hydroxyisobutyric acid,1
"(2R)-Pyrrolidine-1,2-dicarboxylic acid, bis(tert-butyldimethylsilyl) ester",Cholesterol,-1
"(2R)-Pyrrolidine-1,2-dicarboxylic acid, bis(tert-butyldimethylsilyl) ester",Cyclooctylamine,1
"(2R)-Pyrrolidine-1,2-dicarboxylic acid, bis(tert-butyldimethylsilyl) ester",Diethylamine,1
"(2R)-Pyrrolidine-1,2-dicarboxylic acid, bis(tert-butyldimethylsilyl) ester","D-Streptamine, O-6-amino-6-deoxy-alpha-D-glucopyranosyl-(1-4)-O-(3-deoxy-4-C-methyl-3-(methylamino)-beta-L-arabinopyranosyl-(1-6))-2-deoxy-",1
"(2R)-Pyrrolidine-1,2-dicarboxylic acid, bis(tert-butyldimethylsilyl) ester",Durapan,-1
"(2R)-Pyrrolidine-1,2-dicarboxylic acid, bis(tert-butyldimethylsilyl) ester","Hymexazole, tert-butyldimethylsilyl ether",-1
"(2R)-Pyrrolidine-1,2-dicarboxylic acid, bis(tert-butyldimethylsilyl) ester",Iminodiacetic acid,1
"(2R)-Pyrrolidine-1,2-dicarboxylic acid, bis(tert-butyldimethylsilyl) ester",Ketamine,-1
"(2R)-Pyrrolidine-1,2-dicarboxylic acid, bis(tert-butyldimethylsilyl) ester",Methanesulfonic acid,-1
"(2R)-Pyrrolidine-1,2-dicarboxylic acid, bis(tert-butyldimethylsilyl) ester",Methylthiouracil,-1
"(2R)-Pyrrolidine-1,2-dicarboxylic acid, bis(tert-butyldimethylsilyl) ester","N,N-Dimethyl-2-aminoethanol",-1
"(2R)-Pyrrolidine-1,2-dicarboxylic acid, bis(tert-butyldimethylsilyl) ester",Octacosanol,1
"(2R)-Pyrrolidine-1,2-dicarboxylic acid, bis(tert-butyldimethylsilyl) ester",Phenol,1
"(2R)-Pyrrolidine-1,2-dicarboxylic acid, bis(tert-butyldimethylsilyl) ester",Phenoxyethanol,-1
"(2R)-Pyrrolidine-1,2-dicarboxylic acid, bis(tert-butyldimethylsilyl) ester",Pinosylvin,-1
"(9H-fluoren-9-yl)methanol, O-methoxycarbonyl-","2,3-Butanediol, O-(trimethylsilyl)-, monoacetate",1
"(9H-fluoren-9-yl)methanol, O-methoxycarbonyl-","2-Allyl-1,4-dimethoxybenzene",1
"(9H-fluoren-9-yl)methanol, O-methoxycarbonyl-","2-Methylcyclohexylamine, tert.-butyldimethylsilyl ether",-1
"(9H-fluoren-9-yl)methanol, O-methoxycarbonyl-",Ethanolamine,1
"(9H-fluoren-9-yl)methanol, O-methoxycarbonyl-",N-Acetylaspartic acid,1
"(9H-fluoren-9-yl)methanol, O-methoxycarbonyl-","Phenol, 2,4-bis(1-methyl-1-phenylethyl)-",1
"3,4,5-Trimethoxyamphetamine",2-Ethyl-1-butanol,1
"3,4,5-Trimethoxyamphetamine",2-Pyrrolidone-5-carboxylic acid,1
"3,4,5-Trimethoxyamphetamine",Curcumin,-1
"3,4,5-Trimethoxyamphetamine",Lactic acid,-1
"1-(1-Hydroxybutyl)-2,5-dimethoxybenzene ","2,5-Dimethoxybenzhydrazide",1
"1-(1-Hydroxybutyl)-2,5-dimethoxybenzene ","2-Cyclohexen-1-one, 3-methyl-",1
"1-(1-Hydroxybutyl)-2,5-dimethoxybenzene ","3-(4,7-Dimethoxy-2H-1,3-benzodioxol-5-yl)-2-methylprop-2-enal",1
"1-(1-Hydroxybutyl)-2,5-dimethoxybenzene ","Benzoic acid, 2-hydroxy-3-[(2-hydroxy-4-methoxy-6-propylbenzoyl)oxy]-4-methoxy-6-propyl-, methyl ester ",1
"1-(1-Hydroxybutyl)-2,5-dimethoxybenzene ","Benzoic acid, methyl ester",1
"1-(1-Hydroxybutyl)-2,5-dimethoxybenzene ",DL-Glyceraldehyde,1
"1-(1-Hydroxybutyl)-2,5-dimethoxybenzene ","Erythrono-1,4-lactone",1
"1-(1-Hydroxybutyl)-2,5-dimethoxybenzene ",Mevalonolactone,1
"1-(1-Hydroxybutyl)-2,5-dimethoxybenzene ",Picolinic acid,1
"1-(2,4-Dimethoxyphenyl)-propan-2-one",1-(Cyclohexylmethyl)-4-piperidinylamine,1
"1-(2,4-Dimethoxyphenyl)-propan-2-one",2-Ethylhexanoic acid,1
"1-(2,4-Dimethoxyphenyl)-propan-2-one",Butyric Acid,1
"1-(2,4-Dimethoxyphenyl)-propan-2-one",Heptylamine,1
"1-(2,4-Dimethoxyphenyl)-propan-2-one",Hexanoic acid,1
"1-(2,4-Dimethoxyphenyl)-propan-2-one",Isobutanol,-1
"1-(2,4-Dimethoxyphenyl)-propan-2-one",Pentanoic acid,1
"1-(2,4-Dimethoxyphenyl)-propan-2-one",Urea,1
"1-(2,5-Dimethoxyphenyl)-1-[(trimethylsilyl)oxy]propan-2-amine",2-Furoic acid,1
"1-(2,5-Dimethoxyphenyl)-1-[(trimethylsilyl)oxy]propan-2-amine","3,5-Dimethylphenol",1
"1-(2,5-Dimethoxyphenyl)-1-[(trimethylsilyl)oxy]propan-2-amine",Benzoic Acid,1
"1-(2,5-Dimethoxyphenyl)-1-[(trimethylsilyl)oxy]propan-2-amine",Glycolic acid,1
"1-(2,5-Dimethoxyphenyl)-1-[(trimethylsilyl)oxy]propan-2-amine",Heptanoic acid,1
"1-(2,5-Dimethoxyphenyl)-1-[(trimethylsilyl)oxy]propan-2-amine",Isonicotinic Acid,1
"1-(2,5-Dimethoxyphenyl)-1-[(trimethylsilyl)oxy]propan-2-amine",Isopropylamine,-1
"1-(2,5-Dimethoxyphenyl)-1-[(trimethylsilyl)oxy]propan-2-amine",Nonanoic acid,1
"1-(2,5-Dimethoxyphenyl)-1-[(trimethylsilyl)oxy]propan-2-amine",Propanoic acid,1
"1-(2,5-Dimethoxyphenyl)-1-[(trimethylsilyl)oxy]propan-2-amine",Salsoline,1
"1-(4-Methoxyphenyl)-4,6-dimethyl-2(1H)-pyrimidinone","2(5H)-Furanone, 4-(hydroxymethyl)",1
"1-(4-Methoxyphenyl)-4,6-dimethyl-2(1H)-pyrimidinone","2,3-Butanediol, O-(trimethylsilyl)-, monoacetate",1
"1-(4-Methoxyphenyl)-4,6-dimethyl-2(1H)-pyrimidinone","2,4-Imidazolidinedione, 5,5-dimethyl",-1
"1-(4-Methoxyphenyl)-4,6-dimethyl-2(1H)-pyrimidinone","2,5-Bis((tert-butyldimethylsilyl)oxy)-4,4-dimethyl-4H-imidazole",-1
"1-(4-Methoxyphenyl)-4,6-dimethyl-2(1H)-pyrimidinone","2,5-Dimethoxybenzhydrazide",1
"1-(4-Methoxyphenyl)-4,6-dimethyl-2(1H)-pyrimidinone","2,5-Dimethoxybenzonitrile",1
"1-(4-Methoxyphenyl)-4,6-dimethyl-2(1H)-pyrimidinone","2',5'-Dimethoxypropiophenone",1
"1-(4-Methoxyphenyl)-4,6-dimethyl-2(1H)-pyrimidinone",2-Amino-4-methylbenzophenone,1
"1-(4-Methoxyphenyl)-4,6-dimethyl-2(1H)-pyrimidinone","2-Butenoic acid, 3-[(tert-butyldimethylsilyl)oxy]",1
"1-(4-Methoxyphenyl)-4,6-dimethyl-2(1H)-pyrimidinone","2-Cyclohexen-1-one, 3-methyl-",1
"1-(4-Methoxyphenyl)-4,6-dimethyl-2(1H)-pyrimidinone","3-(4,7-Dimethoxy-2H-1,3-benzodioxol-5-yl)-2-methylprop-2-enal",1
"1-(4-Methoxyphenyl)-4,6-dimethyl-2(1H)-pyrimidinone",6-Methyluracil,-1
"1-(4-Methoxyphenyl)-4,6-dimethyl-2(1H)-pyrimidinone",Aconitic acid,1
"1-(4-Methoxyphenyl)-4,6-dimethyl-2(1H)-pyrimidinone",Cholesterol,-1
"1-(4-Methoxyphenyl)-4,6-dimethyl-2(1H)-pyrimidinone","Cyclohexanone, 3,3,5-trimethyl",1
"1-(4-Methoxyphenyl)-4,6-dimethyl-2(1H)-pyrimidinone",Cyclooctylamine,1
"1-(4-Methoxyphenyl)-4,6-dimethyl-2(1H)-pyrimidinone",Durapan,-1
"1-(4-Methoxyphenyl)-4,6-dimethyl-2(1H)-pyrimidinone",Heptylamine,-1
"1-(4-Methoxyphenyl)-4,6-dimethyl-2(1H)-pyrimidinone",Hydracrylic acid,1
"1-(4-Methoxyphenyl)-4,6-dimethyl-2(1H)-pyrimidinone","Hymexazole, tert-butyldimethylsilyl ether",-1
"1-(4-Methoxyphenyl)-4,6-dimethyl-2(1H)-pyrimidinone",Isobutanol,1
"1-(4-Methoxyphenyl)-4,6-dimethyl-2(1H)-pyrimidinone","Kojic acid, bis(tert-butyldimethylsilyl) ether",-1
"1-(4-Methoxyphenyl)-4,6-dimethyl-2(1H)-pyrimidinone",Methanesulfonic acid,-1
"1-(4-Methoxyphenyl)-4,6-dimethyl-2(1H)-pyrimidinone",Methylthiouracil,-1
"1-(4-Methoxyphenyl)-4,6-dimethyl-2(1H)-pyrimidinone","N,N-Dimethyl-2-aminoethanol",-1
"1-(4-Methoxyphenyl)-4,6-dimethyl-2(1H)-pyrimidinone",N-Acetylaminoethanol,1
"1-(4-Methoxyphenyl)-4,6-dimethyl-2(1H)-pyrimidinone",Pinosylvin,-1
1-(Cyclohexylmethyl)-4-piperidinylamine,2-Amino-4-methylbenzophenone,-1
1-(Cyclohexylmethyl)-4-piperidinylamine,2-Decanol,1
1-(Cyclohexylmethyl)-4-piperidinylamine,"5-Chlorovaleric acid, nonyl ester",1
1-(Cyclohexylmethyl)-4-piperidinylamine,Formamide,1
1-(Cyclohexylmethyl)-4-piperidinylamine,m-Toluic acid,1
1-(tert-Butyldimethylsilyl)-4-methyl-1H-pyrazole,"1,2-Cyclohexanediol, (Z)",1
1-(tert-Butyldimethylsilyl)-4-methyl-1H-pyrazole,1-Octadecanol,1
1-(tert-Butyldimethylsilyl)-4-methyl-1H-pyrazole,"2,2'-Bipyridine",1
1-(tert-Butyldimethylsilyl)-4-methyl-1H-pyrazole,2-Butoxyethanol,1
1-(tert-Butyldimethylsilyl)-4-methyl-1H-pyrazole,2-Decanol,1
1-(tert-Butyldimethylsilyl)-4-methyl-1H-pyrazole,"2'-Hydroxy-2,4,4',5-tetramethoxychalcone",1
1-(tert-Butyldimethylsilyl)-4-methyl-1H-pyrazole,2-Pentadecanone,1
1-(tert-Butyldimethylsilyl)-4-methyl-1H-pyrazole,5-Azacytosine,1
1-(tert-Butyldimethylsilyl)-4-methyl-1H-pyrazole,"6-Aminocaproic acid, N-(tert.-butyldimethylsilyl)",1
1-(tert-Butyldimethylsilyl)-4-methyl-1H-pyrazole,Adenine,1
1-(tert-Butyldimethylsilyl)-4-methyl-1H-pyrazole,Azelaic acid,1
1-(tert-Butyldimethylsilyl)-4-methyl-1H-pyrazole,Butachlor ESA,1
1-(tert-Butyldimethylsilyl)-4-methyl-1H-pyrazole,Curcumin,1
1-(tert-Butyldimethylsilyl)-4-methyl-1H-pyrazole,"Cytosine, N-(tert-butyldimethylsilyl)-",1
1-(tert-Butyldimethylsilyl)-4-methyl-1H-pyrazole,"Dodecanoic acid, 1-methylethyl ester",1
1-(tert-Butyldimethylsilyl)-4-methyl-1H-pyrazole,"D-Streptamine, O-6-amino-6-deoxy-alpha-D-glucopyranosyl-(1-4)-O-(3-deoxy-4-C-methyl-3-(methylamino)-beta-L-arabinopyranosyl-(1-6))-2-deoxy-",1
1-(tert-Butyldimethylsilyl)-4-methyl-1H-pyrazole,Durapan,1
1-(tert-Butyldimethylsilyl)-4-methyl-1H-pyrazole,Frangulin,1
1-(tert-Butyldimethylsilyl)-4-methyl-1H-pyrazole,Glycine,1
1-(tert-Butyldimethylsilyl)-4-methyl-1H-pyrazole,Heptylamine,1
1-(tert-Butyldimethylsilyl)-4-methyl-1H-pyrazole,Hexacosanoic acid,1
1-(tert-Butyldimethylsilyl)-4-methyl-1H-pyrazole,Isopropyl palmitate,1
1-(tert-Butyldimethylsilyl)-4-methyl-1H-pyrazole,L-Glutamine,1
1-(tert-Butyldimethylsilyl)-4-methyl-1H-pyrazole,L-Leucine,1
1-(tert-Butyldimethylsilyl)-4-methyl-1H-pyrazole,"l-Norvaline, n-propargyloxycarbonyl-, isohexyl ester",-1
1-(tert-Butyldimethylsilyl)-4-methyl-1H-pyrazole,L-Tryptophan,1
1-(tert-Butyldimethylsilyl)-4-methyl-1H-pyrazole,Methanesulfonic acid,1
1-(tert-Butyldimethylsilyl)-4-methyl-1H-pyrazole,N-Methyl-1-[(trimethylsilyl)oxy]-1-{4-[(trimethylsilyl)oxy]phenyl}propan-2-amine,1
1-(tert-Butyldimethylsilyl)-4-methyl-1H-pyrazole,Tetrahydro-solasodine triacetate,1
1-(tert-Butyldimethylsilyl)-4-methyl-1H-pyrazole,Vanillylmandelic acid,1
1-(tert-Butyldimethylsilyl)-4-methyl-1H-pyrazole,Yangonin,1
"1,2-Cyclohexanediol, (Z)",1-Octadecanol,1
"1,2-Cyclohexanediol, (Z)","2,2'-Bipyridine",1
"1,2-Cyclohexanediol, (Z)",2-Butoxyethanol,1
"1,2-Cyclohexanediol, (Z)",2-Furoic acid,1
"1,2-Cyclohexanediol, (Z)","2'-Hydroxy-2,4,4',5-tetramethoxychalcone",1
"1,2-Cyclohexanediol, (Z)",2-Hydroxy-3-methylbutyric acid,1
"1,2-Cyclohexanediol, (Z)","2-Methylcyclohexanol, (Z)",1
"1,2-Cyclohexanediol, (Z)",2-Naphthol,1
"1,2-Cyclohexanediol, (Z)",2-Pentadecanone,1
"1,2-Cyclohexanediol, (Z)","3,5-Dimethylphenol",1
"1,2-Cyclohexanediol, (Z)",3-Buten-2-one,1
"1,2-Cyclohexanediol, (Z)",4-Oxohexanoic acid,1
"1,2-Cyclohexanediol, (Z)",5-Hydroxy-7-methoxy-2-methyl-3-phenyl-4-chromenone,-1
"1,2-Cyclohexanediol, (Z)","5-Nonanol, tert-butyldimethylsilyl ether",1
"1,2-Cyclohexanediol, (Z)",Adenine,1
"1,2-Cyclohexanediol, (Z)","Benzenesulfonamide, N-butyl",1
"1,2-Cyclohexanediol, (Z)",Butachlor ESA,1
"1,2-Cyclohexanediol, (Z)","Cytosine, N-(tert-butyldimethylsilyl)-",1
"1,2-Cyclohexanediol, (Z)",DL-p-Hydroxyphenyllactic acid,1
"1,2-Cyclohexanediol, (Z)","Dodecanoic acid, 1-methylethyl ester",1
"1,2-Cyclohexanediol, (Z)","D-Streptamine, O-6-amino-6-deoxy-alpha-D-glucopyranosyl-(1-4)-O-(3-deoxy-4-C-methyl-3-(methylamino)-beta-L-arabinopyranosyl-(1-6))-2-deoxy-",1
"1,2-Cyclohexanediol, (Z)",Frangulin,1
"1,2-Cyclohexanediol, (Z)","Glycine, tert.-butyldimethylsilyl ester",1
"1,2-Cyclohexanediol, (Z)",Iminodiacetic acid,1
"1,2-Cyclohexanediol, (Z)",Isopropyl palmitate,1
"1,2-Cyclohexanediol, (Z)",Isopropylamine,-1
"1,2-Cyclohexanediol, (Z)",L-Alanine,1
"1,2-Cyclohexanediol, (Z)",L-Glutamine,1
"1,2-Cyclohexanediol, (Z)",L-Tryptophan,1
"1,2-Cyclohexanediol, (Z)",N-Acetyl-L-alanine,1
"1,2-Cyclohexanediol, (Z)",N-Caffeoyl-O-methyltyramine,1
"1,2-Cyclohexanediol, (Z)",N-Methyl-1-[(trimethylsilyl)oxy]-1-{4-[(trimethylsilyl)oxy]phenyl}propan-2-amine,1
"1,2-Cyclohexanediol, (Z)",Norketamine,1
"1,2-Cyclohexanediol, (Z)",Pentanedioic acid,1
"1,2-Cyclohexanediol, (Z)",Suberic acid,1
"1,2-Cyclohexanediol, (Z)",Triethyl citrate,1
"1,2-Cyclohexanediol, (Z)",Vanillylmandelic acid,1
"1,2-Cyclohexanediol, (Z)",Yangonin,1
"1,3-Oxazolidine, 2,5-diphenyl-4-methyl-, trans-","1-Octanol, 2-butyl-",1
"1,3-Oxazolidine, 2,5-diphenyl-4-methyl-, trans-","3,4-Methylenedioxyamphetamine",-1
"1,3-Oxazolidine, 2,5-diphenyl-4-methyl-, trans-","Benzoic acid, 2-hydroxy-3-[(2-hydroxy-4-methoxy-6-propylbenzoyl)oxy]-4-methoxy-6-propyl-, methyl ester ",1
"1,3-Oxazolidine, 2,5-diphenyl-4-methyl-, trans-",Cyclobutylamine,1
1-Octadecanol,"2,2'-Bipyridine",1
1-Octadecanol,2-Butoxyethanol,1
1-Octadecanol,2-Decanol,1
1-Octadecanol,2-Furoic acid,1
1-Octadecanol,2-Hydroxy-3-methylbutyric acid,1
1-Octadecanol,"2-Methylcyclohexanol, (Z)",1
1-Octadecanol,2-Pentadecanone,1
1-Octadecanol,"3,5-Dimethylphenol",1
1-Octadecanol,3-Buten-2-one,1
1-Octadecanol,"5-Nonanol, tert-butyldimethylsilyl ether",1
1-Octadecanol,"6,7,4'-Trihydroxyisoflavone",1
1-Octadecanol,Adenine,1
1-Octadecanol,Aniline,1
1-Octadecanol,"Benzenesulfonamide, N-butyl",1
1-Octadecanol,Benzophenone,1
1-Octadecanol,Benzyl alcohol,1
1-Octadecanol,Citramalic acid,1
1-Octadecanol,Cycloheptanol,1
1-Octadecanol,"Cytosine, N-(tert-butyldimethylsilyl)-",1
1-Octadecanol,Diacetyl monoxime,1
1-Octadecanol,"Dodecanoic acid, 1-methylethyl ester",1
1-Octadecanol,Dodecanoic acid,1
1-Octadecanol,Frangulin,1
1-Octadecanol,Glycerol,1
1-Octadecanol,Hexacosanoic acid,1
1-Octadecanol,Hexanoic acid,1
1-Octadecanol,Iminodiacetic acid,1
1-Octadecanol,Isopropyl palmitate,1
1-Octadecanol,L-Alanine,1
1-Octadecanol,L-Glutamine,1
1-Octadecanol,Lignoceric acid,1
1-Octadecanol,"l-Norvaline, n-propargyloxycarbonyl-, isohexyl ester",-1
1-Octadecanol,L-Tryptophan,1
1-Octadecanol,L-Valine,1
1-Octadecanol,Malic acid,1
1-Octadecanol,Myristic acid,1
1-Octadecanol,Niacin,1
1-Octadecanol,Norketamine,1
1-Octadecanol,"Propanoic acid, 3-[(tert-butyldimethylsilyl)oxy]-2-methyl-",1
1-Octadecanol,"Propanoic acid, dimethyl(isopropyl)silyl ester",1
1-Octadecanol,Stearic acid,1
1-Octadecanol,Suberic acid,1
1-Octadecanol,Thymol,1
1-Octadecanol,Triethyl citrate,1
1-Octadecanol,Uracil,1
1-Octadecanol,Vanillylmandelic acid,1
"1-Octanol, 2-butyl-",3-Amino-5-methylisoxazole,1
"1-Octanol, 2-butyl-","Benzoic acid, methyl ester",1
"1-Octanol, 2-butyl-",Leucylglycine,-1
"1-Octanol, 2-butyl-",N-Ethylamphetamine,1
"1-Octanol, 2-butyl-",Octanoic acid,1
"2(5H)-Furanone, 4-(hydroxymethyl)","2,4-Imidazolidinedione, 5,5-dimethyl",-1
"2(5H)-Furanone, 4-(hydroxymethyl)","2,5-Dimethoxybenzhydrazide",1
"2(5H)-Furanone, 4-(hydroxymethyl)","2,5-Dimethoxybenzonitrile",1
"2(5H)-Furanone, 4-(hydroxymethyl)",2-Methyl-3-pentanol,1
"2(5H)-Furanone, 4-(hydroxymethyl)",6-Methyluracil,-1
"2(5H)-Furanone, 4-(hydroxymethyl)",Cholesterol,-1
"2(5H)-Furanone, 4-(hydroxymethyl)",Cyclooctylamine,1
"2(5H)-Furanone, 4-(hydroxymethyl)",Diethylamine,1
"2(5H)-Furanone, 4-(hydroxymethyl)","D-Streptamine, O-6-amino-6-deoxy-alpha-D-glucopyranosyl-(1-4)-O-(3-deoxy-4-C-methyl-3-(methylamino)-beta-L-arabinopyranosyl-(1-6))-2-deoxy-",1
"2(5H)-Furanone, 4-(hydroxymethyl)",Durapan,-1
"2(5H)-Furanone, 4-(hydroxymethyl)","Hymexazole, tert-butyldimethylsilyl ether",-1
"2(5H)-Furanone, 4-(hydroxymethyl)",Iminodiacetic acid,1
"2(5H)-Furanone, 4-(hydroxymethyl)",Isobutanol,1
"2(5H)-Furanone, 4-(hydroxymethyl)","Kojic acid, bis(tert-butyldimethylsilyl) ether",-1
"2(5H)-Furanone, 4-(hydroxymethyl)",Methanesulfonic acid,-1
"2(5H)-Furanone, 4-(hydroxymethyl)",Methylthiouracil,-1
"2(5H)-Furanone, 4-(hydroxymethyl)",Pinosylvin,-1
"2(5H)-Furanone, 4-(hydroxymethyl)",Suberic acid,1
"2-(Ethylamino)ethanol, N-acetyl","4-[2-(4,7-Dimethoxy-2H-1,3-benzodioxol-5-yl)ethenyl]-2-methoxyphenol",1
"2-(Ethylamino)ethanol, N-acetyl","5-Chlorovaleric acid, nonyl ester",1
"2-(Ethylamino)ethanol, N-acetyl",Benzyl alcohol,1
"2-(Ethylamino)ethanol, N-acetyl",Butyric Acid,1
"2-(Ethylamino)ethanol, N-acetyl",Dodecanoic acid,1
"2-(Ethylamino)ethanol, N-acetyl",Formamide,1
"2-(Ethylamino)ethanol, N-acetyl",Hexanoic acid,1
"2-(Ethylamino)ethanol, N-acetyl",Isonicotinic Acid,1
"2-(Ethylamino)ethanol, N-acetyl",Ketamine,1
"2-(Ethylamino)ethanol, N-acetyl",Lignoceric acid,1
"2-(Ethylamino)ethanol, N-acetyl",Phenoxyethanol,1
2-(Methylamino)ethanol,"Benzene, 1,4-dimethoxy",1
2-(Methylamino)ethanol,Isonicotinic Acid,1
2-(Methylamino)ethanol,L-Leucine,1
2-(Methylamino)ethanol,N-Isobutyrylglycine,-1
"2,2'-Bipyridine",2-Butoxyethanol,1
"2,2'-Bipyridine",2-Decanol,1
"2,2'-Bipyridine",2-Hydroxy-3-methylbutyric acid,1
"2,2'-Bipyridine","2-Methyl-1,3-butanediol",1
"2,2'-Bipyridine",2-Pentadecanone,1
"2,2'-Bipyridine","3,4-Methylenedioxyamphetamine",1
"2,2'-Bipyridine",4-Oxohexanoic acid,1
"2,2'-Bipyridine","5-Nonanol, tert-butyldimethylsilyl ether",1
"2,2'-Bipyridine","6-Methoxy-1-methyl-1,2,3,4-tetrahydroisoquinolin-7-ol ",-1
"2,2'-Bipyridine",6-Oxoheptanoic acid,1
"2,2'-Bipyridine",Adenine,1
"2,2'-Bipyridine","Benzenesulfonamide, N-butyl",1
"2,2'-Bipyridine",Butachlor ESA,1
"2,2'-Bipyridine","Dodecanoic acid, 1-methylethyl ester",1
"2,2'-Bipyridine","D-Streptamine, O-6-amino-6-deoxy-alpha-D-glucopyranosyl-(1-4)-O-(3-deoxy-4-C-methyl-3-(methylamino)-beta-L-arabinopyranosyl-(1-6))-2-deoxy-",1
"2,2'-Bipyridine",Frangulin,1
"2,2'-Bipyridine",Glycine,1
"2,2'-Bipyridine","Glycine, tert.-butyldimethylsilyl ester",1
"2,2'-Bipyridine",Hexacosanoic acid,1
"2,2'-Bipyridine",Isopropyl palmitate,1
"2,2'-Bipyridine",L-Alanine,1
"2,2'-Bipyridine",L-Glutamine,1
"2,2'-Bipyridine",L-Leucine,1
"2,2'-Bipyridine","l-Norvaline, n-propargyloxycarbonyl-, isohexyl ester",-1
"2,2'-Bipyridine",Mevalonolactone,-1
"2,2'-Bipyridine",Niacin,1
"2,2'-Bipyridine",Norketamine,1
"2,2'-Bipyridine",Octanoic acid,1
"2,2'-Bipyridine",Suberic acid,1
"2,2'-Bipyridine",Triethyl citrate,1
"2,2'-Bipyridine",Vanillylmandelic acid,1
"2,2'-Bipyridine",Yangonin,1
"2,3-Butanediol, O-(trimethylsilyl)-, monoacetate",Benzenepropanoic acid,1
"2,3-Butanediol, O-(trimethylsilyl)-, monoacetate",Glycolic acid,1
"2,3-Butanediol, O-(trimethylsilyl)-, monoacetate",Guanosine,-1
"2,3-Butanediol, O-(trimethylsilyl)-, monoacetate",Hydracrylic acid,1
"2,3-Butanediol, O-(trimethylsilyl)-, monoacetate","Phenol, 2,4-bis(1-methyl-1-phenylethyl)-",1
"2,3-Dihydroxybutanoic acid","2,5-Bis((tert-butyldimethylsilyl)oxy)-4,4-dimethyl-4H-imidazole",-1
"2,3-Dihydroxybutanoic acid",Glycerol,-1
"2,3-Dihydroxybutanoic acid",Mevalonolactone,1
"2,3-Dihydroxybutanoic acid",N-Acetylaminoethanol,1
"2,3-Dihydroxybutanoic acid",Phenol,1
"2,4,4'-Trihydroxybenzophenone","2,4-Imidazolidinedione, 5,5-dimethyl",1
"2,4,4'-Trihydroxybenzophenone",2-Decanol,1
"2,4,4'-Trihydroxybenzophenone",2-Methyl-3-pentanol,1
"2,4,4'-Trihydroxybenzophenone",3-Amino-5-methylisoxazole,1
"2,4,4'-Trihydroxybenzophenone",3-Aminobenzoic acid,1
"2,4,4'-Trihydroxybenzophenone",6-Methyluracil,1
"2,4,4'-Trihydroxybenzophenone",Adenine,1
"2,4,4'-Trihydroxybenzophenone",Crotonic acid,1
"2,4,4'-Trihydroxybenzophenone",Curcumin,1
"2,4,4'-Trihydroxybenzophenone","Kojic acid, bis(tert-butyldimethylsilyl) ether",1
"2,4,4'-Trihydroxybenzophenone",Leucylglycine,-1
"2,4,4'-Trihydroxybenzophenone",L-Tyrosine,1
"2,4,4'-Trihydroxybenzophenone",Methanesulfonic acid,1
"2,4,4'-Trihydroxybenzophenone",Xylazine,1
"2,4,4'-Trihydroxybenzophenone",Yangonin,1
"2,4,6-Cycloheptatrien-1-one","2-Cyclohexen-1-one, 3-methyl-6-(1-methylethyl)",1
"2,4,6-Cycloheptatrien-1-one",Isobutanol,-1
"2,4-Di-tert-butylphenol",2-Amino-4-methylbenzophenone,-1
"2,4-Di-tert-butylphenol","2-Methyl-1,3-butanediol",1
"2,4-Di-tert-butylphenol",Azelaic acid,1
"2,4-Di-tert-butylphenol",Benzyl alcohol,1
"2,4-Di-tert-butylphenol",Hypoxanthine,1
"2,4-Di-tert-butylphenol",Lignoceric acid,1
"2,4-Di-tert-butylphenol",L-Valine,1
"2,4-Di-tert-butylphenol",Myristic acid,1
"2,4-Di-tert-butylphenol",Oleamide,1
"2,4-Di-tert-butylphenol",Pentanedioic acid,1
"2,4-Di-tert-butylphenol",Pipecolic acid,1
"2,4-Imidazolidinedione, 5,5-dimethyl","2,5-Bis((tert-butyldimethylsilyl)oxy)-4,4-dimethyl-4H-imidazole",1
"2,4-Imidazolidinedione, 5,5-dimethyl","2,5-Dimethoxybenzhydrazide",-1
"2,4-Imidazolidinedione, 5,5-dimethyl","2',5'-Dimethoxypropiophenone",-1
"2,4-Imidazolidinedione, 5,5-dimethyl",2-Amino-4-methylbenzophenone,-1
"2,4-Imidazolidinedione, 5,5-dimethyl",3-Amino-5-methylisoxazole,1
"2,4-Imidazolidinedione, 5,5-dimethyl",3-Aminobenzoic acid,1
"2,4-Imidazolidinedione, 5,5-dimethyl",6-Methyluracil,1
"2,4-Imidazolidinedione, 5,5-dimethyl",Adenine,1
"2,4-Imidazolidinedione, 5,5-dimethyl",Cholesterol,1
"2,4-Imidazolidinedione, 5,5-dimethyl",Crotonic acid,1
"2,4-Imidazolidinedione, 5,5-dimethyl",Cyclooctylamine,-1
"2,4-Imidazolidinedione, 5,5-dimethyl",Durapan,1
"2,4-Imidazolidinedione, 5,5-dimethyl",Heptylamine,1
"2,4-Imidazolidinedione, 5,5-dimethyl","Hymexazole, tert-butyldimethylsilyl ether",1
"2,4-Imidazolidinedione, 5,5-dimethyl",Hypoxanthine,1
"2,4-Imidazolidinedione, 5,5-dimethyl",Isobutanol,-1
"2,4-Imidazolidinedione, 5,5-dimethyl",Ketamine,1
"2,4-Imidazolidinedione, 5,5-dimethyl","Kojic acid, bis(tert-butyldimethylsilyl) ether",1
"2,4-Imidazolidinedione, 5,5-dimethyl",Malic acid,1
"2,4-Imidazolidinedione, 5,5-dimethyl",Methanesulfonic acid,1
"2,4-Imidazolidinedione, 5,5-dimethyl",Methylthiouracil,1
"2,4-Imidazolidinedione, 5,5-dimethyl",N-Ethyldiethanolamine,1
"2,4-Imidazolidinedione, 5,5-dimethyl",Phenoxyethanol,1
"2,4-Imidazolidinedione, 5,5-dimethyl",Pinosylvin,1
"2,4-Imidazolidinedione, 5,5-dimethyl",Vanillylmandelic acid,1
"2,4-Imidazolidinedione, 5,5-dimethyl",Xylazine,1
"2,5-Bis((tert-butyldimethylsilyl)oxy)-4,4-dimethyl-4H-imidazole","2,5-Dimethoxybenzhydrazide",-1
"2,5-Bis((tert-butyldimethylsilyl)oxy)-4,4-dimethyl-4H-imidazole","2,5-Dimethoxybenzonitrile",-1
"2,5-Bis((tert-butyldimethylsilyl)oxy)-4,4-dimethyl-4H-imidazole","2,5-Dimethoxyphenol",-1
"2,5-Bis((tert-butyldimethylsilyl)oxy)-4,4-dimethyl-4H-imidazole","2',5'-Dimethoxypropiophenone",-1
"2,5-Bis((tert-butyldimethylsilyl)oxy)-4,4-dimethyl-4H-imidazole","2-Butenoic acid, 3-[(tert-butyldimethylsilyl)oxy]",-1
"2,5-Bis((tert-butyldimethylsilyl)oxy)-4,4-dimethyl-4H-imidazole","2-Cyclohexen-1-one, 3-methyl-",-1
"2,5-Bis((tert-butyldimethylsilyl)oxy)-4,4-dimethyl-4H-imidazole",2-Methyl-3-pentanol,-1
"2,5-Bis((tert-butyldimethylsilyl)oxy)-4,4-dimethyl-4H-imidazole","3-(4,7-Dimethoxy-2H-1,3-benzodioxol-5-yl)-2-methylprop-2-enal",-1
"2,5-Bis((tert-butyldimethylsilyl)oxy)-4,4-dimethyl-4H-imidazole",3-Aminobenzoic acid,1
"2,5-Bis((tert-butyldimethylsilyl)oxy)-4,4-dimethyl-4H-imidazole","6-Methoxy-1-methyl-1,2,3,4-tetrahydroisoquinolin-7-ol ",-1
"2,5-Bis((tert-butyldimethylsilyl)oxy)-4,4-dimethyl-4H-imidazole",6-Methyluracil,1
"2,5-Bis((tert-butyldimethylsilyl)oxy)-4,4-dimethyl-4H-imidazole","Benzene, 1,4-dimethoxy",-1
"2,5-Bis((tert-butyldimethylsilyl)oxy)-4,4-dimethyl-4H-imidazole","Cyclohexanone, 3,3,5-trimethyl",-1
"2,5-Bis((tert-butyldimethylsilyl)oxy)-4,4-dimethyl-4H-imidazole",Cyclooctylamine,-1
"2,5-Bis((tert-butyldimethylsilyl)oxy)-4,4-dimethyl-4H-imidazole",Diethylamine,-1
"2,5-Bis((tert-butyldimethylsilyl)oxy)-4,4-dimethyl-4H-imidazole",DL-Glyceraldehyde,-1
"2,5-Bis((tert-butyldimethylsilyl)oxy)-4,4-dimethyl-4H-imidazole",Durapan,1
"2,5-Bis((tert-butyldimethylsilyl)oxy)-4,4-dimethyl-4H-imidazole","Hymexazole, tert-butyldimethylsilyl ether",1
"2,5-Bis((tert-butyldimethylsilyl)oxy)-4,4-dimethyl-4H-imidazole",Isobutanol,-1
"2,5-Bis((tert-butyldimethylsilyl)oxy)-4,4-dimethyl-4H-imidazole",Ketamine,1
"2,5-Bis((tert-butyldimethylsilyl)oxy)-4,4-dimethyl-4H-imidazole","Kojic acid, bis(tert-butyldimethylsilyl) ether",1
"2,5-Bis((tert-butyldimethylsilyl)oxy)-4,4-dimethyl-4H-imidazole",Malic acid,1
"2,5-Bis((tert-butyldimethylsilyl)oxy)-4,4-dimethyl-4H-imidazole",Methanesulfonic acid,1
"2,5-Bis((tert-butyldimethylsilyl)oxy)-4,4-dimethyl-4H-imidazole",Methylthiouracil,1
"2,5-Bis((tert-butyldimethylsilyl)oxy)-4,4-dimethyl-4H-imidazole",N-Acetylaminoethanol,-1
"2,5-Bis((tert-butyldimethylsilyl)oxy)-4,4-dimethyl-4H-imidazole",Pinosylvin,1
"2,5-Bis((tert-butyldimethylsilyl)oxy)-4,4-dimethyl-4H-imidazole",Trimethylolpropane,-1
"2,5-Dimethoxybenzhydrazide","2,5-Dimethoxybenzonitrile",1
"2,5-Dimethoxybenzhydrazide","2,5-Dimethoxyphenol",1
"2,5-Dimethoxybenzhydrazide","2',5'-Dimethoxypropiophenone",1
"2,5-Dimethoxybenzhydrazide",2-Amino-4-methylbenzophenone,1
"2,5-Dimethoxybenzhydrazide","2-Butenoic acid, 3-[(tert-butyldimethylsilyl)oxy]",1
"2,5-Dimethoxybenzhydrazide","2-Cyclohexen-1-one, 3-methyl-",1
"2,5-Dimethoxybenzhydrazide","3-(4,7-Dimethoxy-2H-1,3-benzodioxol-5-yl)-2-methylprop-2-enal",1
"2,5-Dimethoxybenzhydrazide","6-Methoxy-1-methyl-1,2,3,4-tetrahydroisoquinolin-7-ol ",1
"2,5-Dimethoxybenzhydrazide",6-Methyluracil,-1
"2,5-Dimethoxybenzhydrazide",Benzyl alcohol,-1
"2,5-Dimethoxybenzhydrazide",Biphenyl,-1
"2,5-Dimethoxybenzhydrazide",Butanedioic acid,1
"2,5-Dimethoxybenzhydrazide",Cholesterol,-1
"2,5-Dimethoxybenzhydrazide","Cyclohexanone, 3,3,5-trimethyl",1
"2,5-Dimethoxybenzhydrazide",Cyclooctylamine,1
"2,5-Dimethoxybenzhydrazide",Diethylamine,1
"2,5-Dimethoxybenzhydrazide",Durapan,-1
"2,5-Dimethoxybenzhydrazide","Erythrono-1,4-lactone",1
"2,5-Dimethoxybenzhydrazide",Hydracrylic acid,1
"2,5-Dimethoxybenzhydrazide","Hymexazole, tert-butyldimethylsilyl ether",-1
"2,5-Dimethoxybenzhydrazide",Isobutanol,1
"2,5-Dimethoxybenzhydrazide",Ketamine,-1
"2,5-Dimethoxybenzhydrazide","Kojic acid, bis(tert-butyldimethylsilyl) ether",-1
"2,5-Dimethoxybenzhydrazide",Malic acid,-1
"2,5-Dimethoxybenzhydrazide",Methanesulfonic acid,-1
"2,5-Dimethoxybenzhydrazide",Methylthiouracil,-1
"2,5-Dimethoxybenzhydrazide",Mevalonolactone,1
"2,5-Dimethoxybenzhydrazide",Pinosylvin,-1
"2,5-Dimethoxybenzhydrazide",Trimethylolpropane,1
"2,5-Dimethoxybenzhydrazide",Uracil,-1
"2,5-Dimethoxybenzonitrile","2,5-Dimethoxyphenol",1
"2,5-Dimethoxybenzonitrile","2',5'-Dimethoxypropiophenone",1
"2,5-Dimethoxybenzonitrile",2-Methyl-3-pentanol,1
"2,5-Dimethoxybenzonitrile","3-(4,7-Dimethoxy-2H-1,3-benzodioxol-5-yl)-2-methylprop-2-enal",1
"2,5-Dimethoxybenzonitrile",alpha-Hydroxyisobutyric acid,1
"2,5-Dimethoxybenzonitrile","Benzene, 1,4-dimethoxy",1
"2,5-Dimethoxybenzonitrile",Cholesterol,-1
"2,5-Dimethoxybenzonitrile","Cyclohexanone, 3,3,5-trimethyl",1
"2,5-Dimethoxybenzonitrile",Cyclooctylamine,1
"2,5-Dimethoxybenzonitrile",Diethylamine,1
"2,5-Dimethoxybenzonitrile",Guanosine,-1
"2,5-Dimethoxybenzonitrile","Hymexazole, tert-butyldimethylsilyl ether",-1
"2,5-Dimethoxybenzonitrile",Methylthiouracil,-1
"2,5-Dimethoxybenzonitrile","N,N-Dimethyl-2-aminoethanol",-1
"2,5-Dimethoxybenzonitrile",Trimethylolpropane,1
"2,5-Dimethoxyphenol","2',5'-Dimethoxypropiophenone",1
"2,5-Dimethoxyphenol","3-(4,7-Dimethoxy-2H-1,3-benzodioxol-5-yl)-2-methylprop-2-enal",1
"2,5-Dimethoxyphenol","3,4-Methylenedioxyamphetamine",-1
"2,5-Dimethoxyphenol",3-Heptanol,-1
"2,5-Dimethoxyphenol","6-Methoxy-1-methyl-1,2,3,4-tetrahydroisoquinolin-7-ol ",1
"2,5-Dimethoxyphenol",Benzyl alcohol,-1
"2,5-Dimethoxyphenol",Cholesterol,-1
"2,5-Dimethoxyphenol","Cyclohexanone, 3,3,5-trimethyl",1
"2,5-Dimethoxyphenol",Cyclooctylamine,1
"2,5-Dimethoxyphenol",Diethylamine,1
"2,5-Dimethoxyphenol","Hymexazole, tert-butyldimethylsilyl ether",-1
"2,5-Dimethoxyphenol",Ketamine,-1
"2,5-Dimethoxyphenol",Malic acid,-1
"2,5-Dimethoxyphenol",Mevalonolactone,1
"2,5-Dimethoxyphenol","N,N-Dimethyl-2-aminoethanol",-1
"2,5-Dimethoxyphenol",Phenol,1
"2,5-Dimethoxyphenol",Trimethylolpropane,1
"2,5-Dimethoxyphenol",Uracil,-1
"2',5'-Dimethoxypropiophenone",2-Amino-4-methylbenzophenone,1
"2',5'-Dimethoxypropiophenone","2-Cyclohexen-1-one, 3-methyl-",1
"2',5'-Dimethoxypropiophenone",2-Methyl-3-pentanol,1
"2',5'-Dimethoxypropiophenone","6-Methoxy-1-methyl-1,2,3,4-tetrahydroisoquinolin-7-ol ",1
"2',5'-Dimethoxypropiophenone",6-Methyluracil,-1
"2',5'-Dimethoxypropiophenone",Aceturic acid,1
"2',5'-Dimethoxypropiophenone",Cholesterol,-1
"2',5'-Dimethoxypropiophenone","Cyclohexanone, 3,3,5-trimethyl",1
"2',5'-Dimethoxypropiophenone",Cyclooctylamine,1
"2',5'-Dimethoxypropiophenone",Diethylamine,1
"2',5'-Dimethoxypropiophenone",Durapan,-1
"2',5'-Dimethoxypropiophenone","Erythrono-1,4-lactone",1
"2',5'-Dimethoxypropiophenone",Guanosine,-1
"2',5'-Dimethoxypropiophenone",Hydracrylic acid,1
"2',5'-Dimethoxypropiophenone","Hymexazole, tert-butyldimethylsilyl ether",-1
"2',5'-Dimethoxypropiophenone","Kojic acid, bis(tert-butyldimethylsilyl) ether",-1
"2',5'-Dimethoxypropiophenone",Malic acid,-1
"2',5'-Dimethoxypropiophenone",Methanesulfonic acid,-1
"2',5'-Dimethoxypropiophenone",Methylthiouracil,-1
"2',5'-Dimethoxypropiophenone","N,N-Dimethyl-2-aminoethanol",-1
"2',5'-Dimethoxypropiophenone",Palmitic Acid,-1
"2',5'-Dimethoxypropiophenone",Pinosylvin,-1
"2',5'-Dimethoxypropiophenone",Trimethylolpropane,1
"2,6-di-tert-Butyl-4-(dimethylaminomethyl)phenol",2-Ethylhexanoic acid,1
"2,6-di-tert-Butyl-4-(dimethylaminomethyl)phenol","2-Methyl-1,3-butanediol",1
"2,6-di-tert-Butyl-4-(dimethylaminomethyl)phenol",4-Aminobutanoic acid,1
"2,6-di-tert-Butyl-4-(dimethylaminomethyl)phenol",Biphenyl,1
"2,6-di-tert-Butyl-4-(dimethylaminomethyl)phenol",L-Lysine,1
"2-Allyl-1,4-dimethoxybenzene",2-Pyrrolidone-5-carboxylic acid,1
"2-Allyl-1,4-dimethoxybenzene",4-Oxohexanoic acid,1
"2-Allyl-1,4-dimethoxybenzene",8-Methylnonanoic acid,1
"2-Allyl-1,4-dimethoxybenzene",Butanedioic acid,1
"2-Allyl-1,4-dimethoxybenzene",Formamide,1
"2-Allyl-1,4-dimethoxybenzene",Glycolic acid,1
"2-Allyl-1,4-dimethoxybenzene",Heptanoic acid,1
"2-Allyl-1,4-dimethoxybenzene",Hexanoic acid,1
"2-Allyl-1,4-dimethoxybenzene","Phenol, 2,4-bis(1-methyl-1-phenylethyl)-",1
"2-Allyl-1,4-dimethoxybenzene",Picolinic acid,1
2-Amino-4-methylbenzophenone,2-Decanol,-1
2-Amino-4-methylbenzophenone,"2-Methyl-1,3-butanediol",-1
2-Amino-4-methylbenzophenone,"3-(4,7-Dimethoxy-2H-1,3-benzodioxol-5-yl)-2-methylprop-2-enal",1
2-Amino-4-methylbenzophenone,6-Methyluracil,-1
2-Amino-4-methylbenzophenone,Benzyl alcohol,-1
2-Amino-4-methylbenzophenone,Biphenyl,-1
2-Amino-4-methylbenzophenone,Cyclooctylamine,1
2-Amino-4-methylbenzophenone,Formamide,-1
2-Amino-4-methylbenzophenone,Heptylamine,-1
2-Amino-4-methylbenzophenone,"Hymexazole, tert-butyldimethylsilyl ether",-1
2-Amino-4-methylbenzophenone,Isobutanol,1
2-Amino-4-methylbenzophenone,"Kojic acid, bis(tert-butyldimethylsilyl) ether",-1
2-Amino-4-methylbenzophenone,Malic acid,-1
2-Amino-4-methylbenzophenone,Methylthiouracil,-1
2-Amino-4-methylbenzophenone,Oleamide,-1
2-Butenedioic acid,Cyclobutylamine,1
2-Butenedioic acid,L-Glutamic acid,-1
2-Butenedioic acid,L-Valine,-1
"2-Butenoic acid, 3-[(tert-butyldimethylsilyl)oxy]",2-Methyl-3-pentanol,1
"2-Butenoic acid, 3-[(tert-butyldimethylsilyl)oxy]",2-Naphthol,-1
"2-Butenoic acid, 3-[(tert-butyldimethylsilyl)oxy]","6-Methoxy-1-methyl-1,2,3,4-tetrahydroisoquinolin-7-ol ",1
"2-Butenoic acid, 3-[(tert-butyldimethylsilyl)oxy]","Cyclopentaneacetic acid, 3-oxo-2-pentyl-, methyl ester",-1
"2-Butenoic acid, 3-[(tert-butyldimethylsilyl)oxy]",Diacetyl monoxime,-1
"2-Butenoic acid, 3-[(tert-butyldimethylsilyl)oxy]",Durapan,-1
"2-Butenoic acid, 3-[(tert-butyldimethylsilyl)oxy]",Heptylamine,-1
"2-Butenoic acid, 3-[(tert-butyldimethylsilyl)oxy]",Hexacosanoic acid,-1
"2-Butenoic acid, 3-[(tert-butyldimethylsilyl)oxy]",L-Tryptophan,-1
"2-Butenoic acid, 3-[(tert-butyldimethylsilyl)oxy]",Methanesulfonic acid,-1
"2-Butenoic acid, 3-[(tert-butyldimethylsilyl)oxy]",Methylthiouracil,-1
"2-Butenoic acid, 3-[(tert-butyldimethylsilyl)oxy]",N-Acetylaminoethanol,1
"2-Butenoic acid, 3-[(tert-butyldimethylsilyl)oxy]",Picolinic acid,1
"2-Butenoic acid, 3-[(tert-butyldimethylsilyl)oxy]",Pinosylvin,-1
"2-Butenoic acid, 3-[(tert-butyldimethylsilyl)oxy]",Stearic acid,-1
"2-Butenoic acid, 3-[(tert-butyldimethylsilyl)oxy]",Triethyl citrate,-1
"2-Butenoic acid, 3-[(tert-butyldimethylsilyl)oxy]",Trimethylolpropane,1
2-Butoxyethanol,2-Decanol,1
2-Butoxyethanol,2-Hydroxy-3-methylbutyric acid,1
2-Butoxyethanol,2-Methyl-3-pentanol,1
2-Butoxyethanol,2-Pentadecanone,1
2-Butoxyethanol,"3,4-Methylenedioxyamphetamine",1
2-Butoxyethanol,"5-Nonanol, tert-butyldimethylsilyl ether",1
2-Butoxyethanol,6-Oxoheptanoic acid,1
2-Butoxyethanol,8-Methylnonanoic acid,1
2-Butoxyethanol,Adenine,1
2-Butoxyethanol,"Benzenesulfonamide, N-butyl",1
2-Butoxyethanol,Benzophenone,1
2-Butoxyethanol,Butachlor ESA,1
2-Butoxyethanol,"Dodecanoic acid, 1-methylethyl ester",1
2-Butoxyethanol,"D-Streptamine, O-6-amino-6-deoxy-alpha-D-glucopyranosyl-(1-4)-O-(3-deoxy-4-C-methyl-3-(methylamino)-beta-L-arabinopyranosyl-(1-6))-2-deoxy-",1
2-Butoxyethanol,Frangulin,1
2-Butoxyethanol,Glycerol,1
2-Butoxyethanol,Hexacosanoic acid,1
2-Butoxyethanol,Iminodiacetic acid,1
2-Butoxyethanol,Isopropyl palmitate,1
2-Butoxyethanol,L-Alanine,1
2-Butoxyethanol,L-Glutamine,1
2-Butoxyethanol,"l-Norvaline, n-propargyloxycarbonyl-, isohexyl ester",-1
2-Butoxyethanol,L-Tyrosine,1
2-Butoxyethanol,L-Valine,1
2-Butoxyethanol,"Naringenin 4',7-dimethylether",1
2-Butoxyethanol,N-Caffeoyl-O-methyltyramine,1
2-Butoxyethanol,Niacin,1
2-Butoxyethanol,Norketamine,1
2-Butoxyethanol,Pentanedioic acid,1
2-Butoxyethanol,Suberic acid,1
2-Butoxyethanol,Thymol,1
2-Butoxyethanol,Triethyl citrate,1
2-Butoxyethanol,Yangonin,1
"2-Cyclohexen-1-one, 3-methyl-6-(1-methylethyl)","5-Ethyl-1,3-dioxane-5-methanol, tert-butyldimethylsilyl ether",1
"2-Cyclohexen-1-one, 3-methyl-6-(1-methylethyl)",Cyclobutylamine,-1
"2-Cyclohexen-1-one, 3-methyl-",2-Methyl-3-pentanol,1
"2-Cyclohexen-1-one, 3-methyl-",2-Pyrrolidone-5-carboxylic acid,1
"2-Cyclohexen-1-one, 3-methyl-",alpha-Hydroxyisobutyric acid,1
"2-Cyclohexen-1-one, 3-methyl-",Butanedioic acid,1
"2-Cyclohexen-1-one, 3-methyl-",Hydracrylic acid,1
"2-Cyclohexen-1-one, 3-methyl-",N-Acetylaspartic acid,1
"2-Cyclohexen-1-one, 3-methyl-",Trimethylolpropane,1
2-Decanol,"2'-Hydroxy-2,4,4',5-tetramethoxychalcone",1
2-Decanol,"2-Methylcyclohexanol, (Z)",1
2-Decanol,2-Naphthol,1
2-Decanol,2-Pentadecanone,1
2-Decanol,3-Buten-2-one,1
2-Decanol,"4-[2-(4,7-Dimethoxy-2H-1,3-benzodioxol-5-yl)ethenyl]-2-methoxyphenol",1
2-Decanol,"5-Nonanol, tert-butyldimethylsilyl ether",1
2-Decanol,"6,7,4'-Trihydroxyisoflavone",1
2-Decanol,"6-Aminocaproic acid, N-(tert.-butyldimethylsilyl)",1
2-Decanol,"6-Methoxy-1-methyl-1,2,3,4-tetrahydroisoquinolin-7-ol ",-1
2-Decanol,6-Methyluracil,1
2-Decanol,6-Oxoheptanoic acid,1
2-Decanol,Adenine,1
2-Decanol,Azelaic acid,1
2-Decanol,"Benzenesulfonamide, N-butyl",1
2-Decanol,Benzyl alcohol,1
2-Decanol,Biphenyl,1
2-Decanol,Butachlor ESA,1
2-Decanol,Curcumin,1
2-Decanol,"Cytosine, N-(tert-butyldimethylsilyl)-",1
2-Decanol,Diacetyl monoxime,1
2-Decanol,DL-Glyceraldehyde,-1
2-Decanol,"Dodecanoic acid, 1-methylethyl ester",1
2-Decanol,Durapan,1
2-Decanol,Glycine,1
2-Decanol,Heptylamine,1
2-Decanol,Hexacosanoic acid,1
2-Decanol,"Hymexazole, tert-butyldimethylsilyl ether",1
2-Decanol,Isopropyl palmitate,1
2-Decanol,"Kojic acid, bis(tert-butyldimethylsilyl) ether",1
2-Decanol,L-Alanine,1
2-Decanol,L-Glutamine,1
2-Decanol,Lignoceric acid,1
2-Decanol,L-Leucine,1
2-Decanol,"l-Norvaline, n-propargyloxycarbonyl-, isohexyl ester",-1
2-Decanol,L-Tryptophan,1
2-Decanol,Malic acid,1
2-Decanol,Methanesulfonic acid,1
2-Decanol,m-Toluic acid,1
2-Decanol,Niacin,1
2-Decanol,Norketamine,1
2-Decanol,Octanoic acid,1
2-Decanol,Propylene glycol,1
2-Decanol,Tetrahydro-solasodine triacetate,1
2-Decanol,Vanillylmandelic acid,1
2-Decanol,Xylazine,1
2-Decanol,Yangonin,1
2-Ethyl-1-butanol,5-Azacytosine,1
2-Ethyl-1-butanol,8-Methylnonanoic acid,1
2-Ethyl-1-butanol,Aniline,1
2-Ethyl-1-butanol,DL-Glyceraldehyde,1
2-Ethyl-1-butanol,DL-p-Hydroxyphenyllactic acid,1
2-Ethyl-1-butanol,Glycerol,1
2-Ethyl-1-butanol,Heptanoic acid,1
2-Ethyl-1-butanol,Hydracrylic acid,1
2-Ethyl-1-butanol,Lactic acid,-1
2-Ethyl-1-butanol,L-Valine,1
2-Ethyl-1-butanol,Methyl lactate,1
2-Ethyl-1-butanol,"Propanoic acid, 3-[(tert-butyldimethylsilyl)oxy]-2-methyl-",1
2-Ethyl-1-butanol,Synephrine,1
2-Ethylhexanoic acid,4-Aminobutanoic acid,1
2-Ethylhexanoic acid,4-Methoxyphenol,-1
2-Ethylhexanoic acid,Benzyl alcohol,1
2-Ethylhexanoic acid,Biphenyl,1
2-Ethylhexanoic acid,Butyric Acid,1
2-Ethylhexanoic acid,Hexanoic acid,1
2-Ethylhexanoic acid,Hypoxanthine,1
2-Ethylhexanoic acid,Isobutanol,-1
2-Ethylhexanoic acid,Ketamine,1
2-Ethylhexanoic acid,Malic acid,1
2-Ethylhexanoic acid,N-Acetylaspartic acid,1
2-Ethylhexanoic acid,Pentanoic acid,1
2-Ethylhexanoic acid,Urea,1
2-Furoic acid,2-Hydroxy-3-methylbutyric acid,1
2-Furoic acid,"2-Methylcyclohexanol, (Z)",1
2-Furoic acid,2-Naphthol,1
2-Furoic acid,"3,5-Dimethylphenol",1
2-Furoic acid,3-Buten-2-one,1
2-Furoic acid,5-Hydroxy-7-methoxy-2-methyl-3-phenyl-4-chromenone,-1
2-Furoic acid,Benzophenone,1
2-Furoic acid,Butachlor ESA,1
2-Furoic acid,DL-p-Hydroxyphenyllactic acid,1
2-Furoic acid,Heptanoic acid,1
2-Furoic acid,Isopropylamine,-1
2-Furoic acid,Lignoceric acid,1
2-Furoic acid,"l-Norvaline, n-propargyloxycarbonyl-, isohexyl ester",-1
2-Furoic acid,N-Acetyl-L-alanine,1
2-Furoic acid,N-Methyl-1-[(trimethylsilyl)oxy]-1-{4-[(trimethylsilyl)oxy]phenyl}propan-2-amine,1
2-Furoic acid,Salsoline,1
2-Furoic acid,Stearic acid,1
2-Furoic acid,Suberic acid,1
2-Furoic acid,Vanillylmandelic acid,1
2-Hexanol,3-Aminobenzoic acid,-1
2-Hexanol,Benzenepropanoic acid,1
2-Hexanol,Durapan,-1
2-Hexanol,Methanesulfonic acid,-1
2-Hexanol,Methylthiouracil,-1
"2'-Hydroxy-2,4,4',5-tetramethoxychalcone",2-Hydroxy-3-methylbutyric acid,1
"2'-Hydroxy-2,4,4',5-tetramethoxychalcone",2-Naphthol,1
"2'-Hydroxy-2,4,4',5-tetramethoxychalcone",2-Pentadecanone,1
"2'-Hydroxy-2,4,4',5-tetramethoxychalcone",5-Azacytosine,1
"2'-Hydroxy-2,4,4',5-tetramethoxychalcone","6-Aminocaproic acid, N-(tert.-butyldimethylsilyl)",1
"2'-Hydroxy-2,4,4',5-tetramethoxychalcone",Adenine,1
"2'-Hydroxy-2,4,4',5-tetramethoxychalcone",Benzophenone,1
"2'-Hydroxy-2,4,4',5-tetramethoxychalcone",Butachlor ESA,1
"2'-Hydroxy-2,4,4',5-tetramethoxychalcone",Curcumin,1
"2'-Hydroxy-2,4,4',5-tetramethoxychalcone","Cytosine, N-(tert-butyldimethylsilyl)-",1
"2'-Hydroxy-2,4,4',5-tetramethoxychalcone","Dodecanoic acid, 1-methylethyl ester",1
"2'-Hydroxy-2,4,4',5-tetramethoxychalcone","D-Streptamine, O-6-amino-6-deoxy-alpha-D-glucopyranosyl-(1-4)-O-(3-deoxy-4-C-methyl-3-(methylamino)-beta-L-arabinopyranosyl-(1-6))-2-deoxy-",1
"2'-Hydroxy-2,4,4',5-tetramethoxychalcone",Frangulin,1
"2'-Hydroxy-2,4,4',5-tetramethoxychalcone",Glycerol,1
"2'-Hydroxy-2,4,4',5-tetramethoxychalcone",Glycine,1
"2'-Hydroxy-2,4,4',5-tetramethoxychalcone","Glycine, tert.-butyldimethylsilyl ester",1
"2'-Hydroxy-2,4,4',5-tetramethoxychalcone",Hexacosanoic acid,1
"2'-Hydroxy-2,4,4',5-tetramethoxychalcone",Isopropyl palmitate,1
"2'-Hydroxy-2,4,4',5-tetramethoxychalcone",L-Glutamine,1
"2'-Hydroxy-2,4,4',5-tetramethoxychalcone",L-Leucine,1
"2'-Hydroxy-2,4,4',5-tetramethoxychalcone","l-Norvaline, n-propargyloxycarbonyl-, isohexyl ester",-1
"2'-Hydroxy-2,4,4',5-tetramethoxychalcone",L-Tryptophan,1
"2'-Hydroxy-2,4,4',5-tetramethoxychalcone",N-Caffeoyl-O-methyltyramine,1
"2'-Hydroxy-2,4,4',5-tetramethoxychalcone",N-Methyl-1-[(trimethylsilyl)oxy]-1-{4-[(trimethylsilyl)oxy]phenyl}propan-2-amine,1
"2'-Hydroxy-2,4,4',5-tetramethoxychalcone",Suberic acid,1
"2'-Hydroxy-2,4,4',5-tetramethoxychalcone",Tetrahydro-solasodine triacetate,1
"2'-Hydroxy-2,4,4',5-tetramethoxychalcone",Triethyl citrate,1
"2'-Hydroxy-2,4,4',5-tetramethoxychalcone",Vanillylmandelic acid,1
"2'-Hydroxy-2,4,4',5-tetramethoxychalcone",Yangonin,1
2-Hydroxy-3-methylbutyric acid,"2-Methyl-1,3-butanediol",1
2-Hydroxy-3-methylbutyric acid,"2-Methylcyclohexanol, (Z)",1
2-Hydroxy-3-methylbutyric acid,2-Pentadecanone,1
2-Hydroxy-3-methylbutyric acid,"3,5-Dimethylphenol",1
2-Hydroxy-3-methylbutyric acid,3-Buten-2-one,1
2-Hydroxy-3-methylbutyric acid,4-Oxohexanoic acid,1
2-Hydroxy-3-methylbutyric acid,5-Azacytosine,1
2-Hydroxy-3-methylbutyric acid,"5-Nonanol, tert-butyldimethylsilyl ether",1
2-Hydroxy-3-methylbutyric acid,8-Methylnonanoic acid,1
2-Hydroxy-3-methylbutyric acid,Adenine,1
2-Hydroxy-3-methylbutyric acid,alpha-Hydroxyisobutyric acid,1
2-Hydroxy-3-methylbutyric acid,"Benzenesulfonamide, N-butyl",1
2-Hydroxy-3-methylbutyric acid,Benzophenone,1
2-Hydroxy-3-methylbutyric acid,Butachlor ESA,1
2-Hydroxy-3-methylbutyric acid,Citramalic acid,1
2-Hydroxy-3-methylbutyric acid,"Cytosine, N-(tert-butyldimethylsilyl)-",1
2-Hydroxy-3-methylbutyric acid,DL-p-Hydroxyphenyllactic acid,1
2-Hydroxy-3-methylbutyric acid,"Dodecanoic acid, 1-methylethyl ester",1
2-Hydroxy-3-methylbutyric acid,"D-Streptamine, O-6-amino-6-deoxy-alpha-D-glucopyranosyl-(1-4)-O-(3-deoxy-4-C-methyl-3-(methylamino)-beta-L-arabinopyranosyl-(1-6))-2-deoxy-",1
2-Hydroxy-3-methylbutyric acid,Frangulin,1
2-Hydroxy-3-methylbutyric acid,"Glycine, tert.-butyldimethylsilyl ester",1
2-Hydroxy-3-methylbutyric acid,Iminodiacetic acid,1
2-Hydroxy-3-methylbutyric acid,Isopropyl palmitate,1
2-Hydroxy-3-methylbutyric acid,L-Alanine,1
2-Hydroxy-3-methylbutyric acid,L-Glutamine,1
2-Hydroxy-3-methylbutyric acid,Lignoceric acid,1
2-Hydroxy-3-methylbutyric acid,L-Tryptophan,1
2-Hydroxy-3-methylbutyric acid,L-Tyrosine,1
2-Hydroxy-3-methylbutyric acid,L-Valine,1
2-Hydroxy-3-methylbutyric acid,Myristic acid,1
2-Hydroxy-3-methylbutyric acid,N-Caffeoyl-O-methyltyramine,1
2-Hydroxy-3-methylbutyric acid,N-Methyl-1-[(trimethylsilyl)oxy]-1-{4-[(trimethylsilyl)oxy]phenyl}propan-2-amine,1
2-Hydroxy-3-methylbutyric acid,Norketamine,1
2-Hydroxy-3-methylbutyric acid,Pentanedioic acid,1
2-Hydroxy-3-methylbutyric acid,Pipecolic acid,1
2-Hydroxy-3-methylbutyric acid,Suberic acid,1
2-Hydroxy-3-methylbutyric acid,Yangonin,1
"2-Methyl-1,3-butanediol","3,4-Methylenedioxyamphetamine",1
"2-Methyl-1,3-butanediol",4-Aminobutanoic acid,1
"2-Methyl-1,3-butanediol",4-Oxohexanoic acid,1
"2-Methyl-1,3-butanediol",Biphenyl,1
"2-Methyl-1,3-butanediol","Glycine, tert.-butyldimethylsilyl ester",1
"2-Methyl-1,3-butanediol",Niacinamide,1
"2-Methyl-1,3-butanediol",Uracil,1
"2-Methyl-1,3-butanediol",Vanillylmandelic acid,1
2-Methyl-3-pentanol,2-Pentadecanone,1
2-Methyl-3-pentanol,"5-Nonanol, tert-butyldimethylsilyl ether",1
2-Methyl-3-pentanol,6-Oxoheptanoic acid,1
2-Methyl-3-pentanol,8-Methylnonanoic acid,1
2-Methyl-3-pentanol,Aniline,1
2-Methyl-3-pentanol,"Benzene, 1,4-dimethoxy",1
2-Methyl-3-pentanol,"Benzenesulfonamide, N-butyl",1
2-Methyl-3-pentanol,"Benzoic acid, methyl ester",1
2-Methyl-3-pentanol,Citramalic acid,1
2-Methyl-3-pentanol,Cycloheptanol,1
2-Methyl-3-pentanol,"Cyclohexanone, 3,3,5-trimethyl",1
2-Methyl-3-pentanol,Cyclooctylamine,1
2-Methyl-3-pentanol,"Cytosine, N-(tert-butyldimethylsilyl)-",1
2-Methyl-3-pentanol,Diethylamine,1
2-Methyl-3-pentanol,DL-p-Hydroxyphenyllactic acid,1
2-Methyl-3-pentanol,"Dodecanoic acid, 1-methylethyl ester",1
2-Methyl-3-pentanol,"D-Streptamine, O-6-amino-6-deoxy-alpha-D-glucopyranosyl-(1-4)-O-(3-deoxy-4-C-methyl-3-(methylamino)-beta-L-arabinopyranosyl-(1-6))-2-deoxy-",1
2-Methyl-3-pentanol,Iminodiacetic acid,1
2-Methyl-3-pentanol,Isopropyl palmitate,1
2-Methyl-3-pentanol,L-Glutamine,1
2-Methyl-3-pentanol,N-Acetyl-L-alanine,1
2-Methyl-3-pentanol,"Naringenin 4',7-dimethylether",1
2-Methyl-3-pentanol,N-Methyl-1-[(trimethylsilyl)oxy]-1-{4-[(trimethylsilyl)oxy]phenyl}propan-2-amine,1
2-Methyl-3-pentanol,N-Methylacetamide,1
2-Methyl-3-pentanol,Norketamine,1
2-Methyl-3-pentanol,Suberic acid,1
2-Methyl-3-pentanol,Triethyl citrate,1
2-Methyl-3-pentanol,Trimethylolpropane,1
"2-Methylcyclohexanol, (Z)","3,5-Dimethylphenol",1
"2-Methylcyclohexanol, (Z)",3-Buten-2-one,1
"2-Methylcyclohexanol, (Z)","5-Nonanol, tert-butyldimethylsilyl ether",1
"2-Methylcyclohexanol, (Z)","6,7,4'-Trihydroxyisoflavone",1
"2-Methylcyclohexanol, (Z)",Adenine,1
"2-Methylcyclohexanol, (Z)",alpha-Hydroxyisobutyric acid,1
"2-Methylcyclohexanol, (Z)","Benzenesulfonamide, N-butyl",1
"2-Methylcyclohexanol, (Z)",Butachlor ESA,1
"2-Methylcyclohexanol, (Z)",Diacetyl monoxime,1
"2-Methylcyclohexanol, (Z)",Hexacosanoic acid,1
"2-Methylcyclohexanol, (Z)",Lignoceric acid,1
"2-Methylcyclohexanol, (Z)","l-Norvaline, n-propargyloxycarbonyl-, isohexyl ester",-1
"2-Methylcyclohexanol, (Z)",Mevalonolactone,-1
"2-Methylcyclohexanol, (Z)",Myristic acid,1
"2-Methylcyclohexanol, (Z)",N-Acetyl-L-alanine,1
"2-Methylcyclohexanol, (Z)",N-Caffeoyl-O-methyltyramine,1
"2-Methylcyclohexanol, (Z)",Niacin,1
"2-Methylcyclohexanol, (Z)",Octanoic acid,1
"2-Methylcyclohexanol, (Z)",Pipecolic acid,1
"2-Methylcyclohexanol, (Z)",Propylene glycol,1
"2-Methylcyclohexanol, (Z)",Stearic acid,1
"2-Methylcyclohexanol, (Z)",Suberic acid,1
"2-Methylcyclohexanol, (Z)",Supraene,1
"2-Methylcyclohexanol, (Z)",Triethyl citrate,1
"2-Methylcyclohexanol, (Z)",Vanillylmandelic acid,1
"2-Methylcyclohexylamine, tert.-butyldimethylsilyl ether",Glycerol,1
"2-Methylcyclohexylamine, tert.-butyldimethylsilyl ether",N-Ethylamphetamine,-1
"2-Methylcyclohexylamine, tert.-butyldimethylsilyl ether","Propanoic acid, 3-[(tert-butyldimethylsilyl)oxy]-2-methyl-",1
"2-Methylcyclohexylamine, tert.-butyldimethylsilyl ether",Triethyl citrate,1
2-Naphthol,2-Propyl-1-pentanol,1
2-Naphthol,3-Buten-2-one,1
2-Naphthol,"6-Aminocaproic acid, N-(tert.-butyldimethylsilyl)",1
2-Naphthol,Adenine,1
2-Naphthol,Cycloheptanol,1
2-Naphthol,"Cytosine, N-(tert-butyldimethylsilyl)-",1
2-Naphthol,Diacetyl monoxime,1
2-Naphthol,Durapan,1
2-Naphthol,Heptylamine,1
2-Naphthol,Hexacosanoic acid,1
2-Naphthol,"l-Norvaline, n-propargyloxycarbonyl-, isohexyl ester",-1
2-Naphthol,L-Tryptophan,1
2-Naphthol,Methanesulfonic acid,1
2-Naphthol,N-Acetylaminoethanol,-1
2-Naphthol,N-Caffeoyl-O-methyltyramine,1
2-Naphthol,N-Methyl-1-[(trimethylsilyl)oxy]-1-{4-[(trimethylsilyl)oxy]phenyl}propan-2-amine,1
2-Naphthol,Picolinic acid,-1
2-Naphthol,Propylene glycol,1
2-Naphthol,Stearic acid,1
2-Naphthol,Tetrahydro-solasodine triacetate,1
2-Naphthol,Triethyl citrate,1
2-Pentadecanone,2-Propyl-1-pentanol,1
2-Pentadecanone,5-Azacytosine,1
2-Pentadecanone,"6-Aminocaproic acid, N-(tert.-butyldimethylsilyl)",1
2-Pentadecanone,Adenine,1
2-Pentadecanone,Azelaic acid,1
2-Pentadecanone,Benzophenone,1
2-Pentadecanone,Butachlor ESA,1
2-Pentadecanone,Curcumin,1
2-Pentadecanone,"Cytosine, N-(tert-butyldimethylsilyl)-",1
2-Pentadecanone,"Dodecanoic acid, 1-methylethyl ester",1
2-Pentadecanone,"D-Streptamine, O-6-amino-6-deoxy-alpha-D-glucopyranosyl-(1-4)-O-(3-deoxy-4-C-methyl-3-(methylamino)-beta-L-arabinopyranosyl-(1-6))-2-deoxy-",1
2-Pentadecanone,Frangulin,1
2-Pentadecanone,Glycerol,1
2-Pentadecanone,Glycine,1
2-Pentadecanone,Heptylamine,1
2-Pentadecanone,Hexacosanoic acid,1
2-Pentadecanone,Iminodiacetic acid,1
2-Pentadecanone,Isopropyl palmitate,1
2-Pentadecanone,L-Alanine,1
2-Pentadecanone,L-Glutamine,1
2-Pentadecanone,L-Leucine,1
2-Pentadecanone,L-Tryptophan,1
2-Pentadecanone,N-Caffeoyl-O-methyltyramine,1
2-Pentadecanone,Norketamine,1
2-Pentadecanone,"Propanoic acid, dimethyl(isopropyl)silyl ester",1
2-Pentadecanone,Suberic acid,1
2-Pentadecanone,Tetrahydro-solasodine triacetate,1
2-Pentadecanone,Triethyl citrate,1
2-Pentadecanone,Vanillylmandelic acid,1
2-Pentadecanone,Yangonin,1
2-Propyl-1-pentanol,Adenine,1
2-Propyl-1-pentanol,"Benzenesulfonamide, N-butyl",1
2-Propyl-1-pentanol,Curcumin,1
2-Propyl-1-pentanol,Cycloheptanol,1
2-Propyl-1-pentanol,Heptylamine,1
2-Propyl-1-pentanol,Hexacosanoic acid,1
2-Propyl-1-pentanol,Iminodiacetic acid,1
2-Propyl-1-pentanol,m-Toluic acid,1
2-Propyl-1-pentanol,Niacin,1
2-Propyl-1-pentanol,Niacinamide,-1
2-Propyl-1-pentanol,N-Methyl-1-[(trimethylsilyl)oxy]-1-{4-[(trimethylsilyl)oxy]phenyl}propan-2-amine,1
2-Propyl-1-pentanol,Norketamine,1
2-Propyl-1-pentanol,Tetrahydro-solasodine triacetate,1
2-Propyl-1-pentanol,Triethyl citrate,1
2-Propyl-1-pentanol,Yangonin,1
2-Pyrrolidone-5-carboxylic acid,5-Oxohexanoic Acid,-1
2-Pyrrolidone-5-carboxylic acid,Butanedioic acid,1
2-Pyrrolidone-5-carboxylic acid,Curcumin,-1
2-Pyrrolidone-5-carboxylic acid,"Cyclopentaneacetic acid, 3-oxo-2-pentyl-, methyl ester",-1
2-Pyrrolidone-5-carboxylic acid,Glycolic acid,1
2-Pyrrolidone-5-carboxylic acid,Hexanoic acid,1
2-Pyrrolidone-5-carboxylic acid,Hydracrylic acid,1
2-Pyrrolidone-5-carboxylic acid,Oxalic acid,1
2-Pyrrolidone-5-carboxylic acid,"Phenol, 2,4-bis(1-methyl-1-phenylethyl)-",1
2-Pyrrolidone-5-carboxylic acid,Picolinic acid,1
"3-(4,7-Dimethoxy-2H-1,3-benzodioxol-5-yl)-2-methylprop-2-enal","6-Methoxy-1-methyl-1,2,3,4-tetrahydroisoquinolin-7-ol ",1
"3-(4,7-Dimethoxy-2H-1,3-benzodioxol-5-yl)-2-methylprop-2-enal",6-Methyluracil,-1
"3-(4,7-Dimethoxy-2H-1,3-benzodioxol-5-yl)-2-methylprop-2-enal","Benzene, 1,4-dimethoxy",1
"3-(4,7-Dimethoxy-2H-1,3-benzodioxol-5-yl)-2-methylprop-2-enal",Benzyl alcohol,-1
"3-(4,7-Dimethoxy-2H-1,3-benzodioxol-5-yl)-2-methylprop-2-enal","Cyclohexanone, 3,3,5-trimethyl",1
"3-(4,7-Dimethoxy-2H-1,3-benzodioxol-5-yl)-2-methylprop-2-enal",Cyclooctylamine,1
"3-(4,7-Dimethoxy-2H-1,3-benzodioxol-5-yl)-2-methylprop-2-enal",Diethylamine,1
"3-(4,7-Dimethoxy-2H-1,3-benzodioxol-5-yl)-2-methylprop-2-enal",Durapan,-1
"3-(4,7-Dimethoxy-2H-1,3-benzodioxol-5-yl)-2-methylprop-2-enal","Hymexazole, tert-butyldimethylsilyl ether",-1
"3-(4,7-Dimethoxy-2H-1,3-benzodioxol-5-yl)-2-methylprop-2-enal",Ketamine,-1
"3-(4,7-Dimethoxy-2H-1,3-benzodioxol-5-yl)-2-methylprop-2-enal",Malic acid,-1
"3-(4,7-Dimethoxy-2H-1,3-benzodioxol-5-yl)-2-methylprop-2-enal",Methanesulfonic acid,-1
"3-(4,7-Dimethoxy-2H-1,3-benzodioxol-5-yl)-2-methylprop-2-enal",Methylthiouracil,-1
"3-(4,7-Dimethoxy-2H-1,3-benzodioxol-5-yl)-2-methylprop-2-enal",Mevalonolactone,1
"3-(4,7-Dimethoxy-2H-1,3-benzodioxol-5-yl)-2-methylprop-2-enal","N,N-Dimethyl-2-aminoethanol",-1
"3-(4,7-Dimethoxy-2H-1,3-benzodioxol-5-yl)-2-methylprop-2-enal",N-Acetylaminoethanol,1
"3-(4,7-Dimethoxy-2H-1,3-benzodioxol-5-yl)-2-methylprop-2-enal",Pinosylvin,-1
"3-(4,7-Dimethoxy-2H-1,3-benzodioxol-5-yl)-2-methylprop-2-enal",Stearic acid,-1
"3-(4,7-Dimethoxy-2H-1,3-benzodioxol-5-yl)-2-methylprop-2-enal",Trimethylolpropane,1
"3,4-Methylenedioxyamphetamine",3-Heptanol,1
"3,4-Methylenedioxyamphetamine","5-Nonanol, tert-butyldimethylsilyl ether",1
"3,4-Methylenedioxyamphetamine",6-Oxoheptanoic acid,1
"3,4-Methylenedioxyamphetamine","Benzoic acid, 2-hydroxy-3-[(2-hydroxy-4-methoxy-6-propylbenzoyl)oxy]-4-methoxy-6-propyl-, methyl ester ",-1
"3,4-Methylenedioxyamphetamine",Benzyl alcohol,1
"3,4-Methylenedioxyamphetamine","Hymexazole, tert-butyldimethylsilyl ether",1
"3,4-Methylenedioxyamphetamine",Ketamine,1
"3,4-Methylenedioxyamphetamine",Malic acid,1
"3,4-Methylenedioxyamphetamine",Mevalonolactone,-1
"3,4-Methylenedioxyamphetamine",Myristic acid,1
"3,4-Methylenedioxyamphetamine",Uracil,1
"3,5-Dimethylphenol",3-Buten-2-one,1
"3,5-Dimethylphenol",4-Oxohexanoic acid,1
"3,5-Dimethylphenol","5-Chlorovaleric acid, nonyl ester",1
"3,5-Dimethylphenol",5-Hydroxy-7-methoxy-2-methyl-3-phenyl-4-chromenone,-1
"3,5-Dimethylphenol","5-Nonanol, tert-butyldimethylsilyl ether",1
"3,5-Dimethylphenol","6,7,4'-Trihydroxyisoflavone",1
"3,5-Dimethylphenol",8-Methylnonanoic acid,1
"3,5-Dimethylphenol",Adenine,1
"3,5-Dimethylphenol",Aniline,1
"3,5-Dimethylphenol","Benzenesulfonamide, N-butyl",1
"3,5-Dimethylphenol",Benzophenone,1
"3,5-Dimethylphenol",Butachlor ESA,1
"3,5-Dimethylphenol",Cycloheptanol,1
"3,5-Dimethylphenol",DL-p-Hydroxyphenyllactic acid,1
"3,5-Dimethylphenol",Dodecanoic acid,1
"3,5-Dimethylphenol",Heptanoic acid,1
"3,5-Dimethylphenol",Isopropylamine,-1
"3,5-Dimethylphenol",Lignoceric acid,1
"3,5-Dimethylphenol","l-Norvaline, n-propargyloxycarbonyl-, isohexyl ester",-1
"3,5-Dimethylphenol",Mevalonolactone,-1
"3,5-Dimethylphenol",Myristic acid,1
"3,5-Dimethylphenol",N-Acetyl-L-alanine,1
"3,5-Dimethylphenol",Niacin,1
"3,5-Dimethylphenol",Propylene glycol,1
"3,5-Dimethylphenol",Stearic acid,1
"3,5-Dimethylphenol",Suberic acid,1
"3,5-Dimethylphenol",Triethyl citrate,1
"3,5-Dimethylphenol",Vanillylmandelic acid,1
3-Amino-5-methylisoxazole,"Benzoic acid, methyl ester",1
3-Amino-5-methylisoxazole,Heptylamine,1
3-Amino-5-methylisoxazole,"Kojic acid, bis(tert-butyldimethylsilyl) ether",1
3-Amino-5-methylisoxazole,Leucylglycine,-1
3-Amino-5-methylisoxazole,N-Ethylamphetamine,1
3-Amino-5-methylisoxazole,N-Ethyldiethanolamine,1
3-Amino-5-methylisoxazole,N-Methylacetamide,1
3-Aminobenzoic acid,"6-Methoxy-1-methyl-1,2,3,4-tetrahydroisoquinolin-7-ol ",-1
3-Aminobenzoic acid,6-Methyluracil,1
3-Aminobenzoic acid,Adenine,1
3-Aminobenzoic acid,Cholesterol,1
3-Aminobenzoic acid,Durapan,1
3-Aminobenzoic acid,"Hymexazole, tert-butyldimethylsilyl ether",1
3-Aminobenzoic acid,Hypoxanthine,1
3-Aminobenzoic acid,Isobutanol,-1
3-Aminobenzoic acid,Ketamine,1
3-Aminobenzoic acid,"Kojic acid, bis(tert-butyldimethylsilyl) ether",1
3-Aminobenzoic acid,Methanesulfonic acid,1
3-Aminobenzoic acid,Methylthiouracil,1
3-Aminobenzoic acid,Octacosanol,-1
3-Aminobenzoic acid,"Oxymorphone, bis(trimethylsilyl) ether",1
3-Aminobenzoic acid,Phenoxyethanol,1
3-Aminobenzoic acid,Pinosylvin,1
3-Aminobenzoic acid,Xylazine,1
3-Buten-2-one,"6,7,4'-Trihydroxyisoflavone",1
3-Buten-2-one,Adenine,1
3-Buten-2-one,Aniline,1
3-Buten-2-one,Benzophenone,1
3-Buten-2-one,Butachlor ESA,1
3-Buten-2-one,Cycloheptanol,1
3-Buten-2-one,Diacetyl monoxime,1
3-Buten-2-one,DL-p-Hydroxyphenyllactic acid,1
3-Buten-2-one,Hexacosanoic acid,1
3-Buten-2-one,Isopropylamine,-1
3-Buten-2-one,Lignoceric acid,1
3-Buten-2-one,"l-Norvaline, n-propargyloxycarbonyl-, isohexyl ester",-1
3-Buten-2-one,Myristic acid,1
3-Buten-2-one,N-Acetyl-L-alanine,1
3-Buten-2-one,N-Caffeoyl-O-methyltyramine,1
3-Buten-2-one,N-Methyl-1-[(trimethylsilyl)oxy]-1-{4-[(trimethylsilyl)oxy]phenyl}propan-2-amine,1
3-Buten-2-one,Octanoic acid,1
3-Buten-2-one,"Propanoic acid, dimethyl(isopropyl)silyl ester",1
3-Buten-2-one,Propylene glycol,1
3-Buten-2-one,Stearic acid,1
3-Buten-2-one,Suberic acid,1
3-Buten-2-one,Triethyl citrate,1
3-Buten-2-one,Vanillylmandelic acid,1
3-Heptanol,"Benzoic acid, methyl ester",-1
"4-[2-(4,7-Dimethoxy-2H-1,3-benzodioxol-5-yl)ethenyl]-2-methoxyphenol","5-Chlorovaleric acid, nonyl ester",1
"4-[2-(4,7-Dimethoxy-2H-1,3-benzodioxol-5-yl)ethenyl]-2-methoxyphenol","6-Methoxy-1-methyl-1,2,3,4-tetrahydroisoquinolin-7-ol ",-1
"4-[2-(4,7-Dimethoxy-2H-1,3-benzodioxol-5-yl)ethenyl]-2-methoxyphenol",Benzyl alcohol,1
"4-[2-(4,7-Dimethoxy-2H-1,3-benzodioxol-5-yl)ethenyl]-2-methoxyphenol",Butyric Acid,1
"4-[2-(4,7-Dimethoxy-2H-1,3-benzodioxol-5-yl)ethenyl]-2-methoxyphenol",Diacetyl monoxime,1
"4-[2-(4,7-Dimethoxy-2H-1,3-benzodioxol-5-yl)ethenyl]-2-methoxyphenol",Formamide,1
"4-[2-(4,7-Dimethoxy-2H-1,3-benzodioxol-5-yl)ethenyl]-2-methoxyphenol",Heptylamine,1
"4-[2-(4,7-Dimethoxy-2H-1,3-benzodioxol-5-yl)ethenyl]-2-methoxyphenol",Isonicotinic Acid,1
"4-[2-(4,7-Dimethoxy-2H-1,3-benzodioxol-5-yl)ethenyl]-2-methoxyphenol",Levulinic acid,1
"4-[2-(4,7-Dimethoxy-2H-1,3-benzodioxol-5-yl)ethenyl]-2-methoxyphenol",m-Toluic acid,1
"4-[2-(4,7-Dimethoxy-2H-1,3-benzodioxol-5-yl)ethenyl]-2-methoxyphenol",Phenoxyethanol,1
4-Aminobutanoic acid,4-Methoxyphenol,-1
4-Aminobutanoic acid,Biphenyl,1
4-Aminobutanoic acid,N-Acetylaspartic acid,1
4-Methoxyphenol,Benzenepropanoic acid,-1
4-Methoxyphenol,Benzyl alcohol,-1
4-Methoxyphenol,Biphenyl,-1
4-Methoxyphenol,Hexanoic acid,-1
4-Methoxyphenol,N-Acetylaspartic acid,-1
4-Methoxyphenol,Palmitic Acid,-1
4-Methylvaleric acid,Acetic acid,-1
4-Methylvaleric acid,N-Ethyldiethanolamine,1
4-Oxohexanoic acid,"5-Nonanol, tert-butyldimethylsilyl ether",1
4-Oxohexanoic acid,8-Methylnonanoic acid,1
4-Oxohexanoic acid,"Benzenesulfonamide, N-butyl",1
4-Oxohexanoic acid,Butanedioic acid,1
4-Oxohexanoic acid,Citramalic acid,1
4-Oxohexanoic acid,DL-p-Hydroxyphenyllactic acid,1
4-Oxohexanoic acid,Glycolic acid,1
4-Oxohexanoic acid,Heptanoic acid,1
4-Oxohexanoic acid,Hexanoic acid,1
4-Oxohexanoic acid,L-Alanine,1
4-Oxohexanoic acid,N-Acetyl-L-alanine,1
4-Oxohexanoic acid,Pentanedioic acid,1
4-Oxohexanoic acid,Suberic acid,1
5-Azacytosine,"Benzene, 1,4-dimethoxy",1
5-Azacytosine,Butachlor ESA,1
5-Azacytosine,"Cytosine, N-(tert-butyldimethylsilyl)-",1
5-Azacytosine,Diethylamine,1
5-Azacytosine,"Dodecanoic acid, 1-methylethyl ester",1
5-Azacytosine,"D-Streptamine, O-6-amino-6-deoxy-alpha-D-glucopyranosyl-(1-4)-O-(3-deoxy-4-C-methyl-3-(methylamino)-beta-L-arabinopyranosyl-(1-6))-2-deoxy-",1
5-Azacytosine,Frangulin,1
5-Azacytosine,Isopropyl palmitate,1
5-Azacytosine,Lactic acid,-1
5-Azacytosine,L-Glutamine,1
5-Azacytosine,N-Caffeoyl-O-methyltyramine,1
5-Azacytosine,N-Methyl-1-[(trimethylsilyl)oxy]-1-{4-[(trimethylsilyl)oxy]phenyl}propan-2-amine,1
5-Azacytosine,Trimethylolpropane,1
5-Azacytosine,Vanillylmandelic acid,1
5-Azacytosine,Yangonin,1
"5-Chlorovaleric acid, nonyl ester","6,7,4'-Trihydroxyisoflavone",1
"5-Chlorovaleric acid, nonyl ester","6-Methoxy-1-methyl-1,2,3,4-tetrahydroisoquinolin-7-ol ",-1
"5-Chlorovaleric acid, nonyl ester",Benzyl alcohol,1
"5-Chlorovaleric acid, nonyl ester",Butachlor ESA,1
"5-Chlorovaleric acid, nonyl ester",Butyric Acid,1
"5-Chlorovaleric acid, nonyl ester",Citramalic acid,1
"5-Chlorovaleric acid, nonyl ester",Cycloheptanol,1
"5-Chlorovaleric acid, nonyl ester",Diacetyl monoxime,1
"5-Chlorovaleric acid, nonyl ester",Dodecanoic acid,1
"5-Chlorovaleric acid, nonyl ester",Formamide,1
"5-Chlorovaleric acid, nonyl ester",Heptanoic acid,1
"5-Chlorovaleric acid, nonyl ester",Hexanoic acid,1
"5-Chlorovaleric acid, nonyl ester",Isonicotinic Acid,1
"5-Chlorovaleric acid, nonyl ester",Isopropylamine,-1
"5-Chlorovaleric acid, nonyl ester",Levulinic acid,1
"5-Chlorovaleric acid, nonyl ester",m-Toluic acid,1
"5-Chlorovaleric acid, nonyl ester",Oxalic acid,1
"5-Ethyl-1,3-dioxane-5-methanol, tert-butyldimethylsilyl ether",Aconitic acid,1
"5-Ethyl-1,3-dioxane-5-methanol, tert-butyldimethylsilyl ether",Ketamine,1
5-Hydroxy-7-methoxy-2-methyl-3-phenyl-4-chromenone,Acetic acid,-1
5-Hydroxy-7-methoxy-2-methyl-3-phenyl-4-chromenone,"Glycine, tert.-butyldimethylsilyl ester",-1
5-Hydroxy-7-methoxy-2-methyl-3-phenyl-4-chromenone,L-Alanine,-1
"5-Nonanol, tert-butyldimethylsilyl ether","6,7,4'-Trihydroxyisoflavone",1
"5-Nonanol, tert-butyldimethylsilyl ether",6-Oxoheptanoic acid,1
"5-Nonanol, tert-butyldimethylsilyl ether",8-Methylnonanoic acid,1
"5-Nonanol, tert-butyldimethylsilyl ether",Adenine,1
"5-Nonanol, tert-butyldimethylsilyl ether",alpha-Hydroxyisobutyric acid,1
"5-Nonanol, tert-butyldimethylsilyl ether","Benzenesulfonamide, N-butyl",1
"5-Nonanol, tert-butyldimethylsilyl ether",Benzophenone,1
"5-Nonanol, tert-butyldimethylsilyl ether",Butachlor ESA,1
"5-Nonanol, tert-butyldimethylsilyl ether",DL-p-Hydroxyphenyllactic acid,1
"5-Nonanol, tert-butyldimethylsilyl ether",Heptanoic acid,1
"5-Nonanol, tert-butyldimethylsilyl ether",Hexacosanoic acid,1
"5-Nonanol, tert-butyldimethylsilyl ether",Iminodiacetic acid,1
"5-Nonanol, tert-butyldimethylsilyl ether",L-Alanine,1
"5-Nonanol, tert-butyldimethylsilyl ether",Lignoceric acid,1
"5-Nonanol, tert-butyldimethylsilyl ether","l-Norvaline, n-propargyloxycarbonyl-, isohexyl ester",-1
"5-Nonanol, tert-butyldimethylsilyl ether",Myristic acid,1
"5-Nonanol, tert-butyldimethylsilyl ether",N-Acetyl-L-alanine,1
"5-Nonanol, tert-butyldimethylsilyl ether",Niacin,1
"5-Nonanol, tert-butyldimethylsilyl ether",Norketamine,1
"5-Nonanol, tert-butyldimethylsilyl ether",Octanoic acid,1
"5-Nonanol, tert-butyldimethylsilyl ether",Pentanedioic acid,1
"5-Nonanol, tert-butyldimethylsilyl ether",Suberic acid,1
"5-Nonanol, tert-butyldimethylsilyl ether",Triethyl citrate,1
"5-Nonanol, tert-butyldimethylsilyl ether",Vanillylmandelic acid,1
5-Oxohexanoic Acid,Benzoic Acid,-1
5-Oxohexanoic Acid,Benzophenone,1
5-Oxohexanoic Acid,"Cyclopentaneacetic acid, 3-oxo-2-pentyl-, methyl ester",1
5-Oxohexanoic Acid,Glycerol,1
5-Oxohexanoic Acid,Glycolic acid,-1
5-Oxohexanoic Acid,L-Lysine,1
5-Oxohexanoic Acid,"l-Norvaline, n-propargyloxycarbonyl-, isohexyl ester",-1
5-Oxohexanoic Acid,L-Threonine,1
"6,7,4'-Trihydroxyisoflavone","6-Methoxy-1-methyl-1,2,3,4-tetrahydroisoquinolin-7-ol ",-1
"6,7,4'-Trihydroxyisoflavone",Adenine,1
"6,7,4'-Trihydroxyisoflavone",Aniline,1
"6,7,4'-Trihydroxyisoflavone","Benzenesulfonamide, N-butyl",1
"6,7,4'-Trihydroxyisoflavone",Butachlor ESA,1
"6,7,4'-Trihydroxyisoflavone",Citramalic acid,1
"6,7,4'-Trihydroxyisoflavone",Cycloheptanol,1
"6,7,4'-Trihydroxyisoflavone",Diacetyl monoxime,1
"6,7,4'-Trihydroxyisoflavone",Heptylamine,1
"6,7,4'-Trihydroxyisoflavone",Hexacosanoic acid,1
"6,7,4'-Trihydroxyisoflavone","l-Norvaline, n-propargyloxycarbonyl-, isohexyl ester",-1
"6,7,4'-Trihydroxyisoflavone",N-Acetyl-L-alanine,1
"6,7,4'-Trihydroxyisoflavone",Niacin,1
"6,7,4'-Trihydroxyisoflavone","Propanoic acid, dimethyl(isopropyl)silyl ester",1
"6,7,4'-Trihydroxyisoflavone",Propylene glycol,1
"6,7,4'-Trihydroxyisoflavone",Stearic acid,1
"6,7,4'-Trihydroxyisoflavone",Triethyl citrate,1
"6-Aminocaproic acid, N-(tert.-butyldimethylsilyl)",Adenine,1
"6-Aminocaproic acid, N-(tert.-butyldimethylsilyl)",Curcumin,1
"6-Aminocaproic acid, N-(tert.-butyldimethylsilyl)","Cytosine, N-(tert-butyldimethylsilyl)-",1
"6-Aminocaproic acid, N-(tert.-butyldimethylsilyl)","Dodecanoic acid, 1-methylethyl ester",1
"6-Aminocaproic acid, N-(tert.-butyldimethylsilyl)","D-Streptamine, O-6-amino-6-deoxy-alpha-D-glucopyranosyl-(1-4)-O-(3-deoxy-4-C-methyl-3-(methylamino)-beta-L-arabinopyranosyl-(1-6))-2-deoxy-",1
"6-Aminocaproic acid, N-(tert.-butyldimethylsilyl)",Frangulin,1
"6-Aminocaproic acid, N-(tert.-butyldimethylsilyl)",Hexacosanoic acid,1
"6-Aminocaproic acid, N-(tert.-butyldimethylsilyl)",Isopropyl palmitate,1
"6-Aminocaproic acid, N-(tert.-butyldimethylsilyl)",L-Glutamine,1
"6-Aminocaproic acid, N-(tert.-butyldimethylsilyl)",L-Tryptophan,1
"6-Aminocaproic acid, N-(tert.-butyldimethylsilyl)","Naringenin 4',7-dimethylether",1
"6-Aminocaproic acid, N-(tert.-butyldimethylsilyl)",N-Caffeoyl-O-methyltyramine,1
"6-Aminocaproic acid, N-(tert.-butyldimethylsilyl)",N-Methyl-1-[(trimethylsilyl)oxy]-1-{4-[(trimethylsilyl)oxy]phenyl}propan-2-amine,1
"6-Aminocaproic acid, N-(tert.-butyldimethylsilyl)","Propanoic acid, dimethyl(isopropyl)silyl ester",1
"6-Aminocaproic acid, N-(tert.-butyldimethylsilyl)",Tetrahydro-solasodine triacetate,1
"6-Aminocaproic acid, N-(tert.-butyldimethylsilyl)",Vanillylmandelic acid,1
"6-Aminocaproic acid, N-(tert.-butyldimethylsilyl)",Yangonin,1
"6-Methoxy-1-methyl-1,2,3,4-tetrahydroisoquinolin-7-ol ",Benzyl alcohol,-1
"6-Methoxy-1-methyl-1,2,3,4-tetrahydroisoquinolin-7-ol ",Butyric Acid,-1
"6-Methoxy-1-methyl-1,2,3,4-tetrahydroisoquinolin-7-ol ",Cyclooctylamine,1
"6-Methoxy-1-methyl-1,2,3,4-tetrahydroisoquinolin-7-ol ",Durapan,-1
"6-Methoxy-1-methyl-1,2,3,4-tetrahydroisoquinolin-7-ol ",Heptylamine,-1
"6-Methoxy-1-methyl-1,2,3,4-tetrahydroisoquinolin-7-ol ","Hymexazole, tert-butyldimethylsilyl ether",-1
"6-Methoxy-1-methyl-1,2,3,4-tetrahydroisoquinolin-7-ol ",L-Leucine,-1
"6-Methoxy-1-methyl-1,2,3,4-tetrahydroisoquinolin-7-ol ",Malic acid,-1
"6-Methoxy-1-methyl-1,2,3,4-tetrahydroisoquinolin-7-ol ",Mevalonolactone,1
"6-Methoxy-1-methyl-1,2,3,4-tetrahydroisoquinolin-7-ol ",N-Acetylaminoethanol,1
"6-Methoxy-1-methyl-1,2,3,4-tetrahydroisoquinolin-7-ol ",Pentanoic acid,-1
"6-Methoxy-1-methyl-1,2,3,4-tetrahydroisoquinolin-7-ol ",Phenoxyethanol,-1
"6-Methoxy-1-methyl-1,2,3,4-tetrahydroisoquinolin-7-ol ",Pinosylvin,-1
6-Methyluracil,Aconitic acid,-1
6-Methyluracil,Cholesterol,1
6-Methyluracil,Crotonic acid,1
6-Methyluracil,Cyclooctylamine,-1
6-Methyluracil,Durapan,1
6-Methyluracil,Heptylamine,1
6-Methyluracil,"Hymexazole, tert-butyldimethylsilyl ether",1
6-Methyluracil,Hypoxanthine,1
6-Methyluracil,Isobutanol,-1
6-Methyluracil,Ketamine,1
6-Methyluracil,"Kojic acid, bis(tert-butyldimethylsilyl) ether",1
6-Methyluracil,Malic acid,1
6-Methyluracil,Methanesulfonic acid,1
6-Methyluracil,Methylthiouracil,1
6-Methyluracil,Monocaproin,1
6-Methyluracil,Oleamide,1
6-Methyluracil,Phenoxyethanol,1
6-Methyluracil,Pinosylvin,1
6-Methyluracil,Uracil,1
6-Methyluracil,Xylazine,1
6-Oxoheptanoic acid,Adenine,1
6-Oxoheptanoic acid,Adipoyl-L-carnitine,1
6-Oxoheptanoic acid,"Benzenesulfonamide, N-butyl",1
6-Oxoheptanoic acid,Glycerol,1
6-Oxoheptanoic acid,Isopropyl palmitate,1
6-Oxoheptanoic acid,L-Lysine,1
6-Oxoheptanoic acid,"l-Norvaline, n-propargyloxycarbonyl-, isohexyl ester",-1
6-Oxoheptanoic acid,Niacin,1
6-Oxoheptanoic acid,Norketamine,1
6-Oxoheptanoic acid,Octanoic acid,1
6-Oxoheptanoic acid,Phytanic acid,1
8-Methylnonanoic acid,Butanedioic acid,1
8-Methylnonanoic acid,Citramalic acid,1
8-Methylnonanoic acid,DL-p-Hydroxyphenyllactic acid,1
8-Methylnonanoic acid,Dodecanoic acid,1
8-Methylnonanoic acid,"Erythrono-1,4-lactone",1
8-Methylnonanoic acid,Heptanoic acid,1
8-Methylnonanoic acid,Hexanoic acid,1
8-Methylnonanoic acid,Hydracrylic acid,1
8-Methylnonanoic acid,Iminodiacetic acid,1
8-Methylnonanoic acid,"L-Histidine, N,1-bis(tert-butyldimethylsilyl)-",1
8-Methylnonanoic acid,L-Tyrosine,1
8-Methylnonanoic acid,L-Valine,1
8-Methylnonanoic acid,Pentanedioic acid,1
8-Methylnonanoic acid,Pentanoic acid,1
8-Methylnonanoic acid,"Propanoic acid, 3-[(tert-butyldimethylsilyl)oxy]-2-methyl-",1
8-Methylnonanoic acid,Suberic acid,1
Acetic acid,"Glycine, tert.-butyldimethylsilyl ester",1
Aceturic acid,Cyclooctylamine,1
Aconitic acid,Azelaic acid,-1
Aconitic acid,"Kojic acid, bis(tert-butyldimethylsilyl) ether",-1
Adenine,Aniline,1
Adenine,"Benzenesulfonamide, N-butyl",1
Adenine,Butachlor ESA,1
Adenine,Curcumin,1
Adenine,Cycloheptanol,1
Adenine,"Cytosine, N-(tert-butyldimethylsilyl)-",1
Adenine,Diacetyl monoxime,1
Adenine,DL-p-Hydroxyphenyllactic acid,1
Adenine,"Dodecanoic acid, 1-methylethyl ester",1
Adenine,"D-Streptamine, O-6-amino-6-deoxy-alpha-D-glucopyranosyl-(1-4)-O-(3-deoxy-4-C-methyl-3-(methylamino)-beta-L-arabinopyranosyl-(1-6))-2-deoxy-",1
Adenine,Frangulin,1
Adenine,Glycerol,1
Adenine,Heptylamine,1
Adenine,Hexacosanoic acid,1
Adenine,Isopropyl palmitate,1
Adenine,"Kojic acid, bis(tert-butyldimethylsilyl) ether",1
Adenine,L-Alanine,1
Adenine,Leucylglycine,-1
Adenine,L-Glutamine,1
Adenine,L-Leucine,1
Adenine,"l-Norvaline, n-propargyloxycarbonyl-, isohexyl ester",-1
Adenine,L-Tryptophan,1
Adenine,L-Tyrosine,1
Adenine,Malic acid,1
Adenine,Methanesulfonic acid,1
Adenine,N-Caffeoyl-O-methyltyramine,1
Adenine,N-Ethyldiethanolamine,1
Adenine,Niacin,1
Adenine,N-Methyl-1-[(trimethylsilyl)oxy]-1-{4-[(trimethylsilyl)oxy]phenyl}propan-2-amine,1
Adenine,Norketamine,1
Adenine,Phenoxyethanol,1
Adenine,Propylene glycol,1
Adenine,Tetrahydro-solasodine triacetate,1
Adenine,Thymol,1
Adenine,Triethyl citrate,1
Adenine,Vanillylmandelic acid,1
Adenine,Xylazine,1
Adenine,Yangonin,1
Adipoyl-L-carnitine,L-Leucine,1
Adipoyl-L-carnitine,L-Lysine,1
Adipoyl-L-carnitine,Methyl lactate,1
alpha-Hydroxyisobutyric acid,Azelaic acid,1
alpha-Hydroxyisobutyric acid,Diethylamine,1
alpha-Hydroxyisobutyric acid,"Dodecanoic acid, 1-methylethyl ester",1
alpha-Hydroxyisobutyric acid,Iminodiacetic acid,1
alpha-Hydroxyisobutyric acid,L-Glutamine,1
alpha-Hydroxyisobutyric acid,Lignoceric acid,1
alpha-Hydroxyisobutyric acid,Myristic acid,1
alpha-Hydroxyisobutyric acid,N-Methyl-1-[(trimethylsilyl)oxy]-1-{4-[(trimethylsilyl)oxy]phenyl}propan-2-amine,1
alpha-Hydroxyisobutyric acid,Octanoic acid,1
alpha-Hydroxyisobutyric acid,Phenol,1
alpha-Hydroxyisobutyric acid,Pipecolic acid,1
alpha-Hydroxyisobutyric acid,Suberic acid,1
Allylescaline,Crotonic acid,-1
Allylescaline,Monocaproin,-1
Aniline,Cycloheptanol,1
Aniline,DL-p-Hydroxyphenyllactic acid,1
Aniline,Hexacosanoic acid,1
Aniline,L-Tyrosine,1
Aniline,N-Acetyl-L-alanine,1
Aniline,Phenoxyethanol,1
Aniline,"Propanoic acid, dimethyl(isopropyl)silyl ester",1
Aniline,Propylene glycol,1
Aniline,Stearic acid,1
Aniline,Thymol,1
Aniline,Triethyl citrate,1
Azelaic acid,Curcumin,1
Azelaic acid,Iminodiacetic acid,1
Azelaic acid,L-Glutamine,1
Azelaic acid,N-Caffeoyl-O-methyltyramine,1
Azelaic acid,Niacin,1
Azelaic acid,Norketamine,1
Azelaic acid,"Propanoic acid, dimethyl(isopropyl)silyl ester",1
Azelaic acid,Yangonin,1
"Benzaldehyde, 2,5-dimethoxy","Propanoic acid, 3-[(tert-butyldimethylsilyl)oxy]-2-methyl-",-1
"Benzaldehyde, 2,5-dimethoxy",Stearic acid,-1
"Benzene, 1,4-dimethoxy",Butachlor ESA,1
"Benzene, 1,4-dimethoxy","Cyclohexanone, 3,3,5-trimethyl",1
"Benzene, 1,4-dimethoxy",Cyclooctylamine,1
"Benzene, 1,4-dimethoxy",Diethylamine,1
"Benzene, 1,4-dimethoxy","D-Streptamine, O-6-amino-6-deoxy-alpha-D-glucopyranosyl-(1-4)-O-(3-deoxy-4-C-methyl-3-(methylamino)-beta-L-arabinopyranosyl-(1-6))-2-deoxy-",1
"Benzene, 1,4-dimethoxy",Methyl lactate,1
"Benzene, 1,4-dimethoxy",N-Methyl-1-[(trimethylsilyl)oxy]-1-{4-[(trimethylsilyl)oxy]phenyl}propan-2-amine,1
"Benzene, 1,4-dimethoxy",Propanoic acid,1
"Benzene, 1,4-dimethoxy",Trimethylolpropane,1
"Benzenesulfonamide, N-butyl",Benzophenone,1
"Benzenesulfonamide, N-butyl",Butachlor ESA,1
"Benzenesulfonamide, N-butyl",Citramalic acid,1
"Benzenesulfonamide, N-butyl",DL-p-Hydroxyphenyllactic acid,1
"Benzenesulfonamide, N-butyl",Hexacosanoic acid,1
"Benzenesulfonamide, N-butyl",Iminodiacetic acid,1
"Benzenesulfonamide, N-butyl",L-Alanine,1
"Benzenesulfonamide, N-butyl",Lignoceric acid,1
"Benzenesulfonamide, N-butyl","l-Norvaline, n-propargyloxycarbonyl-, isohexyl ester",-1
"Benzenesulfonamide, N-butyl",Mevalonolactone,-1
"Benzenesulfonamide, N-butyl",Myristic acid,1
"Benzenesulfonamide, N-butyl",N-Acetyl-L-alanine,1
"Benzenesulfonamide, N-butyl",N-Caffeoyl-O-methyltyramine,1
"Benzenesulfonamide, N-butyl",Niacin,1
"Benzenesulfonamide, N-butyl",Norketamine,1
"Benzenesulfonamide, N-butyl",Pentanedioic acid,1
"Benzenesulfonamide, N-butyl",Suberic acid,1
"Benzenesulfonamide, N-butyl",Triethyl citrate,1
"Benzenesulfonamide, N-butyl",Vanillylmandelic acid,1
"Benzoic acid, 2-hydroxy-3-[(2-hydroxy-4-methoxy-6-propylbenzoyl)oxy]-4-methoxy-6-propyl-, methyl ester ",Lignoceric acid,-1
"Benzoic acid, 2-hydroxy-3-[(2-hydroxy-4-methoxy-6-propylbenzoyl)oxy]-4-methoxy-6-propyl-, methyl ester ",L-Threonine,-1
"Benzoic acid, 2-hydroxy-3-[(2-hydroxy-4-methoxy-6-propylbenzoyl)oxy]-4-methoxy-6-propyl-, methyl ester ",Mevalonolactone,1
"Benzoic acid, 2-hydroxy-3-[(2-hydroxy-4-methoxy-6-propylbenzoyl)oxy]-4-methoxy-6-propyl-, methyl ester ",Propanoic acid,1
"Benzoic acid, 2-hydroxy-3-[(2-hydroxy-4-methoxy-6-propylbenzoyl)oxy]-4-methoxy-6-propyl-, methyl ester ",Synephrine,1
"Benzoic acid, methyl ester",Mevalonolactone,1
"Benzoic acid, methyl ester",Niacinamide,-1
Benzoic Acid,Glycolic acid,1
Benzoic Acid,L-Threonine,-1
Benzoic Acid,Nonanoic acid,1
Benzophenone,Citramalic acid,1
Benzophenone,"Cytosine, N-(tert-butyldimethylsilyl)-",1
Benzophenone,"Dodecanoic acid, 1-methylethyl ester",1
Benzophenone,"D-Streptamine, O-6-amino-6-deoxy-alpha-D-glucopyranosyl-(1-4)-O-(3-deoxy-4-C-methyl-3-(methylamino)-beta-L-arabinopyranosyl-(1-6))-2-deoxy-",1
Benzophenone,Frangulin,1
Benzophenone,Glycerol,1
Benzophenone,Hexacosanoic acid,1
Benzophenone,Iminodiacetic acid,1
Benzophenone,Isopropyl palmitate,1
Benzophenone,L-Alanine,1
Benzophenone,L-Glutamine,1
Benzophenone,L-Valine,1
Benzophenone,Myristic acid,1
Benzophenone,N-Acetyl-L-alanine,1
Benzophenone,N-Caffeoyl-O-methyltyramine,1
Benzophenone,Niacin,1
Benzophenone,Norketamine,1
Benzophenone,Pentanedioic acid,1
Benzophenone,Salsoline,1
Benzophenone,Suberic acid,1
Benzophenone,Triethyl citrate,1
Benzyl alcohol,Butyric Acid,1
Benzyl alcohol,Diacetyl monoxime,1
Benzyl alcohol,Dodecanoic acid,1
Benzyl alcohol,Formamide,1
Benzyl alcohol,Hexanoic acid,1
Benzyl alcohol,"Hymexazole, tert-butyldimethylsilyl ether",1
Benzyl alcohol,Isonicotinic Acid,1
Benzyl alcohol,Ketamine,1
Benzyl alcohol,Levulinic acid,1
Benzyl alcohol,Lignoceric acid,1
Benzyl alcohol,Malic acid,1
Benzyl alcohol,Methylthiouracil,1
Benzyl alcohol,Pentanoic acid,1
Benzyl alcohol,Phenoxyethanol,1
Benzyl alcohol,Trimethylolpropane,-1
Biphenyl,Malic acid,1
Butachlor ESA,Citramalic acid,1
Butachlor ESA,"Cytosine, N-(tert-butyldimethylsilyl)-",1
Butachlor ESA,Diacetyl monoxime,1
Butachlor ESA,Diethylamine,1
Butachlor ESA,DL-p-Hydroxyphenyllactic acid,1
Butachlor ESA,"Dodecanoic acid, 1-methylethyl ester",1
Butachlor ESA,"D-Streptamine, O-6-amino-6-deoxy-alpha-D-glucopyranosyl-(1-4)-O-(3-deoxy-4-C-methyl-3-(methylamino)-beta-L-arabinopyranosyl-(1-6))-2-deoxy-",1
Butachlor ESA,Frangulin,1
Butachlor ESA,Glycine,1
Butachlor ESA,"Glycine, tert.-butyldimethylsilyl ester",1
Butachlor ESA,Heptanoic acid,1
Butachlor ESA,Iminodiacetic acid,1
Butachlor ESA,Isopropyl palmitate,1
Butachlor ESA,Isopropylamine,-1
Butachlor ESA,L-Alanine,1
Butachlor ESA,L-Glutamine,1
Butachlor ESA,L-Leucine,1
Butachlor ESA,L-Tryptophan,1
Butachlor ESA,Niacin,1
Butachlor ESA,N-Methyl-1-[(trimethylsilyl)oxy]-1-{4-[(trimethylsilyl)oxy]phenyl}propan-2-amine,1
Butachlor ESA,Norketamine,1
Butachlor ESA,Oxalic acid,1
Butachlor ESA,Pentanedioic acid,1
Butachlor ESA,Propylene glycol,1
Butachlor ESA,Suberic acid,1
Butachlor ESA,Vanillylmandelic acid,1
Butachlor ESA,Yangonin,1
Butanedioic acid,DL-p-Hydroxyphenyllactic acid,1
Butanedioic acid,"Erythrono-1,4-lactone",1
Butanedioic acid,Hydracrylic acid,1
Butanedioic acid,Methylthiouracil,-1
Butanedioic acid,"Naringenin 4',7-dimethylether",1
Butanedioic acid,Suberic acid,1
Butylmethylamine,L-Threonine,-1
Butylmethylamine,Myristic acid,-1
Butylmethylamine,Pipecolic acid,-1
Butyric Acid,Crotonic acid,1
Butyric Acid,Dodecanoic acid,1
Butyric Acid,Formamide,1
Butyric Acid,Hexanoic acid,1
Butyric Acid,Isobutanol,-1
Butyric Acid,Isonicotinic Acid,1
Butyric Acid,Ketamine,1
Butyric Acid,Levulinic acid,1
Butyric Acid,Pentanoic acid,1
Butyric Acid,Phenoxyethanol,1
Butyric Acid,Urea,1
Cholesterol,Cyclooctylamine,-1
Cholesterol,Durapan,1
Cholesterol,"Hymexazole, tert-butyldimethylsilyl ether",1
Cholesterol,"Kojic acid, bis(tert-butyldimethylsilyl) ether",1
Cholesterol,Malic acid,1
Cholesterol,Methanesulfonic acid,1
Cholesterol,Methylthiouracil,1
Cholesterol,"N,N-Dimethyl-2-aminoethanol",1
Cholesterol,Phenol,-1
Cholesterol,Phenoxyethanol,1
Cholesterol,Pinosylvin,1
Cholesterol,Uracil,1
Citramalic acid,DL-p-Hydroxyphenyllactic acid,1
Citramalic acid,Heptanoic acid,1
Citramalic acid,Levulinic acid,1
Citramalic acid,N-Acetyl-L-alanine,1
Citramalic acid,Niacin,1
Citramalic acid,Pentanedioic acid,1
Citramalic acid,"Propanoic acid, dimethyl(isopropyl)silyl ester",1
Citramalic acid,Suberic acid,1
Citramalic acid,Vanillylmandelic acid,1
Crotonic acid,Dodecanoic acid,1
Crotonic acid,"Hymexazole, tert-butyldimethylsilyl ether",1
Crotonic acid,"Kojic acid, bis(tert-butyldimethylsilyl) ether",1
Crotonic acid,"L-Histidine, N,1-bis(tert-butyldimethylsilyl)-",1
Crotonic acid,Methylthiouracil,1
Crotonic acid,Pentanoic acid,1
Crotonic acid,Phenoxyethanol,1
Crotonic acid,Xylazine,1
Curcumin,"Cyclopentaneacetic acid, 3-oxo-2-pentyl-, methyl ester",1
Curcumin,"Cytosine, N-(tert-butyldimethylsilyl)-",1
Curcumin,"Dodecanoic acid, 1-methylethyl ester",1
Curcumin,Frangulin,1
Curcumin,Glycerol,1
Curcumin,Heptylamine,1
Curcumin,Hexacosanoic acid,1
Curcumin,Isopropyl palmitate,1
Curcumin,L-Glutamine,1
Curcumin,L-Tryptophan,1
Curcumin,N-Caffeoyl-O-methyltyramine,1
Curcumin,N-Methyl-1-[(trimethylsilyl)oxy]-1-{4-[(trimethylsilyl)oxy]phenyl}propan-2-amine,1
Curcumin,Picolinic acid,-1
Curcumin,Tetrahydro-solasodine triacetate,1
Curcumin,Yangonin,1
Cyclobutylamine,Propanoic acid,1
Cycloheptanol,Diacetyl monoxime,1
Cycloheptanol,DL-p-Hydroxyphenyllactic acid,1
Cycloheptanol,Dodecanoic acid,1
Cycloheptanol,Heptylamine,1
Cycloheptanol,Hexacosanoic acid,1
Cycloheptanol,Levulinic acid,1
Cycloheptanol,m-Toluic acid,1
Cycloheptanol,N-Methyl-1-[(trimethylsilyl)oxy]-1-{4-[(trimethylsilyl)oxy]phenyl}propan-2-amine,1
Cycloheptanol,"Propanoic acid, dimethyl(isopropyl)silyl ester",1
Cycloheptanol,Propylene glycol,1
Cycloheptanol,Stearic acid,1
Cycloheptanol,Triethyl citrate,1
"Cyclohexanone, 3,3,5-trimethyl",Cyclooctylamine,1
"Cyclohexanone, 3,3,5-trimethyl",Diethylamine,1
"Cyclohexanone, 3,3,5-trimethyl",Durapan,-1
"Cyclohexanone, 3,3,5-trimethyl","Hymexazole, tert-butyldimethylsilyl ether",-1
"Cyclohexanone, 3,3,5-trimethyl",Ketamine,-1
"Cyclohexanone, 3,3,5-trimethyl",L-Threonine,-1
"Cyclohexanone, 3,3,5-trimethyl",Malic acid,-1
"Cyclohexanone, 3,3,5-trimethyl",Methanesulfonic acid,-1
"Cyclohexanone, 3,3,5-trimethyl",Methylthiouracil,-1
"Cyclohexanone, 3,3,5-trimethyl",Pinosylvin,-1
"Cyclohexanone, 3,3,5-trimethyl",Trimethylolpropane,1
Cyclooctylamine,Diethylamine,1
Cyclooctylamine,Durapan,-1
Cyclooctylamine,Guanosine,-1
Cyclooctylamine,"Hymexazole, tert-butyldimethylsilyl ether",-1
Cyclooctylamine,Ketamine,-1
Cyclooctylamine,"Kojic acid, bis(tert-butyldimethylsilyl) ether",-1
Cyclooctylamine,Malic acid,-1
Cyclooctylamine,Methanesulfonic acid,-1
Cyclooctylamine,Methylthiouracil,-1
Cyclooctylamine,"N,N-Dimethyl-2-aminoethanol",-1
Cyclooctylamine,Palmitic Acid,-1
Cyclooctylamine,Pinosylvin,-1
Cyclooctylamine,Thymol,-1
Cyclooctylamine,Trimethylolpropane,1
Cyclooctylamine,Uracil,-1
"Cyclopentaneacetic acid, 3-oxo-2-pentyl-, methyl ester",Frangulin,1
"Cyclopentaneacetic acid, 3-oxo-2-pentyl-, methyl ester","l-Norvaline, n-propargyloxycarbonyl-, isohexyl ester",-1
"Cyclopentaneacetic acid, 3-oxo-2-pentyl-, methyl ester",Picolinic acid,-1
"Cytosine, N-(tert-butyldimethylsilyl)-","Dodecanoic acid, 1-methylethyl ester",1
"Cytosine, N-(tert-butyldimethylsilyl)-","D-Streptamine, O-6-amino-6-deoxy-alpha-D-glucopyranosyl-(1-4)-O-(3-deoxy-4-C-methyl-3-(methylamino)-beta-L-arabinopyranosyl-(1-6))-2-deoxy-",1
"Cytosine, N-(tert-butyldimethylsilyl)-",Frangulin,1
"Cytosine, N-(tert-butyldimethylsilyl)-",Glycerol,1
"Cytosine, N-(tert-butyldimethylsilyl)-",Hexacosanoic acid,1
"Cytosine, N-(tert-butyldimethylsilyl)-",Isopropyl palmitate,1
"Cytosine, N-(tert-butyldimethylsilyl)-",L-Glutamine,1
"Cytosine, N-(tert-butyldimethylsilyl)-",L-Leucine,1
"Cytosine, N-(tert-butyldimethylsilyl)-","l-Norvaline, n-propargyloxycarbonyl-, isohexyl ester",-1
"Cytosine, N-(tert-butyldimethylsilyl)-",L-Tryptophan,1
"Cytosine, N-(tert-butyldimethylsilyl)-",N-Caffeoyl-O-methyltyramine,1
"Cytosine, N-(tert-butyldimethylsilyl)-",N-Methyl-1-[(trimethylsilyl)oxy]-1-{4-[(trimethylsilyl)oxy]phenyl}propan-2-amine,1
"Cytosine, N-(tert-butyldimethylsilyl)-",Suberic acid,1
"Cytosine, N-(tert-butyldimethylsilyl)-",Tetrahydro-solasodine triacetate,1
"Cytosine, N-(tert-butyldimethylsilyl)-",Triethyl citrate,1
"Cytosine, N-(tert-butyldimethylsilyl)-",Vanillylmandelic acid,1
"Cytosine, N-(tert-butyldimethylsilyl)-",Yangonin,1
Diacetyl monoxime,Heptylamine,1
Diacetyl monoxime,Hexacosanoic acid,1
Diacetyl monoxime,Octanoic acid,1
Diacetyl monoxime,Phenoxyethanol,1
Diacetyl monoxime,"Propanoic acid, dimethyl(isopropyl)silyl ester",1
Diacetyl monoxime,Propylene glycol,1
Diacetyl monoxime,Triethyl citrate,1
Diacetyl monoxime,Vanillylmandelic acid,1
Diethylamine,"D-Streptamine, O-6-amino-6-deoxy-alpha-D-glucopyranosyl-(1-4)-O-(3-deoxy-4-C-methyl-3-(methylamino)-beta-L-arabinopyranosyl-(1-6))-2-deoxy-",1
Diethylamine,"Hymexazole, tert-butyldimethylsilyl ether",-1
Diethylamine,L-Glutamine,1
Diethylamine,Methylthiouracil,-1
Diethylamine,N-Caffeoyl-O-methyltyramine,1
Diethylamine,N-Methyl-1-[(trimethylsilyl)oxy]-1-{4-[(trimethylsilyl)oxy]phenyl}propan-2-amine,1
Diethylamine,Octacosanol,1
Diethylamine,Suberic acid,1
Diethylamine,Trimethylolpropane,1
DL-Glyceraldehyde,Mevalonolactone,1
DL-Glyceraldehyde,Niacin,-1
DL-Glyceraldehyde,Norephedrine,1
DL-p-Hydroxyphenyllactic acid,Glycolic acid,1
DL-p-Hydroxyphenyllactic acid,Hydracrylic acid,1
DL-p-Hydroxyphenyllactic acid,Isopropylamine,-1
DL-p-Hydroxyphenyllactic acid,L-Tyrosine,1
DL-p-Hydroxyphenyllactic acid,N-Acetyl-L-alanine,1
DL-p-Hydroxyphenyllactic acid,N-Caffeoyl-O-methyltyramine,1
DL-p-Hydroxyphenyllactic acid,Pentanedioic acid,1
DL-p-Hydroxyphenyllactic acid,Propylene glycol,1
DL-p-Hydroxyphenyllactic acid,Suberic acid,1
DL-p-Hydroxyphenyllactic acid,Triethyl citrate,1
"Dodecanoic acid, 1-methylethyl ester","D-Streptamine, O-6-amino-6-deoxy-alpha-D-glucopyranosyl-(1-4)-O-(3-deoxy-4-C-methyl-3-(methylamino)-beta-L-arabinopyranosyl-(1-6))-2-deoxy-",1
"Dodecanoic acid, 1-methylethyl ester",Frangulin,1
"Dodecanoic acid, 1-methylethyl ester",Glycerol,1
"Dodecanoic acid, 1-methylethyl ester",Glycine,1
"Dodecanoic acid, 1-methylethyl ester",Hexacosanoic acid,1
"Dodecanoic acid, 1-methylethyl ester",Iminodiacetic acid,1
"Dodecanoic acid, 1-methylethyl ester",Isopropyl palmitate,1
"Dodecanoic acid, 1-methylethyl ester",L-Glutamine,1
"Dodecanoic acid, 1-methylethyl ester",L-Leucine,1
"Dodecanoic acid, 1-methylethyl ester","l-Norvaline, n-propargyloxycarbonyl-, isohexyl ester",-1
"Dodecanoic acid, 1-methylethyl ester",L-Tryptophan,1
"Dodecanoic acid, 1-methylethyl ester",N-Caffeoyl-O-methyltyramine,1
"Dodecanoic acid, 1-methylethyl ester",N-Methyl-1-[(trimethylsilyl)oxy]-1-{4-[(trimethylsilyl)oxy]phenyl}propan-2-amine,1
"Dodecanoic acid, 1-methylethyl ester",Octanoic acid,1
"Dodecanoic acid, 1-methylethyl ester",Suberic acid,1
"Dodecanoic acid, 1-methylethyl ester",Tetrahydro-solasodine triacetate,1
"Dodecanoic acid, 1-methylethyl ester",Triethyl citrate,1
"Dodecanoic acid, 1-methylethyl ester",Vanillylmandelic acid,1
"Dodecanoic acid, 1-methylethyl ester",Yangonin,1
Dodecanoic acid,Hexanoic acid,1
Dodecanoic acid,Isonicotinic Acid,1
Dodecanoic acid,Ketamine,1
Dodecanoic acid,Levulinic acid,1
Dodecanoic acid,Malic acid,1
Dodecanoic acid,Myristic acid,1
Dodecanoic acid,Pentanedioic acid,1
Dodecanoic acid,Pentanoic acid,1
Dodecanoic acid,Phenoxyethanol,1
Dodecanoic acid,Stearic acid,1
Dodecanoic acid,Thymol,1
Dodecanoic acid,Uracil,1
"D-Streptamine, O-6-amino-6-deoxy-alpha-D-glucopyranosyl-(1-4)-O-(3-deoxy-4-C-methyl-3-(methylamino)-beta-L-arabinopyranosyl-(1-6))-2-deoxy-",Frangulin,1
"D-Streptamine, O-6-amino-6-deoxy-alpha-D-glucopyranosyl-(1-4)-O-(3-deoxy-4-C-methyl-3-(methylamino)-beta-L-arabinopyranosyl-(1-6))-2-deoxy-",Glycerol,1
"D-Streptamine, O-6-amino-6-deoxy-alpha-D-glucopyranosyl-(1-4)-O-(3-deoxy-4-C-methyl-3-(methylamino)-beta-L-arabinopyranosyl-(1-6))-2-deoxy-",Hexacosanoic acid,1
"D-Streptamine, O-6-amino-6-deoxy-alpha-D-glucopyranosyl-(1-4)-O-(3-deoxy-4-C-methyl-3-(methylamino)-beta-L-arabinopyranosyl-(1-6))-2-deoxy-",Iminodiacetic acid,1
"D-Streptamine, O-6-amino-6-deoxy-alpha-D-glucopyranosyl-(1-4)-O-(3-deoxy-4-C-methyl-3-(methylamino)-beta-L-arabinopyranosyl-(1-6))-2-deoxy-",Isopropyl palmitate,1
"D-Streptamine, O-6-amino-6-deoxy-alpha-D-glucopyranosyl-(1-4)-O-(3-deoxy-4-C-methyl-3-(methylamino)-beta-L-arabinopyranosyl-(1-6))-2-deoxy-",L-Glutamine,1
"D-Streptamine, O-6-amino-6-deoxy-alpha-D-glucopyranosyl-(1-4)-O-(3-deoxy-4-C-methyl-3-(methylamino)-beta-L-arabinopyranosyl-(1-6))-2-deoxy-",L-Tryptophan,1
"D-Streptamine, O-6-amino-6-deoxy-alpha-D-glucopyranosyl-(1-4)-O-(3-deoxy-4-C-methyl-3-(methylamino)-beta-L-arabinopyranosyl-(1-6))-2-deoxy-",N-Caffeoyl-O-methyltyramine,1
"D-Streptamine, O-6-amino-6-deoxy-alpha-D-glucopyranosyl-(1-4)-O-(3-deoxy-4-C-methyl-3-(methylamino)-beta-L-arabinopyranosyl-(1-6))-2-deoxy-",N-Methyl-1-[(trimethylsilyl)oxy]-1-{4-[(trimethylsilyl)oxy]phenyl}propan-2-amine,1
"D-Streptamine, O-6-amino-6-deoxy-alpha-D-glucopyranosyl-(1-4)-O-(3-deoxy-4-C-methyl-3-(methylamino)-beta-L-arabinopyranosyl-(1-6))-2-deoxy-","Propanoic acid, dimethyl(isopropyl)silyl ester",1
"D-Streptamine, O-6-amino-6-deoxy-alpha-D-glucopyranosyl-(1-4)-O-(3-deoxy-4-C-methyl-3-(methylamino)-beta-L-arabinopyranosyl-(1-6))-2-deoxy-",Suberic acid,1
"D-Streptamine, O-6-amino-6-deoxy-alpha-D-glucopyranosyl-(1-4)-O-(3-deoxy-4-C-methyl-3-(methylamino)-beta-L-arabinopyranosyl-(1-6))-2-deoxy-",Triethyl citrate,1
"D-Streptamine, O-6-amino-6-deoxy-alpha-D-glucopyranosyl-(1-4)-O-(3-deoxy-4-C-methyl-3-(methylamino)-beta-L-arabinopyranosyl-(1-6))-2-deoxy-",Yangonin,1
Durapan,"Erythrono-1,4-lactone",-1
Durapan,"Hymexazole, tert-butyldimethylsilyl ether",1
Durapan,Isobutanol,-1
Durapan,Ketamine,1
Durapan,"Kojic acid, bis(tert-butyldimethylsilyl) ether",1
Durapan,"l-Norvaline, n-propargyloxycarbonyl-, isohexyl ester",-1
Durapan,L-Tryptophan,1
Durapan,Methanesulfonic acid,1
Durapan,Methylthiouracil,1
Durapan,N-Acetylaminoethanol,-1
Durapan,"Oxymorphone, bis(trimethylsilyl) ether",1
Durapan,Phenoxyethanol,1
Durapan,Pinosylvin,1
Durapan,Xylazine,1
"Erythrono-1,4-lactone",Hydracrylic acid,1
"Erythrono-1,4-lactone",Methanesulfonic acid,-1
"Erythrono-1,4-lactone",Methylthiouracil,-1
"Erythrono-1,4-lactone",Oleamide,-1
"Erythrono-1,4-lactone",Oxalic acid,1
"Erythrono-1,4-lactone",Picolinic acid,1
"Erythrono-1,4-lactone",Pinosylvin,-1
Ethanolamine,Octacosanol,1
Ethanolamine,"Phenol, 2,4-bis(1-methyl-1-phenylethyl)-",1
Formamide,Hexanoic acid,1
Formamide,Isonicotinic Acid,1
Formamide,L-Glutamic acid,1
Formamide,Lignoceric acid,1
Formamide,Oxalic acid,1
Formamide,"Phenol, 2,4-bis(1-methyl-1-phenylethyl)-",1
Formamide,Urea,1
Frangulin,Glycerol,1
Frangulin,Hexacosanoic acid,1
Frangulin,Iminodiacetic acid,1
Frangulin,Isopropyl palmitate,1
Frangulin,L-Glutamine,1
Frangulin,L-Leucine,1
Frangulin,"l-Norvaline, n-propargyloxycarbonyl-, isohexyl ester",-1
Frangulin,L-Tryptophan,1
Frangulin,N-Caffeoyl-O-methyltyramine,1
Frangulin,N-Methyl-1-[(trimethylsilyl)oxy]-1-{4-[(trimethylsilyl)oxy]phenyl}propan-2-amine,1
Frangulin,Suberic acid,1
Frangulin,Tetrahydro-solasodine triacetate,1
Frangulin,Yangonin,1
Glycerol,Hexacosanoic acid,1
Glycerol,Isopropyl palmitate,1
Glycerol,L-Alanine,1
Glycerol,L-Glutamine,1
Glycerol,"l-Norvaline, n-propargyloxycarbonyl-, isohexyl ester",-1
Glycerol,L-Tryptophan,1
Glycerol,Norketamine,1
Glycerol,Picolinic acid,-1
Glycerol,Tetrahydro-solasodine triacetate,1
Glycerol,Triethyl citrate,1
Glycine,"Glycine, tert.-butyldimethylsilyl ester",1
Glycine,L-Glutamine,1
Glycine,Octanoic acid,1
Glycine,Vanillylmandelic acid,1
"Glycine, tert.-butyldimethylsilyl ester",L-Glutamine,1
"Glycine, tert.-butyldimethylsilyl ester",Octanoic acid,1
"Glycine, tert.-butyldimethylsilyl ester",Suberic acid,1
"Glycine, tert.-butyldimethylsilyl ester",Vanillylmandelic acid,1
Glycolic acid,Heptanoic acid,1
Glycolic acid,Hexanoic acid,1
Glycolic acid,Hydracrylic acid,1
Glycolic acid,Isopropylamine,-1
Glycolic acid,N-Ethylamphetamine,-1
Glycolic acid,Nonanoic acid,1
Glycolic acid,Oxalic acid,1
Glycolic acid,"Phenol, 2,4-bis(1-methyl-1-phenylethyl)-",1
Glycolic acid,Picolinic acid,1
Guanosine,N-Acetyl-L-alanine,-1
Guanosine,Propylene glycol,-1
Heptanoic acid,Isopropylamine,-1
Heptanoic acid,Nonanoic acid,1
Heptanoic acid,Oxalic acid,1
Heptanoic acid,Palmitic Acid,1
Heptanoic acid,Salsoline,1
Heptylamine,Hexacosanoic acid,1
Heptylamine,"Hymexazole, tert-butyldimethylsilyl ether",1
Heptylamine,Isopropyl palmitate,1
Heptylamine,"Kojic acid, bis(tert-butyldimethylsilyl) ether",1
Heptylamine,L-Alanine,1
Heptylamine,L-Leucine,1
Heptylamine,L-Tryptophan,1
Heptylamine,Methanesulfonic acid,1
Heptylamine,Niacin,1
Heptylamine,N-Methyl-1-[(trimethylsilyl)oxy]-1-{4-[(trimethylsilyl)oxy]phenyl}propan-2-amine,1
Heptylamine,Norketamine,1
Heptylamine,Phenoxyethanol,1
Heptylamine,Propylene glycol,1
Heptylamine,Tetrahydro-solasodine triacetate,1
Heptylamine,Thymol,1
Heptylamine,Yangonin,1
Hexacosanoic acid,Iminodiacetic acid,1
Hexacosanoic acid,Isopropyl palmitate,1
Hexacosanoic acid,L-Alanine,1
Hexacosanoic acid,L-Glutamine,1
Hexacosanoic acid,L-Tryptophan,1
Hexacosanoic acid,N-Caffeoyl-O-methyltyramine,1
Hexacosanoic acid,Niacin,1
Hexacosanoic acid,N-Methyl-1-[(trimethylsilyl)oxy]-1-{4-[(trimethylsilyl)oxy]phenyl}propan-2-amine,1
Hexacosanoic acid,Norketamine,1
Hexacosanoic acid,"Propanoic acid, dimethyl(isopropyl)silyl ester",1
Hexacosanoic acid,Propylene glycol,1
Hexacosanoic acid,Stearic acid,1
Hexacosanoic acid,Tetrahydro-solasodine triacetate,1
Hexacosanoic acid,Thymol,1
Hexacosanoic acid,Triethyl citrate,1
Hexacosanoic acid,Yangonin,1
Hexanoic acid,Hypoxanthine,1
Hexanoic acid,Isonicotinic Acid,1
Hexanoic acid,Isopropylamine,-1
Hexanoic acid,Levulinic acid,1
Hexanoic acid,Lignoceric acid,1
Hexanoic acid,Myristic acid,1
Hexanoic acid,N-Acetylaspartic acid,1
Hexanoic acid,Oxalic acid,1
Hexanoic acid,Pentanoic acid,1
Hexanoic acid,"Phenol, 2,4-bis(1-methyl-1-phenylethyl)-",1
Hexanoic acid,Picolinic acid,1
Hexanoic acid,Suberic acid,1
Hexanoic acid,Urea,1
Hydracrylic acid,Isopropylamine,-1
"Hymexazole, tert-butyldimethylsilyl ether",Hypoxanthine,1
"Hymexazole, tert-butyldimethylsilyl ether",Isobutanol,-1
"Hymexazole, tert-butyldimethylsilyl ether",Ketamine,1
"Hymexazole, tert-butyldimethylsilyl ether","Kojic acid, bis(tert-butyldimethylsilyl) ether",1
"Hymexazole, tert-butyldimethylsilyl ether",Malic acid,1
"Hymexazole, tert-butyldimethylsilyl ether",Methanesulfonic acid,1
"Hymexazole, tert-butyldimethylsilyl ether",Methylthiouracil,1
"Hymexazole, tert-butyldimethylsilyl ether",Monocaproin,1
"Hymexazole, tert-butyldimethylsilyl ether","N,N-Dimethyl-2-aminoethanol",1
"Hymexazole, tert-butyldimethylsilyl ether",Phenoxyethanol,1
"Hymexazole, tert-butyldimethylsilyl ether",Pinosylvin,1
"Hymexazole, tert-butyldimethylsilyl ether",Uracil,1
"Hymexazole, tert-butyldimethylsilyl ether",Xylazine,1
Hypoxanthine,Ketamine,1
Hypoxanthine,L-Valine,1
Hypoxanthine,Malic acid,1
Hypoxanthine,Pentanoic acid,1
Hypoxanthine,Pipecolic acid,1
Hypoxanthine,"Propanoic acid, 3-[(tert-butyldimethylsilyl)oxy]-2-methyl-",1
Hypoxanthine,Uracil,1
Hypoxanthine,Xylazine,1
Iminodiacetic acid,Isopropyl palmitate,1
Iminodiacetic acid,L-Alanine,1
Iminodiacetic acid,L-Glutamine,1
Iminodiacetic acid,N-Caffeoyl-O-methyltyramine,1
Iminodiacetic acid,Niacin,1
Iminodiacetic acid,Norketamine,1
Iminodiacetic acid,"Propanoic acid, dimethyl(isopropyl)silyl ester",1
Iminodiacetic acid,Suberic acid,1
Iminodiacetic acid,Triethyl citrate,1
Iminodiacetic acid,Yangonin,1
Isobutanol,Ketamine,-1
Isobutanol,"Kojic acid, bis(tert-butyldimethylsilyl) ether",-1
Isobutanol,Malic acid,-1
Isobutanol,Methanesulfonic acid,-1
Isobutanol,Methylthiouracil,-1
Isobutanol,Norephedrine,-1
Isobutanol,"Oxymorphone, bis(trimethylsilyl) ether",-1
Isobutanol,Phenoxyethanol,-1
Isobutanol,Pinosylvin,-1
Isonicotinic Acid,Levulinic acid,1
Isonicotinic Acid,Phenoxyethanol,1
Isopropyl palmitate,L-Alanine,1
Isopropyl palmitate,L-Glutamine,1
Isopropyl palmitate,L-Leucine,1
Isopropyl palmitate,"l-Norvaline, n-propargyloxycarbonyl-, isohexyl ester",-1
Isopropyl palmitate,L-Tryptophan,1
Isopropyl palmitate,N-Caffeoyl-O-methyltyramine,1
Isopropyl palmitate,Norketamine,1
Isopropyl palmitate,Suberic acid,1
Isopropyl palmitate,Tetrahydro-solasodine triacetate,1
Isopropyl palmitate,Triethyl citrate,1
Isopropyl palmitate,Vanillylmandelic acid,1
Isopropyl palmitate,Yangonin,1
Isopropylamine,Levulinic acid,-1
Isopropylamine,m-Toluic acid,-1
Isopropylamine,N-Acetyl-L-alanine,-1
Isopropylamine,Oxalic acid,-1
Isopropylamine,Salsoline,-1
Isopropylamine,Suberic acid,-1
Ketamine,"Kojic acid, bis(tert-butyldimethylsilyl) ether",1
Ketamine,"l-Norvaline, n-propargyloxycarbonyl-, isohexyl ester",-1
Ketamine,Malic acid,1
Ketamine,Methanesulfonic acid,1
Ketamine,Methylthiouracil,1
Ketamine,Mevalonolactone,-1
Ketamine,Pentanoic acid,1
Ketamine,Phenoxyethanol,1
Ketamine,Pinosylvin,1
Ketamine,Uracil,1
Ketamine,Xylazine,1
"Kojic acid, bis(tert-butyldimethylsilyl) ether",Malic acid,1
"Kojic acid, bis(tert-butyldimethylsilyl) ether",Methanesulfonic acid,1
"Kojic acid, bis(tert-butyldimethylsilyl) ether",Methylthiouracil,1
"Kojic acid, bis(tert-butyldimethylsilyl) ether",N-Ethyldiethanolamine,1
"Kojic acid, bis(tert-butyldimethylsilyl) ether",Phenoxyethanol,1
"Kojic acid, bis(tert-butyldimethylsilyl) ether",Pinosylvin,1
"Kojic acid, bis(tert-butyldimethylsilyl) ether",Vanillylmandelic acid,1
"Kojic acid, bis(tert-butyldimethylsilyl) ether",Xylazine,1
Lactic acid,Methyl lactate,-1
L-Alanine,Mevalonolactone,-1
L-Alanine,N-Caffeoyl-O-methyltyramine,1
L-Alanine,Niacin,1
L-Alanine,Norketamine,1
L-Alanine,Pentanedioic acid,1
L-Alanine,Suberic acid,1
L-Alanine,Triethyl citrate,1
L-Alanine,Vanillylmandelic acid,1
Leucylglycine,L-Tryptophan,-1
Leucylglycine,N-Isobutyrylglycine,1
Leucylglycine,Xylazine,-1
Leucylglycine,Yangonin,-1
Levulinic acid,Lignoceric acid,1
Levulinic acid,m-Toluic acid,1
Levulinic acid,Myristic acid,1
Levulinic acid,Suberic acid,1
L-Glutamine,L-Leucine,1
L-Glutamine,L-Tryptophan,1
L-Glutamine,N-Caffeoyl-O-methyltyramine,1
L-Glutamine,N-Methyl-1-[(trimethylsilyl)oxy]-1-{4-[(trimethylsilyl)oxy]phenyl}propan-2-amine,1
L-Glutamine,Octanoic acid,1
L-Glutamine,Suberic acid,1
L-Glutamine,Tetrahydro-solasodine triacetate,1
L-Glutamine,Triethyl citrate,1
L-Glutamine,Yangonin,1
"L-Histidine, N,1-bis(tert-butyldimethylsilyl)-",L-Threonine,-1
"L-Histidine, N,1-bis(tert-butyldimethylsilyl)-",Pentanoic acid,1
"L-Histidine, N,1-bis(tert-butyldimethylsilyl)-",Picolinic acid,1
"L-Histidine, N,1-bis(tert-butyldimethylsilyl)-",Propanoic acid,1
"L-Histidine, N,1-bis(tert-butyldimethylsilyl)-",Trimethylolpropane,1
Lignoceric acid,"l-Norvaline, n-propargyloxycarbonyl-, isohexyl ester",-1
Lignoceric acid,Myristic acid,1
Lignoceric acid,Pipecolic acid,1
Lignoceric acid,Suberic acid,1
Lignoceric acid,Supraene,1
Lignoceric acid,Vanillylmandelic acid,1
L-Leucine,"l-Norvaline, n-propargyloxycarbonyl-, isohexyl ester",-1
L-Leucine,L-Tryptophan,1
L-Leucine,Octanoic acid,1
L-Leucine,Yangonin,1
L-Lysine,Methyl lactate,1
"l-Norvaline, n-propargyloxycarbonyl-, isohexyl ester",L-Tryptophan,-1
"l-Norvaline, n-propargyloxycarbonyl-, isohexyl ester",Methanesulfonic acid,-1
"l-Norvaline, n-propargyloxycarbonyl-, isohexyl ester",Mevalonolactone,1
"l-Norvaline, n-propargyloxycarbonyl-, isohexyl ester",Myristic acid,-1
"l-Norvaline, n-propargyloxycarbonyl-, isohexyl ester",Norketamine,-1
"l-Norvaline, n-propargyloxycarbonyl-, isohexyl ester",Picolinic acid,1
"l-Norvaline, n-propargyloxycarbonyl-, isohexyl ester",Propylene glycol,-1
"l-Norvaline, n-propargyloxycarbonyl-, isohexyl ester",Xylazine,-1
L-Threonine,N-Isobutyrylglycine,1
L-Tryptophan,Methanesulfonic acid,1
L-Tryptophan,N-Methyl-1-[(trimethylsilyl)oxy]-1-{4-[(trimethylsilyl)oxy]phenyl}propan-2-amine,1
L-Tryptophan,Pinosylvin,1
L-Tryptophan,Tetrahydro-solasodine triacetate,1
L-Tryptophan,Triethyl citrate,1
L-Tryptophan,Vanillylmandelic acid,1
L-Tryptophan,Yangonin,1
L-Tyrosine,L-Valine,1
L-Tyrosine,Myristic acid,1
L-Tyrosine,"Naringenin 4',7-dimethylether",1
L-Tyrosine,N-Ethylamphetamine,-1
L-Tyrosine,Pentanedioic acid,1
L-Tyrosine,Pipecolic acid,1
L-Tyrosine,"Propanoic acid, 3-[(tert-butyldimethylsilyl)oxy]-2-methyl-",1
L-Tyrosine,Suberic acid,1
L-Tyrosine,Thymol,1
L-Tyrosine,Xylazine,1
L-Valine,Myristic acid,1
L-Valine,Phenol,-1
L-Valine,Pipecolic acid,1
L-Valine,"Propanoic acid, 3-[(tert-butyldimethylsilyl)oxy]-2-methyl-",1
L-Valine,"Propanoic acid, dimethyl(isopropyl)silyl ester",1
L-Valine,Suberic acid,1
L-Valine,Uracil,1
L-Valine,Vanillylmandelic acid,1
Malic acid,Methanesulfonic acid,1
Malic acid,Methylthiouracil,1
Malic acid,Mevalonolactone,-1
Malic acid,Pentanoic acid,1
Malic acid,Phenol,-1
Malic acid,Phenoxyethanol,1
Malic acid,Thymol,1
Malic acid,Uracil,1
Malic acid,Xylazine,1
Methanesulfonic acid,Methylthiouracil,1
Methanesulfonic acid,"Oxymorphone, bis(trimethylsilyl) ether",1
Methanesulfonic acid,Phenoxyethanol,1
Methanesulfonic acid,Pinosylvin,1
Methanesulfonic acid,Xylazine,1
Methyl lactate,Oleamide,-1
Methyl lactate,Supraene,-1
Methylthiouracil,N-Acetylaminoethanol,-1
Methylthiouracil,Phenoxyethanol,1
Methylthiouracil,Pinosylvin,1
Methylthiouracil,Xylazine,1
Mevalonolactone,Triethyl citrate,-1
Mevalonolactone,Uracil,-1
Monocaproin,"N,N-Dimethyl-2-aminoethanol",1
m-Toluic acid,N-Caffeoyl-O-methyltyramine,1
m-Toluic acid,Octanoic acid,1
Myristic acid,Octanoic acid,1
Myristic acid,Pentanedioic acid,1
Myristic acid,Pipecolic acid,1
Myristic acid,Suberic acid,1
Myristic acid,Supraene,1
Myristic acid,Vanillylmandelic acid,1
"N,N-Dimethyl-2-aminoethanol",Niacinamide,1
"N,N-Dimethyl-2-aminoethanol",Phenol,-1
"N,N-Dimethyl-2-aminoethanol",Uracil,1
N-Acetylaminoethanol,Pinosylvin,-1
N-Acetylaminoethanol,Stearic acid,-1
N-Acetylaminoethanol,Triethyl citrate,-1
N-Acetylaspartic acid,Pentanoic acid,1
N-Acetylaspartic acid,"Phenol, 2,4-bis(1-methyl-1-phenylethyl)-",1
N-Acetyl-L-alanine,"Naringenin 4',7-dimethylether",1
N-Acetyl-L-alanine,Pentanedioic acid,1
N-Acetyl-L-alanine,Propylene glycol,1
N-Acetyl-L-alanine,Suberic acid,1
N-Acetyl-L-alanine,Triethyl citrate,1
"Naringenin 4',7-dimethylether",N-Caffeoyl-O-methyltyramine,1
"Naringenin 4',7-dimethylether",Pipecolic acid,1
"Naringenin 4',7-dimethylether",Trimethylolpropane,1
N-Caffeoyl-O-methyltyramine,Niacin,1
N-Caffeoyl-O-methyltyramine,N-Methyl-1-[(trimethylsilyl)oxy]-1-{4-[(trimethylsilyl)oxy]phenyl}propan-2-amine,1
N-Caffeoyl-O-methyltyramine,Norketamine,1
N-Caffeoyl-O-methyltyramine,Suberic acid,1
N-Caffeoyl-O-methyltyramine,Triethyl citrate,1
N-Caffeoyl-O-methyltyramine,Trimethylolpropane,1
N-Caffeoyl-O-methyltyramine,Yangonin,1
N-Ethylamphetamine,Pentanedioic acid,-1
N-Ethylamphetamine,Suberic acid,-1
N-Ethyldiethanolamine,Thymol,1
Niacin,Norketamine,1
Niacin,"Propanoic acid, dimethyl(isopropyl)silyl ester",1
Niacin,Thymol,1
Niacin,Triethyl citrate,1
Niacin,Vanillylmandelic acid,1
Niacinamide,Phenol,-1
N-Isobutyrylglycine,"Propanoic acid, 3-[(tert-butyldimethylsilyl)oxy]-2-methyl-",1
N-Isobutyrylglycine,Propanoic acid,-1
N-Methyl-1-[(trimethylsilyl)oxy]-1-{4-[(trimethylsilyl)oxy]phenyl}propan-2-amine,Propylene glycol,1
N-Methyl-1-[(trimethylsilyl)oxy]-1-{4-[(trimethylsilyl)oxy]phenyl}propan-2-amine,Suberic acid,1
N-Methyl-1-[(trimethylsilyl)oxy]-1-{4-[(trimethylsilyl)oxy]phenyl}propan-2-amine,Tetrahydro-solasodine triacetate,1
N-Methyl-1-[(trimethylsilyl)oxy]-1-{4-[(trimethylsilyl)oxy]phenyl}propan-2-amine,Triethyl citrate,1
N-Methyl-1-[(trimethylsilyl)oxy]-1-{4-[(trimethylsilyl)oxy]phenyl}propan-2-amine,Yangonin,1
Nonanoic acid,Salsoline,1
Norephedrine,"Oxymorphone, bis(trimethylsilyl) ether",1
Norketamine,Suberic acid,1
Norketamine,Triethyl citrate,1
Octacosanol,Phenoxyethanol,-1
Octacosanol,Pinosylvin,-1
Octanoic acid,Pipecolic acid,1
Octanoic acid,Propylene glycol,1
Octanoic acid,Suberic acid,1
"Oxymorphone, bis(trimethylsilyl) ether",Phenoxyethanol,1
"Oxymorphone, bis(trimethylsilyl) ether",Pinosylvin,1
"Oxymorphone, bis(trimethylsilyl) ether",Vanillylmandelic acid,1
Palmitic Acid,Thymol,1
Pentanedioic acid,Pipecolic acid,1
Pentanedioic acid,Suberic acid,1
Pentanoic acid,Phenoxyethanol,1
Pentanoic acid,Uracil,1
Pentanoic acid,Urea,1
Phenol,"Propanoic acid, 3-[(tert-butyldimethylsilyl)oxy]-2-methyl-",-1
Phenol,Triethyl citrate,-1
Phenol,Uracil,-1
Phenoxyethanol,Pinosylvin,1
Phenoxyethanol,Uracil,1
Phenoxyethanol,Xylazine,1
Pinosylvin,Xylazine,1
Pipecolic acid,Suberic acid,1
Pipecolic acid,Supraene,1
"Propanoic acid, 3-[(tert-butyldimethylsilyl)oxy]-2-methyl-",Uracil,1
"Propanoic acid, dimethyl(isopropyl)silyl ester",Propylene glycol,1
"Propanoic acid, dimethyl(isopropyl)silyl ester",Thymol,1
"Propanoic acid, dimethyl(isopropyl)silyl ester",Vanillylmandelic acid,1
Propanoic acid,Synephrine,1
Propylene glycol,Stearic acid,1
Propylene glycol,Triethyl citrate,1
Propylene glycol,Vanillylmandelic acid,1
Salsoline,Stearic acid,1
Stearic acid,Triethyl citrate,1
Tetrahydro-solasodine triacetate,Triethyl citrate,1
Tetrahydro-solasodine triacetate,Yangonin,1
Thymol,Uracil,1
Thymol,Vanillylmandelic acid,1
Uracil,Xylazine,1
Vanillylmandelic acid,Yangonin,1
