NAME ,CSF 75 103 20122021,CSF 106 20122021,CSF 105 21122021,CSF 101 102 104 21122021,CSF 81 83 108 113 21122021,CSF 109 21122021,CSF 110 21122021,CSF 113 20122021,CSF 88 118 21122021,CSF 89 PROVA 07122021,CSF 115 116 121 122 21122021,CSF 118 120 21122021,CSF  96 20122021,CSF 70 21122021,CSF 97 21122021,CSF 123 124 126 20122021,CSF 129 21122021,DSS 71+77+T0.5 090224,DSS 72+74+T0.8.2 090224,DSS 73 090224,DSS 76 090224,DSS B896 090224,DSS T0.5+B897 090224,DSS T0.7 090224,DSS T0.8 090224,DSS 79+111+80+902 090224,DSS 114+107 090224,DSS BT1.8 090224,DSS T1.5+T1.7+902 090224,DSS T1.6+901 090224,DSS 85+86+T3.8+78+906 120224,DSS 91  120224,DSS 117  120224,DSS 122+90+87  120224,DSS 906+T3.8 120224,DSS 907  120224,DSS T3.6  090224,DSS T3.7  090224,DSS 93+126+T5.6 120224,DSS 95+127 120224,DSS 129+94+128 120224,DSS 911+T5.6 120224,DSS 912  120224,DSS T5.5+T5.8  120224,DSS T5.7 120224,3297 VECPAC 190224,3354+3353VECPAC 190224,3369+3673+3371+3677 VECPAC 190224,3674+3677 VECPAC 190224,3677+3688 VECPAC 190224,3679 VECPAC 190224,3680+3629.1 REP VECPAC 200224,3681 VECPAC 190224,3687 VECPAC 190224,VECPAC 3678+3675 120224,3296+3296.1 VECPAC 200224,3306+3296+3296.1VECPAC 200224_2,3328+3356 VECPAC 190224,3330+3347+3689 VECPAC 190224,3352+3370+3689 VECPAC 200224,3355+3364+3665 VECPAC 200224,935 CTR LPS CSF 070224,936 CTR LPS CSF 070224_2,937 CTR LPS CSF 070224,938+942 CTR LPS CSF 070224,939+940.2 CTR LPS CSF 070224,940+934 CTR LPS CSF 070224,941 CTR LPS CSF 070224,942 CTR LPS CSF 070224,943 CTR LPS CSF 070224,"944+946 CSF 2,5H 080224","945+949 CTR 2,5H CSF 070224","948 CSF 2,5H 080224","950+951+947 CSF 2,5H 080224","952+953 CSF 2,5H 080224",954+961 CSF 24H 080224,955+961 CSF 24H 080224,956 CSF 24H 080224,957 CSF 24H 080224,958+963 CSF 24H 080224,959 CSF 24H 080224,960+962+963 CSF 24H 080224
,NT,NT,NT,NT,T1,T1,T1,T1,T3,T3,T3,T3,T5,T5,T5,T5,T5,NT,NT,NT,NT,NT,NT,NT,NT,T1,T1,T1,T1,T1,T3,T3,T3,T3,T3,T3,T3,T3,T5,T5,T5,T5,T5,T5,T5,WT,WT,WT,WT,WT,WT,WT,WT,WT,WT,CRE+,CRE+,CRE+,CRE+,CRE+,CRE+,CTR,CTR,CTR,CTR,CTR,CTR,CTR,CTR,CTR,2.5,2.5,2.5,2.5,2.5,24,24,24,24,24,24,24
"(2,5-Dimethoxyphenyl)acetone",71461.57049,82030.94419,62228.76129,48566.88081,46364.304,63404.32079,52304.54102,58589.69266,36641.96904,156310.6701,64237.36961,43888.23979,66505.59171,43731.38148,35548.4797,59215.66834,65195.3958,98111.73525,66107.84183,61487.77617,44579.29945,51871.51156,171433.3867,56614.44142,106182.1573,41264.08433,62597.67885,62564.25972,49977.63177,43958.34275,50498.00486,47812.3879,53401.88814,54016.31905,79550.59825,49882.85611,62828.91871,87490.86053,37571.24524,44659.37292,55273.43304,43941.67896,52660.24383,68748.51816,34579.51924,60441.87655,80620.0371,67318.48851,59581.35304,65851.86709,34634.09876,56839.45339,124928.2394,48239.58606,33810.31696,52999.31229,48887.0776,63874.67519,60332.05887,75484.06975,60252.34197,47464.74921,45739.8119,67751.53899,62129.4542,80300.01239,55110.69948,88453.17167,51671.13438,69324.48248,73055.94424,87474.61326,72498.58144,81734.2684,60044.88371,56782.46259,69571.42456,8791.856322,58528.2464,60347.44209,66333.6657,41641.05059
"(2R)-Pyrrolidine-1,2-dicarboxylic acid, bis(tert-butyldimethylsilyl) ester",1703118.436,0,944653.4754,1646027.041,1103871.749,2256816.523,847017.9095,247455.5381,508307.2682,195107.6254,850145.8817,299361.0133,224337.2238,0,69340.53574,2968143.992,0,332695.5511,462269.7545,252750.0188,677206.091,1708404.271,484139.5708,494893.0969,794283.0008,0,741749.4613,1249397.119,1041510.595,516.7688595,531599.4441,1228020.808,941965.1713,961967.6609,930482.1596,1375156.142,592446.8861,1843948.314,0,0,1386189.485,3118189.359,804929.8315,84.41599147,879541.373,1064662.302,385573.8302,1062753.134,948484.6017,852622.5705,419060.8465,925554.2893,706911.482,592339.3821,1037448.377,567974.989,721435.0707,642129.8768,956860.1683,1401844.234,762537.047,282575.8162,309258.5477,461736.8571,1100178.478,0,501199.3311,286696.5322,681447.7673,1333647.17,0,1319318.185,1134595.843,125384.9723,874854.7494,1104618.79,315238.5227,956423.3419,942140.8165,2632352.861,1497830.088,1266253.595
(4-Fluorophenyl)phenylmethanol,42638.47599,53425.67277,43828.48668,55221.41236,51891.77654,64354.87335,51477.89709,50224.60664,51985.66112,12887.78563,51134.40875,48067.88338,46918.11759,49955.22053,51362.2384,51216.21625,47938.19406,1002671.712,0,0,0,0,0,0,0,0,0,0,0,0,0,355375.9332,0,0,0,0,0,0,0,0,0,0,0,0,0,0,0,499321.0761,0,0,0,0,107810.3666,0,0,168895.7829,0,0,0,0,0,0,0,568377.7956,0,0,0,0,0,0,0,0,0,0,0,450157.938,0,0,0,0,0,0
"(9H-fluoren-9-yl)methanol, O-methoxycarbonyl-",250184025.6,292953974.5,186357861.3,195116566,236081629.9,271448856.3,199888561.3,234890765,204284811.9,302367196.4,257643827.5,174313924.4,160693269.1,220498858.8,268128179.1,240630698.1,159867168.3,0,131332033,53866317.1,264784357,175183451.2,128501444.8,169333569.8,368473982,120914187.7,240990546.4,241834457.3,235810417.4,287839957.8,371293646.5,263081640.8,314683772.4,311213562.4,344389166.9,624075913.1,257120703.5,369735173.4,241873317,0,0,0,280313581.8,374895261.2,178448060.1,1240395978,292921090,232161895.7,0,611330296.1,214897209.6,147296342.1,68566428.78,115657340.8,86511220.73,153494801.9,166417228.7,166659599.7,94773260.85,37482176.17,0,159943413.7,254984932.1,207162826.3,350466331,220580463.9,374239051,87943612.81,12582882.56,183394553.3,407840174.2,217713207.6,305954514.3,127267297.1,421902836.3,268635467.5,196778745.6,17564847.62,167713826.2,520201996.1,119902426.7,139717984.7
"3,4,5-Trimethoxyamphetamine",8412023.993,21012571.49,20561662.38,20926542.84,0,75830.8854,19838473.54,23205609.82,5927880.504,0,4228770.187,17556508.29,13590793.87,15193865.7,20933525.07,16230410.67,25572477.8,0,18594516.25,5909994.755,975.6771408,15581800.12,37916682.43,13227482.43,14653038.19,16879726.71,14802373.78,15255152.13,21916224.89,22091917.95,31308437.69,22561586.04,34197352.87,36204320.85,196.6954209,266.5231078,0,11215.09287,51323.70826,0,35421539.03,27611083.87,662.8483558,6512.834685,0,0,0,276459.7767,24002.14869,129609.1179,90918.76324,35829.39919,8040.871983,499435.8686,0,2074954.441,0,85675689.58,81.3420916,130637642.3,92698.28368,23232741.84,37837710.62,23306348.67,603.9903709,41492578.33,19052835.39,177169.7685,1637.594377,21178771.4,8646455.574,9858.547604,9242635.794,24525760.89,10676931.44,26690598.49,5687512.118,13787166.94,4774280.004,5019417.089,12812273.01,0
Oxypeucedanin,35239.75539,70594.06494,90158.52095,6990.775119,137028.9303,0,286.3881445,46068.88961,25317.13213,254927.5577,26894.83711,0,43335.61289,156.2095881,51110.42389,115992.381,43800.72926,0,0,0,0,0,0,0,0,0,0,0,0,0,0,0,0,0,0,452466.2074,0,735262.4273,0,0,0,373522.0609,0,0,0,0,0,0,0,0,0,0,0,0,0,0,0,0,0,0,0,0,0,0,0,0,0,0,0,0,0,0,0,0,0,0,0,0,0,0,0,0
"1-(1-Hydroxybutyl)-2,5-dimethoxybenzene ",23539858.78,36523031.19,18891653.75,30278484.67,18939639.34,10847353.14,16803751.11,19321765.54,20742594.01,3800880.202,22815970.54,21910188.67,104516160.4,88969998.52,56574702.64,29920725.97,51862313.26,15649393.59,63272418.01,0,19602601.68,129495271.3,0,44605423.09,78104380.87,46072184.82,61020774.21,80183241.8,33752852.71,0,0,26455489.47,123069.5113,21839778.53,0,14948677.6,63516414.33,90929431.26,19425915.91,46633918.99,28383146.2,26992930.93,38125273.88,0,0,11389516.68,19229446.02,14866099.37,24619759.45,0,0,67166104.62,14172806.26,44320177.6,15836633.98,66845580.7,51122929.79,38486665.47,53117294.16,95535622.22,25652842.9,0,19200180.56,23218700.82,40437120.28,97113660.94,0,0,111767297.1,204357331.3,0,68003270.28,0,0,13654716.25,0,0,0,28725028.28,44381505.67,60990630.02,0
"1-(2,4-Dimethoxyphenyl)-propan-2-one",0,140974.845,393650.735,233835.8123,302350.9722,321599.0859,352692.8948,0,302299.4995,3290136.474,0,0,64735.70863,112592.7644,0,1110268.791,0,570550.0842,325785.4625,63388.67546,391833.3827,348470.9877,353874.8687,358091.9145,432460.9807,356679.8863,437615.2905,365147.3036,302562.473,629628.9379,654521.0969,228378.6677,371129.3697,385441.0959,317124.5143,295158.1076,309664.3465,603285.6514,330884.442,351466.7067,699898.299,342990.9553,320880.4414,455212.7483,309864.6225,26845.74725,556396.1792,586156.2326,488597.5197,464890.1283,300870.5884,404609.3256,72048.31749,318438.9974,225671.2344,344724.517,353579.9219,388651.1814,418400.5561,611609.3291,673933.8319,351903.1393,0,420154.0421,642653.0034,505218.9146,832595.2626,371220.7074,253058.2954,360185.3063,420274.2642,512256.0007,380915.1238,406659.2337,482180.1367,253913.0488,295653.7389,254090.3369,375451.889,311918.7567,353059.1269,400633.1576
"1-(2,5-Dimethoxyphenyl)-1-[(trimethylsilyl)oxy]propan-2-amine",0,1027436.547,2771931.183,3595980.61,425540.6995,2039653.221,667736.1071,2121148.653,1429684.911,729121753.5,1683524.516,1099840.661,0,1417051.303,446614.217,6924137.079,650127.3016,56772169.93,26200200,55059994.34,36091294.59,23480879.28,59607448.79,32609387.23,34310033.6,23195409.96,35070927.84,34373307.27,24511211.79,26840275.3,60154784.38,36837533.97,48764176.38,44077638.78,59733128.17,47470442.21,18942210.44,195532763.6,22732729.34,39626960.85,37125574.09,34231351.08,37391370.64,75733354.11,17748177.01,33162341.68,63192722.54,53023805.06,60003934.59,67149755.7,28860951.41,27125126.34,53327118.06,32972211.69,56944005.2,41576318.18,23082773.7,42200447.67,35226596.98,50544516.07,42592937.96,50073791.47,49876542.21,72723256.76,52946500.22,65429983.58,69189445.85,66394700.25,35390239.57,43321339.69,37854725.88,57629841.21,33931030.34,49394591.5,25838561.87,29383796.98,21164684.45,23267707.31,31216764.68,61034868.91,24421833.05,32684345.41
"1-(4-Methoxyphenyl)-4,6-dimethyl-2(1H)-pyrimidinone",855370.4807,668684.3443,790678.1784,151931.5711,662600.0119,655158.8755,719688.2536,623334.4461,736530.6533,39680974.35,631226.8465,641237.9077,616275.5378,624595.279,647821.2881,1315676.324,574131.1987,1009024.684,1035507.692,93851.66009,3357345.768,1185189.113,731406.2445,1636636.548,5602007.572,2582268.188,4599013.774,7260517.643,5329711.799,6061255.348,2155643.72,2698601.409,5305844.351,2842425.109,1259733.3,576254.6695,5460932.39,2654928.867,460476.9972,1109427.814,2295211.82,1003253.591,8418035.584,3434934.919,3175008.563,0,2564323.482,4442510.676,2427609.703,2049608.571,1579541.3,3152929.062,5038706.03,2303119.979,3775484.613,1986595.421,3738932.591,3622455.576,2546002.971,8391865.245,0,580335.8191,4305368.927,2496239.232,5852488.051,4652864.405,2075213.526,259208.1698,2982324.005,4842917.045,5318644.805,3121471.56,2063258.419,1297179.581,2652066.25,3933452.233,3905619.707,2193645.202,807616.8188,2224782.2,5331680.624,1604460.271
1-(Cyclohexylmethyl)-4-piperidinylamine,43200.5432,12917.81879,11368.01672,5212.387799,15067.77951,14233.73969,11000.9874,6980.427495,9825.31278,35676.25709,0,12544.94027,6441.292612,5012.785835,6738.296773,73008.34205,9584.483697,0,27402.89411,0,57788.18134,56883.60679,811.2467561,0,15684.77874,38686.23304,0,0,1826.377808,17150.97289,55918.38544,12558.73628,26392.42842,17320.9774,21160.931,13952.87205,7757.88232,51029.72592,9239.283863,1569.291663,0,1543.289994,0,1402.728811,23141.26526,0,0,0,50122.02913,81003.9167,23807.43308,22069.32779,3836.636799,0,0,15208.88612,0,24730.75754,41633.63564,0,0,42121.03284,634.7571202,7030.459844,26676.09715,79272.05385,2846.103214,0,9589.231297,13901.03462,1782.162404,401.6576097,0,1824.861881,49847.18282,0,27193.15482,0,73964.11186,0,1366.176393,5966.4897
1-(tert-Butyldimethylsilyl)-4-methyl-1H-pyrazole,518884.9887,401412.2448,779488.5468,565718.2184,402694.3131,474162.5054,488979.2769,0,428904.3005,395090.0921,806328.1755,408137.3086,848077.5556,129256.9766,408410.5962,392668.6141,817557.4682,852458.321,529873.3119,532286.6882,510805.3636,541186.7858,702664.4408,468134.5384,525629.1227,459343.3418,573561.3362,492125.0344,453209.2887,477006.7904,398037.1414,371441.2126,409799.4046,547345.1192,279182.4211,272709.2004,369495.8048,762187.3335,365052.1789,552445.8181,529161.6482,381857.0459,503913.0871,475900.1945,277399.3839,370803.134,796502.3553,528913.6667,497460.8322,545736.4225,272026.3681,383661.5273,328079.5744,378554.0968,396543.0795,581452.6352,345682.5984,527308.157,454244.1588,806798.7455,565781.9959,387439.6497,327699.3982,556240.93,389186.5247,493109.8548,385291.672,756366.1193,280680.2997,379619.1449,461911.7098,618701.1504,556378.2118,835886.0744,447069.1018,414556.7712,390882.6281,454430.6207,533566.5055,515446.8465,556797.7133,469397.5919
"1,2,4-Butanetriol, (S)",20783.9046,0,0,7145.697586,21285.03884,36989.27615,0,6383.517026,0,0,7125.100112,31673.34034,8995.636697,34806.08271,16064.18258,33876.57124,18960.43269,0,0,0,0,0,0,0,0,0,0,0,0,0,0,0,402028.5798,0,0,0,0,0,0,0,0,0,0,0,0,0,0,0,0,0,0,0,0,0,0,0,0,0,0,0,0,0,170263.2118,0,90103.98431,39735.68883,0,0,0,0,1418.549867,0,0,0,0,0,0,0,0,0,0,0
"1,2-Benzenedicarboxylic acid, butyl octyl ester",15221127.12,0,14194311.22,18678210.67,17692790.18,19378692.52,14305313.99,16170851.67,14826881.62,36193461.14,22322269.01,17229727.15,18239748.61,14660457.72,15322373.15,21331513.48,16955818.19,0,0,0,0,0,0,0,0,0,0,0,0,0,0,0,0,0,0,0,481495535.8,0,0,0,0,0,637365.8545,0,0,0,0,0,0,0,52851077.69,0,0,9506157.62,0,0,97358701.32,0,47267188.61,0,68521390,0,0,0,0,0,59539250.32,0,0,0,0,0,96701259.57,0,0,137669759.8,0,0,67689406.59,0,0,0
"1,2-Bis(trimethylsiloxy)cyclohexene",66664.30552,0,0,88260.17599,89221.01775,1019113.233,0,0,0,0,178149.2076,0,0,0,0,0,0,0,0,0,0,902467.912,0,0,248785.297,0,0,270792.9571,0,0,0,0,0,0,0,952037.4989,0,0,0,0,0,0,0,0,0,0,0,0,1228858.885,0,0,0,127760.3524,0,0,0,0,0,0,0,0,0,0,0,0,0,0,0,0,0,0,0,0,0,0,1226172.377,554390.3715,0,0,0,0,0
"1,2-Cinnolinedicarboxylic acid, 1,2,3,5,6,7,8,8a-octahydro-4-trimethylsilyloxy-, diethyl ester",0,0,0,0,0,62103.49394,0,131628.3158,6764.638418,0,0,0,0,26603.57249,0,39575.38193,0,0,0,235.3502939,0,0,0,1615.212975,39883.96214,0,0,0,0,0,0,0,0,0,0,0,386559.4902,0,0,0,0,0,0,10936.05917,0,0,0,0,0,78652.10565,0,82151.09936,0,61503.60576,0,0,0,8918.965549,0,19762.83783,0,0,0,0,0,792.0402756,0,1541.699673,0,0,0,19750.40753,0,0,305741.815,0,0,0,1596.593595,0,0,0
"1,2-Cyclohexanediol, (Z)",342403.9737,224531.2694,174203.2679,79825.41055,188739.8755,0,0,208327.2438,168350.5751,15617.14813,133101.6146,111441.5383,0,141896.4349,86050.77252,334642.3655,117515.6687,89538.37806,56720.2666,167745.3671,116728.4608,140949.9702,140025.4308,121502.2842,181449.2043,177348.1311,186066.4166,175335.4819,230916.493,225907.5846,147761.5953,197127.2884,185567.564,0,199715.6027,0,180413.8736,248807.8098,150928.047,0,0,0,152570.9942,181586.288,177412.1996,376422.0486,0,247582.2416,0,219667.6421,330940.0542,71194.43664,0,0,321480.2718,0,330437.3012,0,221714.5082,0,70347.05675,150040.502,151516.7469,225082.0427,158826.8175,168516.554,168108.2599,155482.0958,106983.5913,138545.5562,123789.7746,250193.2322,137846.0134,59073.34185,159150.0414,133600.3896,87123.00785,76410.4528,115152.7243,61470.15508,112541.1267,134641.1228
"1,3-Butanediamine",56173063.13,18141343.48,12654578.68,110110770.3,25140765.15,0,76430278.07,70981527.52,14146637.32,0,28921466.07,68442954.29,3557165.738,130124189.9,119982516.5,0,39253394.87,0,0,0,0,0,0,0,0,0,1274923425,0,0,0,0,0,0,0,0,0,0,0,0,0,0,0,0,0,0,65718504.24,377763034.7,60548896.48,0,6047508.354,0,0,0,0,0,0,218449727.8,0,0,0,0,0,0,0,0,0,0,0,0,0,0,0,0,0,0,0,0,0,0,0,0,0
"1,3-Oxazolidine, 2,5-diphenyl-4-methyl-, trans-",226480544.1,273827682.8,377782494.6,359757942.6,368715528.5,415664512.7,398503218.9,371458620.3,375944920.1,299266975.9,345751667.6,362941687.2,339329116.6,240731210.2,269647450.5,148283230.6,358687806.1,697606135.5,353544214.1,380391039.3,305289426.5,321853568,367590632.3,236845231.5,267873356,299157461.9,290055517.2,303227076,272282988.8,232444656.1,139316613.5,303239769.5,272429370.1,331075866.8,171386218.5,211830273.7,254376961.5,540805018.1,364803889.9,319054418,253694974.8,351738326.3,362091698.8,536236683.8,372563852,244159530.5,647048284.2,232598588.6,345850401.3,245618113.9,103847109.5,328806482.8,216737593.4,311470870.2,319309885.2,438119410.1,308611702.8,383777429.7,248210229.8,547479009.3,285672637.9,248030429.3,175323437.6,306232478.2,243829825.2,356062090.3,200000393.4,742889541,299722359.9,307814908.3,242558698.3,359788380.2,285118762.1,647185503.7,209035158.5,273061129.2,208561950.6,310779694.2,452056796.6,439634629,278008753.6,248909009.6
"1,3-Propanediol",5117.067922,3520.44265,3843.962262,3572.135642,3677.069726,2051.203443,3396.003804,2610.185338,5184.676063,2845.801211,3979.153797,3344.377547,3168.107698,2087.298513,1858.537279,4980.410641,2389.878176,0,0,0,0,0,0,0,0,0,0,0,0,0,20302.70167,0,0,0,16584.75617,17797.79761,0,0,0,0,0,0,0,28036.24066,12192.42906,0,0,0,0,0,0,0,0,0,54236.52867,0,0,0,0,0,0,0,0,0,0,10631.35417,0,0,0,0,0,14667.23106,45886.85866,0,0,0,0,0,0,0,0,0
10-Undecynoic acid,0,10392.86831,17234.71704,5522.927219,12937.39385,12720.57892,11988.47849,0,11657.76572,0,9604.673729,21012.21825,8990.840614,0,938.6518132,0,17151.71857,0,0,0,0,0,71567.80174,0,0,0,65680.3485,44978.34921,0,0,0,0,0,0,0,0,0,48613.45999,0,0,0,0,0,0,0,0,0,94558.65023,0,0,0,0,0,0,37349.89802,0,0,0,0,0,0,111254.8366,0,0,0,0,0,0,0,0,0,0,0,0,0,61875.13294,0,0,0,0,0,0
"13-Docosenamide, (Z)",53957.73187,47827.11263,32084.59557,55153.91677,22643.02145,19389.30265,37300.16646,36954.08977,25582.87627,65836.01275,58724.78888,21617.16575,25269.19126,36537.1872,24351.52204,49991.40141,33100.40049,0,0,0,0,0,0,0,0,0,0,276632.6,334686.4333,0,453208.8214,0,0,0,0,0,0,0,0,0,0,0,0,0,0,0,0,0,0,0,0,0,0,0,246814.8817,0,0,361486.7496,0,0,0,81236.56312,0,0,119341.4001,0,0,0,83381.46217,164393.2642,0,212280.0557,0,0,0,0,0,0,38014.82133,0,0,99748.32435
1-Butanol,10814732.47,82046760.29,69593870.43,62023237.93,77650171.89,92711846.5,92183231.94,77808917.49,44066610.62,97955790.53,59181493.27,88280992.02,83561780.13,63890980.43,65653090.39,97856305.25,84785852.37,198858842,0,161347664.8,0,0,0,135338568.1,131718427.9,0,0,0,157116779.6,0,0,0,0,0,77787876.12,0,122245178.5,0,122019766,105831828,172365879.9,158727921.4,111838858.8,240068066.2,163666024.4,106875256.1,244745103.2,44442825.72,0,151739895.9,0,0,98955214.82,0,0,0,98700252.16,122851123.7,0,140784312.4,167438405.7,107456564.6,71637526.91,0,124948859.3,86856963.65,98335802.87,0,0,0,131341965.1,0,143781855.4,0,115861400.1,134663464,0,99107330.64,126413200,39212105.02,121608484.1,142973239.8
"1-Heptanol, 2-propyl-",0,0,0,0,0,0,0,0,0,7965009.892,3307567.64,0,4958411.719,2050175.756,3940008.36,3467864.582,0,42311356.62,0,0,0,0,0,0,0,0,0,0,0,0,0,0,0,0,0,0,0,0,0,0,0,0,0,0,0,0,0,3899324.129,0,0,0,0,0,2572176.412,17706417.53,0,0,0,0,0,0,2080960.988,1464070.627,1635868.062,2341667.37,1538325.187,2467234.309,2056022.595,1164532.482,1456199.616,2034930.582,2228513.169,1605666.615,0,1929623.99,2135234.115,0,1722881.341,2057670.691,0,0,1814115.728
1-Hexacosanol,0,364.5684925,1019.61434,0,0,8714.878225,0,0,0,0,0,3121.320679,1160.265667,0,1509.920504,0,1270.701042,0,0,0,0,0,0,0,0,0,0,0,0,0,0,0,0,0,0,0,0,0,0,0,0,0,0,0,0,0,0,0,0,0,0,0,0,0,0,0,0,0,0,0,0,0,0,0,14525.50782,0,4210.809069,0,0,0,0,0,0,0,0,0,0,0,0,0,2462.897702,0
1-Octadecanol,0,0,0,1479.169909,0,1063.822368,1082.688608,987.9886034,0,379.1182027,0,1202.68751,1210.735122,0,965.8849904,980.5990506,1053.042549,0,0,375.9386047,0,1328.753757,1716.850867,0,842.8895487,1682.62795,1401.074301,0,1391.416075,1450.546494,784.6647238,1845.226038,1171.842043,0,1898.609377,0,1248.421022,0,0,0,0,0,0,0,0,0,0,0,0,0,487.2821111,655.6369643,0,797.053063,0,0,2125.287843,0,527.2860047,2562.655442,2638.433316,873.8762341,2037.286933,685.1476175,604.7835315,332.3313012,0,2467.048508,876.2535424,0,0,1766.245248,0,1243.764968,560.8176432,0,0,0,760.4134132,0,0,646.1766598
"1-Octanol, 2-butyl-",67857618.25,56828268.08,12627581.91,53977817.43,56766261.92,101887137.7,20414514.96,59727025.94,47023421.63,128950097.2,57289425.08,43839652.24,47320978.55,38998430.79,43405758.45,87595287.4,44354391.39,93360586.49,74783835.12,99999839.94,58871974.36,63778066.18,78586599.43,53756073.29,75778582.15,51101278.75,63655370.58,55884441.91,47519454.02,47681680.47,64750401.09,36465805.67,58774108,53043538.93,26421543.08,24648091.71,62731788.12,53344673.02,41564985.61,47183647.69,41354787.33,57067620.88,52737171.21,76410592.06,34518917.68,19917960.86,74833084.8,78641893.34,148090074.2,62067072.54,9440684.004,76949899.56,32865035.58,52187581.54,34366307.17,58336380.67,18235359.35,76233178.32,35094469.1,65749079.03,68863628.32,35757536.36,38164165.76,54411176.27,47387368.32,54475773.02,61317295.12,132649624.8,45539347.15,35652465.62,42059897.41,68528442.84,57346588.62,81867020.81,53119080.21,58898254.41,58251707.52,46707083.34,56533465.55,74936550.91,46107343.89,47121403.09
"1-Pentene, 1,3-diphenyl-1-(trimethylsilyloxy)-",16003309608,8946017069,12111935414,7634873063,10859199287,13558049265,12086094113,9355027465,10731829881,4207787037,6339679277,9262250245,6544323900,6225511021,6176751946,31875030626,6818855468,1.52281E+11,42154067607,0,0,0,0,0,19924236131,16696525943,0,0,0,2287441313,0,0,0,0,0,0,5689303424,0,11220422956,0,0,0,0,44136997731,0,0,0,0,0,0,1.68223E+11,0,0,0,0,0,0,0,0,0,0,0,0,0,0,0,0,81082210871,1.3971E+11,0,0,0,0,0,0,0,0,0,0,0,0,0
"2(1H)-Quinolinone, 3-[3-(4-methoxyphenyl)-1-oxo-2-propen-1-yl]-4-phenyl",157.1455145,167.4854267,67.00770208,268.1670509,0,177.5014588,92.38268238,92.73747911,147.6267645,231.7703538,76.64984295,77.50383856,52.09036675,142.0251876,92.89384766,56.61299209,48.46779123,0,0,0,0,0,0,0,0,0,0,0,0,3208.583082,0,0,0,0,0,0,0,0,0,0,0,0,0,0,0,0,0,0,0,0,0,0,0,0,0,0,0,0,0,0,0,0,0,0,0,0,0,0,61.71977391,0,1.398367971,0,1807.455686,0,0,16.56281692,429.9406169,0,0,0,89.36004942,0
"2(5H)-Furanone, 4-(hydroxymethyl)",541406.9611,704374.3644,622746.8748,153030.662,597779.6927,492014.024,491134.6741,739981.0416,607627.5243,1997072.494,367807.8209,669490.3269,536591.0786,509516.8803,512929.1395,477799.0049,557434.8169,273681.9955,316922.0417,349232.563,583069.3757,508492.4497,670200.2188,399558.0947,759249.4902,386233.3035,631920.3639,843120.0866,813682.495,559027.5167,598878.931,681543.942,638363.5188,616027.7876,579847.2581,649878.6676,575937.7719,898469.5261,486146.0448,556720.6727,873489.279,1035488.618,714998.1292,856208.3051,567414.2978,716584.5951,645783.4426,873498.7594,717509.524,723441.4295,426858.1281,591319.4037,662394.8042,535208.9876,489202.9754,417703.8134,513661.5662,648232.6986,774309.5634,833399.8469,387349.1731,423280.4101,533107.4982,582670.3476,662246.0972,545029.0114,522471.5683,324897.4899,508082.5367,816362.1085,910133.6326,761266.0607,955108.6713,472528.0232,798369.2309,724832.172,760105.0649,544842.1525,477440.6854,591210.399,738892.6965,414976.2017
"2-(Ethylamino)ethanol, N-acetyl",4626176977,3612358088,3695856722,3745655813,3562384212,3959823506,3631932574,3450662709,3516327775,4136344661,3278192091,3436525190,3407654250,3366683401,3474162089,5193788740,3250380024,6429796087,3309597771,5280069988,3733498137,3238690623,4917355054,2844585189,3340362041,3496745261,3644034972,3149391656,3515218952,3525260064,3955835558,2830435281,3409852979,3928323500,2626355080,2703870410,2941752609,5005414148,3383463683,3818970173,4903367023,4021254910,2985836413,4796363411,2597090028,2980334518,6441317393,4330582731,4606961507,4144404770,2548927250,3132369917,2854154682,3302071588,2815892139,3387213973,2533761593,3848996994,3393522344,5160200503,4138025813,2994721805,3156119162,3653561791,3259330235,3622612038,3290122006,5667640319,2507848934,2950893293,3990796942,4549496368,4587122330,6220855143,3676369016,3527556594,2955306047,2971526642,3669858566,4248384365,3514673388,3234798265
2-(Methylamino)ethanol,100103242.2,83610967.02,109156048,100930076.5,95389357.91,119569688.7,103352162.5,81352838.8,100808873.5,81553694.56,94539214.65,97895977.23,82905455.96,94899895.93,95289657.54,81922900.79,94041444.68,150515175,82156190.77,117241216,93174496.25,74120415.8,116296995.4,80242154.81,73599241.24,94053327.55,90723348.84,85438340.31,78729007.63,93118413.68,105888693.6,82089206.35,84425772.79,94836107.67,60735071.28,65393709.52,80385945.24,139534504.1,101842646.8,86937027.7,135316659.3,101611216.6,92580882.81,133802218.1,69035656.31,84614477.01,164459435.4,109140931.1,118838196.9,112287356.3,38510759.99,78663350.1,71781687.63,84372563.21,65922617.1,92379304.46,68988374.96,97008394.9,87567040.3,124763938.5,122886510.2,94184374.28,89320649.35,106613360,1043020.549,90191940.48,90871971.5,158120791.2,73020991.66,293896.8567,111316441.1,133750279.2,121700815.3,177102424,97597001.42,97975634.02,80143946.58,80995764.51,103882277.7,90928836.32,101650708,97162607.04
"2,2'-Bipyridine",2940789.388,2919349.437,2181493.416,2369051.367,2854065.797,3509565.885,3270792.569,2542746.206,2381064.997,7940993.861,2383132.257,2496305.787,2763839.99,2150594.272,2123278.517,3220126.824,2319418.119,3861212.379,1976263.439,4127308.102,3102063.779,2362766.374,4365720.963,2293027.014,2847835.508,2701656.429,3204537.367,2485162.802,3066949.586,2712533.603,2894225.076,2733226.924,3584958.215,3888846.326,2574227.485,2399885.256,2055569.302,4503624.001,2317218.715,3122266.722,3887064.924,2658583.592,2729711.961,3147389.89,1352931.521,2662076.276,4507100.13,3386786.432,3299853.829,3744893.787,1817478.658,2031722.731,2819845.473,2163397.692,2465263.347,3165070.596,1831647.042,2861291.617,2632834.793,4874696.553,3139908.044,2224100.005,2219857.695,3018883.756,2336528.039,2141287.1,2583740.002,3389479.651,1714114.699,1929917.567,4065652.622,2718059.915,3562628.167,6423803.462,2862939.178,3079522.385,3811625.736,2471889.315,2931314.092,3041949.054,3013079.046,2677203.954
"2,3-Butanediol, O-(trimethylsilyl)-, monoacetate",0,0,0,0,282147.4653,632287.4683,0,171948.304,617569.3503,0,217242.9717,838023.8558,673246.6872,246285.3146,627053.302,19077.38276,122032.9029,69269.08662,0,34161.07088,347353.6403,210328.5889,162474.5043,180971.2224,368751.1381,95755.17219,336486.4829,468199.6973,498173.7265,462445.916,65596.7007,512061.3233,450518.5841,239081.4749,268200.7267,31582.54065,409578.558,507399.0252,106496.6281,162512.6305,173619.9964,69879.38781,276949.5648,362895.987,453587.2217,290387.4784,57443.86561,566637.9952,304174.8157,243820.9879,293681.2361,273656.0546,186878.7198,119191.1333,189653.7582,157691.8188,386134.7502,225996.0697,365069.9202,315888.6569,209024.5085,175030.4635,303758.2558,274869.4952,392030.9968,59439.67253,232858.6261,0,213069.5199,298584.8682,528194.2916,389831.0903,320346.8783,54322.71695,407253.9895,497613.8835,277421.6528,262748.0629,247068.9606,0,433126.8911,125677.6315
"2,3-Dihydroxybutanoic acid",4570144475,4177637221,1983016981,1126172790,2742270820,0,1920276010,1964844892,2729816971,3216248992,0,52424891.76,1737874615,708719413.2,5610574325,13124771288,1411426262,2117211514,2997621900,2174346407,0,3438710149,4475908862,3175980638,4029385350,3241918537,3736499498,3112600760,3214996929,3521179614,4602562553,602121879.1,0,1261659316,3538632996,0,3418463020,5183963200,3056061097,1855779335,5900190686,0,3394068790,4161030676,1326409736,0,4730131970,4286569345,4209474373,4561502846,67589111.14,2974004859,2473065804,3459100110,0,3364431694,2566404275,3201173627,3926098895,4487483629,0,2580444125,0,3051622657,3377979042,3751049047,3232056279,2095415485,2247194781,0,3627602601,3911617360,4500485870,2050805844,2501565986,3269097877,2656266218,2532538059,2698135499,3883338066,3064176740,3121586043
"2',3'-Di-O-acetyladenosine",0,0,0,0,0.000245663,0.0002887,5.58655E-06,0,4.05706E-05,0,0,0,3.92092E-07,0,0,0,0,0.000154414,0,0,0,0,2.73726E-05,5.52273E-07,2.16377E-05,0,0,4.15207E-05,0,0,2.6706E-06,0,4.72357E-05,2.70672E-05,0,1.65533E-05,0,4.50727E-05,0,0.000211352,0,0.00023685,2.52113E-05,0,9.92854E-05,0,0.000182334,0,0,6.45168E-06,2.81217E-06,0,3.17208E-05,7.34716E-05,5.87514E-05,3.03789E-05,0,3.85321E-05,0.000122287,0,0,0,3.32813E-05,2.47215E-05,0,3.99086E-05,3.46173E-05,0,0,5.80056E-05,0,0,2.6549E-05,0.00017094,7.47883E-05,0,9.15319E-05,8.31218E-05,0,0,8.01311E-05,0
"2,4,4'-Trihydroxybenzophenone",1146276.056,1286539.817,1244499.406,1080349.661,648305.4,1106311.353,918706.1512,700647.4803,848325.4517,282991.9697,1536586.569,927437.4844,1031199.439,1289948.732,1432593.196,1463531.67,1170763.751,2406453.916,1131523.74,1948296.38,1338047.059,990824.5686,861576.0264,788850.1799,580402.5949,989461.599,906709.6867,1014874.673,881558.6336,157864.6721,1227703.514,986899.1412,1057071.445,1129565.903,375773.17,590646.4992,836578.4053,1199062.562,1149081.18,1155352.013,1518677.762,753600.3154,948925.8481,1601573.268,1309538.212,508674.8763,2750297.1,1157786.033,1245662.78,844036.9946,327978.0263,1225020.161,378251.8481,1352829.605,658388.3785,1392623.303,868624.3425,725205.6428,854175.4691,1053673.68,1706196.312,525310.0517,713347.6594,852494.0803,907678.3022,1225120.061,571404.3107,2507888.733,719249.2913,706534.5623,1255374.474,1317304.613,757786.7503,2697361.707,277442.8296,757513.0561,843795.1252,617310.8199,1357320.462,1168461.71,1194615.448,1404055.679
"2,4,6-Cycloheptatrien-1-one",19948438.62,2241652.317,1931975.238,17909116.63,126160618.9,25981217.13,19417476.71,0,13792810.1,0,90043063.36,1496446.116,1122982.158,0,0,110339818.1,1377765.531,19902308.13,10756033.34,6870425.262,0,33706514.91,57333783.51,0,20165248.66,34798826.95,35295533.59,24877486.65,6942537.076,80520727.95,0,32821251.24,4062844.225,5153253.326,96471942.5,6320633.92,86106079.32,0,27735652.04,5792626.547,28874176.58,5840678.157,22949555.77,2105106.239,55736460.26,13883571.63,72360267.27,21029089.44,21350591.7,21958217.99,25351106.12,23971608.06,13493772.63,15788381.28,53908601.56,23331570.65,13507070.89,18008862.99,15544953.1,27511142.91,25366726.73,0,0,0,10146574.01,58704537.85,13180393.69,181130855.6,3312202.08,9313334.403,10373441.08,12936407.04,7464649.144,11066875.81,85482722.14,10027234.46,10945963,7003741.429,7760880.628,83554768.72,606419.8046,10343763.71
"2,4-Dihydroxyacetophenone",2673.780048,169338242.2,1646553.392,257239929.1,1832682.65,2838140.02,902448.7972,4313962.681,965207.6032,262580220.2,2247083.626,1957129.803,168603183.2,4836086.767,528112.7355,1959645.152,2632978.013,0,0,0,0,0,0,0,0,0,0,0,0,0,0,0,0,0,0,0,0,0,0,0,0,0,0,0,0,0,30178151.89,0,0,0,0,73632649.05,67645375.06,76708736.42,61754333.24,87442339.27,0,0,85509209.01,139137556.5,210390971.7,0,0,0,0,0,0,0,0,0,0,0,0,0,0,0,0,0,0,0,0,0
"2,4-Dimethoxybenzaldoxime",10940.36093,11236.1569,16910.29064,14151.4079,75847.06685,139688.4546,112507.758,18518.78034,19735.1298,645410.2774,12629.7872,22061.27731,27163.85017,11917.68476,8981.732964,29705.15504,19666.73092,1462251.808,0,0,0,0,0,0,0,0,0,0,0,0,0,0,0,0,509396.0303,0,0,0,0,0,0,0,0,0,0,0,0,0,0,0,0,0,495632.767,0,0,288134.4862,0,0,213642.3293,129246.325,0,251484.4159,924334.9552,0,0,0,0,0,0,0,0,302916.5075,0,0,0,0,0,0,0,0,0,0
"2,4-Di-tert-butylphenol",6788357.755,6653436.544,5298806.269,4914575.472,5137011.864,5461779.799,3736389.42,5654703.225,5289604.826,20113598.92,6453878.661,6155199.893,6099596.28,5763584.787,6768542.492,9857964.976,4682352.396,12849815.57,1511762.213,14603856.93,9397574.583,8677284.148,3220097.911,9132575.201,8750492.309,4020333.128,6469693.29,5812050.828,9324508.402,8225469.667,5936602.319,8616896.113,12448052.66,7840908.351,6558799.483,9841693.835,3953764.347,5408989.145,0,4190060.893,0,0,11107920.33,11231547.77,0,8986309.424,3580843.217,9020404.609,9268451.852,9627593.292,6622432.176,6038065.456,7050188.656,6085218.43,1338180.166,8070850.565,5679450.076,6081797.793,3903481.919,8971727.004,7749719.322,0,0,0,3808480.405,0,0,925905.8471,0,0,0,0,0,0,0,23540750.26,25634205.32,21205619.36,20696448.78,21039986.69,8087576.872,16909088.53
"2,4-Imidazolidinedione, 5,5-dimethyl",0,0,1435265.972,318007.8154,3843623.129,14948408.53,4539566.737,1214607.971,949818.9017,0,3447495.304,560164.0793,2188523.781,0,0,225285.1138,843167.5835,13688358.84,3648590.649,8891177.457,2223676.737,1379342.983,2980852.205,1847466.846,634197.052,2571973.085,1825529.313,261840.4024,382421.3834,753831.4831,256408.4362,348120.5502,587743.5234,2405478.341,429243.1477,368348.2208,1252250.518,4285004.683,1405672.785,1529916.351,144264.5422,1619329.311,247731.5169,730715.3974,146995.2752,201468.8534,8898311.533,2300292.213,3931503.729,1986043.946,511496.6468,1288358.282,4419.700505,1211644.368,990187.7642,1443214.907,1926874.495,1859344.722,1613273.149,0,4317269.142,1354936.954,644499.0536,1760064.567,1263244.007,2341100.32,809613.53,7493864.511,412839.8001,556437.1993,1605873.894,2489527.194,800435.3915,6838940.796,919256.2746,1521864.791,469708.2403,1493093.065,4376760.37,1830445.726,1477329.203,2175025.89
"2,5-Bis((tert-butyldimethylsilyl)oxy)-4,4-dimethyl-4H-imidazole",788498.3353,0,731182.345,239297.8421,2690230.867,9470491.185,4545410.59,0,0,0,1457478.667,291798.9786,805429.146,0,0,3726464.408,293907.3501,2897286.802,235868.1768,3913386.036,1594900.577,732250.1991,1367985.936,317611.9217,0,1066627.267,794085.5027,259390.5508,126142.0763,826622.4959,4341247.911,677422.5881,1519787.283,2722916.903,922187.8399,629028.3821,485613.7475,2399284.483,1968464.644,746203.6555,4304424.469,4900164.249,153461.1782,1091700.399,248600.1393,198652.6729,3945389.317,2464545.7,2402258.324,3488919.651,883874.4916,500509.291,0,680653.2122,851286.0731,325496.7641,1048112.088,285852.3777,1201620.14,391915.7314,4898151.544,1407504.59,441365.4161,2513526.182,1491503.586,2201362.478,2222342.374,2912727.403,277621.7275,149247.5803,1189989.659,3528302.579,2155268.685,138382.1033,938234.5598,1001195.771,230352.0505,465907.8005,2547690.669,1300428.495,1176546.872,2642498.478
"2,5-Dimethoxybenzhydrazide",13874070.01,24560787.38,40483843.92,17167480.4,34442907.33,33159721.99,34899708.8,22616961.59,30824325.89,170044934.7,32563308.81,32058584.12,26559035.64,0,25987307.15,12489805.5,32956088.22,54920263.89,35418044.12,8547734.419,24612551.07,42680141.02,50700708.28,31103573.94,63758295.65,33030599.52,57850395.96,56878457.37,45301871.99,31317478.49,21468125.51,34482636.65,32894918.4,26381483.57,23298238.18,21693186.65,41904421.97,50950085.98,20572515.99,15736730.38,35841174.85,16057189.51,43625908.26,17774508.31,24215724.88,30373452.87,35526826.82,41594835.75,36161078.28,30374668.05,0,42742248.23,40447116.11,23576025.47,26649777.44,35426800.12,35148963.84,42701818.81,40348951.5,49327575.46,39895269.71,11781577.02,28731713.39,42156916.9,46304610.7,44929346.78,12249921.54,21761974.84,39650095.59,59986375.75,44298328.19,46320595.12,19567267.99,13177273.66,32085102.81,39947709.41,25080798.47,32712721.53,45428641.52,41309807.91,54263504.31,20518440.15
"2,5-Dimethoxybenzonitrile",456516.8872,2113391.652,411583.4656,300643.8077,1794360.998,3128071.849,1185624.37,1812896.386,80365.36582,4677740.412,337424.0179,653598.3056,1966143.978,450219.5659,1338232.241,457282.7488,1910172.053,1749442.516,944291.2749,710652.3061,906356.6364,1423998.601,1955963.404,1660495.176,2483865.686,951857.4161,1970661.896,2073016.342,1600674.682,1230726.009,783166.5483,1324911.288,1307447.762,856778.4963,1148947.263,972279.9156,1536188.614,3114481.517,609376.2143,1201948.467,1097766.227,827921.7872,1724499.271,1149344.42,687617.1379,1301553.991,922648.7555,2072542.648,1045101.465,1046518.912,593099.2703,1565432.148,2090882.405,803146.1565,874833.2777,616824.2912,1518328.323,1913240.492,1755968.295,2695492.345,901345.4396,587508.5807,1453473.466,1628038.375,1592412.543,1652790.149,905003.6379,908356.0398,1261123.296,1768610.562,2044620.781,1911061.022,1351354.39,1031440.089,1547179.507,1637771.629,2193223.109,1044098.637,882096.5364,852353.4145,1527820.427,723171.4648
"2,5-Dimethoxyphenol",10720952.44,9563102.111,15105787.35,12093742.86,9562465.159,13779692.6,12655602.49,8954349.051,9624203.82,65511424.71,10474231.91,9076649.385,10864494.58,9878204.913,8270423.844,13061216.82,10152134.49,27271228.91,17125136.17,8524896.435,8565802.041,16258225.91,21858338.16,13626142.07,21222585.6,12980485.47,19153275.16,16702166.17,11375826.71,8563129.319,8616037.862,10385497.76,11888199.54,9487599.221,11876125.9,10428582.24,13264173.56,41876047.1,6692119.493,12382757.57,12675738.73,10506325.44,11995177.99,11871416.63,7048315.749,11831643.02,15881229.02,14928042.51,14667070.08,13089954.81,4117512.171,14959381.11,15790885.36,9591598.554,9289462.87,15401472.48,12948240.39,17137005.84,14691201.01,22218534.4,18726110.88,6173616.204,6662760.057,16991562.22,12750590.2,19339765.69,9243235.519,15283082.14,12431658.23,19315696.23,16241175.37,27154675.3,9249440.704,10891865.48,9638793.986,13564383.65,8506555.066,10963896.93,19264196.87,21214519.03,16529742.69,14254803.1
"2',5'-Dimethoxypropiophenone",33762251.77,34954574.93,35561500.69,27179342.9,33370111.03,29720390.31,33996737.38,37133969.16,31444881.3,309639339.5,36465168.63,32074592.92,35259500.67,26935034.39,26724554.25,46503999.7,36220269.15,63752205.87,39754376.49,34902270.72,39948567.52,52447544.14,70353524.93,60364699.1,92286435.37,30420217.7,75535397.62,69995425.87,54560077.27,47462819.94,41235895.3,41679624.09,46365579.57,38374106.12,37021625.43,42932639.66,57325958.41,73711590.05,25412116.79,34797169.71,52572485,31518805.6,63026536.47,50621757.15,26590790.67,37180648.39,36959592.53,62021832.8,53066067.82,39151102.94,30370213.33,46361181.6,65365856.54,34250825.05,27588420.64,42276693.32,51498537.16,68334338.08,54149490.7,95147989.41,53403062.58,23009374.98,56428288.81,51463519.26,66715288.9,58022750.8,38979203.35,29204216.23,44268368.15,66924426.87,80373775.78,65419184,48053463.42,45374284.41,63238790.13,57959678.47,64829958.82,37721709.85,41461224.07,27490810.8,51295643.25,27993721.58
"2,6-di-tert-Butyl-4-(dimethylaminomethyl)phenol",857431.9214,1305189.624,1073604.933,363405.7579,463980.2448,869330.8631,1082657.544,1040043.756,829151.5711,10586435.36,482322.1206,1183947.929,1035463.349,987892.4994,1392016.728,675725.4292,1205071.104,0,0,3660213.67,4317866.677,0,0,0,2195043.492,496563.9877,2762182.006,0,0,0,1427472.578,515455.7413,0,294985.7118,464905.6631,3463715.953,0,4124221.609,3377608.794,4425514.727,2200734.434,4304775.642,1883782.188,0,1975708.93,3304860.66,1489419.379,1721435.997,1734056.284,2634234.252,1418447.112,1091928.149,1310453.362,623196.4311,2784194.175,822531.2759,871521.5253,919736.3128,1036044.246,0,2175513.298,2632707.217,1880101.139,3258903.406,1194462.564,1050681.096,340845.8389,3273606.422,0,0,2936432.996,0,3318963.923,4691958.827,1686102.732,892214.5734,0,0,4261083.12,0,0,0
"2-Allyl-1,4-dimethoxybenzene",56500588.01,62533531.97,41041294.07,25635223.48,55527515.61,64451329.75,64646246.43,63374979.92,55377089.01,177178701.6,34718563.45,53294452.72,48647283.22,42078471.08,42596307.69,63816664.51,50465078.53,75667466.81,44836851.05,60795333.84,57921668.58,51324983.45,77659227.14,43646446.75,66256339.76,43417693.54,59939447.9,52103109.26,50373519.92,55014641.61,56508558.03,60067154.52,64635513.29,60564700.23,51945669.51,48621682.69,49799442.62,90474788.34,48531707.59,55154720.63,84036588.81,73133461.11,56216449.55,70090246.08,41423351.54,48078132.53,85171869.93,82930983.09,66892573.81,66914437.41,43783184.68,44466083.28,46942271.91,35726533.57,48171095.33,48664310.98,43337144.3,63322648.83,59510904.24,101537209.6,57499624.58,47532975.66,54400650.31,65264123.3,64955720.21,55740296.21,71339670.11,68414710.94,33772132.94,50964238.62,85551993.67,66885793.6,77973620.09,62181872.79,68784436.75,62278439.19,54406804.29,41007468.61,54601676.14,45615179.48,58940577.81,47008192.42
2-Amino-4-methylbenzophenone,616544.0355,509250.37,491561.2162,69253.49455,405147.6966,346175.7893,446442.6209,632899.547,328590.033,2381649.816,377623.5355,469035.0769,364527.6381,272101.9956,410775.1112,664314.3257,447772.981,0,0,93567.06994,476208.8245,258352.5975,364771.731,187792.7756,948783.5996,255379.5253,839619.4598,887444.1369,713501.5015,826856.4213,192997.5934,618195.9799,728492.124,605022.0385,451763.8763,402312.6338,931112.2938,734408.39,364109.518,282255.2339,841140.6835,586711.7524,1141176.822,679552.5541,796860.7423,326881.3479,237420.2877,938441.8621,704334.0317,289269.7018,249286.5521,647918.6816,393276.5729,476544.5047,602325.9237,185987.1926,725931.275,875200.4259,921990.674,817490.4065,298209.0618,107726.8326,355281.3099,639010.5735,920262.8158,760407.3293,372954.735,0,393462.9358,943578.192,1077093.668,891080.8846,567047.3111,163169.6235,798055.0716,743719.0191,430677.2944,303918.1096,340071.903,404781.3366,800018.0605,393975.4034
2-Aminoquinolin-8-ol,0,5708378.942,2809493.572,0,5010293.539,5735191.167,4450347.061,4762862.249,0,20161740.71,5048670.071,0,4043005.161,6110656.548,5985081.6,18974733.04,4203953.6,0,0,0,0,0,0,0,22590135.66,0,0,0,35673268.21,0,22193665.34,0,0,0,9788714.605,4848580.27,0,0,0,0,58089365.52,0,0,0,0,0,0,10615058.17,17349139.26,0,4314503.07,32008377.09,0,0,0,2488867.657,8135337.542,0,2372504.09,0,10249772.89,0,0,0,0,14008879.28,0,0,0,22688656.39,0,12837555.5,2764486.521,0,2625238.235,14964712.98,8575835.055,9682941.956,0,0,12983104.51,13756386.79
2-Butanol,38822756.81,37581420.22,11135835.43,2385888.75,27703213.18,12021625.42,14580190.71,43772609.6,20585902.36,0,0,33199460.84,13411424.77,24255458.55,38118749.07,82677589.37,16944477.87,34711853.08,0,0,0,0,563364424.3,0,0,0,0,0,0,0,0,0,0,89071068.7,0,0,0,0,0,0,0,0,0,0,0,0,0,0,0,0,0,319749475.2,0,0,0,0,0,0,72906151.14,0,0,0,0,0,0,0,0,0,0,0,0,0,0,0,0,0,130114059.3,311033324.5,0,0,0,74213125.79
2-Buten-1-ol,0,1372452.121,1976061.333,1030372.227,1253774.594,1349307.809,1830550.328,1292642.062,0,441082.4435,1191971.652,0,1338644.324,1256404.399,1333241.992,1211574.204,1789851.476,0,0,0,198997.1767,2144331.195,2009160.882,1326110.622,0,1865791.104,2297370.59,2625076.196,0,1581681.166,0,0,2309854.467,0,0,0,0,3229916.151,1316607.317,0,0,2903333.512,2012513.334,2713291.901,2213144.8,1822458.642,2356638.213,1411349.441,1425170.231,0,0,1641907.9,1192604.616,1419080.27,861561.9516,995231.1615,60415.43751,941862.9668,1681287.963,0,1760248.587,0,0,0,2559270.718,0,0,2341610.526,0,2437398.723,2556961.966,4029918.177,0,336272.9014,0,2021932.855,106703.4444,0,0,4677195.894,0,1993120.106
"2-Butene-1,4-diol",0,417957.0767,563977.8888,449880.5744,614560.9601,1029329.05,670663.9766,491706.4248,406583.6159,214425.7051,566906.1082,526485.0741,520484.726,318480.0377,0,631277.7289,527331.7631,4211801.409,512.8171628,0,0,1467734.018,0,69881.86597,0,1698596.991,3004.353103,2477997.066,0,402.7616044,0,1490246.931,1674022.957,0,0,0,0,0,0,0,0,0,0,0,0,0,0,0,0,0,0,0,0,0,0,0,0,0,0,0,0,134206.5388,207341.1865,0,0,100670.663,0,173655.0178,95666.84636,0,259517.8551,178884.8861,0,0,2022367.911,0,0,0,0,919827.3546,3379994.991,2348517.628
2-Butenedioic acid,82583308.95,44992048.49,64407925.67,12449599.92,52151071.29,95285021.6,40569280.43,43156039.46,42969858.64,192434.2821,30843650.35,47107019.65,68440607.31,57496389.54,44929050.41,110453012.4,28155532.67,23505744.66,70193088.44,12722643.27,64482173.89,28333490.37,101889999.3,30861622.49,49437913.01,24838188.76,31776406.16,32836455.65,66221669.25,0,11650433.05,63919575.34,80715459.88,76814355.16,116302594.9,67405843.92,32504353.14,86888981.48,61344799.31,50502024.16,66265766.07,48027478.16,24924535.38,52353951.09,49932914.26,44970050.85,156753784.3,80129677.79,56559113.48,112671415.8,24802914.28,48793696.62,0,0,19315444.73,59469120.52,41026606.33,44422953.94,58882417.59,15905325.19,51527456.09,114466233.9,31445876.17,34713852.75,32994419.09,41352967.13,20759626.32,100966459.4,79549888.38,48949864.59,28845475.09,138177236.3,25266225.73,34437939.51,21853555.69,50623871.11,24700755.09,52812462.2,59584607.95,44105703.65,42848102.06,41534223.35
"2-Butenoic acid, 3-[(tert-butyldimethylsilyl)oxy]",95758272,126771754.6,65953133.1,16931854.54,86412749.07,118309461.8,114623795.2,118447895.6,90212315.54,11070636.14,44793731.1,99016345.86,74388525.69,91309441.13,104880988.3,73063020.74,83755457.53,50173675.04,49564463.26,40928999.1,86368986.61,79955122.11,64296131.26,62883071.82,128666639.2,51784681.66,102378780.2,111794064.4,98689998.37,77816923.67,64524117.99,100553803.3,91339281.08,84015686.71,62414717.65,76057832.3,84908984.97,141683009.9,56119926.33,57401995.08,116160384.1,102549865.1,101302653.4,88912562.25,98493794.97,73812144.92,89963013.69,0,110300253.1,96142250.84,53901152.9,93925707.57,56398805.81,78398619.85,39861157.34,66667182.37,110655469.6,105393319.3,120155064,133229971.3,103618831.3,61939338.92,74237563.35,114180981,135741498.2,97175271.68,78303128.14,48832093.12,79050235.04,118995273.5,116732367.4,149359411.9,69082605.63,9755866.85,88484185.66,77069740.02,62734499.18,55762207.72,82247901.93,59094144.26,102539662.9,67487137.5
2-Butoxyethanol,35256.74954,30801.41412,27412.10271,18742.31511,25876.90362,30714.91221,29113.91035,26009.87844,26912.07614,47120.37661,29153.15402,26871.2217,22521.69931,28123.50661,29759.50265,16637.74942,23904.48089,55550.61154,28382.36977,40817.27809,31461.0285,24899.30919,36812.80768,27748.87658,24726.40923,26331.85921,1282.808132,25041.76692,23546.69146,31598.05936,35614.13788,24793.21389,25049.49336,31601.42132,22951.27886,22456.48731,24306.13968,42379.82997,16718.3157,28651.80795,43107.37167,35593.04176,28168.97168,0,22649.4778,63237.95102,1160.308844,2022.940931,48712.07486,0,24011.20868,0,941.93859,3377.856072,0,2174.209882,52340.11397,75232.55036,64036.80113,13410.72433,96336.10105,29.32758957,28804.19621,33582.28864,26619.96402,30118.81118,27342.44682,45764.30959,19880.24966,22522.2148,28647.36818,38318.19762,35632.29035,53820.67547,4700.654598,27757.70874,24564.58796,25594.62222,32016.80187,28020.37178,27986.56476,24956.99631
2-Cyanobenzaldehyde,0,69183586.64,0,0,225212660.8,0,63716594.36,61608002.4,0,0,0,22549262.72,31529629.36,0,0,0,0,318106060.1,0,0,0,0,0,0,0,0,0,0,0,0,0,0,462269976.1,0,0,0,0,0,0,0,0,0,0,0,0,0,0,0,221680969.1,0,0,0,96159631.48,0,18704193.03,0,0,109384369.9,0,0,0,34339158.45,68446328.17,46522872.46,41995173.88,0,0,105691592.4,0,73511384.47,53178153.99,41227850.59,20066661.3,0,0,0,86336322.97,0,0,0,0,13966528.42
"2-Cyclohexen-1-one, 3-methyl-6-(1-methylethyl)",479968.3439,635763.9134,806308.4976,194707.4201,536904.525,318249.7387,705473.6068,713827.3271,621703.2765,4749107.789,529469.1878,635967.5591,561895.0459,629893.7102,681863.222,1296830.936,195148.1387,1984724.484,1585875.089,836680.1657,1035200.476,847672.6374,1309835.706,395098.0004,1077600.842,751854.2256,836936.6296,673853.7557,768914.0023,963474.4585,841197.6431,552683.3826,444628.0343,479914.7074,593910.5032,583357.708,799748.3651,1148931.74,677378.5159,614559.0974,939046.3932,577628.8246,606212.3494,732816.9734,881812.5053,587978.2798,1130968.287,945516.2512,1238000.883,1194206.268,713283.8679,599098.2282,615509.8736,714084.7961,928661.3678,913616.9247,789692.7661,995858.9499,816608.4383,0,1269227.513,698115.5191,0,1013274.427,583128.2901,1136922.39,655803.3208,1507131.281,441539.801,453885.9009,514666.3756,843093.4828,1364760.326,1318804.449,1034861.009,641439.8499,941058.8171,863910.2371,1042450.827,913059.8438,1044973.301,643280.9617
"2-Cyclohexen-1-one, 3-methyl-",2448953.996,1698811.177,1885812.159,1669882.769,1855342.507,1987107.068,2234127.309,1891809.181,1839828.602,2597825.319,1458755.443,1494262.005,1392033.516,1805970.371,1835463.569,2941014.914,1384556.305,3038693.741,2242047.685,675789.1799,1813074.211,2574761.457,3515483.586,2990352.184,3887371.669,1447281.984,2129514.666,1929932.058,1669759.911,1745673.74,1537083.825,928766.2885,1070179.518,1513315.541,777419.7966,962624.0223,2795687.476,3731507.948,1271472.316,1624747.521,537524.1843,1698541.015,2244705.846,1911594.912,1135303.945,762583.3118,1357873.906,2165447.111,2439502.946,991279.985,734454.7847,1844964.992,1167497.017,1296487.817,1526875.174,2134894.862,2392699.238,3011835.324,1916544.523,4334972.763,2436492.091,1313978.317,2234359.929,2551319.621,3055720.141,3736023.712,2143873.948,1239861.093,2930758.613,3333785.315,1386054.333,3024948.738,787396.3569,788943.3085,961346.1979,1732693.377,1190010.034,1026933.202,1608829.152,1484782.099,1360160.883,2158379.299
2-Decanol,407663.9722,406076.6314,381698.284,337456.4812,355342.9752,420980.0121,396160.5971,321602.829,355488.1862,382400.6817,328384.7121,378884.403,274831.587,346269.3941,365930.9539,497948.8768,356781.3382,924822.8562,0,789630.3214,572236.898,488420.7012,693396.7563,461053.2978,440772.3649,636148.5299,668318.7072,511705.6058,454853.0334,470692.4051,698880.1358,420329.4881,461726.5166,528516.7528,350313.5211,0,0,0,0,0,0,538983.2842,0,0,288566.684,373796.532,0,466228.6924,506290.751,0,0,0,277386.3654,391626.9318,0,2306554.957,288815.6169,0,0,818872.7607,512923.3125,429847.4107,0,556005.1988,427202.0159,417304.6836,452756.6527,663942.8485,306060.0373,334642.7175,0,709844.2777,577439.1398,0,478907.5259,0,482947.5301,465033.3524,0,464570.9027,557181.8163,475839.7851
2-Ethyl-1-butanol,1157606.328,2405641.46,1381666.736,271727.1667,1282534.75,1527131.538,1557901.703,2275219.906,1536878.544,810409.8025,1027569.261,2116198.772,1710369.034,1627533.173,2242027.342,1645384.354,1758625.34,0,847025.0286,0,1273639.995,1497658.3,1957471.162,0,2278539.04,696129.7466,0,1916291.57,2598546.035,2019976.501,1443348.632,0,2778937.793,1807132.388,2051699.797,1754704.172,1529220.273,2931213.997,1349952.171,1241742.832,2210300.806,2131980.705,2229714.036,2823743.001,2005379.425,0,0,0,4700498.092,0,0,4003238.027,0,4589371.987,4162855.55,5296669.535,0,0,2032708.183,0,0,0,2318767.184,3358832.485,3173895.367,2450637.966,2333561.879,0,0,3033298.256,2172748.318,4467445.688,0,0,1865569.294,2319546.998,0,0,2303327.993,2733129.125,0,0
2-Ethylhexanoic acid,125132473.4,97268656.93,141253525.9,83825751.02,104412725,114697709.4,98637412.43,107095930.1,104648633.1,119419361.7,101474058.2,110694206.9,97956060,84124481.76,80939325.37,175800379.8,87325716.15,143181519.2,79348264.09,140687780.3,109223279.4,105487967.8,123930432.2,65079851.15,81188029.8,115913569.3,131700929.3,83391137.72,109890717.2,103098023.1,157737171.8,94579822.95,110911473.9,141716400.2,84956440.19,85437338.43,86397733.36,145737223.3,119088241.6,0,157733430.4,114318303.4,95329918.94,157624637.5,78179739.78,88968418.42,166332420,139028836,106899143.9,131670384.9,67585209.38,88842722.87,57746818.88,89461682.78,0,133625653.6,107299608,123709526.2,109081305.5,181231486,135299284.5,98320596.72,109392466.1,142804333.3,105170600.5,119942767.2,128155695.9,147130361.2,76620696.93,102326626.4,106840077.4,130060640.2,133363183.4,0,108547021.3,101582051.9,103810228.3,82635171.4,142803777.2,116772388.7,99147435.78,110975912.7
2-Ethylhexanol,0,0,0,159794.782,0,0,0,0,0,274297.797,137642.9446,153421.8167,912280.1805,177532.6094,0,0,66668.91563,0,0,0,0,0,0,0,0,0,0,0,0,0,0,0,0,0,0,0,0,0,0,0,0,0,0,0,0,0,1770954.396,0,0,0,0,0,0,0,0,0,0,0,0,0,0,0,0,0,0,0,0,1171412.772,0,0,0,0,0,0,0,0,0,0,1152964.873,0,0,0
"2-Furancarbodithioic acid, methyl ester",1915358.253,2964988.638,6590910.478,0,5017777.273,0,5607749.129,0,0,0,4393759.547,4658894.529,0,0,2620278.531,1517168.76,5410978.418,0,0,0,0,0,0,0,0,0,0,28181402.31,0,0,0,0,0,0,0,0,0,0,0,0,0,0,38850372.96,0,0,0,0,8776967.923,0,0,0,0,0,0,0,0,10431520.61,8987233.163,10108149.89,0,0,0,0,0,0,0,0,0,0,0,0,0,0,0,0,0,0,0,0,0,0,0
2-Furoic acid,1274625.776,43118.63351,131365.2633,62018.25992,46759.64393,59234.56997,62268.9115,60526.19946,14417.46302,59981.18547,64944.24345,55435.80734,34360.40312,0,0,108305.3045,36874.15238,160638.8106,0,178762.5727,104393.9889,123878.8078,147463.6923,108258.1892,108923.4479,0,153332.8732,128472.2841,103945.1206,120949.4077,194247.2647,101958.8218,185149.0432,131385.8703,184294.0608,156770.9877,0,0,121479.0852,145532.3421,303402.6245,185927.1543,112149.0702,141966.1977,78989.04039,136387.6802,51381.63478,236000.0224,146565.1251,0,117778.3793,34695.60019,161753.4042,93862.059,76929.83621,158540.6363,0,216995.6862,121521.2436,254401.0433,183056.6539,0,189826.5361,248707.5629,122653.7992,53416.10818,218840.5563,124173.1933,0,94538.98059,159119.9839,192712.1624,207995.567,0,168291.4894,137542.2041,0,104086.3125,135344.3152,134877.4763,211384.3392,108192.4819
2-Hexanol,102032083.6,80475982.1,83783687.53,15899323.52,91361402.59,30415306.13,95453195.55,66830680.64,75120814.95,54148167.92,86322051.6,61766644.25,68289288.45,45079469.98,36058827.36,187560124.2,40427695.96,22874934.66,29421270.85,30274963.11,82220054.98,52882636.97,54045762.43,36373876.7,92899753.65,36464410.92,76062879.72,107278186,109263391.9,84511437.75,56821220.09,108531246.7,90060030.66,75503788.27,65548792.71,77866227.48,68317556.89,109837612.8,45957145,42698859.03,90345037.62,77956424.89,118491834.6,80859322.91,87730922.84,81200924.04,31528796.69,132265959.4,75700248.38,48733696.82,63759697.2,61488428.65,56395420.79,62866649.24,36286247.87,48269871.55,95115518.14,73354332.56,91589823.71,117451793,73192353.22,57907738.74,0,82789790.56,91979291.25,56891913.01,67831557.21,0,59247088.1,92061873.36,128608529.5,113576355.5,84574878.17,0,111827880.3,107415093.1,70371426.36,81941096.59,73314541.19,55980667.47,116927814.5,55077151.68
"2'-Hydroxy-2,4,4',5-tetramethoxychalcone",0,0,5843.774871,0,0,0,0,0,4865.647581,0,0,4357.476409,4289.067623,891.7726799,0,7221.755549,125.1858393,9470.565486,2638.25758,1283.861244,2316.254311,0,2961.445506,2280.491044,3296.131546,957.117348,1347.990838,2360.547807,947.3089746,0,1073.398766,0,2081.061403,1038.705252,1005.481298,0,2433.783563,1875.62447,1584.636161,0,1465.820274,0,2152.25445,0,879.3247654,876.1524078,1979.186702,1584.402109,3138.87687,0,823.6095238,1031.032805,2452.432606,1870.04836,941.3514497,1294.970748,2322.068697,2911.176809,1105.169009,2205.109453,1435.876499,863.4503023,2367.122546,2838.150117,0,982.5450083,617.1677468,1388.847895,1052.798265,2336.222536,0,2915.142712,1422.800993,2518.161895,738.3774147,2601.641193,910.3641666,1755.365697,1074.879239,2702.962728,2466.016903,2535.529207
"2-Hydroxy-2',4',6'-trimethoxychalcone",0,0,0,0,0,0,0,0,0,0,0,1885.230951,1298.59964,1670.071664,2096.539784,0,0,0,0,0,0,0,0,0,0,0,0,0,0,0,1264.744327,0,0,0,0,0,0,0,0,7332.331171,0,2850.711389,0,0,0,0,0,0,0,0,0,0,0,0,0,0,0,6541.592507,0,0,0,0,0,658.48132,5406.944689,0,568.075392,1606.640773,0,0,0,0,210.4567674,0,0,110.2772985,0,0,0,24.96392591,0,0
2-Hydroxy-3-methylbutyric acid,22.39045465,395.5336743,430.0754256,0,801.5843523,443.9565334,966.9753885,582.4115007,940.2770005,163.6792906,250.5176653,1581.607027,0,355.4179537,312.1941372,1250.666883,381.1041754,162.4290053,234.8541041,631.8739902,538.9740385,545.5087883,249.1515413,433.7336386,613.6807115,386.4190918,426.4704192,644.214835,898.5723169,480.4709843,719.8241395,0,788.5010058,589.1569909,591.099238,862.2022918,470.6736177,369.6023395,518.5950199,454.636557,763.4700618,591.4240906,517.4954147,622.2198143,517.9789507,282.9407671,94.88458274,101.2615754,1281.041025,1369.953922,0,0,72.35145142,974.603266,554.4707727,163.7619445,2.443253784,1180.597014,1161.993893,267.153315,848.6763591,495.8595242,798.3178429,850.5804643,869.4893406,624.8200344,589.1465428,2.291548921,464.9771307,733.9412444,652.9819283,629.0865458,509.9496129,254.941523,607.0370321,392.0688251,547.5935049,324.4461637,467.7902629,215.6131949,453.4177217,483.0747594
"2-Hydroxymethyl-17alpha-methylandrosta-1,4-diene-11alpha,17beta-diol-3-one",0.700700212,103.7541084,44.08923329,0,0,0,0,0,44.60150892,0,0,92.98179111,45.67600159,97.41497511,39.52972717,61.61804277,0.726720708,0,0,0,0,0,0,0,0,0,0,0,0,0,645.9611295,0,0,0,0,0,77.12725063,0,0,151.6527174,0,0,0,0,0,0,0,0,0,0,0,0,0,340.8382452,0,0,0,0,159.0138105,0,0,0,0,0,0,0,0,0,0,0,0,0,0,0,0,0,656.0558232,0,0,0,0,0
2-Isopropyl-5-methyl-1-heptanol,148132099.4,137243939.1,90744642.32,107436564,107821256.1,138547304.5,97842966.02,112392077.2,104581432.9,198195095.6,116558763.7,99423123.63,95555301.79,104684594.1,121510651.9,148842715.9,96219889.95,84358171.3,0,0,497143611.7,0,0,0,0,0,0,390988832.6,0,0,625524367.8,0,0,0,373094387.7,0,0,1229448743,0,0,0,0,135942338.7,0,0,0,0,0,264159328.6,0,190904286.6,497749637.5,147208982.4,103479852.8,201176155.5,0,0,201943535.8,0,0,299949908.3,0,0,0,0,0,74909032.28,0,0,0,0,0,0,0,0,0,0,0,0,0,2427466308,0
"2-Methyl-1,3-butanediol",9611215.586,9144172.147,5909672.134,9445700.78,10002435.14,18681840.6,28116884.96,7308456.56,11768677.16,9781818.343,6485524.223,7694965.18,4907241.828,4151413.334,5728962.258,9694077.198,4013703.117,9032636.553,5392603.34,15359454.71,7900643.129,7169063.814,7715378.885,6381589.531,7200437.224,13951051.99,6877681.118,4373783.291,11555488.77,7070443.548,18643378.82,11318213.62,12954817.6,16336698.2,13045730.94,6112263.685,6341074.334,10978292.29,9937672.639,9273420.713,9513357.299,8948228.226,8358177.555,10333964.02,5483824.46,10109870.34,7438659.523,8894693.23,15576228.89,6991752.953,5790519.5,9665467.471,6488768.64,6863885.752,5660738.392,8712910.602,9143801.259,5506511.256,9892465.148,13590872.43,22563923.36,8563931.21,6085638.418,9932745.138,8233491.441,12898307.11,7753768.509,7235351.056,4217240.127,6979841.635,14246418.33,24740073.05,13846754.49,11499462.02,10740359.54,6744598.514,5985288.936,5953446.719,7696792.493,8431113.285,7634632.047,11250273.66
2-Methyl-3-pentanol,97258.14871,75015.40624,129802.718,64739.60567,104064.977,79667.62775,135367.1386,116757.3193,108222.888,42599.44244,102372.4913,128432.9793,102467.5877,34964.97131,76883.37315,81221.05352,101480.763,0,0,0,94373.0226,87876.01895,0,201213.6768,0,0,0,0,127198.3907,0,281995.8561,399956.2006,41741.9885,51320.20221,119187.4022,417346.268,0,0,42805.20012,29893.65619,348346.1026,107170.9806,118090.1425,99668.30173,36341.16311,0,0,1488299.756,0,0,0,0,0,0,0,0,0,0,0,0,0,74096.94008,130657.7002,75706.70499,0,129617.9057,129011.0443,0,145045.0574,156087.5699,0,180374.6923,316149.7135,0,0,331773.8512,284872.2505,0,0,0,0,0
"2-Methylcyclohexanol, (Z)",125452.9468,182456.1978,109450.2535,1373.181616,128356.7446,68541.76347,22702.93353,198374.9665,126414.6684,0,73974.30912,142588.5139,122459.1135,71994.79761,168901.277,128962.4338,125201.7195,121291.3172,61146.28643,225949.1299,146354.5182,119963.5915,187257.3916,98919.37603,108272.4936,54834.95946,102102.8515,54848.31728,133994.8385,105063.5426,129686.6761,116562.1587,127135.6,100523.3588,99866.94357,93154.56159,0,78464.76358,57234.28016,96173.90443,74701.75332,73648.21826,131104.9636,187015.1958,74832.71276,68599.78647,242228.5367,83552.37919,78997.89865,102761.7442,130627.7441,53338.93481,147551.1427,71403.95599,54964.7223,159203.5717,46919.64223,54186.53383,54933.27695,282169.7097,60048.25162,69803.56336,117974.0074,82830.09293,77449.1466,57064.50045,82816.00595,84452.6333,23502.237,46514.29853,160947.3905,68485.87392,203284.9787,218052.8674,155011.9654,128645.5377,131326.9199,112469.4022,74527.83627,131117.6888,120217.9634,73582.86855
"2-Methylcyclohexylamine, tert.-butyldimethylsilyl ether",5615897.801,4077303.253,2741706.627,7025408.426,3796623.57,6720083.749,4529959.962,3814652.022,4122395.074,2141419.828,5521271.097,4259267.388,3655352.773,4862478.133,4211654.388,4622945.358,3983534.345,8631214.013,4765376.966,0,4283262.319,3772527.757,4898634.477,0,4309160.425,3038633.308,0,3302943.063,4654210.761,4988673.152,7020194.068,4386861.697,4449912.305,7159296.816,8050805.937,4937696.379,2248984.573,6519148.236,0,7587133.712,6816584.127,0,5262032.784,13602284.08,0,0,0,0,0,0,0,0,0,0,10612298.72,0,0,0,60636598.97,0,0,3715488.089,0,6500577.285,4279793.521,8736511.217,3096213.266,0,3863856.349,4764404.317,4609103.348,9044367.063,6792352.774,7050736.069,5099722.344,5491087.487,0,4379562.771,5232013.838,10858388.48,0,0
2-Naphthol,102110.9507,112330.5382,69164.01245,182024.7979,197669.9688,316184.8309,172835.5157,100056.5749,76115.82066,66193.86721,101115.5575,78642.00452,84351.88239,67241.53334,78018.16032,159872.1907,61458.10775,385584.7497,122504.7647,218174.2456,97814.15094,78320.84238,229082.846,84005.95815,83096.38848,114052.3491,102052.2739,45092.57731,66148.61914,77601.15747,181879.9736,55304.46218,94598.84063,135620.3982,56094.24114,46598.29467,73080.81721,169119.8193,99846.58059,91117.143,161995.7552,145275.3059,53132.55358,202856.5674,65878.72411,65435.40092,301712.6106,0,180624.7002,189269.9312,84334.62249,91397.68036,79413.52498,66227.97963,6379.712704,111244.6594,81161.14758,114186.4905,110928.5587,205409.9946,218518.9287,109814.7251,91485.12985,155755.0727,120391.1212,145210.1194,130625.8441,220939.2289,57658.55631,93249.60929,14296.78597,168715.1322,150215.8772,217073.9047,102913.924,90778.57196,66193.35184,56120.90659,154572.9007,150017.5808,81403.87588,124515.5809
2-Norbornanemethanol,562992.6267,3883494.995,3314407.116,48175.65707,4587782.679,828624.4591,5730930.63,3008750.804,3212032.493,0,1992767.686,7281493.644,2501057.906,2080861.968,2815260.812,0,4547770.185,0,0,0,0,0,0,0,76417606.03,0,0,0,0,0,0,0,0,0,0,0,0,0,0,0,0,0,0,0,0,0,0,0,0,0,0,40405492.07,0,3261711.372,0,0,0,0,0,0,0,21813676.01,9321250.692,0,0,0,0,0,0,0,0,0,0,0,0,0,0,0,0,26178277.81,0,0
"2-Oxiraneethanol, 2-t-butyldimethysilyloxymethyl- acetate",105988.2977,255759.3326,69872.4158,41457.34059,191770.1809,200180.8157,267019.834,246450.3349,155756.6148,0,58826.68955,211734.0299,94164.61302,29851.39788,134204.9399,0,160635.8893,0,0,0,0,0,0,0,0,0,0,0,0,0,0,0,0,0,0,0,0,0,0,0,0,0,0,0,0,0,0,0,0,0,0,0,0,0,0,0,0,0,0,0,0,548069.4201,0,0,731753.1523,0,0,0,0,0,0,847680.2417,0,0,0,0,619387.0247,0,0,0,0,0
2-Pentadecanone,0,131.1766119,0,119.5996142,0,96.64046053,0,115.9168208,117.5129342,0,0,121.2646694,101.4675376,0,124.9548296,0,0,81.35307799,36.30708318,71.56871313,51.26031116,43.25108132,67.01419374,23.42631713,44.74723361,46.86324175,53.24979145,45.27227272,121.1352822,48.16734957,106.4019713,30.26373241,48.72420815,53.46746104,29.15784038,33.64450443,0,80.93186611,41.91482836,54.1400778,110.9955995,56.92308481,34.32815348,67.79393773,47.04604392,22.18504734,86.79918213,47.19931878,75.88392336,39.69517875,18.36215746,68.09097997,23.90542255,26.90465194,48.72578426,87.12958004,48.50992444,55.36767933,59.05837466,90.47650059,75.6201563,37.60190826,46.69263125,80.19472567,48.16644786,76.3428613,0,88.41026957,22.84776583,62.05312059,85.33456713,90.59986156,42.87866184,76.07966187,69.04548588,66.48757359,37.93696886,46.14299092,55.28218133,61.23151227,53.68274811,0
"2-Pivaloyl-1,3-indandione",40163.25883,17838.07462,38184.11166,14154.83984,0,0,0,0,0,0,0,0,30718.10943,0,39159.11868,0,48089.614,0,4965.423764,0,0,0,0,0,0,5485.472502,6808.338435,0,41102.04825,0,0,0,57174.37466,53851.27838,0,9532.94955,0,32031.53844,6365.804484,0,114483.0754,37003.53389,0,7231.430292,0,0,202063.3327,12813.96333,0,0,0,0,0,0,0,0,0,0,0,0,0,0,0,0,0,0,0,0,0,0,0,0,0,0,0,0,0,0,0,0,0,0
2-Propyl-1-pentanol,10603663.5,8009768.907,9281036.611,9645312.088,9163975.441,10444594.28,9868355.555,7741383.193,8949293.235,10454039.38,9199714.377,8455224.279,7269032.673,8344143.412,8769633.681,9210423.525,8416402.762,0,9184552.073,0,1888663.689,10550473.54,3504720.51,7547068.84,7686370.319,10300089.57,0,9169631.969,11016808.34,13310914.75,15896152.18,9433041.867,9423007.712,14782041.93,5231134.437,9813342.64,0,20012268.23,14156231.01,14250693.66,20101091.93,6854445.921,10125243.42,12122194.22,7000282.72,0,0,0,14924222.18,14161692.5,9441912.351,11279025.26,9166503.818,12179206.37,13980212.15,11145840.26,9850713.543,11624988.52,11234782.83,15788309.07,0,1791376.56,370200.9904,12329035.18,1953839.156,10722128.88,2468295.802,17499878.51,8184739.651,10029369.49,12042638.75,16333522.98,3626563.894,15041894.67,9501333.631,12805406.04,418622.4357,7592074.501,13541813.24,14667587.08,9773488.859,9326538.808
2-Pyrrolidone-5-carboxylic acid,1209537611,753794917.1,858864089.6,399438859.8,881903561.8,672456879.5,683460845.1,808611954.2,924599185.7,207686735.3,502593623.7,786834020.2,711202259.9,438193207.2,695026059.6,3982881392,644758880.4,670451102.7,251631105.7,629271985.4,815469377.2,894788088.1,1117834854,2253004799,1056194654,1136225035,808782903.7,531392240.4,674574818.5,537450933.7,1567242404,589008769.5,666893125.6,894080428.8,1667297561,569548528.7,496959439.4,753571024,751316025.6,1354809239,1294294958,608897135.5,933788099.3,976868643.7,470801797,421307439.1,477537809,695607227.9,864663149.7,1139638087,618533588.5,576412547.1,537320757.6,635949839,399731051.4,515830563.6,798874503.7,1050654124,1547950266,2538679486,1451280461,595150422.3,1295361492,801399178.7,0,1730676535,57672521.82,312712024.2,676351915.5,1160742829,1416256982,2200650566,833639850.5,583567662.7,1884187116,957741498.6,381349059.5,408955459.8,600980444.7,249554574.5,948285466.4,1634101208
"2-Thiophenecarboxylic acid, 4-cyanophenyl ester",0,0,145721966.8,0,5582923297,4013214675,2993485004,9002861541,2615804904,0,317190504,5660589176,6272241815,2354191239,3587114263,0,1766212285,0,0,0,0,0,0,0,0,0,0,0,0,0,485817039.2,15026706890,0,0,0,0,0,0,0,0,0,0,12768770893,0,44702435694,0,0,0,0,0,0,0,0,0,0,0,0,0,0,0,0,0,0,0,0,0,0,0,0,0,0,0,0,0,0,0,0,0,0,0,0,0
"3-(4,7-Dimethoxy-2H-1,3-benzodioxol-5-yl)-2-methylprop-2-enal",1594109.466,1672899.422,2625128.825,1097450.323,1672666.391,1784870.911,2126240.72,1657662.89,1813099.625,16301087.84,1900568.677,1826431.756,1628428.458,1860133.211,1597039.674,2177634.415,1848561.71,2483098.597,2032380.54,887253.4193,1948592.028,2818350.01,3262253.959,2573718.647,5299546.329,1875969.947,3817602.152,3767364.019,2847420.84,2191760.546,1800690.188,2458316.219,2609969.218,1970757.525,1986548.749,2112502.048,3257504.66,5454722.332,1407571.255,1962719.641,2884794.733,2116536.355,3548690.514,3150123.831,1893971.16,1923601.852,2241514.339,3441078.077,2934023.681,2157207.61,712195.6571,2934534.2,2652724.903,1690721.632,2122978.779,2499866.638,3011678.526,3367098.315,3001018.891,4856965.644,2978922.374,1107787.692,2102257.201,3439468.299,3568071.053,4339631.092,2064278.582,1610724.084,2964695.518,4352031.752,2916000.234,4819002.408,1609144.711,1561912.446,2008504.523,2683178.535,1753338.641,1788688.63,3089863.732,2658900.374,2843900.995,2534166.594
3-(4-Methoxyphenyl)coumarin,75057.63151,105202.3008,66672.55789,0,315173.0541,1688906.216,562863.246,62434.47186,0,593.4498771,234948.4627,0,103998.3377,0,0,443814.2116,0,0,0,0,0,0,1996742.17,0,0,0,787189.0065,0,0,0,0,0,0,0,0,0,0,0,0,0,0,3243750.606,0,0,0,0,0,1293217.735,607670.4797,1467013.723,23450.71029,0,0,19506.026,0,0,0,0,0,33530.9162,0,2596588.039,0,729644.7401,0,769717.1384,0,178157.5323,0,0,0,0,0,0,0,0,0,43933.01002,202720.8776,0,0,0
"3,3-Bis{4-[(trimethylsilyl)oxy]phenyl}-2-benzofuran-1(3H)-one",1196657559,985246781.3,797780703.9,1389647655,690518814.8,898607358.8,707910754.1,643863841.2,702836303.7,219897965.2,1241059523,806813173,730542050,1009066215,1151991702,1204528395,1051770490,0,0,0,0,0,0,0,0,0,0,0,0,0,0,0,0,0,0,0,0,0,0,0,15186094418,10225946756,0,0,0,0,0,0,0,0,0,0,0,0,0,0,0,0,14521166385,0,0,0,0,19059030881,0,0,0,0,0,0,0,0,0,0,0,0,0,0,0,0,0,0
"3,3-Dimethylacrylic acid",1791946.836,2149241.801,1515136.613,2309310.924,2400593.347,5306982.883,3185297.18,2050803.477,1513785.931,1162524.713,1886808.919,1754682.371,2200628.265,832348.3101,2190861.932,3713357.824,1437285.227,0,7572207.847,0,0,0,1532309.205,0,7611947.847,0,8117685.597,0,0,0,0,0,0,0,0,0,0,2839908.69,0,11311166.18,0,4359570.341,8558721.829,1977703.649,7721408.434,0,3747571.678,2618013.898,3040321.523,2323059.427,0,2047544.673,1643861.842,1580507.853,333048.0539,3334360.825,1530741.235,3206177.208,1950225.138,5034098.491,2811970.793,0,0,4909470.806,0,4323882.041,0,7033070.998,0,0,0,0,0,8570541.618,0,5228295.516,0,5833730.552,0,10302980.68,0,0
"3,4-Dihydroxybenzaldehyde",29145876.48,5462815.454,6045329.331,1107121.908,6965708.422,7067847.21,5006868.238,5370419.191,6731257.524,81890116.82,4988175.148,5280099.485,1939037.351,2744756.259,2110571.201,82251189.71,4159675.439,0,0,0,0,0,0,0,0,0,0,0,0,0,0,0,0,0,0,0,0,0,0,0,0,0,0,0,0,10286388.43,14960695.99,0,25072897.29,19616392.63,18385343.59,18120906.92,8239508.407,10281987.84,0,11502244.68,16454446.66,12353597.89,22421997.3,18301684.81,37076604.2,0,0,0,0,0,0,0,0,0,0,0,0,0,0,0,0,0,0,0,0,0
"3,4-Methylenedioxyamphetamine",15836027.35,118852479.6,3611424.86,0,0,57073383.03,60678610.43,20856656.4,15708876.48,0,13014690.3,7218055.042,707484768.5,24642055.65,13090979.47,3569686.876,588514707.2,0,181941492.6,281076335.9,0,159087173.8,137264666.5,0,0,164308767.4,116766932.2,114845349.8,104021358.8,158203519.2,163145445.4,144810489.8,0,0,0,0,116064689.8,123198750.9,92716892.33,227243391.5,18682.85889,153737457.4,89697888.08,182802021.3,6946766.982,223841486.1,823717358.2,303314868.7,5618.717487,0,202109773,79421.75427,7793.21655,0,0,0,8293.252262,0,0,0,0,0,283954340.3,153668931.4,144802833.6,87873133.37,5448.491015,0,377338.1338,17108.66065,130200245,0,1285110.343,462783333.9,132431651.5,149571698.7,0,0,301742139.1,189710241.9,0,0
"3,5-Dimethoxy-4-(tert.-butyldimethylsilyl)oxybenzaldehyde",266746505.4,201937770.8,272883141,175826337.4,219379458.6,249755860.4,268321044.9,177357855.7,202436014.2,1968295166,216958746.7,215597684.4,189027262.9,226550739.7,201813681.2,204897881.4,223028414.6,0,0,0,0,0,0,0,0,0,0,0,0,0,0,0,0,0,0,229632801,0,0,0,0,8797589542,0,0,0,0,0,0,0,1497003691,0,444346604.4,2927316636,0,0,0,0,289745835.9,0,0,0,0,0,0,0,0,0,0,0,0,0,0,0,0,0,0,0,0,0,0,0,0,0
"3,5-Dimethylphenol",35882.93837,33654.43155,25637.44443,35304.08997,38076.306,37864.86777,30436.81813,42234.76257,32062.66893,31265.0796,37915.14991,35528.9122,32661.04821,31483.95567,31278.63897,42840.32174,29002.01067,41645.17791,66548.0082,39400.77308,24989.83396,22045.39697,100282.698,18350.26105,25259.00359,24093.49394,29328.50227,22066.90886,23511.13031,104065.8697,32417.5719,17426.03876,24037.93429,27450.36093,15617.48295,18327.09098,72129.5821,35022.32349,25015.96463,24149.27267,40228.01962,24677.37289,17525.28216,32865.43167,11971.71027,25350.81166,71424.53939,51902.56609,40103.59608,41309.31962,29023.02185,25276.36772,32973.88427,25215.52755,18571.06039,30024.74425,20528.93413,33558.50468,28739.89613,34644.5356,40180.40324,0,61194.21593,26998.05844,22865.7165,24056.35705,29825.39261,39775.77699,17117.03372,21308.62357,0,89185.65814,31740.39298,58942.66318,27092.61378,23815.57077,28210.85359,24037.9588,80993.17901,29371.65569,83804.65212,0
3-Amino-5-methylisoxazole,1616234.411,4437745.115,5959285.278,263536.3024,1179298.017,3671649.268,1650291.072,5974068.168,4329908.734,57131513.27,1005344.486,7443272.911,5169852.972,5843788.788,8104487.925,252125.7749,11320710.27,19845219.64,8244704.024,12538841.94,6059645.59,7890619.214,10553487.91,7452890.203,7838581.908,7251553.073,5404106.729,4780790.614,4540600.048,2920887.914,12072409.16,2688764.811,4854657.171,10129643.89,2738176.949,2712483.258,3872858.553,11678641.88,6305531.027,8372077.605,15878621.25,8327082.215,4821237.829,4380286.098,2309549.922,2526405.67,15050634.34,11559194.58,12058570.85,8374541.043,0,6366981.06,4293042.486,5753780.625,7017559.03,5223915.352,5347767.734,7453880.824,6244603.615,9505675.398,11202847.64,5216674.278,3086508.964,8019201.877,10189069.89,11285444.86,5586314.758,16264724.23,6196300.065,6105112.953,0,11956152.03,7570851.122,12385847.41,4315587.039,4614834.721,3519569.552,4458304.459,12241051.31,5019408.447,5228957.898,11588046.96
3-Aminobenzoic acid,5202400.579,10142982.53,5073157.717,11153817.04,28173004.16,161772775.8,60158702.46,5830068.231,5123636.5,0,11822584.95,2520093.275,6537464.574,1126167.404,1027881.324,57409401.39,2255753.699,52253734.2,19437104.16,35409866.17,21208626.57,7144505.25,39369909.87,14679396.6,3109933.954,19615543.96,15453803.98,1770589.096,4268421.118,12299339.24,68275590.59,7604857.006,21795900.28,34437750.69,8886572.443,5418728.092,11743715.93,41817525.75,28174402.2,16931181.91,57390862.46,39715769.78,1250441.045,25753002.29,2973335.153,1753810.642,66929387.11,38715978.94,43422198.31,49265969.91,6663407.435,6539465.978,0,3952809.493,12875276.45,8651481.421,10389034.59,18312662.36,14731769.01,17874525.36,53173885.73,14969303.73,13206377.67,29719269.78,21289883.1,28396591.39,26323615.81,33860784.55,2043732.639,3930917.048,29419922.65,32282363.65,26084658.57,36987324.85,12783626.06,18893161.85,5675542.543,11765369.59,48142626.82,20275867.62,17946455.61,29645411.8
3-Buten-2-one,304350.9934,290655.8382,400240.4637,285821.626,257873.9894,0,187100.9116,311820.9766,244745.3068,289221.6368,298858.1732,265052.2908,263491.0755,245884.6607,242386.5391,375505.3825,236864.1379,413631.6552,238637.8335,507700.1298,255762.6953,200590.6153,283912.1473,240407.8438,261172.6646,244476.7887,337830.4751,227538.6123,223070.246,237930.8649,386334.5234,197679.7409,287936.0428,295496.8778,166280.8239,207201.6921,180057.1513,322150.242,199589.1824,306142.851,321416.7901,253202.1716,240258.3766,262463.9952,112684.1467,208334.0846,105411.5124,223600.7255,269046.3876,312007.0776,340530.6853,211838.7673,556093.4215,232431.7092,215335.6815,255631.6931,194783.655,223892.4732,223147.1012,349702.7426,313387.8136,153737.1653,254269.8288,228629.995,187041.6231,304490.6662,244245.4764,320235.9764,163293.1601,204658.0841,329969.2442,296858.6063,327499.0437,451402.5358,225320.4701,272941.7483,284144.756,212970.3772,229406.994,313472.8785,309787.2784,244291.9769
3-Heptanol,6887515.055,15378600.18,10644131.37,1957737.026,7682523.403,5409438.05,10172912.89,14141946.49,8877285.115,1004105.175,3896820.146,8584358.054,9835848.968,7026828.001,10646322.55,5124681.994,8948116.294,4783840.717,4972604.254,0,5717460.495,9229689.051,0,3704956.294,9836657.998,3434923.506,5842932.026,7580768.114,5851958.661,5798726.02,5791827.865,10048065.45,9034663.329,10758069.86,10016460.2,14955761.06,4980298.577,7982843.557,7854612.232,5068515.086,12894879.26,17248373.39,15544526.98,8890838.494,16536734.66,11692838.75,8804113.773,16136315.14,5313505.897,6694848.893,10376432.74,4986341.459,3232415.442,4123676.51,6677289.236,7097150.17,12254123.57,5968702.295,13146438.71,6418626.027,5283459.751,14203440.23,7362492.198,12843601.87,5198518.291,23346363.28,16530618.1,6610057.667,4779779.741,7398887.096,7879390.972,8605978.554,2964269.479,8053770.598,9066528.525,7619920.955,6637977.738,3875329.038,3850094.222,2727886.75,6018843.165,2696991.886
"3-Hydroxy-7,3',4',5'-tetramethoxyflavone",0,0,0,513.3302591,377.5845324,394.5774599,0,11.08031789,0,0,0,189.2303979,9.807717178,0,5.349496898,0,0,45.6314308,12.20600636,182.4279744,12.18412077,0,13.86796098,0,0,46.55149435,7.781725301,463.4766109,10.67991419,336.678345,0,3.133425207,10.63638393,57.50856165,131.6149634,343.1738766,147.0257494,18.4089727,12.08493503,596.3864994,0,0,0,0,20.71075985,0,0,0,0,0,63.39639019,0,1219.144291,0,79.01199625,51.11572883,0,0,0,0,0,0,0,0,0,0,0,862.0764012,0,0,0,0,992.0508814,0,0,0,0,0,0,0,0,0
3-Hydroxymethyl-2-trimethylsilyloxypentane,4441.850876,24711.40141,5235.868219,242.162446,6281.890779,14884.35461,3654.760639,19394.07061,8730.259039,13.64450977,19664.26152,9601.776316,76838.52418,8100.236477,31785.83886,2651.262602,35408.31349,0,0,0,0,0,25047.47824,0,42552.54734,0,35767.3777,25920.51713,36347.65476,18717.46766,40863.77877,37837.18144,0,0,47396.50122,0,0,0,15005.66534,34007.36253,0,26781.17344,35228.53323,0,25934.60498,0,57164.33556,60501.86794,0,0,0,0,0,39181.78718,0,0,0,49657.56604,49156.06829,0,0,0,14821.18357,23418.17474,22528.56617,0,0,13960.04197,16816.87633,29843.22767,36306.06263,35991.43868,0,0,18442.50901,16841.64875,17804.98431,0,33466.93379,0,35880.21408,19434.02115
3-Methyl-3-buten-1-ol,31491.40635,26309.58193,51767.43236,13402.17871,57303.40628,55403.65668,73006.18687,25068.27602,46657.5685,0,44502.56316,73671.67196,25839.25045,43156.19156,52179.04095,26390.66014,74070.47003,0,46979.46078,0,0,50875.88818,0,0,144198.952,18313.39268,37227.74207,58188.35422,50003.43904,0,0,113678.8993,66480.60834,72767.62451,22537.18229,24032.42473,45436.04338,88404.56509,29332.90656,64335.45967,0,80804.95567,133087.0563,0,39558.9967,15942.62196,19837.57289,85037.16687,93179.96526,9533.319628,0,5275.67462,16439.91837,57934.11444,34931.49526,24875.6682,88470.62511,42936.63203,94791.23613,61649.13251,27018.54325,22753.89894,0,85913.87688,121103.0846,87129.89501,25506.26797,0,74477.10368,110817.6035,33558.81226,96913.27022,0,0,26272.16684,29579.11203,0,11813.70812,30311.76997,37609.20986,65949.54824,29973.63539
3-Nonene,0,18268.0243,60443.43971,86765.18042,20545.54187,22397.12974,0,70248.21933,52020.08654,138844.603,59227.4352,47226.39097,47977.5083,148498.2285,15537.63887,100436.9033,51770.02183,0,0,0,0,0,0,0,0,0,0,0,0,0,0,0,0,0,93728.95027,0,0,0,211033.6731,432336.2183,551508.3629,0,0,259967.963,0,0,0,0,0,0,0,0,0,0,564004.3069,0,0,0,0,0,320895.7889,0,1161431.376,0,0,0,0,0,0,0,0,0,0,0,0,0,0,0,0,0,0,0
3-Phenyl oxindole,1134564.47,0,23646575.16,0,0,0,0,878201.839,0,320634381.1,0,1143314.72,5449669.3,0,0,6985602.97,5200501.834,0,0,0,0,0,0,0,0,0,0,0,3882023.516,5406789.932,174077535.5,0,0,0,0,1720555.579,0,7335380.223,0,0,408874110.5,0,0,0,0,0,3829228.811,0,0,0,2078749.762,32737475.56,0,34792595.59,0,0,62684879.56,0,92945664.96,114529345.9,0,0,0,0,0,0,0,0,0,0,0,0,0,0,0,0,0,0,0,0,0,0
"4,4'-Dichlorobenzophenone",0,0,0,82947.24365,0,0,0,0,0,61520.08391,0,0,0,0,0,339004.8587,0,0,0,0,0,0,0,0,0,0,0,0,0,0,0,0,0,0,0,0,0,0,0,0,0,0,0,0,796307.1302,0,0,0,104654.5834,0,0,0,0,0,56930.15219,0,0,0,0,293447.9103,0,0,0,0,0,0,0,0,0,0,0,0,0,0,0,0,0,597230.3477,0,0,0,0
"4,5-Dihydro-1H-pyrazole",126602717.5,273043544.6,330424370.6,95062745.93,184083595.9,250630445.4,17511299.49,77623927.23,84804231.93,124721909.8,54747684.21,231555766.1,289788123.7,129357955.8,69261080.61,192955360.4,325412534.2,68497980.64,0,0,20148718.68,41713823.01,96319559.52,0,58128700.98,0,20791498.25,13194659.54,3464644.481,89502097.76,367451656.3,162560571.6,0,17091157.21,35998533.64,116458431.5,27598567.31,0,593309876.1,937949217,1282292988,28639937.71,725501746,0,0,0,12950415.21,43357352.31,464280969.2,350653485.7,0,21186335.61,7015026.634,64841856.6,355868276.6,257457717.1,195201400.7,333835371.3,161449108.5,44570507.92,376826099.6,0,0,0,0,0,0,819502135.5,0,0,0,0,2710458639,0,0,0,0,0,0,0,0,0
"4-[2-(4,7-Dimethoxy-2H-1,3-benzodioxol-5-yl)ethenyl]-2-methoxyphenol",2287404.138,2211716.862,4737908.065,1750661.801,3089829.11,4720256.263,4363038.484,3214580.656,3346672.979,2339608.457,2972901.105,2757027.478,3740568.45,2470167.986,1666373.021,1747850.78,3281246.516,4653330.496,2476946.04,5518699.024,3995364.332,1661965.003,4850052.854,2955347.689,2481740.876,2439579.94,3947308.342,2749758.991,2250315.151,4621464.246,3933860.88,1326485.037,3587860.247,3903467.828,1830574.481,1111121.566,988216.2157,3198144.668,1231187.79,2052902.476,2916985.125,1356928.863,884823.7481,6175969.056,4401877.875,1454137.015,4519888.565,5473118.858,4742218.793,1635149.93,3325186.995,3277984.428,4177286.56,913225.5553,1008770.605,3748012.247,1252222.642,4144507.427,1138288.056,2358852.283,4546737.95,3381678.015,822538.5326,4115971.718,3297063.004,1578761.247,2362418.839,3943468.117,2239831.163,1000706.277,1990235.929,1485574.713,2354759.358,7198052.838,4337121.773,1512897.181,3593936.756,2668884.838,3904904.342,4702616.003,3658117.569,2477170.918
4-Aminobutanoic acid,844267.7712,0,231445.8229,864175.3389,429829.3592,642281.6511,174918.3444,259612.6217,177172.9536,0,756258.1678,0,120752.6256,0,0,0,67603.98771,945462.6385,264291.4524,49452.64106,621381.657,304419.14,0,153171.9208,49407.10552,593549.071,253572.88,96680.35383,196234.2673,238688.4868,1065741.931,93308.81574,418530.9211,778891.7561,0,0,0,95663.67534,435284.0158,0,744937.3661,0,49069.07735,0,76550.35908,192814.8208,64667.66551,325528.1672,196800.2673,884554.994,106051.2852,0,22423.6449,0,208818.6262,0,0,174782.9478,994811.6976,144078.7665,984261.1351,177148.788,281672.7341,135435.6377,574685.1418,290047.0418,307518.1774,109597.1465,12034.50692,205687.9989,327075.3233,924535.6894,272216.9251,170473.7239,158476.4232,263707.692,28315.72413,40970.32141,932171.6834,119041.1133,49036.15631,263369.1999
4-Hydroxybutanoic acid,901562.4333,462462.1824,87875.29578,327700.8169,649756.5267,618762.2258,742891.071,443568.1177,655677.7651,567616.3622,424768.6348,573140.5993,439100.0641,460919.0299,384704.4752,614829.2604,473450.6534,0,0,0,0,0,0,0,0,0,0,0,0,0,0,0,0,0,0,0,0,0,0,0,0,0,0,0,0,0,0,0,0,0,0,0,0,0,0,0,0,0,0,0,0,0,0,0,0,0,0,0,0,0,0,0,0,0,0,0,0,0,0,0,0,0
4-Methoxyphenol,226510292.1,180013773.3,168202949.8,177343559.1,172547955.2,203707965.8,167638388.1,168991301.1,165801057,98343856.24,167235081.7,168253220.7,158119371.2,158755995,163747234.8,241597127.2,157079850.3,666035550.1,316772217.7,0,114735744.3,0,0,0,402928360.1,0,260112233.6,0,0,0,186388726.4,284100307,144788124.1,0,255079756.4,274729419.8,0,543194018.3,147723000.2,294063342.2,0,0,315192775,427580877.8,215333865.1,141640622.3,281517693.4,162541959.3,199867045.5,156523621.1,68576451.57,131351994.1,221330598.6,104046332.1,128175885.7,189408616.3,152542202.9,213003091.8,182413240.2,279886220.9,157893462.9,0,0,450366300,188828895.5,505560611.3,244460776.8,557796202.1,313499015.6,228905317.1,0,0,0,428506102.6,403081706.7,0,0,315563810.8,0,0,0,0
"4-Methylquinoline-2,7-diol",0,46698.66067,0,254379.0302,0,0,0,0,0,0,0,907353.6144,2231658.696,703065.8898,2972144.453,29005074.98,1776165.752,0,0,0,0,0,0,0,0,0,0,0,0,28758148.2,0,0,0,0,33659684.17,0,0,0,0,0,0,0,0,0,0,0,0,0,0,0,0,0,0,0,0,0,35667332.78,0,0,0,0,0,0,0,1985838.597,0,0,0,0,0,0,0,0,0,0,44827535.68,0,0,0,0,0,0
4-Methylvaleric acid,479891.6292,1008882.792,1070073.43,907270.0911,801076.7702,411209.7198,439705.7447,680667.5792,636693.3143,1078479.251,394259.9104,759685.6987,504050.8817,899062.9068,921595.5639,1211126.302,986130.7589,1772719.761,803024.0494,684706.044,769445.4808,793246.9002,967586.4928,399440.8506,630561.5895,1007030.194,910652.4844,672423.9864,683928.9144,1044610.345,1559054.087,582216.7559,888547.3375,343525.4126,478443.9366,757984.791,763367.7745,1293083.796,844017.4494,1299814.316,505278.4832,536872.097,0,433108.8164,299787.0083,344210.461,1086011.356,661703.8098,993845.4061,596744.5342,310885.3256,695620.1545,286558.2859,574079.4719,769738.5527,836675.7473,689368.0329,1032216.602,813325.8025,1069129.624,1653874.922,609181.3185,0,878050.4644,898395.8743,894616.0049,0,1560241.84,613146.9575,840903.8809,583424.866,1694709.811,767517.9647,1405794.071,631289.7611,761816.8787,478341.3551,526857.6413,933688.0187,729194.1464,601827.3957,884361.1158
4-Oxohexanoic acid,995130.6159,817216.8874,783618.1379,760590.7462,1031456.882,517571.424,629255.2353,1148763.101,690070.7299,640226.2888,1056537.862,768377.9628,744882.701,649976.9978,730548.0173,1118071.393,668182.5639,0,929945.1037,923436.4835,595281.5339,546963.5496,1503551.141,632348.4369,504955.4634,592258.7684,1128436.114,938714.584,988165.8351,829788.1196,1232434.222,436482.2109,1047931.364,1121609.93,453436.1752,700074.1587,523946.6326,1519501.429,1020763.667,955663.1057,1428575.053,651195.1508,922325.0526,0,520062.0853,598863.8162,1584004.936,954223.5494,871377.9418,1022702.794,485527.467,667867.1312,598173.4428,723059.4123,0,994208.3955,650939.8049,810222.6009,622174.2367,1231236.851,1127043.546,614420.3082,1073338.645,0,554280.7699,1167940.515,1151733.665,552533.1942,439942.1272,0,755238.2494,784807.9689,710763.4001,1689182.693,1208192.318,725581.5982,1462190.061,668097.9527,688252.4746,798265.7491,545518.8342,1395603.503
"4-Phenyl-2,3-dihydro-1H-1,5-benzodiazepin-2-one",339242.2894,0,0,47672.59182,359630.6062,787301.4888,0,98373.46948,99670.6008,4159289.307,358260.4817,270661.4775,102257.2646,0,99700.23125,923012.0963,0,0,0,0,0,0,0,0,0,0,0,0,0,0,0,0,0,0,0,0,0,0,0,0,0,0,0,0,0,0,0,0,0,0,169953.033,0,0,464536.8751,575842.129,499473.2991,944244.0681,963291.8595,761799.1299,1399920.034,1416301.365,0,0,0,0,0,0,0,0,0,0,0,0,0,0,0,0,0,0,0,0,0
4-tert-Butyldimethylsiloxy-3-penten-2-one,48821433.06,39730668,33321354.96,32305260.19,41793898.59,44273525.73,38611960.52,71167128.64,30020926.88,10945807.95,55897877.66,34036413.66,41792188.89,28861623.69,30542351.24,41302689.19,32778651.51,275032962.4,0,133015939.5,33543076.91,0,0,0,0,75135041.69,32024527.87,0,0,0,0,124618038.7,0,0,0,0,0,151534837.8,0,144266655.6,0,0,111635113,0,0,0,0,0,0,0,0,128186394.7,0,0,71047600.8,0,117004606.1,0,121047185.3,180317752.2,0,48715668.6,0,64969060.19,53952867.65,0,0,117126861.1,0,55899647.05,0,95629638.8,11251605.53,77354561.25,21634516.28,50140272.02,0,38550104.26,62137561.1,62082761.73,51159519.54,0
5-Aminovaleric acid,7826053.425,23019030.49,10161061.33,723102.1056,26492686.96,0,49257404.13,16601922.5,14580292.05,0,3544938.44,14757929.47,18478977.08,1399216.398,1116836.046,20598354.83,8895952.882,0,0,0,0,0,0,0,0,0,0,0,0,0,0,0,0,0,0,0,0,0,0,0,0,0,0,0,0,0,0,73525464.36,65848451.18,65288445.07,0,0,0,0,0,0,0,0,0,0,0,0,0,0,0,0,0,0,0,0,0,0,0,0,0,0,0,0,0,0,0,0
5-Azacytosine,379065.4625,290587.8606,300545.9149,432531.2883,267368.1295,322386.2129,231958.4295,286954.2539,310195.8761,1494020.399,508377.9334,336232.9834,267819.9803,315072.0935,328231.6954,0,286567.3889,545935.5862,370294.5718,346962.7952,288111.1538,393594.2071,561973.2217,340145.6329,234361.6361,280474.853,346981.9903,353914.0934,297580.075,268408.3144,346010.0136,363620.9621,363162.03,299963.8225,445482.2628,343949.6688,244694.4258,404804.3421,311894.7359,341433.0824,431430.8766,730572.1185,325346.816,632622.2634,258135.935,529973.7297,259957.1615,486535.7049,788392.7051,479233.232,103000.5066,320075.265,344737.97,307348.1002,206229.4866,0,256422.1421,385158.2513,362516.9485,943163.422,211176.224,251124.1166,357775.2015,406814.3172,501201.3431,394837.7238,328076.1629,345886.7676,263558.365,407156.4464,471943.7295,590420.6685,505403.91,314058.7415,397441.6479,380375.7809,0,340335.0868,329543.5413,515130.1859,451386.3673,301426.011
"5-Chlorovaleric acid, nonyl ester",21018959.59,16527433.14,13176885.6,12328034.21,16957263.92,19233634.63,19782885.79,16248722.46,13037123.03,20546314.34,11047615.03,15640056.47,13404408.41,12393843.49,15763045.36,21650951.03,13087209.61,25355200.1,15691391.23,23951160.92,14565722.95,17657786.13,21000488.52,13229319.58,13324815.61,14115168.74,19896809.28,12980053.27,13770151.65,17442683.97,15799231.42,12303771.23,14400205.96,15980818.5,9856596.915,9905700.881,15287161.96,19339315.46,14667103.55,13224107.99,17427962.64,16438872.92,12155116.06,21414053,16562924.29,12192454.58,28838015.38,19680783.5,15848062.69,15864829.85,14314897.76,13874074.92,15674609.32,17824993.93,12115155.21,14497277.21,9699986.834,12888542.63,18011500.59,17058891.51,17469463.94,18779581.19,9998658.834,14743824.87,13217184.25,13691516.12,18531152.17,21124863.35,10927389,12226084.27,14576016.16,22900252.5,16906200.45,28802514.69,12598408.29,18351286.03,9974670.633,14659017.76,18616906.79,16445026.8,16910024.08,11827192.81
"5-Ethyl-1,3-dioxane-5-methanol, tert-butyldimethylsilyl ether",10863525.41,10886431.07,8161131.562,3981688.737,14327659.55,7604138.669,9864898.68,10054454.26,10012728.68,4703621.548,4971219.626,8085770.646,5213229.725,7797034.032,10004081.12,832023.8976,7015623.937,1211962.593,316116.1454,7759514.321,12069410.84,0,3921611.245,2052744.511,7793984.284,0,5041819.658,0,10571992.87,9016142.731,8490250.112,15512632.17,13568928.79,11012223.31,7061918.758,17618213.01,4918111.6,2857274.274,9772466.063,1808340.806,18637357.85,14377866.29,8058889.902,24420255.56,3460520.058,7352497.671,1728866.259,15223998.45,1379943.592,19266639.43,10929024.5,6079117.545,7165826.251,9423310.076,0,1694573.258,7428095.808,10143435.93,18982686.09,5149829.556,4526754.302,9932494.342,18079221.6,9759790.135,11395822.21,0,17224264.09,0,0,1140037.221,12542354.83,4876023.166,13107547.02,2460556.23,12573713.03,9396850.23,11851527.14,8417119.374,6016470.993,2208562.507,8307535.916,6708020.779
5-Ethyl-5-methylnonadecane,871832.7186,1034787.772,1486339.08,1502922.133,0,1589330.618,1704391.484,0,706411.1039,3885744.863,39163057.79,39847431.16,24944037.5,27170236.93,22735236.13,12187616.6,36044116.72,0,0,0,0,0,0,0,0,0,0,0,0,0,0,0,0,0,0,0,275716.4259,0,0,353633565.5,0,0,0,0,0,0,0,0,0,0,0,0,0,0,0,0,0,0,0,0,0,0,0,0,0,0,0,0,0,0,170350721,0,0,0,0,0,0,0,0,95081240.47,0,0
5-Hydroxy-7-methoxy-2-methyl-3-phenyl-4-chromenone,152973878.8,13338777.21,35642917208,35540198157,51020218453,2744884.051,1976981.17,27073947858,11367446381,17610217617,15091720210,11872176032,1386843400,1868283.271,2708429667,1040862.415,15903299129,0,1.81653E+11,62711.02287,1.18591E+11,66083.29115,69966196626,79380035.84,0,116608.905,0,0,0,0,0,0,0,108473.5758,61629.19544,0,0,135023.9589,0,14655.18685,942815934.5,0,0,427682.8887,0,0,140687.0001,1034815565,84206608623,324500739.8,0,0,73412483.36,0,42049685.27,0,614289885.9,0,1.25837E+11,0,0,7977573.373,16583860.3,18573856566,7479610.665,695902223.3,1.29289E+11,75760029258,34139316649,19910154372,8775864.22,0,0,0,6572424.916,0,680130.0094,0,0,0,0,8575820.342
5-Nitroso-8-quinolinol,0,32627986.66,38196284.33,0,0,0,6293481.462,5027548.398,0,0,0,0,0,0,0,0,0,0,0,0,15391526.33,21962282.34,15732444.93,0,0,34570147.34,0,0,0,0,5929436.97,0,0,0,4005340.486,0,26140054.02,0,0,0,0,0,0,11566910.17,0,0,0,13584550.97,0,11251063.7,0,0,8452326.903,0,0,0,0,10380333.93,19944499.24,7370715.713,6329733.873,0,0,0,5307635.439,29993661.27,804089.2708,0,9600525.365,12593092.9,0,0,9313598.719,0,1536349.38,0,0,0,32324654.59,0,0,0
"5-Nonanol, tert-butyldimethylsilyl ether",2172648.576,1279399.75,1200339.857,0,1171006.812,0,1189643.811,1223327.276,1662592.403,0,1161647.354,0,938364.0666,1145488.359,1307890.482,0,0,1442527.887,835773.465,1145053.891,887645.3946,732674.5032,1037121.312,697248.3945,706530.9591,762235.8271,849313.3394,763483.9596,715402.8447,835387.866,988614.4388,603956.6157,717727.491,920070.0684,568604.9342,632964.4862,617736.7727,1185329.051,846227.1495,787286.5833,1243376.866,920554.4772,747445.5624,963433.0281,650141.3531,677866.1741,1223775.473,935918.0827,908683.1606,989067.6866,564036.282,793370.3233,620053.7519,776531.1619,556870.1241,938094.1016,688655.0975,790260.3145,752021.0549,1149117.139,1237890.656,788993.9144,628551.2044,838946.1093,768583.8584,877594.104,793835.2128,1211308.229,587117.7342,652872.4433,899821.9575,1103081.803,1023363.179,1385117.401,771097.4179,862362.7772,644616.797,694926.3594,866407.9729,844275.7949,821305.7671,788721.3539
5-Oxohexanoic Acid,932304.7592,759056.135,650626.245,684200.8979,758766.2321,945785.2694,821029.8417,751225.1818,665694.1257,642565.534,697856.5057,747298.8496,684048.9596,604470.6822,0,792348.4037,644816.9083,1273731.44,682616.4252,967660.8977,728721.9181,637303.6576,1053691.176,159555.3509,647550.9062,681128.4672,702777.0521,639629.8696,628822.7822,659049.0296,0,557173.4205,790075.1808,0,524218.2433,584519.163,587838.277,1197628.759,781531.0832,686520.0847,1176630.897,791120.2603,613067.2061,1183547.192,469694.0176,668443.6425,1019827.339,990786.96,1041470.014,817665.7789,160665.3658,197476.4174,300586.1806,684077.7264,517347.0953,358049.2946,539566.4031,834347.2306,761335.4256,1329651.952,867733.3217,540988.8845,496086.4447,697030.5855,700903.6799,628804.6687,527619.1107,1066849.414,503260.4491,564296.1645,962921.3979,897940.9717,852692.6744,1434482.905,714168.0338,769641.2723,167197.6592,0,815650.245,708041.8001,772000.4559,733775.2503
"6,7,4'-Trihydroxyisoflavone",203065.9561,276692.9993,0,57255.62794,195267.2308,192361.604,143276.5278,268893.472,188081.9102,0,105369.3591,231308.3772,105950.9949,106111.6319,131323.3111,300674.0616,82442.66704,233888.4975,149674.3797,203549.6191,168145.9873,107081.2007,179993.5863,124119.2401,148762.6717,145800.4296,140610.3005,135166.9645,143876.43,155827.7255,169523.1778,126192.7497,106559.0785,162161.5574,111737.6838,95884.2932,79546.18092,225046.1187,164480.7872,149478.4333,223873.8314,155749.6512,137224.1658,197437.8898,121320.3374,169329.1567,434835.2193,139188.14,123846.901,324499.8943,164849.6338,81736.96147,162588.9017,87025.90029,192428.4173,83765.8964,62879.388,95805.33773,87386.52442,122533.02,103136.6898,126996.9878,116030.445,145311.3929,143160.7635,131081.0782,95870.34332,280507.3268,112047.8315,114865.8989,17920.42012,167326.1233,214217.0057,325521.5181,117155.434,155732.3772,140027.8176,158285.3053,175476.8168,152868.6526,177859.9913,128771.1966
"6-Aminocaproic acid, N-(tert.-butyldimethylsilyl)",61143.33151,70872.10565,62222.06858,0,144253.6353,285547.3056,0,0,115112.6004,0,56550.0975,87119.00936,48474.10681,44611.22612,0,63109.67579,54972.92991,126769.7522,73582.16883,153024.7394,57727.25868,71734.68732,82308.4321,68184.49722,78703.40347,50982.88292,76159.6827,54336.89206,38319.52455,12713.87161,117321.8577,35265.14955,38517.64679,0,33540.19379,41896.8494,46216.23646,90811.67206,45936.85068,51075.92105,132873.5466,130744.2582,0,54408.97795,38705.78725,33615.51987,85495.46217,86245.90092,98991.16882,0,22941.72266,62359.10631,35652.20006,53800.3141,37840.05693,61423.30534,63844.71531,94264.95016,68853.31456,132287.7626,92020.35191,39874.62386,44841.51088,61684.65263,78639.3848,128368.7873,65034.96141,109549.1864,0,0,63695.44641,93552.48296,65932.43587,109877.0711,50818.00119,56187.18567,32021.47207,44718.73001,78117.06417,102242.0312,54096.39561,72145.63186
"6-Methoxy-1-methyl-1,2,3,4-tetrahydroisoquinolin-7-ol ",46402441.57,37198827.09,39072388.88,38487905.9,41392489.97,48791359.79,42455509.55,34150480.82,30036491.75,63570578.24,39924604.32,39095884.14,36205858.87,37153087.89,40545090.99,46896872.88,38241933.15,0,0,80652835,66284880.02,72755416.47,91482381.8,0,90377022.46,60829677.37,82863433.61,65949740.42,55343232.47,0,0,43572910.77,50296720.58,0,0,0,0,100976015.4,59202107.25,0,97776635.27,0,0,82808325.63,51146933.86,0,0,0,0,0,5836648.95,147089918.5,0,0,35978543.02,0,133801573.1,180955697.5,154805200.8,0,0,44624536.14,0,0,0,0,0,79590702.95,56029371.91,76491382.55,0,103382075.1,28650866.24,91996996.03,63484726.17,0,56798383.43,50842743.86,73067562.88,71775873.85,67503480.17,0
6-Methyluracil,516994.0139,0,558452.6233,352366.0179,1348750.245,5941561.554,2248395.353,0,389434.5597,0,1430894.558,0,0,201568.1551,0,1684028.381,382393.5818,3244311.852,1249075.667,2583095.607,978656.539,654407.9159,0,882421.9756,363739.2278,0,727724.5575,259478.9451,0,447544.4787,1750809.547,458820.2642,1076099.057,1763991.654,436358.8348,0,554829.44,0,970158.9138,706835.4282,1943550.854,2481408.63,0,930082.172,332803.9226,180103.2314,2216004.939,1412751.03,1223080.597,1623204.879,378276.9331,395493.9516,84493.23511,400339.6303,457170.4552,514529.5077,606180.3011,588931.4347,627129.4904,956771.4216,2504799.238,919975.2771,473987.4808,1200819.459,1108502.785,1436276.203,1282852.793,2226790.586,141249.2579,174350.4419,824542.1843,1717203.223,929796.2099,1414428.151,570877.6636,593051.3543,150712.7525,391359.1389,1348967.11,604416.8897,0,1086995.151
6-Nitroveratryl alcohol,0,0,0,0,213884.6923,0,0,0,0,0,104929.8239,0,35402.97957,184389.2844,0,0,87951.40753,0,0,0,0,297396.9898,0,0,0,0,268684.2987,268983.057,0,0,0,0,0,0,0,0,196913.846,0,0,0,0,0,0,0,0,0,0,147713.1965,0,0,0,0,105406.5428,0,0,191740.1939,0,0,144841.8905,0,0,0,0,23586.59637,0,0,0,0,298347.6526,316141.4178,0,67271.70182,0,0,0,0,0,20284.13019,0,48352.14477,0,0
6-Oxoheptanoic acid,3312246.576,3165343.511,2725871.558,2938449.032,2961527.572,3420169.057,2977013.822,3001664.152,2593527.085,2163561.729,3038468.216,2395279.22,2891809.957,2539965.561,2579635.655,3614742.168,2726346.77,4545595.171,2332461.881,3679618.173,2801553.343,2439363.469,3520120.828,2101902.744,2584384.832,2284312.051,2734969.052,2728696.688,2722273.39,2638487.258,3319046.687,2246618.402,2177584.556,3211837.645,2235115.224,2227418.478,2084764.494,3958125.981,2608880.709,2980113.154,3704831.114,2831150.342,2709982.728,5249674.39,2122141.096,2275361.869,3722440.27,3589173.526,3036556.645,3600927.809,2032341.657,2647037.155,1947330.104,2663168.853,3271194.814,3723832.491,2116442.474,2584886.349,2683139.163,3665379.288,2601372.605,2136166.744,2302211.619,2899850.7,912358.1102,2842351.973,2015998.766,4099059.229,2254109.354,2727983.65,3601643.529,3982655.193,3651776.749,4108682.046,3535714.132,3149584.398,1948580.879,2771105.794,3304051.828,2900130.642,3305444.216,2136308.36
"7(S),17(S)-Dihydroxy-8(E),10(Z),13(Z),15(E),19(Z)-docosapentaenoic acid",0,0,0,0,0,18258.18849,0,0,16800.52993,0,0,1692.772531,511.0478415,0,0,0,248.1482369,0,0,0,0,4479.613348,0,0,0,0,5794.931868,0,13861.65282,0,0,0,0,0,0,5121.454142,0,19250.85925,13273.79662,0,0,0,0,0,0,0,0,0,0,0,0,0,0,0,0,0,0,0,0,0,0,0,0,0,0,0,0,0,0,0,0,0,0,0,0,0,0,0,0,0,0,0
7-Hydroxy-4-(methoxymethyl)coumarin,0,0,0,153.7819936,0,0,0,99.46674153,0,97.68648914,195.145672,0,36.3136916,0,0,0,7.168210602,0,0,108.8700484,110.4710278,0,137.2792069,0,0,22.17559657,0,59.56521144,0,13.17652748,47.64097945,0,35.04160215,0,54.12716094,35.39283044,88.08150627,133.4339092,0,0,74.3453457,51.44365668,0,0,0,0,120.0975401,66.75336045,85.69834819,0,24.63180227,0,0,55.86474902,0,0,41.68049169,0,0,83.38007889,76.77626329,0,106.3126094,85.05220294,0,95.62535083,0,0,79.96324517,0,0,0,85.81176251,53.0555121,0,0,0,0,0,0,114.2519397,108.2108344
8-Acetyl-7-hydroxycoumarin,1996520.776,3117998.468,0,82842.44257,0,1090116.757,802910.1119,0,1708115.862,16905707.61,1474138.003,0,1063260.696,894045.0792,0,1693124.952,993024.1824,52412384.6,0,0,0,0,0,0,0,0,0,0,0,0,0,0,0,0,0,0,0,0,0,0,0,0,0,0,0,0,0,0,0,0,0,0,0,0,0,0,0,0,0,0,0,0,0,0,0,0,0,0,0,0,0,0,0,0,0,0,0,0,39309288.45,0,0,0
8-Methylnonanoic acid,18570151.37,15010613.77,17091215.27,10897546.19,14323057.93,16218831.49,13373309.06,17460286.54,14608133.54,20614209.54,19389095.83,14375841.98,14202816.58,12809688.89,17915450.85,19874456.69,14494018.87,20820004.1,15612783.48,21271242.86,14444558.73,14714659.89,17483095.82,10915838.52,14127570.69,19483263.01,17966901.55,15220479.07,15527730.43,13176341.93,20436729.6,10916930.11,15013482.54,16974291.86,12568091.57,12978576.07,10260023.34,22050622.31,14554439.22,15896651.64,27185092.34,15522427.94,11454517.87,18213310.71,11940006.52,13037715,22172103.02,19702490.06,17141171.35,21027679.43,11888691.66,15375081.21,10921211.6,15899984.83,11998848.08,13675860.7,12490457.07,16385530.97,16494880.71,19486860.62,17575527.24,12445988.46,12931897.1,17842009.09,14197587.39,15609381.23,13118389.14,19245887.06,11542572.95,15410071.74,19649780.21,23322692.18,15994309.02,23750734.78,14469317.37,14610742.54,13432852.92,13000722.4,17876947.72,17189347.03,17040668.77,12365348.71
"9,12-Octadecadienoic acid (Z,Z)",2168545.075,1459895.422,28332.76947,0,1309164.104,11698304.24,0,0,720590.5592,661753.5882,0,0,328860.2231,0,98198.68157,1601544.886,16771.03602,0,0,0,0,0,212034.1235,0,17977628.97,0,0,0,0,0,0,0,0,0,0,0,0,0,0,0,0,0,11969840.93,0,2933136.945,0,0,0,0,0,0,0,0,0,0,0,0,0,18910080.55,0,0,1607420.864,0,0,21777084.88,0,0,0,0,0,0,0,0,0,0,0,1434974.981,0,0,0,0,0
9-Ethyl-N-(trimethylsilyl)-9H-carbazol-3-amine,0,0,0,710496.8011,29606.50109,0,0,0,835611.6197,0,0,1338445.428,0,0,815476.4724,71334.27906,390273.8398,0,0,0,0,0,0,0,0,0,0,0,0,0,206434.9038,0,0,0,1939178.174,0,0,0,0,0,4757613.885,0,0,0,0,0,0,0,0,0,0,0,0,0,0,0,0,0,0,0,0,0,0,0,0,0,0,0,0,0,0,0,0,0,0,0,0,0,0,0,5177420.222,0
"9H-Xanthen-9-one, 1-hydroxy-3,5,6-trimethoxy",11199763.17,8592853.757,15865612.91,6630961.879,13179487.62,12940195.89,13079103.8,10781022.51,11310477.96,37438069.65,13163069.63,13453109.77,19181797.94,5880245.325,6840094.328,9662597.612,11706570.27,0,18492728.16,0,34400249.1,0,23407685.19,0,0,25336203.24,22754174.98,0,21497987.67,0,0,0,0,44261626.39,16722807.06,0,20876367.71,48052724.12,35698673.07,0,52342358.74,0,0,0,0,0,0,0,0,0,0,0,0,0,0,0,0,0,0,0,0,0,0,0,0,0,0,0,0,0,0,0,0,0,0,0,0,0,0,0,108465190.6,164417498.5
"9Z-Octadecenoic acid, (2S)-3-[(hydroxymercaptophosphinyl)oxy]-2-methoxypropyl ester ",349246.9903,333821.2212,290571.4055,261210.6593,392942.4519,382213.4607,358320.3617,458585.3684,537647.1965,15312.25961,137308.276,250907.6668,412960.82,259079.3024,205682.2547,249595.0519,399935.5655,0,1613986.358,38830.64142,0,0,0,0,0,144674.1484,0,50836.33597,104651.4789,0,2736656.403,0,194748.2194,0,560788.2183,425961.0344,215089.9617,0,1744807.167,0,0,0,413697.3616,0,477009.6571,180584.7088,87924.33128,0,16593.176,169422.9541,0,0,186903.9538,858192.8289,0,477827.3809,547456.8118,1088416.351,235956.7968,250360.895,884209.5176,1412781.332,340240.9786,0,94798.2793,1764.206899,927951.1052,71773.81952,849700.2068,257223.8317,188575.7891,198185.9381,138992.77,0,305619.1198,348918.0557,360381.1089,0,69579.40654,0,707223.5993,267593.191
Acetic acid,1.27592E+11,52562396365,59107781431,37273518213,90574206324,66636542840,85820317470,73780886219,93674393566,1.13431E+11,33717836537,72451846882,50297587874,45794362257,62276888940,1.17946E+11,47563097465,54472590744,38924597066,1.2051E+11,89454215733,76947673095,78240866606,66992656223,90888616275,68705865533,83543933972,82073560308,77640272737,66863420022,2955427756,80664958381,1.0181E+11,85420580925,84489188348,95241133787,59957750423,81763071480,83281325316,47350720822,4317709901,85740253732,71718959019,82250152561,64486689187,82716323818,65360801331,24271909627,24448154961,18637678363,13704725484,80801429811,73615612943,71569294530,61437406825,1.0221E+11,23075413407,1.23772E+11,1.19496E+11,1.22233E+11,1.50768E+11,55223810803,81939020663,1.28505E+11,88554106936,84393031394,86315645968,56108351200,65701833882,61081262243,73616915784,88221260489,93430808378,59946536395,94636090008,96480791867,59611723485,54493812855,8156922950,39740647965,71097083053,72775323984
Aceturic acid,16691229.9,12994155.49,7143156.165,5923387.953,20542608.57,35423017.81,26902408.37,12517240.33,10414063.21,21429356.28,4368940.374,9701318.835,7226535.39,6523723.773,7649625.329,25247680.41,6231471.671,19363071.61,14241104.73,24727204.24,19508979.5,0,12880403.69,21009413.67,24269222.39,20912990.8,17709610.83,13933918.27,2833092.748,9845458.918,18182567.17,7312329.865,11990271.44,12271378.94,9033101.661,9026352.313,10265950.47,13340173.93,8988583.116,12355687.54,31666862.2,0,20893110.89,13960532.03,9716142.088,9812734.88,6779571.16,19903431.26,18225305.67,18332324.81,9573820.936,12372695.31,12046661.81,12126993.33,0,16240710.32,11780575.43,16276791.54,13210433.25,26054064.01,20256752.03,7971942,16068484.77,5537675.253,0,16005131.41,0,19533140.2,8299586.606,24491410.63,40644451.21,14952422.72,8266392.698,20669653.46,12768410.7,18574898.92,24710357.74,11313575.5,12779321.26,0,13160012.03,16931269.19
Aconitic acid,41528118.23,21909149.33,28702376.88,14332146.36,30918493.49,29331074.74,29523123.89,23003750.68,30918221.37,19982273.16,12974852.15,24399399.84,23656211.02,22305024.7,24235975.24,40091561.98,17838247.2,15645270.94,11337151.43,23538768.07,34213867.66,13092049.64,20933240.83,11168097.72,26335309.76,17272971.26,17080381.43,23890764.03,17104686.17,20671822.03,44024734.12,27901400.65,26159679.87,29801468.82,22416760.8,24514537.65,32087746.7,50356539.08,26282728.79,19407714.43,33237732.1,53432161.96,25095269.19,25289931.5,25248390.3,18024390.93,29154213.04,34682229.7,27438361.12,30689128.85,15834196.85,14462198.93,17669640.78,23609581.76,20517101.9,26183731.86,24964489.09,28682678.57,32127310.3,36602923.32,29381352.65,20505978.72,52869206.29,26222558.91,30950500.91,35559188.72,21956562.54,26761891.34,25648861.41,22390632.67,34622670.92,30931734.52,28875511.94,15229621.75,23470150.45,23477027.88,15005738.98,20423144.96,24727209.15,16081240.11,21464959.4,20981491.1
Adenine,0,0,0,60777.89132,0,648155.2106,0,0,0,64699.81359,58376.91581,0,26774.10299,7605.883827,14279.02698,0,0,109123.1676,36799.24063,185921.5132,38759.225,32934.81446,86989.27999,38860.29099,22911.75475,69233.60452,42147.39429,16687.75368,15078.45745,23594.35877,90591.10691,14528.61886,16926.21575,50402.05348,23054.34033,17242.46265,31285.02536,135354.1311,53612.92353,41642.84578,102565.2059,97244.09804,13311.4303,30551.13618,13160.94246,0,122451.7079,36603.86914,112776.0568,40317.84631,12098.62535,40969.20341,0,0,53304.60468,42287.18995,48150.98123,44296.10656,41585.18126,76310.06049,157713.3623,30996.5359,20241.77644,44037.23783,61899.18603,64897.67252,51832.43244,103228.1444,14136.53595,20608.94418,55914.26498,109299.9763,54470.30905,77769.38506,35950.01412,31423.90259,19913.3759,19272.70041,91669.12124,55101.25055,44744.43619,80477.84197
Adipic acid,1022660.801,3076871.966,1778463.886,1977806.306,2371408.622,3016543.261,1706739.116,2271163.794,1506355.04,928769.5917,13377744.36,2558484.676,7440664.711,3549486.019,2366379.853,0,1231784.061,0,0,0,0,0,63768383.86,0,0,0,0,0,0,0,0,0,0,0,0,4415275.94,0,14467936.07,0,0,0,0,0,0,0,0,0,0,0,0,0,0,0,0,0,0,0,0,0,0,0,0,0,0,0,0,0,0,0,0,0,0,0,0,0,0,0,0,0,0,0,0
Adipoyl-L-carnitine,54593749.1,5253449.881,0,2410391.25,13009624.33,4826034.273,0,5092536.548,12438828.82,0,8280479.507,8990207.77,0,7843555.08,10392220.05,9886406.49,7002473.099,2126355.673,933874.6747,237543.5928,0,0,2939080.373,404759.8793,312113.4744,0,1699718.57,1506137.552,21865593.46,0,318041.3951,34691055.19,7492846.428,8838371.927,24239.18997,525825.3256,0,30499611.68,15716117.02,21485255.15,543142.1775,3907800.572,29439909.81,23968781.07,37615518.38,20827195.79,55473992.04,1084474.218,1077930.412,2177911.997,0,9535964.546,0,12060052.89,17834442.57,13990623.24,0,1289321.847,4236400.891,960444.9293,646497.5184,6332713.495,7866445.274,0,0,9501655.925,0,45482835.68,0,0,2125535.712,46999407.79,0,4843559.587,699025.7293,10462108.84,0,15801734.69,0,0,19912022.28,15291724.42
alpha-Hydroxyisobutyric acid,0,17577.25804,0,0,18006.49014,0,82394.83659,0,0,0,0,17820.52895,71864.77459,22255.13806,0,0,0,0,35177.13681,0,57775.50267,56376.53421,61779.54079,54069.20058,0,0,0,0,0,0,0,0,0,0,0,0,0,0,0,32069.51687,0,0,0,81442.72914,0,0,0,0,0,0,0,0,0,0,0,0,0,74823.74816,0,141570.6296,0,7617.348644,11526.59654,12587.54421,15848.85002,12875.53815,10045.43006,2889.109868,12046.60828,20810.15408,22024.56664,16264.29663,21369.7675,6968.448338,23111.82312,18051.79754,22020.73789,8690.044175,6179.572876,8988.93553,18888.01662,5212.434098
Allylescaline,2848347312,2599001170,955611036.7,1805058187,366373089.1,1472501495,538982506.3,1528779668,780726005.9,8135896438,2854325902,1665016493,1879526493,2325353800,2642228702,2792248481,1609280509,3054918698,3163512987,3410449676,2352728945,3341656851,2999500349,1051033782,3074605037,2800164846,3180443310,2191408090,2341597860,308743226.1,1910136770,914383658.2,1019795805,2127560923,437423982.2,1099473198,3289581991,3386209867,1687450939,1892339091,1925005056,3522312813,1345076850,1472717923,1310308885,1356829083,2139575975,2067277994,2662356163,1631367070,666183105.9,2477272264,1782273870,2543821219,1402809748,2636586061,1944195827,2157222658,2007469275,4539184848,2620169931,819347813.4,1584626365,1635429848,1956546822,2902028759,2257966510,2783448241,1779509531,2402731243,1633394607,2610432815,1596519920,5202610280,2142069364,1890445192,1981055698,1791806020,1924694604,3097879071,1606232615,1859130741
Aminoguanidine,0,2035060.246,1427006.099,1903115.721,1437043.396,1147267.543,1686096.888,1084968.723,1524561.83,289807.7716,1688609.614,1863545.448,1703202.972,1046483.69,1216142.289,1852400.433,1512122.223,34941578.29,0,0,0,0,0,3628314.461,0,0,0,0,0,0,0,0,0,0,0,0,0,0,0,0,0,0,0,0,0,0,16338664.91,0,0,0,0,0,0,0,0,0,5701273.81,0,0,0,0,0,0,0,0,0,0,0,0,0,0,0,0,0,0,0,0,0,0,0,0,0
Aniline,302981.3888,232301.894,512584.3191,695663.2007,532152.2697,487563.0477,517642.1,257632.7053,544044.0486,166201.5999,502124.0101,573322.0672,204887.7025,380831.5824,386078.5062,182884.5444,491039.9436,454799.0148,221669.0029,448648.564,311498.1648,316326.1206,513366.215,360550.7923,284388.9417,562634.1926,614421.8356,143710.0335,391454.6496,125756.1554,462392.9326,304755.9338,231384.1926,411876.1556,225437.3416,320904.2361,560860.3392,951622.7676,548232.3855,766110.5301,1078944.883,107952.6617,279468.2679,431547.1981,49179.31811,248055.4688,729688.3251,498944.5299,521478.6537,518533.7785,364165.1596,368954.7604,311454.5968,353113.5441,512481.3773,170545.2901,266245.5633,656528.342,590004.4513,83043.69878,366701.2183,359710.3821,407951.0407,498848.0551,448736.5476,0,648564.9664,874987.4085,365405.2259,524287.15,215980.7114,241163.1156,0,686188.1552,438152.157,536584.797,398090.1337,304378.6351,548824.6469,351122.7144,111088.3182,649855.4591
Azelaic acid,280229.8817,380230.9335,342007.4035,358172.5747,355118.986,426807.0467,402328.4724,385170.9798,354860.4573,257397.788,326483.5079,343525.2438,338044.7691,307424.4766,356373.4384,461047.7213,345440.9193,0,615356.2603,786582.9072,498752.1875,572419.8217,623458.5849,707142.2186,638309.6827,461336.0786,706415.4537,564684.6866,437958.5313,0,0,294537.0322,572909.6875,331693.4995,184894.6748,0,0,756639.5724,0,504191.1005,0,0,286597.1339,372509.6394,0,310958.759,0,456326.368,441112.6209,0,251805.5386,344515.1079,256962.2661,349506.8412,477678.9048,404647.4691,332986.0545,383617.6635,413778.836,580271.0562,662340.3733,37145.27733,212631.416,285877.0754,380650.8682,431517.857,306100.6638,468317.0015,213853.606,326811.1309,305755.4268,653578.6489,466122.9563,630870.774,443062.6538,262190.5447,71501.19727,294137.0786,410143.8403,431832.5453,351365.6021,453825.4005
"Aziridine, 1-(2-buten-2-yl)",2067169.585,3691335.805,2556778.687,1281224.298,15989819.63,81199001.59,29777841.55,1302152.005,1324483.298,0,11668170.42,1171541.687,2178627.164,0,854444.2196,21266689.24,1072045.782,0,0,0,0,0,0,0,0,0,0,0,0,0,0,0,0,0,0,0,0,0,0,0,0,0,0,0,0,0,0,0,0,0,0,0,0,0,0,0,0,0,0,0,0,0,0,0,0,0,0,0,0,0,0,0,58017228.12,0,0,0,0,0,0,161125585.1,0,0
"Benz[a]anthracene-1,7,12(2H)-trione, 3,4-dihydro-8-hydroxy-3-methyl-, (3S)",2770182.531,2022111.177,11314221.63,0,5749496.001,1040127.942,1824314.741,15525031.29,1734133.437,0,990048.2139,3004482.185,878086.4016,1877934.936,7066355.628,1280336.072,1218434.541,0,0,0,0,0,0,0,0,0,0,0,0,0,96015782.84,0,0,0,0,0,0,0,0,0,0,0,0,0,0,0,0,0,0,0,0,0,54866161.62,0,0,0,0,0,0,0,0,0,0,0,0,0,0,0,0,0,0,0,0,0,0,0,0,0,0,0,72011837.13,0
"Benz[c]acridine, 5,10-dimethyl",80297.20362,20714.28186,67283.70237,25435.78911,272544.4198,1227783.649,438337.635,47993.65601,40726.4515,0,202024.1623,28049.94136,84181.182,0,0,446607.7701,26899.27725,0,0,0,0,0,0,0,0,0,0,0,0,0,0,0,0,0,0,0,0,0,2335042.686,2620758.219,0,0,0,0,0,0,0,0,0,0,0,0,0,0,582182.7188,0,0,0,0,0,2249703.513,0,0,0,0,0,0,0,0,0,530181.8284,0,0,0,0,0,0,0,3186668.851,0,0,0
"Benzaldehyde, 2,5-dimethoxy",2.21118E+11,1.7612E+11,1.44542E+11,87827897653,1.37963E+11,1.46441E+11,1.43322E+11,1.56941E+11,1.34301E+11,64420474421,1.00732E+11,1.22438E+11,1.22959E+11,1.32782E+11,1.41734E+11,55082903579,1.17691E+11,2.00832E+11,1.24309E+11,1.17493E+11,1.2057E+11,1.22514E+11,1.88312E+11,1.07858E+11,1.45176E+11,1.12956E+11,1.37926E+11,1.32605E+11,1.1592E+11,1.28954E+11,1.08762E+11,1.10316E+11,1.27655E+11,1.34645E+11,88442416656,89795410339,1.35146E+11,2.30183E+11,98758158373,1.15315E+11,1.60037E+11,1.37293E+11,1.19266E+11,1.46937E+11,76122711957,1.18383E+11,2.19707E+11,1.59019E+11,1.50521E+11,1.48867E+11,74658252245,1.13602E+11,1.09943E+11,1.00639E+11,1.01788E+11,1.17687E+11,96572711118,1.33908E+11,1.22209E+11,1.63959E+11,1.45165E+11,1.16142E+11,1.06669E+11,1.55663E+11,1.45342E+11,1.49162E+11,1.30039E+11,1.90914E+11,1.09862E+11,1.32617E+11,1.38371E+11,1.88823E+11,1.35161E+11,1.66255E+11,1.20944E+11,1.30397E+11,95631457959,93402636041,1.43973E+11,15534076584,1.36574E+11,1.24097E+11
"Benzene, 1,4-dimethoxy",4862456.598,3657695.338,3710770.159,3403137.19,3706426.094,4350395.835,3176911.16,3778117.384,3454869.106,12726868.55,3160577.133,3198318.988,3315161.361,3550769.404,3478293.311,5885795.665,3393285.957,6043744.115,3645765.909,4084020.937,3440255.007,3406049.447,5588594.296,4068182.318,5133250.886,3507927.733,4899121.009,4391564.556,3734770.422,4258387.901,3736894.58,4049303.82,3791600.878,3484248.5,3545949.322,3434285.093,4570648.404,6602376.661,2873022.671,3037543.846,4406052.492,3745122.44,5552112.896,6694385.138,4196923.341,3630448.527,6137718.92,5569711.412,4956420.217,3924664.331,2539951.744,3697265.184,4805818.15,3326819.371,2945650.203,3878031.09,3562239.85,4390291.564,4030159.113,6123781.813,5007945.435,3470254.263,3887144.974,4507132.398,4733909.16,4648465.666,4536774.027,4485806.326,3207207.005,4158498.325,5106546.605,5171189.625,4579594.142,4870673.484,4167486.849,5648341.053,3848618.177,3066330.051,3989136.556,4192215.337,4212130.56,3454123.879
"Benzene, 1-acetoxy-2,6-dimethoxy-4-(2-propenyl)",2124398.752,2409057.438,0,949952.5796,912956.4315,1740369.577,2185270.064,0,1141600.824,5522735.54,939631.9362,921815.8192,227907.683,1597387.266,1538164.97,2992768.555,572607.6326,0,0,0,0,0,4992108.088,0,0,0,0,0,0,6646119.585,0,0,0,0,0,6243350.322,0,0,0,1637913.973,0,22936125.79,0,0,0,0,23830439.4,329846.6885,0,0,0,0,0,0,0,100066.913,0,0,0,0,0,0,0,0,17022410.62,0,9694468.523,0,0,0,0,5124834.177,0,0,0,0,0,0,0,0,0,0
"Benzene, 1-ethyl-3,5-dimethyl",0,0,1082354.091,496547.6711,0,0,0,0,0,6587989.262,7104140.324,198278.8841,4121688.341,1056457.169,2641619.724,9435110.279,2626038.222,0,8284901.137,0,0,0,0,0,6759350.14,0,0,2747641.441,840310.4863,5859165.836,0,7828338.851,0,0,5291394.616,0,6399901.021,0,0,0,0,0,0,13918422.67,294472.1048,1235837.995,0,6081465.885,6428726.475,6163473.655,0,1447811.38,0,0,0,0,4467804.321,0,0,5359433.096,2086246.221,3605513.286,0,0,6370655.581,0,0,0,5574373.086,0,0,0,3682746.302,0,0,0,5092216.398,0,0,11251120.46,0,8091298.611
Benzeneacetic acid,186764.946,213501,243429.7703,104850.3987,281113.2739,118525.1805,278953.43,163766.7611,354207.3935,98133.36477,276856.5497,249051.1017,134714.0324,93736.44515,99396.75599,263794.0081,128024.5328,0,0,0,130569.106,0,0,0,0,0,0,0,0,2511416.116,0,0,103911.4311,0,0,0,2670981.608,0,0,0,0,0,0,0,0,342984.6155,0,0,0,0,0,220526.4351,1373710.338,0,214501.1717,0,277383.3599,339170.0742,327083.0119,0,0,2521582.731,0,214698.2748,0,0,0,764291.7659,0,0,0,270426.6217,0,0,0,0,0,147689.9485,143969.3544,0,0,0
Benzenepropanoic acid,20750094.01,15248815.31,28996327,10899467.87,26369261.34,6838717.37,36891406.29,14334539.73,14192639.09,8870912.182,12253462.67,10603403.24,19831902.85,19692921.02,22886028,25047953.73,34838769.92,32998496.21,22871643.71,14599359.57,20065592.15,13558368.1,16044350.97,5590786.209,18069330.43,16536251.74,18874960.46,7907620.445,8222785.238,28734920.11,22931603.92,16813960.59,18805973.74,30120052.18,22491230.89,11533290.75,11708142.56,37016801.55,13814425.02,15220170.97,28157733.67,18588743.84,8632986.811,50126178.14,11099852.13,17073459.69,26661419.29,20237362.93,17775115.63,23160147.42,18106699.27,12623174.45,11245537.56,20177669.44,31707445.16,18319908.79,10377065.59,17610004.35,17079080.84,26997321.38,20068937.96,12227961.14,14726696.42,19210071.78,18776429.1,17880220.35,17264552.33,24529440.73,10824411.12,15726446.25,9033295.229,25831613.07,21043767.34,28001095.99,17735696.93,20410135.03,11753059.26,11931903.23,22454473.78,46575996.95,21261030.36,18653412.68
"Benzenesulfonamide, N-butyl",0,0,45529.04062,32818.66848,52129.84968,96683.1057,53369.02694,38339.90076,0,0,0,0,0,0,0,0,34170.87355,41314.85569,18793.68185,32849.52882,20794.0869,20350.76346,25661.79886,14491.78548,17489.61652,18704.6905,19127.0317,15425.6796,17134.17295,18597.70703,28404.831,14350.96086,20311.77298,24114.14748,13523.86542,15289.99905,15779.73872,25216.68675,18936.60851,17917.65917,27495.83126,25346.34445,13482.01238,26452.1954,14120.36135,14843.32222,42362.96706,24548.10671,25178.67072,22122.82122,15075.05698,17685.13316,9776.836388,17982.17747,15672.56116,22461.51292,16180.37084,17802.75877,14459.28796,28616.19284,27505.60309,18305.28189,16584.03309,26996.58242,20571.31417,23514.02697,19775.96685,26420.25103,13697.24933,18435.80269,22498.11084,25646.69442,27051.64852,34838.54815,20032.28581,15853.32618,15685.49204,14289.98824,15416.16394,27245.7498,15122.77887,18127.51538
"Benzoic acid, 2-hydroxy-3-[(2-hydroxy-4-methoxy-6-propylbenzoyl)oxy]-4-methoxy-6-propyl-, methyl ester ",506108492.3,498260183.6,762346251,479202596.1,607811152.4,786264734.1,623263731.3,414105500,492224940.8,347362051.7,592499941.4,694460268.1,531341797.5,391757118.3,378074552,634180553.2,681150504,964468307.4,594926259,406666907.4,281331073.3,523822374.7,602160874.6,388715088.2,412138123.9,436975558.3,464096825,374993156.9,343972242.3,280274104.9,657920210.4,553313242.6,530077614.3,632338801.7,295598743.2,328549309.6,347454332.4,868334974.7,644506251.4,750831113.8,939309041.4,735309757,574776507.4,915564241,667551569,336661051.4,860176870,534661197.7,663401755.7,553720638.9,164395816.1,531345008.3,256605394.9,440245471.3,684772169.5,919950684.5,445308718.2,518078878.9,524292800.4,634867800.9,797788089.5,438704881.6,366227603,600608391.1,562886276,619772109.9,456561437.8,1148966864,504485776.6,616526487.5,429065039,1091333083,460553623.7,693796126.5,330364346.7,365363521,290181122.6,344505729.9,651605895,621435085.6,447317897.8,596721155.5
"Benzoic acid, methyl ester",13493774.44,10319904.92,10311553.09,11063366.32,9961094.285,12136960.2,10102940.52,10123099.41,10028467.49,18261355.24,10025002.88,10076531.16,9295999.774,10097220.8,9718890.193,16852666.46,9483634.771,24174968.96,15304450.18,2182328.077,12734642.39,11450757.1,17312202.34,10518038.38,12062482.46,12041820.72,13404194.17,10428147.6,10579102.42,13055240.69,11561093.34,6961031.113,9100990.856,8486817.24,8856553.288,8821934.045,11559193.69,16958816.24,8306822.717,7589887.486,13087820.29,11174310.1,6494420.413,13290335.53,7670359.054,7728088.843,20580080.94,12048342.68,15739097.39,15608131.44,1386749.412,9458296.208,8099953.412,9649162.656,7272673.387,11122946.61,9731856.117,10837443.26,9923332.977,12917537.4,17992742.05,61042.6973,850200.203,733915.1452,12072643.79,16542096.69,299554.9532,24971931.18,10060668.89,11351378.5,14722707.88,17546514.39,18438057.85,348497.595,13583461.76,16117538.51,14331418.24,12183686.17,2112916.656,21852763.19,14247426.07,13948150.27
Benzoic Acid,787522561.4,605852190.3,558384064.3,580344340.6,602040230.3,677422208.4,612391442.1,550760721.1,526284842.6,983831884.4,586960891.8,546945847.5,521482206,539362961.6,501454436.1,977976514.1,509270533.8,956638552,646025441.4,653991112.5,585106952.7,446078164.5,771418706.2,515605842.6,611804489.3,579681352,716619058.7,600084136.7,599654127.5,602481285.8,771458444.6,423691770.1,553328358.8,647315695.1,415819655,460196797,576286817.7,864172887.2,577503293.6,636184787.8,1016873612,530379471.3,542884037.4,831203619.8,438809209.9,429239666.2,1042086356,774903292.6,763704321.2,700591103.7,377592219.8,564753688.3,471647800.8,569124959.8,371402041.9,616830925,469062508.3,718283637,594738375.8,786972462.9,789808171.2,642834852.9,517416240.7,716571045.1,581396808,653565642.5,500991774.6,998126282.5,497822360.7,555465119.1,699592060,880190228.8,509241472.3,1022677220,553004885.3,580644447,568803643.4,512440101.7,685256133.9,465412304.9,602905433.5,434115202.4
Benzophenone,64328.919,50312.07387,28401.93882,30669.39568,53236.01725,53906.50954,42935.39408,39714.13832,24216.32864,92054.31058,10074.45241,46261.64461,52846.82336,33360.17168,52619.63598,43441.53248,32201.15474,47510.47502,11014.65821,62274.19812,49206.24593,43611.22755,30550.58555,13522.20247,33099.05651,47128.5654,60676.5825,39307.26919,44223.04141,43524.08494,62566.22256,33489.27252,26897.20877,54480.48388,33677.27743,37681.68346,35913.17794,77339.69765,51814.60504,47760.21416,76579.83466,54163.67208,32095.50615,57507.17374,28635.91539,29601.25041,74727.59752,52260.28611,53709.36421,55300.6865,22734.16291,43393.83302,0,35010.26645,36268.65497,53154.07589,35951.5189,48508.46923,45521.20224,55319.54993,64967.73211,38392.04848,46129.49669,53433.08587,48924.41921,27759.68369,19034.18495,29479.77133,42746.0297,46661.02096,58215.18823,79325.84117,29770.70526,93695.80827,24039.93477,55774.9473,39813.12743,21268.60734,35257.17631,51095.21338,60543.88127,25827.43205
Benzyl alcohol,51817232.89,42750210.98,34183996.8,53927787.93,44535617.16,98992499.47,48635585.38,37355348.62,37120883.38,40425358.52,45152529.49,37006641.75,33316170.86,36276681.3,38750068.92,53437339.65,31326401.48,80469438.03,28973111.31,73166516.09,46869621.79,38775069.67,56540617.96,26090911.35,29550391.36,39598309.14,45060434.76,33750127.53,35531977.23,42349848.12,64472586.58,30406722.59,39012256.72,52111249.18,24103213.97,28012717.91,38156019.07,66615486.51,43117632.38,40319621.03,64239434.77,43484533.47,44184697.29,72748884.56,32305624.28,29662925.79,87362392.38,50134746.93,51845509.16,54605906.44,25928181.18,30753706.59,28071022.04,30608973.81,32728860.15,49552760.83,32967426.47,42101576.71,34477184.54,64941424.03,74267148.44,39761441.7,30865509.53,42384014.64,34655265.84,35536648.6,44437176.26,61940912.6,23269570.41,26987835.43,52629876.66,51547742.92,37869642.04,98199373.12,31307909.64,48015956.71,38952053.61,34645595.56,72981606.1,47760723.93,41383839.34,49880096.33
Biphenyl,5900734.404,4271080.444,4345574.877,3776048.318,4185663.916,4811785.2,4783732.609,3970729.495,3960275.174,6698937.687,3571749.066,3679485.815,3804233.344,4075541.129,4140004.691,6827355.777,3563827.345,5407042.687,3468597.224,7039788.827,4822053.316,4520372.347,6731068.822,2909306.017,4345949.66,3961898.493,4915815.679,3953880.195,4193413.923,4527377.134,5794217.947,3371678.793,4308142.491,5072980.598,3301112.548,3246389.191,4195693.748,6348020.505,4452042.698,4707598.768,7201652.057,2717808.663,3582650.114,5073372.083,1610620.189,3399966.786,7786629.147,4972796.175,5090735.6,4947238.571,2709020.555,2730824.336,3320720.855,2868667.237,3987825.046,5551762.924,3649608.994,4241852.738,2829894.599,7390082.301,6396971.113,4611113.13,3327431.058,4700129.203,3685043.205,4484940.096,5262802.526,4259489.918,2801809.335,3596894.383,4986005.431,5307289.387,6230974.448,8359237.351,3639875.316,4923560.604,4311250.472,3652607.414,5400029.987,2833362.524,4400163.805,3561398.943
Butachlor ESA,0,0,0,1.838015074,0.780603597,0,0.561830567,0,0.304761966,0,0,0,0,0,0,0,0,0,0.17192935,0,0.337772901,0.208617911,0,0.34395544,0.654698103,0.28503249,0.370352094,0.429750617,0,0.394200723,0.303406248,0.077584796,0.291722585,0.208166967,0,0.358782889,0,0.789671807,0,0,0.194509233,0,0.226860675,0,0.093333036,0.247419454,0,0.164524788,0.192370983,0.139944483,0,0.23240322,0.236226523,0.346587577,0.137852622,0.230663853,0.275510595,0.296497566,0.315496756,0.46470036,0,0,0.086058184,0.384077502,0.185312188,0.197191638,0,0,0.268192607,0.242069495,0.25411993,0.281282366,0.204856927,0.143346207,0.275266606,0.342755759,0.273734643,0.21217781,0.254396931,0.166547012,0.324957443,0.208917653
Butanedioic acid,1181732887,810955659.7,988598134,1011414273,1028641096,768751609.1,868625541.1,762635495.8,764500651.9,1341117403,847036024.6,860298128.7,789168163.1,688930894.3,856790006,1272924974,763871641.3,346030865.9,798395234.8,928852620.6,275182526.1,1371253116,758804222.3,1115412187,1348984306,368163762.8,1284538992,1024161870,1114377374,1099164304,1233449311,334798711.1,1122479823,1049126324,222789683.2,261605487,236507384.6,1074078437,1144698140,1086867603,1630697794,1037282992,1049588532,1374584027,1012112151,787071215.3,698142662.3,1035906486,897257596.4,811247375.2,766162786.7,973455340.9,613268302.8,998757262.5,567557428.7,1525587652,812589546.3,879678170.9,1040241654,1162470422,1118599116,218102984.9,1176089602,386105147.3,1539005246,1390305714,352084112.9,435007880.9,979060402,1328093448,400370257.6,1594392686,1078856430,701042746,1311665770,1372979920,1077069853,816393869.2,384336367.3,300432970.3,1210864791,1225730638
Butylmethylamine,23615014.58,21522654.38,21336328.62,15762929.53,9662722.256,31515281.94,10687309.7,13850656.74,17026172.55,12091100.65,22635779.24,18917022.58,20233214.15,20228361.08,16936896.04,25044544.15,24019249.72,21363525.36,14868232.38,7358553.082,17476226.15,15508449.44,31118944.89,13260665.83,15430713.54,16609454.98,16317876.1,14887213.19,17258236.54,21546570.81,21712147.43,18731468.26,18176655.76,18140483.92,14619858.28,10952571.61,15584071.44,28839034.06,23036878.63,11878766.11,32957644.07,26171291.11,13345875.7,40842531.34,17440569.48,16531394.4,44615829.1,23141501.91,22178819.16,28786235.87,9995193.524,17666373.89,12824776.48,17747795.31,16425580.54,6614001.854,13745259.98,13631071.74,18978676.97,14472454.8,28607611.3,19541563.41,5685855.181,20472871.97,10600695.3,17537028.4,6831663.591,23314227.76,9943971.495,15813910.3,20162366,34875677,28988960.59,21708550.41,5059561.28,13271520.53,11006880.91,18729439.99,31662149.97,30089382.71,25135182.64,31144422.67
Butyric Acid,195129446.7,120166220.7,175861269.2,137380785.4,124260096.2,133410722.4,134071964.6,145849985.6,160847849.3,204182899.1,148400441,109222781.6,111931856.1,133600019.3,131288555,236663320.2,101194578.1,198391864.7,95331998.94,179592354.3,184509415.3,155367107.2,207674198.5,130470813.7,101200277.7,163722831.7,174286987.1,141420035.1,148664202.2,184968494.5,196724994.8,49871536.81,104842228.6,164813700.5,111752741.4,122358828.9,140791365.4,96068688.89,157381126.1,128829213.3,214034747.5,152203895.8,108152055.6,177616151.9,132308621.8,97129452.59,189179727.8,146974112.1,194092130.6,173859669.4,148106692.7,96232070.03,90510879.16,111510580.5,131697590.2,163998617.4,119319746.9,148042366.8,122041331,204132127.3,219373179,130874154.1,112968359.7,183631321.5,153583999.7,108371338.3,126683963.9,236806999.7,108034866,127879505.7,142387614,175026336.3,197545574.6,188938437.9,163960187.6,130683812.9,112180021,119207624.2,158178488.4,120517327.1,149683419.3,145369507.1
Chlorobenzilate ,0,2606658.785,0,841032.1714,3483253.971,0,28480771.62,4796871.263,45226293.83,0,0,0,9086840.448,33266077.72,0,0,8035218.905,11454897.56,10110111.47,19686958.06,0,151739340.9,0,16874013.21,0,13843180.16,0,0,0,0,0,0,0,0,0,0,0,0,0,0,0,0,0,0,0,0,0,0,0,0,0,0,0,0,0,0,127833429.4,0,0,0,0,0,0,24421262.16,0,0,1111181.773,1225514.207,0,0,0,13729769.82,17085110.93,0,0,0,0,0,7347828.325,5919457.064,90860901.88,6080349.886
Cholesterol,10555502.52,3682993.25,7511804.511,46171399.7,16864.08981,3436187.687,12314493.71,13118027.98,2611554.418,3701.378319,15297884.2,41439879.98,4448.493947,17319893.2,178574403.2,39677.83945,53566568.2,135912973.3,9024027.614,216926142.5,2415407.278,2649351.506,22458385,4256282.266,743035.6216,9508568.052,8682430.624,297852.3988,1309916.356,828565.3589,146956778.6,0,10542027.31,28714484.55,3677673.028,2911521.966,4759831.6,0,9704742.362,0,26284591.57,1510952.902,101713.4814,16856075.34,1121255.436,4578691.269,70039879.67,31431687.01,25684584.31,0,5372335.71,3287593.233,46236.90927,1606913.25,5612944.736,6496611.517,6845632.963,5739878.245,20326091.6,24536705.63,170196834.5,18785342.96,11149870.23,23535487.1,25357855,29557019.98,33155785.33,96037517.29,825880.2118,9438729.023,0,35953545.31,33907641.63,90250301.44,12271115.46,15774916.12,2383770.531,9941545.052,0,25996186.07,0,26793430.78
cis-2-Decenoic acid,0,0,46016.55979,132051.6638,0,0,66654.86288,62919.80477,0,0,0,8666.449018,0,0,0,0,0,0,0,0,0,0,0,0,0,0,0,233000.83,0,0,0,0,0,0,0,0,0,287979.2598,0,0,0,0,0,0,0,0,0,0,0,0,101989.9296,0,0,0,0,0,0,0,47685.93982,0,148027.0391,0,28987.54204,0,46571.63624,0,62211.34606,0,0,29170.83083,0,55676.13906,52037.18422,40650.49281,39668.87192,0,13522.14983,22238.87433,0,0,0,0
Citramalic acid,65475.55427,0,42215.0355,16645.59004,40382.68802,14671.29419,17266.74568,23480.34146,46932.6767,8752.206545,21180.97328,18965.88413,17988.60439,0,0,59059.38039,11184.41482,5033.763889,12714.12534,11441.87584,48435.64941,15369.93686,20407.21707,16528.30859,32356.77751,8795.600953,18564.86749,23160.05468,0,20375.70389,32480.31932,40204.99818,29403.29776,37457.9968,25827.66776,32365.7085,21988.46756,32060.14567,23922.44988,30774.79985,35124.12549,0,27172.39748,30099.4958,33677.71337,16750.21943,36030.99772,48442.0467,0,32870.98268,23738.29857,0,17749.63806,29696.42065,14993.05973,19432.78029,36296.33007,28416.77276,41706.67755,9386.526379,24914.08653,35483.94342,19264.93791,15861.62426,23174.26125,26459.04473,21849.2033,18161.53564,0,39229.38961,36910.60872,33274.47084,22211.62005,10627.94762,29698.37246,29135.29722,25486.21055,26048.52631,23394.35425,15984.93902,29614.25095,17437.0606
Crotonic acid,8812609.678,6629605.181,7692800.92,3510631.149,7143368.218,9436608.319,8754135.641,6842479.137,6806952.562,8610273.526,6053968.28,6387251.045,6804818.231,6557850.49,7128516.868,11291433.42,6823244.38,12357858.01,6465047.523,10660931.65,7574218.79,6294534.574,9798831.466,6052583.029,1559505.488,6939264.743,7984620.065,6546907.436,6138404.946,7453104.456,7780983.362,5139335.99,6275439.595,7003210.314,4934773.85,4701334.742,6810329.282,15943898.85,6225722.763,6923937.175,9069123.91,8101930.889,5940936.192,10295498.82,5382044.869,5384743.275,11270193.92,9638117.484,9303518.982,7297944.526,5028004.964,6472902.216,5008721.948,6039096.361,4153970.086,6785074.117,5969733.837,7037719.448,7127167.13,9452233.653,11947608.21,6270394.093,5669818.278,8155260.78,8206399.938,7980399.155,7390421.641,8747736.584,5128296.611,6011869.399,7687841.464,10495765.98,8257987.256,9276309.02,7065172.573,7756608.4,4542802.07,5160255.314,7708845.536,9851668.554,6741628.272,6660253.665
Curcumin,0,365177.5629,238355.4516,0,0,0,0,335884.1981,0,0,0,311384.1557,439027.8737,302422.1194,338603.1089,0,266669.656,139619.0577,184735.2153,209114.0763,173823.3657,140597.6259,211823.5095,106130.6203,160620.0488,156166.4211,179248.6114,159105.4517,154973.3321,171550.8617,156592.7058,130297.2253,153500.3639,54368.10224,107784.8766,0,153498.1822,260100.6775,138332.0758,69421.57861,273492.6234,163734.3022,152364.4312,194171.1455,123108.5436,105906.9438,229211.4083,144316.6128,217950.682,144571.6996,87267.14672,138707.4034,101540.8392,151528.898,137473.783,184813.8245,115267.7502,143604.5667,153870.25,184649.708,204047.0731,123241.3648,91855.79596,167759.5217,150980.6638,149202.2675,148519.4988,239164.6689,121256.4494,148190.0094,132482.6043,220116.249,195430.4662,245448.4731,157876.6601,160735.2,112160.759,134333.4949,166176.6822,70037.57962,155314.9093,118422.9555
Cyclobutylamine,62194771.29,40754575.15,43011370.28,49206230.6,37261212.25,48704731.12,51186072.78,41973780.05,49294057.17,39172061.38,38526654.91,39176292.19,39052678.85,37837507.98,38206651.7,63251664.15,34174776.03,75002847.22,48028784.87,52323740.57,45526155.11,35137671.58,52777952.32,34116780.31,42564523.85,38676396.62,43344611.69,37000073.72,36022297.53,44269025.9,50703164.54,32339229.33,35475810.99,47733124.16,30126893.09,32581079.33,38191399.58,61541412.11,42846772.23,41828211.77,61021278.8,52384153.8,39823798.67,54161838.07,34661705.22,29746210.27,76841286.4,51113685.53,50960566.18,41808103.02,24690521.2,39599421.42,28265474.73,39921928.17,36164973.4,50583403.87,35378329.3,41157897.31,40906533.85,59543725.87,62009786.91,34559781.06,30281402.39,47802200.33,40548877.92,49993774.98,38474147.56,68522421.03,32446267.64,37872678.34,42888058.96,55425645.03,51138220.27,66501045.52,42350802.55,45637299.73,33100497.73,34540664.12,43433566.88,55004352.75,40290058.52,39346286.45
Cyclocurcumin,0,239994.9512,0,85392.74562,2176827.033,0,1577449.746,14.44858157,26264.74423,0,33681.18265,1062887.734,0,0,119445.5359,0,19449.75274,0,166150.3189,0,0,0,0,0,0,0,0,0,0,0,0,0,4167.239907,0,0,0,0,0,0,0,0,0,8627295.409,0,0,0,24324.98378,9278.181477,0,0,6299.772852,343406.3065,0,0,0,0,537757.9163,841260.847,54330.05572,1439539.377,1771009.97,0,0,0,0,0,1554376.119,0,0,0,0,0,0,37636.86549,434136.4001,0,0,0,0,712160.6372,3859899.705,0
Cycloheptanol,12555884.31,10437064.64,8141604.086,8697874.112,9200738.723,9871791.412,8582033.7,10174858.8,8740902.45,5761511.569,8030382.622,9333241.858,8147286.664,8945025.732,10266093.95,9737462.01,8367179.331,14531958.82,5735869.429,13728475.27,5328413.735,6407572.816,7679601.843,5911010.333,6435019.557,4259132.316,5975770.714,5059880.792,4040267.131,3550669.594,27177348.94,4218983.554,5873915.632,11835179.64,4658645.61,6203675.757,3530576.415,17830817.45,11655761.17,7428936.958,23522236.49,17111350.88,5582077.203,13588865.55,6417175.028,5260369.97,12980600.23,8251831.697,7454803.856,8401261.162,9485329.255,5943896.137,15690617.35,4943549.472,11463119.85,9135287.63,6718257.617,7862742.681,5700482.028,14117484.25,12464188.9,5733260.108,5422968.552,7322700.776,8775162.849,10545061.52,8056159.126,11348501.47,4547224.374,6964555.4,10692928.2,9704014.786,10013769.16,15526264.28,7225023.588,8504488.044,4195330.127,10171725.93,12430919.96,9715659.891,10888393.99,13675279.33
"Cyclohexanone, 3,3,5-trimethyl",6387665.111,2976523.14,3139768.87,15266218.09,2799977.036,3434515.289,5351656.028,20306811.53,3943741.845,2969765.393,3147325.675,2997757.678,4835315.875,6511941.043,19254698.05,15025493.26,4098762.15,17107209.28,9560244.037,1727230.311,3569090.047,4788999.207,5958437.997,10199997.97,8486823.072,1804750.765,5177554.15,4066256.137,5661035.482,5778260.15,6780106.303,4852714.427,4106751.844,13868175.59,4577419.088,6101253.135,8500859.806,16712709.85,4540062.165,1773053.684,6901170.384,9988841.138,10128395.95,15517779.76,3443771.783,7214747.331,3594208.78,13029613.44,6062147.594,9551409.896,3255244.627,5097503.774,7218746.834,8051850.872,8653257.58,9738512.476,3680828.79,5204364.246,5292274.077,12674999.88,6925406.09,4416261.147,0,3131032.713,9417940.179,7977470.319,10177837.23,4814871.951,7546433.042,8590158.272,7864754.97,5174200.188,7980270.535,12366192.68,4577017.988,10850731.27,4768425.194,6186959.824,3120047.78,18002623.97,4389911.034,9906074.85
Cyclooctylamine,18970742.32,21300442.83,23157423.84,15263617.96,17456825.45,23623733.63,27289681.43,20275246.63,22459221.58,47779151.43,15275022.25,19392486.35,18027507.76,21178091.87,24450415.19,17775852.12,21740933.15,11185441.81,15787286.62,7144593.23,21562016.21,22168086.2,31544240.66,21256029.63,39711351.08,10507547.65,25917107.53,34649223.93,32668902.32,36309149.73,7292674.395,27529320.28,23817176.25,17191408.7,11344039.32,13395218.17,26239959.66,28428702.37,7791387.905,14999527.2,14996307.76,28640409.53,42040745.03,24902416.13,19312617.88,19324862.69,15158064.14,31779680,25304659.16,18482106.19,12577907.23,23708829.54,17981171.09,20134437.12,9916555.132,18832972.87,25782038.39,27378824.28,26137014.26,40553290.96,20280665.35,10502488.51,18516750.59,25852207.47,24387809.49,29111794.53,13808966.61,5670264.892,19420359.23,28938683.75,27517719.44,24856691.57,28765595.49,16156064.79,33377961.23,23995771.16,31650916.3,23198052.9,12317196.82,19420675.78,34334760.89,11948933.91
"Cyclopentaneacetic acid, 3-oxo-2-pentyl-, methyl ester",882480.7935,1038452.678,437200.0428,862669.2817,831560.7965,912397.172,658664.6474,829757.4531,533179.2416,1691660.831,1115118.679,684753.6859,879398.0533,705128.1966,826694.6899,838094.1948,782365.0587,1370887.523,708430.5652,1250693.48,817184.904,784543.6431,1091063.55,460111.6838,623013.5737,843660.6563,872499.2099,804466.6596,789956.3027,799845.5394,1163884.959,505758.9394,861445.3203,848023.7172,568353.0402,558223.7781,677732.3449,1355244.058,744805.8774,1011166.038,1409653.512,909551.783,583609.2542,1066761.552,417552.8832,651040.7747,1524467.847,1213306.836,1175439.965,998548.4362,76470.11271,850889.7171,647782.7837,752231.5614,532204.3815,846282.6884,586798.7955,928010.8325,775115.6422,1019315.785,1078164.896,715439.136,515510.7638,795465.2945,713020.7846,864863.6262,812539.2633,1325854.696,470254.3416,702363.3295,1048902.249,1188707.745,1161605.444,1577916.002,802649.1181,549723.2814,845452.3291,721265.9966,914409.9715,979846.0285,673074.2812,544729.5777
"Cytosine, N-(tert-butyldimethylsilyl)-",14845.797,2818.251355,12885.84756,13896.43614,28555.22778,24764.97994,24128.49744,15067.06126,15358.25142,71368.34326,11647.94481,16924.7753,12888.47478,12680.06539,11340.69112,22443.01559,13587.17538,26821.89102,16728.05033,27264.38798,20610.78856,15332.27862,24431.74529,14475.89449,15418.24323,17456.08086,20777.35615,14727.46829,17167.15384,17666.10871,20005.04583,16183.72914,19070.88385,21600.73884,15190.65614,12921.58624,14493.75505,30702.75679,16806.02844,19936.31632,26184.73993,20926.91109,14311.51796,26319.81156,12092.981,14021.26057,36853.94579,22332.31589,22388.15817,24651.23892,11762.40459,14501.93352,13359.83135,15781.73658,12684.78533,22961.46213,13110.79163,18189.73036,16745.22249,24362.69714,22363.86016,15999.117,15315.1579,20366.3791,16212.72376,19601.07489,19371.84967,24015.73401,11843.76937,13786.32687,22344.90639,22853.83971,22951.36583,31311.03511,16705.46149,18673.14443,16777.08023,12732.28123,20625.66147,25755.09977,16238.4332,18238.23773
Desmethylverapamil,5799648.805,11131378.11,9021872.53,11581937,0,14338777.78,0,10244014.59,14202552.06,0,9151817.101,11949424.45,8064291.754,562383.8312,13434079.42,0,5481074.427,0,0,0,0,0,0,40148352.37,0,0,0,0,0,35408492.23,714836.6422,1469369.145,48724953.43,0,48052913.24,49647.85159,0,0,31253261.68,0,0,0,0,0,0,0,0,0,0,0,0,0,0,0,0,0,0,0,0,0,0,0,0,0,0,0,0,0,0,0,0,0,0,0,0,0,0,0,0,0,0,0
Diacetyl monoxime,22336.02758,416025.5182,56771.34821,6373.302346,106945.4279,15840.06537,449802.9447,351808.1946,290263.4539,1009715.611,36441.10968,239712.9985,253115.9769,46723.73443,0,198596.1296,295075.0107,420170.3897,205756.3464,285665.6316,201634.5478,191006.4975,336964.9655,179996.395,234403.2683,172205.2366,216007.2402,144975.3695,161405.4626,210015.8893,245407.0724,154907.6997,210689.5895,232440.5625,154489.5203,147331.2205,182100.6015,312805.4737,233820.2671,244868.1969,327871.9279,234964.2687,168572.0772,293296.5699,147716.6469,150626.994,407624.3541,248044.5202,247254.5505,205073.8602,111190.2065,206358.2198,133952.615,188772.8659,174368.0161,275661.8213,201670.4157,199331.2666,227279.6817,303740.6146,291329.3891,176317.9161,156924.6982,206679.6452,153816.566,213464.6207,178940.2112,324367.8312,119443.9688,197308.9484,257192.8117,292495.0838,228400.5112,306717.4775,178674.6621,272151.2531,215657.7124,170868.5028,314645.6446,296591.8915,219051.7878,208904.9566
Dibutyldodecylamine,53105.97901,504709.4447,375221.9719,1186691.7,328878.8704,0,0,385143.3818,364366.5208,109911.3401,385463.9075,343074.2736,224225.7826,397199.2439,660245.2015,0,374829.847,1703634.394,0,1600648.266,0,0,0,0,0,814468.5363,91330.97986,771909.9515,686943.4858,339688.5143,0,0,0,382946.6408,0,0,394407.4904,1263488.94,0,1094015.225,0,233334.5775,0,0,0,0,2894141.421,0,0,0,0,0,0,817849.7499,0,944741.9531,0,0,0,0,701448.0195,0,0,0,0,0,0,7032612.75,0,0,0,0,0,0,0,0,0,0,0,0,0,0
Diclofenac,0,122069.5292,44503.8567,0,0,0,0,0,0,0,0,116234.0817,61171.6173,307294.1326,191471.618,0,39569.46596,0,0,42841.20235,101891.8552,0,0,125752.4297,113156.1279,0,0,93427.48594,0,0,0,0,11324.25957,0,75468.56523,42960.22035,85312.25633,197909.7813,28125.42723,45193.30985,0,0,489860.6343,0,0,0,0,162207.5686,93276.06721,0,0,122578.3971,60780.93919,24633.23081,0,94904.66135,0,82004.06565,71932.91834,75174.40962,42921.20235,0,0,0,95637.78269,0,0,0,0,186043.5021,102782.0722,0,0,0,158003.872,128804.4613,139700.3839,0,78133.16847,0,180088.5152,20723.90872
Diethylamine,561255.7366,0,1325744.628,0,1691317.913,2234692.746,755313.8327,615214.8947,0,0,0,0,0,591283.4414,669879.3233,0,0,455486.3534,400828.7167,351713.3888,449764.7189,569669.5501,608240.3125,598999.5631,672113.6844,377938.6825,714385.0559,691434.7057,498212.9594,438318.4903,337054.7421,440516.8506,473280.509,435177.5548,318520.1437,397718.504,548963.1034,732789.7407,351260.279,402709.8945,715508.0533,693252.7353,50900.33742,608911.7171,575251.4454,455999.2711,594099.213,648962.9226,572213.6041,395177.9203,289392.6371,520976.6838,479627.8944,459805.4517,313517.5327,398305.2951,466768.0041,574847.1467,504874.2311,748131.723,525255.7789,330770.2783,368432.5211,492674.1332,638816.4392,552490.0635,432010.2633,358392.0913,463959.4926,626643.1822,631922.9637,696894.1955,499763.7777,490116.0319,439586.8468,541277.7911,424213.0539,400941.1318,521829.8525,478331.6837,598735.3482,443890.2026
DL-Glyceraldehyde,100508414.8,107788375,106357201.6,48767846.84,113854887.8,99226791.87,105730436.8,116407302.8,98382377.76,13028420.78,54309329.5,96764565.55,83515884.1,66779504.62,82192965.71,71983370.32,74748667.85,59454004.51,0,38869061.82,75616386.32,78381244.13,0,56728062.42,81708900.6,59303116.07,108998636.3,113960904.5,3443637.691,72162427.54,79286051.61,129535188.8,81363411.55,88273230.38,60785555.62,119368320.1,80103878.78,186594814.8,74800167.64,99217644.92,129738794.7,146793422.3,95033348.34,99431076.8,153383866.2,58628899.85,135175798.9,125770187,113731007.3,65733354.76,39242481.43,121369903.1,58454247.21,127780361.3,59981949.76,65199176.26,81689667.95,83214014.23,107140817.5,95432397.51,17075824.39,86595262.2,73659870.3,122232847.1,109626176.9,134833540.9,91912707.65,98080915.32,95588139.44,126315513.4,109415456.8,568821.8574,45986237.08,87509867.44,79084454.87,91251286.94,76493313.32,77720987.48,83268045.66,0,108107421.8,81000499.51
DL-p-Hydroxyphenyllactic acid,307869.9724,121578.648,169424.5688,122943.3695,191422.5637,0,193214.0861,210832.4745,380910.9828,231494.5614,164850.4537,269734.5729,175714.7139,147199.1617,177211.387,306988.0117,168823.994,0,97148.89095,0,128526.8949,125493.6711,107301.6959,302726.8967,230239.1293,401097.7475,152621.5901,306063.3004,184835.5074,171650.6894,369539.4078,14795.08831,294271.5154,221354.8718,427540.4386,206027.4704,131197.2286,153842.9553,244348.9861,470512.1451,221610.5277,248068.2067,130360.2661,0,160353.0325,172623.3251,161829.3305,269101.495,184252.7001,276363.8371,181985.5115,117936.9823,174351.1077,178621.2156,131250.8563,47474.98391,226235.5762,262438.4034,290099.0598,215803.4784,253362.5106,174853.6102,257096.9384,337574.0441,0,269177.8537,252538.337,0,191965.921,221047.8912,144976.6231,496223.3364,129663.1691,49708.05901,155372.0772,162702.0047,254486.5989,178525.7889,226682.732,182829.3719,0,440721.7586
"Dodecanoic acid, 1-methylethyl ester",8504.052566,0,3254.452396,5230.712296,6867.15927,9242.794513,3758.176212,3960.179135,3271.89862,8186.001744,8995.794823,8386.065467,5157.676696,3071.851051,5147.980557,7537.671157,4181.970042,10917.19208,5082.498244,5857.639958,6422.979089,5918.427847,5662.37847,4239.588051,3754.700856,5955.594234,4753.173266,4433.334908,6097.932234,8039.913117,11331.21075,3902.056224,4044.302072,4290.825322,3105.182856,4665.58038,3430.687532,6662.531121,3924.883026,5327.10511,5397.287819,5967.61347,3250.422331,10089.42613,3541.664278,6319.85824,11733.09821,6570.022063,7144.39811,6129.305249,5208.440852,4022.842952,5742.471245,4452.612049,3327.827626,4328.932542,3374.508077,4331.706572,4092.529805,4924.488838,7477.603728,6783.10219,3919.646022,4312.406039,4059.360273,3481.258763,8343.458999,8284.741673,3273.544986,4294.549345,5270.373569,4901.555877,9430.32382,6402.854914,5781.339722,5756.887842,5356.821902,5474.228235,4953.574859,7269.170909,7871.227627,1829.17052
Dodecanoic acid,14122213.43,12794879.6,13451865.32,11325025.23,13026642,14781441.07,14093087.88,13148779.65,14496648.1,29552470.41,14485289.01,12299051.77,11941763.85,10558965.82,13505236.23,20960695.38,11725710.85,24131800.07,14780426.26,49904914.52,14394306.01,12966997.78,15077164.25,9299401.891,12335144.42,13101248.58,13353001.41,11401544.28,11872876.51,12929349.49,15331191.79,7740925.984,11841410.85,15987929.87,9390978.395,9739387.117,9801580.971,18923929.53,11129948.77,11788420.2,18263207.84,15441342.56,10027994.67,17276425.92,7387940.432,10434180.87,23692160.02,18523432.18,15576480.49,17862785.93,10552517.59,13809025.16,10291278.02,13825605.51,7250242.808,15521333.23,11456147.88,12337698.07,13436504.42,19612658.2,17601258.41,13380247.22,13149507,14912255.86,13434086.33,15902787.48,12560559.22,19407120.83,9678425.624,11619808.57,18464897.93,16555528.42,14923644.87,25259845.63,12415503.13,11901884.55,10436977.19,12280578.49,16146874,15731170.68,13852390.34,12201499.41
"D-Streptamine, O-6-amino-6-deoxy-alpha-D-glucopyranosyl-(1-4)-O-(3-deoxy-4-C-methyl-3-(methylamino)-beta-L-arabinopyranosyl-(1-6))-2-deoxy-",642.9848235,0,557.7508655,1009.359914,431.6245885,417.6347355,0,8.569194448,0,0,0,0,0,130.6509728,16.16292549,0,355.9875098,300.6538957,0,0,340.5908601,14.66741153,253.2777854,219.1373414,248.9050526,213.3945385,309.6341592,289.7709955,309.2348216,368.3785785,137.3647634,267.6003426,0,316.1626218,18.0534427,295.3052824,281.5375676,385.2797106,297.4990831,33.98881234,430.2065675,130.1484872,0,115.2802718,305.1225967,183.1256458,319.1631574,360.852324,274.6609681,271.7692247,231.6199611,172.6267451,208.4075294,192.2876949,0,150.8309727,179.5322529,197.8781931,243.7848152,311.265782,62.877585,79.08293608,467.503127,332.2185837,0,110.1798958,121.0519227,92.15756634,89.04017286,399.816087,146.7071472,1526.948006,129.9995499,89.9019944,128.8739173,126.815167,87.59446308,71.78236641,101.9637756,89.30953507,112.4376733,107.512356
Durapan,131551.4696,138137.1493,76685.3044,0,328912.8738,1765476.747,600372.3145,50966.35412,42863.47821,0,255041.2166,0,99871.14354,0,0,855290.6875,29715.22384,706134.5528,165434.7615,971815.52,266670.4073,86407.60349,252480.608,150726.9978,31251.72613,188607.4946,143397.0006,17186.89812,0,115017.9755,601701.5526,75047.95973,289376.2139,544262.7192,110708.5054,77090.19977,93515.35614,411424.2711,269118.8507,165023.7062,560617.86,774287.5159,18727.69066,119657.2847,0,0,581557.8647,419734.7489,479816.4693,452644.4436,79487.3277,87525.98262,0,48905.36625,123623.9268,101592.9573,152737.1175,170195.1384,128776.3026,334902.191,956038.01,221235.5604,118839.8944,368473.7954,310596.7598,0,369068.6883,609222.6739,20811.70646,35063.7073,268954.6403,562574.5461,328382.2586,482766.8186,133942.3945,169361.0441,32480.49728,95216.94237,455869.328,228285.6757,171549.333,421572.1595
"Erythrono-1,4-lactone",33501791.95,8157583.702,12705141.68,5918088.193,13086241.85,2992768.916,8246587.919,1672110.192,13385984.44,21624471.18,6862315.796,9889317.983,9164123.787,9576816.704,8288610.338,19950455.31,7160229.763,8068093.101,12274520.14,11447270.13,7462451.374,20388441.31,5184485.702,10591189.95,17207478.64,8491333.529,13188081.8,10046036.51,12614446.52,7821869.591,16086454.33,15521310.08,10872990.62,7600123.736,10041181.41,14717901.23,13087502.9,6601332.791,10647430.1,9754501.318,13792962.57,13024851.19,12028107.55,7858247.754,10115516.57,10843732.71,14219623.38,15998100.91,5296568.654,7831706.781,12192693.78,11688140.75,13635242.44,12905533.83,9079744.616,8166683.266,11818530.75,14662806.32,8607416.522,20472725.63,3458528.229,10456013.84,12790123.07,6493709.958,16277765.68,8944691.697,16070391.75,10294255.42,12116802.53,18806259.89,7541547.029,6909693.182,8924658.371,3763340.712,16461004.17,15284133.1,10372797.17,9679505.428,12349328.77,9695658.496,14613420.41,9556983.665
Ethanolamine,359923861.8,707658333.9,166507433.1,122174529.2,649363319.8,116879520.4,892059829.1,759109214.6,625235139.1,95715839.56,115944510.7,758095162.6,326104542.7,447047041.7,494026206.8,487917026.3,525902123.8,518548855.3,604580232.6,670690720.5,946680789.5,583458814.2,495049365.2,341822882.4,805631532.7,391783002.6,333656082.3,291427957.6,236159184.6,792984963,315489778.1,275726603.5,252763200.3,289596343.5,339506687.4,461626888.9,162403247.9,1004877941,223867119.3,223658775.4,381558349.6,736675756.8,322471492.2,355727935.2,241021486.2,527019152.1,220767970.7,1338107028,399268487.8,556540479.1,315348599.8,235757971.7,208501495.1,180868410.7,393545374.4,306482698.8,148425157.4,173425798,574692705.4,1014855905,606076186.9,175721449.2,200895849.5,205883421.9,455324395.7,294001861.7,420855776.6,240173005.6,177960896,202057813.2,468033901.4,720893048.5,828349837,417745414.1,547466464.1,413710847.8,433350822.2,335666257.3,790810009.2,590530452.4,345968950.4,1184184017
Formamide,3329195966,2210530364,2817286142,2409527423,2418134554,3209661476,2830726207,2539628097,2878890962,4371995945,2594765832,2196161212,2078096408,2186150737,2360082386,3605217084,2074198903,4966120857,2913902471,3842674312,3158884567,2782679597,3789569646,2550284362,2601819898,2989335454,3311675927,2777800184,2634050268,3002607589,3084884202,358741489.4,2618636487,3041149740,71426383.85,606292360.3,2313564376,4186277670,512027017.3,2550190294,3349670842,3245510603,2472586621,3799587649,2414342758,2280360109,5300021161,3426795269,3380736538,824132843.7,1933307916,2631260786,2163259370,2580855767,1528066781,2787061399,2179253463,2623650366,2565560194,3507675047,3685885061,2425422537,1864176185,2747583609,2745151200,2491926913,2535065378,3673937972,1976863605,2317770092,2793736165,3646249218,3290285806,4096494842,2482177745,2842780522,1901260961,2303033870,2888414887,2677366036,2719817293,2540205382
Frangulin,0,0,0,129.3173411,0,0,1501.161195,1550.221375,0,0,1169.52818,0,2359.47041,0,0,0,0,1515.748978,404.207135,1043.824298,480.9251748,225.4676569,763.6236326,0,350.518572,168.0054256,125.1406359,269.4039796,167.3745394,644.9515135,0,693.1647738,40.20314676,416.9338981,42.84832602,438.4959402,145.7043682,2027.988002,304.4416645,222.4295092,398.0073471,31.98594648,0,129.8736557,0,1136.759034,36.40103957,2122.435458,182.2771665,73.26378964,55.49368158,0,406.2585311,820.4999423,68.6669379,236.8497696,412.2950271,72.15074274,54.62563071,298.2164298,338.8171724,393.7125254,1214.542513,558.395791,388.9250807,426.4142071,207.8839075,0,1032.979584,0,77.03727857,1.331196616,206.3265489,42.22033848,151.4496419,394.7219515,1160.12379,0,327.8255038,71.53961141,1270.689384,362.3322343
Glabridin,100854.5476,121324.6993,105136.6937,0,94663.13399,53743.03759,214004.242,0,0,0,75674.59928,112319.162,59155.35074,115869.9769,0,124556.8798,57798.16331,0,78443.59766,199785.4703,156422.5498,0,0,0,168056.1928,142273.6895,20842.95606,0,127480.2121,160476.5228,93843.40529,0,123075.5618,0,822.8604361,126891.8128,865.7398048,1424.617167,0,155972.5724,211241.1195,10045.20042,126037.8888,0,130281.1844,60597.61521,144792.6378,97498.01789,114782.6334,100015.394,60757.64173,71673.28043,0,71477.5255,0,87402.64921,70553.57947,91594.61121,76043.3907,115258.5399,0,0,0,0,0,0,0,0,536686.5903,0,0,0,0,0,0,0,0,0,26612.53271,944056.7469,0,18356.49549
Glyceric acid,2023142.33,5843629.948,10375359.95,3748848.66,9727368.647,7846430.024,8802779.335,4786140.881,8538528.764,0,6280165.656,20411616.28,1598507.406,9295967.434,7699748.691,1858261.852,7940862.493,0,0,3074734.82,727312.0627,0,0,0,0,0,0,0,0,0,0,17657822.94,0,0,0,0,0,95472487.07,0,0,0,58539893.51,0,16866928.06,0,16973745.68,0,29042167.88,6865160.107,18075665.67,0,10504565.83,0,0,14318743.52,2187278.977,0,0,0,0,11940774.33,0,0,0,52746489.36,3534054.599,0,0,40763676.42,0,19665206.86,0,27544956.6,0,0,0,0,0,0,0,0,0
Glycerol,118983.1943,45964.88383,225394.0187,305072.1326,228937.487,163921.6607,191287.9994,53656.65745,191472.8331,29441.11832,154810.6306,134600.2106,47146.11713,67701.54958,82399.25036,40090.7585,98306.72431,107045.1077,44928.17968,214266.4814,91179.55195,64874.0336,78508.18697,44116.67588,44973.10529,191577.3443,178534.6014,89173.2539,87778.68655,85434.27631,176218.2014,59741.7072,94148.66875,138748.5986,73211.32314,68951.16162,139146.0614,294656.6244,196641.7031,170879.4395,379879.7666,193338.3458,74660.75158,135306.3679,71331.34339,66746.06804,143100.9299,192138.5822,197539.8374,145718.1804,66171.82442,97733.29188,52772.95656,108731.5063,151626.9004,81975.24487,88111.29149,148713.9467,179529.687,117495.555,212893.9398,88605.02007,97834.0482,144086.128,139429.2621,149000.8807,116178.8842,196566.5723,86282.62212,112908.0175,175411.592,306087.2222,140218.9231,112819.3634,109102.147,79520.90199,53088.28265,44223.01539,130909.0151,161987.6894,93663.7726,154013.802
Glycine,101623081.2,103822620.1,280608064.1,265138473.7,218205403,168744192.4,199937003,73360865.13,210352033.8,56765699.49,244848240.2,222331124.8,95811573.28,167573343.4,213336760.2,70789381.26,181066416.8,262950820.6,111680899.4,0,155205762.8,301486026.8,173710831.9,88287650.5,84877535.96,231228920.5,124168486,88205700.09,104346603.1,100666769,150926158.7,128504712.5,142575211.9,213558883,124520098.6,133861284.4,84488177.26,300916439.8,207058495.1,158187877.9,240430303.7,625102064.9,103769267.4,212372956.9,81076750.8,238234145.7,202651777.4,136000180.2,222582873.1,144294991.7,95437258.61,126041605.6,105387970.4,110442337.8,281534732.6,222498979.2,85481956.1,113577356.9,110145184.1,357740349.3,153185266.8,68293839.94,90350776.11,88241573.47,101856942.3,84174625.52,173082571.2,125473571.9,52561370.84,66564136.51,127873098.5,136448897.5,394614929.4,294452393.7,186567182.9,112210593.2,89601233.4,114215964.7,116095560.1,691923576,180629156.9,255391522.9
"Glycine, tert.-butyldimethylsilyl ester",426286971.2,387143599.9,513814784.7,551118518.6,436801390,382700269.5,884839557,417445684.3,408499410.6,400417281.5,439884567.4,520427525.1,613610203.7,402005287.8,472111869.8,445458803.6,548393867.6,620013644.3,494459064.4,839968825.2,483995377.3,591256553.8,629665755.9,295120744.1,390123391.1,487631259.5,469655347.6,332749477.6,475570038.7,352500816.2,451185293.7,294384331.8,347322856.7,509613231.6,362805699.3,407514815.1,315839023.9,625924686.7,453523158.2,427167449.8,812270181.6,924469993.1,360780231.2,547053715.5,287250835.6,524745793.8,574535971.1,502900097.7,666014940.3,357796606.5,274075647.2,487881858.5,350283483.4,407979205.3,525337578.1,500010885.9,331350182.9,346155554.7,457661079.8,892929048.7,565951094.4,285999374.7,401360864.6,348243003.6,452718982.5,513799212.4,466081243.4,525696413.2,283739439.2,353582416,388638541.6,516756194.3,1345233821,542453769.2,537992080,390558991.4,313171527,315479627.4,336795932.8,1039995330,356759237.2,477305847.9
Glycolic acid,393953736.6,311306146.3,311740396.4,214221584.7,340795895.7,311817604.7,329666512.3,318239785.6,328520695.7,295639146.8,227699263.1,336183027.5,286075996.4,273090209,290949255.5,512179598.4,259042243.7,252866380.4,0,261806694.1,383583583.7,291942394.6,286329471.5,238344609.1,314839737.9,318843794.9,396106407.7,422791451.2,337509889,295641852.6,330753206.5,368536219.6,373907105.3,330139745.8,257880623.7,273646842.6,262402197.4,428564985.3,312168843.5,299467359.1,452634503.5,355640730.8,271282298.1,391500842,288008862.6,293210796.6,368861162.4,403606821.8,373931920.6,377193491,252529628.5,312974984.2,258413442.8,280078949.7,205709676,242045643.9,272483997.5,351259024.8,366431648.7,384767754.8,283438561.2,244861335.7,399541576.2,349637661.6,418285900.4,357427814.5,301202409.3,231918596.2,243155930.9,353211676,376851616.9,455968453.2,380123545.1,218294630.4,358162935.1,279617758.1,272666932.6,248188283,246208198.8,286982681.1,336526146.9,239021392.8
Guanosine,260091.1052,187748.7185,4959.610317,175537.2925,0,195364.1638,2465.106211,181823.63,183450.4784,1135635.297,197512.9538,165420.1704,156710.7712,181813.4491,209561.0683,252709.724,166515.6482,536146.4346,211580.9162,0,316989.0325,305236.9442,492747.0328,2140.22032,291222.8453,13479.49667,0,263147.1952,310068.7525,316328.7762,205817.288,205034.4192,303385.872,245076.3551,0,114492.8242,339829.2084,436085.4124,192552.8189,310465.1746,262105.6468,0,349887.1718,0,0,0,725453.4334,0,0,0,0,0,1058.162345,0,461198.6525,836299.4068,255533.0398,238885.3077,0,497553.8861,426200.8759,386077.2827,87267.67969,343668.9466,358612.7254,0,439353.8506,0,270609.0396,0,7363.557873,502912.2898,493169.4889,746746.9808,370016.6991,0,4572.097201,0,26290.15118,466470.8429,4721.872242,10011.37368
Heptanedioic acid,0,0,4065.436137,0,0,4521.987064,0,0,0,0,0,888.1599278,0,0,0,2599.792829,3856.755765,12321.79082,5826.467088,8092.900227,0,0,0,0,0,0,0,0,0,0,0,0,0,0,0,0,0,0,0,0,0,0,0,0,0,0,0,0,0,0,0,0,0,0,0,0,0,0,0,0,0,0,0,0,0,0,0,10732.87747,0,0,0,0,0,0,0,4267.298456,0,0,0,0,4680.692676,0
Heptanoic acid,40729684.6,29084866.56,44276254.38,18561388.9,29089436.17,28587843.18,30104753.7,31147485.7,32965373.86,41600108.91,32155588.91,28769459.34,30455198.81,25730791.69,26962603.74,39785651.7,28186778,35100600.88,24477945.43,38140786.45,27302474.79,31494701.05,30509651.93,19159483.54,21284185.49,35228593.04,36723092.11,29995798.97,30790674.62,30951036.67,42619780.81,27375396.95,32439233.38,35117684.96,26303120.54,25824923.18,23778781.17,41487367.37,33320972.53,32132006.95,52019804.14,28827501.59,31285428.63,37986989.99,24757953.93,28562704.67,40253994.77,37414629.93,28291606.32,33579305.75,26040006.1,26287611.73,20759801.75,28314933.1,22500143,37862789.79,28111691.25,37034505.15,30817494.45,45038586.67,35665036.17,26244338.83,28484019.69,34938475.18,26071679.14,29199495.08,32039746.86,35714856.55,21445183.36,25456374.8,33377065.14,33989625.74,35683986.13,54005696.26,28576772.56,30838224.67,29497694.26,29355328.63,36821540.4,31675862.62,33843679.08,27567333.32
Heptylamine,0,0,0,20093.65218,0,122372.0744,61644.26132,12443.47439,20273.79866,0,39733.10467,0,0,0,0,0,20209.39492,49170.70764,17299.10535,0,15886.69477,15566.65313,24063.87911,13074.66695,15208.98502,14618.57124,13755.4176,7757.94608,9317.600101,9946.781173,27747.66409,11061.75458,17089.31015,29891.9339,7342.977212,0,0,28408.50938,20792.50149,21664.11887,58808.90632,31872.62114,11625.5197,16824.42774,0,0,45456.9463,29235.85044,30038.13771,25533.12549,3628.411088,5292.330748,0,6952.173341,11872.30247,14052.94138,15479.84413,12826.08065,18920.66258,21713.31813,38310.5914,0,1916.675866,24347.95552,18382.44895,24288.33596,21426.40095,49770.42544,6936.734797,8170.69727,17824.14938,27718.29458,14546.67657,29192.69795,11226.3521,12833.33243,0,3813.552963,34840.92499,14905.20533,14730.93382,29726.14469
Hexacosanoic acid,6759.430553,5899.454162,5338.821965,5100.165534,0,4804.950501,5098.851314,5537.234657,7662.62504,0,6752.278679,4345.344838,4465.382766,1154.626393,4221.96961,8520.530057,3706.620041,3627.887082,3687.604499,5009.855769,4101.450256,4216.280865,4820.175961,0,3468.432143,3036.44453,1392.415986,2969.493892,5507.96201,4583.972204,2971.370333,5306.511477,5683.273878,7700.953965,3034.288318,2682.467636,4232.934994,7044.595848,5505.92803,12241.57679,7289.490407,8383.681162,3526.401946,3880.658865,4818.127099,3349.840685,7805.311436,6096.311324,5970.837129,4276.885515,3237.507058,5491.779872,0,5384.999623,6545.542704,4569.270026,3987.380157,4041.477967,4543.922262,5635.01441,3763.483228,9703.993839,1386.622067,8973.445624,0,3080.957414,0,6239.247181,1479.818165,0,8029.646829,0,0,0,3574.365975,5760.359728,3090.091459,5322.438414,8375.942649,15102.01463,7290.199413,10634.03357
Hexanoic acid,133677724.3,103760064.9,140733856.7,66913614.71,98037672.51,94213913.15,97793088,104942580.4,110548787.8,172555585.4,117480516.1,100271217.2,106179140.1,87488529.81,82886302.17,133848777.7,92905213.17,140954790.7,89509054.95,139372892.6,105656055.2,102398665.3,117524494.4,71873488.46,83068765.56,117345297.7,126939418.7,96956162.15,111226358.1,100891884.6,137509108.7,86832203.09,112411455.1,123029294.9,82768075.3,84339156.7,84892280.97,148215780.7,100813802.3,115740220.7,159899965.9,101307047.7,89721657.67,129181824.5,77186935.81,82318783.54,158404008.2,113590862.3,122799069.7,111181837.8,76476961.9,105658644.6,67277809.98,111589988.4,65907456.69,117414461.9,95840572.81,107199672.1,108171387.8,150621456.3,141299105,89457951.86,92371177.46,112784340.7,103005815.7,110859477.4,105496602.9,139927122.1,75920279.81,93786701.03,115624249.6,129811408.7,120184208.7,174443243.4,98320354.51,96573335.96,96958532.97,91384341.5,125672237.8,110435980.2,99302040.54,95855200.74
Hydracrylic acid,21318970.03,14562706.25,20961146.02,10777425.57,21235136.73,15057125.8,17836894.92,14330914.31,20519456.91,7737429.058,12318553.91,21953048.79,13772014.75,15133019.51,15729490.17,12856001.08,16157418.07,9482997.867,7583977.975,13255807.76,16831451.25,15857743.55,13483519.73,10661169.2,15289880.38,15621382.86,17887772.71,17295476.99,19682991.3,14858574.89,17822486.41,18709642.79,18112521.23,16979856.24,14648603.65,15166147.28,15194906.12,20189439.76,17271892.97,16110878.88,23837847.95,16779445.58,17112080.57,19125620.72,13568768.85,13246031.83,14593103.04,22557399.78,17229113.54,19105865.58,14765084.39,15033186.85,13347766.33,16790371.74,10317050.72,12433713.13,16831494.27,19296024.75,22310253.24,15799486.67,12585702.96,10439069.27,22306979.06,20278339.45,20400172.43,22462540.07,18680542.83,11811667.96,14037480.47,20795330.49,19559387.68,21846077.6,15973654.3,9681261.357,18529841.4,15809623.47,12710720.74,9874239.779,12910901.79,9671073.674,16096025.75,12442234.52
Hydroxylamine,27850232.1,18041341.92,18580207.63,15765789.9,18974282.57,21024163.1,20385745.67,18492250.71,17033365.27,27586649.08,17115691.01,17030050.46,16962336.89,18116304.63,19221274.71,28206470.93,17649680.83,0,0,0,0,0,0,0,87091793.72,0,0,0,0,0,0,48843678.11,0,0,0,0,63927217.71,0,114987118.2,79257531.64,162657569.2,0,0,0,0,0,0,0,0,0,0,0,0,0,0,0,0,0,0,0,0,0,0,0,0,0,0,0,0,0,0,0,0,0,0,0,0,0,0,0,417573681.5,0
"Hymexazole, tert-butyldimethylsilyl ether",53455180.96,52680988.45,48853069.19,31015722.04,67871374.48,157111147.4,90183508.09,42555253.42,47311511.32,36226729.81,76689672.07,44333886.91,47797355.21,31661990.17,35793558.91,94735616.35,39143986.3,123571662.9,44431514.9,152827215.7,58623745.15,34171055.99,81048155.12,40824941.62,32555732.95,47404001.09,40086176.52,20500131.1,25343406.93,38290851.47,100306099.9,36042684.86,64234993.08,98647525.9,37357285.08,30766355.99,30436762.93,97134328.97,58542668.39,48898528.42,105993301.8,88068343.94,26840166.09,55864343.08,23998339.69,23041181.92,141622442,97951278.79,90300553.91,99568588.03,28457346.42,28704658.97,15167941.56,28902428.4,39399725.57,35169401.85,39418443.07,48837711.9,41077299.97,77427790.94,103701960.7,50919927.98,35130063.63,81037136.55,61599207.5,70223625.06,79243272.58,118380810.1,14639491.84,17795595.39,72094169.38,78972150.88,69948573.4,96067136.13,45255566.72,47924932.89,22225373.91,32205842.61,80129781.53,39958315.78,48865678.87,69491086.95
Hypoxanthine,534430397.6,32126568.41,166493133.2,591313093.4,291200595,265803456.4,185719819.4,43080610.84,197071637.8,191267336.3,177224598.4,57135299.1,33154985.66,10947369.35,14012896.09,205552102.2,23064141.41,462675186.7,137134830.9,275499729.2,240651673.7,120957627.8,104528253.3,102944831.4,72133501.38,309417979.2,164304078.6,46787062.81,0,145130138.4,775372942.2,78420432.05,406609487.2,370662511.5,0,54047799.02,118710091,100479586.4,234559654.2,180188386.2,20948803.9,19674398.61,10863629.89,414844722.8,5908257.814,15821372.39,18307160.59,1645835.587,936128.206,474629833.9,99671243.51,89011192.79,14888859.77,46955872.47,77816383.64,75843527.13,85802907.67,83389545.14,236576908.1,115030192.4,1405647663,115778116.5,213844737.5,205273549.1,318704118.4,242102955.3,411029055.8,73149745.17,16397520.49,77769858.15,145667527.8,421387435.8,165464619.7,84905037.69,143206817.5,122723429.1,40389726.52,41829158.94,366898000.4,206138871.9,112378215.9,205053199.3
Iminodiacetic acid,1095.253004,734.9075682,474.6601487,377.3041577,309.0638078,243.3859896,444.7783725,738.7706713,468.2228617,627.2245492,352.9475269,334.7336144,691.8832121,427.1644111,358.3632225,803.5127191,356.8303201,285.8377975,0,38.79657967,552.2557951,166.6224859,350.2479192,663.2923518,645.3940976,96.16989423,544.0629761,522.9947501,742.8013381,297.8441943,139.0814538,1420.133519,365.6082324,843.0098075,1036.490458,323.755431,92.24500111,837.7447629,70.81050221,840.1480559,368.0049756,645.3869879,951.2238851,924.3751809,794.0246488,235.4575898,910.0293617,375.0306165,704.161141,573.9246466,380.3593045,461.3412901,173.7426243,1215.934425,454.0243834,541.2868325,380.725095,518.0793418,481.8133701,424.605573,488.5490224,96.98306055,163.0944206,344.1248173,0,371.0550382,504.4035549,17.33007015,221.4440149,574.865456,990.5835096,0,1737.596819,0,1079.172154,1326.724875,0,646.0211397,269.5249289,940.3984191,1066.921367,568.5286671
Indoprofen,0,0,0,140.8577427,0,0,0,1.025370982,0,1.27082254,0,0,8.009575981,0,0,0,0,0,0,0,0,0,0,0,0,0,0,0,0,0,0,0,0,0,0,0,0,0,0,0,0,0,0,0,0,0,0,0,0,0,0,0,0,38.8142109,37.92496797,37.54603479,0,0,27.98632727,0,0,0,0,0,0,0,0,0,0,0,0,0,0,0,0,0,0,0,0,0,0,0
Isobutanol,302840.0944,654792.8047,452964.0404,89553.0605,563599.1695,227201.6659,413928.3168,604805.3939,463499.7488,0,336567.0684,643057.4328,548572.886,265678.9001,660724.9466,172559.2052,486793.8958,38499.20684,57428.69131,0,159174.9759,179560.4938,141479.7641,126734.3327,764694.452,84196.03801,421582.0726,941440.629,769747.1301,353116.4277,82473.83531,909370.6646,499948.7444,200182.1779,486434.3089,744881.4802,348460.6578,231244.7296,138572.285,159777.48,561564.2077,458977.086,1140739.481,442746.2399,900494.8561,608758.1611,215271.5751,652176.8152,364775.5159,321886.7795,262776.0451,382981.2677,473757.3796,385672.9219,242433.2858,279264.4836,565118.1888,406976.4069,560494.6872,523904.7932,235764.5215,155325.5139,213360.955,551965.4818,725146.9334,408688.4693,136969.0713,56965.82028,531454.8254,871895.8581,670498.3308,322485.7951,199459.3512,70041.50435,668245.0863,608846.5821,587391.3173,440344.6449,200052.8029,226628.2188,774806.4083,87068.86618
Isonicotinic Acid,102725106.7,82512854.12,78073903.6,77317017.87,79962603.23,114541853.5,82151449.85,77415927.51,81910079.47,61175307.23,73954134.56,80486959.72,74113436.36,73042794.6,77668943.35,99273704.63,73669236.46,129968153.6,67202555.81,100613851,76430779.68,67863189.1,97900705.53,62009601.49,66100999.61,71997077.9,77557599.98,70284174.33,70083650.61,71919099.54,102462529.6,64922542.84,77524426.3,91669021.51,59791253.4,62772288.5,57535547.52,107330374.4,90881533.28,83100399.41,127746996.1,94323299.79,68649561.59,114522191.3,56240640.88,65084673.1,144099856.6,99978587.8,102371065.5,103356102.2,49559665.92,63561397.58,63439944.85,71400545.59,70690006.79,68612745.33,57256674.81,87323340.35,78871833.97,97749700.2,84874741.9,65203909.05,63708645.56,80871147.92,74336180.52,77616600.52,69624329.6,113153826.8,54145610.11,66371020.67,93033391.65,104824500.5,107287441.4,135400638.5,83296642.93,79186656.56,61935170.1,70496239.13,84304890.31,76761563.03,86036579.97,69458048.34
Isopropyl palmitate,4307.072673,3313.980132,3504.659369,3668.555123,0,4112.381227,3623.447422,3782.578137,0,4895.797363,4593.631035,3149.896119,3398.167847,2984.097571,1108.341597,0,3561.802034,4347.470572,2597.049332,3294.507232,2656.356461,2719.674528,3258.105365,2492.35704,3543.18664,2400.7568,3233.116486,2581.327758,2453.23218,2309.864758,3777.972581,1748.655725,2518.113739,3044.462352,1383.527866,2001.175317,2380.446286,3720.818737,2398.047024,2633.778394,4929.672006,4218.197323,3410.830895,4218.607165,2088.890273,1603.576767,5145.531938,3133.566981,4740.869392,2551.120102,1362.388969,2449.367263,1606.590942,3125.012536,2129.279007,3467.001749,2707.225987,2636.837981,2345.543172,4475.575173,3583.483944,2041.455526,2127.006055,2930.554006,3174.907449,3620.35986,2782.535079,3252.511991,2246.707483,3217.513375,2552.118675,4349.164772,3385.557053,4019.749823,2936.437251,3112.629541,2510.980469,1957.730748,2798.491308,2691.79695,2829.501909,3232.441301
Isopropylamine,36259660.9,40360119.44,22164693.55,9896081.465,81808450.7,89195270.7,113222572,53701301.01,32149246.52,0,42988981.77,29706465.34,12400538.81,85435371,37582527.65,199059516.7,17024945.14,127087908.8,174990320.5,64751222.91,68714743.09,49314773.96,81768940.6,20115219.46,129473594.6,21962828.14,39205380.05,19325186.81,20723437.05,37043640.69,70529557.55,24193392.66,26801904.4,40478973.95,45094321.59,31160737.06,40916124.35,56231355.22,44623249.8,38774200.69,75634409.29,49843201.11,32126628.31,35437935.05,20898035.59,17699570.77,20261713.17,49614410.79,135398195.3,126722907.4,9577753.173,16569475.76,8693407.231,14865157.95,0,46751422.3,63615365.8,69473640.72,56264737.73,66720882.95,147612058,27028522.21,13117961.99,94531872.59,50410735.06,139638311.3,49358053.32,144649971.8,32412900.78,42348498.56,40673917.99,63487023.08,37597117.44,28000294.78,45023449.23,23915616.33,40684651.99,20323703.94,76098497.07,65056162.71,36906074.9,44152580.38
Isosorbide,435191.7543,719447.6734,597729.9986,301770.3926,708030.7532,3405220.675,8085190.932,508841.4962,753720.3174,108300.3612,192861.9225,7821511.043,13024510.07,6612800.037,597953.6686,267969.9892,7560630.031,0,0,0,0,0,0,0,0,0,0,0,0,3502886.879,2838719.886,0,3931042.54,5726277.171,3947858.967,2557630.163,3740192.233,7834597.489,5163140.964,3193475.695,9328323.578,16249650.17,6092742.711,5200284.647,5848886.983,3315096.084,2275665.311,5287294.307,4568376.461,2631734.143,1321283.991,3457246.5,2306467.07,2507060.404,3547102.896,1865466.696,0,2986535.788,5639348.17,5295110.738,1656617.2,0,0,0,0,0,0,0,0,0,0,0,0,0,0,0,0,0,0,0,0,0
Ketamine,4756298149,2951784703,2981711526,3571466113,3036083783,1874714721,1788906990,2452945869,2266215906,1247124969,1875723938,1004865715,1609860147,1602285788,1238456517,7435595925,1242663988,2365660191,1970242366,4245060593,3418183148,1642841740,1092755786,1623685225,1398853147,4453679191,3993265657,1129311713,1465478167,1537973219,4233320704,3174325746,4482636714,4413338923,1238869003,1041210216,1277068944,1314789238,4106965050,3022476976,4782186762,2511117022,841002511.2,3014543742,928436714.4,850706044.8,3941438333,3182270966,2337685087,3787636708,1257500311,2754989080,1452197020,2047192319,2211689765,1496136042,1988958845,3415023172,4047631988,2061661121,3578299430,1737012840,3648804045,3247620544,2045820581,3405542796,3066423135,4444353828,1130633905,1125087109,2372205850,3202316272,1823513204,1619482222,2926991329,2705391839,3328073220,1622681314,2419409714,2004590226,2040751215,3122753617
"Kojic acid, bis(tert-butyldimethylsilyl) ether",1050314.625,1653986.616,2161115.166,202567.8481,2306635.723,381874.2187,2329662.316,2254036.921,687391.8287,425069.7469,489164.2788,1870058.078,1611738.955,1167511.26,1156120.76,1017311.032,2391332.685,4160840.462,1584213.286,3098310.595,1116386.841,1011756.488,1553907.427,830678.6441,244246.9008,1467087.688,1049332.87,241692.0993,312614.786,726916.995,1688523.695,423414.4382,1006702.694,2287006.338,262102.5216,427110.5821,759868.6266,1648411.628,1546292.618,1259213.935,2881701.78,4589912.037,390515.9211,1071324.78,499029.6516,334024.8856,4175984.258,1760368.085,2037353.266,1868663.826,383748.506,876090.5949,159705.408,690939.0957,1198692.676,909326.0819,940121.1832,1167395.872,990494.668,1366175.93,2934696.423,898196.1228,468871.2428,1590853.3,1494588.08,2226262.949,1424072.235,4505464.545,404104.5539,493839.3664,822630.5649,2533695.859,1525790.058,2156808.59,735162.9356,687859.1421,98090.96603,484620.5705,1729722.82,1858098.264,778459.6974,1687145.384
L-(+)-Threose,230507061,91276056.38,177112893.1,16977088.94,143546053,104005998.5,0,167588253.3,0,5643568.021,8160212.903,70930242.61,105579293.4,151810841.6,150749085.7,41862843.21,75495944.07,249481425.4,36975175.3,0,781959236.8,0,232300041,0,0,162046367.1,8056411.006,0,0,161293409.1,0,0,0,0,0,62781526.72,0,0,104385552.3,556761073,0,129704283.3,52777393.43,0,0,0,0,0,0,0,0,0,0,0,0,0,0,0,0,0,0,2143411.762,0,264244351.5,660007912.6,0,439563433,0,448034985.8,0,35757468.88,0,15566013.35,0,15813433.11,0,0,10742412.69,12017998.17,0,0,0
Lactic acid,969761269.1,745823931.7,639102684,1249361744,489068024.2,371190825.8,914440843.5,397547083.5,761011606.4,2361813342,570425252.4,529670429.9,721974095.5,1131575732,607990473,1113373172,915124072.7,9215792.544,0,1559026211,2019287161,1267231337,2404250827,0,1931212063,0,782478218.6,1068279230,743692090.4,902008467.5,824682984.7,886783720.9,940842867.8,1868962147,1142397013,0,0,1454465437,0,0,1885844104,391727110.3,0,245064876.1,1537202944,415784846.6,1474575437,1619410278,1349935088,0,1038334481,989788908.2,690247527.9,110919493.1,0,1104173756,1196558763,450105484.3,719900720.2,1607592565,869618141.5,540501607.7,560460398.6,1133822648,1482192151,0,782331616.6,1612896060,1156206493,316232342.8,1463784401,1768146464,0,1513551535,0,0,1162067843,1091723017,612902594.8,1297548333,749998627.4,654124822.8
L-Alanine,387.6721815,331.6370042,429.3563685,0,419.6894623,305.3877283,404.7129173,373.424717,356.0216092,0,0,0,1039.425203,0,263.9334557,377.9955419,267.6766392,212.5262823,3.991809233,414.9172208,225.3574329,239.4457358,209.5768912,156.5866145,189.6836271,368.2373949,293.2275435,205.6284911,375.696002,229.7331678,587.9956686,356.7136477,416.5308301,337.5567429,179.6880397,195.0994356,209.1884514,313.2657661,386.1577463,290.5613902,675.3365582,399.0913489,141.9020217,393.8083094,156.8557814,138.69917,282.8067057,432.8196882,321.1798184,362.8946794,245.4770801,237.7343697,174.737716,245.1559705,203.0874787,193.0550321,240.7720219,314.9548639,332.4383157,252.4241637,687.1114697,169.7586944,376.5385967,345.9329764,392.7998998,336.1092114,374.0384099,238.6634943,151.2222287,198.3151275,619.6569634,442.8175123,0,217.2590614,364.6828723,298.8526198,209.0130117,169.3973869,308.0229559,265.3636769,333.574188,311.251076
L-Asparagine,0,672068.3596,1085473.573,0,1193596.196,1293599.283,0,923724.9096,1149291.958,0,533336.4973,938252.974,778887.7612,474761.0708,0,811212.0002,774948.9092,4247868.043,0,4792975.319,2601955.843,0,0,0,0,0,0,0,0,0,5864041.842,0,0,0,0,0,0,0,0,0,0,0,0,0,0,0,0,0,0,0,1249354.14,0,0,0,0,1897754.253,0,0,2818407.144,0,4038393.633,0,0,0,1674133.186,1415823.487,1695223.212,0,0,0,2032062.314,3477505.358,0,0,0,0,0,0,0,0,0,2835383.228
L-gamma-Glutamyl-L-glutamic acid,464688.6825,128206.9878,21866.47892,0,26465.15554,11459.40287,24008.09429,48023.63482,40363.27746,68241.65049,0,22018.11674,13473.77258,30396.56607,33771.17121,195639.363,0,0,0,0,0,0,0,0,0,0,0,100624.2825,116338.8262,391446.8857,0,0,233910.8912,0,120609.2641,653696.9028,0,0,0,0,0,0,142466.1558,0,99814.19869,0,0,440461.6555,61664.92946,0,284612.3338,0,0,0,0,0,64432.0925,47276.61958,163785.1732,0,0,0,0,0,535842.5677,0,0,0,0,65453.71647,0,0,0,0,174744.3703,502001.8197,116138.0811,0,0,0,0,0
Leucylglycine,2641577.922,12468595.45,0,0,0,0,0,0,0,0,0,0,0,16759792.26,23429905.27,0,0,1734251.766,0,1182848.777,5436582.997,3916766.901,5493167.61,208065.5813,4637372.043,3199987.42,5658711.296,3690566.4,2227329.918,2934055.8,10531759.96,0,1229119.64,0,0,8821424.988,0,0,1567179.169,8977929.268,9420293.914,0,3707172.116,0,6507554.745,0,0,3705541.765,17362480.93,2145871.2,6928046.92,358815.6466,0,3393158.801,0,0,9265290.501,0,2767714.33,6120017.22,0,24729773.27,1176078.027,3900405.477,0,5933135.372,0,506704.8748,414899.7643,15097071.82,6863915.532,0,0,0,2110148.204,1111071.272,0,0,0,1543086.751,2903837.564,2021477.295
Levulinic acid,24303712.55,19658716.68,17999094.12,19624547.58,18530332.76,23574750.95,21349825.47,21346925.86,17005728.47,16358286.46,33930830.08,17955195.48,18374312.95,16165918.47,17143817.62,22493794.99,17083046.77,25846429,17822035.41,25730329.39,21263955.88,17970544.57,23234519.16,13900690.89,15013693.06,21978461.21,24159105.7,19228173.91,17703107.1,17581417.06,24352569.57,14408700.37,17188685.73,25650415.74,14187661.99,15639670.89,13571903.53,29563228.44,19548010.18,17113893.88,35024146.6,19249538.82,18067634.84,24793336.84,14982695.72,16099522.48,30042692.13,24322542.41,20684567.24,22791501.95,14078715.43,15129192.93,15209007.12,16235397.85,14743721.06,21894896.56,17025465.64,19590796.67,17310123.45,29977076.94,27593097.55,18494728.21,15334548.99,18421514.31,17431078.59,18453393.78,18551458.57,24302113.86,14128579.18,15605473.19,22271220.79,25562061.94,24626228.59,32915022.4,20789742.5,19849062.09,17529270.54,18098162.45,20322653.53,21967793.47,20947885.48,17978924.14
L-Glutamic acid,0,0,716020.4076,1699009.379,771275.0073,2156570.675,770455.8222,276357.1361,483919.6115,0,1144927.99,252694.1251,298388.3278,0,0,0,186837.4228,0,0,1242537.36,0,1401308.834,0,0,1488540.351,0,0,467129.3236,0,0,0,0,262649.6416,0,5745.340711,0,580535.8681,0,0,6564639.68,0,894632.4676,0,0,1514679.093,0,0,4740164.036,0,0,0,0,0,2660225.237,0,0,840980.9899,0,0,0,0,0,274344.7323,0,0,400013.8248,549519.2813,0,58159.11946,366309.5874,218548.9315,0,155274.276,1290528.383,6636287.827,388176.7976,0,422792.3696,0,0,56843.33969,0
L-Glutamine,0,0,1266.62828,0,0,0,0,0,0,296.6230465,0,129.2906433,243.0915892,93.8648266,162.9084595,0,125.0324722,210.4166927,0,137.9823661,267.05972,233.6272354,1.442484051,260.3084592,0.919165029,0.886792052,0.470472154,213.1336135,266.9119062,23.56443089,249.6220512,0.672931097,0.019027992,0,6.2207705,210.4485155,197.8799319,316.2902064,300.6251901,0.205098501,298.2746882,4.78717E-05,245.9398211,373.6946584,0.342599316,201.6857671,0.543757573,0.352314327,255.585456,2.713793341,0.76108857,0,163.5609087,234.1423439,263.9224343,1.301811677,228.333685,236.9987511,318.9886705,257.9511301,14.27744514,165.485614,191.6264916,193.2649996,45.90408959,110.1072679,69.37984021,184.9349412,185.2677632,207.9262335,0,0,245.480128,178.746555,160.9662117,167.6095174,28.34629482,0,223.3034746,248.9625324,254.9604427,0.446759029
"L-Histidine, N,1-bis(tert-butyldimethylsilyl)-",34321031.47,25900095.68,38123661.84,31650412.72,42516933.38,51139448.43,29843930.74,0,63195911.79,27123086.11,22481795.12,45620473.57,33365159.2,28261559.62,41254513.53,0,30626982.36,42720914.2,21758724.23,33217893.13,30578678.59,26684306.3,37014649.54,32868332.89,27184452.15,45129891.54,34137393.61,31555001.16,26481114.12,5584572.929,29176850.5,30344070.71,27973750.63,27778738.93,17641620.13,20186434.45,26813493.45,39843073.9,36845477.17,64219533.4,47111567.76,43268898.68,24947163.32,40667586.68,26612867.41,13619382.79,40174105.92,41547375.29,33007518.46,40031865.14,15014239.32,25147951.01,10754495.92,31802975.35,25368144.83,21982637.21,35237953.47,33411439.24,51281411.52,38462233.88,56497442.92,24086073.79,28065614.6,37274945.81,0,23490818.45,9598821.409,44610216.83,24508603.01,36965718.33,25746249.22,74117894.64,24106296.31,28819886.62,10740215.93,23405306.49,34957032.84,28268865.89,58572388.46,35462264.2,34867392.97,66095682.82
Lignoceric acid,129265.1275,108973.3394,95620.46172,75230.33033,82049.49634,94102.97106,94552.35272,95430.48368,118437.424,210542.5485,101606.9568,80962.94028,71263.27586,48880.74045,80855.22862,195843.2076,65633.42524,180210.7606,100700.5321,228209.9079,131216.5096,82528.97747,173214.7214,87816.42678,129231.7223,60479.43819,0,82123.39072,71812.21703,72551.85244,120721.4415,75552.18501,75434.96653,91251.06947,74249.68419,107569.4008,69376.28561,149227.5221,57893.84115,80289.40149,112872.5696,138844.0219,107871.0373,168157.7424,51710.53206,56609.12131,165316.6868,125466.3039,129139.1233,103376.2297,110920.4576,73176.20386,65317.15905,81458.83763,59323.91686,101657.6424,0,57939.03162,90149.64954,156776.2435,269726.6259,67687.69691,96499.27304,57001.38698,58892.85002,45948.42564,116045.786,41939.19389,36824.53885,32830.52843,1071797.508,66948.82221,24369.72252,72190.28514,50239.08995,46715.14423,0,40389.31074,84150.06786,50378.52286,37302.40277,62688.06255
L-Leucine,1529564.324,821768.01,500000.1433,392011.9631,538366.08,2179644.567,918352.5521,425685.7663,1351899.924,249969.4114,0,1041394.593,697586.555,619817.8584,248410.0388,1825352.156,362263.4185,1495688.033,514279.8321,1085303.341,657227.9111,583452.251,1431779.532,710798.2161,772134.8647,996629.895,796858.0519,603117.3916,597444.2614,120234.7488,760249.4605,584567.8383,513224.8309,696253.7184,259958.1353,556589.6295,340668.6557,1147022.733,721097.9218,1009664.316,1288108.399,962909.0316,763076.3249,1650794.52,949010.0429,874523.6994,1564834.46,698370.1978,851878.4917,1358413.124,340386.2827,647942.8367,603107.2516,725628.2401,651079.2871,749203.3383,505161.1413,570640.1777,709892.0639,632791.2668,1412230.363,828573.1364,674099.3783,709311.8792,313845.0132,614747.972,499662.4343,1663433.676,428646.3498,565652.8414,605424.6706,1409092.75,752108.464,1422454.123,597772.4537,583250.1645,452856.6692,286298.5292,1130887.004,1739434.674,622094.9345,1026460.8
"l-Leucine, n-butoxycarbonyl-N-methyl-, hexadecyl ester",0,4097297576,3731081405,971490136.2,3887938742,3457214056,2922076194,785848186.9,3515361872,0,2335322110,2139878512,3134414373,1244258426,1330241671,0,3107177178,1579551261,0,2472263719,2994543768,2071540616,3683587625,0,6771107845,1380308054,0,5620089411,4767585039,0,0,0,0,0,0,0,5254274154,5203285904,2261483882,0,3539531725,3211637527,4678720911,0,4891006928,4165255242,2427318392,5865547202,1663251265,0,0,3508075861,4414489354,1617529107,0,0,1240566231,0,5027237493,3405213951,1168669256,0,0,0,5052511836,0,5904172205,0,0,0,0,0,0,1319485754,0,0,5030374218,0,17589451570,0,0,10389393195
L-Lysine,25948361.04,18049156.96,22325852.97,18673467.88,4535668.811,23748735.82,19856599.24,19798806.51,22386743.11,12016009.26,11525025.07,18763927.01,15473648.87,14833990.64,14296150.36,17609841.23,13817481.22,16426782.36,11522872.17,18707992.05,19318665.74,19649035.92,13588342.28,9292779.546,12890397.87,20640208.74,20620883.02,17342434.19,22061659.52,17855550.42,25100223.74,23694907.02,19154792.44,17650839.79,13357660.9,13166933.26,16150235.37,29451148.83,0,24177392.1,22404783.58,17008001.5,16182776.22,0,26257116.06,18201283.47,34461502.85,19596882.37,0,24360432.73,0,20321593.89,8643400.871,0,17473424.6,19102198.2,22303712.1,15477309.31,29186873.48,11616633.84,35640132.06,15211322.56,17503932.16,16263106.55,8161319.684,4802688.177,5492384.829,31916795.34,13177507.58,14205768.01,0,45542852.35,17731410.87,16402356.93,12742476.97,12396225.27,12707127.47,12847813.11,40109678.24,17409612.12,25834230.76,22297201.99
L-Norleucine,249362337.6,226499196,187737170.7,223353637.9,291719613.5,585430152.4,342788819,207989023.3,262842245.7,332411582.1,413597068.2,337301977.8,354873516.9,232547493.8,172465414.4,372709760.7,328389925.7,0,2180561178,0,0,310750762.3,0,0,0,621667601.1,215551095.7,428982765.8,619106801.8,0,0,0,0,447226407.6,0,0,0,0,0,3612419870,0,0,0,0,0,0,0,0,0,0,0,773275303.2,746124349,32480472.65,0,848916154.5,509166957.2,270515301.1,674272605,0,965972561.6,931052340.2,1916721083,401786176.6,863545601.2,0,633471096.3,9293375.5,0,347739114.9,0,898359281.8,325231792.6,0,0,0,0,0,0,0,0,0
"l-Norvaline, n-propargyloxycarbonyl-, isohexyl ester",171530232.6,215886254.1,153041313.7,70948023.84,593592583.9,2301518480,1040347559,91405785.04,91246573.73,24440689.45,504157605.3,58483742.2,199042484.1,44622991.91,37973286.14,951654375.6,74188338.49,0,373092021.6,227765601.8,404636417.7,453059331.4,466106607.1,0,611020117.7,233093214.6,415094738.8,472651552.1,524159777.1,335903316.8,551866042.9,422352804.8,408213169.9,469198148.9,371413528.8,402917016.5,0,662348021.7,437825638,496980790.3,702390726.2,639239861.5,436315538.2,360223681.1,32382272.44,275297194.6,448712703.4,438332171.1,475121625.6,419197925.1,0,460488048.2,0,399937490,219455667.1,448934928.5,490165848,398849474.8,590109550.3,647854967,521970942.1,434261679.8,200729668,0,460868990.8,476268978.8,400313179.8,660598130.2,431041117.6,735176831.4,411867414.2,839795255.5,475470735,0,403375729.2,487301829.4,226560930.7,322435672.5,426138521.2,0,524985059,265497730.3
L-Ornithine,0,0,1672812.082,1559711.356,1751312.583,2945808.256,1558879.933,1149508.762,1937030.94,379498.0222,828412.0966,1401035.855,927319.6799,221511.7653,0,0,1248438.28,0,533100.1126,0,78489.78444,0,0,0,23783308.59,0,706494.9975,0,0,3138648.918,0,0,14492.7383,0,270293.3981,0,0,432573.1732,0,0,0,0,0,0,0,23619.39792,0,8257981.634,324474.2642,0,0,2310288.126,151402.7103,0,0,2950595.917,0,105916.7256,636367.4427,1786440.475,0,0,460887.8426,0,0,0,163355.4767,0,0,0,3618423.539,363901.756,14126.06479,15599038.86,532934.9581,0,0,234836.4419,0,730546.3461,0,0
L-Pyroglutamic acid,6229891.971,6130485.849,13936095.65,10376611.84,7406131.004,12905917.07,9409491.487,7915674.325,14746572.79,126641.9052,3738418.322,9253834.726,8467460.353,2018194.236,10366645.78,12066775.43,11286033.83,0,22336367.76,16653331.48,0,0,0,0,1897386.514,0,9098434.739,16505163.17,65576284.15,9357987.043,0,33565898.26,0,0,1234009.831,594771.8634,1904414.979,57813129.36,979747.1425,0,0,1450179.651,2130808.426,0,0,17804074.72,0,0,0,0,0,0,3137185.731,19434332.96,43696913.78,53697729.59,0,0,0,0,0,0,65029618.19,0,0,0,0,0,5491408.772,9138174.563,0,0,0,1543383.956,0,0,0,0,3747698.349,0,0,95873151.94
L-Serine,45728316.29,23718686.9,6239878.157,37914037.22,59904743.04,49549668.95,12902035.55,31803400.68,58061979.6,17736491.71,26927603.44,49958585.12,28577271.12,30194179.55,25263839.33,29727224.46,38741785.68,0,0,0,0,0,0,0,959202.9979,0,0,96129.62841,0,0,0,0,0,0,817655.0249,934086.5077,107633911.5,0,183925338,203981923.4,175476967.2,154673119.5,1724372.104,107000169.4,6459027.731,35184506.65,182734.1813,0,0,4184685.608,34240059.95,115754.1691,31009533.73,95939.45849,38689040.15,39614120.52,50361850.23,81043124.08,67925003.84,63671755.7,92928693.42,0,690660438.2,0,0,0,2655669.591,0,0,0,6679443.884,0,0,0,0,7447274.41,0,0,0,318601.0983,0,0
L-Threonine,2936601.863,1387478.437,2350421.775,1287977.513,2133574.902,1865115.734,1429925.78,1677399.907,2354185.025,1441464.534,1172721.649,2004694.211,1734067.603,1426720.681,1580063.697,2463517.265,1498296.222,10040473.04,0,16496124.86,12492822.95,0,0,487140.3562,0,0,2839416.05,0,151088.8541,94610.27317,0,1553513.87,0,0,0,74097.02945,0,0,0,0,0,44811.22364,0,4203269.281,2160182.237,0,0,27182075.65,0,0,0,0,0,1085654.701,0,0,0,668012.5131,0,0,0,2553833.928,5466924.792,6279691.655,20103.54843,5701344.042,35927.64019,3953877.613,0,0,0,0,0,2554695.264,0,0,0,18902.28875,5878793.337,0,5514068.406,0
L-Tryptophan,60165.6404,21555.21429,19110.03633,15437.53515,31415.92415,87725.61446,16536.35231,28648.76408,75296.22013,50230.68011,16507.83204,39673.83163,30597.65439,14968.14715,23050.75122,49049.95778,19050.39117,72910.92766,14295.61172,114829.2065,16568.50386,9624.734431,32751.82069,20845.50008,18176.05016,38094.7051,31077.12183,17357.01772,14136.82872,2732.574433,119614.4755,12500.02828,38826.09707,43611.24121,22121.87958,10564.43387,15509.3205,29901.95673,40503.79407,53965.04148,59608.51345,61450.26573,23476.46848,37130.10162,14437.85657,15082.80077,57518.00695,59043.3628,36180.79475,76272.28216,13995.45023,15499.70526,15408.24155,20231.28644,18423.28071,7326.950983,27817.26065,24995.51989,27510.02567,39291.34724,109187.728,21166.07869,28767.11885,48890.86606,19839.23225,40630.95194,23282.3399,58182.08116,11464.94072,9667.177528,35842.28099,73843.12021,39684.99012,42454.90118,22193.56349,25105.72928,19865.86768,12510.43063,69078.1732,33783.99316,20676.16452,83036.55625
L-Tyrosine,113827420.8,49277034,82269797.15,49510491.09,86444492.49,96243697.12,54621740.73,60411156.83,123936394,81915862.95,50907525.96,97053119.37,54179024.61,35638822.23,42877503.41,119793803.2,51102023.48,95623470.92,39196489.06,155011651.7,37340695.65,0,66138471.66,99635780.63,59182503.94,119681176.7,56090419.51,70433111.39,62175316.26,56132306.6,0,62222595.22,98269695.27,76338170.66,111308389.6,49419170.77,132418664.5,79127023.03,87162607.06,167450996.1,113434992.8,116759886.6,0,0,48286265.24,48288670.89,75775829.73,109660470,0,118531204.6,57990671.81,56490536.42,50321916.62,59226358.01,50721488.7,0,83177020.23,101170858,113691209.8,94384088.67,157049591.4,24515585.86,111067075.2,122007424.6,104298500.5,127236027.2,95714735.04,106357879.7,69297709.23,0,96286724.63,180320735.7,63284292.32,43728443.32,0,104457511.9,24426027.85,79150493.08,0,94367760.67,97612961.25,0
Luciferin,0,0,0,1855.377353,2554.308827,0,0,1264.126708,0,0,0,0,0,0,3028.065938,0,101.7362153,3467.4629,0,0,0,99.92395173,0,1613.766059,0,0,0,0,0,0,0,0,0,0,0,0,0,2945.172135,1107.038367,814.5480997,0,1843.311026,0,2608.849293,0,2202.308048,5254.330634,0,0,0,0,0,0,329.9682766,499.148373,0,0,0,0,0,0,0,0,0,0,0,0,0,0,281.1154159,0,0,0,0,0,0,0,0,0,0,0,10593.93846
Lupinine,1262829.021,1887245.944,1113107.32,1234912.157,1426639.894,1667396.606,1335033.132,1497328.105,1367652.345,660855.5763,1319519.232,1366716.412,1956572.151,1158089.735,0,1693824.454,1190358.725,0,0,0,1540572.969,0,0,0,1607336.333,0,1073153.645,3381561.271,3388901.184,2036945.33,0,4302255.246,2904254.771,1284526.725,0,976451.6388,1394255.895,1767638.956,650036.3244,0,0,1000076.474,4395865.397,1665170.21,3093718.966,0,0,0,0,5475100.476,3415172.151,0,0,0,1830846.055,0,5109563.084,0,5005158.996,0,0,1559588.93,1971533.002,2525821.901,0,1526377.862,1428503.817,0,1003764.251,3582876.016,1730347.062,2546385.797,0,0,1812460.723,1443603.054,915942.5659,2458417.709,1205417.717,0,1636000.591,0
L-Valine,13446920.34,6147083.735,11626148.71,4536637.685,7131562.926,9887535.978,7252939.506,8009235.757,7769677.086,7110381.014,9509903.07,9784036.558,7677641.489,3935923.383,7470636.124,12242139.64,8737145.65,4090442.158,2709477.051,21505660.66,5318219.966,7032683.348,5877059.382,7372556.6,5503522.766,5995837.665,8688825.003,7553767.477,7166019.599,3786270.419,26236644.89,6908607.253,12347586.98,10031394.81,7236436.925,8540764.566,6319301.37,8855302.218,4688733.274,4558236.762,23676670.63,2929625.226,3327254.613,11527397.16,4551899.019,3900881.807,5339639.556,18937966.32,9438311.672,13691863.85,7686167.724,7995245.157,3461519.574,5537604.516,4983762.357,1978783.865,10197155.05,6193923.745,11348853.61,10783157.24,12431562.7,2489980.672,9788374.755,10284918.18,11056109.63,13230690.49,15827735.11,4571756.062,3179238.606,9485808.226,10505602.98,10395108.85,9173818.315,0,9164746.003,10406000.32,4660545.736,7478544.719,10716477.89,3795833.112,7742247.867,11798610.81
L-Val-L-Leu,644374713.9,365458389,396298927.1,404928983.7,161275235.6,147413554.2,250207932.9,333239235.9,531441070.1,682372133.5,504749431.5,374112422.3,218743348.9,239642002.6,292863772.3,334746171.4,203299202.1,0,0,2808805683,0,0,0,0,0,623107172.3,0,0,0,0,3563823685,0,0,765190293.3,0,0,0,0,509537763.5,0,1442228529,0,0,309934094.6,0,0,414953754.9,0,319238064.2,1437075800,0,95102613.02,0,0,0,187072639.4,157293778.7,151606420.3,315657260.4,392365411.8,2256849812,0,1257702557,157711272.3,0,1600470090,446557072.7,2311825411,0,0,0,547723885,0,0,0,0,0,0,1194980129,0,0,0
Malic acid,10734508.78,4957778.886,7854873.774,5662501.02,9262380.619,11137705.88,7347720.625,5739241.084,7472838.987,2133348.663,5163886.752,6060642.292,3811037.672,3786093.707,5075703.681,16698180.09,3137318.395,7766941.666,2818554.315,14440389.15,3780978.779,4111993.538,4167285.367,2105530.672,1669849.545,8359319.104,7055411.153,2242854.983,2816002.007,4701890.462,26792181.95,0,10211464.79,10967254.11,3791042.76,2061597.708,5123536.197,9017358.929,9885668.449,6058713.929,23230931.31,14731792.93,1691165.917,0,1518014.13,1453051.658,7407762.933,13426482.18,0,11401808,4743814.201,3027540.371,1497557.466,3737611.395,5315621.887,3531637.135,3233056.997,5831849.95,7143292.961,1678818.007,35780222.78,4193583.295,9378083.098,6224649.859,12866218.15,11620348.35,10918529.04,6474510.218,1155858.509,2283068.147,9043157.597,13250523.33,8747632.108,5862545.39,8532190.651,0,2358787.585,1627312.883,7880545.934,6049612.572,5342342.348,9528793.823
Maltol,79965.41352,124162.6804,158852.2347,0,0,77659.92008,107848.3426,120291.7906,100542.354,0,85964.89691,178713.07,154953.4909,88241.61292,97590.9076,0,175397.8038,0,0,0,0,0,0,0,0,0,0,0,0,0,0,0,0,0,0,0,0,0,0,0,0,0,0,0,0,0,0,0,0,0,0,0,0,0,0,0,0,0,0,0,0,0,0,0,0,0,0,0,0,0,0,0,0,0,0,0,0,0,0,0,0,0
Methanesulfonic acid,8815978.701,7044532.783,5906260.991,4377228.137,20083507.85,83698122.87,34527161.22,4805381.789,6175037.253,3394728.535,16665741.18,5275456.626,7087321.486,3653659.217,3238133.175,27307134.94,4275337.668,49595559.87,13045083.53,44483823.47,14660096.54,5502410.999,19159237.36,9631693.621,1350104.504,12844558.05,9341775.239,532702.7676,2403017.847,7983930.737,19626068.53,6275587.641,18266976.61,31143046.25,4116811.451,3414388.163,5675023.135,26519787.66,16091407.25,11660851.81,30447624.94,30031467.3,0,9829009.396,2089148.477,1811026.332,49226004.58,23882141.88,25842285.84,30056043.53,2267105.843,4260287.875,0,3041494.466,7236113.129,4717633.797,6884334.353,10184660.88,8062903.851,15906729.92,38461915.54,9837984.859,8235162.452,19726340.51,15421945.57,19004655.93,18843728.26,35039135.52,713792.2622,1378566.527,15053817.44,28800355.86,14385117.75,25999452.63,7534841.544,9844896.292,3522853.469,6396423.396,24878695.54,9897685.966,9483295.385,20292147.71
Methyl lactate,252275.254,357433.3066,247685.6861,96624.72688,374981.0888,292035.7266,451957.1261,241143.9995,281012.4665,1147479.384,90559.31235,250991.8055,299893.1757,262187.0103,205154.5543,343507.7445,218856.6146,432256.1858,308328.1532,186694.8201,221912.5075,247376.8913,316409.8282,151223.7707,292756.7518,219620.5634,264504.0267,224883.1395,203871.4498,223000.1241,538755.4848,224905.5271,247635.2623,313122.376,281282.0626,355858.3379,233476.7063,441333.3555,457635.2573,286515.5594,761913.6361,643908.1523,242308.0535,469155.0073,126169.4509,216078.6871,475760.4253,368354.0023,419015.1942,318049.8222,130770.3051,352984.5269,0,274693.7427,234963.1884,383572.8178,303617.7028,330273.3538,354484.0718,492617.6086,440085.9464,263537.4278,235312.4108,362113.513,298499.1892,390100.6231,372691.6716,522843.5844,222129.4867,363276.1128,261636.2177,553100.5761,339370.8899,426973.4639,319622.1445,357113.0499,0,207481.3779,197011.5798,516467.386,220592.1762,257736.4499
Methylsuccinic acid,523880.5503,290411.9406,490075.8142,417716.9123,584926.5159,439043.9923,557616.2075,571559.1538,376125.3129,310471.6336,614014.3231,359275.4729,364690.8225,435715.0448,545605.2929,593886.7466,535430.0733,0,0,0,0,0,0,0,0,0,0,0,0,0,0,1055041.999,1529351.018,1687562.146,1033352.89,0,0,0,2103839.156,1105921.753,3705984.754,0,0,0,972621.7356,0,0,0,7539243.115,0,0,0,0,0,0,0,0,0,0,0,0,0,0,0,0,0,0,0,0,0,0,0,0,0,0,0,0,0,0,0,0,0
Methylthiouracil,3777033.551,6975766.582,5047656.701,2748835.121,17289738.84,83189304.51,29238231.41,2871953.56,2613898.273,0,16037734.22,1765106.213,6751514.784,524048.3422,735421.8273,20989730.91,2078499.206,41691632.45,10381310.53,44190557.27,11648199.42,3928030.814,13330592.5,5073820.18,2053656.815,9373942.176,5391889.158,952234.8225,1560424.278,4073727.834,20525294.87,4876848.241,13588490.88,26471055.96,3997166.672,2769857.237,3177954.909,19865080.18,11811006.56,9543564.952,24157891.5,30751313.92,1379617.064,7069539.139,116198.1035,1351334.933,47024122.32,17703328.31,20459276.3,24253481.3,2732405.174,3716854.279,0,2577046.767,5455612.132,4090646.02,5781772.897,6481881.036,5400985.53,8281801.085,35404251.01,10750293.03,3536103.632,15916296.32,12323191.96,18630939.01,14999743.42,37393309.07,1297786.869,1748607.819,8526750.74,20666613.72,12195259.3,23694783.66,5198477.353,6371823.706,1459901.278,3905674.379,20230922.87,10114650.86,6692229.52,14659815.32
Mevalonolactone,0,699651.346,767826.4272,537207.6572,695559.2889,925394.5001,671503.0755,721831.2912,512756.716,326876.5402,742089.712,684442.9143,730986.5325,584139.9753,520274.3042,586592.3578,761198.7264,222172.9028,484995.8536,45274.66901,766930.4334,711268.384,649596.7351,502132.0747,1025323.383,454174.6797,872911.4532,1324166.271,1156035.481,417643.023,543390.5358,776961.1292,442791.6347,466421.0936,616557.535,877853.4708,516822.0943,804188.7103,376188.0269,899542.0243,621675.3897,574518.8406,897254.1865,163704.5263,31463.00057,100339.5305,925121.4458,1296836.173,871638.859,265956.216,12635.47113,1002288.281,112180.1013,848984.4015,272018.6299,483044.9912,994162.5094,888934.1549,377748.4602,823376.4573,577281.4846,518361.7827,93499.8134,340371.1277,587740.859,536998.2462,364764.9378,236897.0093,689014.0574,1639016.851,847482.4263,868042.8555,490225.2012,218713.3978,628382.9236,707044.7253,813265.4781,839367.4223,796084.1522,446104.1164,866845.6501,403245.1228
Monocaproin,80800992.69,77307650.36,139121926,137027912.5,157375989.4,169423202.3,144239837.1,75672656.7,146657988.7,384672685.6,128150349.6,132797718.5,89094859.13,70486810.1,75889137.95,126591664.1,148562165,400256881.7,0,251467560.8,155962239.4,113849387.2,11825978.76,107739696.3,0,202350981.2,173678414.5,58049188.02,158930492.1,0,24301945.56,0,141282397.3,211753509.2,0,65516279.22,213118276.2,230769395.1,141314374.1,575471207.2,0,0,102479609.3,300491969.9,121064292.3,144673270.3,193225937,542406136.3,220109267.7,0,116860837.4,150097594.3,60749469.56,0,0,105530633.5,98959118.94,0,154271278.9,134498491.2,228146008.1,165744736.1,68793367.96,0,1087628164,89108961.83,0,646666226.1,0,0,164444313.4,0,116299278.2,0,0,251460600,0,0,0,0,98733786.71,132376122.2
m-Toluic acid,315640.6597,167976.9391,253060.5267,78200.24008,196958.1932,285330.0017,174868.6628,173512.3102,229538.6254,125084.6591,274164.038,204742.0818,173139.7527,157937.6687,191996.3504,280726.6144,147484.2046,176539.8783,160221.4518,239746.0254,182973.1234,173100.2894,251495.3374,169910.1848,161959.1062,180805.7175,240251.1251,196284.8577,198668.5596,167633.2474,255384.7957,125049.7491,209216.7005,231977.1706,161091.735,191045.7735,146890.6468,266416.8682,200679.3716,198830.1044,342191.2439,183026.3376,199993.1278,299523.1543,139101.5408,163527.2806,267432.7795,307978.4018,289236.2376,234644.3253,155286.5063,153586.9595,190632.4681,186620.1714,192699.2983,154547.1712,120956.4382,227281.1888,163419.2627,249316.2301,171410.8369,221127.8782,91490.50655,207884.3343,110346.8842,120506.4604,210875.5327,162811.1117,142901.7874,201515.1276,310382.6763,278785.3755,230561.0987,144773.1509,191316.2156,247522.712,241345.1551,205935.6579,267352.5595,248142.8231,281482.1425,120446.2275
Myristic acid,2148655.525,1558922.009,1467945.926,1555716.919,1432403.429,1669522.067,1608917.784,1459717.902,1406142.098,2569437.828,1618117.607,1372548.331,1132364.775,1171804.54,1443610.221,2372361.014,1221198.277,2500056.209,1506672.066,2420389.501,1487369.564,1479138.233,1790902.731,1195181.778,1862993.727,1407160.456,1839522.447,1338711.082,1356161.159,1289158.177,2814678.08,767659.8879,1507152.245,1759428.309,971898.9092,1274155.188,1179244.252,1979304.286,1351187.88,1545706.89,2666306.675,1982747.085,1000881.246,1731405.412,810286.2363,757720.9252,2229950.523,2211044.81,2089915.195,1796047.566,1058052.194,1392106.38,1031250.633,1351247.175,861143.8655,1403571.468,1189904.502,1370222.907,1293148.846,2822618.769,2750888.361,1040402.195,1225076.982,1555910.302,1578324.57,1870252.551,1687810.462,1509153.854,876822.2604,1293722.148,5524017.213,1691803.034,1302881.153,1946894.275,1471351.413,1190271.578,1180567.942,834652.4585,1544856.002,1691363.578,1103560.664,1491900.145
"N,N-Dimethyl-2-aminoethanol",1699858012,1373704256,1109525924,1214435014,1600461790,3863519093,2928923951,1787521727,1243419163,545247861.4,1259288328,739909885.5,596374266.1,818370535.6,596229144.6,1425235496,780032490.6,3283474253,827725348.3,4819928929,1662982414,552840614.4,1376633337,1064512458,0,1141674315,1239147203,1049794223,999340553,1228374770,0,906834146.9,1431155089,1950346360,1245363766,1206744493,917674336.2,1964271772,1144519027,1180459103,2445937945,2480495404,702369620,1129586581,888848894.1,966562216.2,2003651172,2038274114,1859951975,2242741210,909533387.3,831772414.5,314626212,567651986.8,736430158.8,1092025227,1159339978,911533418.2,1356577287,2015257630,3188948730,1331643084,1130401138,2230474743,2068426217,2383392785,2482876208,3270962656,756983665.7,1436469384,0,2287955028,1971882822,1836530247,1398921377,0,882019033.6,842093958.9,0,1171481626,0,1648262240
"N-[(3,4,5-Trimethoxyphenyl)methylidene]hydroxylamine",0,0,0,0,0,0,0,28948875.19,13071985.35,16542959.56,12842772.09,37045397.09,24941850.13,40155896.22,807105.6746,0,32186526.96,0,0,0,0,0,0,0,0,0,0,0,0,0,0,0,0,0,0,340189077.1,0,0,0,0,0,0,0,0,0,0,0,0,0,194393758.4,0,0,0,0,0,0,0,0,0,0,0,15216721.13,0,0,0,0,0,0,13943678.96,14845342.56,19122126.13,0,142725744,20628124.07,18037973.35,0,0,0,0,10622097.64,0,0
N-Acetylaminoethanol,1072030974,2694406846,1333631192,3033042420,1259127834,3190636798,824867237.3,2038445082,1624068467,256652199.1,3075117619,1692710966,4037721787,2351645754,3166618786,590810585.2,3430179951,1520194581,1718861065,1344639041,2335780625,2266635471,1774139442,1826431581,2873589196,1682841444,2392998844,2676346410,2637497725,2217818678,2676032977,2181781866,1853116888,2046760175,1492336246,1882611367,2022891032,3727788922,1796460947,2352927294,1369635066,1398458937,2038652191,2450418373,2195765727,1344565045,1785022814,2214231108,2373248982,1502671507,884071240.4,2516304929,1186323376,2414907711,1044331210,3044751475,1522090238,2050312066,3649151936,3293433650,2747961061,1058714225,2007149355,1988688186,2530910841,2749745023,1328613399,1458629686,2139683773,3385146524,2742933136,3380831333,1534773600,502013343.7,2220951184,2541769719,2244476748,1881119414,2596851865,1407015509,2495806282,1869235937
N-Acetylaspartic acid,1002310.64,799651.3869,142992.6668,1447102.736,1366766.757,1504756.628,1575723.498,897160.0306,975173.7095,0,1181290.541,943128.208,514921.973,578686.7341,500270.2278,454728.779,614322.2358,574254.2647,281481.2895,59264.80471,1356878.627,761726.2738,715338.8137,664408.8261,242174.2533,1135947.982,541965.1636,221891.8774,394365.1631,703010.4776,2682479.987,278913.4054,884581.4759,1984003.234,713984.4831,862645.3429,851836.2784,884486.5433,1081080.103,614997.7495,2632862.588,2224139.014,176616.0209,224205.0801,131144.9391,586495.8845,0,1725292.376,896836.8407,1636722.323,435007.3379,249505.4583,22409.13062,208841.0385,755320.9672,475989.9785,770437.0357,640796.4664,1966241.673,890736.0654,2385472.602,713258.3828,884158.1607,406250.7177,1695579.327,1179315.119,1253579.94,261649.8865,0,379665.3762,1285369.46,2520458.127,1037204.978,437907.3293,641064.8809,1493991.291,323571.3471,357997.601,1144102.903,451563.3709,473681.2504,970143.5972
N-Acetyl-L-alanine,1566089.373,315662.5979,1093655.529,865588.1157,1394582.679,292331.3034,1160339.041,291996.6218,1375318.826,1067608.05,879975.3168,249534.4347,326198.4961,244579.0292,262741.144,247593.67,773618.1238,710053.0352,622846.9155,829455.3606,640030.1622,567973.0865,874353.4225,552943.8207,799416.4586,775317.7924,736279.8164,603051.9977,723287.0061,608724.9572,893494.4679,572607.4847,776307.6218,832398.3761,710090.9746,705778.2074,548768.6993,846313.8635,669993.2765,703114.0895,1118191.771,1168470.32,587809.5725,827547.1366,431118.2984,636038.3883,734839.3618,947959.4591,732853.8127,891787.311,538032.074,702192.762,636357.0388,330285.49,408362.9066,753803.9934,552483.8386,694361.5057,929998.1185,1416153.968,772054.5385,531010.0062,601760.9055,724650.869,742764.2056,812933.9804,758175.6532,834608.5833,500068.2693,697465.0655,849184.0092,801430.526,555694.6675,791667.1761,922215.6869,773823.9242,680031.9311,681371.2506,747814.564,946451.5404,731557.048,642123.6314
"Naringenin 4',7-dimethylether",0,208755.9056,0,0,409269.5186,422993.2896,0,0,0,0,0,0,0,0,0,0,1513705.629,0,512914.5792,1247480.402,130265.6785,180465.9089,417852.5882,680679.9689,440134.8653,554430.2605,43557.01912,0,0,0,0,0,0,0,0,0,0,0,0,0,0,0,0,0,0,0,0,0,0,0,0,987482.1406,0,0,1416964.3,0,0,0,0,0,0,152347.5679,204194.9179,259597.9992,186196.0506,235571.5552,235970.2617,165376.936,204441.6551,0,122740.7721,113592.4897,136914.6182,84109.52112,116766.8873,68444.12003,176074.3407,138293.9506,135931.2861,133135.5601,138940.0432,147195.4205
N-Caffeoyl-O-methyltyramine,1964.929072,0,0,0,214.9205945,0,0,423.2818194,0,2926.260928,0,0,0,1852.33272,439.1548896,96.8646523,0,1518.933459,0,232.1895893,246.7349529,439.1459981,0,786.3491823,1581.253345,467.2532894,571.3107418,538.5763614,0,153.4349007,353.5017165,171.4020601,470.0697312,128.5767001,367.7918592,0,0,1889.270626,286.8012305,0,161.5940949,599.3635455,1982.654244,94.78360317,0,222.0307828,326.5947822,0,165.0167515,141.0436843,0,595.2409822,0,9.109427213,415.8998998,523.6180122,906.9728995,816.4159742,866.6618891,1930.231923,533.1579807,0.253828607,205.4340578,1719.596966,795.5634642,0,247.0444632,412.185536,282.9404221,2004.228047,228.9180514,0,157.4188528,377.5411506,114.5844604,0,431.9003807,815.3639136,537.3587696,811.7071455,234.9622318,403.7416821
N-Ethylamphetamine,30408326.35,199602585.9,162974022.1,14286893.94,46267676.97,190953871.2,111023258.1,127081194.2,119762827.1,0,195960842.5,100900018.1,306691208.7,200808043,281625425.2,36865410.04,403799082.9,247486336.2,181939149.9,0,156272645,169960819.7,175808583.3,0,148726977.2,142641876.2,157025854.2,193953443.9,135938606.4,159962139.5,186518664.2,117020201.7,127598541.9,166868859.6,117343945.6,113139978.3,135674895.2,263121873,0,162013508.2,222362599.5,199962484.8,119722125,266504058.2,97861198.75,142730549.8,355573212.9,184126718,180684812.2,177349113.2,62468053.42,0,86218993.8,130386149.4,108002404.1,170555299.7,120182977,126430810.4,156503100.7,160637528,218395629.1,121107941.5,52644956.55,167306662.6,135978122.6,180535620.6,131163892.8,257895840.9,106401238.2,136310020.4,123870032,230643171,174513587.2,166244013,155132154.8,153506253.8,148565308.3,105785724.5,122581924.2,204841862.5,118143076.3,130900620.7
N-Ethyldiethanolamine,5134570.537,6938904.756,7852305.463,12597392.95,8862007.426,8571655.659,9416466.664,5824069.597,8067281.076,2185563.994,11786645.62,8285861.784,9270807.874,8407015.196,9086777.559,3393158.395,8929357.587,12016137.08,5901670.764,13186207.34,7738282.296,9452345.993,13091408.61,4195193.721,6398702.283,5719008.284,9631525.113,5465651.671,10629086.91,7602528.746,8174162.163,4533948.72,7132263.172,7795579.343,4917767.78,5520688.673,6180425.377,10356684.99,5418584.983,12023946.03,11192236.14,7980981.14,6674323.639,8430827.135,4350160.132,4859340.784,10381145.06,7666707.149,10093830.66,6677965.421,5153061.435,9662120.742,5405689.542,7300842.806,6472825.796,7908233.411,7122889.658,6375900.026,7807476.545,12953107.79,10850479.31,5556126.572,5435959.405,6631309.779,7435303.873,5497146.974,7956185.179,13577462.7,5885262.353,6599898.104,5331520.568,10704863.24,9963159.077,13326670.42,8431193.604,8889767.229,6874959.279,5036679.603,9346306.54,13825314.03,5022638.049,4955019.589
Niacin,113089.3476,80406.6298,80572.46918,82326.29923,82744.75279,189428.1486,84034.28983,79900.66163,73689.1087,94056.41564,80212.3782,74078.09787,66889.23602,62892.54352,61854.39045,163927.9912,62491.35662,142388.5843,58621.38948,190036.7689,91048.8753,89620.37849,114830.6142,58198.51134,58647.81689,59204.82448,97847.09725,55257.64456,67711.96787,96503.75228,125221.8337,60724.20332,79902.57696,118504.2228,76233.85961,61247.33564,59695.59193,137191.2831,76745.44051,86016.1985,108563.0543,95496.59903,55984.44147,158607.8051,44219.99174,69673.52256,124794.7866,103173.7067,102657.8432,130211.0519,95049.6097,102713.7826,50427.77344,64463.80695,116123.4639,53535.80993,78520.03304,96458.97824,94154.92815,76266.49105,84215.9338,69921.10423,63108.87665,89918.28254,80593.98441,98054.83139,106252.0813,156801.3576,0,70534.45537,128251.0067,138020.4101,0,173338.1282,96818.75371,107926.9306,48221.20926,102957.4175,96956.99209,100533.9062,86241.99388,78752.77573
Niacinamide,164861383.7,165847761.1,123229917.6,77769002.06,151826969.9,230543518.1,218425446.8,161614848,135672107.1,57054885.25,144694770.1,114111405.4,77400570.8,106918406.7,76545420.12,237206331.9,108205776.4,125228987.7,58198855.34,392237540.5,147828856.2,84903317.77,90294618.45,68546072.13,123857187.5,121942313.5,128322436.4,128971686.5,98640365.51,86589561.06,345958838.6,106575123.4,168846774.6,174365101.1,120440842.7,148469748,52660272.33,100874475.2,111282831.1,96469146.98,328674124.7,122523552,72951015.49,180473694.6,87637283.24,144970340.9,0,227440968,156419919.9,321609347.5,0,154626353.4,45250120.18,0,91456665.8,74134764.46,136267913.2,133435279.3,222322652.3,147068025.1,358577434.3,122956667.2,137400414.1,197206386,242963432.7,48359469.87,175890433.5,145298059.9,86440469.23,145893092.2,190979180,244452248.9,154809934.7,114876474,0,113371693.5,110178428.3,79723537.39,239212975.1,87269580.61,124033046.2,144007943.9
N-Isobutyrylglycine,0,0,0,150168822.7,0,0,0,0,0,159166193.4,78864885.51,0,0,106494288.6,182406120.4,231512840.8,114474554.2,44255326.91,19390238.65,134726513.4,77882547.21,76737611.15,60840176.71,9051204.645,80897361.01,65006881.91,67080651.44,64250155.55,78501275.7,33569633.54,132513541.6,34849516.85,86228911.48,40043490.87,79234545.27,40897469.02,48575328.37,53302133.98,78387306.58,32574486.84,67031330.53,87097745.04,16784754.82,33442139.89,41933353.81,18840664.93,0,109125992.4,72878961.58,85282472.86,89195350.31,41824969.67,20198303.8,28315772.27,58845104.82,30479961.32,94510894.4,73098336.75,70427341.83,90196532.91,79685416.08,51784509.57,63332678.09,108806717,55287007.84,63853305.88,151920176,34363270.89,48723648.65,80561215.61,88777174.73,67074322.24,97314636.55,33613451.19,77409990.15,19090949.55,49989126.25,44665032.71,38328862.66,1454743.418,55576863.76,31886541.84
N-Methyl-1-[(trimethylsilyl)oxy]-1-{4-[(trimethylsilyl)oxy]phenyl}propan-2-amine,23632.01452,17561.23601,0,14159.19651,15745.58166,18104.48502,17324.14151,16613.96661,16747.26348,18075.96361,11035.31073,15461.93871,19381.39726,15765.87685,16184.58701,28535.86025,14548.10845,0,13006.65011,0,20673.07078,19528.74831,29823.30216,20057.77975,17235.37335,22702.10038,22983.22166,20354.26872,18003.1693,19428.41007,0,18263.03413,21818.62885,22200.84027,12235.95669,15374.91005,16380.81644,0,0,17199.66066,17342.31929,22590.29658,18918.14774,32461.86195,20744.13802,13493.78102,29663.9012,19300.77874,19011.92474,19633.55697,11230.58484,15476.34056,14235.25639,14965.05974,10784.71506,12629.26777,12212.88641,15417.15303,14505.31235,20109.29329,19802.59089,19529.79237,10873.5976,0,0,14131.56353,18725.51829,0,15036.56115,16903.50339,19675.13493,25795.08224,22613.78227,29795.63548,17838.57674,19416.69778,14471.10229,16021.00077,20310.64378,25091.2822,18575.61756,19689.93655
N-Methylacetamide,139466448.8,98841706.88,143557045,124550696.6,105474877.6,139408559.5,144243030.7,110879656.8,116800349.3,61542421.36,116593766.2,99670132.71,108245728.5,116705081.5,114066456.6,97949182.67,124925588.2,200770813.6,134739937.1,111111431.2,104833260.3,89526602.35,139608460.4,65850334.16,101867237.3,101340311.5,102594104.7,84930281.06,89769831.39,106788187,136589488,78499461.38,97907103.51,110074627.4,87527400.24,89135345.53,89810842.07,159133669.5,133814958,113479524.6,172306716.1,161506160.1,74214314.57,187679886.8,107635616.3,66088004.61,280715857.5,126569994.8,127378419.5,115245483.7,60001552.28,102352876.9,61361138.99,101017296.5,100898738.2,120923110.7,86809969.22,55309440.6,104623600,161970027.6,176189292.6,59528342.54,70182458.65,88806550.97,84834874.89,119651722.5,47012025.4,186008582.8,78593655.58,95648721.05,120868072.3,161795095.7,143542471.4,164003145.6,115539502.1,118527602.5,94559202,94890193.81,158605873.3,177775745.3,110588857.9,133821733.5
Nonanoic acid,459446913.2,345713045.6,356808122.9,193399944.3,325225038.9,360019972.9,304912556.9,353294356,314236036.9,504564137.5,353989992.7,321560740.8,302162834.3,275385354.1,359736611.2,460299324.7,324571485.8,423280091.8,306356709.8,423236804.8,302823840.1,333679672.8,328385329.6,226006567.7,253612831.4,470763926.5,394828555,386382795.9,393209483.2,307780174.3,456280200,237402891.1,317173077.8,303218074.7,293172366.3,285552155.1,229886133.3,487942938.7,324871776.2,361909223.7,636279285.8,287218658.2,275475426.9,394318631.6,301843032.5,344595145.9,452890055,389397264.2,360300592.8,354709057.2,250885818.1,345557992.5,261818731.4,402280766.5,330391029.4,321532563.1,260853363.8,400681434.6,389025992.1,349867405.1,352578876.6,329809190.2,0,615757872,0,0,356945178.9,581366598.2,319754237.8,400349990.1,546071335.4,564866335.9,469764581.8,13811888.17,417400864.5,402278722.2,440237535.4,458406446.2,10000815.05,521609348.5,559460118.4,299276932.3
Norephedrine,20054575.08,291342736.5,612637770.1,504650936.7,467131414.1,533433152.3,522369403.4,157110114.8,344260261.9,604532553.9,268930518.8,500331815,221833864.3,620034353.4,297512980.9,22379307.76,281242429.3,0,0,0,0,921390858.6,0,153752780.1,320199231.8,170564032.8,0,199272508.5,0,0,2271765989,83184697.17,239669995,0,154418652.6,87957950.59,0,400485022.2,0,0,3023455153,0,0,0,2300593086,74262934.74,216851483.3,644238630.3,655547698,1118833599,64259296.87,445695253.9,92714288.66,0,609372219.8,0,0,0,632793415.6,0,1346408298,316739937.5,574529277.6,580755940.6,938818961.1,877632039.6,468228036.9,0,0,0,0,0,790419430.4,2456654540,741254304.2,0,0,0,0,0,0,0
Norketamine,0,0,0,0,279.856639,1062.555807,1658.935019,984.0980353,0,0,220.8759287,557.1889803,66.33385758,0,161.2152314,0,368.2231532,215.470586,230.2234208,292.833249,519.4667919,217.1982337,188.0512944,313.9680842,469.8350862,205.5354223,346.6162975,295.0304027,265.0310146,326.6738312,475.3504593,348.0080806,553.9288722,339.4103516,245.2987387,284.4086572,242.878745,356.9463074,309.6262356,222.7027074,574.1817626,66.76724395,138.6784191,523.3847404,259.5487442,149.7790158,167.1766425,631.3278321,506.6557,344.2803598,252.5750441,426.0485513,19.73647103,337.1096786,196.7082295,195.407348,327.3924599,425.4973879,405.0218004,183.7689103,475.5453001,268.1021151,234.1104987,484.4087462,405.1209445,393.5664881,333.679996,451.0272331,219.2531155,285.4372842,374.9537554,444.5971513,41.70335337,212.8868131,332.8077686,380.7617375,410.7448898,277.4167685,424.6686996,14.76052997,280.4372795,349.8451667
"Norleucine, N-trimethylsilyl-",758482533.5,563998480.7,532758540.1,485461582.2,733933337.7,1027416194,859942039.7,697983269.4,677949463.2,212629266,489723829.1,638389837,568833626.1,474133490.5,418749624.7,699991584.9,510619820.3,0,0,0,0,0,0,0,0,0,0,0,0,0,0,0,0,0,0,17048700149,0,0,0,0,0,0,0,0,0,4631708134,0,0,0,0,0,5110406236,0,0,0,0,0,0,0,0,0,0,0,0,0,5697001407,0,0,0,4321980696,0,0,0,0,0,0,0,0,0,0,2767543009,0
Octacosanol,19973444.83,22397142.27,12384626.44,18043604.29,28096144.53,32970177.48,16125419.13,41979461.77,5492453.266,25237965.17,5810676.166,13170333.8,0,12054754.91,8910613.669,2830337.671,9919222.466,72883345.79,0,21722164.61,0,39391196.68,37609134.12,0,40788758.75,34641157.57,0,0,5062257.923,37953646.96,15394046.42,0,0,0,0,12185777.84,0,34095509.83,8968549.2,11953444.76,20592262.42,17072724.16,7498696.314,29038832.78,6742528.011,38687015.3,0,0,29683879.89,58708574.94,0,0,0,0,0,0,0,0,47110025.29,0,85007095.51,13147776.82,9572957.908,0,16812356.53,0,12893131.51,11020927.83,0,30666033.69,7549906.33,21820330.59,0,46232092.69,5203082.386,5070702.937,38269006.54,0,0,89266378.26,16701832.96,15969008.61
"Octadecanoic acid, octyl ester",2613044.505,3535445.571,3020248.054,4028739.986,2805723.586,3353642.843,2556644.937,3230193.167,2273366.098,3145632.646,2620490.886,2469503.552,3189376.76,2847496.416,3975755.009,3193112.995,3975262.907,0,0,0,0,0,0,0,0,0,0,0,0,0,0,0,0,0,0,0,0,0,0,0,0,0,0,0,0,0,0,0,17289964.2,0,0,0,0,0,0,0,0,0,0,19937432.63,12498419.56,0,0,0,0,0,0,0,0,0,0,0,0,0,0,0,0,0,0,0,0,0
Octadecanoic acid,8401.148475,3399.721531,0,1532.047655,0,9207.236379,0,8530.710116,0,0,0,0,0,1496.646432,358.1375843,10007.73054,0,6298.250693,0,0,3887.003402,0,0,0,4820.500165,3726.473787,4770.024123,0,0,0,4675.570171,3029.001393,4046.254207,3535.82504,0,18302.6225,2849.673499,0,0,3824.106322,0,6948.494921,0,0,0,7196.357174,1241.063835,1372.543278,1094.589157,6226.234306,0,0,5958.743389,900.8634173,0,0,947.5627846,3727.626522,0,10186.26762,1556.034364,0,0,0,2019.963382,2420.182848,0,0,0,0,0,2800.989057,3153.828106,2672.558103,5833.540582,10238.4838,5876.436976,0,2544.579935,3146.217727,10062.4696,2266.100054
Octanoic acid,15877968.4,17896402.67,12534604.54,3821462.483,8772431.989,18890557.99,11141343,1136856.261,8663968.963,37117043.27,12468813.71,9790801.119,17183013.93,12900783.21,12685653.07,30438492.29,13264180.03,81167225.12,66461205.49,56098249.35,42220682.48,50690515.69,0,43764287.56,0,0,0,62442690.41,0,0,0,0,0,0,0,0,0,0,0,0,0,0,0,0,0,0,0,0,0,0,0,0,0,0,0,0,0,0,0,0,0,19120706.67,0,23304657,0,24715054.39,11310817.24,0,20090470.97,20370434.31,20877901.6,0,13477130.57,29134200.61,14280728.35,14794572.93,17059929.71,13398735.77,23269802.9,13483578.98,14677112.57,8767807.528
Octocrylene,4352.358916,21008.47147,17025.66801,16122.0031,8621.255001,17346.21784,13230.57156,9641.117221,15537.19095,4973.466128,15023.12888,18855.39453,16220.03576,10006.02076,30269.19747,0,19447.08475,0,0,0,0,0,0,0,0,0,0,0,0,0,0,112556.2619,0,0,0,0,0,0,0,35989.1958,0,0,0,0,242926.1368,0,0,0,0,0,3031.056114,0,0,0,0,0,0,0,220666.9978,0,0,0,0,0,0,0,0,0,0,0,0,105798.4667,0,0,101130.3113,0,86674.91783,0,0,0,0,0
Oleamide,39715861.49,41853788.85,32793196.13,30931043.55,31820473.19,44244488.6,27277692,36004129.18,57361154.44,58470351.28,35709717.98,36246681.08,29626066.34,28019134.97,33108297.85,37523446.52,47266547.86,68219594.66,24709141.42,99531171.69,75081706.51,25018434.37,49557865.39,31803879.54,18531561.5,15287193.7,24235887.07,27763140,50498740.09,62450514.85,51839189.05,10896309.94,37046554.19,15260288.72,24916419.35,64831820.7,15349516.76,58997093.84,24228318.75,52643902.97,30607962.44,46529741.53,32169751.98,19924938.59,9317477.876,27810653.35,26399533.88,38979660.81,14018357.11,14441550,14366007.33,113285133.4,14556356.04,40313498.67,30366416.31,83582752.61,11107417.46,7784598.474,16935773.91,17090757.77,138817600,30240962.91,7906583.346,292262772.9,43751139.98,6842829.792,15146146.78,23341703.81,14128990.93,13782933.84,48498294.01,16781938.01,64473730.58,67428133.9,17966962.36,7059054.875,8139487.985,17930878.36,11719172.48,51154788.49,22039599.09,19839983.65
Oleic Acid,21706557.38,12995792.35,12863844.13,33085433.83,11681954.4,36284486.4,20397786.94,8247302.278,14539627.17,46325298.01,21802081.48,11403607.48,11079326.1,0,13518425.9,14906526.62,10229500.39,139824522.1,68868174.22,204128230.6,0,0,0,0,0,6276883.695,4527929.6,2531185.133,2675646.758,0,0,0,0,0,3577394.671,2827121.567,13370860.45,0,24423909.92,6936452.877,0,0,3496554.763,9897166.329,2513933.501,6054211.48,34311680.53,27265623.34,23343622.62,30021077.71,7622777.424,9473400.891,6415552.944,6075408.199,2148482.659,18457250.78,7941350.257,8897930.793,12691580.09,21311077.57,61326667.67,0,0,0,0,0,0,0,0,0,243346110.6,0,0,0,0,0,0,0,0,0,0,128560864
Olomoucine,0,1295.570307,948.4524847,1072.038563,175.1485138,261.8534735,0,0,0,107.1249108,0,1613.684085,197.0339964,0,0,0,601.4554567,0,0,0,0,0,0,0,0,0,0,0,0,0,0,0,0,3970.969262,0,0,0,2693.903084,0,0,0,0,3666.076485,0,0,0,0,0,5903.399332,0,0,0,0,0,0,0,0,0,0,0,0,0,0,0,0,0,0,0,0,0,0,0,0,0,0,0,0,0,0,0,0,0
Oxalic acid,1119763958,689882001.1,1008164284,406467712.5,739178065.8,537521174.1,995837299.3,1200420502,1234270572,402208160.7,492167975.1,1195624504,936038757.1,872364436.8,812041684.4,1157746340,908464295.7,765372226.8,535005012.3,612392388.9,750900550.1,1016877042,868076871.1,533094123.9,716939268.7,777034023.1,1009326660,824560719,907610126.8,575305765.2,921407426.3,1146235755,1037851619,944560730.8,631646743,789637379.4,799311781,1129366599,936247943.7,883960201.3,1051453835,1239135685,917652188.7,1200002462,704242417.9,661373490.7,1136759622,1102117954,898418278.6,1000300628,711209886.5,912961867.7,710655344.3,795047533.2,634641084.1,750524728.1,811037206.3,1069748031,946040188.2,910670399,791469497.6,617107617.1,1016849545,662086465.3,904966021.8,764238504.5,828372041.1,646310640.3,607369338.7,955971856.8,1030253483,1349791785,1220930064,630452542.6,1121524213,843886459.5,733802436.6,659573017.4,793635708.3,1107356521,914037431.6,760389966.3
"Oxalic acid, di(cyclohexylmethyl) ester",1695.976178,0,0,978.5473304,1781.80346,1639.910558,564.9334292,942.0328041,0,6304.82844,5979.074079,342.2532582,818.1422251,1157.200372,527.7634199,3174.431471,0,0,0,0,0,0,0,0,0,0,0,0,0,0,0,0,0,0,0,0,0,0,0,0,0,0,0,0,0,0,0,0,0,0,0,0,0,0,0,0,0,0,0,0,0,0,9279.073113,0,0,13973.57884,0,0,0,0,0,0,0,0,0,0,0,8749.985552,0,0,0,0
"Oxymorphone, bis(trimethylsilyl) ether",428936936.1,383831702.5,358621605.6,566616618.2,257277160.7,350865698.9,267686919.6,232089870.3,235177717.2,83105954.3,438213387.9,264969655.1,291954753.5,224971893.3,436558422,405624907.1,337862094.6,804869245.5,347709822.5,520522166.9,438885559.7,0,267661985,231225479.9,266226175.2,366182902.9,314869132.4,438812281.9,242963583.7,0,448679202.3,526452107.6,357717021.6,365666329.2,88930198.26,0,247708304.8,444676636.5,229681641.6,417352785.4,427650988.7,268710534,522479402.2,196405.616,579007065.9,159787449.8,864689948.8,298684571.6,0,309346300.5,112557786.7,409130846,133101264,533207924,15707323.27,524518847.6,317517792.6,295976535.8,283690150,408047428.5,571085521.8,164848218.7,210610370,309954587.6,306289845,326204290.4,190093504.9,1108964671,236186443.7,263800233,366156990.2,436173972.2,249374695.4,811484830.3,292693502.1,273882928,23269212.74,237678588.6,9810773.467,316096293,342922567.4,397131201.5
Palmitic Acid,148824047.5,139702696.5,154124847,120684391.5,140221217.4,147247456.1,141791682.7,10404144.63,151266992.6,68359585.62,27328348.25,116654632.6,132292877.2,61680838.76,77748989.29,235031869.6,174184083.3,37059293.3,0,0,0,0,19745923.79,7776327.441,9804701.424,15945267.83,18887492.41,0,14285692.03,1330262152,0,11775780.26,12383488.85,12699594.47,0,5805944.009,0,29497043.03,7583055.631,8212879.949,0,0,105902628.1,0,1724805889,112151642.8,253629592.4,54629293.46,200180522,164701785.1,88165786.42,27195321.37,11544711.78,117167422.3,1031205.005,198755216.2,13162711.41,159081445.4,0,352358224.4,173349779.3,127440735.1,0,144477661.1,148566022.7,518950759.8,279743608.6,0,89596707.71,104971518.8,0,132809150.5,164422577.8,182805818.7,86557422.95,89979624.06,0,70364943.75,188265091.1,0,97778742.17,102594480.6
Pentadecanoic acid,8330491.004,5007354.554,0,4832565.468,3697760.678,4109103.892,5754211.039,0,5192481.637,17081463.72,0,0,3256492.509,3234818.862,0,10226467.62,0,0,0,0,0,54375661.46,0,0,0,0,0,0,0,0,62109627.22,0,0,0,0,0,0,0,0,0,0,0,0,0,0,0,0,0,0,0,0,0,0,0,0,0,0,0,0,0,0,0,0,0,0,0,0,0,0,0,87363966.51,0,0,0,0,0,0,0,0,0,0,0
Pentanedioic acid,5405459.812,3689823.883,4090322.595,4040003.137,4564426.856,3893805.332,3247299.341,2261373.205,3919196.111,1719971.151,6126525.912,4131367.753,3807530.918,3344478.807,1777662.072,6241170.183,1816032.916,5012395.253,4174366.357,6567629.287,2561037.444,0,5823877.625,3473922.149,2892277.063,2479297.244,0,2682601.693,3328198.651,3548339.064,5483539.561,3909290.36,3762936.442,4948605.297,3732644.129,3283105.758,3488840.848,7049582.429,2466894.031,0,6384583.113,5113646.477,3488971.434,6498676.88,3382423.738,2849748.415,5523139.478,4443663.06,4530348.471,3840051.597,3127967.107,3089948.306,3341640.215,3482929.018,2361192.016,4074629.126,3027972.913,4157420.843,2975146.619,4659336.332,4822113.529,3000455.249,5096136.782,3762928.909,5240439.626,3311038.992,3398679.873,2424370.224,3347910.709,3434711.495,0,7077762.561,6203543.578,5873824.374,1311358.822,4380830.279,0,4335667.513,5707897.084,5289910.765,5955794.908,0
Pentanoic acid,1329678.528,17003973.74,18908179.1,16402881.65,15238037.22,17765445.04,16058768.79,1870842.874,14906969.16,18540456.56,12532174.68,14631197.42,16448599.04,11755109.4,2032392.491,26158534.7,14970158.41,21084402.48,11939605.59,15281791.86,15281894.28,12796209,14815376.11,10485503.46,10021012.29,14246582.45,15438761.88,11429555.84,11824506.5,13036745.39,15211558.33,10711332.27,13316025.11,14412504.89,10091743.78,8613495.784,9692933.007,17230502.05,11528671.47,14367639.9,23348665.29,23115691.26,12293473.87,17638849.03,10362329.57,10009136.27,21344834.14,15609361.48,14778257.11,11935347.97,11255155.66,25491640.46,8002606.41,11918103.65,7926147.969,13020803.07,16980160.14,11902332.6,11640320.61,14460193.38,16364092.1,13161456.75,11487861.81,14812331.36,14377206.4,13708910.95,14224562.82,19342130.25,9630844.792,11351597.88,14626461.14,18327888.58,17809141.35,19493133.09,11854548.73,14404028.29,10914803.68,10423968.46,14814804.35,13606601.45,11772814.14,12067925.79
"Phenol, 2,4-bis(1-methyl-1-phenylethyl)-",5608727.427,5853055.589,4510980.416,2681610.017,3023658.058,1186867.513,2968644.258,6842502.635,4866454.584,35666958.91,2449015.762,5136985.543,4870406.545,5540295.159,4516179.072,3583529.508,5328424.119,6138174.631,4519475.716,6389391.858,6976003.163,4474044.442,9979724.694,5930271.101,7799342.431,3091513.416,5586032.343,5819195.061,6777479.693,7124553.314,4419515.315,6033899.969,8537963.203,5320923.772,7682901.453,8892795.92,4365359.211,5434216.792,3548584.512,3756096.574,4531044.006,7082815.29,5844735.455,12144592.07,4138193.613,7761233.463,7263910.139,7898308.678,6223518.149,9587883.264,8046649.087,4322210.706,5301334.934,5393349.007,2458658.013,5969333.257,4248055.253,4495863.426,3957091.71,8803610.023,6748327.471,6205968.167,6003539.708,5317266.948,4131058.209,4020601.963,7088421.524,1553712.44,3124462.289,3942186.485,9658940.016,3663000.23,9249933.641,10777331.83,7680370.955,7678719.46,10478644.87,6746547.076,4664442.48,6541795.57,6176805.302,4550380.09
Phenol,86848843.08,756465435.4,71971536.4,114081475.7,67415276.13,207751658.4,73988869.34,57156153.28,50674026.04,99727084.54,89210561.22,486884269.8,76637168.49,53170050.14,79205161.85,114554643.9,110274731.9,694955115.1,341554503.9,140072151.3,244322003.6,339614410,481249219,115327144.7,338338482.5,0,124307794.1,94752972.8,128478416.5,67329019.22,70017521.35,43114475.09,95801730.33,43862595.34,57716698.51,66602801.02,145414442.8,153385224.4,34896630.45,25311380.46,46175711,80020593.27,32342889.71,184558268.9,86270421.27,169539429.9,326069339.7,0,199025067,200892659.3,74140105.93,175442099.5,161900241.7,189496220.2,30221954.11,71900059.19,128713259,162976988.4,184227239.2,165281414.1,203483989.3,0,48034177.01,166398255.3,163353420.5,194177794.1,186894385.2,192078985.6,131699062.1,165988042.6,196725653.4,181886893.2,233463346.5,198049348.5,178924621.3,175701990.4,137823468.9,137396872.9,187607191.7,0,163728445.5,166912507.5
Phenoxyethanol,2962464.399,2651035.184,2745732.751,3221329.974,3259143.643,6016394.633,3571500.178,2510311.353,2562068.85,3508628.993,3687091.244,2485167.551,2017509.566,2404992.627,2541353.7,242345188.6,2261082.581,46396020.51,12563713.08,31098101.89,14077663.48,10286247.23,23930984.68,13993924.35,10120901.67,13471767.18,15398655.15,8699484.806,10391037.33,10928231.71,27119473.53,7365489.126,14810932.97,16579365.46,8260658.494,8039955.464,10227148.98,20955699.16,61245733.09,14645527.93,26732797.74,14979219.94,6114010.5,15524460.55,4926787.039,8783399.504,41482632.22,20111058.28,25323369.59,23720197.94,9352552.084,12138704.8,8892721.936,11738281.39,11114027.79,13221368.02,10166221.38,14893499.73,13951640.78,20117229.36,28641091.19,12222146.61,10824958.54,15906045.83,13680077.4,15124502.01,13900874.41,42106887.21,8042884.917,10745994.47,18958559.88,20030754.51,18862560.66,32443738.93,14994138.62,13980460.05,12087306.44,10304201.62,28810666.4,15926289.74,15434851.08,14775095.46
Phosphoserine,27315201.67,184000665.5,5456041.575,740472.2077,2253625.44,1441305.011,5777735.294,35692429.59,8273418.308,103801440.3,0,2059899.834,6620978.264,0,0,23360868.25,2463080.468,0,0,0,0,0,0,0,0,0,0,0,0,0,674070619.3,0,0,0,0,0,0,0,0,0,0,0,0,0,0,0,0,0,0,146538916.8,0,0,0,0,0,0,0,0,0,0,238644294.3,0,0,0,0,254491576.5,0,0,0,0,96455428.85,154605959.1,0,0,0,0,0,0,0,0,0,0
Phthalazin-1-one,22811141190,16792343355,16060350664,11638717276,18204906898,16299277697,17592423023,17431772167,18958203183,276735384.5,14930392548,17797449051,13266992544,11513990895,11167611649,0,14088529098,0,0,0,0,0,0,0,0,0,0,69718067369,0,0,0,0,0,2.39366E+11,0,0,0,0,0,0,0,0,0,41882160635,42402291944,18234935978,0,0,49302505153,0,0,0,0,48570872924,0,0,0,76547193259,0,0,32126456567,0,0,41274986121,40346252642,0,20901665357,0,8197903355,15945278594,0,0,0,0,12495025459,4868890141,68444806651,57235400744,0,5157434139,20158684390,0
Phthalimide,1761505.735,1672788.443,2129488.534,2576484.917,2226115.054,3811933.153,2379480.022,1843070.424,2140107.754,1897527.375,2584375.514,2185927.454,2266775.196,1642733.43,1846067.048,1793778.772,2021058.984,0,0,0,0,0,0,0,0,0,0,0,0,0,0,0,0,0,0,0,0,0,0,0,50984593.02,9592942.196,0,0,0,0,0,0,4467116.03,4543910.059,0,3383412.477,0,3471768.733,0,4440105.887,2742223.629,3062855.651,2928376.255,142756.731,5433208.955,0,0,0,0,0,0,0,0,0,0,0,0,3775351.3,0,0,0,84903.17084,0,0,0,41572896.94
Phytanic acid,2385000.025,2268790.064,1908351.553,2604377.519,2203960.895,2340342.071,2177204.497,2053417.449,2127781.148,3562973.14,2618574.331,2015153.596,1688179.387,1741340.26,2186422.972,4089350.626,1700010.505,4514412.392,2968062.007,678402.8931,1691325.209,2878459.885,2882049.592,1512745.961,2564878.25,1948243.885,2554352.131,1968013.84,2170069.62,2145729.706,2595237.666,1342432.505,2040220.299,2610622.989,1063797.114,1437035.535,2135658.478,4130955.707,1940682.982,2344998.224,3429589.339,2953111.093,1873633.278,3516933.371,1449195.522,1423564.336,4514692.613,2891057.389,2659635.814,2685330.23,1151857.864,2375810.269,1407434.56,2083306.681,1594697.866,2043790.364,2176646.092,1872957.486,1867473.964,3927957.419,2661415.323,1668698.158,1694163.726,2737924.281,2017169.4,2517602.701,2589822.984,3071622.744,1377424.547,2280743.702,4413735.2,2818204.343,1063677.083,3328656.192,1353695.966,1741065.303,1715496.908,1523634.104,2643693.547,4392335.429,1762302.894,2293967.891
Picolinic acid,308396917.2,283531273,266622628.8,179945928.9,333071460,307227839.5,282526470,291898228.5,273222167.6,152484691,207678885.1,327919005.4,288305197.5,209641048,267057098.1,273511544.7,260630645.3,276897541,182412742.8,159116193.6,263227835.9,247301640.9,243683103.3,160558122.1,260955951,199198546.6,282808095.1,288059961.3,324648876.9,203268530.7,326369778.3,290963719.2,274228693.8,282232576.2,209850462.3,227158539.7,240574731.8,438686940.5,271587522.8,241419469.5,403484859.5,370187119,226475958.5,306375057.3,232549124.6,214149923.9,321830432,356708804.2,280210418,327169606.7,147914617,249998883.2,124797126.9,244037945.9,200832059.3,260394207.6,256781332,276309561.9,391657458.7,336731941.6,258636649.2,225979698.9,197142814.8,198483187,264095684.9,207169435.1,194106350.7,226609038.4,229886157.4,375922060,350842245.2,471460995.1,339659112.4,207997890.1,296223445.7,267047522.9,197611834.9,274422534.1,270201715,224951291.4,330206966,225691290.6
Pinosylvin,120820.0558,157754.9335,159125.5705,39744.09303,805329.0147,5095693.045,1321706.363,0,95828.50212,0,398705.9567,51905.97113,172672.7599,0,0,705877.6351,0,1726572.705,246596.192,1236046.294,518597.1853,53177.3604,672871.5523,295514.8924,65725.44567,499534.2427,282747.7182,0,58885.96684,365936.2362,1569156.336,243792.2754,1113969.233,1462568.177,260817.8432,0,141698.2589,917170.3887,678370.6893,403324.4681,1632203.272,0,0,460521.6039,123883.3822,0,1953809.236,890227.0861,964568.4931,1106173.458,94126.8128,145693.7082,0,59436.57551,150845.7505,148961.1314,237812.178,269643.574,152758.8471,331627.8768,2082704.826,298430.6818,199017.7609,863051.3855,351275.2622,872301.6698,426126.4305,1984222.27,35765.02722,94678.16641,399405.3837,879904.4256,447978.7229,485164.1696,273763.5678,332738.8178,27153.91942,148772.9916,1349166.526,260930.5016,356632.1386,1185781.47
Pipecolic acid,0,0,1056543.052,0,243696.2499,237860.2458,192957.5921,252861.1214,950909.0064,14507289.69,0,155652.618,221121.1565,0,0,0,0,696747.9305,514621.1121,2962857.981,1376115.21,1495057.603,923977.7961,1428658.14,1970966.458,904711.6527,1658702.679,1116739.579,1007846.649,548892.7911,2772840.67,340513.9928,692161.1311,714703.2435,706968.4488,1018716.199,1278642.356,834465.3338,437377.9803,620246.6964,1462566.89,428413.8097,829913.5735,382979.1539,222356.1477,499223.0001,445169.096,1319685.175,1102237.487,701052.4391,879822.9189,831461.2605,803280.9113,733150.595,276412.2305,802292.2616,1278747.299,1361931.345,1310841.583,2727279.402,1698133.688,424735.515,1235618.035,660023.1813,2060083.899,980913.5432,1363287.376,285815.513,866764.3944,1262444.865,1942317.157,1325247.137,886374.1425,649700.1995,1364490.942,1555091.209,1002568.345,555938.4649,1025436.614,388310.5295,1110057.509,1066352.336
"Piperazine, 1-(4-acetylphenylsulfonyl)-4-methyl-",129970149.8,0,0,0,0,0,14693352.53,0,0,0,0,0,0,0,0,73847028.43,0,0,0,0,0,0,44524374.09,21194809.6,0,43229049.13,55628715.36,0,0,0,27419414.03,0,0,0,31052057.73,4374579.679,0,61193334.14,0,35525089.87,35758274.16,0,0,0,0,0,0,35776407.49,34188751.89,25885199.69,0,0,0,0,20941836.84,0,0,0,0,35969006.22,52895768.04,0,0,0,25075374.82,45864350.11,0,0,0,0,49200892.7,0,0,0,0,0,37329199.51,0,0,0,52477416.67,59977539.55
Praziquantel,0,301.2279137,0,0,0,0,108.4704955,42.64198353,114.300282,0,0,0,0,338.5780472,0,292.3095453,5.424602753,0,0,0,0,0,0,0,0,0,0,0,0,0,0,0,0,0,0,0,0,0,0,0,0,0,0,0,0,0,0,0,0,0,0,0,0,0,0,0,1132.190936,0,0,0,0,0,0,0,0,0,0,0,0,289.1722002,0,0,0,0,0,0,0,0,1196.828404,0,0,0
Pro-Ala-Lys,0,0,0,0,0,472137258.6,0,0,5508.450081,12002339.15,0,176013790,462612.1145,0,0,19285492.42,0,999168578.1,0,0,0,0,0,0,0,0,0,0,0,0,0,120678246.7,0,0,0,0,0,0,0,0,0,0,0,0,0,0,0,0,0,0,0,0,0,0,156043568.8,146640994.2,110310399.8,41546342.33,0,0,185371166.1,0,0,0,0,0,0,0,0,0,0,0,0,0,0,0,0,0,0,0,0,0
Prometryne,33095263061,0,0,0,0,0,0,0,0,0,0,33178687440,1.05425E+11,73812775132,437702604.7,0,12500890008,28724080063,0,0,0,0,4853421837,0,0,0,0,0,0,0,0,1.09576E+11,0,12975968336,1524609303,0,5655442503,2.43481E+11,0,0,0,0,0,0,18892518307,0,0,0,0,0,0,0,0,80826261210,0,0,26627503122,0,1449244708,2060157336,1.32284E+11,0,0,2.8791E+11,0,0,0,12902747182,0,0,0,0,0,0,0,0,0,0,0,0,18449454184,0
"Propanoic acid, 3-[(tert-butyldimethylsilyl)oxy]-2-methyl-",13793272.68,4400787.597,17931456.77,11087956.42,19235770.53,8128653.95,15578583.32,5994548.933,18949534.06,4481374.279,6981039.547,15400078.74,8136373.447,7146810.558,8159078.034,8003429.915,6354367.714,2833023.35,2305394.426,21336749.36,7488410.777,9934621.149,7382492.948,0,5721542.034,24173398.99,15829903.17,5702525.258,13333663.11,6002575.587,549947.5769,13639825.04,9266513.261,13196561.86,9589893.699,6974272.53,13145278.22,13716259.29,1727410.358,20778433.57,18339068.65,20240249.44,9012699.837,16295559.42,7564154.279,1341157.731,13963738.14,2380143.742,19884995.42,20419235.62,16461372.63,1642039.33,36953.45461,3192601.71,11537275.84,1834490.018,0,22634476.72,27228613.95,1965422.818,24666298.4,8878803.883,27726755.95,20117236.98,17579149.43,25360486.89,16094670.15,10681402.8,8191022.551,14934821.08,0,25838620.52,823072.797,3179070.622,2138900.797,0,7672646.554,4952127.37,5614385.027,3710927.161,5988267.014,12577952.81
"Propanoic acid, dimethyl(isopropyl)silyl ester",1143578.814,697731.0194,679210.3265,196944.5171,554249.2757,503754.3346,889474.0827,365461.6983,543344.0075,4425107.755,863903.0501,840135.0629,645915.2868,324079.7719,825967.01,1818006.605,542738.645,279753.0148,667975.1267,741548.4348,264926.0542,568518.6148,1106108.537,401233.153,272159.6624,826683.9805,1147477.165,661921.2292,1083526.599,649149.1251,1395961.648,357925.7688,444034.0482,332538.5328,729622.1588,1299427.361,576870.0397,1268383.517,1033384.27,815251.592,1427944.053,5559741.069,606443.0739,724656.7739,878531.5948,0,0,0,0,0,4011420.81,0,0,0,9345807.91,0,0,1569454.822,0,0,0,151637.8505,195298.9604,250479.6538,239508.9225,262039.5067,358632.2005,450049.109,138869.9557,3928147.313,316583.3877,133306.2339,273223.7912,885510.0383,227577.2637,4973556.492,465840.7958,3950083.594,692639.9143,417078.1088,1281209.056,0
Propanoic acid,0,7716086.376,0,0,0,10275188.37,0,0,0,0,0,8598150.344,6983910.157,0,0,0,7892090.194,0,0,0,292282.9334,310805.8746,948395.1974,3861324.729,0,689931.0871,0,936047.1073,1567271.766,683780.7769,0,3560451.538,6353185.78,7401544.809,3670251.219,3806806.371,69579.18714,0,7559774.305,292925.8719,8732939.718,7336196.855,3017836.738,2856116.837,4348546.144,0,3160222.066,0,0,0,890261.1006,0,0,0,32488855.67,0,0,295543.4516,0,0,2191400.484,3770926.139,0,3347922.598,14092286.96,0,1414418.412,3412706.604,2296683.516,2689949.458,4490998.344,578378.2937,0,2215030.146,526861.9144,7028532.474,0,655020.853,1203080.071,0,2718405.333,780795.0226
"Propionic acid, 3-iodo-, octadecyl ester",635644.3077,218565.2071,118024.0365,56164.39588,104444.8261,0,0,76502.70218,90284.26759,307513.3737,55161.38138,105877.3687,62846.00759,163185.1561,139684.8646,565596.7967,69941.02111,0,1312525.756,0,0,1188930.302,1544434.704,0,0,0,0,0,0,0,0,0,0,0,0,0,0,0,0,0,0,0,515532.7659,0,0,0,0,0,0,0,0,0,0,0,0,0,0,0,0,0,0,0,0,0,0,0,0,0,0,0,0,0,0,0,0,0,0,0,0,0,0,0
Propylene glycol,308374.8507,354314.3288,766913.9772,653621.4104,415607.0637,103499.1552,449178.5188,433038.8829,489449.9687,148185.8783,309754.0977,509770.2698,338778.9858,282461.4313,164352.0913,131789.5718,363919.7092,762060.9897,160665.9481,0,373762.5567,260722.4631,479249.4185,261689.2813,353955.6911,459530.7667,550765.889,353359.4758,318694.9756,324395.5163,0,245804.3795,51483.69837,183782.1358,99793.16057,269834.84,442619.1214,894938.5445,483722.7804,521431.6165,851692.2092,485913.4447,310496.6094,480917.7346,268380.5982,240999.7707,651518.6015,442757.7981,516071.8619,413395.1879,195667.2172,304667.1367,269690.8961,323937.8935,412647.225,309867.7344,9047.608325,461924.1511,472964.3723,462986.9681,368806.3459,246049.2175,252001.1879,379636.5889,314298.4611,303428.5716,327368.0109,594640.9843,231032.0884,332778.7376,434971.533,576665.0916,352147.026,654222.0202,283524.7833,334252.1053,284454.4928,218925.9785,795298.406,0,294812.9438,476739.6552
Prostaglandin,43304.00143,43188.31324,0,0,37470.3705,10624.17548,0,618.453459,0,0,51069.87638,3053.266755,41648.11178,41976.47895,42033.03737,0,12833.15668,0,4076.014017,0,65658.29712,48629.08262,0,73000.41806,71723.84099,0,0,52522.65036,0,0,0,0,41565.13689,0,0,29840.14229,67050.77499,0,39820.01119,0,0,45512.136,0,539.0705683,0,0,56337.51455,22527.63086,25526.77298,2924.679539,0,0,2023.771553,0,12879.41426,70046.40319,19272.81568,26035.58811,9803.926577,33135.80305,28021.43684,71414.6909,0,75040.29937,0,55093.99515,11736.6383,0,0,0,0,0,0,124900.1122,0,66767.44538,0,0,0,0,0,0
"Pyrazole[4,5-b]imidazole, 1-formyl-3-ethyl-6-beta-d-ribofuranosyl-",0,0,18.26422518,0,75.589013,146.989979,101.8803366,56.46102061,69.27242423,0,8.515725146,20.68320097,0,56.5419131,273.9974855,0,267.8357599,0,0,0,0,0,0,0,0,0,1805.227666,0,0,0,0,0,0,0,0,0,0,0,0,0,0,0,0,0,0,0,0,395.4351278,348.9024417,287.2210971,0,0,0,0,0,0,0,0,0,0,0,0,0,0,0,0,0,0,0,0,0,0,0,0,0,0,0,0,0,0,0,0
"Quinoxaline, 2,3-diphenyl- ",1272956601,0,483575637.2,1160426462,1876963727,631256795.2,1124534850,0,2089050809,91189316.25,952117171.2,967715126.8,1106321419,0,0,0,337467262.8,1051774330,1224159367,945136713.5,2106745449,300141945.1,0,0,0,0,1201716543,0,0,2637461316,0,1372404642,0,630618125.5,0,1423784816,872779733.8,0,0,0,0,0,424353451.8,5727753272,0,0,0,0,5183538.013,89176834.34,0,0,0,7702842.307,0,0,4349893138,162219064.2,0,6768012985,0,0,0,0,689208034.6,24572040.62,0,0,13878687461,0,0,0,0,0,0,1339427.908,0,0,77039937.46,268275376.7,0,0
Salsoline,0,0,0,0,0,0,0,0,0,40036766.11,0,5194190.036,7319175.682,3218552.958,3513149.693,0,7958249.53,18272524.73,18339113.3,1592304.798,4174.286454,44163.07546,0,9854.661092,20632.54165,0,0,1108941.297,11005102.11,1324677.808,0,0,13449607.06,2273037.677,467533.8083,3443.37304,21980402.43,16365.98357,7839231.66,853525.2465,12135537.73,0,8200.077456,0,0,42874.03844,2159623.909,22041476.85,986459.5058,0,10756159.18,97591.83476,15839506.7,235472.5653,0,0,0,0,0,0,11125620.36,0,1819722.071,8128725.548,10197045.32,179224.4655,8248558.768,47346.49131,6014239.382,0,0,0,3614822.68,0,8861612.872,0,4610741.403,0,2918124.878,0,27961239.12,459877.2402
Sarcosine,752997.7756,2082723.545,497408.8741,193770.4482,2637583.643,2219624.471,4063481.767,1639190.69,1005398.563,554185.7158,258287.925,1332250.122,1637529.387,1274644.732,874172.5686,1062704.357,1157260.224,8145403.56,0,0,1131245.038,0,7269730.883,70466.98727,75189.17742,0,0,114911.0297,0,0,492130.3112,5619885.267,0,0,1243541.721,5628600.586,277617.5637,0,0,0,0,1331034.41,1368660.385,5514525.118,0,0,0,0,0,0,253642.0286,0,6086244.158,53123.40325,242156.2845,12150101.19,0,295350.9292,0,354645.309,2440703.576,0,3141115.731,0,0,0,0,0,0,2987214.61,0,0,0,0,2726933.605,19856942.58,0,0,0,0,0,0
Simetryn,0,0,0,0,687053.6605,0,193171.3568,0,0,0,0,222087.9043,0,0,0,0,0,0,0,0,0,0,0,0,0,0,0,1815574.224,0,0,0,0,0,0,0,0,0,0,0,0,0,0,0,0,0,297125.2329,0,0,0,421113.3366,0,0,0,0,0,0,0,319232.4154,0,0,0,0,0,0,0,0,0,0,0,0,0,0,0,0,0,0,0,0,0,0,0,0
Spiroxamine,0,6267387.213,0,0,0,5202373.219,0,0,0,0,0,0,5423834.909,0,0,4993039.965,9616440.348,1894355.297,0,0,0,0,1525258.519,2314796.956,4297314.638,2368413.931,3273043.475,3336669.744,2814171.748,2577510.957,0,2695073.354,2510024.041,3619137.326,480299.9449,0,0,4682037.029,0,3762711.013,4575735.925,1274620.198,3886244.629,0,0,598210.8816,2000339.024,1013568.552,1410922.027,0,0,3965517.011,539526.8975,1110648.148,1836821.447,3549251.755,3339818.833,1361844.654,3154125.155,4165225.093,1604134.08,2053661.168,249389.553,0,2797901.362,3553807.133,0,2579698.536,2768457.819,3524303.013,730419.0403,5380190.938,1879249.732,0,1642416.029,1997818.031,444347.604,1878088.524,2841966.325,1064445.778,2783783.276,745620.1806
Stearic acid,780788435.5,622168029.6,487358076,145344950,472244532.9,61448470.18,6422637.208,565542150.4,458268913.5,872742567.6,54186278.09,464399393.1,555033813.6,510762762.6,502317659.7,533557297.8,469575053.9,57551283.94,37674746.4,8142207560,71629543.64,61593825.72,39819581.6,61717279.83,34162965.86,60933135.72,98871133.74,68880422.28,13359956.39,94222255.76,101008008,58782181.13,9658200.322,95766288.73,17116347.86,9863378.745,58336505.75,97407264.97,514005085.5,20956856.02,9282839.1,0,8679643.564,29381274.55,2582456471,388460840.3,346816397.5,320107009.9,637119417,661479433.8,354093432.3,523500624.5,420233568.9,471534210.6,50322315.42,314442424.8,411017037.4,46424462.16,480636973.7,883609992.5,807529879.8,177900612.4,388601111.6,0,331966719.6,735984121.4,693743223.8,966870318.2,0,226689983,252850000.9,930776301.5,149914029.8,1106936203,16386159.99,585355925.5,0,0,651562003.3,509967760.2,580651733.9,1035336819
Suberic acid,2641554.273,0,0,0,0,0,0,0,0,3270785.867,0,0,0,0,0,4218923.045,0,258066.4646,612421.4508,1025692.957,686145.697,571498.461,917047.4746,674923.3692,711024.2259,595552.3953,742878.0195,618603.5103,447378.5689,586973.2665,916170.9945,0,646878.6986,0,677648.3864,619422.8327,592998.6441,1074937.637,0,496270.9957,1219410.558,1005308.819,189973.8162,799559.1791,0,0,646190.187,1184706.342,0,750880.999,507272.0609,604554.6325,576866.9751,615431.1006,423759.1751,0,558442.2387,819866.0651,545358.7815,1206208.022,1095769.948,495478.6316,555525.4615,677362.1279,581162.7208,719228.297,495012.1255,111196.3901,449138.5691,575746.1674,770738.5154,963633.4604,679674.8611,946972.6247,611244.3641,592464.2585,485444.2119,487188.4414,623913.3023,989580.7684,0,704384.5174
Succinamide,4020109.163,0,2718906.053,619819.1564,0,0,2131638.718,0,0,0,0,0,3573576.011,2904824.061,0,2658901.407,3112643.052,0,0,0,0,0,0,0,0,0,0,0,0,0,5525061.524,1720298.825,0,0,0,3590068.052,0,0,0,6034712.943,0,8432952.487,3983204.896,6521447.942,0,0,0,0,0,0,0,0,0,0,0,0,0,0,0,10257880.6,10203688.93,0,0,4473293.091,0,0,6552322.992,0,0,5490435.118,0,9589959.879,0,0,0,0,0,0,0,749798.9232,0,0
Sulindac,723941.8256,263933.807,142253.1066,292391.371,68119.55554,0,77313.43689,292964.0163,0,0,0,0,829821.4126,0,0,0,89310.4855,0,0,0,0,0,0,1456301.49,1565410.472,1557192.302,0,0,0,0,0,0,0,0,0,0,0,0,0,0,0,0,0,0,0,0,0,0,0,0,0,0,0,0,0,0,0,0,1229939.442,1386577.28,0,286147.6,601084.8136,0,291594.975,270409.5014,449713.5844,74706.57188,0,0,139020.4446,0,546597.2269,294790.6349,0,0,0,0,50414.57282,0,363902.0402,65796.23181
Supraene,3594381.423,3757119.838,15494178.84,5061238.643,4592712.285,2647739.512,8017761.756,4290909.848,19788832.09,16724123.7,4781878.395,3944993.284,2011124.634,2730237.313,4160677.541,122349877.8,5704572.237,16637398.39,501426.53,80584013.08,46721659.31,0,16368197.41,8589895.077,14624739.69,555287.7838,0,16247591.69,11498054.98,17623891.66,15595638.54,9536365.067,0,12741073.59,0,7923999.034,126211.4752,0,11565799.42,12834704.23,17374242.51,18855843.06,18634402.99,23110509.04,0,0,23734253.34,10275604.63,10670586.52,10942409.29,5257799.512,7411657.531,4240808.384,6400569.872,4427560.451,7927295.827,6080078.569,8691634.323,6604937.882,17077729.89,86400470.86,1471441.007,0,6139865.056,2242724.553,0,4120192.045,2380080.025,3313039.23,2890575.565,177255790.2,3760907.202,1919977.989,7141047.078,19397759.98,0,2734773.445,1798276.688,36926143.78,4068326.733,3436255.595,2691032.216
Synephrine,1294846.798,610019.1877,820724.9135,1094576.167,430652.928,557270.1,575437.6866,657433.1023,488424.0088,1580401.349,498612.0573,0,0,711025.8027,512132.3137,4374610.186,445926.9816,2205339.438,980109.638,0,647616.2406,648308.8894,1854024.165,729942.6176,985181.2529,1098770.723,1129789.992,524818.7692,674246.2099,974096.1824,31153.0539,680875.4768,91290.09683,0,1035776.804,639255.5544,657695.6156,1524614.58,132924.2636,136931.2677,2671952.07,173790.3804,629758.2743,2665738.731,608859.7298,382949.6181,1553052.325,1214712.038,1275081.03,1366892.344,32794.99015,532949.3129,379212.3994,451119.9003,885717.3884,807950.3912,683959.1028,888693.0685,0,1438575.651,1896546.164,1074910.337,716062.1129,1076257.14,750725.8932,1759874.822,815211.6287,1608592.093,546932.2345,906897.7304,1133611.034,2507458.987,0,0,836656.3119,0,773911.5317,69453.93957,1620863.388,1796170.42,70227.25227,35828.15723
Taurine,0,0,27750.84974,411520.1472,0,49385.2517,337509.6196,0,0,0,0,0,0,0,0,0,0,0,0,0,0,0,0,0,0,22382.55129,10408.39803,0,7801.544396,19751.31887,5965.039782,11377.38069,216181.7256,0,0,0,0,15618.61882,119607.5133,20471.25722,726544.0185,0,0,181338.3429,3296.073676,0,0,0,0,0,0,0,0,78179.29888,527203.3249,0,0,0,0,0,172185.2522,0,0,126869.4461,46849.65834,0,46558.71545,0,0,0,0,471345.6041,0,58082.75258,0,0,0,0,55795.87458,164497.8986,0,50557.88746
tert-butyl(dimethyl)silyl-2-([tert-butyl(dimethyl)silyl]oxy)hex-2-enoate,200384.6155,176969.7037,141146.3861,79139.65722,312797.548,473880.4856,313823.3667,177082.7554,173660.22,95721.7636,153945.3718,205341.459,202079.6342,74824.52291,98435.16492,357982.6453,166895.2484,0,5606770.315,0,0,0,0,0,0,0,0,0,0,0,0,0,0,0,0,0,0,0,0,0,0,0,0,0,0,0,0,0,0,0,0,0,0,0,0,0,0,0,0,0,0,127103.5328,230416.6621,0,405890.5778,439634.1291,391686.2167,89643.3656,0,266666.9453,0,423574.1196,287297.6827,0,327592.0396,0,0,194974.7839,308486.7484,297201.6056,414909.327,0
tert-Butylamine,242971423.6,348482302.1,349044852.2,130559094.6,308392333.7,292419085.1,371593253.4,288429086.5,313460295.6,1783661088,255117997.3,376699865.3,309673069.7,323082508.7,372454437.4,285770603.9,356957355.4,0,0,0,0,0,0,0,1704940974,0,2632597169,0,0,0,0,0,0,0,0,0,0,0,0,0,0,6712198461,0,0,0,0,0,0,6114299338,0,0,199835864.6,0,0,0,0,0,0,0,0,0,0,0,0,4461554248,0,0,0,0,0,0,0,3825748206,0,0,0,0,0,0,0,0,0
"Tetrahydro[2,2']bifuranyl-5-one",227798049.3,152656939.7,181360029.9,161653575.9,146029497.1,181610470.1,175717549.8,138845132.4,132057436.3,236320550.2,175186646.6,149088288.1,131418014.2,130943449.1,136409139.3,237475152.4,149039866.8,0,0,0,0,0,0,0,109647194.3,0,0,0,0,0,0,1494828100,0,0,0,0,0,0,793207434.8,724327932.2,0,0,0,0,1561581929,0,0,2073292837,0,0,0,0,0,0,603045786.2,0,0,0,0,0,0,0,0,0,0,0,0,0,0,0,0,0,0,0,0,0,0,0,0,0,0,0
Tetrahydro-solasodine triacetate,481383.6277,355897.9959,384319.5082,415092.5169,414133.0613,642773.9217,567798.9519,346222.773,406447.0977,323688.3502,383390.0465,373039.412,352455.6749,354468.8965,373567.2349,462294.9224,340076.1308,757592.0729,456635.7436,469599.3614,397609.8405,397590.5393,526678.011,316991.6012,382666.7338,363390.5023,401451.6307,376376.9182,359527.377,346748.5216,419234.4233,305244.8235,322153.8612,411798.9443,241327.7652,262902.1769,288739.2005,591765.7039,395727.8008,412895.3827,586400.5812,447247.7842,371987.6176,519093.7543,362233.2933,296135.5486,657448.0946,390913.5745,494052.1906,402158.3189,222688.3715,402699.5777,257157.5394,399226.553,300725.0898,497231.9504,346986.2099,367738.945,382315.7793,549648.6232,599509.0428,323937.4091,240713.8581,405296.5653,378268.7434,437920.518,329052.5126,678576.882,325485.6384,376604.6467,359670.8871,578242.4449,432924.5226,740384.7672,330157.3738,355501.7211,314064.8571,329222.3217,459425.142,447122.4585,409995.1765,366140.5286
Theobromine,3732054.082,3043325.637,3124927.621,3360409.313,3448193.999,3013201.416,3629121.178,2878031.35,2846341.851,11343670.21,3050559.002,3068925.183,3171936.714,2987118.625,2587226.163,5612395.247,2876533.676,0,0,0,0,0,0,0,0,0,0,0,0,0,0,0,0,0,0,0,0,105039482.1,0,0,0,0,0,0,0,0,0,0,0,0,0,0,0,21890053.22,0,38132507.97,0,0,0,0,0,0,0,0,0,0,0,0,0,0,0,0,0,0,0,0,0,0,0,0,0,0
Thymol,0,0,737913.7772,0,0,0,798282.7067,0,0,42764.66748,0,0,0,554001.2891,0,0,0,143841.8246,87167.34177,235618.0957,103617.9736,244713.1264,118648.1882,0,79470.79104,96882.93188,109421.2352,267592.6513,414865.6708,99868.14501,127615.3724,79079.90796,93773.34628,114740.3637,74123.73516,81199.09021,96544.69397,150144.7781,92738.14143,34336.32764,152287.648,122325.0947,93426.86424,122031.1077,77040.16091,45152.72998,0,114990.0859,0,261427.6866,176862.4248,216245.9998,27795.77566,31890.66111,0,278883.6079,0,229775.6152,82457.54834,157135.8254,384876.101,147383.6926,116620.1786,149442.1515,131787.7677,160597.0435,171561.6778,204060.0545,108904.2184,0,64085.11954,72392.70405,380603.0514,102777.4219,147452.1993,69055.33967,53691.69917,124506.2456,66185.02604,172445.4982,137212.0946,54072.77189
Triethyl citrate,64861.33411,0,0,32815.44583,82932.79423,0,72270.38551,0,0,0,151707.1789,74078.4481,57743.14191,0,0,0,49817.90837,56395.40944,36160.69277,44032.75864,36521.35757,30369.95665,42446.41598,26297.73356,38222.0235,29031.07804,32662.10314,28018.02672,29573.33872,30851.02678,42927.48006,24918.60081,27564.49192,35866.3012,24149.72727,22929.37654,27020.64235,48481.0086,33839.24352,33520.54025,46324.29039,37395.27957,26843.98223,45725.04827,27461.82056,32681.76828,0,33337.4117,56440.3521,47922.59291,25597.90201,39499.41687,33157.80048,38902.21003,36413.00965,43621.79192,31487.39816,0,26878.05226,48908.48883,56894.52196,40927.08083,0,0,43644.27831,0,0,87291.30376,35002.61077,39472.24593,47888.12315,69003.99622,0,83026.27165,47185.1291,0,36178.00063,41055.40257,0,58472.63273,48113.66548,46901.57517
Trimethylolpropane,33475.22548,30683.31364,43497.75246,10299.93304,48175.03434,29019.75656,45853.86107,41514.69954,40101.78841,3297.41158,11229.74045,31290.66911,27137.23189,21535.31897,19867.66421,8632.768671,31888.22633,66435.11632,41204.6878,0,53341.53089,34250.83086,36190.31903,69227.6468,0,53335.08486,67289.35326,15799.15031,13109.74605,0,0,22302.17341,0,0,0,32641.74852,30043.32727,12541.06572,6366.243873,55037.85777,98494.36793,58874.67453,13526.05308,0,6460.261776,0,23670.1324,46240.93423,34331.89303,37685.64905,11311.63876,21169.73454,0,8757.62146,12209.10075,18247.90642,41155.6193,47526.28083,27301.41373,51782.93982,68021.27286,32083.72851,39652.46999,0,0,112412.1037,0,54361.03688,20979.43415,59161.71225,0,0,0,42903.47735,42222.2553,50993.36346,23513.37844,0,0,0,35479.11608,76091.35397
Tromethamine,481588.0821,380316.9231,1297931.971,469742.8885,0,633128.3171,0,0,0,607803.0785,299197.4386,0,144989.3158,203021.3498,0,455160.3741,98896.54071,1602851.849,0,0,0,0,1155792.544,791151.2943,1349386.385,36349.44841,0,207929.573,277476.2816,0,390608.2216,0,0,0,0,0,226503.7398,0,217440.5342,98824.25534,883158.0689,0,142407.3026,516096.6269,457537.7471,0,0,630010.2363,384106.1168,736874.9037,0,398746.8087,248259.436,457234.7888,14797.34745,0,0,929268.3098,623804.3795,205327.8955,145006.2757,0,91022.90569,129552.1625,0,0,945210.4112,1311433.493,234218.8899,45483.57261,0,0,0,882078.2154,324490.2927,629263.3983,636812.2205,0,922687.2846,0,0,112882.557
Tyr-Val,0,0,0,0,3329376180,0,0,1246354684,0,0,0,0,0,163998410.9,0,0,1229770098,430987618,0,0,0,0,322329501.9,147769650.3,0,255068631.5,0,0,0,0,0,0,0,0,245222283.1,0,3040772269,3397599393,1730476836,261890431,0,0,0,0,0,536159922.8,0,0,907152502.7,35808688.36,0,0,1564006835,0,0,1083133629,6947947.979,0,0,1485142824,0,0,0,0,0,0,0,0,0,0,0,0,0,0,0,0,0,0,0,0,0,0
Uracil,10410397.06,64342636.34,59943220.21,3402241.58,80688672.58,69491740.44,58655625.52,50460858.99,78121738.97,104050740.9,43385905.73,40485425.51,40724722.44,37057936.12,33251992.47,86329802.05,30384297.57,74504265.08,34646637.15,91477789.93,37090206.14,45127078.73,41287517.46,31759426.56,39810766.32,80660944.04,70426654.8,38799912.79,51153558.04,43327700.35,80711841.2,56681868.49,56962471.44,80384807.4,40750411.64,31306882.11,32398802.65,59203556.85,63541856.33,44593957.26,44505419.69,78391463.54,32457017.29,53363313.15,32512857.4,33358045.18,69370252.19,65490926.69,42633489.29,78077676.14,33716592.2,50937635.77,16541189.66,28269188.15,30798531.38,39891460.62,52010873.61,52329191.32,74369071.28,54344838.57,116626171.6,39636926.58,61554086.25,73636441.83,62221762.84,58966521.53,46021553.09,94474366,24843639.34,36499959.78,56455602.15,90137932.61,56431275.79,45585870.12,52411809.73,33350356.71,38089923.58,23133098.45,56755827.02,38155096.1,49476760.91,63040427.45
Urea,137225674.3,1622126592,4103210655,5222302824,940408237.1,1063921486,563735186.6,46544545.16,1343706445,657005218,4606054708,891849094.6,819809350.9,392050239.9,400480701.7,973503811.7,676101117.9,557770176,51417139.77,1656812872,1911620482,2658717921,2081541955,1258877469,2236315916,865192255.2,213666902.1,3349757729,910691847.5,136923986.1,1345419720,1674951540,1504990383,2002868999,249878344,690126782,1249159339,2507260149,2399810321,114304189.6,3509759449,205042775.2,2467427522,387674170,2089137601,331348754.1,2713650002,906776130.6,2635096879,917073279.1,1431522677,1311230037,135492452.7,400854814.5,2115736617,1439111308,1982673791,1509841260,1472001823,2806948252,911852172.1,2016078474,1210171861,385419453.7,1859334648,2878581204,1230123097,2747191615,324656639.3,1125191175,1449463116,1342825886,532997570.7,1871730435,1614212995,491672783.1,299310643.5,274828604.1,3852634752,2195762389,595954421.5,1917196687
Vanillylmandelic acid,1739.728458,1007.867014,0,0,872.2274097,0,0,2106.001678,0,398.0551252,0,0,1879.756916,0,0,0,0,425.3233438,0,881.6654274,812.7423534,1078.203563,1932.723154,2112.415599,182.507155,524.9319628,132.4424601,341.7085495,369.0810511,0,113.2159929,48.4966507,102.0900839,267.6400736,457.2098656,78.06500684,786.9472723,563.8994493,104.0139692,604.9424393,90.70371409,42.25377784,921.7621291,207.4752412,0,0,0,0,0,0,0,5938.573812,0,0,1594.260637,0,0,0,0,0,0,862.4633549,409.4983567,421.2075335,280.2792069,1117.859004,746.1413995,419.4859625,5.444717259,0,654.17298,969.4316371,87.99387375,0,1043.336724,201.7781384,87.80466543,980.3431286,546.5501257,806.6057131,246.4486916,0
"Weberine, 5-desmethoxy-",4026444.041,2859599.345,1897742.082,1241436.32,3202613.29,3577164.427,3218952.475,1546688.485,2281189.398,23511359,1612392.087,1987718.715,1338176.742,1761752.595,2169662.717,7550660.566,1265364.618,0,0,20003605.42,0,18236018.36,0,13908637.36,0,18625450.49,0,0,0,0,0,0,0,0,0,0,15749090.94,0,0,0,0,0,20616589.98,0,0,0,0,0,0,0,0,0,0,11281237.73,0,19102403.39,0,0,30838868.9,0,0,0,0,0,0,0,0,0,0,0,0,0,0,0,0,0,0,0,0,0,0,0
Xylazine,3010909.186,6407575.386,1993863.88,1013586.826,3682758.204,1148369.826,1188008.469,6302594.817,4478327.542,2581459.819,2903805.44,820466.3616,2377864.891,4145478.557,3141652.91,5262323.345,3551263.695,2121518.175,2476126.882,4816584.377,3704625.999,2510222.018,1357356.308,2515779.225,3665496.747,4343785.473,5164338.076,3054308.87,2545316.15,2249514.435,3011434.735,3930047.349,6508249.669,5096561.104,1773156.454,2036043.292,1698679.982,1772683.312,3561801.25,2114407.602,5343629.469,3135728.12,2169697.517,4001868.265,2279195.4,1800606.364,2539289.789,4641744.7,3607870.534,2845866.668,1705540.547,4865534.341,1431129.931,3411998.431,2500526.468,2037993.713,2828317.628,4099899.03,5397366.828,3141811.961,3977735.211,2180270.028,3123284.554,4813920.613,3076681.634,3147703.789,3350268.384,4147045.748,2752113.136,2290776.449,2381281.181,3212537.457,2084362.175,1871362.247,3575040.966,3502471.766,5015675.79,2776032.829,3549224.983,3196241.587,2858663.428,3813658.447
Yangonin,92795.1082,94316.06881,91109.35556,76910.4296,93167.34542,139431.1469,144312.6742,75838.70609,90970.5894,38875.70964,107246.4554,72234.40807,72265.35254,51159.03135,57893.48551,127062.8361,68460.68691,225709.3627,91862.21712,0,67871.44629,81574.23062,163616.4995,72396.95611,71849.29316,105952.875,95587.81412,56267.08459,58684.52001,62195.25552,112386.3626,55282.60069,75213.2272,93046.98813,72562.71539,65119.42185,69860.72543,65747.40886,90818.5077,100794.4185,183795.45,112808.7325,57268.53826,103353.6219,49160.95646,48426.41647,121980.6022,126358.9078,80691.64765,132962.7978,28114.88288,76434.04157,38102.05218,43474.1985,65556.72095,101832.6604,91820.9344,74611.50159,23969.44025,128331.8824,223495.4445,64081.07806,70626.88505,99694.01355,0,101742.6406,71234.40314,140959.9138,41866.99585,60416.54098,88742.10584,158204.8968,78276.31615,85825.27114,63737.26556,88381.51919,18836.3633,93021.61688,167944.8766,111291.7797,111498.9896,129206.9507