Gene,Metabolite,VECPAC r,VECPAC p,VECPAC n,DSS r,DSS p,DSS n,LPS r,LPS p,LPS n,Pooled r,Pooled p,Pooled n,Consistent,Sign,Pooled FDR
ENSMUSG00000027374-P,2-Norbornanemethanol,,,0,,,0,,,0,1.0,0.0,3,True,+,0.0
ENSMUSG00000027374-P,"3-Hydroxy-7,3',4',5'-tetramethoxyflavone",,,0,,,0,,,0,1.0,0.0,3,True,+,0.0
ENSMUSG00000027374-P,4-Oxohexanoic acid,-0.5,0.6666666666666666,3,-1.0,0.0,3,-0.7999999999999999,0.2000000000000001,4,-0.8545454545454544,0.0016368033159867,10,True,-,0.0661368564769408
ENSMUSG00000027374-P,"5-Nonanol, tert-butyldimethylsilyl ether",-0.5,0.6666666666666666,3,-1.0,0.0,3,-0.8827348295047495,0.019820416588882,6,-0.7684257828756417,0.003501832741786,12,True,-,0.1308316367960453
ENSMUSG00000027374-P,Heptanoic acid,-1.0,0.0,3,-1.0,0.0,3,-0.6377481392176932,0.1730711102412598,6,-0.7670764828304892,0.0035961764453839,12,True,-,0.1340986995490064
ENSMUSG00000027374-P,Isosorbide,1.0,0.0,3,,,0,,,0,1.0,0.0,3,True,+,0.0
ENSMUSG00000027374-P,L-Alanine,0.0,1.0,3,-0.8660254037844387,0.3333333333333332,3,-0.8116794499134279,0.0498575851013403,6,-0.7697822283848319,0.0034088960930081,12,True,-,0.127827485583832
ENSMUSG00000027374-P,Lignoceric acid,-1.0,0.0,3,-1.0,0.0,3,-0.9856107606091624,0.0003090856678496,6,-0.795097541564023,0.0019934857741352,12,True,-,0.0794125677116889
ENSMUSG00000027374-P,"N-[(3,4,5-Trimethoxyphenyl)methylidene]hydroxylamine",,,0,,,0,-1.0,0.0,3,-1.0,0.0,3,True,-,0.0
ENSMUSG00000027374-P,N-Acetylaspartic acid,-0.5,0.6666666666666666,3,-1.0,0.0,3,-0.7,0.1881204043741873,5,-0.8181818181818182,0.0020831448404786,11,True,-,0.0824810087113129
ENSMUSG00000027374-P,Octanoic acid,,,0,,,0,-0.7999999999999999,0.2000000000000001,4,-0.942857142857143,0.004804664723032,6,True,-,0.1679020985499759
ENSMUSG00000027374-P,Pentanedioic acid,-0.5,0.6666666666666666,3,,,0,-0.8116794499134279,0.0498575851013403,6,-0.8564942494470258,0.0007614084643335,11,True,-,0.032328527644349
ENSMUSG00000042626-P,"1,2-Bis(trimethylsiloxy)cyclohexene",,,0,,,0,,,0,-1.0,0.0,3,True,-,0.0
ENSMUSG00000042626-P,"13-Docosenamide, (Z)",,,0,,,0,-1.0,0.0,3,-1.0,0.0,3,True,-,0.0
ENSMUSG00000042626-P,2-Aminoquinolin-8-ol,,,0,,,0,,,0,-1.0,0.0,3,True,-,0.0
ENSMUSG00000042626-P,"3-(4,7-Dimethoxy-2H-1,3-benzodioxol-5-yl)-2-methylprop-2-enal",-0.5,0.6666666666666666,3,-0.5,0.6666666666666666,3,-0.8285714285714287,0.0415626822157433,6,-0.7902097902097903,0.0022231354099909,12,True,-,0.0874109733841736
ENSMUSG00000042626-P,7-Hydroxy-4-(methoxymethyl)coumarin,,,0,,,0,-1.0,0.0,3,-1.0,0.0,4,True,-,0.0
ENSMUSG00000042626-P,Azelaic acid,-1.0,0.0,3,-1.0,0.0,3,-0.5797710356524484,0.227783956715016,6,-0.8441343943477072,0.0005542616819347,12,True,-,0.0237261700109478
ENSMUSG00000042626-P,Butanedioic acid,-0.5,0.6666666666666666,3,-1.0,0.0,3,-0.7142857142857143,0.1107871720116617,6,-0.8391608391608393,0.0006428259886278,12,True,-,0.0273938531641632
ENSMUSG00000042626-P,cis-2-Decenoic acid,,,0,,,0,,,0,1.0,0.0,3,True,+,0.0
ENSMUSG00000042626-P,Diethylamine,0.5,0.6666666666666666,3,-1.0,0.0,3,-0.8406680016960503,0.0360575728451592,6,-0.8161133356141735,0.0012051543656321,12,True,-,0.0495874267733696
ENSMUSG00000042626-P,"Erythrono-1,4-lactone",0.5,0.6666666666666666,3,-0.5,0.6666666666666666,3,-0.942857142857143,0.004804664723032,6,-0.7902097902097903,0.0022231354099909,12,True,-,0.0874109733841736
ENSMUSG00000042626-P,Glabridin,,,0,,,0,,,0,-1.0,0.0,4,True,-,0.0
ENSMUSG00000042626-P,L-Val-L-Leu,,,0,,,0,-1.0,0.0,3,-1.0,0.0,3,True,-,0.0
ENSMUSG00000042626-P,Tyr-Val,,,0,,,0,,,0,1.0,0.0,3,True,+,0.0
ENSMUSG00000055681-P,"3,4-Dihydroxybenzaldehyde",1.0,0.0,3,,,0,,,0,1.0,0.0,3,True,+,0.0
ENSMUSG00000055681-P,4-tert-Butyldimethylsiloxy-3-penten-2-one,,,0,,,0,-1.0,0.0,4,-1.0,0.0,4,True,-,0.0
ENSMUSG00000055681-P,"Benzene, 1-ethyl-3,5-dimethyl",,,0,,,0,,,0,1.0,0.0,4,True,+,0.0
ENSMUSG00000055681-P,tert-butyl(dimethyl)silyl-2-([tert-butyl(dimethyl)silyl]oxy)hex-2-enoate,,,0,,,0,1.0,0.0,4,1.0,0.0,4,True,+,0.0
ENSMUSG00000055681-P,Tyr-Val,,,0,,,0,,,0,-1.0,0.0,3,True,-,0.0
ENSMUSG00000028412-P,"3,4-Dihydroxybenzaldehyde",1.0,0.0,3,,,0,,,0,1.0,0.0,3,True,+,0.0
ENSMUSG00000028412-P,L-Val-L-Leu,,,0,,,0,-1.0,0.0,3,-1.0,0.0,3,True,-,0.0
ENSMUSG00000028412-P,Spiroxamine,,,0,,,0,0.8999999999999998,0.0373860734684987,5,0.8499999999999999,0.0037047773275858,9,True,+,0.1377359741682877
ENSMUSG00000028412-P,Tyr-Val,,,0,,,0,,,0,-1.0,0.0,3,True,-,0.0
ENSMUSG00000054484-P,2-Aminoquinolin-8-ol,,,0,,,0,,,0,-1.0,0.0,3,True,-,0.0
ENSMUSG00000054484-P,"3,4-Dihydroxybenzaldehyde",1.0,0.0,3,,,0,,,0,1.0,0.0,3,True,+,0.0
ENSMUSG00000054484-P,cis-2-Decenoic acid,,,0,,,0,,,0,1.0,0.0,3,True,+,0.0
ENSMUSG00000054484-P,"N-[(3,4,5-Trimethoxyphenyl)methylidene]hydroxylamine",,,0,,,0,1.0,0.0,3,1.0,0.0,3,True,+,0.0
ENSMUSG00000054484-P,Pentanedioic acid,1.0,0.0,3,,,0,0.8406680016960503,0.0360575728451592,6,0.7836011218345129,0.0043229900186627,11,True,+,0.1567046381851812
ENSMUSG00000054484-P,Tyr-Val,,,0,,,0,,,0,-1.0,0.0,3,True,-,0.0
ENSMUSG00000024425-P,"1,2-Bis(trimethylsiloxy)cyclohexene",,,0,,,0,,,0,1.0,0.0,3,True,+,0.0
ENSMUSG00000024425-P,"13-Docosenamide, (Z)",,,0,,,0,-1.0,0.0,3,-1.0,0.0,3,True,-,0.0
ENSMUSG00000024425-P,"3,4-Dihydroxybenzaldehyde",1.0,0.0,3,,,0,,,0,1.0,0.0,3,True,+,0.0
ENSMUSG00000024425-P,4-Oxohexanoic acid,1.0,0.0,3,1.0,0.0,3,0.3999999999999999,0.6,4,0.8060606060606059,0.0048620611019646,10,True,+,0.1693978733774359
ENSMUSG00000024425-P,Butyric Acid,0.5,0.6666666666666666,3,1.0,0.0,3,0.0869656553478672,0.8698803787001028,6,0.7670764828304892,0.0035961764453839,12,True,+,0.1340986995490064
ENSMUSG00000024425-P,cis-2-Decenoic acid,,,0,,,0,,,0,1.0,0.0,3,True,+,0.0
ENSMUSG00000024425-P,Hypoxanthine,0.5,0.6666666666666666,3,1.0,0.0,3,0.3142857142857143,0.5440932944606415,6,0.7482517482517484,0.005124081698753,12,True,+,0.176962914072306
ENSMUSG00000024425-P,L-(+)-Threose,,,0,,,0,-1.0,0.0,3,-1.0,0.0,3,True,-,0.0
ENSMUSG00000024425-P,"l-Leucine, n-butoxycarbonyl-N-methyl-, hexadecyl ester",,,0,,,0,,,0,-1.0,0.0,4,True,-,0.0
ENSMUSG00000024425-P,Pentanoic acid,1.0,0.0,3,1.0,0.0,3,0.3142857142857143,0.5440932944606415,6,0.8041958041958043,0.0016147689860699,12,True,+,0.0653602928999312
ENSMUSG00000024425-P,Prostaglandin,,,0,1.0,0.0,3,,,0,1.0,0.0,6,True,+,0.0
ENSMUSG00000024425-P,Tyr-Val,,,0,,,0,,,0,-1.0,0.0,3,True,-,0.0
ENSMUSG00000032216-P,"(2R)-Pyrrolidine-1,2-dicarboxylic acid, bis(tert-butyldimethylsilyl) ester",1.0,0.0,3,1.0,0.0,3,0.5797710356524484,0.227783956715016,6,0.7880922768806397,0.0023286751402374,12,True,+,0.0910978063660742
ENSMUSG00000032216-P,"1,2-Bis(trimethylsiloxy)cyclohexene",,,0,,,0,,,0,1.0,0.0,3,True,+,0.0
ENSMUSG00000032216-P,2-Aminoquinolin-8-ol,,,0,,,0,,,0,1.0,0.0,3,True,+,0.0
ENSMUSG00000032216-P,2-Buten-1-ol,,,0,,,0,,,0,0.942857142857143,0.004804664723032,6,True,+,0.1679020985499759
ENSMUSG00000032216-P,2-Norbornanemethanol,,,0,,,0,,,0,1.0,0.0,3,True,+,0.0
ENSMUSG00000032216-P,"3-Hydroxy-7,3',4',5'-tetramethoxyflavone",,,0,,,0,,,0,1.0,0.0,3,True,+,0.0
ENSMUSG00000032216-P,"5-Ethyl-1,3-dioxane-5-methanol, tert-butyldimethylsilyl ether",-1.0,0.0,3,,,0,-1.0,0.0,4,-0.9,0.0009430623223403,9,True,-,0.0395272701363655
ENSMUSG00000032216-P,Isosorbide,1.0,0.0,3,,,0,,,0,1.0,0.0,3,True,+,0.0
ENSMUSG00000032216-P,L-(+)-Threose,,,0,,,0,1.0,0.0,3,1.0,0.0,3,True,+,0.0
ENSMUSG00000032216-P,"l-Leucine, n-butoxycarbonyl-N-methyl-, hexadecyl ester",,,0,,,0,,,0,-1.0,0.0,4,True,-,0.0
ENSMUSG00000025979-P,"13-Docosenamide, (Z)",,,0,,,0,-1.0,0.0,3,-1.0,0.0,3,True,-,0.0
ENSMUSG00000025979-P,"1-Pentene, 1,3-diphenyl-1-(trimethylsilyloxy)-",,,0,,,0,,,0,-1.0,0.0,4,True,-,0.0
ENSMUSG00000025979-P,Chlorobenzilate ,,,0,,,0,,,0,-1.0,0.0,4,True,-,0.0
ENSMUSG00000051343-P,2-Aminoquinolin-8-ol,,,0,,,0,,,0,-1.0,0.0,3,True,-,0.0
ENSMUSG00000051343-P,2-Norbornanemethanol,,,0,,,0,,,0,1.0,0.0,3,True,+,0.0
ENSMUSG00000051343-P,Isosorbide,-1.0,0.0,3,,,0,,,0,-1.0,0.0,3,True,-,0.0
ENSMUSG00000051343-P,L-Val-L-Leu,,,0,,,0,-1.0,0.0,3,-1.0,0.0,3,True,-,0.0
ENSMUSG00000051343-P,"N-[(3,4,5-Trimethoxyphenyl)methylidene]hydroxylamine",,,0,,,0,1.0,0.0,3,1.0,0.0,3,True,+,0.0
ENSMUSG00000051343-P,Octadecanoic acid,,,0,,,0,,,0,-1.0,0.0,3,True,-,0.0
ENSMUSG00000051343-P,tert-butyl(dimethyl)silyl-2-([tert-butyl(dimethyl)silyl]oxy)hex-2-enoate,,,0,,,0,-1.0,0.0,4,-1.0,0.0,4,True,-,0.0
ENSMUSG00000035443-P,2-Aminoquinolin-8-ol,,,0,,,0,,,0,-1.0,0.0,3,True,-,0.0
ENSMUSG00000035443-P,"3,3-Dimethylacrylic acid",,,0,,,0,,,0,-1.0,0.0,4,True,-,0.0
ENSMUSG00000035443-P,"4,5-Dihydro-1H-pyrazole",,,0,,,0,,,0,-1.0,0.0,4,True,-,0.0
ENSMUSG00000035443-P,L-(+)-Threose,,,0,,,0,-1.0,0.0,3,-1.0,0.0,3,True,-,0.0
ENSMUSG00000028991-P,"1,2-Bis(trimethylsiloxy)cyclohexene",,,0,,,0,,,0,-1.0,0.0,3,True,-,0.0
ENSMUSG00000028991-P,2-Norbornanemethanol,,,0,,,0,,,0,-1.0,0.0,3,True,-,0.0
ENSMUSG00000028991-P,"3,3-Dimethylacrylic acid",,,0,,,0,,,0,-1.0,0.0,4,True,-,0.0
ENSMUSG00000028991-P,"3-Hydroxy-7,3',4',5'-tetramethoxyflavone",,,0,,,0,,,0,-1.0,0.0,3,True,-,0.0
ENSMUSG00000028991-P,4-Oxohexanoic acid,0.5,0.6666666666666666,3,0.5,0.6666666666666666,3,1.0,0.0,4,0.8060606060606059,0.0048620611019646,10,True,+,0.1693978733774359
ENSMUSG00000028991-P,Citramalic acid,0.8660254037844387,0.3333333333333332,3,0.5,0.6666666666666666,3,0.7181848464596079,0.1717953049079889,5,0.7945288310603683,0.0034824595262923,11,True,+,0.130165490773437
ENSMUSG00000028991-P,Glycolic acid,1.0,0.0,3,1.0,0.0,3,0.9276336570439176,0.0076658441874731,6,0.795097541564023,0.0019934857741352,12,True,+,0.0794125677116889
ENSMUSG00000028991-P,Isosorbide,-1.0,0.0,3,,,0,,,0,-1.0,0.0,3,True,-,0.0
ENSMUSG00000028991-P,"N-[(3,4,5-Trimethoxyphenyl)methylidene]hydroxylamine",,,0,,,0,-1.0,0.0,3,-1.0,0.0,3,True,-,0.0
ENSMUSG00000028991-P,Pentanedioic acid,0.5,0.6666666666666666,3,,,0,0.6957252427829382,0.1247893374402869,6,0.7699336604071668,0.005574581301564,11,True,+,0.1897300891266952
ENSMUSG00000028991-P,tert-butyl(dimethyl)silyl-2-([tert-butyl(dimethyl)silyl]oxy)hex-2-enoate,,,0,,,0,1.0,0.0,4,1.0,0.0,4,True,+,0.0
ENSMUSG00000036948-P,"1,2-Bis(trimethylsiloxy)cyclohexene",,,0,,,0,,,0,-1.0,0.0,3,True,-,0.0
ENSMUSG00000036948-P,"13-Docosenamide, (Z)",,,0,,,0,-1.0,0.0,3,-1.0,0.0,3,True,-,0.0
ENSMUSG00000036948-P,"2,4-Dimethoxybenzaldoxime",,,0,,,0,,,0,-1.0,0.0,3,True,-,0.0
ENSMUSG00000036948-P,2-Aminoquinolin-8-ol,,,0,,,0,,,0,-1.0,0.0,3,True,-,0.0
ENSMUSG00000036948-P,3-(4-Methoxyphenyl)coumarin,,,0,,,0,1.0,0.0,3,1.0,0.0,4,True,+,0.0
ENSMUSG00000036948-P,alpha-Hydroxyisobutyric acid,,,0,,,0,-0.7714285714285715,0.0723965014577259,6,-0.9047619047619048,0.0020082755054294,8,True,-,0.0796373285451544
ENSMUSG00000036948-P,Azelaic acid,-1.0,0.0,3,-1.0,0.0,3,-0.5507824838698261,0.2573693316225746,6,-0.7915949092223313,0.0021561039619187,12,True,-,0.0851117252603992
ENSMUSG00000036948-P,Butanedioic acid,-0.5,0.6666666666666666,3,-1.0,0.0,3,-0.7714285714285715,0.0723965014577259,6,-0.8251748251748254,0.0009513628555555,12,True,-,0.0397714595917899
ENSMUSG00000036948-P,L-(+)-Threose,,,0,,,0,-1.0,0.0,3,-1.0,0.0,3,True,-,0.0
ENSMUSG00000036948-P,"l-Leucine, n-butoxycarbonyl-N-methyl-, hexadecyl ester",,,0,,,0,,,0,1.0,0.0,4,True,+,0.0
ENSMUSG00000036948-P,L-Val-L-Leu,,,0,,,0,-1.0,0.0,3,-1.0,0.0,3,True,-,0.0
ENSMUSG00000036948-P,Suberic acid,,,0,-1.0,0.0,3,-0.7714285714285715,0.0723965014577259,6,-0.8000000000000002,0.0031104283103858,11,True,-,0.1176276726103183
ENSMUSG00000036948-P,Tyr-Val,,,0,,,0,,,0,1.0,0.0,3,True,+,0.0
ENSMUSG00000033900-P,2-Aminoquinolin-8-ol,,,0,,,0,,,0,1.0,0.0,3,True,+,0.0
ENSMUSG00000033900-P,"3,3-Dimethylacrylic acid",,,0,,,0,,,0,1.0,0.0,4,True,+,0.0
ENSMUSG00000033900-P,"4,5-Dihydro-1H-pyrazole",,,0,,,0,,,0,1.0,0.0,4,True,+,0.0
ENSMUSG00000033900-P,7-Hydroxy-4-(methoxymethyl)coumarin,,,0,,,0,1.0,0.0,3,1.0,0.0,4,True,+,0.0
ENSMUSG00000033900-P,cis-2-Decenoic acid,,,0,,,0,,,0,-1.0,0.0,3,True,-,0.0
ENSMUSG00000033900-P,L-(+)-Threose,,,0,,,0,1.0,0.0,3,1.0,0.0,3,True,+,0.0
ENSMUSG00000041936-P,Azelaic acid,-1.0,0.0,3,-0.5,0.6666666666666666,3,-0.6377481392176932,0.1730711102412598,6,-0.7775843798555645,0.0029101723128612,12,True,-,0.1110190620867663
ENSMUSG00000041936-P,Ethanolamine,-1.0,0.0,3,-0.8660254037844387,0.3333333333333332,3,-0.0579771035652448,0.9131317851623264,6,-0.743864228171854,0.0055414636136485,12,True,-,0.188679669155331
ENSMUSG00000041936-P,Octanoic acid,,,0,,,0,-0.7999999999999999,0.2000000000000001,4,-0.942857142857143,0.004804664723032,6,True,-,0.1679020985499759
ENSMUSG00000041936-P,Sarcosine,,,0,,,0,,,0,0.942857142857143,0.004804664723032,6,True,+,0.1679020985499759
ENSMUSG00000041936-P,Tyr-Val,,,0,,,0,,,0,1.0,0.0,3,True,+,0.0
ENSMUSG00000034584-P,2-Aminoquinolin-8-ol,,,0,,,0,,,0,1.0,0.0,3,True,+,0.0
ENSMUSG00000034584-P,2-Norbornanemethanol,,,0,,,0,,,0,-1.0,0.0,3,True,-,0.0
ENSMUSG00000034584-P,"3,4-Dihydroxybenzaldehyde",-1.0,0.0,3,,,0,,,0,-1.0,0.0,3,True,-,0.0
ENSMUSG00000034584-P,"3-Hydroxy-7,3',4',5'-tetramethoxyflavone",,,0,,,0,,,0,1.0,0.0,3,True,+,0.0
ENSMUSG00000034584-P,Glabridin,,,0,,,0,,,0,1.0,0.0,4,True,+,0.0
ENSMUSG00000034584-P,L-Val-L-Leu,,,0,,,0,1.0,0.0,3,1.0,0.0,3,True,+,0.0
ENSMUSG00000034584-P,Methyl lactate,,,0,0.5,0.6666666666666666,3,0.0857142857142857,0.8717434402332361,6,0.7818181818181819,0.004473162252783,11,True,+,0.1611140357001344
ENSMUSG00000034584-P,"N-[(3,4,5-Trimethoxyphenyl)methylidene]hydroxylamine",,,0,,,0,1.0,0.0,3,1.0,0.0,3,True,+,0.0
ENSMUSG00000034584-P,Tyr-Val,,,0,,,0,,,0,1.0,0.0,3,True,+,0.0
ENSMUSG00000068921-P,"1,2-Bis(trimethylsiloxy)cyclohexene",,,0,,,0,,,0,-1.0,0.0,3,True,-,0.0
ENSMUSG00000068921-P,"1,2-Cinnolinedicarboxylic acid, 1,2,3,5,6,7,8,8a-octahydro-4-trimethylsilyloxy-, diethyl ester",,,0,,,0,,,0,-1.0,0.0,3,True,-,0.0
ENSMUSG00000068921-P,2-Buten-1-ol,,,0,,,0,,,0,-0.942857142857143,0.004804664723032,6,True,-,0.1679020985499759
ENSMUSG00000068921-P,2-Norbornanemethanol,,,0,,,0,,,0,-1.0,0.0,3,True,-,0.0
ENSMUSG00000068921-P,cis-2-Decenoic acid,,,0,,,0,,,0,1.0,0.0,3,True,+,0.0
ENSMUSG00000068921-P,L-Val-L-Leu,,,0,,,0,-1.0,0.0,3,-1.0,0.0,3,True,-,0.0
ENSMUSG00000068921-P,"N-[(3,4,5-Trimethoxyphenyl)methylidene]hydroxylamine",,,0,,,0,1.0,0.0,3,1.0,0.0,3,True,+,0.0
ENSMUSG00000049670-P,2-Norbornanemethanol,,,0,,,0,,,0,-1.0,0.0,3,True,-,0.0
ENSMUSG00000049670-P,"3,4-Dihydroxybenzaldehyde",1.0,0.0,3,,,0,,,0,1.0,0.0,3,True,+,0.0
ENSMUSG00000049670-P,L-Serine,1.0,0.0,3,,,0,,,0,1.0,1.4042654220543602e-24,5,True,+,6.303055151107153e-23
ENSMUSG00000049670-P,"N-[(3,4,5-Trimethoxyphenyl)methylidene]hydroxylamine",,,0,,,0,1.0,0.0,3,1.0,0.0,3,True,+,0.0
ENSMUSG00000049670-P,Octadecanoic acid,,,0,,,0,,,0,1.0,0.0,3,True,+,0.0
ENSMUSG00000044224-P,"13-Docosenamide, (Z)",,,0,,,0,1.0,0.0,3,1.0,0.0,3,True,+,0.0
ENSMUSG00000044224-P,"2,4-Dimethoxybenzaldoxime",,,0,,,0,,,0,1.0,0.0,3,True,+,0.0
ENSMUSG00000044224-P,"2,5-Dimethoxybenzhydrazide",,,0,0.5,0.6666666666666666,3,0.8285714285714287,0.0415626822157433,6,0.8636363636363636,0.0006116938500931,11,True,+,0.0261418108076196
ENSMUSG00000044224-P,"2,5-Dimethoxyphenol",1.0,0.0,3,1.0,0.0,3,0.6,0.208,6,0.8251748251748254,0.0009513628555555,12,True,+,0.0397714595917899
ENSMUSG00000044224-P,"2',5'-Dimethoxypropiophenone",0.5,0.6666666666666666,3,0.5,0.6666666666666666,3,0.7142857142857143,0.1107871720116617,6,0.7762237762237763,0.0029928636801859,12,True,+,0.1136263097655619
ENSMUSG00000044224-P,2-Aminoquinolin-8-ol,,,0,,,0,,,0,1.0,0.0,3,True,+,0.0
ENSMUSG00000044224-P,"3-(4,7-Dimethoxy-2H-1,3-benzodioxol-5-yl)-2-methylprop-2-enal",0.5,0.6666666666666666,3,1.0,0.0,3,0.8285714285714287,0.0415626822157433,6,0.8461538461538463,0.000521133700481,12,True,+,0.0223584549031827
ENSMUSG00000044224-P,"3,4-Dihydroxybenzaldehyde",-1.0,0.0,3,,,0,,,0,-1.0,0.0,3,True,-,0.0
ENSMUSG00000044224-P,"3-Hydroxy-7,3',4',5'-tetramethoxyflavone",,,0,,,0,,,0,1.0,0.0,3,True,+,0.0
ENSMUSG00000044224-P,7-Hydroxy-4-(methoxymethyl)coumarin,,,0,,,0,1.0,0.0,3,1.0,0.0,4,True,+,0.0
ENSMUSG00000044224-P,Aceturic acid,0.5,0.6666666666666666,3,,,0,0.8285714285714287,0.0415626822157433,6,0.9636363636363636,1.8520398640703128e-06,11,True,+,8.309323796410805e-05
ENSMUSG00000044224-P,Azelaic acid,-0.5,0.6666666666666666,3,0.5,0.6666666666666666,3,0.5797710356524484,0.227783956715016,6,0.7986001739057148,0.0018404248554876,12,True,+,0.0737794261906329
ENSMUSG00000044224-P,"Benzene, 1,4-dimethoxy",0.8660254037844387,0.3333333333333332,3,0.5,0.6666666666666666,3,0.7714285714285715,0.0723965014577259,6,0.7460606887803388,0.0053294347525701,12,True,+,0.1820984623388383
ENSMUSG00000044224-P,Butanedioic acid,-1.0,0.0,3,0.5,0.6666666666666666,3,0.7142857142857143,0.1107871720116617,6,0.7762237762237763,0.0029928636801859,12,True,+,0.1136263097655619
ENSMUSG00000044224-P,cis-2-Decenoic acid,,,0,,,0,,,0,-1.0,0.0,3,True,-,0.0
ENSMUSG00000044224-P,"Cyclohexanone, 3,3,5-trimethyl",1.0,0.0,3,1.0,0.0,3,0.7999999999999999,0.1040880386618278,5,0.8454545454545455,0.0010451821458586,11,True,+,0.0434501308308189
ENSMUSG00000044224-P,Cyclooctylamine,1.0,0.0,3,1.0,0.0,3,0.7714285714285715,0.0723965014577259,6,0.8391608391608393,0.0006428259886278,12,True,+,0.0273938531641632
ENSMUSG00000044224-P,Diethylamine,1.0,0.0,3,0.5,0.6666666666666666,3,0.8406680016960503,0.0360575728451592,6,0.8651501883978578,0.0002788118440839,12,True,+,0.0122076585714354
ENSMUSG00000044224-P,"Erythrono-1,4-lactone",-0.5,0.6666666666666666,3,-0.5,0.6666666666666666,3,0.942857142857143,0.004804664723032,6,0.7902097902097903,0.0022231354099909,12,True,+,0.0874109733841736
ENSMUSG00000044224-P,L-Ornithine,,,0,,,0,,,0,1.0,0.0,4,True,+,0.0
ENSMUSG00000044224-P,L-Val-L-Leu,,,0,,,0,1.0,0.0,3,1.0,0.0,3,True,+,0.0
ENSMUSG00000044224-P,"Naringenin 4',7-dimethylether",,,0,1.0,0.0,3,0.6668859288553501,0.2188939813132315,5,0.8862434338158116,0.0033733429323523,8,True,+,0.1265397257245403
ENSMUSG00000044224-P,N-Methylacetamide,-0.5,0.6666666666666666,3,0.8660254037844387,0.3333333333333332,3,0.6377481392176932,0.1730711102412598,6,0.743864228171854,0.0055414636136485,12,True,+,0.188679669155331
ENSMUSG00000044224-P,Octadecanoic acid,,,0,,,0,,,0,-1.0,0.0,3,True,-,0.0
ENSMUSG00000044224-P,Trimethylolpropane,,,0,,,0,0.9746794344808964,0.0048182304681985,5,0.8982196964349441,0.0024387967963823,8,True,+,0.0951385740545402
ENSMUSG00000030216-P,"1,2-Bis(trimethylsiloxy)cyclohexene",,,0,,,0,,,0,1.0,0.0,3,True,+,0.0
ENSMUSG00000030216-P,"13-Docosenamide, (Z)",,,0,,,0,1.0,0.0,3,1.0,0.0,3,True,+,0.0
ENSMUSG00000030216-P,"2,5-Dimethoxyphenol",0.5,0.6666666666666666,3,0.5,0.6666666666666666,3,0.8285714285714287,0.0415626822157433,6,0.7412587412587414,0.0058011504744782,12,True,+,0.1955303081363889
ENSMUSG00000030216-P,"3-Hydroxy-7,3',4',5'-tetramethoxyflavone",,,0,,,0,,,0,1.0,0.0,3,True,+,0.0
ENSMUSG00000030216-P,7-Hydroxy-4-(methoxymethyl)coumarin,,,0,,,0,1.0,0.0,3,1.0,0.0,4,True,+,0.0
ENSMUSG00000030216-P,Azelaic acid,0.5,0.6666666666666666,3,1.0,0.0,3,0.7826908981308054,0.065703848071589,6,0.9211923058649254,2.0949776212051888e-05,12,True,+,0.0009381153539961
ENSMUSG00000030216-P,cis-2-Decenoic acid,,,0,,,0,,,0,-1.0,0.0,3,True,-,0.0
ENSMUSG00000030216-P,Diethylamine,0.5,0.6666666666666666,3,1.0,0.0,3,0.8406680016960503,0.0360575728451592,6,0.7565685858054141,0.0043984927612255,12,True,+,0.1591102973563808
ENSMUSG00000030216-P,Isosorbide,1.0,0.0,3,,,0,,,0,1.0,0.0,3,True,+,0.0
ENSMUSG00000030216-P,L-(+)-Threose,,,0,,,0,1.0,0.0,3,1.0,0.0,3,True,+,0.0
ENSMUSG00000030216-P,Phenol,0.5,0.6666666666666666,3,-0.5,0.6666666666666666,3,0.7999999999999999,0.1040880386618278,5,0.7818181818181819,0.004473162252783,11,True,+,0.1611140357001344
ENSMUSG00000030216-P,Tyr-Val,,,0,,,0,,,0,-1.0,0.0,3,True,-,0.0
ENSMUSG00000071072-P,"3-Hydroxy-7,3',4',5'-tetramethoxyflavone",,,0,,,0,,,0,1.0,0.0,3,True,+,0.0
ENSMUSG00000071072-P,4-tert-Butyldimethylsiloxy-3-penten-2-one,,,0,,,0,1.0,0.0,4,1.0,0.0,4,True,+,0.0
ENSMUSG00000071072-P,Chlorobenzilate ,,,0,,,0,,,0,-1.0,0.0,4,True,-,0.0
ENSMUSG00000071072-P,Isosorbide,1.0,0.0,3,,,0,,,0,1.0,0.0,3,True,+,0.0
ENSMUSG00000071072-P,L-Val-L-Leu,,,0,,,0,1.0,0.0,3,1.0,0.0,3,True,+,0.0
ENSMUSG00000071072-P,"N-[(3,4,5-Trimethoxyphenyl)methylidene]hydroxylamine",,,0,,,0,1.0,0.0,3,1.0,0.0,3,True,+,0.0
ENSMUSG00000021243-P,"3-Hydroxy-7,3',4',5'-tetramethoxyflavone",,,0,,,0,,,0,1.0,0.0,3,True,+,0.0
ENSMUSG00000021243-P,4-tert-Butyldimethylsiloxy-3-penten-2-one,,,0,,,0,1.0,0.0,4,1.0,0.0,4,True,+,0.0
ENSMUSG00000021243-P,"Benzaldehyde, 2,5-dimethoxy",0.8660254037844387,0.3333333333333332,3,,,3,0.8280786712108252,0.0417946804560451,6,0.7773003307575549,0.0029272900520788,12,True,+,0.1116516946844367
ENSMUSG00000021243-P,Isosorbide,1.0,0.0,3,,,0,,,0,1.0,0.0,3,True,+,0.0
ENSMUSG00000021243-P,Sulindac,,,0,,,0,-1.0,0.0,3,-1.0,1.4042654220543602e-24,5,True,-,6.303055151107153e-23
ENSMUSG00000016495-P,"1,2-Bis(trimethylsiloxy)cyclohexene",,,0,,,0,,,0,1.0,0.0,3,True,+,0.0
ENSMUSG00000016495-P,2-Aminoquinolin-8-ol,,,0,,,0,,,0,1.0,0.0,3,True,+,0.0
ENSMUSG00000016495-P,2-Norbornanemethanol,,,0,,,0,,,0,1.0,0.0,3,True,+,0.0
ENSMUSG00000016495-P,4-Methylvaleric acid,0.5,0.6666666666666666,3,0.5,0.6666666666666666,3,0.7,0.1881204043741873,5,0.8454545454545455,0.0010451821458586,11,True,+,0.0434501308308189
ENSMUSG00000016495-P,"Benzene, 1-ethyl-3,5-dimethyl",,,0,,,0,,,0,1.0,0.0,4,True,+,0.0
ENSMUSG00000016495-P,Glabridin,,,0,,,0,,,0,1.0,0.0,4,True,+,0.0
ENSMUSG00000016495-P,Isopropylamine,1.0,0.0,3,0.5,0.6666666666666666,3,0.8857142857142858,0.0188454810495626,6,0.7972027972027973,0.0019003677255282,12,True,+,0.0758912141765791
ENSMUSG00000016495-P,L-Val-L-Leu,,,0,,,0,-1.0,0.0,3,-1.0,0.0,3,True,-,0.0
ENSMUSG00000026803-P,"13-Docosenamide, (Z)",,,0,,,0,1.0,0.0,3,1.0,0.0,3,True,+,0.0
ENSMUSG00000026803-P,2-Aminoquinolin-8-ol,,,0,,,0,,,0,1.0,0.0,3,True,+,0.0
ENSMUSG00000026803-P,2-Norbornanemethanol,,,0,,,0,,,0,-1.0,0.0,3,True,-,0.0
ENSMUSG00000026803-P,"3,4-Dihydroxybenzaldehyde",-1.0,0.0,3,,,0,,,0,-1.0,0.0,3,True,-,0.0
ENSMUSG00000026803-P,cis-2-Decenoic acid,,,0,,,0,,,0,-1.0,0.0,3,True,-,0.0
ENSMUSG00000026803-P,Methyl lactate,,,0,0.5,0.6666666666666666,3,0.8857142857142858,0.0188454810495626,6,0.8454545454545455,0.0010451821458586,11,True,+,0.0434501308308189
ENSMUSG00000026803-P,Tyr-Val,,,0,,,0,,,0,1.0,0.0,3,True,+,0.0
ENSMUSG00000036188-P,"3-Hydroxy-7,3',4',5'-tetramethoxyflavone",,,0,,,0,,,0,1.0,0.0,3,True,+,0.0
ENSMUSG00000036188-P,Cyclobutylamine,0.5,0.6666666666666666,3,1.0,0.0,3,0.5217939320872036,0.2883432338003935,6,0.8371291296643238,0.0006820012896813,12,True,+,0.0290041419633647
ENSMUSG00000036188-P,Isonicotinic Acid,1.0,0.0,3,0.5,0.6666666666666666,3,0.8116794499134279,0.0498575851013403,6,0.7705791151721809,0.0033551786239375,12,True,+,0.1259035599291489
ENSMUSG00000036188-P,N-Methylacetamide,0.5,0.6666666666666666,3,0.8660254037844387,0.3333333333333332,3,0.2319084142609793,0.658373571260927,6,0.7543906087591916,0.0045804664506318,12,True,+,0.1642145950917996
ENSMUSG00000036188-P,Octadecanoic acid,,,0,,,0,,,0,-1.0,0.0,3,True,-,0.0
ENSMUSG00000068284-P,"13-Docosenamide, (Z)",,,0,,,0,1.0,0.0,3,1.0,0.0,3,True,+,0.0
ENSMUSG00000068284-P,2-Buten-1-ol,,,0,,,0,,,0,-1.0,0.0,6,True,-,0.0
ENSMUSG00000068284-P,"3,4-Dihydroxybenzaldehyde",-1.0,0.0,3,,,0,,,0,-1.0,0.0,3,True,-,0.0
ENSMUSG00000068284-P,cis-2-Decenoic acid,,,0,,,0,,,0,-1.0,0.0,3,True,-,0.0
ENSMUSG00000068284-P,L-(+)-Threose,,,0,,,0,1.0,0.0,3,1.0,0.0,3,True,+,0.0
ENSMUSG00000068284-P,Octadecanoic acid,,,0,,,0,,,0,-1.0,0.0,3,True,-,0.0
ENSMUSG00000033237-P,"13-Docosenamide, (Z)",,,0,,,0,1.0,0.0,3,1.0,0.0,3,True,+,0.0
ENSMUSG00000033237-P,"2,4-Dimethoxybenzaldoxime",,,0,,,0,,,0,1.0,0.0,3,True,+,0.0
ENSMUSG00000033237-P,"4,5-Dihydro-1H-pyrazole",,,0,,,0,,,0,1.0,0.0,4,True,+,0.0
ENSMUSG00000033237-P,7-Hydroxy-4-(methoxymethyl)coumarin,,,0,,,0,-1.0,0.0,3,-1.0,0.0,4,True,-,0.0
ENSMUSG00000033237-P,Isosorbide,-1.0,0.0,3,,,0,,,0,-1.0,0.0,3,True,-,0.0
ENSMUSG00000033237-P,L-Val-L-Leu,,,0,,,0,-1.0,0.0,3,-1.0,0.0,3,True,-,0.0
ENSMUSG00000033237-P,Octadecanoic acid,,,0,,,0,,,0,-1.0,0.0,3,True,-,0.0
ENSMUSG00000063894-P,"1,2-Bis(trimethylsiloxy)cyclohexene",,,0,,,0,,,0,1.0,0.0,3,True,+,0.0
ENSMUSG00000063894-P,"13-Docosenamide, (Z)",,,0,,,0,1.0,0.0,3,1.0,0.0,3,True,+,0.0
ENSMUSG00000063894-P,"2,4-Di-tert-butylphenol",1.0,0.0,3,1.0,0.0,3,,,0,0.9642857142857144,0.0004541491691941,7,True,+,0.0196011697980853
ENSMUSG00000063894-P,"3,4-Dihydroxybenzaldehyde",1.0,0.0,3,,,0,,,0,1.0,0.0,3,True,+,0.0
ENSMUSG00000063894-P,Azelaic acid,0.5,0.6666666666666666,3,1.0,0.0,3,0.8696565534786727,0.0243768916856907,6,0.8231186002975568,0.0010049467838746,12,True,+,0.0418858130905164
ENSMUSG00000063894-P,Tyr-Val,,,0,,,0,,,0,-1.0,0.0,3,True,-,0.0
ENSMUSG00000027536-P,"2,4-Dimethoxybenzaldoxime",,,0,,,0,,,0,-1.0,0.0,3,True,-,0.0
ENSMUSG00000027536-P,2-Aminoquinolin-8-ol,,,0,,,0,,,0,-1.0,0.0,3,True,-,0.0
ENSMUSG00000027536-P,2-Norbornanemethanol,,,0,,,0,,,0,1.0,0.0,3,True,+,0.0
ENSMUSG00000027536-P,"3-Hydroxy-7,3',4',5'-tetramethoxyflavone",,,0,,,0,,,0,-1.0,0.0,3,True,-,0.0
ENSMUSG00000027536-P,5-Azacytosine,-1.0,0.0,3,-1.0,0.0,3,-0.4928053803045811,0.3206325828658274,6,-0.8301238649809404,0.0008314183449022,12,True,-,0.0350588393509315
ENSMUSG00000027536-P,"Benzene, 1-ethyl-3,5-dimethyl",,,0,,,0,,,0,1.0,0.0,4,True,+,0.0
ENSMUSG00000027536-P,Diclofenac,,,0,,,0,,,0,-1.0,0.0,4,True,-,0.0
ENSMUSG00000027536-P,Isosorbide,-1.0,0.0,3,,,0,,,0,-1.0,0.0,3,True,-,0.0
ENSMUSG00000027536-P,"N-[(3,4,5-Trimethoxyphenyl)methylidene]hydroxylamine",,,0,,,0,1.0,0.0,3,1.0,0.0,3,True,+,0.0
ENSMUSG00000027536-P,Octadecanoic acid,,,0,,,0,,,0,-1.0,0.0,3,True,-,0.0
ENSMUSG00000027536-P,Tyr-Val,,,0,,,0,,,0,1.0,0.0,3,True,+,0.0
ENSMUSG00000069727-P,"1,2-Bis(trimethylsiloxy)cyclohexene",,,0,,,0,,,0,1.0,0.0,3,True,+,0.0
ENSMUSG00000069727-P,"3,3-Dimethylacrylic acid",,,0,,,0,,,0,1.0,0.0,4,True,+,0.0
ENSMUSG00000069727-P,L-Glutamic acid,,,0,,,0,1.0,0.0,3,1.0,1.4042654220543602e-24,5,True,+,6.303055151107153e-23
ENSMUSG00000069727-P,"N-[(3,4,5-Trimethoxyphenyl)methylidene]hydroxylamine",,,0,,,0,-1.0,0.0,3,-1.0,0.0,3,True,-,0.0
ENSMUSG00000042118-P,"13-Docosenamide, (Z)",,,0,,,0,1.0,0.0,3,1.0,0.0,3,True,+,0.0
ENSMUSG00000042118-P,Isopropylamine,1.0,0.0,3,1.0,0.0,3,0.3714285714285715,0.4684781341107872,6,0.7972027972027973,0.0019003677255282,12,True,+,0.0758912141765791
ENSMUSG00000042118-P,Luciferin,,,0,,,0,,,0,-1.0,0.0,4,True,-,0.0
ENSMUSG00000042118-P,Tyr-Val,,,0,,,0,,,0,-1.0,0.0,3,True,-,0.0
ENSMUSG00000094002-P,"13-Docosenamide, (Z)",,,0,,,0,-1.0,0.0,3,-1.0,0.0,3,True,-,0.0
ENSMUSG00000094002-P,"3-Hydroxy-7,3',4',5'-tetramethoxyflavone",,,0,,,0,,,0,-1.0,0.0,3,True,-,0.0
ENSMUSG00000094002-P,cis-2-Decenoic acid,,,0,,,0,,,0,1.0,0.0,3,True,+,0.0
ENSMUSG00000094002-P,Isosorbide,-1.0,0.0,3,,,0,,,0,-1.0,0.0,3,True,-,0.0
ENSMUSG00000094002-P,L-Val-L-Leu,,,0,,,0,1.0,0.0,3,1.0,0.0,3,True,+,0.0
ENSMUSG00000039253-P,2-Norbornanemethanol,,,0,,,0,,,0,1.0,0.0,3,True,+,0.0
ENSMUSG00000039253-P,cis-2-Decenoic acid,,,0,,,0,,,0,-1.0,0.0,3,True,-,0.0
ENSMUSG00000039253-P,L-Val-L-Leu,,,0,,,0,-1.0,0.0,3,-1.0,0.0,3,True,-,0.0
ENSMUSG00000031916-P,"1,2-Bis(trimethylsiloxy)cyclohexene",,,0,,,0,,,0,-1.0,0.0,3,True,-,0.0
ENSMUSG00000031916-P,"2,4-Dimethoxybenzaldoxime",,,0,,,0,,,0,1.0,0.0,3,True,+,0.0
ENSMUSG00000031916-P,2-Norbornanemethanol,,,0,,,0,,,0,-1.0,0.0,3,True,-,0.0
ENSMUSG00000031916-P,"3-Hydroxy-7,3',4',5'-tetramethoxyflavone",,,0,,,0,,,0,-1.0,0.0,3,True,-,0.0
ENSMUSG00000031916-P,Glabridin,,,0,,,0,,,0,-1.0,0.0,4,True,-,0.0
ENSMUSG00000031916-P,Isosorbide,-1.0,0.0,3,,,0,,,0,-1.0,0.0,3,True,-,0.0
ENSMUSG00000031916-P,L-Threonine,,,0,,,0,1.0,0.0,4,1.0,1.4042654220543602e-24,5,True,+,6.303055151107153e-23
ENSMUSG00000031916-P,"N-[(3,4,5-Trimethoxyphenyl)methylidene]hydroxylamine",,,0,,,0,-1.0,0.0,3,-1.0,0.0,3,True,-,0.0
ENSMUSG00000031916-P,Octanoic acid,,,0,,,0,-1.0,0.0,4,-1.0,0.0,6,True,-,0.0
ENSMUSG00000031916-P,Phenol,-0.5,0.6666666666666666,3,0.5,0.6666666666666666,3,-1.0,1.4042654220543602e-24,5,-0.7818181818181819,0.004473162252783,11,True,-,0.1611140357001344
ENSMUSG00000031916-P,Stearic acid,0.8660254037844387,0.3333333333333332,3,-1.0,0.0,3,0.6000000000000001,0.4,4,0.8024353176576852,0.0052114617667064,10,True,+,0.1795059052976648
ENSMUSG00000031916-P,Tyr-Val,,,0,,,0,,,0,1.0,0.0,3,True,+,0.0
ENSMUSG00000025477-P,"1,2-Cinnolinedicarboxylic acid, 1,2,3,5,6,7,8,8a-octahydro-4-trimethylsilyloxy-, diethyl ester",,,0,,,0,,,0,1.0,0.0,3,True,+,0.0
ENSMUSG00000025477-P,"13-Docosenamide, (Z)",,,0,,,0,1.0,0.0,3,1.0,0.0,3,True,+,0.0
ENSMUSG00000025477-P,"2,4-Dimethoxybenzaldoxime",,,0,,,0,,,0,1.0,0.0,3,True,+,0.0
ENSMUSG00000025477-P,2-Aminoquinolin-8-ol,,,0,,,0,,,0,-1.0,0.0,3,True,-,0.0
ENSMUSG00000025477-P,2-Butenedioic acid,,,0,0.5,0.6666666666666666,3,-0.942857142857143,0.004804664723032,6,-0.8000000000000002,0.0031104283103858,11,True,-,0.1176276726103183
ENSMUSG00000025477-P,"3-Hydroxy-7,3',4',5'-tetramethoxyflavone",,,0,,,0,,,0,-1.0,0.0,3,True,-,0.0
ENSMUSG00000025477-P,cis-2-Decenoic acid,,,0,,,0,,,0,1.0,0.0,3,True,+,0.0
ENSMUSG00000025477-P,Isosorbide,-1.0,0.0,3,,,0,,,0,-1.0,0.0,3,True,-,0.0
ENSMUSG00000025477-P,Octadecanoic acid,,,0,,,0,,,0,-1.0,0.0,3,True,-,0.0
ENSMUSG00000036371-P,"1,2-Cyclohexanediol, (Z)",,,0,-0.5,0.6666666666666666,3,-0.2898855178262242,0.5773517870348749,6,-0.7744894808829488,0.0051311814601284,11,True,-,0.1771202799073563
ENSMUSG00000036371-P,cis-2-Decenoic acid,,,0,,,0,,,0,-1.0,0.0,3,True,-,0.0
ENSMUSG00000036371-P,Isopropylamine,1.0,0.0,3,1.0,0.0,3,0.4285714285714286,0.3965014577259473,6,0.8531468531468532,0.0004181179404149,12,True,+,0.0181436266812646
ENSMUSG00000036371-P,L-(+)-Threose,,,0,,,0,1.0,0.0,3,1.0,0.0,3,True,+,0.0
ENSMUSG00000094595-P,"13-Docosenamide, (Z)",,,0,,,0,1.0,0.0,3,1.0,0.0,3,True,+,0.0
ENSMUSG00000094595-P,"1-Pentene, 1,3-diphenyl-1-(trimethylsilyloxy)-",,,0,,,0,,,0,-1.0,0.0,4,True,-,0.0
ENSMUSG00000094595-P,Isosorbide,-1.0,0.0,3,,,0,,,0,-1.0,0.0,3,True,-,0.0
ENSMUSG00000094595-P,L-(+)-Threose,,,0,,,0,1.0,0.0,3,1.0,0.0,3,True,+,0.0
ENSMUSG00000094595-P,Octadecanoic acid,,,0,,,0,,,0,-1.0,0.0,3,True,-,0.0
ENSMUSG00000041126-P,"1,2-Bis(trimethylsiloxy)cyclohexene",,,0,,,0,,,0,1.0,0.0,3,True,+,0.0
ENSMUSG00000041126-P,"1-Octanol, 2-butyl-",-0.5,0.6666666666666666,3,1.0,0.0,3,0.2059714602177748,0.6954119012537148,6,0.7508818152300792,0.0048855354855236,12,True,+,0.1700316142628828
ENSMUSG00000041126-P,2-Norbornanemethanol,,,0,,,0,,,0,1.0,0.0,3,True,+,0.0
ENSMUSG00000041126-P,3-Amino-5-methylisoxazole,,,0,1.0,0.0,3,0.6,0.208,6,0.8090909090909091,0.0025585801997139,11,True,+,0.0986327946362033
ENSMUSG00000041126-P,"Benzene, 1-ethyl-3,5-dimethyl",,,0,,,0,,,0,1.0,0.0,4,True,+,0.0
ENSMUSG00000041126-P,Glabridin,,,0,,,0,,,0,1.0,0.0,4,True,+,0.0
ENSMUSG00000041126-P,L-Val-L-Leu,,,0,,,0,-1.0,0.0,3,-1.0,0.0,3,True,-,0.0
ENSMUSG00000041126-P,"N-[(3,4,5-Trimethoxyphenyl)methylidene]hydroxylamine",,,0,,,0,1.0,0.0,3,1.0,0.0,3,True,+,0.0
ENSMUSG00000041126-P,Tyr-Val,,,0,,,0,,,0,-1.0,0.0,3,True,-,0.0
ENSMUSG00000041126-P,Xylazine,0.5,0.6666666666666666,3,1.0,0.0,3,0.2571428571428572,0.6227871720116619,6,0.7412587412587414,0.0058011504744782,12,True,+,0.1955303081363889
ENSMUSG00000034064-P,"1,2-Bis(trimethylsiloxy)cyclohexene",,,0,,,0,,,0,-1.0,0.0,3,True,-,0.0
ENSMUSG00000034064-P,"2,3-Butanediol, O-(trimethylsilyl)-, monoacetate",-1.0,0.0,3,-0.8660254037844387,0.3333333333333332,3,-0.9746794344808964,0.0048182304681985,5,-0.8219263769590017,0.0019078517267601,11,True,-,0.0761755283373314
ENSMUSG00000034064-P,"2,4-Dimethoxybenzaldoxime",,,0,,,0,,,0,-1.0,0.0,3,True,-,0.0
ENSMUSG00000034064-P,2-Aminoquinolin-8-ol,,,0,,,0,,,0,1.0,0.0,3,True,+,0.0
ENSMUSG00000034064-P,"3,4-Dihydroxybenzaldehyde",-1.0,0.0,3,,,0,,,0,-1.0,0.0,3,True,-,0.0
ENSMUSG00000034064-P,6-Oxoheptanoic acid,-0.8660254037844387,0.3333333333333332,3,-1.0,0.0,3,-0.942857142857143,0.004804664723032,6,-0.8161133356141735,0.0012051543656321,12,True,-,0.0495874267733696
ENSMUSG00000034064-P,L-(+)-Threose,,,0,,,0,-1.0,0.0,3,-1.0,0.0,3,True,-,0.0
ENSMUSG00000034064-P,L-Val-L-Leu,,,0,,,0,-1.0,0.0,3,-1.0,0.0,3,True,-,0.0
ENSMUSG00000034064-P,Myristic acid,-0.5,0.6666666666666666,3,-0.5,0.6666666666666666,3,-0.8827348295047495,0.019820416588882,6,-0.7789521634629794,0.002828809845479,12,True,-,0.108112589923977
ENSMUSG00000034064-P,N-Acetyl-L-alanine,-0.5,0.6666666666666666,3,-0.5,0.6666666666666666,3,-0.8285714285714287,0.0415626822157433,6,-0.7482517482517484,0.005124081698753,12,True,-,0.176962914072306
ENSMUSG00000034064-P,Tyr-Val,,,0,,,0,,,0,1.0,0.0,3,True,+,0.0
ENSMUSG00000004591-P,"2,4-Dimethoxybenzaldoxime",,,0,,,0,,,0,1.0,0.0,3,True,+,0.0
ENSMUSG00000004591-P,"3-Hydroxy-7,3',4',5'-tetramethoxyflavone",,,0,,,0,,,0,1.0,0.0,3,True,+,0.0
ENSMUSG00000004591-P,cis-2-Decenoic acid,,,0,,,0,,,0,-1.0,0.0,3,True,-,0.0
ENSMUSG00000004591-P,Isosorbide,1.0,0.0,3,,,0,,,0,1.0,0.0,3,True,+,0.0
ENSMUSG00000035295-P,"1,2-Cinnolinedicarboxylic acid, 1,2,3,5,6,7,8,8a-octahydro-4-trimethylsilyloxy-, diethyl ester",,,0,,,0,,,0,1.0,0.0,3,True,+,0.0
ENSMUSG00000035295-P,"2,4-Dimethoxybenzaldoxime",,,0,,,0,,,0,1.0,0.0,3,True,+,0.0
ENSMUSG00000035295-P,"3-Hydroxy-7,3',4',5'-tetramethoxyflavone",,,0,,,0,,,0,1.0,0.0,3,True,+,0.0
ENSMUSG00000035295-P,4-Methoxyphenol,0.5,0.6666666666666666,3,,,0,0.7999999999999999,0.2000000000000001,4,0.9285714285714288,0.0008629681828999,8,True,+,0.0362866919169058
ENSMUSG00000035295-P,Chlorobenzilate ,,,0,,,0,,,0,1.0,0.0,4,True,+,0.0
ENSMUSG00000035295-P,Isopropylamine,0.5,0.6666666666666666,3,1.0,0.0,3,0.6571428571428573,0.1561749271137024,6,0.7412587412587414,0.0058011504744782,12,True,+,0.1955303081363889
ENSMUSG00000035295-P,Isosorbide,1.0,0.0,3,,,0,,,0,1.0,0.0,3,True,+,0.0
ENSMUSG00000035295-P,L-Val-L-Leu,,,0,,,0,-1.0,0.0,3,-1.0,0.0,3,True,-,0.0
ENSMUSG00000035295-P,Salsoline,-0.5,0.6666666666666666,3,-0.5,0.6666666666666666,3,0.0,1.0,4,-0.8303030303030302,0.0029402270232795,10,True,-,0.1120224351283768
ENSMUSG00000035295-P,Tyr-Val,,,0,,,0,,,0,-1.0,0.0,3,True,-,0.0
ENSMUSG00000085558-P,"13-Docosenamide, (Z)",,,0,,,0,1.0,0.0,3,1.0,0.0,3,True,+,0.0
ENSMUSG00000085558-P,2-Furoic acid,-0.5,0.6666666666666666,3,-1.0,0.0,3,-1.0,0.0,4,-0.8545454545454544,0.0016368033159867,10,True,-,0.0661368564769408
ENSMUSG00000085558-P,2-Norbornanemethanol,,,0,,,0,,,0,1.0,0.0,3,True,+,0.0
ENSMUSG00000085558-P,"3,4-Dihydroxybenzaldehyde",1.0,0.0,3,,,0,,,0,1.0,0.0,3,True,+,0.0
ENSMUSG00000085558-P,N-Ethylamphetamine,-0.5,0.6666666666666666,3,,,0,0.6667366910003157,0.1480897994403528,6,0.7899625734105961,0.0038173876554122,11,True,+,0.1411690224286416
ENSMUSG00000057421-P,2-Aminoquinolin-8-ol,,,0,,,0,,,0,-1.0,0.0,3,True,-,0.0
ENSMUSG00000057421-P,"3,3-Dimethylacrylic acid",,,0,,,0,,,0,1.0,0.0,4,True,+,0.0
ENSMUSG00000057421-P,"3,4-Dihydroxybenzaldehyde",1.0,0.0,3,,,0,,,0,1.0,0.0,3,True,+,0.0
ENSMUSG00000057421-P,3-Amino-5-methylisoxazole,,,0,0.5,0.6666666666666666,3,0.6,0.208,6,0.7818181818181819,0.004473162252783,11,True,+,0.1611140357001344
ENSMUSG00000057421-P,"4,5-Dihydro-1H-pyrazole",,,0,,,0,,,0,1.0,0.0,4,True,+,0.0
ENSMUSG00000057421-P,Tyr-Val,,,0,,,0,,,0,-1.0,0.0,3,True,-,0.0
ENSMUSG00000022781-P,"1,2-Cinnolinedicarboxylic acid, 1,2,3,5,6,7,8,8a-octahydro-4-trimethylsilyloxy-, diethyl ester",,,0,,,0,,,0,1.0,0.0,3,True,+,0.0
ENSMUSG00000022781-P,"2,4-Dimethoxybenzaldoxime",,,0,,,0,,,0,1.0,0.0,3,True,+,0.0
ENSMUSG00000022781-P,"3-Hydroxy-7,3',4',5'-tetramethoxyflavone",,,0,,,0,,,0,1.0,0.0,3,True,+,0.0
ENSMUSG00000022781-P,"Benzoic acid, methyl ester",0.5,0.6666666666666666,3,-0.5,0.6666666666666666,3,0.8857142857142858,0.0188454810495626,6,0.7552447552447553,0.0045084354842942,12,True,+,0.1619683642032021
ENSMUSG00000022781-P,cis-2-Decenoic acid,,,0,,,0,,,0,-1.0,0.0,3,True,-,0.0
ENSMUSG00000022781-P,"Cyclohexanone, 3,3,5-trimethyl",0.5,0.6666666666666666,3,0.5,0.6666666666666666,3,0.7,0.1881204043741873,5,0.790909090909091,0.0037460829533974,11,True,+,0.1388516182868286
ENSMUSG00000022781-P,Isosorbide,1.0,0.0,3,,,0,,,0,1.0,0.0,3,True,+,0.0
ENSMUSG00000022781-P,N-Methylacetamide,-1.0,0.0,3,0.8660254037844387,0.3333333333333332,3,0.8986451052612952,0.0148886220055803,6,0.7473730217009665,0.0052057080300486,12,True,+,0.1794408552811292
ENSMUSG00000022781-P,Tyr-Val,,,0,,,0,,,0,-1.0,0.0,3,True,-,0.0
ENSMUSG00000030060-P,"13-Docosenamide, (Z)",,,0,,,0,-1.0,0.0,3,-1.0,0.0,3,True,-,0.0
ENSMUSG00000030060-P,2-Aminoquinolin-8-ol,,,0,,,0,,,0,-1.0,0.0,3,True,-,0.0
ENSMUSG00000030060-P,"3,4-Dihydroxybenzaldehyde",1.0,0.0,3,,,0,,,0,1.0,0.0,3,True,+,0.0
ENSMUSG00000030060-P,7-Hydroxy-4-(methoxymethyl)coumarin,,,0,,,0,-1.0,0.0,3,-1.0,0.0,4,True,-,0.0
ENSMUSG00000030060-P,cis-2-Decenoic acid,,,0,,,0,,,0,1.0,0.0,3,True,+,0.0
ENSMUSG00000030060-P,Glabridin,,,0,,,0,,,0,-1.0,0.0,4,True,-,0.0
ENSMUSG00000030060-P,m-Toluic acid,-0.5,0.6666666666666666,3,-1.0,0.0,3,-0.753702346348183,0.0835232813732598,6,-0.7915949092223313,0.0021561039619187,12,True,-,0.0851117252603992
ENSMUSG00000015112-P,"13-Docosenamide, (Z)",,,0,,,0,1.0,0.0,3,1.0,0.0,3,True,+,0.0
ENSMUSG00000015112-P,2-Aminoquinolin-8-ol,,,0,,,0,,,0,1.0,0.0,3,True,+,0.0
ENSMUSG00000015112-P,"3,3-Dimethylacrylic acid",,,0,,,0,,,0,1.0,0.0,4,True,+,0.0
ENSMUSG00000015112-P,"4,5-Dihydro-1H-pyrazole",,,0,,,0,,,0,1.0,0.0,4,True,+,0.0
ENSMUSG00000015112-P,cis-2-Decenoic acid,,,0,,,0,,,0,-1.0,0.0,3,True,-,0.0
ENSMUSG00000042426-P,"1,2-Bis(trimethylsiloxy)cyclohexene",,,0,,,0,,,0,-1.0,0.0,3,True,-,0.0
ENSMUSG00000042426-P,"13-Docosenamide, (Z)",,,0,,,0,1.0,0.0,3,1.0,0.0,3,True,+,0.0
ENSMUSG00000042426-P,"2-Methyl-1,3-butanediol",-1.0,0.0,3,-1.0,0.0,3,-0.4928053803045811,0.3206325828658274,6,-0.7460606887803388,0.0053294347525701,12,True,-,0.1820984623388383
ENSMUSG00000042426-P,2-Norbornanemethanol,,,0,,,0,,,0,1.0,0.0,3,True,+,0.0
ENSMUSG00000042426-P,Butachlor ESA,,,0,-1.0,0.0,3,-1.0,0.0,4,-0.9166666666666666,0.0005066190663052,9,True,-,0.0217759694947147
ENSMUSG00000042426-P,cis-2-Decenoic acid,,,0,,,0,,,0,-1.0,0.0,3,True,-,0.0
ENSMUSG00000042426-P,L-Val-L-Leu,,,0,,,0,-1.0,0.0,3,-1.0,0.0,3,True,-,0.0
ENSMUSG00000042426-P,N-Acetylaspartic acid,-0.5,0.6666666666666666,3,-1.0,0.0,3,-0.8999999999999998,0.0373860734684987,5,-0.790909090909091,0.0037460829533974,11,True,-,0.1388516182868286
ENSMUSG00000042426-P,Octanoic acid,,,0,,,0,-0.7999999999999999,0.2000000000000001,4,-0.942857142857143,0.004804664723032,6,True,-,0.1679020985499759
ENSMUSG00000042426-P,Tyr-Val,,,0,,,0,,,0,1.0,0.0,3,True,+,0.0
ENSMUSG00000027642-P,"1-(2,5-Dimethoxyphenyl)-1-[(trimethylsilyl)oxy]propan-2-amine",1.0,0.0,3,0.5,0.6666666666666666,3,0.6667366910003157,0.1480897994403528,6,0.80910807093079,0.0014347403699364,12,True,+,0.0585611746228777
ENSMUSG00000027642-P,3-(4-Methoxyphenyl)coumarin,,,0,,,0,1.0,0.0,3,1.0,0.0,4,True,+,0.0
ENSMUSG00000027642-P,L-(+)-Threose,,,0,,,0,-1.0,0.0,3,-1.0,0.0,3,True,-,0.0
ENSMUSG00000027642-P,Nonanoic acid,1.0,0.0,3,1.0,0.0,3,0.8720815992723809,0.0538542177275421,5,0.7881569423102951,0.0039561923045928,11,True,+,0.1445875144519187
ENSMUSG00000105382-P,2-Aminoquinolin-8-ol,,,0,,,0,,,0,1.0,0.0,3,True,+,0.0
ENSMUSG00000105382-P,2-Butenedioic acid,,,0,1.0,0.0,3,0.8285714285714287,0.0415626822157433,6,0.8792733518259361,0.0003620063251237,11,True,+,0.0157447130664749
ENSMUSG00000105382-P,"4,5-Dihydro-1H-pyrazole",,,0,,,0,,,0,1.0,0.0,4,True,+,0.0
ENSMUSG00000105382-P,4-tert-Butyldimethylsiloxy-3-penten-2-one,,,0,,,0,1.0,0.0,4,1.0,0.0,4,True,+,0.0
ENSMUSG00000105382-P,cis-2-Decenoic acid,,,0,,,0,,,0,-1.0,0.0,3,True,-,0.0
ENSMUSG00000105382-P,Cyclobutylamine,0.0,1.0,3,1.0,0.0,3,0.6377481392176932,0.1730711102412598,6,0.765442813025534,0.0037129716145614,12,True,+,0.1379669729942128
ENSMUSG00000105382-P,"N-[(3,4,5-Trimethoxyphenyl)methylidene]hydroxylamine",,,0,,,0,1.0,0.0,3,1.0,0.0,3,True,+,0.0
ENSMUSG00000105382-P,tert-butyl(dimethyl)silyl-2-([tert-butyl(dimethyl)silyl]oxy)hex-2-enoate,,,0,,,0,-1.0,0.0,4,-1.0,0.0,4,True,-,0.0
ENSMUSG00000105382-P,Tyr-Val,,,0,,,0,,,0,-1.0,0.0,3,True,-,0.0
ENSMUSG00000024081-P,"13-Docosenamide, (Z)",,,0,,,0,1.0,0.0,3,1.0,0.0,3,True,+,0.0
ENSMUSG00000024081-P,"2,4-Dimethoxybenzaldoxime",,,0,,,0,,,0,1.0,0.0,3,True,+,0.0
ENSMUSG00000024081-P,"4,5-Dihydro-1H-pyrazole",,,0,,,0,,,0,1.0,0.0,4,True,+,0.0
ENSMUSG00000024081-P,cis-2-Decenoic acid,,,0,,,0,,,0,-1.0,0.0,3,True,-,0.0
ENSMUSG00000024081-P,N-Methylacetamide,-0.5,0.6666666666666666,3,0.0,1.0,3,0.8986451052612952,0.0148886220055803,6,0.743864228171854,0.0055414636136485,12,True,+,0.188679669155331
ENSMUSG00000079442-P,"1,2-Bis(trimethylsiloxy)cyclohexene",,,0,,,0,,,0,-1.0,0.0,3,True,-,0.0
ENSMUSG00000079442-P,"1,2-Cinnolinedicarboxylic acid, 1,2,3,5,6,7,8,8a-octahydro-4-trimethylsilyloxy-, diethyl ester",,,0,,,0,,,0,1.0,0.0,3,True,+,0.0
ENSMUSG00000079442-P,2-Norbornanemethanol,,,0,,,0,,,0,-1.0,0.0,3,True,-,0.0
ENSMUSG00000079442-P,"3,4-Dihydroxybenzaldehyde",-1.0,0.0,3,,,0,,,0,-1.0,0.0,3,True,-,0.0
ENSMUSG00000079442-P,L-(+)-Threose,,,0,,,0,-1.0,0.0,3,-1.0,0.0,3,True,-,0.0
ENSMUSG00000079442-P,L-Val-L-Leu,,,0,,,0,1.0,0.0,3,1.0,0.0,3,True,+,0.0
ENSMUSG00000003184-P,2-Aminoquinolin-8-ol,,,0,,,0,,,0,1.0,0.0,3,True,+,0.0
ENSMUSG00000003184-P,2-Norbornanemethanol,,,0,,,0,,,0,-1.0,0.0,3,True,-,0.0
ENSMUSG00000003184-P,"3-Hydroxy-7,3',4',5'-tetramethoxyflavone",,,0,,,0,,,0,1.0,0.0,3,True,+,0.0
ENSMUSG00000003184-P,"4,5-Dihydro-1H-pyrazole",,,0,,,0,,,0,1.0,0.0,4,True,+,0.0
ENSMUSG00000003184-P,L-(+)-Threose,,,0,,,0,-1.0,0.0,3,-1.0,0.0,3,True,-,0.0
ENSMUSG00000003184-P,L-Val-L-Leu,,,0,,,0,1.0,0.0,3,1.0,0.0,3,True,+,0.0
ENSMUSG00000003184-P,Octacosanol,,,0,,,0,-0.7999999999999999,0.2000000000000001,4,-0.9642857142857144,0.0004541491691941,7,True,-,0.0196011697980853
ENSMUSG00000003184-P,Octadecanoic acid,,,0,,,0,,,0,-1.0,0.0,3,True,-,0.0
ENSMUSG00000005469-P,"1,2-Bis(trimethylsiloxy)cyclohexene",,,0,,,0,,,0,-1.0,0.0,3,True,-,0.0
ENSMUSG00000005469-P,"13-Docosenamide, (Z)",,,0,,,0,-1.0,0.0,3,-1.0,0.0,3,True,-,0.0
ENSMUSG00000005469-P,"2,4-Dimethoxybenzaldoxime",,,0,,,0,,,0,1.0,0.0,3,True,+,0.0
ENSMUSG00000005469-P,"3,4-Dihydroxybenzaldehyde",-1.0,0.0,3,,,0,,,0,-1.0,0.0,3,True,-,0.0
ENSMUSG00000005469-P,Tyr-Val,,,0,,,0,,,0,1.0,0.0,3,True,+,0.0
ENSMUSG00000030094-P,2-Norbornanemethanol,,,0,,,0,,,0,1.0,0.0,3,True,+,0.0
ENSMUSG00000030094-P,"3,3-Dimethylacrylic acid",,,0,,,0,,,0,1.0,0.0,4,True,+,0.0
ENSMUSG00000030094-P,"3,4-Dihydroxybenzaldehyde",1.0,0.0,3,,,0,,,0,1.0,0.0,3,True,+,0.0
ENSMUSG00000030094-P,"4,5-Dihydro-1H-pyrazole",,,0,,,0,,,0,1.0,0.0,4,True,+,0.0
ENSMUSG00000030094-P,"N-[(3,4,5-Trimethoxyphenyl)methylidene]hydroxylamine",,,0,,,0,-1.0,0.0,3,-1.0,0.0,3,True,-,0.0
ENSMUSG00000024941-P,2-Aminoquinolin-8-ol,,,0,,,0,,,0,1.0,0.0,3,True,+,0.0
ENSMUSG00000024941-P,"3-Hydroxy-7,3',4',5'-tetramethoxyflavone",,,0,,,0,,,0,-1.0,0.0,3,True,-,0.0
ENSMUSG00000024941-P,"6,7,4'-Trihydroxyisoflavone",-0.5,0.6666666666666666,3,-1.0,0.0,3,-0.9856107606091624,0.0003090856678496,6,-0.8441343943477072,0.0005542616819347,12,True,-,0.0237261700109478
ENSMUSG00000024941-P,cis-2-Decenoic acid,,,0,,,0,,,0,-1.0,0.0,3,True,-,0.0
ENSMUSG00000024941-P,Tromethamine,,,0,,,0,-0.8999999999999998,0.0373860734684987,5,-0.880952380952381,0.0038503204637324,8,True,-,0.1414605165627303
ENSMUSG00000049295-P,"1,2-Bis(trimethylsiloxy)cyclohexene",,,0,,,0,,,0,-1.0,0.0,3,True,-,0.0
ENSMUSG00000049295-P,"1,2-Cinnolinedicarboxylic acid, 1,2,3,5,6,7,8,8a-octahydro-4-trimethylsilyloxy-, diethyl ester",,,0,,,0,,,0,-1.0,0.0,3,True,-,0.0
ENSMUSG00000049295-P,"13-Docosenamide, (Z)",,,0,,,0,-1.0,0.0,3,-1.0,0.0,3,True,-,0.0
ENSMUSG00000049295-P,"2,4-Dimethoxybenzaldoxime",,,0,,,0,,,0,-1.0,0.0,3,True,-,0.0
ENSMUSG00000049295-P,2-Aminoquinolin-8-ol,,,0,,,0,,,0,1.0,0.0,3,True,+,0.0
ENSMUSG00000049295-P,2-Butenedioic acid,,,0,1.0,0.0,3,0.942857142857143,0.004804664723032,6,0.8454545454545455,0.0010451821458586,11,True,+,0.0434501308308189
ENSMUSG00000049295-P,"3,4-Dihydroxybenzaldehyde",-1.0,0.0,3,,,0,,,0,-1.0,0.0,3,True,-,0.0
ENSMUSG00000049295-P,"3-Hydroxy-7,3',4',5'-tetramethoxyflavone",,,0,,,0,,,0,1.0,0.0,3,True,+,0.0
ENSMUSG00000049295-P,cis-2-Decenoic acid,,,0,,,0,,,0,-1.0,0.0,3,True,-,0.0
ENSMUSG00000049295-P,Glabridin,,,0,,,0,,,0,1.0,0.0,4,True,+,0.0
ENSMUSG00000049295-P,L-Glutamic acid,,,0,,,0,-1.0,0.0,3,-1.0,1.4042654220543602e-24,5,True,-,6.303055151107153e-23
ENSMUSG00000049295-P,Methyl lactate,,,0,-0.5,0.6666666666666666,3,0.2571428571428572,0.6227871720116619,6,0.8000000000000002,0.0031104283103858,11,True,+,0.1176276726103183
ENSMUSG00000049097-P,"1,2-Bis(trimethylsiloxy)cyclohexene",,,0,,,0,,,0,1.0,0.0,3,True,+,0.0
ENSMUSG00000049097-P,"13-Docosenamide, (Z)",,,0,,,0,1.0,0.0,3,1.0,0.0,3,True,+,0.0
ENSMUSG00000049097-P,3-(4-Methoxyphenyl)coumarin,,,0,,,0,-1.0,0.0,3,-1.0,0.0,4,True,-,0.0
ENSMUSG00000049097-P,Isosorbide,-1.0,0.0,3,,,0,,,0,-1.0,0.0,3,True,-,0.0
ENSMUSG00000049097-P,L-Norleucine,,,0,,,0,-0.7999999999999999,0.1040880386618278,5,-0.9285714285714288,0.0025194724037946,7,True,-,0.097376722909516
ENSMUSG00000049097-P,Octadecanoic acid,,,0,,,0,,,0,-1.0,0.0,3,True,-,0.0
ENSMUSG00000049097-P,Tyr-Val,,,0,,,0,,,0,1.0,0.0,3,True,+,0.0
ENSMUSG00000070348-P,"1,2-Bis(trimethylsiloxy)cyclohexene",,,0,,,0,,,0,1.0,0.0,3,True,+,0.0
ENSMUSG00000070348-P,"2,4-Dimethoxybenzaldoxime",,,0,,,0,,,0,1.0,0.0,3,True,+,0.0
ENSMUSG00000070348-P,"2,5-Dimethoxybenzonitrile",0.5,0.6666666666666666,3,0.5,0.6666666666666666,3,1.0,0.0,6,0.8461538461538463,0.000521133700481,12,True,+,0.0223584549031827
ENSMUSG00000070348-P,2-Aminoquinolin-8-ol,,,0,,,0,,,0,1.0,0.0,3,True,+,0.0
ENSMUSG00000070348-P,"3-(4,7-Dimethoxy-2H-1,3-benzodioxol-5-yl)-2-methylprop-2-enal",1.0,0.0,3,0.5,0.6666666666666666,3,0.7714285714285715,0.0723965014577259,6,0.7552447552447553,0.0045084354842942,12,True,+,0.1619683642032021
ENSMUSG00000070348-P,5-Azacytosine,1.0,0.0,3,1.0,0.0,3,0.8116794499134279,0.0498575851013403,6,0.7986001739057148,0.0018404248554876,12,True,+,0.0737794261906329
ENSMUSG00000070348-P,alpha-Hydroxyisobutyric acid,,,0,,,0,0.942857142857143,0.004804664723032,6,0.9285714285714288,0.0008629681828999,8,True,+,0.0362866919169058
ENSMUSG00000070348-P,"Benzene, 1,4-dimethoxy",0.8660254037844387,0.3333333333333332,3,1.0,0.0,3,0.8285714285714287,0.0415626822157433,6,0.8791607177646247,0.0001651037006903,12,True,+,0.0072870230718697
ENSMUSG00000070348-P,Butachlor ESA,,,0,1.0,0.0,3,1.0,0.0,4,0.9166666666666666,0.0005066190663052,9,True,+,0.0217759694947147
ENSMUSG00000070348-P,Butanedioic acid,-0.5,0.6666666666666666,3,1.0,0.0,3,0.7714285714285715,0.0723965014577259,6,0.8041958041958043,0.0016147689860699,12,True,+,0.0653602928999312
ENSMUSG00000070348-P,Diethylamine,0.5,0.6666666666666666,3,1.0,0.0,3,0.8116794499134279,0.0498575851013403,6,0.8931712471313915,9.135974793210156e-05,12,True,+,0.0040579731575113
ENSMUSG00000070348-P,Isosorbide,1.0,0.0,3,,,0,,,0,1.0,0.0,3,True,+,0.0
ENSMUSG00000070348-P,L-(+)-Threose,,,0,,,0,1.0,0.0,3,1.0,0.0,3,True,+,0.0
ENSMUSG00000070348-P,"l-Leucine, n-butoxycarbonyl-N-methyl-, hexadecyl ester",,,0,,,0,,,0,-1.0,0.0,4,True,-,0.0
ENSMUSG00000070348-P,Pipecolic acid,-1.0,0.0,3,0.8660254037844387,0.3333333333333332,3,0.942857142857143,0.004804664723032,6,0.742558056438647,0.0056705287880292,12,True,+,0.1922440832339479
ENSMUSG00000070348-P,Suberic acid,,,0,1.0,0.0,3,0.942857142857143,0.004804664723032,6,0.7818181818181819,0.004473162252783,11,True,+,0.1611140357001344
ENSMUSG00000070348-P,Tyr-Val,,,0,,,0,,,0,-1.0,0.0,3,True,-,0.0
ENSMUSG00000046711-P,"1,2-Cinnolinedicarboxylic acid, 1,2,3,5,6,7,8,8a-octahydro-4-trimethylsilyloxy-, diethyl ester",,,0,,,0,,,0,1.0,0.0,3,True,+,0.0
ENSMUSG00000046711-P,2-Aminoquinolin-8-ol,,,0,,,0,,,0,-1.0,0.0,3,True,-,0.0
ENSMUSG00000046711-P,2-Ethylhexanoic acid,0.5,0.6666666666666666,3,-0.8660254037844387,0.3333333333333332,3,-0.4705882352941177,0.3462243028699369,6,-0.745168110378776,0.0054148453990812,12,True,-,0.1848958649589844
ENSMUSG00000046711-P,2-Norbornanemethanol,,,0,,,0,,,0,1.0,0.0,3,True,+,0.0
ENSMUSG00000046711-P,"3-Hydroxy-7,3',4',5'-tetramethoxyflavone",,,0,,,0,,,0,-1.0,0.0,3,True,-,0.0
ENSMUSG00000046711-P,Cholesterol,0.5,0.6666666666666666,3,-0.5,0.6666666666666666,3,-0.3768511731740915,0.4614828403508045,6,-0.7425580564386471,0.0056705287880292,12,True,-,0.1922440832339479
ENSMUSG00000046711-P,cis-2-Decenoic acid,,,0,,,0,,,0,1.0,0.0,3,True,+,0.0
ENSMUSG00000046711-P,Glycerol,-0.8660254037844387,0.3333333333333332,3,-1.0,0.0,3,-0.4058397249567139,0.4246625075613643,6,-0.8456140350877194,0.0005298343886992,12,True,-,0.0227130892849427
ENSMUSG00000046711-P,Isosorbide,-1.0,0.0,3,,,0,,,0,-1.0,0.0,3,True,-,0.0
ENSMUSG00000046711-P,L-(+)-Threose,,,0,,,0,1.0,0.0,3,1.0,0.0,3,True,+,0.0
ENSMUSG00000046711-P,Methyl lactate,,,0,-1.0,0.0,3,-0.8116794499134278,0.0498575851013404,6,-0.8337151470681154,0.0014272961872224,11,True,-,0.0583942168314564
ENSMUSG00000046711-P,"N-[(3,4,5-Trimethoxyphenyl)methylidene]hydroxylamine",,,0,,,0,1.0,0.0,3,1.0,0.0,3,True,+,0.0
ENSMUSG00000046711-P,Octadecanoic acid,,,0,,,0,,,0,-1.0,0.0,3,True,-,0.0
ENSMUSG00000034647-P,"2,4-Dimethoxybenzaldoxime",,,0,,,0,,,0,1.0,0.0,3,True,+,0.0
ENSMUSG00000034647-P,2-Aminoquinolin-8-ol,,,0,,,0,,,0,1.0,0.0,3,True,+,0.0
ENSMUSG00000034647-P,"3-Hydroxy-7,3',4',5'-tetramethoxyflavone",,,0,,,0,,,0,1.0,0.0,3,True,+,0.0
ENSMUSG00000034647-P,"4,5-Dihydro-1H-pyrazole",,,0,,,0,,,0,1.0,0.0,4,True,+,0.0
ENSMUSG00000034647-P,7-Hydroxy-4-(methoxymethyl)coumarin,,,0,,,0,1.0,0.0,3,1.0,0.0,4,True,+,0.0
ENSMUSG00000034647-P,cis-2-Decenoic acid,,,0,,,0,,,0,-1.0,0.0,3,True,-,0.0
ENSMUSG00000034647-P,Glabridin,,,0,,,0,,,0,1.0,0.0,4,True,+,0.0
ENSMUSG00000034647-P,Isosorbide,1.0,0.0,3,,,0,,,0,1.0,0.0,3,True,+,0.0
ENSMUSG00000034647-P,L-(+)-Threose,,,0,,,0,1.0,0.0,3,1.0,0.0,3,True,+,0.0
ENSMUSG00000002319-P,"13-Docosenamide, (Z)",,,0,,,0,-1.0,0.0,3,-1.0,0.0,3,True,-,0.0
ENSMUSG00000002319-P,2-Aminoquinolin-8-ol,,,0,,,0,,,0,1.0,0.0,3,True,+,0.0
ENSMUSG00000002319-P,"3,4-Dihydroxybenzaldehyde",-1.0,0.0,3,,,0,,,0,-1.0,0.0,3,True,-,0.0
ENSMUSG00000002319-P,L-(+)-Threose,,,0,,,0,-1.0,0.0,3,-1.0,0.0,3,True,-,0.0
ENSMUSG00000002319-P,Propanoic acid,,,0,,,0,0.6155870112510925,0.2689977701158222,5,0.8622909085775464,0.005872990672297,8,True,+,0.1975056608835884
ENSMUSG00000020108-P,"1,2-Bis(trimethylsiloxy)cyclohexene",,,0,,,0,,,0,-1.0,0.0,3,True,-,0.0
ENSMUSG00000020108-P,"2-Cyclohexen-1-one, 3-methyl-",-0.5,0.6666666666666666,3,-1.0,0.0,3,-0.8285714285714287,0.0415626822157433,6,-0.8531468531468532,0.0004181179404149,12,True,-,0.0181436266812646
ENSMUSG00000020108-P,"3,4-Dihydroxybenzaldehyde",-1.0,0.0,3,,,0,,,0,-1.0,0.0,3,True,-,0.0
ENSMUSG00000020108-P,8-Methylnonanoic acid,-1.0,0.0,3,-1.0,0.0,3,-0.5797710356524484,0.227783956715016,6,-0.8301238649809404,0.0008314183449022,12,True,-,0.0350588393509315
ENSMUSG00000020108-P,alpha-Hydroxyisobutyric acid,,,0,,,0,-0.8857142857142858,0.0188454810495626,6,-0.9523809523809524,0.0002604000243872,8,True,-,0.0114086771011661
ENSMUSG00000020108-P,Butanedioic acid,-1.0,0.0,3,-1.0,0.0,3,-0.6,0.208,6,-0.7832167832167832,0.0025862148333625,12,True,-,0.099459548551953
ENSMUSG00000020108-P,Hydracrylic acid,-0.5,0.6666666666666666,3,-1.0,0.0,3,-0.7714285714285715,0.0723965014577259,6,-0.7482517482517484,0.005124081698753,12,True,-,0.176962914072306
ENSMUSG00000020108-P,L-(+)-Threose,,,0,,,0,-1.0,0.0,3,-1.0,0.0,3,True,-,0.0
ENSMUSG00000020108-P,L-Tyrosine,-1.0,0.0,3,,,0,-0.9746794344808964,0.0048182304681985,5,-0.9240164263936984,0.00013295265816,10,True,-,0.0058829157975329
ENSMUSG00000020108-P,L-Valine,-1.0,0.0,3,-1.0,0.0,3,-0.7714285714285715,0.0723965014577259,6,-0.8181818181818183,0.001143105086804,12,True,-,0.0472483435878986
ENSMUSG00000020108-P,Myristic acid,-0.5,0.6666666666666666,3,-0.5,0.6666666666666666,3,-0.7356123579206245,0.0956107807382797,6,-0.8315840663996671,0.0007983671028551,12,True,-,0.0337673729697458
ENSMUSG00000020108-P,Pipecolic acid,-0.5,0.6666666666666666,3,-0.8660254037844387,0.3333333333333332,3,-0.8857142857142858,0.0188454810495626,6,-0.795097541564023,0.0019934857741352,12,True,-,0.0794125677116889
ENSMUSG00000020108-P,Suberic acid,,,0,-1.0,0.0,3,-0.8857142857142858,0.0188454810495626,6,-0.8727272727272729,0.0004546150514096,11,True,-,0.0196011697980853
ENSMUSG00000020108-P,Tyr-Val,,,0,,,0,,,0,1.0,0.0,3,True,+,0.0
ENSMUSG00000026273-P,"1,2-Bis(trimethylsiloxy)cyclohexene",,,0,,,0,,,0,-1.0,0.0,3,True,-,0.0
ENSMUSG00000026273-P,2-Aminoquinolin-8-ol,,,0,,,0,,,0,-1.0,0.0,3,True,-,0.0
ENSMUSG00000026273-P,"2-Cyclohexen-1-one, 3-methyl-",0.5,0.6666666666666666,3,-1.0,0.0,3,-0.7714285714285715,0.0723965014577259,6,-0.8251748251748254,0.0009513628555555,12,True,-,0.0397714595917899
ENSMUSG00000026273-P,"3-(4,7-Dimethoxy-2H-1,3-benzodioxol-5-yl)-2-methylprop-2-enal",-0.5,0.6666666666666666,3,-0.5,0.6666666666666666,3,-0.6571428571428573,0.1561749271137024,6,-0.7972027972027973,0.0019003677255282,12,True,-,0.0758912141765791
ENSMUSG00000026273-P,4-tert-Butyldimethylsiloxy-3-penten-2-one,,,0,,,0,1.0,0.0,4,1.0,0.0,4,True,+,0.0
ENSMUSG00000026273-P,8-Methylnonanoic acid,-0.5,0.6666666666666666,3,-1.0,0.0,3,-0.6377481392176932,0.1730711102412598,6,-0.7880922768806397,0.0023286751402374,12,True,-,0.0910978063660742
ENSMUSG00000026273-P,cis-2-Decenoic acid,,,0,,,0,,,0,1.0,0.0,3,True,+,0.0
ENSMUSG00000026273-P,Glabridin,,,0,,,0,,,0,-1.0,0.0,4,True,-,0.0
ENSMUSG00000026273-P,L-(+)-Threose,,,0,,,0,-1.0,0.0,3,-1.0,0.0,3,True,-,0.0
ENSMUSG00000026273-P,N-Caffeoyl-O-methyltyramine,,,0,-1.0,0.0,3,-0.8986451052612952,0.0148886220055803,6,-0.8024353176576852,0.0052114617667064,10,True,-,0.1795059052976648
ENSMUSG00000026273-P,Tyr-Val,,,0,,,0,,,0,1.0,0.0,3,True,+,0.0
ENSMUSG00000022246-P,"2-(Ethylamino)ethanol, N-acetyl",0.8660254037844387,0.3333333333333332,3,0.5,0.6666666666666666,3,0.9411239481143202,0.0050975405648614,6,0.7478244916245381,0.0051636486645074,12,True,+,0.1782115546683475
ENSMUSG00000022246-P,L-Val-L-Leu,,,0,,,0,1.0,0.0,3,1.0,0.0,3,True,+,0.0
ENSMUSG00000022246-P,Octadecanoic acid,,,0,,,0,,,0,-1.0,0.0,3,True,-,0.0
ENSMUSG00000020308-P,"13-Docosenamide, (Z)",,,0,,,0,1.0,0.0,3,1.0,0.0,3,True,+,0.0
ENSMUSG00000020308-P,2-Aminoquinolin-8-ol,,,0,,,0,,,0,1.0,0.0,3,True,+,0.0
ENSMUSG00000020308-P,2-Norbornanemethanol,,,0,,,0,,,0,1.0,0.0,3,True,+,0.0
ENSMUSG00000020308-P,"3,4-Dihydroxybenzaldehyde",-1.0,0.0,3,,,0,,,0,-1.0,0.0,3,True,-,0.0
ENSMUSG00000020308-P,"3-Hydroxy-7,3',4',5'-tetramethoxyflavone",,,0,,,0,,,0,1.0,0.0,3,True,+,0.0
ENSMUSG00000020308-P,cis-2-Decenoic acid,,,0,,,0,,,0,-1.0,0.0,3,True,-,0.0
ENSMUSG00000020308-P,Formamide,-0.5,0.6666666666666666,3,-1.0,0.0,3,-0.8406680016960503,0.0360575728451592,6,-0.7810870121972561,0.0027052956461396,12,True,-,0.1035246286271809
ENSMUSG00000020308-P,Glycine,0.5,0.6666666666666666,3,-0.5,0.6666666666666666,3,-0.9856107606091624,0.0003090856678496,6,-0.8056054385890983,0.0015614291109292,12,True,-,0.0635459677517621
ENSMUSG00000020308-P,L-Val-L-Leu,,,0,,,0,-1.0,0.0,3,-1.0,0.0,3,True,-,0.0
ENSMUSG00000020308-P,Octadecanoic acid,,,0,,,0,,,0,-1.0,0.0,3,True,-,0.0
ENSMUSG00000020308-P,Octanoic acid,,,0,,,0,-0.7999999999999999,0.2000000000000001,4,-0.942857142857143,0.004804664723032,6,True,-,0.1679020985499759
ENSMUSG00000020308-P,Tyr-Val,,,0,,,0,,,0,1.0,0.0,3,True,+,0.0
ENSMUSG00000020308-P,Vanillylmandelic acid,,,0,-1.0,0.0,3,-0.7999999999999999,0.1040880386618278,5,-0.9047619047619048,0.0020082755054294,8,True,-,0.0796373285451544
ENSMUSG00000050910-P,"1-(2,5-Dimethoxyphenyl)-1-[(trimethylsilyl)oxy]propan-2-amine",0.5,0.6666666666666666,3,1.0,0.0,3,0.2319084142609793,0.658373571260927,6,0.8161133356141735,0.0012051543656321,12,True,+,0.0495874267733696
ENSMUSG00000050910-P,"1,2-Bis(trimethylsiloxy)cyclohexene",,,0,,,0,,,0,-1.0,0.0,3,True,-,0.0
ENSMUSG00000050910-P,"13-Docosenamide, (Z)",,,0,,,0,-1.0,0.0,3,-1.0,0.0,3,True,-,0.0
ENSMUSG00000050910-P,2-Aminoquinolin-8-ol,,,0,,,0,,,0,1.0,0.0,3,True,+,0.0
ENSMUSG00000050910-P,"2-Butene-1,4-diol",,,0,,,0,-0.7999999999999999,0.2000000000000001,4,-0.942857142857143,0.004804664723032,6,True,-,0.1679020985499759
ENSMUSG00000050910-P,"3,4-Dihydroxybenzaldehyde",-1.0,0.0,3,,,0,,,0,-1.0,0.0,3,True,-,0.0
ENSMUSG00000050910-P,Benzoic Acid,0.0,1.0,3,1.0,0.0,3,0.5161002296110789,0.2945837414624606,6,0.8183739719664755,0.0011374684275955,12,True,+,0.0470898857265313
ENSMUSG00000050910-P,cis-2-Decenoic acid,,,0,,,0,,,0,-1.0,0.0,3,True,-,0.0
ENSMUSG00000050910-P,Diclofenac,,,0,,,0,,,0,1.0,0.0,4,True,+,0.0
ENSMUSG00000050910-P,Glabridin,,,0,,,0,,,0,1.0,0.0,4,True,+,0.0
ENSMUSG00000050910-P,L-Glutamic acid,,,0,,,0,-1.0,0.0,3,-1.0,1.4042654220543602e-24,5,True,-,6.303055151107153e-23
ENSMUSG00000050910-P,"l-Leucine, n-butoxycarbonyl-N-methyl-, hexadecyl ester",,,0,,,0,,,0,1.0,0.0,4,True,+,0.0
ENSMUSG00000050910-P,Nonanoic acid,0.5,0.6666666666666666,3,0.5,0.6666666666666666,3,0.8720815992723809,0.0538542177275421,5,0.7744894808829488,0.0051311814601284,11,True,+,0.1771202799073563
ENSMUSG00000061533-P,"1,2-Cinnolinedicarboxylic acid, 1,2,3,5,6,7,8,8a-octahydro-4-trimethylsilyloxy-, diethyl ester",,,0,,,0,,,0,-1.0,0.0,3,True,-,0.0
ENSMUSG00000061533-P,2-Aminoquinolin-8-ol,,,0,,,0,,,0,-1.0,0.0,3,True,-,0.0
ENSMUSG00000061533-P,2-Norbornanemethanol,,,0,,,0,,,0,-1.0,0.0,3,True,-,0.0
ENSMUSG00000061533-P,"3,4-Dihydroxybenzaldehyde",-1.0,0.0,3,,,0,,,0,-1.0,0.0,3,True,-,0.0
ENSMUSG00000061533-P,"3-Hydroxy-7,3',4',5'-tetramethoxyflavone",,,0,,,0,,,0,1.0,0.0,3,True,+,0.0
ENSMUSG00000061533-P,L-(+)-Threose,,,0,,,0,1.0,0.0,3,1.0,0.0,3,True,+,0.0
ENSMUSG00000061533-P,"N-[(3,4,5-Trimethoxyphenyl)methylidene]hydroxylamine",,,0,,,0,1.0,0.0,3,1.0,0.0,3,True,+,0.0
ENSMUSG00000102840-P,"3,3-Dimethylacrylic acid",,,0,,,0,,,0,1.0,0.0,4,True,+,0.0
ENSMUSG00000102840-P,"4,5-Dihydro-1H-pyrazole",,,0,,,0,,,0,1.0,0.0,4,True,+,0.0
ENSMUSG00000102840-P,cis-2-Decenoic acid,,,0,,,0,,,0,-1.0,0.0,3,True,-,0.0
ENSMUSG00000102840-P,Oleic Acid,1.0,0.0,3,,,0,,,0,1.0,0.0,3,True,+,0.0
ENSMUSG00000058756-P,"1,2-Bis(trimethylsiloxy)cyclohexene",,,0,,,0,,,0,-1.0,0.0,3,True,-,0.0
ENSMUSG00000058756-P,"13-Docosenamide, (Z)",,,0,,,0,-1.0,0.0,3,-1.0,0.0,3,True,-,0.0
ENSMUSG00000058756-P,"2,4-Dimethoxybenzaldoxime",,,0,,,0,,,0,-1.0,0.0,3,True,-,0.0
ENSMUSG00000058756-P,"3-Hydroxy-7,3',4',5'-tetramethoxyflavone",,,0,,,0,,,0,-1.0,0.0,3,True,-,0.0
ENSMUSG00000058756-P,Isosorbide,-1.0,0.0,3,,,0,,,0,-1.0,0.0,3,True,-,0.0
ENSMUSG00000058756-P,"l-Leucine, n-butoxycarbonyl-N-methyl-, hexadecyl ester",,,0,,,0,,,0,1.0,0.0,4,True,+,0.0
ENSMUSG00000058756-P,Tyr-Val,,,0,,,0,,,0,1.0,0.0,3,True,+,0.0
ENSMUSG00000004698-P,"1,2-Cinnolinedicarboxylic acid, 1,2,3,5,6,7,8,8a-octahydro-4-trimethylsilyloxy-, diethyl ester",,,0,,,0,,,0,-1.0,0.0,3,True,-,0.0
ENSMUSG00000004698-P,2-Cyanobenzaldehyde,,,0,,,0,0.8999999999999998,0.0373860734684987,5,0.942857142857143,0.004804664723032,6,True,+,0.1679020985499759
ENSMUSG00000004698-P,2-Ethyl-1-butanol,,,0,,,0,1.0,0.0,3,1.0,1.4042654220543602e-24,5,True,+,6.303055151107153e-23
ENSMUSG00000004698-P,3-(4-Methoxyphenyl)coumarin,,,0,,,0,-1.0,0.0,3,-1.0,0.0,4,True,-,0.0
ENSMUSG00000004698-P,"3-Hydroxy-7,3',4',5'-tetramethoxyflavone",,,0,,,0,,,0,-1.0,0.0,3,True,-,0.0
ENSMUSG00000004698-P,Butylmethylamine,-1.0,0.0,3,0.0,1.0,3,-0.8285714285714287,0.0415626822157433,6,-0.8126107032724816,0.0013161012937103,12,True,-,0.0540566550634617
ENSMUSG00000004698-P,cis-2-Decenoic acid,,,0,,,0,,,0,1.0,0.0,3,True,+,0.0
ENSMUSG00000004698-P,Isosorbide,-1.0,0.0,3,,,0,,,0,-1.0,0.0,3,True,-,0.0
ENSMUSG00000004698-P,L-(+)-Threose,,,0,,,0,1.0,0.0,3,1.0,0.0,3,True,+,0.0
ENSMUSG00000004698-P,L-Val-L-Leu,,,0,,,0,1.0,0.0,3,1.0,0.0,3,True,+,0.0
ENSMUSG00000004698-P,N-Ethylamphetamine,-1.0,0.0,3,,,0,-0.5217939320872036,0.2883432338003935,6,-0.7808300581110516,0.0045580292718289,11,True,-,0.1634943581211897
ENSMUSG00000004698-P,Salsoline,0.5,0.6666666666666666,3,1.0,0.0,3,0.0,1.0,4,0.8909090909090909,0.0005421442248338,10,True,+,0.023231258067427
ENSMUSG00000004698-P,Tyr-Val,,,0,,,0,,,0,1.0,0.0,3,True,+,0.0
ENSMUSG00000033948-P,"1,2-Bis(trimethylsiloxy)cyclohexene",,,0,,,0,,,0,-1.0,0.0,3,True,-,0.0
ENSMUSG00000033948-P,2-Norbornanemethanol,,,0,,,0,,,0,1.0,0.0,3,True,+,0.0
ENSMUSG00000033948-P,Adipoyl-L-carnitine,,,0,,,0,-1.0,0.0,3,-0.942857142857143,0.004804664723032,6,True,-,0.1679020985499759
ENSMUSG00000033948-P,cis-2-Decenoic acid,,,0,,,0,,,0,-1.0,0.0,3,True,-,0.0
ENSMUSG00000033948-P,L-(+)-Threose,,,0,,,0,-1.0,0.0,3,-1.0,0.0,3,True,-,0.0
ENSMUSG00000033948-P,"N-[(3,4,5-Trimethoxyphenyl)methylidene]hydroxylamine",,,0,,,0,-1.0,0.0,3,-1.0,0.0,3,True,-,0.0
ENSMUSG00000028655-P,"1,2-Bis(trimethylsiloxy)cyclohexene",,,0,,,0,,,0,-1.0,0.0,3,True,-,0.0
ENSMUSG00000028655-P,2-Aminoquinolin-8-ol,,,0,,,0,,,0,-1.0,0.0,3,True,-,0.0
ENSMUSG00000028655-P,"3,4-Dihydroxybenzaldehyde",-1.0,0.0,3,,,0,,,0,-1.0,0.0,3,True,-,0.0
ENSMUSG00000028655-P,cis-2-Decenoic acid,,,0,,,0,,,0,1.0,0.0,3,True,+,0.0
ENSMUSG00000028655-P,L-Val-L-Leu,,,0,,,0,1.0,0.0,3,1.0,0.0,3,True,+,0.0
ENSMUSG00000028655-P,"N-[(3,4,5-Trimethoxyphenyl)methylidene]hydroxylamine",,,0,,,0,1.0,0.0,3,1.0,0.0,3,True,+,0.0
ENSMUSG00000028655-P,Tyr-Val,,,0,,,0,,,0,1.0,0.0,3,True,+,0.0
ENSMUSG00000106032-P,"1,2-Bis(trimethylsiloxy)cyclohexene",,,0,,,0,,,0,1.0,0.0,3,True,+,0.0
ENSMUSG00000106032-P,"13-Docosenamide, (Z)",,,0,,,0,-1.0,0.0,3,-1.0,0.0,3,True,-,0.0
ENSMUSG00000106032-P,2-Aminoquinolin-8-ol,,,0,,,0,,,0,-1.0,0.0,3,True,-,0.0
ENSMUSG00000106032-P,"2-Cyclohexen-1-one, 3-methyl-6-(1-methylethyl)",0.8660254037844387,0.3333333333333332,3,1.0,0.0,3,0.8999999999999998,0.0373860734684987,5,0.9211793682944862,5.656473668483334e-05,11,True,+,0.0025231930151428
ENSMUSG00000106032-P,"3,3-Dimethylacrylic acid",,,0,,,0,,,0,1.0,0.0,4,True,+,0.0
ENSMUSG00000106032-P,cis-2-Decenoic acid,,,0,,,0,,,0,1.0,0.0,3,True,+,0.0
ENSMUSG00000106032-P,L-(+)-Threose,,,0,,,0,-1.0,0.0,3,-1.0,0.0,3,True,-,0.0
ENSMUSG00000106032-P,L-Val-L-Leu,,,0,,,0,1.0,0.0,3,1.0,0.0,3,True,+,0.0
ENSMUSG00000106032-P,Malic acid,0.8660254037844387,0.3333333333333332,3,0.5,0.6666666666666666,3,1.0,0.0,6,0.7581271430137272,0.0042716701805429,12,True,+,0.1550326155154826
ENSMUSG00000106032-P,Oleic Acid,1.0,0.0,3,,,0,,,0,1.0,0.0,3,True,+,0.0
ENSMUSG00000086610-P,"1,2-Bis(trimethylsiloxy)cyclohexene",,,0,,,0,,,0,1.0,0.0,3,True,+,0.0
ENSMUSG00000086610-P,"1-Octanol, 2-butyl-",0.0,1.0,3,1.0,0.0,3,0.8060599359358183,0.0527718132518926,6,0.8393713687957383,0.0006388684763965,12,True,+,0.0272585622745118
ENSMUSG00000086610-P,2-Norbornanemethanol,,,0,,,0,,,0,1.0,0.0,3,True,+,0.0
ENSMUSG00000086610-P,3-Amino-5-methylisoxazole,,,0,1.0,0.0,3,0.6957252427829381,0.1247893374402871,6,0.779849333631172,0.0046434300393151,11,True,+,0.1663577284661346
ENSMUSG00000086610-P,4-tert-Butyldimethylsiloxy-3-penten-2-one,,,0,,,0,1.0,0.0,4,1.0,0.0,4,True,+,0.0
ENSMUSG00000086610-P,"Benzene, 1-ethyl-3,5-dimethyl",,,0,,,0,,,0,1.0,0.0,4,True,+,0.0
ENSMUSG00000086610-P,"Benzoic acid, methyl ester",0.0,1.0,3,1.0,0.0,3,0.6377481392176932,0.1730711102412598,6,0.74389001356746,0.0055389382065045,12,True,+,0.188679669155331
ENSMUSG00000086610-P,Glabridin,,,0,,,0,,,0,1.0,0.0,4,True,+,0.0
ENSMUSG00000086610-P,"N-[(3,4,5-Trimethoxyphenyl)methylidene]hydroxylamine",,,0,,,0,1.0,0.0,3,1.0,0.0,3,True,+,0.0
ENSMUSG00000086610-P,N-Ethylamphetamine,0.8660254037844387,0.3333333333333332,3,,,0,0.8823529411764706,0.0199470791776918,6,0.8693107497059901,0.0005095451309659,11,True,+,0.0218972356363667
ENSMUSG00000086610-P,Octanoic acid,,,0,,,0,1.0,0.0,4,1.0,0.0,6,True,+,0.0
ENSMUSG00000086610-P,tert-butyl(dimethyl)silyl-2-([tert-butyl(dimethyl)silyl]oxy)hex-2-enoate,,,0,,,0,-1.0,0.0,4,-1.0,0.0,4,True,-,0.0
ENSMUSG00000086610-P,Tyr-Val,,,0,,,0,,,0,-1.0,0.0,3,True,-,0.0
ENSMUSG00000026309-P,"1,2-Bis(trimethylsiloxy)cyclohexene",,,0,,,0,,,0,-1.0,0.0,3,True,-,0.0
ENSMUSG00000026309-P,"13-Docosenamide, (Z)",,,0,,,0,-1.0,0.0,3,-1.0,0.0,3,True,-,0.0
ENSMUSG00000026309-P,m-Toluic acid,1.0,0.0,3,0.5,0.6666666666666666,3,0.8696565534786727,0.0243768916856907,6,0.7530659534637223,0.0046938930486737,12,True,+,0.1673621183600482
ENSMUSG00000026309-P,Phenol,0.5,0.6666666666666666,3,-1.0,0.0,3,0.7999999999999999,0.1040880386618278,5,0.790909090909091,0.0037460829533974,11,True,+,0.1388516182868286
ENSMUSG00000021903-P,"13-Docosenamide, (Z)",,,0,,,0,1.0,0.0,3,1.0,0.0,3,True,+,0.0
ENSMUSG00000021903-P,"1-Pentene, 1,3-diphenyl-1-(trimethylsilyloxy)-",,,0,,,0,,,0,1.0,0.0,4,True,+,0.0
ENSMUSG00000021903-P,"3,4-Methylenedioxyamphetamine",-0.5,0.6666666666666666,3,,,0,-0.7999999999999999,0.2000000000000001,4,-0.880952380952381,0.0038503204637324,8,True,-,0.1414605165627303
ENSMUSG00000021903-P,L-Val-L-Leu,,,0,,,0,-1.0,0.0,3,-1.0,0.0,3,True,-,0.0
ENSMUSG00000037262-P,"13-Docosenamide, (Z)",,,0,,,0,1.0,0.0,3,1.0,0.0,3,True,+,0.0
ENSMUSG00000037262-P,2-Aminoquinolin-8-ol,,,0,,,0,,,0,1.0,0.0,3,True,+,0.0
ENSMUSG00000037262-P,"3,4-Dihydroxybenzaldehyde",-1.0,0.0,3,,,0,,,0,-1.0,0.0,3,True,-,0.0
ENSMUSG00000037262-P,"6-Methoxy-1-methyl-1,2,3,4-tetrahydroisoquinolin-7-ol ",,,0,,,0,0.7999999999999999,0.2000000000000001,4,0.9285714285714288,0.0025194724037946,7,True,+,0.097376722909516
ENSMUSG00000037262-P,7-Hydroxy-4-(methoxymethyl)coumarin,,,0,,,0,1.0,0.0,3,1.0,0.0,4,True,+,0.0
ENSMUSG00000037262-P,cis-2-Decenoic acid,,,0,,,0,,,0,-1.0,0.0,3,True,-,0.0
ENSMUSG00000037262-P,Octadecanoic acid,,,0,,,0,,,0,-1.0,0.0,3,True,-,0.0
ENSMUSG00000037262-P,Tyr-Val,,,0,,,0,,,0,1.0,0.0,3,True,+,0.0
ENSMUSG00000026603-P,"13-Docosenamide, (Z)",,,0,,,0,-1.0,0.0,3,-1.0,0.0,3,True,-,0.0
ENSMUSG00000026603-P,"3,3-Dimethylacrylic acid",,,0,,,0,,,0,-1.0,0.0,4,True,-,0.0
ENSMUSG00000026603-P,"3,4-Dihydroxybenzaldehyde",-1.0,0.0,3,,,0,,,0,-1.0,0.0,3,True,-,0.0
ENSMUSG00000026603-P,"4,5-Dihydro-1H-pyrazole",,,0,,,0,,,0,-1.0,0.0,4,True,-,0.0
ENSMUSG00000026603-P,Isopropylamine,-0.5,0.6666666666666666,3,-1.0,0.0,3,-0.4285714285714286,0.3965014577259473,6,-0.8181818181818183,0.001143105086804,12,True,-,0.0472483435878986
ENSMUSG00000026603-P,Luciferin,,,0,,,0,,,0,1.0,0.0,4,True,+,0.0
ENSMUSG00000026603-P,Tyr-Val,,,0,,,0,,,0,1.0,0.0,3,True,+,0.0
ENSMUSG00000005514-P,"2,4-Dimethoxybenzaldoxime",,,0,,,0,,,0,-1.0,0.0,3,True,-,0.0
ENSMUSG00000005514-P,2-Aminoquinolin-8-ol,,,0,,,0,,,0,1.0,0.0,3,True,+,0.0
ENSMUSG00000005514-P,"3,4-Dihydroxybenzaldehyde",-1.0,0.0,3,,,0,,,0,-1.0,0.0,3,True,-,0.0
ENSMUSG00000033808-P,"3,4-Dihydroxybenzaldehyde",1.0,0.0,3,,,0,,,0,1.0,0.0,3,True,+,0.0
ENSMUSG00000033808-P,"4,5-Dihydro-1H-pyrazole",,,0,,,0,,,0,1.0,0.0,4,True,+,0.0
ENSMUSG00000033808-P,alpha-Hydroxyisobutyric acid,,,0,,,0,-0.7714285714285715,0.0723965014577259,6,-0.9047619047619048,0.0020082755054294,8,True,-,0.0796373285451544
ENSMUSG00000033808-P,Cholesterol,1.0,0.0,3,-1.0,0.0,3,0.7714285714285715,0.0723965014577259,6,0.7482517482517484,0.005124081698753,12,True,+,0.176962914072306
ENSMUSG00000033808-P,Octanoic acid,,,0,,,0,-0.7999999999999999,0.2000000000000001,4,-0.942857142857143,0.004804664723032,6,True,-,0.1679020985499759
ENSMUSG00000033808-P,Sulindac,,,0,,,0,-1.0,0.0,3,-1.0,1.4042654220543602e-24,5,True,-,6.303055151107153e-23
ENSMUSG00000033808-P,tert-butyl(dimethyl)silyl-2-([tert-butyl(dimethyl)silyl]oxy)hex-2-enoate,,,0,,,0,-1.0,0.0,4,-1.0,0.0,4,True,-,0.0
ENSMUSG00000015461-P,"1,2-Bis(trimethylsiloxy)cyclohexene",,,0,,,0,,,0,-1.0,0.0,3,True,-,0.0
ENSMUSG00000015461-P,3-(4-Methoxyphenyl)coumarin,,,0,,,0,1.0,0.0,3,1.0,0.0,4,True,+,0.0
ENSMUSG00000015461-P,Azelaic acid,-1.0,0.0,3,-1.0,0.0,3,-0.6667366910003157,0.1480897994403528,6,-0.7810870121972561,0.0027052956461396,12,True,-,0.1035246286271809
ENSMUSG00000015461-P,L-(+)-Threose,,,0,,,0,-1.0,0.0,3,-1.0,0.0,3,True,-,0.0
ENSMUSG00000015461-P,"l-Leucine, n-butoxycarbonyl-N-methyl-, hexadecyl ester",,,0,,,0,,,0,1.0,0.0,4,True,+,0.0
ENSMUSG00000015461-P,L-Norleucine,,,0,,,0,0.8999999999999998,0.0373860734684987,5,0.9285714285714288,0.0025194724037946,7,True,+,0.097376722909516
ENSMUSG00000015461-P,Supraene,,,0,,,0,-0.6,0.2847569798652938,5,-0.8333333333333333,0.0052656910291617,9,True,-,0.1809859324943322
ENSMUSG00000015461-P,Tyr-Val,,,0,,,0,,,0,1.0,0.0,3,True,+,0.0
ENSMUSG00000045128-P,"1,2-Bis(trimethylsiloxy)cyclohexene",,,0,,,0,,,0,1.0,0.0,3,True,+,0.0
ENSMUSG00000045128-P,"13-Docosenamide, (Z)",,,0,,,0,-1.0,0.0,3,-1.0,0.0,3,True,-,0.0
ENSMUSG00000045128-P,2-Norbornanemethanol,,,0,,,0,,,0,-1.0,0.0,3,True,-,0.0
ENSMUSG00000045128-P,2-Pyrrolidone-5-carboxylic acid,1.0,0.0,3,0.8660254037844387,0.3333333333333332,3,0.4285714285714286,0.3965014577259473,6,0.7740817475138726,0.0031266563739204,12,True,+,0.1179425135885409
ENSMUSG00000045128-P,Hypoxanthine,1.0,0.0,3,1.0,0.0,3,0.7714285714285715,0.0723965014577259,6,0.8741258741258742,0.0002007130733242,12,True,+,0.0088437346141624
ENSMUSG00000045128-P,Isosorbide,-1.0,0.0,3,,,0,,,0,-1.0,0.0,3,True,-,0.0
ENSMUSG00000045128-P,Octadecanoic acid,,,0,,,0,,,0,-1.0,0.0,3,True,-,0.0
ENSMUSG00000047146-P,"1,2-Bis(trimethylsiloxy)cyclohexene",,,0,,,0,,,0,-1.0,0.0,3,True,-,0.0
ENSMUSG00000047146-P,"13-Docosenamide, (Z)",,,0,,,0,1.0,0.0,3,1.0,0.0,3,True,+,0.0
ENSMUSG00000047146-P,2-Aminoquinolin-8-ol,,,0,,,0,,,0,1.0,0.0,3,True,+,0.0
ENSMUSG00000047146-P,7-Hydroxy-4-(methoxymethyl)coumarin,,,0,,,0,1.0,0.0,3,1.0,0.0,4,True,+,0.0
ENSMUSG00000047146-P,cis-2-Decenoic acid,,,0,,,0,,,0,-1.0,0.0,3,True,-,0.0
ENSMUSG00000070705-P,"1,2-Bis(trimethylsiloxy)cyclohexene",,,0,,,0,,,0,1.0,0.0,3,True,+,0.0
ENSMUSG00000070705-P,1-Butanol,,,0,,,0,,,0,0.942857142857143,0.004804664723032,6,True,+,0.1679020985499759
ENSMUSG00000070705-P,"2,4-Dimethoxybenzaldoxime",,,0,,,0,,,0,-1.0,0.0,3,True,-,0.0
ENSMUSG00000070705-P,Isosorbide,-1.0,0.0,3,,,0,,,0,-1.0,0.0,3,True,-,0.0
ENSMUSG00000070705-P,"N-[(3,4,5-Trimethoxyphenyl)methylidene]hydroxylamine",,,0,,,0,-1.0,0.0,3,-1.0,0.0,3,True,-,0.0
ENSMUSG00000070705-P,Octadecanoic acid,,,0,,,0,,,0,-1.0,0.0,3,True,-,0.0
ENSMUSG00000040795-P,"1-(2,4-Dimethoxyphenyl)-propan-2-one",-1.0,0.0,3,-1.0,0.0,3,0.2236067977499789,0.7176856442107861,5,-0.779849333631172,0.0046434300393151,11,True,-,0.1663577284661346
ENSMUSG00000040795-P,"1,2-Bis(trimethylsiloxy)cyclohexene",,,0,,,0,,,0,-1.0,0.0,3,True,-,0.0
ENSMUSG00000040795-P,"2-Allyl-1,4-dimethoxybenzene",-0.5,0.6666666666666666,3,-0.8660254037844387,0.3333333333333332,3,-0.8285714285714287,0.0415626822157433,6,-0.7495633211220306,0.0050040491837882,12,True,-,0.1736498981001007
ENSMUSG00000040795-P,2-Norbornanemethanol,,,0,,,0,,,0,1.0,0.0,3,True,+,0.0
ENSMUSG00000040795-P,cis-2-Decenoic acid,,,0,,,0,,,0,-1.0,0.0,3,True,-,0.0
ENSMUSG00000040795-P,Hexanoic acid,-1.0,0.0,3,-1.0,0.0,3,-0.6377481392176932,0.1730711102412598,6,-0.8231186002975568,0.0010049467838746,12,True,-,0.0418858130905164
ENSMUSG00000040795-P,Hypoxanthine,-1.0,0.0,3,-1.0,0.0,3,-0.8857142857142858,0.0188454810495626,6,-0.8531468531468532,0.0004181179404149,12,True,-,0.0181436266812646
ENSMUSG00000040795-P,Isosorbide,1.0,0.0,3,,,0,,,0,1.0,0.0,3,True,+,0.0
ENSMUSG00000040795-P,L-(+)-Threose,,,0,,,0,1.0,0.0,3,1.0,0.0,3,True,+,0.0
ENSMUSG00000040795-P,N-Acetylaspartic acid,-0.5,0.6666666666666666,3,-1.0,0.0,3,-0.8999999999999998,0.0373860734684987,5,-0.7727272727272727,0.0052994871786438,11,True,-,0.1815800018212259
ENSMUSG00000040795-P,Octadecanoic acid,,,0,,,0,,,0,1.0,0.0,3,True,+,0.0
ENSMUSG00000040795-P,Urea,-0.5,0.6666666666666666,3,-0.5,0.6666666666666666,3,-0.2898855178262242,0.5773517870348749,6,-0.7635738504887974,0.0038500936565595,12,True,-,0.1414605165627303
ENSMUSG00000031511-P,L-Val-L-Leu,,,0,,,0,-1.0,0.0,3,-1.0,0.0,3,True,-,0.0
ENSMUSG00000031511-P,"N-[(3,4,5-Trimethoxyphenyl)methylidene]hydroxylamine",,,0,,,0,1.0,0.0,3,1.0,0.0,3,True,+,0.0
ENSMUSG00000024805-P,"1,2-Bis(trimethylsiloxy)cyclohexene",,,0,,,0,,,0,1.0,0.0,3,True,+,0.0
ENSMUSG00000024805-P,"13-Docosenamide, (Z)",,,0,,,0,1.0,0.0,3,1.0,0.0,3,True,+,0.0
ENSMUSG00000024805-P,2-Aminoquinolin-8-ol,,,0,,,0,,,0,1.0,0.0,3,True,+,0.0
ENSMUSG00000024805-P,Aceturic acid,-1.0,0.0,3,,,0,0.942857142857143,0.004804664723032,6,0.790909090909091,0.0037460829533974,11,True,+,0.1388516182868286
ENSMUSG00000024805-P,Azelaic acid,1.0,0.0,3,0.5,0.6666666666666666,3,0.8696565534786727,0.0243768916856907,6,0.8406317620060156,0.0006155686440654,12,True,+,0.0262751608766138
ENSMUSG00000024805-P,cis-2-Decenoic acid,,,0,,,0,,,0,-1.0,0.0,3,True,-,0.0
ENSMUSG00000024805-P,"l-Leucine, n-butoxycarbonyl-N-methyl-, hexadecyl ester",,,0,,,0,,,0,-1.0,0.0,4,True,-,0.0
ENSMUSG00000024805-P,Luciferin,,,0,,,0,,,0,-1.0,0.0,4,True,-,0.0
ENSMUSG00000024805-P,Tyr-Val,,,0,,,0,,,0,-1.0,0.0,3,True,-,0.0
ENSMUSG00000029198-P,"1,2-Bis(trimethylsiloxy)cyclohexene",,,0,,,0,,,0,1.0,0.0,3,True,+,0.0
ENSMUSG00000029198-P,"1,2-Cinnolinedicarboxylic acid, 1,2,3,5,6,7,8,8a-octahydro-4-trimethylsilyloxy-, diethyl ester",,,0,,,0,,,0,1.0,0.0,3,True,+,0.0
ENSMUSG00000029198-P,2-Aminoquinolin-8-ol,,,0,,,0,,,0,-1.0,0.0,3,True,-,0.0
ENSMUSG00000029198-P,2-Norbornanemethanol,,,0,,,0,,,0,1.0,0.0,3,True,+,0.0
ENSMUSG00000029198-P,"3-Hydroxy-7,3',4',5'-tetramethoxyflavone",,,0,,,0,,,0,-1.0,0.0,3,True,-,0.0
ENSMUSG00000029198-P,Adipoyl-L-carnitine,,,0,,,0,-1.0,0.0,3,-0.942857142857143,0.004804664723032,6,True,-,0.1679020985499759
ENSMUSG00000029198-P,Isosorbide,-1.0,0.0,3,,,0,,,0,-1.0,0.0,3,True,-,0.0
ENSMUSG00000029198-P,L-Val-L-Leu,,,0,,,0,1.0,0.0,3,1.0,0.0,3,True,+,0.0
ENSMUSG00000029198-P,"N-[(3,4,5-Trimethoxyphenyl)methylidene]hydroxylamine",,,0,,,0,1.0,0.0,3,1.0,0.0,3,True,+,0.0
ENSMUSG00000029198-P,Octadecanoic acid,,,0,,,0,,,0,-1.0,0.0,3,True,-,0.0
ENSMUSG00000029198-P,Octanoic acid,,,0,,,0,1.0,0.0,4,0.942857142857143,0.004804664723032,6,True,+,0.1679020985499759
ENSMUSG00000032482-P,"1,2-Cinnolinedicarboxylic acid, 1,2,3,5,6,7,8,8a-octahydro-4-trimethylsilyloxy-, diethyl ester",,,0,,,0,,,0,-1.0,0.0,3,True,-,0.0
ENSMUSG00000032482-P,"13-Docosenamide, (Z)",,,0,,,0,1.0,0.0,3,1.0,0.0,3,True,+,0.0
ENSMUSG00000032482-P,2-Cyanobenzaldehyde,,,0,,,0,1.0,1.4042654220543602e-24,5,1.0,0.0,6,True,+,0.0
ENSMUSG00000032482-P,2-Norbornanemethanol,,,0,,,0,,,0,-1.0,0.0,3,True,-,0.0
ENSMUSG00000032482-P,3-Buten-2-one,0.5,0.6666666666666666,3,0.5,0.6666666666666666,3,0.7714285714285715,0.0723965014577259,6,0.7412587412587414,0.0058011504744782,12,True,+,0.1955303081363889
ENSMUSG00000032482-P,"3-Hydroxy-7,3',4',5'-tetramethoxyflavone",,,0,,,0,,,0,-1.0,0.0,3,True,-,0.0
ENSMUSG00000032482-P,cis-2-Decenoic acid,,,0,,,0,,,0,1.0,0.0,3,True,+,0.0
ENSMUSG00000032482-P,Isosorbide,-1.0,0.0,3,,,0,,,0,-1.0,0.0,3,True,-,0.0
ENSMUSG00000032482-P,Lupinine,,,0,,,0,0.8999999999999998,0.0373860734684987,5,0.9642857142857144,0.0004541491691941,7,True,+,0.0196011697980853
ENSMUSG00000032482-P,L-Val-L-Leu,,,0,,,0,1.0,0.0,3,1.0,0.0,3,True,+,0.0
ENSMUSG00000021288-P,"1,2-Bis(trimethylsiloxy)cyclohexene",,,0,,,0,,,0,-1.0,0.0,3,True,-,0.0
ENSMUSG00000021288-P,"13-Docosenamide, (Z)",,,0,,,0,1.0,0.0,3,1.0,0.0,3,True,+,0.0
ENSMUSG00000021288-P,"2,3-Dihydroxybutanoic acid",,,0,-0.8660254037844387,0.3333333333333332,3,-0.7999999999999999,0.2000000000000001,4,-0.8786687791935092,0.0018157963245634,9,True,-,0.072862009612882
ENSMUSG00000021288-P,7-Hydroxy-4-(methoxymethyl)coumarin,,,0,,,0,-1.0,0.0,3,-1.0,0.0,4,True,-,0.0
ENSMUSG00000021288-P,"Benzene, 1-ethyl-3,5-dimethyl",,,0,,,0,,,0,1.0,0.0,4,True,+,0.0
ENSMUSG00000021288-P,Isosorbide,-1.0,0.0,3,,,0,,,0,-1.0,0.0,3,True,-,0.0
ENSMUSG00000021288-P,L-Val-L-Leu,,,0,,,0,-1.0,0.0,3,-1.0,0.0,3,True,-,0.0
ENSMUSG00000024151-P,"1,2-Cinnolinedicarboxylic acid, 1,2,3,5,6,7,8,8a-octahydro-4-trimethylsilyloxy-, diethyl ester",,,0,,,0,,,0,1.0,0.0,3,True,+,0.0
ENSMUSG00000024151-P,2-Aminoquinolin-8-ol,,,0,,,0,,,0,1.0,0.0,3,True,+,0.0
ENSMUSG00000024151-P,"3-Hydroxy-7,3',4',5'-tetramethoxyflavone",,,0,,,0,,,0,-1.0,0.0,3,True,-,0.0
ENSMUSG00000024151-P,cis-2-Decenoic acid,,,0,,,0,,,0,-1.0,0.0,3,True,-,0.0
ENSMUSG00000024151-P,Heptylamine,,,0,-1.0,0.0,3,-1.0,1.4042654220543602e-24,5,-0.8499999999999999,0.0037047773275858,9,True,-,0.1377359741682877
ENSMUSG00000024151-P,Isosorbide,-1.0,0.0,3,,,0,,,0,-1.0,0.0,3,True,-,0.0
ENSMUSG00000024151-P,"N-[(3,4,5-Trimethoxyphenyl)methylidene]hydroxylamine",,,0,,,0,-1.0,0.0,3,-1.0,0.0,3,True,-,0.0
ENSMUSG00000024151-P,N-Isobutyrylglycine,1.0,0.0,3,0.5,0.6666666666666666,3,0.9276336570439176,0.0076658441874731,6,0.8161133356141735,0.0012051543656321,12,True,+,0.0495874267733696
ENSMUSG00000024151-P,Octadecanoic acid,,,0,,,0,,,0,-1.0,0.0,3,True,-,0.0
ENSMUSG00000024151-P,Tyr-Val,,,0,,,0,,,0,1.0,0.0,3,True,+,0.0
ENSMUSG00000023243-P,"1,2-Bis(trimethylsiloxy)cyclohexene",,,0,,,0,,,0,1.0,0.0,3,True,+,0.0
ENSMUSG00000023243-P,2-Aminoquinolin-8-ol,,,0,,,0,,,0,-1.0,0.0,3,True,-,0.0
ENSMUSG00000023243-P,2-Norbornanemethanol,,,0,,,0,,,0,1.0,0.0,3,True,+,0.0
ENSMUSG00000023243-P,3-(4-Methoxyphenyl)coumarin,,,0,,,0,-1.0,0.0,3,-1.0,0.0,4,True,-,0.0
ENSMUSG00000023243-P,"3,3-Dimethylacrylic acid",,,0,,,0,,,0,1.0,0.0,4,True,+,0.0
ENSMUSG00000023243-P,"3,4-Dihydroxybenzaldehyde",1.0,0.0,3,,,0,,,0,1.0,0.0,3,True,+,0.0
ENSMUSG00000023243-P,L-(+)-Threose,,,0,,,0,1.0,0.0,3,1.0,0.0,3,True,+,0.0
ENSMUSG00000023243-P,"N-[(3,4,5-Trimethoxyphenyl)methylidene]hydroxylamine",,,0,,,0,1.0,0.0,3,1.0,0.0,3,True,+,0.0
ENSMUSG00000023243-P,tert-butyl(dimethyl)silyl-2-([tert-butyl(dimethyl)silyl]oxy)hex-2-enoate,,,0,,,0,-1.0,0.0,4,-1.0,0.0,4,True,-,0.0
ENSMUSG00000030591-P,"1,2-Bis(trimethylsiloxy)cyclohexene",,,0,,,0,,,0,-1.0,0.0,3,True,-,0.0
ENSMUSG00000030591-P,"2,4-Dimethoxybenzaldoxime",,,0,,,0,,,0,-1.0,0.0,3,True,-,0.0
ENSMUSG00000030591-P,"3,4-Dihydroxybenzaldehyde",-1.0,0.0,3,,,0,,,0,-1.0,0.0,3,True,-,0.0
ENSMUSG00000052751-P,"1,2-Bis(trimethylsiloxy)cyclohexene",,,0,,,0,,,0,-1.0,0.0,3,True,-,0.0
ENSMUSG00000052751-P,"1-Pentene, 1,3-diphenyl-1-(trimethylsilyloxy)-",,,0,,,0,,,0,-1.0,0.0,4,True,-,0.0
ENSMUSG00000052751-P,"3,3-Dimethylacrylic acid",,,0,,,0,,,0,-1.0,0.0,4,True,-,0.0
ENSMUSG00000052751-P,"3,4-Dihydroxybenzaldehyde",-1.0,0.0,3,,,0,,,0,-1.0,0.0,3,True,-,0.0
ENSMUSG00000052751-P,"l-Leucine, n-butoxycarbonyl-N-methyl-, hexadecyl ester",,,0,,,0,,,0,1.0,0.0,4,True,+,0.0
ENSMUSG00000052751-P,"N-[(3,4,5-Trimethoxyphenyl)methylidene]hydroxylamine",,,0,,,0,-1.0,0.0,3,-1.0,0.0,3,True,-,0.0
ENSMUSG00000052751-P,Tyr-Val,,,0,,,0,,,0,1.0,0.0,3,True,+,0.0
ENSMUSG00000020389-P,"13-Docosenamide, (Z)",,,0,,,0,1.0,0.0,3,1.0,0.0,3,True,+,0.0
ENSMUSG00000020389-P,2-Aminoquinolin-8-ol,,,0,,,0,,,0,1.0,0.0,3,True,+,0.0
ENSMUSG00000020389-P,"3,4-Dihydroxybenzaldehyde",1.0,0.0,3,,,0,,,0,1.0,0.0,3,True,+,0.0
ENSMUSG00000020389-P,"4,5-Dihydro-1H-pyrazole",,,0,,,0,,,0,1.0,0.0,4,True,+,0.0
ENSMUSG00000020389-P,Isopropylamine,0.5,0.6666666666666666,3,1.0,0.0,3,0.8857142857142858,0.0188454810495626,6,0.7622377622377624,0.0039504489725426,12,True,+,0.1444028705953552
ENSMUSG00000020389-P,L-Val-L-Leu,,,0,,,0,-1.0,0.0,3,-1.0,0.0,3,True,-,0.0
ENSMUSG00000020389-P,Tyr-Val,,,0,,,0,,,0,-1.0,0.0,3,True,-,0.0
ENSMUSG00000028959-P,"1,2-Bis(trimethylsiloxy)cyclohexene",,,0,,,0,,,0,-1.0,0.0,3,True,-,0.0
ENSMUSG00000028959-P,"1,2-Cinnolinedicarboxylic acid, 1,2,3,5,6,7,8,8a-octahydro-4-trimethylsilyloxy-, diethyl ester",,,0,,,0,,,0,1.0,0.0,3,True,+,0.0
ENSMUSG00000028959-P,"2,4-Dimethoxybenzaldoxime",,,0,,,0,,,0,-1.0,0.0,3,True,-,0.0
ENSMUSG00000028959-P,"3,3-Dimethylacrylic acid",,,0,,,0,,,0,-1.0,0.0,4,True,-,0.0
ENSMUSG00000028959-P,L-(+)-Threose,,,0,,,0,-1.0,0.0,3,-1.0,0.0,3,True,-,0.0
ENSMUSG00000025474-P,"1,2-Bis(trimethylsiloxy)cyclohexene",,,0,,,0,,,0,1.0,0.0,3,True,+,0.0
ENSMUSG00000025474-P,Hypoxanthine,1.0,0.0,3,1.0,0.0,3,0.7142857142857143,0.1107871720116617,6,0.7482517482517484,0.005124081698753,12,True,+,0.176962914072306
ENSMUSG00000025474-P,Isosorbide,-1.0,0.0,3,,,0,,,0,-1.0,0.0,3,True,-,0.0
ENSMUSG00000025474-P,L-Valine,0.5,0.6666666666666666,3,1.0,0.0,3,0.8285714285714287,0.0415626822157433,6,0.8531468531468532,0.0004181179404149,12,True,+,0.0181436266812646
ENSMUSG00000025474-P,"N-[(3,4,5-Trimethoxyphenyl)methylidene]hydroxylamine",,,0,,,0,-1.0,0.0,3,-1.0,0.0,3,True,-,0.0
ENSMUSG00000025474-P,Octadecanoic acid,,,0,,,0,,,0,-1.0,0.0,3,True,-,0.0
ENSMUSG00000064370-P,2-Aminoquinolin-8-ol,,,0,,,0,,,0,1.0,0.0,3,True,+,0.0
ENSMUSG00000064370-P,"2-Methylcyclohexanol, (Z)",-0.5,0.6666666666666666,3,-0.8660254037844387,0.3333333333333332,3,-0.8986451052612952,0.0148886220055803,6,-0.810531305224992,0.0013855829221512,12,True,-,0.0567098326648916
ENSMUSG00000064370-P,"4,5-Dihydro-1H-pyrazole",,,0,,,0,,,0,1.0,0.0,4,True,+,0.0
ENSMUSG00000064370-P,cis-2-Decenoic acid,,,0,,,0,,,0,-1.0,0.0,3,True,-,0.0
ENSMUSG00000064370-P,L-Val-L-Leu,,,0,,,0,-1.0,0.0,3,-1.0,0.0,3,True,-,0.0
ENSMUSG00000064370-P,"N-[(3,4,5-Trimethoxyphenyl)methylidene]hydroxylamine",,,0,,,0,-1.0,0.0,3,-1.0,0.0,3,True,-,0.0
ENSMUSG00000005580-P,"13-Docosenamide, (Z)",,,0,,,0,1.0,0.0,3,1.0,0.0,3,True,+,0.0
ENSMUSG00000005580-P,2-Norbornanemethanol,,,0,,,0,,,0,-1.0,0.0,3,True,-,0.0
ENSMUSG00000005580-P,Isopropylamine,-1.0,0.0,3,-1.0,0.0,3,-0.5428571428571429,0.2657026239067054,6,-0.8321678321678322,0.0007854416778536,12,True,-,0.0332610831314817
ENSMUSG00000005580-P,Lupinine,,,0,,,0,1.0,1.4042654220543602e-24,5,0.9642857142857144,0.0004541491691941,7,True,+,0.0196011697980853
ENSMUSG00000005580-P,L-Val-L-Leu,,,0,,,0,1.0,0.0,3,1.0,0.0,3,True,+,0.0
ENSMUSG00000030663-P,"13-Docosenamide, (Z)",,,0,,,0,1.0,0.0,3,1.0,0.0,3,True,+,0.0
ENSMUSG00000030663-P,3-Aminobenzoic acid,,,0,-1.0,0.0,3,-0.7142857142857143,0.1107871720116617,6,-0.8454545454545455,0.0010451821458586,11,True,-,0.0434501308308189
ENSMUSG00000035941-P,"1-Octanol, 2-butyl-",0.5,0.6666666666666666,3,0.5,0.6666666666666666,3,0.9710083124552245,0.0012485929031976,6,0.91930390462748,2.3506576120000405e-05,12,True,+,0.0010523814044381
ENSMUSG00000035941-P,3-Amino-5-methylisoxazole,,,0,0.5,0.6666666666666666,3,0.4285714285714286,0.3965014577259473,6,0.790909090909091,0.0037460829533974,11,True,+,0.1388516182868286
ENSMUSG00000035941-P,"3-Hydroxy-7,3',4',5'-tetramethoxyflavone",,,0,,,0,,,0,1.0,0.0,3,True,+,0.0
ENSMUSG00000035941-P,4-tert-Butyldimethylsiloxy-3-penten-2-one,,,0,,,0,1.0,0.0,4,1.0,0.0,4,True,+,0.0
ENSMUSG00000035941-P,Isosorbide,1.0,0.0,3,,,0,,,0,1.0,0.0,3,True,+,0.0
ENSMUSG00000035941-P,"N-[(3,4,5-Trimethoxyphenyl)methylidene]hydroxylamine",,,0,,,0,1.0,0.0,3,1.0,0.0,3,True,+,0.0
ENSMUSG00000035941-P,N-Methylacetamide,-1.0,0.0,3,0.8660254037844387,0.3333333333333332,3,0.753702346348183,0.0835232813732598,6,0.7929873375794294,0.0020902874654805,12,True,+,0.0826385360525062
ENSMUSG00000035941-P,Octanoic acid,,,0,,,0,1.0,0.0,4,1.0,0.0,6,True,+,0.0
ENSMUSG00000035941-P,Phytanic acid,0.0,1.0,3,-0.5,0.6666666666666666,3,0.8827348295047495,0.019820416588882,6,0.8049321018270617,0.0015867363456598,12,True,+,0.064563328541803
ENSMUSG00000035941-P,Salsoline,-0.5,0.6666666666666666,3,-0.5,0.6666666666666666,3,-0.3999999999999999,0.6,4,-0.8666666666666665,0.0011735381801554,10,True,-,0.0484009213110282
ENSMUSG00000035941-P,Tyr-Val,,,0,,,0,,,0,-1.0,0.0,3,True,-,0.0
ENSMUSG00000036501-P,"2,4-Dimethoxybenzaldoxime",,,0,,,0,,,0,1.0,0.0,3,True,+,0.0
ENSMUSG00000036501-P,3-Aminobenzoic acid,,,0,-1.0,0.0,3,-0.8285714285714287,0.0415626822157433,6,-0.8454545454545455,0.0010451821458586,11,True,-,0.0434501308308189
ENSMUSG00000036501-P,"3-Hydroxy-7,3',4',5'-tetramethoxyflavone",,,0,,,0,,,0,1.0,0.0,3,True,+,0.0
ENSMUSG00000036501-P,"4-[2-(4,7-Dimethoxy-2H-1,3-benzodioxol-5-yl)ethenyl]-2-methoxyphenol",-1.0,0.0,3,-1.0,0.0,3,-0.5217939320872036,0.2883432338003935,6,-0.7530659534637223,0.0046938930486737,12,True,-,0.1673621183600482
ENSMUSG00000036501-P,7-Hydroxy-4-(methoxymethyl)coumarin,,,0,,,0,1.0,0.0,3,1.0,0.0,4,True,+,0.0
ENSMUSG00000036501-P,cis-2-Decenoic acid,,,0,,,0,,,0,-1.0,0.0,3,True,-,0.0
ENSMUSG00000036501-P,Isosorbide,1.0,0.0,3,,,0,,,0,1.0,0.0,3,True,+,0.0
ENSMUSG00000036501-P,L-Val-L-Leu,,,0,,,0,1.0,0.0,3,1.0,0.0,3,True,+,0.0
ENSMUSG00000036501-P,Methanesulfonic acid,,,0,-1.0,0.0,3,-0.6571428571428573,0.1561749271137024,6,-0.8090909090909091,0.0025585801997139,11,True,-,0.0986327946362033
ENSMUSG00000033411-P,"2,4-Dimethoxybenzaldoxime",,,0,,,0,,,0,-1.0,0.0,3,True,-,0.0
ENSMUSG00000033411-P,2-Furoic acid,-1.0,0.0,3,-1.0,0.0,3,-0.7999999999999999,0.2000000000000001,4,-0.8303030303030302,0.0029402270232795,10,True,-,0.1120224351283768
ENSMUSG00000033411-P,2-Norbornanemethanol,,,0,,,0,,,0,1.0,0.0,3,True,+,0.0
ENSMUSG00000033411-P,3-Aminobenzoic acid,,,0,-1.0,0.0,3,-0.8285714285714287,0.0415626822157433,6,-0.881818181818182,0.0003301688021839,11,True,-,0.0144079928003976
ENSMUSG00000033411-P,Durapan,,,0,-1.0,0.0,3,-0.5428571428571429,0.2657026239067054,6,-0.8060606060606059,0.0048620611019646,10,True,-,0.1693978733774359
ENSMUSG00000033411-P,Ketamine,-0.5,0.6666666666666666,3,-1.0,0.0,3,-0.5797710356524484,0.227783956715016,6,-0.7635738504887974,0.0038500936565595,12,True,-,0.1414605165627303
ENSMUSG00000033411-P,Methanesulfonic acid,,,0,-1.0,0.0,3,-0.6,0.208,6,-0.7727272727272727,0.0052994871786438,11,True,-,0.1815800018212259
ENSMUSG00000033411-P,Methylthiouracil,,,0,-1.0,0.0,3,-0.4285714285714286,0.3965014577259473,6,-0.8000000000000002,0.0031104283103858,11,True,-,0.1176276726103183
ENSMUSG00000035934-P,"1,2-Bis(trimethylsiloxy)cyclohexene",,,0,,,0,,,0,-1.0,0.0,3,True,-,0.0
ENSMUSG00000035934-P,"1,2-Cinnolinedicarboxylic acid, 1,2,3,5,6,7,8,8a-octahydro-4-trimethylsilyloxy-, diethyl ester",,,0,,,0,,,0,-1.0,0.0,3,True,-,0.0
ENSMUSG00000035934-P,2-Aminoquinolin-8-ol,,,0,,,0,,,0,1.0,0.0,3,True,+,0.0
ENSMUSG00000035934-P,3-(4-Methoxyphenyl)coumarin,,,0,,,0,1.0,0.0,3,1.0,0.0,4,True,+,0.0
ENSMUSG00000035934-P,"3,4-Dihydroxybenzaldehyde",-1.0,0.0,3,,,0,,,0,-1.0,0.0,3,True,-,0.0
ENSMUSG00000035934-P,cis-2-Decenoic acid,,,0,,,0,,,0,-1.0,0.0,3,True,-,0.0
ENSMUSG00000035934-P,L-(+)-Threose,,,0,,,0,-1.0,0.0,3,-1.0,0.0,3,True,-,0.0
ENSMUSG00000035934-P,Supraene,,,0,,,0,-0.7,0.1881204043741873,5,-0.8333333333333333,0.0052656910291617,9,True,-,0.1809859324943322
ENSMUSG00000035934-P,Tromethamine,,,0,,,0,-0.8999999999999998,0.0373860734684987,5,-0.880952380952381,0.0038503204637324,8,True,-,0.1414605165627303
ENSMUSG00000035934-P,Tyr-Val,,,0,,,0,,,0,1.0,0.0,3,True,+,0.0
ENSMUSG00000003344-P,"1,2-Bis(trimethylsiloxy)cyclohexene",,,0,,,0,,,0,-1.0,0.0,3,True,-,0.0
ENSMUSG00000003344-P,2-Aminoquinolin-8-ol,,,0,,,0,,,0,-1.0,0.0,3,True,-,0.0
ENSMUSG00000003344-P,"3-Hydroxy-7,3',4',5'-tetramethoxyflavone",,,0,,,0,,,0,-1.0,0.0,3,True,-,0.0
ENSMUSG00000003344-P,cis-2-Decenoic acid,,,0,,,0,,,0,1.0,0.0,3,True,+,0.0
ENSMUSG00000003344-P,Isosorbide,-1.0,0.0,3,,,0,,,0,-1.0,0.0,3,True,-,0.0
ENSMUSG00000003344-P,"l-Leucine, n-butoxycarbonyl-N-methyl-, hexadecyl ester",,,0,,,0,,,0,1.0,0.0,4,True,+,0.0
ENSMUSG00000003344-P,"N-[(3,4,5-Trimethoxyphenyl)methylidene]hydroxylamine",,,0,,,0,1.0,0.0,3,1.0,0.0,3,True,+,0.0
ENSMUSG00000037608-P,"13-Docosenamide, (Z)",,,0,,,0,1.0,0.0,3,1.0,0.0,3,True,+,0.0
ENSMUSG00000037608-P,"3-Hydroxy-7,3',4',5'-tetramethoxyflavone",,,0,,,0,,,0,1.0,0.0,3,True,+,0.0
ENSMUSG00000037608-P,7-Hydroxy-4-(methoxymethyl)coumarin,,,0,,,0,1.0,0.0,3,1.0,0.0,4,True,+,0.0
ENSMUSG00000037608-P,cis-2-Decenoic acid,,,0,,,0,,,0,-1.0,0.0,3,True,-,0.0
ENSMUSG00000037608-P,Isosorbide,1.0,0.0,3,,,0,,,0,1.0,0.0,3,True,+,0.0
ENSMUSG00000026333-P,2-Butenedioic acid,,,0,1.0,0.0,3,0.7714285714285715,0.0723965014577259,6,0.7727272727272727,0.0052994871786438,11,True,+,0.1815800018212259
ENSMUSG00000026333-P,"3,3-Dimethylacrylic acid",,,0,,,0,,,0,1.0,0.0,4,True,+,0.0
ENSMUSG00000026333-P,"4,5-Dihydro-1H-pyrazole",,,0,,,0,,,0,1.0,0.0,4,True,+,0.0
ENSMUSG00000026333-P,4-tert-Butyldimethylsiloxy-3-penten-2-one,,,0,,,0,1.0,0.0,4,1.0,0.0,4,True,+,0.0
ENSMUSG00000026333-P,"N-[(3,4,5-Trimethoxyphenyl)methylidene]hydroxylamine",,,0,,,0,1.0,0.0,3,1.0,0.0,3,True,+,0.0
ENSMUSG00000026333-P,tert-butyl(dimethyl)silyl-2-([tert-butyl(dimethyl)silyl]oxy)hex-2-enoate,,,0,,,0,-1.0,0.0,4,-1.0,0.0,4,True,-,0.0
ENSMUSG00000026333-P,Tyr-Val,,,0,,,0,,,0,-1.0,0.0,3,True,-,0.0
ENSMUSG00000003527-P,2-Norbornanemethanol,,,0,,,0,,,0,1.0,0.0,3,True,+,0.0
ENSMUSG00000003527-P,cis-2-Decenoic acid,,,0,,,0,,,0,-1.0,0.0,3,True,-,0.0
ENSMUSG00000003527-P,L-(+)-Threose,,,0,,,0,1.0,0.0,3,1.0,0.0,3,True,+,0.0
ENSMUSG00000003527-P,"N-[(3,4,5-Trimethoxyphenyl)methylidene]hydroxylamine",,,0,,,0,1.0,0.0,3,1.0,0.0,3,True,+,0.0
ENSMUSG00000003527-P,tert-butyl(dimethyl)silyl-2-([tert-butyl(dimethyl)silyl]oxy)hex-2-enoate,,,0,,,0,-1.0,0.0,4,-1.0,0.0,4,True,-,0.0
ENSMUSG00000058420-P,"1,2-Bis(trimethylsiloxy)cyclohexene",,,0,,,0,,,0,-1.0,0.0,3,True,-,0.0
ENSMUSG00000058420-P,"2,5-Dimethoxyphenol",1.0,0.0,3,1.0,0.0,3,0.8285714285714287,0.0415626822157433,6,0.7412587412587414,0.0058011504744782,12,True,+,0.1955303081363889
ENSMUSG00000058420-P,"3,4-Dihydroxybenzaldehyde",-1.0,0.0,3,,,0,,,0,-1.0,0.0,3,True,-,0.0
ENSMUSG00000058420-P,3-Heptanol,-1.0,0.0,3,-1.0,0.0,3,-0.5507824838698261,0.2573693316225746,6,-0.7845896445389478,0.0025116023149757,12,True,-,0.097376722909516
ENSMUSG00000058420-P,cis-2-Decenoic acid,,,0,,,0,,,0,-1.0,0.0,3,True,-,0.0
ENSMUSG00000058420-P,L-(+)-Threose,,,0,,,0,1.0,0.0,3,1.0,0.0,3,True,+,0.0
ENSMUSG00000058420-P,L-Val-L-Leu,,,0,,,0,-1.0,0.0,3,-1.0,0.0,3,True,-,0.0
ENSMUSG00000058420-P,Trimethylolpropane,,,0,,,0,0.8720815992723809,0.0538542177275421,5,0.9461247469114746,0.0003753118737904,8,True,+,0.0163166173345331
ENSMUSG00000019907-P,"13-Docosenamide, (Z)",,,0,,,0,1.0,0.0,3,1.0,0.0,3,True,+,0.0
ENSMUSG00000019907-P,"3,3-Dimethylacrylic acid",,,0,,,0,,,0,1.0,0.0,4,True,+,0.0
ENSMUSG00000019907-P,"4,5-Dihydro-1H-pyrazole",,,0,,,0,,,0,1.0,0.0,4,True,+,0.0
ENSMUSG00000019907-P,cis-2-Decenoic acid,,,0,,,0,,,0,-1.0,0.0,3,True,-,0.0
ENSMUSG00000025410-P,"13-Docosenamide, (Z)",,,0,,,0,1.0,0.0,3,1.0,0.0,3,True,+,0.0
ENSMUSG00000025410-P,"1-Heptanol, 2-propyl-",,,0,,,0,-0.9856107606091624,0.0003090856678496,6,-0.9856107606091624,0.0003090856678496,6,True,-,0.0135133625110892
ENSMUSG00000025410-P,"2,4-Dimethoxybenzaldoxime",,,0,,,0,,,0,-1.0,0.0,3,True,-,0.0
ENSMUSG00000025410-P,"3,4-Dihydroxybenzaldehyde",1.0,0.0,3,,,0,,,0,1.0,0.0,3,True,+,0.0
ENSMUSG00000025410-P,"4,5-Dihydro-1H-pyrazole",,,0,,,0,,,0,1.0,0.0,4,True,+,0.0
ENSMUSG00000025410-P,L-Val-L-Leu,,,0,,,0,-1.0,0.0,3,-1.0,0.0,3,True,-,0.0
ENSMUSG00000025410-P,Octanoic acid,,,0,,,0,-0.7999999999999999,0.2000000000000001,4,-0.942857142857143,0.004804664723032,6,True,-,0.1679020985499759
ENSMUSG00000061718-P,2-Aminoquinolin-8-ol,,,0,,,0,,,0,1.0,0.0,3,True,+,0.0
ENSMUSG00000061718-P,"2-Methylcyclohexanol, (Z)",-1.0,0.0,3,-0.8660254037844387,0.3333333333333332,3,-0.753702346348183,0.0835232813732598,6,-0.7824609569920918,0.0026280075981639,12,True,-,0.1009284870057918
ENSMUSG00000061718-P,3-Buten-2-one,-0.5,0.6666666666666666,3,-1.0,0.0,3,-0.8857142857142858,0.0188454810495626,6,-0.8951048951048951,8.366586429091719e-05,12,True,-,0.0037193926989243
ENSMUSG00000061718-P,"3-Hydroxy-7,3',4',5'-tetramethoxyflavone",,,0,,,0,,,0,1.0,0.0,3,True,+,0.0
ENSMUSG00000061718-P,"6,7,4'-Trihydroxyisoflavone",-1.0,0.0,3,-1.0,0.0,3,-0.9276336570439176,0.0076658441874731,6,-0.7600712181471057,0.0041173803556808,12,True,-,0.149614861133208
ENSMUSG00000061718-P,cis-2-Decenoic acid,,,0,,,0,,,0,-1.0,0.0,3,True,-,0.0
ENSMUSG00000061718-P,Cycloheptanol,-0.5,0.6666666666666666,3,-1.0,0.0,3,-0.753702346348183,0.0835232813732598,6,-0.8511396590310907,0.0004459012873585,12,True,-,0.0193291732325072
ENSMUSG00000061718-P,Isosorbide,1.0,0.0,3,,,0,,,0,1.0,0.0,3,True,+,0.0
ENSMUSG00000061718-P,Octanoic acid,,,0,,,0,-0.7999999999999999,0.2000000000000001,4,-0.942857142857143,0.004804664723032,6,True,-,0.1679020985499759
ENSMUSG00000008690-P,"1,2-Bis(trimethylsiloxy)cyclohexene",,,0,,,0,,,0,1.0,0.0,3,True,+,0.0
ENSMUSG00000008690-P,"1,2-Cinnolinedicarboxylic acid, 1,2,3,5,6,7,8,8a-octahydro-4-trimethylsilyloxy-, diethyl ester",,,0,,,0,,,0,1.0,0.0,3,True,+,0.0
ENSMUSG00000008690-P,"13-Docosenamide, (Z)",,,0,,,0,-1.0,0.0,3,-1.0,0.0,3,True,-,0.0
ENSMUSG00000008690-P,Dodecanoic acid,1.0,0.0,3,-0.5,0.6666666666666666,3,0.942857142857143,0.004804664723032,6,0.8111888111888113,0.0013633152527271,12,True,+,0.0558531546872157
ENSMUSG00000008690-P,Isosorbide,-1.0,0.0,3,,,0,,,0,-1.0,0.0,3,True,-,0.0
ENSMUSG00000008690-P,L-Val-L-Leu,,,0,,,0,1.0,0.0,3,1.0,0.0,3,True,+,0.0
ENSMUSG00000008690-P,Octadecanoic acid,,,0,,,0,,,0,-1.0,0.0,3,True,-,0.0
ENSMUSG00000092417-P,"1,2-Bis(trimethylsiloxy)cyclohexene",,,0,,,0,,,0,1.0,0.0,3,True,+,0.0
ENSMUSG00000092417-P,2-Aminoquinolin-8-ol,,,0,,,0,,,0,-1.0,0.0,3,True,-,0.0
ENSMUSG00000092417-P,"2-Butene-1,4-diol",,,0,,,0,1.0,0.0,4,0.942857142857143,0.004804664723032,6,True,+,0.1679020985499759
ENSMUSG00000092417-P,"2-Cyclohexen-1-one, 3-methyl-6-(1-methylethyl)",0.5,0.6666666666666666,3,1.0,0.0,3,0.6,0.2847569798652938,5,0.8454545454545455,0.0010451821458586,11,True,+,0.0434501308308189
ENSMUSG00000092417-P,2-Norbornanemethanol,,,0,,,0,,,0,-1.0,0.0,3,True,-,0.0
ENSMUSG00000092417-P,"3,3-Dimethylacrylic acid",,,0,,,0,,,0,1.0,0.0,4,True,+,0.0
ENSMUSG00000092417-P,"3,4-Dihydroxybenzaldehyde",1.0,0.0,3,,,0,,,0,1.0,0.0,3,True,+,0.0
ENSMUSG00000092417-P,"5-Ethyl-1,3-dioxane-5-methanol, tert-butyldimethylsilyl ether",0.5,0.6666666666666666,3,,,0,1.0,0.0,4,0.9,0.0009430623223403,9,True,+,0.0395272701363655
ENSMUSG00000092417-P,Diclofenac,,,0,,,0,,,0,-1.0,0.0,4,True,-,0.0
ENSMUSG00000092417-P,L-Lysine,,,0,0.5,0.6666666666666666,3,0.942857142857143,0.004804664723032,6,0.7818181818181819,0.004473162252783,11,True,+,0.1611140357001344
ENSMUSG00000092417-P,L-Val-L-Leu,,,0,,,0,1.0,0.0,3,1.0,0.0,3,True,+,0.0
ENSMUSG00000092417-P,"N-[(3,4,5-Trimethoxyphenyl)methylidene]hydroxylamine",,,0,,,0,1.0,0.0,3,1.0,0.0,3,True,+,0.0
ENSMUSG00000092417-P,Thymol,1.0,0.0,3,,,0,0.8207826816681233,0.0885870053135438,5,0.8571468165888911,0.0015278398373375,10,True,+,0.0622395897081881
ENSMUSG00000004895-P,"1,2-Bis(trimethylsiloxy)cyclohexene",,,0,,,0,,,0,1.0,0.0,3,True,+,0.0
ENSMUSG00000004895-P,alpha-Hydroxyisobutyric acid,,,0,,,0,0.7714285714285715,0.0723965014577259,6,0.9047619047619048,0.0020082755054294,8,True,+,0.0796373285451544
ENSMUSG00000004895-P,L-(+)-Threose,,,0,,,0,1.0,0.0,3,1.0,0.0,3,True,+,0.0
ENSMUSG00000004895-P,"l-Leucine, n-butoxycarbonyl-N-methyl-, hexadecyl ester",,,0,,,0,,,0,-1.0,0.0,4,True,-,0.0
ENSMUSG00000004895-P,L-Val-L-Leu,,,0,,,0,1.0,0.0,3,1.0,0.0,3,True,+,0.0
ENSMUSG00000004895-P,Tyr-Val,,,0,,,0,,,0,-1.0,0.0,3,True,-,0.0
ENSMUSG00000025934-P,"(9H-fluoren-9-yl)methanol, O-methoxycarbonyl-",-0.5,0.6666666666666666,3,1.0,0.0,3,-0.8986451052612952,0.0148886220055803,6,-0.80910807093079,0.0014347403699364,12,True,-,0.0585611746228777
ENSMUSG00000025934-P,"1,2-Bis(trimethylsiloxy)cyclohexene",,,0,,,0,,,0,-1.0,0.0,3,True,-,0.0
ENSMUSG00000025934-P,"1,2-Cinnolinedicarboxylic acid, 1,2,3,5,6,7,8,8a-octahydro-4-trimethylsilyloxy-, diethyl ester",,,0,,,0,,,0,-1.0,0.0,3,True,-,0.0
ENSMUSG00000025934-P,2-Aminoquinolin-8-ol,,,0,,,0,,,0,1.0,0.0,3,True,+,0.0
ENSMUSG00000025934-P,"3,4-Dihydroxybenzaldehyde",-1.0,0.0,3,,,0,,,0,-1.0,0.0,3,True,-,0.0
ENSMUSG00000025934-P,Glabridin,,,0,,,0,,,0,1.0,0.0,4,True,+,0.0
ENSMUSG00000025934-P,L-(+)-Threose,,,0,,,0,1.0,0.0,3,1.0,0.0,3,True,+,0.0
ENSMUSG00000025934-P,L-Val-L-Leu,,,0,,,0,-1.0,0.0,3,-1.0,0.0,3,True,-,0.0
ENSMUSG00000025934-P,"Phenol, 2,4-bis(1-methyl-1-phenylethyl)-",-1.0,0.0,3,1.0,0.0,3,-0.6,0.208,6,-0.7832167832167832,0.0025862148333625,12,True,-,0.099459548551953
ENSMUSG00000028273-P,"2,5-Dimethoxyphenol",1.0,0.0,3,1.0,0.0,3,0.4285714285714286,0.3965014577259473,6,0.8181818181818183,0.001143105086804,12,True,+,0.0472483435878986
ENSMUSG00000028273-P,"3,4-Dihydroxybenzaldehyde",-1.0,0.0,3,,,0,,,0,-1.0,0.0,3,True,-,0.0
ENSMUSG00000028273-P,"3-Hydroxy-7,3',4',5'-tetramethoxyflavone",,,0,,,0,,,0,1.0,0.0,3,True,+,0.0
ENSMUSG00000028273-P,Aceturic acid,0.5,0.6666666666666666,3,,,0,0.4857142857142857,0.3287230320699708,6,0.8090909090909091,0.0025585801997139,11,True,+,0.0986327946362033
ENSMUSG00000028273-P,"Benzoic acid, methyl ester",1.0,0.0,3,0.5,0.6666666666666666,3,0.8857142857142858,0.0188454810495626,6,0.8111888111888113,0.0013633152527271,12,True,+,0.0558531546872157
ENSMUSG00000028273-P,cis-2-Decenoic acid,,,0,,,0,,,0,-1.0,0.0,3,True,-,0.0
ENSMUSG00000028273-P,"Cyclohexanone, 3,3,5-trimethyl",1.0,0.0,3,1.0,0.0,3,0.7,0.1881204043741873,5,0.8363636363636365,0.0013331850799508,11,True,+,0.0547260688811238
ENSMUSG00000028273-P,N-Methylacetamide,-0.5,0.6666666666666666,3,0.8660254037844387,0.3333333333333332,3,0.8986451052612952,0.0148886220055803,6,0.803513718166767,0.0016410752385769,12,True,+,0.0662710205543597
ENSMUSG00000028273-P,Octadecanoic acid,,,0,,,0,,,0,-1.0,0.0,3,True,-,0.0
ENSMUSG00000028273-P,Trimethylolpropane,,,0,,,0,0.6155870112510925,0.2689977701158222,5,0.8622909085775464,0.005872990672297,8,True,+,0.1975056608835884
ENSMUSG00000026520-P,"1,2-Bis(trimethylsiloxy)cyclohexene",,,0,,,0,,,0,-1.0,0.0,3,True,-,0.0
ENSMUSG00000026520-P,"3-Hydroxy-7,3',4',5'-tetramethoxyflavone",,,0,,,0,,,0,-1.0,0.0,3,True,-,0.0
ENSMUSG00000026520-P,Azelaic acid,-0.5,0.6666666666666666,3,-1.0,0.0,3,-0.753702346348183,0.0835232813732598,6,-0.7845896445389478,0.0025116023149757,12,True,-,0.097376722909516
ENSMUSG00000026520-P,Isosorbide,-1.0,0.0,3,,,0,,,0,-1.0,0.0,3,True,-,0.0
ENSMUSG00000026520-P,L-(+)-Threose,,,0,,,0,-1.0,0.0,3,-1.0,0.0,3,True,-,0.0
ENSMUSG00000024193-P,"(9H-fluoren-9-yl)methanol, O-methoxycarbonyl-",-1.0,0.0,3,-0.5,0.6666666666666666,3,-0.5507824838698261,0.2573693316225746,6,-0.7705791151721809,0.0033551786239375,12,True,-,0.1259035599291489
ENSMUSG00000024193-P,"1,2-Bis(trimethylsiloxy)cyclohexene",,,0,,,0,,,0,-1.0,0.0,3,True,-,0.0
ENSMUSG00000024193-P,"13-Docosenamide, (Z)",,,0,,,0,1.0,0.0,3,1.0,0.0,3,True,+,0.0
ENSMUSG00000024193-P,2-Aminoquinolin-8-ol,,,0,,,0,,,0,1.0,0.0,3,True,+,0.0
ENSMUSG00000024193-P,2-Norbornanemethanol,,,0,,,0,,,0,1.0,0.0,3,True,+,0.0
ENSMUSG00000024193-P,"3-Hydroxy-7,3',4',5'-tetramethoxyflavone",,,0,,,0,,,0,1.0,0.0,3,True,+,0.0
ENSMUSG00000024193-P,"Benzene, 1-ethyl-3,5-dimethyl",,,0,,,0,,,0,1.0,0.0,4,True,+,0.0
ENSMUSG00000024193-P,L-Val-L-Leu,,,0,,,0,-1.0,0.0,3,-1.0,0.0,3,True,-,0.0
ENSMUSG00000024193-P,"Phenol, 2,4-bis(1-methyl-1-phenylethyl)-",-0.5,0.6666666666666666,3,-0.5,0.6666666666666666,3,-0.942857142857143,0.004804664723032,6,-0.8111888111888113,0.0013633152527271,12,True,-,0.0558531546872157
ENSMUSG00000083899-P,"1,2-Bis(trimethylsiloxy)cyclohexene",,,0,,,0,,,0,-1.0,0.0,3,True,-,0.0
ENSMUSG00000083899-P,2-Aminoquinolin-8-ol,,,0,,,0,,,0,1.0,0.0,3,True,+,0.0
ENSMUSG00000083899-P,"3-Hydroxy-7,3',4',5'-tetramethoxyflavone",,,0,,,0,,,0,1.0,0.0,3,True,+,0.0
ENSMUSG00000083899-P,cis-2-Decenoic acid,,,0,,,0,,,0,-1.0,0.0,3,True,-,0.0
ENSMUSG00000083899-P,"N-[(3,4,5-Trimethoxyphenyl)methylidene]hydroxylamine",,,0,,,0,-1.0,0.0,3,-1.0,0.0,3,True,-,0.0
ENSMUSG00000083899-P,Oleamide,-1.0,0.0,3,-1.0,0.0,3,-0.7142857142857143,0.1107871720116617,6,-0.7692307692307694,0.0034464502618274,12,True,-,0.1288426047067842
ENSMUSG00000030879-P,"2,3-Butanediol, O-(trimethylsilyl)-, monoacetate",-1.0,0.0,3,-0.8660254037844387,0.3333333333333332,3,-0.8720815992723809,0.0538542177275421,5,-0.9178177876042186,6.792214905460497e-05,11,True,-,0.0030240046502171
ENSMUSG00000030879-P,"2',3'-Di-O-acetyladenosine",,,0,,,0,-1.0,0.0,3,-0.9285714285714288,0.0025194724037946,7,True,-,0.097376722909516
ENSMUSG00000030879-P,2-Butoxyethanol,-0.5,0.6666666666666666,3,-0.5,0.6666666666666666,3,-0.7714285714285715,0.0723965014577259,6,-0.7412587412587414,0.0058011504744782,12,True,-,0.1955303081363889
ENSMUSG00000030879-P,2-Methyl-3-pentanol,,,0,,,0,-0.8999999999999998,0.0373860734684987,5,-0.9642857142857144,0.0004541491691941,7,True,-,0.0196011697980853
ENSMUSG00000030879-P,2-Pentadecanone,0.0,1.0,3,-0.5,0.6666666666666666,3,-0.9411239481143202,0.0050975405648614,6,-0.7548794396587318,0.0045391372268496,12,True,-,0.1629006066949425
ENSMUSG00000030879-P,"3,4-Dihydroxybenzaldehyde",-1.0,0.0,3,,,0,,,0,-1.0,0.0,3,True,-,0.0
ENSMUSG00000030879-P,"4,5-Dihydro-1H-pyrazole",,,0,,,0,,,0,-1.0,0.0,4,True,-,0.0
ENSMUSG00000030879-P,6-Oxoheptanoic acid,-0.8660254037844387,0.3333333333333332,3,-0.5,0.6666666666666666,3,-0.942857142857143,0.004804664723032,6,-0.7880922768806397,0.0023286751402374,12,True,-,0.0910978063660742
ENSMUSG00000030879-P,Butachlor ESA,,,0,-0.5,0.6666666666666666,3,-1.0,0.0,4,-0.9166666666666666,0.0005066190663052,9,True,-,0.0217759694947147
ENSMUSG00000030879-P,L-Val-L-Leu,,,0,,,0,-1.0,0.0,3,-1.0,0.0,3,True,-,0.0
ENSMUSG00000030879-P,N-Acetyl-L-alanine,-0.5,0.6666666666666666,3,-1.0,0.0,3,-0.8857142857142858,0.0188454810495626,6,-0.7412587412587414,0.0058011504744782,12,True,-,0.1955303081363889
ENSMUSG00000030879-P,Norketamine,-0.8660254037844387,0.3333333333333332,3,-0.5,0.6666666666666666,3,-0.6179143806533246,0.1910939016901931,6,-0.7908721524501697,0.0021908853098574,12,True,-,0.0864520446915212
ENSMUSG00000030879-P,Tyr-Val,,,0,,,0,,,0,1.0,0.0,3,True,+,0.0
ENSMUSG00000021585-P,"2,4-Dimethoxybenzaldoxime",,,0,,,0,,,0,1.0,0.0,3,True,+,0.0
ENSMUSG00000021585-P,"3-Hydroxy-7,3',4',5'-tetramethoxyflavone",,,0,,,0,,,0,1.0,0.0,3,True,+,0.0
ENSMUSG00000021585-P,6-Nitroveratryl alcohol,,,0,,,0,1.0,0.0,3,1.0,1.4042654220543602e-24,5,True,+,6.303055151107153e-23
ENSMUSG00000021585-P,cis-2-Decenoic acid,,,0,,,0,,,0,-1.0,0.0,3,True,-,0.0
ENSMUSG00000021585-P,Isosorbide,1.0,0.0,3,,,0,,,0,1.0,0.0,3,True,+,0.0
ENSMUSG00000026623-P,"13-Docosenamide, (Z)",,,0,,,0,1.0,0.0,3,1.0,0.0,3,True,+,0.0
ENSMUSG00000026623-P,"2,5-Dimethoxyphenol",0.5,0.6666666666666666,3,0.5,0.6666666666666666,3,0.6571428571428573,0.1561749271137024,6,0.7412587412587414,0.0058011504744782,12,True,+,0.1955303081363889
ENSMUSG00000026623-P,2-Aminoquinolin-8-ol,,,0,,,0,,,0,1.0,0.0,3,True,+,0.0
ENSMUSG00000026623-P,Aceturic acid,1.0,0.0,3,,,0,0.7714285714285715,0.0723965014577259,6,0.790909090909091,0.0037460829533974,11,True,+,0.1388516182868286
ENSMUSG00000026623-P,"Benzoic acid, methyl ester",0.5,0.6666666666666666,3,1.0,0.0,3,0.7142857142857143,0.1107871720116617,6,0.7762237762237763,0.0029928636801859,12,True,+,0.1136263097655619
ENSMUSG00000026623-P,Diclofenac,,,0,,,0,,,0,1.0,0.0,4,True,+,0.0
ENSMUSG00000056215-P,"2,5-Dimethoxyphenol",1.0,0.0,3,1.0,0.0,3,0.8285714285714287,0.0415626822157433,6,0.7762237762237763,0.0029928636801859,12,True,+,0.1136263097655619
ENSMUSG00000056215-P,2-Aminoquinolin-8-ol,,,0,,,0,,,0,1.0,0.0,3,True,+,0.0
ENSMUSG00000056215-P,2-Norbornanemethanol,,,0,,,0,,,0,1.0,0.0,3,True,+,0.0
ENSMUSG00000056215-P,"3,4-Dihydroxybenzaldehyde",-1.0,0.0,3,,,0,,,0,-1.0,0.0,3,True,-,0.0
ENSMUSG00000056215-P,"3-Hydroxy-7,3',4',5'-tetramethoxyflavone",,,0,,,0,,,0,1.0,0.0,3,True,+,0.0
ENSMUSG00000056215-P,"5-Ethyl-1,3-dioxane-5-methanol, tert-butyldimethylsilyl ether",-0.5,0.6666666666666666,3,,,0,-1.0,0.0,4,-0.9166666666666666,0.0005066190663052,9,True,-,0.0217759694947147
ENSMUSG00000056215-P,"Cyclohexanone, 3,3,5-trimethyl",1.0,0.0,3,1.0,0.0,3,0.7,0.1881204043741873,5,0.7727272727272727,0.0052994871786438,11,True,+,0.1815800018212259
ENSMUSG00000056215-P,Glabridin,,,0,,,0,,,0,1.0,0.0,4,True,+,0.0
ENSMUSG00000056215-P,L-(+)-Threose,,,0,,,0,1.0,0.0,3,1.0,0.0,3,True,+,0.0
ENSMUSG00000056215-P,L-Serine,-1.0,0.0,3,,,0,,,0,-1.0,1.4042654220543602e-24,5,True,-,6.303055151107153e-23
ENSMUSG00000056215-P,Octadecanoic acid,,,0,,,0,,,0,-1.0,0.0,3,True,-,0.0
ENSMUSG00000056215-P,Spiroxamine,,,0,,,0,1.0,1.4042654220543602e-24,5,0.9166666666666666,0.0005066190663052,9,True,+,0.0217759694947147
ENSMUSG00000001964-P,"1,2-Bis(trimethylsiloxy)cyclohexene",,,0,,,0,,,0,1.0,0.0,3,True,+,0.0
ENSMUSG00000001964-P,"13-Docosenamide, (Z)",,,0,,,0,-1.0,0.0,3,-1.0,0.0,3,True,-,0.0
ENSMUSG00000001964-P,"2,5-Dimethoxyphenol",-0.5,0.6666666666666666,3,-1.0,0.0,3,-0.6571428571428573,0.1561749271137024,6,-0.7412587412587414,0.0058011504744782,12,True,-,0.1955303081363889
ENSMUSG00000001964-P,2-Aminoquinolin-8-ol,,,0,,,0,,,0,-1.0,0.0,3,True,-,0.0
ENSMUSG00000001964-P,"3,4-Methylenedioxyamphetamine",0.5,0.6666666666666666,3,,,0,1.0,0.0,4,0.9761904761904764,3.3143960262000996e-05,8,True,+,0.0014819385955793
ENSMUSG00000001964-P,3-Heptanol,0.5,0.6666666666666666,3,1.0,0.0,3,0.9856107606091624,0.0003090856678496,6,0.9036791441564668,5.5440365929176315e-05,12,True,+,0.0024735661023365
ENSMUSG00000001964-P,L-(+)-Threose,,,0,,,0,-1.0,0.0,3,-1.0,0.0,3,True,-,0.0
ENSMUSG00000057367-P,"1,2-Bis(trimethylsiloxy)cyclohexene",,,0,,,0,,,0,1.0,0.0,3,True,+,0.0
ENSMUSG00000057367-P,"13-Docosenamide, (Z)",,,0,,,0,-1.0,0.0,3,-1.0,0.0,3,True,-,0.0
ENSMUSG00000057367-P,"1-Octanol, 2-butyl-",0.5,0.6666666666666666,3,1.0,0.0,3,0.8827348295047495,0.019820416588882,6,0.803513718166767,0.0016410752385769,12,True,+,0.0662710205543597
ENSMUSG00000057367-P,"2,4-Dimethoxybenzaldoxime",,,0,,,0,,,0,-1.0,0.0,3,True,-,0.0
ENSMUSG00000057367-P,2-Norbornanemethanol,,,0,,,0,,,0,1.0,0.0,3,True,+,0.0
ENSMUSG00000057367-P,"3-Hydroxy-7,3',4',5'-tetramethoxyflavone",,,0,,,0,,,0,1.0,0.0,3,True,+,0.0
ENSMUSG00000057367-P,4-tert-Butyldimethylsiloxy-3-penten-2-one,,,0,,,0,1.0,0.0,4,1.0,0.0,4,True,+,0.0
ENSMUSG00000057367-P,Isosorbide,1.0,0.0,3,,,0,,,0,1.0,0.0,3,True,+,0.0
ENSMUSG00000057367-P,N-Ethylamphetamine,1.0,0.0,3,,,0,0.7826908981308054,0.065703848071589,6,0.7899625734105961,0.0038173876554122,11,True,+,0.1411690224286416
ENSMUSG00000057367-P,Octanoic acid,,,0,,,0,0.7999999999999999,0.2000000000000001,4,0.942857142857143,0.004804664723032,6,True,+,0.1679020985499759
ENSMUSG00000057367-P,Phenol,0.5,0.6666666666666666,3,-0.5,0.6666666666666666,3,0.3,0.623837664781073,5,0.7818181818181819,0.004473162252783,11,True,+,0.1611140357001344
ENSMUSG00000057367-P,Tromethamine,,,0,,,0,0.8999999999999998,0.0373860734684987,5,0.9523809523809524,0.0002604000243872,8,True,+,0.0114086771011661
ENSMUSG00000057367-P,Tyr-Val,,,0,,,0,,,0,-1.0,0.0,3,True,-,0.0
ENSMUSG00000036613-P,"13-Docosenamide, (Z)",,,0,,,0,-1.0,0.0,3,-1.0,0.0,3,True,-,0.0
ENSMUSG00000036613-P,3-(4-Methoxyphenyl)coumarin,,,0,,,0,1.0,0.0,3,1.0,0.0,4,True,+,0.0
ENSMUSG00000036613-P,"3-Hydroxy-7,3',4',5'-tetramethoxyflavone",,,0,,,0,,,0,1.0,0.0,3,True,+,0.0
ENSMUSG00000036613-P,"4,5-Dihydro-1H-pyrazole",,,0,,,0,,,0,1.0,0.0,4,True,+,0.0
ENSMUSG00000036613-P,Isosorbide,1.0,0.0,3,,,0,,,0,1.0,0.0,3,True,+,0.0
ENSMUSG00000036613-P,L-(+)-Threose,,,0,,,0,-1.0,0.0,3,-1.0,0.0,3,True,-,0.0
ENSMUSG00000045100-P,"1,2-Bis(trimethylsiloxy)cyclohexene",,,0,,,0,,,0,-1.0,0.0,3,True,-,0.0
ENSMUSG00000045100-P,"3,4-Dihydroxybenzaldehyde",-1.0,0.0,3,,,0,,,0,-1.0,0.0,3,True,-,0.0
ENSMUSG00000045100-P,Tyr-Val,,,0,,,0,,,0,1.0,0.0,3,True,+,0.0
ENSMUSG00000031010-P,"2,4-Dimethoxybenzaldoxime",,,0,,,0,,,0,1.0,0.0,3,True,+,0.0
ENSMUSG00000031010-P,"3-Hydroxy-7,3',4',5'-tetramethoxyflavone",,,0,,,0,,,0,1.0,0.0,3,True,+,0.0
ENSMUSG00000031010-P,cis-2-Decenoic acid,,,0,,,0,,,0,-1.0,0.0,3,True,-,0.0
ENSMUSG00000031010-P,Isosorbide,1.0,0.0,3,,,0,,,0,1.0,0.0,3,True,+,0.0
ENSMUSG00000031010-P,L-(+)-Threose,,,0,,,0,1.0,0.0,3,1.0,0.0,3,True,+,0.0
ENSMUSG00000015839-P,"1,2-Bis(trimethylsiloxy)cyclohexene",,,0,,,0,,,0,1.0,0.0,3,True,+,0.0
ENSMUSG00000015839-P,2-Norbornanemethanol,,,0,,,0,,,0,1.0,0.0,3,True,+,0.0
ENSMUSG00000015839-P,"3-Hydroxy-7,3',4',5'-tetramethoxyflavone",,,0,,,0,,,0,1.0,0.0,3,True,+,0.0
ENSMUSG00000015839-P,4-tert-Butyldimethylsiloxy-3-penten-2-one,,,0,,,0,1.0,0.0,4,1.0,0.0,4,True,+,0.0
ENSMUSG00000015839-P,Diclofenac,,,0,,,0,,,0,-1.0,0.0,4,True,-,0.0
ENSMUSG00000015839-P,Glycolic acid,-1.0,0.0,3,-1.0,0.0,3,-0.753702346348183,0.0835232813732598,6,-0.7845896445389478,0.0025116023149757,12,True,-,0.097376722909516
ENSMUSG00000015839-P,Isosorbide,1.0,0.0,3,,,0,,,0,1.0,0.0,3,True,+,0.0
ENSMUSG00000015839-P,"N-[(3,4,5-Trimethoxyphenyl)methylidene]hydroxylamine",,,0,,,0,1.0,0.0,3,1.0,0.0,3,True,+,0.0
ENSMUSG00000015839-P,tert-butyl(dimethyl)silyl-2-([tert-butyl(dimethyl)silyl]oxy)hex-2-enoate,,,0,,,0,-1.0,0.0,4,-1.0,0.0,4,True,-,0.0
ENSMUSG00000038859-P,"1,2-Bis(trimethylsiloxy)cyclohexene",,,0,,,0,,,0,-1.0,0.0,3,True,-,0.0
ENSMUSG00000038859-P,"13-Docosenamide, (Z)",,,0,,,0,1.0,0.0,3,1.0,0.0,3,True,+,0.0
ENSMUSG00000038859-P,2-Aminoquinolin-8-ol,,,0,,,0,,,0,1.0,0.0,3,True,+,0.0
ENSMUSG00000038859-P,"3,3-Dimethylacrylic acid",,,0,,,0,,,0,-1.0,0.0,4,True,-,0.0
ENSMUSG00000038859-P,"3,4-Dihydroxybenzaldehyde",-1.0,0.0,3,,,0,,,0,-1.0,0.0,3,True,-,0.0
ENSMUSG00000038859-P,Guanosine,,,0,-1.0,0.0,3,-0.7999999999999999,0.2000000000000001,4,-0.9047619047619048,0.0020082755054294,8,True,-,0.0796373285451544
ENSMUSG00000044296-P,"N-[(3,4,5-Trimethoxyphenyl)methylidene]hydroxylamine",,,0,,,0,1.0,0.0,3,1.0,0.0,3,True,+,0.0
ENSMUSG00000032633-P,"1-(2,4-Dimethoxyphenyl)-propan-2-one",1.0,0.0,3,1.0,0.0,3,0.2236067977499789,0.7176856442107861,5,0.7706746355884524,0.0055006155925126,11,True,+,0.1876535467504218
ENSMUSG00000032633-P,"1,2-Bis(trimethylsiloxy)cyclohexene",,,0,,,0,,,0,1.0,0.0,3,True,+,0.0
ENSMUSG00000032633-P,"1,3-Oxazolidine, 2,5-diphenyl-4-methyl-, trans-",-0.5,0.6666666666666666,3,1.0,0.0,3,0.6767633692869747,0.1398366873478104,6,0.7614081958174166,0.0040137487228951,12,True,+,0.146499185581409
ENSMUSG00000032633-P,"1-Octanol, 2-butyl-",-0.5,0.6666666666666666,3,1.0,0.0,3,0.6473388749701496,0.1646245946813782,6,0.8070225116958795,0.0015091813858525,12,True,+,0.0615154816152987
ENSMUSG00000032633-P,"3,3-Dimethylacrylic acid",,,0,,,0,,,0,1.0,0.0,4,True,+,0.0
ENSMUSG00000032633-P,3-Amino-5-methylisoxazole,,,0,1.0,0.0,3,0.3142857142857143,0.5440932944606415,6,0.7818181818181819,0.004473162252783,11,True,+,0.1611140357001344
ENSMUSG00000032633-P,Isosorbide,-1.0,0.0,3,,,0,,,0,-1.0,0.0,3,True,-,0.0
ENSMUSG00000032633-P,Levulinic acid,0.8660254037844387,0.3333333333333332,3,1.0,0.0,3,0.7356123579206245,0.0956107807382797,6,0.7662672410406088,0.0036536770820754,12,True,+,0.1360055744751174
ENSMUSG00000032633-P,L-Ornithine,,,0,,,0,,,0,1.0,0.0,4,True,+,0.0
ENSMUSG00000032633-P,"N-[(3,4,5-Trimethoxyphenyl)methylidene]hydroxylamine",,,0,,,0,1.0,0.0,3,1.0,0.0,3,True,+,0.0
ENSMUSG00000032633-P,Octadecanoic acid,,,0,,,0,,,0,-1.0,0.0,3,True,-,0.0
ENSMUSG00000032633-P,Octanoic acid,,,0,,,0,1.0,0.0,4,1.0,0.0,6,True,+,0.0
ENSMUSG00000032724-P,"1,2-Bis(trimethylsiloxy)cyclohexene",,,0,,,0,,,0,1.0,0.0,3,True,+,0.0
ENSMUSG00000032724-P,"13-Docosenamide, (Z)",,,0,,,0,-1.0,0.0,3,-1.0,0.0,3,True,-,0.0
ENSMUSG00000032724-P,"1-Octanol, 2-butyl-",-1.0,0.0,3,-0.5,0.6666666666666666,3,0.4413674147523747,0.3809392104771887,6,0.743864228171854,0.0055414636136485,12,True,+,0.188679669155331
ENSMUSG00000032724-P,2-Norbornanemethanol,,,0,,,0,,,0,1.0,0.0,3,True,+,0.0
ENSMUSG00000032724-P,"3,4-Dihydroxybenzaldehyde",1.0,0.0,3,,,0,,,0,1.0,0.0,3,True,+,0.0
ENSMUSG00000032724-P,Isopropylamine,0.5,0.6666666666666666,3,0.5,0.6666666666666666,3,0.6,0.208,6,0.8111888111888113,0.0013633152527271,12,True,+,0.0558531546872157
ENSMUSG00000032724-P,L-(+)-Threose,,,0,,,0,-1.0,0.0,3,-1.0,0.0,3,True,-,0.0
ENSMUSG00000032724-P,N-Ethylamphetamine,-0.5,0.6666666666666666,3,,,0,0.8116794499134279,0.0498575851013403,6,0.8675889534567239,0.0005390592943057,11,True,+,0.0231038049132785
ENSMUSG00000032724-P,Sarcosine,,,0,,,0,,,0,-0.942857142857143,0.004804664723032,6,True,-,0.1679020985499759
ENSMUSG00000032724-P,tert-butyl(dimethyl)silyl-2-([tert-butyl(dimethyl)silyl]oxy)hex-2-enoate,,,0,,,0,-1.0,0.0,4,-1.0,0.0,4,True,-,0.0
ENSMUSG00000032724-P,Tyr-Val,,,0,,,0,,,0,-1.0,0.0,3,True,-,0.0
ENSMUSG00000024235-P,2-Aminoquinolin-8-ol,,,0,,,0,,,0,1.0,0.0,3,True,+,0.0
ENSMUSG00000024235-P,"4,5-Dihydro-1H-pyrazole",,,0,,,0,,,0,1.0,0.0,4,True,+,0.0
ENSMUSG00000024235-P,cis-2-Decenoic acid,,,0,,,0,,,0,-1.0,0.0,3,True,-,0.0
ENSMUSG00000024235-P,"N-[(3,4,5-Trimethoxyphenyl)methylidene]hydroxylamine",,,0,,,0,-1.0,0.0,3,-1.0,0.0,3,True,-,0.0
ENSMUSG00000023236-P,"13-Docosenamide, (Z)",,,0,,,0,-1.0,0.0,3,-1.0,0.0,3,True,-,0.0
ENSMUSG00000023236-P,"3,4-Dihydroxybenzaldehyde",1.0,0.0,3,,,0,,,0,1.0,0.0,3,True,+,0.0
ENSMUSG00000023236-P,cis-2-Decenoic acid,,,0,,,0,,,0,1.0,0.0,3,True,+,0.0
ENSMUSG00000023236-P,Octadecanoic acid,,,0,,,0,,,0,1.0,0.0,3,True,+,0.0
ENSMUSG00000026483-P,2-Norbornanemethanol,,,0,,,0,,,0,-1.0,0.0,3,True,-,0.0
ENSMUSG00000026483-P,"3,4-Dihydroxybenzaldehyde",-1.0,0.0,3,,,0,,,0,-1.0,0.0,3,True,-,0.0
ENSMUSG00000026483-P,L-(+)-Threose,,,0,,,0,-1.0,0.0,3,-1.0,0.0,3,True,-,0.0
ENSMUSG00000026483-P,L-Val-L-Leu,,,0,,,0,1.0,0.0,3,1.0,0.0,3,True,+,0.0
ENSMUSG00000026483-P,Tyr-Val,,,0,,,0,,,0,1.0,0.0,3,True,+,0.0
ENSMUSG00000057738-P,"13-Docosenamide, (Z)",,,0,,,0,-1.0,0.0,3,-1.0,0.0,3,True,-,0.0
ENSMUSG00000057738-P,"1-Pentene, 1,3-diphenyl-1-(trimethylsilyloxy)-",,,0,,,0,,,0,1.0,0.0,4,True,+,0.0
ENSMUSG00000057738-P,"9Z-Octadecenoic acid, (2S)-3-[(hydroxymercaptophosphinyl)oxy]-2-methoxypropyl ester ",,,0,,,0,0.8999999999999998,0.0373860734684987,5,0.9285714285714288,0.0025194724037946,7,True,+,0.097376722909516
ENSMUSG00000057738-P,Azelaic acid,-1.0,0.0,3,-0.5,0.6666666666666666,3,-0.9276336570439176,0.0076658441874731,6,-0.7530659534637223,0.0046938930486737,12,True,-,0.1673621183600482
ENSMUSG00000057738-P,Tyr-Val,,,0,,,0,,,0,1.0,0.0,3,True,+,0.0
ENSMUSG00000032301-P,"1,2-Cinnolinedicarboxylic acid, 1,2,3,5,6,7,8,8a-octahydro-4-trimethylsilyloxy-, diethyl ester",,,0,,,0,,,0,-1.0,0.0,3,True,-,0.0
ENSMUSG00000032301-P,"13-Docosenamide, (Z)",,,0,,,0,1.0,0.0,3,1.0,0.0,3,True,+,0.0
ENSMUSG00000032301-P,2-Aminoquinolin-8-ol,,,0,,,0,,,0,1.0,0.0,3,True,+,0.0
ENSMUSG00000032301-P,"3,3-Dimethylacrylic acid",,,0,,,0,,,0,1.0,0.0,4,True,+,0.0
ENSMUSG00000032301-P,"4,5-Dihydro-1H-pyrazole",,,0,,,0,,,0,1.0,0.0,4,True,+,0.0
ENSMUSG00000032301-P,Azelaic acid,1.0,0.0,3,0.5,0.6666666666666666,3,0.9276336570439176,0.0076658441874731,6,0.847637026689399,0.000497797379436,12,True,+,0.0214320594393896
ENSMUSG00000032301-P,cis-2-Decenoic acid,,,0,,,0,,,0,-1.0,0.0,3,True,-,0.0
ENSMUSG00000032301-P,L-(+)-Threose,,,0,,,0,1.0,0.0,3,1.0,0.0,3,True,+,0.0
ENSMUSG00000032301-P,Salsoline,-1.0,0.0,3,-0.5,0.6666666666666666,3,-0.7999999999999999,0.2000000000000001,4,-0.8666666666666665,0.0011735381801554,10,True,-,0.0484009213110282
ENSMUSG00000032301-P,Tyr-Val,,,0,,,0,,,0,-1.0,0.0,3,True,-,0.0
ENSMUSG00000010607-P,"2,4-Dimethoxybenzaldoxime",,,0,,,0,,,0,1.0,0.0,3,True,+,0.0
ENSMUSG00000010607-P,"3,4-Dihydroxybenzaldehyde",-1.0,0.0,3,,,0,,,0,-1.0,0.0,3,True,-,0.0
ENSMUSG00000010607-P,"Benzene, 1-ethyl-3,5-dimethyl",,,0,,,0,,,0,1.0,0.0,4,True,+,0.0
ENSMUSG00000010607-P,Glabridin,,,0,,,0,,,0,1.0,0.0,4,True,+,0.0
ENSMUSG00000010607-P,"N-[(3,4,5-Trimethoxyphenyl)methylidene]hydroxylamine",,,0,,,0,1.0,0.0,3,1.0,0.0,3,True,+,0.0
ENSMUSG00000010607-P,Tyr-Val,,,0,,,0,,,0,1.0,0.0,3,True,+,0.0
ENSMUSG00000030862-P,"1,2-Cinnolinedicarboxylic acid, 1,2,3,5,6,7,8,8a-octahydro-4-trimethylsilyloxy-, diethyl ester",,,0,,,0,,,0,-1.0,0.0,3,True,-,0.0
ENSMUSG00000030862-P,"3,4-Dihydroxybenzaldehyde",1.0,0.0,3,,,0,,,0,1.0,0.0,3,True,+,0.0
ENSMUSG00000030862-P,"4,5-Dihydro-1H-pyrazole",,,0,,,0,,,0,1.0,0.0,4,True,+,0.0
ENSMUSG00000030862-P,Cholesterol,1.0,0.0,3,0.5,0.6666666666666666,3,0.4285714285714286,0.3965014577259473,6,0.7482517482517484,0.005124081698753,12,True,+,0.176962914072306
ENSMUSG00000030862-P,L-(+)-Threose,,,0,,,0,-1.0,0.0,3,-1.0,0.0,3,True,-,0.0
ENSMUSG00000030862-P,"N,N-Dimethyl-2-aminoethanol",1.0,0.0,3,,,0,0.7714285714285715,0.0723965014577259,6,0.881818181818182,0.0003301688021839,11,True,+,0.0144079928003976
ENSMUSG00000030862-P,"N-[(3,4,5-Trimethoxyphenyl)methylidene]hydroxylamine",,,0,,,0,-1.0,0.0,3,-1.0,0.0,3,True,-,0.0
ENSMUSG00000030862-P,Prostaglandin,,,0,0.5,0.6666666666666666,3,,,0,0.942857142857143,0.004804664723032,6,True,+,0.1679020985499759
ENSMUSG00000030862-P,Tyr-Val,,,0,,,0,,,0,-1.0,0.0,3,True,-,0.0
ENSMUSG00000035505-P,"13-Docosenamide, (Z)",,,0,,,0,-1.0,0.0,3,-1.0,0.0,3,True,-,0.0
ENSMUSG00000035505-P,Aceturic acid,1.0,0.0,3,,,0,-0.7714285714285715,0.0723965014577259,6,-0.8000000000000002,0.0031104283103858,11,True,-,0.1176276726103183
ENSMUSG00000035505-P,Tyr-Val,,,0,,,0,,,0,1.0,0.0,3,True,+,0.0
ENSMUSG00000022283-P,"13-Docosenamide, (Z)",,,0,,,0,1.0,0.0,3,1.0,0.0,3,True,+,0.0
ENSMUSG00000022283-P,3-Aminobenzoic acid,,,0,-1.0,0.0,3,-0.7142857142857143,0.1107871720116617,6,-0.7818181818181819,0.004473162252783,11,True,-,0.1611140357001344
ENSMUSG00000022283-P,"3-Hydroxy-7,3',4',5'-tetramethoxyflavone",,,0,,,0,,,0,1.0,0.0,3,True,+,0.0
ENSMUSG00000022283-P,7-Hydroxy-4-(methoxymethyl)coumarin,,,0,,,0,1.0,0.0,3,1.0,0.0,4,True,+,0.0
ENSMUSG00000022283-P,cis-2-Decenoic acid,,,0,,,0,,,0,-1.0,0.0,3,True,-,0.0
ENSMUSG00000022283-P,Hypoxanthine,-1.0,0.0,3,-1.0,0.0,3,-0.6571428571428573,0.1561749271137024,6,-0.7622377622377624,0.0039504489725426,12,True,-,0.1444028705953552
ENSMUSG00000022283-P,Isosorbide,1.0,0.0,3,,,0,,,0,1.0,0.0,3,True,+,0.0
ENSMUSG00000050989-P,"1,2-Bis(trimethylsiloxy)cyclohexene",,,0,,,0,,,0,1.0,0.0,3,True,+,0.0
ENSMUSG00000050989-P,2-Aminoquinolin-8-ol,,,0,,,0,,,0,1.0,0.0,3,True,+,0.0
ENSMUSG00000050989-P,"2-Methylcyclohexylamine, tert.-butyldimethylsilyl ether",,,0,,,0,1.0,0.0,4,0.942857142857143,0.004804664723032,6,True,+,0.1679020985499759
ENSMUSG00000050989-P,2-Norbornanemethanol,,,0,,,0,,,0,-1.0,0.0,3,True,-,0.0
ENSMUSG00000050989-P,"3-Hydroxy-7,3',4',5'-tetramethoxyflavone",,,0,,,0,,,0,1.0,0.0,3,True,+,0.0
ENSMUSG00000050989-P,5-Oxohexanoic Acid,1.0,0.0,3,1.0,0.0,3,0.4928053803045811,0.3206325828658274,6,0.795097541564023,0.0019934857741352,12,True,+,0.0794125677116889
ENSMUSG00000050989-P,Benzophenone,,,0,0.5,0.6666666666666666,3,0.8285714285714287,0.0415626822157433,6,0.9181818181818184,6.661451941355567e-05,11,True,+,0.0029664189442174
ENSMUSG00000050989-P,Glycerol,0.8660254037844387,0.3333333333333332,3,0.5,0.6666666666666666,3,0.1428571428571428,0.7871720116618076,6,0.7670764828304892,0.0035961764453839,12,True,+,0.1340986995490064
ENSMUSG00000050989-P,Isosorbide,1.0,0.0,3,,,0,,,0,1.0,0.0,3,True,+,0.0
ENSMUSG00000050989-P,L-(+)-Threose,,,0,,,0,1.0,0.0,3,1.0,0.0,3,True,+,0.0
ENSMUSG00000050989-P,"l-Leucine, n-butoxycarbonyl-N-methyl-, hexadecyl ester",,,0,,,0,,,0,-1.0,0.0,4,True,-,0.0
ENSMUSG00000014195-P,"1,2-Bis(trimethylsiloxy)cyclohexene",,,0,,,0,,,0,-1.0,0.0,3,True,-,0.0
ENSMUSG00000014195-P,"3,3-Dimethylacrylic acid",,,0,,,0,,,0,-1.0,0.0,4,True,-,0.0
ENSMUSG00000014195-P,Azelaic acid,-1.0,0.0,3,-1.0,0.0,3,-0.5507824838698261,0.2573693316225746,6,-0.8056054385890983,0.0015614291109292,12,True,-,0.0635459677517621
ENSMUSG00000014195-P,L-Leucine,-0.5,0.6666666666666666,3,-1.0,0.0,3,-0.6,0.208,6,-0.7482517482517484,0.005124081698753,12,True,-,0.176962914072306
ENSMUSG00000014195-P,"l-Leucine, n-butoxycarbonyl-N-methyl-, hexadecyl ester",,,0,,,0,,,0,1.0,0.0,4,True,+,0.0
ENSMUSG00000014195-P,Salsoline,1.0,0.0,3,-0.5,0.6666666666666666,3,1.0,0.0,4,0.8787878787878788,0.0008138621117322,10,True,+,0.0343532019445102
ENSMUSG00000014195-P,Tyr-Val,,,0,,,0,,,0,1.0,0.0,3,True,+,0.0
ENSMUSG00000036718-P,"1,2-Bis(trimethylsiloxy)cyclohexene",,,0,,,0,,,0,1.0,0.0,3,True,+,0.0
ENSMUSG00000036718-P,"13-Docosenamide, (Z)",,,0,,,0,1.0,0.0,3,1.0,0.0,3,True,+,0.0
ENSMUSG00000036718-P,"2,4-Dimethoxybenzaldoxime",,,0,,,0,,,0,1.0,0.0,3,True,+,0.0
ENSMUSG00000036718-P,2-Aminoquinolin-8-ol,,,0,,,0,,,0,1.0,0.0,3,True,+,0.0
ENSMUSG00000036718-P,"2-Butene-1,4-diol",,,0,,,0,0.7999999999999999,0.2000000000000001,4,0.942857142857143,0.004804664723032,6,True,+,0.1679020985499759
ENSMUSG00000036718-P,"3,4-Dihydroxybenzaldehyde",-1.0,0.0,3,,,0,,,0,-1.0,0.0,3,True,-,0.0
ENSMUSG00000036718-P,"4-[2-(4,7-Dimethoxy-2H-1,3-benzodioxol-5-yl)ethenyl]-2-methoxyphenol",-0.5,0.6666666666666666,3,-0.5,0.6666666666666666,3,-0.8406680016960503,0.0360575728451592,6,-0.7530659534637223,0.0046938930486737,12,True,-,0.1673621183600482
ENSMUSG00000036718-P,Allylescaline,1.0,0.0,3,1.0,0.0,3,0.7944613465542746,0.0590275999253266,6,0.7929873375794294,0.0020902874654805,12,True,+,0.0826385360525062
ENSMUSG00000036718-P,Glabridin,,,0,,,0,,,0,1.0,0.0,4,True,+,0.0
ENSMUSG00000036718-P,L-(+)-Threose,,,0,,,0,1.0,0.0,3,1.0,0.0,3,True,+,0.0
ENSMUSG00000036718-P,L-Val-L-Leu,,,0,,,0,1.0,0.0,3,1.0,0.0,3,True,+,0.0
ENSMUSG00000036718-P,Octadecanoic acid,,,0,,,0,,,0,-1.0,0.0,3,True,-,0.0
ENSMUSG00000036718-P,Tyr-Val,,,0,,,0,,,0,1.0,0.0,3,True,+,0.0
ENSMUSG00000028885-P,4-tert-Butyldimethylsiloxy-3-penten-2-one,,,0,,,0,-1.0,0.0,4,-1.0,0.0,4,True,-,0.0
ENSMUSG00000028885-P,"N-[(3,4,5-Trimethoxyphenyl)methylidene]hydroxylamine",,,0,,,0,-1.0,0.0,3,-1.0,0.0,3,True,-,0.0
ENSMUSG00000028885-P,Tyr-Val,,,0,,,0,,,0,-1.0,0.0,3,True,-,0.0
ENSMUSG00000021693-P,"13-Docosenamide, (Z)",,,0,,,0,1.0,0.0,3,1.0,0.0,3,True,+,0.0
ENSMUSG00000021693-P,"2,4-Dimethoxybenzaldoxime",,,0,,,0,,,0,1.0,0.0,3,True,+,0.0
ENSMUSG00000021693-P,2-Aminoquinolin-8-ol,,,0,,,0,,,0,1.0,0.0,3,True,+,0.0
ENSMUSG00000021693-P,"4-[2-(4,7-Dimethoxy-2H-1,3-benzodioxol-5-yl)ethenyl]-2-methoxyphenol",-0.5,0.6666666666666666,3,-1.0,0.0,3,-0.8116794499134279,0.0498575851013403,6,-0.742558056438647,0.0056705287880292,12,True,-,0.1922440832339479
ENSMUSG00000021693-P,7-Hydroxy-4-(methoxymethyl)coumarin,,,0,,,0,1.0,0.0,3,1.0,0.0,4,True,+,0.0
ENSMUSG00000021693-P,cis-2-Decenoic acid,,,0,,,0,,,0,-1.0,0.0,3,True,-,0.0
ENSMUSG00000021693-P,L-(+)-Threose,,,0,,,0,1.0,0.0,3,1.0,0.0,3,True,+,0.0
ENSMUSG00000021693-P,L-Val-L-Leu,,,0,,,0,1.0,0.0,3,1.0,0.0,3,True,+,0.0
ENSMUSG00000062044-P,"1,2-Bis(trimethylsiloxy)cyclohexene",,,0,,,0,,,0,-1.0,0.0,3,True,-,0.0
ENSMUSG00000062044-P,"1,2-Cinnolinedicarboxylic acid, 1,2,3,5,6,7,8,8a-octahydro-4-trimethylsilyloxy-, diethyl ester",,,0,,,0,,,0,-1.0,0.0,3,True,-,0.0
ENSMUSG00000062044-P,"l-Leucine, n-butoxycarbonyl-N-methyl-, hexadecyl ester",,,0,,,0,,,0,1.0,0.0,4,True,+,0.0
ENSMUSG00000062044-P,L-Val-L-Leu,,,0,,,0,-1.0,0.0,3,-1.0,0.0,3,True,-,0.0
ENSMUSG00000062044-P,"N-[(3,4,5-Trimethoxyphenyl)methylidene]hydroxylamine",,,0,,,0,1.0,0.0,3,1.0,0.0,3,True,+,0.0
ENSMUSG00000028441-P,"1,2-Cinnolinedicarboxylic acid, 1,2,3,5,6,7,8,8a-octahydro-4-trimethylsilyloxy-, diethyl ester",,,0,,,0,,,0,1.0,0.0,3,True,+,0.0
ENSMUSG00000028441-P,2-Ethyl-1-butanol,,,0,,,0,-1.0,0.0,3,-1.0,1.4042654220543602e-24,5,True,-,6.303055151107153e-23
ENSMUSG00000028441-P,2-Norbornanemethanol,,,0,,,0,,,0,1.0,0.0,3,True,+,0.0
ENSMUSG00000028441-P,4-tert-Butyldimethylsiloxy-3-penten-2-one,,,0,,,0,-1.0,0.0,4,-1.0,0.0,4,True,-,0.0
ENSMUSG00000028441-P,7-Hydroxy-4-(methoxymethyl)coumarin,,,0,,,0,-1.0,0.0,3,-1.0,0.0,4,True,-,0.0
ENSMUSG00000028441-P,Adipoyl-L-carnitine,,,0,,,0,-1.0,0.0,3,-0.942857142857143,0.004804664723032,6,True,-,0.1679020985499759
ENSMUSG00000028441-P,Chlorobenzilate ,,,0,,,0,,,0,1.0,0.0,4,True,+,0.0
ENSMUSG00000028441-P,"N-[(3,4,5-Trimethoxyphenyl)methylidene]hydroxylamine",,,0,,,0,-1.0,0.0,3,-1.0,0.0,3,True,-,0.0
ENSMUSG00000028441-P,Sarcosine,,,0,,,0,,,0,-0.942857142857143,0.004804664723032,6,True,-,0.1679020985499759
ENSMUSG00000028441-P,Stearic acid,-0.8660254037844387,0.3333333333333332,3,-1.0,0.0,3,-1.0,0.0,4,-0.9483326481409008,2.9285883237761163e-05,10,True,-,0.0013105573878127
ENSMUSG00000028441-P,Tyr-Val,,,0,,,0,,,0,-1.0,0.0,3,True,-,0.0
ENSMUSG00000005124-P,"1,2-Bis(trimethylsiloxy)cyclohexene",,,0,,,0,,,0,1.0,0.0,3,True,+,0.0
ENSMUSG00000005124-P,"13-Docosenamide, (Z)",,,0,,,0,-1.0,0.0,3,-1.0,0.0,3,True,-,0.0
ENSMUSG00000005124-P,2-Aminoquinolin-8-ol,,,0,,,0,,,0,-1.0,0.0,3,True,-,0.0
ENSMUSG00000005124-P,2-Cyanobenzaldehyde,,,0,,,0,-1.0,1.4042654220543602e-24,5,-1.0,0.0,6,True,-,0.0
ENSMUSG00000005124-P,"3,4-Dihydroxybenzaldehyde",1.0,0.0,3,,,0,,,0,1.0,0.0,3,True,+,0.0
ENSMUSG00000005124-P,L-Val-L-Leu,,,0,,,0,-1.0,0.0,3,-1.0,0.0,3,True,-,0.0
ENSMUSG00000005124-P,Oleamide,0.5,0.6666666666666666,3,1.0,0.0,3,1.0,0.0,6,0.8461538461538463,0.000521133700481,12,True,+,0.0223584549031827
ENSMUSG00000005124-P,Tyr-Val,,,0,,,0,,,0,-1.0,0.0,3,True,-,0.0
ENSMUSG00000043991-P,"13-Docosenamide, (Z)",,,0,,,0,1.0,0.0,3,1.0,0.0,3,True,+,0.0
ENSMUSG00000043991-P,2-Aminoquinolin-8-ol,,,0,,,0,,,0,1.0,0.0,3,True,+,0.0
ENSMUSG00000043991-P,"3,3-Dimethylacrylic acid",,,0,,,0,,,0,1.0,0.0,4,True,+,0.0
ENSMUSG00000043991-P,"4,5-Dihydro-1H-pyrazole",,,0,,,0,,,0,1.0,0.0,4,True,+,0.0
ENSMUSG00000043991-P,7-Hydroxy-4-(methoxymethyl)coumarin,,,0,,,0,1.0,0.0,3,1.0,0.0,4,True,+,0.0
ENSMUSG00000043991-P,cis-2-Decenoic acid,,,0,,,0,,,0,-1.0,0.0,3,True,-,0.0
ENSMUSG00000086825-P,2-Aminoquinolin-8-ol,,,0,,,0,,,0,1.0,0.0,3,True,+,0.0
ENSMUSG00000086825-P,2-Norbornanemethanol,,,0,,,0,,,0,-1.0,0.0,3,True,-,0.0
ENSMUSG00000086825-P,"4,5-Dihydro-1H-pyrazole",,,0,,,0,,,0,1.0,0.0,4,True,+,0.0
ENSMUSG00000086825-P,"N-[(3,4,5-Trimethoxyphenyl)methylidene]hydroxylamine",,,0,,,0,-1.0,0.0,3,-1.0,0.0,3,True,-,0.0
ENSMUSG00000019080-P,"1,2-Cinnolinedicarboxylic acid, 1,2,3,5,6,7,8,8a-octahydro-4-trimethylsilyloxy-, diethyl ester",,,0,,,0,,,0,-1.0,0.0,3,True,-,0.0
ENSMUSG00000019080-P,2-Norbornanemethanol,,,0,,,0,,,0,-1.0,0.0,3,True,-,0.0
ENSMUSG00000019080-P,L-Threonine,,,0,,,0,1.0,0.0,4,1.0,1.4042654220543602e-24,5,True,+,6.303055151107153e-23
ENSMUSG00000019080-P,"N-[(3,4,5-Trimethoxyphenyl)methylidene]hydroxylamine",,,0,,,0,-1.0,0.0,3,-1.0,0.0,3,True,-,0.0
ENSMUSG00000019080-P,N-Ethylamphetamine,-0.5,0.6666666666666666,3,,,0,-0.6957252427829382,0.1247893374402869,6,-0.8264926346087739,0.0017092848482046,11,True,-,0.0687597181717114
ENSMUSG00000019080-P,Sarcosine,,,0,,,0,,,0,0.942857142857143,0.004804664723032,6,True,+,0.1679020985499759
ENSMUSG00000019080-P,Tyr-Val,,,0,,,0,,,0,1.0,0.0,3,True,+,0.0
ENSMUSG00000018199-P,"13-Docosenamide, (Z)",,,0,,,0,1.0,0.0,3,1.0,0.0,3,True,+,0.0
ENSMUSG00000018199-P,"2,4-Dimethoxybenzaldoxime",,,0,,,0,,,0,1.0,0.0,3,True,+,0.0
ENSMUSG00000018199-P,2-Aminoquinolin-8-ol,,,0,,,0,,,0,1.0,0.0,3,True,+,0.0
ENSMUSG00000018199-P,"3,4-Dihydroxybenzaldehyde",-1.0,0.0,3,,,0,,,0,-1.0,0.0,3,True,-,0.0
ENSMUSG00000018199-P,"3-Hydroxy-7,3',4',5'-tetramethoxyflavone",,,0,,,0,,,0,1.0,0.0,3,True,+,0.0
ENSMUSG00000018199-P,Aceturic acid,0.5,0.6666666666666666,3,,,0,0.942857142857143,0.004804664723032,6,0.790909090909091,0.0037460829533974,11,True,+,0.1388516182868286
ENSMUSG00000018199-P,Allylescaline,1.0,0.0,3,0.5,0.6666666666666666,3,0.8827348295047495,0.019820416588882,6,0.7543906087591916,0.0045804664506318,12,True,+,0.1642145950917996
ENSMUSG00000018199-P,cis-2-Decenoic acid,,,0,,,0,,,0,-1.0,0.0,3,True,-,0.0
ENSMUSG00000018199-P,L-Ornithine,,,0,,,0,,,0,1.0,0.0,4,True,+,0.0
ENSMUSG00000018199-P,Octadecanoic acid,,,0,,,0,,,0,-1.0,0.0,3,True,-,0.0
ENSMUSG00000041134-P,"N-[(3,4,5-Trimethoxyphenyl)methylidene]hydroxylamine",,,0,,,0,-1.0,0.0,3,-1.0,0.0,3,True,-,0.0
ENSMUSG00000059495-P,"2,5-Dimethoxyphenol",0.5,0.6666666666666666,3,1.0,0.0,3,0.6,0.208,6,0.7832167832167832,0.0025862148333625,12,True,+,0.099459548551953
ENSMUSG00000059495-P,2-Aminoquinolin-8-ol,,,0,,,0,,,0,1.0,0.0,3,True,+,0.0
ENSMUSG00000059495-P,"3-Hydroxy-7,3',4',5'-tetramethoxyflavone",,,0,,,0,,,0,1.0,0.0,3,True,+,0.0
ENSMUSG00000059495-P,7-Hydroxy-4-(methoxymethyl)coumarin,,,0,,,0,1.0,0.0,3,1.0,0.0,4,True,+,0.0
ENSMUSG00000059495-P,Aceturic acid,-0.5,0.6666666666666666,3,,,0,0.6,0.208,6,0.7818181818181819,0.004473162252783,11,True,+,0.1611140357001344
ENSMUSG00000059495-P,"Benzoic acid, methyl ester",0.5,0.6666666666666666,3,0.5,0.6666666666666666,3,0.7714285714285715,0.0723965014577259,6,0.8041958041958043,0.0016147689860699,12,True,+,0.0653602928999312
ENSMUSG00000059495-P,cis-2-Decenoic acid,,,0,,,0,,,0,-1.0,0.0,3,True,-,0.0
ENSMUSG00000059495-P,"Cyclohexanone, 3,3,5-trimethyl",0.5,0.6666666666666666,3,1.0,0.0,3,0.8999999999999998,0.0373860734684987,5,0.8909090909090911,0.0002334581703787,11,True,+,0.0102692105513527
ENSMUSG00000059495-P,Glabridin,,,0,,,0,,,0,1.0,0.0,4,True,+,0.0
ENSMUSG00000059495-P,Isosorbide,1.0,0.0,3,,,0,,,0,1.0,0.0,3,True,+,0.0
ENSMUSG00000059495-P,Spiroxamine,,,0,,,0,0.8999999999999998,0.0373860734684987,5,0.9,0.0009430623223403,9,True,+,0.0395272701363655
ENSMUSG00000059495-P,Trimethylolpropane,,,0,,,0,0.8720815992723809,0.0538542177275421,5,0.9221722216732094,0.0011108173578061,8,True,+,0.0460139133108656
ENSMUSG00000059495-P,Tyr-Val,,,0,,,0,,,0,-1.0,0.0,3,True,-,0.0
ENSMUSG00000049624-P,"3-Hydroxy-7,3',4',5'-tetramethoxyflavone",,,0,,,0,,,0,1.0,0.0,3,True,+,0.0
ENSMUSG00000049624-P,cis-2-Decenoic acid,,,0,,,0,,,0,-1.0,0.0,3,True,-,0.0
ENSMUSG00000049624-P,Isosorbide,1.0,0.0,3,,,0,,,0,1.0,0.0,3,True,+,0.0
ENSMUSG00000102142-P,"1,2-Bis(trimethylsiloxy)cyclohexene",,,0,,,0,,,0,1.0,0.0,3,True,+,0.0
ENSMUSG00000102142-P,"13-Docosenamide, (Z)",,,0,,,0,1.0,0.0,3,1.0,0.0,3,True,+,0.0
ENSMUSG00000102142-P,Allylescaline,,,3,1.0,0.0,3,0.7612788283838284,0.0786795997400258,6,0.825871659237077,0.000933713357271,12,True,+,0.0391747126241371
ENSMUSG00000102142-P,L-Glutamic acid,,,0,,,0,1.0,0.0,3,1.0,1.4042654220543602e-24,5,True,+,6.303055151107153e-23
ENSMUSG00000102142-P,Phytanic acid,,,3,0.5,0.6666666666666666,3,0.8508410434878082,0.0317133178221968,6,0.7710485906971093,0.0033238342752669,12,True,+,0.1250417597180889
ENSMUSG00000024170-P,"2,4-Dimethoxybenzaldoxime",,,0,,,0,,,0,-1.0,0.0,3,True,-,0.0
ENSMUSG00000024170-P,2-Norbornanemethanol,,,0,,,0,,,0,1.0,0.0,3,True,+,0.0
ENSMUSG00000024170-P,"3,4-Dihydroxybenzaldehyde",-1.0,0.0,3,,,0,,,0,-1.0,0.0,3,True,-,0.0
ENSMUSG00000024170-P,"3-Hydroxy-7,3',4',5'-tetramethoxyflavone",,,0,,,0,,,0,1.0,0.0,3,True,+,0.0
ENSMUSG00000024170-P,Butanedioic acid,-1.0,0.0,3,-1.0,0.0,3,-0.6571428571428573,0.1561749271137024,6,-0.7692307692307694,0.0034464502618274,12,True,-,0.1288426047067842
ENSMUSG00000024170-P,Diclofenac,,,0,,,0,,,0,-1.0,0.0,4,True,-,0.0
ENSMUSG00000024170-P,Iminodiacetic acid,-0.5,0.6666666666666666,3,-1.0,0.0,3,-0.8116794499134279,0.0498575851013403,6,-0.8301238649809404,0.0008314183449022,12,True,-,0.0350588393509315
ENSMUSG00000024170-P,L-Val-L-Leu,,,0,,,0,-1.0,0.0,3,-1.0,0.0,3,True,-,0.0
ENSMUSG00000024170-P,Octadecanoic acid,,,0,,,0,,,0,-1.0,0.0,3,True,-,0.0
ENSMUSG00000024170-P,Suberic acid,,,0,-1.0,0.0,3,-0.6571428571428573,0.1561749271137024,6,-0.7727272727272727,0.0052994871786438,11,True,-,0.1815800018212259
ENSMUSG00000024170-P,Tyr-Val,,,0,,,0,,,0,1.0,0.0,3,True,+,0.0
ENSMUSG00000030058-P,"2,4-Dimethoxybenzaldoxime",,,0,,,0,,,0,-1.0,0.0,3,True,-,0.0
ENSMUSG00000030058-P,"3-Hydroxy-7,3',4',5'-tetramethoxyflavone",,,0,,,0,,,0,-1.0,0.0,3,True,-,0.0
ENSMUSG00000030058-P,4-tert-Butyldimethylsiloxy-3-penten-2-one,,,0,,,0,-1.0,0.0,4,-1.0,0.0,4,True,-,0.0
ENSMUSG00000030058-P,Isosorbide,-1.0,0.0,3,,,0,,,0,-1.0,0.0,3,True,-,0.0
ENSMUSG00000030058-P,L-Val-L-Leu,,,0,,,0,-1.0,0.0,3,-1.0,0.0,3,True,-,0.0
ENSMUSG00000030058-P,"N-[(3,4,5-Trimethoxyphenyl)methylidene]hydroxylamine",,,0,,,0,-1.0,0.0,3,-1.0,0.0,3,True,-,0.0
ENSMUSG00000030058-P,Octanoic acid,,,0,,,0,-1.0,0.0,4,-0.942857142857143,0.004804664723032,6,True,-,0.1679020985499759
ENSMUSG00000030058-P,Tyr-Val,,,0,,,0,,,0,1.0,0.0,3,True,+,0.0
ENSMUSG00000062421-P,"1,2-Bis(trimethylsiloxy)cyclohexene",,,0,,,0,,,0,1.0,0.0,3,True,+,0.0
ENSMUSG00000062421-P,"3,4-Dihydroxybenzaldehyde",1.0,0.0,3,,,0,,,0,1.0,0.0,3,True,+,0.0
ENSMUSG00000062421-P,L-Tyrosine,1.0,0.0,3,,,0,0.9746794344808964,0.0048182304681985,5,0.8085143730944859,0.0046352809644627,10,True,+,0.1661227452341057
ENSMUSG00000062421-P,Myristic acid,0.5,0.6666666666666666,3,0.5,0.6666666666666666,3,0.4119429204355497,0.4170383519896916,6,0.8070225116958795,0.0015091813858525,12,True,+,0.0615154816152987
ENSMUSG00000062421-P,"N-[(3,4,5-Trimethoxyphenyl)methylidene]hydroxylamine",,,0,,,0,1.0,0.0,3,1.0,0.0,3,True,+,0.0
ENSMUSG00000062421-P,Tyr-Val,,,0,,,0,,,0,-1.0,0.0,3,True,-,0.0
ENSMUSG00000062421-P,Xylazine,1.0,0.0,3,1.0,0.0,3,0.8285714285714287,0.0415626822157433,6,0.8881118881118882,0.0001141335981461,12,True,+,0.0050555594650511
ENSMUSG00000050822-P,"3,4,5-Trimethoxyamphetamine",,,0,1.0,0.0,3,0.8857142857142858,0.0188454810495626,6,0.8636363636363636,0.0006116938500931,11,True,+,0.0261418108076196
ENSMUSG00000050822-P,"1,2-Bis(trimethylsiloxy)cyclohexene",,,0,,,0,,,0,1.0,0.0,3,True,+,0.0
ENSMUSG00000050822-P,"2-Allyl-1,4-dimethoxybenzene",-0.5,0.6666666666666666,3,0.8660254037844387,0.3333333333333332,3,0.8857142857142858,0.0188454810495626,6,0.742558056438647,0.0056705287880292,12,True,+,0.1922440832339479
ENSMUSG00000050822-P,2-Aminoquinolin-8-ol,,,0,,,0,,,0,1.0,0.0,3,True,+,0.0
ENSMUSG00000050822-P,2-Pyrrolidone-5-carboxylic acid,-1.0,0.0,3,0.8660254037844387,0.3333333333333332,3,0.8285714285714287,0.0415626822157433,6,0.8826633501063164,0.0001433968186023,12,True,+,0.0063383395977923
ENSMUSG00000050822-P,3-(4-Methoxyphenyl)coumarin,,,0,,,0,1.0,0.0,3,1.0,0.0,4,True,+,0.0
ENSMUSG00000050822-P,"3-Hydroxy-7,3',4',5'-tetramethoxyflavone",,,0,,,0,,,0,1.0,0.0,3,True,+,0.0
ENSMUSG00000050822-P,Isosorbide,1.0,0.0,3,,,0,,,0,1.0,0.0,3,True,+,0.0
ENSMUSG00000050822-P,L-(+)-Threose,,,0,,,0,-1.0,0.0,3,-1.0,0.0,3,True,-,0.0
ENSMUSG00000050822-P,N-Acetylaminoethanol,0.8660254037844387,0.3333333333333332,3,0.8660254037844387,0.3333333333333332,3,0.6667366910003157,0.1480897994403528,6,0.8014171144828385,0.0017239982115435,12,True,+,0.0693115617317488
ENSMUSG00000050822-P,Prostaglandin,,,0,1.0,0.0,3,,,0,0.942857142857143,0.004804664723032,6,True,+,0.1679020985499759
ENSMUSG00000050822-P,Tyr-Val,,,0,,,0,,,0,-1.0,0.0,3,True,-,0.0
ENSMUSG00000014075-P,"1,2-Bis(trimethylsiloxy)cyclohexene",,,0,,,0,,,0,1.0,0.0,3,True,+,0.0
ENSMUSG00000014075-P,"2,4-Di-tert-butylphenol",1.0,0.0,3,1.0,0.0,3,,,0,0.9285714285714288,0.0025194724037946,7,True,+,0.097376722909516
ENSMUSG00000014075-P,"3,4-Dihydroxybenzaldehyde",1.0,0.0,3,,,0,,,0,1.0,0.0,3,True,+,0.0
ENSMUSG00000014075-P,alpha-Hydroxyisobutyric acid,,,0,,,0,0.7714285714285715,0.0723965014577259,6,0.9047619047619048,0.0020082755054294,8,True,+,0.0796373285451544
ENSMUSG00000014075-P,Butanedioic acid,1.0,0.0,3,1.0,0.0,3,0.6,0.208,6,0.8041958041958043,0.0016147689860699,12,True,+,0.0653602928999312
ENSMUSG00000014075-P,cis-2-Decenoic acid,,,0,,,0,,,0,1.0,0.0,3,True,+,0.0
ENSMUSG00000014075-P,"Erythrono-1,4-lactone",0.5,0.6666666666666666,3,0.5,0.6666666666666666,3,0.8285714285714287,0.0415626822157433,6,0.8041958041958043,0.0016147689860699,12,True,+,0.0653602928999312
ENSMUSG00000014075-P,L-Val-L-Leu,,,0,,,0,1.0,0.0,3,1.0,0.0,3,True,+,0.0
ENSMUSG00000014075-P,Myristic acid,0.5,0.6666666666666666,3,0.5,0.6666666666666666,3,0.7944613465542746,0.0590275999253266,6,0.7824609569920918,0.0026280075981639,12,True,+,0.1009284870057918
ENSMUSG00000014075-P,Octanoic acid,,,0,,,0,0.7999999999999999,0.2000000000000001,4,0.942857142857143,0.004804664723032,6,True,+,0.1679020985499759
ENSMUSG00000014075-P,Pipecolic acid,0.5,0.6666666666666666,3,0.8660254037844387,0.3333333333333332,3,0.7714285714285715,0.0723965014577259,6,0.7740817475138726,0.0031266563739204,12,True,+,0.1179425135885409
ENSMUSG00000014075-P,Sulindac,,,0,,,0,1.0,0.0,3,1.0,1.4042654220543602e-24,5,True,+,6.303055151107153e-23
ENSMUSG00000014075-P,tert-butyl(dimethyl)silyl-2-([tert-butyl(dimethyl)silyl]oxy)hex-2-enoate,,,0,,,0,1.0,0.0,4,1.0,0.0,4,True,+,0.0
ENSMUSG00000014075-P,Tyr-Val,,,0,,,0,,,0,-1.0,0.0,3,True,-,0.0
ENSMUSG00000023092-P,"13-Docosenamide, (Z)",,,0,,,0,1.0,0.0,3,1.0,0.0,3,True,+,0.0
ENSMUSG00000023092-P,"2,6-di-tert-Butyl-4-(dimethylaminomethyl)phenol",-0.5,0.6666666666666666,3,,,0,-0.7999999999999999,0.2000000000000001,4,-0.880952380952381,0.0038503204637324,8,True,-,0.1414605165627303
ENSMUSG00000023092-P,2-Aminoquinolin-8-ol,,,0,,,0,,,0,-1.0,0.0,3,True,-,0.0
ENSMUSG00000023092-P,3-(4-Methoxyphenyl)coumarin,,,0,,,0,-1.0,0.0,3,-1.0,0.0,4,True,-,0.0
ENSMUSG00000023092-P,"3-Hydroxy-7,3',4',5'-tetramethoxyflavone",,,0,,,0,,,0,-1.0,0.0,3,True,-,0.0
ENSMUSG00000023092-P,Isosorbide,-1.0,0.0,3,,,0,,,0,-1.0,0.0,3,True,-,0.0
ENSMUSG00000023092-P,L-(+)-Threose,,,0,,,0,1.0,0.0,3,1.0,0.0,3,True,+,0.0
ENSMUSG00000023092-P,Octadecanoic acid,,,0,,,0,,,0,-1.0,0.0,3,True,-,0.0
ENSMUSG00000003099-P,"13-Docosenamide, (Z)",,,0,,,0,1.0,0.0,3,1.0,0.0,3,True,+,0.0
ENSMUSG00000003099-P,"2,4-Dimethoxybenzaldoxime",,,0,,,0,,,0,-1.0,0.0,3,True,-,0.0
ENSMUSG00000003099-P,2-Aminoquinolin-8-ol,,,0,,,0,,,0,1.0,0.0,3,True,+,0.0
ENSMUSG00000003099-P,"2-Methylcyclohexanol, (Z)",-0.5,0.6666666666666666,3,-0.8660254037844387,0.3333333333333332,3,-0.6667366910003157,0.1480897994403528,6,-0.7508818152300792,0.0048855354855236,12,True,-,0.1700316142628828
ENSMUSG00000003099-P,4-tert-Butyldimethylsiloxy-3-penten-2-one,,,0,,,0,-1.0,0.0,4,-1.0,0.0,4,True,-,0.0
ENSMUSG00000003099-P,L-Val-L-Leu,,,0,,,0,-1.0,0.0,3,-1.0,0.0,3,True,-,0.0
ENSMUSG00000028772-P,"13-Docosenamide, (Z)",,,0,,,0,1.0,0.0,3,1.0,0.0,3,True,+,0.0
ENSMUSG00000028772-P,"2,3-Butanediol, O-(trimethylsilyl)-, monoacetate",1.0,0.0,3,0.8660254037844387,0.3333333333333332,3,0.8720815992723809,0.0538542177275421,5,0.8036613463599127,0.0028785141033962,11,True,+,0.1099518714375872
ENSMUSG00000028772-P,2-Aminoquinolin-8-ol,,,0,,,0,,,0,-1.0,0.0,3,True,-,0.0
ENSMUSG00000028772-P,"3,4-Dihydroxybenzaldehyde",1.0,0.0,3,,,0,,,0,1.0,0.0,3,True,+,0.0
ENSMUSG00000028772-P,L-Val-L-Leu,,,0,,,0,1.0,0.0,3,1.0,0.0,3,True,+,0.0
ENSMUSG00000028772-P,Myristic acid,0.5,0.6666666666666666,3,-0.5,0.6666666666666666,3,0.7944613465542746,0.0590275999253266,6,0.743864228171854,0.0055414636136485,12,True,+,0.188679669155331
ENSMUSG00000028772-P,N-Acetyl-L-alanine,0.5,0.6666666666666666,3,1.0,0.0,3,0.7714285714285715,0.0723965014577259,6,0.7762237762237763,0.0029928636801859,12,True,+,0.1136263097655619
ENSMUSG00000028772-P,Tyr-Val,,,0,,,0,,,0,-1.0,0.0,3,True,-,0.0
ENSMUSG00000035133-P,"3-Hydroxy-7,3',4',5'-tetramethoxyflavone",,,0,,,0,,,0,1.0,0.0,3,True,+,0.0
ENSMUSG00000035133-P,7-Hydroxy-4-(methoxymethyl)coumarin,,,0,,,0,1.0,0.0,3,1.0,0.0,4,True,+,0.0
ENSMUSG00000035133-P,Azelaic acid,0.5,0.6666666666666666,3,-1.0,0.0,3,0.6957252427829382,0.1247893374402869,6,0.7915949092223313,0.0021561039619187,12,True,+,0.0851117252603992
ENSMUSG00000035133-P,"Benzoic acid, methyl ester",0.5,0.6666666666666666,3,-1.0,0.0,3,0.8857142857142858,0.0188454810495626,6,0.7902097902097903,0.0022231354099909,12,True,+,0.0874109733841736
ENSMUSG00000035133-P,cis-2-Decenoic acid,,,0,,,0,,,0,-1.0,0.0,3,True,-,0.0
ENSMUSG00000035133-P,Isosorbide,1.0,0.0,3,,,0,,,0,1.0,0.0,3,True,+,0.0
ENSMUSG00000035133-P,Luciferin,,,0,,,0,,,0,-1.0,0.0,4,True,-,0.0
ENSMUSG00000035133-P,Phenol,0.5,0.6666666666666666,3,0.5,0.6666666666666666,3,0.7999999999999999,0.1040880386618278,5,0.7727272727272727,0.0052994871786438,11,True,+,0.1815800018212259
ENSMUSG00000035133-P,Tyr-Val,,,0,,,0,,,0,-1.0,0.0,3,True,-,0.0
ENSMUSG00000041012-P,"1,2-Bis(trimethylsiloxy)cyclohexene",,,0,,,0,,,0,1.0,0.0,3,True,+,0.0
ENSMUSG00000041012-P,"1,3-Oxazolidine, 2,5-diphenyl-4-methyl-, trans-",0.5,0.6666666666666666,3,1.0,0.0,3,0.0588489886336499,0.9118284200601462,6,0.7473730217009665,0.0052057080300486,12,True,+,0.1794408552811292
ENSMUSG00000041012-P,2-Aminoquinolin-8-ol,,,0,,,0,,,0,1.0,0.0,3,True,+,0.0
ENSMUSG00000041012-P,2-Pyrrolidone-5-carboxylic acid,-1.0,0.0,3,0.8660254037844387,0.3333333333333332,3,0.4285714285714286,0.3965014577259473,6,0.7565685858054141,0.0043984927612255,12,True,+,0.1591102973563808
ENSMUSG00000041012-P,3-(4-Methoxyphenyl)coumarin,,,0,,,0,1.0,0.0,3,1.0,0.0,4,True,+,0.0
ENSMUSG00000041012-P,"3-Hydroxy-7,3',4',5'-tetramethoxyflavone",,,0,,,0,,,0,1.0,0.0,3,True,+,0.0
ENSMUSG00000041012-P,"Benzoic acid, 2-hydroxy-3-[(2-hydroxy-4-methoxy-6-propylbenzoyl)oxy]-4-methoxy-6-propyl-, methyl ester ",0.5,0.6666666666666666,3,1.0,0.0,3,0.1449427589131121,0.7841083696021083,6,0.80910807093079,0.0014347403699364,12,True,+,0.0585611746228777
ENSMUSG00000041012-P,Benzoic Acid,-0.8660254037844387,0.3333333333333332,3,0.5,0.6666666666666666,3,0.9411239481143202,0.0050975405648614,6,0.7866267058126037,0.0024039320375144,12,True,+,0.0940066554217216
ENSMUSG00000041012-P,Butylmethylamine,1.0,0.0,3,0.8660254037844387,0.3333333333333332,3,0.7714285714285715,0.0723965014577259,6,0.8056054385890983,0.0015614291109292,12,True,+,0.0635459677517621
ENSMUSG00000041012-P,cis-2-Decenoic acid,,,0,,,0,,,0,-1.0,0.0,3,True,-,0.0
ENSMUSG00000041012-P,Glabridin,,,0,,,0,,,0,1.0,0.0,4,True,+,0.0
ENSMUSG00000041012-P,Isosorbide,1.0,0.0,3,,,0,,,0,1.0,0.0,3,True,+,0.0
ENSMUSG00000041012-P,L-(+)-Threose,,,0,,,0,-1.0,0.0,3,-1.0,0.0,3,True,-,0.0
ENSMUSG00000041012-P,"L-Histidine, N,1-bis(tert-butyldimethylsilyl)-",-0.5,0.6666666666666666,3,1.0,0.0,3,-0.2319084142609793,0.658373571260927,6,0.742558056438647,0.0056705287880292,12,True,+,0.1922440832339479
ENSMUSG00000041012-P,Nonanoic acid,-0.5,0.6666666666666666,3,1.0,0.0,3,0.8720815992723809,0.0538542177275421,5,0.7972685832618591,0.0032922642485823,11,True,+,0.123876407725335
ENSMUSG00000041012-P,Prostaglandin,,,0,1.0,0.0,3,,,0,1.0,0.0,6,True,+,0.0
ENSMUSG00000041012-P,Tyr-Val,,,0,,,0,,,0,-1.0,0.0,3,True,-,0.0
ENSMUSG00000039275-P,"1,2-Bis(trimethylsiloxy)cyclohexene",,,0,,,0,,,0,1.0,0.0,3,True,+,0.0
ENSMUSG00000039275-P,3-(4-Methoxyphenyl)coumarin,,,0,,,0,-1.0,0.0,3,-1.0,0.0,4,True,-,0.0
ENSMUSG00000039275-P,"3,4-Dihydroxybenzaldehyde",1.0,0.0,3,,,0,,,0,1.0,0.0,3,True,+,0.0
ENSMUSG00000039275-P,L-(+)-Threose,,,0,,,0,1.0,0.0,3,1.0,0.0,3,True,+,0.0
ENSMUSG00000039275-P,L-Val-L-Leu,,,0,,,0,1.0,0.0,3,1.0,0.0,3,True,+,0.0
ENSMUSG00000039275-P,Pinosylvin,,,0,-0.5,0.6666666666666666,3,-0.7714285714285715,0.0723965014577259,6,-0.8666666666666665,0.0011735381801554,10,True,-,0.0484009213110282
ENSMUSG00000025060-P,"13-Docosenamide, (Z)",,,0,,,0,1.0,0.0,3,1.0,0.0,3,True,+,0.0
ENSMUSG00000025060-P,"3-Hydroxy-7,3',4',5'-tetramethoxyflavone",,,0,,,0,,,0,1.0,0.0,3,True,+,0.0
ENSMUSG00000025060-P,Azelaic acid,0.5,0.6666666666666666,3,-1.0,0.0,3,0.9276336570439176,0.0076658441874731,6,0.8021028062474065,0.0016965328946357,12,True,+,0.0682730321658673
ENSMUSG00000025060-P,cis-2-Decenoic acid,,,0,,,0,,,0,-1.0,0.0,3,True,-,0.0
ENSMUSG00000025060-P,Isosorbide,1.0,0.0,3,,,0,,,0,1.0,0.0,3,True,+,0.0
ENSMUSG00000025060-P,Luciferin,,,0,,,0,,,0,-1.0,0.0,4,True,-,0.0
ENSMUSG00000025060-P,Tyr-Val,,,0,,,0,,,0,-1.0,0.0,3,True,-,0.0
ENSMUSG00000013858-P,"1,2-Bis(trimethylsiloxy)cyclohexene",,,0,,,0,,,0,-1.0,0.0,3,True,-,0.0
ENSMUSG00000013858-P,"13-Docosenamide, (Z)",,,0,,,0,-1.0,0.0,3,-1.0,0.0,3,True,-,0.0
ENSMUSG00000013858-P,"2,4-Dimethoxybenzaldoxime",,,0,,,0,,,0,-1.0,0.0,3,True,-,0.0
ENSMUSG00000013858-P,"3,4-Dihydroxybenzaldehyde",-1.0,0.0,3,,,0,,,0,-1.0,0.0,3,True,-,0.0
ENSMUSG00000013858-P,Azelaic acid,-0.5,0.6666666666666666,3,-1.0,0.0,3,-0.9276336570439176,0.0076658441874731,6,-0.8371291296643238,0.0006820012896813,12,True,-,0.0290041419633647
ENSMUSG00000013858-P,Glabridin,,,0,,,0,,,0,1.0,0.0,4,True,+,0.0
ENSMUSG00000013858-P,"l-Leucine, n-butoxycarbonyl-N-methyl-, hexadecyl ester",,,0,,,0,,,0,1.0,0.0,4,True,+,0.0
ENSMUSG00000013858-P,Tyr-Val,,,0,,,0,,,0,1.0,0.0,3,True,+,0.0
ENSMUSG00000057722-P,"13-Docosenamide, (Z)",,,0,,,0,1.0,0.0,3,1.0,0.0,3,True,+,0.0
ENSMUSG00000057722-P,2-Aminoquinolin-8-ol,,,0,,,0,,,0,1.0,0.0,3,True,+,0.0
ENSMUSG00000057722-P,"4,5-Dihydro-1H-pyrazole",,,0,,,0,,,0,1.0,0.0,4,True,+,0.0
ENSMUSG00000057722-P,7-Hydroxy-4-(methoxymethyl)coumarin,,,0,,,0,1.0,0.0,3,1.0,0.0,4,True,+,0.0
ENSMUSG00000057722-P,cis-2-Decenoic acid,,,0,,,0,,,0,-1.0,0.0,3,True,-,0.0
ENSMUSG00000020777-P,"1,2-Bis(trimethylsiloxy)cyclohexene",,,0,,,0,,,0,1.0,0.0,3,True,+,0.0
ENSMUSG00000020777-P,"13-Docosenamide, (Z)",,,0,,,0,-1.0,0.0,3,-1.0,0.0,3,True,-,0.0
ENSMUSG00000020777-P,2-Aminoquinolin-8-ol,,,0,,,0,,,0,-1.0,0.0,3,True,-,0.0
ENSMUSG00000020777-P,"3,4-Dihydroxybenzaldehyde",1.0,0.0,3,,,0,,,0,1.0,0.0,3,True,+,0.0
ENSMUSG00000020777-P,cis-2-Decenoic acid,,,0,,,0,,,0,1.0,0.0,3,True,+,0.0
ENSMUSG00000020777-P,L-(+)-Threose,,,0,,,0,-1.0,0.0,3,-1.0,0.0,3,True,-,0.0
ENSMUSG00000020777-P,Prostaglandin,,,0,1.0,0.0,3,,,0,1.0,0.0,6,True,+,0.0
ENSMUSG00000020777-P,Tyr-Val,,,0,,,0,,,0,-1.0,0.0,3,True,-,0.0
ENSMUSG00000024150-P,"1,2-Bis(trimethylsiloxy)cyclohexene",,,0,,,0,,,0,1.0,0.0,3,True,+,0.0
ENSMUSG00000024150-P,"3,4-Dihydroxybenzaldehyde",1.0,0.0,3,,,0,,,0,1.0,0.0,3,True,+,0.0
ENSMUSG00000024150-P,L-(+)-Threose,,,0,,,0,1.0,0.0,3,1.0,0.0,3,True,+,0.0
ENSMUSG00000024150-P,"l-Leucine, n-butoxycarbonyl-N-methyl-, hexadecyl ester",,,0,,,0,,,0,-1.0,0.0,4,True,-,0.0
ENSMUSG00000024150-P,"N-[(3,4,5-Trimethoxyphenyl)methylidene]hydroxylamine",,,0,,,0,1.0,0.0,3,1.0,0.0,3,True,+,0.0
ENSMUSG00000024150-P,Oleamide,0.5,0.6666666666666666,3,1.0,0.0,3,0.6571428571428573,0.1561749271137024,6,0.7762237762237763,0.0029928636801859,12,True,+,0.1136263097655619
ENSMUSG00000024150-P,Prostaglandin,,,0,1.0,0.0,3,,,0,0.942857142857143,0.004804664723032,6,True,+,0.1679020985499759
ENSMUSG00000024150-P,Tyr-Val,,,0,,,0,,,0,-1.0,0.0,3,True,-,0.0
ENSMUSG00000043467-P,"1,2-Bis(trimethylsiloxy)cyclohexene",,,0,,,0,,,0,1.0,0.0,3,True,+,0.0
ENSMUSG00000043467-P,"3,4-Dihydroxybenzaldehyde",-1.0,0.0,3,,,0,,,0,-1.0,0.0,3,True,-,0.0
ENSMUSG00000043467-P,"3-Hydroxy-7,3',4',5'-tetramethoxyflavone",,,0,,,0,,,0,1.0,0.0,3,True,+,0.0
ENSMUSG00000043467-P,"Benzoic acid, methyl ester",1.0,0.0,3,-0.5,0.6666666666666666,3,0.942857142857143,0.004804664723032,6,0.7692307692307694,0.0034464502618274,12,True,+,0.1288426047067842
ENSMUSG00000043467-P,L-(+)-Threose,,,0,,,0,1.0,0.0,3,1.0,0.0,3,True,+,0.0
ENSMUSG00000043467-P,Octadecanoic acid,,,0,,,0,,,0,-1.0,0.0,3,True,-,0.0
ENSMUSG00000024921-P,"13-Docosenamide, (Z)",,,0,,,0,1.0,0.0,3,1.0,0.0,3,True,+,0.0
ENSMUSG00000024921-P,"2,4-Dimethoxybenzaldoxime",,,0,,,0,,,0,1.0,0.0,3,True,+,0.0
ENSMUSG00000024921-P,2-Amino-4-methylbenzophenone,0.5,0.6666666666666666,3,0.5,0.6666666666666666,3,0.8999999999999998,0.0373860734684987,5,0.8272727272727273,0.0016769738964523,11,True,+,0.0675770348938753
ENSMUSG00000024921-P,2-Aminoquinolin-8-ol,,,0,,,0,,,0,1.0,0.0,3,True,+,0.0
ENSMUSG00000024921-P,"3-Hydroxy-7,3',4',5'-tetramethoxyflavone",,,0,,,0,,,0,1.0,0.0,3,True,+,0.0
ENSMUSG00000024921-P,"4,5-Dihydro-1H-pyrazole",,,0,,,0,,,0,1.0,0.0,4,True,+,0.0
ENSMUSG00000024921-P,cis-2-Decenoic acid,,,0,,,0,,,0,-1.0,0.0,3,True,-,0.0
ENSMUSG00000024921-P,Isosorbide,1.0,0.0,3,,,0,,,0,1.0,0.0,3,True,+,0.0
ENSMUSG00000024921-P,L-(+)-Threose,,,0,,,0,1.0,0.0,3,1.0,0.0,3,True,+,0.0
ENSMUSG00000030016-P,"1,2-Bis(trimethylsiloxy)cyclohexene",,,0,,,0,,,0,1.0,0.0,3,True,+,0.0
ENSMUSG00000030016-P,"13-Docosenamide, (Z)",,,0,,,0,1.0,0.0,3,1.0,0.0,3,True,+,0.0
ENSMUSG00000030016-P,2-Aminoquinolin-8-ol,,,0,,,0,,,0,1.0,0.0,3,True,+,0.0
ENSMUSG00000030016-P,"3,4-Dihydroxybenzaldehyde",-1.0,0.0,3,,,0,,,0,-1.0,0.0,3,True,-,0.0
ENSMUSG00000030016-P,"3-Hydroxy-7,3',4',5'-tetramethoxyflavone",,,0,,,0,,,0,1.0,0.0,3,True,+,0.0
ENSMUSG00000030016-P,"Benzoic acid, methyl ester",1.0,0.0,3,-0.5,0.6666666666666666,3,0.8285714285714287,0.0415626822157433,6,0.7622377622377624,0.0039504489725426,12,True,+,0.1444028705953552
ENSMUSG00000030016-P,cis-2-Decenoic acid,,,0,,,0,,,0,-1.0,0.0,3,True,-,0.0
ENSMUSG00000030016-P,L-(+)-Threose,,,0,,,0,1.0,0.0,3,1.0,0.0,3,True,+,0.0
ENSMUSG00000030016-P,Octadecanoic acid,,,0,,,0,,,0,-1.0,0.0,3,True,-,0.0
ENSMUSG00000056531-P,"13-Docosenamide, (Z)",,,0,,,0,1.0,0.0,3,1.0,0.0,3,True,+,0.0
ENSMUSG00000056531-P,"3,3-Dimethylacrylic acid",,,0,,,0,,,0,1.0,0.0,4,True,+,0.0
ENSMUSG00000056531-P,"4,5-Dihydro-1H-pyrazole",,,0,,,0,,,0,1.0,0.0,4,True,+,0.0
ENSMUSG00000056531-P,Benzenepropanoic acid,0.5,0.6666666666666666,3,1.0,0.0,3,0.5296408977028497,0.2798259481884625,6,0.7592278860463,0.004183783010297,12,True,+,0.1519220754555883
ENSMUSG00000020102-P,2-Aminoquinolin-8-ol,,,0,,,0,,,0,-1.0,0.0,3,True,-,0.0
ENSMUSG00000020102-P,2-Norbornanemethanol,,,0,,,0,,,0,1.0,0.0,3,True,+,0.0
ENSMUSG00000020102-P,"3,4-Dihydroxybenzaldehyde",1.0,0.0,3,,,0,,,0,1.0,0.0,3,True,+,0.0
ENSMUSG00000020102-P,"4,5-Dihydro-1H-pyrazole",,,0,,,0,,,0,1.0,0.0,4,True,+,0.0
ENSMUSG00000020102-P,L-Val-L-Leu,,,0,,,0,-1.0,0.0,3,-1.0,0.0,3,True,-,0.0
ENSMUSG00000020102-P,Tyr-Val,,,0,,,0,,,0,-1.0,0.0,3,True,-,0.0
ENSMUSG00000050493-P,2-Aminoquinolin-8-ol,,,0,,,0,,,0,1.0,0.0,3,True,+,0.0
ENSMUSG00000050493-P,"3-Hydroxy-7,3',4',5'-tetramethoxyflavone",,,0,,,0,,,0,1.0,0.0,3,True,+,0.0
ENSMUSG00000050493-P,"4,5-Dihydro-1H-pyrazole",,,0,,,0,,,0,1.0,0.0,4,True,+,0.0
ENSMUSG00000050493-P,"Benzene, 1-ethyl-3,5-dimethyl",,,0,,,0,,,0,-1.0,0.0,4,True,-,0.0
ENSMUSG00000050493-P,cis-2-Decenoic acid,,,0,,,0,,,0,-1.0,0.0,3,True,-,0.0
ENSMUSG00000050493-P,Isosorbide,1.0,0.0,3,,,0,,,0,1.0,0.0,3,True,+,0.0
ENSMUSG00000050493-P,Lignoceric acid,-1.0,0.0,3,-1.0,0.0,3,-0.8116794499134279,0.0498575851013403,6,-0.8196159679558652,0.0011015500296681,12,True,-,0.0456753052587522
ENSMUSG00000050493-P,L-Val-L-Leu,,,0,,,0,-1.0,0.0,3,-1.0,0.0,3,True,-,0.0
ENSMUSG00000050493-P,"N-[(3,4,5-Trimethoxyphenyl)methylidene]hydroxylamine",,,0,,,0,-1.0,0.0,3,-1.0,0.0,3,True,-,0.0
ENSMUSG00000050493-P,Octanoic acid,,,0,,,0,-1.0,0.0,4,-1.0,0.0,6,True,-,0.0
ENSMUSG00000043059-P,"1,2-Bis(trimethylsiloxy)cyclohexene",,,0,,,0,,,0,1.0,0.0,3,True,+,0.0
ENSMUSG00000043059-P,2-Aminoquinolin-8-ol,,,0,,,0,,,0,1.0,0.0,3,True,+,0.0
ENSMUSG00000043059-P,cis-2-Decenoic acid,,,0,,,0,,,0,-1.0,0.0,3,True,-,0.0
ENSMUSG00000043059-P,"N-[(3,4,5-Trimethoxyphenyl)methylidene]hydroxylamine",,,0,,,0,-1.0,0.0,3,-1.0,0.0,3,True,-,0.0
ENSMUSG00000043059-P,N-Acetylaminoethanol,0.8660254037844387,0.3333333333333332,3,0.8660254037844387,0.3333333333333332,3,0.5217939320872036,0.2883432338003935,6,0.7416623296310481,0.0057603371953789,12,True,+,0.1952571144715229
ENSMUSG00000043059-P,Stearic acid,-0.8660254037844387,0.3333333333333332,3,1.0,0.0,3,-0.7999999999999999,0.2000000000000001,4,-0.8145934285312865,0.004106131521831,10,True,-,0.149614861133208
ENSMUSG00000043059-P,Sulindac,,,0,,,0,1.0,0.0,3,1.0,1.4042654220543602e-24,5,True,+,6.303055151107153e-23
ENSMUSG00000043059-P,Tyr-Val,,,0,,,0,,,0,-1.0,0.0,3,True,-,0.0
ENSMUSG00000048200-P,"1,2-Bis(trimethylsiloxy)cyclohexene",,,0,,,0,,,0,-1.0,0.0,3,True,-,0.0
ENSMUSG00000048200-P,"1,2-Cinnolinedicarboxylic acid, 1,2,3,5,6,7,8,8a-octahydro-4-trimethylsilyloxy-, diethyl ester",,,0,,,0,,,0,-1.0,0.0,3,True,-,0.0
ENSMUSG00000048200-P,2-Aminoquinolin-8-ol,,,0,,,0,,,0,-1.0,0.0,3,True,-,0.0
ENSMUSG00000048200-P,2-Norbornanemethanol,,,0,,,0,,,0,1.0,0.0,3,True,+,0.0
ENSMUSG00000048200-P,"Benzene, 1-ethyl-3,5-dimethyl",,,0,,,0,,,0,1.0,0.0,4,True,+,0.0
ENSMUSG00000048200-P,cis-2-Decenoic acid,,,0,,,0,,,0,1.0,0.0,3,True,+,0.0
ENSMUSG00000048200-P,L-Val-L-Leu,,,0,,,0,-1.0,0.0,3,-1.0,0.0,3,True,-,0.0
ENSMUSG00000048200-P,"N-[(3,4,5-Trimethoxyphenyl)methylidene]hydroxylamine",,,0,,,0,1.0,0.0,3,1.0,0.0,3,True,+,0.0
ENSMUSG00000024181-P,"13-Docosenamide, (Z)",,,0,,,0,-1.0,0.0,3,-1.0,0.0,3,True,-,0.0
ENSMUSG00000024181-P,"3,3-Dimethylacrylic acid",,,0,,,0,,,0,-1.0,0.0,4,True,-,0.0
ENSMUSG00000024181-P,"4,5-Dihydro-1H-pyrazole",,,0,,,0,,,0,-1.0,0.0,4,True,-,0.0
ENSMUSG00000024181-P,Chlorobenzilate ,,,0,,,0,,,0,1.0,0.0,4,True,+,0.0
ENSMUSG00000005510-P,"1,2-Bis(trimethylsiloxy)cyclohexene",,,0,,,0,,,0,1.0,0.0,3,True,+,0.0
ENSMUSG00000005510-P,"2-Allyl-1,4-dimethoxybenzene",1.0,0.0,3,0.8660254037844387,0.3333333333333332,3,0.6,0.208,6,0.7740817475138726,0.0031266563739204,12,True,+,0.1179425135885409
ENSMUSG00000005510-P,2-Aminoquinolin-8-ol,,,0,,,0,,,0,1.0,0.0,3,True,+,0.0
ENSMUSG00000005510-P,"3,4-Dihydroxybenzaldehyde",1.0,0.0,3,,,0,,,0,1.0,0.0,3,True,+,0.0
ENSMUSG00000005510-P,7-Hydroxy-4-(methoxymethyl)coumarin,,,0,,,0,1.0,0.0,3,1.0,0.0,4,True,+,0.0
ENSMUSG00000005510-P,8-Methylnonanoic acid,1.0,0.0,3,1.0,0.0,3,0.4928053803045811,0.3206325828658274,6,0.7635738504887974,0.0038500936565595,12,True,+,0.1414605165627303
ENSMUSG00000005510-P,Benzyl alcohol,0.5,0.6666666666666666,3,1.0,0.0,3,0.4857142857142857,0.3287230320699708,6,0.7412587412587414,0.0058011504744782,12,True,+,0.1955303081363889
ENSMUSG00000005510-P,cis-2-Decenoic acid,,,0,,,0,,,0,-1.0,0.0,3,True,-,0.0
ENSMUSG00000005510-P,"Erythrono-1,4-lactone",0.5,0.6666666666666666,3,0.5,0.6666666666666666,3,0.6571428571428573,0.1561749271137024,6,0.7482517482517484,0.005124081698753,12,True,+,0.176962914072306
ENSMUSG00000005510-P,Levulinic acid,0.0,1.0,3,1.0,0.0,3,0.5590653920196746,0.2487710057017011,6,0.7979021271386156,0.0018701848339806,12,True,+,0.0749293229553032
ENSMUSG00000005510-P,"L-Histidine, N,1-bis(tert-butyldimethylsilyl)-",1.0,0.0,3,1.0,0.0,3,0.753702346348183,0.0835232813732598,6,0.7460606887803388,0.0053294347525701,12,True,+,0.1820984623388383
ENSMUSG00000005510-P,L-Val-L-Leu,,,0,,,0,1.0,0.0,3,1.0,0.0,3,True,+,0.0
ENSMUSG00000005510-P,Picolinic acid,0.8660254037844387,0.3333333333333332,3,0.8660254037844387,0.3333333333333332,3,0.9121593238215744,0.0112350879440594,6,0.8380489500927585,0.0006640430437256,12,True,+,0.0282922417528602
ENSMUSG00000005510-P,Tyr-Val,,,0,,,0,,,0,-1.0,0.0,3,True,-,0.0
ENSMUSG00000005510-P,Urea,1.0,0.0,3,0.5,0.6666666666666666,3,0.5217939320872036,0.2883432338003935,6,0.7460606887803388,0.0053294347525701,12,True,+,0.1820984623388383
ENSMUSG00000032615-P,"1,2-Bis(trimethylsiloxy)cyclohexene",,,0,,,0,,,0,-1.0,0.0,3,True,-,0.0
ENSMUSG00000032615-P,2-Aminoquinolin-8-ol,,,0,,,0,,,0,-1.0,0.0,3,True,-,0.0
ENSMUSG00000032615-P,2-Norbornanemethanol,,,0,,,0,,,0,-1.0,0.0,3,True,-,0.0
ENSMUSG00000032615-P,"3,3-Dimethylacrylic acid",,,0,,,0,,,0,-1.0,0.0,4,True,-,0.0
ENSMUSG00000032615-P,"3,4-Dihydroxybenzaldehyde",-1.0,0.0,3,,,0,,,0,-1.0,0.0,3,True,-,0.0
ENSMUSG00000032615-P,4-Methylvaleric acid,-1.0,0.0,3,-0.5,0.6666666666666666,3,-0.3,0.623837664781073,5,-0.8000000000000002,0.0031104283103858,11,True,-,0.1176276726103183
ENSMUSG00000032615-P,"Benzene, 1-ethyl-3,5-dimethyl",,,0,,,0,,,0,-1.0,0.0,4,True,-,0.0
ENSMUSG00000035873-P,"(2,5-Dimethoxyphenyl)acetone",0.5,0.6666666666666666,3,0.5,0.6666666666666666,3,0.8857142857142858,0.0188454810495626,6,0.7600712181471058,0.0041173803556808,12,True,+,0.149614861133208
ENSMUSG00000035873-P,"1,2-Bis(trimethylsiloxy)cyclohexene",,,0,,,0,,,0,-1.0,0.0,3,True,-,0.0
ENSMUSG00000035873-P,"1,2-Cinnolinedicarboxylic acid, 1,2,3,5,6,7,8,8a-octahydro-4-trimethylsilyloxy-, diethyl ester",,,0,,,0,,,0,-1.0,0.0,3,True,-,0.0
ENSMUSG00000035873-P,"2,4-Dimethoxybenzaldoxime",,,0,,,0,,,0,1.0,0.0,3,True,+,0.0
ENSMUSG00000035873-P,2-Aminoquinolin-8-ol,,,0,,,0,,,0,1.0,0.0,3,True,+,0.0
ENSMUSG00000035873-P,"3-Hydroxy-7,3',4',5'-tetramethoxyflavone",,,0,,,0,,,0,1.0,0.0,3,True,+,0.0
ENSMUSG00000035873-P,cis-2-Decenoic acid,,,0,,,0,,,0,-1.0,0.0,3,True,-,0.0
ENSMUSG00000035873-P,Isosorbide,1.0,0.0,3,,,0,,,0,1.0,0.0,3,True,+,0.0
ENSMUSG00000035873-P,L-Glutamic acid,,,0,,,0,-1.0,0.0,3,-1.0,1.4042654220543602e-24,5,True,-,6.303055151107153e-23
ENSMUSG00000035873-P,Octadecanoic acid,,,0,,,0,,,0,1.0,0.0,3,True,+,0.0
ENSMUSG00000020496-P,"1,2-Bis(trimethylsiloxy)cyclohexene",,,0,,,0,,,0,-1.0,0.0,3,True,-,0.0
ENSMUSG00000020496-P,"1,2-Cinnolinedicarboxylic acid, 1,2,3,5,6,7,8,8a-octahydro-4-trimethylsilyloxy-, diethyl ester",,,0,,,0,,,0,1.0,0.0,3,True,+,0.0
ENSMUSG00000020496-P,"13-Docosenamide, (Z)",,,0,,,0,-1.0,0.0,3,-1.0,0.0,3,True,-,0.0
ENSMUSG00000020496-P,2-Aminoquinolin-8-ol,,,0,,,0,,,0,-1.0,0.0,3,True,-,0.0
ENSMUSG00000020496-P,"3-Hydroxy-7,3',4',5'-tetramethoxyflavone",,,0,,,0,,,0,-1.0,0.0,3,True,-,0.0
ENSMUSG00000020496-P,cis-2-Decenoic acid,,,0,,,0,,,0,1.0,0.0,3,True,+,0.0
ENSMUSG00000020496-P,Isosorbide,-1.0,0.0,3,,,0,,,0,-1.0,0.0,3,True,-,0.0
ENSMUSG00000024687-P,"13-Docosenamide, (Z)",,,0,,,0,1.0,0.0,3,1.0,0.0,3,True,+,0.0
ENSMUSG00000024687-P,2-Norbornanemethanol,,,0,,,0,,,0,1.0,0.0,3,True,+,0.0
ENSMUSG00000024687-P,Azelaic acid,1.0,0.0,3,0.5,0.6666666666666666,3,0.7247137945655605,0.1032428046237076,6,0.8196159679558652,0.0011015500296681,12,True,+,0.0456753052587522
ENSMUSG00000024687-P,Tyr-Val,,,0,,,0,,,0,-1.0,0.0,3,True,-,0.0
ENSMUSG00000030008-P,"3-Hydroxy-7,3',4',5'-tetramethoxyflavone",,,0,,,0,,,0,1.0,0.0,3,True,+,0.0
ENSMUSG00000030008-P,4-Methoxyphenol,0.5,0.6666666666666666,3,,,0,1.0,0.0,4,0.9285714285714288,0.0008629681828999,8,True,+,0.0362866919169058
ENSMUSG00000030008-P,Isosorbide,1.0,0.0,3,,,0,,,0,1.0,0.0,3,True,+,0.0
ENSMUSG00000030008-P,"N-[(3,4,5-Trimethoxyphenyl)methylidene]hydroxylamine",,,0,,,0,1.0,0.0,3,1.0,0.0,3,True,+,0.0
ENSMUSG00000030008-P,Tyr-Val,,,0,,,0,,,0,-1.0,0.0,3,True,-,0.0
ENSMUSG00000030008-P,Xylazine,-0.5,0.6666666666666666,3,0.5,0.6666666666666666,3,0.7142857142857143,0.1107871720116617,6,0.7692307692307694,0.0034464502618274,12,True,+,0.1288426047067842
ENSMUSG00000021377-P,"13-Docosenamide, (Z)",,,0,,,0,1.0,0.0,3,1.0,0.0,3,True,+,0.0
ENSMUSG00000021377-P,"2,4-Dimethoxybenzaldoxime",,,0,,,0,,,0,1.0,0.0,3,True,+,0.0
ENSMUSG00000021377-P,2-Amino-4-methylbenzophenone,0.5,0.6666666666666666,3,0.5,0.6666666666666666,3,1.0,1.4042654220543602e-24,5,0.881818181818182,0.0003301688021839,11,True,+,0.0144079928003976
ENSMUSG00000021377-P,"3-Hydroxy-7,3',4',5'-tetramethoxyflavone",,,0,,,0,,,0,1.0,0.0,3,True,+,0.0
ENSMUSG00000021377-P,"4-[2-(4,7-Dimethoxy-2H-1,3-benzodioxol-5-yl)ethenyl]-2-methoxyphenol",-1.0,0.0,3,-1.0,0.0,3,-0.6377481392176932,0.1730711102412598,6,-0.7845896445389478,0.0025116023149757,12,True,-,0.097376722909516
ENSMUSG00000021377-P,cis-2-Decenoic acid,,,0,,,0,,,0,-1.0,0.0,3,True,-,0.0
ENSMUSG00000021377-P,Isosorbide,1.0,0.0,3,,,0,,,0,1.0,0.0,3,True,+,0.0
ENSMUSG00000021377-P,L-(+)-Threose,,,0,,,0,1.0,0.0,3,1.0,0.0,3,True,+,0.0
ENSMUSG00000032641-P,"13-Docosenamide, (Z)",,,0,,,0,1.0,0.0,3,1.0,0.0,3,True,+,0.0
ENSMUSG00000032641-P,3-(4-Methoxyphenyl)coumarin,,,0,,,0,-1.0,0.0,3,-1.0,0.0,4,True,-,0.0
ENSMUSG00000032641-P,"3-Hydroxy-7,3',4',5'-tetramethoxyflavone",,,0,,,0,,,0,-1.0,0.0,3,True,-,0.0
ENSMUSG00000032641-P,Glabridin,,,0,,,0,,,0,-1.0,0.0,4,True,-,0.0
ENSMUSG00000032641-P,Isosorbide,-1.0,0.0,3,,,0,,,0,-1.0,0.0,3,True,-,0.0
ENSMUSG00000032641-P,L-(+)-Threose,,,0,,,0,1.0,0.0,3,1.0,0.0,3,True,+,0.0
ENSMUSG00000032641-P,Tyr-Val,,,0,,,0,,,0,1.0,0.0,3,True,+,0.0
ENSMUSG00000022711-P,"13-Docosenamide, (Z)",,,0,,,0,1.0,0.0,3,1.0,0.0,3,True,+,0.0
ENSMUSG00000022711-P,2-Aminoquinolin-8-ol,,,0,,,0,,,0,1.0,0.0,3,True,+,0.0
ENSMUSG00000022711-P,"3,4-Dihydroxybenzaldehyde",-1.0,0.0,3,,,0,,,0,-1.0,0.0,3,True,-,0.0
ENSMUSG00000022711-P,"4,5-Dihydro-1H-pyrazole",,,0,,,0,,,0,-1.0,0.0,4,True,-,0.0
ENSMUSG00000022711-P,cis-2-Decenoic acid,,,0,,,0,,,0,-1.0,0.0,3,True,-,0.0
ENSMUSG00000022711-P,Diclofenac,,,0,,,0,,,0,1.0,0.0,4,True,+,0.0
ENSMUSG00000038644-P,"1,2-Bis(trimethylsiloxy)cyclohexene",,,0,,,0,,,0,-1.0,0.0,3,True,-,0.0
ENSMUSG00000038644-P,"2,4-Dimethoxybenzaldoxime",,,0,,,0,,,0,-1.0,0.0,3,True,-,0.0
ENSMUSG00000038644-P,"3,4-Dihydroxybenzaldehyde",-1.0,0.0,3,,,0,,,0,-1.0,0.0,3,True,-,0.0
ENSMUSG00000038644-P,"3-Hydroxy-7,3',4',5'-tetramethoxyflavone",,,0,,,0,,,0,1.0,0.0,3,True,+,0.0
ENSMUSG00000038644-P,4-tert-Butyldimethylsiloxy-3-penten-2-one,,,0,,,0,1.0,0.0,4,1.0,0.0,4,True,+,0.0
ENSMUSG00000038644-P,Glabridin,,,0,,,0,,,0,1.0,0.0,4,True,+,0.0
ENSMUSG00000038644-P,"N-[(3,4,5-Trimethoxyphenyl)methylidene]hydroxylamine",,,0,,,0,1.0,0.0,3,1.0,0.0,3,True,+,0.0
ENSMUSG00000038644-P,tert-butyl(dimethyl)silyl-2-([tert-butyl(dimethyl)silyl]oxy)hex-2-enoate,,,0,,,0,-1.0,0.0,4,-1.0,0.0,4,True,-,0.0
ENSMUSG00000038644-P,Tyr-Val,,,0,,,0,,,0,1.0,0.0,3,True,+,0.0
ENSMUSG00000018322-P,"1,2-Bis(trimethylsiloxy)cyclohexene",,,0,,,0,,,0,1.0,0.0,3,True,+,0.0
ENSMUSG00000018322-P,"13-Docosenamide, (Z)",,,0,,,0,1.0,0.0,3,1.0,0.0,3,True,+,0.0
ENSMUSG00000018322-P,3-(4-Methoxyphenyl)coumarin,,,0,,,0,-1.0,0.0,3,-1.0,0.0,4,True,-,0.0
ENSMUSG00000018322-P,"3,4-Dihydroxybenzaldehyde",1.0,0.0,3,,,0,,,0,1.0,0.0,3,True,+,0.0
ENSMUSG00000018322-P,Tyr-Val,,,0,,,0,,,0,-1.0,0.0,3,True,-,0.0
ENSMUSG00000056054-P,"13-Docosenamide, (Z)",,,0,,,0,-1.0,0.0,3,-1.0,0.0,3,True,-,0.0
ENSMUSG00000056054-P,Benzeneacetic acid,,,0,,,0,1.0,0.0,3,1.0,1.4042654220543602e-24,5,True,+,6.303055151107153e-23
ENSMUSG00000056054-P,L-Val-L-Leu,,,0,,,0,1.0,0.0,3,1.0,0.0,3,True,+,0.0
ENSMUSG00000056054-P,Tyr-Val,,,0,,,0,,,0,1.0,0.0,3,True,+,0.0
ENSMUSG00000062937-P,"1,2-Bis(trimethylsiloxy)cyclohexene",,,0,,,0,,,0,1.0,0.0,3,True,+,0.0
ENSMUSG00000062937-P,"13-Docosenamide, (Z)",,,0,,,0,1.0,0.0,3,1.0,0.0,3,True,+,0.0
ENSMUSG00000062937-P,"2,4-Dimethoxybenzaldoxime",,,0,,,0,,,0,1.0,0.0,3,True,+,0.0
ENSMUSG00000062937-P,"3-(4,7-Dimethoxy-2H-1,3-benzodioxol-5-yl)-2-methylprop-2-enal",0.5,0.6666666666666666,3,-0.5,0.6666666666666666,3,0.6571428571428573,0.1561749271137024,6,0.7412587412587414,0.0058011504744782,12,True,+,0.1955303081363889
ENSMUSG00000062937-P,"3,4-Dihydroxybenzaldehyde",-1.0,0.0,3,,,0,,,0,-1.0,0.0,3,True,-,0.0
ENSMUSG00000062937-P,"3-Hydroxy-7,3',4',5'-tetramethoxyflavone",,,0,,,0,,,0,1.0,0.0,3,True,+,0.0
ENSMUSG00000062937-P,Acetic acid,0.8660254037844387,0.3333333333333332,3,,,3,0.4320493798938574,0.392250538949307,6,0.7830421195446947,0.0025958273493012,12,True,+,0.0997924869113142
ENSMUSG00000062937-P,Aceturic acid,0.5,0.6666666666666666,3,,,0,0.8857142857142858,0.0188454810495626,6,0.9090909090909092,0.0001055933763036,11,True,+,0.0046862107147141
ENSMUSG00000062937-P,Allylescaline,1.0,0.0,3,0.5,0.6666666666666666,3,0.8827348295047495,0.019820416588882,6,0.7473730217009665,0.0052057080300486,12,True,+,0.1794408552811292
ENSMUSG00000062937-P,Azelaic acid,-0.5,0.6666666666666666,3,0.5,0.6666666666666666,3,0.4928053803045811,0.3206325828658274,6,0.8196159679558652,0.0011015500296681,12,True,+,0.0456753052587522
ENSMUSG00000062937-P,"Benzene, 1,4-dimethoxy",0.8660254037844387,0.3333333333333332,3,0.5,0.6666666666666666,3,0.942857142857143,0.004804664723032,6,0.7810870121972561,0.0027052956461396,12,True,+,0.1035246286271809
ENSMUSG00000062937-P,Butanedioic acid,-1.0,0.0,3,0.5,0.6666666666666666,3,0.7142857142857143,0.1107871720116617,6,0.7552447552447553,0.0045084354842942,12,True,+,0.1619683642032021
ENSMUSG00000062937-P,Diethylamine,1.0,0.0,3,0.5,0.6666666666666666,3,0.6667366910003157,0.1480897994403528,6,0.833626497322632,0.0007538511759524,12,True,+,0.0320141594925801
ENSMUSG00000062937-P,"Erythrono-1,4-lactone",-0.5,0.6666666666666666,3,1.0,0.0,3,0.7714285714285715,0.0723965014577259,6,0.7412587412587414,0.0058011504744782,12,True,+,0.1955303081363889
ENSMUSG00000062937-P,L-Glutamic acid,,,0,,,0,1.0,0.0,3,1.0,1.4042654220543602e-24,5,True,+,6.303055151107153e-23
ENSMUSG00000062937-P,L-Ornithine,,,0,,,0,,,0,1.0,0.0,4,True,+,0.0
ENSMUSG00000062937-P,L-Val-L-Leu,,,0,,,0,1.0,0.0,3,1.0,0.0,3,True,+,0.0
ENSMUSG00000062937-P,Octadecanoic acid,,,0,,,0,,,0,-1.0,0.0,3,True,-,0.0
ENSMUSG00000004040-P,"3,4-Dihydroxybenzaldehyde",1.0,0.0,3,,,0,,,0,1.0,0.0,3,True,+,0.0
ENSMUSG00000004040-P,L-Val-L-Leu,,,0,,,0,1.0,0.0,3,1.0,0.0,3,True,+,0.0
ENSMUSG00000004040-P,Tyr-Val,,,0,,,0,,,0,-1.0,0.0,3,True,-,0.0
ENSMUSG00000004040-P,Urea,1.0,0.0,3,-0.5,0.6666666666666666,3,0.9856107606091624,0.0003090856678496,6,0.7600712181471057,0.0041173803556808,12,True,+,0.149614861133208
ENSMUSG00000018372-P,"1,2-Bis(trimethylsiloxy)cyclohexene",,,0,,,0,,,0,1.0,0.0,3,True,+,0.0
ENSMUSG00000018372-P,"1-Octanol, 2-butyl-",-1.0,0.0,3,-0.5,0.6666666666666666,3,0.9710083124552245,0.0012485929031976,6,0.8210576858123295,0.0010609585778953,12,True,+,0.0440884417791256
ENSMUSG00000018372-P,2-Norbornanemethanol,,,0,,,0,,,0,1.0,0.0,3,True,+,0.0
ENSMUSG00000018372-P,"3,3-Dimethylacrylic acid",,,0,,,0,,,0,1.0,0.0,4,True,+,0.0
ENSMUSG00000018372-P,"3,4-Dihydroxybenzaldehyde",1.0,0.0,3,,,0,,,0,1.0,0.0,3,True,+,0.0
ENSMUSG00000018372-P,3-Amino-5-methylisoxazole,,,0,-0.5,0.6666666666666666,3,0.4857142857142857,0.3287230320699708,6,0.8000000000000002,0.0031104283103858,11,True,+,0.1176276726103183
ENSMUSG00000018372-P,4-tert-Butyldimethylsiloxy-3-penten-2-one,,,0,,,0,1.0,0.0,4,1.0,0.0,4,True,+,0.0
ENSMUSG00000018372-P,"Benzene, 1-ethyl-3,5-dimethyl",,,0,,,0,,,0,1.0,0.0,4,True,+,0.0
ENSMUSG00000018372-P,cis-2-Decenoic acid,,,0,,,0,,,0,1.0,0.0,3,True,+,0.0
ENSMUSG00000018372-P,"N-[(3,4,5-Trimethoxyphenyl)methylidene]hydroxylamine",,,0,,,0,1.0,0.0,3,1.0,0.0,3,True,+,0.0
ENSMUSG00000018372-P,Phytanic acid,0.8660254037844387,0.3333333333333332,3,0.5,0.6666666666666666,3,0.7061878636037996,0.1168066069474558,6,0.7908721524501697,0.0021908853098574,12,True,+,0.0864520446915212
ENSMUSG00000018372-P,Sarcosine,,,0,,,0,,,0,-0.942857142857143,0.004804664723032,6,True,-,0.1679020985499759
ENSMUSG00000018372-P,Tyr-Val,,,0,,,0,,,0,-1.0,0.0,3,True,-,0.0
ENSMUSG00000039804-P,"13-Docosenamide, (Z)",,,0,,,0,1.0,0.0,3,1.0,0.0,3,True,+,0.0
ENSMUSG00000039804-P,"1-Pentene, 1,3-diphenyl-1-(trimethylsilyloxy)-",,,0,,,0,,,0,1.0,0.0,4,True,+,0.0
ENSMUSG00000039804-P,"2,4-Dimethoxybenzaldoxime",,,0,,,0,,,0,1.0,0.0,3,True,+,0.0
ENSMUSG00000039804-P,2-Norbornanemethanol,,,0,,,0,,,0,-1.0,0.0,3,True,-,0.0
ENSMUSG00000039804-P,"3,4-Dihydroxybenzaldehyde",-1.0,0.0,3,,,0,,,0,-1.0,0.0,3,True,-,0.0
ENSMUSG00000039804-P,Benzophenone,,,0,0.5,0.6666666666666666,3,0.6,0.208,6,0.8909090909090911,0.0002334581703787,11,True,+,0.0102692105513527
ENSMUSG00000039804-P,L-Threonine,,,0,,,0,1.0,0.0,4,1.0,1.4042654220543602e-24,5,True,+,6.303055151107153e-23
ENSMUSG00000039804-P,Monocaproin,-1.0,0.0,3,,,0,-0.5,0.6666666666666666,3,-0.880952380952381,0.0038503204637324,8,True,-,0.1414605165627303
ENSMUSG00000039804-P,Tromethamine,,,0,,,0,-0.6,0.2847569798652938,5,-0.880952380952381,0.0038503204637324,8,True,-,0.1414605165627303
ENSMUSG00000039804-P,Tyr-Val,,,0,,,0,,,0,1.0,0.0,3,True,+,0.0
ENSMUSG00000024740-P,3-(4-Methoxyphenyl)coumarin,,,0,,,0,1.0,0.0,3,1.0,0.0,4,True,+,0.0
ENSMUSG00000024740-P,3-Buten-2-one,-1.0,0.0,3,-1.0,0.0,3,-0.6571428571428573,0.1561749271137024,6,-0.7412587412587414,0.0058011504744782,12,True,-,0.1955303081363889
ENSMUSG00000024740-P,Cycloheptanol,-1.0,0.0,3,-1.0,0.0,3,-0.8986451052612952,0.0148886220055803,6,-0.7635738504887974,0.0038500936565595,12,True,-,0.1414605165627303
ENSMUSG00000024740-P,L-(+)-Threose,,,0,,,0,-1.0,0.0,3,-1.0,0.0,3,True,-,0.0
ENSMUSG00000024740-P,Niacinamide,,,0,0.5,0.6666666666666666,3,0.7142857142857143,0.1107871720116617,6,0.881818181818182,0.0003301688021839,11,True,+,0.0144079928003976
ENSMUSG00000038836-P,"1,2-Bis(trimethylsiloxy)cyclohexene",,,0,,,0,,,0,1.0,0.0,3,True,+,0.0
ENSMUSG00000038836-P,"1,2-Cinnolinedicarboxylic acid, 1,2,3,5,6,7,8,8a-octahydro-4-trimethylsilyloxy-, diethyl ester",,,0,,,0,,,0,1.0,0.0,3,True,+,0.0
ENSMUSG00000038836-P,2-Aminoquinolin-8-ol,,,0,,,0,,,0,1.0,0.0,3,True,+,0.0
ENSMUSG00000038836-P,2-Norbornanemethanol,,,0,,,0,,,0,1.0,0.0,3,True,+,0.0
ENSMUSG00000038836-P,"3,4-Dihydroxybenzaldehyde",1.0,0.0,3,,,0,,,0,1.0,0.0,3,True,+,0.0
ENSMUSG00000038836-P,4-tert-Butyldimethylsiloxy-3-penten-2-one,,,0,,,0,-1.0,0.0,4,-1.0,0.0,4,True,-,0.0
ENSMUSG00000038836-P,Isopropylamine,0.5,0.6666666666666666,3,0.5,0.6666666666666666,3,0.5428571428571429,0.2657026239067054,6,0.7622377622377624,0.0039504489725426,12,True,+,0.1444028705953552
ENSMUSG00000038836-P,"l-Norvaline, n-propargyloxycarbonyl-, isohexyl ester",,,0,,,0,0.8999999999999998,0.0373860734684987,5,0.880952380952381,0.0038503204637324,8,True,+,0.1414605165627303
ENSMUSG00000038836-P,L-Val-L-Leu,,,0,,,0,-1.0,0.0,3,-1.0,0.0,3,True,-,0.0
ENSMUSG00000038836-P,"N-[(3,4,5-Trimethoxyphenyl)methylidene]hydroxylamine",,,0,,,0,-1.0,0.0,3,-1.0,0.0,3,True,-,0.0
ENSMUSG00000038836-P,Tyr-Val,,,0,,,0,,,0,-1.0,0.0,3,True,-,0.0
ENSMUSG00000006777-P,3-(4-Methoxyphenyl)coumarin,,,0,,,0,1.0,0.0,3,1.0,0.0,4,True,+,0.0
ENSMUSG00000006777-P,"3,4-Dihydroxybenzaldehyde",1.0,0.0,3,,,0,,,0,1.0,0.0,3,True,+,0.0
ENSMUSG00000006777-P,"6,7,4'-Trihydroxyisoflavone",0.5,0.6666666666666666,3,-1.0,0.0,3,-0.6957252427829382,0.1247893374402869,6,-0.742558056438647,0.0056705287880292,12,True,-,0.1922440832339479
ENSMUSG00000006777-P,cis-2-Decenoic acid,,,0,,,0,,,0,-1.0,0.0,3,True,-,0.0
ENSMUSG00000006777-P,L-(+)-Threose,,,0,,,0,-1.0,0.0,3,-1.0,0.0,3,True,-,0.0
ENSMUSG00000017405-P,"1,2-Bis(trimethylsiloxy)cyclohexene",,,0,,,0,,,0,1.0,0.0,3,True,+,0.0
ENSMUSG00000017405-P,cis-2-Decenoic acid,,,0,,,0,,,0,-1.0,0.0,3,True,-,0.0
ENSMUSG00000017405-P,"l-Leucine, n-butoxycarbonyl-N-methyl-, hexadecyl ester",,,0,,,0,,,0,-1.0,0.0,4,True,-,0.0
ENSMUSG00000017405-P,L-Val-L-Leu,,,0,,,0,-1.0,0.0,3,-1.0,0.0,3,True,-,0.0
ENSMUSG00000017405-P,Tyr-Val,,,0,,,0,,,0,-1.0,0.0,3,True,-,0.0
ENSMUSG00000064345-P,2-Aminoquinolin-8-ol,,,0,,,0,,,0,1.0,0.0,3,True,+,0.0
ENSMUSG00000064345-P,3-Aminobenzoic acid,,,0,-1.0,0.0,3,-0.7714285714285715,0.0723965014577259,6,-0.7818181818181819,0.004473162252783,11,True,-,0.1611140357001344
ENSMUSG00000064345-P,"3-Hydroxy-7,3',4',5'-tetramethoxyflavone",,,0,,,0,,,0,1.0,0.0,3,True,+,0.0
ENSMUSG00000064345-P,"4-[2-(4,7-Dimethoxy-2H-1,3-benzodioxol-5-yl)ethenyl]-2-methoxyphenol",-1.0,0.0,3,-1.0,0.0,3,-0.3478626213914691,0.4992532181146332,6,-0.742558056438647,0.0056705287880292,12,True,-,0.1922440832339479
ENSMUSG00000064345-P,cis-2-Decenoic acid,,,0,,,0,,,0,-1.0,0.0,3,True,-,0.0
ENSMUSG00000064345-P,Isosorbide,1.0,0.0,3,,,0,,,0,1.0,0.0,3,True,+,0.0
ENSMUSG00000040158-P,"13-Docosenamide, (Z)",,,0,,,0,-1.0,0.0,3,-1.0,0.0,3,True,-,0.0
ENSMUSG00000040158-P,2-Aminoquinolin-8-ol,,,0,,,0,,,0,-1.0,0.0,3,True,-,0.0
ENSMUSG00000040158-P,cis-2-Decenoic acid,,,0,,,0,,,0,1.0,0.0,3,True,+,0.0
ENSMUSG00000040158-P,L-(+)-Threose,,,0,,,0,-1.0,0.0,3,-1.0,0.0,3,True,-,0.0
ENSMUSG00000040158-P,L-Val-L-Leu,,,0,,,0,1.0,0.0,3,1.0,0.0,3,True,+,0.0
ENSMUSG00000040158-P,Oleic Acid,1.0,0.0,3,,,0,,,0,1.0,0.0,3,True,+,0.0
ENSMUSG00000039883-P,1-(tert-Butyldimethylsilyl)-4-methyl-1H-pyrazole,-0.5,0.6666666666666666,3,-1.0,0.0,3,-0.6982532518267538,0.122839463373396,6,-0.7887519530284786,0.0022953943176097,12,True,-,0.0900825861610388
ENSMUSG00000039883-P,"1,2-Bis(trimethylsiloxy)cyclohexene",,,0,,,0,,,0,-1.0,0.0,3,True,-,0.0
ENSMUSG00000039883-P,"13-Docosenamide, (Z)",,,0,,,0,-1.0,0.0,3,-1.0,0.0,3,True,-,0.0
ENSMUSG00000039883-P,"2,4-Dimethoxybenzaldoxime",,,0,,,0,,,0,-1.0,0.0,3,True,-,0.0
ENSMUSG00000039883-P,2-Aminoquinolin-8-ol,,,0,,,0,,,0,-1.0,0.0,3,True,-,0.0
ENSMUSG00000039883-P,"3,4-Dihydroxybenzaldehyde",1.0,0.0,3,,,0,,,0,1.0,0.0,3,True,+,0.0
ENSMUSG00000039883-P,"3-Hydroxy-7,3',4',5'-tetramethoxyflavone",,,0,,,0,,,0,-1.0,0.0,3,True,-,0.0
ENSMUSG00000039883-P,Octadecanoic acid,,,0,,,0,,,0,1.0,0.0,3,True,+,0.0
ENSMUSG00000024253-P,"1,2-Bis(trimethylsiloxy)cyclohexene",,,0,,,0,,,0,1.0,0.0,3,True,+,0.0
ENSMUSG00000024253-P,"13-Docosenamide, (Z)",,,0,,,0,1.0,0.0,3,1.0,0.0,3,True,+,0.0
ENSMUSG00000024253-P,2-Aminoquinolin-8-ol,,,0,,,0,,,0,1.0,0.0,3,True,+,0.0
ENSMUSG00000024253-P,"3-Hydroxy-7,3',4',5'-tetramethoxyflavone",,,0,,,0,,,0,1.0,0.0,3,True,+,0.0
ENSMUSG00000024253-P,cis-2-Decenoic acid,,,0,,,0,,,0,-1.0,0.0,3,True,-,0.0
ENSMUSG00000024253-P,Isosorbide,1.0,0.0,3,,,0,,,0,1.0,0.0,3,True,+,0.0
ENSMUSG00000024253-P,Tyr-Val,,,0,,,0,,,0,-1.0,0.0,3,True,-,0.0
ENSMUSG00000019897-P,"1,2-Cinnolinedicarboxylic acid, 1,2,3,5,6,7,8,8a-octahydro-4-trimethylsilyloxy-, diethyl ester",,,0,,,0,,,0,1.0,0.0,3,True,+,0.0
ENSMUSG00000019897-P,"13-Docosenamide, (Z)",,,0,,,0,1.0,0.0,3,1.0,0.0,3,True,+,0.0
ENSMUSG00000019897-P,"2,4-Dimethoxybenzaldoxime",,,0,,,0,,,0,1.0,0.0,3,True,+,0.0
ENSMUSG00000019897-P,"2',5'-Dimethoxypropiophenone",0.5,0.6666666666666666,3,1.0,0.0,3,0.7714285714285715,0.0723965014577259,6,0.8321678321678322,0.0007854416778536,12,True,+,0.0332610831314817
ENSMUSG00000019897-P,"3,4-Dihydroxybenzaldehyde",-1.0,0.0,3,,,0,,,0,-1.0,0.0,3,True,-,0.0
ENSMUSG00000019897-P,Aceturic acid,0.5,0.6666666666666666,3,,,0,0.942857142857143,0.004804664723032,6,0.9,0.0001599714280687,11,True,+,0.007066475725301
ENSMUSG00000019897-P,cis-2-Decenoic acid,,,0,,,0,,,0,-1.0,0.0,3,True,-,0.0
ENSMUSG00000019897-P,"Cyclohexanone, 3,3,5-trimethyl",1.0,0.0,3,0.5,0.6666666666666666,3,0.7999999999999999,0.1040880386618278,5,0.8454545454545455,0.0010451821458586,11,True,+,0.0434501308308189
ENSMUSG00000019897-P,Cyclooctylamine,1.0,0.0,3,0.5,0.6666666666666666,3,0.7142857142857143,0.1107871720116617,6,0.7622377622377624,0.0039504489725426,12,True,+,0.1444028705953552
ENSMUSG00000019897-P,L-Ornithine,,,0,,,0,,,0,1.0,0.0,4,True,+,0.0
ENSMUSG00000019897-P,L-Val-L-Leu,,,0,,,0,1.0,0.0,3,1.0,0.0,3,True,+,0.0
ENSMUSG00000019897-P,Octadecanoic acid,,,0,,,0,,,0,-1.0,0.0,3,True,-,0.0
ENSMUSG00000019897-P,Trimethylolpropane,,,0,,,0,0.8207826816681233,0.0885870053135438,5,0.9221722216732094,0.0011108173578061,8,True,+,0.0460139133108656
ENSMUSG00000031451-P,"1,2-Bis(trimethylsiloxy)cyclohexene",,,0,,,0,,,0,-1.0,0.0,3,True,-,0.0
ENSMUSG00000031451-P,"13-Docosenamide, (Z)",,,0,,,0,-1.0,0.0,3,-1.0,0.0,3,True,-,0.0
ENSMUSG00000031451-P,"2,4-Dimethoxybenzaldoxime",,,0,,,0,,,0,-1.0,0.0,3,True,-,0.0
ENSMUSG00000031451-P,2-Aminoquinolin-8-ol,,,0,,,0,,,0,1.0,0.0,3,True,+,0.0
ENSMUSG00000031451-P,3-(4-Methoxyphenyl)coumarin,,,0,,,0,1.0,0.0,3,1.0,0.0,4,True,+,0.0
ENSMUSG00000031451-P,"3,4-Dihydroxybenzaldehyde",-1.0,0.0,3,,,0,,,0,-1.0,0.0,3,True,-,0.0
ENSMUSG00000031451-P,cis-2-Decenoic acid,,,0,,,0,,,0,-1.0,0.0,3,True,-,0.0
ENSMUSG00000031451-P,L-Val-L-Leu,,,0,,,0,-1.0,0.0,3,-1.0,0.0,3,True,-,0.0
ENSMUSG00000031451-P,Tyr-Val,,,0,,,0,,,0,1.0,0.0,3,True,+,0.0
ENSMUSG00000031751-P,"1,2-Bis(trimethylsiloxy)cyclohexene",,,0,,,0,,,0,-1.0,0.0,3,True,-,0.0
ENSMUSG00000031751-P,"13-Docosenamide, (Z)",,,0,,,0,-1.0,0.0,3,-1.0,0.0,3,True,-,0.0
ENSMUSG00000031751-P,"2,4-Di-tert-butylphenol",-1.0,0.0,3,-1.0,0.0,3,,,0,-0.9285714285714288,0.0025194724037946,7,True,-,0.097376722909516
ENSMUSG00000031751-P,"3,4-Dihydroxybenzaldehyde",-1.0,0.0,3,,,0,,,0,-1.0,0.0,3,True,-,0.0
ENSMUSG00000031751-P,L-Val-L-Leu,,,0,,,0,1.0,0.0,3,1.0,0.0,3,True,+,0.0
ENSMUSG00000031751-P,Tyr-Val,,,0,,,0,,,0,1.0,0.0,3,True,+,0.0
ENSMUSG00000029623-P,"13-Docosenamide, (Z)",,,0,,,0,1.0,0.0,3,1.0,0.0,3,True,+,0.0
ENSMUSG00000029623-P,"2,4-Dimethoxybenzaldoxime",,,0,,,0,,,0,1.0,0.0,3,True,+,0.0
ENSMUSG00000029623-P,"3-Hydroxy-7,3',4',5'-tetramethoxyflavone",,,0,,,0,,,0,1.0,0.0,3,True,+,0.0
ENSMUSG00000029623-P,cis-2-Decenoic acid,,,0,,,0,,,0,-1.0,0.0,3,True,-,0.0
ENSMUSG00000029623-P,Isosorbide,1.0,0.0,3,,,0,,,0,1.0,0.0,3,True,+,0.0
ENSMUSG00000029623-P,L-(+)-Threose,,,0,,,0,1.0,0.0,3,1.0,0.0,3,True,+,0.0
ENSMUSG00000030691-P,"13-Docosenamide, (Z)",,,0,,,0,1.0,0.0,3,1.0,0.0,3,True,+,0.0
ENSMUSG00000030691-P,"2,4-Dimethoxybenzaldoxime",,,0,,,0,,,0,1.0,0.0,3,True,+,0.0
ENSMUSG00000030691-P,3-(4-Methoxyphenyl)coumarin,,,0,,,0,-1.0,0.0,3,-1.0,0.0,4,True,-,0.0
ENSMUSG00000030691-P,"3,4-Dihydroxybenzaldehyde",1.0,0.0,3,,,0,,,0,1.0,0.0,3,True,+,0.0
ENSMUSG00000030691-P,"4,5-Dihydro-1H-pyrazole",,,0,,,0,,,0,1.0,0.0,4,True,+,0.0
ENSMUSG00000030691-P,Glabridin,,,0,,,0,,,0,-1.0,0.0,4,True,-,0.0
ENSMUSG00000030691-P,L-(+)-Threose,,,0,,,0,1.0,0.0,3,1.0,0.0,3,True,+,0.0
ENSMUSG00000036819-P,"1,2-Bis(trimethylsiloxy)cyclohexene",,,0,,,0,,,0,-1.0,0.0,3,True,-,0.0
ENSMUSG00000036819-P,2-Aminoquinolin-8-ol,,,0,,,0,,,0,-1.0,0.0,3,True,-,0.0
ENSMUSG00000036819-P,2-Buten-1-ol,,,0,,,0,,,0,-0.942857142857143,0.004804664723032,6,True,-,0.1679020985499759
ENSMUSG00000036819-P,"l-Leucine, n-butoxycarbonyl-N-methyl-, hexadecyl ester",,,0,,,0,,,0,1.0,0.0,4,True,+,0.0
ENSMUSG00000024290-P,"13-Docosenamide, (Z)",,,0,,,0,1.0,0.0,3,1.0,0.0,3,True,+,0.0
ENSMUSG00000024290-P,"2,4-Dimethoxybenzaldoxime",,,0,,,0,,,0,1.0,0.0,3,True,+,0.0
ENSMUSG00000024290-P,2-Amino-4-methylbenzophenone,0.5,0.6666666666666666,3,0.5,0.6666666666666666,3,0.8999999999999998,0.0373860734684987,5,0.7727272727272727,0.0052994871786438,11,True,+,0.1815800018212259
ENSMUSG00000024290-P,"3-Hydroxy-7,3',4',5'-tetramethoxyflavone",,,0,,,0,,,0,1.0,0.0,3,True,+,0.0
ENSMUSG00000024290-P,"4,5-Dihydro-1H-pyrazole",,,0,,,0,,,0,1.0,0.0,4,True,+,0.0
ENSMUSG00000024290-P,cis-2-Decenoic acid,,,0,,,0,,,0,-1.0,0.0,3,True,-,0.0
ENSMUSG00000024290-P,Isosorbide,1.0,0.0,3,,,0,,,0,1.0,0.0,3,True,+,0.0
ENSMUSG00000024290-P,L-(+)-Threose,,,0,,,0,1.0,0.0,3,1.0,0.0,3,True,+,0.0
ENSMUSG00000017548-P,"1,2-Bis(trimethylsiloxy)cyclohexene",,,0,,,0,,,0,1.0,0.0,3,True,+,0.0
ENSMUSG00000017548-P,"3-Hydroxy-7,3',4',5'-tetramethoxyflavone",,,0,,,0,,,0,1.0,0.0,3,True,+,0.0
ENSMUSG00000017548-P,7-Hydroxy-4-(methoxymethyl)coumarin,,,0,,,0,1.0,0.0,3,1.0,0.0,4,True,+,0.0
ENSMUSG00000017548-P,Azelaic acid,0.5,0.6666666666666666,3,0.5,0.6666666666666666,3,0.6957252427829382,0.1247893374402869,6,0.8756580854229328,0.0001892976564778,12,True,+,0.0083460334130558
ENSMUSG00000017548-P,"Benzoic acid, methyl ester",0.5,0.6666666666666666,3,0.5,0.6666666666666666,3,0.8857142857142858,0.0188454810495626,6,0.8741258741258742,0.0002007130733242,12,True,+,0.0088437346141624
ENSMUSG00000017548-P,cis-2-Decenoic acid,,,0,,,0,,,0,-1.0,0.0,3,True,-,0.0
ENSMUSG00000017548-P,Diethylamine,0.5,0.6666666666666666,3,0.5,0.6666666666666666,3,0.6667366910003157,0.1480897994403528,6,0.7880922768806397,0.0023286751402374,12,True,+,0.0910978063660742
ENSMUSG00000017548-P,Glabridin,,,0,,,0,,,0,1.0,0.0,4,True,+,0.0
ENSMUSG00000017548-P,Isosorbide,1.0,0.0,3,,,0,,,0,1.0,0.0,3,True,+,0.0
ENSMUSG00000017548-P,Phenol,0.5,0.6666666666666666,3,0.5,0.6666666666666666,3,0.7999999999999999,0.1040880386618278,5,0.8272727272727273,0.0016769738964523,11,True,+,0.0675770348938753
ENSMUSG00000017548-P,Spiroxamine,,,0,,,0,0.7999999999999999,0.1040880386618278,5,0.8499999999999999,0.0037047773275858,9,True,+,0.1377359741682877
ENSMUSG00000017548-P,Tyr-Val,,,0,,,0,,,0,-1.0,0.0,3,True,-,0.0
ENSMUSG00000032555-P,"1,2-Cinnolinedicarboxylic acid, 1,2,3,5,6,7,8,8a-octahydro-4-trimethylsilyloxy-, diethyl ester",,,0,,,0,,,0,-1.0,0.0,3,True,-,0.0
ENSMUSG00000032555-P,"13-Docosenamide, (Z)",,,0,,,0,1.0,0.0,3,1.0,0.0,3,True,+,0.0
ENSMUSG00000032555-P,2-Aminoquinolin-8-ol,,,0,,,0,,,0,1.0,0.0,3,True,+,0.0
ENSMUSG00000032555-P,"3-Hydroxy-7,3',4',5'-tetramethoxyflavone",,,0,,,0,,,0,1.0,0.0,3,True,+,0.0
ENSMUSG00000032555-P,Diclofenac,,,0,,,0,,,0,1.0,0.0,4,True,+,0.0
ENSMUSG00000032555-P,L-Norleucine,,,0,,,0,-0.8999999999999998,0.0373860734684987,5,-0.9642857142857144,0.0004541491691941,7,True,-,0.0196011697980853
ENSMUSG00000029178-P,"13-Docosenamide, (Z)",,,0,,,0,1.0,0.0,3,1.0,0.0,3,True,+,0.0
ENSMUSG00000029178-P,2-Aminoquinolin-8-ol,,,0,,,0,,,0,1.0,0.0,3,True,+,0.0
ENSMUSG00000029178-P,"3-Hydroxy-7,3',4',5'-tetramethoxyflavone",,,0,,,0,,,0,1.0,0.0,3,True,+,0.0
ENSMUSG00000029178-P,7-Hydroxy-4-(methoxymethyl)coumarin,,,0,,,0,1.0,0.0,3,1.0,0.0,4,True,+,0.0
ENSMUSG00000029178-P,cis-2-Decenoic acid,,,0,,,0,,,0,-1.0,0.0,3,True,-,0.0
ENSMUSG00000029178-P,Glabridin,,,0,,,0,,,0,1.0,0.0,4,True,+,0.0
ENSMUSG00000029178-P,Isosorbide,1.0,0.0,3,,,0,,,0,1.0,0.0,3,True,+,0.0
ENSMUSG00000035640-P,"2,4-Dimethoxybenzaldoxime",,,0,,,0,,,0,1.0,0.0,3,True,+,0.0
ENSMUSG00000035640-P,2-Norbornanemethanol,,,0,,,0,,,0,-1.0,0.0,3,True,-,0.0
ENSMUSG00000035640-P,"3-Hydroxy-7,3',4',5'-tetramethoxyflavone",,,0,,,0,,,0,-1.0,0.0,3,True,-,0.0
ENSMUSG00000035640-P,alpha-Hydroxyisobutyric acid,,,0,,,0,1.0,0.0,6,0.9047619047619048,0.0020082755054294,8,True,+,0.0796373285451544
ENSMUSG00000035640-P,Chlorobenzilate ,,,0,,,0,,,0,1.0,0.0,4,True,+,0.0
ENSMUSG00000035640-P,cis-2-Decenoic acid,,,0,,,0,,,0,1.0,0.0,3,True,+,0.0
ENSMUSG00000035640-P,Isosorbide,-1.0,0.0,3,,,0,,,0,-1.0,0.0,3,True,-,0.0
ENSMUSG00000035640-P,L-(+)-Threose,,,0,,,0,1.0,0.0,3,1.0,0.0,3,True,+,0.0
ENSMUSG00000024168-P,2-Norbornanemethanol,,,0,,,0,,,0,1.0,0.0,3,True,+,0.0
ENSMUSG00000024168-P,"3-Hydroxy-7,3',4',5'-tetramethoxyflavone",,,0,,,0,,,0,1.0,0.0,3,True,+,0.0
ENSMUSG00000024168-P,4-Methoxyphenol,0.5,0.6666666666666666,3,,,0,1.0,0.0,4,0.880952380952381,0.0038503204637324,8,True,+,0.1414605165627303
ENSMUSG00000024168-P,"Benzene, 1-ethyl-3,5-dimethyl",,,0,,,0,,,0,1.0,0.0,4,True,+,0.0
ENSMUSG00000024168-P,Glabridin,,,0,,,0,,,0,1.0,0.0,4,True,+,0.0
ENSMUSG00000024168-P,Isosorbide,1.0,0.0,3,,,0,,,0,1.0,0.0,3,True,+,0.0
ENSMUSG00000024168-P,"N-[(3,4,5-Trimethoxyphenyl)methylidene]hydroxylamine",,,0,,,0,1.0,0.0,3,1.0,0.0,3,True,+,0.0
ENSMUSG00000024168-P,Tyr-Val,,,0,,,0,,,0,-1.0,0.0,3,True,-,0.0
ENSMUSG00000001687-P,"1,2-Bis(trimethylsiloxy)cyclohexene",,,0,,,0,,,0,1.0,0.0,3,True,+,0.0
ENSMUSG00000001687-P,"2,2'-Bipyridine",1.0,0.0,3,1.0,0.0,3,0.7826908981308054,0.065703848071589,6,0.7986001739057148,0.0018404248554876,12,True,+,0.0737794261906329
ENSMUSG00000001687-P,"3,3-Dimethylacrylic acid",,,0,,,0,,,0,1.0,0.0,4,True,+,0.0
ENSMUSG00000001687-P,6-Oxoheptanoic acid,0.8660254037844387,0.3333333333333332,3,1.0,0.0,3,1.0,0.0,6,0.8231186002975568,0.0010049467838746,12,True,+,0.0418858130905164
ENSMUSG00000001687-P,Azelaic acid,1.0,0.0,3,1.0,0.0,3,0.6087595874350709,0.1996601894603627,6,0.8126107032724816,0.0013161012937103,12,True,+,0.0540566550634617
ENSMUSG00000001687-P,Butachlor ESA,,,0,1.0,0.0,3,1.0,0.0,4,0.8333333333333333,0.0052656910291617,9,True,+,0.1809859324943322
ENSMUSG00000001687-P,L-Leucine,0.5,0.6666666666666666,3,1.0,0.0,3,0.6571428571428573,0.1561749271137024,6,0.7692307692307694,0.0034464502618274,12,True,+,0.1288426047067842
ENSMUSG00000001687-P,"l-Leucine, n-butoxycarbonyl-N-methyl-, hexadecyl ester",,,0,,,0,,,0,-1.0,0.0,4,True,-,0.0
ENSMUSG00000001687-P,L-Val-L-Leu,,,0,,,0,1.0,0.0,3,1.0,0.0,3,True,+,0.0
ENSMUSG00000001687-P,Octanoic acid,,,0,,,0,0.7999999999999999,0.2000000000000001,4,0.942857142857143,0.004804664723032,6,True,+,0.1679020985499759
ENSMUSG00000001687-P,Phytanic acid,0.8660254037844387,0.3333333333333332,3,0.5,0.6666666666666666,3,0.9710083124552245,0.0012485929031976,6,0.7697822283848319,0.0034088960930081,12,True,+,0.127827485583832
ENSMUSG00000001687-P,Tyr-Val,,,0,,,0,,,0,-1.0,0.0,3,True,-,0.0
ENSMUSG00000041438-P,"2,5-Dimethoxybenzonitrile",1.0,0.0,3,1.0,0.0,3,0.6,0.208,6,0.7972027972027973,0.0019003677255282,12,True,+,0.0758912141765791
ENSMUSG00000041438-P,"3,4-Dihydroxybenzaldehyde",-1.0,0.0,3,,,0,,,0,-1.0,0.0,3,True,-,0.0
ENSMUSG00000041438-P,L-(+)-Threose,,,0,,,0,1.0,0.0,3,1.0,0.0,3,True,+,0.0
ENSMUSG00000041438-P,"N-[(3,4,5-Trimethoxyphenyl)methylidene]hydroxylamine",,,0,,,0,1.0,0.0,3,1.0,0.0,3,True,+,0.0
ENSMUSG00000041438-P,"Naringenin 4',7-dimethylether",,,0,1.0,0.0,3,0.8720815992723809,0.0538542177275421,5,0.9700772721497396,6.548558831120661e-05,8,True,+,0.0029173899406702
ENSMUSG00000041438-P,Octadecanoic acid,,,0,,,0,,,0,-1.0,0.0,3,True,-,0.0
ENSMUSG00000041438-P,Sulindac,,,0,,,0,1.0,0.0,3,1.0,1.4042654220543602e-24,5,True,+,6.303055151107153e-23
ENSMUSG00000029790-P,"1,2-Bis(trimethylsiloxy)cyclohexene",,,0,,,0,,,0,1.0,0.0,3,True,+,0.0
ENSMUSG00000029790-P,2-Norbornanemethanol,,,0,,,0,,,0,1.0,0.0,3,True,+,0.0
ENSMUSG00000029790-P,cis-2-Decenoic acid,,,0,,,0,,,0,-1.0,0.0,3,True,-,0.0
ENSMUSG00000029790-P,Glabridin,,,0,,,0,,,0,1.0,0.0,4,True,+,0.0
ENSMUSG00000029790-P,Spiroxamine,,,0,,,0,0.8999999999999998,0.0373860734684987,5,0.8333333333333333,0.0052656910291617,9,True,+,0.1809859324943322
ENSMUSG00000029790-P,Stearic acid,-0.8660254037844387,0.3333333333333332,3,0.5,0.6666666666666666,3,-0.7999999999999999,0.2000000000000001,4,-0.8753839828992931,0.0009053258282579,10,True,-,0.0380218650364232
ENSMUSG00000029790-P,Tyr-Val,,,0,,,0,,,0,-1.0,0.0,3,True,-,0.0
ENSMUSG00000030703-P,"1,2-Cinnolinedicarboxylic acid, 1,2,3,5,6,7,8,8a-octahydro-4-trimethylsilyloxy-, diethyl ester",,,0,,,0,,,0,1.0,0.0,3,True,+,0.0
ENSMUSG00000030703-P,2-Aminoquinolin-8-ol,,,0,,,0,,,0,1.0,0.0,3,True,+,0.0
ENSMUSG00000030703-P,L-Val-L-Leu,,,0,,,0,-1.0,0.0,3,-1.0,0.0,3,True,-,0.0
ENSMUSG00000030703-P,Oleic Acid,1.0,0.0,3,,,0,,,0,1.0,0.0,3,True,+,0.0
ENSMUSG00000008140-P,"13-Docosenamide, (Z)",,,0,,,0,-1.0,0.0,3,-1.0,0.0,3,True,-,0.0
ENSMUSG00000008140-P,"2,4-Dimethoxybenzaldoxime",,,0,,,0,,,0,-1.0,0.0,3,True,-,0.0
ENSMUSG00000008140-P,"4,5-Dihydro-1H-pyrazole",,,0,,,0,,,0,-1.0,0.0,4,True,-,0.0
ENSMUSG00000008140-P,L-(+)-Threose,,,0,,,0,-1.0,0.0,3,-1.0,0.0,3,True,-,0.0
ENSMUSG00000008140-P,L-Val-L-Leu,,,0,,,0,-1.0,0.0,3,-1.0,0.0,3,True,-,0.0
ENSMUSG00000035011-P,2-Aminoquinolin-8-ol,,,0,,,0,,,0,1.0,0.0,3,True,+,0.0
ENSMUSG00000035011-P,"3,3-Dimethylacrylic acid",,,0,,,0,,,0,1.0,0.0,4,True,+,0.0
ENSMUSG00000035011-P,"4,5-Dihydro-1H-pyrazole",,,0,,,0,,,0,1.0,0.0,4,True,+,0.0
ENSMUSG00000035011-P,cis-2-Decenoic acid,,,0,,,0,,,0,-1.0,0.0,3,True,-,0.0
ENSMUSG00000035011-P,Glabridin,,,0,,,0,,,0,1.0,0.0,4,True,+,0.0
ENSMUSG00000001855-P,"13-Docosenamide, (Z)",,,0,,,0,-1.0,0.0,3,-1.0,0.0,3,True,-,0.0
ENSMUSG00000001855-P,"2,4-Imidazolidinedione, 5,5-dimethyl",0.5,0.6666666666666666,3,0.5,0.6666666666666666,3,0.8986451052612952,0.0148886220055803,6,0.7775843798555645,0.0029101723128612,12,True,+,0.1110190620867663
ENSMUSG00000001855-P,"4,5-Dihydro-1H-pyrazole",,,0,,,0,,,0,1.0,0.0,4,True,+,0.0
ENSMUSG00000001855-P,6-Methyluracil,0.5,0.6666666666666666,3,0.5,0.6666666666666666,3,0.8986451052612952,0.0148886220055803,6,0.8826633501063164,0.0001433968186023,12,True,+,0.0063383395977923
ENSMUSG00000001855-P,"Hymexazole, tert-butyldimethylsilyl ether",0.5,0.6666666666666666,3,0.5,0.6666666666666666,3,0.942857142857143,0.004804664723032,6,0.8601398601398602,0.0003316683391269,12,True,+,0.0144523008920071
ENSMUSG00000001855-P,L-(+)-Threose,,,0,,,0,-1.0,0.0,3,-1.0,0.0,3,True,-,0.0
ENSMUSG00000001855-P,L-Threonine,,,0,,,0,-1.0,0.0,4,-1.0,1.4042654220543602e-24,5,True,-,6.303055151107153e-23
ENSMUSG00000001855-P,Phenoxyethanol,-0.5,0.6666666666666666,3,0.5,0.6666666666666666,3,0.6667366910003157,0.1480897994403528,6,0.7565685858054141,0.0043984927612255,12,True,+,0.1591102973563808
ENSMUSG00000001855-P,Prostaglandin,,,0,0.5,0.6666666666666666,3,,,0,0.942857142857143,0.004804664723032,6,True,+,0.1679020985499759
ENSMUSG00000001855-P,Tyr-Val,,,0,,,0,,,0,-1.0,0.0,3,True,-,0.0
ENSMUSG00000028826-P,"13-Docosenamide, (Z)",,,0,,,0,1.0,0.0,3,1.0,0.0,3,True,+,0.0
ENSMUSG00000028826-P,2-Aminoquinolin-8-ol,,,0,,,0,,,0,1.0,0.0,3,True,+,0.0
ENSMUSG00000028826-P,2-Norbornanemethanol,,,0,,,0,,,0,-1.0,0.0,3,True,-,0.0
ENSMUSG00000028826-P,"3-Hydroxy-7,3',4',5'-tetramethoxyflavone",,,0,,,0,,,0,1.0,0.0,3,True,+,0.0
ENSMUSG00000028826-P,"4,5-Dihydro-1H-pyrazole",,,0,,,0,,,0,1.0,0.0,4,True,+,0.0
ENSMUSG00000028826-P,cis-2-Decenoic acid,,,0,,,0,,,0,-1.0,0.0,3,True,-,0.0
ENSMUSG00000028826-P,Glabridin,,,0,,,0,,,0,1.0,0.0,4,True,+,0.0
ENSMUSG00000028826-P,Isosorbide,1.0,0.0,3,,,0,,,0,1.0,0.0,3,True,+,0.0
ENSMUSG00000028826-P,L-Val-L-Leu,,,0,,,0,1.0,0.0,3,1.0,0.0,3,True,+,0.0
ENSMUSG00000028826-P,Methyl lactate,,,0,-0.5,0.6666666666666666,3,0.6571428571428573,0.1561749271137024,6,0.8000000000000002,0.0031104283103858,11,True,+,0.1176276726103183
ENSMUSG00000007892-P,"3-Hydroxy-7,3',4',5'-tetramethoxyflavone",,,0,,,0,,,0,1.0,0.0,3,True,+,0.0
ENSMUSG00000007892-P,"4,5-Dihydro-1H-pyrazole",,,0,,,0,,,0,1.0,0.0,4,True,+,0.0
ENSMUSG00000007892-P,Benzoic Acid,0.8660254037844387,0.3333333333333332,3,1.0,0.0,3,0.8804062740424288,0.0205987347749203,6,0.9347806145306724,8.32399344113102e-06,12,True,+,0.0003731420702831
ENSMUSG00000007892-P,Octadecanoic acid,,,0,,,0,,,0,-1.0,0.0,3,True,-,0.0
ENSMUSG00000007892-P,Synephrine,-0.5,0.6666666666666666,3,0.8660254037844387,0.3333333333333332,3,0.1159542071304896,0.8268482133858149,6,0.7578994022883041,0.0042900269474019,12,True,+,0.1555907360510593
ENSMUSG00000036499-P,"2,4-Dimethoxybenzaldoxime",,,0,,,0,,,0,1.0,0.0,3,True,+,0.0
ENSMUSG00000036499-P,"3-Hydroxy-7,3',4',5'-tetramethoxyflavone",,,0,,,0,,,0,1.0,0.0,3,True,+,0.0
ENSMUSG00000036499-P,6-Nitroveratryl alcohol,,,0,,,0,1.0,0.0,3,1.0,1.4042654220543602e-24,5,True,+,6.303055151107153e-23
ENSMUSG00000036499-P,7-Hydroxy-4-(methoxymethyl)coumarin,,,0,,,0,1.0,0.0,3,1.0,0.0,4,True,+,0.0
ENSMUSG00000036499-P,cis-2-Decenoic acid,,,0,,,0,,,0,-1.0,0.0,3,True,-,0.0
ENSMUSG00000036499-P,Isosorbide,1.0,0.0,3,,,0,,,0,1.0,0.0,3,True,+,0.0
ENSMUSG00000000305-P,"13-Docosenamide, (Z)",,,0,,,0,-1.0,0.0,3,-1.0,0.0,3,True,-,0.0
ENSMUSG00000000305-P,"6-Methoxy-1-methyl-1,2,3,4-tetrahydroisoquinolin-7-ol ",,,0,,,0,-0.7999999999999999,0.2000000000000001,4,-0.9642857142857144,0.0004541491691941,7,True,-,0.0196011697980853
ENSMUSG00000000305-P,cis-2-Decenoic acid,,,0,,,0,,,0,1.0,0.0,3,True,+,0.0
ENSMUSG00000000305-P,Isosorbide,-1.0,0.0,3,,,0,,,0,-1.0,0.0,3,True,-,0.0
ENSMUSG00000000305-P,Trimethylolpropane,,,0,,,0,-0.9746794344808964,0.0048182304681985,5,-0.9700772721497396,6.548558831120661e-05,8,True,-,0.0029173899406702
ENSMUSG00000000305-P,Tyr-Val,,,0,,,0,,,0,1.0,0.0,3,True,+,0.0
ENSMUSG00000026341-P,"2,3-Dihydroxybutanoic acid",,,0,0.0,1.0,3,1.0,0.0,4,0.8703005051059519,0.0022737783952579,9,True,+,0.0893181533944699
ENSMUSG00000026341-P,2-Aminoquinolin-8-ol,,,0,,,0,,,0,1.0,0.0,3,True,+,0.0
ENSMUSG00000026341-P,"2-Butenoic acid, 3-[(tert-butyldimethylsilyl)oxy]",-0.8660254037844387,0.3333333333333332,3,0.5,0.6666666666666666,3,0.8285714285714287,0.0415626822157433,6,0.7635738504887974,0.0038500936565595,12,True,+,0.1414605165627303
ENSMUSG00000026341-P,2-Pyrrolidone-5-carboxylic acid,-0.5,0.6666666666666666,3,0.8660254037844387,0.3333333333333332,3,0.7714285714285715,0.0723965014577259,6,0.8161133356141735,0.0012051543656321,12,True,+,0.0495874267733696
ENSMUSG00000026341-P,3-(4-Methoxyphenyl)coumarin,,,0,,,0,1.0,0.0,3,1.0,0.0,4,True,+,0.0
ENSMUSG00000026341-P,"3,4-Dihydroxybenzaldehyde",-1.0,0.0,3,,,0,,,0,-1.0,0.0,3,True,-,0.0
ENSMUSG00000026341-P,Acetic acid,0.8660254037844387,0.3333333333333332,3,,,3,0.9258200997725516,0.0080498931008376,6,0.7794828371831279,0.0027977138993796,12,True,+,0.1069828591025574
ENSMUSG00000026341-P,cis-2-Decenoic acid,,,0,,,0,,,0,-1.0,0.0,3,True,-,0.0
ENSMUSG00000026341-P,Cyclobutylamine,1.0,0.0,3,1.0,0.0,3,0.5797710356524484,0.227783956715016,6,0.7915949092223313,0.0021561039619187,12,True,+,0.0851117252603992
ENSMUSG00000026341-P,L-Ornithine,,,0,,,0,,,0,1.0,0.0,4,True,+,0.0
ENSMUSG00000026341-P,"N-[(3,4,5-Trimethoxyphenyl)methylidene]hydroxylamine",,,0,,,0,-1.0,0.0,3,-1.0,0.0,3,True,-,0.0
ENSMUSG00000026341-P,N-Acetylaminoethanol,0.0,1.0,3,0.8660254037844387,0.3333333333333332,3,0.7826908981308054,0.065703848071589,6,0.8225070385481765,0.0010213240092885,12,True,+,0.0425599199243596
ENSMUSG00000026341-P,Octadecanoic acid,,,0,,,0,,,0,-1.0,0.0,3,True,-,0.0
ENSMUSG00000026341-P,Picolinic acid,-0.8660254037844387,0.3333333333333332,3,0.8660254037844387,0.3333333333333332,3,0.9710083124552245,0.0012485929031976,6,0.8310065219407186,0.0008113159245983,12,True,+,0.0342595693786517
ENSMUSG00000042010-P,"13-Docosenamide, (Z)",,,0,,,0,-1.0,0.0,3,-1.0,0.0,3,True,-,0.0
ENSMUSG00000042010-P,"2,4-Dimethoxybenzaldoxime",,,0,,,0,,,0,-1.0,0.0,3,True,-,0.0
ENSMUSG00000042010-P,3-(4-Methoxyphenyl)coumarin,,,0,,,0,1.0,0.0,3,1.0,0.0,4,True,+,0.0
ENSMUSG00000042010-P,"3,4-Dihydroxybenzaldehyde",-1.0,0.0,3,,,0,,,0,-1.0,0.0,3,True,-,0.0
ENSMUSG00000042010-P,Azelaic acid,-0.5,0.6666666666666666,3,-0.5,0.6666666666666666,3,-0.8986451052612952,0.0148886220055803,6,-0.833626497322632,0.0007538511759524,12,True,-,0.0320141594925801
ENSMUSG00000042010-P,L-(+)-Threose,,,0,,,0,-1.0,0.0,3,-1.0,0.0,3,True,-,0.0
ENSMUSG00000042010-P,Sarcosine,,,0,,,0,,,0,0.942857142857143,0.004804664723032,6,True,+,0.1679020985499759
ENSMUSG00000042010-P,Tyr-Val,,,0,,,0,,,0,1.0,0.0,3,True,+,0.0
ENSMUSG00000021431-P,"(2,5-Dimethoxyphenyl)acetone",1.0,0.0,3,1.0,0.0,3,0.6571428571428573,0.1561749271137024,6,0.7482517482517484,0.005124081698753,12,True,+,0.176962914072306
ENSMUSG00000021431-P,"1,2-Cinnolinedicarboxylic acid, 1,2,3,5,6,7,8,8a-octahydro-4-trimethylsilyloxy-, diethyl ester",,,0,,,0,,,0,-1.0,0.0,3,True,-,0.0
ENSMUSG00000021431-P,"2,4-Dimethoxybenzaldoxime",,,0,,,0,,,0,1.0,0.0,3,True,+,0.0
ENSMUSG00000021431-P,"3,4-Dihydroxybenzaldehyde",-1.0,0.0,3,,,0,,,0,-1.0,0.0,3,True,-,0.0
ENSMUSG00000021431-P,"3-Hydroxy-7,3',4',5'-tetramethoxyflavone",,,0,,,0,,,0,1.0,0.0,3,True,+,0.0
ENSMUSG00000021431-P,Glabridin,,,0,,,0,,,0,1.0,0.0,4,True,+,0.0
ENSMUSG00000042729-P,"1,2-Bis(trimethylsiloxy)cyclohexene",,,0,,,0,,,0,-1.0,0.0,3,True,-,0.0
ENSMUSG00000042729-P,"1,2-Cinnolinedicarboxylic acid, 1,2,3,5,6,7,8,8a-octahydro-4-trimethylsilyloxy-, diethyl ester",,,0,,,0,,,0,-1.0,0.0,3,True,-,0.0
ENSMUSG00000042729-P,"2,4-Dimethoxybenzaldoxime",,,0,,,0,,,0,1.0,0.0,3,True,+,0.0
ENSMUSG00000042729-P,2-Buten-1-ol,,,0,,,0,,,0,-0.942857142857143,0.004804664723032,6,True,-,0.1679020985499759
ENSMUSG00000042729-P,2-Norbornanemethanol,,,0,,,0,,,0,-1.0,0.0,3,True,-,0.0
ENSMUSG00000042729-P,4-tert-Butyldimethylsiloxy-3-penten-2-one,,,0,,,0,1.0,0.0,4,1.0,0.0,4,True,+,0.0
ENSMUSG00000042729-P,L-Val-L-Leu,,,0,,,0,1.0,0.0,3,1.0,0.0,3,True,+,0.0
ENSMUSG00000042729-P,"N-[(3,4,5-Trimethoxyphenyl)methylidene]hydroxylamine",,,0,,,0,1.0,0.0,3,1.0,0.0,3,True,+,0.0
ENSMUSG00000042729-P,Octacosanol,,,0,,,0,-0.7999999999999999,0.2000000000000001,4,-0.9285714285714288,0.0025194724037946,7,True,-,0.097376722909516
ENSMUSG00000047264-P,"13-Docosenamide, (Z)",,,0,,,0,-1.0,0.0,3,-1.0,0.0,3,True,-,0.0
ENSMUSG00000047264-P,"3-Hydroxy-7,3',4',5'-tetramethoxyflavone",,,0,,,0,,,0,-1.0,0.0,3,True,-,0.0
ENSMUSG00000047264-P,Azelaic acid,-0.5,0.6666666666666666,3,-0.5,0.6666666666666666,3,-0.9856107606091624,0.0003090856678496,6,-0.8546422913727825,0.0003983075651366,12,True,-,0.01730195065689
ENSMUSG00000047264-P,Isosorbide,-1.0,0.0,3,,,0,,,0,-1.0,0.0,3,True,-,0.0
ENSMUSG00000047264-P,L-(+)-Threose,,,0,,,0,-1.0,0.0,3,-1.0,0.0,3,True,-,0.0
ENSMUSG00000047264-P,Tyr-Val,,,0,,,0,,,0,1.0,0.0,3,True,+,0.0
ENSMUSG00000036478-P,"1,2-Cinnolinedicarboxylic acid, 1,2,3,5,6,7,8,8a-octahydro-4-trimethylsilyloxy-, diethyl ester",,,0,,,0,,,0,1.0,0.0,3,True,+,0.0
ENSMUSG00000036478-P,"13-Docosenamide, (Z)",,,0,,,0,1.0,0.0,3,1.0,0.0,3,True,+,0.0
ENSMUSG00000036478-P,"2-Butenoic acid, 3-[(tert-butyldimethylsilyl)oxy]",0.8660254037844387,0.3333333333333332,3,0.5,0.6666666666666666,3,0.7714285714285715,0.0723965014577259,6,0.8231186002975568,0.0010049467838746,12,True,+,0.0418858130905164
ENSMUSG00000036478-P,"6-Methoxy-1-methyl-1,2,3,4-tetrahydroisoquinolin-7-ol ",,,0,,,0,0.7999999999999999,0.2000000000000001,4,0.9285714285714288,0.0025194724037946,7,True,+,0.097376722909516
ENSMUSG00000036478-P,7-Hydroxy-4-(methoxymethyl)coumarin,,,0,,,0,1.0,0.0,3,1.0,0.0,4,True,+,0.0
ENSMUSG00000036478-P,cis-2-Decenoic acid,,,0,,,0,,,0,-1.0,0.0,3,True,-,0.0
ENSMUSG00000036478-P,"Erythrono-1,4-lactone",-0.5,0.6666666666666666,3,-0.5,0.6666666666666666,3,0.942857142857143,0.004804664723032,6,0.7552447552447553,0.0045084354842942,12,True,+,0.1619683642032021
ENSMUSG00000036478-P,L-Val-L-Leu,,,0,,,0,1.0,0.0,3,1.0,0.0,3,True,+,0.0
ENSMUSG00000036478-P,Tyr-Val,,,0,,,0,,,0,-1.0,0.0,3,True,-,0.0
ENSMUSG00000032238-P,"13-Docosenamide, (Z)",,,0,,,0,1.0,0.0,3,1.0,0.0,3,True,+,0.0
ENSMUSG00000032238-P,"2,4-Dimethoxybenzaldoxime",,,0,,,0,,,0,1.0,0.0,3,True,+,0.0
ENSMUSG00000032238-P,2-Furoic acid,-1.0,0.0,3,-1.0,0.0,3,-0.7999999999999999,0.2000000000000001,4,-0.8545454545454544,0.0016368033159867,10,True,-,0.0661368564769408
ENSMUSG00000032238-P,Azelaic acid,1.0,0.0,3,-1.0,0.0,3,0.8696565534786727,0.0243768916856907,6,0.8406317620060156,0.0006155686440654,12,True,+,0.0262751608766138
ENSMUSG00000039323-P,"1,2-Bis(trimethylsiloxy)cyclohexene",,,0,,,0,,,0,-1.0,0.0,3,True,-,0.0
ENSMUSG00000039323-P,"13-Docosenamide, (Z)",,,0,,,0,-1.0,0.0,3,-1.0,0.0,3,True,-,0.0
ENSMUSG00000039323-P,"2,4-Dimethoxybenzaldoxime",,,0,,,0,,,0,-1.0,0.0,3,True,-,0.0
ENSMUSG00000039323-P,3-(4-Methoxyphenyl)coumarin,,,0,,,0,1.0,0.0,3,1.0,0.0,4,True,+,0.0
ENSMUSG00000039323-P,"3,4-Dihydroxybenzaldehyde",-1.0,0.0,3,,,0,,,0,-1.0,0.0,3,True,-,0.0
ENSMUSG00000039323-P,Azelaic acid,-0.5,0.6666666666666666,3,-1.0,0.0,3,-0.9856107606091624,0.0003090856678496,6,-0.8826633501063164,0.0001433968186023,12,True,-,0.0063383395977923
ENSMUSG00000039323-P,L-(+)-Threose,,,0,,,0,-1.0,0.0,3,-1.0,0.0,3,True,-,0.0
ENSMUSG00000039323-P,Sarcosine,,,0,,,0,,,0,0.942857142857143,0.004804664723032,6,True,+,0.1679020985499759
ENSMUSG00000039323-P,Tyr-Val,,,0,,,0,,,0,1.0,0.0,3,True,+,0.0
ENSMUSG00000030979-P,"13-Docosenamide, (Z)",,,0,,,0,1.0,0.0,3,1.0,0.0,3,True,+,0.0
ENSMUSG00000030979-P,2-Aminoquinolin-8-ol,,,0,,,0,,,0,1.0,0.0,3,True,+,0.0
ENSMUSG00000030979-P,"2-Cyclohexen-1-one, 3-methyl-",0.5,0.6666666666666666,3,0.5,0.6666666666666666,3,0.6,0.208,6,0.7832167832167832,0.0025862148333625,12,True,+,0.099459548551953
ENSMUSG00000030979-P,"3-(4,7-Dimethoxy-2H-1,3-benzodioxol-5-yl)-2-methylprop-2-enal",-0.5,0.6666666666666666,3,1.0,0.0,3,0.8857142857142858,0.0188454810495626,6,0.7832167832167832,0.0025862148333625,12,True,+,0.099459548551953
ENSMUSG00000030979-P,3-(4-Methoxyphenyl)coumarin,,,0,,,0,-1.0,0.0,3,-1.0,0.0,4,True,-,0.0
ENSMUSG00000030979-P,"3,4-Dihydroxybenzaldehyde",1.0,0.0,3,,,0,,,0,1.0,0.0,3,True,+,0.0
ENSMUSG00000030979-P,8-Methylnonanoic acid,1.0,0.0,3,0.5,0.6666666666666666,3,0.5797710356524484,0.227783956715016,6,0.8161133356141735,0.0012051543656321,12,True,+,0.0495874267733696
ENSMUSG00000030979-P,Aceturic acid,-0.5,0.6666666666666666,3,,,0,0.8857142857142858,0.0188454810495626,6,0.8272727272727273,0.0016769738964523,11,True,+,0.0675770348938753
ENSMUSG00000030979-P,Butanedioic acid,1.0,0.0,3,0.5,0.6666666666666666,3,0.8285714285714287,0.0415626822157433,6,0.8391608391608393,0.0006428259886278,12,True,+,0.0273938531641632
ENSMUSG00000030979-P,cis-2-Decenoic acid,,,0,,,0,,,0,-1.0,0.0,3,True,-,0.0
ENSMUSG00000030979-P,Cyclooctylamine,-1.0,0.0,3,1.0,0.0,3,0.7714285714285715,0.0723965014577259,6,0.7622377622377624,0.0039504489725426,12,True,+,0.1444028705953552
ENSMUSG00000030979-P,Diethylamine,-1.0,0.0,3,0.5,0.6666666666666666,3,0.8116794499134279,0.0498575851013403,6,0.7635738504887974,0.0038500936565595,12,True,+,0.1414605165627303
ENSMUSG00000030979-P,Hydracrylic acid,0.5,0.6666666666666666,3,0.5,0.6666666666666666,3,0.7714285714285715,0.0723965014577259,6,0.7832167832167832,0.0025862148333625,12,True,+,0.099459548551953
ENSMUSG00000030979-P,L-(+)-Threose,,,0,,,0,1.0,0.0,3,1.0,0.0,3,True,+,0.0
ENSMUSG00000030979-P,L-Valine,1.0,0.0,3,0.5,0.6666666666666666,3,0.7714285714285715,0.0723965014577259,6,0.7622377622377624,0.0039504489725426,12,True,+,0.1444028705953552
ENSMUSG00000030979-P,L-Val-L-Leu,,,0,,,0,1.0,0.0,3,1.0,0.0,3,True,+,0.0
ENSMUSG00000030979-P,Myristic acid,0.5,0.6666666666666666,3,-0.5,0.6666666666666666,3,0.7356123579206245,0.0956107807382797,6,0.7473730217009665,0.0052057080300486,12,True,+,0.1794408552811292
ENSMUSG00000030979-P,N-Acetylaminoethanol,0.0,1.0,3,0.8660254037844387,0.3333333333333332,3,0.6377481392176932,0.1730711102412598,6,0.748692304319494,0.0050835231769581,12,True,+,0.176319942329619
ENSMUSG00000030979-P,N-Acetyl-L-alanine,0.5,0.6666666666666666,3,1.0,0.0,3,0.8285714285714287,0.0415626822157433,6,0.8321678321678322,0.0007854416778536,12,True,+,0.0332610831314817
ENSMUSG00000030979-P,"Naringenin 4',7-dimethylether",,,0,1.0,0.0,3,0.8720815992723809,0.0538542177275421,5,0.8982196964349441,0.0024387967963823,8,True,+,0.0951385740545402
ENSMUSG00000030979-P,Suberic acid,,,0,0.5,0.6666666666666666,3,0.6571428571428573,0.1561749271137024,6,0.8000000000000002,0.0031104283103858,11,True,+,0.1176276726103183
ENSMUSG00000030979-P,Tyr-Val,,,0,,,0,,,0,-1.0,0.0,3,True,-,0.0
ENSMUSG00000020608-P,"13-Docosenamide, (Z)",,,0,,,0,1.0,0.0,3,1.0,0.0,3,True,+,0.0
ENSMUSG00000020608-P,2-Aminoquinolin-8-ol,,,0,,,0,,,0,1.0,0.0,3,True,+,0.0
ENSMUSG00000020608-P,"4,5-Dihydro-1H-pyrazole",,,0,,,0,,,0,1.0,0.0,4,True,+,0.0
ENSMUSG00000020608-P,7-Hydroxy-4-(methoxymethyl)coumarin,,,0,,,0,1.0,0.0,3,1.0,0.0,4,True,+,0.0
ENSMUSG00000020608-P,cis-2-Decenoic acid,,,0,,,0,,,0,-1.0,0.0,3,True,-,0.0
ENSMUSG00000055150-P,"3,4-Dihydroxybenzaldehyde",1.0,0.0,3,,,0,,,0,1.0,0.0,3,True,+,0.0
ENSMUSG00000055150-P,L-(+)-Threose,,,0,,,0,-1.0,0.0,3,-1.0,0.0,3,True,-,0.0
ENSMUSG00000055150-P,L-Val-L-Leu,,,0,,,0,-1.0,0.0,3,-1.0,0.0,3,True,-,0.0
ENSMUSG00000055150-P,Prostaglandin,,,0,1.0,0.0,3,,,0,0.9856107606091624,0.0003090856678496,6,True,+,0.0135133625110892
ENSMUSG00000055150-P,Tyr-Val,,,0,,,0,,,0,-1.0,0.0,3,True,-,0.0
ENSMUSG00000022941-P,2-Norbornanemethanol,,,0,,,0,,,0,1.0,0.0,3,True,+,0.0
ENSMUSG00000022941-P,"N-[(3,4,5-Trimethoxyphenyl)methylidene]hydroxylamine",,,0,,,0,-1.0,0.0,3,-1.0,0.0,3,True,-,0.0
ENSMUSG00000022941-P,Salsoline,-0.8660254037844387,0.3333333333333332,3,-1.0,0.0,3,-0.632455532033676,0.367544467966324,4,-0.8254031273145536,0.003274207485618,10,True,-,0.1232635877558603
ENSMUSG00000022941-P,Tyr-Val,,,0,,,0,,,0,-1.0,0.0,3,True,-,0.0
ENSMUSG00000021244-P,"1,2-Bis(trimethylsiloxy)cyclohexene",,,0,,,0,,,0,1.0,0.0,3,True,+,0.0
ENSMUSG00000021244-P,"2,4-Dimethoxybenzaldoxime",,,0,,,0,,,0,1.0,0.0,3,True,+,0.0
ENSMUSG00000021244-P,2-Aminoquinolin-8-ol,,,0,,,0,,,0,1.0,0.0,3,True,+,0.0
ENSMUSG00000021244-P,"3-Hydroxy-7,3',4',5'-tetramethoxyflavone",,,0,,,0,,,0,1.0,0.0,3,True,+,0.0
ENSMUSG00000021244-P,7-Hydroxy-4-(methoxymethyl)coumarin,,,0,,,0,1.0,0.0,3,1.0,0.0,4,True,+,0.0
ENSMUSG00000021244-P,cis-2-Decenoic acid,,,0,,,0,,,0,-1.0,0.0,3,True,-,0.0
ENSMUSG00000021244-P,Isosorbide,1.0,0.0,3,,,0,,,0,1.0,0.0,3,True,+,0.0
ENSMUSG00000022463-P,"2,4-Dimethoxybenzaldoxime",,,0,,,0,,,0,-1.0,0.0,3,True,-,0.0
ENSMUSG00000022463-P,"3,4-Dihydroxybenzaldehyde",1.0,0.0,3,,,0,,,0,1.0,0.0,3,True,+,0.0
ENSMUSG00000022463-P,"N-[(3,4,5-Trimethoxyphenyl)methylidene]hydroxylamine",,,0,,,0,1.0,0.0,3,1.0,0.0,3,True,+,0.0
ENSMUSG00000023030-P,"1,2-Bis(trimethylsiloxy)cyclohexene",,,0,,,0,,,0,1.0,0.0,3,True,+,0.0
ENSMUSG00000023030-P,2-Aminoquinolin-8-ol,,,0,,,0,,,0,1.0,0.0,3,True,+,0.0
ENSMUSG00000023030-P,"Benzene, 1-ethyl-3,5-dimethyl",,,0,,,0,,,0,-1.0,0.0,4,True,-,0.0
ENSMUSG00000023030-P,cis-2-Decenoic acid,,,0,,,0,,,0,-1.0,0.0,3,True,-,0.0
ENSMUSG00000023030-P,Isosorbide,1.0,0.0,3,,,0,,,0,1.0,0.0,3,True,+,0.0
ENSMUSG00000023030-P,"l-Leucine, n-butoxycarbonyl-N-methyl-, hexadecyl ester",,,0,,,0,,,0,-1.0,0.0,4,True,-,0.0
ENSMUSG00000026784-P,"1,2-Bis(trimethylsiloxy)cyclohexene",,,0,,,0,,,0,1.0,0.0,3,True,+,0.0
ENSMUSG00000026784-P,"3,3-Dimethylacrylic acid",,,0,,,0,,,0,1.0,0.0,4,True,+,0.0
ENSMUSG00000026784-P,L-(+)-Threose,,,0,,,0,-1.0,0.0,3,-1.0,0.0,3,True,-,0.0
ENSMUSG00000026784-P,Oleic Acid,1.0,0.0,3,,,0,,,0,1.0,0.0,3,True,+,0.0
ENSMUSG00000031027-P,"13-Docosenamide, (Z)",,,0,,,0,1.0,0.0,3,1.0,0.0,3,True,+,0.0
ENSMUSG00000031027-P,1-Octadecanol,,,0,,,0,0.8999999999999998,0.0373860734684987,5,0.9047619047619048,0.0020082755054294,8,True,+,0.0796373285451544
ENSMUSG00000031027-P,"2,4-Dimethoxybenzaldoxime",,,0,,,0,,,0,1.0,0.0,3,True,+,0.0
ENSMUSG00000031027-P,2-Norbornanemethanol,,,0,,,0,,,0,-1.0,0.0,3,True,-,0.0
ENSMUSG00000031027-P,"3,4-Dihydroxybenzaldehyde",-1.0,0.0,3,,,0,,,0,-1.0,0.0,3,True,-,0.0
ENSMUSG00000031027-P,cis-2-Decenoic acid,,,0,,,0,,,0,-1.0,0.0,3,True,-,0.0
ENSMUSG00000031027-P,L-Val-L-Leu,,,0,,,0,1.0,0.0,3,1.0,0.0,3,True,+,0.0
ENSMUSG00000031027-P,Tyr-Val,,,0,,,0,,,0,1.0,0.0,3,True,+,0.0
ENSMUSG00000036641-P,2-Aminoquinolin-8-ol,,,0,,,0,,,0,1.0,0.0,3,True,+,0.0
ENSMUSG00000036641-P,"3,3-Dimethylacrylic acid",,,0,,,0,,,0,1.0,0.0,4,True,+,0.0
ENSMUSG00000036641-P,"3-Hydroxy-7,3',4',5'-tetramethoxyflavone",,,0,,,0,,,0,1.0,0.0,3,True,+,0.0
ENSMUSG00000036641-P,3-Methyl-3-buten-1-ol,,,0,,,0,1.0,0.0,4,0.8742671711966791,0.004512385603651,8,True,+,0.1619683642032021
ENSMUSG00000036641-P,"4,5-Dihydro-1H-pyrazole",,,0,,,0,,,0,1.0,0.0,4,True,+,0.0
ENSMUSG00000036641-P,cis-2-Decenoic acid,,,0,,,0,,,0,-1.0,0.0,3,True,-,0.0
ENSMUSG00000036641-P,Glabridin,,,0,,,0,,,0,1.0,0.0,4,True,+,0.0
ENSMUSG00000036641-P,Isosorbide,1.0,0.0,3,,,0,,,0,1.0,0.0,3,True,+,0.0
ENSMUSG00000036641-P,L-(+)-Threose,,,0,,,0,1.0,0.0,3,1.0,0.0,3,True,+,0.0
ENSMUSG00000027690-P,2-Methyl-3-pentanol,,,0,,,0,1.0,1.4042654220543602e-24,5,0.9642857142857144,0.0004541491691941,7,True,+,0.0196011697980853
ENSMUSG00000027690-P,"6-Methoxy-1-methyl-1,2,3,4-tetrahydroisoquinolin-7-ol ",,,0,,,0,0.7999999999999999,0.2000000000000001,4,0.9285714285714288,0.0025194724037946,7,True,+,0.097376722909516
ENSMUSG00000027690-P,"Cyclohexanone, 3,3,5-trimethyl",0.0,1.0,3,1.0,0.0,3,1.0,1.4042654220543602e-24,5,0.7890240316738917,0.0038890785130696,11,True,+,0.14278405632064
ENSMUSG00000027690-P,L-Val-L-Leu,,,0,,,0,1.0,0.0,3,1.0,0.0,3,True,+,0.0
ENSMUSG00000027690-P,Sulindac,,,0,,,0,1.0,0.0,3,1.0,1.4042654220543602e-24,5,True,+,6.303055151107153e-23
ENSMUSG00000027690-P,tert-butyl(dimethyl)silyl-2-([tert-butyl(dimethyl)silyl]oxy)hex-2-enoate,,,0,,,0,1.0,0.0,4,1.0,0.0,4,True,+,0.0
ENSMUSG00000027690-P,Trimethylolpropane,,,0,,,0,0.7181848464596079,0.1717953049079889,5,0.8622909085775464,0.005872990672297,8,True,+,0.1975056608835884
ENSMUSG00000027690-P,Tyr-Val,,,0,,,0,,,0,-1.0,0.0,3,True,-,0.0
ENSMUSG00000072772-P,"1,2-Bis(trimethylsiloxy)cyclohexene",,,0,,,0,,,0,1.0,0.0,3,True,+,0.0
ENSMUSG00000072772-P,"13-Docosenamide, (Z)",,,0,,,0,-1.0,0.0,3,-1.0,0.0,3,True,-,0.0
ENSMUSG00000072772-P,2-Norbornanemethanol,,,0,,,0,,,0,1.0,0.0,3,True,+,0.0
ENSMUSG00000072772-P,Ethanolamine,1.0,0.0,3,0.0,1.0,3,0.6377481392176932,0.1730711102412598,6,0.8807071758072423,0.0001552245397565,12,True,+,0.0068596902150429
ENSMUSG00000072772-P,Octanoic acid,,,0,,,0,0.7999999999999999,0.2000000000000001,4,0.942857142857143,0.004804664723032,6,True,+,0.1679020985499759
ENSMUSG00000072772-P,Sarcosine,,,0,,,0,,,0,-0.942857142857143,0.004804664723032,6,True,-,0.1679020985499759
ENSMUSG00000072772-P,Tyr-Val,,,0,,,0,,,0,-1.0,0.0,3,True,-,0.0
ENSMUSG00000033487-P,"1,2-Bis(trimethylsiloxy)cyclohexene",,,0,,,0,,,0,1.0,0.0,3,True,+,0.0
ENSMUSG00000033487-P,"13-Docosenamide, (Z)",,,0,,,0,1.0,0.0,3,1.0,0.0,3,True,+,0.0
ENSMUSG00000033487-P,"2,4-Dimethoxybenzaldoxime",,,0,,,0,,,0,1.0,0.0,3,True,+,0.0
ENSMUSG00000033487-P,"3-Hydroxy-7,3',4',5'-tetramethoxyflavone",,,0,,,0,,,0,1.0,0.0,3,True,+,0.0
ENSMUSG00000033487-P,Allylescaline,0.5,0.6666666666666666,3,1.0,0.0,3,0.8827348295047495,0.019820416588882,6,0.8315840663996671,0.0007983671028551,12,True,+,0.0337673729697458
ENSMUSG00000033487-P,Azelaic acid,0.5,0.6666666666666666,3,-0.5,0.6666666666666666,3,0.8696565534786727,0.0243768916856907,6,0.7495633211220306,0.0050040491837882,12,True,+,0.1736498981001007
ENSMUSG00000033487-P,cis-2-Decenoic acid,,,0,,,0,,,0,-1.0,0.0,3,True,-,0.0
ENSMUSG00000033487-P,Isosorbide,1.0,0.0,3,,,0,,,0,1.0,0.0,3,True,+,0.0
ENSMUSG00000029550-P,"1-(2,5-Dimethoxyphenyl)-1-[(trimethylsilyl)oxy]propan-2-amine",1.0,0.0,3,0.5,0.6666666666666666,3,0.8986451052612952,0.0148886220055803,6,0.847637026689399,0.000497797379436,12,True,+,0.0214320594393896
ENSMUSG00000029550-P,"1-Pentene, 1,3-diphenyl-1-(trimethylsilyloxy)-",,,0,,,0,,,0,1.0,0.0,4,True,+,0.0
ENSMUSG00000029550-P,2-Ethyl-1-butanol,,,0,,,0,1.0,0.0,3,1.0,1.4042654220543602e-24,5,True,+,6.303055151107153e-23
ENSMUSG00000029550-P,L-(+)-Threose,,,0,,,0,-1.0,0.0,3,-1.0,0.0,3,True,-,0.0
ENSMUSG00000029550-P,Nonanoic acid,1.0,0.0,3,1.0,0.0,3,0.8207826816681233,0.0885870053135438,5,0.8018244037376412,0.0029932000045451,11,True,+,0.1136263097655619
ENSMUSG00000096971-P,"13-Docosenamide, (Z)",,,0,,,0,1.0,0.0,3,1.0,0.0,3,True,+,0.0
ENSMUSG00000096971-P,"1-Octanol, 2-butyl-",1.0,0.0,3,-0.5,0.6666666666666666,3,0.4413674147523747,0.3809392104771887,6,0.7578994022883041,0.0042900269474019,12,True,+,0.1555907360510593
ENSMUSG00000096971-P,"2,4-Dimethoxybenzaldoxime",,,0,,,0,,,0,1.0,0.0,3,True,+,0.0
ENSMUSG00000096971-P,"3,4-Dihydroxybenzaldehyde",-1.0,0.0,3,,,0,,,0,-1.0,0.0,3,True,-,0.0
ENSMUSG00000096971-P,"3-Hydroxy-7,3',4',5'-tetramethoxyflavone",,,0,,,0,,,0,1.0,0.0,3,True,+,0.0
ENSMUSG00000096971-P,L-(+)-Threose,,,0,,,0,1.0,0.0,3,1.0,0.0,3,True,+,0.0
ENSMUSG00000096971-P,L-Ornithine,,,0,,,0,,,0,1.0,0.0,4,True,+,0.0
ENSMUSG00000096971-P,N-Methylacetamide,-0.5,0.6666666666666666,3,0.8660254037844387,0.3333333333333332,3,0.753702346348183,0.0835232813732598,6,0.8280752728705546,0.0008795578699918,12,True,+,0.0369596615729477
ENSMUSG00000096971-P,Octadecanoic acid,,,0,,,0,,,0,-1.0,0.0,3,True,-,0.0
ENSMUSG00000037664-P,"13-Docosenamide, (Z)",,,0,,,0,1.0,0.0,3,1.0,0.0,3,True,+,0.0
ENSMUSG00000037664-P,2-Aminoquinolin-8-ol,,,0,,,0,,,0,1.0,0.0,3,True,+,0.0
ENSMUSG00000037664-P,"3-Hydroxy-7,3',4',5'-tetramethoxyflavone",,,0,,,0,,,0,1.0,0.0,3,True,+,0.0
ENSMUSG00000037664-P,3-Methyl-3-buten-1-ol,,,0,,,0,0.7999999999999999,0.2000000000000001,4,0.8622909085775464,0.005872990672297,8,True,+,0.1975056608835884
ENSMUSG00000037664-P,"6-Methoxy-1-methyl-1,2,3,4-tetrahydroisoquinolin-7-ol ",,,0,,,0,0.7999999999999999,0.2000000000000001,4,0.9285714285714288,0.0025194724037946,7,True,+,0.097376722909516
ENSMUSG00000037664-P,cis-2-Decenoic acid,,,0,,,0,,,0,-1.0,0.0,3,True,-,0.0
ENSMUSG00000037664-P,Isopropylamine,0.5,0.6666666666666666,3,1.0,0.0,3,0.2571428571428572,0.6227871720116619,6,0.7412587412587414,0.0058011504744782,12,True,+,0.1955303081363889
ENSMUSG00000037664-P,Isosorbide,1.0,0.0,3,,,0,,,0,1.0,0.0,3,True,+,0.0
ENSMUSG00000037664-P,L-(+)-Threose,,,0,,,0,1.0,0.0,3,1.0,0.0,3,True,+,0.0
ENSMUSG00000106718-P,"5-Chlorovaleric acid, nonyl ester",-0.8660254037844387,0.3333333333333332,3,-1.0,0.0,3,-0.6,0.208,6,-0.833626497322632,0.0007538511759524,12,True,-,0.0320141594925801
ENSMUSG00000106718-P,cis-2-Decenoic acid,,,0,,,0,,,0,-1.0,0.0,3,True,-,0.0
ENSMUSG00000106718-P,Formamide,-0.5,0.6666666666666666,3,-1.0,0.0,3,-0.9856107606091624,0.0003090856678496,6,-0.7915949092223313,0.0021561039619187,12,True,-,0.0851117252603992
ENSMUSG00000106718-P,L-Val-L-Leu,,,0,,,0,-1.0,0.0,3,-1.0,0.0,3,True,-,0.0
ENSMUSG00000002455-P,"3,3-Dimethylacrylic acid",,,0,,,0,,,0,1.0,0.0,4,True,+,0.0
ENSMUSG00000002455-P,"4,5-Dihydro-1H-pyrazole",,,0,,,0,,,0,1.0,0.0,4,True,+,0.0
ENSMUSG00000002455-P,alpha-Hydroxyisobutyric acid,,,0,,,0,-0.8857142857142858,0.0188454810495626,6,-0.9523809523809524,0.0002604000243872,8,True,-,0.0114086771011661
ENSMUSG00000002455-P,cis-2-Decenoic acid,,,0,,,0,,,0,-1.0,0.0,3,True,-,0.0
ENSMUSG00000002455-P,Isopropylamine,1.0,0.0,3,1.0,0.0,3,0.6571428571428573,0.1561749271137024,6,0.7412587412587414,0.0058011504744782,12,True,+,0.1955303081363889
ENSMUSG00000002455-P,L-(+)-Threose,,,0,,,0,-1.0,0.0,3,-1.0,0.0,3,True,-,0.0
ENSMUSG00000002455-P,tert-butyl(dimethyl)silyl-2-([tert-butyl(dimethyl)silyl]oxy)hex-2-enoate,,,0,,,0,-1.0,0.0,4,-1.0,0.0,4,True,-,0.0
ENSMUSG00000106365-P,"1-Pentene, 1,3-diphenyl-1-(trimethylsilyloxy)-",,,0,,,0,,,0,-1.0,0.0,4,True,-,0.0
ENSMUSG00000106365-P,L-Threonine,,,0,,,0,1.0,0.0,4,1.0,1.4042654220543602e-24,5,True,+,6.303055151107153e-23
ENSMUSG00000106365-P,Luciferin,,,0,,,0,,,0,1.0,0.0,4,True,+,0.0
ENSMUSG00000106365-P,m-Toluic acid,-1.0,0.0,3,-0.5,0.6666666666666666,3,-0.8986451052612952,0.0148886220055803,6,-0.7842105263157896,0.0025320403429137,12,True,-,0.0978443701217659
ENSMUSG00000087368-P,"1,2-Bis(trimethylsiloxy)cyclohexene",,,0,,,0,,,0,-1.0,0.0,3,True,-,0.0
ENSMUSG00000087368-P,"l-Leucine, n-butoxycarbonyl-N-methyl-, hexadecyl ester",,,0,,,0,,,0,1.0,0.0,4,True,+,0.0
ENSMUSG00000087368-P,"N-[(3,4,5-Trimethoxyphenyl)methylidene]hydroxylamine",,,0,,,0,-1.0,0.0,3,-1.0,0.0,3,True,-,0.0
ENSMUSG00000087368-P,Oleamide,-1.0,0.0,3,-1.0,0.0,3,-0.6,0.208,6,-0.7762237762237763,0.0029928636801859,12,True,-,0.1136263097655619
ENSMUSG00000087368-P,Prostaglandin,,,0,-1.0,0.0,3,,,0,-0.942857142857143,0.004804664723032,6,True,-,0.1679020985499759
ENSMUSG00000087368-P,Tyr-Val,,,0,,,0,,,0,1.0,0.0,3,True,+,0.0
ENSMUSG00000024335-P,"1,2-Bis(trimethylsiloxy)cyclohexene",,,0,,,0,,,0,1.0,0.0,3,True,+,0.0
ENSMUSG00000024335-P,"13-Docosenamide, (Z)",,,0,,,0,-1.0,0.0,3,-1.0,0.0,3,True,-,0.0
ENSMUSG00000024335-P,"2,3-Dihydroxybutanoic acid",,,0,0.8660254037844387,0.3333333333333332,3,0.3999999999999999,0.6,4,0.8284591346681658,0.0057953731994397,9,True,+,0.1955303081363889
ENSMUSG00000024335-P,"2,4-Dimethoxybenzaldoxime",,,0,,,0,,,0,-1.0,0.0,3,True,-,0.0
ENSMUSG00000024335-P,"3-Hydroxy-7,3',4',5'-tetramethoxyflavone",,,0,,,0,,,0,1.0,0.0,3,True,+,0.0
ENSMUSG00000024335-P,Isosorbide,1.0,0.0,3,,,0,,,0,1.0,0.0,3,True,+,0.0
ENSMUSG00000024335-P,L-Threonine,,,0,,,0,-1.0,0.0,4,-1.0,1.4042654220543602e-24,5,True,-,6.303055151107153e-23
ENSMUSG00000024335-P,N-Ethylamphetamine,1.0,0.0,3,,,0,0.9276336570439176,0.0076658441874731,6,0.8995527570051296,0.0001631077620515,11,True,+,0.0072034952025027
ENSMUSG00000024335-P,Phenol,0.5,0.6666666666666666,3,0.5,0.6666666666666666,3,0.7,0.1881204043741873,5,0.8727272727272729,0.0004546150514096,11,True,+,0.0196011697980853
ENSMUSG00000024335-P,Tyr-Val,,,0,,,0,,,0,-1.0,0.0,3,True,-,0.0
ENSMUSG00000030782-P,"3,4-Dihydroxybenzaldehyde",-1.0,0.0,3,,,0,,,0,-1.0,0.0,3,True,-,0.0
ENSMUSG00000030782-P,"N-[(3,4,5-Trimethoxyphenyl)methylidene]hydroxylamine",,,0,,,0,1.0,0.0,3,1.0,0.0,3,True,+,0.0
ENSMUSG00000030782-P,Tyr-Val,,,0,,,0,,,0,1.0,0.0,3,True,+,0.0
ENSMUSG00000051074-P,"1,2-Bis(trimethylsiloxy)cyclohexene",,,0,,,0,,,0,1.0,0.0,3,True,+,0.0
ENSMUSG00000051074-P,2-Aminoquinolin-8-ol,,,0,,,0,,,0,1.0,0.0,3,True,+,0.0
ENSMUSG00000051074-P,"3,3-Dimethylacrylic acid",,,0,,,0,,,0,1.0,0.0,4,True,+,0.0
ENSMUSG00000051074-P,cis-2-Decenoic acid,,,0,,,0,,,0,-1.0,0.0,3,True,-,0.0
ENSMUSG00000051074-P,Isosorbide,-1.0,0.0,3,,,0,,,0,-1.0,0.0,3,True,-,0.0
ENSMUSG00000051074-P,L-Val-L-Leu,,,0,,,0,1.0,0.0,3,1.0,0.0,3,True,+,0.0
ENSMUSG00000051074-P,"N-[(3,4,5-Trimethoxyphenyl)methylidene]hydroxylamine",,,0,,,0,-1.0,0.0,3,-1.0,0.0,3,True,-,0.0
ENSMUSG00000051074-P,Octadecanoic acid,,,0,,,0,,,0,-1.0,0.0,3,True,-,0.0
ENSMUSG00000055447-P,"1,2-Bis(trimethylsiloxy)cyclohexene",,,0,,,0,,,0,1.0,0.0,3,True,+,0.0
ENSMUSG00000055447-P,2-Aminoquinolin-8-ol,,,0,,,0,,,0,1.0,0.0,3,True,+,0.0
ENSMUSG00000055447-P,"3-Hydroxy-7,3',4',5'-tetramethoxyflavone",,,0,,,0,,,0,1.0,0.0,3,True,+,0.0
ENSMUSG00000055447-P,cis-2-Decenoic acid,,,0,,,0,,,0,-1.0,0.0,3,True,-,0.0
ENSMUSG00000055447-P,Isosorbide,1.0,0.0,3,,,0,,,0,1.0,0.0,3,True,+,0.0
ENSMUSG00000055447-P,"l-Leucine, n-butoxycarbonyl-N-methyl-, hexadecyl ester",,,0,,,0,,,0,-1.0,0.0,4,True,-,0.0
ENSMUSG00000055447-P,Mevalonolactone,0.5,0.6666666666666666,3,0.8660254037844387,0.3333333333333332,3,0.7714285714285715,0.0723965014577259,6,0.7635738504887974,0.0038500936565595,12,True,+,0.1414605165627303
ENSMUSG00000021025-P,"3,3-Dimethylacrylic acid",,,0,,,0,,,0,1.0,0.0,4,True,+,0.0
ENSMUSG00000021025-P,"4,5-Dihydro-1H-pyrazole",,,0,,,0,,,0,1.0,0.0,4,True,+,0.0
ENSMUSG00000021025-P,cis-2-Decenoic acid,,,0,,,0,,,0,-1.0,0.0,3,True,-,0.0
ENSMUSG00000049739-P,"13-Docosenamide, (Z)",,,0,,,0,1.0,0.0,3,1.0,0.0,3,True,+,0.0
ENSMUSG00000049739-P,"3,4-Dihydroxybenzaldehyde",-1.0,0.0,3,,,0,,,0,-1.0,0.0,3,True,-,0.0
ENSMUSG00000049739-P,L-Val-L-Leu,,,0,,,0,-1.0,0.0,3,-1.0,0.0,3,True,-,0.0
ENSMUSG00000070858-P,2-Aminoquinolin-8-ol,,,0,,,0,,,0,-1.0,0.0,3,True,-,0.0
ENSMUSG00000070858-P,2-Norbornanemethanol,,,0,,,0,,,0,-1.0,0.0,3,True,-,0.0
ENSMUSG00000070858-P,"3,4-Dihydroxybenzaldehyde",1.0,0.0,3,,,0,,,0,1.0,0.0,3,True,+,0.0
ENSMUSG00000070858-P,L-(+)-Threose,,,0,,,0,-1.0,0.0,3,-1.0,0.0,3,True,-,0.0
ENSMUSG00000070858-P,Niacinamide,,,0,0.5,0.6666666666666666,3,0.942857142857143,0.004804664723032,6,0.8454545454545455,0.0010451821458586,11,True,+,0.0434501308308189
ENSMUSG00000024491-P,6-Nitroveratryl alcohol,,,0,,,0,1.0,0.0,3,1.0,1.4042654220543602e-24,5,True,+,6.303055151107153e-23
ENSMUSG00000024491-P,7-Hydroxy-4-(methoxymethyl)coumarin,,,0,,,0,1.0,0.0,3,1.0,0.0,4,True,+,0.0
ENSMUSG00000024491-P,N-Methylacetamide,-0.5,0.6666666666666666,3,0.0,1.0,3,0.8116794499134279,0.0498575851013403,6,0.7929873375794294,0.0020902874654805,12,True,+,0.0826385360525062
ENSMUSG00000024491-P,Phytanic acid,0.8660254037844387,0.3333333333333332,3,-0.5,0.6666666666666666,3,0.7944613465542746,0.0590275999253266,6,0.7627522536963859,0.0039115729364796,12,True,+,0.1435342552420175
ENSMUSG00000024491-P,Tyr-Val,,,0,,,0,,,0,-1.0,0.0,3,True,-,0.0
ENSMUSG00000030079-P,2-Aminoquinolin-8-ol,,,0,,,0,,,0,-1.0,0.0,3,True,-,0.0
ENSMUSG00000030079-P,"4,5-Dihydro-1H-pyrazole",,,0,,,0,,,0,-1.0,0.0,4,True,-,0.0
ENSMUSG00000030079-P,Formamide,0.5,0.6666666666666666,3,1.0,0.0,3,0.8116794499134279,0.0498575851013403,6,0.7565685858054141,0.0043984927612255,12,True,+,0.1591102973563808
ENSMUSG00000030079-P,L-(+)-Threose,,,0,,,0,-1.0,0.0,3,-1.0,0.0,3,True,-,0.0
ENSMUSG00000055044-P,"(2,5-Dimethoxyphenyl)acetone",-1.0,0.0,3,-0.5,0.6666666666666666,3,-0.7714285714285715,0.0723965014577259,6,-0.8371291296643237,0.0006820012896813,12,True,-,0.0290041419633647
ENSMUSG00000055044-P,"1,2-Bis(trimethylsiloxy)cyclohexene",,,0,,,0,,,0,1.0,0.0,3,True,+,0.0
ENSMUSG00000055044-P,2-Aminoquinolin-8-ol,,,0,,,0,,,0,-1.0,0.0,3,True,-,0.0
ENSMUSG00000055044-P,2-Cyanobenzaldehyde,,,0,,,0,-0.8999999999999998,0.0373860734684987,5,-0.942857142857143,0.004804664723032,6,True,-,0.1679020985499759
ENSMUSG00000055044-P,2-Methyl-3-pentanol,,,0,,,0,-0.8999999999999998,0.0373860734684987,5,-0.9642857142857144,0.0004541491691941,7,True,-,0.0196011697980853
ENSMUSG00000055044-P,"3,4-Dihydroxybenzaldehyde",1.0,0.0,3,,,0,,,0,1.0,0.0,3,True,+,0.0
ENSMUSG00000055044-P,7-Hydroxy-4-(methoxymethyl)coumarin,,,0,,,0,-1.0,0.0,3,-1.0,0.0,4,True,-,0.0
ENSMUSG00000055044-P,cis-2-Decenoic acid,,,0,,,0,,,0,1.0,0.0,3,True,+,0.0
ENSMUSG00000055044-P,"Cyclohexanone, 3,3,5-trimethyl",-1.0,0.0,3,-1.0,0.0,3,-0.8999999999999998,0.0373860734684987,5,-0.8200476856407694,0.0019943604695931,11,True,-,0.0794171291246011
ENSMUSG00000055044-P,L-Glutamic acid,,,0,,,0,1.0,0.0,3,1.0,1.4042654220543602e-24,5,True,+,6.303055151107153e-23
ENSMUSG00000055044-P,L-Val-L-Leu,,,0,,,0,-1.0,0.0,3,-1.0,0.0,3,True,-,0.0
ENSMUSG00000055044-P,Trimethylolpropane,,,0,,,0,-0.9746794344808964,0.0048182304681985,5,-0.9221722216732094,0.0011108173578061,8,True,-,0.0460139133108656
ENSMUSG00000091549-P,"1,2-Bis(trimethylsiloxy)cyclohexene",,,0,,,0,,,0,1.0,0.0,3,True,+,0.0
ENSMUSG00000091549-P,"1,2-Cinnolinedicarboxylic acid, 1,2,3,5,6,7,8,8a-octahydro-4-trimethylsilyloxy-, diethyl ester",,,0,,,0,,,0,1.0,0.0,3,True,+,0.0
ENSMUSG00000091549-P,2-Aminoquinolin-8-ol,,,0,,,0,,,0,1.0,0.0,3,True,+,0.0
ENSMUSG00000091549-P,2-Buten-1-ol,,,0,,,0,,,0,1.0,0.0,6,True,+,0.0
ENSMUSG00000091549-P,2-Norbornanemethanol,,,0,,,0,,,0,1.0,0.0,3,True,+,0.0
ENSMUSG00000091549-P,7-Hydroxy-4-(methoxymethyl)coumarin,,,0,,,0,1.0,0.0,3,1.0,0.0,4,True,+,0.0
ENSMUSG00000091549-P,cis-2-Decenoic acid,,,0,,,0,,,0,-1.0,0.0,3,True,-,0.0
ENSMUSG00000091549-P,"l-Leucine, n-butoxycarbonyl-N-methyl-, hexadecyl ester",,,0,,,0,,,0,-1.0,0.0,4,True,-,0.0
ENSMUSG00000091549-P,"N-[(3,4,5-Trimethoxyphenyl)methylidene]hydroxylamine",,,0,,,0,-1.0,0.0,3,-1.0,0.0,3,True,-,0.0
ENSMUSG00000032372-P,"1,2-Bis(trimethylsiloxy)cyclohexene",,,0,,,0,,,0,-1.0,0.0,3,True,-,0.0
ENSMUSG00000032372-P,"1,3-Oxazolidine, 2,5-diphenyl-4-methyl-, trans-",1.0,0.0,3,0.5,0.6666666666666666,3,0.7356123579206245,0.0956107807382797,6,0.8456192405161171,0.0005297499532094,12,True,+,0.0227130892849427
ENSMUSG00000032372-P,"2,4-Dimethoxybenzaldoxime",,,0,,,0,,,0,-1.0,0.0,3,True,-,0.0
ENSMUSG00000032372-P,2-Aminoquinolin-8-ol,,,0,,,0,,,0,1.0,0.0,3,True,+,0.0
ENSMUSG00000032372-P,"3,4-Dihydroxybenzaldehyde",-1.0,0.0,3,,,0,,,0,-1.0,0.0,3,True,-,0.0
ENSMUSG00000032372-P,"3-Hydroxy-7,3',4',5'-tetramethoxyflavone",,,0,,,0,,,0,1.0,0.0,3,True,+,0.0
ENSMUSG00000032372-P,"Benzoic acid, 2-hydroxy-3-[(2-hydroxy-4-methoxy-6-propylbenzoyl)oxy]-4-methoxy-6-propyl-, methyl ester ",1.0,0.0,3,0.5,0.6666666666666666,3,0.8116794499134279,0.0498575851013403,6,0.80910807093079,0.0014347403699364,12,True,+,0.0585611746228777
ENSMUSG00000032372-P,cis-2-Decenoic acid,,,0,,,0,,,0,-1.0,0.0,3,True,-,0.0
ENSMUSG00000032372-P,Cyclobutylamine,1.0,0.0,3,1.0,0.0,3,0.753702346348183,0.0835232813732598,6,0.8266212326392487,0.0009150112679836,12,True,+,0.0383977614646502
ENSMUSG00000032372-P,Glabridin,,,0,,,0,,,0,1.0,0.0,4,True,+,0.0
ENSMUSG00000032372-P,L-Threonine,,,0,,,0,-1.0,0.0,4,-1.0,1.4042654220543602e-24,5,True,-,6.303055151107153e-23
ENSMUSG00000032372-P,"N-[(3,4,5-Trimethoxyphenyl)methylidene]hydroxylamine",,,0,,,0,-1.0,0.0,3,-1.0,0.0,3,True,-,0.0
ENSMUSG00000032009-P,"13-Docosenamide, (Z)",,,0,,,0,1.0,0.0,3,1.0,0.0,3,True,+,0.0
ENSMUSG00000032009-P,"2,5-Dimethoxyphenol",1.0,0.0,3,0.5,0.6666666666666666,3,0.6571428571428573,0.1561749271137024,6,0.7902097902097903,0.0022231354099909,12,True,+,0.0874109733841736
ENSMUSG00000032009-P,2-Aminoquinolin-8-ol,,,0,,,0,,,0,1.0,0.0,3,True,+,0.0
ENSMUSG00000032009-P,"3-(4,7-Dimethoxy-2H-1,3-benzodioxol-5-yl)-2-methylprop-2-enal",0.5,0.6666666666666666,3,0.5,0.6666666666666666,3,0.942857142857143,0.004804664723032,6,0.7412587412587414,0.0058011504744782,12,True,+,0.1955303081363889
ENSMUSG00000032009-P,"3,4-Dihydroxybenzaldehyde",-1.0,0.0,3,,,0,,,0,-1.0,0.0,3,True,-,0.0
ENSMUSG00000032009-P,Acetic acid,0.8660254037844387,0.3333333333333332,3,,,3,0.3703280399090206,0.4699018628730875,6,0.74389001356746,0.0055389382065045,12,True,+,0.188679669155331
ENSMUSG00000032009-P,alpha-Hydroxyisobutyric acid,,,0,,,0,0.7714285714285715,0.0723965014577259,6,0.9047619047619048,0.0020082755054294,8,True,+,0.0796373285451544
ENSMUSG00000032009-P,cis-2-Decenoic acid,,,0,,,0,,,0,-1.0,0.0,3,True,-,0.0
ENSMUSG00000032009-P,Cyclooctylamine,1.0,0.0,3,0.5,0.6666666666666666,3,0.8857142857142858,0.0188454810495626,6,0.7482517482517484,0.005124081698753,12,True,+,0.176962914072306
ENSMUSG00000032009-P,Diclofenac,,,0,,,0,,,0,1.0,0.0,4,True,+,0.0
ENSMUSG00000032009-P,Diethylamine,1.0,0.0,3,1.0,0.0,3,0.8116794499134279,0.0498575851013403,6,0.795097541564023,0.0019934857741352,12,True,+,0.0794125677116889
ENSMUSG00000032009-P,L-(+)-Threose,,,0,,,0,1.0,0.0,3,1.0,0.0,3,True,+,0.0
ENSMUSG00000023967-P,"2,4-Dimethoxybenzaldoxime",,,0,,,0,,,0,1.0,0.0,3,True,+,0.0
ENSMUSG00000023967-P,2-Aminoquinolin-8-ol,,,0,,,0,,,0,-1.0,0.0,3,True,-,0.0
ENSMUSG00000023967-P,2-Furoic acid,1.0,0.0,3,0.5,0.6666666666666666,3,0.7999999999999999,0.2000000000000001,4,0.8666666666666665,0.0011735381801554,10,True,+,0.0484009213110282
ENSMUSG00000023967-P,2-Norbornanemethanol,,,0,,,0,,,0,-1.0,0.0,3,True,-,0.0
ENSMUSG00000023967-P,"3,3-Dimethylacrylic acid",,,0,,,0,,,0,-1.0,0.0,4,True,-,0.0
ENSMUSG00000023967-P,"4,5-Dihydro-1H-pyrazole",,,0,,,0,,,0,-1.0,0.0,4,True,-,0.0
ENSMUSG00000023967-P,5-Hydroxy-7-methoxy-2-methyl-3-phenyl-4-chromenone,,,0,,,0,-0.8406680016960503,0.0360575728451592,6,-0.836827408755723,0.0049070148341088,9,True,-,0.1706794871714154
ENSMUSG00000023967-P,Chlorobenzilate ,,,0,,,0,,,0,1.0,0.0,4,True,+,0.0
ENSMUSG00000023967-P,L-(+)-Threose,,,0,,,0,-1.0,0.0,3,-1.0,0.0,3,True,-,0.0
ENSMUSG00000028041-P,"1,2-Bis(trimethylsiloxy)cyclohexene",,,0,,,0,,,0,-1.0,0.0,3,True,-,0.0
ENSMUSG00000028041-P,"3-Hydroxy-7,3',4',5'-tetramethoxyflavone",,,0,,,0,,,0,-1.0,0.0,3,True,-,0.0
ENSMUSG00000028041-P,4-tert-Butyldimethylsiloxy-3-penten-2-one,,,0,,,0,-1.0,0.0,4,-1.0,0.0,4,True,-,0.0
ENSMUSG00000028041-P,7-Hydroxy-4-(methoxymethyl)coumarin,,,0,,,0,-1.0,0.0,3,-1.0,0.0,4,True,-,0.0
ENSMUSG00000028041-P,Azelaic acid,-0.5,0.6666666666666666,3,-1.0,0.0,3,-0.3768511731740915,0.4614828403508045,6,-0.7635738504887974,0.0038500936565595,12,True,-,0.1414605165627303
ENSMUSG00000028041-P,Isosorbide,-1.0,0.0,3,,,0,,,0,-1.0,0.0,3,True,-,0.0
ENSMUSG00000028041-P,"l-Leucine, n-butoxycarbonyl-N-methyl-, hexadecyl ester",,,0,,,0,,,0,1.0,0.0,4,True,+,0.0
ENSMUSG00000028041-P,"N-[(3,4,5-Trimethoxyphenyl)methylidene]hydroxylamine",,,0,,,0,-1.0,0.0,3,-1.0,0.0,3,True,-,0.0
ENSMUSG00000028041-P,Octanoic acid,,,0,,,0,-1.0,0.0,4,-1.0,0.0,6,True,-,0.0
ENSMUSG00000028041-P,Tromethamine,,,0,,,0,-0.7999999999999999,0.1040880386618278,5,-0.880952380952381,0.0038503204637324,8,True,-,0.1414605165627303
ENSMUSG00000028041-P,Tyr-Val,,,0,,,0,,,0,1.0,0.0,3,True,+,0.0
ENSMUSG00000031864-P,2-Aminoquinolin-8-ol,,,0,,,0,,,0,-1.0,0.0,3,True,-,0.0
ENSMUSG00000031864-P,2-Furoic acid,-0.5,0.6666666666666666,3,-0.5,0.6666666666666666,3,-0.7999999999999999,0.2000000000000001,4,-0.8060606060606059,0.0048620611019646,10,True,-,0.1693978733774359
ENSMUSG00000031864-P,"3,4-Dihydroxybenzaldehyde",1.0,0.0,3,,,0,,,0,1.0,0.0,3,True,+,0.0
ENSMUSG00000031864-P,N-Methyl-1-[(trimethylsilyl)oxy]-1-{4-[(trimethylsilyl)oxy]phenyl}propan-2-amine,-1.0,0.0,3,-0.5,0.6666666666666666,3,-1.0,0.0,4,-0.8060606060606059,0.0048620611019646,10,True,-,0.1693978733774359
ENSMUSG00000005131-P,"1,2-Bis(trimethylsiloxy)cyclohexene",,,0,,,0,,,0,1.0,0.0,3,True,+,0.0
ENSMUSG00000005131-P,2-Naphthol,-0.5000000000000001,0.6666666666666666,3,-0.5,0.6666666666666666,3,0.9121593238215744,0.0112350879440594,6,0.7517652237127672,0.0048073244066754,12,True,+,0.1679669500887555
ENSMUSG00000005131-P,4-Methoxyphenol,0.0,1.0,3,,,0,0.7999999999999999,0.2000000000000001,4,0.8622909085775463,0.005872990672297,8,True,+,0.1975056608835884
ENSMUSG00000005131-P,4-Methylvaleric acid,0.0,1.0,3,0.5,0.6666666666666666,3,0.7,0.1881204043741873,5,0.8473826084954618,0.0009906687092406,11,True,+,0.0413815114171793
ENSMUSG00000005131-P,"Benzene, 1-ethyl-3,5-dimethyl",,,0,,,0,,,0,1.0,0.0,4,True,+,0.0
ENSMUSG00000005131-P,Glabridin,,,0,,,0,,,0,1.0,0.0,4,True,+,0.0
ENSMUSG00000005131-P,Isopropylamine,0.8660254037844387,0.3333333333333332,3,0.5,0.6666666666666666,3,0.6571428571428573,0.1561749271137024,6,0.7600712181471058,0.0041173803556808,12,True,+,0.149614861133208
ENSMUSG00000005131-P,L-Val-L-Leu,,,0,,,0,-1.0,0.0,3,-1.0,0.0,3,True,-,0.0
ENSMUSG00000005131-P,Tyr-Val,,,0,,,0,,,0,-1.0,0.0,3,True,-,0.0
ENSMUSG00000005131-P,Xylazine,0.0,1.0,3,-0.5,0.6666666666666666,3,0.5428571428571429,0.2657026239067054,6,0.7460606887803388,0.0053294347525701,12,True,+,0.1820984623388383
ENSMUSG00000060512-P,"1,2-Bis(trimethylsiloxy)cyclohexene",,,0,,,0,,,0,-1.0,0.0,3,True,-,0.0
ENSMUSG00000060512-P,"2,4-Di-tert-butylphenol",-1.0,0.0,3,-1.0,0.0,3,,,0,-0.9642857142857144,0.0004541491691941,7,True,-,0.0196011697980853
ENSMUSG00000060512-P,2-Aminoquinolin-8-ol,,,0,,,0,,,0,1.0,0.0,3,True,+,0.0
ENSMUSG00000060512-P,2-Cyanobenzaldehyde,,,0,,,0,0.8999999999999998,0.0373860734684987,5,0.942857142857143,0.004804664723032,6,True,+,0.1679020985499759
ENSMUSG00000060512-P,2-Norbornanemethanol,,,0,,,0,,,0,-1.0,0.0,3,True,-,0.0
ENSMUSG00000060512-P,"3,4-Dihydroxybenzaldehyde",-1.0,0.0,3,,,0,,,0,-1.0,0.0,3,True,-,0.0
ENSMUSG00000060512-P,L-Val-L-Leu,,,0,,,0,1.0,0.0,3,1.0,0.0,3,True,+,0.0
ENSMUSG00000060512-P,"N-[(3,4,5-Trimethoxyphenyl)methylidene]hydroxylamine",,,0,,,0,-1.0,0.0,3,-1.0,0.0,3,True,-,0.0
ENSMUSG00000060512-P,Oleamide,-0.5,0.6666666666666666,3,-1.0,0.0,3,-0.8857142857142858,0.0188454810495626,6,-0.8041958041958043,0.0016147689860699,12,True,-,0.0653602928999312
ENSMUSG00000060512-P,Tyr-Val,,,0,,,0,,,0,1.0,0.0,3,True,+,0.0
ENSMUSG00000030560-P,"1,2-Bis(trimethylsiloxy)cyclohexene",,,0,,,0,,,0,1.0,0.0,3,True,+,0.0
ENSMUSG00000030560-P,"1,2-Cinnolinedicarboxylic acid, 1,2,3,5,6,7,8,8a-octahydro-4-trimethylsilyloxy-, diethyl ester",,,0,,,0,,,0,-1.0,0.0,3,True,-,0.0
ENSMUSG00000030560-P,2-Ethylhexanoic acid,0.5,0.6666666666666666,3,0.8660254037844387,0.3333333333333332,3,-0.0869656553478672,0.8698803787001028,6,0.7578994022883041,0.0042900269474019,12,True,+,0.1555907360510593
ENSMUSG00000030560-P,Benzoic Acid,-0.8660254037844387,0.3333333333333332,3,0.5,0.6666666666666666,3,0.8804062740424288,0.0205987347749203,6,0.7619343876929257,0.0039735094278912,12,True,+,0.1451950087204594
ENSMUSG00000030560-P,Cholesterol,0.5,0.6666666666666666,3,1.0,0.0,3,0.3142857142857143,0.5440932944606415,6,0.8461538461538463,0.000521133700481,12,True,+,0.0223584549031827
ENSMUSG00000030560-P,cis-2-Decenoic acid,,,0,,,0,,,0,-1.0,0.0,3,True,-,0.0
ENSMUSG00000030560-P,"l-Leucine, n-butoxycarbonyl-N-methyl-, hexadecyl ester",,,0,,,0,,,0,-1.0,0.0,4,True,-,0.0
ENSMUSG00000030560-P,Nonanoic acid,-1.0,0.0,3,1.0,0.0,3,0.8720815992723809,0.0538542177275421,5,0.8154918651649874,0.0022162916546952,11,True,+,0.0874050544228039
ENSMUSG00000030560-P,Tyr-Val,,,0,,,0,,,0,-1.0,0.0,3,True,-,0.0
ENSMUSG00000053012-P,"2-Methyl-1,3-butanediol",-0.5,0.6666666666666666,3,-1.0,0.0,3,-0.9276336570439176,0.0076658441874731,6,-0.7705791151721809,0.0033551786239375,12,True,-,0.1259035599291489
ENSMUSG00000053012-P,"3,4-Dihydroxybenzaldehyde",-1.0,0.0,3,,,0,,,0,-1.0,0.0,3,True,-,0.0
ENSMUSG00000053012-P,"3-Hydroxy-7,3',4',5'-tetramethoxyflavone",,,0,,,0,,,0,1.0,0.0,3,True,+,0.0
ENSMUSG00000053012-P,cis-2-Decenoic acid,,,0,,,0,,,0,-1.0,0.0,3,True,-,0.0
ENSMUSG00000053012-P,L-(+)-Threose,,,0,,,0,1.0,0.0,3,1.0,0.0,3,True,+,0.0
ENSMUSG00000053012-P,Octadecanoic acid,,,0,,,0,,,0,-1.0,0.0,3,True,-,0.0
ENSMUSG00000053012-P,Tyr-Val,,,0,,,0,,,0,1.0,0.0,3,True,+,0.0
ENSMUSG00000043639-P,"1,2-Bis(trimethylsiloxy)cyclohexene",,,0,,,0,,,0,1.0,0.0,3,True,+,0.0
ENSMUSG00000043639-P,2-Aminoquinolin-8-ol,,,0,,,0,,,0,-1.0,0.0,3,True,-,0.0
ENSMUSG00000043639-P,"3,3-Dimethylacrylic acid",,,0,,,0,,,0,1.0,0.0,4,True,+,0.0
ENSMUSG00000043639-P,"3,4-Dihydroxybenzaldehyde",1.0,0.0,3,,,0,,,0,1.0,0.0,3,True,+,0.0
ENSMUSG00000043639-P,Butyric Acid,0.5,0.6666666666666666,3,1.0,0.0,3,0.6377481392176932,0.1730711102412598,6,0.8126107032724816,0.0013161012937103,12,True,+,0.0540566550634617
ENSMUSG00000043639-P,cis-2-Decenoic acid,,,0,,,0,,,0,1.0,0.0,3,True,+,0.0
ENSMUSG00000043639-P,Crotonic acid,1.0,0.0,3,1.0,0.0,3,0.8804062740424288,0.0205987347749203,6,0.7535398122682787,0.00465307670103,12,True,+,0.1666176256920665
ENSMUSG00000043639-P,Levulinic acid,0.0,1.0,3,1.0,0.0,3,0.8533103351879245,0.0306985629726779,6,0.748692304319494,0.0050835231769581,12,True,+,0.176319942329619
ENSMUSG00000043639-P,Monocaproin,1.0,0.0,3,,,0,0.5,0.6666666666666666,3,0.880952380952381,0.0038503204637324,8,True,+,0.1414605165627303
ENSMUSG00000043639-P,"N-[(3,4,5-Trimethoxyphenyl)methylidene]hydroxylamine",,,0,,,0,1.0,0.0,3,1.0,0.0,3,True,+,0.0
ENSMUSG00000043639-P,Pentanoic acid,1.0,0.0,3,1.0,0.0,3,0.7142857142857143,0.1107871720116617,6,0.8041958041958043,0.0016147689860699,12,True,+,0.0653602928999312
ENSMUSG00000043639-P,Tyr-Val,,,0,,,0,,,0,-1.0,0.0,3,True,-,0.0
ENSMUSG00000029291-P,"1,2-Cinnolinedicarboxylic acid, 1,2,3,5,6,7,8,8a-octahydro-4-trimethylsilyloxy-, diethyl ester",,,0,,,0,,,0,-1.0,0.0,3,True,-,0.0
ENSMUSG00000029291-P,"13-Docosenamide, (Z)",,,0,,,0,1.0,0.0,3,1.0,0.0,3,True,+,0.0
ENSMUSG00000029291-P,2-Aminoquinolin-8-ol,,,0,,,0,,,0,-1.0,0.0,3,True,-,0.0
ENSMUSG00000029291-P,3-(4-Methoxyphenyl)coumarin,,,0,,,0,-1.0,0.0,3,-1.0,0.0,4,True,-,0.0
ENSMUSG00000029291-P,"3-Hydroxy-7,3',4',5'-tetramethoxyflavone",,,0,,,0,,,0,-1.0,0.0,3,True,-,0.0
ENSMUSG00000029291-P,Cycloheptanol,0.5,0.6666666666666666,3,0.5,0.6666666666666666,3,0.8406680016960503,0.0360575728451592,6,0.7565685858054141,0.0043984927612255,12,True,+,0.1591102973563808
ENSMUSG00000029291-P,Isosorbide,-1.0,0.0,3,,,0,,,0,-1.0,0.0,3,True,-,0.0
ENSMUSG00000029291-P,L-(+)-Threose,,,0,,,0,1.0,0.0,3,1.0,0.0,3,True,+,0.0
ENSMUSG00000029291-P,Niacinamide,,,0,-1.0,0.0,3,-0.6,0.208,6,-0.8272727272727273,0.0016769738964523,11,True,-,0.0675770348938753
ENSMUSG00000058492-P,"1,2-Bis(trimethylsiloxy)cyclohexene",,,0,,,0,,,0,1.0,0.0,3,True,+,0.0
ENSMUSG00000058492-P,"13-Docosenamide, (Z)",,,0,,,0,-1.0,0.0,3,-1.0,0.0,3,True,-,0.0
ENSMUSG00000058492-P,"2,3-Dihydroxybutanoic acid",,,0,0.8660254037844387,0.3333333333333332,3,0.948683298050514,0.0513167019494861,4,0.9089992314354236,0.0006841196739318,9,True,+,0.0290883118989235
ENSMUSG00000058492-P,Dodecanoic acid,,,3,1.0,0.0,3,0.8804062740424288,0.0205987347749203,6,0.742733818913015,0.0056530308227498,12,True,+,0.1922440832339479
ENSMUSG00000020080-P,L-(+)-Threose,,,0,,,0,-1.0,0.0,3,-1.0,0.0,3,True,-,0.0
ENSMUSG00000020080-P,"N-[(3,4,5-Trimethoxyphenyl)methylidene]hydroxylamine",,,0,,,0,-1.0,0.0,3,-1.0,0.0,3,True,-,0.0
ENSMUSG00000020080-P,Tyr-Val,,,0,,,0,,,0,1.0,0.0,3,True,+,0.0
ENSMUSG00000020080-P,Xylazine,-0.5,0.6666666666666666,3,-0.5,0.6666666666666666,3,-0.7714285714285715,0.0723965014577259,6,-0.7552447552447553,0.0045084354842942,12,True,-,0.1619683642032021
ENSMUSG00000040701-P,"13-Docosenamide, (Z)",,,0,,,0,-1.0,0.0,3,-1.0,0.0,3,True,-,0.0
ENSMUSG00000040701-P,2-Aminoquinolin-8-ol,,,0,,,0,,,0,1.0,0.0,3,True,+,0.0
ENSMUSG00000040701-P,"3-Hydroxy-7,3',4',5'-tetramethoxyflavone",,,0,,,0,,,0,1.0,0.0,3,True,+,0.0
ENSMUSG00000040701-P,Isosorbide,1.0,0.0,3,,,0,,,0,1.0,0.0,3,True,+,0.0
ENSMUSG00000040701-P,Octadecanoic acid,,,0,,,0,,,0,1.0,0.0,3,True,+,0.0
ENSMUSG00000040701-P,Sulindac,,,0,,,0,-1.0,0.0,3,-1.0,1.4042654220543602e-24,5,True,-,6.303055151107153e-23
ENSMUSG00000041408-P,"1,2-Cinnolinedicarboxylic acid, 1,2,3,5,6,7,8,8a-octahydro-4-trimethylsilyloxy-, diethyl ester",,,0,,,0,,,0,1.0,0.0,3,True,+,0.0
ENSMUSG00000041408-P,"2,5-Dimethoxyphenol",1.0,0.0,3,0.5,0.6666666666666666,3,0.3142857142857143,0.5440932944606415,6,0.7482517482517484,0.005124081698753,12,True,+,0.176962914072306
ENSMUSG00000041408-P,"3,4-Dihydroxybenzaldehyde",-1.0,0.0,3,,,0,,,0,-1.0,0.0,3,True,-,0.0
ENSMUSG00000041408-P,"3-Hydroxy-7,3',4',5'-tetramethoxyflavone",,,0,,,0,,,0,1.0,0.0,3,True,+,0.0
ENSMUSG00000041408-P,7-Hydroxy-4-(methoxymethyl)coumarin,,,0,,,0,1.0,0.0,3,1.0,0.0,4,True,+,0.0
ENSMUSG00000041408-P,Aceturic acid,0.5,0.6666666666666666,3,,,0,0.5428571428571429,0.2657026239067054,6,0.7818181818181819,0.004473162252783,11,True,+,0.1611140357001344
ENSMUSG00000041408-P,Azelaic acid,-0.5,0.6666666666666666,3,-0.5,0.6666666666666666,3,0.8406680016960503,0.0360575728451592,6,0.8686528207395494,0.0002459421331757,12,True,+,0.010802427854894
ENSMUSG00000041408-P,"Benzoic acid, methyl ester",1.0,0.0,3,-0.5,0.6666666666666666,3,0.942857142857143,0.004804664723032,6,0.8251748251748254,0.0009513628555555,12,True,+,0.0397714595917899
ENSMUSG00000041408-P,cis-2-Decenoic acid,,,0,,,0,,,0,-1.0,0.0,3,True,-,0.0
ENSMUSG00000041408-P,N-Methylacetamide,-0.5,0.6666666666666666,3,0.8660254037844387,0.3333333333333332,3,0.9856107606091624,0.0003090856678496,6,0.743864228171854,0.0055414636136485,12,True,+,0.188679669155331
ENSMUSG00000041408-P,Octadecanoic acid,,,0,,,0,,,0,-1.0,0.0,3,True,-,0.0
ENSMUSG00000041408-P,Octanoic acid,,,0,,,0,0.7999999999999999,0.2000000000000001,4,0.942857142857143,0.004804664723032,6,True,+,0.1679020985499759
ENSMUSG00000041408-P,Phenol,1.0,0.0,3,-0.5,0.6666666666666666,3,0.6,0.2847569798652938,5,0.8545454545454546,0.0008066741521648,11,True,+,0.0340773346852635
ENSMUSG00000026687-P,"13-Docosenamide, (Z)",,,0,,,0,-1.0,0.0,3,-1.0,0.0,3,True,-,0.0
ENSMUSG00000026687-P,"4,5-Dihydro-1H-pyrazole",,,0,,,0,,,0,1.0,0.0,4,True,+,0.0
ENSMUSG00000026687-P,cis-2-Decenoic acid,,,0,,,0,,,0,1.0,0.0,3,True,+,0.0
ENSMUSG00000026687-P,Glabridin,,,0,,,0,,,0,1.0,0.0,4,True,+,0.0
ENSMUSG00000026687-P,L-Threonine,,,0,,,0,-1.0,0.0,4,-1.0,1.4042654220543602e-24,5,True,-,6.303055151107153e-23
ENSMUSG00000026687-P,Propanoic acid,,,0,,,0,0.8720815992723809,0.0538542177275421,5,0.8742671711966791,0.004512385603651,8,True,+,0.1619683642032021
ENSMUSG00000026687-P,Prostaglandin,,,0,0.5,0.6666666666666666,3,,,0,0.942857142857143,0.004804664723032,6,True,+,0.1679020985499759
ENSMUSG00000026687-P,Tyr-Val,,,0,,,0,,,0,-1.0,0.0,3,True,-,0.0
ENSMUSG00000102687-P,"1,2-Cinnolinedicarboxylic acid, 1,2,3,5,6,7,8,8a-octahydro-4-trimethylsilyloxy-, diethyl ester",,,0,,,0,,,0,-1.0,0.0,3,True,-,0.0
ENSMUSG00000102687-P,2-Aminoquinolin-8-ol,,,0,,,0,,,0,1.0,0.0,3,True,+,0.0
ENSMUSG00000102687-P,"3,4-Dihydroxybenzaldehyde",-1.0,0.0,3,,,0,,,0,-1.0,0.0,3,True,-,0.0
ENSMUSG00000102687-P,"Benzaldehyde, 2,5-dimethoxy",0.8660254037844387,0.3333333333333332,3,,,3,0.8280786712108252,0.0417946804560451,6,0.7629058801879706,0.0039000210365802,12,True,+,0.1431354989255343
ENSMUSG00000102687-P,cis-2-Decenoic acid,,,0,,,0,,,0,-1.0,0.0,3,True,-,0.0
ENSMUSG00000102687-P,L-(+)-Threose,,,0,,,0,-1.0,0.0,3,-1.0,0.0,3,True,-,0.0
ENSMUSG00000102687-P,"N-[(3,4,5-Trimethoxyphenyl)methylidene]hydroxylamine",,,0,,,0,-1.0,0.0,3,-1.0,0.0,3,True,-,0.0
ENSMUSG00000102687-P,Tyr-Val,,,0,,,0,,,0,1.0,0.0,3,True,+,0.0
ENSMUSG00000026029-P,"1-(2,5-Dimethoxyphenyl)-1-[(trimethylsilyl)oxy]propan-2-amine",-0.5,0.6666666666666666,3,1.0,0.0,3,0.4638168285219587,0.3541642984362303,6,0.7460606887803388,0.0053294347525701,12,True,+,0.1820984623388383
ENSMUSG00000026029-P,"13-Docosenamide, (Z)",,,0,,,0,1.0,0.0,3,1.0,0.0,3,True,+,0.0
ENSMUSG00000026029-P,2-Aminoquinolin-8-ol,,,0,,,0,,,0,1.0,0.0,3,True,+,0.0
ENSMUSG00000026029-P,2-Norbornanemethanol,,,0,,,0,,,0,-1.0,0.0,3,True,-,0.0
ENSMUSG00000026029-P,3-(4-Methoxyphenyl)coumarin,,,0,,,0,1.0,0.0,3,1.0,0.0,4,True,+,0.0
ENSMUSG00000026029-P,"3-Hydroxy-7,3',4',5'-tetramethoxyflavone",,,0,,,0,,,0,1.0,0.0,3,True,+,0.0
ENSMUSG00000026029-P,"4,5-Dihydro-1H-pyrazole",,,0,,,0,,,0,1.0,0.0,4,True,+,0.0
ENSMUSG00000026029-P,Aconitic acid,-0.5,0.6666666666666666,3,0.5,0.6666666666666666,3,0.6957252427829382,0.1247893374402869,6,0.7810870121972561,0.0027052956461396,12,True,+,0.1035246286271809
ENSMUSG00000026029-P,cis-2-Decenoic acid,,,0,,,0,,,0,-1.0,0.0,3,True,-,0.0
ENSMUSG00000026029-P,Cyclobutylamine,0.5,0.6666666666666666,3,1.0,0.0,3,0.4058397249567139,0.4246625075613642,6,0.7740817475138726,0.0031266563739204,12,True,+,0.1179425135885409
ENSMUSG00000026029-P,DL-Glyceraldehyde,0.0,1.0,3,0.0,1.0,3,0.942857142857143,0.004804664723032,6,0.9333390787439302,9.262635287659793e-06,12,True,+,0.000415129776277
ENSMUSG00000026029-P,Glabridin,,,0,,,0,,,0,1.0,0.0,4,True,+,0.0
ENSMUSG00000026029-P,Isosorbide,1.0,0.0,3,,,0,,,0,1.0,0.0,3,True,+,0.0
ENSMUSG00000026029-P,"L-Histidine, N,1-bis(tert-butyldimethylsilyl)-",-0.5,0.6666666666666666,3,0.5,0.6666666666666666,3,0.9276336570439176,0.0076658441874731,6,0.8721554530812411,0.0002161753733066,12,True,+,0.0095149952598864
ENSMUSG00000026029-P,Picolinic acid,-0.8660254037844387,0.3333333333333332,3,0.8660254037844387,0.3333333333333332,3,0.7944613465542746,0.0590275999253266,6,0.7817095248764386,0.0026700659830202,12,True,+,0.1024203389925171
ENSMUSG00000026029-P,Tyr-Val,,,0,,,0,,,0,-1.0,0.0,3,True,-,0.0
ENSMUSG00000027706-P,"13-Docosenamide, (Z)",,,0,,,0,1.0,0.0,3,1.0,0.0,3,True,+,0.0
ENSMUSG00000027706-P,2-Aminoquinolin-8-ol,,,0,,,0,,,0,1.0,0.0,3,True,+,0.0
ENSMUSG00000027706-P,"2-Methylcyclohexanol, (Z)",-0.5,0.6666666666666666,3,-0.8660254037844387,0.3333333333333332,3,-0.4928053803045811,0.3206325828658274,6,-0.789478544050317,0.0022591594736003,12,True,-,0.0887605830037696
ENSMUSG00000027706-P,"4,5-Dihydro-1H-pyrazole",,,0,,,0,,,0,1.0,0.0,4,True,+,0.0
ENSMUSG00000027706-P,cis-2-Decenoic acid,,,0,,,0,,,0,-1.0,0.0,3,True,-,0.0
ENSMUSG00000027706-P,Glabridin,,,0,,,0,,,0,1.0,0.0,4,True,+,0.0
ENSMUSG00000027706-P,Glycine,0.5,0.6666666666666666,3,-0.5,0.6666666666666666,3,-0.8116794499134279,0.0498575851013403,6,-0.7810870121972561,0.0027052956461396,12,True,-,0.1035246286271809
ENSMUSG00000027706-P,L-Val-L-Leu,,,0,,,0,-1.0,0.0,3,-1.0,0.0,3,True,-,0.0
ENSMUSG00000071180-P,2-Cyanobenzaldehyde,,,0,,,0,0.8999999999999998,0.0373860734684987,5,0.942857142857143,0.004804664723032,6,True,+,0.1679020985499759
ENSMUSG00000071180-P,"3,4-Dihydroxybenzaldehyde",-1.0,0.0,3,,,0,,,0,-1.0,0.0,3,True,-,0.0
ENSMUSG00000071180-P,Diclofenac,,,0,,,0,,,0,-1.0,0.0,4,True,-,0.0
ENSMUSG00000071180-P,L-(+)-Threose,,,0,,,0,1.0,0.0,3,1.0,0.0,3,True,+,0.0
ENSMUSG00000071180-P,L-Val-L-Leu,,,0,,,0,1.0,0.0,3,1.0,0.0,3,True,+,0.0
ENSMUSG00000071180-P,Octadecanoic acid,,,0,,,0,,,0,-1.0,0.0,3,True,-,0.0
ENSMUSG00000071180-P,Prostaglandin,,,0,-1.0,0.0,3,,,0,-0.942857142857143,0.004804664723032,6,True,-,0.1679020985499759
ENSMUSG00000071180-P,Tyr-Val,,,0,,,0,,,0,1.0,0.0,3,True,+,0.0
ENSMUSG00000021254-P,"1,2-Bis(trimethylsiloxy)cyclohexene",,,0,,,0,,,0,1.0,0.0,3,True,+,0.0
ENSMUSG00000021254-P,"13-Docosenamide, (Z)",,,0,,,0,1.0,0.0,3,1.0,0.0,3,True,+,0.0
ENSMUSG00000021254-P,"2,3-Butanediol, O-(trimethylsilyl)-, monoacetate",1.0,0.0,3,0.8660254037844387,0.3333333333333332,3,0.8207826816681233,0.0885870053135438,5,0.8036613463599127,0.0028785141033962,11,True,+,0.1099518714375872
ENSMUSG00000021254-P,"3,4-Dihydroxybenzaldehyde",1.0,0.0,3,,,0,,,0,1.0,0.0,3,True,+,0.0
ENSMUSG00000021254-P,8-Methylnonanoic acid,1.0,0.0,3,1.0,0.0,3,0.753702346348183,0.0835232813732598,6,0.7845896445389478,0.0025116023149757,12,True,+,0.097376722909516
ENSMUSG00000021254-P,Butanedioic acid,1.0,0.0,3,1.0,0.0,3,1.0,0.0,6,0.8041958041958043,0.0016147689860699,12,True,+,0.0653602928999312
ENSMUSG00000021254-P,Hydracrylic acid,0.5,0.6666666666666666,3,1.0,0.0,3,0.942857142857143,0.004804664723032,6,0.7552447552447553,0.0045084354842942,12,True,+,0.1619683642032021
ENSMUSG00000021254-P,Iminodiacetic acid,0.5,0.6666666666666666,3,1.0,0.0,3,0.7247137945655605,0.1032428046237076,6,0.7530659534637223,0.0046938930486737,12,True,+,0.1673621183600482
ENSMUSG00000021254-P,L-(+)-Threose,,,0,,,0,1.0,0.0,3,1.0,0.0,3,True,+,0.0
ENSMUSG00000021254-P,"l-Leucine, n-butoxycarbonyl-N-methyl-, hexadecyl ester",,,0,,,0,,,0,-1.0,0.0,4,True,-,0.0
ENSMUSG00000021254-P,L-Valine,1.0,0.0,3,1.0,0.0,3,0.8285714285714287,0.0415626822157433,6,0.7972027972027973,0.0019003677255282,12,True,+,0.0758912141765791
ENSMUSG00000021254-P,Suberic acid,,,0,1.0,0.0,3,0.8285714285714287,0.0415626822157433,6,0.8000000000000002,0.0031104283103858,11,True,+,0.1176276726103183
ENSMUSG00000021254-P,Tyr-Val,,,0,,,0,,,0,-1.0,0.0,3,True,-,0.0
ENSMUSG00000064294-P,"1,2-Cinnolinedicarboxylic acid, 1,2,3,5,6,7,8,8a-octahydro-4-trimethylsilyloxy-, diethyl ester",,,0,,,0,,,0,-1.0,0.0,3,True,-,0.0
ENSMUSG00000064294-P,2-Norbornanemethanol,,,0,,,0,,,0,1.0,0.0,3,True,+,0.0
ENSMUSG00000064294-P,"4,5-Dihydro-1H-pyrazole",,,0,,,0,,,0,1.0,0.0,4,True,+,0.0
ENSMUSG00000064294-P,L-(+)-Threose,,,0,,,0,1.0,0.0,3,1.0,0.0,3,True,+,0.0
ENSMUSG00000064294-P,Luciferin,,,0,,,0,,,0,1.0,0.0,4,True,+,0.0
ENSMUSG00000022312-P,2-Aminoquinolin-8-ol,,,0,,,0,,,0,-1.0,0.0,3,True,-,0.0
ENSMUSG00000022312-P,2-Norbornanemethanol,,,0,,,0,,,0,-1.0,0.0,3,True,-,0.0
ENSMUSG00000022312-P,"3,4-Dihydroxybenzaldehyde",1.0,0.0,3,,,0,,,0,1.0,0.0,3,True,+,0.0
ENSMUSG00000022312-P,"N-[(3,4,5-Trimethoxyphenyl)methylidene]hydroxylamine",,,0,,,0,1.0,0.0,3,1.0,0.0,3,True,+,0.0
ENSMUSG00000022312-P,Phenol,-1.0,0.0,3,0.5,0.6666666666666666,3,-0.7999999999999999,0.1040880386618278,5,-0.881818181818182,0.0003301688021839,11,True,-,0.0144079928003976
ENSMUSG00000019699-P,"1,2-Cinnolinedicarboxylic acid, 1,2,3,5,6,7,8,8a-octahydro-4-trimethylsilyloxy-, diethyl ester",,,0,,,0,,,0,-1.0,0.0,3,True,-,0.0
ENSMUSG00000019699-P,"3,4-Dihydroxybenzaldehyde",1.0,0.0,3,,,0,,,0,1.0,0.0,3,True,+,0.0
ENSMUSG00000019699-P,"4,5-Dihydro-1H-pyrazole",,,0,,,0,,,0,1.0,0.0,4,True,+,0.0
ENSMUSG00000019699-P,"Benzene, 1-ethyl-3,5-dimethyl",,,0,,,0,,,0,1.0,0.0,4,True,+,0.0
ENSMUSG00000019699-P,cis-2-Decenoic acid,,,0,,,0,,,0,1.0,0.0,3,True,+,0.0
ENSMUSG00000019699-P,"Propanoic acid, 3-[(tert-butyldimethylsilyl)oxy]-2-methyl-",1.0,0.0,3,,,0,0.3768511731740915,0.4614828403508045,6,0.7927127627860772,0.0036129415427716,11,True,+,0.134657154111077
ENSMUSG00000019699-P,Tyr-Val,,,0,,,0,,,0,-1.0,0.0,3,True,-,0.0
ENSMUSG00000020477-P,2-Aminoquinolin-8-ol,,,0,,,0,,,0,-1.0,0.0,3,True,-,0.0
ENSMUSG00000020477-P,"3-Hydroxy-7,3',4',5'-tetramethoxyflavone",,,0,,,0,,,0,-1.0,0.0,3,True,-,0.0
ENSMUSG00000020477-P,"Benzaldehyde, 2,5-dimethoxy",-0.8660254037844387,0.3333333333333332,3,,,3,-0.8280786712108252,0.0417946804560451,6,-0.7629058801879706,0.0039000210365802,12,True,-,0.1431354989255343
ENSMUSG00000020477-P,Isosorbide,-1.0,0.0,3,,,0,,,0,-1.0,0.0,3,True,-,0.0
ENSMUSG00000023341-P,"1,2-Cyclohexanediol, (Z)",,,0,-0.5,0.6666666666666666,3,-0.7941176470588236,0.0592178913087725,6,-0.7884004962363693,0.0039372550791656,11,True,-,0.1444028705953552
ENSMUSG00000023341-P,2-Aminoquinolin-8-ol,,,0,,,0,,,0,1.0,0.0,3,True,+,0.0
ENSMUSG00000023341-P,"l-Norvaline, n-propargyloxycarbonyl-, isohexyl ester",,,0,,,0,0.8999999999999998,0.0373860734684987,5,0.9461247469114744,0.0003753118737904,8,True,+,0.0163166173345331
ENSMUSG00000103657-P,"1-Pentene, 1,3-diphenyl-1-(trimethylsilyloxy)-",,,0,,,0,,,0,-1.0,0.0,4,True,-,0.0
ENSMUSG00000103657-P,2-Furoic acid,-1.0,0.0,3,-1.0,0.0,3,-0.7999999999999999,0.2000000000000001,4,-0.9141792475183746,0.0002137492562433,10,True,-,0.0094141588531777
ENSMUSG00000103657-P,N-Methyl-1-[(trimethylsilyl)oxy]-1-{4-[(trimethylsilyl)oxy]phenyl}propan-2-amine,-0.5,0.6666666666666666,3,-1.0,0.0,3,-1.0,0.0,4,-0.8896375227527807,0.0005669647218379,10,True,-,0.0242600059350421
ENSMUSG00000026896-P,"1,2-Bis(trimethylsiloxy)cyclohexene",,,0,,,0,,,0,1.0,0.0,3,True,+,0.0
ENSMUSG00000026896-P,"1,2-Cinnolinedicarboxylic acid, 1,2,3,5,6,7,8,8a-octahydro-4-trimethylsilyloxy-, diethyl ester",,,0,,,0,,,0,-1.0,0.0,3,True,-,0.0
ENSMUSG00000026896-P,"13-Docosenamide, (Z)",,,0,,,0,-1.0,0.0,3,-1.0,0.0,3,True,-,0.0
ENSMUSG00000026896-P,Guanosine,,,0,0.5,0.6666666666666666,3,1.0,0.0,4,0.9285714285714288,0.0008629681828999,8,True,+,0.0362866919169058
ENSMUSG00000020248-P,"1,2-Bis(trimethylsiloxy)cyclohexene",,,0,,,0,,,0,1.0,0.0,3,True,+,0.0
ENSMUSG00000020248-P,2-Aminoquinolin-8-ol,,,0,,,0,,,0,1.0,0.0,3,True,+,0.0
ENSMUSG00000020248-P,"3,3-Dimethylacrylic acid",,,0,,,0,,,0,1.0,0.0,4,True,+,0.0
ENSMUSG00000020248-P,3-Hydroxymethyl-2-trimethylsilyloxypentane,,,0,,,0,1.0,1.4042654220543602e-24,5,0.942857142857143,0.004804664723032,6,True,+,0.1679020985499759
ENSMUSG00000020248-P,7-Hydroxy-4-(methoxymethyl)coumarin,,,0,,,0,1.0,0.0,3,1.0,0.0,4,True,+,0.0
ENSMUSG00000020248-P,cis-2-Decenoic acid,,,0,,,0,,,0,-1.0,0.0,3,True,-,0.0
ENSMUSG00000020248-P,L-Val-L-Leu,,,0,,,0,1.0,0.0,3,1.0,0.0,3,True,+,0.0
ENSMUSG00000021482-P,"1,2-Bis(trimethylsiloxy)cyclohexene",,,0,,,0,,,0,1.0,0.0,3,True,+,0.0
ENSMUSG00000021482-P,2-Aminoquinolin-8-ol,,,0,,,0,,,0,1.0,0.0,3,True,+,0.0
ENSMUSG00000021482-P,2-Norbornanemethanol,,,0,,,0,,,0,1.0,0.0,3,True,+,0.0
ENSMUSG00000021482-P,"3,3-Dimethylacrylic acid",,,0,,,0,,,0,1.0,0.0,4,True,+,0.0
ENSMUSG00000021482-P,Azelaic acid,1.0,0.0,3,-0.5,0.6666666666666666,3,0.5797710356524484,0.227783956715016,6,0.7530659534637223,0.0046938930486737,12,True,+,0.1673621183600482
ENSMUSG00000021482-P,cis-2-Decenoic acid,,,0,,,0,,,0,-1.0,0.0,3,True,-,0.0
ENSMUSG00000021482-P,"N-[(3,4,5-Trimethoxyphenyl)methylidene]hydroxylamine",,,0,,,0,-1.0,0.0,3,-1.0,0.0,3,True,-,0.0
ENSMUSG00000021482-P,Salsoline,-1.0,0.0,3,0.5,0.6666666666666666,3,-0.7999999999999999,0.2000000000000001,4,-0.8545454545454544,0.0016368033159867,10,True,-,0.0661368564769408
ENSMUSG00000021482-P,Tyr-Val,,,0,,,0,,,0,-1.0,0.0,3,True,-,0.0
ENSMUSG00000023249-P,"13-Docosenamide, (Z)",,,0,,,0,-1.0,0.0,3,-1.0,0.0,3,True,-,0.0
ENSMUSG00000023249-P,"2,4-Dimethoxybenzaldoxime",,,0,,,0,,,0,-1.0,0.0,3,True,-,0.0
ENSMUSG00000023249-P,3-(4-Methoxyphenyl)coumarin,,,0,,,0,1.0,0.0,3,1.0,0.0,4,True,+,0.0
ENSMUSG00000023249-P,"3-Hydroxy-7,3',4',5'-tetramethoxyflavone",,,0,,,0,,,0,1.0,0.0,3,True,+,0.0
ENSMUSG00000023249-P,cis-2-Decenoic acid,,,0,,,0,,,0,1.0,0.0,3,True,+,0.0
ENSMUSG00000023249-P,Isosorbide,1.0,0.0,3,,,0,,,0,1.0,0.0,3,True,+,0.0
ENSMUSG00000023249-P,L-(+)-Threose,,,0,,,0,-1.0,0.0,3,-1.0,0.0,3,True,-,0.0
ENSMUSG00000023249-P,L-Val-L-Leu,,,0,,,0,-1.0,0.0,3,-1.0,0.0,3,True,-,0.0
ENSMUSG00000023249-P,Octadecanoic acid,,,0,,,0,,,0,1.0,0.0,3,True,+,0.0
ENSMUSG00000023249-P,Oleamide,0.5,0.6666666666666666,3,1.0,0.0,3,0.8285714285714287,0.0415626822157433,6,0.8601398601398602,0.0003316683391269,12,True,+,0.0144523008920071
ENSMUSG00000023249-P,Tyr-Val,,,0,,,0,,,0,-1.0,0.0,3,True,-,0.0
ENSMUSG00000087640-P,2-Aminoquinolin-8-ol,,,0,,,0,,,0,-1.0,0.0,3,True,-,0.0
ENSMUSG00000087640-P,"3,4-Dihydroxybenzaldehyde",1.0,0.0,3,,,0,,,0,1.0,0.0,3,True,+,0.0
ENSMUSG00000087640-P,"3,4-Methylenedioxyamphetamine",1.0,0.0,3,,,0,0.7745966692414834,0.2254033307585166,4,0.8728715609439696,0.0046592149439939,8,True,+,0.1667802587627352
ENSMUSG00000072704-P,"1,2-Cinnolinedicarboxylic acid, 1,2,3,5,6,7,8,8a-octahydro-4-trimethylsilyloxy-, diethyl ester",,,0,,,0,,,0,1.0,0.0,3,True,+,0.0
ENSMUSG00000072704-P,"13-Docosenamide, (Z)",,,0,,,0,1.0,0.0,3,1.0,0.0,3,True,+,0.0
ENSMUSG00000072704-P,"2,5-Bis((tert-butyldimethylsilyl)oxy)-4,4-dimethyl-4H-imidazole",,,0,,,0,-0.7142857142857143,0.1107871720116617,6,-0.8181818181818182,0.0038149200825507,10,True,-,0.1411277269915268
ENSMUSG00000072704-P,2-Aminoquinolin-8-ol,,,0,,,0,,,0,1.0,0.0,3,True,+,0.0
ENSMUSG00000072704-P,cis-2-Decenoic acid,,,0,,,0,,,0,-1.0,0.0,3,True,-,0.0
ENSMUSG00000072704-P,L-(+)-Threose,,,0,,,0,1.0,0.0,3,1.0,0.0,3,True,+,0.0
ENSMUSG00000072704-P,L-Val-L-Leu,,,0,,,0,1.0,0.0,3,1.0,0.0,3,True,+,0.0
ENSMUSG00000020135-P,"1,2-Cinnolinedicarboxylic acid, 1,2,3,5,6,7,8,8a-octahydro-4-trimethylsilyloxy-, diethyl ester",,,0,,,0,,,0,-1.0,0.0,3,True,-,0.0
ENSMUSG00000020135-P,"3-Hydroxy-7,3',4',5'-tetramethoxyflavone",,,0,,,0,,,0,-1.0,0.0,3,True,-,0.0
ENSMUSG00000020135-P,Acetic acid,-0.8660254037844387,0.3333333333333332,3,,,3,-0.4937707198786941,0.3195369222243138,6,-0.8186349431603628,0.0011298473773867,12,True,-,0.0467836526022943
ENSMUSG00000020135-P,Isosorbide,-1.0,0.0,3,,,0,,,0,-1.0,0.0,3,True,-,0.0
ENSMUSG00000020135-P,L-(+)-Threose,,,0,,,0,1.0,0.0,3,1.0,0.0,3,True,+,0.0
ENSMUSG00000020135-P,L-Val-L-Leu,,,0,,,0,-1.0,0.0,3,-1.0,0.0,3,True,-,0.0
ENSMUSG00000020135-P,Salsoline,0.5,0.6666666666666666,3,1.0,0.0,3,0.7999999999999999,0.2000000000000001,4,0.8424242424242423,0.0022200312259168,10,True,+,0.0874109733841736
ENSMUSG00000020135-P,Tyr-Val,,,0,,,0,,,0,1.0,0.0,3,True,+,0.0
ENSMUSG00000031657-P,"1,2-Bis(trimethylsiloxy)cyclohexene",,,0,,,0,,,0,1.0,0.0,3,True,+,0.0
ENSMUSG00000031657-P,"13-Docosenamide, (Z)",,,0,,,0,1.0,0.0,3,1.0,0.0,3,True,+,0.0
ENSMUSG00000031657-P,"3,4-Dihydroxybenzaldehyde",1.0,0.0,3,,,0,,,0,1.0,0.0,3,True,+,0.0
ENSMUSG00000031657-P,7-Hydroxy-4-(methoxymethyl)coumarin,,,0,,,0,-1.0,0.0,3,-1.0,0.0,4,True,-,0.0
ENSMUSG00000031657-P,Aniline,0.5,0.6666666666666666,3,1.0,0.0,3,0.7142857142857143,0.1107871720116617,6,0.7762237762237763,0.0029928636801859,12,True,+,0.1136263097655619
ENSMUSG00000031657-P,L-Tyrosine,1.0,0.0,3,,,0,0.2051956704170308,0.7405819415910723,5,0.8145934285312865,0.004106131521831,10,True,+,0.149614861133208
ENSMUSG00000031657-P,Tyr-Val,,,0,,,0,,,0,-1.0,0.0,3,True,-,0.0
ENSMUSG00000046947-P,"1,2-Bis(trimethylsiloxy)cyclohexene",,,0,,,0,,,0,-1.0,0.0,3,True,-,0.0
ENSMUSG00000046947-P,7-Hydroxy-4-(methoxymethyl)coumarin,,,0,,,0,-1.0,0.0,3,-1.0,0.0,4,True,-,0.0
ENSMUSG00000046947-P,Chlorobenzilate ,,,0,,,0,,,0,-1.0,0.0,4,True,-,0.0
ENSMUSG00000046947-P,L-(+)-Threose,,,0,,,0,-1.0,0.0,3,-1.0,0.0,3,True,-,0.0
ENSMUSG00000046947-P,"N-[(3,4,5-Trimethoxyphenyl)methylidene]hydroxylamine",,,0,,,0,-1.0,0.0,3,-1.0,0.0,3,True,-,0.0
ENSMUSG00000046947-P,Tyr-Val,,,0,,,0,,,0,1.0,0.0,3,True,+,0.0
ENSMUSG00000034930-P,"13-Docosenamide, (Z)",,,0,,,0,1.0,0.0,3,1.0,0.0,3,True,+,0.0
ENSMUSG00000034930-P,2-Aminoquinolin-8-ol,,,0,,,0,,,0,1.0,0.0,3,True,+,0.0
ENSMUSG00000034930-P,"4,5-Dihydro-1H-pyrazole",,,0,,,0,,,0,1.0,0.0,4,True,+,0.0
ENSMUSG00000034930-P,L-Val-L-Leu,,,0,,,0,-1.0,0.0,3,-1.0,0.0,3,True,-,0.0
ENSMUSG00000034930-P,Tyr-Val,,,0,,,0,,,0,-1.0,0.0,3,True,-,0.0
ENSMUSG00000022561-P,"13-Docosenamide, (Z)",,,0,,,0,-1.0,0.0,3,-1.0,0.0,3,True,-,0.0
ENSMUSG00000022561-P,2-Aminoquinolin-8-ol,,,0,,,0,,,0,1.0,0.0,3,True,+,0.0
ENSMUSG00000022561-P,3-(4-Methoxyphenyl)coumarin,,,0,,,0,1.0,0.0,3,1.0,0.0,4,True,+,0.0
ENSMUSG00000022561-P,"3,4-Dihydroxybenzaldehyde",-1.0,0.0,3,,,0,,,0,-1.0,0.0,3,True,-,0.0
ENSMUSG00000022561-P,"3-Hydroxy-7,3',4',5'-tetramethoxyflavone",,,0,,,0,,,0,1.0,0.0,3,True,+,0.0
ENSMUSG00000022561-P,Ethanolamine,-0.5,0.6666666666666666,3,-0.8660254037844387,0.3333333333333332,3,0.0579771035652448,0.9131317851623264,6,-0.743864228171854,0.0055414636136485,12,True,-,0.188679669155331
ENSMUSG00000022561-P,L-(+)-Threose,,,0,,,0,-1.0,0.0,3,-1.0,0.0,3,True,-,0.0
ENSMUSG00000022561-P,L-Val-L-Leu,,,0,,,0,-1.0,0.0,3,-1.0,0.0,3,True,-,0.0
ENSMUSG00000022561-P,Tyr-Val,,,0,,,0,,,0,1.0,0.0,3,True,+,0.0
ENSMUSG00000097626-P,"13-Docosenamide, (Z)",,,0,,,0,1.0,0.0,3,1.0,0.0,3,True,+,0.0
ENSMUSG00000097626-P,"2,4-Dimethoxybenzaldoxime",,,0,,,0,,,0,1.0,0.0,3,True,+,0.0
ENSMUSG00000097626-P,2-Aminoquinolin-8-ol,,,0,,,0,,,0,1.0,0.0,3,True,+,0.0
ENSMUSG00000097626-P,2-Furoic acid,-1.0,0.0,3,-1.0,0.0,3,-0.7999999999999999,0.2000000000000001,4,-0.8545454545454544,0.0016368033159867,10,True,-,0.0661368564769408
ENSMUSG00000097626-P,3-Aminobenzoic acid,,,0,-1.0,0.0,3,-0.5428571428571429,0.2657026239067054,6,-0.7744894808829488,0.0051311814601284,11,True,-,0.1771202799073563
ENSMUSG00000097626-P,L-(+)-Threose,,,0,,,0,1.0,0.0,3,1.0,0.0,3,True,+,0.0
ENSMUSG00000031583-P,"1,2-Bis(trimethylsiloxy)cyclohexene",,,0,,,0,,,0,-1.0,0.0,3,True,-,0.0
ENSMUSG00000031583-P,"1,2-Cinnolinedicarboxylic acid, 1,2,3,5,6,7,8,8a-octahydro-4-trimethylsilyloxy-, diethyl ester",,,0,,,0,,,0,-1.0,0.0,3,True,-,0.0
ENSMUSG00000031583-P,"13-Docosenamide, (Z)",,,0,,,0,1.0,0.0,3,1.0,0.0,3,True,+,0.0
ENSMUSG00000031583-P,2-Aminoquinolin-8-ol,,,0,,,0,,,0,1.0,0.0,3,True,+,0.0
ENSMUSG00000031583-P,"3,4-Dihydroxybenzaldehyde",-1.0,0.0,3,,,0,,,0,-1.0,0.0,3,True,-,0.0
ENSMUSG00000031583-P,"3-Hydroxy-7,3',4',5'-tetramethoxyflavone",,,0,,,0,,,0,1.0,0.0,3,True,+,0.0
ENSMUSG00000031583-P,Chlorobenzilate ,,,0,,,0,,,0,-1.0,0.0,4,True,-,0.0
ENSMUSG00000031583-P,Glabridin,,,0,,,0,,,0,1.0,0.0,4,True,+,0.0
ENSMUSG00000031583-P,Lignoceric acid,-0.5,0.6666666666666666,3,0.5,0.6666666666666666,3,-0.8406680016960503,0.0360575728451592,6,-0.7635738504887974,0.0038500936565595,12,True,-,0.1414605165627303
ENSMUSG00000031583-P,"Phenol, 2,4-bis(1-methyl-1-phenylethyl)-",-1.0,0.0,3,1.0,0.0,3,-1.0,0.0,6,-0.8391608391608393,0.0006428259886278,12,True,-,0.0273938531641632
ENSMUSG00000044317-P,"13-Docosenamide, (Z)",,,0,,,0,-1.0,0.0,3,-1.0,0.0,3,True,-,0.0
ENSMUSG00000044317-P,"3,4-Dihydroxybenzaldehyde",1.0,0.0,3,,,0,,,0,1.0,0.0,3,True,+,0.0
ENSMUSG00000044317-P,7-Hydroxy-4-(methoxymethyl)coumarin,,,0,,,0,-1.0,0.0,3,-1.0,0.0,4,True,-,0.0
ENSMUSG00000044317-P,cis-2-Decenoic acid,,,0,,,0,,,0,1.0,0.0,3,True,+,0.0
ENSMUSG00000044317-P,L-Val-L-Leu,,,0,,,0,-1.0,0.0,3,-1.0,0.0,3,True,-,0.0
ENSMUSG00000001441-P,"13-Docosenamide, (Z)",,,0,,,0,1.0,0.0,3,1.0,0.0,3,True,+,0.0
ENSMUSG00000001441-P,"2,4-Dimethoxybenzaldoxime",,,0,,,0,,,0,1.0,0.0,3,True,+,0.0
ENSMUSG00000001441-P,2-Aminoquinolin-8-ol,,,0,,,0,,,0,1.0,0.0,3,True,+,0.0
ENSMUSG00000001441-P,"3-Hydroxy-7,3',4',5'-tetramethoxyflavone",,,0,,,0,,,0,1.0,0.0,3,True,+,0.0
ENSMUSG00000001441-P,"4-[2-(4,7-Dimethoxy-2H-1,3-benzodioxol-5-yl)ethenyl]-2-methoxyphenol",-1.0,0.0,3,-1.0,0.0,3,-0.6377481392176932,0.1730711102412598,6,-0.7810870121972561,0.0027052956461396,12,True,-,0.1035246286271809
ENSMUSG00000001441-P,cis-2-Decenoic acid,,,0,,,0,,,0,-1.0,0.0,3,True,-,0.0
ENSMUSG00000001441-P,Glabridin,,,0,,,0,,,0,1.0,0.0,4,True,+,0.0
ENSMUSG00000001441-P,Isosorbide,1.0,0.0,3,,,0,,,0,1.0,0.0,3,True,+,0.0
ENSMUSG00000001441-P,L-(+)-Threose,,,0,,,0,1.0,0.0,3,1.0,0.0,3,True,+,0.0
ENSMUSG00000037742-P,"1,2-Bis(trimethylsiloxy)cyclohexene",,,0,,,0,,,0,1.0,0.0,3,True,+,0.0
ENSMUSG00000037742-P,2-Norbornanemethanol,,,0,,,0,,,0,1.0,0.0,3,True,+,0.0
ENSMUSG00000037742-P,Azelaic acid,1.0,0.0,3,1.0,0.0,3,0.4058397249567139,0.4246625075613642,6,0.7880922768806397,0.0023286751402374,12,True,+,0.0910978063660742
ENSMUSG00000037742-P,Octanoic acid,,,0,,,0,0.7999999999999999,0.2000000000000001,4,0.942857142857143,0.004804664723032,6,True,+,0.1679020985499759
ENSMUSG00000037742-P,Tyr-Val,,,0,,,0,,,0,-1.0,0.0,3,True,-,0.0
ENSMUSG00000001054-P,"1,2-Bis(trimethylsiloxy)cyclohexene",,,0,,,0,,,0,-1.0,0.0,3,True,-,0.0
ENSMUSG00000001054-P,"2,4-Dimethoxybenzaldoxime",,,0,,,0,,,0,1.0,0.0,3,True,+,0.0
ENSMUSG00000001054-P,Aconitic acid,1.0,0.0,3,0.5,0.6666666666666666,3,0.9276336570439176,0.0076658441874731,6,0.7810870121972561,0.0027052956461396,12,True,+,0.1035246286271809
ENSMUSG00000001054-P,"Benzene, 1-ethyl-3,5-dimethyl",,,0,,,0,,,0,1.0,0.0,4,True,+,0.0
ENSMUSG00000001054-P,"l-Leucine, n-butoxycarbonyl-N-methyl-, hexadecyl ester",,,0,,,0,,,0,1.0,0.0,4,True,+,0.0
ENSMUSG00000001054-P,L-Val-L-Leu,,,0,,,0,1.0,0.0,3,1.0,0.0,3,True,+,0.0
ENSMUSG00000001054-P,tert-butyl(dimethyl)silyl-2-([tert-butyl(dimethyl)silyl]oxy)hex-2-enoate,,,0,,,0,1.0,0.0,4,1.0,0.0,4,True,+,0.0
ENSMUSG00000001054-P,Tyr-Val,,,0,,,0,,,0,1.0,0.0,3,True,+,0.0
ENSMUSG00000021886-P,"13-Docosenamide, (Z)",,,0,,,0,1.0,0.0,3,1.0,0.0,3,True,+,0.0
ENSMUSG00000021886-P,2-Norbornanemethanol,,,0,,,0,,,0,1.0,0.0,3,True,+,0.0
ENSMUSG00000021886-P,"3,3-Dimethylacrylic acid",,,0,,,0,,,0,1.0,0.0,4,True,+,0.0
ENSMUSG00000021886-P,"4,5-Dihydro-1H-pyrazole",,,0,,,0,,,0,1.0,0.0,4,True,+,0.0
ENSMUSG00000021886-P,Isopropylamine,1.0,0.0,3,1.0,0.0,3,0.8285714285714287,0.0415626822157433,6,0.7902097902097903,0.0022231354099909,12,True,+,0.0874109733841736
ENSMUSG00000021886-P,L-(+)-Threose,,,0,,,0,1.0,0.0,3,1.0,0.0,3,True,+,0.0
ENSMUSG00000021886-P,N-Ethylamphetamine,0.5,0.6666666666666666,3,,,0,0.6377481392176932,0.1730711102412598,6,0.8127938616594572,0.0023561106719498,11,True,+,0.0921538307370256
ENSMUSG00000031157-P,"13-Docosenamide, (Z)",,,0,,,0,1.0,0.0,3,1.0,0.0,3,True,+,0.0
ENSMUSG00000031157-P,2-Cyanobenzaldehyde,,,0,,,0,1.0,1.4042654220543602e-24,5,1.0,0.0,6,True,+,0.0
ENSMUSG00000031157-P,2-Norbornanemethanol,,,0,,,0,,,0,-1.0,0.0,3,True,-,0.0
ENSMUSG00000031157-P,"3,4-Dihydroxybenzaldehyde",-1.0,0.0,3,,,0,,,0,-1.0,0.0,3,True,-,0.0
ENSMUSG00000031157-P,Luciferin,,,0,,,0,,,0,-1.0,0.0,4,True,-,0.0
ENSMUSG00000031157-P,L-Val-L-Leu,,,0,,,0,1.0,0.0,3,1.0,0.0,3,True,+,0.0
ENSMUSG00000031157-P,Sarcosine,,,0,,,0,,,0,0.942857142857143,0.004804664723032,6,True,+,0.1679020985499759
ENSMUSG00000037326-P,"13-Docosenamide, (Z)",,,0,,,0,1.0,0.0,3,1.0,0.0,3,True,+,0.0
ENSMUSG00000037326-P,"1-Pentene, 1,3-diphenyl-1-(trimethylsilyloxy)-",,,0,,,0,,,0,1.0,0.0,4,True,+,0.0
ENSMUSG00000037326-P,2-Norbornanemethanol,,,0,,,0,,,0,-1.0,0.0,3,True,-,0.0
ENSMUSG00000037326-P,"3,4-Dihydroxybenzaldehyde",-1.0,0.0,3,,,0,,,0,-1.0,0.0,3,True,-,0.0
ENSMUSG00000037326-P,4-tert-Butyldimethylsiloxy-3-penten-2-one,,,0,,,0,-1.0,0.0,4,-1.0,0.0,4,True,-,0.0
ENSMUSG00000037326-P,cis-2-Decenoic acid,,,0,,,0,,,0,-1.0,0.0,3,True,-,0.0
ENSMUSG00000037326-P,Monocaproin,-1.0,0.0,3,,,0,-1.0,0.0,3,-0.880952380952381,0.0038503204637324,8,True,-,0.1414605165627303
ENSMUSG00000037326-P,Octanoic acid,,,0,,,0,-0.7999999999999999,0.2000000000000001,4,-0.942857142857143,0.004804664723032,6,True,-,0.1679020985499759
ENSMUSG00000037326-P,Tyr-Val,,,0,,,0,,,0,1.0,0.0,3,True,+,0.0
ENSMUSG00000046351-P,"1,2-Cinnolinedicarboxylic acid, 1,2,3,5,6,7,8,8a-octahydro-4-trimethylsilyloxy-, diethyl ester",,,0,,,0,,,0,-1.0,0.0,3,True,-,0.0
ENSMUSG00000046351-P,"13-Docosenamide, (Z)",,,0,,,0,1.0,0.0,3,1.0,0.0,3,True,+,0.0
ENSMUSG00000046351-P,"2,4-Dimethoxybenzaldoxime",,,0,,,0,,,0,1.0,0.0,3,True,+,0.0
ENSMUSG00000046351-P,"3,4-Dihydroxybenzaldehyde",-1.0,0.0,3,,,0,,,0,-1.0,0.0,3,True,-,0.0
ENSMUSG00000046351-P,"3-Hydroxy-7,3',4',5'-tetramethoxyflavone",,,0,,,0,,,0,1.0,0.0,3,True,+,0.0
ENSMUSG00000046351-P,"6-Aminocaproic acid, N-(tert.-butyldimethylsilyl)",0.8660254037844387,0.3333333333333332,3,0.8660254037844387,0.3333333333333332,3,1.0,0.0,4,0.8719674296463189,0.0010044418544527,10,True,+,0.0418858130905164
ENSMUSG00000046351-P,L-(+)-Threose,,,0,,,0,1.0,0.0,3,1.0,0.0,3,True,+,0.0
ENSMUSG00000030605-P,"1,2-Bis(trimethylsiloxy)cyclohexene",,,0,,,0,,,0,-1.0,0.0,3,True,-,0.0
ENSMUSG00000030605-P,"13-Docosenamide, (Z)",,,0,,,0,-1.0,0.0,3,-1.0,0.0,3,True,-,0.0
ENSMUSG00000030605-P,"2,4-Di-tert-butylphenol",-1.0,0.0,3,-1.0,0.0,3,,,0,-1.0,0.0,7,True,-,0.0
ENSMUSG00000030605-P,2-Aminoquinolin-8-ol,,,0,,,0,,,0,1.0,0.0,3,True,+,0.0
ENSMUSG00000030605-P,2-Norbornanemethanol,,,0,,,0,,,0,-1.0,0.0,3,True,-,0.0
ENSMUSG00000030605-P,"3,4-Dihydroxybenzaldehyde",-1.0,0.0,3,,,0,,,0,-1.0,0.0,3,True,-,0.0
ENSMUSG00000030605-P,"3-Hydroxy-7,3',4',5'-tetramethoxyflavone",,,0,,,0,,,0,1.0,0.0,3,True,+,0.0
ENSMUSG00000030605-P,Ethanolamine,-0.5,0.6666666666666666,3,0.0,1.0,3,-0.0289885517826224,0.9565293523898406,6,-0.7754433699338666,0.0030410933690381,12,True,-,0.1153396348750808
ENSMUSG00000030605-P,Tyr-Val,,,0,,,0,,,0,1.0,0.0,3,True,+,0.0
ENSMUSG00000030108-P,"13-Docosenamide, (Z)",,,0,,,0,1.0,0.0,3,1.0,0.0,3,True,+,0.0
ENSMUSG00000030108-P,2-Cyanobenzaldehyde,,,0,,,0,0.8999999999999998,0.0373860734684987,5,0.942857142857143,0.004804664723032,6,True,+,0.1679020985499759
ENSMUSG00000030108-P,3-(4-Methoxyphenyl)coumarin,,,0,,,0,-1.0,0.0,3,-1.0,0.0,4,True,-,0.0
ENSMUSG00000030108-P,cis-2-Decenoic acid,,,0,,,0,,,0,1.0,0.0,3,True,+,0.0
ENSMUSG00000030108-P,Glabridin,,,0,,,0,,,0,-1.0,0.0,4,True,-,0.0
ENSMUSG00000030108-P,L-Val-L-Leu,,,0,,,0,1.0,0.0,3,1.0,0.0,3,True,+,0.0
ENSMUSG00000030108-P,Oleamide,-1.0,0.0,3,-0.5,0.6666666666666666,3,-0.8285714285714287,0.0415626822157433,6,-0.7412587412587414,0.0058011504744782,12,True,-,0.1955303081363889
ENSMUSG00000030108-P,Tyr-Val,,,0,,,0,,,0,1.0,0.0,3,True,+,0.0
ENSMUSG00000042349-P,"13-Docosenamide, (Z)",,,0,,,0,-1.0,0.0,3,-1.0,0.0,3,True,-,0.0
ENSMUSG00000042349-P,2-Aminoquinolin-8-ol,,,0,,,0,,,0,-1.0,0.0,3,True,-,0.0
ENSMUSG00000042349-P,3-Aminobenzoic acid,,,0,0.5,0.6666666666666666,3,0.8285714285714287,0.0415626822157433,6,0.8154918651649875,0.0022162916546952,11,True,+,0.0874050544228039
ENSMUSG00000042349-P,6-Methyluracil,0.5,0.6666666666666666,3,0.5,0.6666666666666666,3,0.9856107606091624,0.0003090856678496,6,0.8280701754385966,0.0008796802766453,12,True,+,0.0369596615729477
ENSMUSG00000042349-P,7-Hydroxy-4-(methoxymethyl)coumarin,,,0,,,0,-1.0,0.0,3,-1.0,0.0,4,True,-,0.0
ENSMUSG00000042349-P,cis-2-Decenoic acid,,,0,,,0,,,0,1.0,0.0,3,True,+,0.0
ENSMUSG00000042349-P,"Hymexazole, tert-butyldimethylsilyl ether",0.5,0.6666666666666666,3,0.5,0.6666666666666666,3,0.942857142857143,0.004804664723032,6,0.8581449237144743,0.0003547590073493,12,True,+,0.0154391474683529
ENSMUSG00000042349-P,Isosorbide,-1.0,0.0,3,,,0,,,0,-1.0,0.0,3,True,-,0.0
ENSMUSG00000042349-P,L-Ornithine,,,0,,,0,,,0,1.0,0.0,4,True,+,0.0
ENSMUSG00000042349-P,Octadecanoic acid,,,0,,,0,,,0,-1.0,0.0,3,True,-,0.0
ENSMUSG00000037012-P,"1,2-Bis(trimethylsiloxy)cyclohexene",,,0,,,0,,,0,-1.0,0.0,3,True,-,0.0
ENSMUSG00000037012-P,"13-Docosenamide, (Z)",,,0,,,0,-1.0,0.0,3,-1.0,0.0,3,True,-,0.0
ENSMUSG00000037012-P,2-Aminoquinolin-8-ol,,,0,,,0,,,0,1.0,0.0,3,True,+,0.0
ENSMUSG00000037012-P,3-(4-Methoxyphenyl)coumarin,,,0,,,0,1.0,0.0,3,1.0,0.0,4,True,+,0.0
ENSMUSG00000037012-P,Aconitic acid,1.0,0.0,3,0.5,0.6666666666666666,3,0.5217939320872036,0.2883432338003935,6,0.7705791151721809,0.0033551786239375,12,True,+,0.1259035599291489
ENSMUSG00000037012-P,"l-Leucine, n-butoxycarbonyl-N-methyl-, hexadecyl ester",,,0,,,0,,,0,1.0,0.0,4,True,+,0.0
ENSMUSG00000037012-P,Tyr-Val,,,0,,,0,,,0,1.0,0.0,3,True,+,0.0
ENSMUSG00000040640-P,"3,4-Dihydroxybenzaldehyde",1.0,0.0,3,,,0,,,0,1.0,0.0,3,True,+,0.0
ENSMUSG00000040640-P,L-Threonine,,,0,,,0,-1.0,0.0,4,-1.0,1.4042654220543602e-24,5,True,-,6.303055151107153e-23
ENSMUSG00000040640-P,Tyr-Val,,,0,,,0,,,0,-1.0,0.0,3,True,-,0.0
ENSMUSG00000039943-P,"2,4-Dimethoxybenzaldoxime",,,0,,,0,,,0,1.0,0.0,3,True,+,0.0
ENSMUSG00000039943-P,"3-Hydroxy-7,3',4',5'-tetramethoxyflavone",,,0,,,0,,,0,1.0,0.0,3,True,+,0.0
ENSMUSG00000039943-P,"4,5-Dihydro-1H-pyrazole",,,0,,,0,,,0,1.0,0.0,4,True,+,0.0
ENSMUSG00000039943-P,6-Nitroveratryl alcohol,,,0,,,0,1.0,0.0,3,1.0,1.4042654220543602e-24,5,True,+,6.303055151107153e-23
ENSMUSG00000039943-P,cis-2-Decenoic acid,,,0,,,0,,,0,-1.0,0.0,3,True,-,0.0
ENSMUSG00000039943-P,Glabridin,,,0,,,0,,,0,1.0,0.0,4,True,+,0.0
ENSMUSG00000039943-P,Isosorbide,1.0,0.0,3,,,0,,,0,1.0,0.0,3,True,+,0.0
ENSMUSG00000039943-P,L-(+)-Threose,,,0,,,0,1.0,0.0,3,1.0,0.0,3,True,+,0.0
ENSMUSG00000056598-P,"3,4-Dihydroxybenzaldehyde",-1.0,0.0,3,,,0,,,0,-1.0,0.0,3,True,-,0.0
ENSMUSG00000056598-P,Diclofenac,,,0,,,0,,,0,-1.0,0.0,4,True,-,0.0
ENSMUSG00000056598-P,L-(+)-Threose,,,0,,,0,-1.0,0.0,3,-1.0,0.0,3,True,-,0.0
ENSMUSG00000056598-P,L-Val-L-Leu,,,0,,,0,1.0,0.0,3,1.0,0.0,3,True,+,0.0
ENSMUSG00000056598-P,Octadecanoic acid,,,0,,,0,,,0,-1.0,0.0,3,True,-,0.0
ENSMUSG00000056598-P,Tyr-Val,,,0,,,0,,,0,1.0,0.0,3,True,+,0.0
ENSMUSG00000037736-P,"13-Docosenamide, (Z)",,,0,,,0,1.0,0.0,3,1.0,0.0,3,True,+,0.0
ENSMUSG00000037736-P,2-Aminoquinolin-8-ol,,,0,,,0,,,0,1.0,0.0,3,True,+,0.0
ENSMUSG00000037736-P,"3-Hydroxy-7,3',4',5'-tetramethoxyflavone",,,0,,,0,,,0,1.0,0.0,3,True,+,0.0
ENSMUSG00000037736-P,"4,5-Dihydro-1H-pyrazole",,,0,,,0,,,0,1.0,0.0,4,True,+,0.0
ENSMUSG00000037736-P,7-Hydroxy-4-(methoxymethyl)coumarin,,,0,,,0,1.0,0.0,3,1.0,0.0,4,True,+,0.0
ENSMUSG00000037736-P,Aceturic acid,-0.5,0.6666666666666666,3,,,0,0.7714285714285715,0.0723965014577259,6,0.8363636363636365,0.0013331850799508,11,True,+,0.0547260688811238
ENSMUSG00000037736-P,"Benzene, 1,4-dimethoxy",0.8660254037844387,0.3333333333333332,3,0.5,0.6666666666666666,3,0.6,0.208,6,0.8021028062474065,0.0016965328946357,12,True,+,0.0682730321658673
ENSMUSG00000037736-P,cis-2-Decenoic acid,,,0,,,0,,,0,-1.0,0.0,3,True,-,0.0
ENSMUSG00000037736-P,"Cyclohexanone, 3,3,5-trimethyl",0.5,0.6666666666666666,3,1.0,0.0,3,0.7999999999999999,0.1040880386618278,5,0.7727272727272727,0.0052994871786438,11,True,+,0.1815800018212259
ENSMUSG00000037736-P,Glabridin,,,0,,,0,,,0,1.0,0.0,4,True,+,0.0
ENSMUSG00000037736-P,Isosorbide,1.0,0.0,3,,,0,,,0,1.0,0.0,3,True,+,0.0
ENSMUSG00000037736-P,"L-Histidine, N,1-bis(tert-butyldimethylsilyl)-",-0.5,0.6666666666666666,3,0.5,0.6666666666666666,3,0.8116794499134279,0.0498575851013403,6,0.7495633211220306,0.0050040491837882,12,True,+,0.1736498981001007
ENSMUSG00000037736-P,N-Methylacetamide,-1.0,0.0,3,0.8660254037844387,0.3333333333333332,3,0.8116794499134279,0.0498575851013403,6,0.7719345764047542,0.0032652886198781,12,True,+,0.1229499737317228
ENSMUSG00000037736-P,Trimethylolpropane,,,0,,,0,0.8720815992723809,0.0538542177275421,5,0.9700772721497396,6.548558831120661e-05,8,True,+,0.0029173899406702
ENSMUSG00000037736-P,Tyr-Val,,,0,,,0,,,0,-1.0,0.0,3,True,-,0.0
ENSMUSG00000095677-P,"1-(4-Methoxyphenyl)-4,6-dimethyl-2(1H)-pyrimidinone",,,0,-1.0,0.0,3,-0.7714285714285715,0.0723965014577259,6,-0.779045301358731,0.0047143205511965,11,True,-,0.1679020985499759
ENSMUSG00000095677-P,"2,4-Imidazolidinedione, 5,5-dimethyl",0.8660254037844387,0.3333333333333332,3,0.5,0.6666666666666666,3,0.5797710356524484,0.227783956715016,6,0.8077714478472225,0.001482115992237,12,True,+,0.0604712586248777
ENSMUSG00000095677-P,2-Cyanobenzaldehyde,,,0,,,0,-0.8999999999999998,0.0373860734684987,5,-0.942857142857143,0.004804664723032,6,True,-,0.1679020985499759
ENSMUSG00000095677-P,3-(4-Methoxyphenyl)coumarin,,,0,,,0,1.0,0.0,3,1.0,0.0,4,True,+,0.0
ENSMUSG00000095677-P,6-Methyluracil,0.8660254037844387,0.3333333333333332,3,0.5,0.6666666666666666,3,0.5797710356524484,0.227783956715016,6,0.7795523579660967,0.0027936595597021,12,True,+,0.1068473784375172
ENSMUSG00000095677-P,"Kojic acid, bis(tert-butyldimethylsilyl) ether",0.8660254037844387,0.3333333333333332,3,0.5,0.6666666666666666,3,0.5428571428571429,0.2657026239067054,6,0.7887519530284786,0.0022953943176097,12,True,+,0.0900825861610388
ENSMUSG00000095677-P,L-(+)-Threose,,,0,,,0,-1.0,0.0,3,-1.0,0.0,3,True,-,0.0
ENSMUSG00000095677-P,L-Val-L-Leu,,,0,,,0,-1.0,0.0,3,-1.0,0.0,3,True,-,0.0
ENSMUSG00000095677-P,Methylthiouracil,,,0,0.5,0.6666666666666666,3,0.6,0.208,6,0.8337151470681154,0.0014272961872224,11,True,+,0.0583942168314564
ENSMUSG00000095677-P,Oleic Acid,1.0,0.0,3,,,0,,,0,1.0,0.0,3,True,+,0.0
ENSMUSG00000004098-P,2-Buten-1-ol,,,0,,,0,,,0,0.9411239481143202,0.0050975405648614,6,True,+,0.1767474486594989
ENSMUSG00000004098-P,Glabridin,,,0,,,0,,,0,1.0,0.0,4,True,+,0.0
ENSMUSG00000004098-P,L-(+)-Threose,,,0,,,0,1.0,0.0,3,1.0,0.0,3,True,+,0.0
ENSMUSG00000100075-P,"4,5-Dihydro-1H-pyrazole",,,0,,,0,,,0,1.0,0.0,4,True,+,0.0
ENSMUSG00000100075-P,"Glycine, tert.-butyldimethylsilyl ester",0.5,0.6666666666666666,3,-0.5,0.6666666666666666,3,-0.9705882352941178,0.0012848565031548,6,-0.7416284197236341,0.0057637580221162,12,True,-,0.1953413789360841
ENSMUSG00000100075-P,L-(+)-Threose,,,0,,,0,1.0,0.0,3,1.0,0.0,3,True,+,0.0
ENSMUSG00000100075-P,Oxalic acid,-0.8660254037844387,0.3333333333333332,3,-0.8660254037844387,0.3333333333333332,3,-0.9705882352941178,0.0012848565031548,6,-0.7692910876839817,0.0034423273608834,12,True,-,0.1288426047067842
ENSMUSG00000031918-P,"1,2-Bis(trimethylsiloxy)cyclohexene",,,0,,,0,,,0,1.0,0.0,3,True,+,0.0
ENSMUSG00000031918-P,"13-Docosenamide, (Z)",,,0,,,0,-1.0,0.0,3,-1.0,0.0,3,True,-,0.0
ENSMUSG00000031918-P,"2,4-Di-tert-butylphenol",1.0,0.0,3,1.0,0.0,3,,,0,0.9642857142857144,0.0004541491691941,7,True,+,0.0196011697980853
ENSMUSG00000031918-P,2-Aminoquinolin-8-ol,,,0,,,0,,,0,-1.0,0.0,3,True,-,0.0
ENSMUSG00000031918-P,"3,4-Dihydroxybenzaldehyde",1.0,0.0,3,,,0,,,0,1.0,0.0,3,True,+,0.0
ENSMUSG00000031918-P,4-Oxohexanoic acid,1.0,0.0,3,1.0,0.0,3,0.3999999999999999,0.6,4,0.8181818181818182,0.0038149200825507,10,True,+,0.1411277269915268
ENSMUSG00000031918-P,Prostaglandin,,,0,1.0,0.0,3,,,0,0.942857142857143,0.004804664723032,6,True,+,0.1679020985499759
ENSMUSG00000031918-P,Tyr-Val,,,0,,,0,,,0,-1.0,0.0,3,True,-,0.0
ENSMUSG00000035152-P,2-Aminoquinolin-8-ol,,,0,,,0,,,0,1.0,0.0,3,True,+,0.0
ENSMUSG00000035152-P,"3-Hydroxy-7,3',4',5'-tetramethoxyflavone",,,0,,,0,,,0,1.0,0.0,3,True,+,0.0
ENSMUSG00000035152-P,7-Hydroxy-4-(methoxymethyl)coumarin,,,0,,,0,1.0,0.0,3,1.0,0.0,4,True,+,0.0
ENSMUSG00000035152-P,cis-2-Decenoic acid,,,0,,,0,,,0,-1.0,0.0,3,True,-,0.0
ENSMUSG00000035152-P,Hypoxanthine,-1.0,0.0,3,-1.0,0.0,3,-0.8285714285714287,0.0415626822157433,6,-0.8041958041958043,0.0016147689860699,12,True,-,0.0653602928999312
ENSMUSG00000035152-P,Isosorbide,1.0,0.0,3,,,0,,,0,1.0,0.0,3,True,+,0.0
ENSMUSG00000104339-P,"1,2-Bis(trimethylsiloxy)cyclohexene",,,0,,,0,,,0,-1.0,0.0,3,True,-,0.0
ENSMUSG00000104339-P,"13-Docosenamide, (Z)",,,0,,,0,-1.0,0.0,3,-1.0,0.0,3,True,-,0.0
ENSMUSG00000104339-P,"2,4-Dimethoxybenzaldoxime",,,0,,,0,,,0,-1.0,0.0,3,True,-,0.0
ENSMUSG00000104339-P,2-Aminoquinolin-8-ol,,,0,,,0,,,0,-1.0,0.0,3,True,-,0.0
ENSMUSG00000104339-P,2-Ethyl-1-butanol,,,0,,,0,-1.0,0.0,3,-1.0,1.4042654220543602e-24,5,True,-,6.303055151107153e-23
ENSMUSG00000104339-P,"3-Hydroxy-7,3',4',5'-tetramethoxyflavone",,,0,,,0,,,0,1.0,0.0,3,True,+,0.0
ENSMUSG00000104339-P,"4-[2-(4,7-Dimethoxy-2H-1,3-benzodioxol-5-yl)ethenyl]-2-methoxyphenol",0.5,0.6666666666666666,3,0.5,0.6666666666666666,3,0.8696565534786727,0.0243768916856907,6,0.8406317620060156,0.0006155686440654,12,True,+,0.0262751608766138
ENSMUSG00000104339-P,tert-butyl(dimethyl)silyl-2-([tert-butyl(dimethyl)silyl]oxy)hex-2-enoate,,,0,,,0,-1.0,0.0,4,-1.0,0.0,4,True,-,0.0
ENSMUSG00000038717-P,"1,2-Bis(trimethylsiloxy)cyclohexene",,,0,,,0,,,0,1.0,0.0,3,True,+,0.0
ENSMUSG00000038717-P,"3-Hydroxy-7,3',4',5'-tetramethoxyflavone",,,0,,,0,,,0,1.0,0.0,3,True,+,0.0
ENSMUSG00000038717-P,Butylmethylamine,1.0,0.0,3,0.0,1.0,3,0.942857142857143,0.004804664723032,6,0.7880922768806397,0.0023286751402374,12,True,+,0.0910978063660742
ENSMUSG00000038717-P,cis-2-Decenoic acid,,,0,,,0,,,0,-1.0,0.0,3,True,-,0.0
ENSMUSG00000038717-P,Isosorbide,1.0,0.0,3,,,0,,,0,1.0,0.0,3,True,+,0.0
ENSMUSG00000038717-P,L-(+)-Threose,,,0,,,0,-1.0,0.0,3,-1.0,0.0,3,True,-,0.0
ENSMUSG00000038717-P,L-Threonine,,,0,,,0,-1.0,0.0,4,-1.0,1.4042654220543602e-24,5,True,-,6.303055151107153e-23
ENSMUSG00000038717-P,N-Ethylamphetamine,1.0,0.0,3,,,0,0.6957252427829382,0.1247893374402869,6,0.8447576652078628,0.0010654299269644,11,True,+,0.0442654462000281
ENSMUSG00000038717-P,Salsoline,-0.5,0.6666666666666666,3,1.0,0.0,3,-0.3999999999999999,0.6,4,-0.8424242424242423,0.0022200312259168,10,True,-,0.0874109733841736
ENSMUSG00000038717-P,Tyr-Val,,,0,,,0,,,0,-1.0,0.0,3,True,-,0.0
ENSMUSG00000019464-P,"1,3-Oxazolidine, 2,5-diphenyl-4-methyl-, trans-",-1.0,0.0,3,0.5,0.6666666666666666,3,0.2353959545345998,0.6534278608778468,6,0.817548892283217,0.0011618236496981,12,True,+,0.0479935613617874
ENSMUSG00000019464-P,2-Aminoquinolin-8-ol,,,0,,,0,,,0,1.0,0.0,3,True,+,0.0
ENSMUSG00000019464-P,2-Cyanobenzaldehyde,,,0,,,0,-0.8999999999999998,0.0373860734684987,5,-0.942857142857143,0.004804664723032,6,True,-,0.1679020985499759
ENSMUSG00000019464-P,"3,4-Dihydroxybenzaldehyde",1.0,0.0,3,,,0,,,0,1.0,0.0,3,True,+,0.0
ENSMUSG00000019464-P,"4,5-Dihydro-1H-pyrazole",,,0,,,0,,,0,1.0,0.0,4,True,+,0.0
ENSMUSG00000019464-P,"Benzoic acid, 2-hydroxy-3-[(2-hydroxy-4-methoxy-6-propylbenzoyl)oxy]-4-methoxy-6-propyl-, methyl ester ",-1.0,0.0,3,0.5,0.6666666666666666,3,0.1159542071304896,0.8268482133858149,6,0.8581449237144743,0.0003547590073493,12,True,+,0.0154391474683529
ENSMUSG00000019464-P,cis-2-Decenoic acid,,,0,,,0,,,0,-1.0,0.0,3,True,-,0.0
ENSMUSG00000019464-P,Cyclobutylamine,-1.0,0.0,3,1.0,0.0,3,-0.0289885517826224,0.9565293523898406,6,0.7635738504887974,0.0038500936565595,12,True,+,0.1414605165627303
ENSMUSG00000019464-P,L-(+)-Threose,,,0,,,0,1.0,0.0,3,1.0,0.0,3,True,+,0.0
ENSMUSG00000019464-P,"L-Histidine, N,1-bis(tert-butyldimethylsilyl)-",1.0,0.0,3,0.5,0.6666666666666666,3,-0.2608969660436018,0.6175338174259972,6,0.7495633211220306,0.0050040491837882,12,True,+,0.1736498981001007
ENSMUSG00000019464-P,L-Val-L-Leu,,,0,,,0,-1.0,0.0,3,-1.0,0.0,3,True,-,0.0
ENSMUSG00000019464-P,"N-[(3,4,5-Trimethoxyphenyl)methylidene]hydroxylamine",,,0,,,0,1.0,0.0,3,1.0,0.0,3,True,+,0.0
ENSMUSG00000019464-P,tert-butyl(dimethyl)silyl-2-([tert-butyl(dimethyl)silyl]oxy)hex-2-enoate,,,0,,,0,-1.0,0.0,4,-1.0,0.0,4,True,-,0.0
ENSMUSG00000019464-P,Tyr-Val,,,0,,,0,,,0,-1.0,0.0,3,True,-,0.0
ENSMUSG00000038990-P,"2,4-Dimethoxybenzaldoxime",,,0,,,0,,,0,1.0,0.0,3,True,+,0.0
ENSMUSG00000038990-P,2-Aminoquinolin-8-ol,,,0,,,0,,,0,-1.0,0.0,3,True,-,0.0
ENSMUSG00000038990-P,"3-Hydroxy-7,3',4',5'-tetramethoxyflavone",,,0,,,0,,,0,-1.0,0.0,3,True,-,0.0
ENSMUSG00000038990-P,"Benzaldehyde, 2,5-dimethoxy",-0.8660254037844387,0.3333333333333332,3,,,3,-0.8280786712108252,0.0417946804560451,6,-0.7665044928303666,0.0036367473920275,12,True,-,0.1354477718520901
ENSMUSG00000038990-P,"Benzene, 1-ethyl-3,5-dimethyl",,,0,,,0,,,0,1.0,0.0,4,True,+,0.0
ENSMUSG00000038990-P,Isosorbide,-1.0,0.0,3,,,0,,,0,-1.0,0.0,3,True,-,0.0
ENSMUSG00000038990-P,L-(+)-Threose,,,0,,,0,1.0,0.0,3,1.0,0.0,3,True,+,0.0
ENSMUSG00000038990-P,L-Ornithine,,,0,,,0,,,0,1.0,0.0,4,True,+,0.0
ENSMUSG00000038990-P,Octadecanoic acid,,,0,,,0,,,0,-1.0,0.0,3,True,-,0.0
ENSMUSG00000025437-P,"1-Octanol, 2-butyl-",-0.5,0.6666666666666666,3,0.5,0.6666666666666666,3,0.8827348295047495,0.019820416588882,6,0.7508818152300792,0.0048855354855236,12,True,+,0.1700316142628828
ENSMUSG00000025437-P,4-tert-Butyldimethylsiloxy-3-penten-2-one,,,0,,,0,1.0,0.0,4,1.0,0.0,4,True,+,0.0
ENSMUSG00000025437-P,Azelaic acid,1.0,0.0,3,0.5,0.6666666666666666,3,0.5217939320872036,0.2883432338003935,6,0.7565685858054141,0.0043984927612255,12,True,+,0.1591102973563808
ENSMUSG00000025437-P,L-Leucine,0.5,0.6666666666666666,3,0.5,0.6666666666666666,3,0.8857142857142858,0.0188454810495626,6,0.7412587412587414,0.0058011504744782,12,True,+,0.1955303081363889
ENSMUSG00000025437-P,"N-[(3,4,5-Trimethoxyphenyl)methylidene]hydroxylamine",,,0,,,0,1.0,0.0,3,1.0,0.0,3,True,+,0.0
ENSMUSG00000025437-P,N-Methylacetamide,-0.5,0.6666666666666666,3,0.8660254037844387,0.3333333333333332,3,0.6667366910003157,0.1480897994403528,6,0.7403554346427417,0.0058932871405385,12,True,+,0.1979651792836196
ENSMUSG00000025437-P,Octanoic acid,,,0,,,0,1.0,0.0,4,1.0,0.0,6,True,+,0.0
ENSMUSG00000025437-P,Salsoline,-1.0,0.0,3,-0.5,0.6666666666666666,3,-0.7999999999999999,0.2000000000000001,4,-0.8181818181818182,0.0038149200825507,10,True,-,0.1411277269915268
ENSMUSG00000025437-P,Tyr-Val,,,0,,,0,,,0,-1.0,0.0,3,True,-,0.0
ENSMUSG00000051224-P,"3,3-Dimethylacrylic acid",,,0,,,0,,,0,1.0,0.0,4,True,+,0.0
ENSMUSG00000051224-P,3-Amino-5-methylisoxazole,,,0,0.5,0.6666666666666666,3,0.7714285714285715,0.0723965014577259,6,0.8257228238447705,0.0017416242281296,11,True,+,0.0699932614397766
ENSMUSG00000051224-P,3-Methyl-3-buten-1-ol,,,0,,,0,0.7999999999999999,0.2000000000000001,4,0.9081292832965596,0.0018074086274564,8,True,+,0.0725672480055227
ENSMUSG00000051224-P,"4,5-Dihydro-1H-pyrazole",,,0,,,0,,,0,1.0,0.0,4,True,+,0.0
ENSMUSG00000051224-P,L-(+)-Threose,,,0,,,0,1.0,0.0,3,1.0,0.0,3,True,+,0.0
ENSMUSG00000051224-P,Leucylglycine,,,0,-1.0,0.0,3,-0.8857142857142858,0.0188454810495626,6,-0.9030303030303028,0.0003436121977632,10,True,-,0.0149633873698714
ENSMUSG00000051224-P,Oleic Acid,1.0,0.0,3,,,0,,,0,1.0,0.0,3,True,+,0.0
ENSMUSG00000051224-P,Xylazine,0.8660254037844387,0.3333333333333332,3,0.5,0.6666666666666666,3,0.4285714285714286,0.3965014577259473,6,0.7464973841162387,0.0052880195761919,12,True,+,0.1815800018212259
ENSMUSG00000078485-P,"1-Pentene, 1,3-diphenyl-1-(trimethylsilyloxy)-",,,0,,,0,,,0,1.0,0.0,4,True,+,0.0
ENSMUSG00000078485-P,"4,5-Dihydro-1H-pyrazole",,,0,,,0,,,0,1.0,0.0,4,True,+,0.0
ENSMUSG00000078485-P,4-tert-Butyldimethylsiloxy-3-penten-2-one,,,0,,,0,-1.0,0.0,4,-1.0,0.0,4,True,-,0.0
ENSMUSG00000078485-P,Glycine,-0.8660254037844387,0.3333333333333332,3,-0.5,0.6666666666666666,3,-0.8406680016960503,0.0360575728451592,6,-0.7614035087719299,0.0040141085357211,12,True,-,0.146499185581409
ENSMUSG00000078485-P,L-(+)-Threose,,,0,,,0,1.0,0.0,3,1.0,0.0,3,True,+,0.0
ENSMUSG00000078485-P,L-Val-L-Leu,,,0,,,0,-1.0,0.0,3,-1.0,0.0,3,True,-,0.0
ENSMUSG00000078485-P,Oleic Acid,1.0,0.0,3,,,0,,,0,1.0,0.0,3,True,+,0.0
ENSMUSG00000021392-P,"13-Docosenamide, (Z)",,,0,,,0,1.0,0.0,3,1.0,0.0,3,True,+,0.0
ENSMUSG00000021392-P,2-Aminoquinolin-8-ol,,,0,,,0,,,0,1.0,0.0,3,True,+,0.0
ENSMUSG00000021392-P,"3,4-Dihydroxybenzaldehyde",-1.0,0.0,3,,,0,,,0,-1.0,0.0,3,True,-,0.0
ENSMUSG00000021392-P,"3-Hydroxy-7,3',4',5'-tetramethoxyflavone",,,0,,,0,,,0,1.0,0.0,3,True,+,0.0
ENSMUSG00000021392-P,"4,5-Dihydro-1H-pyrazole",,,0,,,0,,,0,1.0,0.0,4,True,+,0.0
ENSMUSG00000021392-P,Octadecanoic acid,,,0,,,0,,,0,-1.0,0.0,3,True,-,0.0
ENSMUSG00000021392-P,Tyr-Val,,,0,,,0,,,0,1.0,0.0,3,True,+,0.0
ENSMUSG00000021686-P,"1,2-Bis(trimethylsiloxy)cyclohexene",,,0,,,0,,,0,1.0,0.0,3,True,+,0.0
ENSMUSG00000021686-P,"1,2-Cinnolinedicarboxylic acid, 1,2,3,5,6,7,8,8a-octahydro-4-trimethylsilyloxy-, diethyl ester",,,0,,,0,,,0,1.0,0.0,3,True,+,0.0
ENSMUSG00000021686-P,"2,5-Dimethoxyphenol",0.5,0.6666666666666666,3,-1.0,0.0,3,0.942857142857143,0.004804664723032,6,0.7622377622377624,0.0039504489725426,12,True,+,0.1444028705953552
ENSMUSG00000021686-P,"3-(4,7-Dimethoxy-2H-1,3-benzodioxol-5-yl)-2-methylprop-2-enal",1.0,0.0,3,-1.0,0.0,3,0.7714285714285715,0.0723965014577259,6,0.8041958041958043,0.0016147689860699,12,True,+,0.0653602928999312
ENSMUSG00000021686-P,"3-Hydroxy-7,3',4',5'-tetramethoxyflavone",,,0,,,0,,,0,1.0,0.0,3,True,+,0.0
ENSMUSG00000021686-P,Chlorobenzilate ,,,0,,,0,,,0,1.0,0.0,4,True,+,0.0
ENSMUSG00000021686-P,cis-2-Decenoic acid,,,0,,,0,,,0,-1.0,0.0,3,True,-,0.0
ENSMUSG00000021686-P,Glabridin,,,0,,,0,,,0,1.0,0.0,4,True,+,0.0
ENSMUSG00000021686-P,Isosorbide,1.0,0.0,3,,,0,,,0,1.0,0.0,3,True,+,0.0
ENSMUSG00000021686-P,L-(+)-Threose,,,0,,,0,1.0,0.0,3,1.0,0.0,3,True,+,0.0
ENSMUSG00000021686-P,Luciferin,,,0,,,0,,,0,-1.0,0.0,4,True,-,0.0
ENSMUSG00000021686-P,L-Val-L-Leu,,,0,,,0,-1.0,0.0,3,-1.0,0.0,3,True,-,0.0
ENSMUSG00000021686-P,Mevalonolactone,0.5,0.6666666666666666,3,0.0,1.0,3,0.6,0.208,6,0.8371291296643238,0.0006820012896813,12,True,+,0.0290041419633647
ENSMUSG00000021686-P,Tyr-Val,,,0,,,0,,,0,-1.0,0.0,3,True,-,0.0
ENSMUSG00000044134-P,"1,2-Bis(trimethylsiloxy)cyclohexene",,,0,,,0,,,0,1.0,0.0,3,True,+,0.0
ENSMUSG00000044134-P,2-Aminoquinolin-8-ol,,,0,,,0,,,0,-1.0,0.0,3,True,-,0.0
ENSMUSG00000044134-P,"3,4-Dihydroxybenzaldehyde",1.0,0.0,3,,,0,,,0,1.0,0.0,3,True,+,0.0
ENSMUSG00000044134-P,"l-Leucine, n-butoxycarbonyl-N-methyl-, hexadecyl ester",,,0,,,0,,,0,-1.0,0.0,4,True,-,0.0
ENSMUSG00000044134-P,"N-[(3,4,5-Trimethoxyphenyl)methylidene]hydroxylamine",,,0,,,0,1.0,0.0,3,1.0,0.0,3,True,+,0.0
ENSMUSG00000024975-P,"1,2-Cinnolinedicarboxylic acid, 1,2,3,5,6,7,8,8a-octahydro-4-trimethylsilyloxy-, diethyl ester",,,0,,,0,,,0,-1.0,0.0,3,True,-,0.0
ENSMUSG00000024975-P,2-Aminoquinolin-8-ol,,,0,,,0,,,0,1.0,0.0,3,True,+,0.0
ENSMUSG00000024975-P,2-Methyl-3-pentanol,,,0,,,0,0.8999999999999998,0.0373860734684987,5,0.9285714285714288,0.0025194724037946,7,True,+,0.097376722909516
ENSMUSG00000024975-P,"3,3-Dimethylacrylic acid",,,0,,,0,,,0,1.0,0.0,4,True,+,0.0
ENSMUSG00000024975-P,"4,5-Dihydro-1H-pyrazole",,,0,,,0,,,0,1.0,0.0,4,True,+,0.0
ENSMUSG00000024975-P,cis-2-Decenoic acid,,,0,,,0,,,0,-1.0,0.0,3,True,-,0.0
ENSMUSG00000024975-P,Luciferin,,,0,,,0,,,0,1.0,0.0,4,True,+,0.0
ENSMUSG00000002844-P,"1,2-Cinnolinedicarboxylic acid, 1,2,3,5,6,7,8,8a-octahydro-4-trimethylsilyloxy-, diethyl ester",,,0,,,0,,,0,-1.0,0.0,3,True,-,0.0
ENSMUSG00000002844-P,"13-Docosenamide, (Z)",,,0,,,0,-1.0,0.0,3,-1.0,0.0,3,True,-,0.0
ENSMUSG00000002844-P,"2,5-Dimethoxyphenol",-0.5,0.6666666666666666,3,-0.5,0.6666666666666666,3,-0.8285714285714287,0.0415626822157433,6,-0.8321678321678322,0.0007854416778536,12,True,-,0.0332610831314817
ENSMUSG00000002844-P,2-Aminoquinolin-8-ol,,,0,,,0,,,0,-1.0,0.0,3,True,-,0.0
ENSMUSG00000002844-P,"3,5-Dimethylphenol",1.0,0.0,3,0.5,0.6666666666666666,3,1.0,1.4042654220543602e-24,5,0.790909090909091,0.0037460829533974,11,True,+,0.1388516182868286
ENSMUSG00000002844-P,cis-2-Decenoic acid,,,0,,,0,,,0,1.0,0.0,3,True,+,0.0
ENSMUSG00000002844-P,Isosorbide,-1.0,0.0,3,,,0,,,0,-1.0,0.0,3,True,-,0.0
ENSMUSG00000002844-P,L-Val-L-Leu,,,0,,,0,1.0,0.0,3,1.0,0.0,3,True,+,0.0
ENSMUSG00000002844-P,Tyr-Val,,,0,,,0,,,0,1.0,0.0,3,True,+,0.0
ENSMUSG00000029270-P,"1,2-Bis(trimethylsiloxy)cyclohexene",,,0,,,0,,,0,1.0,0.0,3,True,+,0.0
ENSMUSG00000029270-P,2-Aminoquinolin-8-ol,,,0,,,0,,,0,-1.0,0.0,3,True,-,0.0
ENSMUSG00000029270-P,2-Norbornanemethanol,,,0,,,0,,,0,1.0,0.0,3,True,+,0.0
ENSMUSG00000029270-P,3-(4-Methoxyphenyl)coumarin,,,0,,,0,-1.0,0.0,3,-1.0,0.0,4,True,-,0.0
ENSMUSG00000029270-P,"3,3-Dimethylacrylic acid",,,0,,,0,,,0,1.0,0.0,4,True,+,0.0
ENSMUSG00000029270-P,"3,4-Dihydroxybenzaldehyde",1.0,0.0,3,,,0,,,0,1.0,0.0,3,True,+,0.0
ENSMUSG00000029270-P,L-(+)-Threose,,,0,,,0,1.0,0.0,3,1.0,0.0,3,True,+,0.0
ENSMUSG00000029684-P,"13-Docosenamide, (Z)",,,0,,,0,1.0,0.0,3,1.0,0.0,3,True,+,0.0
ENSMUSG00000029684-P,2-Aminoquinolin-8-ol,,,0,,,0,,,0,1.0,0.0,3,True,+,0.0
ENSMUSG00000029684-P,2-Norbornanemethanol,,,0,,,0,,,0,1.0,0.0,3,True,+,0.0
ENSMUSG00000029684-P,"3-Hydroxy-7,3',4',5'-tetramethoxyflavone",,,0,,,0,,,0,1.0,0.0,3,True,+,0.0
ENSMUSG00000029684-P,"4,5-Dihydro-1H-pyrazole",,,0,,,0,,,0,1.0,0.0,4,True,+,0.0
ENSMUSG00000029684-P,7-Hydroxy-4-(methoxymethyl)coumarin,,,0,,,0,1.0,0.0,3,1.0,0.0,4,True,+,0.0
ENSMUSG00000029684-P,"Benzene, 1-ethyl-3,5-dimethyl",,,0,,,0,,,0,1.0,0.0,4,True,+,0.0
ENSMUSG00000029684-P,cis-2-Decenoic acid,,,0,,,0,,,0,-1.0,0.0,3,True,-,0.0
ENSMUSG00000029684-P,Glabridin,,,0,,,0,,,0,1.0,0.0,4,True,+,0.0
ENSMUSG00000029684-P,Isosorbide,1.0,0.0,3,,,0,,,0,1.0,0.0,3,True,+,0.0
ENSMUSG00000022812-P,"13-Docosenamide, (Z)",,,0,,,0,1.0,0.0,3,1.0,0.0,3,True,+,0.0
ENSMUSG00000022812-P,"2,4-Dimethoxybenzaldoxime",,,0,,,0,,,0,1.0,0.0,3,True,+,0.0
ENSMUSG00000022812-P,2-Aminoquinolin-8-ol,,,0,,,0,,,0,1.0,0.0,3,True,+,0.0
ENSMUSG00000022812-P,"3-Hydroxy-7,3',4',5'-tetramethoxyflavone",,,0,,,0,,,0,1.0,0.0,3,True,+,0.0
ENSMUSG00000022812-P,7-Hydroxy-4-(methoxymethyl)coumarin,,,0,,,0,1.0,0.0,3,1.0,0.0,4,True,+,0.0
ENSMUSG00000022812-P,cis-2-Decenoic acid,,,0,,,0,,,0,-1.0,0.0,3,True,-,0.0
ENSMUSG00000022812-P,Isosorbide,1.0,0.0,3,,,0,,,0,1.0,0.0,3,True,+,0.0
ENSMUSG00000022812-P,Tyr-Val,,,0,,,0,,,0,-1.0,0.0,3,True,-,0.0
ENSMUSG00000053749-P,"13-Docosenamide, (Z)",,,0,,,0,1.0,0.0,3,1.0,0.0,3,True,+,0.0
ENSMUSG00000053749-P,Oleic Acid,1.0,0.0,3,,,0,,,0,1.0,0.0,3,True,+,0.0
ENSMUSG00000053749-P,"Propanoic acid, 3-[(tert-butyldimethylsilyl)oxy]-2-methyl-",0.8660254037844387,0.3333333333333332,3,,,0,0.6176470588235294,0.191341848157948,6,0.799867322084368,0.0031190845161395,11,True,+,0.1179336805649994
ENSMUSG00000025323-P,"1,2-Bis(trimethylsiloxy)cyclohexene",,,0,,,0,,,0,1.0,0.0,3,True,+,0.0
ENSMUSG00000025323-P,2-Aminoquinolin-8-ol,,,0,,,0,,,0,1.0,0.0,3,True,+,0.0
ENSMUSG00000025323-P,2-Norbornanemethanol,,,0,,,0,,,0,-1.0,0.0,3,True,-,0.0
ENSMUSG00000025323-P,"3,3-Dimethylacrylic acid",,,0,,,0,,,0,1.0,0.0,4,True,+,0.0
ENSMUSG00000025323-P,5-Oxohexanoic Acid,0.5,0.6666666666666666,3,1.0,0.0,3,0.6377481392176932,0.1730711102412598,6,0.7670764828304892,0.0035961764453839,12,True,+,0.1340986995490064
ENSMUSG00000025323-P,7-Hydroxy-4-(methoxymethyl)coumarin,,,0,,,0,1.0,0.0,3,1.0,0.0,4,True,+,0.0
ENSMUSG00000025323-P,"l-Leucine, n-butoxycarbonyl-N-methyl-, hexadecyl ester",,,0,,,0,,,0,-1.0,0.0,4,True,-,0.0
ENSMUSG00000025323-P,L-Lysine,,,0,0.5,0.6666666666666666,3,0.6,0.208,6,0.8090909090909091,0.0025585801997139,11,True,+,0.0986327946362033
ENSMUSG00000025323-P,L-Val-L-Leu,,,0,,,0,1.0,0.0,3,1.0,0.0,3,True,+,0.0
ENSMUSG00000034863-P,"1,2-Bis(trimethylsiloxy)cyclohexene",,,0,,,0,,,0,-1.0,0.0,3,True,-,0.0
ENSMUSG00000034863-P,"13-Docosenamide, (Z)",,,0,,,0,1.0,0.0,3,1.0,0.0,3,True,+,0.0
ENSMUSG00000034863-P,"2,4-Di-tert-butylphenol",-1.0,0.0,3,-1.0,0.0,3,,,0,-0.9285714285714288,0.0025194724037946,7,True,-,0.097376722909516
ENSMUSG00000034863-P,"3,4-Dihydroxybenzaldehyde",-1.0,0.0,3,,,0,,,0,-1.0,0.0,3,True,-,0.0
ENSMUSG00000034863-P,4-tert-Butyldimethylsiloxy-3-penten-2-one,,,0,,,0,-1.0,0.0,4,-1.0,0.0,4,True,-,0.0
ENSMUSG00000034863-P,cis-2-Decenoic acid,,,0,,,0,,,0,-1.0,0.0,3,True,-,0.0
ENSMUSG00000034863-P,Ethanolamine,-0.5,0.6666666666666666,3,0.0,1.0,3,-0.5217939320872036,0.2883432338003935,6,-0.8456192405161171,0.0005297499532094,12,True,-,0.0227130892849427
ENSMUSG00000034863-P,L-Val-L-Leu,,,0,,,0,-1.0,0.0,3,-1.0,0.0,3,True,-,0.0
ENSMUSG00000034863-P,Octanoic acid,,,0,,,0,-0.7999999999999999,0.2000000000000001,4,-0.942857142857143,0.004804664723032,6,True,-,0.1679020985499759
ENSMUSG00000034863-P,Tyr-Val,,,0,,,0,,,0,1.0,0.0,3,True,+,0.0
ENSMUSG00000068762-P,"13-Docosenamide, (Z)",,,0,,,0,1.0,0.0,3,1.0,0.0,3,True,+,0.0
ENSMUSG00000068762-P,"1-Pentene, 1,3-diphenyl-1-(trimethylsilyloxy)-",,,0,,,0,,,0,1.0,0.0,4,True,+,0.0
ENSMUSG00000068762-P,"2,4-Dimethoxybenzaldoxime",,,0,,,0,,,0,-1.0,0.0,3,True,-,0.0
ENSMUSG00000068762-P,L-(+)-Threose,,,0,,,0,1.0,0.0,3,1.0,0.0,3,True,+,0.0
ENSMUSG00000068762-P,L-Ornithine,,,0,,,0,,,0,-1.0,0.0,4,True,-,0.0
ENSMUSG00000068762-P,L-Val-L-Leu,,,0,,,0,-1.0,0.0,3,-1.0,0.0,3,True,-,0.0
ENSMUSG00000068762-P,Octadecanoic acid,,,0,,,0,,,0,1.0,0.0,3,True,+,0.0
ENSMUSG00000068335-P,"1,2-Bis(trimethylsiloxy)cyclohexene",,,0,,,0,,,0,1.0,0.0,3,True,+,0.0
ENSMUSG00000068335-P,"3,4-Dihydroxybenzaldehyde",1.0,0.0,3,,,0,,,0,1.0,0.0,3,True,+,0.0
ENSMUSG00000068335-P,4-tert-Butyldimethylsiloxy-3-penten-2-one,,,0,,,0,-1.0,0.0,4,-1.0,0.0,4,True,-,0.0
ENSMUSG00000068335-P,"Benzene, 1-ethyl-3,5-dimethyl",,,0,,,0,,,0,1.0,0.0,4,True,+,0.0
ENSMUSG00000068335-P,DL-Glyceraldehyde,-0.8660254037844387,0.3333333333333332,3,0.0,1.0,3,0.3714285714285715,0.4684781341107872,6,0.7508818152300792,0.0048855354855236,12,True,+,0.1700316142628828
ENSMUSG00000068335-P,Luciferin,,,0,,,0,,,0,-1.0,0.0,4,True,-,0.0
ENSMUSG00000068335-P,tert-butyl(dimethyl)silyl-2-([tert-butyl(dimethyl)silyl]oxy)hex-2-enoate,,,0,,,0,1.0,0.0,4,1.0,0.0,4,True,+,0.0
ENSMUSG00000068335-P,Tyr-Val,,,0,,,0,,,0,-1.0,0.0,3,True,-,0.0
ENSMUSG00000021215-P,"1,2-Bis(trimethylsiloxy)cyclohexene",,,0,,,0,,,0,1.0,0.0,3,True,+,0.0
ENSMUSG00000021215-P,"13-Docosenamide, (Z)",,,0,,,0,1.0,0.0,3,1.0,0.0,3,True,+,0.0
ENSMUSG00000021215-P,"3,4-Dihydroxybenzaldehyde",1.0,0.0,3,,,0,,,0,1.0,0.0,3,True,+,0.0
ENSMUSG00000021215-P,Palmitic Acid,1.0,0.0,3,,,0,0.1999999999999999,0.8,4,0.8333333333333333,0.0052656910291617,9,True,+,0.1809859324943322
ENSMUSG00000021215-P,Sulindac,,,0,,,0,-1.0,0.0,3,-1.0,1.4042654220543602e-24,5,True,-,6.303055151107153e-23
ENSMUSG00000085197-P,"1,2-Bis(trimethylsiloxy)cyclohexene",,,0,,,0,,,0,1.0,0.0,3,True,+,0.0
ENSMUSG00000085197-P,2-Norbornanemethanol,,,0,,,0,,,0,1.0,0.0,3,True,+,0.0
ENSMUSG00000085197-P,Glabridin,,,0,,,0,,,0,1.0,0.0,4,True,+,0.0
ENSMUSG00000085197-P,"N-[(3,4,5-Trimethoxyphenyl)methylidene]hydroxylamine",,,0,,,0,1.0,0.0,3,1.0,0.0,3,True,+,0.0
ENSMUSG00000085197-P,Phthalazin-1-one,,,0,,,0,-1.0,0.0,3,-1.0,0.0,4,True,-,0.0
ENSMUSG00000091007-P,"1-(2,5-Dimethoxyphenyl)-1-[(trimethylsilyl)oxy]propan-2-amine",-1.0,0.0,3,-1.0,0.0,3,-0.4058397249567139,0.4246625075613642,6,-0.765442813025534,0.0037129716145614,12,True,-,0.1379669729942128
ENSMUSG00000091007-P,"1,2-Bis(trimethylsiloxy)cyclohexene",,,0,,,0,,,0,1.0,0.0,3,True,+,0.0
ENSMUSG00000091007-P,"13-Docosenamide, (Z)",,,0,,,0,1.0,0.0,3,1.0,0.0,3,True,+,0.0
ENSMUSG00000091007-P,2-Aminoquinolin-8-ol,,,0,,,0,,,0,-1.0,0.0,3,True,-,0.0
ENSMUSG00000091007-P,"l-Leucine, n-butoxycarbonyl-N-methyl-, hexadecyl ester",,,0,,,0,,,0,-1.0,0.0,4,True,-,0.0
ENSMUSG00000091007-P,Propanoic acid,,,0,,,0,-0.8720815992723809,0.0538542177275421,5,-0.9638554216867468,0.0001148739099212,8,True,-,0.0050872731536531
ENSMUSG00000028133-P,3-Methyl-3-buten-1-ol,,,0,,,0,1.0,0.0,4,0.8982196964349441,0.0024387967963823,8,True,+,0.0951385740545402
ENSMUSG00000028133-P,cis-2-Decenoic acid,,,0,,,0,,,0,-1.0,0.0,3,True,-,0.0
ENSMUSG00000028133-P,Glabridin,,,0,,,0,,,0,1.0,0.0,4,True,+,0.0
ENSMUSG00000028133-P,L-(+)-Threose,,,0,,,0,1.0,0.0,3,1.0,0.0,3,True,+,0.0
ENSMUSG00000031112-P,"1,2-Cinnolinedicarboxylic acid, 1,2,3,5,6,7,8,8a-octahydro-4-trimethylsilyloxy-, diethyl ester",,,0,,,0,,,0,1.0,0.0,3,True,+,0.0
ENSMUSG00000031112-P,"3-Hydroxy-7,3',4',5'-tetramethoxyflavone",,,0,,,0,,,0,1.0,0.0,3,True,+,0.0
ENSMUSG00000031112-P,Isosorbide,1.0,0.0,3,,,0,,,0,1.0,0.0,3,True,+,0.0
ENSMUSG00000031112-P,Luciferin,,,0,,,0,,,0,1.0,0.0,4,True,+,0.0
ENSMUSG00000031112-P,L-Val-L-Leu,,,0,,,0,1.0,0.0,3,1.0,0.0,3,True,+,0.0
ENSMUSG00000031112-P,"N-[(3,4,5-Trimethoxyphenyl)methylidene]hydroxylamine",,,0,,,0,1.0,0.0,3,1.0,0.0,3,True,+,0.0
ENSMUSG00000028700-P,"1,2-Bis(trimethylsiloxy)cyclohexene",,,0,,,0,,,0,1.0,0.0,3,True,+,0.0
ENSMUSG00000028700-P,"13-Docosenamide, (Z)",,,0,,,0,-1.0,0.0,3,-1.0,0.0,3,True,-,0.0
ENSMUSG00000028700-P,2-Aminoquinolin-8-ol,,,0,,,0,,,0,1.0,0.0,3,True,+,0.0
ENSMUSG00000028700-P,2-Norbornanemethanol,,,0,,,0,,,0,-1.0,0.0,3,True,-,0.0
ENSMUSG00000028700-P,DL-Glyceraldehyde,-0.8660254037844387,0.3333333333333332,3,0.8660254037844387,0.3333333333333332,3,-0.0285714285714285,0.9571545189504372,6,0.7473730217009665,0.0052057080300486,12,True,+,0.1794408552811292
ENSMUSG00000028700-P,"l-Leucine, n-butoxycarbonyl-N-methyl-, hexadecyl ester",,,0,,,0,,,0,-1.0,0.0,4,True,-,0.0
ENSMUSG00000028700-P,Nonanoic acid,-1.0,0.0,3,1.0,0.0,3,0.8720815992723809,0.0538542177275421,5,0.8519384289712437,0.0008703648208212,11,True,+,0.0365903472157709
ENSMUSG00000028700-P,Tyr-Val,,,0,,,0,,,0,-1.0,0.0,3,True,-,0.0
ENSMUSG00000032018-P,1-(tert-Butyldimethylsilyl)-4-methyl-1H-pyrazole,1.0,0.0,3,1.0,0.0,3,-0.0910765111078374,0.8637629700202578,6,0.8310065219407186,0.0008113159245983,12,True,+,0.0342595693786517
ENSMUSG00000032018-P,"2,4,4'-Trihydroxybenzophenone",0.5,0.6666666666666666,3,1.0,0.0,3,0.3714285714285715,0.4684781341107872,6,0.7972027972027973,0.0019003677255282,12,True,+,0.0758912141765791
ENSMUSG00000032018-P,2-Naphthol,0.0,1.0,3,1.0,0.0,3,0.2648204488514248,0.612055238565705,6,0.7592372663521628,0.004183039988557,12,True,+,0.151921497515922
ENSMUSG00000032018-P,2-Norbornanemethanol,,,0,,,0,,,0,-1.0,0.0,3,True,-,0.0
ENSMUSG00000032018-P,"3-Hydroxy-7,3',4',5'-tetramethoxyflavone",,,0,,,0,,,0,1.0,0.0,3,True,+,0.0
ENSMUSG00000032018-P,"5-Nonanol, tert-butyldimethylsilyl ether",-0.5,0.6666666666666666,3,1.0,0.0,3,0.2942449431682498,0.5713704615752552,6,0.810531305224992,0.0013855829221512,12,True,+,0.0567098326648916
ENSMUSG00000032018-P,alpha-Hydroxyisobutyric acid,,,0,,,0,0.8285714285714287,0.0415626822157433,6,0.9285714285714288,0.0008629681828999,8,True,+,0.0362866919169058
ENSMUSG00000032018-P,Curcumin,1.0,0.0,3,0.5,0.6666666666666666,3,0.2571428571428572,0.6227871720116619,6,0.7902097902097903,0.0022231354099909,12,True,+,0.0874109733841736
ENSMUSG00000032018-P,Diclofenac,,,0,,,0,,,0,1.0,0.0,4,True,+,0.0
ENSMUSG00000032018-P,Isopropyl palmitate,0.8660254037844387,0.3333333333333332,3,1.0,0.0,3,0.6667366910003157,0.1480897994403528,6,0.7403554346427417,0.0058932871405385,12,True,+,0.1979651792836196
ENSMUSG00000032018-P,Isosorbide,1.0,0.0,3,,,0,,,0,1.0,0.0,3,True,+,0.0
ENSMUSG00000032018-P,L-(+)-Threose,,,0,,,0,1.0,0.0,3,1.0,0.0,3,True,+,0.0
ENSMUSG00000032018-P,Octadecanoic acid,,,0,,,0,,,0,1.0,0.0,3,True,+,0.0
ENSMUSG00000032018-P,Tetrahydro-solasodine triacetate,0.8660254037844387,0.3333333333333332,3,0.5,0.6666666666666666,3,-0.0285714285714285,0.9571545189504372,6,0.7880922768806397,0.0023286751402374,12,True,+,0.0910978063660742
ENSMUSG00000032018-P,Tyr-Val,,,0,,,0,,,0,-1.0,0.0,3,True,-,0.0
ENSMUSG00000032018-P,Yangonin,1.0,0.0,3,1.0,0.0,3,0.3188740696088466,0.537900560470205,6,0.833626497322632,0.0007538511759524,12,True,+,0.0320141594925801
ENSMUSG00000030304-P,"13-Docosenamide, (Z)",,,0,,,0,1.0,0.0,3,1.0,0.0,3,True,+,0.0
ENSMUSG00000030304-P,2-Aminoquinolin-8-ol,,,0,,,0,,,0,1.0,0.0,3,True,+,0.0
ENSMUSG00000030304-P,"3,3-Dimethylacrylic acid",,,0,,,0,,,0,1.0,0.0,4,True,+,0.0
ENSMUSG00000030304-P,"3-Hydroxy-7,3',4',5'-tetramethoxyflavone",,,0,,,0,,,0,1.0,0.0,3,True,+,0.0
ENSMUSG00000030304-P,"4,5-Dihydro-1H-pyrazole",,,0,,,0,,,0,1.0,0.0,4,True,+,0.0
ENSMUSG00000030304-P,cis-2-Decenoic acid,,,0,,,0,,,0,-1.0,0.0,3,True,-,0.0
ENSMUSG00000030304-P,Glabridin,,,0,,,0,,,0,1.0,0.0,4,True,+,0.0
ENSMUSG00000030304-P,Isosorbide,1.0,0.0,3,,,0,,,0,1.0,0.0,3,True,+,0.0
ENSMUSG00000054364-P,"1,2-Bis(trimethylsiloxy)cyclohexene",,,0,,,0,,,0,-1.0,0.0,3,True,-,0.0
ENSMUSG00000054364-P,"2,4-Dimethoxybenzaldoxime",,,0,,,0,,,0,-1.0,0.0,3,True,-,0.0
ENSMUSG00000054364-P,"2,5-Dimethoxybenzonitrile",-1.0,0.0,3,0.5,0.6666666666666666,3,-0.8285714285714287,0.0415626822157433,6,-0.8181818181818183,0.001143105086804,12,True,-,0.0472483435878986
ENSMUSG00000054364-P,"3,4-Dihydroxybenzaldehyde",1.0,0.0,3,,,0,,,0,1.0,0.0,3,True,+,0.0
ENSMUSG00000054364-P,"Benzene, 1,4-dimethoxy",-0.8660254037844387,0.3333333333333332,3,-0.5,0.6666666666666666,3,-0.8857142857142858,0.0188454810495626,6,-0.7460606887803388,0.0053294347525701,12,True,-,0.1820984623388383
ENSMUSG00000054364-P,Diethylamine,-1.0,0.0,3,-0.5,0.6666666666666666,3,-0.6667366910003157,0.1480897994403528,6,-0.7810870121972561,0.0027052956461396,12,True,-,0.1035246286271809
ENSMUSG00000054364-P,L-(+)-Threose,,,0,,,0,-1.0,0.0,3,-1.0,0.0,3,True,-,0.0
ENSMUSG00000054364-P,L-Val-L-Leu,,,0,,,0,-1.0,0.0,3,-1.0,0.0,3,True,-,0.0
ENSMUSG00000054364-P,Octadecanoic acid,,,0,,,0,,,0,1.0,0.0,3,True,+,0.0
ENSMUSG00000054364-P,Pipecolic acid,0.5,0.6666666666666666,3,-0.8660254037844387,0.3333333333333332,3,-0.6571428571428573,0.1561749271137024,6,-0.7915949092223313,0.0021561039619187,12,True,-,0.0851117252603992
ENSMUSG00000029878-P,"1,2-Bis(trimethylsiloxy)cyclohexene",,,0,,,0,,,0,1.0,0.0,3,True,+,0.0
ENSMUSG00000029878-P,"2,4-Dimethoxybenzaldoxime",,,0,,,0,,,0,-1.0,0.0,3,True,-,0.0
ENSMUSG00000029878-P,"3,4-Dihydroxybenzaldehyde",1.0,0.0,3,,,0,,,0,1.0,0.0,3,True,+,0.0
ENSMUSG00000029878-P,"Benzene, 1-ethyl-3,5-dimethyl",,,0,,,0,,,0,-1.0,0.0,4,True,-,0.0
ENSMUSG00000029878-P,Glabridin,,,0,,,0,,,0,-1.0,0.0,4,True,-,0.0
ENSMUSG00000029878-P,L-Val-L-Leu,,,0,,,0,-1.0,0.0,3,-1.0,0.0,3,True,-,0.0
ENSMUSG00000029878-P,"N-[(3,4,5-Trimethoxyphenyl)methylidene]hydroxylamine",,,0,,,0,-1.0,0.0,3,-1.0,0.0,3,True,-,0.0
ENSMUSG00000029878-P,Prostaglandin,,,0,1.0,0.0,3,,,0,0.942857142857143,0.004804664723032,6,True,+,0.1679020985499759
ENSMUSG00000029878-P,Tyr-Val,,,0,,,0,,,0,-1.0,0.0,3,True,-,0.0
ENSMUSG00000057181-P,"1,2-Bis(trimethylsiloxy)cyclohexene",,,0,,,0,,,0,1.0,0.0,3,True,+,0.0
ENSMUSG00000057181-P,2-Norbornanemethanol,,,0,,,0,,,0,1.0,0.0,3,True,+,0.0
ENSMUSG00000057181-P,"3-Hydroxy-7,3',4',5'-tetramethoxyflavone",,,0,,,0,,,0,1.0,0.0,3,True,+,0.0
ENSMUSG00000057181-P,7-Hydroxy-4-(methoxymethyl)coumarin,,,0,,,0,1.0,0.0,3,1.0,0.0,4,True,+,0.0
ENSMUSG00000057181-P,cis-2-Decenoic acid,,,0,,,0,,,0,-1.0,0.0,3,True,-,0.0
ENSMUSG00000057181-P,Diclofenac,,,0,,,0,,,0,-1.0,0.0,4,True,-,0.0
ENSMUSG00000057181-P,DL-p-Hydroxyphenyllactic acid,-1.0,0.0,3,-0.5,0.6666666666666666,3,-0.4103913408340616,0.4925357817027975,5,-0.7836011218345129,0.0043229900186627,11,True,-,0.1567046381851812
ENSMUSG00000057181-P,Isosorbide,1.0,0.0,3,,,0,,,0,1.0,0.0,3,True,+,0.0
ENSMUSG00000057181-P,"N-[(3,4,5-Trimethoxyphenyl)methylidene]hydroxylamine",,,0,,,0,-1.0,0.0,3,-1.0,0.0,3,True,-,0.0
ENSMUSG00000050321-P,"1,2-Cinnolinedicarboxylic acid, 1,2,3,5,6,7,8,8a-octahydro-4-trimethylsilyloxy-, diethyl ester",,,0,,,0,,,0,1.0,0.0,3,True,+,0.0
ENSMUSG00000050321-P,"2,4-Dimethoxybenzaldoxime",,,0,,,0,,,0,-1.0,0.0,3,True,-,0.0
ENSMUSG00000050321-P,"3,3-Dimethylacrylic acid",,,0,,,0,,,0,-1.0,0.0,4,True,-,0.0
ENSMUSG00000050321-P,"3-Hydroxy-7,3',4',5'-tetramethoxyflavone",,,0,,,0,,,0,-1.0,0.0,3,True,-,0.0
ENSMUSG00000050321-P,"4,5-Dihydro-1H-pyrazole",,,0,,,0,,,0,-1.0,0.0,4,True,-,0.0
ENSMUSG00000050321-P,"6-Aminocaproic acid, N-(tert.-butyldimethylsilyl)",-0.8660254037844387,0.3333333333333332,3,0.0,1.0,3,-1.0,0.0,4,-0.8048930119812175,0.0049727062915274,10,True,-,0.1728780786275765
ENSMUSG00000050321-P,Isosorbide,-1.0,0.0,3,,,0,,,0,-1.0,0.0,3,True,-,0.0
ENSMUSG00000050321-P,L-(+)-Threose,,,0,,,0,-1.0,0.0,3,-1.0,0.0,3,True,-,0.0
ENSMUSG00000050321-P,Leucylglycine,,,0,1.0,0.0,3,0.942857142857143,0.004804664723032,6,0.8545454545454544,0.0016368033159867,10,True,+,0.0661368564769408
ENSMUSG00000050321-P,L-Leucine,-1.0,0.0,3,-0.5,0.6666666666666666,3,-0.6571428571428573,0.1561749271137024,6,-0.7552447552447553,0.0045084354842942,12,True,-,0.1619683642032021
ENSMUSG00000050321-P,Tyr-Val,,,0,,,0,,,0,1.0,0.0,3,True,+,0.0
ENSMUSG00000021957-P,"1,2-Bis(trimethylsiloxy)cyclohexene",,,0,,,0,,,0,-1.0,0.0,3,True,-,0.0
ENSMUSG00000021957-P,"13-Docosenamide, (Z)",,,0,,,0,-1.0,0.0,3,-1.0,0.0,3,True,-,0.0
ENSMUSG00000021957-P,2-Aminoquinolin-8-ol,,,0,,,0,,,0,1.0,0.0,3,True,+,0.0
ENSMUSG00000021957-P,3-(4-Methoxyphenyl)coumarin,,,0,,,0,1.0,0.0,3,1.0,0.0,4,True,+,0.0
ENSMUSG00000021957-P,"9Z-Octadecenoic acid, (2S)-3-[(hydroxymercaptophosphinyl)oxy]-2-methoxypropyl ester ",,,0,,,0,0.8999999999999998,0.0373860734684987,5,0.9285714285714288,0.0025194724037946,7,True,+,0.097376722909516
ENSMUSG00000021957-P,Aconitic acid,-0.5,0.6666666666666666,3,0.5,0.6666666666666666,3,0.6957252427829382,0.1247893374402869,6,0.7530659534637223,0.0046938930486737,12,True,+,0.1673621183600482
ENSMUSG00000021957-P,Isosorbide,1.0,0.0,3,,,0,,,0,1.0,0.0,3,True,+,0.0
ENSMUSG00000021957-P,Octadecanoic acid,,,0,,,0,,,0,1.0,0.0,3,True,+,0.0
ENSMUSG00000030265-P,"1,2-Bis(trimethylsiloxy)cyclohexene",,,0,,,0,,,0,1.0,0.0,3,True,+,0.0
ENSMUSG00000030265-P,"13-Docosenamide, (Z)",,,0,,,0,1.0,0.0,3,1.0,0.0,3,True,+,0.0
ENSMUSG00000030265-P,"2,4-Dimethoxybenzaldoxime",,,0,,,0,,,0,1.0,0.0,3,True,+,0.0
ENSMUSG00000030265-P,2-Aminoquinolin-8-ol,,,0,,,0,,,0,1.0,0.0,3,True,+,0.0
ENSMUSG00000030265-P,"3-Hydroxy-7,3',4',5'-tetramethoxyflavone",,,0,,,0,,,0,1.0,0.0,3,True,+,0.0
ENSMUSG00000030265-P,Isosorbide,1.0,0.0,3,,,0,,,0,1.0,0.0,3,True,+,0.0
ENSMUSG00000030265-P,"l-Leucine, n-butoxycarbonyl-N-methyl-, hexadecyl ester",,,0,,,0,,,0,-1.0,0.0,4,True,-,0.0
ENSMUSG00000030265-P,L-Val-L-Leu,,,0,,,0,1.0,0.0,3,1.0,0.0,3,True,+,0.0
ENSMUSG00000052566-P,"1-Heptanol, 2-propyl-",,,0,,,0,-0.9856107606091624,0.0003090856678496,6,-0.9856107606091624,0.0003090856678496,6,True,-,0.0135133625110892
ENSMUSG00000052566-P,2-Aminoquinolin-8-ol,,,0,,,0,,,0,1.0,0.0,3,True,+,0.0
ENSMUSG00000052566-P,"2-Methylcyclohexanol, (Z)",-0.5,0.6666666666666666,3,-0.8660254037844387,0.3333333333333332,3,-0.5507824838698261,0.2573693316225746,6,-0.8456192405161171,0.0005297499532094,12,True,-,0.0227130892849427
ENSMUSG00000052566-P,3-Buten-2-one,-1.0,0.0,3,-1.0,0.0,3,-0.5428571428571429,0.2657026239067054,6,-0.7972027972027973,0.0019003677255282,12,True,-,0.0758912141765791
ENSMUSG00000052566-P,"4,5-Dihydro-1H-pyrazole",,,0,,,0,,,0,1.0,0.0,4,True,+,0.0
ENSMUSG00000052566-P,cis-2-Decenoic acid,,,0,,,0,,,0,-1.0,0.0,3,True,-,0.0
ENSMUSG00000052566-P,Isopropylamine,1.0,0.0,3,1.0,0.0,3,0.7714285714285715,0.0723965014577259,6,0.7972027972027973,0.0019003677255282,12,True,+,0.0758912141765791
ENSMUSG00000052566-P,Lignoceric acid,-0.5,0.6666666666666666,3,-1.0,0.0,3,-0.8116794499134279,0.0498575851013403,6,-0.7740817475138726,0.0031266563739204,12,True,-,0.1179425135885409
ENSMUSG00000052566-P,L-Val-L-Leu,,,0,,,0,-1.0,0.0,3,-1.0,0.0,3,True,-,0.0
ENSMUSG00000052566-P,"N-[(3,4,5-Trimethoxyphenyl)methylidene]hydroxylamine",,,0,,,0,-1.0,0.0,3,-1.0,0.0,3,True,-,0.0
ENSMUSG00000052566-P,Octanoic acid,,,0,,,0,-1.0,0.0,4,-0.942857142857143,0.004804664723032,6,True,-,0.1679020985499759
ENSMUSG00000030256-P,"1,2-Bis(trimethylsiloxy)cyclohexene",,,0,,,0,,,0,1.0,0.0,3,True,+,0.0
ENSMUSG00000030256-P,"13-Docosenamide, (Z)",,,0,,,0,1.0,0.0,3,1.0,0.0,3,True,+,0.0
ENSMUSG00000030256-P,2-Norbornanemethanol,,,0,,,0,,,0,1.0,0.0,3,True,+,0.0
ENSMUSG00000030256-P,"3,4-Dihydroxybenzaldehyde",1.0,0.0,3,,,0,,,0,1.0,0.0,3,True,+,0.0
ENSMUSG00000030256-P,Chlorobenzilate ,,,0,,,0,,,0,1.0,0.0,4,True,+,0.0
ENSMUSG00000030256-P,Glabridin,,,0,,,0,,,0,-1.0,0.0,4,True,-,0.0
ENSMUSG00000030256-P,"l-Leucine, n-butoxycarbonyl-N-methyl-, hexadecyl ester",,,0,,,0,,,0,-1.0,0.0,4,True,-,0.0
ENSMUSG00000030256-P,L-Val-L-Leu,,,0,,,0,-1.0,0.0,3,-1.0,0.0,3,True,-,0.0
ENSMUSG00000022361-P,"1,2-Bis(trimethylsiloxy)cyclohexene",,,0,,,0,,,0,1.0,0.0,3,True,+,0.0
ENSMUSG00000022361-P,"1,2-Cinnolinedicarboxylic acid, 1,2,3,5,6,7,8,8a-octahydro-4-trimethylsilyloxy-, diethyl ester",,,0,,,0,,,0,-1.0,0.0,3,True,-,0.0
ENSMUSG00000022361-P,2-Aminoquinolin-8-ol,,,0,,,0,,,0,1.0,0.0,3,True,+,0.0
ENSMUSG00000022361-P,"3,3-Dimethylacrylic acid",,,0,,,0,,,0,1.0,0.0,4,True,+,0.0
ENSMUSG00000022361-P,"3-Hydroxy-7,3',4',5'-tetramethoxyflavone",,,0,,,0,,,0,1.0,0.0,3,True,+,0.0
ENSMUSG00000022361-P,cis-2-Decenoic acid,,,0,,,0,,,0,-1.0,0.0,3,True,-,0.0
ENSMUSG00000022361-P,Isosorbide,1.0,0.0,3,,,0,,,0,1.0,0.0,3,True,+,0.0
ENSMUSG00000022361-P,L-(+)-Threose,,,0,,,0,1.0,0.0,3,1.0,0.0,3,True,+,0.0
ENSMUSG00000028383-P,1-Butanol,,,0,,,0,,,0,1.0,0.0,6,True,+,0.0
ENSMUSG00000028383-P,"2,4-Dimethoxybenzaldoxime",,,0,,,0,,,0,-1.0,0.0,3,True,-,0.0
ENSMUSG00000028383-P,2-Aminoquinolin-8-ol,,,0,,,0,,,0,-1.0,0.0,3,True,-,0.0
ENSMUSG00000028383-P,2-Norbornanemethanol,,,0,,,0,,,0,1.0,0.0,3,True,+,0.0
ENSMUSG00000028383-P,"3-Hydroxy-7,3',4',5'-tetramethoxyflavone",,,0,,,0,,,0,-1.0,0.0,3,True,-,0.0
ENSMUSG00000028383-P,Adipoyl-L-carnitine,,,0,,,0,-1.0,0.0,3,-0.942857142857143,0.004804664723032,6,True,-,0.1679020985499759
ENSMUSG00000028383-P,"Benzene, 1-ethyl-3,5-dimethyl",,,0,,,0,,,0,1.0,0.0,4,True,+,0.0
ENSMUSG00000028383-P,cis-2-Decenoic acid,,,0,,,0,,,0,1.0,0.0,3,True,+,0.0
ENSMUSG00000028383-P,Isosorbide,-1.0,0.0,3,,,0,,,0,-1.0,0.0,3,True,-,0.0
ENSMUSG00000028383-P,L-Val-L-Leu,,,0,,,0,1.0,0.0,3,1.0,0.0,3,True,+,0.0
ENSMUSG00000028383-P,"N-[(3,4,5-Trimethoxyphenyl)methylidene]hydroxylamine",,,0,,,0,1.0,0.0,3,1.0,0.0,3,True,+,0.0
ENSMUSG00000028383-P,Octadecanoic acid,,,0,,,0,,,0,-1.0,0.0,3,True,-,0.0
ENSMUSG00000017221-P,"1,2-Bis(trimethylsiloxy)cyclohexene",,,0,,,0,,,0,-1.0,0.0,3,True,-,0.0
ENSMUSG00000017221-P,2-Aminoquinolin-8-ol,,,0,,,0,,,0,1.0,0.0,3,True,+,0.0
ENSMUSG00000017221-P,2-Norbornanemethanol,,,0,,,0,,,0,-1.0,0.0,3,True,-,0.0
ENSMUSG00000017221-P,"3,4-Dihydroxybenzaldehyde",-1.0,0.0,3,,,0,,,0,-1.0,0.0,3,True,-,0.0
ENSMUSG00000017221-P,Azelaic acid,-0.5,0.6666666666666666,3,-1.0,0.0,3,-0.6957252427829382,0.1247893374402869,6,-0.7705791151721809,0.0033551786239375,12,True,-,0.1259035599291489
ENSMUSG00000017221-P,Octanoic acid,,,0,,,0,-0.7999999999999999,0.2000000000000001,4,-0.942857142857143,0.004804664723032,6,True,-,0.1679020985499759
ENSMUSG00000017221-P,Tyr-Val,,,0,,,0,,,0,1.0,0.0,3,True,+,0.0
ENSMUSG00000021481-P,"1,2-Bis(trimethylsiloxy)cyclohexene",,,0,,,0,,,0,1.0,0.0,3,True,+,0.0
ENSMUSG00000021481-P,"3,4-Dihydroxybenzaldehyde",1.0,0.0,3,,,0,,,0,1.0,0.0,3,True,+,0.0
ENSMUSG00000021481-P,7-Hydroxy-4-(methoxymethyl)coumarin,,,0,,,0,-1.0,0.0,3,-1.0,0.0,4,True,-,0.0
ENSMUSG00000021481-P,L-(+)-Threose,,,0,,,0,-1.0,0.0,3,-1.0,0.0,3,True,-,0.0
ENSMUSG00000021481-P,"l-Leucine, n-butoxycarbonyl-N-methyl-, hexadecyl ester",,,0,,,0,,,0,-1.0,0.0,4,True,-,0.0
ENSMUSG00000021481-P,L-Val-L-Leu,,,0,,,0,-1.0,0.0,3,-1.0,0.0,3,True,-,0.0
ENSMUSG00000020752-P,2-Aminoquinolin-8-ol,,,0,,,0,,,0,-1.0,0.0,3,True,-,0.0
ENSMUSG00000020752-P,"4-[2-(4,7-Dimethoxy-2H-1,3-benzodioxol-5-yl)ethenyl]-2-methoxyphenol",0.5,0.6666666666666666,3,1.0,0.0,3,0.6957252427829382,0.1247893374402869,6,0.8161133356141735,0.0012051543656321,12,True,+,0.0495874267733696
ENSMUSG00000020752-P,"5-Chlorovaleric acid, nonyl ester",0.8660254037844387,0.3333333333333332,3,1.0,0.0,3,0.7142857142857143,0.1107871720116617,6,0.7600712181471057,0.0041173803556808,12,True,+,0.149614861133208
ENSMUSG00000020752-P,L-Threonine,,,0,,,0,-1.0,0.0,4,-1.0,1.4042654220543602e-24,5,True,-,6.303055151107153e-23
ENSMUSG00000020752-P,m-Toluic acid,1.0,0.0,3,1.0,0.0,3,0.8116794499134279,0.0498575851013403,6,0.7530659534637223,0.0046938930486737,12,True,+,0.1673621183600482
ENSMUSG00000020752-P,"N-[(3,4,5-Trimethoxyphenyl)methylidene]hydroxylamine",,,0,,,0,1.0,0.0,3,1.0,0.0,3,True,+,0.0
ENSMUSG00000020752-P,Octanoic acid,,,0,,,0,0.7999999999999999,0.2000000000000001,4,0.942857142857143,0.004804664723032,6,True,+,0.1679020985499759
ENSMUSG00000041642-P,"1,2-Bis(trimethylsiloxy)cyclohexene",,,0,,,0,,,0,1.0,0.0,3,True,+,0.0
ENSMUSG00000041642-P,"13-Docosenamide, (Z)",,,0,,,0,-1.0,0.0,3,-1.0,0.0,3,True,-,0.0
ENSMUSG00000041642-P,2-Aminoquinolin-8-ol,,,0,,,0,,,0,-1.0,0.0,3,True,-,0.0
ENSMUSG00000041642-P,"3,4-Dihydroxybenzaldehyde",1.0,0.0,3,,,0,,,0,1.0,0.0,3,True,+,0.0
ENSMUSG00000041642-P,"6-Methoxy-1-methyl-1,2,3,4-tetrahydroisoquinolin-7-ol ",,,0,,,0,-1.0,0.0,4,-0.9285714285714288,0.0025194724037946,7,True,-,0.097376722909516
ENSMUSG00000041642-P,Guanosine,,,0,1.0,0.0,3,0.7999999999999999,0.2000000000000001,4,0.9285714285714288,0.0008629681828999,8,True,+,0.0362866919169058
ENSMUSG00000041642-P,L-(+)-Threose,,,0,,,0,-1.0,0.0,3,-1.0,0.0,3,True,-,0.0
ENSMUSG00000041642-P,"Naringenin 4',7-dimethylether",,,0,-1.0,0.0,3,-0.8720815992723809,0.0538542177275421,5,-0.8982196964349441,0.0024387967963823,8,True,-,0.0951385740545402
ENSMUSG00000041642-P,tert-butyl(dimethyl)silyl-2-([tert-butyl(dimethyl)silyl]oxy)hex-2-enoate,,,0,,,0,-1.0,0.0,4,-1.0,0.0,4,True,-,0.0
ENSMUSG00000031147-P,"1,2-Bis(trimethylsiloxy)cyclohexene",,,0,,,0,,,0,1.0,0.0,3,True,+,0.0
ENSMUSG00000031147-P,4-tert-Butyldimethylsiloxy-3-penten-2-one,,,0,,,0,-1.0,0.0,4,-1.0,0.0,4,True,-,0.0
ENSMUSG00000031147-P,Prostaglandin,,,0,1.0,0.0,3,,,0,0.942857142857143,0.004804664723032,6,True,+,0.1679020985499759
ENSMUSG00000031147-P,Tyr-Val,,,0,,,0,,,0,-1.0,0.0,3,True,-,0.0
ENSMUSG00000038084-P,1-(tert-Butyldimethylsilyl)-4-methyl-1H-pyrazole,-0.5,0.6666666666666666,3,1.0,0.0,3,0.2732295333235123,0.6003545904291115,6,0.7957943811805186,0.0019622856162422,12,True,+,0.0783040406145235
ENSMUSG00000038084-P,"1,2-Bis(trimethylsiloxy)cyclohexene",,,0,,,0,,,0,1.0,0.0,3,True,+,0.0
ENSMUSG00000038084-P,"2,4-Imidazolidinedione, 5,5-dimethyl",1.0,0.0,3,1.0,0.0,3,0.0869656553478672,0.8698803787001028,6,0.7495633211220306,0.0050040491837882,12,True,+,0.1736498981001007
ENSMUSG00000038084-P,"2-Cyclohexen-1-one, 3-methyl-",0.5,0.6666666666666666,3,1.0,0.0,3,0.4285714285714286,0.3965014577259473,6,0.7622377622377624,0.0039504489725426,12,True,+,0.1444028705953552
ENSMUSG00000038084-P,2-Norbornanemethanol,,,0,,,0,,,0,-1.0,0.0,3,True,-,0.0
ENSMUSG00000038084-P,"3,4-Dihydroxybenzaldehyde",1.0,0.0,3,,,0,,,0,1.0,0.0,3,True,+,0.0
ENSMUSG00000038084-P,"5-Nonanol, tert-butyldimethylsilyl ether",1.0,0.0,3,1.0,0.0,3,0.5884898863364996,0.2191681811162894,6,0.8315840663996671,0.0007983671028551,12,True,+,0.0337673729697458
ENSMUSG00000038084-P,"Kojic acid, bis(tert-butyldimethylsilyl) ether",1.0,0.0,3,1.0,0.0,3,0.1428571428571428,0.7871720116618076,6,0.7412587412587414,0.0058011504744782,12,True,+,0.1955303081363889
ENSMUSG00000038084-P,"N-[(3,4,5-Trimethoxyphenyl)methylidene]hydroxylamine",,,0,,,0,1.0,0.0,3,1.0,0.0,3,True,+,0.0
ENSMUSG00000038084-P,Phenoxyethanol,0.5,0.6666666666666666,3,1.0,0.0,3,0.2319084142609793,0.658373571260927,6,0.7810870121972561,0.0027052956461396,12,True,+,0.1035246286271809
ENSMUSG00000038084-P,Phytanic acid,0.8660254037844387,0.3333333333333332,3,0.5,0.6666666666666666,3,0.0882734829504749,0.8679336982351337,6,0.745177316975271,0.0054139591882217,12,True,+,0.1848958209851327
ENSMUSG00000038084-P,Tyr-Val,,,0,,,0,,,0,-1.0,0.0,3,True,-,0.0
ENSMUSG00000038084-P,Xylazine,1.0,0.0,3,1.0,0.0,3,0.6571428571428573,0.1561749271137024,6,0.8461538461538463,0.000521133700481,12,True,+,0.0223584549031827
ENSMUSG00000066113-P,"1,2-Bis(trimethylsiloxy)cyclohexene",,,0,,,0,,,0,-1.0,0.0,3,True,-,0.0
ENSMUSG00000066113-P,"1,2-Cinnolinedicarboxylic acid, 1,2,3,5,6,7,8,8a-octahydro-4-trimethylsilyloxy-, diethyl ester",,,0,,,0,,,0,-1.0,0.0,3,True,-,0.0
ENSMUSG00000066113-P,2-Aminoquinolin-8-ol,,,0,,,0,,,0,1.0,0.0,3,True,+,0.0
ENSMUSG00000066113-P,2-Norbornanemethanol,,,0,,,0,,,0,-1.0,0.0,3,True,-,0.0
ENSMUSG00000066113-P,"3,4-Dihydroxybenzaldehyde",-1.0,0.0,3,,,0,,,0,-1.0,0.0,3,True,-,0.0
ENSMUSG00000066113-P,"3-Hydroxy-7,3',4',5'-tetramethoxyflavone",,,0,,,0,,,0,1.0,0.0,3,True,+,0.0
ENSMUSG00000066113-P,"Benzaldehyde, 2,5-dimethoxy",0.8660254037844387,0.3333333333333332,3,,,3,0.8280786712108252,0.0417946804560451,6,0.8276809077511001,0.0008890668399734,12,True,+,0.0373465270494656
ENSMUSG00000066113-P,Glabridin,,,0,,,0,,,0,1.0,0.0,4,True,+,0.0
ENSMUSG00000066113-P,L-Val-L-Leu,,,0,,,0,1.0,0.0,3,1.0,0.0,3,True,+,0.0
ENSMUSG00000066113-P,Methyl lactate,,,0,-0.5,0.6666666666666666,3,0.3714285714285715,0.4684781341107872,6,0.8000000000000002,0.0031104283103858,11,True,+,0.1176276726103183
ENSMUSG00000051043-P,"1,2-Bis(trimethylsiloxy)cyclohexene",,,0,,,0,,,0,1.0,0.0,3,True,+,0.0
ENSMUSG00000051043-P,"13-Docosenamide, (Z)",,,0,,,0,-1.0,0.0,3,-1.0,0.0,3,True,-,0.0
ENSMUSG00000051043-P,3-(4-Methoxyphenyl)coumarin,,,0,,,0,1.0,0.0,3,1.0,0.0,4,True,+,0.0
ENSMUSG00000051043-P,"3,4-Dihydroxybenzaldehyde",1.0,0.0,3,,,0,,,0,1.0,0.0,3,True,+,0.0
ENSMUSG00000051043-P,Palmitic Acid,1.0,0.0,3,,,0,0.7999999999999999,0.2000000000000001,4,0.8333333333333333,0.0052656910291617,9,True,+,0.1809859324943322
ENSMUSG00000042797-P,"1,2-Bis(trimethylsiloxy)cyclohexene",,,0,,,0,,,0,1.0,0.0,3,True,+,0.0
ENSMUSG00000042797-P,"1-Octanol, 2-butyl-",-0.5,0.6666666666666666,3,1.0,0.0,3,0.4119429204355497,0.4170383519896916,6,0.8000049246376544,0.0017816364524602,12,True,+,0.0715462464687746
ENSMUSG00000042797-P,3-Amino-5-methylisoxazole,,,0,1.0,0.0,3,0.6,0.208,6,0.8000000000000002,0.0031104283103858,11,True,+,0.1176276726103183
ENSMUSG00000042797-P,"Benzene, 1-ethyl-3,5-dimethyl",,,0,,,0,,,0,1.0,0.0,4,True,+,0.0
ENSMUSG00000042797-P,Glabridin,,,0,,,0,,,0,1.0,0.0,4,True,+,0.0
ENSMUSG00000042797-P,L-(+)-Threose,,,0,,,0,1.0,0.0,3,1.0,0.0,3,True,+,0.0
ENSMUSG00000042797-P,L-Val-L-Leu,,,0,,,0,-1.0,0.0,3,-1.0,0.0,3,True,-,0.0
ENSMUSG00000042797-P,"N-[(3,4,5-Trimethoxyphenyl)methylidene]hydroxylamine",,,0,,,0,1.0,0.0,3,1.0,0.0,3,True,+,0.0
ENSMUSG00000042797-P,Tyr-Val,,,0,,,0,,,0,-1.0,0.0,3,True,-,0.0
ENSMUSG00000028030-P,"13-Docosenamide, (Z)",,,0,,,0,1.0,0.0,3,1.0,0.0,3,True,+,0.0
ENSMUSG00000028030-P,"2,4-Dimethoxybenzaldoxime",,,0,,,0,,,0,1.0,0.0,3,True,+,0.0
ENSMUSG00000028030-P,3-(4-Methoxyphenyl)coumarin,,,0,,,0,-1.0,0.0,3,-1.0,0.0,4,True,-,0.0
ENSMUSG00000028030-P,"3,4-Dihydroxybenzaldehyde",1.0,0.0,3,,,0,,,0,1.0,0.0,3,True,+,0.0
ENSMUSG00000028030-P,L-(+)-Threose,,,0,,,0,1.0,0.0,3,1.0,0.0,3,True,+,0.0
ENSMUSG00000028030-P,Octadecanoic acid,,,0,,,0,,,0,1.0,0.0,3,True,+,0.0
ENSMUSG00000028030-P,Thymol,1.0,0.0,3,,,0,0.8720815992723809,0.0538542177275421,5,0.8145934285312865,0.004106131521831,10,True,+,0.149614861133208
ENSMUSG00000028484-P,"13-Docosenamide, (Z)",,,0,,,0,1.0,0.0,3,1.0,0.0,3,True,+,0.0
ENSMUSG00000028484-P,"2,4-Dimethoxybenzaldoxime",,,0,,,0,,,0,1.0,0.0,3,True,+,0.0
ENSMUSG00000028484-P,2-Aminoquinolin-8-ol,,,0,,,0,,,0,1.0,0.0,3,True,+,0.0
ENSMUSG00000028484-P,"4,5-Dihydro-1H-pyrazole",,,0,,,0,,,0,1.0,0.0,4,True,+,0.0
ENSMUSG00000028484-P,7-Hydroxy-4-(methoxymethyl)coumarin,,,0,,,0,1.0,0.0,3,1.0,0.0,4,True,+,0.0
ENSMUSG00000028484-P,cis-2-Decenoic acid,,,0,,,0,,,0,-1.0,0.0,3,True,-,0.0
ENSMUSG00000028484-P,Glabridin,,,0,,,0,,,0,1.0,0.0,4,True,+,0.0
ENSMUSG00000045817-P,2-Norbornanemethanol,,,0,,,0,,,0,1.0,0.0,3,True,+,0.0
ENSMUSG00000045817-P,"3,4-Dihydroxybenzaldehyde",-1.0,0.0,3,,,0,,,0,-1.0,0.0,3,True,-,0.0
ENSMUSG00000045817-P,4-tert-Butyldimethylsiloxy-3-penten-2-one,,,0,,,0,1.0,0.0,4,1.0,0.0,4,True,+,0.0
ENSMUSG00000045817-P,"Benzene, 1-ethyl-3,5-dimethyl",,,0,,,0,,,0,1.0,0.0,4,True,+,0.0
ENSMUSG00000045817-P,cis-2-Decenoic acid,,,0,,,0,,,0,-1.0,0.0,3,True,-,0.0
ENSMUSG00000045817-P,Glabridin,,,0,,,0,,,0,1.0,0.0,4,True,+,0.0
ENSMUSG00000045817-P,"N-[(3,4,5-Trimethoxyphenyl)methylidene]hydroxylamine",,,0,,,0,1.0,0.0,3,1.0,0.0,3,True,+,0.0
ENSMUSG00000045817-P,Niacinamide,,,0,-0.5,0.6666666666666666,3,-0.7714285714285715,0.0723965014577259,6,-0.8090909090909091,0.0025585801997139,11,True,-,0.0986327946362033
ENSMUSG00000045817-P,Octanoic acid,,,0,,,0,1.0,0.0,4,1.0,0.0,6,True,+,0.0
ENSMUSG00000045817-P,Phenol,1.0,0.0,3,-0.5,0.6666666666666666,3,0.7,0.1881204043741873,5,0.790909090909091,0.0037460829533974,11,True,+,0.1388516182868286
ENSMUSG00000045817-P,tert-butyl(dimethyl)silyl-2-([tert-butyl(dimethyl)silyl]oxy)hex-2-enoate,,,0,,,0,-1.0,0.0,4,-1.0,0.0,4,True,-,0.0
ENSMUSG00000031808-P,"1,2-Bis(trimethylsiloxy)cyclohexene",,,0,,,0,,,0,-1.0,0.0,3,True,-,0.0
ENSMUSG00000031808-P,"1,2-Cinnolinedicarboxylic acid, 1,2,3,5,6,7,8,8a-octahydro-4-trimethylsilyloxy-, diethyl ester",,,0,,,0,,,0,-1.0,0.0,3,True,-,0.0
ENSMUSG00000031808-P,2-Aminoquinolin-8-ol,,,0,,,0,,,0,1.0,0.0,3,True,+,0.0
ENSMUSG00000031808-P,"3-Hydroxy-7,3',4',5'-tetramethoxyflavone",,,0,,,0,,,0,1.0,0.0,3,True,+,0.0
ENSMUSG00000031808-P,4-tert-Butyldimethylsiloxy-3-penten-2-one,,,0,,,0,1.0,0.0,4,1.0,0.0,4,True,+,0.0
ENSMUSG00000031808-P,"N-[(3,4,5-Trimethoxyphenyl)methylidene]hydroxylamine",,,0,,,0,1.0,0.0,3,1.0,0.0,3,True,+,0.0
ENSMUSG00000031808-P,Octacosanol,,,0,,,0,-0.7999999999999999,0.2000000000000001,4,-0.9642857142857144,0.0004541491691941,7,True,-,0.0196011697980853
ENSMUSG00000021676-P,"13-Docosenamide, (Z)",,,0,,,0,1.0,0.0,3,1.0,0.0,3,True,+,0.0
ENSMUSG00000021676-P,2-Aminoquinolin-8-ol,,,0,,,0,,,0,1.0,0.0,3,True,+,0.0
ENSMUSG00000021676-P,"3,3-Dimethylacrylic acid",,,0,,,0,,,0,1.0,0.0,4,True,+,0.0
ENSMUSG00000021676-P,"3-Hydroxy-7,3',4',5'-tetramethoxyflavone",,,0,,,0,,,0,1.0,0.0,3,True,+,0.0
ENSMUSG00000021676-P,"4,5-Dihydro-1H-pyrazole",,,0,,,0,,,0,1.0,0.0,4,True,+,0.0
ENSMUSG00000021676-P,cis-2-Decenoic acid,,,0,,,0,,,0,-1.0,0.0,3,True,-,0.0
ENSMUSG00000021676-P,Glabridin,,,0,,,0,,,0,1.0,0.0,4,True,+,0.0
ENSMUSG00000021676-P,Isosorbide,1.0,0.0,3,,,0,,,0,1.0,0.0,3,True,+,0.0
ENSMUSG00000021676-P,L-(+)-Threose,,,0,,,0,1.0,0.0,3,1.0,0.0,3,True,+,0.0
ENSMUSG00000027523-P,"1,2-Bis(trimethylsiloxy)cyclohexene",,,0,,,0,,,0,1.0,0.0,3,True,+,0.0
ENSMUSG00000027523-P,2-Aminoquinolin-8-ol,,,0,,,0,,,0,1.0,0.0,3,True,+,0.0
ENSMUSG00000027523-P,2-Norbornanemethanol,,,0,,,0,,,0,1.0,0.0,3,True,+,0.0
ENSMUSG00000027523-P,"3-(4,7-Dimethoxy-2H-1,3-benzodioxol-5-yl)-2-methylprop-2-enal",0.5,0.6666666666666666,3,0.5,0.6666666666666666,3,0.6,0.208,6,0.7972027972027973,0.0019003677255282,12,True,+,0.0758912141765791
ENSMUSG00000027523-P,cis-2-Decenoic acid,,,0,,,0,,,0,-1.0,0.0,3,True,-,0.0
ENSMUSG00000027523-P,L-(+)-Threose,,,0,,,0,1.0,0.0,3,1.0,0.0,3,True,+,0.0
ENSMUSG00000027523-P,"l-Leucine, n-butoxycarbonyl-N-methyl-, hexadecyl ester",,,0,,,0,,,0,-1.0,0.0,4,True,-,0.0
ENSMUSG00000027523-P,L-Val-L-Leu,,,0,,,0,-1.0,0.0,3,-1.0,0.0,3,True,-,0.0
ENSMUSG00000027523-P,Mevalonolactone,-0.5,0.6666666666666666,3,0.8660254037844387,0.3333333333333332,3,0.7714285714285715,0.0723965014577259,6,0.795097541564023,0.0019934857741352,12,True,+,0.0794125677116889
ENSMUSG00000027523-P,Spiroxamine,,,0,,,0,1.0,1.4042654220543602e-24,5,0.8833333333333333,0.0015905004234978,9,True,+,0.0645907013577512
ENSMUSG00000027523-P,Tyr-Val,,,0,,,0,,,0,-1.0,0.0,3,True,-,0.0
ENSMUSG00000037716-P,"2,4-Dimethoxybenzaldoxime",,,0,,,0,,,0,1.0,0.0,3,True,+,0.0
ENSMUSG00000037716-P,"3,4-Dihydroxybenzaldehyde",1.0,0.0,3,,,0,,,0,1.0,0.0,3,True,+,0.0
ENSMUSG00000037716-P,"Glycine, tert.-butyldimethylsilyl ester",-0.5,0.6666666666666666,3,-0.5,0.6666666666666666,3,-0.8406680016960503,0.0360575728451592,6,-0.7530659534637223,0.0046938930486737,12,True,-,0.1673621183600482
ENSMUSG00000037716-P,L-Val-L-Leu,,,0,,,0,-1.0,0.0,3,-1.0,0.0,3,True,-,0.0
ENSMUSG00000037716-P,Oxalic acid,0.0,1.0,3,-0.8660254037844387,0.3333333333333332,3,-0.8986451052612952,0.0148886220055803,6,-0.745177316975271,0.0054139591882217,12,True,-,0.1848958209851327
ENSMUSG00000070319-P,"1,2-Bis(trimethylsiloxy)cyclohexene",,,0,,,0,,,0,1.0,0.0,3,True,+,0.0
ENSMUSG00000070319-P,2-Norbornanemethanol,,,0,,,0,,,0,1.0,0.0,3,True,+,0.0
ENSMUSG00000070319-P,Chlorobenzilate ,,,0,,,0,,,0,1.0,0.0,4,True,+,0.0
ENSMUSG00000070319-P,L-Val-L-Leu,,,0,,,0,-1.0,0.0,3,-1.0,0.0,3,True,-,0.0
ENSMUSG00000070319-P,Octadecanoic acid,,,0,,,0,,,0,-1.0,0.0,3,True,-,0.0
ENSMUSG00000024472-P,"2,3-Dihydroxybutanoic acid",,,0,0.0,1.0,3,1.0,0.0,4,0.8954053273686237,0.0010985258735882,9,True,+,0.0456132742503017
ENSMUSG00000024472-P,2-Pyrrolidone-5-carboxylic acid,-0.5,0.6666666666666666,3,0.8660254037844387,0.3333333333333332,3,0.8857142857142858,0.0188454810495626,6,0.742558056438647,0.0056705287880292,12,True,+,0.1922440832339479
ENSMUSG00000024472-P,3-(4-Methoxyphenyl)coumarin,,,0,,,0,1.0,0.0,3,1.0,0.0,4,True,+,0.0
ENSMUSG00000024472-P,"3,4-Dihydroxybenzaldehyde",-1.0,0.0,3,,,0,,,0,-1.0,0.0,3,True,-,0.0
ENSMUSG00000024472-P,Acetic acid,0.8660254037844387,0.3333333333333332,3,,,3,0.9258200997725516,0.0080498931008376,6,0.8720241785838646,0.0002172375783429,12,True,+,0.0095597345448537
ENSMUSG00000024472-P,N-Acetylaminoethanol,0.0,1.0,3,0.8660254037844387,0.3333333333333332,3,0.8986451052612952,0.0148886220055803,6,0.7662672410406088,0.0036536770820754,12,True,+,0.1360055744751174
ENSMUSG00000024472-P,Octadecanoic acid,,,0,,,0,,,0,-1.0,0.0,3,True,-,0.0
ENSMUSG00000007476-P,"13-Docosenamide, (Z)",,,0,,,0,-1.0,0.0,3,-1.0,0.0,3,True,-,0.0
ENSMUSG00000007476-P,2-Cyanobenzaldehyde,,,0,,,0,-0.8999999999999998,0.0373860734684987,5,-0.942857142857143,0.004804664723032,6,True,-,0.1679020985499759
ENSMUSG00000007476-P,"2-Methylcyclohexanol, (Z)",0.5,0.6666666666666666,3,-0.8660254037844387,0.3333333333333332,3,-0.5507824838698261,0.2573693316225746,6,-0.8070225116958795,0.0015091813858525,12,True,-,0.0615154816152987
ENSMUSG00000007476-P,3-(4-Methoxyphenyl)coumarin,,,0,,,0,1.0,0.0,3,1.0,0.0,4,True,+,0.0
ENSMUSG00000007476-P,"3,4-Dihydroxybenzaldehyde",1.0,0.0,3,,,0,,,0,1.0,0.0,3,True,+,0.0
ENSMUSG00000007476-P,"4,5-Dihydro-1H-pyrazole",,,0,,,0,,,0,1.0,0.0,4,True,+,0.0
ENSMUSG00000007476-P,Glycine,-0.5,0.6666666666666666,3,-1.0,0.0,3,-0.3188740696088466,0.537900560470205,6,-0.7460606887803388,0.0053294347525701,12,True,-,0.1820984623388383
ENSMUSG00000007476-P,L-(+)-Threose,,,0,,,0,-1.0,0.0,3,-1.0,0.0,3,True,-,0.0
ENSMUSG00000007476-P,L-Val-L-Leu,,,0,,,0,-1.0,0.0,3,-1.0,0.0,3,True,-,0.0
ENSMUSG00000041308-P,"13-Docosenamide, (Z)",,,0,,,0,1.0,0.0,3,1.0,0.0,3,True,+,0.0
ENSMUSG00000041308-P,"2,4-Dimethoxybenzaldoxime",,,0,,,0,,,0,1.0,0.0,3,True,+,0.0
ENSMUSG00000041308-P,"3-Hydroxy-7,3',4',5'-tetramethoxyflavone",,,0,,,0,,,0,1.0,0.0,3,True,+,0.0
ENSMUSG00000041308-P,cis-2-Decenoic acid,,,0,,,0,,,0,-1.0,0.0,3,True,-,0.0
ENSMUSG00000041308-P,Isosorbide,1.0,0.0,3,,,0,,,0,1.0,0.0,3,True,+,0.0
ENSMUSG00000033436-P,"13-Docosenamide, (Z)",,,0,,,0,-1.0,0.0,3,-1.0,0.0,3,True,-,0.0
ENSMUSG00000033436-P,"3,4-Dihydroxybenzaldehyde",1.0,0.0,3,,,0,,,0,1.0,0.0,3,True,+,0.0
ENSMUSG00000033436-P,"4,5-Dihydro-1H-pyrazole",,,0,,,0,,,0,1.0,0.0,4,True,+,0.0
ENSMUSG00000033436-P,L-(+)-Threose,,,0,,,0,-1.0,0.0,3,-1.0,0.0,3,True,-,0.0
ENSMUSG00000033436-P,Niacinamide,,,0,1.0,0.0,3,0.6,0.208,6,0.8272727272727273,0.0016769738964523,11,True,+,0.0675770348938753
ENSMUSG00000033436-P,Tyr-Val,,,0,,,0,,,0,-1.0,0.0,3,True,-,0.0
ENSMUSG00000034579-P,"13-Docosenamide, (Z)",,,0,,,0,-1.0,0.0,3,-1.0,0.0,3,True,-,0.0
ENSMUSG00000034579-P,"6-Methoxy-1-methyl-1,2,3,4-tetrahydroisoquinolin-7-ol ",,,0,,,0,-0.7999999999999999,0.2000000000000001,4,-0.9189562119494704,0.0034366261562175,7,True,-,0.1288426047067842
ENSMUSG00000034579-P,Guanosine,,,0,0.8660254037844387,0.3333333333333332,3,0.948683298050514,0.0513167019494861,4,0.8728715609439696,0.0046592149439939,8,True,+,0.1667802587627352
ENSMUSG00000034579-P,Oleic Acid,1.0,0.0,3,,,0,,,0,1.0,0.0,3,True,+,0.0
ENSMUSG00000038545-P,"1,2-Bis(trimethylsiloxy)cyclohexene",,,0,,,0,,,0,-1.0,0.0,3,True,-,0.0
ENSMUSG00000038545-P,"13-Docosenamide, (Z)",,,0,,,0,1.0,0.0,3,1.0,0.0,3,True,+,0.0
ENSMUSG00000038545-P,2-Aminoquinolin-8-ol,,,0,,,0,,,0,1.0,0.0,3,True,+,0.0
ENSMUSG00000038545-P,"3,3-Dimethylacrylic acid",,,0,,,0,,,0,-1.0,0.0,4,True,-,0.0
ENSMUSG00000038545-P,cis-2-Decenoic acid,,,0,,,0,,,0,-1.0,0.0,3,True,-,0.0
ENSMUSG00000038545-P,Guanosine,,,0,-1.0,0.0,3,-0.7999999999999999,0.2000000000000001,4,-0.880952380952381,0.0038503204637324,8,True,-,0.1414605165627303
ENSMUSG00000038545-P,Trimethylolpropane,,,0,,,0,0.8207826816681233,0.0885870053135438,5,0.8982196964349441,0.0024387967963823,8,True,+,0.0951385740545402
ENSMUSG00000042831-P,"1,2-Bis(trimethylsiloxy)cyclohexene",,,0,,,0,,,0,1.0,0.0,3,True,+,0.0
ENSMUSG00000042831-P,"2,4-Dimethoxybenzaldoxime",,,0,,,0,,,0,1.0,0.0,3,True,+,0.0
ENSMUSG00000042831-P,"3,4-Dihydroxybenzaldehyde",-1.0,0.0,3,,,0,,,0,-1.0,0.0,3,True,-,0.0
ENSMUSG00000042831-P,"3-Hydroxy-7,3',4',5'-tetramethoxyflavone",,,0,,,0,,,0,1.0,0.0,3,True,+,0.0
ENSMUSG00000042831-P,Chlorobenzilate ,,,0,,,0,,,0,1.0,0.0,4,True,+,0.0
ENSMUSG00000042831-P,Octadecanoic acid,,,0,,,0,,,0,-1.0,0.0,3,True,-,0.0
ENSMUSG00000030217-P,2-Norbornanemethanol,,,0,,,0,,,0,-1.0,0.0,3,True,-,0.0
ENSMUSG00000030217-P,"3,3-Dimethylacrylic acid",,,0,,,0,,,0,1.0,0.0,4,True,+,0.0
ENSMUSG00000030217-P,"3,4-Dihydroxybenzaldehyde",1.0,0.0,3,,,0,,,0,1.0,0.0,3,True,+,0.0
ENSMUSG00000030217-P,Glabridin,,,0,,,0,,,0,-1.0,0.0,4,True,-,0.0
ENSMUSG00000030217-P,L-(+)-Threose,,,0,,,0,-1.0,0.0,3,-1.0,0.0,3,True,-,0.0
ENSMUSG00000030217-P,"N-[(3,4,5-Trimethoxyphenyl)methylidene]hydroxylamine",,,0,,,0,-1.0,0.0,3,-1.0,0.0,3,True,-,0.0
ENSMUSG00000030217-P,Tyr-Val,,,0,,,0,,,0,-1.0,0.0,3,True,-,0.0
ENSMUSG00000065799-P,"1,2-Cinnolinedicarboxylic acid, 1,2,3,5,6,7,8,8a-octahydro-4-trimethylsilyloxy-, diethyl ester",,,0,,,0,,,0,-1.0,0.0,3,True,-,0.0
ENSMUSG00000065799-P,"13-Docosenamide, (Z)",,,0,,,0,1.0,0.0,3,1.0,0.0,3,True,+,0.0
ENSMUSG00000065799-P,2-Aminoquinolin-8-ol,,,0,,,0,,,0,1.0,0.0,3,True,+,0.0
ENSMUSG00000065799-P,Aceturic acid,-0.8660254037844387,0.3333333333333332,3,,,0,0.753702346348183,0.0835232813732598,6,0.7816067367347156,0.0044912237070995,11,True,+,0.1617366910309151
ENSMUSG00000065799-P,Tyr-Val,,,0,,,0,,,0,-1.0,0.0,3,True,-,0.0
ENSMUSG00000022085-P,Glabridin,,,0,,,0,,,0,1.0,0.0,4,True,+,0.0
ENSMUSG00000022085-P,L-(+)-Threose,,,0,,,0,1.0,0.0,3,1.0,0.0,3,True,+,0.0
ENSMUSG00000029840-P,"1,2-Bis(trimethylsiloxy)cyclohexene",,,0,,,0,,,0,1.0,0.0,3,True,+,0.0
ENSMUSG00000029840-P,"13-Docosenamide, (Z)",,,0,,,0,1.0,0.0,3,1.0,0.0,3,True,+,0.0
ENSMUSG00000029840-P,"2,5-Dimethoxyphenol",0.5,0.6666666666666666,3,0.5,0.6666666666666666,3,1.0,0.0,6,0.7762237762237763,0.0029928636801859,12,True,+,0.1136263097655619
ENSMUSG00000029840-P,cis-2-Decenoic acid,,,0,,,0,,,0,-1.0,0.0,3,True,-,0.0
ENSMUSG00000029840-P,Isosorbide,1.0,0.0,3,,,0,,,0,1.0,0.0,3,True,+,0.0
ENSMUSG00000029840-P,L-(+)-Threose,,,0,,,0,1.0,0.0,3,1.0,0.0,3,True,+,0.0
ENSMUSG00000029840-P,L-Val-L-Leu,,,0,,,0,-1.0,0.0,3,-1.0,0.0,3,True,-,0.0
ENSMUSG00000029840-P,Phenol,0.5,0.6666666666666666,3,-0.5,0.6666666666666666,3,0.7999999999999999,0.1040880386618278,5,0.8454545454545455,0.0010451821458586,11,True,+,0.0434501308308189
ENSMUSG00000029840-P,Tyr-Val,,,0,,,0,,,0,-1.0,0.0,3,True,-,0.0
ENSMUSG00000105970-P,cis-2-Decenoic acid,,,0,,,0,,,0,-1.0,0.0,3,True,-,0.0
ENSMUSG00000021904-P,"13-Docosenamide, (Z)",,,0,,,0,1.0,0.0,3,1.0,0.0,3,True,+,0.0
ENSMUSG00000021904-P,Chlorobenzilate ,,,0,,,0,,,0,-1.0,0.0,4,True,-,0.0
ENSMUSG00000021904-P,L-Val-L-Leu,,,0,,,0,1.0,0.0,3,1.0,0.0,3,True,+,0.0
ENSMUSG00000021904-P,m-Toluic acid,-1.0,0.0,3,-0.5,0.6666666666666666,3,-0.9276336570439176,0.0076658441874731,6,-0.7880922768806397,0.0023286751402374,12,True,-,0.0910978063660742
ENSMUSG00000105607-P,2-Aminoquinolin-8-ol,,,0,,,0,,,0,-1.0,0.0,3,True,-,0.0
ENSMUSG00000105607-P,2-Norbornanemethanol,,,0,,,0,,,0,-1.0,0.0,3,True,-,0.0
ENSMUSG00000105607-P,"3,3-Dimethylacrylic acid",,,0,,,0,,,0,1.0,0.0,4,True,+,0.0
ENSMUSG00000105607-P,"3,4-Dihydroxybenzaldehyde",1.0,0.0,3,,,0,,,0,1.0,0.0,3,True,+,0.0
ENSMUSG00000105607-P,"4,5-Dihydro-1H-pyrazole",,,0,,,0,,,0,1.0,0.0,4,True,+,0.0
ENSMUSG00000105607-P,6-Methyluracil,1.0,0.0,3,0.5,0.6666666666666666,3,0.753702346348183,0.0835232813732598,6,0.7859649122807018,0.0024385172321614,12,True,+,0.0951385740545402
ENSMUSG00000105607-P,Butyric Acid,0.5,0.6666666666666666,3,0.5,0.6666666666666666,3,0.5797710356524484,0.227783956715016,6,0.7614035087719299,0.0040141085357211,12,True,+,0.146499185581409
ENSMUSG00000105607-P,cis-2-Decenoic acid,,,0,,,0,,,0,1.0,0.0,3,True,+,0.0
ENSMUSG00000105607-P,"Hymexazole, tert-butyldimethylsilyl ether",1.0,0.0,3,0.5,0.6666666666666666,3,0.7714285714285715,0.0723965014577259,6,0.80910807093079,0.0014347403699364,12,True,+,0.0585611746228777
ENSMUSG00000105607-P,Isobutanol,-0.5,0.6666666666666666,3,0.0,1.0,3,-0.942857142857143,0.004804664723032,6,-0.7438596491228071,0.0055419121738598,12,True,-,0.188679669155331
ENSMUSG00000105607-P,L-(+)-Threose,,,0,,,0,-1.0,0.0,3,-1.0,0.0,3,True,-,0.0
ENSMUSG00000105607-P,Tyr-Val,,,0,,,0,,,0,-1.0,0.0,3,True,-,0.0
ENSMUSG00000033502-P,"1,2-Bis(trimethylsiloxy)cyclohexene",,,0,,,0,,,0,-1.0,0.0,3,True,-,0.0
ENSMUSG00000033502-P,"1,2-Cinnolinedicarboxylic acid, 1,2,3,5,6,7,8,8a-octahydro-4-trimethylsilyloxy-, diethyl ester",,,0,,,0,,,0,1.0,0.0,3,True,+,0.0
ENSMUSG00000033502-P,"13-Docosenamide, (Z)",,,0,,,0,1.0,0.0,3,1.0,0.0,3,True,+,0.0
ENSMUSG00000033502-P,"2,5-Bis((tert-butyldimethylsilyl)oxy)-4,4-dimethyl-4H-imidazole",,,0,,,0,-0.942857142857143,0.004804664723032,6,-0.8666666666666665,0.0011735381801554,10,True,-,0.0484009213110282
ENSMUSG00000033502-P,2-Aminoquinolin-8-ol,,,0,,,0,,,0,1.0,0.0,3,True,+,0.0
ENSMUSG00000033502-P,"3,4-Dihydroxybenzaldehyde",-1.0,0.0,3,,,0,,,0,-1.0,0.0,3,True,-,0.0
ENSMUSG00000033502-P,"6-Methoxy-1-methyl-1,2,3,4-tetrahydroisoquinolin-7-ol ",,,0,,,0,1.0,0.0,4,0.9285714285714288,0.0025194724037946,7,True,+,0.097376722909516
ENSMUSG00000033502-P,6-Methyluracil,-1.0,0.0,3,-1.0,0.0,3,-0.8986451052612952,0.0148886220055803,6,-0.7600712181471057,0.0041173803556808,12,True,-,0.149614861133208
ENSMUSG00000033502-P,7-Hydroxy-4-(methoxymethyl)coumarin,,,0,,,0,1.0,0.0,3,1.0,0.0,4,True,+,0.0
ENSMUSG00000033502-P,cis-2-Decenoic acid,,,0,,,0,,,0,-1.0,0.0,3,True,-,0.0
ENSMUSG00000033502-P,"Hymexazole, tert-butyldimethylsilyl ether",-1.0,0.0,3,-1.0,0.0,3,-0.8285714285714287,0.0415626822157433,6,-0.8321678321678322,0.0007854416778536,12,True,-,0.0332610831314817
ENSMUSG00000033502-P,L-Val-L-Leu,,,0,,,0,1.0,0.0,3,1.0,0.0,3,True,+,0.0
ENSMUSG00000033502-P,Tyr-Val,,,0,,,0,,,0,1.0,0.0,3,True,+,0.0
ENSMUSG00000090877-P,"1,2-Bis(trimethylsiloxy)cyclohexene",,,0,,,0,,,0,-1.0,0.0,3,True,-,0.0
ENSMUSG00000090877-P,2-Aminoquinolin-8-ol,,,0,,,0,,,0,-1.0,0.0,3,True,-,0.0
ENSMUSG00000090877-P,cis-2-Decenoic acid,,,0,,,0,,,0,1.0,0.0,3,True,+,0.0
ENSMUSG00000090877-P,"l-Leucine, n-butoxycarbonyl-N-methyl-, hexadecyl ester",,,0,,,0,,,0,1.0,0.0,4,True,+,0.0
ENSMUSG00000090877-P,Nonanoic acid,1.0,0.0,3,-1.0,0.0,3,-0.9746794344808964,0.0048182304681985,5,-0.7699336604071668,0.005574581301564,11,True,-,0.1897300891266952
ENSMUSG00000090877-P,Tyr-Val,,,0,,,0,,,0,1.0,0.0,3,True,+,0.0
ENSMUSG00000044813-P,"1,2-Cinnolinedicarboxylic acid, 1,2,3,5,6,7,8,8a-octahydro-4-trimethylsilyloxy-, diethyl ester",,,0,,,0,,,0,1.0,0.0,3,True,+,0.0
ENSMUSG00000044813-P,"13-Docosenamide, (Z)",,,0,,,0,-1.0,0.0,3,-1.0,0.0,3,True,-,0.0
ENSMUSG00000044813-P,2-Aminoquinolin-8-ol,,,0,,,0,,,0,-1.0,0.0,3,True,-,0.0
ENSMUSG00000044813-P,"3,4-Dihydroxybenzaldehyde",1.0,0.0,3,,,0,,,0,1.0,0.0,3,True,+,0.0
ENSMUSG00000044813-P,7-Hydroxy-4-(methoxymethyl)coumarin,,,0,,,0,-1.0,0.0,3,-1.0,0.0,4,True,-,0.0
ENSMUSG00000044813-P,cis-2-Decenoic acid,,,0,,,0,,,0,1.0,0.0,3,True,+,0.0
ENSMUSG00000044813-P,Tyr-Val,,,0,,,0,,,0,-1.0,0.0,3,True,-,0.0
ENSMUSG00000030268-P,"13-Docosenamide, (Z)",,,0,,,0,-1.0,0.0,3,-1.0,0.0,3,True,-,0.0
ENSMUSG00000030268-P,"3-Hydroxy-7,3',4',5'-tetramethoxyflavone",,,0,,,0,,,0,-1.0,0.0,3,True,-,0.0
ENSMUSG00000030268-P,Isosorbide,-1.0,0.0,3,,,0,,,0,-1.0,0.0,3,True,-,0.0
ENSMUSG00000030268-P,L-Val-L-Leu,,,0,,,0,-1.0,0.0,3,-1.0,0.0,3,True,-,0.0
ENSMUSG00000030268-P,Tyr-Val,,,0,,,0,,,0,1.0,0.0,3,True,+,0.0
ENSMUSG00000031967-P,2-Aminoquinolin-8-ol,,,0,,,0,,,0,1.0,0.0,3,True,+,0.0
ENSMUSG00000031967-P,2-Norbornanemethanol,,,0,,,0,,,0,-1.0,0.0,3,True,-,0.0
ENSMUSG00000031967-P,"4,5-Dihydro-1H-pyrazole",,,0,,,0,,,0,1.0,0.0,4,True,+,0.0
ENSMUSG00000031967-P,4-tert-Butyldimethylsiloxy-3-penten-2-one,,,0,,,0,-1.0,0.0,4,-1.0,0.0,4,True,-,0.0
ENSMUSG00000031967-P,"N-[(3,4,5-Trimethoxyphenyl)methylidene]hydroxylamine",,,0,,,0,-1.0,0.0,3,-1.0,0.0,3,True,-,0.0
ENSMUSG00000031967-P,Octanoic acid,,,0,,,0,-1.0,0.0,4,-0.942857142857143,0.004804664723032,6,True,-,0.1679020985499759
ENSMUSG00000031967-P,tert-butyl(dimethyl)silyl-2-([tert-butyl(dimethyl)silyl]oxy)hex-2-enoate,,,0,,,0,1.0,0.0,4,1.0,0.0,4,True,+,0.0
ENSMUSG00000028977-P,"13-Docosenamide, (Z)",,,0,,,0,1.0,0.0,3,1.0,0.0,3,True,+,0.0
ENSMUSG00000028977-P,2-Norbornanemethanol,,,0,,,0,,,0,1.0,0.0,3,True,+,0.0
ENSMUSG00000028977-P,3-(4-Methoxyphenyl)coumarin,,,0,,,0,-1.0,0.0,3,-1.0,0.0,4,True,-,0.0
ENSMUSG00000028977-P,"3,4-Dihydroxybenzaldehyde",1.0,0.0,3,,,0,,,0,1.0,0.0,3,True,+,0.0
ENSMUSG00000028977-P,L-(+)-Threose,,,0,,,0,1.0,0.0,3,1.0,0.0,3,True,+,0.0
ENSMUSG00000028977-P,Spiroxamine,,,0,,,0,0.7,0.1881204043741873,5,0.8333333333333333,0.0052656910291617,9,True,+,0.1809859324943322
ENSMUSG00000028977-P,Tyr-Val,,,0,,,0,,,0,-1.0,0.0,3,True,-,0.0
ENSMUSG00000090110-P,"13-Docosenamide, (Z)",,,0,,,0,-1.0,0.0,3,-1.0,0.0,3,True,-,0.0
ENSMUSG00000090110-P,3-(4-Methoxyphenyl)coumarin,,,0,,,0,1.0,0.0,3,1.0,0.0,4,True,+,0.0
ENSMUSG00000090110-P,"3,4-Dihydroxybenzaldehyde",1.0,0.0,3,,,0,,,0,1.0,0.0,3,True,+,0.0
ENSMUSG00000090110-P,L-(+)-Threose,,,0,,,0,-1.0,0.0,3,-1.0,0.0,3,True,-,0.0
ENSMUSG00000048106-P,"2,4-Dimethoxybenzaldoxime",,,0,,,0,,,0,1.0,0.0,3,True,+,0.0
ENSMUSG00000048106-P,"3,4-Dihydroxybenzaldehyde",-1.0,0.0,3,,,0,,,0,-1.0,0.0,3,True,-,0.0
ENSMUSG00000048106-P,"3-Hydroxy-7,3',4',5'-tetramethoxyflavone",,,0,,,0,,,0,1.0,0.0,3,True,+,0.0
ENSMUSG00000048106-P,4-tert-Butyldimethylsiloxy-3-penten-2-one,,,0,,,0,1.0,0.0,4,1.0,0.0,4,True,+,0.0
ENSMUSG00000048106-P,"Benzene, 1-ethyl-3,5-dimethyl",,,0,,,0,,,0,1.0,0.0,4,True,+,0.0
ENSMUSG00000048106-P,Diclofenac,,,0,,,0,,,0,-1.0,0.0,4,True,-,0.0
ENSMUSG00000048106-P,Glabridin,,,0,,,0,,,0,1.0,0.0,4,True,+,0.0
ENSMUSG00000048106-P,L-Ornithine,,,0,,,0,,,0,1.0,0.0,4,True,+,0.0
ENSMUSG00000048106-P,Luciferin,,,0,,,0,,,0,-1.0,0.0,4,True,-,0.0
ENSMUSG00000048106-P,"N-[(3,4,5-Trimethoxyphenyl)methylidene]hydroxylamine",,,0,,,0,1.0,0.0,3,1.0,0.0,3,True,+,0.0
ENSMUSG00000048106-P,Octadecanoic acid,,,0,,,0,,,0,-1.0,0.0,3,True,-,0.0
ENSMUSG00000026563-P,2-Norbornanemethanol,,,0,,,0,,,0,-1.0,0.0,3,True,-,0.0
ENSMUSG00000026563-P,"3,4-Dihydroxybenzaldehyde",1.0,0.0,3,,,0,,,0,1.0,0.0,3,True,+,0.0
ENSMUSG00000026563-P,L-Threonine,,,0,,,0,1.0,0.0,4,1.0,1.4042654220543602e-24,5,True,+,6.303055151107153e-23
ENSMUSG00000026563-P,Octanoic acid,,,0,,,0,-0.7999999999999999,0.2000000000000001,4,-0.942857142857143,0.004804664723032,6,True,-,0.1679020985499759
ENSMUSG00000026563-P,Phenol,-1.0,0.0,3,0.5,0.6666666666666666,3,-1.0,1.4042654220543602e-24,5,-0.8272727272727273,0.0016769738964523,11,True,-,0.0675770348938753
ENSMUSG00000046157-P,"1,2-Bis(trimethylsiloxy)cyclohexene",,,0,,,0,,,0,-1.0,0.0,3,True,-,0.0
ENSMUSG00000046157-P,"13-Docosenamide, (Z)",,,0,,,0,-1.0,0.0,3,-1.0,0.0,3,True,-,0.0
ENSMUSG00000046157-P,"2,4-Dimethoxybenzaldoxime",,,0,,,0,,,0,-1.0,0.0,3,True,-,0.0
ENSMUSG00000046157-P,Azelaic acid,-1.0,0.0,3,-0.5,0.6666666666666666,3,-0.5217939320872036,0.2883432338003935,6,-0.80910807093079,0.0014347403699364,12,True,-,0.0585611746228777
ENSMUSG00000046157-P,Chlorobenzilate ,,,0,,,0,,,0,-1.0,0.0,4,True,-,0.0
ENSMUSG00000046157-P,L-Val-L-Leu,,,0,,,0,1.0,0.0,3,1.0,0.0,3,True,+,0.0
ENSMUSG00000046157-P,Tyr-Val,,,0,,,0,,,0,1.0,0.0,3,True,+,0.0
ENSMUSG00000047067-P,"1,2-Bis(trimethylsiloxy)cyclohexene",,,0,,,0,,,0,1.0,0.0,3,True,+,0.0
ENSMUSG00000047067-P,4-tert-Butyldimethylsiloxy-3-penten-2-one,,,0,,,0,-1.0,0.0,4,-1.0,0.0,4,True,-,0.0
ENSMUSG00000047067-P,tert-butyl(dimethyl)silyl-2-([tert-butyl(dimethyl)silyl]oxy)hex-2-enoate,,,0,,,0,1.0,0.0,4,1.0,0.0,4,True,+,0.0
ENSMUSG00000067928-P,"13-Docosenamide, (Z)",,,0,,,0,1.0,0.0,3,1.0,0.0,3,True,+,0.0
ENSMUSG00000067928-P,"1-Pentene, 1,3-diphenyl-1-(trimethylsilyloxy)-",,,0,,,0,,,0,-1.0,0.0,4,True,-,0.0
ENSMUSG00000067928-P,2-Aminoquinolin-8-ol,,,0,,,0,,,0,1.0,0.0,3,True,+,0.0
ENSMUSG00000067928-P,"3,4-Dihydroxybenzaldehyde",-1.0,0.0,3,,,0,,,0,-1.0,0.0,3,True,-,0.0
ENSMUSG00000067928-P,"4,5-Dihydro-1H-pyrazole",,,0,,,0,,,0,-1.0,0.0,4,True,-,0.0
ENSMUSG00000047181-P,"1,3-Oxazolidine, 2,5-diphenyl-4-methyl-, trans-",-0.5,0.6666666666666666,3,-0.5,0.6666666666666666,3,-0.9710083124552245,0.0012485929031976,6,-0.7754433699338666,0.0030410933690381,12,True,-,0.1153396348750808
ENSMUSG00000047181-P,"13-Docosenamide, (Z)",,,0,,,0,1.0,0.0,3,1.0,0.0,3,True,+,0.0
ENSMUSG00000047181-P,"1-Octanol, 2-butyl-",-0.5,0.6666666666666666,3,-0.5,0.6666666666666666,3,-0.6473388749701496,0.1646245946813782,6,-0.7614081958174166,0.0040137487228951,12,True,-,0.146499185581409
ENSMUSG00000047181-P,"2,4-Dimethoxybenzaldoxime",,,0,,,0,,,0,1.0,0.0,3,True,+,0.0
ENSMUSG00000047181-P,"3-Hydroxy-7,3',4',5'-tetramethoxyflavone",,,0,,,0,,,0,-1.0,0.0,3,True,-,0.0
ENSMUSG00000047181-P,"4,5-Dihydro-1H-pyrazole",,,0,,,0,,,0,-1.0,0.0,4,True,-,0.0
ENSMUSG00000047181-P,4-tert-Butyldimethylsiloxy-3-penten-2-one,,,0,,,0,-1.0,0.0,4,-1.0,0.0,4,True,-,0.0
ENSMUSG00000047181-P,cis-2-Decenoic acid,,,0,,,0,,,0,1.0,0.0,3,True,+,0.0
ENSMUSG00000047181-P,Isosorbide,-1.0,0.0,3,,,0,,,0,-1.0,0.0,3,True,-,0.0
ENSMUSG00000047181-P,N-Ethylamphetamine,-1.0,0.0,3,,,0,-0.9856107606091624,0.0003090856678496,6,-0.849323922857635,0.0009379698490142,11,True,-,0.0393453965575239
ENSMUSG00000047181-P,tert-butyl(dimethyl)silyl-2-([tert-butyl(dimethyl)silyl]oxy)hex-2-enoate,,,0,,,0,1.0,0.0,4,1.0,0.0,4,True,+,0.0
ENSMUSG00000047181-P,Tromethamine,,,0,,,0,-0.6,0.2847569798652938,5,-0.9047619047619048,0.0020082755054294,8,True,-,0.0796373285451544
ENSMUSG00000047181-P,Tyr-Val,,,0,,,0,,,0,1.0,0.0,3,True,+,0.0
ENSMUSG00000038880-P,2-Aminoquinolin-8-ol,,,0,,,0,,,0,1.0,0.0,3,True,+,0.0
ENSMUSG00000038880-P,2-Norbornanemethanol,,,0,,,0,,,0,-1.0,0.0,3,True,-,0.0
ENSMUSG00000038880-P,"3,3-Dimethylacrylic acid",,,0,,,0,,,0,-1.0,0.0,4,True,-,0.0
ENSMUSG00000038880-P,"4,5-Dihydro-1H-pyrazole",,,0,,,0,,,0,-1.0,0.0,4,True,-,0.0
ENSMUSG00000038880-P,L-(+)-Threose,,,0,,,0,1.0,0.0,3,1.0,0.0,3,True,+,0.0
ENSMUSG00000038880-P,"N-[(3,4,5-Trimethoxyphenyl)methylidene]hydroxylamine",,,0,,,0,1.0,0.0,3,1.0,0.0,3,True,+,0.0
ENSMUSG00000038880-P,Tyr-Val,,,0,,,0,,,0,1.0,0.0,3,True,+,0.0
ENSMUSG00000034786-P,"13-Docosenamide, (Z)",,,0,,,0,1.0,0.0,3,1.0,0.0,3,True,+,0.0
ENSMUSG00000034786-P,"3,4-Dihydroxybenzaldehyde",1.0,0.0,3,,,0,,,0,1.0,0.0,3,True,+,0.0
ENSMUSG00000034786-P,DL-p-Hydroxyphenyllactic acid,0.5,0.6666666666666666,3,0.5,0.6666666666666666,3,0.6668859288553501,0.2188939813132315,5,0.776255707762557,0.0049664760362776,11,True,+,0.1726902151805361
ENSMUSG00000034786-P,L-Tyrosine,1.0,0.0,3,,,0,0.9746794344808964,0.0048182304681985,5,0.9422535927041,4.53586982271117e-05,10,True,+,0.0020250526511907
ENSMUSG00000034786-P,L-Valine,1.0,0.0,3,0.5,0.6666666666666666,3,0.942857142857143,0.004804664723032,6,0.8231186002975569,0.0010049467838746,12,True,+,0.0418858130905164
ENSMUSG00000034786-P,"Propanoic acid, 3-[(tert-butyldimethylsilyl)oxy]-2-methyl-",1.0,0.0,3,,,0,0.9276336570439176,0.0076658441874731,6,0.8082191780821917,0.0026080695284828,11,True,+,0.1002262363952908
ENSMUSG00000034786-P,Tyr-Val,,,0,,,0,,,0,-1.0,0.0,3,True,-,0.0
ENSMUSG00000053746-P,L-(+)-Threose,,,0,,,0,1.0,0.0,3,1.0,0.0,3,True,+,0.0
ENSMUSG00000053746-P,L-Val-L-Leu,,,0,,,0,1.0,0.0,3,1.0,0.0,3,True,+,0.0
ENSMUSG00000032740-P,"13-Docosenamide, (Z)",,,0,,,0,1.0,0.0,3,1.0,0.0,3,True,+,0.0
ENSMUSG00000032740-P,2-Aminoquinolin-8-ol,,,0,,,0,,,0,1.0,0.0,3,True,+,0.0
ENSMUSG00000032740-P,"3-Hydroxy-7,3',4',5'-tetramethoxyflavone",,,0,,,0,,,0,1.0,0.0,3,True,+,0.0
ENSMUSG00000032740-P,7-Hydroxy-4-(methoxymethyl)coumarin,,,0,,,0,1.0,0.0,3,1.0,0.0,4,True,+,0.0
ENSMUSG00000032740-P,cis-2-Decenoic acid,,,0,,,0,,,0,-1.0,0.0,3,True,-,0.0
ENSMUSG00000032740-P,Isosorbide,1.0,0.0,3,,,0,,,0,1.0,0.0,3,True,+,0.0
ENSMUSG00000032740-P,L-(+)-Threose,,,0,,,0,1.0,0.0,3,1.0,0.0,3,True,+,0.0
ENSMUSG00000028701-P,"3,4,5-Trimethoxyamphetamine",,,0,-0.5,0.6666666666666666,3,-0.7142857142857143,0.1107871720116617,6,-0.7818181818181819,0.004473162252783,11,True,-,0.1611140357001344
ENSMUSG00000028701-P,2-Buten-1-ol,,,0,,,0,,,0,-0.942857142857143,0.004804664723032,6,True,-,0.1679020985499759
ENSMUSG00000028701-P,3-(4-Methoxyphenyl)coumarin,,,0,,,0,-1.0,0.0,3,-1.0,0.0,4,True,-,0.0
ENSMUSG00000028701-P,L-(+)-Threose,,,0,,,0,1.0,0.0,3,1.0,0.0,3,True,+,0.0
ENSMUSG00000028701-P,Octadecanoic acid,,,0,,,0,,,0,-1.0,0.0,3,True,-,0.0
ENSMUSG00000003360-P,"1,2-Bis(trimethylsiloxy)cyclohexene",,,0,,,0,,,0,-1.0,0.0,3,True,-,0.0
ENSMUSG00000003360-P,"13-Docosenamide, (Z)",,,0,,,0,-1.0,0.0,3,-1.0,0.0,3,True,-,0.0
ENSMUSG00000003360-P,"Benzene, 1-ethyl-3,5-dimethyl",,,0,,,0,,,0,-1.0,0.0,4,True,-,0.0
ENSMUSG00000003360-P,Hypoxanthine,-1.0,0.0,3,-1.0,0.0,3,-0.5428571428571429,0.2657026239067054,6,-0.8041958041958043,0.0016147689860699,12,True,-,0.0653602928999312
ENSMUSG00000003360-P,Isosorbide,1.0,0.0,3,,,0,,,0,1.0,0.0,3,True,+,0.0
ENSMUSG00000003360-P,L-Tyrosine,-0.5,0.6666666666666666,3,,,0,-0.8207826816681233,0.0885870053135438,5,-0.8145934285312865,0.004106131521831,10,True,-,0.149614861133208
ENSMUSG00000003360-P,L-Valine,-0.5,0.6666666666666666,3,-1.0,0.0,3,-0.8285714285714287,0.0415626822157433,6,-0.8671328671328673,0.0002598118498614,12,True,-,0.0113972470942769
ENSMUSG00000003360-P,Octadecanoic acid,,,0,,,0,,,0,1.0,0.0,3,True,+,0.0
ENSMUSG00000003360-P,"Propanoic acid, 3-[(tert-butyldimethylsilyl)oxy]-2-methyl-",-0.5,0.6666666666666666,3,,,0,-0.8406680016960503,0.0360575728451592,6,-0.8473826084954617,0.0009906687092406,11,True,-,0.0413815114171793
ENSMUSG00000032172-P,"3,4-Dihydroxybenzaldehyde",1.0,0.0,3,,,0,,,0,1.0,0.0,3,True,+,0.0
ENSMUSG00000032172-P,"4,5-Dihydro-1H-pyrazole",,,0,,,0,,,0,1.0,0.0,4,True,+,0.0
ENSMUSG00000032172-P,"N-[(3,4,5-Trimethoxyphenyl)methylidene]hydroxylamine",,,0,,,0,1.0,0.0,3,1.0,0.0,3,True,+,0.0
ENSMUSG00000041720-P,"1-(2,5-Dimethoxyphenyl)-1-[(trimethylsilyl)oxy]propan-2-amine",1.0,0.0,3,0.5,0.6666666666666666,3,0.8116794499134279,0.0498575851013403,6,0.8056054385890983,0.0015614291109292,12,True,+,0.0635459677517621
ENSMUSG00000041720-P,"1-Pentene, 1,3-diphenyl-1-(trimethylsilyloxy)-",,,0,,,0,,,0,1.0,0.0,4,True,+,0.0
ENSMUSG00000041720-P,L-(+)-Threose,,,0,,,0,-1.0,0.0,3,-1.0,0.0,3,True,-,0.0
ENSMUSG00000041720-P,L-Norleucine,,,0,,,0,0.8999999999999998,0.0373860734684987,5,0.9285714285714288,0.0025194724037946,7,True,+,0.097376722909516
ENSMUSG00000041720-P,Nonanoic acid,1.0,0.0,3,1.0,0.0,3,0.9746794344808964,0.0048182304681985,5,0.8154918651649874,0.0022162916546952,11,True,+,0.0874050544228039
ENSMUSG00000047371-P,"(9H-fluoren-9-yl)methanol, O-methoxycarbonyl-",-0.5,0.6666666666666666,3,-0.5,0.6666666666666666,3,-0.6377481392176932,0.1730711102412598,6,-0.8231186002975568,0.0010049467838746,12,True,-,0.0418858130905164
ENSMUSG00000047371-P,"1,2-Bis(trimethylsiloxy)cyclohexene",,,0,,,0,,,0,-1.0,0.0,3,True,-,0.0
ENSMUSG00000047371-P,"13-Docosenamide, (Z)",,,0,,,0,1.0,0.0,3,1.0,0.0,3,True,+,0.0
ENSMUSG00000047371-P,2-Aminoquinolin-8-ol,,,0,,,0,,,0,1.0,0.0,3,True,+,0.0
ENSMUSG00000047371-P,2-Norbornanemethanol,,,0,,,0,,,0,1.0,0.0,3,True,+,0.0
ENSMUSG00000047371-P,"3,4-Dihydroxybenzaldehyde",-1.0,0.0,3,,,0,,,0,-1.0,0.0,3,True,-,0.0
ENSMUSG00000047371-P,"3-Hydroxy-7,3',4',5'-tetramethoxyflavone",,,0,,,0,,,0,1.0,0.0,3,True,+,0.0
ENSMUSG00000047371-P,"Benzene, 1-ethyl-3,5-dimethyl",,,0,,,0,,,0,1.0,0.0,4,True,+,0.0
ENSMUSG00000047371-P,Ethanolamine,-0.5,0.6666666666666666,3,0.0,1.0,3,-0.8696565534786727,0.0243768916856907,6,-0.7684257828756417,0.003501832741786,12,True,-,0.1308316367960453
ENSMUSG00000047371-P,Glabridin,,,0,,,0,,,0,1.0,0.0,4,True,+,0.0
ENSMUSG00000047371-P,Glycine,0.5,0.6666666666666666,3,-0.5,0.6666666666666666,3,-0.6377481392176932,0.1730711102412598,6,-0.7880922768806397,0.0023286751402374,12,True,-,0.0910978063660742
ENSMUSG00000047371-P,Lignoceric acid,-0.5,0.6666666666666666,3,-1.0,0.0,3,-0.8406680016960503,0.0360575728451592,6,-0.8126107032724816,0.0013161012937103,12,True,-,0.0540566550634617
ENSMUSG00000047371-P,N-Acetylaspartic acid,-1.0,0.0,3,-1.0,0.0,3,-1.0,1.4042654220543602e-24,5,-0.7818181818181819,0.004473162252783,11,True,-,0.1611140357001344
ENSMUSG00000047371-P,Octanoic acid,,,0,,,0,-0.7999999999999999,0.2000000000000001,4,-0.942857142857143,0.004804664723032,6,True,-,0.1679020985499759
ENSMUSG00000047371-P,"Phenol, 2,4-bis(1-methyl-1-phenylethyl)-",-1.0,0.0,3,-0.5,0.6666666666666666,3,-1.0,0.0,6,-0.9300699300699302,1.1702227928659685e-05,12,True,-,0.000524241746015
ENSMUSG00000047371-P,Tyr-Val,,,0,,,0,,,0,1.0,0.0,3,True,+,0.0
ENSMUSG00000040761-P,"1,2-Bis(trimethylsiloxy)cyclohexene",,,0,,,0,,,0,-1.0,0.0,3,True,-,0.0
ENSMUSG00000040761-P,"1,2-Cinnolinedicarboxylic acid, 1,2,3,5,6,7,8,8a-octahydro-4-trimethylsilyloxy-, diethyl ester",,,0,,,0,,,0,-1.0,0.0,3,True,-,0.0
ENSMUSG00000040761-P,"13-Docosenamide, (Z)",,,0,,,0,-1.0,0.0,3,-1.0,0.0,3,True,-,0.0
ENSMUSG00000040761-P,"2,4-Dimethoxybenzaldoxime",,,0,,,0,,,0,-1.0,0.0,3,True,-,0.0
ENSMUSG00000040761-P,2-Aminoquinolin-8-ol,,,0,,,0,,,0,1.0,0.0,3,True,+,0.0
ENSMUSG00000040761-P,3-(4-Methoxyphenyl)coumarin,,,0,,,0,1.0,0.0,3,1.0,0.0,4,True,+,0.0
ENSMUSG00000040761-P,cis-2-Decenoic acid,,,0,,,0,,,0,-1.0,0.0,3,True,-,0.0
ENSMUSG00000040761-P,L-Val-L-Leu,,,0,,,0,-1.0,0.0,3,-1.0,0.0,3,True,-,0.0
ENSMUSG00000085207-P,"1,2-Bis(trimethylsiloxy)cyclohexene",,,0,,,0,,,0,1.0,0.0,3,True,+,0.0
ENSMUSG00000085207-P,2-Norbornanemethanol,,,0,,,0,,,0,1.0,0.0,3,True,+,0.0
ENSMUSG00000085207-P,3-(4-Methoxyphenyl)coumarin,,,0,,,0,-1.0,0.0,3,-1.0,0.0,4,True,-,0.0
ENSMUSG00000085207-P,"3,3-Dimethylacrylic acid",,,0,,,0,,,0,1.0,0.0,4,True,+,0.0
ENSMUSG00000085207-P,"3,4-Dihydroxybenzaldehyde",1.0,0.0,3,,,0,,,0,1.0,0.0,3,True,+,0.0
ENSMUSG00000085207-P,Glabridin,,,0,,,0,,,0,-1.0,0.0,4,True,-,0.0
ENSMUSG00000085207-P,"N-[(3,4,5-Trimethoxyphenyl)methylidene]hydroxylamine",,,0,,,0,-1.0,0.0,3,-1.0,0.0,3,True,-,0.0
ENSMUSG00000024190-P,"1,2-Cinnolinedicarboxylic acid, 1,2,3,5,6,7,8,8a-octahydro-4-trimethylsilyloxy-, diethyl ester",,,0,,,0,,,0,1.0,0.0,3,True,+,0.0
ENSMUSG00000024190-P,2-Norbornanemethanol,,,0,,,0,,,0,1.0,0.0,3,True,+,0.0
ENSMUSG00000024190-P,Aniline,-1.0,0.0,3,-0.5,0.6666666666666666,3,-0.6,0.208,6,-0.7412587412587414,0.0058011504744782,12,True,-,0.1955303081363889
ENSMUSG00000024190-P,Hexanoic acid,-1.0,0.0,3,-0.5,0.6666666666666666,3,-0.6957252427829382,0.1247893374402869,6,-0.7600712181471057,0.0041173803556808,12,True,-,0.149614861133208
ENSMUSG00000024190-P,Isosorbide,1.0,0.0,3,,,0,,,0,1.0,0.0,3,True,+,0.0
ENSMUSG00000024190-P,L-(+)-Threose,,,0,,,0,1.0,0.0,3,1.0,0.0,3,True,+,0.0
ENSMUSG00000024190-P,Luciferin,,,0,,,0,,,0,1.0,0.0,4,True,+,0.0
ENSMUSG00000024190-P,L-Val-L-Leu,,,0,,,0,-1.0,0.0,3,-1.0,0.0,3,True,-,0.0
ENSMUSG00000024190-P,Malic acid,-0.5,0.6666666666666666,3,-1.0,0.0,3,-0.4285714285714286,0.3965014577259473,6,-0.8321678321678322,0.0007854416778536,12,True,-,0.0332610831314817
ENSMUSG00000024190-P,"N-[(3,4,5-Trimethoxyphenyl)methylidene]hydroxylamine",,,0,,,0,1.0,0.0,3,1.0,0.0,3,True,+,0.0
ENSMUSG00000061838-P,"1,2-Bis(trimethylsiloxy)cyclohexene",,,0,,,0,,,0,1.0,0.0,3,True,+,0.0
ENSMUSG00000061838-P,"2,4-Dimethoxybenzaldoxime",,,0,,,0,,,0,-1.0,0.0,3,True,-,0.0
ENSMUSG00000061838-P,2-Norbornanemethanol,,,0,,,0,,,0,1.0,0.0,3,True,+,0.0
ENSMUSG00000061838-P,cis-2-Decenoic acid,,,0,,,0,,,0,-1.0,0.0,3,True,-,0.0
ENSMUSG00000061838-P,Isosorbide,1.0,0.0,3,,,0,,,0,1.0,0.0,3,True,+,0.0
ENSMUSG00000061838-P,"N-[(3,4,5-Trimethoxyphenyl)methylidene]hydroxylamine",,,0,,,0,1.0,0.0,3,1.0,0.0,3,True,+,0.0
ENSMUSG00000061838-P,Oleamide,0.5,0.6666666666666666,3,1.0,0.0,3,0.7714285714285715,0.0723965014577259,6,0.7832167832167832,0.0025862148333625,12,True,+,0.099459548551953
ENSMUSG00000061838-P,Stearic acid,-0.8660254037844387,0.3333333333333332,3,1.0,0.0,3,-0.7999999999999999,0.2000000000000001,4,-0.8632258720256917,0.0012938147605104,10,True,-,0.0532040259911519
ENSMUSG00000061838-P,Tyr-Val,,,0,,,0,,,0,-1.0,0.0,3,True,-,0.0
ENSMUSG00000033453-P,"1,2-Bis(trimethylsiloxy)cyclohexene",,,0,,,0,,,0,1.0,0.0,3,True,+,0.0
ENSMUSG00000033453-P,2-Norbornanemethanol,,,0,,,0,,,0,-1.0,0.0,3,True,-,0.0
ENSMUSG00000033453-P,"3,4-Dihydroxybenzaldehyde",1.0,0.0,3,,,0,,,0,1.0,0.0,3,True,+,0.0
ENSMUSG00000033453-P,"Benzoic acid, methyl ester",-1.0,0.0,3,-0.5,0.6666666666666666,3,-0.7142857142857143,0.1107871720116617,6,-0.7412587412587414,0.0058011504744782,12,True,-,0.1955303081363889
ENSMUSG00000033453-P,"Cyclohexanone, 3,3,5-trimethyl",-1.0,0.0,3,-1.0,0.0,3,-0.7,0.1881204043741873,5,-0.8272727272727273,0.0016769738964523,11,True,-,0.0675770348938753
ENSMUSG00000033453-P,Glabridin,,,0,,,0,,,0,-1.0,0.0,4,True,-,0.0
ENSMUSG00000033453-P,Phenol,-1.0,0.0,3,1.0,0.0,3,-0.8999999999999998,0.0373860734684987,5,-0.8363636363636365,0.0013331850799508,11,True,-,0.0547260688811238
ENSMUSG00000032251-P,"1,2-Cinnolinedicarboxylic acid, 1,2,3,5,6,7,8,8a-octahydro-4-trimethylsilyloxy-, diethyl ester",,,0,,,0,,,0,1.0,0.0,3,True,+,0.0
ENSMUSG00000032251-P,Glabridin,,,0,,,0,,,0,1.0,0.0,4,True,+,0.0
ENSMUSG00000032251-P,L-Val-L-Leu,,,0,,,0,1.0,0.0,3,1.0,0.0,3,True,+,0.0
ENSMUSG00000032251-P,Tyr-Val,,,0,,,0,,,0,-1.0,0.0,3,True,-,0.0
ENSMUSG00000048118-P,"2,4-Dimethoxybenzaldoxime",,,0,,,0,,,0,1.0,0.0,3,True,+,0.0
ENSMUSG00000048118-P,"3,4-Dihydroxybenzaldehyde",-1.0,0.0,3,,,0,,,0,-1.0,0.0,3,True,-,0.0
ENSMUSG00000048118-P,"3-Hydroxy-7,3',4',5'-tetramethoxyflavone",,,0,,,0,,,0,1.0,0.0,3,True,+,0.0
ENSMUSG00000048118-P,"4,5-Dihydro-1H-pyrazole",,,0,,,0,,,0,1.0,0.0,4,True,+,0.0
ENSMUSG00000048118-P,7-Hydroxy-4-(methoxymethyl)coumarin,,,0,,,0,1.0,0.0,3,1.0,0.0,4,True,+,0.0
ENSMUSG00000048118-P,Diclofenac,,,0,,,0,,,0,-1.0,0.0,4,True,-,0.0
ENSMUSG00000048118-P,L-Ornithine,,,0,,,0,,,0,1.0,0.0,4,True,+,0.0
ENSMUSG00000048118-P,Octadecanoic acid,,,0,,,0,,,0,-1.0,0.0,3,True,-,0.0
ENSMUSG00000048118-P,Tyr-Val,,,0,,,0,,,0,1.0,0.0,3,True,+,0.0
ENSMUSG00000020444-P,"1,2-Bis(trimethylsiloxy)cyclohexene",,,0,,,0,,,0,1.0,0.0,3,True,+,0.0
ENSMUSG00000020444-P,"13-Docosenamide, (Z)",,,0,,,0,-1.0,0.0,3,-1.0,0.0,3,True,-,0.0
ENSMUSG00000020444-P,2-Aminoquinolin-8-ol,,,0,,,0,,,0,-1.0,0.0,3,True,-,0.0
ENSMUSG00000020444-P,2-Norbornanemethanol,,,0,,,0,,,0,-1.0,0.0,3,True,-,0.0
ENSMUSG00000020444-P,"3,4-Dihydroxybenzaldehyde",1.0,0.0,3,,,0,,,0,1.0,0.0,3,True,+,0.0
ENSMUSG00000020444-P,"6-Methoxy-1-methyl-1,2,3,4-tetrahydroisoquinolin-7-ol ",,,0,,,0,-1.0,0.0,4,-0.9285714285714288,0.0025194724037946,7,True,-,0.097376722909516
ENSMUSG00000020444-P,"Cyclohexanone, 3,3,5-trimethyl",-1.0,0.0,3,-1.0,0.0,3,-0.8999999999999998,0.0373860734684987,5,-0.790909090909091,0.0037460829533974,11,True,-,0.1388516182868286
ENSMUSG00000020444-P,"l-Leucine, n-butoxycarbonyl-N-methyl-, hexadecyl ester",,,0,,,0,,,0,-1.0,0.0,4,True,-,0.0
ENSMUSG00000020444-P,L-Threonine,,,0,,,0,1.0,0.0,4,1.0,1.4042654220543602e-24,5,True,+,6.303055151107153e-23
ENSMUSG00000020444-P,Malic acid,1.0,0.0,3,0.5,0.6666666666666666,3,0.8285714285714287,0.0415626822157433,6,0.7622377622377624,0.0039504489725426,12,True,+,0.1444028705953552
ENSMUSG00000048175-P,"(2,5-Dimethoxyphenyl)acetone",-1.0,0.0,3,-1.0,0.0,3,-0.8857142857142858,0.0188454810495626,6,-0.8951048951048951,8.366586429091719e-05,12,True,-,0.0037193926989243
ENSMUSG00000048175-P,2-Aminoquinolin-8-ol,,,0,,,0,,,0,-1.0,0.0,3,True,-,0.0
ENSMUSG00000048175-P,"3,4-Dihydroxybenzaldehyde",1.0,0.0,3,,,0,,,0,1.0,0.0,3,True,+,0.0
ENSMUSG00000048175-P,3-Heptanol,1.0,0.0,3,0.5,0.6666666666666666,3,0.6377481392176932,0.1730711102412598,6,0.7600712181471057,0.0041173803556808,12,True,+,0.149614861133208
ENSMUSG00000048175-P,"Benzene, 1,4-dimethoxy",-0.8660254037844387,0.3333333333333332,3,-1.0,0.0,3,-0.6571428571428573,0.1561749271137024,6,-0.7460606887803388,0.0053294347525701,12,True,-,0.1820984623388383
ENSMUSG00000048175-P,"Benzoic acid, methyl ester",-1.0,0.0,3,-1.0,0.0,3,-0.7714285714285715,0.0723965014577259,6,-0.7412587412587414,0.0058011504744782,12,True,-,0.1955303081363889
ENSMUSG00000048175-P,cis-2-Decenoic acid,,,0,,,0,,,0,1.0,0.0,3,True,+,0.0
ENSMUSG00000048175-P,Trimethylolpropane,,,0,,,0,-0.8720815992723809,0.0538542177275421,5,-0.9221722216732094,0.0011108173578061,8,True,-,0.0460139133108656
ENSMUSG00000049744-P,"13-Docosenamide, (Z)",,,0,,,0,1.0,0.0,3,1.0,0.0,3,True,+,0.0
ENSMUSG00000049744-P,Glabridin,,,0,,,0,,,0,-1.0,0.0,4,True,-,0.0
ENSMUSG00000049744-P,Isosorbide,-1.0,0.0,3,,,0,,,0,-1.0,0.0,3,True,-,0.0
ENSMUSG00000049744-P,L-Val-L-Leu,,,0,,,0,-1.0,0.0,3,-1.0,0.0,3,True,-,0.0
ENSMUSG00000049744-P,Tyr-Val,,,0,,,0,,,0,1.0,0.0,3,True,+,0.0
ENSMUSG00000047989-P,"13-Docosenamide, (Z)",,,0,,,0,1.0,0.0,3,1.0,0.0,3,True,+,0.0
ENSMUSG00000047989-P,2-Aminoquinolin-8-ol,,,0,,,0,,,0,1.0,0.0,3,True,+,0.0
ENSMUSG00000047989-P,"3,4-Dihydroxybenzaldehyde",1.0,0.0,3,,,0,,,0,1.0,0.0,3,True,+,0.0
ENSMUSG00000047989-P,"4,5-Dihydro-1H-pyrazole",,,0,,,0,,,0,1.0,0.0,4,True,+,0.0
ENSMUSG00000047989-P,cis-2-Decenoic acid,,,0,,,0,,,0,-1.0,0.0,3,True,-,0.0
ENSMUSG00000047989-P,L-Val-L-Leu,,,0,,,0,-1.0,0.0,3,-1.0,0.0,3,True,-,0.0
ENSMUSG00000047989-P,Octanoic acid,,,0,,,0,-0.7999999999999999,0.2000000000000001,4,-0.942857142857143,0.004804664723032,6,True,-,0.1679020985499759
ENSMUSG00000071253-P,"1,2-Bis(trimethylsiloxy)cyclohexene",,,0,,,0,,,0,-1.0,0.0,3,True,-,0.0
ENSMUSG00000071253-P,"2,5-Dimethoxyphenol",1.0,0.0,3,1.0,0.0,3,0.8285714285714287,0.0415626822157433,6,0.7622377622377624,0.0039504489725426,12,True,+,0.1444028705953552
ENSMUSG00000071253-P,2-Norbornanemethanol,,,0,,,0,,,0,1.0,0.0,3,True,+,0.0
ENSMUSG00000071253-P,"3,4-Dihydroxybenzaldehyde",-1.0,0.0,3,,,0,,,0,-1.0,0.0,3,True,-,0.0
ENSMUSG00000071253-P,cis-2-Decenoic acid,,,0,,,0,,,0,-1.0,0.0,3,True,-,0.0
ENSMUSG00000071253-P,L-(+)-Threose,,,0,,,0,1.0,0.0,3,1.0,0.0,3,True,+,0.0
ENSMUSG00000071253-P,Phenol,1.0,0.0,3,-1.0,0.0,3,1.0,1.4042654220543602e-24,5,0.8727272727272729,0.0004546150514096,11,True,+,0.0196011697980853
ENSMUSG00000045302-P,"1,2-Cinnolinedicarboxylic acid, 1,2,3,5,6,7,8,8a-octahydro-4-trimethylsilyloxy-, diethyl ester",,,0,,,0,,,0,1.0,0.0,3,True,+,0.0
ENSMUSG00000045302-P,"3,4-Dihydroxybenzaldehyde",1.0,0.0,3,,,0,,,0,1.0,0.0,3,True,+,0.0
ENSMUSG00000045302-P,"Benzene, 1-ethyl-3,5-dimethyl",,,0,,,0,,,0,1.0,0.0,4,True,+,0.0
ENSMUSG00000045302-P,Tyr-Val,,,0,,,0,,,0,-1.0,0.0,3,True,-,0.0
ENSMUSG00000041841-P,"13-Docosenamide, (Z)",,,0,,,0,-1.0,0.0,3,-1.0,0.0,3,True,-,0.0
ENSMUSG00000041841-P,Isosorbide,-1.0,0.0,3,,,0,,,0,-1.0,0.0,3,True,-,0.0
ENSMUSG00000041841-P,L-Ornithine,,,0,,,0,,,0,1.0,0.0,4,True,+,0.0
ENSMUSG00000041841-P,Luciferin,,,0,,,0,,,0,-1.0,0.0,4,True,-,0.0
ENSMUSG00000041841-P,Octadecanoic acid,,,0,,,0,,,0,-1.0,0.0,3,True,-,0.0
ENSMUSG00000070544-P,"13-Docosenamide, (Z)",,,0,,,0,1.0,0.0,3,1.0,0.0,3,True,+,0.0
ENSMUSG00000070544-P,2-Aminoquinolin-8-ol,,,0,,,0,,,0,1.0,0.0,3,True,+,0.0
ENSMUSG00000070544-P,"3,3-Dimethylacrylic acid",,,0,,,0,,,0,1.0,0.0,4,True,+,0.0
ENSMUSG00000070544-P,"4,5-Dihydro-1H-pyrazole",,,0,,,0,,,0,1.0,0.0,4,True,+,0.0
ENSMUSG00000070544-P,cis-2-Decenoic acid,,,0,,,0,,,0,-1.0,0.0,3,True,-,0.0
ENSMUSG00000036435-P,"1,2-Bis(trimethylsiloxy)cyclohexene",,,0,,,0,,,0,-1.0,0.0,3,True,-,0.0
ENSMUSG00000036435-P,2-Norbornanemethanol,,,0,,,0,,,0,1.0,0.0,3,True,+,0.0
ENSMUSG00000036435-P,Glabridin,,,0,,,0,,,0,-1.0,0.0,4,True,-,0.0
ENSMUSG00000036435-P,L-(+)-Threose,,,0,,,0,-1.0,0.0,3,-1.0,0.0,3,True,-,0.0
ENSMUSG00000036435-P,"N-[(3,4,5-Trimethoxyphenyl)methylidene]hydroxylamine",,,0,,,0,-1.0,0.0,3,-1.0,0.0,3,True,-,0.0
ENSMUSG00000036435-P,Tyr-Val,,,0,,,0,,,0,1.0,0.0,3,True,+,0.0
ENSMUSG00000039157-P,"1-Pentene, 1,3-diphenyl-1-(trimethylsilyloxy)-",,,0,,,0,,,0,-1.0,0.0,4,True,-,0.0
ENSMUSG00000039157-P,"2,4-Dimethoxybenzaldoxime",,,0,,,0,,,0,1.0,0.0,3,True,+,0.0
ENSMUSG00000039157-P,Isosorbide,-1.0,0.0,3,,,0,,,0,-1.0,0.0,3,True,-,0.0
ENSMUSG00000039157-P,m-Toluic acid,0.5,0.6666666666666666,3,-1.0,0.0,3,-0.8116794499134279,0.0498575851013403,6,-0.7460606887803388,0.0053294347525701,12,True,-,0.1820984623388383
ENSMUSG00000039157-P,"N-[(3,4,5-Trimethoxyphenyl)methylidene]hydroxylamine",,,0,,,0,-1.0,0.0,3,-1.0,0.0,3,True,-,0.0
ENSMUSG00000039157-P,Octadecanoic acid,,,0,,,0,,,0,-1.0,0.0,3,True,-,0.0
ENSMUSG00000039157-P,Tyr-Val,,,0,,,0,,,0,1.0,0.0,3,True,+,0.0
ENSMUSG00000052534-P,2-Aminoquinolin-8-ol,,,0,,,0,,,0,1.0,0.0,3,True,+,0.0
ENSMUSG00000052534-P,"4,5-Dihydro-1H-pyrazole",,,0,,,0,,,0,1.0,0.0,4,True,+,0.0
ENSMUSG00000052534-P,7-Hydroxy-4-(methoxymethyl)coumarin,,,0,,,0,1.0,0.0,3,1.0,0.0,4,True,+,0.0
ENSMUSG00000052534-P,cis-2-Decenoic acid,,,0,,,0,,,0,-1.0,0.0,3,True,-,0.0
ENSMUSG00000052534-P,Glabridin,,,0,,,0,,,0,1.0,0.0,4,True,+,0.0
ENSMUSG00000052534-P,L-Glutamic acid,,,0,,,0,-1.0,0.0,3,-1.0,1.4042654220543602e-24,5,True,-,6.303055151107153e-23
ENSMUSG00000015932-P,7-Hydroxy-4-(methoxymethyl)coumarin,,,0,,,0,1.0,0.0,3,1.0,0.0,4,True,+,0.0
ENSMUSG00000015932-P,cis-2-Decenoic acid,,,0,,,0,,,0,-1.0,0.0,3,True,-,0.0
ENSMUSG00000015932-P,Isosorbide,1.0,0.0,3,,,0,,,0,1.0,0.0,3,True,+,0.0
ENSMUSG00000040612-P,2-Aminoquinolin-8-ol,,,0,,,0,,,0,1.0,0.0,3,True,+,0.0
ENSMUSG00000040612-P,"3,3-Dimethylacrylic acid",,,0,,,0,,,0,1.0,0.0,4,True,+,0.0
ENSMUSG00000040612-P,"3-Hydroxy-7,3',4',5'-tetramethoxyflavone",,,0,,,0,,,0,1.0,0.0,3,True,+,0.0
ENSMUSG00000040612-P,"4,5-Dihydro-1H-pyrazole",,,0,,,0,,,0,1.0,0.0,4,True,+,0.0
ENSMUSG00000040612-P,cis-2-Decenoic acid,,,0,,,0,,,0,-1.0,0.0,3,True,-,0.0
ENSMUSG00000040612-P,Glabridin,,,0,,,0,,,0,1.0,0.0,4,True,+,0.0
ENSMUSG00000040612-P,Isosorbide,1.0,0.0,3,,,0,,,0,1.0,0.0,3,True,+,0.0
ENSMUSG00000040612-P,L-Glutamic acid,,,0,,,0,-1.0,0.0,3,-1.0,1.4042654220543602e-24,5,True,-,6.303055151107153e-23
ENSMUSG00000067795-P,"1,2-Bis(trimethylsiloxy)cyclohexene",,,0,,,0,,,0,1.0,0.0,3,True,+,0.0
ENSMUSG00000067795-P,"13-Docosenamide, (Z)",,,0,,,0,-1.0,0.0,3,-1.0,0.0,3,True,-,0.0
ENSMUSG00000067795-P,"1-Heptanol, 2-propyl-",,,0,,,0,0.9856107606091624,0.0003090856678496,6,0.9856107606091624,0.0003090856678496,6,True,+,0.0135133625110892
ENSMUSG00000067795-P,L-Val-L-Leu,,,0,,,0,1.0,0.0,3,1.0,0.0,3,True,+,0.0
ENSMUSG00000021010-P,"1,2-Bis(trimethylsiloxy)cyclohexene",,,0,,,0,,,0,1.0,0.0,3,True,+,0.0
ENSMUSG00000021010-P,"13-Docosenamide, (Z)",,,0,,,0,-1.0,0.0,3,-1.0,0.0,3,True,-,0.0
ENSMUSG00000021010-P,"3,3-Dimethylacrylic acid",,,0,,,0,,,0,1.0,0.0,4,True,+,0.0
ENSMUSG00000021010-P,"3,4-Dihydroxybenzaldehyde",1.0,0.0,3,,,0,,,0,1.0,0.0,3,True,+,0.0
ENSMUSG00000021010-P,4-tert-Butyldimethylsiloxy-3-penten-2-one,,,0,,,0,1.0,0.0,4,1.0,0.0,4,True,+,0.0
ENSMUSG00000021010-P,Guanosine,,,0,1.0,0.0,3,0.7999999999999999,0.2000000000000001,4,0.880952380952381,0.0038503204637324,8,True,+,0.1414605165627303
ENSMUSG00000021010-P,"l-Leucine, n-butoxycarbonyl-N-methyl-, hexadecyl ester",,,0,,,0,,,0,-1.0,0.0,4,True,-,0.0
ENSMUSG00000021010-P,Sulindac,,,0,,,0,-1.0,0.0,3,-1.0,1.4042654220543602e-24,5,True,-,6.303055151107153e-23
ENSMUSG00000021010-P,tert-butyl(dimethyl)silyl-2-([tert-butyl(dimethyl)silyl]oxy)hex-2-enoate,,,0,,,0,-1.0,0.0,4,-1.0,0.0,4,True,-,0.0
ENSMUSG00000004285-P,"13-Docosenamide, (Z)",,,0,,,0,-1.0,0.0,3,-1.0,0.0,3,True,-,0.0
ENSMUSG00000004285-P,2-Norbornanemethanol,,,0,,,0,,,0,-1.0,0.0,3,True,-,0.0
ENSMUSG00000004285-P,Cycloheptanol,-1.0,0.0,3,-1.0,0.0,3,-0.9276336570439176,0.0076658441874731,6,-0.7810870121972561,0.0027052956461396,12,True,-,0.1035246286271809
ENSMUSG00000044927-P,2-Norbornanemethanol,,,0,,,0,,,0,-1.0,0.0,3,True,-,0.0
ENSMUSG00000044927-P,"3-Hydroxy-7,3',4',5'-tetramethoxyflavone",,,0,,,0,,,0,-1.0,0.0,3,True,-,0.0
ENSMUSG00000044927-P,"4,5-Dihydro-1H-pyrazole",,,0,,,0,,,0,-1.0,0.0,4,True,-,0.0
ENSMUSG00000044927-P,Isosorbide,-1.0,0.0,3,,,0,,,0,-1.0,0.0,3,True,-,0.0
ENSMUSG00000044927-P,Lupinine,,,0,,,0,0.8999999999999998,0.0373860734684987,5,0.9285714285714288,0.0025194724037946,7,True,+,0.097376722909516
ENSMUSG00000044927-P,L-Val-L-Leu,,,0,,,0,1.0,0.0,3,1.0,0.0,3,True,+,0.0
ENSMUSG00000044927-P,"N-[(3,4,5-Trimethoxyphenyl)methylidene]hydroxylamine",,,0,,,0,-1.0,0.0,3,-1.0,0.0,3,True,-,0.0
ENSMUSG00000044927-P,Tyr-Val,,,0,,,0,,,0,1.0,0.0,3,True,+,0.0
ENSMUSG00000027782-P,"1,2-Cinnolinedicarboxylic acid, 1,2,3,5,6,7,8,8a-octahydro-4-trimethylsilyloxy-, diethyl ester",,,0,,,0,,,0,-1.0,0.0,3,True,-,0.0
ENSMUSG00000027782-P,"13-Docosenamide, (Z)",,,0,,,0,1.0,0.0,3,1.0,0.0,3,True,+,0.0
ENSMUSG00000027782-P,cis-2-Decenoic acid,,,0,,,0,,,0,1.0,0.0,3,True,+,0.0
ENSMUSG00000027782-P,Cycloheptanol,0.5,0.6666666666666666,3,0.5,0.6666666666666666,3,0.3768511731740915,0.4614828403508045,6,0.7635738504887974,0.0038500936565595,12,True,+,0.1414605165627303
ENSMUSG00000027782-P,Isosorbide,-1.0,0.0,3,,,0,,,0,-1.0,0.0,3,True,-,0.0
ENSMUSG00000038064-P,"2,4-Dimethoxybenzaldoxime",,,0,,,0,,,0,1.0,0.0,3,True,+,0.0
ENSMUSG00000038064-P,2-Aminoquinolin-8-ol,,,0,,,0,,,0,-1.0,0.0,3,True,-,0.0
ENSMUSG00000038064-P,"Benzene, 1-ethyl-3,5-dimethyl",,,0,,,0,,,0,1.0,0.0,4,True,+,0.0
ENSMUSG00000038064-P,cis-2-Decenoic acid,,,0,,,0,,,0,1.0,0.0,3,True,+,0.0
ENSMUSG00000038064-P,Isosorbide,-1.0,0.0,3,,,0,,,0,-1.0,0.0,3,True,-,0.0
ENSMUSG00000038064-P,Octadecanoic acid,,,0,,,0,,,0,-1.0,0.0,3,True,-,0.0
ENSMUSG00000038064-P,Tyr-Val,,,0,,,0,,,0,1.0,0.0,3,True,+,0.0
ENSMUSG00000005575-P,"1,2-Bis(trimethylsiloxy)cyclohexene",,,0,,,0,,,0,1.0,0.0,3,True,+,0.0
ENSMUSG00000005575-P,"1,2-Cinnolinedicarboxylic acid, 1,2,3,5,6,7,8,8a-octahydro-4-trimethylsilyloxy-, diethyl ester",,,0,,,0,,,0,1.0,0.0,3,True,+,0.0
ENSMUSG00000005575-P,"13-Docosenamide, (Z)",,,0,,,0,1.0,0.0,3,1.0,0.0,3,True,+,0.0
ENSMUSG00000005575-P,2-Aminoquinolin-8-ol,,,0,,,0,,,0,1.0,0.0,3,True,+,0.0
ENSMUSG00000005575-P,2-Buten-1-ol,,,0,,,0,,,0,1.0,0.0,6,True,+,0.0
ENSMUSG00000005575-P,3-(4-Methoxyphenyl)coumarin,,,0,,,0,1.0,0.0,3,1.0,0.0,4,True,+,0.0
ENSMUSG00000005575-P,Chlorobenzilate ,,,0,,,0,,,0,1.0,0.0,4,True,+,0.0
ENSMUSG00000005575-P,cis-2-Decenoic acid,,,0,,,0,,,0,-1.0,0.0,3,True,-,0.0
ENSMUSG00000005575-P,"l-Leucine, n-butoxycarbonyl-N-methyl-, hexadecyl ester",,,0,,,0,,,0,-1.0,0.0,4,True,-,0.0
ENSMUSG00000029034-P,"1,2-Bis(trimethylsiloxy)cyclohexene",,,0,,,0,,,0,-1.0,0.0,3,True,-,0.0
ENSMUSG00000029034-P,3-(4-Methoxyphenyl)coumarin,,,0,,,0,-1.0,0.0,3,-1.0,0.0,4,True,-,0.0
ENSMUSG00000029034-P,"3,4-Dihydroxybenzaldehyde",-1.0,0.0,3,,,0,,,0,-1.0,0.0,3,True,-,0.0
ENSMUSG00000029034-P,cis-2-Decenoic acid,,,0,,,0,,,0,1.0,0.0,3,True,+,0.0
ENSMUSG00000029034-P,Guanosine,,,0,-1.0,0.0,3,-1.0,0.0,4,-0.880952380952381,0.0038503204637324,8,True,-,0.1414605165627303
ENSMUSG00000029034-P,"l-Leucine, n-butoxycarbonyl-N-methyl-, hexadecyl ester",,,0,,,0,,,0,1.0,0.0,4,True,+,0.0
ENSMUSG00000029034-P,"N-[(3,4,5-Trimethoxyphenyl)methylidene]hydroxylamine",,,0,,,0,1.0,0.0,3,1.0,0.0,3,True,+,0.0
ENSMUSG00000029034-P,Palmitic Acid,-1.0,0.0,3,,,0,-0.3999999999999999,0.6,4,-0.8833333333333333,0.0015905004234978,9,True,-,0.0645907013577512
ENSMUSG00000034768-P,"1,2-Bis(trimethylsiloxy)cyclohexene",,,0,,,0,,,0,1.0,0.0,3,True,+,0.0
ENSMUSG00000034768-P,2-Aminoquinolin-8-ol,,,0,,,0,,,0,1.0,0.0,3,True,+,0.0
ENSMUSG00000034768-P,"Benzene, 1-ethyl-3,5-dimethyl",,,0,,,0,,,0,-1.0,0.0,4,True,-,0.0
ENSMUSG00000034768-P,cis-2-Decenoic acid,,,0,,,0,,,0,-1.0,0.0,3,True,-,0.0
ENSMUSG00000034768-P,Tyr-Val,,,0,,,0,,,0,-1.0,0.0,3,True,-,0.0
ENSMUSG00000017802-P,"1,2-Cinnolinedicarboxylic acid, 1,2,3,5,6,7,8,8a-octahydro-4-trimethylsilyloxy-, diethyl ester",,,0,,,0,,,0,1.0,0.0,3,True,+,0.0
ENSMUSG00000017802-P,"13-Docosenamide, (Z)",,,0,,,0,-1.0,0.0,3,-1.0,0.0,3,True,-,0.0
ENSMUSG00000017802-P,"3-Hydroxy-7,3',4',5'-tetramethoxyflavone",,,0,,,0,,,0,1.0,0.0,3,True,+,0.0
ENSMUSG00000017802-P,Glabridin,,,0,,,0,,,0,1.0,0.0,4,True,+,0.0
ENSMUSG00000017802-P,Isosorbide,1.0,0.0,3,,,0,,,0,1.0,0.0,3,True,+,0.0
ENSMUSG00000017802-P,L-Val-L-Leu,,,0,,,0,1.0,0.0,3,1.0,0.0,3,True,+,0.0
ENSMUSG00000032050-P,"2,4-Dimethoxybenzaldoxime",,,0,,,0,,,0,1.0,0.0,3,True,+,0.0
ENSMUSG00000032050-P,2-Amino-4-methylbenzophenone,0.5,0.6666666666666666,3,0.5,0.6666666666666666,3,0.6,0.2847569798652938,5,0.8090909090909091,0.0025585801997139,11,True,+,0.0986327946362033
ENSMUSG00000032050-P,2-Aminoquinolin-8-ol,,,0,,,0,,,0,1.0,0.0,3,True,+,0.0
ENSMUSG00000032050-P,"3,3-Dimethylacrylic acid",,,0,,,0,,,0,1.0,0.0,4,True,+,0.0
ENSMUSG00000032050-P,"3-Hydroxy-7,3',4',5'-tetramethoxyflavone",,,0,,,0,,,0,1.0,0.0,3,True,+,0.0
ENSMUSG00000032050-P,3-Methyl-3-buten-1-ol,,,0,,,0,1.0,0.0,4,0.8742671711966791,0.004512385603651,8,True,+,0.1619683642032021
ENSMUSG00000032050-P,"4,5-Dihydro-1H-pyrazole",,,0,,,0,,,0,1.0,0.0,4,True,+,0.0
ENSMUSG00000032050-P,5-Oxohexanoic Acid,1.0,0.0,3,0.5,0.6666666666666666,3,0.753702346348183,0.0835232813732598,6,0.7600712181471057,0.0041173803556808,12,True,+,0.149614861133208
ENSMUSG00000032050-P,Glabridin,,,0,,,0,,,0,1.0,0.0,4,True,+,0.0
ENSMUSG00000032050-P,Isosorbide,1.0,0.0,3,,,0,,,0,1.0,0.0,3,True,+,0.0
ENSMUSG00000032050-P,L-(+)-Threose,,,0,,,0,1.0,0.0,3,1.0,0.0,3,True,+,0.0
ENSMUSG00000050856-P,"13-Docosenamide, (Z)",,,0,,,0,-1.0,0.0,3,-1.0,0.0,3,True,-,0.0
ENSMUSG00000050856-P,"2',3'-Di-O-acetyladenosine",,,0,,,0,-0.5,0.6666666666666666,3,-0.9285714285714288,0.0025194724037946,7,True,-,0.097376722909516
ENSMUSG00000050856-P,"2,4-Dimethoxybenzaldoxime",,,0,,,0,,,0,-1.0,0.0,3,True,-,0.0
ENSMUSG00000050856-P,2-Pentadecanone,0.0,1.0,3,-1.0,0.0,3,-0.5768179036829705,0.2307322519546004,6,-0.7901541798297005,0.0022258594675749,12,True,-,0.0875016137638945
ENSMUSG00000050856-P,"3,4-Dihydroxybenzaldehyde",1.0,0.0,3,,,0,,,0,1.0,0.0,3,True,+,0.0
ENSMUSG00000050856-P,"3-Hydroxy-7,3',4',5'-tetramethoxyflavone",,,0,,,0,,,0,-1.0,0.0,3,True,-,0.0
ENSMUSG00000050856-P,Aceturic acid,-0.5,0.6666666666666666,3,,,0,-0.942857142857143,0.004804664723032,6,-0.790909090909091,0.0037460829533974,11,True,-,0.1388516182868286
ENSMUSG00000050856-P,"Benzene, 1,4-dimethoxy",-0.8660254037844387,0.3333333333333332,3,-1.0,0.0,3,-0.5428571428571429,0.2657026239067054,6,-0.8301238649809404,0.0008314183449022,12,True,-,0.0350588393509315
ENSMUSG00000050856-P,"Benzoic acid, methyl ester",-1.0,0.0,3,-1.0,0.0,3,-0.6571428571428573,0.1561749271137024,6,-0.7692307692307694,0.0034464502618274,12,True,-,0.1288426047067842
ENSMUSG00000050856-P,cis-2-Decenoic acid,,,0,,,0,,,0,1.0,0.0,3,True,+,0.0
ENSMUSG00000050856-P,Diclofenac,,,0,,,0,,,0,-1.0,0.0,4,True,-,0.0
ENSMUSG00000050856-P,Propylene glycol,-0.5,0.6666666666666666,3,-1.0,0.0,3,-0.6957252427829382,0.1247893374402869,6,-0.7565685858054141,0.0043984927612255,12,True,-,0.1591102973563808
ENSMUSG00000028051-P,L-(+)-Threose,,,0,,,0,1.0,0.0,3,1.0,0.0,3,True,+,0.0
ENSMUSG00000028051-P,Oleic Acid,1.0,0.0,3,,,0,,,0,1.0,0.0,3,True,+,0.0
ENSMUSG00000056952-P,"13-Docosenamide, (Z)",,,0,,,0,-1.0,0.0,3,-1.0,0.0,3,True,-,0.0
ENSMUSG00000056952-P,"2,4-Dimethoxybenzaldoxime",,,0,,,0,,,0,-1.0,0.0,3,True,-,0.0
ENSMUSG00000056952-P,2-Norbornanemethanol,,,0,,,0,,,0,1.0,0.0,3,True,+,0.0
ENSMUSG00000056952-P,N-Ethylamphetamine,0.5,0.6666666666666666,3,,,0,0.9276336570439176,0.0076658441874731,6,0.7990950887101403,0.0031698222026757,11,True,+,0.119549214986834
ENSMUSG00000047547-P,"13-Docosenamide, (Z)",,,0,,,0,-1.0,0.0,3,-1.0,0.0,3,True,-,0.0
ENSMUSG00000047547-P,"3,3-Dimethylacrylic acid",,,0,,,0,,,0,-1.0,0.0,4,True,-,0.0
ENSMUSG00000047547-P,"4,5-Dihydro-1H-pyrazole",,,0,,,0,,,0,-1.0,0.0,4,True,-,0.0
ENSMUSG00000047547-P,Benzenepropanoic acid,-0.5,0.6666666666666666,3,-1.0,0.0,3,-0.7944613465542746,0.0590275999253266,6,-0.817548892283217,0.0011618236496981,12,True,-,0.0479935613617874
ENSMUSG00000047547-P,cis-2-Decenoic acid,,,0,,,0,,,0,1.0,0.0,3,True,+,0.0
ENSMUSG00000027598-P,"1,2-Bis(trimethylsiloxy)cyclohexene",,,0,,,0,,,0,1.0,0.0,3,True,+,0.0
ENSMUSG00000027598-P,"13-Docosenamide, (Z)",,,0,,,0,1.0,0.0,3,1.0,0.0,3,True,+,0.0
ENSMUSG00000027598-P,"2,4-Dimethoxybenzaldoxime",,,0,,,0,,,0,-1.0,0.0,3,True,-,0.0
ENSMUSG00000027598-P,2-Norbornanemethanol,,,0,,,0,,,0,1.0,0.0,3,True,+,0.0
ENSMUSG00000027598-P,"3,3-Dimethylacrylic acid",,,0,,,0,,,0,1.0,0.0,4,True,+,0.0
ENSMUSG00000027598-P,L-(+)-Threose,,,0,,,0,1.0,0.0,3,1.0,0.0,3,True,+,0.0
ENSMUSG00000027598-P,L-Norleucine,,,0,,,0,-1.0,1.4042654220543602e-24,5,-0.9642857142857144,0.0004541491691941,7,True,-,0.0196011697980853
ENSMUSG00000027598-P,N-Ethylamphetamine,0.5,0.6666666666666666,3,,,0,0.6377481392176932,0.1730711102412598,6,0.7808300581110516,0.0045580292718289,11,True,+,0.1634943581211897
ENSMUSG00000060227-P,"13-Docosenamide, (Z)",,,0,,,0,1.0,0.0,3,1.0,0.0,3,True,+,0.0
ENSMUSG00000060227-P,"2,4-Dimethoxybenzaldoxime",,,0,,,0,,,0,1.0,0.0,3,True,+,0.0
ENSMUSG00000060227-P,"3-Hydroxy-7,3',4',5'-tetramethoxyflavone",,,0,,,0,,,0,1.0,0.0,3,True,+,0.0
ENSMUSG00000060227-P,7-Hydroxy-4-(methoxymethyl)coumarin,,,0,,,0,1.0,0.0,3,1.0,0.0,4,True,+,0.0
ENSMUSG00000060227-P,cis-2-Decenoic acid,,,0,,,0,,,0,-1.0,0.0,3,True,-,0.0
ENSMUSG00000060227-P,Isosorbide,1.0,0.0,3,,,0,,,0,1.0,0.0,3,True,+,0.0
ENSMUSG00000060227-P,L-(+)-Threose,,,0,,,0,1.0,0.0,3,1.0,0.0,3,True,+,0.0
ENSMUSG00000024576-P,"13-Docosenamide, (Z)",,,0,,,0,1.0,0.0,3,1.0,0.0,3,True,+,0.0
ENSMUSG00000024576-P,2-Aminoquinolin-8-ol,,,0,,,0,,,0,1.0,0.0,3,True,+,0.0
ENSMUSG00000024576-P,"3-Hydroxy-7,3',4',5'-tetramethoxyflavone",,,0,,,0,,,0,1.0,0.0,3,True,+,0.0
ENSMUSG00000024576-P,"4,5-Dihydro-1H-pyrazole",,,0,,,0,,,0,1.0,0.0,4,True,+,0.0
ENSMUSG00000024576-P,7-Hydroxy-4-(methoxymethyl)coumarin,,,0,,,0,1.0,0.0,3,1.0,0.0,4,True,+,0.0
ENSMUSG00000024576-P,Aceturic acid,-0.5,0.6666666666666666,3,,,0,0.7142857142857143,0.1107871720116617,6,0.8545454545454546,0.0008066741521648,11,True,+,0.0340773346852635
ENSMUSG00000024576-P,Azelaic acid,0.5,0.6666666666666666,3,0.5,0.6666666666666666,3,0.9276336570439176,0.0076658441874731,6,0.7880922768806397,0.0023286751402374,12,True,+,0.0910978063660742
ENSMUSG00000024576-P,"Benzoic acid, methyl ester",0.5,0.6666666666666666,3,0.5,0.6666666666666666,3,0.8857142857142858,0.0188454810495626,6,0.7832167832167832,0.0025862148333625,12,True,+,0.099459548551953
ENSMUSG00000024576-P,cis-2-Decenoic acid,,,0,,,0,,,0,-1.0,0.0,3,True,-,0.0
ENSMUSG00000024576-P,Isosorbide,1.0,0.0,3,,,0,,,0,1.0,0.0,3,True,+,0.0
ENSMUSG00000024576-P,N-Methylacetamide,-1.0,0.0,3,0.8660254037844387,0.3333333333333332,3,0.9856107606091624,0.0003090856678496,6,0.8947423499236925,8.506820047254519e-05,12,True,+,0.0037809295483372
ENSMUSG00000024576-P,Tyr-Val,,,0,,,0,,,0,-1.0,0.0,3,True,-,0.0
ENSMUSG00000030697-P,"13-Docosenamide, (Z)",,,0,,,0,-1.0,0.0,3,-1.0,0.0,3,True,-,0.0
ENSMUSG00000030697-P,2-Aminoquinolin-8-ol,,,0,,,0,,,0,-1.0,0.0,3,True,-,0.0
ENSMUSG00000030697-P,"3,3-Dimethylacrylic acid",,,0,,,0,,,0,-1.0,0.0,4,True,-,0.0
ENSMUSG00000030697-P,"3,4-Dihydroxybenzaldehyde",1.0,0.0,3,,,0,,,0,1.0,0.0,3,True,+,0.0
ENSMUSG00000030697-P,"3-Hydroxy-7,3',4',5'-tetramethoxyflavone",,,0,,,0,,,0,-1.0,0.0,3,True,-,0.0
ENSMUSG00000030697-P,"Benzene, 1-ethyl-3,5-dimethyl",,,0,,,0,,,0,-1.0,0.0,4,True,-,0.0
ENSMUSG00000030697-P,Glabridin,,,0,,,0,,,0,-1.0,0.0,4,True,-,0.0
ENSMUSG00000030697-P,L-(+)-Threose,,,0,,,0,-1.0,0.0,3,-1.0,0.0,3,True,-,0.0
ENSMUSG00000030697-P,Octadecanoic acid,,,0,,,0,,,0,1.0,0.0,3,True,+,0.0
ENSMUSG00000030697-P,"Oxymorphone, bis(trimethylsilyl) ether",0.0,1.0,3,,,0,-0.8827348295047495,0.019820416588882,6,-0.915353377452523,7.729883409836445e-05,11,True,-,0.003439271379155
ENSMUSG00000030697-P,Propylene glycol,-0.5,0.6666666666666666,3,-0.5,0.6666666666666666,3,-0.9856107606091624,0.0003090856678496,6,-0.7530659534637223,0.0046938930486737,12,True,-,0.1673621183600482
ENSMUSG00000030697-P,Synephrine,-0.5,0.6666666666666666,3,-0.8660254037844387,0.3333333333333332,3,-0.4638168285219587,0.3541642984362303,6,-0.803513718166767,0.0016410752385769,12,True,-,0.0662710205543597
ENSMUSG00000024191-P,"3,3-Dimethylacrylic acid",,,0,,,0,,,0,-1.0,0.0,4,True,-,0.0
ENSMUSG00000024191-P,"3,4-Dihydroxybenzaldehyde",-1.0,0.0,3,,,0,,,0,-1.0,0.0,3,True,-,0.0
ENSMUSG00000024191-P,"4,5-Dihydro-1H-pyrazole",,,0,,,0,,,0,-1.0,0.0,4,True,-,0.0
ENSMUSG00000024191-P,4-tert-Butyldimethylsiloxy-3-penten-2-one,,,0,,,0,-1.0,0.0,4,-1.0,0.0,4,True,-,0.0
ENSMUSG00000024191-P,"N-[(3,4,5-Trimethoxyphenyl)methylidene]hydroxylamine",,,0,,,0,-1.0,0.0,3,-1.0,0.0,3,True,-,0.0
ENSMUSG00000024191-P,tert-butyl(dimethyl)silyl-2-([tert-butyl(dimethyl)silyl]oxy)hex-2-enoate,,,0,,,0,1.0,0.0,4,1.0,0.0,4,True,+,0.0
ENSMUSG00000030286-P,"1,2-Bis(trimethylsiloxy)cyclohexene",,,0,,,0,,,0,-1.0,0.0,3,True,-,0.0
ENSMUSG00000030286-P,"13-Docosenamide, (Z)",,,0,,,0,-1.0,0.0,3,-1.0,0.0,3,True,-,0.0
ENSMUSG00000030286-P,2-Norbornanemethanol,,,0,,,0,,,0,-1.0,0.0,3,True,-,0.0
ENSMUSG00000030286-P,"3-Hydroxy-7,3',4',5'-tetramethoxyflavone",,,0,,,0,,,0,1.0,0.0,3,True,+,0.0
ENSMUSG00000030286-P,L-(+)-Threose,,,0,,,0,-1.0,0.0,3,-1.0,0.0,3,True,-,0.0
ENSMUSG00000030286-P,L-Val-L-Leu,,,0,,,0,1.0,0.0,3,1.0,0.0,3,True,+,0.0
ENSMUSG00000030286-P,Supraene,,,0,,,0,-0.7,0.1881204043741873,5,-0.8499999999999999,0.0037047773275858,9,True,-,0.1377359741682877
ENSMUSG00000030286-P,Tyr-Val,,,0,,,0,,,0,1.0,0.0,3,True,+,0.0
ENSMUSG00000031970-P,"2,4-Dimethoxybenzaldoxime",,,0,,,0,,,0,1.0,0.0,3,True,+,0.0
ENSMUSG00000031970-P,2-Aminoquinolin-8-ol,,,0,,,0,,,0,-1.0,0.0,3,True,-,0.0
ENSMUSG00000031970-P,"3-Hydroxy-7,3',4',5'-tetramethoxyflavone",,,0,,,0,,,0,-1.0,0.0,3,True,-,0.0
ENSMUSG00000031970-P,cis-2-Decenoic acid,,,0,,,0,,,0,1.0,0.0,3,True,+,0.0
ENSMUSG00000031970-P,Diclofenac,,,0,,,0,,,0,-1.0,0.0,4,True,-,0.0
ENSMUSG00000031970-P,Isosorbide,-1.0,0.0,3,,,0,,,0,-1.0,0.0,3,True,-,0.0
ENSMUSG00000031970-P,Octadecanoic acid,,,0,,,0,,,0,-1.0,0.0,3,True,-,0.0
ENSMUSG00000031970-P,Tyr-Val,,,0,,,0,,,0,1.0,0.0,3,True,+,0.0
ENSMUSG00000091475-P,"1,2-Bis(trimethylsiloxy)cyclohexene",,,0,,,0,,,0,-1.0,0.0,3,True,-,0.0
ENSMUSG00000091475-P,"13-Docosenamide, (Z)",,,0,,,0,-1.0,0.0,3,-1.0,0.0,3,True,-,0.0
ENSMUSG00000091475-P,"2,4-Dimethoxybenzaldoxime",,,0,,,0,,,0,-1.0,0.0,3,True,-,0.0
ENSMUSG00000091475-P,"3-Hydroxy-7,3',4',5'-tetramethoxyflavone",,,0,,,0,,,0,-1.0,0.0,3,True,-,0.0
ENSMUSG00000091475-P,"4-[2-(4,7-Dimethoxy-2H-1,3-benzodioxol-5-yl)ethenyl]-2-methoxyphenol",1.0,0.0,3,0.5,0.6666666666666666,3,0.753702346348183,0.0835232813732598,6,0.7508771929824563,0.0048859472194618,12,True,+,0.1700316142628828
ENSMUSG00000091475-P,cis-2-Decenoic acid,,,0,,,0,,,0,1.0,0.0,3,True,+,0.0
ENSMUSG00000091475-P,Isosorbide,-1.0,0.0,3,,,0,,,0,-1.0,0.0,3,True,-,0.0
ENSMUSG00000026509-P,2-Norbornanemethanol,,,0,,,0,,,0,1.0,0.0,3,True,+,0.0
ENSMUSG00000026509-P,"3,4-Dihydroxybenzaldehyde",1.0,0.0,3,,,0,,,0,1.0,0.0,3,True,+,0.0
ENSMUSG00000026509-P,"4,5-Dihydro-1H-pyrazole",,,0,,,0,,,0,1.0,0.0,4,True,+,0.0
ENSMUSG00000026509-P,L-Val-L-Leu,,,0,,,0,-1.0,0.0,3,-1.0,0.0,3,True,-,0.0
ENSMUSG00000026509-P,"N-[(3,4,5-Trimethoxyphenyl)methylidene]hydroxylamine",,,0,,,0,-1.0,0.0,3,-1.0,0.0,3,True,-,0.0
ENSMUSG00000026509-P,Tyr-Val,,,0,,,0,,,0,-1.0,0.0,3,True,-,0.0
ENSMUSG00000035762-P,"13-Docosenamide, (Z)",,,0,,,0,1.0,0.0,3,1.0,0.0,3,True,+,0.0
ENSMUSG00000035762-P,"3,4-Dihydroxybenzaldehyde",-1.0,0.0,3,,,0,,,0,-1.0,0.0,3,True,-,0.0
ENSMUSG00000035762-P,"3-Hydroxy-7,3',4',5'-tetramethoxyflavone",,,0,,,0,,,0,1.0,0.0,3,True,+,0.0
ENSMUSG00000035762-P,Allylescaline,1.0,0.0,3,0.5,0.6666666666666666,3,0.8827348295047495,0.019820416588882,6,0.8315840663996671,0.0007983671028551,12,True,+,0.0337673729697458
ENSMUSG00000035762-P,cis-2-Decenoic acid,,,0,,,0,,,0,-1.0,0.0,3,True,-,0.0
ENSMUSG00000035762-P,Octadecanoic acid,,,0,,,0,,,0,-1.0,0.0,3,True,-,0.0
ENSMUSG00000035762-P,Tyr-Val,,,0,,,0,,,0,1.0,0.0,3,True,+,0.0
ENSMUSG00000099689-P,"1,2-Bis(trimethylsiloxy)cyclohexene",,,0,,,0,,,0,1.0,0.0,3,True,+,0.0
ENSMUSG00000099689-P,"13-Docosenamide, (Z)",,,0,,,0,1.0,0.0,3,1.0,0.0,3,True,+,0.0
ENSMUSG00000099689-P,"2-Allyl-1,4-dimethoxybenzene",1.0,0.0,3,0.0,1.0,3,0.7714285714285715,0.0723965014577259,6,0.7460606887803388,0.0053294347525701,12,True,+,0.1820984623388383
ENSMUSG00000099689-P,2-Aminoquinolin-8-ol,,,0,,,0,,,0,1.0,0.0,3,True,+,0.0
ENSMUSG00000099689-P,"2-Cyclohexen-1-one, 3-methyl-",0.5,0.6666666666666666,3,0.5,0.6666666666666666,3,0.6571428571428573,0.1561749271137024,6,0.8251748251748254,0.0009513628555555,12,True,+,0.0397714595917899
ENSMUSG00000099689-P,2-Norbornanemethanol,,,0,,,0,,,0,-1.0,0.0,3,True,-,0.0
ENSMUSG00000099689-P,"3,4-Dihydroxybenzaldehyde",1.0,0.0,3,,,0,,,0,1.0,0.0,3,True,+,0.0
ENSMUSG00000099689-P,8-Methylnonanoic acid,1.0,0.0,3,0.5,0.6666666666666666,3,0.753702346348183,0.0835232813732598,6,0.8231186002975568,0.0010049467838746,12,True,+,0.0418858130905164
ENSMUSG00000099689-P,Hexanoic acid,0.5,0.6666666666666666,3,0.5,0.6666666666666666,3,0.7826908981308054,0.065703848071589,6,0.7880922768806397,0.0023286751402374,12,True,+,0.0910978063660742
ENSMUSG00000099689-P,Levulinic acid,0.0,1.0,3,0.5,0.6666666666666666,3,0.5590653920196746,0.2487710057017011,6,0.7662672410406088,0.0036536770820754,12,True,+,0.1360055744751174
ENSMUSG00000099689-P,"L-Histidine, N,1-bis(tert-butyldimethylsilyl)-",1.0,0.0,3,0.5,0.6666666666666666,3,0.753702346348183,0.0835232813732598,6,0.7740817475138726,0.0031266563739204,12,True,+,0.1179425135885409
ENSMUSG00000099689-P,L-Val-L-Leu,,,0,,,0,1.0,0.0,3,1.0,0.0,3,True,+,0.0
ENSMUSG00000099689-P,Myristic acid,0.5,0.6666666666666666,3,1.0,0.0,3,0.7650368522374495,0.0763256359782481,6,0.8421104469870047,0.0005890784331518,12,True,+,0.0252010744927799
ENSMUSG00000099689-P,N-Acetylaminoethanol,0.0,1.0,3,0.0,1.0,3,0.9276336570439176,0.0076658441874731,6,0.8330520005808454,0.0007661735620694,12,True,+,0.0325242389392077
ENSMUSG00000099689-P,Phytanic acid,0.8660254037844387,0.3333333333333332,3,1.0,0.0,3,0.4413674147523747,0.3809392104771887,6,0.7979021271386156,0.0018701848339806,12,True,+,0.0749293229553032
ENSMUSG00000099689-P,Picolinic acid,0.8660254037844387,0.3333333333333332,3,0.0,1.0,3,0.6473388749701496,0.1646245946813782,6,0.7817095248764386,0.0026700659830202,12,True,+,0.1024203389925171
ENSMUSG00000099689-P,tert-butyl(dimethyl)silyl-2-([tert-butyl(dimethyl)silyl]oxy)hex-2-enoate,,,0,,,0,1.0,0.0,4,1.0,0.0,4,True,+,0.0
ENSMUSG00000099689-P,Tyr-Val,,,0,,,0,,,0,-1.0,0.0,3,True,-,0.0
ENSMUSG00000034377-P,"1,2-Cinnolinedicarboxylic acid, 1,2,3,5,6,7,8,8a-octahydro-4-trimethylsilyloxy-, diethyl ester",,,0,,,0,,,0,1.0,0.0,3,True,+,0.0
ENSMUSG00000034377-P,"2,4-Dimethoxybenzaldoxime",,,0,,,0,,,0,1.0,0.0,3,True,+,0.0
ENSMUSG00000034377-P,"3-Hydroxy-7,3',4',5'-tetramethoxyflavone",,,0,,,0,,,0,1.0,0.0,3,True,+,0.0
ENSMUSG00000034377-P,7-Hydroxy-4-(methoxymethyl)coumarin,,,0,,,0,1.0,0.0,3,1.0,0.0,4,True,+,0.0
ENSMUSG00000034377-P,Azelaic acid,0.5,0.6666666666666666,3,-0.5,0.6666666666666666,3,0.6377481392176932,0.1730711102412598,6,0.8826633501063164,0.0001433968186023,12,True,+,0.0063383395977923
ENSMUSG00000034377-P,cis-2-Decenoic acid,,,0,,,0,,,0,-1.0,0.0,3,True,-,0.0
ENSMUSG00000034377-P,"Cyclohexanone, 3,3,5-trimethyl",0.5,0.6666666666666666,3,0.5,0.6666666666666666,3,0.8999999999999998,0.0373860734684987,5,0.7818181818181819,0.004473162252783,11,True,+,0.1611140357001344
ENSMUSG00000034377-P,Diethylamine,0.5,0.6666666666666666,3,-0.5,0.6666666666666666,3,0.8116794499134279,0.0498575851013403,6,0.7530659534637223,0.0046938930486737,12,True,+,0.1673621183600482
ENSMUSG00000034377-P,Isosorbide,1.0,0.0,3,,,0,,,0,1.0,0.0,3,True,+,0.0
ENSMUSG00000034377-P,Octanoic acid,,,0,,,0,0.7999999999999999,0.2000000000000001,4,0.942857142857143,0.004804664723032,6,True,+,0.1679020985499759
ENSMUSG00000034377-P,Tyr-Val,,,0,,,0,,,0,-1.0,0.0,3,True,-,0.0
ENSMUSG00000039715-P,1-(tert-Butyldimethylsilyl)-4-methyl-1H-pyrazole,-0.5,0.6666666666666666,3,-1.0,0.0,3,-0.8804062740424288,0.0205987347749203,6,-0.7887519530284786,0.0022953943176097,12,True,-,0.0900825861610388
ENSMUSG00000039715-P,2-(Methylamino)ethanol,-1.0,0.0,3,-1.0,0.0,3,-0.3768511731740915,0.4614828403508045,6,-0.8126107032724816,0.0013161012937103,12,True,-,0.0540566550634617
ENSMUSG00000039715-P,2-Naphthol,-0.8660254037844387,0.3333333333333332,3,-1.0,0.0,3,-0.9710083124552245,0.0012485929031976,6,-0.8682018740230752,0.0002499953074797,12,True,-,0.0109781461842808
ENSMUSG00000039715-P,2-Norbornanemethanol,,,0,,,0,,,0,1.0,0.0,3,True,+,0.0
ENSMUSG00000039715-P,"3,4-Dihydroxybenzaldehyde",1.0,0.0,3,,,0,,,0,1.0,0.0,3,True,+,0.0
ENSMUSG00000039715-P,"3-Hydroxy-7,3',4',5'-tetramethoxyflavone",,,0,,,0,,,0,-1.0,0.0,3,True,-,0.0
ENSMUSG00000039715-P,Adenine,,,0,-1.0,0.0,3,-0.7714285714285715,0.0723965014577259,6,-0.8181818181818182,0.0038149200825507,10,True,-,0.1411277269915268
ENSMUSG00000039715-P,Heptylamine,,,0,-1.0,0.0,3,-0.8999999999999998,0.0373860734684987,5,-0.8499999999999999,0.0037047773275858,9,True,-,0.1377359741682877
ENSMUSG00000039715-P,Leucylglycine,,,0,0.5,0.6666666666666666,3,0.7142857142857143,0.1107871720116617,6,0.8060606060606059,0.0048620611019646,10,True,+,0.1693978733774359
ENSMUSG00000039715-P,L-Tryptophan,-0.8660254037844387,0.3333333333333332,3,-1.0,0.0,3,-0.942857142857143,0.004804664723032,6,-0.847637026689399,0.000497797379436,12,True,-,0.0214320594393896
ENSMUSG00000039715-P,Methanesulfonic acid,,,0,-1.0,0.0,3,-0.942857142857143,0.004804664723032,6,-0.8181818181818182,0.0020831448404786,11,True,-,0.0824810087113129
ENSMUSG00000039715-P,"N-[(3,4,5-Trimethoxyphenyl)methylidene]hydroxylamine",,,0,,,0,-1.0,0.0,3,-1.0,0.0,3,True,-,0.0
ENSMUSG00000039715-P,Phenoxyethanol,0.5,0.6666666666666666,3,-1.0,0.0,3,-0.6667366910003157,0.1480897994403528,6,-0.7565685858054141,0.0043984927612255,12,True,-,0.1591102973563808
ENSMUSG00000039715-P,Synephrine,-0.5,0.6666666666666666,3,-0.8660254037844387,0.3333333333333332,3,-0.5507824838698261,0.2573693316225746,6,-0.7929873375794294,0.0020902874654805,12,True,-,0.0826385360525062
ENSMUSG00000039715-P,Xylazine,1.0,0.0,3,-1.0,0.0,3,-0.8285714285714287,0.0415626822157433,6,-0.7622377622377624,0.0039504489725426,12,True,-,0.1444028705953552
ENSMUSG00000098113-P,1-Octadecanol,,,0,,,0,0.8999999999999998,0.0373860734684987,5,0.8982196964349441,0.0024387967963823,8,True,+,0.0951385740545402
ENSMUSG00000098113-P,2-Norbornanemethanol,,,0,,,0,,,0,-1.0,0.0,3,True,-,0.0
ENSMUSG00000098113-P,6-Nitroveratryl alcohol,,,0,,,0,1.0,0.0,3,0.9746794344808964,0.0048182304681985,5,True,+,0.1681230918546083
ENSMUSG00000098113-P,L-Lysine,,,0,0.8660254037844387,0.3333333333333332,3,0.8857142857142858,0.0188454810495626,6,0.877185582105945,0.0003898201637374,11,True,+,0.0169438371148933
ENSMUSG00000098113-P,L-Val-L-Leu,,,0,,,0,1.0,0.0,3,1.0,0.0,3,True,+,0.0
ENSMUSG00000098113-P,Oleic Acid,1.0,0.0,3,,,0,,,0,1.0,0.0,3,True,+,0.0
ENSMUSG00000007379-P,2-(Methylamino)ethanol,-1.0,0.0,3,-1.0,0.0,3,-0.5236349380886428,0.286336253734027,6,-0.7844955832523606,0.0025166613159974,12,True,-,0.097376722909516
ENSMUSG00000007379-P,2-Butenedioic acid,,,0,-0.5,0.6666666666666666,3,-0.8804062740424288,0.0205987347749203,6,-0.8327833683066316,0.0014615612166467,11,True,-,0.0596442579308909
ENSMUSG00000007379-P,"3,4-Dihydroxybenzaldehyde",1.0,0.0,3,,,0,,,0,1.0,0.0,3,True,+,0.0
ENSMUSG00000007379-P,Isonicotinic Acid,-0.5,0.6666666666666666,3,-1.0,0.0,3,-0.7084472691787521,0.1151130646358375,6,-0.7772317352592832,0.002931435312166,12,True,-,0.1117689952780956
ENSMUSG00000087083-P,"1,2-Cinnolinedicarboxylic acid, 1,2,3,5,6,7,8,8a-octahydro-4-trimethylsilyloxy-, diethyl ester",,,0,,,0,,,0,1.0,0.0,3,True,+,0.0
ENSMUSG00000087083-P,2-Aminoquinolin-8-ol,,,0,,,0,,,0,1.0,0.0,3,True,+,0.0
ENSMUSG00000087083-P,cis-2-Decenoic acid,,,0,,,0,,,0,-1.0,0.0,3,True,-,0.0
ENSMUSG00000087083-P,"N-[(3,4,5-Trimethoxyphenyl)methylidene]hydroxylamine",,,0,,,0,-1.0,0.0,3,-1.0,0.0,3,True,-,0.0
ENSMUSG00000087083-P,Tyr-Val,,,0,,,0,,,0,-1.0,0.0,3,True,-,0.0
ENSMUSG00000023064-P,"1,2-Bis(trimethylsiloxy)cyclohexene",,,0,,,0,,,0,-1.0,0.0,3,True,-,0.0
ENSMUSG00000023064-P,"2,3-Dihydroxybutanoic acid",,,0,-0.8660254037844387,0.3333333333333332,3,-0.7999999999999999,0.2000000000000001,4,-0.8786687791935092,0.0018157963245634,9,True,-,0.072862009612882
ENSMUSG00000023064-P,"3-Hydroxy-7,3',4',5'-tetramethoxyflavone",,,0,,,0,,,0,-1.0,0.0,3,True,-,0.0
ENSMUSG00000023064-P,Acetic acid,-0.8660254037844387,0.3333333333333332,3,,,3,-0.8332380897952965,0.0393955164788511,6,-0.7972792489909619,0.0018970500499891,12,True,-,0.0758912141765791
ENSMUSG00000023064-P,Isosorbide,-1.0,0.0,3,,,0,,,0,-1.0,0.0,3,True,-,0.0
ENSMUSG00000023064-P,L-Val-L-Leu,,,0,,,0,-1.0,0.0,3,-1.0,0.0,3,True,-,0.0
ENSMUSG00000023064-P,N-Acetylaminoethanol,-0.8660254037844387,0.3333333333333332,3,-0.8660254037844387,0.3333333333333332,3,-0.6957252427829382,0.1247893374402869,6,-0.7592372663521628,0.004183039988557,12,True,-,0.151921497515922
ENSMUSG00000023064-P,Picolinic acid,0.8660254037844387,0.3333333333333332,3,-0.8660254037844387,0.3333333333333332,3,-0.7650368522374495,0.0763256359782481,6,-0.7429761700402188,0.0056289704060425,12,True,-,0.1915500124818436
ENSMUSG00000023064-P,Tyr-Val,,,0,,,0,,,0,1.0,0.0,3,True,+,0.0
ENSMUSG00000030554-P,"1,2-Bis(trimethylsiloxy)cyclohexene",,,0,,,0,,,0,-1.0,0.0,3,True,-,0.0
ENSMUSG00000030554-P,"13-Docosenamide, (Z)",,,0,,,0,1.0,0.0,3,1.0,0.0,3,True,+,0.0
ENSMUSG00000030554-P,2-Aminoquinolin-8-ol,,,0,,,0,,,0,1.0,0.0,3,True,+,0.0
ENSMUSG00000030554-P,2-Cyanobenzaldehyde,,,0,,,0,0.8999999999999998,0.0373860734684987,5,0.942857142857143,0.004804664723032,6,True,+,0.1679020985499759
ENSMUSG00000030554-P,"3,4-Dihydroxybenzaldehyde",-1.0,0.0,3,,,0,,,0,-1.0,0.0,3,True,-,0.0
ENSMUSG00000030554-P,6-Methyluracil,-1.0,0.0,3,-1.0,0.0,3,-0.7247137945655605,0.1032428046237076,6,-0.7705791151721809,0.0033551786239375,12,True,-,0.1259035599291489
ENSMUSG00000030554-P,L-Val-L-Leu,,,0,,,0,1.0,0.0,3,1.0,0.0,3,True,+,0.0
ENSMUSG00000030554-P,tert-butyl(dimethyl)silyl-2-([tert-butyl(dimethyl)silyl]oxy)hex-2-enoate,,,0,,,0,1.0,0.0,4,1.0,0.0,4,True,+,0.0
ENSMUSG00000030554-P,Tyr-Val,,,0,,,0,,,0,1.0,0.0,3,True,+,0.0
ENSMUSG00000037221-P,"3,4-Dihydroxybenzaldehyde",1.0,0.0,3,,,0,,,0,1.0,0.0,3,True,+,0.0
ENSMUSG00000037221-P,"4,5-Dihydro-1H-pyrazole",,,0,,,0,,,0,1.0,0.0,4,True,+,0.0
ENSMUSG00000037221-P,Glycine,-0.5,0.6666666666666666,3,-0.5,0.6666666666666666,3,-0.753702346348183,0.0835232813732598,6,-0.7460606887803388,0.0053294347525701,12,True,-,0.1820984623388383
ENSMUSG00000037221-P,"Glycine, tert.-butyldimethylsilyl ester",-0.5,0.6666666666666666,3,-0.5,0.6666666666666666,3,-0.8406680016960503,0.0360575728451592,6,-0.8371291296643238,0.0006820012896813,12,True,-,0.0290041419633647
ENSMUSG00000037221-P,L-Val-L-Leu,,,0,,,0,-1.0,0.0,3,-1.0,0.0,3,True,-,0.0
ENSMUSG00000006005-P,2-Aminoquinolin-8-ol,,,0,,,0,,,0,1.0,0.0,3,True,+,0.0
ENSMUSG00000006005-P,"3-Hydroxy-7,3',4',5'-tetramethoxyflavone",,,0,,,0,,,0,1.0,0.0,3,True,+,0.0
ENSMUSG00000006005-P,"4,5-Dihydro-1H-pyrazole",,,0,,,0,,,0,1.0,0.0,4,True,+,0.0
ENSMUSG00000006005-P,7-Hydroxy-4-(methoxymethyl)coumarin,,,0,,,0,1.0,0.0,3,1.0,0.0,4,True,+,0.0
ENSMUSG00000006005-P,cis-2-Decenoic acid,,,0,,,0,,,0,-1.0,0.0,3,True,-,0.0
ENSMUSG00000006005-P,Glabridin,,,0,,,0,,,0,1.0,0.0,4,True,+,0.0
ENSMUSG00000006005-P,Isosorbide,1.0,0.0,3,,,0,,,0,1.0,0.0,3,True,+,0.0
ENSMUSG00000006005-P,L-(+)-Threose,,,0,,,0,1.0,0.0,3,1.0,0.0,3,True,+,0.0
ENSMUSG00000038608-P,2-Aminoquinolin-8-ol,,,0,,,0,,,0,-1.0,0.0,3,True,-,0.0
ENSMUSG00000038608-P,2-Ethyl-1-butanol,,,0,,,0,-0.8660254037844387,0.3333333333333332,3,-0.9746794344808964,0.0048182304681985,5,True,-,0.1681230918546083
ENSMUSG00000038608-P,2-Norbornanemethanol,,,0,,,0,,,0,1.0,0.0,3,True,+,0.0
ENSMUSG00000038608-P,"3,3-Dimethylacrylic acid",,,0,,,0,,,0,1.0,0.0,4,True,+,0.0
ENSMUSG00000038608-P,"3,4-Dihydroxybenzaldehyde",1.0,0.0,3,,,0,,,0,1.0,0.0,3,True,+,0.0
ENSMUSG00000038608-P,"4,5-Dihydro-1H-pyrazole",,,0,,,0,,,0,1.0,0.0,4,True,+,0.0
ENSMUSG00000038608-P,"N-[(3,4,5-Trimethoxyphenyl)methylidene]hydroxylamine",,,0,,,0,1.0,0.0,3,1.0,0.0,3,True,+,0.0
ENSMUSG00000038608-P,Tyr-Val,,,0,,,0,,,0,-1.0,0.0,3,True,-,0.0
ENSMUSG00000104682-P,"1,2-Bis(trimethylsiloxy)cyclohexene",,,0,,,0,,,0,1.0,0.0,3,True,+,0.0
ENSMUSG00000104682-P,"1-Heptanol, 2-propyl-",,,0,,,0,-0.9856107606091624,0.0003090856678496,6,-0.9856107606091624,0.0003090856678496,6,True,-,0.0135133625110892
ENSMUSG00000104682-P,2-Norbornanemethanol,,,0,,,0,,,0,1.0,0.0,3,True,+,0.0
ENSMUSG00000104682-P,L-Val-L-Leu,,,0,,,0,-1.0,0.0,3,-1.0,0.0,3,True,-,0.0
ENSMUSG00000104682-P,"N-[(3,4,5-Trimethoxyphenyl)methylidene]hydroxylamine",,,0,,,0,-1.0,0.0,3,-1.0,0.0,3,True,-,0.0
ENSMUSG00000104682-P,Oleic Acid,1.0,0.0,3,,,0,,,0,1.0,0.0,3,True,+,0.0
ENSMUSG00000022023-P,"1,2-Bis(trimethylsiloxy)cyclohexene",,,0,,,0,,,0,1.0,0.0,3,True,+,0.0
ENSMUSG00000022023-P,"1,2-Cinnolinedicarboxylic acid, 1,2,3,5,6,7,8,8a-octahydro-4-trimethylsilyloxy-, diethyl ester",,,0,,,0,,,0,1.0,0.0,3,True,+,0.0
ENSMUSG00000022023-P,"13-Docosenamide, (Z)",,,0,,,0,1.0,0.0,3,1.0,0.0,3,True,+,0.0
ENSMUSG00000022023-P,2-Norbornanemethanol,,,0,,,0,,,0,1.0,0.0,3,True,+,0.0
ENSMUSG00000022023-P,"3-Hydroxy-7,3',4',5'-tetramethoxyflavone",,,0,,,0,,,0,1.0,0.0,3,True,+,0.0
ENSMUSG00000022023-P,7-Hydroxy-4-(methoxymethyl)coumarin,,,0,,,0,1.0,0.0,3,1.0,0.0,4,True,+,0.0
ENSMUSG00000022023-P,Azelaic acid,0.5,0.6666666666666666,3,-0.5,0.6666666666666666,3,0.7247137945655605,0.1032428046237076,6,0.8896686147896997,0.0001067002478779,12,True,+,0.0047313136230068
ENSMUSG00000022023-P,cis-2-Decenoic acid,,,0,,,0,,,0,-1.0,0.0,3,True,-,0.0
ENSMUSG00000022023-P,Isosorbide,1.0,0.0,3,,,0,,,0,1.0,0.0,3,True,+,0.0
ENSMUSG00000022023-P,Salsoline,-0.5,0.6666666666666666,3,0.5,0.6666666666666666,3,-0.3999999999999999,0.6,4,-0.8545454545454544,0.0016368033159867,10,True,-,0.0661368564769408
ENSMUSG00000022023-P,Stearic acid,-0.8660254037844387,0.3333333333333332,3,-0.5,0.6666666666666666,3,-0.3999999999999999,0.6,4,-0.8024353176576852,0.0052114617667064,10,True,-,0.1795059052976648
ENSMUSG00000022023-P,Tyr-Val,,,0,,,0,,,0,-1.0,0.0,3,True,-,0.0
ENSMUSG00000041135-P,"1-(2,5-Dimethoxyphenyl)-1-[(trimethylsilyl)oxy]propan-2-amine",-0.5,0.6666666666666666,3,-1.0,0.0,3,-0.8406680016960503,0.0360575728451592,6,-0.742558056438647,0.0056705287880292,12,True,-,0.1922440832339479
ENSMUSG00000041135-P,"1,2-Bis(trimethylsiloxy)cyclohexene",,,0,,,0,,,0,1.0,0.0,3,True,+,0.0
ENSMUSG00000041135-P,"1,2-Cinnolinedicarboxylic acid, 1,2,3,5,6,7,8,8a-octahydro-4-trimethylsilyloxy-, diethyl ester",,,0,,,0,,,0,1.0,0.0,3,True,+,0.0
ENSMUSG00000041135-P,"2,4-Dimethoxybenzaldoxime",,,0,,,0,,,0,1.0,0.0,3,True,+,0.0
ENSMUSG00000041135-P,2-Aminoquinolin-8-ol,,,0,,,0,,,0,-1.0,0.0,3,True,-,0.0
ENSMUSG00000041135-P,2-Butenedioic acid,,,0,-1.0,0.0,3,-0.5428571428571429,0.2657026239067054,6,-0.8000000000000002,0.0031104283103858,11,True,-,0.1176276726103183
ENSMUSG00000041135-P,"3,4-Dihydroxybenzaldehyde",1.0,0.0,3,,,0,,,0,1.0,0.0,3,True,+,0.0
ENSMUSG00000041135-P,Benzeneacetic acid,,,0,,,0,-1.0,0.0,3,-1.0,1.4042654220543602e-24,5,True,-,6.303055151107153e-23
ENSMUSG00000041135-P,cis-2-Decenoic acid,,,0,,,0,,,0,1.0,0.0,3,True,+,0.0
ENSMUSG00000041135-P,L-Val-L-Leu,,,0,,,0,-1.0,0.0,3,-1.0,0.0,3,True,-,0.0
ENSMUSG00000091183-P,"3,3-Dimethylacrylic acid",,,0,,,0,,,0,1.0,0.0,4,True,+,0.0
ENSMUSG00000091183-P,3-Amino-5-methylisoxazole,,,0,0.5,0.6666666666666666,3,0.9276336570439174,0.0076658441874731,6,0.7890240316738917,0.0038890785130696,11,True,+,0.14278405632064
ENSMUSG00000091183-P,3-Methyl-3-buten-1-ol,,,0,,,0,0.7999999999999999,0.2000000000000001,4,0.8734939759036143,0.0045933584238803,8,True,+,0.1646485347547692
ENSMUSG00000091183-P,"4,5-Dihydro-1H-pyrazole",,,0,,,0,,,0,1.0,0.0,4,True,+,0.0
ENSMUSG00000091183-P,Glabridin,,,0,,,0,,,0,1.0,0.0,4,True,+,0.0
ENSMUSG00000091183-P,L-(+)-Threose,,,0,,,0,1.0,0.0,3,1.0,0.0,3,True,+,0.0
ENSMUSG00000091183-P,Spiroxamine,,,0,,,0,0.8720815992723809,0.0538542177275421,5,0.8814825547070536,0.0016774219366218,9,True,+,0.0675820554257151
ENSMUSG00000091183-P,Tyr-Val,,,0,,,0,,,0,-1.0,0.0,3,True,-,0.0
ENSMUSG00000026820-P,"1,2-Cinnolinedicarboxylic acid, 1,2,3,5,6,7,8,8a-octahydro-4-trimethylsilyloxy-, diethyl ester",,,0,,,0,,,0,1.0,0.0,3,True,+,0.0
ENSMUSG00000026820-P,"13-Docosenamide, (Z)",,,0,,,0,-1.0,0.0,3,-1.0,0.0,3,True,-,0.0
ENSMUSG00000026820-P,"4,5-Dihydro-1H-pyrazole",,,0,,,0,,,0,-1.0,0.0,4,True,-,0.0
ENSMUSG00000030352-P,"1,2-Cinnolinedicarboxylic acid, 1,2,3,5,6,7,8,8a-octahydro-4-trimethylsilyloxy-, diethyl ester",,,0,,,0,,,0,-1.0,0.0,3,True,-,0.0
ENSMUSG00000030352-P,"2,4-Dimethoxybenzaldoxime",,,0,,,0,,,0,-1.0,0.0,3,True,-,0.0
ENSMUSG00000030352-P,2-Methyl-3-pentanol,,,0,,,0,-0.8999999999999998,0.0373860734684987,5,-0.9642857142857144,0.0004541491691941,7,True,-,0.0196011697980853
ENSMUSG00000030352-P,"3,4-Dihydroxybenzaldehyde",-1.0,0.0,3,,,0,,,0,-1.0,0.0,3,True,-,0.0
ENSMUSG00000030352-P,Sarcosine,,,0,,,0,,,0,0.942857142857143,0.004804664723032,6,True,+,0.1679020985499759
ENSMUSG00000030352-P,Tyr-Val,,,0,,,0,,,0,1.0,0.0,3,True,+,0.0
ENSMUSG00000034295-P,"1-Pentene, 1,3-diphenyl-1-(trimethylsilyloxy)-",,,0,,,0,,,0,1.0,0.0,4,True,+,0.0
ENSMUSG00000034295-P,2-Aminoquinolin-8-ol,,,0,,,0,,,0,-1.0,0.0,3,True,-,0.0
ENSMUSG00000034295-P,2-Norbornanemethanol,,,0,,,0,,,0,-1.0,0.0,3,True,-,0.0
ENSMUSG00000034295-P,L-Val-L-Leu,,,0,,,0,1.0,0.0,3,1.0,0.0,3,True,+,0.0
ENSMUSG00000034295-P,"N-[(3,4,5-Trimethoxyphenyl)methylidene]hydroxylamine",,,0,,,0,1.0,0.0,3,1.0,0.0,3,True,+,0.0
ENSMUSG00000034295-P,Tyr-Val,,,0,,,0,,,0,1.0,0.0,3,True,+,0.0
ENSMUSG00000037646-P,"1,2-Bis(trimethylsiloxy)cyclohexene",,,0,,,0,,,0,1.0,0.0,3,True,+,0.0
ENSMUSG00000037646-P,"13-Docosenamide, (Z)",,,0,,,0,1.0,0.0,3,1.0,0.0,3,True,+,0.0
ENSMUSG00000037646-P,"2,4-Dimethoxybenzaldoxime",,,0,,,0,,,0,1.0,0.0,3,True,+,0.0
ENSMUSG00000037646-P,2-Aminoquinolin-8-ol,,,0,,,0,,,0,1.0,0.0,3,True,+,0.0
ENSMUSG00000037646-P,"3,3-Dimethylacrylic acid",,,0,,,0,,,0,1.0,0.0,4,True,+,0.0
ENSMUSG00000037646-P,cis-2-Decenoic acid,,,0,,,0,,,0,-1.0,0.0,3,True,-,0.0
ENSMUSG00000037646-P,L-(+)-Threose,,,0,,,0,1.0,0.0,3,1.0,0.0,3,True,+,0.0
ENSMUSG00000040167-P,"13-Docosenamide, (Z)",,,0,,,0,-1.0,0.0,3,-1.0,0.0,3,True,-,0.0
ENSMUSG00000040167-P,2-Aminoquinolin-8-ol,,,0,,,0,,,0,1.0,0.0,3,True,+,0.0
ENSMUSG00000040167-P,2-Norbornanemethanol,,,0,,,0,,,0,-1.0,0.0,3,True,-,0.0
ENSMUSG00000040167-P,Glabridin,,,0,,,0,,,0,1.0,0.0,4,True,+,0.0
ENSMUSG00000040167-P,Isosorbide,1.0,0.0,3,,,0,,,0,1.0,0.0,3,True,+,0.0
ENSMUSG00000040167-P,L-Val-L-Leu,,,0,,,0,1.0,0.0,3,1.0,0.0,3,True,+,0.0
ENSMUSG00000077767-P,"1,2-Cinnolinedicarboxylic acid, 1,2,3,5,6,7,8,8a-octahydro-4-trimethylsilyloxy-, diethyl ester",,,0,,,0,,,0,1.0,0.0,3,True,+,0.0
ENSMUSG00000077767-P,"13-Docosenamide, (Z)",,,0,,,0,1.0,0.0,3,1.0,0.0,3,True,+,0.0
ENSMUSG00000077767-P,Aceturic acid,-0.8660254037844387,0.3333333333333332,3,,,0,0.8857142857142858,0.0188454810495626,6,0.8440722199302099,0.0010856317244884,11,True,+,0.0450868400943363
ENSMUSG00000077767-P,cis-2-Decenoic acid,,,0,,,0,,,0,-1.0,0.0,3,True,-,0.0
ENSMUSG00000077767-P,L-(+)-Threose,,,0,,,0,1.0,0.0,3,1.0,0.0,3,True,+,0.0
ENSMUSG00000077767-P,N-Methylacetamide,-0.8660254037844387,0.3333333333333332,3,0.8660254037844387,0.3333333333333332,3,0.753702346348183,0.0835232813732598,6,0.7561884665236613,0.0044298512819148,12,True,+,0.160161468566063
ENSMUSG00000077767-P,Trimethylolpropane,,,0,,,0,0.4616902584383193,0.4337661561690276,5,0.8674698795180722,0.0052563651600789,8,True,+,0.1809859324943322
ENSMUSG00000077767-P,Tyr-Val,,,0,,,0,,,0,-1.0,0.0,3,True,-,0.0
ENSMUSG00000055239-P,"1,2-Bis(trimethylsiloxy)cyclohexene",,,0,,,0,,,0,1.0,0.0,3,True,+,0.0
ENSMUSG00000055239-P,"1,2-Cinnolinedicarboxylic acid, 1,2,3,5,6,7,8,8a-octahydro-4-trimethylsilyloxy-, diethyl ester",,,0,,,0,,,0,1.0,0.0,3,True,+,0.0
ENSMUSG00000055239-P,2-Norbornanemethanol,,,0,,,0,,,0,-1.0,0.0,3,True,-,0.0
ENSMUSG00000055239-P,"3-Hydroxy-7,3',4',5'-tetramethoxyflavone",,,0,,,0,,,0,-1.0,0.0,3,True,-,0.0
ENSMUSG00000055239-P,"Benzene, 1-ethyl-3,5-dimethyl",,,0,,,0,,,0,-1.0,0.0,4,True,-,0.0
ENSMUSG00000055239-P,cis-2-Decenoic acid,,,0,,,0,,,0,-1.0,0.0,3,True,-,0.0
ENSMUSG00000055239-P,"l-Leucine, n-butoxycarbonyl-N-methyl-, hexadecyl ester",,,0,,,0,,,0,-1.0,0.0,4,True,-,0.0
ENSMUSG00000055239-P,L-Val-L-Leu,,,0,,,0,1.0,0.0,3,1.0,0.0,3,True,+,0.0
ENSMUSG00000055239-P,"N-[(3,4,5-Trimethoxyphenyl)methylidene]hydroxylamine",,,0,,,0,-1.0,0.0,3,-1.0,0.0,3,True,-,0.0
ENSMUSG00000031489-P,"2-Methylcyclohexanol, (Z)",-0.8660254037844387,0.3333333333333332,3,-0.8660254037844387,0.3333333333333332,3,-0.8406680016960503,0.0360575728451592,6,-0.7667892394188526,0.0036165072819989,12,True,-,0.1347660123953719
ENSMUSG00000031489-P,2-Norbornanemethanol,,,0,,,0,,,0,1.0,0.0,3,True,+,0.0
ENSMUSG00000031489-P,3-(4-Methoxyphenyl)coumarin,,,0,,,0,1.0,0.0,3,1.0,0.0,4,True,+,0.0
ENSMUSG00000031489-P,3-Buten-2-one,-0.8660254037844387,0.3333333333333332,3,-1.0,0.0,3,-0.942857142857143,0.004804664723032,6,-0.9366429442213184,7.224451497216634e-06,12,True,-,0.0003239916067457
ENSMUSG00000031489-P,"6,7,4'-Trihydroxyisoflavone",-0.8660254037844387,0.3333333333333332,3,-1.0,0.0,3,-0.9276336570439176,0.0076658441874731,6,-0.8994834899608809,6.811721071076131e-05,12,True,-,0.0030320430349182
ENSMUSG00000031489-P,cis-2-Decenoic acid,,,0,,,0,,,0,-1.0,0.0,3,True,-,0.0
ENSMUSG00000031489-P,Cycloheptanol,-0.8660254037844387,0.3333333333333332,3,-1.0,0.0,3,-0.6667366910003157,0.1480897994403528,6,-0.8677370138446145,0.0002542278566044,12,True,-,0.0111616659716165
ENSMUSG00000031489-P,L-(+)-Threose,,,0,,,0,-1.0,0.0,3,-1.0,0.0,3,True,-,0.0
ENSMUSG00000035093-P,"1,2-Cyclohexanediol, (Z)",,,0,-0.5,0.6666666666666666,3,-0.753702346348183,0.0835232813732598,6,-0.7836011218345129,0.0043229900186627,11,True,-,0.1567046381851812
ENSMUSG00000035093-P,"13-Docosenamide, (Z)",,,0,,,0,1.0,0.0,3,1.0,0.0,3,True,+,0.0
ENSMUSG00000035093-P,2-Norbornanemethanol,,,0,,,0,,,0,1.0,0.0,3,True,+,0.0
ENSMUSG00000035093-P,"3-Hydroxy-7,3',4',5'-tetramethoxyflavone",,,0,,,0,,,0,1.0,0.0,3,True,+,0.0
ENSMUSG00000035093-P,cis-2-Decenoic acid,,,0,,,0,,,0,-1.0,0.0,3,True,-,0.0
ENSMUSG00000035093-P,Isosorbide,1.0,0.0,3,,,0,,,0,1.0,0.0,3,True,+,0.0
ENSMUSG00000032306-P,2-Norbornanemethanol,,,0,,,0,,,0,-1.0,0.0,3,True,-,0.0
ENSMUSG00000032306-P,3-(4-Methoxyphenyl)coumarin,,,0,,,0,1.0,0.0,3,1.0,0.0,4,True,+,0.0
ENSMUSG00000032306-P,"3-Hydroxy-7,3',4',5'-tetramethoxyflavone",,,0,,,0,,,0,1.0,0.0,3,True,+,0.0
ENSMUSG00000032306-P,Isosorbide,1.0,0.0,3,,,0,,,0,1.0,0.0,3,True,+,0.0
ENSMUSG00000032306-P,L-(+)-Threose,,,0,,,0,-1.0,0.0,3,-1.0,0.0,3,True,-,0.0
ENSMUSG00000032306-P,Octadecanoic acid,,,0,,,0,,,0,1.0,0.0,3,True,+,0.0
ENSMUSG00000032306-P,Supraene,,,0,,,0,-0.7,0.1881204043741873,5,-0.8833333333333333,0.0015905004234978,9,True,-,0.0645907013577512
ENSMUSG00000043535-P,"1,2-Bis(trimethylsiloxy)cyclohexene",,,0,,,0,,,0,1.0,0.0,3,True,+,0.0
ENSMUSG00000043535-P,"2,5-Dimethoxyphenol",1.0,0.0,3,-0.5,0.6666666666666666,3,0.8857142857142858,0.0188454810495626,6,0.8601398601398602,0.0003316683391269,12,True,+,0.0144523008920071
ENSMUSG00000043535-P,2-Aminoquinolin-8-ol,,,0,,,0,,,0,1.0,0.0,3,True,+,0.0
ENSMUSG00000043535-P,"3-(4,7-Dimethoxy-2H-1,3-benzodioxol-5-yl)-2-methylprop-2-enal",0.5,0.6666666666666666,3,-0.5,0.6666666666666666,3,0.7142857142857143,0.1107871720116617,6,0.7762237762237763,0.0029928636801859,12,True,+,0.1136263097655619
ENSMUSG00000043535-P,"3,4-Dihydroxybenzaldehyde",-1.0,0.0,3,,,0,,,0,-1.0,0.0,3,True,-,0.0
ENSMUSG00000043535-P,"3-Hydroxy-7,3',4',5'-tetramethoxyflavone",,,0,,,0,,,0,1.0,0.0,3,True,+,0.0
ENSMUSG00000043535-P,"5-Ethyl-1,3-dioxane-5-methanol, tert-butyldimethylsilyl ether",-0.5,0.6666666666666666,3,,,0,-0.7999999999999999,0.2000000000000001,4,-0.8833333333333333,0.0015905004234978,9,True,-,0.0645907013577512
ENSMUSG00000043535-P,6-Nitroveratryl alcohol,,,0,,,0,1.0,0.0,3,1.0,1.4042654220543602e-24,5,True,+,6.303055151107153e-23
ENSMUSG00000043535-P,"Benzoic acid, methyl ester",1.0,0.0,3,0.5,0.6666666666666666,3,0.7714285714285715,0.0723965014577259,6,0.8251748251748254,0.0009513628555555,12,True,+,0.0397714595917899
ENSMUSG00000043535-P,cis-2-Decenoic acid,,,0,,,0,,,0,-1.0,0.0,3,True,-,0.0
ENSMUSG00000043535-P,Diethylamine,1.0,0.0,3,0.5,0.6666666666666666,3,0.8116794499134279,0.0498575851013403,6,0.8371291296643238,0.0006820012896813,12,True,+,0.0290041419633647
ENSMUSG00000043535-P,Glabridin,,,0,,,0,,,0,1.0,0.0,4,True,+,0.0
ENSMUSG00000043535-P,L-(+)-Threose,,,0,,,0,1.0,0.0,3,1.0,0.0,3,True,+,0.0
ENSMUSG00000043535-P,Mevalonolactone,1.0,0.0,3,0.8660254037844387,0.3333333333333332,3,0.5428571428571429,0.2657026239067054,6,0.7740817475138726,0.0031266563739204,12,True,+,0.1179425135885409
ENSMUSG00000043535-P,Octadecanoic acid,,,0,,,0,,,0,-1.0,0.0,3,True,-,0.0
ENSMUSG00000043535-P,Phenol,1.0,0.0,3,0.5,0.6666666666666666,3,1.0,1.4042654220543602e-24,5,0.8090909090909091,0.0025585801997139,11,True,+,0.0986327946362033
ENSMUSG00000043535-P,Spiroxamine,,,0,,,0,0.8999999999999998,0.0373860734684987,5,0.8666666666666667,0.0024953982859902,9,True,+,0.0972195632807742
ENSMUSG00000025869-P,"(2,5-Dimethoxyphenyl)acetone",-1.0,0.0,3,-1.0,0.0,3,-0.942857142857143,0.004804664723032,6,-0.8111888111888113,0.0013633152527271,12,True,-,0.0558531546872157
ENSMUSG00000025869-P,2-Norbornanemethanol,,,0,,,0,,,0,1.0,0.0,3,True,+,0.0
ENSMUSG00000025869-P,"3,4-Dihydroxybenzaldehyde",1.0,0.0,3,,,0,,,0,1.0,0.0,3,True,+,0.0
ENSMUSG00000025869-P,7-Hydroxy-4-(methoxymethyl)coumarin,,,0,,,0,-1.0,0.0,3,-1.0,0.0,4,True,-,0.0
ENSMUSG00000025869-P,cis-2-Decenoic acid,,,0,,,0,,,0,1.0,0.0,3,True,+,0.0
ENSMUSG00000025869-P,Octanoic acid,,,0,,,0,-0.7999999999999999,0.2000000000000001,4,-0.942857142857143,0.004804664723032,6,True,-,0.1679020985499759
ENSMUSG00000007613-P,"1,2-Bis(trimethylsiloxy)cyclohexene",,,0,,,0,,,0,-1.0,0.0,3,True,-,0.0
ENSMUSG00000007613-P,"13-Docosenamide, (Z)",,,0,,,0,1.0,0.0,3,1.0,0.0,3,True,+,0.0
ENSMUSG00000007613-P,"2,5-Dimethoxybenzonitrile",1.0,0.0,3,1.0,0.0,3,0.8285714285714287,0.0415626822157433,6,0.8041958041958043,0.0016147689860699,12,True,+,0.0653602928999312
ENSMUSG00000007613-P,"2',5'-Dimethoxypropiophenone",0.5,0.6666666666666666,3,0.5,0.6666666666666666,3,0.8285714285714287,0.0415626822157433,6,0.7832167832167832,0.0025862148333625,12,True,+,0.099459548551953
ENSMUSG00000007613-P,"3,4-Dihydroxybenzaldehyde",-1.0,0.0,3,,,0,,,0,-1.0,0.0,3,True,-,0.0
ENSMUSG00000007613-P,"6-Methoxy-1-methyl-1,2,3,4-tetrahydroisoquinolin-7-ol ",,,0,,,0,0.7999999999999999,0.2000000000000001,4,0.9285714285714288,0.0025194724037946,7,True,+,0.097376722909516
ENSMUSG00000007613-P,Cyclooctylamine,1.0,0.0,3,1.0,0.0,3,0.6571428571428573,0.1561749271137024,6,0.7622377622377624,0.0039504489725426,12,True,+,0.1444028705953552
ENSMUSG00000007613-P,Guanosine,,,0,-1.0,0.0,3,-1.0,0.0,4,-0.9523809523809524,0.0002604000243872,8,True,-,0.0114086771011661
ENSMUSG00000007613-P,"Naringenin 4',7-dimethylether",,,0,1.0,0.0,3,0.8207826816681233,0.0885870053135438,5,0.8622909085775464,0.005872990672297,8,True,+,0.1975056608835884
ENSMUSG00000049571-P,"1,2-Bis(trimethylsiloxy)cyclohexene",,,0,,,0,,,0,-1.0,0.0,3,True,-,0.0
ENSMUSG00000049571-P,2-Aminoquinolin-8-ol,,,0,,,0,,,0,1.0,0.0,3,True,+,0.0
ENSMUSG00000049571-P,"3,3-Dimethylacrylic acid",,,0,,,0,,,0,-1.0,0.0,4,True,-,0.0
ENSMUSG00000049571-P,"3,4-Dihydroxybenzaldehyde",-1.0,0.0,3,,,0,,,0,-1.0,0.0,3,True,-,0.0
ENSMUSG00000049571-P,cis-2-Decenoic acid,,,0,,,0,,,0,-1.0,0.0,3,True,-,0.0
ENSMUSG00000049571-P,Glabridin,,,0,,,0,,,0,1.0,0.0,4,True,+,0.0
ENSMUSG00000049571-P,L-(+)-Threose,,,0,,,0,1.0,0.0,3,1.0,0.0,3,True,+,0.0
ENSMUSG00000049571-P,"l-Leucine, n-butoxycarbonyl-N-methyl-, hexadecyl ester",,,0,,,0,,,0,1.0,0.0,4,True,+,0.0
ENSMUSG00000049571-P,L-Val-L-Leu,,,0,,,0,-1.0,0.0,3,-1.0,0.0,3,True,-,0.0
ENSMUSG00000049571-P,Tyr-Val,,,0,,,0,,,0,1.0,0.0,3,True,+,0.0
ENSMUSG00000018983-P,"2,4-Dimethoxybenzaldoxime",,,0,,,0,,,0,-1.0,0.0,3,True,-,0.0
ENSMUSG00000018983-P,2-Aminoquinolin-8-ol,,,0,,,0,,,0,1.0,0.0,3,True,+,0.0
ENSMUSG00000018983-P,"3,4-Dihydroxybenzaldehyde",-1.0,0.0,3,,,0,,,0,-1.0,0.0,3,True,-,0.0
ENSMUSG00000018983-P,Benzeneacetic acid,,,0,,,0,1.0,0.0,3,1.0,1.4042654220543602e-24,5,True,+,6.303055151107153e-23
ENSMUSG00000018983-P,cis-2-Decenoic acid,,,0,,,0,,,0,-1.0,0.0,3,True,-,0.0
ENSMUSG00000018983-P,Glabridin,,,0,,,0,,,0,1.0,0.0,4,True,+,0.0
ENSMUSG00000018983-P,L-Val-L-Leu,,,0,,,0,1.0,0.0,3,1.0,0.0,3,True,+,0.0
ENSMUSG00000018983-P,m-Toluic acid,0.5,0.6666666666666666,3,1.0,0.0,3,0.7247137945655605,0.1032428046237076,6,0.7740817475138726,0.0031266563739204,12,True,+,0.1179425135885409
ENSMUSG00000024870-P,"1,2-Bis(trimethylsiloxy)cyclohexene",,,0,,,0,,,0,1.0,0.0,3,True,+,0.0
ENSMUSG00000024870-P,"2-Allyl-1,4-dimethoxybenzene",1.0,0.0,3,0.8660254037844387,0.3333333333333332,3,0.942857142857143,0.004804664723032,6,0.8896686147896997,0.0001067002478779,12,True,+,0.0047313136230068
ENSMUSG00000024870-P,2-Aminoquinolin-8-ol,,,0,,,0,,,0,-1.0,0.0,3,True,-,0.0
ENSMUSG00000024870-P,2-Norbornanemethanol,,,0,,,0,,,0,-1.0,0.0,3,True,-,0.0
ENSMUSG00000024870-P,"3,4-Dihydroxybenzaldehyde",1.0,0.0,3,,,0,,,0,1.0,0.0,3,True,+,0.0
ENSMUSG00000024870-P,Benzyl alcohol,0.5,0.6666666666666666,3,1.0,0.0,3,0.7142857142857143,0.1107871720116617,6,0.7412587412587414,0.0058011504744782,12,True,+,0.1955303081363889
ENSMUSG00000024870-P,Dodecanoic acid,0.5,0.6666666666666666,3,1.0,0.0,3,0.8285714285714287,0.0415626822157433,6,0.7692307692307694,0.0034464502618274,12,True,+,0.1288426047067842
ENSMUSG00000024870-P,Formamide,0.5,0.6666666666666666,3,1.0,0.0,3,0.7247137945655605,0.1032428046237076,6,0.8056054385890983,0.0015614291109292,12,True,+,0.0635459677517621
ENSMUSG00000024870-P,Hexanoic acid,0.5,0.6666666666666666,3,1.0,0.0,3,0.9856107606091624,0.0003090856678496,6,0.9141870411815418,3.1685945855277265e-05,12,True,+,0.0014173542125886
ENSMUSG00000024870-P,L-Val-L-Leu,,,0,,,0,1.0,0.0,3,1.0,0.0,3,True,+,0.0
ENSMUSG00000024870-P,N-Acetylaspartic acid,1.0,0.0,3,1.0,0.0,3,0.8999999999999998,0.0373860734684987,5,0.8090909090909091,0.0025585801997139,11,True,+,0.0986327946362033
ENSMUSG00000024870-P,Pentanoic acid,1.0,0.0,3,1.0,0.0,3,0.7714285714285715,0.0723965014577259,6,0.7762237762237763,0.0029928636801859,12,True,+,0.1136263097655619
ENSMUSG00000024870-P,Tyr-Val,,,0,,,0,,,0,-1.0,0.0,3,True,-,0.0
ENSMUSG00000024870-P,Urea,1.0,0.0,3,0.5,0.6666666666666666,3,0.6667366910003157,0.1480897994403528,6,0.8196159679558652,0.0011015500296681,12,True,+,0.0456753052587522
ENSMUSG00000043487-P,"1,2-Bis(trimethylsiloxy)cyclohexene",,,0,,,0,,,0,-1.0,0.0,3,True,-,0.0
ENSMUSG00000043487-P,"1,2-Cinnolinedicarboxylic acid, 1,2,3,5,6,7,8,8a-octahydro-4-trimethylsilyloxy-, diethyl ester",,,0,,,0,,,0,1.0,0.0,3,True,+,0.0
ENSMUSG00000043487-P,"13-Docosenamide, (Z)",,,0,,,0,1.0,0.0,3,1.0,0.0,3,True,+,0.0
ENSMUSG00000043487-P,"1-Pentene, 1,3-diphenyl-1-(trimethylsilyloxy)-",,,0,,,0,,,0,-1.0,0.0,4,True,-,0.0
ENSMUSG00000043487-P,2-Aminoquinolin-8-ol,,,0,,,0,,,0,1.0,0.0,3,True,+,0.0
ENSMUSG00000043487-P,2-Norbornanemethanol,,,0,,,0,,,0,1.0,0.0,3,True,+,0.0
ENSMUSG00000043487-P,L-(+)-Threose,,,0,,,0,1.0,0.0,3,1.0,0.0,3,True,+,0.0
ENSMUSG00000043487-P,"l-Leucine, n-butoxycarbonyl-N-methyl-, hexadecyl ester",,,0,,,0,,,0,1.0,0.0,4,True,+,0.0
ENSMUSG00000017831-P,2-Norbornanemethanol,,,0,,,0,,,0,-1.0,0.0,3,True,-,0.0
ENSMUSG00000017831-P,6-Nitroveratryl alcohol,,,0,,,0,1.0,0.0,3,1.0,1.4042654220543602e-24,5,True,+,6.303055151107153e-23
ENSMUSG00000017831-P,"Cyclohexanone, 3,3,5-trimethyl",0.5,0.6666666666666666,3,1.0,0.0,3,0.8999999999999998,0.0373860734684987,5,0.779045301358731,0.0047143205511965,11,True,+,0.1679020985499759
ENSMUSG00000017831-P,Glabridin,,,0,,,0,,,0,1.0,0.0,4,True,+,0.0
ENSMUSG00000017831-P,Isosorbide,1.0,0.0,3,,,0,,,0,1.0,0.0,3,True,+,0.0
ENSMUSG00000017831-P,L-Val-L-Leu,,,0,,,0,1.0,0.0,3,1.0,0.0,3,True,+,0.0
ENSMUSG00000017831-P,"N-[(3,4,5-Trimethoxyphenyl)methylidene]hydroxylamine",,,0,,,0,1.0,0.0,3,1.0,0.0,3,True,+,0.0
ENSMUSG00000017831-P,Tyr-Val,,,0,,,0,,,0,-1.0,0.0,3,True,-,0.0
ENSMUSG00000024947-P,"13-Docosenamide, (Z)",,,0,,,0,-1.0,0.0,3,-1.0,0.0,3,True,-,0.0
ENSMUSG00000024947-P,"4,5-Dihydro-1H-pyrazole",,,0,,,0,,,0,1.0,0.0,4,True,+,0.0
ENSMUSG00000024947-P,6-Methyluracil,0.5,0.6666666666666666,3,0.5,0.6666666666666666,3,0.6377481392176932,0.1730711102412598,6,0.7530659534637223,0.0046938930486737,12,True,+,0.1673621183600482
ENSMUSG00000024947-P,"Hymexazole, tert-butyldimethylsilyl ether",0.5,0.6666666666666666,3,0.5,0.6666666666666666,3,0.6,0.208,6,0.8181818181818183,0.001143105086804,12,True,+,0.0472483435878986
ENSMUSG00000024947-P,Tyr-Val,,,0,,,0,,,0,-1.0,0.0,3,True,-,0.0
ENSMUSG00000025478-P,"13-Docosenamide, (Z)",,,0,,,0,-1.0,0.0,3,-1.0,0.0,3,True,-,0.0
ENSMUSG00000025478-P,"3-Hydroxy-7,3',4',5'-tetramethoxyflavone",,,0,,,0,,,0,-1.0,0.0,3,True,-,0.0
ENSMUSG00000025478-P,cis-2-Decenoic acid,,,0,,,0,,,0,1.0,0.0,3,True,+,0.0
ENSMUSG00000025478-P,Isosorbide,-1.0,0.0,3,,,0,,,0,-1.0,0.0,3,True,-,0.0
ENSMUSG00000028032-P,"2-Methylcyclohexylamine, tert.-butyldimethylsilyl ether",,,0,,,0,1.0,0.0,4,0.942857142857143,0.004804664723032,6,True,+,0.1679020985499759
ENSMUSG00000028032-P,2-Norbornanemethanol,,,0,,,0,,,0,1.0,0.0,3,True,+,0.0
ENSMUSG00000028032-P,"3-Hydroxy-7,3',4',5'-tetramethoxyflavone",,,0,,,0,,,0,-1.0,0.0,3,True,-,0.0
ENSMUSG00000028032-P,Isosorbide,-1.0,0.0,3,,,0,,,0,-1.0,0.0,3,True,-,0.0
ENSMUSG00000028032-P,L-(+)-Threose,,,0,,,0,1.0,0.0,3,1.0,0.0,3,True,+,0.0
ENSMUSG00000028032-P,L-Val-L-Leu,,,0,,,0,-1.0,0.0,3,-1.0,0.0,3,True,-,0.0
ENSMUSG00000029772-P,"1,2-Bis(trimethylsiloxy)cyclohexene",,,0,,,0,,,0,1.0,0.0,3,True,+,0.0
ENSMUSG00000029772-P,"13-Docosenamide, (Z)",,,0,,,0,1.0,0.0,3,1.0,0.0,3,True,+,0.0
ENSMUSG00000029772-P,"2,5-Dimethoxyphenol",0.5,0.6666666666666666,3,0.5,0.6666666666666666,3,0.942857142857143,0.004804664723032,6,0.8251748251748254,0.0009513628555555,12,True,+,0.0397714595917899
ENSMUSG00000029772-P,2-Aminoquinolin-8-ol,,,0,,,0,,,0,1.0,0.0,3,True,+,0.0
ENSMUSG00000029772-P,2-Norbornanemethanol,,,0,,,0,,,0,1.0,0.0,3,True,+,0.0
ENSMUSG00000029772-P,"3-(4,7-Dimethoxy-2H-1,3-benzodioxol-5-yl)-2-methylprop-2-enal",1.0,0.0,3,0.5,0.6666666666666666,3,0.6571428571428573,0.1561749271137024,6,0.8461538461538463,0.000521133700481,12,True,+,0.0223584549031827
ENSMUSG00000029772-P,"3-Hydroxy-7,3',4',5'-tetramethoxyflavone",,,0,,,0,,,0,1.0,0.0,3,True,+,0.0
ENSMUSG00000029772-P,cis-2-Decenoic acid,,,0,,,0,,,0,-1.0,0.0,3,True,-,0.0
ENSMUSG00000029772-P,Glabridin,,,0,,,0,,,0,1.0,0.0,4,True,+,0.0
ENSMUSG00000029772-P,Isosorbide,1.0,0.0,3,,,0,,,0,1.0,0.0,3,True,+,0.0
ENSMUSG00000029772-P,L-(+)-Threose,,,0,,,0,1.0,0.0,3,1.0,0.0,3,True,+,0.0
ENSMUSG00000029772-P,L-Val-L-Leu,,,0,,,0,-1.0,0.0,3,-1.0,0.0,3,True,-,0.0
ENSMUSG00000029772-P,Mevalonolactone,0.5,0.6666666666666666,3,0.8660254037844387,0.3333333333333332,3,0.8285714285714287,0.0415626822157433,6,0.847637026689399,0.000497797379436,12,True,+,0.0214320594393896
ENSMUSG00000029772-P,Spiroxamine,,,0,,,0,0.8999999999999998,0.0373860734684987,5,0.9166666666666666,0.0005066190663052,9,True,+,0.0217759694947147
ENSMUSG00000029772-P,Tyr-Val,,,0,,,0,,,0,-1.0,0.0,3,True,-,0.0
ENSMUSG00000075704-P,2-Norbornanemethanol,,,0,,,0,,,0,-1.0,0.0,3,True,-,0.0
ENSMUSG00000075704-P,cis-2-Decenoic acid,,,0,,,0,,,0,-1.0,0.0,3,True,-,0.0
ENSMUSG00000075704-P,Isosorbide,-1.0,0.0,3,,,0,,,0,-1.0,0.0,3,True,-,0.0
ENSMUSG00000075704-P,L-(+)-Threose,,,0,,,0,-1.0,0.0,3,-1.0,0.0,3,True,-,0.0
ENSMUSG00000075704-P,L-Val-L-Leu,,,0,,,0,1.0,0.0,3,1.0,0.0,3,True,+,0.0
ENSMUSG00000075704-P,"N-[(3,4,5-Trimethoxyphenyl)methylidene]hydroxylamine",,,0,,,0,-1.0,0.0,3,-1.0,0.0,3,True,-,0.0
ENSMUSG00000075704-P,N-Isobutyrylglycine,1.0,0.0,3,1.0,0.0,3,0.8116794499134279,0.0498575851013403,6,0.7705791151721809,0.0033551786239375,12,True,+,0.1259035599291489
ENSMUSG00000075704-P,Tyr-Val,,,0,,,0,,,0,1.0,0.0,3,True,+,0.0
ENSMUSG00000028599-P,"1,2-Bis(trimethylsiloxy)cyclohexene",,,0,,,0,,,0,-1.0,0.0,3,True,-,0.0
ENSMUSG00000028599-P,2-Aminoquinolin-8-ol,,,0,,,0,,,0,-1.0,0.0,3,True,-,0.0
ENSMUSG00000028599-P,Chlorobenzilate ,,,0,,,0,,,0,-1.0,0.0,4,True,-,0.0
ENSMUSG00000028599-P,"l-Leucine, n-butoxycarbonyl-N-methyl-, hexadecyl ester",,,0,,,0,,,0,1.0,0.0,4,True,+,0.0
ENSMUSG00000028599-P,"N-[(3,4,5-Trimethoxyphenyl)methylidene]hydroxylamine",,,0,,,0,-1.0,0.0,3,-1.0,0.0,3,True,-,0.0
ENSMUSG00000028599-P,Tyr-Val,,,0,,,0,,,0,1.0,0.0,3,True,+,0.0
ENSMUSG00000059820-P,"13-Docosenamide, (Z)",,,0,,,0,1.0,0.0,3,1.0,0.0,3,True,+,0.0
ENSMUSG00000059820-P,2-Aminoquinolin-8-ol,,,0,,,0,,,0,1.0,0.0,3,True,+,0.0
ENSMUSG00000059820-P,"4-[2-(4,7-Dimethoxy-2H-1,3-benzodioxol-5-yl)ethenyl]-2-methoxyphenol",-0.5,0.6666666666666666,3,-1.0,0.0,3,-0.4928053803045811,0.3206325828658274,6,-0.7635738504887974,0.0038500936565595,12,True,-,0.1414605165627303
ENSMUSG00000059820-P,cis-2-Decenoic acid,,,0,,,0,,,0,-1.0,0.0,3,True,-,0.0
ENSMUSG00000085776-P,"1,2-Bis(trimethylsiloxy)cyclohexene",,,0,,,0,,,0,1.0,0.0,3,True,+,0.0
ENSMUSG00000085776-P,4-tert-Butyldimethylsiloxy-3-penten-2-one,,,0,,,0,-1.0,0.0,4,-1.0,0.0,4,True,-,0.0
ENSMUSG00000085776-P,Acetic acid,0.5000000000000001,0.6666666666666666,3,,,3,0.5246313898711126,0.2852521874184507,6,0.7612387865913264,0.0040267693808617,12,True,+,0.1469355910648347
ENSMUSG00000085776-P,"N-[(3,4,5-Trimethoxyphenyl)methylidene]hydroxylamine",,,0,,,0,-1.0,0.0,3,-1.0,0.0,3,True,-,0.0
ENSMUSG00000085776-P,tert-butyl(dimethyl)silyl-2-([tert-butyl(dimethyl)silyl]oxy)hex-2-enoate,,,0,,,0,1.0,0.0,4,1.0,0.0,4,True,+,0.0
ENSMUSG00000085776-P,Tyr-Val,,,0,,,0,,,0,-1.0,0.0,3,True,-,0.0
ENSMUSG00000022426-P,"1,2-Bis(trimethylsiloxy)cyclohexene",,,0,,,0,,,0,1.0,0.0,3,True,+,0.0
ENSMUSG00000022426-P,"13-Docosenamide, (Z)",,,0,,,0,-1.0,0.0,3,-1.0,0.0,3,True,-,0.0
ENSMUSG00000022426-P,2-Aminoquinolin-8-ol,,,0,,,0,,,0,-1.0,0.0,3,True,-,0.0
ENSMUSG00000022426-P,"3,4-Dihydroxybenzaldehyde",1.0,0.0,3,,,0,,,0,1.0,0.0,3,True,+,0.0
ENSMUSG00000022426-P,4-tert-Butyldimethylsiloxy-3-penten-2-one,,,0,,,0,1.0,0.0,4,1.0,0.0,4,True,+,0.0
ENSMUSG00000022426-P,cis-2-Decenoic acid,,,0,,,0,,,0,1.0,0.0,3,True,+,0.0
ENSMUSG00000022426-P,Formamide,0.5,0.6666666666666666,3,1.0,0.0,3,0.7247137945655605,0.1032428046237076,6,0.7740817475138726,0.0031266563739204,12,True,+,0.1179425135885409
ENSMUSG00000022426-P,L-Val-L-Leu,,,0,,,0,1.0,0.0,3,1.0,0.0,3,True,+,0.0
ENSMUSG00000022426-P,Octanoic acid,,,0,,,0,0.7999999999999999,0.2000000000000001,4,0.942857142857143,0.004804664723032,6,True,+,0.1679020985499759
ENSMUSG00000022426-P,Tyr-Val,,,0,,,0,,,0,-1.0,0.0,3,True,-,0.0
ENSMUSG00000022426-P,Urea,1.0,0.0,3,0.5,0.6666666666666666,3,0.753702346348183,0.0835232813732598,6,0.7705791151721809,0.0033551786239375,12,True,+,0.1259035599291489
ENSMUSG00000011831-P,"1,2-Cinnolinedicarboxylic acid, 1,2,3,5,6,7,8,8a-octahydro-4-trimethylsilyloxy-, diethyl ester",,,0,,,0,,,0,-1.0,0.0,3,True,-,0.0
ENSMUSG00000011831-P,2-Aminoquinolin-8-ol,,,0,,,0,,,0,1.0,0.0,3,True,+,0.0
ENSMUSG00000011831-P,"3-Hydroxy-7,3',4',5'-tetramethoxyflavone",,,0,,,0,,,0,1.0,0.0,3,True,+,0.0
ENSMUSG00000011831-P,"4,5-Dihydro-1H-pyrazole",,,0,,,0,,,0,1.0,0.0,4,True,+,0.0
ENSMUSG00000011831-P,"5-Ethyl-1,3-dioxane-5-methanol, tert-butyldimethylsilyl ether",-1.0,0.0,3,,,0,-0.3999999999999999,0.6,4,-0.8666666666666667,0.0024953982859902,9,True,-,0.0972195632807742
ENSMUSG00000011831-P,"Benzoic acid, methyl ester",0.5,0.6666666666666666,3,0.5,0.6666666666666666,3,1.0,0.0,6,0.9020979020979022,5.997857446537692e-05,12,True,+,0.0026749035963278
ENSMUSG00000011831-P,cis-2-Decenoic acid,,,0,,,0,,,0,-1.0,0.0,3,True,-,0.0
ENSMUSG00000011831-P,Glabridin,,,0,,,0,,,0,1.0,0.0,4,True,+,0.0
ENSMUSG00000011831-P,Isosorbide,1.0,0.0,3,,,0,,,0,1.0,0.0,3,True,+,0.0
ENSMUSG00000011831-P,L-(+)-Threose,,,0,,,0,1.0,0.0,3,1.0,0.0,3,True,+,0.0
ENSMUSG00000011831-P,Tyr-Val,,,0,,,0,,,0,-1.0,0.0,3,True,-,0.0
ENSMUSG00000064246-P,2-Aminoquinolin-8-ol,,,0,,,0,,,0,1.0,0.0,3,True,+,0.0
ENSMUSG00000064246-P,cis-2-Decenoic acid,,,0,,,0,,,0,-1.0,0.0,3,True,-,0.0
ENSMUSG00000064246-P,Cyclobutylamine,-0.5,0.6666666666666666,3,1.0,0.0,3,0.753702346348183,0.0835232813732598,6,0.8441343943477072,0.0005542616819347,12,True,+,0.0237261700109478
ENSMUSG00000064246-P,Picolinic acid,0.0,1.0,3,0.8660254037844387,0.3333333333333332,3,0.6767633692869747,0.1398366873478104,6,0.7887519530284786,0.0022953943176097,12,True,+,0.0900825861610388
ENSMUSG00000064246-P,Salsoline,-1.0,0.0,3,-0.5,0.6666666666666666,3,-0.7999999999999999,0.2000000000000001,4,-0.8545454545454544,0.0016368033159867,10,True,-,0.0661368564769408
ENSMUSG00000064246-P,Tyr-Val,,,0,,,0,,,0,-1.0,0.0,3,True,-,0.0
ENSMUSG00000004085-P,"13-Docosenamide, (Z)",,,0,,,0,1.0,0.0,3,1.0,0.0,3,True,+,0.0
ENSMUSG00000004085-P,"1-Pentene, 1,3-diphenyl-1-(trimethylsilyloxy)-",,,0,,,0,,,0,-1.0,0.0,4,True,-,0.0
ENSMUSG00000004085-P,"5-Chlorovaleric acid, nonyl ester",-0.8660254037844387,0.3333333333333332,3,-1.0,0.0,3,-0.6,0.208,6,-0.7495633211220306,0.0050040491837882,12,True,-,0.1736498981001007
ENSMUSG00000004085-P,Benzenepropanoic acid,0.5,0.6666666666666666,3,1.0,0.0,3,0.8827348295047495,0.019820416588882,6,0.7649169893465294,0.0037511694194951,12,True,+,0.1389661947711536
ENSMUSG00000004085-P,L-Val-L-Leu,,,0,,,0,1.0,0.0,3,1.0,0.0,3,True,+,0.0
ENSMUSG00000004085-P,m-Toluic acid,-1.0,0.0,3,-1.0,0.0,3,-0.753702346348183,0.0835232813732598,6,-0.8861659824480081,0.0001239888771426,12,True,-,0.0054874467253071
ENSMUSG00000042686-P,"1,2-Bis(trimethylsiloxy)cyclohexene",,,0,,,0,,,0,1.0,0.0,3,True,+,0.0
ENSMUSG00000042686-P,"1,2-Cinnolinedicarboxylic acid, 1,2,3,5,6,7,8,8a-octahydro-4-trimethylsilyloxy-, diethyl ester",,,0,,,0,,,0,-1.0,0.0,3,True,-,0.0
ENSMUSG00000042686-P,2-Pentadecanone,0.8660254037844387,0.3333333333333332,3,1.0,0.0,3,0.9411239481143202,0.0050975405648614,6,0.8007366018809912,0.0017515918394628,12,True,+,0.0703803074879533
ENSMUSG00000042686-P,6-Nitroveratryl alcohol,,,0,,,0,1.0,0.0,3,1.0,1.4042654220543602e-24,5,True,+,6.303055151107153e-23
ENSMUSG00000042686-P,6-Oxoheptanoic acid,0.8660254037844387,0.3333333333333332,3,1.0,0.0,3,0.8285714285714287,0.0415626822157433,6,0.7705791151721809,0.0033551786239375,12,True,+,0.1259035599291489
ENSMUSG00000042686-P,7-Hydroxy-4-(methoxymethyl)coumarin,,,0,,,0,1.0,0.0,3,1.0,0.0,4,True,+,0.0
ENSMUSG00000042686-P,"Benzoic acid, methyl ester",-0.5,0.6666666666666666,3,1.0,0.0,3,0.8857142857142858,0.0188454810495626,6,0.7482517482517484,0.005124081698753,12,True,+,0.176962914072306
ENSMUSG00000042686-P,L-Glutamine,0.5,0.6666666666666666,3,1.0,0.0,3,0.8116794499134279,0.0498575851013403,6,0.7670764828304892,0.0035961764453839,12,True,+,0.1340986995490064
ENSMUSG00000042686-P,Tyr-Val,,,0,,,0,,,0,-1.0,0.0,3,True,-,0.0
ENSMUSG00000028626-P,"13-Docosenamide, (Z)",,,0,,,0,1.0,0.0,3,1.0,0.0,3,True,+,0.0
ENSMUSG00000028626-P,2-Norbornanemethanol,,,0,,,0,,,0,-1.0,0.0,3,True,-,0.0
ENSMUSG00000028626-P,"3,3-Dimethylacrylic acid",,,0,,,0,,,0,-1.0,0.0,4,True,-,0.0
ENSMUSG00000028626-P,"4,5-Dihydro-1H-pyrazole",,,0,,,0,,,0,-1.0,0.0,4,True,-,0.0
ENSMUSG00000028626-P,7-Hydroxy-4-(methoxymethyl)coumarin,,,0,,,0,1.0,0.0,3,1.0,0.0,4,True,+,0.0
ENSMUSG00000028626-P,cis-2-Decenoic acid,,,0,,,0,,,0,-1.0,0.0,3,True,-,0.0
ENSMUSG00000028626-P,L-(+)-Threose,,,0,,,0,1.0,0.0,3,1.0,0.0,3,True,+,0.0
ENSMUSG00000028626-P,Salsoline,1.0,0.0,3,1.0,0.0,3,0.7999999999999999,0.2000000000000001,4,0.8666666666666665,0.0011735381801554,10,True,+,0.0484009213110282
ENSMUSG00000028626-P,Sarcosine,,,0,,,0,,,0,0.942857142857143,0.004804664723032,6,True,+,0.1679020985499759
ENSMUSG00000028626-P,Tyr-Val,,,0,,,0,,,0,1.0,0.0,3,True,+,0.0
ENSMUSG00000068196-P,"1-(1-Hydroxybutyl)-2,5-dimethoxybenzene ",,,0,1.0,0.0,3,1.0,0.0,4,0.8666666666666667,0.0024953982859902,9,True,+,0.0972195632807742
ENSMUSG00000068196-P,"1,2-Bis(trimethylsiloxy)cyclohexene",,,0,,,0,,,0,1.0,0.0,3,True,+,0.0
ENSMUSG00000068196-P,"1,2-Cinnolinedicarboxylic acid, 1,2,3,5,6,7,8,8a-octahydro-4-trimethylsilyloxy-, diethyl ester",,,0,,,0,,,0,-1.0,0.0,3,True,-,0.0
ENSMUSG00000068196-P,2-Aminoquinolin-8-ol,,,0,,,0,,,0,1.0,0.0,3,True,+,0.0
ENSMUSG00000068196-P,"3-Hydroxy-7,3',4',5'-tetramethoxyflavone",,,0,,,0,,,0,1.0,0.0,3,True,+,0.0
ENSMUSG00000068196-P,cis-2-Decenoic acid,,,0,,,0,,,0,-1.0,0.0,3,True,-,0.0
ENSMUSG00000068196-P,Glabridin,,,0,,,0,,,0,1.0,0.0,4,True,+,0.0
ENSMUSG00000068196-P,Isosorbide,1.0,0.0,3,,,0,,,0,1.0,0.0,3,True,+,0.0
ENSMUSG00000068196-P,L-Val-L-Leu,,,0,,,0,1.0,0.0,3,1.0,0.0,3,True,+,0.0
ENSMUSG00000068196-P,Picolinic acid,-0.8660254037844387,0.3333333333333332,3,0.0,1.0,3,0.9121593238215744,0.0112350879440594,6,0.7464973841162387,0.0052880195761919,12,True,+,0.1815800018212259
ENSMUSG00000068196-P,Tyr-Val,,,0,,,0,,,0,-1.0,0.0,3,True,-,0.0
ENSMUSG00000030088-P,"3,4-Dihydroxybenzaldehyde",-1.0,0.0,3,,,0,,,0,-1.0,0.0,3,True,-,0.0
ENSMUSG00000030088-P,"4,5-Dihydro-1H-pyrazole",,,0,,,0,,,0,-1.0,0.0,4,True,-,0.0
ENSMUSG00000030088-P,7-Hydroxy-4-(methoxymethyl)coumarin,,,0,,,0,1.0,0.0,3,1.0,0.0,4,True,+,0.0
ENSMUSG00000030088-P,cis-2-Decenoic acid,,,0,,,0,,,0,-1.0,0.0,3,True,-,0.0
ENSMUSG00000030088-P,Glabridin,,,0,,,0,,,0,1.0,0.0,4,True,+,0.0
ENSMUSG00000030088-P,"N-[(3,4,5-Trimethoxyphenyl)methylidene]hydroxylamine",,,0,,,0,1.0,0.0,3,1.0,0.0,3,True,+,0.0
ENSMUSG00000030088-P,Octanoic acid,,,0,,,0,1.0,0.0,4,1.0,0.0,6,True,+,0.0
ENSMUSG00000030088-P,Phenol,1.0,0.0,3,-0.5,0.6666666666666666,3,0.7999999999999999,0.1040880386618278,5,0.8181818181818182,0.0020831448404786,11,True,+,0.0824810087113129
ENSMUSG00000058351-P,2-Norbornanemethanol,,,0,,,0,,,0,1.0,0.0,3,True,+,0.0
ENSMUSG00000058351-P,"3,4-Dihydroxybenzaldehyde",1.0,0.0,3,,,0,,,0,1.0,0.0,3,True,+,0.0
ENSMUSG00000058351-P,Butylmethylamine,-0.5,0.6666666666666666,3,0.8660254037844387,0.3333333333333332,3,0.7714285714285715,0.0723965014577259,6,0.7705791151721809,0.0033551786239375,12,True,+,0.1259035599291489
ENSMUSG00000058351-P,cis-2-Decenoic acid,,,0,,,0,,,0,-1.0,0.0,3,True,-,0.0
ENSMUSG00000058351-P,"l-Norvaline, n-propargyloxycarbonyl-, isohexyl ester",,,0,,,0,1.0,1.4042654220543602e-24,5,0.9285714285714288,0.0008629681828999,8,True,+,0.0362866919169058
ENSMUSG00000058351-P,L-Val-L-Leu,,,0,,,0,-1.0,0.0,3,-1.0,0.0,3,True,-,0.0
ENSMUSG00000058351-P,Mevalonolactone,-1.0,0.0,3,0.0,1.0,3,0.7714285714285715,0.0723965014577259,6,0.7600712181471057,0.0041173803556808,12,True,+,0.149614861133208
ENSMUSG00000058351-P,"N-[(3,4,5-Trimethoxyphenyl)methylidene]hydroxylamine",,,0,,,0,-1.0,0.0,3,-1.0,0.0,3,True,-,0.0
ENSMUSG00000058351-P,Tyr-Val,,,0,,,0,,,0,-1.0,0.0,3,True,-,0.0
ENSMUSG00000007739-P,1-Butanol,,,0,,,0,,,0,0.942857142857143,0.004804664723032,6,True,+,0.1679020985499759
ENSMUSG00000007739-P,2-Aminoquinolin-8-ol,,,0,,,0,,,0,-1.0,0.0,3,True,-,0.0
ENSMUSG00000007739-P,2-Norbornanemethanol,,,0,,,0,,,0,1.0,0.0,3,True,+,0.0
ENSMUSG00000007739-P,"3-Hydroxy-7,3',4',5'-tetramethoxyflavone",,,0,,,0,,,0,-1.0,0.0,3,True,-,0.0
ENSMUSG00000007739-P,Adipoyl-L-carnitine,,,0,,,0,-1.0,0.0,3,-0.942857142857143,0.004804664723032,6,True,-,0.1679020985499759
ENSMUSG00000007739-P,cis-2-Decenoic acid,,,0,,,0,,,0,1.0,0.0,3,True,+,0.0
ENSMUSG00000007739-P,Glycerol,-0.8660254037844387,0.3333333333333332,3,-0.5,0.6666666666666666,3,-0.3714285714285715,0.4684781341107872,6,-0.7915949092223313,0.0021561039619187,12,True,-,0.0851117252603992
ENSMUSG00000007739-P,Hexacosanoic acid,,,0,,,0,-0.3590924232298039,0.5528147466433508,5,-0.8451956828432803,0.0041165974193028,9,True,-,0.149614861133208
ENSMUSG00000007739-P,Isosorbide,-1.0,0.0,3,,,0,,,0,-1.0,0.0,3,True,-,0.0
ENSMUSG00000007739-P,"N-[(3,4,5-Trimethoxyphenyl)methylidene]hydroxylamine",,,0,,,0,1.0,0.0,3,1.0,0.0,3,True,+,0.0
ENSMUSG00000007739-P,Octadecanoic acid,,,0,,,0,,,0,-1.0,0.0,3,True,-,0.0
ENSMUSG00000007739-P,Octanoic acid,,,0,,,0,0.7999999999999999,0.2000000000000001,4,0.942857142857143,0.004804664723032,6,True,+,0.1679020985499759
ENSMUSG00000031590-P,"13-Docosenamide, (Z)",,,0,,,0,1.0,0.0,3,1.0,0.0,3,True,+,0.0
ENSMUSG00000031590-P,"3-Hydroxy-7,3',4',5'-tetramethoxyflavone",,,0,,,0,,,0,1.0,0.0,3,True,+,0.0
ENSMUSG00000031590-P,7-Hydroxy-4-(methoxymethyl)coumarin,,,0,,,0,1.0,0.0,3,1.0,0.0,4,True,+,0.0
ENSMUSG00000031590-P,cis-2-Decenoic acid,,,0,,,0,,,0,-1.0,0.0,3,True,-,0.0
ENSMUSG00000031590-P,Isosorbide,1.0,0.0,3,,,0,,,0,1.0,0.0,3,True,+,0.0
ENSMUSG00000025505-P,"1,2-Bis(trimethylsiloxy)cyclohexene",,,0,,,0,,,0,1.0,0.0,3,True,+,0.0
ENSMUSG00000025505-P,"1-Octanol, 2-butyl-",1.0,0.0,3,-0.5,0.6666666666666666,3,0.7356123579206245,0.0956107807382797,6,0.7403554346427417,0.0058932871405385,12,True,+,0.1979651792836196
ENSMUSG00000025505-P,"2,4-Dimethoxybenzaldoxime",,,0,,,0,,,0,1.0,0.0,3,True,+,0.0
ENSMUSG00000025505-P,"3,4-Dihydroxybenzaldehyde",-1.0,0.0,3,,,0,,,0,-1.0,0.0,3,True,-,0.0
ENSMUSG00000025505-P,"3-Hydroxy-7,3',4',5'-tetramethoxyflavone",,,0,,,0,,,0,1.0,0.0,3,True,+,0.0
ENSMUSG00000025505-P,Glabridin,,,0,,,0,,,0,1.0,0.0,4,True,+,0.0
ENSMUSG00000025505-P,L-(+)-Threose,,,0,,,0,1.0,0.0,3,1.0,0.0,3,True,+,0.0
ENSMUSG00000025505-P,Luciferin,,,0,,,0,,,0,-1.0,0.0,4,True,-,0.0
ENSMUSG00000025505-P,Octadecanoic acid,,,0,,,0,,,0,-1.0,0.0,3,True,-,0.0
ENSMUSG00000025505-P,Phytanic acid,-0.8660254037844387,0.3333333333333332,3,0.5,0.6666666666666666,3,0.7944613465542746,0.0590275999253266,6,0.8435969626135144,0.0005633469248744,12,True,+,0.0241101406151694
ENSMUSG00000039194-P,"1,2-Bis(trimethylsiloxy)cyclohexene",,,0,,,0,,,0,1.0,0.0,3,True,+,0.0
ENSMUSG00000039194-P,2-Aminoquinolin-8-ol,,,0,,,0,,,0,1.0,0.0,3,True,+,0.0
ENSMUSG00000039194-P,"2-Cyclohexen-1-one, 3-methyl-",-0.5,0.6666666666666666,3,1.0,0.0,3,0.8285714285714287,0.0415626822157433,6,0.8181818181818183,0.001143105086804,12,True,+,0.0472483435878986
ENSMUSG00000039194-P,2-Norbornanemethanol,,,0,,,0,,,0,-1.0,0.0,3,True,-,0.0
ENSMUSG00000039194-P,8-Methylnonanoic acid,0.5,0.6666666666666666,3,1.0,0.0,3,0.7826908981308054,0.065703848071589,6,0.8266212326392487,0.0009150112679836,12,True,+,0.0383977614646502
ENSMUSG00000039194-P,cis-2-Decenoic acid,,,0,,,0,,,0,-1.0,0.0,3,True,-,0.0
ENSMUSG00000039194-P,DL-Glyceraldehyde,-0.8660254037844387,0.3333333333333332,3,0.8660254037844387,0.3333333333333332,3,0.8285714285714287,0.0415626822157433,6,0.8070225116958795,0.0015091813858525,12,True,+,0.0615154816152987
ENSMUSG00000039194-P,Glabridin,,,0,,,0,,,0,1.0,0.0,4,True,+,0.0
ENSMUSG00000039194-P,L-(+)-Threose,,,0,,,0,1.0,0.0,3,1.0,0.0,3,True,+,0.0
ENSMUSG00000039194-P,"L-Histidine, N,1-bis(tert-butyldimethylsilyl)-",0.5,0.6666666666666666,3,1.0,0.0,3,0.5797710356524484,0.227783956715016,6,0.8896686147896997,0.0001067002478779,12,True,+,0.0047313136230068
ENSMUSG00000039194-P,Mevalonolactone,-0.5,0.6666666666666666,3,0.8660254037844387,0.3333333333333332,3,0.6571428571428573,0.1561749271137024,6,0.7740817475138726,0.0031266563739204,12,True,+,0.1179425135885409
ENSMUSG00000039194-P,Trimethylolpropane,,,0,,,0,0.8720815992723809,0.0538542177275421,5,0.9221722216732094,0.0011108173578061,8,True,+,0.0460139133108656
ENSMUSG00000039194-P,Tyr-Val,,,0,,,0,,,0,-1.0,0.0,3,True,-,0.0
ENSMUSG00000028863-P,2-Aminoquinolin-8-ol,,,0,,,0,,,0,-1.0,0.0,3,True,-,0.0
ENSMUSG00000028863-P,3-(4-Methoxyphenyl)coumarin,,,0,,,0,-1.0,0.0,3,-1.0,0.0,4,True,-,0.0
ENSMUSG00000028863-P,"4,5-Dihydro-1H-pyrazole",,,0,,,0,,,0,1.0,0.0,4,True,+,0.0
ENSMUSG00000028863-P,Benzenepropanoic acid,0.5,0.6666666666666666,3,1.0,0.0,3,0.6179143806533246,0.1910939016901931,6,0.8210576858123295,0.0010609585778953,12,True,+,0.0440884417791256
ENSMUSG00000028863-P,cis-2-Decenoic acid,,,0,,,0,,,0,1.0,0.0,3,True,+,0.0
ENSMUSG00000028863-P,Isosorbide,-1.0,0.0,3,,,0,,,0,-1.0,0.0,3,True,-,0.0
ENSMUSG00000028863-P,L-Val-L-Leu,,,0,,,0,1.0,0.0,3,1.0,0.0,3,True,+,0.0
ENSMUSG00000028863-P,"N-[(3,4,5-Trimethoxyphenyl)methylidene]hydroxylamine",,,0,,,0,-1.0,0.0,3,-1.0,0.0,3,True,-,0.0
ENSMUSG00000028863-P,Octadecanoic acid,,,0,,,0,,,0,-1.0,0.0,3,True,-,0.0
ENSMUSG00000028863-P,Octanoic acid,,,0,,,0,-1.0,0.0,4,-1.0,0.0,6,True,-,0.0
ENSMUSG00000028863-P,Tyr-Val,,,0,,,0,,,0,1.0,0.0,3,True,+,0.0
ENSMUSG00000002660-P,"1,2-Bis(trimethylsiloxy)cyclohexene",,,0,,,0,,,0,-1.0,0.0,3,True,-,0.0
ENSMUSG00000002660-P,"2,4-Dimethoxybenzaldoxime",,,0,,,0,,,0,1.0,0.0,3,True,+,0.0
ENSMUSG00000002660-P,2-Aminoquinolin-8-ol,,,0,,,0,,,0,-1.0,0.0,3,True,-,0.0
ENSMUSG00000002660-P,"3,3-Dimethylacrylic acid",,,0,,,0,,,0,-1.0,0.0,4,True,-,0.0
ENSMUSG00000002660-P,"3-Hydroxy-7,3',4',5'-tetramethoxyflavone",,,0,,,0,,,0,-1.0,0.0,3,True,-,0.0
ENSMUSG00000002660-P,cis-2-Decenoic acid,,,0,,,0,,,0,1.0,0.0,3,True,+,0.0
ENSMUSG00000002660-P,Glycolic acid,1.0,0.0,3,1.0,0.0,3,0.8116794499134279,0.0498575851013403,6,0.795097541564023,0.0019934857741352,12,True,+,0.0794125677116889
ENSMUSG00000002660-P,Isosorbide,-1.0,0.0,3,,,0,,,0,-1.0,0.0,3,True,-,0.0
ENSMUSG00000048612-P,"13-Docosenamide, (Z)",,,0,,,0,1.0,0.0,3,1.0,0.0,3,True,+,0.0
ENSMUSG00000048612-P,2-Aminoquinolin-8-ol,,,0,,,0,,,0,1.0,0.0,3,True,+,0.0
ENSMUSG00000048612-P,2-Norbornanemethanol,,,0,,,0,,,0,1.0,0.0,3,True,+,0.0
ENSMUSG00000048612-P,"3-Hydroxy-7,3',4',5'-tetramethoxyflavone",,,0,,,0,,,0,1.0,0.0,3,True,+,0.0
ENSMUSG00000048612-P,"5-Ethyl-1,3-dioxane-5-methanol, tert-butyldimethylsilyl ether",-1.0,0.0,3,,,0,-1.0,0.0,4,-0.8333333333333333,0.0052656910291617,9,True,-,0.1809859324943322
ENSMUSG00000048612-P,"6-Methoxy-1-methyl-1,2,3,4-tetrahydroisoquinolin-7-ol ",,,0,,,0,0.7999999999999999,0.2000000000000001,4,0.9285714285714288,0.0025194724037946,7,True,+,0.097376722909516
ENSMUSG00000048612-P,cis-2-Decenoic acid,,,0,,,0,,,0,-1.0,0.0,3,True,-,0.0
ENSMUSG00000048612-P,Isosorbide,1.0,0.0,3,,,0,,,0,1.0,0.0,3,True,+,0.0
ENSMUSG00000048612-P,L-(+)-Threose,,,0,,,0,1.0,0.0,3,1.0,0.0,3,True,+,0.0
ENSMUSG00000005609-P,"1,2-Bis(trimethylsiloxy)cyclohexene",,,0,,,0,,,0,-1.0,0.0,3,True,-,0.0
ENSMUSG00000005609-P,"2,4-Di-tert-butylphenol",-1.0,0.0,3,-1.0,0.0,3,,,0,-0.9285714285714288,0.0025194724037946,7,True,-,0.097376722909516
ENSMUSG00000005609-P,2-Aminoquinolin-8-ol,,,0,,,0,,,0,1.0,0.0,3,True,+,0.0
ENSMUSG00000005609-P,2-Cyanobenzaldehyde,,,0,,,0,0.8999999999999998,0.0373860734684987,5,0.942857142857143,0.004804664723032,6,True,+,0.1679020985499759
ENSMUSG00000005609-P,2-Norbornanemethanol,,,0,,,0,,,0,-1.0,0.0,3,True,-,0.0
ENSMUSG00000005609-P,"3,4-Dihydroxybenzaldehyde",-1.0,0.0,3,,,0,,,0,-1.0,0.0,3,True,-,0.0
ENSMUSG00000005609-P,cis-2-Decenoic acid,,,0,,,0,,,0,-1.0,0.0,3,True,-,0.0
ENSMUSG00000005609-P,L-(+)-Threose,,,0,,,0,-1.0,0.0,3,-1.0,0.0,3,True,-,0.0
ENSMUSG00000005609-P,"l-Leucine, n-butoxycarbonyl-N-methyl-, hexadecyl ester",,,0,,,0,,,0,1.0,0.0,4,True,+,0.0
ENSMUSG00000005609-P,L-Val-L-Leu,,,0,,,0,1.0,0.0,3,1.0,0.0,3,True,+,0.0
ENSMUSG00000005609-P,"N-[(3,4,5-Trimethoxyphenyl)methylidene]hydroxylamine",,,0,,,0,-1.0,0.0,3,-1.0,0.0,3,True,-,0.0
ENSMUSG00000005609-P,Tyr-Val,,,0,,,0,,,0,1.0,0.0,3,True,+,0.0
ENSMUSG00000054720-P,"13-Docosenamide, (Z)",,,0,,,0,1.0,0.0,3,1.0,0.0,3,True,+,0.0
ENSMUSG00000054720-P,"2,4-Dimethoxybenzaldoxime",,,0,,,0,,,0,-1.0,0.0,3,True,-,0.0
ENSMUSG00000054720-P,2-Aminoquinolin-8-ol,,,0,,,0,,,0,1.0,0.0,3,True,+,0.0
ENSMUSG00000054720-P,"2-Methylcyclohexanol, (Z)",-1.0,0.0,3,-0.8660254037844387,0.3333333333333332,3,-0.2029198624783569,0.699797968157019,6,-0.8000049246376544,0.0017816364524602,12,True,-,0.0715462464687746
ENSMUSG00000054720-P,2-Norbornanemethanol,,,0,,,0,,,0,1.0,0.0,3,True,+,0.0
ENSMUSG00000054720-P,"3-Hydroxy-7,3',4',5'-tetramethoxyflavone",,,0,,,0,,,0,1.0,0.0,3,True,+,0.0
ENSMUSG00000054720-P,"4,5-Dihydro-1H-pyrazole",,,0,,,0,,,0,1.0,0.0,4,True,+,0.0
ENSMUSG00000054720-P,"Benzene, 1-ethyl-3,5-dimethyl",,,0,,,0,,,0,1.0,0.0,4,True,+,0.0
ENSMUSG00000054720-P,cis-2-Decenoic acid,,,0,,,0,,,0,-1.0,0.0,3,True,-,0.0
ENSMUSG00000054720-P,Glabridin,,,0,,,0,,,0,1.0,0.0,4,True,+,0.0
ENSMUSG00000054720-P,Glycine,1.0,0.0,3,-0.5,0.6666666666666666,3,-0.8116794499134279,0.0498575851013403,6,-0.7670764828304892,0.0035961764453839,12,True,-,0.1340986995490064
ENSMUSG00000054720-P,Isopropylamine,0.5,0.6666666666666666,3,1.0,0.0,3,0.942857142857143,0.004804664723032,6,0.7412587412587414,0.0058011504744782,12,True,+,0.1955303081363889
ENSMUSG00000054720-P,Isosorbide,1.0,0.0,3,,,0,,,0,1.0,0.0,3,True,+,0.0
ENSMUSG00000054720-P,Lignoceric acid,-1.0,0.0,3,-1.0,0.0,3,-0.753702346348183,0.0835232813732598,6,-0.8231186002975568,0.0010049467838746,12,True,-,0.0418858130905164
ENSMUSG00000054720-P,L-Val-L-Leu,,,0,,,0,-1.0,0.0,3,-1.0,0.0,3,True,-,0.0
ENSMUSG00000054720-P,Octanoic acid,,,0,,,0,-0.7999999999999999,0.2000000000000001,4,-0.942857142857143,0.004804664723032,6,True,-,0.1679020985499759
ENSMUSG00000054720-P,"Phenol, 2,4-bis(1-methyl-1-phenylethyl)-",-0.5,0.6666666666666666,3,-0.5,0.6666666666666666,3,-0.942857142857143,0.004804664723032,6,-0.8601398601398602,0.0003316683391269,12,True,-,0.0144523008920071
ENSMUSG00000031246-P,"13-Docosenamide, (Z)",,,0,,,0,1.0,0.0,3,1.0,0.0,3,True,+,0.0
ENSMUSG00000031246-P,7-Hydroxy-4-(methoxymethyl)coumarin,,,0,,,0,1.0,0.0,3,1.0,0.0,4,True,+,0.0
ENSMUSG00000031246-P,Azelaic acid,1.0,0.0,3,0.5,0.6666666666666666,3,0.5797710356524484,0.227783956715016,6,0.8861659824480081,0.0001239888771426,12,True,+,0.0054874467253071
ENSMUSG00000031246-P,cis-2-Decenoic acid,,,0,,,0,,,0,-1.0,0.0,3,True,-,0.0
ENSMUSG00000031246-P,L-Val-L-Leu,,,0,,,0,1.0,0.0,3,1.0,0.0,3,True,+,0.0
ENSMUSG00000031246-P,Salsoline,-1.0,0.0,3,-0.5,0.6666666666666666,3,0.3999999999999999,0.6,4,-0.8424242424242423,0.0022200312259168,10,True,-,0.0874109733841736
ENSMUSG00000031246-P,Stearic acid,-0.8660254037844387,0.3333333333333332,3,0.5,0.6666666666666666,3,-0.3999999999999999,0.6,4,-0.8206724839680872,0.0036217056383665,10,True,-,0.134935659072806
ENSMUSG00000031246-P,Tyr-Val,,,0,,,0,,,0,-1.0,0.0,3,True,-,0.0
ENSMUSG00000014603-P,"1,2-Bis(trimethylsiloxy)cyclohexene",,,0,,,0,,,0,1.0,0.0,3,True,+,0.0
ENSMUSG00000014603-P,"1,3-Oxazolidine, 2,5-diphenyl-4-methyl-, trans-",-1.0,0.0,3,-0.5,0.6666666666666666,3,-0.7356123579206245,0.0956107807382797,6,-0.7715301897553837,0.003291912267953,12,True,-,0.123876407725335
ENSMUSG00000014603-P,"2,4-Dimethoxybenzaldoxime",,,0,,,0,,,0,1.0,0.0,3,True,+,0.0
ENSMUSG00000014603-P,2-Aminoquinolin-8-ol,,,0,,,0,,,0,-1.0,0.0,3,True,-,0.0
ENSMUSG00000014603-P,"3,4-Dihydroxybenzaldehyde",1.0,0.0,3,,,0,,,0,1.0,0.0,3,True,+,0.0
ENSMUSG00000014603-P,"3-Hydroxy-7,3',4',5'-tetramethoxyflavone",,,0,,,0,,,0,-1.0,0.0,3,True,-,0.0
ENSMUSG00000014603-P,4-tert-Butyldimethylsiloxy-3-penten-2-one,,,0,,,0,-1.0,0.0,4,-1.0,0.0,4,True,-,0.0
ENSMUSG00000014603-P,"Benzoic acid, 2-hydroxy-3-[(2-hydroxy-4-methoxy-6-propylbenzoyl)oxy]-4-methoxy-6-propyl-, methyl ester ",-1.0,0.0,3,-0.5,0.6666666666666666,3,-0.6377481392176932,0.1730711102412598,6,-0.7473684210526317,0.0052061379568977,12,True,-,0.1794408552811292
ENSMUSG00000014603-P,cis-2-Decenoic acid,,,0,,,0,,,0,1.0,0.0,3,True,+,0.0
ENSMUSG00000014603-P,"N-[(3,4,5-Trimethoxyphenyl)methylidene]hydroxylamine",,,0,,,0,-1.0,0.0,3,-1.0,0.0,3,True,-,0.0
ENSMUSG00000014603-P,Propanoic acid,,,0,,,0,-0.6668859288553501,0.2188939813132315,5,-0.8795180722891566,0.0039866940768704,8,True,-,0.1456513132403044
ENSMUSG00000014603-P,tert-butyl(dimethyl)silyl-2-([tert-butyl(dimethyl)silyl]oxy)hex-2-enoate,,,0,,,0,1.0,0.0,4,1.0,0.0,4,True,+,0.0
ENSMUSG00000031838-P,"13-Docosenamide, (Z)",,,0,,,0,-1.0,0.0,3,-1.0,0.0,3,True,-,0.0
ENSMUSG00000031838-P,2-Cyanobenzaldehyde,,,0,,,0,-0.8999999999999998,0.0373860734684987,5,-0.942857142857143,0.004804664723032,6,True,-,0.1679020985499759
ENSMUSG00000031838-P,L-Val-L-Leu,,,0,,,0,-1.0,0.0,3,-1.0,0.0,3,True,-,0.0
ENSMUSG00000031922-P,"13-Docosenamide, (Z)",,,0,,,0,1.0,0.0,3,1.0,0.0,3,True,+,0.0
ENSMUSG00000031922-P,"2,4-Dimethoxybenzaldoxime",,,0,,,0,,,0,1.0,0.0,3,True,+,0.0
ENSMUSG00000031922-P,2-Amino-4-methylbenzophenone,1.0,0.0,3,0.5,0.6666666666666666,3,0.8999999999999998,0.0373860734684987,5,0.8272727272727273,0.0016769738964523,11,True,+,0.0675770348938753
ENSMUSG00000031922-P,2-Aminoquinolin-8-ol,,,0,,,0,,,0,1.0,0.0,3,True,+,0.0
ENSMUSG00000031922-P,"3,4-Dihydroxybenzaldehyde",-1.0,0.0,3,,,0,,,0,-1.0,0.0,3,True,-,0.0
ENSMUSG00000031922-P,"3-Hydroxy-7,3',4',5'-tetramethoxyflavone",,,0,,,0,,,0,1.0,0.0,3,True,+,0.0
ENSMUSG00000031922-P,7-Hydroxy-4-(methoxymethyl)coumarin,,,0,,,0,1.0,0.0,3,1.0,0.0,4,True,+,0.0
ENSMUSG00000031922-P,cis-2-Decenoic acid,,,0,,,0,,,0,-1.0,0.0,3,True,-,0.0
ENSMUSG00000031922-P,L-(+)-Threose,,,0,,,0,1.0,0.0,3,1.0,0.0,3,True,+,0.0
ENSMUSG00000031922-P,L-Ornithine,,,0,,,0,,,0,1.0,0.0,4,True,+,0.0
ENSMUSG00000031922-P,Octadecanoic acid,,,0,,,0,,,0,-1.0,0.0,3,True,-,0.0
ENSMUSG00000031922-P,Tyr-Val,,,0,,,0,,,0,1.0,0.0,3,True,+,0.0
ENSMUSG00000045094-P,"1,2-Bis(trimethylsiloxy)cyclohexene",,,0,,,0,,,0,1.0,0.0,3,True,+,0.0
ENSMUSG00000045094-P,"13-Docosenamide, (Z)",,,0,,,0,-1.0,0.0,3,-1.0,0.0,3,True,-,0.0
ENSMUSG00000045094-P,"2,6-di-tert-Butyl-4-(dimethylaminomethyl)phenol",1.0,0.0,3,,,0,1.0,0.0,4,0.9047619047619048,0.0020082755054294,8,True,+,0.0796373285451544
ENSMUSG00000045094-P,"3,3-Dimethylacrylic acid",,,0,,,0,,,0,1.0,0.0,4,True,+,0.0
ENSMUSG00000045094-P,7-Hydroxy-4-(methoxymethyl)coumarin,,,0,,,0,1.0,0.0,3,1.0,0.0,4,True,+,0.0
ENSMUSG00000045094-P,Guanosine,,,0,1.0,0.0,3,0.7999999999999999,0.2000000000000001,4,0.8742671711966791,0.004512385603651,8,True,+,0.1619683642032021
ENSMUSG00000045094-P,L-Val-L-Leu,,,0,,,0,1.0,0.0,3,1.0,0.0,3,True,+,0.0
ENSMUSG00000047141-P,"1,2-Bis(trimethylsiloxy)cyclohexene",,,0,,,0,,,0,1.0,0.0,3,True,+,0.0
ENSMUSG00000047141-P,"13-Docosenamide, (Z)",,,0,,,0,1.0,0.0,3,1.0,0.0,3,True,+,0.0
ENSMUSG00000047141-P,"1-Pentene, 1,3-diphenyl-1-(trimethylsilyloxy)-",,,0,,,0,,,0,-1.0,0.0,4,True,-,0.0
ENSMUSG00000047141-P,"2,4-Dimethoxybenzaldoxime",,,0,,,0,,,0,1.0,0.0,3,True,+,0.0
ENSMUSG00000047141-P,2-Aminoquinolin-8-ol,,,0,,,0,,,0,1.0,0.0,3,True,+,0.0
ENSMUSG00000047141-P,Aceturic acid,0.5,0.6666666666666666,3,,,0,0.8857142857142858,0.0188454810495626,6,0.9090909090909092,0.0001055933763036,11,True,+,0.0046862107147141
ENSMUSG00000047141-P,Butanedioic acid,0.5,0.6666666666666666,3,1.0,0.0,3,0.6,0.208,6,0.7622377622377624,0.0039504489725426,12,True,+,0.1444028705953552
ENSMUSG00000047141-P,Isosorbide,-1.0,0.0,3,,,0,,,0,-1.0,0.0,3,True,-,0.0
ENSMUSG00000047141-P,L-(+)-Threose,,,0,,,0,1.0,0.0,3,1.0,0.0,3,True,+,0.0
ENSMUSG00000047141-P,L-Val-L-Leu,,,0,,,0,1.0,0.0,3,1.0,0.0,3,True,+,0.0
ENSMUSG00000047141-P,Myristic acid,1.0,0.0,3,0.5,0.6666666666666666,3,0.7944613465542746,0.0590275999253266,6,0.8315840663996671,0.0007983671028551,12,True,+,0.0337673729697458
ENSMUSG00000047141-P,N-Acetyl-L-alanine,1.0,0.0,3,0.5,0.6666666666666666,3,0.8285714285714287,0.0415626822157433,6,0.7622377622377624,0.0039504489725426,12,True,+,0.1444028705953552
ENSMUSG00000047141-P,Octadecanoic acid,,,0,,,0,,,0,-1.0,0.0,3,True,-,0.0
ENSMUSG00000047141-P,Pipecolic acid,1.0,0.0,3,0.8660254037844387,0.3333333333333332,3,0.5428571428571429,0.2657026239067054,6,0.7495633211220306,0.0050040491837882,12,True,+,0.1736498981001007
ENSMUSG00000032288-P,"13-Docosenamide, (Z)",,,0,,,0,-1.0,0.0,3,-1.0,0.0,3,True,-,0.0
ENSMUSG00000032288-P,2-Ethyl-1-butanol,,,0,,,0,-1.0,0.0,3,-1.0,1.4042654220543602e-24,5,True,-,6.303055151107153e-23
ENSMUSG00000032288-P,3-Buten-2-one,-1.0,0.0,3,-1.0,0.0,3,-0.8857142857142858,0.0188454810495626,6,-0.8041958041958043,0.0016147689860699,12,True,-,0.0653602928999312
ENSMUSG00000032288-P,"6,7,4'-Trihydroxyisoflavone",-0.5,0.6666666666666666,3,-1.0,0.0,3,-0.8116794499134279,0.0498575851013403,6,-0.8441343943477072,0.0005542616819347,12,True,-,0.0237261700109478
ENSMUSG00000032288-P,cis-2-Decenoic acid,,,0,,,0,,,0,-1.0,0.0,3,True,-,0.0
ENSMUSG00000032288-P,L-(+)-Threose,,,0,,,0,-1.0,0.0,3,-1.0,0.0,3,True,-,0.0
ENSMUSG00000054717-P,"2,4-Dimethoxybenzaldoxime",,,0,,,0,,,0,-1.0,0.0,3,True,-,0.0
ENSMUSG00000054717-P,2-Norbornanemethanol,,,0,,,0,,,0,1.0,0.0,3,True,+,0.0
ENSMUSG00000054717-P,cis-2-Decenoic acid,,,0,,,0,,,0,1.0,0.0,3,True,+,0.0
ENSMUSG00000054717-P,Diclofenac,,,0,,,0,,,0,-1.0,0.0,4,True,-,0.0
ENSMUSG00000054717-P,Isosorbide,-1.0,0.0,3,,,0,,,0,-1.0,0.0,3,True,-,0.0
ENSMUSG00000054717-P,Lactic acid,1.0,0.0,3,,,0,0.8986451052612952,0.0148886220055803,6,0.8792733518259361,0.0003620063251237,11,True,+,0.0157447130664749
ENSMUSG00000054717-P,"N-[(3,4,5-Trimethoxyphenyl)methylidene]hydroxylamine",,,0,,,0,1.0,0.0,3,1.0,0.0,3,True,+,0.0
ENSMUSG00000054717-P,Octadecanoic acid,,,0,,,0,,,0,-1.0,0.0,3,True,-,0.0
ENSMUSG00000054717-P,Tyr-Val,,,0,,,0,,,0,1.0,0.0,3,True,+,0.0
ENSMUSG00000029438-P,Azelaic acid,1.0,0.0,3,-0.5,0.6666666666666666,3,0.7826908981308054,0.065703848071589,6,0.8371291296643238,0.0006820012896813,12,True,+,0.0290041419633647
ENSMUSG00000029438-P,cis-2-Decenoic acid,,,0,,,0,,,0,-1.0,0.0,3,True,-,0.0
ENSMUSG00000029438-P,"N-[(3,4,5-Trimethoxyphenyl)methylidene]hydroxylamine",,,0,,,0,-1.0,0.0,3,-1.0,0.0,3,True,-,0.0
ENSMUSG00000029438-P,N-Methylacetamide,-0.5,0.6666666666666666,3,0.8660254037844387,0.3333333333333332,3,0.753702346348183,0.0835232813732598,6,0.7649169893465294,0.0037511694194951,12,True,+,0.1389661947711536
ENSMUSG00000029438-P,Salsoline,-1.0,0.0,3,-1.0,0.0,3,-0.7999999999999999,0.2000000000000001,4,-0.9393939393939392,5.48405299851367e-05,10,True,-,0.0024478488218531
ENSMUSG00000029438-P,Tyr-Val,,,0,,,0,,,0,-1.0,0.0,3,True,-,0.0
ENSMUSG00000026895-P,2-Norbornanemethanol,,,0,,,0,,,0,-1.0,0.0,3,True,-,0.0
ENSMUSG00000026895-P,2-Pyrrolidone-5-carboxylic acid,1.0,0.0,3,0.8660254037844387,0.3333333333333332,3,0.7714285714285715,0.0723965014577259,6,0.8126107032724816,0.0013161012937103,12,True,+,0.0540566550634617
ENSMUSG00000026895-P,"3-Hydroxy-7,3',4',5'-tetramethoxyflavone",,,0,,,0,,,0,-1.0,0.0,3,True,-,0.0
ENSMUSG00000026895-P,Glycolic acid,1.0,0.0,3,1.0,0.0,3,0.8116794499134279,0.0498575851013403,6,0.7495633211220306,0.0050040491837882,12,True,+,0.1736498981001007
ENSMUSG00000026895-P,Hypoxanthine,1.0,0.0,3,0.5,0.6666666666666666,3,0.942857142857143,0.004804664723032,6,0.9300699300699302,1.1702227928659685e-05,12,True,+,0.000524241746015
ENSMUSG00000026895-P,Isosorbide,-1.0,0.0,3,,,0,,,0,-1.0,0.0,3,True,-,0.0
ENSMUSG00000026895-P,Octadecanoic acid,,,0,,,0,,,0,-1.0,0.0,3,True,-,0.0
ENSMUSG00000038555-P,1-(Cyclohexylmethyl)-4-piperidinylamine,,,0,,,0,1.0,1.4042654220543602e-24,5,0.9333333333333332,0.0002358998121594,9,True,+,0.0103678811006699
ENSMUSG00000038555-P,"1,2-Bis(trimethylsiloxy)cyclohexene",,,0,,,0,,,0,1.0,0.0,3,True,+,0.0
ENSMUSG00000038555-P,"13-Docosenamide, (Z)",,,0,,,0,-1.0,0.0,3,-1.0,0.0,3,True,-,0.0
ENSMUSG00000038555-P,"3,4-Dihydroxybenzaldehyde",1.0,0.0,3,,,0,,,0,1.0,0.0,3,True,+,0.0
ENSMUSG00000038555-P,Guanosine,,,0,0.5,0.6666666666666666,3,1.0,0.0,4,0.9047619047619048,0.0020082755054294,8,True,+,0.0796373285451544
ENSMUSG00000038555-P,"l-Leucine, n-butoxycarbonyl-N-methyl-, hexadecyl ester",,,0,,,0,,,0,-1.0,0.0,4,True,-,0.0
ENSMUSG00000038555-P,Luciferin,,,0,,,0,,,0,-1.0,0.0,4,True,-,0.0
ENSMUSG00000038555-P,Palmitic Acid,1.0,0.0,3,,,0,1.0,0.0,4,0.9166666666666666,0.0005066190663052,9,True,+,0.0217759694947147
ENSMUSG00000038555-P,Tyr-Val,,,0,,,0,,,0,-1.0,0.0,3,True,-,0.0
ENSMUSG00000035293-P,"1,2-Bis(trimethylsiloxy)cyclohexene",,,0,,,0,,,0,-1.0,0.0,3,True,-,0.0
ENSMUSG00000035293-P,"13-Docosenamide, (Z)",,,0,,,0,1.0,0.0,3,1.0,0.0,3,True,+,0.0
ENSMUSG00000035293-P,"2,4-Imidazolidinedione, 5,5-dimethyl",-1.0,0.0,3,-1.0,0.0,3,-0.8406680016960503,0.0360575728451592,6,-0.7986001739057148,0.0018404248554876,12,True,-,0.0737794261906329
ENSMUSG00000035293-P,2-Aminoquinolin-8-ol,,,0,,,0,,,0,1.0,0.0,3,True,+,0.0
ENSMUSG00000035293-P,"3,4-Dihydroxybenzaldehyde",-1.0,0.0,3,,,0,,,0,-1.0,0.0,3,True,-,0.0
ENSMUSG00000035293-P,6-Methyluracil,-1.0,0.0,3,-1.0,0.0,3,-0.8406680016960503,0.0360575728451592,6,-0.8196159679558652,0.0011015500296681,12,True,-,0.0456753052587522
ENSMUSG00000035293-P,cis-2-Decenoic acid,,,0,,,0,,,0,-1.0,0.0,3,True,-,0.0
ENSMUSG00000035293-P,Crotonic acid,-1.0,0.0,3,-1.0,0.0,3,-0.0910765111078374,0.8637629700202578,6,-0.7535398122682787,0.00465307670103,12,True,-,0.1666176256920665
ENSMUSG00000035293-P,Heptylamine,,,0,-1.0,0.0,3,-0.8999999999999998,0.0373860734684987,5,-0.8499999999999999,0.0037047773275858,9,True,-,0.1377359741682877
ENSMUSG00000035293-P,"Hymexazole, tert-butyldimethylsilyl ether",-1.0,0.0,3,-1.0,0.0,3,-0.7714285714285715,0.0723965014577259,6,-0.7902097902097903,0.0022231354099909,12,True,-,0.0874109733841736
ENSMUSG00000035293-P,"Kojic acid, bis(tert-butyldimethylsilyl) ether",-1.0,0.0,3,-1.0,0.0,3,-0.8857142857142858,0.0188454810495626,6,-0.8251748251748254,0.0009513628555555,12,True,-,0.0397714595917899
ENSMUSG00000035293-P,"l-Leucine, n-butoxycarbonyl-N-methyl-, hexadecyl ester",,,0,,,0,,,0,1.0,0.0,4,True,+,0.0
ENSMUSG00000035293-P,L-Val-L-Leu,,,0,,,0,1.0,0.0,3,1.0,0.0,3,True,+,0.0
ENSMUSG00000035293-P,Methanesulfonic acid,,,0,-1.0,0.0,3,-0.7714285714285715,0.0723965014577259,6,-0.7727272727272727,0.0052994871786438,11,True,-,0.1815800018212259
ENSMUSG00000035293-P,Methylthiouracil,,,0,-1.0,0.0,3,-0.7714285714285715,0.0723965014577259,6,-0.7727272727272727,0.0052994871786438,11,True,-,0.1815800018212259
ENSMUSG00000035293-P,Monocaproin,-1.0,0.0,3,,,0,-1.0,0.0,3,-0.9047619047619048,0.0020082755054294,8,True,-,0.0796373285451544
ENSMUSG00000035293-P,Oleamide,-0.5,0.6666666666666666,3,-1.0,0.0,3,-0.7714285714285715,0.0723965014577259,6,-0.7622377622377624,0.0039504489725426,12,True,-,0.1444028705953552
ENSMUSG00000035293-P,Prostaglandin,,,0,-1.0,0.0,3,,,0,-0.942857142857143,0.004804664723032,6,True,-,0.1679020985499759
ENSMUSG00000035293-P,Tyr-Val,,,0,,,0,,,0,1.0,0.0,3,True,+,0.0
ENSMUSG00000022141-P,2-Aminoquinolin-8-ol,,,0,,,0,,,0,1.0,0.0,3,True,+,0.0
ENSMUSG00000022141-P,"3-Hydroxy-7,3',4',5'-tetramethoxyflavone",,,0,,,0,,,0,1.0,0.0,3,True,+,0.0
ENSMUSG00000022141-P,"4,5-Dihydro-1H-pyrazole",,,0,,,0,,,0,1.0,0.0,4,True,+,0.0
ENSMUSG00000022141-P,7-Hydroxy-4-(methoxymethyl)coumarin,,,0,,,0,1.0,0.0,3,1.0,0.0,4,True,+,0.0
ENSMUSG00000022141-P,cis-2-Decenoic acid,,,0,,,0,,,0,-1.0,0.0,3,True,-,0.0
ENSMUSG00000022141-P,Glabridin,,,0,,,0,,,0,1.0,0.0,4,True,+,0.0
ENSMUSG00000022141-P,Isosorbide,1.0,0.0,3,,,0,,,0,1.0,0.0,3,True,+,0.0
ENSMUSG00000024002-P,2-Norbornanemethanol,,,0,,,0,,,0,1.0,0.0,3,True,+,0.0
ENSMUSG00000024002-P,"3,3-Dimethylacrylic acid",,,0,,,0,,,0,1.0,0.0,4,True,+,0.0
ENSMUSG00000024002-P,"4,5-Dihydro-1H-pyrazole",,,0,,,0,,,0,1.0,0.0,4,True,+,0.0
ENSMUSG00000024002-P,cis-2-Decenoic acid,,,0,,,0,,,0,-1.0,0.0,3,True,-,0.0
ENSMUSG00000024002-P,Glabridin,,,0,,,0,,,0,1.0,0.0,4,True,+,0.0
ENSMUSG00000048874-P,"1-Octanol, 2-butyl-",-0.5,0.6666666666666666,3,-1.0,0.0,3,0.6767633692869747,0.1398366873478104,6,0.7473730217009665,0.0052057080300486,12,True,+,0.1794408552811292
ENSMUSG00000048874-P,"3,3-Dimethylacrylic acid",,,0,,,0,,,0,1.0,0.0,4,True,+,0.0
ENSMUSG00000048874-P,"4,5-Dihydro-1H-pyrazole",,,0,,,0,,,0,1.0,0.0,4,True,+,0.0
ENSMUSG00000048874-P,"Benzene, 1-ethyl-3,5-dimethyl",,,0,,,0,,,0,1.0,0.0,4,True,+,0.0
ENSMUSG00000048874-P,cis-2-Decenoic acid,,,0,,,0,,,0,-1.0,0.0,3,True,-,0.0
ENSMUSG00000048874-P,Glabridin,,,0,,,0,,,0,1.0,0.0,4,True,+,0.0
ENSMUSG00000048874-P,N-Methylacetamide,-0.5,0.6666666666666666,3,0.0,1.0,3,0.8986451052612952,0.0148886220055803,6,0.810531305224992,0.0013855829221512,12,True,+,0.0567098326648916
ENSMUSG00000048874-P,Phytanic acid,0.8660254037844387,0.3333333333333332,3,-0.5,0.6666666666666666,3,0.6179143806533246,0.1910939016901931,6,0.7768122030732777,0.0029568852006585,12,True,+,0.1126365713446831
ENSMUSG00000048874-P,Tyr-Val,,,0,,,0,,,0,-1.0,0.0,3,True,-,0.0
ENSMUSG00000006476-P,"1-(1-Hydroxybutyl)-2,5-dimethoxybenzene ",,,0,-1.0,0.0,3,-0.7999999999999999,0.2000000000000001,4,-0.8499999999999999,0.0037047773275858,9,True,-,0.1377359741682877
ENSMUSG00000006476-P,"1,2-Bis(trimethylsiloxy)cyclohexene",,,0,,,0,,,0,-1.0,0.0,3,True,-,0.0
ENSMUSG00000006476-P,"13-Docosenamide, (Z)",,,0,,,0,-1.0,0.0,3,-1.0,0.0,3,True,-,0.0
ENSMUSG00000006476-P,2-Aminoquinolin-8-ol,,,0,,,0,,,0,-1.0,0.0,3,True,-,0.0
ENSMUSG00000006476-P,"3-(4,7-Dimethoxy-2H-1,3-benzodioxol-5-yl)-2-methylprop-2-enal",-1.0,0.0,3,0.5,0.6666666666666666,3,-0.8857142857142858,0.0188454810495626,6,-0.8671328671328673,0.0002598118498614,12,True,-,0.0113972470942769
ENSMUSG00000006476-P,"3-Hydroxy-7,3',4',5'-tetramethoxyflavone",,,0,,,0,,,0,-1.0,0.0,3,True,-,0.0
ENSMUSG00000006476-P,Chlorobenzilate ,,,0,,,0,,,0,-1.0,0.0,4,True,-,0.0
ENSMUSG00000006476-P,cis-2-Decenoic acid,,,0,,,0,,,0,1.0,0.0,3,True,+,0.0
ENSMUSG00000006476-P,Diethylamine,-0.5,0.6666666666666666,3,-0.5,0.6666666666666666,3,-0.753702346348183,0.0835232813732598,6,-0.7530659534637223,0.0046938930486737,12,True,-,0.1673621183600482
ENSMUSG00000006476-P,Isosorbide,-1.0,0.0,3,,,0,,,0,-1.0,0.0,3,True,-,0.0
ENSMUSG00000006476-P,L-(+)-Threose,,,0,,,0,-1.0,0.0,3,-1.0,0.0,3,True,-,0.0
ENSMUSG00000006476-P,"l-Leucine, n-butoxycarbonyl-N-methyl-, hexadecyl ester",,,0,,,0,,,0,1.0,0.0,4,True,+,0.0
ENSMUSG00000006476-P,Mevalonolactone,-0.5,0.6666666666666666,3,-0.8660254037844387,0.3333333333333332,3,-0.7142857142857143,0.1107871720116617,6,-0.8161133356141735,0.0012051543656321,12,True,-,0.0495874267733696
ENSMUSG00000006476-P,Tyr-Val,,,0,,,0,,,0,1.0,0.0,3,True,+,0.0
ENSMUSG00000066357-P,2-Aminoquinolin-8-ol,,,0,,,0,,,0,1.0,0.0,3,True,+,0.0
ENSMUSG00000066357-P,"3,4-Dihydroxybenzaldehyde",1.0,0.0,3,,,0,,,0,1.0,0.0,3,True,+,0.0
ENSMUSG00000066357-P,"Benzene, 1-ethyl-3,5-dimethyl",,,0,,,0,,,0,1.0,0.0,4,True,+,0.0
ENSMUSG00000066357-P,cis-2-Decenoic acid,,,0,,,0,,,0,-1.0,0.0,3,True,-,0.0
ENSMUSG00000066357-P,Ethanolamine,0.5,0.6666666666666666,3,0.8660254037844387,0.3333333333333332,3,-0.9856107606091624,0.0003090856678496,6,-0.7859697505212043,0.0024382630164752,12,True,-,0.0951385740545402
ENSMUSG00000066357-P,Glycine,-0.5,0.6666666666666666,3,-1.0,0.0,3,-0.753702346348183,0.0835232813732598,6,-0.8791607177646247,0.0001651037006903,12,True,-,0.0072870230718697
ENSMUSG00000066357-P,L-Glutamic acid,,,0,,,0,-1.0,0.0,3,-1.0,1.4042654220543602e-24,5,True,-,6.303055151107153e-23
ENSMUSG00000066357-P,L-Val-L-Leu,,,0,,,0,-1.0,0.0,3,-1.0,0.0,3,True,-,0.0
ENSMUSG00000038646-P,"1,2-Bis(trimethylsiloxy)cyclohexene",,,0,,,0,,,0,1.0,0.0,3,True,+,0.0
ENSMUSG00000038646-P,"2,4-Dimethoxybenzaldoxime",,,0,,,0,,,0,-1.0,0.0,3,True,-,0.0
ENSMUSG00000038646-P,2-Norbornanemethanol,,,0,,,0,,,0,1.0,0.0,3,True,+,0.0
ENSMUSG00000038646-P,"3,4-Dihydroxybenzaldehyde",1.0,0.0,3,,,0,,,0,1.0,0.0,3,True,+,0.0
ENSMUSG00000038646-P,Azelaic acid,0.5,0.6666666666666666,3,1.0,0.0,3,0.4058397249567139,0.4246625075613642,6,0.7705791151721809,0.0033551786239375,12,True,+,0.1259035599291489
ENSMUSG00000038646-P,Octanoic acid,,,0,,,0,0.7999999999999999,0.2000000000000001,4,0.942857142857143,0.004804664723032,6,True,+,0.1679020985499759
ENSMUSG00000038646-P,Spiroxamine,,,0,,,0,1.0,1.4042654220543602e-24,5,0.9333333333333332,0.0002358998121594,9,True,+,0.0103678811006699
ENSMUSG00000038646-P,Tyr-Val,,,0,,,0,,,0,-1.0,0.0,3,True,-,0.0
ENSMUSG00000105729-P,1-(tert-Butyldimethylsilyl)-4-methyl-1H-pyrazole,0.8660254037844387,0.3333333333333332,3,1.0,0.0,3,0.3946648814672956,0.4387392515170163,6,0.7670694352878236,0.0035966742235696,12,True,+,0.1340986995490064
ENSMUSG00000105729-P,"1,2-Cinnolinedicarboxylic acid, 1,2,3,5,6,7,8,8a-octahydro-4-trimethylsilyloxy-, diethyl ester",,,0,,,0,,,0,-1.0,0.0,3,True,-,0.0
ENSMUSG00000105729-P,"13-Docosenamide, (Z)",,,0,,,0,-1.0,0.0,3,-1.0,0.0,3,True,-,0.0
ENSMUSG00000105729-P,"2,4-Imidazolidinedione, 5,5-dimethyl",0.0,1.0,3,1.0,0.0,3,0.8406680016960503,0.0360575728451592,6,0.7772836322103472,0.0029282987423112,12,True,+,0.1116697826644464
ENSMUSG00000105729-P,2-Naphthol,-0.5000000000000001,0.6666666666666666,3,1.0,0.0,3,0.6767633692869747,0.1398366873478104,6,0.7692910876839817,0.0034423273608834,12,True,+,0.1288426047067842
ENSMUSG00000105729-P,6-Methyluracil,0.0,1.0,3,1.0,0.0,3,0.8406680016960503,0.0360575728451592,6,0.7665870684643333,0.0036308689936271,12,True,+,0.1352529448258952
ENSMUSG00000105729-P,Durapan,,,0,1.0,0.0,3,0.8857142857142858,0.0188454810495626,6,0.8528249356043898,0.0017118949981063,10,True,+,0.0688514611942888
ENSMUSG00000105729-P,Heptylamine,,,0,1.0,0.0,3,0.8999999999999998,0.0373860734684987,5,0.9492889050691344,9.200022809995662e-05,9,True,+,0.0040855531688001
ENSMUSG00000105729-P,"Kojic acid, bis(tert-butyldimethylsilyl) ether",0.0,1.0,3,1.0,0.0,3,0.8857142857142858,0.0188454810495626,6,0.847109202052897,0.0005060072238973,12,True,+,0.0217759694947147
ENSMUSG00000105729-P,L-Val-L-Leu,,,0,,,0,-1.0,0.0,3,-1.0,0.0,3,True,-,0.0
ENSMUSG00000105729-P,Methanesulfonic acid,,,0,1.0,0.0,3,0.7714285714285715,0.0723965014577259,6,0.7981987297166114,0.003229480517116,11,True,+,0.1216893885024737
ENSMUSG00000105729-P,Tyr-Val,,,0,,,0,,,0,-1.0,0.0,3,True,-,0.0
ENSMUSG00000041570-P,"1,2-Bis(trimethylsiloxy)cyclohexene",,,0,,,0,,,0,-1.0,0.0,3,True,-,0.0
ENSMUSG00000041570-P,"3,4-Dihydroxybenzaldehyde",-1.0,0.0,3,,,0,,,0,-1.0,0.0,3,True,-,0.0
ENSMUSG00000041570-P,"3-Hydroxy-7,3',4',5'-tetramethoxyflavone",,,0,,,0,,,0,1.0,0.0,3,True,+,0.0
ENSMUSG00000041570-P,L-(+)-Threose,,,0,,,0,1.0,0.0,3,1.0,0.0,3,True,+,0.0
ENSMUSG00000041570-P,"l-Leucine, n-butoxycarbonyl-N-methyl-, hexadecyl ester",,,0,,,0,,,0,1.0,0.0,4,True,+,0.0
ENSMUSG00000041570-P,Prostaglandin,,,0,-1.0,0.0,3,,,0,-1.0,0.0,6,True,-,0.0
ENSMUSG00000041570-P,Tyr-Val,,,0,,,0,,,0,1.0,0.0,3,True,+,0.0
ENSMUSG00000045930-P,"1,2-Bis(trimethylsiloxy)cyclohexene",,,0,,,0,,,0,1.0,0.0,3,True,+,0.0
ENSMUSG00000045930-P,2-Aminoquinolin-8-ol,,,0,,,0,,,0,1.0,0.0,3,True,+,0.0
ENSMUSG00000045930-P,cis-2-Decenoic acid,,,0,,,0,,,0,-1.0,0.0,3,True,-,0.0
ENSMUSG00000045930-P,"l-Leucine, n-butoxycarbonyl-N-methyl-, hexadecyl ester",,,0,,,0,,,0,-1.0,0.0,4,True,-,0.0
ENSMUSG00000045930-P,"N-[(3,4,5-Trimethoxyphenyl)methylidene]hydroxylamine",,,0,,,0,-1.0,0.0,3,-1.0,0.0,3,True,-,0.0
ENSMUSG00000045930-P,Tyr-Val,,,0,,,0,,,0,-1.0,0.0,3,True,-,0.0
ENSMUSG00000002324-P,"1,2-Bis(trimethylsiloxy)cyclohexene",,,0,,,0,,,0,-1.0,0.0,3,True,-,0.0
ENSMUSG00000002324-P,"1,2-Cinnolinedicarboxylic acid, 1,2,3,5,6,7,8,8a-octahydro-4-trimethylsilyloxy-, diethyl ester",,,0,,,0,,,0,1.0,0.0,3,True,+,0.0
ENSMUSG00000002324-P,"3,3-Dimethylacrylic acid",,,0,,,0,,,0,-1.0,0.0,4,True,-,0.0
ENSMUSG00000002324-P,7-Hydroxy-4-(methoxymethyl)coumarin,,,0,,,0,-1.0,0.0,3,-1.0,0.0,4,True,-,0.0
ENSMUSG00000002324-P,"N-[(3,4,5-Trimethoxyphenyl)methylidene]hydroxylamine",,,0,,,0,-1.0,0.0,3,-1.0,0.0,3,True,-,0.0
ENSMUSG00000030493-P,"1,2-Cinnolinedicarboxylic acid, 1,2,3,5,6,7,8,8a-octahydro-4-trimethylsilyloxy-, diethyl ester",,,0,,,0,,,0,-1.0,0.0,3,True,-,0.0
ENSMUSG00000030493-P,"13-Docosenamide, (Z)",,,0,,,0,1.0,0.0,3,1.0,0.0,3,True,+,0.0
ENSMUSG00000030493-P,2-Norbornanemethanol,,,0,,,0,,,0,1.0,0.0,3,True,+,0.0
ENSMUSG00000030493-P,"3-Hydroxy-7,3',4',5'-tetramethoxyflavone",,,0,,,0,,,0,1.0,0.0,3,True,+,0.0
ENSMUSG00000030493-P,"Benzene, 1-ethyl-3,5-dimethyl",,,0,,,0,,,0,1.0,0.0,4,True,+,0.0
ENSMUSG00000030493-P,Cycloheptanol,1.0,0.0,3,0.5,0.6666666666666666,3,0.9276336570439176,0.0076658441874731,6,0.7635738504887974,0.0038500936565595,12,True,+,0.1414605165627303
ENSMUSG00000022199-P,2-Aminoquinolin-8-ol,,,0,,,0,,,0,1.0,0.0,3,True,+,0.0
ENSMUSG00000022199-P,2-Cyanobenzaldehyde,,,0,,,0,-0.8999999999999998,0.0373860734684987,5,-0.942857142857143,0.004804664723032,6,True,-,0.1679020985499759
ENSMUSG00000022199-P,"2-Methylcyclohexanol, (Z)",-0.5,0.6666666666666666,3,-0.8660254037844387,0.3333333333333332,3,-0.8116794499134279,0.0498575851013403,6,-0.8140400987541044,0.0012699157299211,12,True,-,0.0522381025606016
ENSMUSG00000022199-P,"3,4-Dihydroxybenzaldehyde",-1.0,0.0,3,,,0,,,0,-1.0,0.0,3,True,-,0.0
ENSMUSG00000022199-P,"3-Hydroxy-7,3',4',5'-tetramethoxyflavone",,,0,,,0,,,0,1.0,0.0,3,True,+,0.0
ENSMUSG00000022199-P,"4,5-Dihydro-1H-pyrazole",,,0,,,0,,,0,1.0,0.0,4,True,+,0.0
ENSMUSG00000022199-P,cis-2-Decenoic acid,,,0,,,0,,,0,-1.0,0.0,3,True,-,0.0
ENSMUSG00000022199-P,Glabridin,,,0,,,0,,,0,1.0,0.0,4,True,+,0.0
ENSMUSG00000022199-P,Glycine,0.5,0.6666666666666666,3,-0.5,0.6666666666666666,3,-0.6377481392176932,0.1730711102412598,6,-0.7600712181471057,0.0041173803556808,12,True,-,0.149614861133208
ENSMUSG00000022199-P,L-Ornithine,,,0,,,0,,,0,1.0,0.0,4,True,+,0.0
ENSMUSG00000022199-P,L-Val-L-Leu,,,0,,,0,-1.0,0.0,3,-1.0,0.0,3,True,-,0.0
ENSMUSG00000022199-P,Octadecanoic acid,,,0,,,0,,,0,-1.0,0.0,3,True,-,0.0
ENSMUSG00000022199-P,Octanoic acid,,,0,,,0,-0.7999999999999999,0.2000000000000001,4,-0.942857142857143,0.004804664723032,6,True,-,0.1679020985499759
ENSMUSG00000022199-P,Tyr-Val,,,0,,,0,,,0,1.0,0.0,3,True,+,0.0
ENSMUSG00000052584-P,"3-Hydroxy-7,3',4',5'-tetramethoxyflavone",,,0,,,0,,,0,-1.0,0.0,3,True,-,0.0
ENSMUSG00000052584-P,Isosorbide,-1.0,0.0,3,,,0,,,0,-1.0,0.0,3,True,-,0.0
ENSMUSG00000052584-P,L-(+)-Threose,,,0,,,0,-1.0,0.0,3,-1.0,0.0,3,True,-,0.0
ENSMUSG00000052584-P,Leucylglycine,,,0,1.0,0.0,3,0.8285714285714287,0.0415626822157433,6,0.8060606060606059,0.0048620611019646,10,True,+,0.1693978733774359
ENSMUSG00000052584-P,L-Val-L-Leu,,,0,,,0,-1.0,0.0,3,-1.0,0.0,3,True,-,0.0
ENSMUSG00000052584-P,Tyr-Val,,,0,,,0,,,0,1.0,0.0,3,True,+,0.0
ENSMUSG00000027108-P,"1,2-Bis(trimethylsiloxy)cyclohexene",,,0,,,0,,,0,1.0,0.0,3,True,+,0.0
ENSMUSG00000027108-P,"2,4-Dimethoxybenzaldoxime",,,0,,,0,,,0,1.0,0.0,3,True,+,0.0
ENSMUSG00000027108-P,2-Aminoquinolin-8-ol,,,0,,,0,,,0,-1.0,0.0,3,True,-,0.0
ENSMUSG00000027108-P,3-(4-Methoxyphenyl)coumarin,,,0,,,0,-1.0,0.0,3,-1.0,0.0,4,True,-,0.0
ENSMUSG00000027108-P,Isosorbide,-1.0,0.0,3,,,0,,,0,-1.0,0.0,3,True,-,0.0
ENSMUSG00000027108-P,L-Ornithine,,,0,,,0,,,0,1.0,0.0,4,True,+,0.0
ENSMUSG00000027108-P,"N-[(3,4,5-Trimethoxyphenyl)methylidene]hydroxylamine",,,0,,,0,-1.0,0.0,3,-1.0,0.0,3,True,-,0.0
ENSMUSG00000027108-P,Octadecanoic acid,,,0,,,0,,,0,-1.0,0.0,3,True,-,0.0
ENSMUSG00000023960-P,"13-Docosenamide, (Z)",,,0,,,0,-1.0,0.0,3,-1.0,0.0,3,True,-,0.0
ENSMUSG00000023960-P,"2,4-Dimethoxybenzaldoxime",,,0,,,0,,,0,-1.0,0.0,3,True,-,0.0
ENSMUSG00000023960-P,2-Furoic acid,1.0,0.0,3,1.0,0.0,3,0.6000000000000001,0.4,4,0.8181818181818182,0.0038149200825507,10,True,+,0.1411277269915268
ENSMUSG00000023960-P,cis-2-Decenoic acid,,,0,,,0,,,0,1.0,0.0,3,True,+,0.0
ENSMUSG00000023960-P,L-(+)-Threose,,,0,,,0,-1.0,0.0,3,-1.0,0.0,3,True,-,0.0
ENSMUSG00000044365-P,"13-Docosenamide, (Z)",,,0,,,0,1.0,0.0,3,1.0,0.0,3,True,+,0.0
ENSMUSG00000044365-P,"2,4-Dimethoxybenzaldoxime",,,0,,,0,,,0,1.0,0.0,3,True,+,0.0
ENSMUSG00000044365-P,"2,5-Dimethoxybenzhydrazide",,,0,0.5,0.6666666666666666,3,0.942857142857143,0.004804664723032,6,0.9,0.0001599714280687,11,True,+,0.007066475725301
ENSMUSG00000044365-P,"2,5-Dimethoxybenzonitrile",0.5,0.6666666666666666,3,1.0,0.0,3,0.7142857142857143,0.1107871720116617,6,0.8041958041958043,0.0016147689860699,12,True,+,0.0653602928999312
ENSMUSG00000044365-P,"2,5-Dimethoxyphenol",0.5,0.6666666666666666,3,1.0,0.0,3,0.7714285714285715,0.0723965014577259,6,0.7832167832167832,0.0025862148333625,12,True,+,0.099459548551953
ENSMUSG00000044365-P,"2',5'-Dimethoxypropiophenone",1.0,0.0,3,0.5,0.6666666666666666,3,0.7714285714285715,0.0723965014577259,6,0.8881118881118882,0.0001141335981461,12,True,+,0.0050555594650511
ENSMUSG00000044365-P,2-Aminoquinolin-8-ol,,,0,,,0,,,0,1.0,0.0,3,True,+,0.0
ENSMUSG00000044365-P,"3-(4,7-Dimethoxy-2H-1,3-benzodioxol-5-yl)-2-methylprop-2-enal",-0.5,0.6666666666666666,3,1.0,0.0,3,0.942857142857143,0.004804664723032,6,0.8321678321678322,0.0007854416778536,12,True,+,0.0332610831314817
ENSMUSG00000044365-P,3-(4-Methoxyphenyl)coumarin,,,0,,,0,-1.0,0.0,3,-1.0,0.0,4,True,-,0.0
ENSMUSG00000044365-P,7-Hydroxy-4-(methoxymethyl)coumarin,,,0,,,0,1.0,0.0,3,1.0,0.0,4,True,+,0.0
ENSMUSG00000044365-P,Aceturic acid,1.0,0.0,3,,,0,0.7714285714285715,0.0723965014577259,6,0.9181818181818184,6.661451941355567e-05,11,True,+,0.0029664189442174
ENSMUSG00000044365-P,Butanedioic acid,-0.5,0.6666666666666666,3,0.5,0.6666666666666666,3,0.7714285714285715,0.0723965014577259,6,0.8321678321678322,0.0007854416778536,12,True,+,0.0332610831314817
ENSMUSG00000044365-P,cis-2-Decenoic acid,,,0,,,0,,,0,-1.0,0.0,3,True,-,0.0
ENSMUSG00000044365-P,"Cyclohexanone, 3,3,5-trimethyl",0.5,0.6666666666666666,3,1.0,0.0,3,0.6,0.2847569798652938,5,0.8090909090909091,0.0025585801997139,11,True,+,0.0986327946362033
ENSMUSG00000044365-P,Cyclooctylamine,0.5,0.6666666666666666,3,1.0,0.0,3,0.8285714285714287,0.0415626822157433,6,0.9090909090909092,4.191044653034231e-05,12,True,+,0.0018719043817977
ENSMUSG00000044365-P,Diethylamine,0.5,0.6666666666666666,3,0.5,0.6666666666666666,3,0.9276336570439176,0.0076658441874731,6,0.8546422913727825,0.0003983075651366,12,True,+,0.01730195065689
ENSMUSG00000044365-P,"Erythrono-1,4-lactone",0.5,0.6666666666666666,3,-0.5,0.6666666666666666,3,0.8285714285714287,0.0415626822157433,6,0.8041958041958043,0.0016147689860699,12,True,+,0.0653602928999312
ENSMUSG00000044365-P,L-(+)-Threose,,,0,,,0,1.0,0.0,3,1.0,0.0,3,True,+,0.0
ENSMUSG00000044365-P,L-Ornithine,,,0,,,0,,,0,1.0,0.0,4,True,+,0.0
ENSMUSG00000044365-P,L-Val-L-Leu,,,0,,,0,1.0,0.0,3,1.0,0.0,3,True,+,0.0
ENSMUSG00000044365-P,N-Acetyl-L-alanine,0.5,0.6666666666666666,3,1.0,0.0,3,0.7714285714285715,0.0723965014577259,6,0.8391608391608393,0.0006428259886278,12,True,+,0.0273938531641632
ENSMUSG00000044365-P,"Naringenin 4',7-dimethylether",,,0,1.0,0.0,3,0.8720815992723809,0.0538542177275421,5,0.9700772721497396,6.548558831120661e-05,8,True,+,0.0029173899406702
ENSMUSG00000044365-P,Octadecanoic acid,,,0,,,0,,,0,-1.0,0.0,3,True,-,0.0
ENSMUSG00000044365-P,Trimethylolpropane,,,0,,,0,0.9746794344808964,0.0048182304681985,5,0.8742671711966791,0.004512385603651,8,True,+,0.1619683642032021
ENSMUSG00000056735-P,2-Norbornanemethanol,,,0,,,0,,,0,1.0,0.0,3,True,+,0.0
ENSMUSG00000056735-P,"3,4-Dihydroxybenzaldehyde",1.0,0.0,3,,,0,,,0,1.0,0.0,3,True,+,0.0
ENSMUSG00000056735-P,"4,5-Dihydro-1H-pyrazole",,,0,,,0,,,0,1.0,0.0,4,True,+,0.0
ENSMUSG00000056735-P,4-tert-Butyldimethylsiloxy-3-penten-2-one,,,0,,,0,1.0,0.0,4,1.0,0.0,4,True,+,0.0
ENSMUSG00000056735-P,6-Nitroveratryl alcohol,,,0,,,0,1.0,0.0,3,0.9746794344808964,0.0048182304681985,5,True,+,0.1681230918546083
ENSMUSG00000056735-P,"Benzene, 1-ethyl-3,5-dimethyl",,,0,,,0,,,0,1.0,0.0,4,True,+,0.0
ENSMUSG00000056735-P,"N-[(3,4,5-Trimethoxyphenyl)methylidene]hydroxylamine",,,0,,,0,1.0,0.0,3,1.0,0.0,3,True,+,0.0
ENSMUSG00000056735-P,tert-butyl(dimethyl)silyl-2-([tert-butyl(dimethyl)silyl]oxy)hex-2-enoate,,,0,,,0,-1.0,0.0,4,-1.0,0.0,4,True,-,0.0
ENSMUSG00000012422-P,"1,2-Bis(trimethylsiloxy)cyclohexene",,,0,,,0,,,0,1.0,0.0,3,True,+,0.0
ENSMUSG00000012422-P,"3,4-Dihydroxybenzaldehyde",1.0,0.0,3,,,0,,,0,1.0,0.0,3,True,+,0.0
ENSMUSG00000012422-P,L-(+)-Threose,,,0,,,0,1.0,0.0,3,1.0,0.0,3,True,+,0.0
ENSMUSG00000012422-P,L-Val-L-Leu,,,0,,,0,1.0,0.0,3,1.0,0.0,3,True,+,0.0
ENSMUSG00000012422-P,Myristic acid,0.5,0.6666666666666666,3,0.5,0.6666666666666666,3,0.7356123579206245,0.0956107807382797,6,0.8280752728705546,0.0008795578699918,12,True,+,0.0369596615729477
ENSMUSG00000012422-P,"N-[(3,4,5-Trimethoxyphenyl)methylidene]hydroxylamine",,,0,,,0,1.0,0.0,3,1.0,0.0,3,True,+,0.0
ENSMUSG00000012422-P,Phytanic acid,0.8660254037844387,0.3333333333333332,3,0.5,0.6666666666666666,3,0.7061878636037996,0.1168066069474558,6,0.748692304319494,0.0050835231769581,12,True,+,0.176319942329619
ENSMUSG00000012422-P,Tyr-Val,,,0,,,0,,,0,-1.0,0.0,3,True,-,0.0
ENSMUSG00000062040-P,"1,2-Bis(trimethylsiloxy)cyclohexene",,,0,,,0,,,0,1.0,0.0,3,True,+,0.0
ENSMUSG00000062040-P,Isosorbide,-1.0,0.0,3,,,0,,,0,-1.0,0.0,3,True,-,0.0
ENSMUSG00000062040-P,L-Ornithine,,,0,,,0,,,0,1.0,0.0,4,True,+,0.0
ENSMUSG00000062040-P,L-Threonine,,,0,,,0,-1.0,0.0,4,-1.0,1.4042654220543602e-24,5,True,-,6.303055151107153e-23
ENSMUSG00000062040-P,Octadecanoic acid,,,0,,,0,,,0,-1.0,0.0,3,True,-,0.0
ENSMUSG00000062040-P,Octanoic acid,,,0,,,0,0.7999999999999999,0.2000000000000001,4,0.942857142857143,0.004804664723032,6,True,+,0.1679020985499759
ENSMUSG00000062040-P,Spiroxamine,,,0,,,0,0.8999999999999998,0.0373860734684987,5,0.8833333333333333,0.0015905004234978,9,True,+,0.0645907013577512
ENSMUSG00000028890-P,2-Norbornanemethanol,,,0,,,0,,,0,1.0,0.0,3,True,+,0.0
ENSMUSG00000028890-P,"3,4-Dihydroxybenzaldehyde",-1.0,0.0,3,,,0,,,0,-1.0,0.0,3,True,-,0.0
ENSMUSG00000028890-P,"3-Hydroxy-7,3',4',5'-tetramethoxyflavone",,,0,,,0,,,0,1.0,0.0,3,True,+,0.0
ENSMUSG00000028890-P,4-tert-Butyldimethylsiloxy-3-penten-2-one,,,0,,,0,1.0,0.0,4,1.0,0.0,4,True,+,0.0
ENSMUSG00000028890-P,L-Ornithine,,,0,,,0,,,0,1.0,0.0,4,True,+,0.0
ENSMUSG00000028890-P,"N-[(3,4,5-Trimethoxyphenyl)methylidene]hydroxylamine",,,0,,,0,1.0,0.0,3,1.0,0.0,3,True,+,0.0
ENSMUSG00000028890-P,Octadecanoic acid,,,0,,,0,,,0,-1.0,0.0,3,True,-,0.0
ENSMUSG00000028890-P,Tyr-Val,,,0,,,0,,,0,1.0,0.0,3,True,+,0.0
ENSMUSG00000042129-P,"13-Docosenamide, (Z)",,,0,,,0,-1.0,0.0,3,-1.0,0.0,3,True,-,0.0
ENSMUSG00000042129-P,"2,4-Dimethoxybenzaldoxime",,,0,,,0,,,0,-1.0,0.0,3,True,-,0.0
ENSMUSG00000042129-P,"3-Hydroxy-7,3',4',5'-tetramethoxyflavone",,,0,,,0,,,0,-1.0,0.0,3,True,-,0.0
ENSMUSG00000042129-P,Benzeneacetic acid,,,0,,,0,1.0,0.0,3,1.0,1.4042654220543602e-24,5,True,+,6.303055151107153e-23
ENSMUSG00000042129-P,cis-2-Decenoic acid,,,0,,,0,,,0,1.0,0.0,3,True,+,0.0
ENSMUSG00000042129-P,Isosorbide,-1.0,0.0,3,,,0,,,0,-1.0,0.0,3,True,-,0.0
ENSMUSG00000042129-P,L-Val-L-Leu,,,0,,,0,1.0,0.0,3,1.0,0.0,3,True,+,0.0
ENSMUSG00000042129-P,Tyr-Val,,,0,,,0,,,0,1.0,0.0,3,True,+,0.0
ENSMUSG00000069631-P,"1,2-Cinnolinedicarboxylic acid, 1,2,3,5,6,7,8,8a-octahydro-4-trimethylsilyloxy-, diethyl ester",,,0,,,0,,,0,-1.0,0.0,3,True,-,0.0
ENSMUSG00000069631-P,"2,4-Dimethoxybenzaldoxime",,,0,,,0,,,0,1.0,0.0,3,True,+,0.0
ENSMUSG00000069631-P,"3-Hydroxy-7,3',4',5'-tetramethoxyflavone",,,0,,,0,,,0,1.0,0.0,3,True,+,0.0
ENSMUSG00000069631-P,Isosorbide,1.0,0.0,3,,,0,,,0,1.0,0.0,3,True,+,0.0
ENSMUSG00000069631-P,L-(+)-Threose,,,0,,,0,1.0,0.0,3,1.0,0.0,3,True,+,0.0
ENSMUSG00000069631-P,Leucylglycine,,,0,-1.0,0.0,3,-0.8857142857142858,0.0188454810495626,6,-0.9272727272727272,0.0001120345063939,10,True,-,0.004966791802661
ENSMUSG00000069631-P,"l-Norvaline, n-propargyloxycarbonyl-, isohexyl ester",,,0,,,0,-0.8999999999999998,0.0373860734684987,5,-0.9523809523809524,0.0002604000243872,8,True,-,0.0114086771011661
ENSMUSG00000069631-P,"N-[(3,4,5-Trimethoxyphenyl)methylidene]hydroxylamine",,,0,,,0,1.0,0.0,3,1.0,0.0,3,True,+,0.0
ENSMUSG00000069631-P,N-Isobutyrylglycine,-1.0,0.0,3,-1.0,0.0,3,-0.753702346348183,0.0835232813732598,6,-0.80910807093079,0.0014347403699364,12,True,-,0.0585611746228777
ENSMUSG00000040242-P,"1,2-Cinnolinedicarboxylic acid, 1,2,3,5,6,7,8,8a-octahydro-4-trimethylsilyloxy-, diethyl ester",,,0,,,0,,,0,1.0,0.0,3,True,+,0.0
ENSMUSG00000040242-P,"1-Octanol, 2-butyl-",0.5,0.6666666666666666,3,-0.5,0.6666666666666666,3,0.7944613465542746,0.0590275999253266,6,0.817548892283217,0.0011618236496981,12,True,+,0.0479935613617874
ENSMUSG00000040242-P,2-Methyl-3-pentanol,,,0,,,0,1.0,1.4042654220543602e-24,5,0.9642857142857144,0.0004541491691941,7,True,+,0.0196011697980853
ENSMUSG00000040242-P,"3-Hydroxy-7,3',4',5'-tetramethoxyflavone",,,0,,,0,,,0,1.0,0.0,3,True,+,0.0
ENSMUSG00000040242-P,6-Nitroveratryl alcohol,,,0,,,0,1.0,0.0,3,1.0,1.4042654220543602e-24,5,True,+,6.303055151107153e-23
ENSMUSG00000040242-P,Isosorbide,1.0,0.0,3,,,0,,,0,1.0,0.0,3,True,+,0.0
ENSMUSG00000040242-P,N-Methylacetamide,-1.0,0.0,3,0.8660254037844387,0.3333333333333332,3,0.8116794499134279,0.0498575851013403,6,0.8596544146325672,0.0003371762500534,12,True,+,0.0146892422197992
ENSMUSG00000040242-P,Tyr-Val,,,0,,,0,,,0,-1.0,0.0,3,True,-,0.0
ENSMUSG00000039959-P,"1,2-Cinnolinedicarboxylic acid, 1,2,3,5,6,7,8,8a-octahydro-4-trimethylsilyloxy-, diethyl ester",,,0,,,0,,,0,1.0,0.0,3,True,+,0.0
ENSMUSG00000039959-P,"2,5-Dimethoxyphenol",0.5,0.6666666666666666,3,0.5,0.6666666666666666,3,0.8857142857142858,0.0188454810495626,6,0.8251748251748254,0.0009513628555555,12,True,+,0.0397714595917899
ENSMUSG00000039959-P,2-Norbornanemethanol,,,0,,,0,,,0,1.0,0.0,3,True,+,0.0
ENSMUSG00000039959-P,"3-(4,7-Dimethoxy-2H-1,3-benzodioxol-5-yl)-2-methylprop-2-enal",1.0,0.0,3,0.5,0.6666666666666666,3,0.6,0.208,6,0.7762237762237763,0.0029928636801859,12,True,+,0.1136263097655619
ENSMUSG00000039959-P,"3-Hydroxy-7,3',4',5'-tetramethoxyflavone",,,0,,,0,,,0,1.0,0.0,3,True,+,0.0
ENSMUSG00000039959-P,cis-2-Decenoic acid,,,0,,,0,,,0,-1.0,0.0,3,True,-,0.0
ENSMUSG00000039959-P,Isosorbide,1.0,0.0,3,,,0,,,0,1.0,0.0,3,True,+,0.0
ENSMUSG00000039959-P,L-(+)-Threose,,,0,,,0,1.0,0.0,3,1.0,0.0,3,True,+,0.0
ENSMUSG00000039959-P,L-Val-L-Leu,,,0,,,0,-1.0,0.0,3,-1.0,0.0,3,True,-,0.0
ENSMUSG00000039959-P,Mevalonolactone,0.5,0.6666666666666666,3,-0.8660254037844387,0.3333333333333332,3,0.7714285714285715,0.0723965014577259,6,0.7880922768806397,0.0023286751402374,12,True,+,0.0910978063660742
ENSMUSG00000039959-P,Spiroxamine,,,0,,,0,1.0,1.4042654220543602e-24,5,0.8666666666666667,0.0024953982859902,9,True,+,0.0972195632807742
ENSMUSG00000039959-P,Stearic acid,-0.8660254037844387,0.3333333333333332,3,-0.5,0.6666666666666666,3,-0.3999999999999999,0.6,4,-0.8024353176576852,0.0052114617667064,10,True,-,0.1795059052976648
ENSMUSG00000039959-P,Tyr-Val,,,0,,,0,,,0,-1.0,0.0,3,True,-,0.0
ENSMUSG00000020227-P,"3,4-Dihydroxybenzaldehyde",-1.0,0.0,3,,,0,,,0,-1.0,0.0,3,True,-,0.0
ENSMUSG00000020227-P,L-Threonine,,,0,,,0,-0.948683298050514,0.0513167019494861,4,-0.9746794344808964,0.0048182304681985,5,True,-,0.1681230918546083
ENSMUSG00000020227-P,"Propanoic acid, 3-[(tert-butyldimethylsilyl)oxy]-2-methyl-",-1.0,0.0,3,,,0,-0.8088235294117647,0.0513290631996743,6,-0.8046168361411911,0.0028201678466316,11,True,-,0.1078217511208063
ENSMUSG00000020297-P,"13-Docosenamide, (Z)",,,0,,,0,-1.0,0.0,3,-1.0,0.0,3,True,-,0.0
ENSMUSG00000020297-P,2-Aminoquinolin-8-ol,,,0,,,0,,,0,1.0,0.0,3,True,+,0.0
ENSMUSG00000020297-P,2-Cyanobenzaldehyde,,,0,,,0,-0.8999999999999998,0.0373860734684987,5,-0.942857142857143,0.004804664723032,6,True,-,0.1679020985499759
ENSMUSG00000020297-P,"4,5-Dihydro-1H-pyrazole",,,0,,,0,,,0,1.0,0.0,4,True,+,0.0
ENSMUSG00000020297-P,cis-2-Decenoic acid,,,0,,,0,,,0,-1.0,0.0,3,True,-,0.0
ENSMUSG00000020297-P,L-Glutamic acid,,,0,,,0,-1.0,0.0,3,-1.0,1.4042654220543602e-24,5,True,-,6.303055151107153e-23
ENSMUSG00000020297-P,L-Val-L-Leu,,,0,,,0,-1.0,0.0,3,-1.0,0.0,3,True,-,0.0
ENSMUSG00000061689-P,"1,2-Bis(trimethylsiloxy)cyclohexene",,,0,,,0,,,0,1.0,0.0,3,True,+,0.0
ENSMUSG00000061689-P,"13-Docosenamide, (Z)",,,0,,,0,-1.0,0.0,3,-1.0,0.0,3,True,-,0.0
ENSMUSG00000061689-P,Isosorbide,-1.0,0.0,3,,,0,,,0,-1.0,0.0,3,True,-,0.0
ENSMUSG00000061689-P,Octadecanoic acid,,,0,,,0,,,0,-1.0,0.0,3,True,-,0.0
ENSMUSG00000061689-P,Tyr-Val,,,0,,,0,,,0,1.0,0.0,3,True,+,0.0
ENSMUSG00000040586-P,"1,2-Cinnolinedicarboxylic acid, 1,2,3,5,6,7,8,8a-octahydro-4-trimethylsilyloxy-, diethyl ester",,,0,,,0,,,0,1.0,0.0,3,True,+,0.0
ENSMUSG00000040586-P,"2,5-Dimethoxyphenol",-0.5,0.6666666666666666,3,0.5,0.6666666666666666,3,0.8857142857142858,0.0188454810495626,6,0.7482517482517484,0.005124081698753,12,True,+,0.176962914072306
ENSMUSG00000040586-P,"3-(4,7-Dimethoxy-2H-1,3-benzodioxol-5-yl)-2-methylprop-2-enal",0.5,0.6666666666666666,3,0.5,0.6666666666666666,3,0.7142857142857143,0.1107871720116617,6,0.7832167832167832,0.0025862148333625,12,True,+,0.099459548551953
ENSMUSG00000040586-P,3-Methyl-3-buten-1-ol,,,0,,,0,1.0,0.0,4,0.8622909085775464,0.005872990672297,8,True,+,0.1975056608835884
ENSMUSG00000040586-P,cis-2-Decenoic acid,,,0,,,0,,,0,-1.0,0.0,3,True,-,0.0
ENSMUSG00000040586-P,L-(+)-Threose,,,0,,,0,1.0,0.0,3,1.0,0.0,3,True,+,0.0
ENSMUSG00000040586-P,Mevalonolactone,-0.5,0.6666666666666666,3,-0.8660254037844387,0.3333333333333332,3,0.5428571428571429,0.2657026239067054,6,0.742558056438647,0.0056705287880292,12,True,+,0.1922440832339479
ENSMUSG00000040586-P,N-Methylacetamide,-0.5,0.6666666666666666,3,0.8660254037844387,0.3333333333333332,3,0.6377481392176932,0.1730711102412598,6,0.743864228171854,0.0055414636136485,12,True,+,0.188679669155331
ENSMUSG00000040586-P,Tyr-Val,,,0,,,0,,,0,-1.0,0.0,3,True,-,0.0
ENSMUSG00000051435-P,"13-Docosenamide, (Z)",,,0,,,0,1.0,0.0,3,1.0,0.0,3,True,+,0.0
ENSMUSG00000051435-P,"3-Hydroxy-7,3',4',5'-tetramethoxyflavone",,,0,,,0,,,0,1.0,0.0,3,True,+,0.0
ENSMUSG00000051435-P,7-Hydroxy-4-(methoxymethyl)coumarin,,,0,,,0,1.0,0.0,3,1.0,0.0,4,True,+,0.0
ENSMUSG00000051435-P,cis-2-Decenoic acid,,,0,,,0,,,0,-1.0,0.0,3,True,-,0.0
ENSMUSG00000051435-P,Isosorbide,1.0,0.0,3,,,0,,,0,1.0,0.0,3,True,+,0.0
ENSMUSG00000070527-P,"1,2-Bis(trimethylsiloxy)cyclohexene",,,0,,,0,,,0,1.0,0.0,3,True,+,0.0
ENSMUSG00000070527-P,"3,3-Dimethylacrylic acid",,,0,,,0,,,0,1.0,0.0,4,True,+,0.0
ENSMUSG00000070527-P,"3,4-Dihydroxybenzaldehyde",1.0,0.0,3,,,0,,,0,1.0,0.0,3,True,+,0.0
ENSMUSG00000070527-P,L-(+)-Threose,,,0,,,0,1.0,0.0,3,1.0,0.0,3,True,+,0.0
ENSMUSG00000070527-P,L-Norleucine,,,0,,,0,-0.9746794344808964,0.0048182304681985,5,-0.9636241116594316,0.000475304339884,7,True,-,0.0204889805602151
ENSMUSG00000022427-P,"1,2-Bis(trimethylsiloxy)cyclohexene",,,0,,,0,,,0,1.0,0.0,3,True,+,0.0
ENSMUSG00000022427-P,"13-Docosenamide, (Z)",,,0,,,0,1.0,0.0,3,1.0,0.0,3,True,+,0.0
ENSMUSG00000022427-P,"Benzene, 1-ethyl-3,5-dimethyl",,,0,,,0,,,0,1.0,0.0,4,True,+,0.0
ENSMUSG00000022427-P,Hypoxanthine,1.0,0.0,3,1.0,0.0,3,0.5428571428571429,0.2657026239067054,6,0.7972027972027973,0.0019003677255282,12,True,+,0.0758912141765791
ENSMUSG00000022427-P,Isosorbide,-1.0,0.0,3,,,0,,,0,-1.0,0.0,3,True,-,0.0
ENSMUSG00000022427-P,L-Valine,0.5,0.6666666666666666,3,1.0,0.0,3,0.8285714285714287,0.0415626822157433,6,0.8461538461538463,0.000521133700481,12,True,+,0.0223584549031827
ENSMUSG00000022427-P,Octadecanoic acid,,,0,,,0,,,0,-1.0,0.0,3,True,-,0.0
ENSMUSG00000022427-P,"Propanoic acid, 3-[(tert-butyldimethylsilyl)oxy]-2-methyl-",0.5,0.6666666666666666,3,,,0,0.8406680016960503,0.0360575728451592,6,0.8473826084954617,0.0009906687092406,11,True,+,0.0413815114171793
ENSMUSG00000020553-P,"13-Docosenamide, (Z)",,,0,,,0,1.0,0.0,3,1.0,0.0,3,True,+,0.0
ENSMUSG00000020553-P,2-Aminoquinolin-8-ol,,,0,,,0,,,0,1.0,0.0,3,True,+,0.0
ENSMUSG00000020553-P,3-(4-Methoxyphenyl)coumarin,,,0,,,0,1.0,0.0,3,1.0,0.0,4,True,+,0.0
ENSMUSG00000020553-P,"3,4-Dihydroxybenzaldehyde",-1.0,0.0,3,,,0,,,0,-1.0,0.0,3,True,-,0.0
ENSMUSG00000020553-P,cis-2-Decenoic acid,,,0,,,0,,,0,-1.0,0.0,3,True,-,0.0
ENSMUSG00000020553-P,"Hymexazole, tert-butyldimethylsilyl ether",-1.0,0.0,3,-0.5,0.6666666666666666,3,-0.942857142857143,0.004804664723032,6,-0.7552447552447553,0.0045084354842942,12,True,-,0.1619683642032021
ENSMUSG00000020553-P,Tyr-Val,,,0,,,0,,,0,1.0,0.0,3,True,+,0.0
ENSMUSG00000031198-P,"1,2-Bis(trimethylsiloxy)cyclohexene",,,0,,,0,,,0,1.0,0.0,3,True,+,0.0
ENSMUSG00000031198-P,"N-[(3,4,5-Trimethoxyphenyl)methylidene]hydroxylamine",,,0,,,0,1.0,0.0,3,1.0,0.0,3,True,+,0.0
ENSMUSG00000061524-P,"1,2-Bis(trimethylsiloxy)cyclohexene",,,0,,,0,,,0,1.0,0.0,3,True,+,0.0
ENSMUSG00000061524-P,"3,4-Dihydroxybenzaldehyde",-1.0,0.0,3,,,0,,,0,-1.0,0.0,3,True,-,0.0
ENSMUSG00000061524-P,3-Aminobenzoic acid,,,0,-0.5,0.6666666666666666,3,-0.7714285714285715,0.0723965014577259,6,-0.7818181818181819,0.004473162252783,11,True,-,0.1611140357001344
ENSMUSG00000061524-P,7-Hydroxy-4-(methoxymethyl)coumarin,,,0,,,0,1.0,0.0,3,1.0,0.0,4,True,+,0.0
ENSMUSG00000061524-P,cis-2-Decenoic acid,,,0,,,0,,,0,-1.0,0.0,3,True,-,0.0
ENSMUSG00000061524-P,Diclofenac,,,0,,,0,,,0,-1.0,0.0,4,True,-,0.0
ENSMUSG00000061524-P,Octadecanoic acid,,,0,,,0,,,0,-1.0,0.0,3,True,-,0.0
ENSMUSG00000061524-P,Tyr-Val,,,0,,,0,,,0,1.0,0.0,3,True,+,0.0
ENSMUSG00000030403-P,1-(tert-Butyldimethylsilyl)-4-methyl-1H-pyrazole,1.0,0.0,3,1.0,0.0,3,0.151794185179729,0.7740575031656568,6,0.7817095248764386,0.0026700659830202,12,True,+,0.1024203389925171
ENSMUSG00000030403-P,"1,2-Bis(trimethylsiloxy)cyclohexene",,,0,,,0,,,0,1.0,0.0,3,True,+,0.0
ENSMUSG00000030403-P,"2,4,4'-Trihydroxybenzophenone",0.5,0.6666666666666666,3,1.0,0.0,3,0.4857142857142857,0.3287230320699708,6,0.7972027972027973,0.0019003677255282,12,True,+,0.0758912141765791
ENSMUSG00000030403-P,2-Aminoquinolin-8-ol,,,0,,,0,,,0,1.0,0.0,3,True,+,0.0
ENSMUSG00000030403-P,2-Naphthol,0.0,1.0,3,1.0,0.0,3,0.6473388749701496,0.1646245946813782,6,0.8646868866788522,0.0002834037084279,12,True,+,0.0124061116360623
ENSMUSG00000030403-P,2-Norbornanemethanol,,,0,,,0,,,0,-1.0,0.0,3,True,-,0.0
ENSMUSG00000030403-P,"3-Hydroxy-7,3',4',5'-tetramethoxyflavone",,,0,,,0,,,0,1.0,0.0,3,True,+,0.0
ENSMUSG00000030403-P,cis-2-Decenoic acid,,,0,,,0,,,0,-1.0,0.0,3,True,-,0.0
ENSMUSG00000030403-P,Curcumin,1.0,0.0,3,0.5,0.6666666666666666,3,0.6,0.208,6,0.8181818181818183,0.001143105086804,12,True,+,0.0472483435878986
ENSMUSG00000030403-P,Heptylamine,,,0,1.0,0.0,3,0.6,0.2847569798652938,5,0.8333333333333333,0.0052656910291617,9,True,+,0.1809859324943322
ENSMUSG00000030403-P,Isosorbide,1.0,0.0,3,,,0,,,0,1.0,0.0,3,True,+,0.0
ENSMUSG00000030403-P,"l-Leucine, n-butoxycarbonyl-N-methyl-, hexadecyl ester",,,0,,,0,,,0,-1.0,0.0,4,True,-,0.0
ENSMUSG00000030403-P,L-Val-L-Leu,,,0,,,0,-1.0,0.0,3,-1.0,0.0,3,True,-,0.0
ENSMUSG00000030403-P,Trimethylolpropane,,,0,,,0,0.6155870112510925,0.2689977701158222,5,0.8622909085775464,0.005872990672297,8,True,+,0.1975056608835884
ENSMUSG00000030403-P,Tyr-Val,,,0,,,0,,,0,-1.0,0.0,3,True,-,0.0
ENSMUSG00000030403-P,Yangonin,1.0,0.0,3,1.0,0.0,3,0.4058397249567139,0.4246625075613642,6,0.7775843798555645,0.0029101723128612,12,True,+,0.1110190620867663
ENSMUSG00000023931-P,"13-Docosenamide, (Z)",,,0,,,0,1.0,0.0,3,1.0,0.0,3,True,+,0.0
ENSMUSG00000023931-P,2-Aminoquinolin-8-ol,,,0,,,0,,,0,1.0,0.0,3,True,+,0.0
ENSMUSG00000023931-P,"3,4-Dihydroxybenzaldehyde",-1.0,0.0,3,,,0,,,0,-1.0,0.0,3,True,-,0.0
ENSMUSG00000023931-P,"3-Hydroxy-7,3',4',5'-tetramethoxyflavone",,,0,,,0,,,0,1.0,0.0,3,True,+,0.0
ENSMUSG00000023931-P,"4,5-Dihydro-1H-pyrazole",,,0,,,0,,,0,1.0,0.0,4,True,+,0.0
ENSMUSG00000023931-P,cis-2-Decenoic acid,,,0,,,0,,,0,-1.0,0.0,3,True,-,0.0
ENSMUSG00000023931-P,L-(+)-Threose,,,0,,,0,1.0,0.0,3,1.0,0.0,3,True,+,0.0
ENSMUSG00000023931-P,Octadecanoic acid,,,0,,,0,,,0,-1.0,0.0,3,True,-,0.0
ENSMUSG00000023931-P,Tyr-Val,,,0,,,0,,,0,1.0,0.0,3,True,+,0.0
ENSMUSG00000005045-P,"1,2-Bis(trimethylsiloxy)cyclohexene",,,0,,,0,,,0,-1.0,0.0,3,True,-,0.0
ENSMUSG00000005045-P,"1,2-Cinnolinedicarboxylic acid, 1,2,3,5,6,7,8,8a-octahydro-4-trimethylsilyloxy-, diethyl ester",,,0,,,0,,,0,1.0,0.0,3,True,+,0.0
ENSMUSG00000005045-P,2-Aminoquinolin-8-ol,,,0,,,0,,,0,-1.0,0.0,3,True,-,0.0
ENSMUSG00000005045-P,2-Methyl-3-pentanol,,,0,,,0,0.8999999999999998,0.0373860734684987,5,0.9285714285714288,0.0025194724037946,7,True,+,0.097376722909516
ENSMUSG00000005045-P,"3-Hydroxy-7,3',4',5'-tetramethoxyflavone",,,0,,,0,,,0,-1.0,0.0,3,True,-,0.0
ENSMUSG00000005045-P,Isosorbide,-1.0,0.0,3,,,0,,,0,-1.0,0.0,3,True,-,0.0
ENSMUSG00000005045-P,"l-Leucine, n-butoxycarbonyl-N-methyl-, hexadecyl ester",,,0,,,0,,,0,1.0,0.0,4,True,+,0.0
ENSMUSG00000089875-P,"4-[2-(4,7-Dimethoxy-2H-1,3-benzodioxol-5-yl)ethenyl]-2-methoxyphenol",-0.8660254037844387,0.3333333333333332,3,-1.0,0.0,3,-0.6377481392176932,0.1730711102412598,6,-0.752324983469648,0.0047582590622794,12,True,-,0.1679020985499759
ENSMUSG00000089875-P,Benzeneacetic acid,,,0,,,0,-1.0,0.0,3,-0.9746794344808964,0.0048182304681985,5,True,-,0.1681230918546083
ENSMUSG00000089875-P,L-(+)-Threose,,,0,,,0,1.0,0.0,3,1.0,0.0,3,True,+,0.0
ENSMUSG00000089875-P,L-Threonine,,,0,,,0,1.0,0.0,4,0.9746794344808964,0.0048182304681985,5,True,+,0.1681230918546083
ENSMUSG00000038390-P,"1,2-Bis(trimethylsiloxy)cyclohexene",,,0,,,0,,,0,-1.0,0.0,3,True,-,0.0
ENSMUSG00000038390-P,"13-Docosenamide, (Z)",,,0,,,0,-1.0,0.0,3,-1.0,0.0,3,True,-,0.0
ENSMUSG00000038390-P,"3-Hydroxy-7,3',4',5'-tetramethoxyflavone",,,0,,,0,,,0,-1.0,0.0,3,True,-,0.0
ENSMUSG00000038390-P,Azelaic acid,-0.5,0.6666666666666666,3,-1.0,0.0,3,-0.5217939320872036,0.2883432338003935,6,-0.7880922768806397,0.0023286751402374,12,True,-,0.0910978063660742
ENSMUSG00000038390-P,cis-2-Decenoic acid,,,0,,,0,,,0,1.0,0.0,3,True,+,0.0
ENSMUSG00000038390-P,Isosorbide,-1.0,0.0,3,,,0,,,0,-1.0,0.0,3,True,-,0.0
ENSMUSG00000038390-P,"l-Leucine, n-butoxycarbonyl-N-methyl-, hexadecyl ester",,,0,,,0,,,0,1.0,0.0,4,True,+,0.0
ENSMUSG00000038390-P,L-Val-L-Leu,,,0,,,0,1.0,0.0,3,1.0,0.0,3,True,+,0.0
ENSMUSG00000038390-P,Tyr-Val,,,0,,,0,,,0,1.0,0.0,3,True,+,0.0
ENSMUSG00000002748-P,"13-Docosenamide, (Z)",,,0,,,0,1.0,0.0,3,1.0,0.0,3,True,+,0.0
ENSMUSG00000002748-P,"2,4-Dimethoxybenzaldoxime",,,0,,,0,,,0,1.0,0.0,3,True,+,0.0
ENSMUSG00000002748-P,2-Amino-4-methylbenzophenone,1.0,0.0,3,0.5,0.6666666666666666,3,0.8999999999999998,0.0373860734684987,5,0.8272727272727273,0.0016769738964523,11,True,+,0.0675770348938753
ENSMUSG00000002748-P,"3,4-Dihydroxybenzaldehyde",-1.0,0.0,3,,,0,,,0,-1.0,0.0,3,True,-,0.0
ENSMUSG00000002748-P,L-(+)-Threose,,,0,,,0,1.0,0.0,3,1.0,0.0,3,True,+,0.0
ENSMUSG00000002748-P,L-Ornithine,,,0,,,0,,,0,1.0,0.0,4,True,+,0.0
ENSMUSG00000002748-P,L-Val-L-Leu,,,0,,,0,1.0,0.0,3,1.0,0.0,3,True,+,0.0
ENSMUSG00000002748-P,Octadecanoic acid,,,0,,,0,,,0,-1.0,0.0,3,True,-,0.0
ENSMUSG00000002748-P,Prostaglandin,,,0,-1.0,0.0,3,,,0,-0.942857142857143,0.004804664723032,6,True,-,0.1679020985499759
ENSMUSG00000002748-P,Tyr-Val,,,0,,,0,,,0,1.0,0.0,3,True,+,0.0
ENSMUSG00000001089-P,"1,2-Cyclohexanediol, (Z)",,,0,-0.5,0.6666666666666666,3,-0.8406680016960503,0.0360575728451592,6,-0.8063802242134231,0.0027148021408091,11,True,-,0.103850377023188
ENSMUSG00000001089-P,"13-Docosenamide, (Z)",,,0,,,0,1.0,0.0,3,1.0,0.0,3,True,+,0.0
ENSMUSG00000001089-P,2-Aminoquinolin-8-ol,,,0,,,0,,,0,1.0,0.0,3,True,+,0.0
ENSMUSG00000001089-P,2-Norbornanemethanol,,,0,,,0,,,0,1.0,0.0,3,True,+,0.0
ENSMUSG00000001089-P,"3,3-Dimethylacrylic acid",,,0,,,0,,,0,1.0,0.0,4,True,+,0.0
ENSMUSG00000001089-P,"3-Hydroxy-7,3',4',5'-tetramethoxyflavone",,,0,,,0,,,0,1.0,0.0,3,True,+,0.0
ENSMUSG00000001089-P,"4,5-Dihydro-1H-pyrazole",,,0,,,0,,,0,1.0,0.0,4,True,+,0.0
ENSMUSG00000001089-P,cis-2-Decenoic acid,,,0,,,0,,,0,-1.0,0.0,3,True,-,0.0
ENSMUSG00000001089-P,Isosorbide,1.0,0.0,3,,,0,,,0,1.0,0.0,3,True,+,0.0
ENSMUSG00000034349-P,"(2,5-Dimethoxyphenyl)acetone",1.0,0.0,3,0.5,0.6666666666666666,3,0.942857142857143,0.004804664723032,6,0.9090909090909092,4.191044653034231e-05,12,True,+,0.0018719043817977
ENSMUSG00000034349-P,"1,2-Bis(trimethylsiloxy)cyclohexene",,,0,,,0,,,0,-1.0,0.0,3,True,-,0.0
ENSMUSG00000034349-P,"1,2-Cinnolinedicarboxylic acid, 1,2,3,5,6,7,8,8a-octahydro-4-trimethylsilyloxy-, diethyl ester",,,0,,,0,,,0,-1.0,0.0,3,True,-,0.0
ENSMUSG00000034349-P,2-Aminoquinolin-8-ol,,,0,,,0,,,0,1.0,0.0,3,True,+,0.0
ENSMUSG00000034349-P,2-Buten-1-ol,,,0,,,0,,,0,-0.942857142857143,0.004804664723032,6,True,-,0.1679020985499759
ENSMUSG00000034349-P,2-Methyl-3-pentanol,,,0,,,0,0.7999999999999999,0.1040880386618278,5,0.9285714285714288,0.0025194724037946,7,True,+,0.097376722909516
ENSMUSG00000034349-P,"3,4-Dihydroxybenzaldehyde",-1.0,0.0,3,,,0,,,0,-1.0,0.0,3,True,-,0.0
ENSMUSG00000034349-P,3-Heptanol,-1.0,0.0,3,-1.0,0.0,3,-0.9276336570439176,0.0076658441874731,6,-0.9141870411815418,3.1685945855277265e-05,12,True,-,0.0014173542125886
ENSMUSG00000034349-P,"3-Hydroxy-7,3',4',5'-tetramethoxyflavone",,,0,,,0,,,0,1.0,0.0,3,True,+,0.0
ENSMUSG00000034349-P,"Benzoic acid, methyl ester",1.0,0.0,3,0.5,0.6666666666666666,3,1.0,0.0,6,0.7692307692307694,0.0034464502618274,12,True,+,0.1288426047067842
ENSMUSG00000034349-P,cis-2-Decenoic acid,,,0,,,0,,,0,-1.0,0.0,3,True,-,0.0
ENSMUSG00000034349-P,Glabridin,,,0,,,0,,,0,1.0,0.0,4,True,+,0.0
ENSMUSG00000034349-P,L-(+)-Threose,,,0,,,0,1.0,0.0,3,1.0,0.0,3,True,+,0.0
ENSMUSG00000034349-P,"l-Leucine, n-butoxycarbonyl-N-methyl-, hexadecyl ester",,,0,,,0,,,0,1.0,0.0,4,True,+,0.0
ENSMUSG00000027860-P,2-Aminoquinolin-8-ol,,,0,,,0,,,0,1.0,0.0,3,True,+,0.0
ENSMUSG00000027860-P,2-Norbornanemethanol,,,0,,,0,,,0,-1.0,0.0,3,True,-,0.0
ENSMUSG00000027860-P,3-Hydroxymethyl-2-trimethylsilyloxypentane,,,0,,,0,0.8999999999999998,0.0373860734684987,5,0.942857142857143,0.004804664723032,6,True,+,0.1679020985499759
ENSMUSG00000027860-P,"4,5-Dihydro-1H-pyrazole",,,0,,,0,,,0,1.0,0.0,4,True,+,0.0
ENSMUSG00000027860-P,5-Oxohexanoic Acid,0.5,0.6666666666666666,3,-0.5,0.6666666666666666,3,0.6377481392176932,0.1730711102412598,6,0.7460606887803388,0.0053294347525701,12,True,+,0.1820984623388383
ENSMUSG00000027860-P,Chlorobenzilate ,,,0,,,0,,,0,-1.0,0.0,4,True,-,0.0
ENSMUSG00000027860-P,Glycerol,0.8660254037844387,0.3333333333333332,3,-1.0,0.0,3,0.6,0.208,6,0.8441343943477072,0.0005542616819347,12,True,+,0.0237261700109478
ENSMUSG00000027860-P,L-(+)-Threose,,,0,,,0,1.0,0.0,3,1.0,0.0,3,True,+,0.0
ENSMUSG00000027860-P,L-Val-L-Leu,,,0,,,0,1.0,0.0,3,1.0,0.0,3,True,+,0.0
ENSMUSG00000085890-P,"13-Docosenamide, (Z)",,,0,,,0,1.0,0.0,3,1.0,0.0,3,True,+,0.0
ENSMUSG00000085890-P,"2-Allyl-1,4-dimethoxybenzene",-1.0,0.0,3,,,3,-0.9276336570439174,0.0076658441874731,6,-0.8300297978366247,0.0008335831872651,12,True,-,0.0351430329191222
ENSMUSG00000085890-P,"3,4-Dihydroxybenzaldehyde",-1.0,0.0,3,,,0,,,0,-1.0,0.0,3,True,-,0.0
ENSMUSG00000085890-P,Hexanoic acid,-0.5,0.6666666666666666,3,,,3,-0.7941176470588236,0.0592178913087725,6,-0.7477745926456077,0.0051682846515786,12,True,-,0.178342096631021
ENSMUSG00000085890-P,"Phenol, 2,4-bis(1-methyl-1-phenylethyl)-",-1.0,0.0,3,,,3,-0.9856107606091624,0.0003090856678496,6,-0.742733818913015,0.0056530308227498,12,True,-,0.1922440832339479
ENSMUSG00000085890-P,Tyr-Val,,,0,,,0,,,0,1.0,0.0,3,True,+,0.0
ENSMUSG00000085890-P,Urea,-1.0,0.0,3,,,3,-0.4558823529411764,0.3635491934663136,6,-0.8206826154285546,0.0010714058238164,12,True,-,0.0445048773018287
ENSMUSG00000001014-P,"1,2-Bis(trimethylsiloxy)cyclohexene",,,0,,,0,,,0,1.0,0.0,3,True,+,0.0
ENSMUSG00000001014-P,2-Aminoquinolin-8-ol,,,0,,,0,,,0,-1.0,0.0,3,True,-,0.0
ENSMUSG00000001014-P,3-(4-Methoxyphenyl)coumarin,,,0,,,0,-1.0,0.0,3,-1.0,0.0,4,True,-,0.0
ENSMUSG00000001014-P,"3,4-Dihydroxybenzaldehyde",1.0,0.0,3,,,0,,,0,1.0,0.0,3,True,+,0.0
ENSMUSG00000001014-P,"3,4-Methylenedioxyamphetamine",1.0,0.0,3,,,0,1.0,0.0,4,0.8982196964349441,0.0024387967963823,8,True,+,0.0951385740545402
ENSMUSG00000001014-P,L-Val-L-Leu,,,0,,,0,1.0,0.0,3,1.0,0.0,3,True,+,0.0
ENSMUSG00000001014-P,Tyr-Val,,,0,,,0,,,0,-1.0,0.0,3,True,-,0.0
ENSMUSG00000052056-P,"1,2-Bis(trimethylsiloxy)cyclohexene",,,0,,,0,,,0,1.0,0.0,3,True,+,0.0
ENSMUSG00000052056-P,"1,2-Cinnolinedicarboxylic acid, 1,2,3,5,6,7,8,8a-octahydro-4-trimethylsilyloxy-, diethyl ester",,,0,,,0,,,0,-1.0,0.0,3,True,-,0.0
ENSMUSG00000052056-P,"13-Docosenamide, (Z)",,,0,,,0,-1.0,0.0,3,-1.0,0.0,3,True,-,0.0
ENSMUSG00000052056-P,"1-Octanol, 2-butyl-",-0.5,0.6666666666666666,3,0.5,0.6666666666666666,3,0.7650368522374495,0.0763256359782481,6,0.824566479341442,0.0009669805587122,12,True,+,0.0404162668408335
ENSMUSG00000052056-P,"3,3-Dimethylacrylic acid",,,0,,,0,,,0,1.0,0.0,4,True,+,0.0
ENSMUSG00000052056-P,4-tert-Butyldimethylsiloxy-3-penten-2-one,,,0,,,0,1.0,0.0,4,1.0,0.0,4,True,+,0.0
ENSMUSG00000052056-P,7-Hydroxy-4-(methoxymethyl)coumarin,,,0,,,0,1.0,0.0,3,1.0,0.0,4,True,+,0.0
ENSMUSG00000052056-P,cis-2-Decenoic acid,,,0,,,0,,,0,-1.0,0.0,3,True,-,0.0
ENSMUSG00000052056-P,Glabridin,,,0,,,0,,,0,1.0,0.0,4,True,+,0.0
ENSMUSG00000052056-P,N-Ethylamphetamine,0.5,0.6666666666666666,3,,,0,0.9276336570439176,0.0076658441874731,6,0.8036613463599127,0.0028785141033962,11,True,+,0.1099518714375872
ENSMUSG00000052056-P,Phytanic acid,0.8660254037844387,0.3333333333333332,3,1.0,0.0,3,0.4413674147523747,0.3809392104771887,6,0.7979021271386156,0.0018701848339806,12,True,+,0.0749293229553032
ENSMUSG00000052056-P,tert-butyl(dimethyl)silyl-2-([tert-butyl(dimethyl)silyl]oxy)hex-2-enoate,,,0,,,0,-1.0,0.0,4,-1.0,0.0,4,True,-,0.0
ENSMUSG00000052056-P,Tyr-Val,,,0,,,0,,,0,-1.0,0.0,3,True,-,0.0
ENSMUSG00000020235-P,"1,2-Bis(trimethylsiloxy)cyclohexene",,,0,,,0,,,0,1.0,0.0,3,True,+,0.0
ENSMUSG00000020235-P,"3,4-Dihydroxybenzaldehyde",1.0,0.0,3,,,0,,,0,1.0,0.0,3,True,+,0.0
ENSMUSG00000020235-P,"l-Leucine, n-butoxycarbonyl-N-methyl-, hexadecyl ester",,,0,,,0,,,0,-1.0,0.0,4,True,-,0.0
ENSMUSG00000020235-P,L-Val-L-Leu,,,0,,,0,-1.0,0.0,3,-1.0,0.0,3,True,-,0.0
ENSMUSG00000020235-P,"N-[(3,4,5-Trimethoxyphenyl)methylidene]hydroxylamine",,,0,,,0,-1.0,0.0,3,-1.0,0.0,3,True,-,0.0
ENSMUSG00000071637-P,"1,2-Bis(trimethylsiloxy)cyclohexene",,,0,,,0,,,0,-1.0,0.0,3,True,-,0.0
ENSMUSG00000071637-P,"13-Docosenamide, (Z)",,,0,,,0,-1.0,0.0,3,-1.0,0.0,3,True,-,0.0
ENSMUSG00000071637-P,"2,4-Dimethoxybenzaldoxime",,,0,,,0,,,0,-1.0,0.0,3,True,-,0.0
ENSMUSG00000071637-P,2-Aminoquinolin-8-ol,,,0,,,0,,,0,-1.0,0.0,3,True,-,0.0
ENSMUSG00000071637-P,"3-Hydroxy-7,3',4',5'-tetramethoxyflavone",,,0,,,0,,,0,-1.0,0.0,3,True,-,0.0
ENSMUSG00000071637-P,"6-Aminocaproic acid, N-(tert.-butyldimethylsilyl)",-0.8660254037844387,0.3333333333333332,3,-0.8660254037844387,0.3333333333333332,3,-1.0,0.0,4,-0.8109906863144085,0.0044141850671481,10,True,-,0.1596226770387545
ENSMUSG00000071637-P,Azelaic acid,-0.5,0.6666666666666666,3,-1.0,0.0,3,-0.8116794499134279,0.0498575851013403,6,-0.7775843798555645,0.0029101723128612,12,True,-,0.1110190620867663
ENSMUSG00000071637-P,Isosorbide,-1.0,0.0,3,,,0,,,0,-1.0,0.0,3,True,-,0.0
ENSMUSG00000071637-P,"l-Leucine, n-butoxycarbonyl-N-methyl-, hexadecyl ester",,,0,,,0,,,0,1.0,0.0,4,True,+,0.0
ENSMUSG00000071637-P,Tyr-Val,,,0,,,0,,,0,1.0,0.0,3,True,+,0.0
ENSMUSG00000097462-P,"1-Octanol, 2-butyl-",0.5,0.6666666666666666,3,-0.5,0.6666666666666666,3,0.7650368522374495,0.0763256359782481,6,0.7820750215060266,0.0026495451793846,12,True,+,0.1017078761309238
ENSMUSG00000097462-P,2-Methyl-3-pentanol,,,0,,,0,0.8999999999999998,0.0373860734684987,5,0.9285714285714288,0.0025194724037946,7,True,+,0.097376722909516
ENSMUSG00000097462-P,"3-Hydroxy-7,3',4',5'-tetramethoxyflavone",,,0,,,0,,,0,1.0,0.0,3,True,+,0.0
ENSMUSG00000097462-P,"4,5-Dihydro-1H-pyrazole",,,0,,,0,,,0,1.0,0.0,4,True,+,0.0
ENSMUSG00000097462-P,Isosorbide,1.0,0.0,3,,,0,,,0,1.0,0.0,3,True,+,0.0
ENSMUSG00000097462-P,N-Methylacetamide,-1.0,0.0,3,0.8660254037844387,0.3333333333333332,3,0.8116794499134279,0.0498575851013403,6,0.9138854183890648,3.2229984228975006e-05,12,True,+,0.0014413811868155
ENSMUSG00000097462-P,Tyr-Val,,,0,,,0,,,0,-1.0,0.0,3,True,-,0.0
ENSMUSG00000043263-P,"13-Docosenamide, (Z)",,,0,,,0,-1.0,0.0,3,-1.0,0.0,3,True,-,0.0
ENSMUSG00000043263-P,2-Aminoquinolin-8-ol,,,0,,,0,,,0,-1.0,0.0,3,True,-,0.0
ENSMUSG00000043263-P,5-Azacytosine,-0.8660254037844387,0.3333333333333332,3,-0.8660254037844387,0.3333333333333332,3,-0.8823529411764706,0.0199470791776918,6,-0.8113354330204844,0.0013583873649192,12,True,-,0.0557496476185852
ENSMUSG00000043263-P,L-(+)-Threose,,,0,,,0,-1.0,0.0,3,-1.0,0.0,3,True,-,0.0
ENSMUSG00000043263-P,Oleic Acid,1.0,0.0,3,,,0,,,0,1.0,0.0,3,True,+,0.0
ENSMUSG00000019173-P,"13-Docosenamide, (Z)",,,0,,,0,-1.0,0.0,3,-1.0,0.0,3,True,-,0.0
ENSMUSG00000019173-P,"2,4-Dimethoxybenzaldoxime",,,0,,,0,,,0,-1.0,0.0,3,True,-,0.0
ENSMUSG00000019173-P,"3-Hydroxy-7,3',4',5'-tetramethoxyflavone",,,0,,,0,,,0,-1.0,0.0,3,True,-,0.0
ENSMUSG00000019173-P,cis-2-Decenoic acid,,,0,,,0,,,0,1.0,0.0,3,True,+,0.0
ENSMUSG00000019173-P,Diclofenac,,,0,,,0,,,0,-1.0,0.0,4,True,-,0.0
ENSMUSG00000019173-P,Isosorbide,-1.0,0.0,3,,,0,,,0,-1.0,0.0,3,True,-,0.0
ENSMUSG00000019173-P,Octadecanoic acid,,,0,,,0,,,0,-1.0,0.0,3,True,-,0.0
ENSMUSG00000019173-P,Tyr-Val,,,0,,,0,,,0,1.0,0.0,3,True,+,0.0
ENSMUSG00000009076-P,"13-Docosenamide, (Z)",,,0,,,0,1.0,0.0,3,1.0,0.0,3,True,+,0.0
ENSMUSG00000009076-P,"2,4-Dimethoxybenzaldoxime",,,0,,,0,,,0,1.0,0.0,3,True,+,0.0
ENSMUSG00000009076-P,"4,5-Dihydro-1H-pyrazole",,,0,,,0,,,0,1.0,0.0,4,True,+,0.0
ENSMUSG00000009076-P,L-Val-L-Leu,,,0,,,0,-1.0,0.0,3,-1.0,0.0,3,True,-,0.0
ENSMUSG00000009076-P,Tyr-Val,,,0,,,0,,,0,-1.0,0.0,3,True,-,0.0
ENSMUSG00000054792-P,"2,4-Dimethoxybenzaldoxime",,,0,,,0,,,0,1.0,0.0,3,True,+,0.0
ENSMUSG00000054792-P,"2-Methylcyclohexylamine, tert.-butyldimethylsilyl ether",,,0,,,0,1.0,0.0,4,0.942857142857143,0.004804664723032,6,True,+,0.1679020985499759
ENSMUSG00000054792-P,cis-2-Decenoic acid,,,0,,,0,,,0,1.0,0.0,3,True,+,0.0
ENSMUSG00000054792-P,Isosorbide,-1.0,0.0,3,,,0,,,0,-1.0,0.0,3,True,-,0.0
ENSMUSG00000054792-P,L-(+)-Threose,,,0,,,0,1.0,0.0,3,1.0,0.0,3,True,+,0.0
ENSMUSG00000054792-P,L-Val-L-Leu,,,0,,,0,-1.0,0.0,3,-1.0,0.0,3,True,-,0.0
ENSMUSG00000054792-P,Tyr-Val,,,0,,,0,,,0,1.0,0.0,3,True,+,0.0
ENSMUSG00000020491-P,"1,2-Bis(trimethylsiloxy)cyclohexene",,,0,,,0,,,0,-1.0,0.0,3,True,-,0.0
ENSMUSG00000020491-P,2-Norbornanemethanol,,,0,,,0,,,0,1.0,0.0,3,True,+,0.0
ENSMUSG00000020491-P,3-(4-Methoxyphenyl)coumarin,,,0,,,0,1.0,0.0,3,1.0,0.0,4,True,+,0.0
ENSMUSG00000020491-P,"Benzene, 1-ethyl-3,5-dimethyl",,,0,,,0,,,0,1.0,0.0,4,True,+,0.0
ENSMUSG00000020491-P,L-Val-L-Leu,,,0,,,0,-1.0,0.0,3,-1.0,0.0,3,True,-,0.0
ENSMUSG00000020491-P,"N-[(3,4,5-Trimethoxyphenyl)methylidene]hydroxylamine",,,0,,,0,1.0,0.0,3,1.0,0.0,3,True,+,0.0
ENSMUSG00000020491-P,Propanoic acid,,,0,,,0,0.5642880936468347,0.3217233358243003,5,0.8982196964349441,0.0024387967963823,8,True,+,0.0951385740545402
ENSMUSG00000018570-P,Benzeneacetic acid,,,0,,,0,-1.0,0.0,3,-0.9746794344808964,0.0048182304681985,5,True,-,0.1681230918546083
ENSMUSG00000018570-P,L-Val-L-Leu,,,0,,,0,-1.0,0.0,3,-1.0,0.0,3,True,-,0.0
ENSMUSG00000066800-P,"13-Docosenamide, (Z)",,,0,,,0,1.0,0.0,3,1.0,0.0,3,True,+,0.0
ENSMUSG00000066800-P,2-Norbornanemethanol,,,0,,,0,,,0,1.0,0.0,3,True,+,0.0
ENSMUSG00000066800-P,"3,4-Dihydroxybenzaldehyde",-1.0,0.0,3,,,0,,,0,-1.0,0.0,3,True,-,0.0
ENSMUSG00000066800-P,"3,5-Dimethylphenol",-0.5,0.6666666666666666,3,-1.0,0.0,3,-0.8999999999999998,0.0373860734684987,5,-0.7706746355884524,0.0055006155925126,11,True,-,0.1876535467504218
ENSMUSG00000066800-P,4-Oxohexanoic acid,-1.0,0.0,3,-1.0,0.0,3,-1.0,0.0,4,-0.9019083851355776,0.0003592904543883,10,True,-,0.0156331002790277
ENSMUSG00000066800-P,Heptanoic acid,-0.5,0.6666666666666666,3,-1.0,0.0,3,-0.753702346348183,0.0835232813732598,6,-0.7442784956146897,0.0055009953759277,12,True,-,0.1876535467504218
ENSMUSG00000066800-P,L-Serine,-1.0,0.0,3,,,0,,,0,-0.9746794344808964,0.0048182304681985,5,True,-,0.1681230918546083
ENSMUSG00000066800-P,N-Acetylaspartic acid,-1.0,0.0,3,-1.0,0.0,3,-0.7,0.1881204043741873,5,-0.7706746355884524,0.0055006155925126,11,True,-,0.1876535467504218
ENSMUSG00000066800-P,Octadecanoic acid,,,0,,,0,,,0,-1.0,0.0,3,True,-,0.0
ENSMUSG00000066800-P,Pentanedioic acid,-1.0,0.0,3,,,0,-0.7247137945655605,0.1032428046237076,6,-0.7770299731877788,0.0048955161017954,11,True,-,0.1703362421830359
ENSMUSG00000066800-P,Pentanoic acid,-1.0,0.0,3,-1.0,0.0,3,-0.7714285714285715,0.0723965014577259,6,-0.7817095248764386,0.0026700659830202,12,True,-,0.1024203389925171
ENSMUSG00000066800-P,Prostaglandin,,,0,-1.0,0.0,3,,,0,-0.942857142857143,0.004804664723032,6,True,-,0.1679020985499759
ENSMUSG00000066800-P,Tyr-Val,,,0,,,0,,,0,1.0,0.0,3,True,+,0.0
ENSMUSG00000028053-P,"13-Docosenamide, (Z)",,,0,,,0,1.0,0.0,3,1.0,0.0,3,True,+,0.0
ENSMUSG00000028053-P,"2,4-Dimethoxybenzaldoxime",,,0,,,0,,,0,1.0,0.0,3,True,+,0.0
ENSMUSG00000028053-P,2-Aminoquinolin-8-ol,,,0,,,0,,,0,1.0,0.0,3,True,+,0.0
ENSMUSG00000028053-P,"3-Hydroxy-7,3',4',5'-tetramethoxyflavone",,,0,,,0,,,0,1.0,0.0,3,True,+,0.0
ENSMUSG00000028053-P,"4,5-Dihydro-1H-pyrazole",,,0,,,0,,,0,1.0,0.0,4,True,+,0.0
ENSMUSG00000028053-P,7-Hydroxy-4-(methoxymethyl)coumarin,,,0,,,0,1.0,0.0,3,1.0,0.0,4,True,+,0.0
ENSMUSG00000028053-P,cis-2-Decenoic acid,,,0,,,0,,,0,-1.0,0.0,3,True,-,0.0
ENSMUSG00000028053-P,Glabridin,,,0,,,0,,,0,1.0,0.0,4,True,+,0.0
ENSMUSG00000028053-P,Isosorbide,1.0,0.0,3,,,0,,,0,1.0,0.0,3,True,+,0.0
ENSMUSG00000032261-P,2-Aminoquinolin-8-ol,,,0,,,0,,,0,-1.0,0.0,3,True,-,0.0
ENSMUSG00000032261-P,"3,4-Dihydroxybenzaldehyde",1.0,0.0,3,,,0,,,0,1.0,0.0,3,True,+,0.0
ENSMUSG00000032261-P,L-(+)-Threose,,,0,,,0,1.0,0.0,3,1.0,0.0,3,True,+,0.0
ENSMUSG00000032261-P,Lignoceric acid,0.5,0.6666666666666666,3,0.5,0.6666666666666666,3,0.9276336570439176,0.0076658441874731,6,0.8371291296643238,0.0006820012896813,12,True,+,0.0290041419633647
ENSMUSG00000032261-P,Myristic acid,0.5,0.6666666666666666,3,-0.5,0.6666666666666666,3,0.5002164033860247,0.3122565813186084,6,0.7929873375794294,0.0020902874654805,12,True,+,0.0826385360525062
ENSMUSG00000032261-P,"N-[(3,4,5-Trimethoxyphenyl)methylidene]hydroxylamine",,,0,,,0,1.0,0.0,3,1.0,0.0,3,True,+,0.0
ENSMUSG00000032261-P,Pipecolic acid,0.5,0.6666666666666666,3,0.0,1.0,3,0.6571428571428573,0.1561749271137024,6,0.7530659534637223,0.0046938930486737,12,True,+,0.1673621183600482
ENSMUSG00000032261-P,Tyr-Val,,,0,,,0,,,0,-1.0,0.0,3,True,-,0.0
ENSMUSG00000029551-P,2-Norbornanemethanol,,,0,,,0,,,0,-1.0,0.0,3,True,-,0.0
ENSMUSG00000029551-P,"3,4-Dihydroxybenzaldehyde",1.0,0.0,3,,,0,,,0,1.0,0.0,3,True,+,0.0
ENSMUSG00000029551-P,4-tert-Butyldimethylsiloxy-3-penten-2-one,,,0,,,0,-1.0,0.0,4,-1.0,0.0,4,True,-,0.0
ENSMUSG00000029551-P,Niacinamide,,,0,1.0,0.0,3,0.4857142857142857,0.3287230320699708,6,0.8181818181818182,0.0020831448404786,11,True,+,0.0824810087113129
ENSMUSG00000029551-P,Phenol,-1.0,0.0,3,-0.5,0.6666666666666666,3,-0.6,0.2847569798652938,5,-0.7818181818181819,0.004473162252783,11,True,-,0.1611140357001344
ENSMUSG00000029551-P,"Propanoic acid, 3-[(tert-butyldimethylsilyl)oxy]-2-methyl-",1.0,0.0,3,,,0,0.8986451052612952,0.0148886220055803,6,0.8063802242134231,0.0027148021408091,11,True,+,0.103850377023188
ENSMUSG00000029551-P,tert-butyl(dimethyl)silyl-2-([tert-butyl(dimethyl)silyl]oxy)hex-2-enoate,,,0,,,0,1.0,0.0,4,1.0,0.0,4,True,+,0.0
ENSMUSG00000027210-P,"3-Hydroxy-7,3',4',5'-tetramethoxyflavone",,,0,,,0,,,0,-1.0,0.0,3,True,-,0.0
ENSMUSG00000027210-P,Isosorbide,-1.0,0.0,3,,,0,,,0,-1.0,0.0,3,True,-,0.0
ENSMUSG00000027210-P,L-Leucine,-1.0,0.0,3,0.5,0.6666666666666666,3,-0.7142857142857143,0.1107871720116617,6,-0.7552447552447553,0.0045084354842942,12,True,-,0.1619683642032021
ENSMUSG00000027210-P,L-Val-L-Leu,,,0,,,0,-1.0,0.0,3,-1.0,0.0,3,True,-,0.0
ENSMUSG00000027210-P,"N-[(3,4,5-Trimethoxyphenyl)methylidene]hydroxylamine",,,0,,,0,-1.0,0.0,3,-1.0,0.0,3,True,-,0.0
ENSMUSG00000017286-P,"1,2-Bis(trimethylsiloxy)cyclohexene",,,0,,,0,,,0,1.0,0.0,3,True,+,0.0
ENSMUSG00000017286-P,"2,3-Butanediol, O-(trimethylsilyl)-, monoacetate",1.0,0.0,3,0.8660254037844387,0.3333333333333332,3,0.9746794344808964,0.0048182304681985,5,0.8630226958069518,0.0006236016959127,11,True,+,0.0266126099558822
ENSMUSG00000017286-P,"2,4-Dimethoxybenzaldoxime",,,0,,,0,,,0,1.0,0.0,3,True,+,0.0
ENSMUSG00000017286-P,"2,4-Di-tert-butylphenol",1.0,0.0,3,1.0,0.0,3,,,0,0.9642857142857144,0.0004541491691941,7,True,+,0.0196011697980853
ENSMUSG00000017286-P,"2-Cyclohexen-1-one, 3-methyl-",0.5,0.6666666666666666,3,1.0,0.0,3,0.942857142857143,0.004804664723032,6,0.8251748251748254,0.0009513628555555,12,True,+,0.0397714595917899
ENSMUSG00000017286-P,"3,4-Dihydroxybenzaldehyde",1.0,0.0,3,,,0,,,0,1.0,0.0,3,True,+,0.0
ENSMUSG00000017286-P,"3-Hydroxy-7,3',4',5'-tetramethoxyflavone",,,0,,,0,,,0,-1.0,0.0,3,True,-,0.0
ENSMUSG00000017286-P,8-Methylnonanoic acid,1.0,0.0,3,1.0,0.0,3,0.8406680016960503,0.0360575728451592,6,0.8406317620060156,0.0006155686440654,12,True,+,0.0262751608766138
ENSMUSG00000017286-P,alpha-Hydroxyisobutyric acid,,,0,,,0,0.8857142857142858,0.0188454810495626,6,0.880952380952381,0.0038503204637324,8,True,+,0.1414605165627303
ENSMUSG00000017286-P,Butanedioic acid,1.0,0.0,3,1.0,0.0,3,0.8285714285714287,0.0415626822157433,6,0.8531468531468532,0.0004181179404149,12,True,+,0.0181436266812646
ENSMUSG00000017286-P,Hydracrylic acid,0.5,0.6666666666666666,3,1.0,0.0,3,0.942857142857143,0.004804664723032,6,0.8881118881118882,0.0001141335981461,12,True,+,0.0050555594650511
ENSMUSG00000017286-P,L-(+)-Threose,,,0,,,0,1.0,0.0,3,1.0,0.0,3,True,+,0.0
ENSMUSG00000017286-P,Lignoceric acid,0.5,0.6666666666666666,3,1.0,0.0,3,0.6957252427829382,0.1247893374402869,6,0.7775843798555645,0.0029101723128612,12,True,+,0.1110190620867663
ENSMUSG00000017286-P,L-Valine,1.0,0.0,3,1.0,0.0,3,0.7714285714285715,0.0723965014577259,6,0.7902097902097903,0.0022231354099909,12,True,+,0.0874109733841736
ENSMUSG00000017286-P,Myristic acid,0.5,0.6666666666666666,3,0.5,0.6666666666666666,3,0.7356123579206245,0.0956107807382797,6,0.810531305224992,0.0013855829221512,12,True,+,0.0567098326648916
ENSMUSG00000017286-P,N-Acetyl-L-alanine,0.5,0.6666666666666666,3,0.5,0.6666666666666666,3,0.8285714285714287,0.0415626822157433,6,0.8601398601398602,0.0003316683391269,12,True,+,0.0144523008920071
ENSMUSG00000017286-P,Pipecolic acid,0.5,0.6666666666666666,3,0.8660254037844387,0.3333333333333332,3,1.0,0.0,6,0.91068440883985,3.846947982904686e-05,12,True,+,0.0017193183134718
ENSMUSG00000017286-P,Suberic acid,,,0,1.0,0.0,3,1.0,0.0,6,0.990909090909091,3.762571807085396e-09,11,True,+,1.688470260679602e-07
ENSMUSG00000017286-P,tert-butyl(dimethyl)silyl-2-([tert-butyl(dimethyl)silyl]oxy)hex-2-enoate,,,0,,,0,1.0,0.0,4,1.0,0.0,4,True,+,0.0
ENSMUSG00000017286-P,Tyr-Val,,,0,,,0,,,0,-1.0,0.0,3,True,-,0.0
ENSMUSG00000027957-P,"1,2-Bis(trimethylsiloxy)cyclohexene",,,0,,,0,,,0,1.0,0.0,3,True,+,0.0
ENSMUSG00000027957-P,"1,2-Cinnolinedicarboxylic acid, 1,2,3,5,6,7,8,8a-octahydro-4-trimethylsilyloxy-, diethyl ester",,,0,,,0,,,0,-1.0,0.0,3,True,-,0.0
ENSMUSG00000027957-P,"3-Hydroxy-7,3',4',5'-tetramethoxyflavone",,,0,,,0,,,0,1.0,0.0,3,True,+,0.0
ENSMUSG00000027957-P,6-Nitroveratryl alcohol,,,0,,,0,1.0,0.0,3,1.0,1.4042654220543602e-24,5,True,+,6.303055151107153e-23
ENSMUSG00000027957-P,"Cyclopentaneacetic acid, 3-oxo-2-pentyl-, methyl ester",0.5,0.6666666666666666,3,1.0,0.0,3,0.4638168285219587,0.3541642984362303,6,0.7635738504887974,0.0038500936565595,12,True,+,0.1414605165627303
ENSMUSG00000027957-P,Glabridin,,,0,,,0,,,0,1.0,0.0,4,True,+,0.0
ENSMUSG00000027957-P,Isosorbide,1.0,0.0,3,,,0,,,0,1.0,0.0,3,True,+,0.0
ENSMUSG00000027957-P,"N-[(3,4,5-Trimethoxyphenyl)methylidene]hydroxylamine",,,0,,,0,1.0,0.0,3,1.0,0.0,3,True,+,0.0
ENSMUSG00000027957-P,Phytanic acid,0.0,1.0,3,1.0,0.0,3,0.4413674147523747,0.3809392104771887,6,0.745177316975271,0.0054139591882217,12,True,+,0.1848958209851327
ENSMUSG00000027957-P,Tyr-Val,,,0,,,0,,,0,-1.0,0.0,3,True,-,0.0
ENSMUSG00000086851-P,"1,2-Bis(trimethylsiloxy)cyclohexene",,,0,,,0,,,0,1.0,0.0,3,True,+,0.0
ENSMUSG00000086851-P,"13-Docosenamide, (Z)",,,0,,,0,1.0,0.0,3,1.0,0.0,3,True,+,0.0
ENSMUSG00000086851-P,"3,4-Dihydroxybenzaldehyde",1.0,0.0,3,,,0,,,0,1.0,0.0,3,True,+,0.0
ENSMUSG00000086851-P,Glabridin,,,0,,,0,,,0,-1.0,0.0,4,True,-,0.0
ENSMUSG00000086851-P,"l-Leucine, n-butoxycarbonyl-N-methyl-, hexadecyl ester",,,0,,,0,,,0,-1.0,0.0,4,True,-,0.0
ENSMUSG00000056999-P,"2,4-Dimethoxybenzaldoxime",,,0,,,0,,,0,-1.0,0.0,3,True,-,0.0
ENSMUSG00000056999-P,3-(4-Methoxyphenyl)coumarin,,,0,,,0,1.0,0.0,3,1.0,0.0,4,True,+,0.0
ENSMUSG00000056999-P,"3,4-Dihydroxybenzaldehyde",-1.0,0.0,3,,,0,,,0,-1.0,0.0,3,True,-,0.0
ENSMUSG00000056999-P,Glabridin,,,0,,,0,,,0,1.0,0.0,4,True,+,0.0
ENSMUSG00000056999-P,"N-[(3,4,5-Trimethoxyphenyl)methylidene]hydroxylamine",,,0,,,0,1.0,0.0,3,1.0,0.0,3,True,+,0.0
ENSMUSG00000102101-P,"1,2-Bis(trimethylsiloxy)cyclohexene",,,0,,,0,,,0,1.0,0.0,3,True,+,0.0
ENSMUSG00000102101-P,"3-(4,7-Dimethoxy-2H-1,3-benzodioxol-5-yl)-2-methylprop-2-enal",1.0,0.0,3,-0.5,0.6666666666666666,3,0.6,0.208,6,0.7692307692307694,0.0034464502618274,12,True,+,0.1288426047067842
ENSMUSG00000102101-P,"3-Hydroxy-7,3',4',5'-tetramethoxyflavone",,,0,,,0,,,0,1.0,0.0,3,True,+,0.0
ENSMUSG00000102101-P,4-Methoxyphenol,0.5,0.6666666666666666,3,,,0,0.7999999999999999,0.2000000000000001,4,0.9285714285714288,0.0008629681828999,8,True,+,0.0362866919169058
ENSMUSG00000102101-P,Chlorobenzilate ,,,0,,,0,,,0,1.0,0.0,4,True,+,0.0
ENSMUSG00000102101-P,cis-2-Decenoic acid,,,0,,,0,,,0,-1.0,0.0,3,True,-,0.0
ENSMUSG00000102101-P,Isosorbide,1.0,0.0,3,,,0,,,0,1.0,0.0,3,True,+,0.0
ENSMUSG00000102101-P,Tyr-Val,,,0,,,0,,,0,-1.0,0.0,3,True,-,0.0
ENSMUSG00000051297-P,2-Aminoquinolin-8-ol,,,0,,,0,,,0,-1.0,0.0,3,True,-,0.0
ENSMUSG00000051297-P,3-(4-Methoxyphenyl)coumarin,,,0,,,0,-1.0,0.0,3,-1.0,0.0,4,True,-,0.0
ENSMUSG00000051297-P,"3,3-Dimethylacrylic acid",,,0,,,0,,,0,1.0,0.0,4,True,+,0.0
ENSMUSG00000051297-P,"4,5-Dihydro-1H-pyrazole",,,0,,,0,,,0,1.0,0.0,4,True,+,0.0
ENSMUSG00000051297-P,cis-2-Decenoic acid,,,0,,,0,,,0,1.0,0.0,3,True,+,0.0
ENSMUSG00000051297-P,Luciferin,,,0,,,0,,,0,-1.0,0.0,4,True,-,0.0
ENSMUSG00000051297-P,L-Val-L-Leu,,,0,,,0,1.0,0.0,3,1.0,0.0,3,True,+,0.0
ENSMUSG00000051297-P,Oleic Acid,1.0,0.0,3,,,0,,,0,1.0,0.0,3,True,+,0.0
ENSMUSG00000103731-P,"13-Docosenamide, (Z)",,,0,,,0,-1.0,0.0,3,-1.0,0.0,3,True,-,0.0
ENSMUSG00000103731-P,"3,4-Dihydroxybenzaldehyde",1.0,0.0,3,,,0,,,0,1.0,0.0,3,True,+,0.0
ENSMUSG00000103731-P,cis-2-Decenoic acid,,,0,,,0,,,0,1.0,0.0,3,True,+,0.0
ENSMUSG00000103731-P,Niacinamide,,,0,0.5,0.6666666666666666,3,0.7142857142857143,0.1107871720116617,6,0.8181818181818182,0.0020831448404786,11,True,+,0.0824810087113129
ENSMUSG00000078486-P,"3,4-Dihydroxybenzaldehyde",1.0,0.0,3,,,0,,,0,1.0,0.0,3,True,+,0.0
ENSMUSG00000078486-P,"4,5-Dihydro-1H-pyrazole",,,0,,,0,,,0,1.0,0.0,4,True,+,0.0
ENSMUSG00000078486-P,7-Hydroxy-4-(methoxymethyl)coumarin,,,0,,,0,-1.0,0.0,3,-1.0,0.0,4,True,-,0.0
ENSMUSG00000078486-P,L-Val-L-Leu,,,0,,,0,-1.0,0.0,3,-1.0,0.0,3,True,-,0.0
ENSMUSG00000003190-P,"2,4-Dimethoxybenzaldoxime",,,0,,,0,,,0,-1.0,0.0,3,True,-,0.0
ENSMUSG00000003190-P,2-Norbornanemethanol,,,0,,,0,,,0,1.0,0.0,3,True,+,0.0
ENSMUSG00000003190-P,3-(4-Methoxyphenyl)coumarin,,,0,,,0,1.0,0.0,3,1.0,0.0,4,True,+,0.0
ENSMUSG00000003190-P,"3-Hydroxy-7,3',4',5'-tetramethoxyflavone",,,0,,,0,,,0,1.0,0.0,3,True,+,0.0
ENSMUSG00000003190-P,4-Methoxyphenol,0.5,0.6666666666666666,3,,,0,0.6000000000000001,0.4,4,0.880952380952381,0.0038503204637324,8,True,+,0.1414605165627303
ENSMUSG00000003190-P,cis-2-Decenoic acid,,,0,,,0,,,0,-1.0,0.0,3,True,-,0.0
ENSMUSG00000003190-P,Isosorbide,1.0,0.0,3,,,0,,,0,1.0,0.0,3,True,+,0.0
ENSMUSG00000003190-P,L-Val-L-Leu,,,0,,,0,-1.0,0.0,3,-1.0,0.0,3,True,-,0.0
ENSMUSG00000003190-P,"N-[(3,4,5-Trimethoxyphenyl)methylidene]hydroxylamine",,,0,,,0,1.0,0.0,3,1.0,0.0,3,True,+,0.0
ENSMUSG00000003190-P,Propanoic acid,,,0,,,0,0.5642880936468347,0.3217233358243003,5,0.8742671711966791,0.004512385603651,8,True,+,0.1619683642032021
ENSMUSG00000003190-P,Spiroxamine,,,0,,,0,0.7,0.1881204043741873,5,0.8833333333333333,0.0015905004234978,9,True,+,0.0645907013577512
ENSMUSG00000003190-P,Tyr-Val,,,0,,,0,,,0,-1.0,0.0,3,True,-,0.0
ENSMUSG00000051285-P,"1,2-Cinnolinedicarboxylic acid, 1,2,3,5,6,7,8,8a-octahydro-4-trimethylsilyloxy-, diethyl ester",,,0,,,0,,,0,1.0,0.0,3,True,+,0.0
ENSMUSG00000051285-P,"3-(4,7-Dimethoxy-2H-1,3-benzodioxol-5-yl)-2-methylprop-2-enal",0.5,0.6666666666666666,3,0.5,0.6666666666666666,3,0.6571428571428573,0.1561749271137024,6,0.7482517482517484,0.005124081698753,12,True,+,0.176962914072306
ENSMUSG00000051285-P,Azelaic acid,1.0,0.0,3,-0.5,0.6666666666666666,3,0.6377481392176932,0.1730711102412598,6,0.7705791151721809,0.0033551786239375,12,True,+,0.1259035599291489
ENSMUSG00000051285-P,cis-2-Decenoic acid,,,0,,,0,,,0,-1.0,0.0,3,True,-,0.0
ENSMUSG00000051285-P,Tyr-Val,,,0,,,0,,,0,-1.0,0.0,3,True,-,0.0
ENSMUSG00000098098-P,"1,2-Bis(trimethylsiloxy)cyclohexene",,,0,,,0,,,0,1.0,0.0,3,True,+,0.0
ENSMUSG00000098098-P,"1,2-Cinnolinedicarboxylic acid, 1,2,3,5,6,7,8,8a-octahydro-4-trimethylsilyloxy-, diethyl ester",,,0,,,0,,,0,1.0,0.0,3,True,+,0.0
ENSMUSG00000098098-P,2-Norbornanemethanol,,,0,,,0,,,0,1.0,0.0,3,True,+,0.0
ENSMUSG00000098098-P,4-tert-Butyldimethylsiloxy-3-penten-2-one,,,0,,,0,-1.0,0.0,4,-1.0,0.0,4,True,-,0.0
ENSMUSG00000098098-P,cis-2-Decenoic acid,,,0,,,0,,,0,-1.0,0.0,3,True,-,0.0
ENSMUSG00000098098-P,Isosorbide,1.0,0.0,3,,,0,,,0,1.0,0.0,3,True,+,0.0
ENSMUSG00000098098-P,"N-[(3,4,5-Trimethoxyphenyl)methylidene]hydroxylamine",,,0,,,0,-1.0,0.0,3,-1.0,0.0,3,True,-,0.0
ENSMUSG00000098098-P,Stearic acid,-0.8660254037844387,0.3333333333333332,3,-0.5,0.6666666666666666,3,-1.0,0.0,4,-0.9300954818304988,9.596084056886828e-05,10,True,-,0.0042605308177771
ENSMUSG00000051510-P,"1,2-Bis(trimethylsiloxy)cyclohexene",,,0,,,0,,,0,1.0,0.0,3,True,+,0.0
ENSMUSG00000051510-P,2-Norbornanemethanol,,,0,,,0,,,0,1.0,0.0,3,True,+,0.0
ENSMUSG00000051510-P,"3-Hydroxy-7,3',4',5'-tetramethoxyflavone",,,0,,,0,,,0,1.0,0.0,3,True,+,0.0
ENSMUSG00000051510-P,"5-Ethyl-1,3-dioxane-5-methanol, tert-butyldimethylsilyl ether",-1.0,0.0,3,,,0,-1.0,0.0,4,-0.9,0.0009430623223403,9,True,-,0.0395272701363655
ENSMUSG00000051510-P,"Benzoic acid, methyl ester",0.5,0.6666666666666666,3,-0.5,0.6666666666666666,3,0.8285714285714287,0.0415626822157433,6,0.8321678321678322,0.0007854416778536,12,True,+,0.0332610831314817
ENSMUSG00000051510-P,Isosorbide,1.0,0.0,3,,,0,,,0,1.0,0.0,3,True,+,0.0
ENSMUSG00000051510-P,L-(+)-Threose,,,0,,,0,1.0,0.0,3,1.0,0.0,3,True,+,0.0
ENSMUSG00000051510-P,L-Norleucine,,,0,,,0,-1.0,1.4042654220543602e-24,5,-0.9642857142857144,0.0004541491691941,7,True,-,0.0196011697980853
ENSMUSG00000051510-P,Luciferin,,,0,,,0,,,0,-1.0,0.0,4,True,-,0.0
ENSMUSG00000051510-P,N-Ethylamphetamine,1.0,0.0,3,,,0,0.6377481392176932,0.1730711102412598,6,0.831058892258546,0.0015265983452635,11,True,+,0.0622132744800771
ENSMUSG00000051510-P,Tyr-Val,,,0,,,0,,,0,-1.0,0.0,3,True,-,0.0
ENSMUSG00000037110-P,2-Norbornanemethanol,,,0,,,0,,,0,-1.0,0.0,3,True,-,0.0
ENSMUSG00000037110-P,"3-Hydroxy-7,3',4',5'-tetramethoxyflavone",,,0,,,0,,,0,1.0,0.0,3,True,+,0.0
ENSMUSG00000037110-P,"Benzaldehyde, 2,5-dimethoxy",0.8660254037844387,0.3333333333333332,3,,,3,0.8280786712108252,0.0417946804560451,6,0.7844975560423472,0.0025165551315139,12,True,+,0.097376722909516
ENSMUSG00000037110-P,Isosorbide,1.0,0.0,3,,,0,,,0,1.0,0.0,3,True,+,0.0
ENSMUSG00000037110-P,L-Val-L-Leu,,,0,,,0,1.0,0.0,3,1.0,0.0,3,True,+,0.0
ENSMUSG00000006281-P,"1,2-Bis(trimethylsiloxy)cyclohexene",,,0,,,0,,,0,1.0,0.0,3,True,+,0.0
ENSMUSG00000006281-P,2-Aminoquinolin-8-ol,,,0,,,0,,,0,1.0,0.0,3,True,+,0.0
ENSMUSG00000006281-P,"3,3-Dimethylacrylic acid",,,0,,,0,,,0,1.0,0.0,4,True,+,0.0
ENSMUSG00000006281-P,"3,4-Dihydroxybenzaldehyde",1.0,0.0,3,,,0,,,0,1.0,0.0,3,True,+,0.0
ENSMUSG00000006281-P,cis-2-Decenoic acid,,,0,,,0,,,0,-1.0,0.0,3,True,-,0.0
ENSMUSG00000006281-P,Isopropylamine,0.5,0.6666666666666666,3,0.5,0.6666666666666666,3,0.4857142857142857,0.3287230320699708,6,0.7412587412587414,0.0058011504744782,12,True,+,0.1955303081363889
ENSMUSG00000006281-P,L-(+)-Threose,,,0,,,0,-1.0,0.0,3,-1.0,0.0,3,True,-,0.0
ENSMUSG00000006281-P,"N-[(3,4,5-Trimethoxyphenyl)methylidene]hydroxylamine",,,0,,,0,-1.0,0.0,3,-1.0,0.0,3,True,-,0.0
ENSMUSG00000006281-P,Tyr-Val,,,0,,,0,,,0,-1.0,0.0,3,True,-,0.0
ENSMUSG00000022674-P,"1-(2,4-Dimethoxyphenyl)-propan-2-one",0.5,0.6666666666666666,3,1.0,0.0,3,0.7826237921249264,0.1176137608734581,5,0.7890240316738918,0.0038890785130696,11,True,+,0.14278405632064
ENSMUSG00000022674-P,"1,2-Bis(trimethylsiloxy)cyclohexene",,,0,,,0,,,0,1.0,0.0,3,True,+,0.0
ENSMUSG00000022674-P,"2-Allyl-1,4-dimethoxybenzene",1.0,0.0,3,0.8660254037844387,0.3333333333333332,3,0.6,0.208,6,0.7775843798555645,0.0029101723128612,12,True,+,0.1110190620867663
ENSMUSG00000022674-P,2-Norbornanemethanol,,,0,,,0,,,0,-1.0,0.0,3,True,-,0.0
ENSMUSG00000022674-P,"3,3-Dimethylacrylic acid",,,0,,,0,,,0,1.0,0.0,4,True,+,0.0
ENSMUSG00000022674-P,"3,4-Dihydroxybenzaldehyde",1.0,0.0,3,,,0,,,0,1.0,0.0,3,True,+,0.0
ENSMUSG00000022674-P,Butyric Acid,0.5,0.6666666666666666,3,1.0,0.0,3,0.7247137945655605,0.1032428046237076,6,0.7915949092223313,0.0021561039619187,12,True,+,0.0851117252603992
ENSMUSG00000022674-P,Formamide,0.5,0.6666666666666666,3,1.0,0.0,3,0.9276336570439176,0.0076658441874731,6,0.7880922768806397,0.0023286751402374,12,True,+,0.0910978063660742
ENSMUSG00000022674-P,Hexanoic acid,0.5,0.6666666666666666,3,1.0,0.0,3,0.8116794499134279,0.0498575851013403,6,0.8826633501063164,0.0001433968186023,12,True,+,0.0063383395977923
ENSMUSG00000022674-P,L-(+)-Threose,,,0,,,0,-1.0,0.0,3,-1.0,0.0,3,True,-,0.0
ENSMUSG00000022674-P,L-Val-L-Leu,,,0,,,0,1.0,0.0,3,1.0,0.0,3,True,+,0.0
ENSMUSG00000022674-P,N-Acetylaspartic acid,1.0,0.0,3,1.0,0.0,3,0.7,0.1881204043741873,5,0.790909090909091,0.0037460829533974,11,True,+,0.1388516182868286
ENSMUSG00000022674-P,Pentanoic acid,1.0,0.0,3,1.0,0.0,3,0.6,0.208,6,0.7972027972027973,0.0019003677255282,12,True,+,0.0758912141765791
ENSMUSG00000022674-P,Tyr-Val,,,0,,,0,,,0,-1.0,0.0,3,True,-,0.0
ENSMUSG00000022674-P,Uracil,1.0,0.0,3,1.0,0.0,3,0.9276336570439176,0.0076658441874731,6,0.7670764828304892,0.0035961764453839,12,True,+,0.1340986995490064
ENSMUSG00000027770-P,7-Hydroxy-4-(methoxymethyl)coumarin,,,0,,,0,1.0,0.0,3,1.0,0.0,4,True,+,0.0
ENSMUSG00000027770-P,cis-2-Decenoic acid,,,0,,,0,,,0,-1.0,0.0,3,True,-,0.0
ENSMUSG00000036815-P,"1,2-Bis(trimethylsiloxy)cyclohexene",,,0,,,0,,,0,1.0,0.0,3,True,+,0.0
ENSMUSG00000036815-P,"13-Docosenamide, (Z)",,,0,,,0,1.0,0.0,3,1.0,0.0,3,True,+,0.0
ENSMUSG00000036815-P,"3,4-Dihydroxybenzaldehyde",1.0,0.0,3,,,0,,,0,1.0,0.0,3,True,+,0.0
ENSMUSG00000036815-P,Guanosine,,,0,1.0,0.0,3,0.7999999999999999,0.2000000000000001,4,0.9523809523809524,0.0002604000243872,8,True,+,0.0114086771011661
ENSMUSG00000036815-P,"l-Leucine, n-butoxycarbonyl-N-methyl-, hexadecyl ester",,,0,,,0,,,0,-1.0,0.0,4,True,-,0.0
ENSMUSG00000030677-P,2-Aminoquinolin-8-ol,,,0,,,0,,,0,1.0,0.0,3,True,+,0.0
ENSMUSG00000030677-P,"3,4-Dihydroxybenzaldehyde",-1.0,0.0,3,,,0,,,0,-1.0,0.0,3,True,-,0.0
ENSMUSG00000030677-P,cis-2-Decenoic acid,,,0,,,0,,,0,-1.0,0.0,3,True,-,0.0
ENSMUSG00000030677-P,"N-[(3,4,5-Trimethoxyphenyl)methylidene]hydroxylamine",,,0,,,0,-1.0,0.0,3,-1.0,0.0,3,True,-,0.0
ENSMUSG00000030677-P,Sulindac,,,0,,,0,-1.0,0.0,3,-1.0,1.4042654220543602e-24,5,True,-,6.303055151107153e-23
ENSMUSG00000030677-P,Tyr-Val,,,0,,,0,,,0,1.0,0.0,3,True,+,0.0
ENSMUSG00000097318-P,"13-Docosenamide, (Z)",,,0,,,0,1.0,0.0,3,1.0,0.0,3,True,+,0.0
ENSMUSG00000097318-P,2-Aminoquinolin-8-ol,,,0,,,0,,,0,1.0,0.0,3,True,+,0.0
ENSMUSG00000097318-P,"3,3-Dimethylacrylic acid",,,0,,,0,,,0,1.0,0.0,4,True,+,0.0
ENSMUSG00000097318-P,"3,4-Dihydroxybenzaldehyde",1.0,0.0,3,,,0,,,0,1.0,0.0,3,True,+,0.0
ENSMUSG00000097318-P,3-Amino-5-methylisoxazole,,,0,0.5,0.6666666666666666,3,0.5428571428571429,0.2657026239067054,6,0.7818181818181819,0.004473162252783,11,True,+,0.1611140357001344
ENSMUSG00000097318-P,3-Methyl-3-buten-1-ol,,,0,,,0,0.7999999999999999,0.2000000000000001,4,0.8982196964349441,0.0024387967963823,8,True,+,0.0951385740545402
ENSMUSG00000097318-P,"4,5-Dihydro-1H-pyrazole",,,0,,,0,,,0,1.0,0.0,4,True,+,0.0
ENSMUSG00000097318-P,"Benzene, 1-ethyl-3,5-dimethyl",,,0,,,0,,,0,1.0,0.0,4,True,+,0.0
ENSMUSG00000097318-P,cis-2-Decenoic acid,,,0,,,0,,,0,-1.0,0.0,3,True,-,0.0
ENSMUSG00000097318-P,L-(+)-Threose,,,0,,,0,1.0,0.0,3,1.0,0.0,3,True,+,0.0
ENSMUSG00000097318-P,"L-Histidine, N,1-bis(tert-butyldimethylsilyl)-",1.0,0.0,3,0.5,0.6666666666666666,3,0.5217939320872036,0.2883432338003935,6,0.7635738504887974,0.0038500936565595,12,True,+,0.1414605165627303
ENSMUSG00000097318-P,Mevalonolactone,-1.0,0.0,3,0.0,1.0,3,0.6,0.208,6,0.7635738504887974,0.0038500936565595,12,True,+,0.1414605165627303
ENSMUSG00000097318-P,N-Methylacetamide,0.5,0.6666666666666666,3,0.8660254037844387,0.3333333333333332,3,0.6377481392176932,0.1730711102412598,6,0.7754433699338666,0.0030410933690381,12,True,+,0.1153396348750808
ENSMUSG00000097318-P,Spiroxamine,,,0,,,0,0.7999999999999999,0.1040880386618278,5,0.8666666666666667,0.0024953982859902,9,True,+,0.0972195632807742
ENSMUSG00000097318-P,Trimethylolpropane,,,0,,,0,0.8720815992723809,0.0538542177275421,5,0.8982196964349441,0.0024387967963823,8,True,+,0.0951385740545402
ENSMUSG00000097318-P,Tyr-Val,,,0,,,0,,,0,-1.0,0.0,3,True,-,0.0
ENSMUSG00000025789-P,"3,4-Dihydroxybenzaldehyde",1.0,0.0,3,,,0,,,0,1.0,0.0,3,True,+,0.0
ENSMUSG00000025789-P,"4,5-Dihydro-1H-pyrazole",,,0,,,0,,,0,1.0,0.0,4,True,+,0.0
ENSMUSG00000025789-P,Glabridin,,,0,,,0,,,0,-1.0,0.0,4,True,-,0.0
ENSMUSG00000025894-P,"(9H-fluoren-9-yl)methanol, O-methoxycarbonyl-",0.5,0.6666666666666666,3,1.0,0.0,3,0.9856107606091624,0.0003090856678496,6,0.7460606887803388,0.0053294347525701,12,True,+,0.1820984623388383
ENSMUSG00000025894-P,3-(4-Methoxyphenyl)coumarin,,,0,,,0,1.0,0.0,3,1.0,0.0,4,True,+,0.0
ENSMUSG00000025894-P,Acetic acid,0.8660254037844387,0.3333333333333332,3,,,3,0.8332380897952965,0.0393955164788511,6,0.8613463314991642,0.0003182825694707,12,True,+,0.0139067252332095
ENSMUSG00000025894-P,Isosorbide,1.0,0.0,3,,,0,,,0,1.0,0.0,3,True,+,0.0
ENSMUSG00000025894-P,L-(+)-Threose,,,0,,,0,-1.0,0.0,3,-1.0,0.0,3,True,-,0.0
ENSMUSG00000025894-P,Sulindac,,,0,,,0,1.0,0.0,3,1.0,1.4042654220543602e-24,5,True,+,6.303055151107153e-23
ENSMUSG00000025894-P,Tyr-Val,,,0,,,0,,,0,-1.0,0.0,3,True,-,0.0
ENSMUSG00000030801-P,2-Aminoquinolin-8-ol,,,0,,,0,,,0,1.0,0.0,3,True,+,0.0
ENSMUSG00000030801-P,2-Norbornanemethanol,,,0,,,0,,,0,-1.0,0.0,3,True,-,0.0
ENSMUSG00000030801-P,"3,4-Dihydroxybenzaldehyde",1.0,0.0,3,,,0,,,0,1.0,0.0,3,True,+,0.0
ENSMUSG00000030801-P,"4,5-Dihydro-1H-pyrazole",,,0,,,0,,,0,1.0,0.0,4,True,+,0.0
ENSMUSG00000030801-P,Cholesterol,1.0,0.0,3,-0.5,0.6666666666666666,3,-0.0857142857142857,0.8717434402332361,6,0.7552447552447553,0.0045084354842942,12,True,+,0.1619683642032021
ENSMUSG00000030801-P,cis-2-Decenoic acid,,,0,,,0,,,0,-1.0,0.0,3,True,-,0.0
ENSMUSG00000030801-P,"N-[(3,4,5-Trimethoxyphenyl)methylidene]hydroxylamine",,,0,,,0,-1.0,0.0,3,-1.0,0.0,3,True,-,0.0
ENSMUSG00000030801-P,Niacinamide,,,0,1.0,0.0,3,0.4857142857142857,0.3287230320699708,6,0.8090909090909091,0.0025585801997139,11,True,+,0.0986327946362033
ENSMUSG00000030801-P,Tyr-Val,,,0,,,0,,,0,-1.0,0.0,3,True,-,0.0
ENSMUSG00000032763-P,"1,2-Bis(trimethylsiloxy)cyclohexene",,,0,,,0,,,0,-1.0,0.0,3,True,-,0.0
ENSMUSG00000032763-P,2-Norbornanemethanol,,,0,,,0,,,0,-1.0,0.0,3,True,-,0.0
ENSMUSG00000032763-P,"9Z-Octadecenoic acid, (2S)-3-[(hydroxymercaptophosphinyl)oxy]-2-methoxypropyl ester ",,,0,,,0,0.8999999999999998,0.0373860734684987,5,0.9285714285714288,0.0025194724037946,7,True,+,0.097376722909516
ENSMUSG00000032763-P,Aconitic acid,1.0,0.0,3,0.5,0.6666666666666666,3,0.5217939320872036,0.2883432338003935,6,0.7670764828304892,0.0035961764453839,12,True,+,0.1340986995490064
ENSMUSG00000032763-P,Ethanolamine,-1.0,0.0,3,0.0,1.0,3,-0.0289885517826224,0.9565293523898406,6,-0.7824609569920918,0.0026280075981639,12,True,-,0.1009284870057918
ENSMUSG00000032763-P,L-(+)-Threose,,,0,,,0,1.0,0.0,3,1.0,0.0,3,True,+,0.0
ENSMUSG00000032763-P,"l-Leucine, n-butoxycarbonyl-N-methyl-, hexadecyl ester",,,0,,,0,,,0,1.0,0.0,4,True,+,0.0
ENSMUSG00000032763-P,"N-[(3,4,5-Trimethoxyphenyl)methylidene]hydroxylamine",,,0,,,0,1.0,0.0,3,1.0,0.0,3,True,+,0.0
ENSMUSG00000032763-P,Tyr-Val,,,0,,,0,,,0,1.0,0.0,3,True,+,0.0
ENSMUSG00000038324-P,"2,4-Dimethoxybenzaldoxime",,,0,,,0,,,0,-1.0,0.0,3,True,-,0.0
ENSMUSG00000038324-P,2-Aminoquinolin-8-ol,,,0,,,0,,,0,1.0,0.0,3,True,+,0.0
ENSMUSG00000038324-P,3-(4-Methoxyphenyl)coumarin,,,0,,,0,1.0,0.0,3,1.0,0.0,4,True,+,0.0
ENSMUSG00000038324-P,cis-2-Decenoic acid,,,0,,,0,,,0,-1.0,0.0,3,True,-,0.0
ENSMUSG00000038324-P,Luciferin,,,0,,,0,,,0,-1.0,0.0,4,True,-,0.0
ENSMUSG00000038324-P,L-Val-L-Leu,,,0,,,0,-1.0,0.0,3,-1.0,0.0,3,True,-,0.0
ENSMUSG00000038324-P,"N-[(3,4,5-Trimethoxyphenyl)methylidene]hydroxylamine",,,0,,,0,1.0,0.0,3,1.0,0.0,3,True,+,0.0
ENSMUSG00000030201-P,2-Norbornanemethanol,,,0,,,0,,,0,1.0,0.0,3,True,+,0.0
ENSMUSG00000030201-P,"3-Hydroxy-7,3',4',5'-tetramethoxyflavone",,,0,,,0,,,0,1.0,0.0,3,True,+,0.0
ENSMUSG00000030201-P,"Benzene, 1-ethyl-3,5-dimethyl",,,0,,,0,,,0,1.0,0.0,4,True,+,0.0
ENSMUSG00000030201-P,cis-2-Decenoic acid,,,0,,,0,,,0,-1.0,0.0,3,True,-,0.0
ENSMUSG00000030201-P,Glabridin,,,0,,,0,,,0,1.0,0.0,4,True,+,0.0
ENSMUSG00000030201-P,Isosorbide,1.0,0.0,3,,,0,,,0,1.0,0.0,3,True,+,0.0
ENSMUSG00000033068-P,"1,2-Bis(trimethylsiloxy)cyclohexene",,,0,,,0,,,0,1.0,0.0,3,True,+,0.0
ENSMUSG00000033068-P,2-Norbornanemethanol,,,0,,,0,,,0,-1.0,0.0,3,True,-,0.0
ENSMUSG00000033068-P,"3,4-Dihydroxybenzaldehyde",1.0,0.0,3,,,0,,,0,1.0,0.0,3,True,+,0.0
ENSMUSG00000033068-P,cis-2-Decenoic acid,,,0,,,0,,,0,1.0,0.0,3,True,+,0.0
ENSMUSG00000033068-P,Luciferin,,,0,,,0,,,0,-1.0,0.0,4,True,-,0.0
ENSMUSG00000033068-P,Malic acid,1.0,0.0,3,1.0,0.0,3,0.1428571428571428,0.7871720116618076,6,0.7622377622377624,0.0039504489725426,12,True,+,0.1444028705953552
ENSMUSG00000033068-P,"Propanoic acid, 3-[(tert-butyldimethylsilyl)oxy]-2-methyl-",1.0,0.0,3,,,0,0.8406680016960503,0.0360575728451592,6,0.8291593265923335,0.0016007218497777,11,True,+,0.0649931642620584
ENSMUSG00000033068-P,Thymol,1.0,0.0,3,,,0,-0.1025978352085154,0.8695979205185651,5,0.8571468165888911,0.0015278398373375,10,True,+,0.0622395897081881
ENSMUSG00000033068-P,Tyr-Val,,,0,,,0,,,0,-1.0,0.0,3,True,-,0.0
ENSMUSG00000016018-P,2-Aminoquinolin-8-ol,,,0,,,0,,,0,1.0,0.0,3,True,+,0.0
ENSMUSG00000016018-P,2-Norbornanemethanol,,,0,,,0,,,0,-1.0,0.0,3,True,-,0.0
ENSMUSG00000016018-P,"3,4-Dihydroxybenzaldehyde",-1.0,0.0,3,,,0,,,0,-1.0,0.0,3,True,-,0.0
ENSMUSG00000016018-P,"3-Hydroxy-7,3',4',5'-tetramethoxyflavone",,,0,,,0,,,0,1.0,0.0,3,True,+,0.0
ENSMUSG00000016018-P,"Benzaldehyde, 2,5-dimethoxy",0.8660254037844387,0.3333333333333332,3,,,3,0.8280786712108252,0.0417946804560451,6,0.7593072675455745,0.0041774982916288,12,True,+,0.151772994792718
ENSMUSG00000016018-P,L-Val-L-Leu,,,0,,,0,1.0,0.0,3,1.0,0.0,3,True,+,0.0
ENSMUSG00000016018-P,"N-[(3,4,5-Trimethoxyphenyl)methylidene]hydroxylamine",,,0,,,0,-1.0,0.0,3,-1.0,0.0,3,True,-,0.0
ENSMUSG00000016018-P,Octadecanoic acid,,,0,,,0,,,0,-1.0,0.0,3,True,-,0.0
ENSMUSG00000016018-P,tert-butyl(dimethyl)silyl-2-([tert-butyl(dimethyl)silyl]oxy)hex-2-enoate,,,0,,,0,1.0,0.0,4,1.0,0.0,4,True,+,0.0
ENSMUSG00000016018-P,Tyr-Val,,,0,,,0,,,0,1.0,0.0,3,True,+,0.0
ENSMUSG00000074994-P,"3,3-Dimethylacrylic acid",,,0,,,0,,,0,1.0,0.0,4,True,+,0.0
ENSMUSG00000074994-P,"4,5-Dihydro-1H-pyrazole",,,0,,,0,,,0,1.0,0.0,4,True,+,0.0
ENSMUSG00000074994-P,cis-2-Decenoic acid,,,0,,,0,,,0,-1.0,0.0,3,True,-,0.0
ENSMUSG00000074994-P,Isopropylamine,1.0,0.0,3,1.0,0.0,3,0.3142857142857143,0.5440932944606415,6,0.7412587412587414,0.0058011504744782,12,True,+,0.1955303081363889
ENSMUSG00000074994-P,N-Ethylamphetamine,0.5,0.6666666666666666,3,,,0,0.5217939320872036,0.2883432338003935,6,0.7671312851617349,0.0058609491945253,11,True,+,0.1974502942122083
ENSMUSG00000074994-P,Phytanic acid,0.8660254037844387,0.3333333333333332,3,-0.5,0.6666666666666666,3,0.7061878636037996,0.1168066069474558,6,0.752207291663717,0.0047685436908363,12,True,+,0.1679020985499759
ENSMUSG00000032560-P,"1,2-Bis(trimethylsiloxy)cyclohexene",,,0,,,0,,,0,1.0,0.0,3,True,+,0.0
ENSMUSG00000032560-P,2-Aminoquinolin-8-ol,,,0,,,0,,,0,1.0,0.0,3,True,+,0.0
ENSMUSG00000032560-P,cis-2-Decenoic acid,,,0,,,0,,,0,-1.0,0.0,3,True,-,0.0
ENSMUSG00000032560-P,L-Val-L-Leu,,,0,,,0,-1.0,0.0,3,-1.0,0.0,3,True,-,0.0
ENSMUSG00000032560-P,"N-[(3,4,5-Trimethoxyphenyl)methylidene]hydroxylamine",,,0,,,0,-1.0,0.0,3,-1.0,0.0,3,True,-,0.0
ENSMUSG00000022439-P,"3,3-Dimethylacrylic acid",,,0,,,0,,,0,1.0,0.0,4,True,+,0.0
ENSMUSG00000022439-P,Oxalic acid,-1.0,0.0,3,-1.0,0.0,3,-0.924061655450546,0.008430994008949,6,-0.8975907049376199,7.453185183506052e-05,12,True,-,0.0033168658407705
ENSMUSG00000045767-P,"13-Docosenamide, (Z)",,,0,,,0,1.0,0.0,3,1.0,0.0,3,True,+,0.0
ENSMUSG00000045767-P,"3-Hydroxy-7,3',4',5'-tetramethoxyflavone",,,0,,,0,,,0,1.0,0.0,3,True,+,0.0
ENSMUSG00000045767-P,Allylescaline,0.5,0.6666666666666666,3,0.5,0.6666666666666666,3,0.5296408977028497,0.2798259481884625,6,0.7578994022883041,0.0042900269474019,12,True,+,0.1555907360510593
ENSMUSG00000045767-P,cis-2-Decenoic acid,,,0,,,0,,,0,-1.0,0.0,3,True,-,0.0
ENSMUSG00000045767-P,Isosorbide,1.0,0.0,3,,,0,,,0,1.0,0.0,3,True,+,0.0
ENSMUSG00000045767-P,L-(+)-Threose,,,0,,,0,1.0,0.0,3,1.0,0.0,3,True,+,0.0
ENSMUSG00000043241-P,"13-Docosenamide, (Z)",,,0,,,0,1.0,0.0,3,1.0,0.0,3,True,+,0.0
ENSMUSG00000043241-P,2-Aminoquinolin-8-ol,,,0,,,0,,,0,1.0,0.0,3,True,+,0.0
ENSMUSG00000043241-P,"3-Hydroxy-7,3',4',5'-tetramethoxyflavone",,,0,,,0,,,0,1.0,0.0,3,True,+,0.0
ENSMUSG00000043241-P,"4,5-Dihydro-1H-pyrazole",,,0,,,0,,,0,1.0,0.0,4,True,+,0.0
ENSMUSG00000043241-P,"Benzene, 1-ethyl-3,5-dimethyl",,,0,,,0,,,0,1.0,0.0,4,True,+,0.0
ENSMUSG00000043241-P,cis-2-Decenoic acid,,,0,,,0,,,0,-1.0,0.0,3,True,-,0.0
ENSMUSG00000043241-P,Glycine,-0.5,0.6666666666666666,3,-0.5,0.6666666666666666,3,-0.5797710356524484,0.227783956715016,6,-0.7740817475138726,0.0031266563739204,12,True,-,0.1179425135885409
ENSMUSG00000043241-P,Isopropylamine,-1.0,0.0,3,1.0,0.0,3,0.942857142857143,0.004804664723032,6,0.7482517482517484,0.005124081698753,12,True,+,0.176962914072306
ENSMUSG00000043241-P,L-Ornithine,,,0,,,0,,,0,1.0,0.0,4,True,+,0.0
ENSMUSG00000043241-P,Octadecanoic acid,,,0,,,0,,,0,-1.0,0.0,3,True,-,0.0
ENSMUSG00000043241-P,"Phenol, 2,4-bis(1-methyl-1-phenylethyl)-",-0.5,0.6666666666666666,3,-0.5,0.6666666666666666,3,-0.942857142857143,0.004804664723032,6,-0.7762237762237763,0.0029928636801859,12,True,-,0.1136263097655619
ENSMUSG00000043241-P,Tyr-Val,,,0,,,0,,,0,1.0,0.0,3,True,+,0.0
ENSMUSG00000015748-P,"1,2-Cinnolinedicarboxylic acid, 1,2,3,5,6,7,8,8a-octahydro-4-trimethylsilyloxy-, diethyl ester",,,0,,,0,,,0,1.0,0.0,3,True,+,0.0
ENSMUSG00000015748-P,"13-Docosenamide, (Z)",,,0,,,0,-1.0,0.0,3,-1.0,0.0,3,True,-,0.0
ENSMUSG00000015748-P,3-(4-Methoxyphenyl)coumarin,,,0,,,0,1.0,0.0,3,1.0,0.0,4,True,+,0.0
ENSMUSG00000015748-P,4-Methoxyphenol,-0.5,0.6666666666666666,3,,,0,0.7999999999999999,0.2000000000000001,4,0.9047619047619048,0.0020082755054294,8,True,+,0.0796373285451544
ENSMUSG00000015748-P,Benzoic Acid,0.8660254037844387,0.3333333333333332,3,0.5,0.6666666666666666,3,0.5768179036829705,0.2307322519546004,6,0.7584069136758288,0.0042492010722852,12,True,+,0.1542707336304551
ENSMUSG00000015748-P,cis-2-Decenoic acid,,,0,,,0,,,0,-1.0,0.0,3,True,-,0.0
ENSMUSG00000015748-P,Isosorbide,-1.0,0.0,3,,,0,,,0,-1.0,0.0,3,True,-,0.0
ENSMUSG00000015748-P,L-(+)-Threose,,,0,,,0,-1.0,0.0,3,-1.0,0.0,3,True,-,0.0
ENSMUSG00000015748-P,L-Ornithine,,,0,,,0,,,0,1.0,0.0,4,True,+,0.0
ENSMUSG00000015748-P,Octadecanoic acid,,,0,,,0,,,0,-1.0,0.0,3,True,-,0.0
ENSMUSG00000048330-P,"1,2-Bis(trimethylsiloxy)cyclohexene",,,0,,,0,,,0,1.0,0.0,3,True,+,0.0
ENSMUSG00000048330-P,"13-Docosenamide, (Z)",,,0,,,0,1.0,0.0,3,1.0,0.0,3,True,+,0.0
ENSMUSG00000048330-P,"2,4,4'-Trihydroxybenzophenone",1.0,0.0,3,1.0,0.0,3,0.3714285714285715,0.4684781341107872,6,0.7412587412587414,0.0058011504744782,12,True,+,0.1955303081363889
ENSMUSG00000048330-P,2-Aminoquinolin-8-ol,,,0,,,0,,,0,1.0,0.0,3,True,+,0.0
ENSMUSG00000048330-P,3-Methyl-3-buten-1-ol,,,0,,,0,0.7999999999999999,0.2000000000000001,4,0.8622909085775464,0.005872990672297,8,True,+,0.1975056608835884
ENSMUSG00000048330-P,"6-Aminocaproic acid, N-(tert.-butyldimethylsilyl)",0.0,1.0,3,0.8660254037844387,0.3333333333333332,3,0.7999999999999999,0.2000000000000001,4,0.8109906863144085,0.0044141850671481,10,True,+,0.1596226770387545
ENSMUSG00000048330-P,cis-2-Decenoic acid,,,0,,,0,,,0,-1.0,0.0,3,True,-,0.0
ENSMUSG00000048330-P,Curcumin,0.5,0.6666666666666666,3,0.5,0.6666666666666666,3,0.8285714285714287,0.0415626822157433,6,0.7972027972027973,0.0019003677255282,12,True,+,0.0758912141765791
ENSMUSG00000048330-P,Glabridin,,,0,,,0,,,0,1.0,0.0,4,True,+,0.0
ENSMUSG00000048330-P,L-(+)-Threose,,,0,,,0,1.0,0.0,3,1.0,0.0,3,True,+,0.0
ENSMUSG00000048330-P,"L-Histidine, N,1-bis(tert-butyldimethylsilyl)-",0.5,0.6666666666666666,3,1.0,0.0,3,0.3478626213914691,0.4992532181146332,6,0.742558056438647,0.0056705287880292,12,True,+,0.1922440832339479
ENSMUSG00000048330-P,L-Tyrosine,0.5,0.6666666666666666,3,,,0,0.0512989176042577,0.934712848108234,5,0.8267515394048879,0.0031797140860104,10,True,+,0.1198790077825718
ENSMUSG00000048330-P,"Oxymorphone, bis(trimethylsilyl) ether",-0.8660254037844387,0.3333333333333332,3,,,0,0.5296408977028497,0.2798259481884625,6,0.7963574383836951,0.003354638799005,11,True,+,0.1259035599291489
ENSMUSG00000048330-P,Propylene glycol,-1.0,0.0,3,1.0,0.0,3,0.4928053803045811,0.3206325828658274,6,0.7565685858054141,0.0043984927612255,12,True,+,0.1591102973563808
ENSMUSG00000048330-P,Tyr-Val,,,0,,,0,,,0,-1.0,0.0,3,True,-,0.0
ENSMUSG00000048330-P,Yangonin,0.5,0.6666666666666666,3,1.0,0.0,3,0.3188740696088466,0.537900560470205,6,0.7460606887803388,0.0053294347525701,12,True,+,0.1820984623388383
ENSMUSG00000020380-P,"2,4-Dimethoxybenzaldoxime",,,0,,,0,,,0,1.0,0.0,3,True,+,0.0
ENSMUSG00000020380-P,2-Aminoquinolin-8-ol,,,0,,,0,,,0,1.0,0.0,3,True,+,0.0
ENSMUSG00000020380-P,"3-Hydroxy-7,3',4',5'-tetramethoxyflavone",,,0,,,0,,,0,1.0,0.0,3,True,+,0.0
ENSMUSG00000020380-P,"4,5-Dihydro-1H-pyrazole",,,0,,,0,,,0,1.0,0.0,4,True,+,0.0
ENSMUSG00000020380-P,cis-2-Decenoic acid,,,0,,,0,,,0,-1.0,0.0,3,True,-,0.0
ENSMUSG00000020380-P,Isosorbide,1.0,0.0,3,,,0,,,0,1.0,0.0,3,True,+,0.0
ENSMUSG00000039145-P,"13-Docosenamide, (Z)",,,0,,,0,1.0,0.0,3,1.0,0.0,3,True,+,0.0
ENSMUSG00000039145-P,2-Aminoquinolin-8-ol,,,0,,,0,,,0,1.0,0.0,3,True,+,0.0
ENSMUSG00000039145-P,2-Furoic acid,-1.0,0.0,3,-1.0,0.0,3,-0.7999999999999999,0.2000000000000001,4,-0.8060606060606059,0.0048620611019646,10,True,-,0.1693978733774359
ENSMUSG00000039145-P,7-Hydroxy-4-(methoxymethyl)coumarin,,,0,,,0,1.0,0.0,3,1.0,0.0,4,True,+,0.0
ENSMUSG00000039145-P,cis-2-Decenoic acid,,,0,,,0,,,0,-1.0,0.0,3,True,-,0.0
ENSMUSG00000039145-P,Glabridin,,,0,,,0,,,0,1.0,0.0,4,True,+,0.0
ENSMUSG00000041491-P,"1,2-Bis(trimethylsiloxy)cyclohexene",,,0,,,0,,,0,-1.0,0.0,3,True,-,0.0
ENSMUSG00000041491-P,"3,4-Dihydroxybenzaldehyde",-1.0,0.0,3,,,0,,,0,-1.0,0.0,3,True,-,0.0
ENSMUSG00000041491-P,"N-[(3,4,5-Trimethoxyphenyl)methylidene]hydroxylamine",,,0,,,0,1.0,0.0,3,1.0,0.0,3,True,+,0.0
ENSMUSG00000041491-P,Octanoic acid,,,0,,,0,0.7999999999999999,0.2000000000000001,4,0.942857142857143,0.004804664723032,6,True,+,0.1679020985499759
ENSMUSG00000032459-P,"13-Docosenamide, (Z)",,,0,,,0,-1.0,0.0,3,-1.0,0.0,3,True,-,0.0
ENSMUSG00000032459-P,1-Octadecanol,,,0,,,0,-1.0,1.4042654220543602e-24,5,-0.9047619047619048,0.0020082755054294,8,True,-,0.0796373285451544
ENSMUSG00000032459-P,"2,4-Dimethoxybenzaldoxime",,,0,,,0,,,0,-1.0,0.0,3,True,-,0.0
ENSMUSG00000032459-P,2-Aminoquinolin-8-ol,,,0,,,0,,,0,-1.0,0.0,3,True,-,0.0
ENSMUSG00000032459-P,2-Norbornanemethanol,,,0,,,0,,,0,1.0,0.0,3,True,+,0.0
ENSMUSG00000032459-P,"3,4-Dihydroxybenzaldehyde",1.0,0.0,3,,,0,,,0,1.0,0.0,3,True,+,0.0
ENSMUSG00000032459-P,"3-Hydroxy-7,3',4',5'-tetramethoxyflavone",,,0,,,0,,,0,-1.0,0.0,3,True,-,0.0
ENSMUSG00000032459-P,L-Val-L-Leu,,,0,,,0,-1.0,0.0,3,-1.0,0.0,3,True,-,0.0
ENSMUSG00000032459-P,Methyl lactate,,,0,-0.5,0.6666666666666666,3,-0.7714285714285715,0.0723965014577259,6,-0.8636363636363636,0.0006116938500931,11,True,-,0.0261418108076196
ENSMUSG00000032459-P,Tyr-Val,,,0,,,0,,,0,-1.0,0.0,3,True,-,0.0
ENSMUSG00000015363-P,"2,4-Dimethoxybenzaldoxime",,,0,,,0,,,0,1.0,0.0,3,True,+,0.0
ENSMUSG00000015363-P,2-Furoic acid,0.5,0.6666666666666666,3,1.0,0.0,3,1.0,0.0,4,0.8666666666666665,0.0011735381801554,10,True,+,0.0484009213110282
ENSMUSG00000015363-P,2-Hexanol,-1.0,0.0,3,-0.5,0.6666666666666666,3,-0.632455532033676,0.367544467966324,4,-0.8145934285312865,0.004106131521831,10,True,-,0.149614861133208
ENSMUSG00000015363-P,2-Norbornanemethanol,,,0,,,0,,,0,-1.0,0.0,3,True,-,0.0
ENSMUSG00000015363-P,"3,4-Dihydroxybenzaldehyde",-1.0,0.0,3,,,0,,,0,-1.0,0.0,3,True,-,0.0
ENSMUSG00000015363-P,Tyr-Val,,,0,,,0,,,0,1.0,0.0,3,True,+,0.0
ENSMUSG00000027680-P,"13-Docosenamide, (Z)",,,0,,,0,1.0,0.0,3,1.0,0.0,3,True,+,0.0
ENSMUSG00000027680-P,"2,4-Dimethoxybenzaldoxime",,,0,,,0,,,0,1.0,0.0,3,True,+,0.0
ENSMUSG00000027680-P,"3-Hydroxy-7,3',4',5'-tetramethoxyflavone",,,0,,,0,,,0,1.0,0.0,3,True,+,0.0
ENSMUSG00000027680-P,7-Hydroxy-4-(methoxymethyl)coumarin,,,0,,,0,1.0,0.0,3,1.0,0.0,4,True,+,0.0
ENSMUSG00000027680-P,Allylescaline,0.5,0.6666666666666666,3,0.5,0.6666666666666666,3,0.6179143806533246,0.1910939016901931,6,0.7719345764047542,0.0032652886198781,12,True,+,0.1229499737317228
ENSMUSG00000027680-P,cis-2-Decenoic acid,,,0,,,0,,,0,-1.0,0.0,3,True,-,0.0
ENSMUSG00000027680-P,Isosorbide,1.0,0.0,3,,,0,,,0,1.0,0.0,3,True,+,0.0
ENSMUSG00000035539-P,"13-Docosenamide, (Z)",,,0,,,0,1.0,0.0,3,1.0,0.0,3,True,+,0.0
ENSMUSG00000035539-P,2-Hydroxy-3-methylbutyric acid,,,0,1.0,0.0,3,0.5428571428571429,0.2657026239067054,6,0.7706746355884524,0.0055006155925126,11,True,+,0.1876535467504218
ENSMUSG00000035539-P,cis-2-Decenoic acid,,,0,,,0,,,0,-1.0,0.0,3,True,-,0.0
ENSMUSG00000035539-P,Iminodiacetic acid,1.0,0.0,3,1.0,0.0,3,0.6087595874350709,0.1996601894603627,6,0.765442813025534,0.0037129716145614,12,True,+,0.1379669729942128
ENSMUSG00000035539-P,L-Tyrosine,0.5,0.6666666666666666,3,,,0,0.9746794344808964,0.0048182304681985,5,0.8184964100573541,0.0037901170535299,10,True,+,0.1403841618799038
ENSMUSG00000035539-P,L-Valine,0.5,0.6666666666666666,3,1.0,0.0,3,0.942857142857143,0.004804664723032,6,0.7887519530284786,0.0022953943176097,12,True,+,0.0900825861610388
ENSMUSG00000035539-P,Tyr-Val,,,0,,,0,,,0,-1.0,0.0,3,True,-,0.0
ENSMUSG00000045284-P,"1,2-Bis(trimethylsiloxy)cyclohexene",,,0,,,0,,,0,1.0,0.0,3,True,+,0.0
ENSMUSG00000045284-P,"13-Docosenamide, (Z)",,,0,,,0,1.0,0.0,3,1.0,0.0,3,True,+,0.0
ENSMUSG00000045284-P,"2,5-Dimethoxyphenol",0.5,0.6666666666666666,3,0.5,0.6666666666666666,3,0.4857142857142857,0.3287230320699708,6,0.7412587412587414,0.0058011504744782,12,True,+,0.1955303081363889
ENSMUSG00000045284-P,2-Aminoquinolin-8-ol,,,0,,,0,,,0,1.0,0.0,3,True,+,0.0
ENSMUSG00000045284-P,2-Norbornanemethanol,,,0,,,0,,,0,1.0,0.0,3,True,+,0.0
ENSMUSG00000045284-P,"3-(4,7-Dimethoxy-2H-1,3-benzodioxol-5-yl)-2-methylprop-2-enal",1.0,0.0,3,0.5,0.6666666666666666,3,0.4857142857142857,0.3287230320699708,6,0.7412587412587414,0.0058011504744782,12,True,+,0.1955303081363889
ENSMUSG00000045284-P,"3-Hydroxy-7,3',4',5'-tetramethoxyflavone",,,0,,,0,,,0,1.0,0.0,3,True,+,0.0
ENSMUSG00000045284-P,Acetic acid,0.8660254037844387,0.3333333333333332,3,,,3,0.2777460299317654,0.594094016256863,6,0.7723642724599943,0.0032371783934975,12,True,+,0.1219574564618405
ENSMUSG00000045284-P,cis-2-Decenoic acid,,,0,,,0,,,0,-1.0,0.0,3,True,-,0.0
ENSMUSG00000045284-P,Isosorbide,1.0,0.0,3,,,0,,,0,1.0,0.0,3,True,+,0.0
ENSMUSG00000045284-P,Mevalonolactone,0.5,0.6666666666666666,3,0.8660254037844387,0.3333333333333332,3,0.8285714285714287,0.0415626822157433,6,0.80910807093079,0.0014347403699364,12,True,+,0.0585611746228777
ENSMUSG00000045284-P,Spiroxamine,,,0,,,0,0.7999999999999999,0.1040880386618278,5,0.8833333333333333,0.0015905004234978,9,True,+,0.0645907013577512
ENSMUSG00000045284-P,Stearic acid,-0.8660254037844387,0.3333333333333332,3,1.0,0.0,3,-0.7999999999999999,0.2000000000000001,4,-0.8267515394048879,0.0031797140860104,10,True,-,0.1198790077825718
ENSMUSG00000045284-P,Tyr-Val,,,0,,,0,,,0,-1.0,0.0,3,True,-,0.0
ENSMUSG00000033054-P,"2,4-Dimethoxybenzaldoxime",,,0,,,0,,,0,1.0,0.0,3,True,+,0.0
ENSMUSG00000033054-P,2-Aminoquinolin-8-ol,,,0,,,0,,,0,1.0,0.0,3,True,+,0.0
ENSMUSG00000033054-P,2-Methyl-3-pentanol,,,0,,,0,0.8999999999999998,0.0373860734684987,5,0.9285714285714288,0.0025194724037946,7,True,+,0.097376722909516
ENSMUSG00000033054-P,"3-Hydroxy-7,3',4',5'-tetramethoxyflavone",,,0,,,0,,,0,1.0,0.0,3,True,+,0.0
ENSMUSG00000033054-P,"4,5-Dihydro-1H-pyrazole",,,0,,,0,,,0,1.0,0.0,4,True,+,0.0
ENSMUSG00000033054-P,7-Hydroxy-4-(methoxymethyl)coumarin,,,0,,,0,1.0,0.0,3,1.0,0.0,4,True,+,0.0
ENSMUSG00000033054-P,Aceturic acid,-0.5,0.6666666666666666,3,,,0,0.6,0.208,6,0.8090909090909091,0.0025585801997139,11,True,+,0.0986327946362033
ENSMUSG00000033054-P,"Benzene, 1,4-dimethoxy",0.8660254037844387,0.3333333333333332,3,0.5,0.6666666666666666,3,0.6571428571428573,0.1561749271137024,6,0.7565685858054141,0.0043984927612255,12,True,+,0.1591102973563808
ENSMUSG00000033054-P,"Benzoic acid, methyl ester",0.5,0.6666666666666666,3,0.5,0.6666666666666666,3,0.7714285714285715,0.0723965014577259,6,0.7972027972027973,0.0019003677255282,12,True,+,0.0758912141765791
ENSMUSG00000033054-P,cis-2-Decenoic acid,,,0,,,0,,,0,-1.0,0.0,3,True,-,0.0
ENSMUSG00000033054-P,"Cyclohexanone, 3,3,5-trimethyl",0.5,0.6666666666666666,3,1.0,0.0,3,0.8999999999999998,0.0373860734684987,5,0.790909090909091,0.0037460829533974,11,True,+,0.1388516182868286
ENSMUSG00000033054-P,Diethylamine,0.5,0.6666666666666666,3,0.5,0.6666666666666666,3,0.8116794499134279,0.0498575851013403,6,0.742558056438647,0.0056705287880292,12,True,+,0.1922440832339479
ENSMUSG00000033054-P,Glabridin,,,0,,,0,,,0,1.0,0.0,4,True,+,0.0
ENSMUSG00000033054-P,Isosorbide,1.0,0.0,3,,,0,,,0,1.0,0.0,3,True,+,0.0
ENSMUSG00000033054-P,N-Methylacetamide,-1.0,0.0,3,0.8660254037844387,0.3333333333333332,3,0.8116794499134279,0.0498575851013403,6,0.7614081958174166,0.0040137487228951,12,True,+,0.146499185581409
ENSMUSG00000033054-P,Trimethylolpropane,,,0,,,0,0.8720815992723809,0.0538542177275421,5,0.9101959590540768,0.0016908608862384,8,True,+,0.0681103669887509
ENSMUSG00000033054-P,Tyr-Val,,,0,,,0,,,0,-1.0,0.0,3,True,-,0.0
ENSMUSG00000064338-P,"1,2-Bis(trimethylsiloxy)cyclohexene",,,0,,,0,,,0,-1.0,0.0,3,True,-,0.0
ENSMUSG00000064338-P,2-Aminoquinolin-8-ol,,,0,,,0,,,0,-1.0,0.0,3,True,-,0.0
ENSMUSG00000064338-P,2-Cyanobenzaldehyde,,,0,,,0,0.8999999999999998,0.0373860734684987,5,0.942857142857143,0.004804664723032,6,True,+,0.1679020985499759
ENSMUSG00000064338-P,"3-Hydroxy-7,3',4',5'-tetramethoxyflavone",,,0,,,0,,,0,-1.0,0.0,3,True,-,0.0
ENSMUSG00000064338-P,"Benzoic acid, 2-hydroxy-3-[(2-hydroxy-4-methoxy-6-propylbenzoyl)oxy]-4-methoxy-6-propyl-, methyl ester ",-0.5,0.6666666666666666,3,-1.0,0.0,3,-0.4058397249567139,0.4246625075613642,6,-0.7460606887803388,0.0053294347525701,12,True,-,0.1820984623388383
ENSMUSG00000064338-P,Butylmethylamine,-1.0,0.0,3,-0.8660254037844387,0.3333333333333332,3,-0.5428571428571429,0.2657026239067054,6,-0.8196159679558652,0.0011015500296681,12,True,-,0.0456753052587522
ENSMUSG00000064338-P,cis-2-Decenoic acid,,,0,,,0,,,0,1.0,0.0,3,True,+,0.0
ENSMUSG00000064338-P,Isosorbide,-1.0,0.0,3,,,0,,,0,-1.0,0.0,3,True,-,0.0
ENSMUSG00000064338-P,L-Val-L-Leu,,,0,,,0,1.0,0.0,3,1.0,0.0,3,True,+,0.0
ENSMUSG00000064338-P,tert-butyl(dimethyl)silyl-2-([tert-butyl(dimethyl)silyl]oxy)hex-2-enoate,,,0,,,0,1.0,0.0,4,1.0,0.0,4,True,+,0.0
ENSMUSG00000064338-P,Tyr-Val,,,0,,,0,,,0,1.0,0.0,3,True,+,0.0
ENSMUSG00000024873-P,"1,2-Bis(trimethylsiloxy)cyclohexene",,,0,,,0,,,0,-1.0,0.0,3,True,-,0.0
ENSMUSG00000024873-P,"2,4-Dimethoxybenzaldoxime",,,0,,,0,,,0,-1.0,0.0,3,True,-,0.0
ENSMUSG00000024873-P,"3-Hydroxy-7,3',4',5'-tetramethoxyflavone",,,0,,,0,,,0,-1.0,0.0,3,True,-,0.0
ENSMUSG00000024873-P,Azelaic acid,-0.5,0.6666666666666666,3,-1.0,0.0,3,-0.6667366910003157,0.1480897994403528,6,-0.8406317620060156,0.0006155686440654,12,True,-,0.0262751608766138
ENSMUSG00000024873-P,Isosorbide,-1.0,0.0,3,,,0,,,0,-1.0,0.0,3,True,-,0.0
ENSMUSG00000024873-P,L-(+)-Threose,,,0,,,0,-1.0,0.0,3,-1.0,0.0,3,True,-,0.0
ENSMUSG00000024873-P,Salsoline,0.5,0.6666666666666666,3,-0.5,0.6666666666666666,3,-0.1999999999999999,0.8,4,0.8181818181818182,0.0038149200825507,10,True,+,0.1411277269915268
ENSMUSG00000024873-P,Tromethamine,,,0,,,0,-0.7999999999999999,0.1040880386618278,5,-0.880952380952381,0.0038503204637324,8,True,-,0.1414605165627303
ENSMUSG00000024873-P,Tyr-Val,,,0,,,0,,,0,1.0,0.0,3,True,+,0.0
ENSMUSG00000097537-P,"1,2-Bis(trimethylsiloxy)cyclohexene",,,0,,,0,,,0,1.0,0.0,3,True,+,0.0
ENSMUSG00000097537-P,"3,3-Dimethylacrylic acid",,,0,,,0,,,0,1.0,0.0,4,True,+,0.0
ENSMUSG00000097537-P,Glabridin,,,0,,,0,,,0,1.0,0.0,4,True,+,0.0
ENSMUSG00000097537-P,L-(+)-Threose,,,0,,,0,1.0,0.0,3,1.0,0.0,3,True,+,0.0
ENSMUSG00000097537-P,Phytanic acid,0.8660254037844387,0.3333333333333332,3,0.5,0.6666666666666666,3,0.7944613465542746,0.0590275999253266,6,0.878746836055744,0.0001678292138829,12,True,+,0.0074057520482984
ENSMUSG00000043614-P,"13-Docosenamide, (Z)",,,0,,,0,1.0,0.0,3,1.0,0.0,3,True,+,0.0
ENSMUSG00000043614-P,2-Norbornanemethanol,,,0,,,0,,,0,1.0,0.0,3,True,+,0.0
ENSMUSG00000043614-P,"3,3-Dimethylacrylic acid",,,0,,,0,,,0,-1.0,0.0,4,True,-,0.0
ENSMUSG00000043614-P,Luciferin,,,0,,,0,,,0,-1.0,0.0,4,True,-,0.0
ENSMUSG00000043614-P,L-Val-L-Leu,,,0,,,0,-1.0,0.0,3,-1.0,0.0,3,True,-,0.0
ENSMUSG00000027710-P,"1,2-Bis(trimethylsiloxy)cyclohexene",,,0,,,0,,,0,1.0,0.0,3,True,+,0.0
ENSMUSG00000027710-P,2-Norbornanemethanol,,,0,,,0,,,0,-1.0,0.0,3,True,-,0.0
ENSMUSG00000027710-P,"3,3-Dimethylacrylic acid",,,0,,,0,,,0,1.0,0.0,4,True,+,0.0
ENSMUSG00000027710-P,"3,4-Dihydroxybenzaldehyde",1.0,0.0,3,,,0,,,0,1.0,0.0,3,True,+,0.0
ENSMUSG00000027710-P,Benzenepropanoic acid,1.0,0.0,3,0.5,0.6666666666666666,3,0.6179143806533246,0.1910939016901931,6,0.8000049246376544,0.0017816364524602,12,True,+,0.0715462464687746
ENSMUSG00000027710-P,Lupinine,,,0,,,0,0.8999999999999998,0.0373860734684987,5,0.9285714285714288,0.0025194724037946,7,True,+,0.097376722909516
ENSMUSG00000027710-P,L-Val-L-Leu,,,0,,,0,1.0,0.0,3,1.0,0.0,3,True,+,0.0
ENSMUSG00000027710-P,"N-[(3,4,5-Trimethoxyphenyl)methylidene]hydroxylamine",,,0,,,0,-1.0,0.0,3,-1.0,0.0,3,True,-,0.0
ENSMUSG00000007570-P,"1,2-Bis(trimethylsiloxy)cyclohexene",,,0,,,0,,,0,-1.0,0.0,3,True,-,0.0
ENSMUSG00000007570-P,"2,4-Dimethoxybenzaldoxime",,,0,,,0,,,0,-1.0,0.0,3,True,-,0.0
ENSMUSG00000007570-P,cis-2-Decenoic acid,,,0,,,0,,,0,-1.0,0.0,3,True,-,0.0
ENSMUSG00000007570-P,Isosorbide,1.0,0.0,3,,,0,,,0,1.0,0.0,3,True,+,0.0
ENSMUSG00000007570-P,L-Ornithine,,,0,,,0,,,0,-1.0,0.0,4,True,-,0.0
ENSMUSG00000007570-P,L-Val-L-Leu,,,0,,,0,-1.0,0.0,3,-1.0,0.0,3,True,-,0.0
ENSMUSG00000007570-P,Myristic acid,-1.0,0.0,3,-0.5,0.6666666666666666,3,-0.8827348295047495,0.019820416588882,6,-0.7403554346427417,0.0058932871405385,12,True,-,0.1979651792836196
ENSMUSG00000007570-P,Octadecanoic acid,,,0,,,0,,,0,1.0,0.0,3,True,+,0.0
ENSMUSG00000007570-P,Octanoic acid,,,0,,,0,-0.7999999999999999,0.2000000000000001,4,-0.942857142857143,0.004804664723032,6,True,-,0.1679020985499759
ENSMUSG00000052951-P,"13-Docosenamide, (Z)",,,0,,,0,-1.0,0.0,3,-1.0,0.0,3,True,-,0.0
ENSMUSG00000052951-P,2-Aminoquinolin-8-ol,,,0,,,0,,,0,-1.0,0.0,3,True,-,0.0
ENSMUSG00000052951-P,"3,4-Dihydroxybenzaldehyde",-1.0,0.0,3,,,0,,,0,-1.0,0.0,3,True,-,0.0
ENSMUSG00000052951-P,Butanedioic acid,-1.0,0.0,3,-0.5,0.6666666666666666,3,-0.5797710356524485,0.2277839567150158,6,-0.7530659534637223,0.0046938930486737,12,True,-,0.1673621183600482
ENSMUSG00000052951-P,L-Val-L-Leu,,,0,,,0,-1.0,0.0,3,-1.0,0.0,3,True,-,0.0
ENSMUSG00000052951-P,N-Acetylaminoethanol,0.0,1.0,3,-0.8660254037844387,0.3333333333333332,3,-0.6176470588235294,0.191341848157948,6,-0.7500046494183578,0.0049641410931662,12,True,-,0.172637756325923
ENSMUSG00000052951-P,Tyr-Val,,,0,,,0,,,0,1.0,0.0,3,True,+,0.0
ENSMUSG00000033021-P,"1,2-Cinnolinedicarboxylic acid, 1,2,3,5,6,7,8,8a-octahydro-4-trimethylsilyloxy-, diethyl ester",,,0,,,0,,,0,1.0,0.0,3,True,+,0.0
ENSMUSG00000033021-P,2-Norbornanemethanol,,,0,,,0,,,0,1.0,0.0,3,True,+,0.0
ENSMUSG00000033021-P,"3,4-Dihydroxybenzaldehyde",1.0,0.0,3,,,0,,,0,1.0,0.0,3,True,+,0.0
ENSMUSG00000033021-P,cis-2-Decenoic acid,,,0,,,0,,,0,1.0,0.0,3,True,+,0.0
ENSMUSG00000033021-P,L-Val-L-Leu,,,0,,,0,-1.0,0.0,3,-1.0,0.0,3,True,-,0.0
ENSMUSG00000033021-P,"N-[(3,4,5-Trimethoxyphenyl)methylidene]hydroxylamine",,,0,,,0,1.0,0.0,3,1.0,0.0,3,True,+,0.0
ENSMUSG00000033021-P,Sarcosine,,,0,,,0,,,0,-0.942857142857143,0.004804664723032,6,True,-,0.1679020985499759
ENSMUSG00000033021-P,Tyr-Val,,,0,,,0,,,0,-1.0,0.0,3,True,-,0.0
ENSMUSG00000067148-P,"13-Docosenamide, (Z)",,,0,,,0,-1.0,0.0,3,-1.0,0.0,3,True,-,0.0
ENSMUSG00000067148-P,"1-Octanol, 2-butyl-",0.5,0.6666666666666666,3,0.5,0.6666666666666666,3,0.5884898863364996,0.2191681811162894,6,0.7614081958174166,0.0040137487228951,12,True,+,0.146499185581409
ENSMUSG00000067148-P,"2-(Ethylamino)ethanol, N-acetyl",0.8660254037844387,0.3333333333333332,3,0.5,0.6666666666666666,3,0.7589709258986453,0.0801412280583238,6,0.8113190239322818,0.0013589381848086,12,True,+,0.0557505775615315
ENSMUSG00000067148-P,2-(Methylamino)ethanol,0.5,0.6666666666666666,3,0.5,0.6666666666666666,3,0.753702346348183,0.0835232813732598,6,0.7530659534637223,0.0046938930486737,12,True,+,0.1673621183600482
ENSMUSG00000067148-P,"3-Hydroxy-7,3',4',5'-tetramethoxyflavone",,,0,,,0,,,0,1.0,0.0,3,True,+,0.0
ENSMUSG00000067148-P,"4,5-Dihydro-1H-pyrazole",,,0,,,0,,,0,1.0,0.0,4,True,+,0.0
ENSMUSG00000067148-P,Ketamine,0.5,0.6666666666666666,3,0.5,0.6666666666666666,3,0.8116794499134279,0.0498575851013403,6,0.7530659534637223,0.0046938930486737,12,True,+,0.1673621183600482
ENSMUSG00000067148-P,L-(+)-Threose,,,0,,,0,-1.0,0.0,3,-1.0,0.0,3,True,-,0.0
ENSMUSG00000067148-P,Octadecanoic acid,,,0,,,0,,,0,-1.0,0.0,3,True,-,0.0
ENSMUSG00000067148-P,Phenoxyethanol,0.5,0.6666666666666666,3,0.5,0.6666666666666666,3,0.9276336570439176,0.0076658441874731,6,0.8231186002975568,0.0010049467838746,12,True,+,0.0418858130905164
ENSMUSG00000013663-P,"1,2-Bis(trimethylsiloxy)cyclohexene",,,0,,,0,,,0,1.0,0.0,3,True,+,0.0
ENSMUSG00000013663-P,"1,2-Cinnolinedicarboxylic acid, 1,2,3,5,6,7,8,8a-octahydro-4-trimethylsilyloxy-, diethyl ester",,,0,,,0,,,0,1.0,0.0,3,True,+,0.0
ENSMUSG00000013663-P,"2,5-Dimethoxyphenol",1.0,0.0,3,-1.0,0.0,3,0.6,0.208,6,0.7622377622377624,0.0039504489725426,12,True,+,0.1444028705953552
ENSMUSG00000013663-P,"3,4-Dihydroxybenzaldehyde",-1.0,0.0,3,,,0,,,0,-1.0,0.0,3,True,-,0.0
ENSMUSG00000013663-P,"3-Hydroxy-7,3',4',5'-tetramethoxyflavone",,,0,,,0,,,0,1.0,0.0,3,True,+,0.0
ENSMUSG00000013663-P,Azelaic acid,-0.5,0.6666666666666666,3,-0.5,0.6666666666666666,3,0.8116794499134279,0.0498575851013403,6,0.8021028062474065,0.0016965328946357,12,True,+,0.0682730321658673
ENSMUSG00000013663-P,"Benzoic acid, methyl ester",1.0,0.0,3,-0.5,0.6666666666666666,3,0.942857142857143,0.004804664723032,6,0.7972027972027973,0.0019003677255282,12,True,+,0.0758912141765791
ENSMUSG00000013663-P,cis-2-Decenoic acid,,,0,,,0,,,0,-1.0,0.0,3,True,-,0.0
ENSMUSG00000013663-P,L-(+)-Threose,,,0,,,0,1.0,0.0,3,1.0,0.0,3,True,+,0.0
ENSMUSG00000013663-P,Octadecanoic acid,,,0,,,0,,,0,-1.0,0.0,3,True,-,0.0
ENSMUSG00000013663-P,Phenol,1.0,0.0,3,1.0,0.0,3,0.7,0.1881204043741873,5,0.9272727272727276,3.973774256558545e-05,11,True,+,0.0017756210290105
ENSMUSG00000006800-P,Butyric Acid,1.0,0.0,3,1.0,0.0,3,0.3188740696088466,0.537900560470205,6,0.7635738504887974,0.0038500936565595,12,True,+,0.1414605165627303
ENSMUSG00000006800-P,cis-2-Decenoic acid,,,0,,,0,,,0,1.0,0.0,3,True,+,0.0
ENSMUSG00000006800-P,Diclofenac,,,0,,,0,,,0,1.0,0.0,4,True,+,0.0
ENSMUSG00000006800-P,Glycolic acid,1.0,0.0,3,0.5,0.6666666666666666,3,0.8116794499134279,0.0498575851013403,6,0.7530659534637223,0.0046938930486737,12,True,+,0.1673621183600482
ENSMUSG00000006800-P,Isosorbide,-1.0,0.0,3,,,0,,,0,-1.0,0.0,3,True,-,0.0
ENSMUSG00000006800-P,L-(+)-Threose,,,0,,,0,-1.0,0.0,3,-1.0,0.0,3,True,-,0.0
ENSMUSG00000006800-P,Pentanoic acid,0.5,0.6666666666666666,3,1.0,0.0,3,0.4857142857142857,0.3287230320699708,6,0.7552447552447553,0.0045084354842942,12,True,+,0.1619683642032021
ENSMUSG00000022843-P,"1,2-Bis(trimethylsiloxy)cyclohexene",,,0,,,0,,,0,1.0,0.0,3,True,+,0.0
ENSMUSG00000022843-P,"13-Docosenamide, (Z)",,,0,,,0,1.0,0.0,3,1.0,0.0,3,True,+,0.0
ENSMUSG00000022843-P,"2,3-Butanediol, O-(trimethylsilyl)-, monoacetate",1.0,0.0,3,0.8660254037844387,0.3333333333333332,3,0.9746794344808964,0.0048182304681985,5,0.8949864993553575,0.0001978811010817,11,True,+,0.0087226323333355
ENSMUSG00000022843-P,2-Butoxyethanol,0.5,0.6666666666666666,3,1.0,0.0,3,0.4857142857142857,0.3287230320699708,6,0.7482517482517484,0.005124081698753,12,True,+,0.176962914072306
ENSMUSG00000022843-P,2-Ethyl-1-butanol,,,0,,,0,1.0,0.0,3,1.0,1.4042654220543602e-24,5,True,+,6.303055151107153e-23
ENSMUSG00000022843-P,"3,4-Dihydroxybenzaldehyde",1.0,0.0,3,,,0,,,0,1.0,0.0,3,True,+,0.0
ENSMUSG00000022843-P,6-Oxoheptanoic acid,0.8660254037844387,0.3333333333333332,3,1.0,0.0,3,0.8285714285714287,0.0415626822157433,6,0.7600712181471057,0.0041173803556808,12,True,+,0.149614861133208
ENSMUSG00000022843-P,Aniline,0.5,0.6666666666666666,3,1.0,0.0,3,1.0,0.0,6,0.8321678321678322,0.0007854416778536,12,True,+,0.0332610831314817
ENSMUSG00000022843-P,Butachlor ESA,,,0,1.0,0.0,3,0.7999999999999999,0.2000000000000001,4,0.8333333333333333,0.0052656910291617,9,True,+,0.1809859324943322
ENSMUSG00000022843-P,L-(+)-Threose,,,0,,,0,1.0,0.0,3,1.0,0.0,3,True,+,0.0
ENSMUSG00000022843-P,Norketamine,0.8660254037844387,0.3333333333333332,3,1.0,0.0,3,0.5590653920196746,0.2487710057017011,6,0.8189920512039535,0.0011194826737636,12,True,+,0.0463636689506772
ENSMUSG00000022843-P,Tyr-Val,,,0,,,0,,,0,-1.0,0.0,3,True,-,0.0
ENSMUSG00000039899-P,"1-(2,4-Dimethoxyphenyl)-propan-2-one",0.5,0.6666666666666666,3,0.5,0.6666666666666666,3,0.7826237921249264,0.1176137608734581,5,0.7890240316738918,0.0038890785130696,11,True,+,0.14278405632064
ENSMUSG00000039899-P,"1,2-Bis(trimethylsiloxy)cyclohexene",,,0,,,0,,,0,1.0,0.0,3,True,+,0.0
ENSMUSG00000039899-P,"1,2-Cinnolinedicarboxylic acid, 1,2,3,5,6,7,8,8a-octahydro-4-trimethylsilyloxy-, diethyl ester",,,0,,,0,,,0,-1.0,0.0,3,True,-,0.0
ENSMUSG00000039899-P,"3,4-Dihydroxybenzaldehyde",1.0,0.0,3,,,0,,,0,1.0,0.0,3,True,+,0.0
ENSMUSG00000039899-P,Butyric Acid,0.5,0.6666666666666666,3,0.5,0.6666666666666666,3,0.6667366910003157,0.1480897994403528,6,0.7880922768806397,0.0023286751402374,12,True,+,0.0910978063660742
ENSMUSG00000039899-P,L-(+)-Threose,,,0,,,0,-1.0,0.0,3,-1.0,0.0,3,True,-,0.0
ENSMUSG00000039899-P,"l-Leucine, n-butoxycarbonyl-N-methyl-, hexadecyl ester",,,0,,,0,,,0,-1.0,0.0,4,True,-,0.0
ENSMUSG00000039899-P,Malic acid,1.0,0.0,3,1.0,0.0,3,0.3142857142857143,0.5440932944606415,6,0.7482517482517484,0.005124081698753,12,True,+,0.176962914072306
ENSMUSG00000039899-P,Tyr-Val,,,0,,,0,,,0,-1.0,0.0,3,True,-,0.0
ENSMUSG00000039899-P,Urea,1.0,0.0,3,1.0,0.0,3,0.8406680016960503,0.0360575728451592,6,0.7880922768806397,0.0023286751402374,12,True,+,0.0910978063660742
ENSMUSG00000042557-P,2-Butenedioic acid,,,0,-0.5,0.6666666666666666,3,0.8285714285714287,0.0415626822157433,6,0.8000000000000002,0.0031104283103858,11,True,+,0.1176276726103183
ENSMUSG00000042557-P,2-Hexanol,0.5,0.6666666666666666,3,0.5,0.6666666666666666,3,0.316227766016838,0.683772233983162,4,0.8145934285312865,0.004106131521831,10,True,+,0.149614861133208
ENSMUSG00000042557-P,"3,3-Dimethylacrylic acid",,,0,,,0,,,0,1.0,0.0,4,True,+,0.0
ENSMUSG00000042557-P,"4,5-Dihydro-1H-pyrazole",,,0,,,0,,,0,1.0,0.0,4,True,+,0.0
ENSMUSG00000042557-P,4-tert-Butyldimethylsiloxy-3-penten-2-one,,,0,,,0,1.0,0.0,4,1.0,0.0,4,True,+,0.0
ENSMUSG00000042557-P,7-Hydroxy-4-(methoxymethyl)coumarin,,,0,,,0,1.0,0.0,3,1.0,0.0,4,True,+,0.0
ENSMUSG00000042557-P,cis-2-Decenoic acid,,,0,,,0,,,0,-1.0,0.0,3,True,-,0.0
ENSMUSG00000042557-P,Glabridin,,,0,,,0,,,0,1.0,0.0,4,True,+,0.0
ENSMUSG00000042557-P,"N-[(3,4,5-Trimethoxyphenyl)methylidene]hydroxylamine",,,0,,,0,1.0,0.0,3,1.0,0.0,3,True,+,0.0
ENSMUSG00000042557-P,tert-butyl(dimethyl)silyl-2-([tert-butyl(dimethyl)silyl]oxy)hex-2-enoate,,,0,,,0,-1.0,0.0,4,-1.0,0.0,4,True,-,0.0
ENSMUSG00000038884-P,2-Aminoquinolin-8-ol,,,0,,,0,,,0,-1.0,0.0,3,True,-,0.0
ENSMUSG00000038884-P,2-Norbornanemethanol,,,0,,,0,,,0,1.0,0.0,3,True,+,0.0
ENSMUSG00000038884-P,"3-Hydroxy-7,3',4',5'-tetramethoxyflavone",,,0,,,0,,,0,-1.0,0.0,3,True,-,0.0
ENSMUSG00000038884-P,Isosorbide,-1.0,0.0,3,,,0,,,0,-1.0,0.0,3,True,-,0.0
ENSMUSG00000038884-P,"N-[(3,4,5-Trimethoxyphenyl)methylidene]hydroxylamine",,,0,,,0,-1.0,0.0,3,-1.0,0.0,3,True,-,0.0
ENSMUSG00000035692-P,"13-Docosenamide, (Z)",,,0,,,0,-1.0,0.0,3,-1.0,0.0,3,True,-,0.0
ENSMUSG00000035692-P,"2',5'-Dimethoxypropiophenone",-0.5,0.6666666666666666,3,0.5,0.6666666666666666,3,-0.8857142857142858,0.0188454810495626,6,-0.7705791151721809,0.0033551786239375,12,True,-,0.1259035599291489
ENSMUSG00000035692-P,"3,4-Dihydroxybenzaldehyde",1.0,0.0,3,,,0,,,0,1.0,0.0,3,True,+,0.0
ENSMUSG00000035692-P,"4,5-Dihydro-1H-pyrazole",,,0,,,0,,,0,1.0,0.0,4,True,+,0.0
ENSMUSG00000035692-P,cis-2-Decenoic acid,,,0,,,0,,,0,1.0,0.0,3,True,+,0.0
ENSMUSG00000035692-P,Palmitic Acid,1.0,0.0,3,,,0,0.7999999999999999,0.2000000000000001,4,0.8284591346681659,0.0057953731994397,9,True,+,0.1955303081363889
ENSMUSG00000063801-P,"1,2-Bis(trimethylsiloxy)cyclohexene",,,0,,,0,,,0,-1.0,0.0,3,True,-,0.0
ENSMUSG00000063801-P,alpha-Hydroxyisobutyric acid,,,0,,,0,-0.7714285714285715,0.0723965014577259,6,-0.9047619047619048,0.0020082755054294,8,True,-,0.0796373285451544
ENSMUSG00000063801-P,Butachlor ESA,,,0,-1.0,0.0,3,-1.0,0.0,4,-0.8833333333333333,0.0015905004234978,9,True,-,0.0645907013577512
ENSMUSG00000063801-P,Iminodiacetic acid,-1.0,0.0,3,-1.0,0.0,3,-0.7247137945655605,0.1032428046237076,6,-0.7495633211220306,0.0050040491837882,12,True,-,0.1736498981001007
ENSMUSG00000063801-P,L-Val-L-Leu,,,0,,,0,-1.0,0.0,3,-1.0,0.0,3,True,-,0.0
ENSMUSG00000063801-P,Octanoic acid,,,0,,,0,-0.7999999999999999,0.2000000000000001,4,-0.942857142857143,0.004804664723032,6,True,-,0.1679020985499759
ENSMUSG00000063801-P,Suberic acid,,,0,-1.0,0.0,3,-0.7714285714285715,0.0723965014577259,6,-0.881818181818182,0.0003301688021839,11,True,-,0.0144079928003976
ENSMUSG00000059456-P,2-Cyanobenzaldehyde,,,0,,,0,-1.0,1.4042654220543602e-24,5,-1.0,0.0,6,True,-,0.0
ENSMUSG00000059456-P,"3,4-Dihydroxybenzaldehyde",1.0,0.0,3,,,0,,,0,1.0,0.0,3,True,+,0.0
ENSMUSG00000059456-P,"4,5-Dihydro-1H-pyrazole",,,0,,,0,,,0,1.0,0.0,4,True,+,0.0
ENSMUSG00000059456-P,alpha-Hydroxyisobutyric acid,,,0,,,0,-0.7714285714285715,0.0723965014577259,6,-0.9047619047619048,0.0020082755054294,8,True,-,0.0796373285451544
ENSMUSG00000059456-P,Glycine,-0.5,0.6666666666666666,3,-0.5,0.6666666666666666,3,-0.4638168285219587,0.3541642984362303,6,-0.8161133356141735,0.0012051543656321,12,True,-,0.0495874267733696
ENSMUSG00000059456-P,L-Val-L-Leu,,,0,,,0,-1.0,0.0,3,-1.0,0.0,3,True,-,0.0
ENSMUSG00000059456-P,Octanoic acid,,,0,,,0,-0.7999999999999999,0.2000000000000001,4,-0.942857142857143,0.004804664723032,6,True,-,0.1679020985499759
ENSMUSG00000031637-P,2-Norbornanemethanol,,,0,,,0,,,0,1.0,0.0,3,True,+,0.0
ENSMUSG00000031637-P,3-Aminobenzoic acid,,,0,-1.0,0.0,3,-0.7142857142857143,0.1107871720116617,6,-0.83489752188749,0.0013846867783018,11,True,-,0.0567098326648916
ENSMUSG00000031637-P,Butyric Acid,-1.0,0.0,3,-1.0,0.0,3,-0.1739313106957345,0.7417339277316278,6,-0.7407511093795489,0.0058527940155822,12,True,-,0.1972391583251201
ENSMUSG00000031637-P,Diclofenac,,,0,,,0,,,0,-1.0,0.0,4,True,-,0.0
ENSMUSG00000031637-P,Hexanoic acid,-1.0,0.0,3,-1.0,0.0,3,-0.3188740696088466,0.537900560470205,6,-0.7442784956146897,0.0055009953759277,12,True,-,0.1876535467504218
ENSMUSG00000031637-P,Hypoxanthine,-1.0,0.0,3,-1.0,0.0,3,-0.942857142857143,0.004804664723032,6,-0.8873459471570384,0.0001179366703295,12,True,-,0.0052218029028704
ENSMUSG00000031637-P,Isosorbide,1.0,0.0,3,,,0,,,0,1.0,0.0,3,True,+,0.0
ENSMUSG00000031637-P,Ketamine,-1.0,0.0,3,-1.0,0.0,3,-0.753702346348183,0.0835232813732598,6,-0.7724975854958155,0.0032284947201396,12,True,-,0.1216741859354199
ENSMUSG00000031637-P,Malic acid,-0.5,0.6666666666666666,3,-0.5,0.6666666666666666,3,-0.7142857142857143,0.1107871720116617,6,-0.7464973841162387,0.0052880195761919,12,True,-,0.1815800018212259
ENSMUSG00000031637-P,Uracil,-0.5,0.6666666666666666,3,-1.0,0.0,3,-0.8116794499134279,0.0498575851013403,6,-0.7724975854958155,0.0032284947201396,12,True,-,0.1216741859354199
ENSMUSG00000036202-P,"13-Docosenamide, (Z)",,,0,,,0,1.0,0.0,3,1.0,0.0,3,True,+,0.0
ENSMUSG00000036202-P,"2,4-Dimethoxybenzaldoxime",,,0,,,0,,,0,1.0,0.0,3,True,+,0.0
ENSMUSG00000036202-P,2-Aminoquinolin-8-ol,,,0,,,0,,,0,1.0,0.0,3,True,+,0.0
ENSMUSG00000036202-P,"3,4-Dihydroxybenzaldehyde",-1.0,0.0,3,,,0,,,0,-1.0,0.0,3,True,-,0.0
ENSMUSG00000036202-P,"3-Hydroxy-7,3',4',5'-tetramethoxyflavone",,,0,,,0,,,0,1.0,0.0,3,True,+,0.0
ENSMUSG00000036202-P,"4,5-Dihydro-1H-pyrazole",,,0,,,0,,,0,1.0,0.0,4,True,+,0.0
ENSMUSG00000036202-P,Octadecanoic acid,,,0,,,0,,,0,-1.0,0.0,3,True,-,0.0
ENSMUSG00000036202-P,Oleamide,-0.5,0.6666666666666666,3,-1.0,0.0,3,-0.8285714285714287,0.0415626822157433,6,-0.7622377622377624,0.0039504489725426,12,True,-,0.1444028705953552
ENSMUSG00000036202-P,Tyr-Val,,,0,,,0,,,0,1.0,0.0,3,True,+,0.0
ENSMUSG00000043411-P,2-Norbornanemethanol,,,0,,,0,,,0,-1.0,0.0,3,True,-,0.0
ENSMUSG00000043411-P,3-Aminobenzoic acid,,,0,1.0,0.0,3,0.2571428571428572,0.6227871720116619,6,0.7818181818181819,0.004473162252783,11,True,+,0.1611140357001344
ENSMUSG00000043411-P,L-(+)-Threose,,,0,,,0,-1.0,0.0,3,-1.0,0.0,3,True,-,0.0
ENSMUSG00000043411-P,L-Val-L-Leu,,,0,,,0,1.0,0.0,3,1.0,0.0,3,True,+,0.0
ENSMUSG00000017670-P,"1,2-Cinnolinedicarboxylic acid, 1,2,3,5,6,7,8,8a-octahydro-4-trimethylsilyloxy-, diethyl ester",,,0,,,0,,,0,1.0,0.0,3,True,+,0.0
ENSMUSG00000017670-P,Glabridin,,,0,,,0,,,0,1.0,0.0,4,True,+,0.0
ENSMUSG00000017670-P,L-(+)-Threose,,,0,,,0,1.0,0.0,3,1.0,0.0,3,True,+,0.0
ENSMUSG00000017670-P,"N-[(3,4,5-Trimethoxyphenyl)methylidene]hydroxylamine",,,0,,,0,1.0,0.0,3,1.0,0.0,3,True,+,0.0
ENSMUSG00000017670-P,Tyr-Val,,,0,,,0,,,0,-1.0,0.0,3,True,-,0.0
ENSMUSG00000017670-P,Xylazine,0.5,0.6666666666666666,3,-0.5,0.6666666666666666,3,0.6,0.208,6,0.7762237762237763,0.0029928636801859,12,True,+,0.1136263097655619
ENSMUSG00000014846-P,"13-Docosenamide, (Z)",,,0,,,0,-1.0,0.0,3,-1.0,0.0,3,True,-,0.0
ENSMUSG00000014846-P,2-Norbornanemethanol,,,0,,,0,,,0,-1.0,0.0,3,True,-,0.0
ENSMUSG00000014846-P,"3-Hydroxy-7,3',4',5'-tetramethoxyflavone",,,0,,,0,,,0,-1.0,0.0,3,True,-,0.0
ENSMUSG00000014846-P,Azelaic acid,-0.5,0.6666666666666666,3,-0.5,0.6666666666666666,3,-0.7247137945655605,0.1032428046237076,6,-0.8266212326392487,0.0009150112679836,12,True,-,0.0383977614646502
ENSMUSG00000014846-P,cis-2-Decenoic acid,,,0,,,0,,,0,1.0,0.0,3,True,+,0.0
ENSMUSG00000014846-P,Isosorbide,-1.0,0.0,3,,,0,,,0,-1.0,0.0,3,True,-,0.0
ENSMUSG00000014846-P,Salsoline,0.5,0.6666666666666666,3,0.5,0.6666666666666666,3,0.3999999999999999,0.6,4,0.8666666666666665,0.0011735381801554,10,True,+,0.0484009213110282
ENSMUSG00000014846-P,Tyr-Val,,,0,,,0,,,0,1.0,0.0,3,True,+,0.0
ENSMUSG00000030611-P,"1,2-Cinnolinedicarboxylic acid, 1,2,3,5,6,7,8,8a-octahydro-4-trimethylsilyloxy-, diethyl ester",,,0,,,0,,,0,1.0,0.0,3,True,+,0.0
ENSMUSG00000030611-P,2-Ethyl-1-butanol,,,0,,,0,-1.0,0.0,3,-1.0,1.4042654220543602e-24,5,True,-,6.303055151107153e-23
ENSMUSG00000030611-P,"6,7,4'-Trihydroxyisoflavone",-1.0,0.0,3,-1.0,0.0,3,-0.9276336570439176,0.0076658441874731,6,-0.8511396590310907,0.0004459012873585,12,True,-,0.0193291732325072
ENSMUSG00000030611-P,cis-2-Decenoic acid,,,0,,,0,,,0,-1.0,0.0,3,True,-,0.0
ENSMUSG00000030611-P,Isosorbide,1.0,0.0,3,,,0,,,0,1.0,0.0,3,True,+,0.0
ENSMUSG00000030611-P,L-(+)-Threose,,,0,,,0,-1.0,0.0,3,-1.0,0.0,3,True,-,0.0
ENSMUSG00000030611-P,Luciferin,,,0,,,0,,,0,-1.0,0.0,4,True,-,0.0
ENSMUSG00000030611-P,Tyr-Val,,,0,,,0,,,0,-1.0,0.0,3,True,-,0.0
ENSMUSG00000034563-P,"13-Docosenamide, (Z)",,,0,,,0,-1.0,0.0,3,-1.0,0.0,3,True,-,0.0
ENSMUSG00000034563-P,2-Aminoquinolin-8-ol,,,0,,,0,,,0,1.0,0.0,3,True,+,0.0
ENSMUSG00000034563-P,3-(4-Methoxyphenyl)coumarin,,,0,,,0,1.0,0.0,3,1.0,0.0,4,True,+,0.0
ENSMUSG00000034563-P,"3-Hydroxy-7,3',4',5'-tetramethoxyflavone",,,0,,,0,,,0,1.0,0.0,3,True,+,0.0
ENSMUSG00000034563-P,Isosorbide,1.0,0.0,3,,,0,,,0,1.0,0.0,3,True,+,0.0
ENSMUSG00000034563-P,L-(+)-Threose,,,0,,,0,-1.0,0.0,3,-1.0,0.0,3,True,-,0.0
ENSMUSG00000010057-P,2-Norbornanemethanol,,,0,,,0,,,0,-1.0,0.0,3,True,-,0.0
ENSMUSG00000010057-P,4-tert-Butyldimethylsiloxy-3-penten-2-one,,,0,,,0,-1.0,0.0,4,-1.0,0.0,4,True,-,0.0
ENSMUSG00000010057-P,cis-2-Decenoic acid,,,0,,,0,,,0,-1.0,0.0,3,True,-,0.0
ENSMUSG00000010057-P,"N-[(3,4,5-Trimethoxyphenyl)methylidene]hydroxylamine",,,0,,,0,-1.0,0.0,3,-1.0,0.0,3,True,-,0.0
ENSMUSG00000010057-P,Octanoic acid,,,0,,,0,-1.0,0.0,4,-1.0,0.0,6,True,-,0.0
ENSMUSG00000010057-P,Tyr-Val,,,0,,,0,,,0,1.0,0.0,3,True,+,0.0
ENSMUSG00000020886-P,"1,2-Bis(trimethylsiloxy)cyclohexene",,,0,,,0,,,0,-1.0,0.0,3,True,-,0.0
ENSMUSG00000020886-P,"2,4-Dimethoxybenzaldoxime",,,0,,,0,,,0,-1.0,0.0,3,True,-,0.0
ENSMUSG00000020886-P,"3-Hydroxy-7,3',4',5'-tetramethoxyflavone",,,0,,,0,,,0,-1.0,0.0,3,True,-,0.0
ENSMUSG00000020886-P,Azelaic acid,-0.5,0.6666666666666666,3,-1.0,0.0,3,-0.8986451052612952,0.0148886220055803,6,-0.91068440883985,3.846947982904686e-05,12,True,-,0.0017193183134718
ENSMUSG00000020886-P,cis-2-Decenoic acid,,,0,,,0,,,0,1.0,0.0,3,True,+,0.0
ENSMUSG00000020886-P,Isosorbide,-1.0,0.0,3,,,0,,,0,-1.0,0.0,3,True,-,0.0
ENSMUSG00000020886-P,L-(+)-Threose,,,0,,,0,-1.0,0.0,3,-1.0,0.0,3,True,-,0.0
ENSMUSG00000020886-P,"l-Leucine, n-butoxycarbonyl-N-methyl-, hexadecyl ester",,,0,,,0,,,0,1.0,0.0,4,True,+,0.0
ENSMUSG00000020886-P,Salsoline,0.5,0.6666666666666666,3,-0.5,0.6666666666666666,3,0.3999999999999999,0.6,4,0.8545454545454544,0.0016368033159867,10,True,+,0.0661368564769408
ENSMUSG00000020886-P,Tyr-Val,,,0,,,0,,,0,1.0,0.0,3,True,+,0.0
ENSMUSG00000018171-P,"1-Pentene, 1,3-diphenyl-1-(trimethylsilyloxy)-",,,0,,,0,,,0,1.0,0.0,4,True,+,0.0
ENSMUSG00000018171-P,2-Norbornanemethanol,,,0,,,0,,,0,-1.0,0.0,3,True,-,0.0
ENSMUSG00000018171-P,"3,4-Dihydroxybenzaldehyde",1.0,0.0,3,,,0,,,0,1.0,0.0,3,True,+,0.0
ENSMUSG00000018171-P,L-Serine,1.0,0.0,3,,,0,,,0,1.0,1.4042654220543602e-24,5,True,+,6.303055151107153e-23
ENSMUSG00000018171-P,L-Val-L-Leu,,,0,,,0,1.0,0.0,3,1.0,0.0,3,True,+,0.0
ENSMUSG00000018171-P,"N-[(3,4,5-Trimethoxyphenyl)methylidene]hydroxylamine",,,0,,,0,1.0,0.0,3,1.0,0.0,3,True,+,0.0
ENSMUSG00000018171-P,Octadecanoic acid,,,0,,,0,,,0,1.0,0.0,3,True,+,0.0
ENSMUSG00000018171-P,Palmitic Acid,1.0,0.0,3,,,0,0.7999999999999999,0.2000000000000001,4,0.9333333333333332,0.0002358998121594,9,True,+,0.0103678811006699
ENSMUSG00000008348-P,2-Aminoquinolin-8-ol,,,0,,,0,,,0,1.0,0.0,3,True,+,0.0
ENSMUSG00000008348-P,3-(4-Methoxyphenyl)coumarin,,,0,,,0,1.0,0.0,3,1.0,0.0,4,True,+,0.0
ENSMUSG00000008348-P,"3-Hydroxy-7,3',4',5'-tetramethoxyflavone",,,0,,,0,,,0,1.0,0.0,3,True,+,0.0
ENSMUSG00000008348-P,"4,5-Dihydro-1H-pyrazole",,,0,,,0,,,0,1.0,0.0,4,True,+,0.0
ENSMUSG00000008348-P,DL-Glyceraldehyde,0.8660254037844387,0.3333333333333332,3,-0.8660254037844387,0.3333333333333332,3,-0.0857142857142857,0.8717434402332361,6,0.7403554346427417,0.0058932871405385,12,True,+,0.1979651792836196
ENSMUSG00000008348-P,L-(+)-Threose,,,0,,,0,-1.0,0.0,3,-1.0,0.0,3,True,-,0.0
ENSMUSG00000008348-P,Niacinamide,,,0,0.5,0.6666666666666666,3,0.7142857142857143,0.1107871720116617,6,0.7727272727272727,0.0052994871786438,11,True,+,0.1815800018212259
ENSMUSG00000008348-P,Octadecanoic acid,,,0,,,0,,,0,-1.0,0.0,3,True,-,0.0
ENSMUSG00000042659-P,"(2,5-Dimethoxyphenyl)acetone",1.0,0.0,3,0.5,0.6666666666666666,3,0.942857142857143,0.004804664723032,6,0.7622377622377624,0.0039504489725426,12,True,+,0.1444028705953552
ENSMUSG00000042659-P,"1,2-Cinnolinedicarboxylic acid, 1,2,3,5,6,7,8,8a-octahydro-4-trimethylsilyloxy-, diethyl ester",,,0,,,0,,,0,-1.0,0.0,3,True,-,0.0
ENSMUSG00000042659-P,2-Aminoquinolin-8-ol,,,0,,,0,,,0,1.0,0.0,3,True,+,0.0
ENSMUSG00000042659-P,2-Norbornanemethanol,,,0,,,0,,,0,-1.0,0.0,3,True,-,0.0
ENSMUSG00000042659-P,"3,4-Dihydroxybenzaldehyde",-1.0,0.0,3,,,0,,,0,-1.0,0.0,3,True,-,0.0
ENSMUSG00000042659-P,7-Hydroxy-4-(methoxymethyl)coumarin,,,0,,,0,1.0,0.0,3,1.0,0.0,4,True,+,0.0
ENSMUSG00000042659-P,cis-2-Decenoic acid,,,0,,,0,,,0,-1.0,0.0,3,True,-,0.0
ENSMUSG00000042659-P,Tyr-Val,,,0,,,0,,,0,1.0,0.0,3,True,+,0.0
ENSMUSG00000019647-P,"2,4-Dimethoxybenzaldoxime",,,0,,,0,,,0,1.0,0.0,3,True,+,0.0
ENSMUSG00000019647-P,"3,4-Dihydroxybenzaldehyde",1.0,0.0,3,,,0,,,0,1.0,0.0,3,True,+,0.0
ENSMUSG00000019647-P,"4,5-Dihydro-1H-pyrazole",,,0,,,0,,,0,1.0,0.0,4,True,+,0.0
ENSMUSG00000021709-P,"1,2-Bis(trimethylsiloxy)cyclohexene",,,0,,,0,,,0,1.0,0.0,3,True,+,0.0
ENSMUSG00000021709-P,"13-Docosenamide, (Z)",,,0,,,0,1.0,0.0,3,1.0,0.0,3,True,+,0.0
ENSMUSG00000021709-P,"2,4-Dimethoxybenzaldoxime",,,0,,,0,,,0,1.0,0.0,3,True,+,0.0
ENSMUSG00000021709-P,2-Aminoquinolin-8-ol,,,0,,,0,,,0,1.0,0.0,3,True,+,0.0
ENSMUSG00000021709-P,"3-Hydroxy-7,3',4',5'-tetramethoxyflavone",,,0,,,0,,,0,1.0,0.0,3,True,+,0.0
ENSMUSG00000021709-P,Aceturic acid,-0.5,0.6666666666666666,3,,,0,1.0,0.0,6,0.8545454545454546,0.0008066741521648,11,True,+,0.0340773346852635
ENSMUSG00000021709-P,Azelaic acid,0.5,0.6666666666666666,3,1.0,0.0,3,0.7247137945655605,0.1032428046237076,6,0.8756580854229328,0.0001892976564778,12,True,+,0.0083460334130558
ENSMUSG00000021709-P,Butanedioic acid,-0.5,0.6666666666666666,3,1.0,0.0,3,0.6,0.208,6,0.7552447552447553,0.0045084354842942,12,True,+,0.1619683642032021
ENSMUSG00000021709-P,cis-2-Decenoic acid,,,0,,,0,,,0,-1.0,0.0,3,True,-,0.0
ENSMUSG00000021709-P,Isosorbide,1.0,0.0,3,,,0,,,0,1.0,0.0,3,True,+,0.0
ENSMUSG00000021709-P,L-Val-L-Leu,,,0,,,0,1.0,0.0,3,1.0,0.0,3,True,+,0.0
ENSMUSG00000021709-P,Salsoline,-0.5,0.6666666666666666,3,0.5,0.6666666666666666,3,-0.6000000000000001,0.4,4,-0.8424242424242423,0.0022200312259168,10,True,-,0.0874109733841736
ENSMUSG00000021709-P,Tyr-Val,,,0,,,0,,,0,-1.0,0.0,3,True,-,0.0
ENSMUSG00000086769-P,"1,2-Bis(trimethylsiloxy)cyclohexene",,,0,,,0,,,0,-1.0,0.0,3,True,-,0.0
ENSMUSG00000086769-P,"13-Docosenamide, (Z)",,,0,,,0,1.0,0.0,3,1.0,0.0,3,True,+,0.0
ENSMUSG00000086769-P,"2,4-Di-tert-butylphenol",-0.5,0.6666666666666666,3,-1.0,0.0,3,,,0,-0.9285714285714288,0.0025194724037946,7,True,-,0.097376722909516
ENSMUSG00000086769-P,2-Aminoquinolin-8-ol,,,0,,,0,,,0,1.0,0.0,3,True,+,0.0
ENSMUSG00000086769-P,"3-Hydroxy-7,3',4',5'-tetramethoxyflavone",,,0,,,0,,,0,1.0,0.0,3,True,+,0.0
ENSMUSG00000086769-P,"5-Chlorovaleric acid, nonyl ester",-0.8660254037844387,0.3333333333333332,3,-1.0,0.0,3,-0.8285714285714287,0.0415626822157433,6,-0.8140350877192982,0.0012700754331763,12,True,-,0.0522381025606016
ENSMUSG00000086769-P,"9Z-Octadecenoic acid, (2S)-3-[(hydroxymercaptophosphinyl)oxy]-2-methoxypropyl ester ",,,0,,,0,-0.8999999999999998,0.0373860734684987,5,-0.9285714285714288,0.0025194724037946,7,True,-,0.097376722909516
ENSMUSG00000086769-P,cis-2-Decenoic acid,,,0,,,0,,,0,-1.0,0.0,3,True,-,0.0
ENSMUSG00000086769-P,Heptanoic acid,-1.0,0.0,3,-1.0,0.0,3,-0.9276336570439176,0.0076658441874731,6,-0.7824561403508773,0.0026282755709702,12,True,-,0.1009284870057918
ENSMUSG00000086769-P,Isosorbide,1.0,0.0,3,,,0,,,0,1.0,0.0,3,True,+,0.0
ENSMUSG00000086769-P,L-Val-L-Leu,,,0,,,0,-1.0,0.0,3,-1.0,0.0,3,True,-,0.0
ENSMUSG00000086769-P,Octadecanoic acid,,,0,,,0,,,0,1.0,0.0,3,True,+,0.0
ENSMUSG00000031617-P,"13-Docosenamide, (Z)",,,0,,,0,1.0,0.0,3,1.0,0.0,3,True,+,0.0
ENSMUSG00000031617-P,1-Octadecanol,,,0,,,0,1.0,1.4042654220543602e-24,5,0.880952380952381,0.0038503204637324,8,True,+,0.1414605165627303
ENSMUSG00000031617-P,"2',3'-Di-O-acetyladenosine",,,0,,,0,1.0,0.0,3,0.9642857142857144,0.0004541491691941,7,True,+,0.0196011697980853
ENSMUSG00000031617-P,"2,4-Dimethoxybenzaldoxime",,,0,,,0,,,0,1.0,0.0,3,True,+,0.0
ENSMUSG00000031617-P,2-Norbornanemethanol,,,0,,,0,,,0,-1.0,0.0,3,True,-,0.0
ENSMUSG00000031617-P,5-Azacytosine,-0.5,0.6666666666666666,3,1.0,0.0,3,0.9276336570439176,0.0076658441874731,6,0.7740817475138726,0.0031266563739204,12,True,+,0.1179425135885409
ENSMUSG00000031617-P,"Benzene, 1,4-dimethoxy",0.0,1.0,3,1.0,0.0,3,0.8285714285714287,0.0415626822157433,6,0.8266212326392487,0.0009150112679836,12,True,+,0.0383977614646502
ENSMUSG00000031617-P,Diclofenac,,,0,,,0,,,0,1.0,0.0,4,True,+,0.0
ENSMUSG00000031617-P,L-Val-L-Leu,,,0,,,0,1.0,0.0,3,1.0,0.0,3,True,+,0.0
ENSMUSG00000071650-P,"1,2-Bis(trimethylsiloxy)cyclohexene",,,0,,,0,,,0,-1.0,0.0,3,True,-,0.0
ENSMUSG00000071650-P,"13-Docosenamide, (Z)",,,0,,,0,-1.0,0.0,3,-1.0,0.0,3,True,-,0.0
ENSMUSG00000071650-P,"2,4-Dimethoxybenzaldoxime",,,0,,,0,,,0,-1.0,0.0,3,True,-,0.0
ENSMUSG00000071650-P,"2,4-Di-tert-butylphenol",-0.5,0.6666666666666666,3,-1.0,0.0,3,,,0,-0.9642857142857144,0.0004541491691941,7,True,-,0.0196011697980853
ENSMUSG00000071650-P,2-Aminoquinolin-8-ol,,,0,,,0,,,0,1.0,0.0,3,True,+,0.0
ENSMUSG00000071650-P,3-(4-Methoxyphenyl)coumarin,,,0,,,0,1.0,0.0,3,1.0,0.0,4,True,+,0.0
ENSMUSG00000071650-P,"3-Hydroxy-7,3',4',5'-tetramethoxyflavone",,,0,,,0,,,0,1.0,0.0,3,True,+,0.0
ENSMUSG00000071650-P,cis-2-Decenoic acid,,,0,,,0,,,0,-1.0,0.0,3,True,-,0.0
ENSMUSG00000071650-P,Isosorbide,1.0,0.0,3,,,0,,,0,1.0,0.0,3,True,+,0.0
ENSMUSG00000071650-P,L-(+)-Threose,,,0,,,0,-1.0,0.0,3,-1.0,0.0,3,True,-,0.0
ENSMUSG00000071650-P,L-Glutamic acid,,,0,,,0,-1.0,0.0,3,-1.0,1.4042654220543602e-24,5,True,-,6.303055151107153e-23
ENSMUSG00000071650-P,L-Ornithine,,,0,,,0,,,0,-1.0,0.0,4,True,-,0.0
ENSMUSG00000071650-P,L-Val-L-Leu,,,0,,,0,-1.0,0.0,3,-1.0,0.0,3,True,-,0.0
ENSMUSG00000071650-P,Octadecanoic acid,,,0,,,0,,,0,1.0,0.0,3,True,+,0.0
ENSMUSG00000024098-P,"13-Docosenamide, (Z)",,,0,,,0,-1.0,0.0,3,-1.0,0.0,3,True,-,0.0
ENSMUSG00000024098-P,3-(4-Methoxyphenyl)coumarin,,,0,,,0,1.0,0.0,3,1.0,0.0,4,True,+,0.0
ENSMUSG00000024098-P,"3-Hydroxy-7,3',4',5'-tetramethoxyflavone",,,0,,,0,,,0,1.0,0.0,3,True,+,0.0
ENSMUSG00000024098-P,Isosorbide,1.0,0.0,3,,,0,,,0,1.0,0.0,3,True,+,0.0
ENSMUSG00000024098-P,L-(+)-Threose,,,0,,,0,-1.0,0.0,3,-1.0,0.0,3,True,-,0.0
ENSMUSG00000024098-P,"Propanoic acid, dimethyl(isopropyl)silyl ester",,,0,-1.0,0.0,3,-0.8285714285714287,0.0415626822157433,6,-0.9151515151515152,0.0002044724061488,10,True,-,0.0090074772381889
ENSMUSG00000046806-P,"1,2-Bis(trimethylsiloxy)cyclohexene",,,0,,,0,,,0,1.0,0.0,3,True,+,0.0
ENSMUSG00000046806-P,"1-Pentene, 1,3-diphenyl-1-(trimethylsilyloxy)-",,,0,,,0,,,0,1.0,0.0,4,True,+,0.0
ENSMUSG00000046806-P,2-Ethyl-1-butanol,,,0,,,0,1.0,0.0,3,1.0,1.4042654220543602e-24,5,True,+,6.303055151107153e-23
ENSMUSG00000046806-P,2-Norbornanemethanol,,,0,,,0,,,0,-1.0,0.0,3,True,-,0.0
ENSMUSG00000046806-P,"3,4-Dihydroxybenzaldehyde",1.0,0.0,3,,,0,,,0,1.0,0.0,3,True,+,0.0
ENSMUSG00000046806-P,3-Hydroxymethyl-2-trimethylsilyloxypentane,,,0,,,0,0.8999999999999998,0.0373860734684987,5,0.942857142857143,0.004804664723032,6,True,+,0.1679020985499759
ENSMUSG00000046806-P,7-Hydroxy-4-(methoxymethyl)coumarin,,,0,,,0,1.0,0.0,3,1.0,0.0,4,True,+,0.0
ENSMUSG00000046806-P,Benzenepropanoic acid,1.0,0.0,3,0.5,0.6666666666666666,3,0.6179143806533246,0.1910939016901931,6,0.7508818152300792,0.0048855354855236,12,True,+,0.1700316142628828
ENSMUSG00000046806-P,L-Val-L-Leu,,,0,,,0,1.0,0.0,3,1.0,0.0,3,True,+,0.0
ENSMUSG00000046806-P,"Propanoic acid, 3-[(tert-butyldimethylsilyl)oxy]-2-methyl-",1.0,0.0,3,,,0,0.2319084142609793,0.658373571260927,6,0.7972685832618591,0.0032922642485823,11,True,+,0.123876407725335
ENSMUSG00000040661-P,"13-Docosenamide, (Z)",,,0,,,0,1.0,0.0,3,1.0,0.0,3,True,+,0.0
ENSMUSG00000040661-P,2-Aminoquinolin-8-ol,,,0,,,0,,,0,1.0,0.0,3,True,+,0.0
ENSMUSG00000040661-P,"3,4-Dihydroxybenzaldehyde",-1.0,0.0,3,,,0,,,0,-1.0,0.0,3,True,-,0.0
ENSMUSG00000040661-P,cis-2-Decenoic acid,,,0,,,0,,,0,-1.0,0.0,3,True,-,0.0
ENSMUSG00000040661-P,L-(+)-Threose,,,0,,,0,1.0,0.0,3,1.0,0.0,3,True,+,0.0
ENSMUSG00000040661-P,Luciferin,,,0,,,0,,,0,-1.0,0.0,4,True,-,0.0
ENSMUSG00000040675-P,"13-Docosenamide, (Z)",,,0,,,0,-1.0,0.0,3,-1.0,0.0,3,True,-,0.0
ENSMUSG00000040675-P,2-Norbornanemethanol,,,0,,,0,,,0,-1.0,0.0,3,True,-,0.0
ENSMUSG00000040675-P,"4,5-Dihydro-1H-pyrazole",,,0,,,0,,,0,1.0,0.0,4,True,+,0.0
ENSMUSG00000040675-P,Butyric Acid,0.8660254037844387,0.3333333333333332,3,0.5,0.6666666666666666,3,0.2898855178262242,0.5773517870348749,6,0.7964912280701755,0.0019314603111692,12,True,+,0.0770886948263023
ENSMUSG00000040675-P,cis-2-Decenoic acid,,,0,,,0,,,0,1.0,0.0,3,True,+,0.0
ENSMUSG00000040675-P,Hexanoic acid,0.8660254037844387,0.3333333333333332,3,0.5,0.6666666666666666,3,0.5507824838698261,0.2573693316225746,6,0.7684210526315791,0.0035021601636847,12,True,+,0.1308316367960453
ENSMUSG00000040675-P,Hypoxanthine,0.8660254037844387,0.3333333333333332,3,0.5,0.6666666666666666,3,0.7714285714285715,0.0723965014577259,6,0.8021028062474066,0.0016965328946357,12,True,+,0.0682730321658673
ENSMUSG00000040675-P,L-(+)-Threose,,,0,,,0,-1.0,0.0,3,-1.0,0.0,3,True,-,0.0
ENSMUSG00000040675-P,Oleic Acid,1.0,0.0,3,,,0,,,0,1.0,0.0,3,True,+,0.0
ENSMUSG00000040675-P,Pentanoic acid,0.8660254037844387,0.3333333333333332,3,0.5,0.6666666666666666,3,0.5428571428571429,0.2657026239067054,6,0.8231186002975569,0.0010049467838746,12,True,+,0.0418858130905164
ENSMUSG00000040675-P,"Propanoic acid, 3-[(tert-butyldimethylsilyl)oxy]-2-methyl-",0.8660254037844387,0.3333333333333332,3,,,0,0.5507824838698261,0.2573693316225746,6,0.8356164383561645,0.0013592497462267,11,True,+,0.0557521872745596
ENSMUSG00000040675-P,Prostaglandin,,,0,0.5,0.6666666666666666,3,,,0,0.942857142857143,0.004804664723032,6,True,+,0.1679020985499759
ENSMUSG00000016487-P,"1,2-Bis(trimethylsiloxy)cyclohexene",,,0,,,0,,,0,1.0,0.0,3,True,+,0.0
ENSMUSG00000016487-P,"1-Octanol, 2-butyl-",1.0,0.0,3,1.0,0.0,3,0.7356123579206245,0.0956107807382797,6,0.8070225116958795,0.0015091813858525,12,True,+,0.0615154816152987
ENSMUSG00000016487-P,"3,4-Dihydroxybenzaldehyde",-1.0,0.0,3,,,0,,,0,-1.0,0.0,3,True,-,0.0
ENSMUSG00000016487-P,"3-Hydroxy-7,3',4',5'-tetramethoxyflavone",,,0,,,0,,,0,1.0,0.0,3,True,+,0.0
ENSMUSG00000016487-P,7-Hydroxy-4-(methoxymethyl)coumarin,,,0,,,0,1.0,0.0,3,1.0,0.0,4,True,+,0.0
ENSMUSG00000016487-P,Aceturic acid,0.5,0.6666666666666666,3,,,0,0.5428571428571429,0.2657026239067054,6,0.8272727272727273,0.0016769738964523,11,True,+,0.0675770348938753
ENSMUSG00000016487-P,Azelaic acid,-0.5,0.6666666666666666,3,1.0,0.0,3,0.8406680016960503,0.0360575728451592,6,0.8721554530812411,0.0002161753733066,12,True,+,0.0095149952598864
ENSMUSG00000016487-P,"Benzoic acid, methyl ester",1.0,0.0,3,1.0,0.0,3,0.942857142857143,0.004804664723032,6,0.8881118881118882,0.0001141335981461,12,True,+,0.0050555594650511
ENSMUSG00000016487-P,cis-2-Decenoic acid,,,0,,,0,,,0,-1.0,0.0,3,True,-,0.0
ENSMUSG00000016487-P,N-Methylacetamide,-0.5,0.6666666666666666,3,0.0,1.0,3,0.9856107606091624,0.0003090856678496,6,0.7649169893465294,0.0037511694194951,12,True,+,0.1389661947711536
ENSMUSG00000016487-P,Octadecanoic acid,,,0,,,0,,,0,-1.0,0.0,3,True,-,0.0
ENSMUSG00000016487-P,Octanoic acid,,,0,,,0,0.7999999999999999,0.2000000000000001,4,0.942857142857143,0.004804664723032,6,True,+,0.1679020985499759
ENSMUSG00000016487-P,Phenol,1.0,0.0,3,-0.5,0.6666666666666666,3,0.6,0.2847569798652938,5,0.7818181818181819,0.004473162252783,11,True,+,0.1611140357001344
ENSMUSG00000028967-P,2-Aminoquinolin-8-ol,,,0,,,0,,,0,-1.0,0.0,3,True,-,0.0
ENSMUSG00000028967-P,"3,4-Dihydroxybenzaldehyde",1.0,0.0,3,,,0,,,0,1.0,0.0,3,True,+,0.0
ENSMUSG00000028967-P,Glabridin,,,0,,,0,,,0,-1.0,0.0,4,True,-,0.0
ENSMUSG00000028967-P,L-(+)-Threose,,,0,,,0,-1.0,0.0,3,-1.0,0.0,3,True,-,0.0
ENSMUSG00000028967-P,Tyr-Val,,,0,,,0,,,0,-1.0,0.0,3,True,-,0.0
ENSMUSG00000036197-P,2-Aminoquinolin-8-ol,,,0,,,0,,,0,1.0,0.0,3,True,+,0.0
ENSMUSG00000036197-P,2-Norbornanemethanol,,,0,,,0,,,0,-1.0,0.0,3,True,-,0.0
ENSMUSG00000036197-P,"4,5-Dihydro-1H-pyrazole",,,0,,,0,,,0,1.0,0.0,4,True,+,0.0
ENSMUSG00000036197-P,cis-2-Decenoic acid,,,0,,,0,,,0,-1.0,0.0,3,True,-,0.0
ENSMUSG00000036197-P,Glabridin,,,0,,,0,,,0,1.0,0.0,4,True,+,0.0
ENSMUSG00000036197-P,Glycerol,0.8660254037844387,0.3333333333333332,3,-0.5,0.6666666666666666,3,0.3714285714285715,0.4684781341107872,6,0.7600712181471057,0.0041173803556808,12,True,+,0.149614861133208
ENSMUSG00000036197-P,Methyl lactate,,,0,-0.5,0.6666666666666666,3,0.7142857142857143,0.1107871720116617,6,0.8727272727272729,0.0004546150514096,11,True,+,0.0196011697980853
ENSMUSG00000036197-P,"N-[(3,4,5-Trimethoxyphenyl)methylidene]hydroxylamine",,,0,,,0,-1.0,0.0,3,-1.0,0.0,3,True,-,0.0
ENSMUSG00000036197-P,Octanoic acid,,,0,,,0,-0.7999999999999999,0.2000000000000001,4,-0.942857142857143,0.004804664723032,6,True,-,0.1679020985499759
ENSMUSG00000105302-P,2-Aminoquinolin-8-ol,,,0,,,0,,,0,-1.0,0.0,3,True,-,0.0
ENSMUSG00000105302-P,"3,4-Dihydroxybenzaldehyde",1.0,0.0,3,,,0,,,0,1.0,0.0,3,True,+,0.0
ENSMUSG00000105302-P,"4,5-Dihydro-1H-pyrazole",,,0,,,0,,,0,1.0,0.0,4,True,+,0.0
ENSMUSG00000105302-P,7-Hydroxy-4-(methoxymethyl)coumarin,,,0,,,0,-1.0,0.0,3,-1.0,0.0,4,True,-,0.0
ENSMUSG00000105302-P,cis-2-Decenoic acid,,,0,,,0,,,0,1.0,0.0,3,True,+,0.0
ENSMUSG00000105302-P,L-Val-L-Leu,,,0,,,0,-1.0,0.0,3,-1.0,0.0,3,True,-,0.0
ENSMUSG00000105302-P,Tyr-Val,,,0,,,0,,,0,-1.0,0.0,3,True,-,0.0
ENSMUSG00000028057-P,"(2,5-Dimethoxyphenyl)acetone",-1.0,0.0,3,-0.5,0.6666666666666666,3,-0.7714285714285715,0.0723965014577259,6,-0.7762237762237763,0.0029928636801859,12,True,-,0.1136263097655619
ENSMUSG00000028057-P,"1,2-Bis(trimethylsiloxy)cyclohexene",,,0,,,0,,,0,1.0,0.0,3,True,+,0.0
ENSMUSG00000028057-P,"2,5-Bis((tert-butyldimethylsilyl)oxy)-4,4-dimethyl-4H-imidazole",,,0,,,0,0.7714285714285715,0.0723965014577259,6,0.8060606060606059,0.0048620611019646,10,True,+,0.1693978733774359
ENSMUSG00000028057-P,2-Aminoquinolin-8-ol,,,0,,,0,,,0,-1.0,0.0,3,True,-,0.0
ENSMUSG00000028057-P,2-Cyanobenzaldehyde,,,0,,,0,-0.8999999999999998,0.0373860734684987,5,-0.942857142857143,0.004804664723032,6,True,-,0.1679020985499759
ENSMUSG00000028057-P,2-Methyl-3-pentanol,,,0,,,0,-0.8999999999999998,0.0373860734684987,5,-0.9642857142857144,0.0004541491691941,7,True,-,0.0196011697980853
ENSMUSG00000028057-P,"3,4-Dihydroxybenzaldehyde",1.0,0.0,3,,,0,,,0,1.0,0.0,3,True,+,0.0
ENSMUSG00000028057-P,7-Hydroxy-4-(methoxymethyl)coumarin,,,0,,,0,-1.0,0.0,3,-1.0,0.0,4,True,-,0.0
ENSMUSG00000028057-P,cis-2-Decenoic acid,,,0,,,0,,,0,1.0,0.0,3,True,+,0.0
ENSMUSG00000028057-P,"Cyclohexanone, 3,3,5-trimethyl",-1.0,0.0,3,-1.0,0.0,3,-0.8999999999999998,0.0373860734684987,5,-0.8090909090909091,0.0025585801997139,11,True,-,0.0986327946362033
ENSMUSG00000028057-P,L-Glutamic acid,,,0,,,0,1.0,0.0,3,1.0,1.4042654220543602e-24,5,True,+,6.303055151107153e-23
ENSMUSG00000028057-P,L-Val-L-Leu,,,0,,,0,-1.0,0.0,3,-1.0,0.0,3,True,-,0.0
ENSMUSG00000028057-P,Trimethylolpropane,,,0,,,0,-0.9746794344808964,0.0048182304681985,5,-0.9700772721497396,6.548558831120661e-05,8,True,-,0.0029173899406702
ENSMUSG00000031513-P,"1,2-Bis(trimethylsiloxy)cyclohexene",,,0,,,0,,,0,1.0,0.0,3,True,+,0.0
ENSMUSG00000031513-P,"2-Allyl-1,4-dimethoxybenzene",0.5,0.6666666666666666,3,0.8660254037844387,0.3333333333333332,3,1.0,0.0,6,0.9036791441564668,5.5440365929176315e-05,12,True,+,0.0024735661023365
ENSMUSG00000031513-P,2-Aminoquinolin-8-ol,,,0,,,0,,,0,1.0,0.0,3,True,+,0.0
ENSMUSG00000031513-P,"2-Cyclohexen-1-one, 3-methyl-",1.0,0.0,3,1.0,0.0,3,0.4285714285714286,0.3965014577259473,6,0.8181818181818183,0.001143105086804,12,True,+,0.0472483435878986
ENSMUSG00000031513-P,2-Norbornanemethanol,,,0,,,0,,,0,-1.0,0.0,3,True,-,0.0
ENSMUSG00000031513-P,2-Pyrrolidone-5-carboxylic acid,1.0,0.0,3,0.8660254037844387,0.3333333333333332,3,0.8857142857142858,0.0188454810495626,6,0.8896686147896997,0.0001067002478779,12,True,+,0.0047313136230068
ENSMUSG00000031513-P,8-Methylnonanoic acid,0.5,0.6666666666666666,3,1.0,0.0,3,0.5507824838698261,0.2573693316225746,6,0.8406317620060156,0.0006155686440654,12,True,+,0.0262751608766138
ENSMUSG00000031513-P,Benzyl alcohol,1.0,0.0,3,1.0,0.0,3,0.5428571428571429,0.2657026239067054,6,0.7972027972027973,0.0019003677255282,12,True,+,0.0758912141765791
ENSMUSG00000031513-P,Dodecanoic acid,1.0,0.0,3,1.0,0.0,3,0.7142857142857143,0.1107871720116617,6,0.7482517482517484,0.005124081698753,12,True,+,0.176962914072306
ENSMUSG00000031513-P,Heptanoic acid,1.0,0.0,3,1.0,0.0,3,0.8696565534786727,0.0243768916856907,6,0.7670764828304892,0.0035961764453839,12,True,+,0.1340986995490064
ENSMUSG00000031513-P,Hexanoic acid,1.0,0.0,3,1.0,0.0,3,0.8986451052612952,0.0148886220055803,6,0.8756580854229328,0.0001892976564778,12,True,+,0.0083460334130558
ENSMUSG00000031513-P,Isosorbide,-1.0,0.0,3,,,0,,,0,-1.0,0.0,3,True,-,0.0
ENSMUSG00000031513-P,Levulinic acid,0.8660254037844387,0.3333333333333332,3,1.0,0.0,3,0.5002164033860247,0.3122565813186084,6,0.8014171144828385,0.0017239982115435,12,True,+,0.0693115617317488
ENSMUSG00000031513-P,"L-Histidine, N,1-bis(tert-butyldimethylsilyl)-",0.5,0.6666666666666666,3,1.0,0.0,3,0.4638168285219587,0.3541642984362303,6,0.8161133356141735,0.0012051543656321,12,True,+,0.0495874267733696
ENSMUSG00000031513-P,N-Acetylaminoethanol,-0.8660254037844387,0.3333333333333332,3,0.8660254037844387,0.3333333333333332,3,0.8986451052612952,0.0148886220055803,6,0.8295370132366225,0.0008449952834488,12,True,+,0.035609785099595
ENSMUSG00000031513-P,Octadecanoic acid,,,0,,,0,,,0,-1.0,0.0,3,True,-,0.0
ENSMUSG00000031513-P,Oxalic acid,0.8660254037844387,0.3333333333333332,3,0.8660254037844387,0.3333333333333332,3,0.9276336570439176,0.0076658441874731,6,0.752207291663717,0.0047685436908363,12,True,+,0.1679020985499759
ENSMUSG00000031513-P,Pentanoic acid,0.5,0.6666666666666666,3,1.0,0.0,3,0.6571428571428573,0.1561749271137024,6,0.7692307692307694,0.0034464502618274,12,True,+,0.1288426047067842
ENSMUSG00000031513-P,Picolinic acid,0.8660254037844387,0.3333333333333332,3,0.8660254037844387,0.3333333333333332,3,0.6767633692869747,0.1398366873478104,6,0.9084732316131584,4.330751371622943e-05,12,True,+,0.0019338901294868
ENSMUSG00000042198-P,"1,2-Bis(trimethylsiloxy)cyclohexene",,,0,,,0,,,0,1.0,0.0,3,True,+,0.0
ENSMUSG00000042198-P,2-Aminoquinolin-8-ol,,,0,,,0,,,0,1.0,0.0,3,True,+,0.0
ENSMUSG00000042198-P,2-Norbornanemethanol,,,0,,,0,,,0,1.0,0.0,3,True,+,0.0
ENSMUSG00000042198-P,"3-Hydroxy-7,3',4',5'-tetramethoxyflavone",,,0,,,0,,,0,1.0,0.0,3,True,+,0.0
ENSMUSG00000042198-P,"Benzene, 1-ethyl-3,5-dimethyl",,,0,,,0,,,0,1.0,0.0,4,True,+,0.0
ENSMUSG00000042198-P,cis-2-Decenoic acid,,,0,,,0,,,0,-1.0,0.0,3,True,-,0.0
ENSMUSG00000042198-P,Glabridin,,,0,,,0,,,0,1.0,0.0,4,True,+,0.0
ENSMUSG00000042198-P,Isosorbide,1.0,0.0,3,,,0,,,0,1.0,0.0,3,True,+,0.0
ENSMUSG00000042198-P,L-Val-L-Leu,,,0,,,0,-1.0,0.0,3,-1.0,0.0,3,True,-,0.0
ENSMUSG00000042198-P,Mevalonolactone,0.5,0.6666666666666666,3,0.8660254037844387,0.3333333333333332,3,0.4857142857142857,0.3287230320699708,6,0.7670764828304892,0.0035961764453839,12,True,+,0.1340986995490064
ENSMUSG00000042198-P,Spiroxamine,,,0,,,0,1.0,1.4042654220543602e-24,5,0.95,8.762523965086185e-05,9,True,+,0.0038937510788283
ENSMUSG00000042198-P,Tyr-Val,,,0,,,0,,,0,-1.0,0.0,3,True,-,0.0
ENSMUSG00000022751-P,"1,2-Bis(trimethylsiloxy)cyclohexene",,,0,,,0,,,0,1.0,0.0,3,True,+,0.0
ENSMUSG00000022751-P,"13-Docosenamide, (Z)",,,0,,,0,1.0,0.0,3,1.0,0.0,3,True,+,0.0
ENSMUSG00000022751-P,2-Buten-1-ol,,,0,,,0,,,0,1.0,0.0,6,True,+,0.0
ENSMUSG00000022751-P,"3,4-Dihydroxybenzaldehyde",1.0,0.0,3,,,0,,,0,1.0,0.0,3,True,+,0.0
ENSMUSG00000022751-P,4-tert-Butyldimethylsiloxy-3-penten-2-one,,,0,,,0,-1.0,0.0,4,-1.0,0.0,4,True,-,0.0
ENSMUSG00000022751-P,"l-Leucine, n-butoxycarbonyl-N-methyl-, hexadecyl ester",,,0,,,0,,,0,-1.0,0.0,4,True,-,0.0
ENSMUSG00000033585-P,"1,2-Bis(trimethylsiloxy)cyclohexene",,,0,,,0,,,0,-1.0,0.0,3,True,-,0.0
ENSMUSG00000033585-P,4-tert-Butyldimethylsiloxy-3-penten-2-one,,,0,,,0,1.0,0.0,4,1.0,0.0,4,True,+,0.0
ENSMUSG00000033585-P,Butyric Acid,1.0,0.0,3,0.5,0.6666666666666666,3,0.8406680016960503,0.0360575728451592,6,0.742558056438647,0.0056705287880292,12,True,+,0.1922440832339479
ENSMUSG00000033585-P,cis-2-Decenoic acid,,,0,,,0,,,0,1.0,0.0,3,True,+,0.0
ENSMUSG00000033585-P,Diclofenac,,,0,,,0,,,0,1.0,0.0,4,True,+,0.0
ENSMUSG00000033585-P,Isosorbide,-1.0,0.0,3,,,0,,,0,-1.0,0.0,3,True,-,0.0
ENSMUSG00000038058-P,"1,2-Bis(trimethylsiloxy)cyclohexene",,,0,,,0,,,0,-1.0,0.0,3,True,-,0.0
ENSMUSG00000038058-P,"2,4-Dimethoxybenzaldoxime",,,0,,,0,,,0,1.0,0.0,3,True,+,0.0
ENSMUSG00000038058-P,2-Norbornanemethanol,,,0,,,0,,,0,-1.0,0.0,3,True,-,0.0
ENSMUSG00000038058-P,"l-Leucine, n-butoxycarbonyl-N-methyl-, hexadecyl ester",,,0,,,0,,,0,1.0,0.0,4,True,+,0.0
ENSMUSG00000038058-P,L-Threonine,,,0,,,0,1.0,0.0,4,1.0,1.4042654220543602e-24,5,True,+,6.303055151107153e-23
ENSMUSG00000038058-P,"N-[(3,4,5-Trimethoxyphenyl)methylidene]hydroxylamine",,,0,,,0,1.0,0.0,3,1.0,0.0,3,True,+,0.0
ENSMUSG00000038058-P,Octacosanol,,,0,,,0,-0.7999999999999999,0.2000000000000001,4,-0.9285714285714288,0.0025194724037946,7,True,-,0.097376722909516
ENSMUSG00000038058-P,Tyr-Val,,,0,,,0,,,0,1.0,0.0,3,True,+,0.0
ENSMUSG00000042745-P,"3,4-Dihydroxybenzaldehyde",-1.0,0.0,3,,,0,,,0,-1.0,0.0,3,True,-,0.0
ENSMUSG00000042745-P,"4,5-Dihydro-1H-pyrazole",,,0,,,0,,,0,-1.0,0.0,4,True,-,0.0
ENSMUSG00000042745-P,alpha-Hydroxyisobutyric acid,,,0,,,0,0.7714285714285715,0.0723965014577259,6,0.9047619047619048,0.0020082755054294,8,True,+,0.0796373285451544
ENSMUSG00000042745-P,cis-2-Decenoic acid,,,0,,,0,,,0,-1.0,0.0,3,True,-,0.0
ENSMUSG00000042745-P,Glabridin,,,0,,,0,,,0,1.0,0.0,4,True,+,0.0
ENSMUSG00000042745-P,L-(+)-Threose,,,0,,,0,1.0,0.0,3,1.0,0.0,3,True,+,0.0
ENSMUSG00000042745-P,Phenol,1.0,0.0,3,-0.5,0.6666666666666666,3,0.4999999999999999,0.3910022189557703,5,0.7727272727272727,0.0052994871786438,11,True,+,0.1815800018212259
ENSMUSG00000026096-P,"3,4-Dihydroxybenzaldehyde",1.0,0.0,3,,,0,,,0,1.0,0.0,3,True,+,0.0
ENSMUSG00000026096-P,"4,5-Dihydro-1H-pyrazole",,,0,,,0,,,0,1.0,0.0,4,True,+,0.0
ENSMUSG00000026096-P,cis-2-Decenoic acid,,,0,,,0,,,0,-1.0,0.0,3,True,-,0.0
ENSMUSG00000026096-P,L-Val-L-Leu,,,0,,,0,-1.0,0.0,3,-1.0,0.0,3,True,-,0.0
ENSMUSG00000026096-P,"N-[(3,4,5-Trimethoxyphenyl)methylidene]hydroxylamine",,,0,,,0,-1.0,0.0,3,-1.0,0.0,3,True,-,0.0
ENSMUSG00000026096-P,Tyr-Val,,,0,,,0,,,0,-1.0,0.0,3,True,-,0.0
ENSMUSG00000072662-P,"13-Docosenamide, (Z)",,,0,,,0,1.0,0.0,3,1.0,0.0,3,True,+,0.0
ENSMUSG00000072662-P,2-Aminoquinolin-8-ol,,,0,,,0,,,0,1.0,0.0,3,True,+,0.0
ENSMUSG00000072662-P,7-Hydroxy-4-(methoxymethyl)coumarin,,,0,,,0,1.0,0.0,3,1.0,0.0,4,True,+,0.0
ENSMUSG00000072662-P,"Benzene, 1-ethyl-3,5-dimethyl",,,0,,,0,,,0,1.0,0.0,4,True,+,0.0
ENSMUSG00000072662-P,cis-2-Decenoic acid,,,0,,,0,,,0,-1.0,0.0,3,True,-,0.0
ENSMUSG00000072662-P,Glabridin,,,0,,,0,,,0,1.0,0.0,4,True,+,0.0
ENSMUSG00000023764-P,"13-Docosenamide, (Z)",,,0,,,0,-1.0,0.0,3,-1.0,0.0,3,True,-,0.0
ENSMUSG00000023764-P,"2,4-Dimethoxybenzaldoxime",,,0,,,0,,,0,-1.0,0.0,3,True,-,0.0
ENSMUSG00000023764-P,"3-Hydroxy-7,3',4',5'-tetramethoxyflavone",,,0,,,0,,,0,1.0,0.0,3,True,+,0.0
ENSMUSG00000023764-P,"4,5-Dihydro-1H-pyrazole",,,0,,,0,,,0,1.0,0.0,4,True,+,0.0
ENSMUSG00000023764-P,4-Methoxyphenol,0.5,0.6666666666666666,3,,,0,0.7999999999999999,0.2000000000000001,4,0.9047619047619048,0.0020082755054294,8,True,+,0.0796373285451544
ENSMUSG00000023764-P,cis-2-Decenoic acid,,,0,,,0,,,0,-1.0,0.0,3,True,-,0.0
ENSMUSG00000023764-P,Isopropylamine,-1.0,0.0,3,0.5,0.6666666666666666,3,0.7142857142857143,0.1107871720116617,6,0.7692307692307694,0.0034464502618274,12,True,+,0.1288426047067842
ENSMUSG00000023764-P,L-Val-L-Leu,,,0,,,0,-1.0,0.0,3,-1.0,0.0,3,True,-,0.0
ENSMUSG00000023764-P,Octadecanoic acid,,,0,,,0,,,0,-1.0,0.0,3,True,-,0.0
ENSMUSG00000023764-P,tert-butyl(dimethyl)silyl-2-([tert-butyl(dimethyl)silyl]oxy)hex-2-enoate,,,0,,,0,-1.0,0.0,4,-1.0,0.0,4,True,-,0.0
ENSMUSG00000040483-P,"1,2-Bis(trimethylsiloxy)cyclohexene",,,0,,,0,,,0,-1.0,0.0,3,True,-,0.0
ENSMUSG00000040483-P,2-Norbornanemethanol,,,0,,,0,,,0,1.0,0.0,3,True,+,0.0
ENSMUSG00000040483-P,"3,4-Dihydroxybenzaldehyde",-1.0,0.0,3,,,0,,,0,-1.0,0.0,3,True,-,0.0
ENSMUSG00000040483-P,L-Threonine,,,0,,,0,-1.0,0.0,4,-1.0,1.4042654220543602e-24,5,True,-,6.303055151107153e-23
ENSMUSG00000040483-P,Phenol,1.0,0.0,3,-1.0,0.0,3,0.7,0.1881204043741873,5,0.8545454545454546,0.0008066741521648,11,True,+,0.0340773346852635
ENSMUSG00000033047-P,"1,2-Cinnolinedicarboxylic acid, 1,2,3,5,6,7,8,8a-octahydro-4-trimethylsilyloxy-, diethyl ester",,,0,,,0,,,0,1.0,0.0,3,True,+,0.0
ENSMUSG00000033047-P,2-Norbornanemethanol,,,0,,,0,,,0,1.0,0.0,3,True,+,0.0
ENSMUSG00000033047-P,Cycloheptanol,-1.0,0.0,3,-0.5,0.6666666666666666,3,-0.9276336570439176,0.0076658441874731,6,-0.80910807093079,0.0014347403699364,12,True,-,0.0585611746228777
ENSMUSG00000032602-P,"13-Docosenamide, (Z)",,,0,,,0,1.0,0.0,3,1.0,0.0,3,True,+,0.0
ENSMUSG00000032602-P,2-Aminoquinolin-8-ol,,,0,,,0,,,0,1.0,0.0,3,True,+,0.0
ENSMUSG00000032602-P,"3-Hydroxy-7,3',4',5'-tetramethoxyflavone",,,0,,,0,,,0,1.0,0.0,3,True,+,0.0
ENSMUSG00000032602-P,cis-2-Decenoic acid,,,0,,,0,,,0,-1.0,0.0,3,True,-,0.0
ENSMUSG00000032602-P,Isosorbide,1.0,0.0,3,,,0,,,0,1.0,0.0,3,True,+,0.0
ENSMUSG00000064340-P,"1,2-Bis(trimethylsiloxy)cyclohexene",,,0,,,0,,,0,-1.0,0.0,3,True,-,0.0
ENSMUSG00000064340-P,"13-Docosenamide, (Z)",,,0,,,0,-1.0,0.0,3,-1.0,0.0,3,True,-,0.0
ENSMUSG00000064340-P,2-Aminoquinolin-8-ol,,,0,,,0,,,0,-1.0,0.0,3,True,-,0.0
ENSMUSG00000064340-P,cis-2-Decenoic acid,,,0,,,0,,,0,1.0,0.0,3,True,+,0.0
ENSMUSG00000064340-P,Isosorbide,-1.0,0.0,3,,,0,,,0,-1.0,0.0,3,True,-,0.0
ENSMUSG00000064340-P,"l-Leucine, n-butoxycarbonyl-N-methyl-, hexadecyl ester",,,0,,,0,,,0,1.0,0.0,4,True,+,0.0
ENSMUSG00000064340-P,Tyr-Val,,,0,,,0,,,0,1.0,0.0,3,True,+,0.0
ENSMUSG00000019971-P,"13-Docosenamide, (Z)",,,0,,,0,1.0,0.0,3,1.0,0.0,3,True,+,0.0
ENSMUSG00000019971-P,"2,4-Dimethoxybenzaldoxime",,,0,,,0,,,0,1.0,0.0,3,True,+,0.0
ENSMUSG00000019971-P,"3-Hydroxy-7,3',4',5'-tetramethoxyflavone",,,0,,,0,,,0,1.0,0.0,3,True,+,0.0
ENSMUSG00000019971-P,"4,5-Dihydro-1H-pyrazole",,,0,,,0,,,0,1.0,0.0,4,True,+,0.0
ENSMUSG00000019971-P,7-Hydroxy-4-(methoxymethyl)coumarin,,,0,,,0,1.0,0.0,3,1.0,0.0,4,True,+,0.0
ENSMUSG00000019971-P,cis-2-Decenoic acid,,,0,,,0,,,0,-1.0,0.0,3,True,-,0.0
ENSMUSG00000019971-P,Isosorbide,1.0,0.0,3,,,0,,,0,1.0,0.0,3,True,+,0.0
ENSMUSG00000031256-P,"1,2-Bis(trimethylsiloxy)cyclohexene",,,0,,,0,,,0,-1.0,0.0,3,True,-,0.0
ENSMUSG00000031256-P,"2-Methyl-1,3-butanediol",-1.0,0.0,3,-1.0,0.0,3,-0.9276336570439176,0.0076658441874731,6,-0.8651501883978578,0.0002788118440839,12,True,-,0.0122076585714354
ENSMUSG00000031256-P,2-Norbornanemethanol,,,0,,,0,,,0,1.0,0.0,3,True,+,0.0
ENSMUSG00000031256-P,3-(4-Methoxyphenyl)coumarin,,,0,,,0,-1.0,0.0,3,-1.0,0.0,4,True,-,0.0
ENSMUSG00000031256-P,4-Aminobutanoic acid,-1.0,0.0,3,-0.5,0.6666666666666666,3,-0.6,0.208,6,-0.8251748251748254,0.0009513628555555,12,True,-,0.0397714595917899
ENSMUSG00000031256-P,Biphenyl,-1.0,0.0,3,-0.5,0.6666666666666666,3,-0.3714285714285715,0.4684781341107872,6,-0.7902097902097903,0.0022231354099909,12,True,-,0.0874109733841736
ENSMUSG00000031256-P,L-(+)-Threose,,,0,,,0,1.0,0.0,3,1.0,0.0,3,True,+,0.0
ENSMUSG00000031256-P,"l-Leucine, n-butoxycarbonyl-N-methyl-, hexadecyl ester",,,0,,,0,,,0,1.0,0.0,4,True,+,0.0
ENSMUSG00000031256-P,N-Acetylaspartic acid,-0.5,0.6666666666666666,3,-1.0,0.0,3,-0.8999999999999998,0.0373860734684987,5,-0.8545454545454546,0.0008066741521648,11,True,-,0.0340773346852635
ENSMUSG00000031256-P,Tyr-Val,,,0,,,0,,,0,1.0,0.0,3,True,+,0.0
ENSMUSG00000023826-P,"1,2-Cinnolinedicarboxylic acid, 1,2,3,5,6,7,8,8a-octahydro-4-trimethylsilyloxy-, diethyl ester",,,0,,,0,,,0,-1.0,0.0,3,True,-,0.0
ENSMUSG00000023826-P,"13-Docosenamide, (Z)",,,0,,,0,1.0,0.0,3,1.0,0.0,3,True,+,0.0
ENSMUSG00000023826-P,"2-Allyl-1,4-dimethoxybenzene",-1.0,0.0,3,0.0,1.0,3,-0.8857142857142858,0.0188454810495626,6,-0.742558056438647,0.0056705287880292,12,True,-,0.1922440832339479
ENSMUSG00000023826-P,2-Aminoquinolin-8-ol,,,0,,,0,,,0,1.0,0.0,3,True,+,0.0
ENSMUSG00000023826-P,"3,4-Dihydroxybenzaldehyde",-1.0,0.0,3,,,0,,,0,-1.0,0.0,3,True,-,0.0
ENSMUSG00000023826-P,cis-2-Decenoic acid,,,0,,,0,,,0,-1.0,0.0,3,True,-,0.0
ENSMUSG00000023826-P,L-Val-L-Leu,,,0,,,0,-1.0,0.0,3,-1.0,0.0,3,True,-,0.0
ENSMUSG00000023826-P,"Phenol, 2,4-bis(1-methyl-1-phenylethyl)-",-1.0,0.0,3,-0.5,0.6666666666666666,3,-0.942857142857143,0.004804664723032,6,-0.7832167832167832,0.0025862148333625,12,True,-,0.099459548551953
ENSMUSG00000023826-P,Tyr-Val,,,0,,,0,,,0,1.0,0.0,3,True,+,0.0
ENSMUSG00000070643-P,2-Aminoquinolin-8-ol,,,0,,,0,,,0,1.0,0.0,3,True,+,0.0
ENSMUSG00000070643-P,4-tert-Butyldimethylsiloxy-3-penten-2-one,,,0,,,0,-1.0,0.0,4,-1.0,0.0,4,True,-,0.0
ENSMUSG00000070643-P,cis-2-Decenoic acid,,,0,,,0,,,0,-1.0,0.0,3,True,-,0.0
ENSMUSG00000070643-P,"N-[(3,4,5-Trimethoxyphenyl)methylidene]hydroxylamine",,,0,,,0,-1.0,0.0,3,-1.0,0.0,3,True,-,0.0
ENSMUSG00000070643-P,Tyr-Val,,,0,,,0,,,0,-1.0,0.0,3,True,-,0.0
ENSMUSG00000022568-P,"13-Docosenamide, (Z)",,,0,,,0,-1.0,0.0,3,-1.0,0.0,3,True,-,0.0
ENSMUSG00000022568-P,"1-Pentene, 1,3-diphenyl-1-(trimethylsilyloxy)-",,,0,,,0,,,0,1.0,0.0,4,True,+,0.0
ENSMUSG00000022568-P,"2,4-Dimethoxybenzaldoxime",,,0,,,0,,,0,-1.0,0.0,3,True,-,0.0
ENSMUSG00000022568-P,"3-Hydroxy-7,3',4',5'-tetramethoxyflavone",,,0,,,0,,,0,-1.0,0.0,3,True,-,0.0
ENSMUSG00000022568-P,"5-Chlorovaleric acid, nonyl ester",0.8660254037844387,0.3333333333333332,3,0.5,0.6666666666666666,3,0.7142857142857143,0.1107871720116617,6,0.742558056438647,0.0056705287880292,12,True,+,0.1922440832339479
ENSMUSG00000022568-P,Isosorbide,-1.0,0.0,3,,,0,,,0,-1.0,0.0,3,True,-,0.0
ENSMUSG00000022568-P,Luciferin,,,0,,,0,,,0,-1.0,0.0,4,True,-,0.0
ENSMUSG00000024548-P,"2,4-Dimethoxybenzaldoxime",,,0,,,0,,,0,-1.0,0.0,3,True,-,0.0
ENSMUSG00000024548-P,2-Norbornanemethanol,,,0,,,0,,,0,1.0,0.0,3,True,+,0.0
ENSMUSG00000024548-P,"3-Hydroxy-7,3',4',5'-tetramethoxyflavone",,,0,,,0,,,0,1.0,0.0,3,True,+,0.0
ENSMUSG00000024548-P,6-Nitroveratryl alcohol,,,0,,,0,1.0,0.0,3,1.0,1.4042654220543602e-24,5,True,+,6.303055151107153e-23
ENSMUSG00000024548-P,cis-2-Decenoic acid,,,0,,,0,,,0,-1.0,0.0,3,True,-,0.0
ENSMUSG00000024548-P,Glabridin,,,0,,,0,,,0,1.0,0.0,4,True,+,0.0
ENSMUSG00000024548-P,Isosorbide,1.0,0.0,3,,,0,,,0,1.0,0.0,3,True,+,0.0
ENSMUSG00000050199-P,"1,2-Bis(trimethylsiloxy)cyclohexene",,,0,,,0,,,0,1.0,0.0,3,True,+,0.0
ENSMUSG00000050199-P,"2,5-Dimethoxyphenol",0.5,0.6666666666666666,3,0.5,0.6666666666666666,3,0.8857142857142858,0.0188454810495626,6,0.7692307692307694,0.0034464502618274,12,True,+,0.1288426047067842
ENSMUSG00000050199-P,2-Aminoquinolin-8-ol,,,0,,,0,,,0,1.0,0.0,3,True,+,0.0
ENSMUSG00000050199-P,"2-Cyclohexen-1-one, 3-methyl-",0.5,0.6666666666666666,3,1.0,0.0,3,0.7714285714285715,0.0723965014577259,6,0.8601398601398602,0.0003316683391269,12,True,+,0.0144523008920071
ENSMUSG00000050199-P,"3-(4,7-Dimethoxy-2H-1,3-benzodioxol-5-yl)-2-methylprop-2-enal",-0.5,0.6666666666666666,3,0.5,0.6666666666666666,3,0.8857142857142858,0.0188454810495626,6,0.8111888111888113,0.0013633152527271,12,True,+,0.0558531546872157
ENSMUSG00000050199-P,"3-Hydroxy-7,3',4',5'-tetramethoxyflavone",,,0,,,0,,,0,1.0,0.0,3,True,+,0.0
ENSMUSG00000050199-P,alpha-Hydroxyisobutyric acid,,,0,,,0,0.8285714285714287,0.0415626822157433,6,0.9285714285714288,0.0008629681828999,8,True,+,0.0362866919169058
ENSMUSG00000050199-P,"Benzene, 1-ethyl-3,5-dimethyl",,,0,,,0,,,0,1.0,0.0,4,True,+,0.0
ENSMUSG00000050199-P,cis-2-Decenoic acid,,,0,,,0,,,0,-1.0,0.0,3,True,-,0.0
ENSMUSG00000050199-P,Diethylamine,0.5,0.6666666666666666,3,1.0,0.0,3,0.8986451052612952,0.0148886220055803,6,0.7810870121972561,0.0027052956461396,12,True,+,0.1035246286271809
ENSMUSG00000050199-P,L-(+)-Threose,,,0,,,0,1.0,0.0,3,1.0,0.0,3,True,+,0.0
ENSMUSG00000050199-P,L-Ornithine,,,0,,,0,,,0,1.0,0.0,4,True,+,0.0
ENSMUSG00000050199-P,Mevalonolactone,0.5,0.6666666666666666,3,0.8660254037844387,0.3333333333333332,3,0.5428571428571429,0.2657026239067054,6,0.8651501883978578,0.0002788118440839,12,True,+,0.0122076585714354
ENSMUSG00000050199-P,Octadecanoic acid,,,0,,,0,,,0,-1.0,0.0,3,True,-,0.0
ENSMUSG00000057440-P,"1,2-Cinnolinedicarboxylic acid, 1,2,3,5,6,7,8,8a-octahydro-4-trimethylsilyloxy-, diethyl ester",,,0,,,0,,,0,-1.0,0.0,3,True,-,0.0
ENSMUSG00000057440-P,"13-Docosenamide, (Z)",,,0,,,0,1.0,0.0,3,1.0,0.0,3,True,+,0.0
ENSMUSG00000057440-P,2-Aminoquinolin-8-ol,,,0,,,0,,,0,1.0,0.0,3,True,+,0.0
ENSMUSG00000057440-P,"3,3-Dimethylacrylic acid",,,0,,,0,,,0,1.0,0.0,4,True,+,0.0
ENSMUSG00000057440-P,"3-Hydroxy-7,3',4',5'-tetramethoxyflavone",,,0,,,0,,,0,1.0,0.0,3,True,+,0.0
ENSMUSG00000057440-P,"4,5-Dihydro-1H-pyrazole",,,0,,,0,,,0,1.0,0.0,4,True,+,0.0
ENSMUSG00000057440-P,cis-2-Decenoic acid,,,0,,,0,,,0,-1.0,0.0,3,True,-,0.0
ENSMUSG00000057440-P,Isosorbide,1.0,0.0,3,,,0,,,0,1.0,0.0,3,True,+,0.0
ENSMUSG00000057440-P,N-Methylacetamide,-1.0,0.0,3,0.8660254037844387,0.3333333333333332,3,0.8986451052612952,0.0148886220055803,6,0.7929873375794294,0.0020902874654805,12,True,+,0.0826385360525062
ENSMUSG00000057440-P,Tyr-Val,,,0,,,0,,,0,-1.0,0.0,3,True,-,0.0
ENSMUSG00000022010-P,"1-(2,5-Dimethoxyphenyl)-1-[(trimethylsilyl)oxy]propan-2-amine",1.0,0.0,3,1.0,0.0,3,0.1739313106957345,0.7417339277316278,6,0.742558056438647,0.0056705287880292,12,True,+,0.1922440832339479
ENSMUSG00000022010-P,"1,2-Bis(trimethylsiloxy)cyclohexene",,,0,,,0,,,0,-1.0,0.0,3,True,-,0.0
ENSMUSG00000022010-P,2-Aminoquinolin-8-ol,,,0,,,0,,,0,1.0,0.0,3,True,+,0.0
ENSMUSG00000022010-P,"3-Hydroxy-7,3',4',5'-tetramethoxyflavone",,,0,,,0,,,0,1.0,0.0,3,True,+,0.0
ENSMUSG00000022010-P,Benzoic Acid,0.8660254037844387,0.3333333333333332,3,1.0,0.0,3,0.8804062740424288,0.0205987347749203,6,0.924198192479382,1.733706473918203e-05,12,True,+,0.0007765072468605
ENSMUSG00000022010-P,cis-2-Decenoic acid,,,0,,,0,,,0,-1.0,0.0,3,True,-,0.0
ENSMUSG00000022010-P,Diclofenac,,,0,,,0,,,0,1.0,0.0,4,True,+,0.0
ENSMUSG00000022010-P,"l-Leucine, n-butoxycarbonyl-N-methyl-, hexadecyl ester",,,0,,,0,,,0,1.0,0.0,4,True,+,0.0
ENSMUSG00000024083-P,"1,2-Bis(trimethylsiloxy)cyclohexene",,,0,,,0,,,0,1.0,0.0,3,True,+,0.0
ENSMUSG00000024083-P,"1,2-Cinnolinedicarboxylic acid, 1,2,3,5,6,7,8,8a-octahydro-4-trimethylsilyloxy-, diethyl ester",,,0,,,0,,,0,1.0,0.0,3,True,+,0.0
ENSMUSG00000024083-P,"2,4-Dimethoxybenzaldoxime",,,0,,,0,,,0,1.0,0.0,3,True,+,0.0
ENSMUSG00000024083-P,7-Hydroxy-4-(methoxymethyl)coumarin,,,0,,,0,1.0,0.0,3,1.0,0.0,4,True,+,0.0
ENSMUSG00000024083-P,Aceturic acid,-1.0,0.0,3,,,0,0.6,0.208,6,0.7818181818181819,0.004473162252783,11,True,+,0.1611140357001344
ENSMUSG00000024083-P,Azelaic acid,1.0,0.0,3,-0.5,0.6666666666666666,3,0.6377481392176932,0.1730711102412598,6,0.8966738794730833,7.780457125079338e-05,12,True,+,0.0034610362182543
ENSMUSG00000024083-P,cis-2-Decenoic acid,,,0,,,0,,,0,-1.0,0.0,3,True,-,0.0
ENSMUSG00000024083-P,Diethylamine,-0.5,0.6666666666666666,3,-0.5,0.6666666666666666,3,0.8116794499134279,0.0498575851013403,6,0.7600712181471057,0.0041173803556808,12,True,+,0.149614861133208
ENSMUSG00000024083-P,"Erythrono-1,4-lactone",-0.5,0.6666666666666666,3,0.5,0.6666666666666666,3,0.7714285714285715,0.0723965014577259,6,0.7622377622377624,0.0039504489725426,12,True,+,0.1444028705953552
ENSMUSG00000024083-P,Tyr-Val,,,0,,,0,,,0,-1.0,0.0,3,True,-,0.0
ENSMUSG00000072763-P,"13-Docosenamide, (Z)",,,0,,,0,1.0,0.0,3,1.0,0.0,3,True,+,0.0
ENSMUSG00000072763-P,"2,4-Dimethoxybenzaldoxime",,,0,,,0,,,0,1.0,0.0,3,True,+,0.0
ENSMUSG00000072763-P,"3,4-Dihydroxybenzaldehyde",-1.0,0.0,3,,,0,,,0,-1.0,0.0,3,True,-,0.0
ENSMUSG00000072763-P,"3-Hydroxy-7,3',4',5'-tetramethoxyflavone",,,0,,,0,,,0,1.0,0.0,3,True,+,0.0
ENSMUSG00000072763-P,"4,5-Dihydro-1H-pyrazole",,,0,,,0,,,0,1.0,0.0,4,True,+,0.0
ENSMUSG00000072763-P,Aceturic acid,0.5,0.6666666666666666,3,,,0,0.8285714285714287,0.0415626822157433,6,0.8636363636363636,0.0006116938500931,11,True,+,0.0261418108076196
ENSMUSG00000072763-P,Azelaic acid,-0.5,0.6666666666666666,3,-1.0,0.0,3,0.9276336570439176,0.0076658441874731,6,0.847637026689399,0.000497797379436,12,True,+,0.0214320594393896
ENSMUSG00000072763-P,"Benzoic acid, methyl ester",1.0,0.0,3,-1.0,0.0,3,0.7714285714285715,0.0723965014577259,6,0.7692307692307694,0.0034464502618274,12,True,+,0.1288426047067842
ENSMUSG00000072763-P,cis-2-Decenoic acid,,,0,,,0,,,0,-1.0,0.0,3,True,-,0.0
ENSMUSG00000072763-P,L-Ornithine,,,0,,,0,,,0,1.0,0.0,4,True,+,0.0
ENSMUSG00000072763-P,N-Methylacetamide,-0.5,0.6666666666666666,3,0.0,1.0,3,0.8986451052612952,0.0148886220055803,6,0.789478544050317,0.0022591594736003,12,True,+,0.0887605830037696
ENSMUSG00000072763-P,Octadecanoic acid,,,0,,,0,,,0,-1.0,0.0,3,True,-,0.0
ENSMUSG00000030616-P,"1,2-Bis(trimethylsiloxy)cyclohexene",,,0,,,0,,,0,1.0,0.0,3,True,+,0.0
ENSMUSG00000030616-P,"1-Octanol, 2-butyl-",0.5,0.6666666666666666,3,1.0,0.0,3,0.7356123579206245,0.0956107807382797,6,0.7719345764047542,0.0032652886198781,12,True,+,0.1229499737317228
ENSMUSG00000030616-P,2-Aminoquinolin-8-ol,,,0,,,0,,,0,1.0,0.0,3,True,+,0.0
ENSMUSG00000030616-P,2-Norbornanemethanol,,,0,,,0,,,0,1.0,0.0,3,True,+,0.0
ENSMUSG00000030616-P,"3-Hydroxy-7,3',4',5'-tetramethoxyflavone",,,0,,,0,,,0,1.0,0.0,3,True,+,0.0
ENSMUSG00000030616-P,7-Hydroxy-4-(methoxymethyl)coumarin,,,0,,,0,1.0,0.0,3,1.0,0.0,4,True,+,0.0
ENSMUSG00000030616-P,Azelaic acid,0.5,0.6666666666666666,3,1.0,0.0,3,0.6957252427829382,0.1247893374402869,6,0.8021028062474065,0.0016965328946357,12,True,+,0.0682730321658673
ENSMUSG00000030616-P,"Benzoic acid, methyl ester",0.5,0.6666666666666666,3,1.0,0.0,3,0.8285714285714287,0.0415626822157433,6,0.8601398601398602,0.0003316683391269,12,True,+,0.0144523008920071
ENSMUSG00000030616-P,cis-2-Decenoic acid,,,0,,,0,,,0,-1.0,0.0,3,True,-,0.0
ENSMUSG00000030616-P,Isosorbide,1.0,0.0,3,,,0,,,0,1.0,0.0,3,True,+,0.0
ENSMUSG00000030616-P,"l-Leucine, n-butoxycarbonyl-N-methyl-, hexadecyl ester",,,0,,,0,,,0,-1.0,0.0,4,True,-,0.0
ENSMUSG00000030616-P,Octanoic acid,,,0,,,0,0.7999999999999999,0.2000000000000001,4,0.942857142857143,0.004804664723032,6,True,+,0.1679020985499759
ENSMUSG00000030616-P,Tetrahydro-solasodine triacetate,0.8660254037844387,0.3333333333333332,3,0.5,0.6666666666666666,3,0.942857142857143,0.004804664723032,6,0.7565685858054141,0.0043984927612255,12,True,+,0.1591102973563808
ENSMUSG00000030616-P,Tyr-Val,,,0,,,0,,,0,-1.0,0.0,3,True,-,0.0
ENSMUSG00000003949-P,"1,2-Bis(trimethylsiloxy)cyclohexene",,,0,,,0,,,0,1.0,0.0,3,True,+,0.0
ENSMUSG00000003949-P,"2,4-Dimethoxybenzaldoxime",,,0,,,0,,,0,1.0,0.0,3,True,+,0.0
ENSMUSG00000003949-P,2-Aminoquinolin-8-ol,,,0,,,0,,,0,1.0,0.0,3,True,+,0.0
ENSMUSG00000003949-P,"3,4-Dihydroxybenzaldehyde",-1.0,0.0,3,,,0,,,0,-1.0,0.0,3,True,-,0.0
ENSMUSG00000003949-P,"3-Hydroxy-7,3',4',5'-tetramethoxyflavone",,,0,,,0,,,0,1.0,0.0,3,True,+,0.0
ENSMUSG00000003949-P,3-Methyl-3-buten-1-ol,,,0,,,0,1.0,0.0,4,0.8622909085775464,0.005872990672297,8,True,+,0.1975056608835884
ENSMUSG00000003949-P,cis-2-Decenoic acid,,,0,,,0,,,0,-1.0,0.0,3,True,-,0.0
ENSMUSG00000003949-P,Glabridin,,,0,,,0,,,0,1.0,0.0,4,True,+,0.0
ENSMUSG00000003949-P,L-(+)-Threose,,,0,,,0,1.0,0.0,3,1.0,0.0,3,True,+,0.0
ENSMUSG00000003949-P,L-Val-L-Leu,,,0,,,0,1.0,0.0,3,1.0,0.0,3,True,+,0.0
ENSMUSG00000003949-P,Octadecanoic acid,,,0,,,0,,,0,-1.0,0.0,3,True,-,0.0
ENSMUSG00000003949-P,Tyr-Val,,,0,,,0,,,0,1.0,0.0,3,True,+,0.0
ENSMUSG00000085184-P,"1,2-Bis(trimethylsiloxy)cyclohexene",,,0,,,0,,,0,1.0,0.0,3,True,+,0.0
ENSMUSG00000085184-P,L-Val-L-Leu,,,0,,,0,-1.0,0.0,3,-1.0,0.0,3,True,-,0.0
ENSMUSG00000085184-P,Oleic Acid,1.0,0.0,3,,,0,,,0,1.0,0.0,3,True,+,0.0
ENSMUSG00000085184-P,Propanoic acid,,,0,,,0,-0.9473684210526316,0.0143795336199304,5,-0.8835852486128688,0.0036078882816373,8,True,-,0.1344928059884562
ENSMUSG00000066595-P,2-Aminoquinolin-8-ol,,,0,,,0,,,0,1.0,0.0,3,True,+,0.0
ENSMUSG00000066595-P,"3-Hydroxy-7,3',4',5'-tetramethoxyflavone",,,0,,,0,,,0,1.0,0.0,3,True,+,0.0
ENSMUSG00000066595-P,"4,5-Dihydro-1H-pyrazole",,,0,,,0,,,0,1.0,0.0,4,True,+,0.0
ENSMUSG00000066595-P,L-Val-L-Leu,,,0,,,0,1.0,0.0,3,1.0,0.0,3,True,+,0.0
ENSMUSG00000066595-P,Octadecanoic acid,,,0,,,0,,,0,-1.0,0.0,3,True,-,0.0
ENSMUSG00000066595-P,Tyr-Val,,,0,,,0,,,0,1.0,0.0,3,True,+,0.0
ENSMUSG00000046714-P,"1,2-Bis(trimethylsiloxy)cyclohexene",,,0,,,0,,,0,1.0,0.0,3,True,+,0.0
ENSMUSG00000046714-P,"13-Docosenamide, (Z)",,,0,,,0,1.0,0.0,3,1.0,0.0,3,True,+,0.0
ENSMUSG00000046714-P,Iminodiacetic acid,1.0,0.0,3,1.0,0.0,3,0.4928053803045811,0.3206325828658274,6,0.7810870121972561,0.0027052956461396,12,True,+,0.1035246286271809
ENSMUSG00000046714-P,Tyr-Val,,,0,,,0,,,0,-1.0,0.0,3,True,-,0.0
ENSMUSG00000004263-P,"13-Docosenamide, (Z)",,,0,,,0,1.0,0.0,3,1.0,0.0,3,True,+,0.0
ENSMUSG00000004263-P,2-Aminoquinolin-8-ol,,,0,,,0,,,0,1.0,0.0,3,True,+,0.0
ENSMUSG00000004263-P,"3,4-Dihydroxybenzaldehyde",1.0,0.0,3,,,0,,,0,1.0,0.0,3,True,+,0.0
ENSMUSG00000004263-P,cis-2-Decenoic acid,,,0,,,0,,,0,-1.0,0.0,3,True,-,0.0
ENSMUSG00000004263-P,Glycine,-0.5,0.6666666666666666,3,-1.0,0.0,3,-0.8116794499134279,0.0498575851013403,6,-0.80910807093079,0.0014347403699364,12,True,-,0.0585611746228777
ENSMUSG00000021929-P,"13-Docosenamide, (Z)",,,0,,,0,1.0,0.0,3,1.0,0.0,3,True,+,0.0
ENSMUSG00000021929-P,"2,4-Dimethoxybenzaldoxime",,,0,,,0,,,0,1.0,0.0,3,True,+,0.0
ENSMUSG00000021929-P,2-Aminoquinolin-8-ol,,,0,,,0,,,0,1.0,0.0,3,True,+,0.0
ENSMUSG00000021929-P,"3,4-Dihydroxybenzaldehyde",-1.0,0.0,3,,,0,,,0,-1.0,0.0,3,True,-,0.0
ENSMUSG00000021929-P,"3-Hydroxy-7,3',4',5'-tetramethoxyflavone",,,0,,,0,,,0,1.0,0.0,3,True,+,0.0
ENSMUSG00000021929-P,"4,5-Dihydro-1H-pyrazole",,,0,,,0,,,0,1.0,0.0,4,True,+,0.0
ENSMUSG00000021929-P,Allylescaline,1.0,0.0,3,0.5,0.6666666666666666,3,0.7944613465542746,0.0590275999253266,6,0.7964961311085419,0.0019312447451718,12,True,+,0.0770886948263023
ENSMUSG00000021929-P,cis-2-Decenoic acid,,,0,,,0,,,0,-1.0,0.0,3,True,-,0.0
ENSMUSG00000021929-P,L-Ornithine,,,0,,,0,,,0,1.0,0.0,4,True,+,0.0
ENSMUSG00000021929-P,Octadecanoic acid,,,0,,,0,,,0,-1.0,0.0,3,True,-,0.0
ENSMUSG00000021929-P,Tyr-Val,,,0,,,0,,,0,1.0,0.0,3,True,+,0.0
ENSMUSG00000074480-P,"3,3-Dimethylacrylic acid",,,0,,,0,,,0,1.0,0.0,4,True,+,0.0
ENSMUSG00000074480-P,"4,5-Dihydro-1H-pyrazole",,,0,,,0,,,0,1.0,0.0,4,True,+,0.0
ENSMUSG00000074480-P,"Benzene, 1-ethyl-3,5-dimethyl",,,0,,,0,,,0,-1.0,0.0,4,True,-,0.0
ENSMUSG00000074480-P,cis-2-Decenoic acid,,,0,,,0,,,0,-1.0,0.0,3,True,-,0.0
ENSMUSG00000074480-P,"N-[(3,4,5-Trimethoxyphenyl)methylidene]hydroxylamine",,,0,,,0,-1.0,0.0,3,-1.0,0.0,3,True,-,0.0
ENSMUSG00000074480-P,Sulindac,,,0,,,0,-1.0,0.0,3,-1.0,1.4042654220543602e-24,5,True,-,6.303055151107153e-23
ENSMUSG00000000127-P,"3-Hydroxy-7,3',4',5'-tetramethoxyflavone",,,0,,,0,,,0,1.0,0.0,3,True,+,0.0
ENSMUSG00000000127-P,"4,5-Dihydro-1H-pyrazole",,,0,,,0,,,0,1.0,0.0,4,True,+,0.0
ENSMUSG00000000127-P,cis-2-Decenoic acid,,,0,,,0,,,0,-1.0,0.0,3,True,-,0.0
ENSMUSG00000000127-P,Isosorbide,1.0,0.0,3,,,0,,,0,1.0,0.0,3,True,+,0.0
ENSMUSG00000075256-P,"3-Hydroxy-7,3',4',5'-tetramethoxyflavone",,,0,,,0,,,0,1.0,0.0,3,True,+,0.0
ENSMUSG00000075256-P,"4,5-Dihydro-1H-pyrazole",,,0,,,0,,,0,1.0,0.0,4,True,+,0.0
ENSMUSG00000075256-P,Diclofenac,,,0,,,0,,,0,-1.0,0.0,4,True,-,0.0
ENSMUSG00000075256-P,Isosorbide,1.0,0.0,3,,,0,,,0,1.0,0.0,3,True,+,0.0
ENSMUSG00000075256-P,L-Val-L-Leu,,,0,,,0,-1.0,0.0,3,-1.0,0.0,3,True,-,0.0
ENSMUSG00000028811-P,"1,2-Cinnolinedicarboxylic acid, 1,2,3,5,6,7,8,8a-octahydro-4-trimethylsilyloxy-, diethyl ester",,,0,,,0,,,0,-1.0,0.0,3,True,-,0.0
ENSMUSG00000028811-P,"13-Docosenamide, (Z)",,,0,,,0,1.0,0.0,3,1.0,0.0,3,True,+,0.0
ENSMUSG00000028811-P,7-Hydroxy-4-(methoxymethyl)coumarin,,,0,,,0,-1.0,0.0,3,-1.0,0.0,4,True,-,0.0
ENSMUSG00000028811-P,Isosorbide,-1.0,0.0,3,,,0,,,0,-1.0,0.0,3,True,-,0.0
ENSMUSG00000028811-P,L-Val-L-Leu,,,0,,,0,-1.0,0.0,3,-1.0,0.0,3,True,-,0.0
ENSMUSG00000028811-P,Octadecanoic acid,,,0,,,0,,,0,-1.0,0.0,3,True,-,0.0
ENSMUSG00000025016-P,"1,2-Bis(trimethylsiloxy)cyclohexene",,,0,,,0,,,0,1.0,0.0,3,True,+,0.0
ENSMUSG00000025016-P,"13-Docosenamide, (Z)",,,0,,,0,1.0,0.0,3,1.0,0.0,3,True,+,0.0
ENSMUSG00000025016-P,"2,4-Dimethoxybenzaldoxime",,,0,,,0,,,0,-1.0,0.0,3,True,-,0.0
ENSMUSG00000025016-P,2-Norbornanemethanol,,,0,,,0,,,0,1.0,0.0,3,True,+,0.0
ENSMUSG00000025016-P,Chlorobenzilate ,,,0,,,0,,,0,1.0,0.0,4,True,+,0.0
ENSMUSG00000025016-P,L-Val-L-Leu,,,0,,,0,-1.0,0.0,3,-1.0,0.0,3,True,-,0.0
ENSMUSG00000025016-P,Spiroxamine,,,0,,,0,0.8999999999999998,0.0373860734684987,5,0.9333333333333332,0.0002358998121594,9,True,+,0.0103678811006699
ENSMUSG00000025016-P,Tyr-Val,,,0,,,0,,,0,-1.0,0.0,3,True,-,0.0
ENSMUSG00000034957-P,2-Aminoquinolin-8-ol,,,0,,,0,,,0,-1.0,0.0,3,True,-,0.0
ENSMUSG00000034957-P,3-(4-Methoxyphenyl)coumarin,,,0,,,0,-1.0,0.0,3,-1.0,0.0,4,True,-,0.0
ENSMUSG00000034957-P,"3,4-Dihydroxybenzaldehyde",1.0,0.0,3,,,0,,,0,1.0,0.0,3,True,+,0.0
ENSMUSG00000034957-P,L-Val-L-Leu,,,0,,,0,1.0,0.0,3,1.0,0.0,3,True,+,0.0
ENSMUSG00000034957-P,Tyr-Val,,,0,,,0,,,0,-1.0,0.0,3,True,-,0.0
ENSMUSG00000025862-P,"13-Docosenamide, (Z)",,,0,,,0,1.0,0.0,3,1.0,0.0,3,True,+,0.0
ENSMUSG00000025862-P,"2,4-Dimethoxybenzaldoxime",,,0,,,0,,,0,1.0,0.0,3,True,+,0.0
ENSMUSG00000025862-P,"3-Hydroxy-7,3',4',5'-tetramethoxyflavone",,,0,,,0,,,0,1.0,0.0,3,True,+,0.0
ENSMUSG00000025862-P,Allylescaline,0.5,0.6666666666666666,3,0.5,0.6666666666666666,3,0.7944613465542746,0.0590275999253266,6,0.7403554346427417,0.0058932871405385,12,True,+,0.1979651792836196
ENSMUSG00000025862-P,cis-2-Decenoic acid,,,0,,,0,,,0,-1.0,0.0,3,True,-,0.0
ENSMUSG00000025862-P,Isosorbide,1.0,0.0,3,,,0,,,0,1.0,0.0,3,True,+,0.0
ENSMUSG00000025862-P,L-(+)-Threose,,,0,,,0,1.0,0.0,3,1.0,0.0,3,True,+,0.0
ENSMUSG00000024800-P,"1,2-Bis(trimethylsiloxy)cyclohexene",,,0,,,0,,,0,1.0,0.0,3,True,+,0.0
ENSMUSG00000024800-P,2-Norbornanemethanol,,,0,,,0,,,0,1.0,0.0,3,True,+,0.0
ENSMUSG00000024800-P,L-Val-L-Leu,,,0,,,0,-1.0,0.0,3,-1.0,0.0,3,True,-,0.0
ENSMUSG00000024800-P,Tyr-Val,,,0,,,0,,,0,-1.0,0.0,3,True,-,0.0
ENSMUSG00000025104-P,"13-Docosenamide, (Z)",,,0,,,0,1.0,0.0,3,1.0,0.0,3,True,+,0.0
ENSMUSG00000025104-P,"2,4-Dimethoxybenzaldoxime",,,0,,,0,,,0,1.0,0.0,3,True,+,0.0
ENSMUSG00000025104-P,2-Aminoquinolin-8-ol,,,0,,,0,,,0,1.0,0.0,3,True,+,0.0
ENSMUSG00000025104-P,"3-Hydroxy-7,3',4',5'-tetramethoxyflavone",,,0,,,0,,,0,1.0,0.0,3,True,+,0.0
ENSMUSG00000025104-P,cis-2-Decenoic acid,,,0,,,0,,,0,-1.0,0.0,3,True,-,0.0
ENSMUSG00000025104-P,Isosorbide,1.0,0.0,3,,,0,,,0,1.0,0.0,3,True,+,0.0
ENSMUSG00000025104-P,L-(+)-Threose,,,0,,,0,1.0,0.0,3,1.0,0.0,3,True,+,0.0
ENSMUSG00000025104-P,Octadecanoic acid,,,0,,,0,,,0,1.0,0.0,3,True,+,0.0
ENSMUSG00000078201-P,"1,2-Bis(trimethylsiloxy)cyclohexene",,,0,,,0,,,0,1.0,0.0,3,True,+,0.0
ENSMUSG00000078201-P,"13-Docosenamide, (Z)",,,0,,,0,1.0,0.0,3,1.0,0.0,3,True,+,0.0
ENSMUSG00000078201-P,2-Aminoquinolin-8-ol,,,0,,,0,,,0,1.0,0.0,3,True,+,0.0
ENSMUSG00000078201-P,2-Norbornanemethanol,,,0,,,0,,,0,1.0,0.0,3,True,+,0.0
ENSMUSG00000078201-P,cis-2-Decenoic acid,,,0,,,0,,,0,-1.0,0.0,3,True,-,0.0
ENSMUSG00000078201-P,Isopropylamine,1.0,0.0,3,0.5,0.6666666666666666,3,0.7142857142857143,0.1107871720116617,6,0.8461538461538463,0.000521133700481,12,True,+,0.0223584549031827
ENSMUSG00000078201-P,L-(+)-Threose,,,0,,,0,1.0,0.0,3,1.0,0.0,3,True,+,0.0
ENSMUSG00000078201-P,N-Ethylamphetamine,0.5,0.6666666666666666,3,,,0,0.4928053803045811,0.3206325828658274,6,0.8082276040096849,0.0026075877950597,11,True,+,0.100226157818207
ENSMUSG00000042506-P,2-Cyanobenzaldehyde,,,0,,,0,1.0,1.4042654220543602e-24,5,1.0,0.0,6,True,+,0.0
ENSMUSG00000042506-P,2-Methyl-3-pentanol,,,0,,,0,0.8999999999999998,0.0373860734684987,5,0.9285714285714288,0.0025194724037946,7,True,+,0.097376722909516
ENSMUSG00000042506-P,"2-Methylcyclohexanol, (Z)",1.0,0.0,3,0.8660254037844387,0.3333333333333332,3,0.5507824838698261,0.2573693316225746,6,0.7543906087591916,0.0045804664506318,12,True,+,0.1642145950917996
ENSMUSG00000042506-P,2-Norbornanemethanol,,,0,,,0,,,0,-1.0,0.0,3,True,-,0.0
ENSMUSG00000042506-P,3-Buten-2-one,0.5,0.6666666666666666,3,1.0,0.0,3,0.7714285714285715,0.0723965014577259,6,0.8951048951048951,8.366586429091719e-05,12,True,+,0.0037193926989243
ENSMUSG00000042506-P,"3-Hydroxy-7,3',4',5'-tetramethoxyflavone",,,0,,,0,,,0,-1.0,0.0,3,True,-,0.0
ENSMUSG00000042506-P,"6,7,4'-Trihydroxyisoflavone",1.0,0.0,3,1.0,0.0,3,0.5797710356524484,0.227783956715016,6,0.7600712181471057,0.0041173803556808,12,True,+,0.149614861133208
ENSMUSG00000042506-P,cis-2-Decenoic acid,,,0,,,0,,,0,1.0,0.0,3,True,+,0.0
ENSMUSG00000042506-P,Cycloheptanol,0.5,0.6666666666666666,3,1.0,0.0,3,0.3768511731740915,0.4614828403508045,6,0.7565685858054141,0.0043984927612255,12,True,+,0.1591102973563808
ENSMUSG00000042506-P,Isosorbide,-1.0,0.0,3,,,0,,,0,-1.0,0.0,3,True,-,0.0
ENSMUSG00000042506-P,L-Val-L-Leu,,,0,,,0,1.0,0.0,3,1.0,0.0,3,True,+,0.0
ENSMUSG00000101059-P,"1,2-Cinnolinedicarboxylic acid, 1,2,3,5,6,7,8,8a-octahydro-4-trimethylsilyloxy-, diethyl ester",,,0,,,0,,,0,-1.0,0.0,3,True,-,0.0
ENSMUSG00000101059-P,"3,4-Dihydroxybenzaldehyde",-1.0,0.0,3,,,0,,,0,-1.0,0.0,3,True,-,0.0
ENSMUSG00000101059-P,Niacinamide,,,0,-0.5,0.6666666666666666,3,-0.8804062740424288,0.0205987347749203,6,-0.8899457101438082,0.0002425310929133,11,True,-,0.0106570865516939
ENSMUSG00000101059-P,Palmitic Acid,-1.0,0.0,3,,,0,-0.632455532033676,0.367544467966324,4,-0.8645309671165332,0.0026323718448338,9,True,-,0.1010672130208699
ENSMUSG00000022629-P,3-Aminobenzoic acid,,,0,-1.0,0.0,3,-0.7714285714285715,0.0723965014577259,6,-0.8090909090909091,0.0025585801997139,11,True,-,0.0986327946362033
ENSMUSG00000022629-P,"3-Hydroxy-7,3',4',5'-tetramethoxyflavone",,,0,,,0,,,0,1.0,0.0,3,True,+,0.0
ENSMUSG00000022629-P,"6-Methoxy-1-methyl-1,2,3,4-tetrahydroisoquinolin-7-ol ",,,0,,,0,0.6000000000000001,0.4,4,0.9285714285714288,0.0025194724037946,7,True,+,0.097376722909516
ENSMUSG00000022629-P,7-Hydroxy-4-(methoxymethyl)coumarin,,,0,,,0,1.0,0.0,3,1.0,0.0,4,True,+,0.0
ENSMUSG00000022629-P,cis-2-Decenoic acid,,,0,,,0,,,0,-1.0,0.0,3,True,-,0.0
ENSMUSG00000022629-P,Isosorbide,1.0,0.0,3,,,0,,,0,1.0,0.0,3,True,+,0.0
ENSMUSG00000049287-P,"13-Docosenamide, (Z)",,,0,,,0,-1.0,0.0,3,-1.0,0.0,3,True,-,0.0
ENSMUSG00000049287-P,"2,4-Dimethoxybenzaldoxime",,,0,,,0,,,0,-1.0,0.0,3,True,-,0.0
ENSMUSG00000049287-P,"3,4-Dihydroxybenzaldehyde",-1.0,0.0,3,,,0,,,0,-1.0,0.0,3,True,-,0.0
ENSMUSG00000049287-P,Diclofenac,,,0,,,0,,,0,-1.0,0.0,4,True,-,0.0
ENSMUSG00000049287-P,Octadecanoic acid,,,0,,,0,,,0,-1.0,0.0,3,True,-,0.0
ENSMUSG00000049287-P,Tyr-Val,,,0,,,0,,,0,1.0,0.0,3,True,+,0.0
ENSMUSG00000033792-P,"1,2-Bis(trimethylsiloxy)cyclohexene",,,0,,,0,,,0,1.0,0.0,3,True,+,0.0
ENSMUSG00000033792-P,"13-Docosenamide, (Z)",,,0,,,0,-1.0,0.0,3,-1.0,0.0,3,True,-,0.0
ENSMUSG00000033792-P,2-Aminoquinolin-8-ol,,,0,,,0,,,0,1.0,0.0,3,True,+,0.0
ENSMUSG00000033792-P,2-Ethylhexanoic acid,0.5,0.6666666666666666,3,0.8660254037844387,0.3333333333333332,3,0.8406680016960503,0.0360575728451592,6,0.7789521634629794,0.002828809845479,12,True,+,0.108112589923977
ENSMUSG00000033792-P,Benzyl alcohol,-0.5,0.6666666666666666,3,1.0,0.0,3,1.0,0.0,6,0.8321678321678322,0.0007854416778536,12,True,+,0.0332610831314817
ENSMUSG00000033792-P,Biphenyl,1.0,0.0,3,0.5,0.6666666666666666,3,1.0,0.0,6,0.7482517482517484,0.005124081698753,12,True,+,0.176962914072306
ENSMUSG00000033792-P,Butachlor ESA,,,0,1.0,0.0,3,1.0,0.0,4,0.8666666666666667,0.0024953982859902,9,True,+,0.0972195632807742
ENSMUSG00000033792-P,Crotonic acid,0.5,0.6666666666666666,3,1.0,0.0,3,0.5161002296110789,0.2945837414624606,6,0.7535398122682787,0.00465307670103,12,True,+,0.1666176256920665
ENSMUSG00000033792-P,Cyclobutylamine,-0.5,0.6666666666666666,3,0.5,0.6666666666666666,3,0.4638168285219587,0.3541642984362303,6,0.795097541564023,0.0019934857741352,12,True,+,0.0794125677116889
ENSMUSG00000033792-P,Diacetyl monoxime,-0.8660254037844387,0.3333333333333332,3,1.0,0.0,3,0.7142857142857143,0.1107871720116617,6,0.7530659534637223,0.0046938930486737,12,True,+,0.1673621183600482
ENSMUSG00000033792-P,Dodecanoic acid,-0.5,0.6666666666666666,3,1.0,0.0,3,0.8857142857142858,0.0188454810495626,6,0.8251748251748254,0.0009513628555555,12,True,+,0.0397714595917899
ENSMUSG00000033792-P,Isonicotinic Acid,-1.0,0.0,3,1.0,0.0,3,0.9856107606091624,0.0003090856678496,6,0.8931712471313915,9.135974793210156e-05,12,True,+,0.0040579731575113
ENSMUSG00000033792-P,Levulinic acid,-0.8660254037844387,0.3333333333333332,3,1.0,0.0,3,0.5884898863364996,0.2191681811162894,6,0.8295370132366225,0.0008449952834488,12,True,+,0.035609785099595
ENSMUSG00000033792-P,"L-Histidine, N,1-bis(tert-butyldimethylsilyl)-",0.5,0.6666666666666666,3,1.0,0.0,3,0.0579771035652448,0.9131317851623264,6,0.795097541564023,0.0019934857741352,12,True,+,0.0794125677116889
ENSMUSG00000033792-P,"l-Leucine, n-butoxycarbonyl-N-methyl-, hexadecyl ester",,,0,,,0,,,0,-1.0,0.0,4,True,-,0.0
ENSMUSG00000033792-P,L-Val-L-Leu,,,0,,,0,1.0,0.0,3,1.0,0.0,3,True,+,0.0
ENSMUSG00000033792-P,Pentanoic acid,0.5,0.6666666666666666,3,1.0,0.0,3,0.942857142857143,0.004804664723032,6,0.7762237762237763,0.0029928636801859,12,True,+,0.1136263097655619
ENSMUSG00000033792-P,Phenoxyethanol,-0.5,0.6666666666666666,3,1.0,0.0,3,0.6667366910003157,0.1480897994403528,6,0.7530659534637223,0.0046938930486737,12,True,+,0.1673621183600482
ENSMUSG00000033792-P,Synephrine,0.5,0.6666666666666666,3,0.8660254037844387,0.3333333333333332,3,0.753702346348183,0.0835232813732598,6,0.7754433699338666,0.0030410933690381,12,True,+,0.1153396348750808
ENSMUSG00000033792-P,Tyr-Val,,,0,,,0,,,0,-1.0,0.0,3,True,-,0.0
ENSMUSG00000018707-P,"13-Docosenamide, (Z)",,,0,,,0,-1.0,0.0,3,-1.0,0.0,3,True,-,0.0
ENSMUSG00000018707-P,"3,4-Dihydroxybenzaldehyde",1.0,0.0,3,,,0,,,0,1.0,0.0,3,True,+,0.0
ENSMUSG00000018293-P,"(2R)-Pyrrolidine-1,2-dicarboxylic acid, bis(tert-butyldimethylsilyl) ester",0.5,0.6666666666666666,3,1.0,0.0,3,0.5797710356524484,0.227783956715016,6,0.8161133356141735,0.0012051543656321,12,True,+,0.0495874267733696
ENSMUSG00000018293-P,2-Aminoquinolin-8-ol,,,0,,,0,,,0,1.0,0.0,3,True,+,0.0
ENSMUSG00000018293-P,2-Norbornanemethanol,,,0,,,0,,,0,1.0,0.0,3,True,+,0.0
ENSMUSG00000018293-P,"3,4-Dihydroxybenzaldehyde",-1.0,0.0,3,,,0,,,0,-1.0,0.0,3,True,-,0.0
ENSMUSG00000018293-P,Cholesterol,-1.0,0.0,3,0.5,0.6666666666666666,3,-0.7142857142857143,0.1107871720116617,6,-0.7412587412587414,0.0058011504744782,12,True,-,0.1955303081363889
ENSMUSG00000018293-P,L-Val-L-Leu,,,0,,,0,1.0,0.0,3,1.0,0.0,3,True,+,0.0
ENSMUSG00000018293-P,Octacosanol,,,0,,,0,1.0,0.0,4,0.9285714285714288,0.0025194724037946,7,True,+,0.097376722909516
ENSMUSG00000026547-P,"1,2-Bis(trimethylsiloxy)cyclohexene",,,0,,,0,,,0,1.0,0.0,3,True,+,0.0
ENSMUSG00000026547-P,"13-Docosenamide, (Z)",,,0,,,0,-1.0,0.0,3,-1.0,0.0,3,True,-,0.0
ENSMUSG00000026547-P,3-(4-Methoxyphenyl)coumarin,,,0,,,0,1.0,0.0,3,1.0,0.0,4,True,+,0.0
ENSMUSG00000026547-P,Glabridin,,,0,,,0,,,0,1.0,0.0,4,True,+,0.0
ENSMUSG00000026547-P,Guanosine,,,0,1.0,0.0,3,0.7999999999999999,0.2000000000000001,4,0.9047619047619048,0.0020082755054294,8,True,+,0.0796373285451544
ENSMUSG00000026547-P,L-(+)-Threose,,,0,,,0,-1.0,0.0,3,-1.0,0.0,3,True,-,0.0
ENSMUSG00000026547-P,L-Val-L-Leu,,,0,,,0,-1.0,0.0,3,-1.0,0.0,3,True,-,0.0
ENSMUSG00000026547-P,"Naringenin 4',7-dimethylether",,,0,-1.0,0.0,3,-0.8720815992723809,0.0538542177275421,5,-0.934148484292342,0.000679105745231,8,True,-,0.0289281048743252
ENSMUSG00000026547-P,Tyr-Val,,,0,,,0,,,0,-1.0,0.0,3,True,-,0.0
ENSMUSG00000026527-P,"1,2-Cinnolinedicarboxylic acid, 1,2,3,5,6,7,8,8a-octahydro-4-trimethylsilyloxy-, diethyl ester",,,0,,,0,,,0,-1.0,0.0,3,True,-,0.0
ENSMUSG00000026527-P,2-Norbornanemethanol,,,0,,,0,,,0,-1.0,0.0,3,True,-,0.0
ENSMUSG00000026527-P,"3,4-Dihydroxybenzaldehyde",1.0,0.0,3,,,0,,,0,1.0,0.0,3,True,+,0.0
ENSMUSG00000026527-P,cis-2-Decenoic acid,,,0,,,0,,,0,1.0,0.0,3,True,+,0.0
ENSMUSG00000026527-P,"N-[(3,4,5-Trimethoxyphenyl)methylidene]hydroxylamine",,,0,,,0,1.0,0.0,3,1.0,0.0,3,True,+,0.0
ENSMUSG00000085945-P,"1,3-Oxazolidine, 2,5-diphenyl-4-methyl-, trans-",0.5,0.6666666666666666,3,0.5,0.6666666666666666,3,0.8533103351879245,0.0306985629726779,6,0.8526368275743421,0.0004250464837061,12,True,+,0.0184366228577024
ENSMUSG00000085945-P,"1-Octanol, 2-butyl-",0.5,0.6666666666666666,3,0.5,0.6666666666666666,3,0.7356123579206245,0.0956107807382797,6,0.8631632081616797,0.000298921951242,12,True,+,0.0130826879959161
ENSMUSG00000085945-P,2-Norbornanemethanol,,,0,,,0,,,0,1.0,0.0,3,True,+,0.0
ENSMUSG00000085945-P,"3,3-Dimethylacrylic acid",,,0,,,0,,,0,1.0,0.0,4,True,+,0.0
ENSMUSG00000085945-P,3-Amino-5-methylisoxazole,,,0,0.5,0.6666666666666666,3,0.7714285714285715,0.0723965014577259,6,0.8545454545454546,0.0008066741521648,11,True,+,0.0340773346852635
ENSMUSG00000085945-P,"3-Hydroxy-7,3',4',5'-tetramethoxyflavone",,,0,,,0,,,0,1.0,0.0,3,True,+,0.0
ENSMUSG00000085945-P,"4,5-Dihydro-1H-pyrazole",,,0,,,0,,,0,1.0,0.0,4,True,+,0.0
ENSMUSG00000085945-P,4-tert-Butyldimethylsiloxy-3-penten-2-one,,,0,,,0,1.0,0.0,4,1.0,0.0,4,True,+,0.0
ENSMUSG00000085945-P,"Benzoic acid, 2-hydroxy-3-[(2-hydroxy-4-methoxy-6-propylbenzoyl)oxy]-4-methoxy-6-propyl-, methyl ester ",0.5,0.6666666666666666,3,0.5,0.6666666666666666,3,0.7826908981308054,0.065703848071589,6,0.8511396590310907,0.0004459012873585,12,True,+,0.0193291732325072
ENSMUSG00000085945-P,cis-2-Decenoic acid,,,0,,,0,,,0,-1.0,0.0,3,True,-,0.0
ENSMUSG00000085945-P,Cyclobutylamine,0.5,0.6666666666666666,3,1.0,0.0,3,0.4928053803045811,0.3206325828658274,6,0.8546422913727825,0.0003983075651366,12,True,+,0.01730195065689
ENSMUSG00000085945-P,Isosorbide,1.0,0.0,3,,,0,,,0,1.0,0.0,3,True,+,0.0
ENSMUSG00000085945-P,"N-[(3,4,5-Trimethoxyphenyl)methylidene]hydroxylamine",,,0,,,0,1.0,0.0,3,1.0,0.0,3,True,+,0.0
ENSMUSG00000085945-P,N-Ethylamphetamine,1.0,0.0,3,,,0,0.8986451052612952,0.0148886220055803,6,0.8584564381571795,0.0007177938266368,11,True,+,0.0305139048092559
ENSMUSG00000085945-P,N-Methylacetamide,-1.0,0.0,3,0.8660254037844387,0.3333333333333332,3,0.6667366910003157,0.1480897994403528,6,0.8350928599287796,0.0007230932349395,12,True,+,0.0307329333824774
ENSMUSG00000085945-P,tert-butyl(dimethyl)silyl-2-([tert-butyl(dimethyl)silyl]oxy)hex-2-enoate,,,0,,,0,-1.0,0.0,4,-1.0,0.0,4,True,-,0.0
ENSMUSG00000085945-P,Tyr-Val,,,0,,,0,,,0,-1.0,0.0,3,True,-,0.0
ENSMUSG00000071369-P,"4,5-Dihydro-1H-pyrazole",,,0,,,0,,,0,1.0,0.0,4,True,+,0.0
ENSMUSG00000071369-P,5-Oxohexanoic Acid,0.5,0.6666666666666666,3,0.5,0.6666666666666666,3,0.8986451052612952,0.0148886220055803,6,0.80910807093079,0.0014347403699364,12,True,+,0.0585611746228777
ENSMUSG00000071369-P,"Benzene, 1-ethyl-3,5-dimethyl",,,0,,,0,,,0,1.0,0.0,4,True,+,0.0
ENSMUSG00000071369-P,Glabridin,,,0,,,0,,,0,1.0,0.0,4,True,+,0.0
ENSMUSG00000071369-P,L-(+)-Threose,,,0,,,0,1.0,0.0,3,1.0,0.0,3,True,+,0.0
ENSMUSG00000071369-P,L-Threonine,,,0,,,0,1.0,0.0,4,1.0,1.4042654220543602e-24,5,True,+,6.303055151107153e-23
ENSMUSG00000071369-P,"N-[(3,4,5-Trimethoxyphenyl)methylidene]hydroxylamine",,,0,,,0,1.0,0.0,3,1.0,0.0,3,True,+,0.0
ENSMUSG00000015970-P,2-Aminoquinolin-8-ol,,,0,,,0,,,0,1.0,0.0,3,True,+,0.0
ENSMUSG00000015970-P,"Benzaldehyde, 2,5-dimethoxy",0.0,1.0,3,,,3,0.8280786712108252,0.0417946804560451,6,0.7485114296183861,0.0051001454505327,12,True,+,0.1768084271502077
ENSMUSG00000015970-P,cis-2-Decenoic acid,,,0,,,0,,,0,-1.0,0.0,3,True,-,0.0
ENSMUSG00000015970-P,L-Val-L-Leu,,,0,,,0,1.0,0.0,3,1.0,0.0,3,True,+,0.0
ENSMUSG00000017314-P,"1,2-Bis(trimethylsiloxy)cyclohexene",,,0,,,0,,,0,1.0,0.0,3,True,+,0.0
ENSMUSG00000017314-P,"3,4-Dihydroxybenzaldehyde",1.0,0.0,3,,,0,,,0,1.0,0.0,3,True,+,0.0
ENSMUSG00000017314-P,Guanosine,,,0,1.0,0.0,3,0.7999999999999999,0.2000000000000001,4,0.9285714285714288,0.0008629681828999,8,True,+,0.0362866919169058
ENSMUSG00000017314-P,L-(+)-Threose,,,0,,,0,-1.0,0.0,3,-1.0,0.0,3,True,-,0.0
ENSMUSG00000017314-P,L-Val-L-Leu,,,0,,,0,-1.0,0.0,3,-1.0,0.0,3,True,-,0.0
ENSMUSG00000051579-P,4-tert-Butyldimethylsiloxy-3-penten-2-one,,,0,,,0,1.0,0.0,4,1.0,0.0,4,True,+,0.0
ENSMUSG00000051579-P,7-Hydroxy-4-(methoxymethyl)coumarin,,,0,,,0,1.0,0.0,3,1.0,0.0,4,True,+,0.0
ENSMUSG00000051579-P,"N-[(3,4,5-Trimethoxyphenyl)methylidene]hydroxylamine",,,0,,,0,1.0,0.0,3,1.0,0.0,3,True,+,0.0
ENSMUSG00000051579-P,Octadecanoic acid,,,0,,,0,,,0,-1.0,0.0,3,True,-,0.0
ENSMUSG00000093606-P,"1,2-Bis(trimethylsiloxy)cyclohexene",,,0,,,0,,,0,1.0,0.0,3,True,+,0.0
ENSMUSG00000093606-P,2-Norbornanemethanol,,,0,,,0,,,0,1.0,0.0,3,True,+,0.0
ENSMUSG00000093606-P,3-(4-Methoxyphenyl)coumarin,,,0,,,0,1.0,0.0,3,1.0,0.0,4,True,+,0.0
ENSMUSG00000093606-P,cis-2-Decenoic acid,,,0,,,0,,,0,-1.0,0.0,3,True,-,0.0
ENSMUSG00000093606-P,Isopropylamine,,,3,0.5,0.6666666666666666,3,0.0285714285714285,0.9571545189504372,6,0.7581271430137272,0.0042716701805429,12,True,+,0.1550326155154826
ENSMUSG00000093606-P,L-Val-L-Leu,,,0,,,0,-1.0,0.0,3,-1.0,0.0,3,True,-,0.0
ENSMUSG00000049090-P,"1,2-Cinnolinedicarboxylic acid, 1,2,3,5,6,7,8,8a-octahydro-4-trimethylsilyloxy-, diethyl ester",,,0,,,0,,,0,1.0,0.0,3,True,+,0.0
ENSMUSG00000049090-P,4-Methoxyphenol,-0.5,0.6666666666666666,3,,,0,1.0,0.0,4,0.9047619047619048,0.0020082755054294,8,True,+,0.0796373285451544
ENSMUSG00000049090-P,Glabridin,,,0,,,0,,,0,1.0,0.0,4,True,+,0.0
ENSMUSG00000049090-P,Tyr-Val,,,0,,,0,,,0,-1.0,0.0,3,True,-,0.0
ENSMUSG00000049090-P,Xylazine,0.5,0.6666666666666666,3,-0.5,0.6666666666666666,3,0.6571428571428573,0.1561749271137024,6,0.7762237762237763,0.0029928636801859,12,True,+,0.1136263097655619
ENSMUSG00000032307-P,"1,2-Bis(trimethylsiloxy)cyclohexene",,,0,,,0,,,0,1.0,0.0,3,True,+,0.0
ENSMUSG00000032307-P,"3,4-Dihydroxybenzaldehyde",1.0,0.0,3,,,0,,,0,1.0,0.0,3,True,+,0.0
ENSMUSG00000032307-P,6-Nitroveratryl alcohol,,,0,,,0,1.0,0.0,3,1.0,1.4042654220543602e-24,5,True,+,6.303055151107153e-23
ENSMUSG00000032307-P,7-Hydroxy-4-(methoxymethyl)coumarin,,,0,,,0,1.0,0.0,3,1.0,0.0,4,True,+,0.0
ENSMUSG00000032307-P,L-Val-L-Leu,,,0,,,0,1.0,0.0,3,1.0,0.0,3,True,+,0.0
ENSMUSG00000062866-P,"3-Hydroxy-7,3',4',5'-tetramethoxyflavone",,,0,,,0,,,0,1.0,0.0,3,True,+,0.0
ENSMUSG00000062866-P,6-Nitroveratryl alcohol,,,0,,,0,1.0,0.0,3,1.0,1.4042654220543602e-24,5,True,+,6.303055151107153e-23
ENSMUSG00000062866-P,7-Hydroxy-4-(methoxymethyl)coumarin,,,0,,,0,1.0,0.0,3,1.0,0.0,4,True,+,0.0
ENSMUSG00000062866-P,"Benzoic acid, methyl ester",0.5,0.6666666666666666,3,-1.0,0.0,3,0.8857142857142858,0.0188454810495626,6,0.7412587412587414,0.0058011504744782,12,True,+,0.1955303081363889
ENSMUSG00000062866-P,cis-2-Decenoic acid,,,0,,,0,,,0,-1.0,0.0,3,True,-,0.0
ENSMUSG00000062866-P,Glabridin,,,0,,,0,,,0,1.0,0.0,4,True,+,0.0
ENSMUSG00000062866-P,Isosorbide,1.0,0.0,3,,,0,,,0,1.0,0.0,3,True,+,0.0
ENSMUSG00000041685-P,"13-Docosenamide, (Z)",,,0,,,0,1.0,0.0,3,1.0,0.0,3,True,+,0.0
ENSMUSG00000041685-P,"2,4-Dimethoxybenzaldoxime",,,0,,,0,,,0,1.0,0.0,3,True,+,0.0
ENSMUSG00000041685-P,"3-Hydroxy-7,3',4',5'-tetramethoxyflavone",,,0,,,0,,,0,1.0,0.0,3,True,+,0.0
ENSMUSG00000041685-P,7-Hydroxy-4-(methoxymethyl)coumarin,,,0,,,0,1.0,0.0,3,1.0,0.0,4,True,+,0.0
ENSMUSG00000041685-P,Aceturic acid,-0.5,0.6666666666666666,3,,,0,0.8285714285714287,0.0415626822157433,6,0.8454545454545455,0.0010451821458586,11,True,+,0.0434501308308189
ENSMUSG00000041685-P,Azelaic acid,0.5,0.6666666666666666,3,0.5,0.6666666666666666,3,0.8696565534786727,0.0243768916856907,6,0.9492133645984592,2.442741727640215e-06,12,True,+,0.0001095720172977
ENSMUSG00000041685-P,"Benzoic acid, methyl ester",0.5,0.6666666666666666,3,0.5,0.6666666666666666,3,0.7714285714285715,0.0723965014577259,6,0.7482517482517484,0.005124081698753,12,True,+,0.176962914072306
ENSMUSG00000041685-P,cis-2-Decenoic acid,,,0,,,0,,,0,-1.0,0.0,3,True,-,0.0
ENSMUSG00000041685-P,Isosorbide,1.0,0.0,3,,,0,,,0,1.0,0.0,3,True,+,0.0
ENSMUSG00000041685-P,Salsoline,-0.5,0.6666666666666666,3,-0.5,0.6666666666666666,3,-0.3999999999999999,0.6,4,-0.8787878787878788,0.0008138621117322,10,True,-,0.0343532019445102
ENSMUSG00000041685-P,Tyr-Val,,,0,,,0,,,0,-1.0,0.0,3,True,-,0.0
ENSMUSG00000046807-P,"2,4-Dimethoxybenzaldoxime",,,0,,,0,,,0,1.0,0.0,3,True,+,0.0
ENSMUSG00000046807-P,2-Cyanobenzaldehyde,,,0,,,0,1.0,1.4042654220543602e-24,5,0.942857142857143,0.004804664723032,6,True,+,0.1679020985499759
ENSMUSG00000046807-P,"3-Hydroxy-7,3',4',5'-tetramethoxyflavone",,,0,,,0,,,0,-1.0,0.0,3,True,-,0.0
ENSMUSG00000046807-P,Butylmethylamine,0.5,0.6666666666666666,3,-0.8660254037844387,0.3333333333333332,3,-0.7142857142857143,0.1107871720116617,6,-0.7635738504887974,0.0038500936565595,12,True,-,0.1414605165627303
ENSMUSG00000046807-P,L-Val-L-Leu,,,0,,,0,1.0,0.0,3,1.0,0.0,3,True,+,0.0
ENSMUSG00000046807-P,Octadecanoic acid,,,0,,,0,,,0,1.0,0.0,3,True,+,0.0
ENSMUSG00000027305-P,"13-Docosenamide, (Z)",,,0,,,0,-1.0,0.0,3,-1.0,0.0,3,True,-,0.0
ENSMUSG00000027305-P,"2,4-Dimethoxybenzaldoxime",,,0,,,0,,,0,1.0,0.0,3,True,+,0.0
ENSMUSG00000027305-P,2-Aminoquinolin-8-ol,,,0,,,0,,,0,-1.0,0.0,3,True,-,0.0
ENSMUSG00000027305-P,2-Norbornanemethanol,,,0,,,0,,,0,-1.0,0.0,3,True,-,0.0
ENSMUSG00000027305-P,3-Aminobenzoic acid,,,0,1.0,0.0,3,0.7714285714285715,0.0723965014577259,6,0.7727272727272727,0.0052994871786438,11,True,+,0.1815800018212259
ENSMUSG00000027305-P,"Benzene, 1-ethyl-3,5-dimethyl",,,0,,,0,,,0,-1.0,0.0,4,True,-,0.0
ENSMUSG00000027305-P,Glabridin,,,0,,,0,,,0,-1.0,0.0,4,True,-,0.0
ENSMUSG00000027305-P,Isosorbide,-1.0,0.0,3,,,0,,,0,-1.0,0.0,3,True,-,0.0
ENSMUSG00000027305-P,Methanesulfonic acid,,,0,1.0,0.0,3,0.7714285714285715,0.0723965014577259,6,0.790909090909091,0.0037460829533974,11,True,+,0.1388516182868286
ENSMUSG00000031715-P,"1,2-Cinnolinedicarboxylic acid, 1,2,3,5,6,7,8,8a-octahydro-4-trimethylsilyloxy-, diethyl ester",,,0,,,0,,,0,1.0,0.0,3,True,+,0.0
ENSMUSG00000031715-P,"13-Docosenamide, (Z)",,,0,,,0,1.0,0.0,3,1.0,0.0,3,True,+,0.0
ENSMUSG00000031715-P,"2,4-Dimethoxybenzaldoxime",,,0,,,0,,,0,1.0,0.0,3,True,+,0.0
ENSMUSG00000031715-P,"2,5-Dimethoxybenzhydrazide",,,0,0.5,0.6666666666666666,3,0.8285714285714287,0.0415626822157433,6,0.8000000000000002,0.0031104283103858,11,True,+,0.1176276726103183
ENSMUSG00000031715-P,"2,5-Dimethoxyphenol",0.5,0.6666666666666666,3,-0.5,0.6666666666666666,3,0.8285714285714287,0.0415626822157433,6,0.7902097902097903,0.0022231354099909,12,True,+,0.0874109733841736
ENSMUSG00000031715-P,"3-(4,7-Dimethoxy-2H-1,3-benzodioxol-5-yl)-2-methylprop-2-enal",1.0,0.0,3,-0.5,0.6666666666666666,3,0.8285714285714287,0.0415626822157433,6,0.7762237762237763,0.0029928636801859,12,True,+,0.1136263097655619
ENSMUSG00000031715-P,"3-Hydroxy-7,3',4',5'-tetramethoxyflavone",,,0,,,0,,,0,1.0,0.0,3,True,+,0.0
ENSMUSG00000031715-P,7-Hydroxy-4-(methoxymethyl)coumarin,,,0,,,0,1.0,0.0,3,1.0,0.0,4,True,+,0.0
ENSMUSG00000031715-P,Aceturic acid,-0.5,0.6666666666666666,3,,,0,0.7142857142857143,0.1107871720116617,6,0.8454545454545455,0.0010451821458586,11,True,+,0.0434501308308189
ENSMUSG00000031715-P,Azelaic acid,0.5,0.6666666666666666,3,-1.0,0.0,3,0.7826908981308054,0.065703848071589,6,0.8721554530812411,0.0002161753733066,12,True,+,0.0095149952598864
ENSMUSG00000031715-P,cis-2-Decenoic acid,,,0,,,0,,,0,-1.0,0.0,3,True,-,0.0
ENSMUSG00000031715-P,Isosorbide,1.0,0.0,3,,,0,,,0,1.0,0.0,3,True,+,0.0
ENSMUSG00000031715-P,L-(+)-Threose,,,0,,,0,1.0,0.0,3,1.0,0.0,3,True,+,0.0
ENSMUSG00000031715-P,Tyr-Val,,,0,,,0,,,0,-1.0,0.0,3,True,-,0.0
ENSMUSG00000005699-P,"13-Docosenamide, (Z)",,,0,,,0,1.0,0.0,3,1.0,0.0,3,True,+,0.0
ENSMUSG00000005699-P,"3,4-Dihydroxybenzaldehyde",1.0,0.0,3,,,0,,,0,1.0,0.0,3,True,+,0.0
ENSMUSG00000005699-P,3-Methyl-3-buten-1-ol,,,0,,,0,0.7999999999999999,0.2000000000000001,4,0.8742671711966791,0.004512385603651,8,True,+,0.1619683642032021
ENSMUSG00000005699-P,"Benzene, 1-ethyl-3,5-dimethyl",,,0,,,0,,,0,1.0,0.0,4,True,+,0.0
ENSMUSG00000005699-P,Benzenepropanoic acid,1.0,0.0,3,1.0,0.0,3,0.6179143806533246,0.1910939016901931,6,0.7508818152300792,0.0048855354855236,12,True,+,0.1700316142628828
ENSMUSG00000005699-P,L-(+)-Threose,,,0,,,0,1.0,0.0,3,1.0,0.0,3,True,+,0.0
ENSMUSG00000005699-P,L-Threonine,,,0,,,0,1.0,0.0,4,1.0,1.4042654220543602e-24,5,True,+,6.303055151107153e-23
ENSMUSG00000005699-P,N-Isobutyrylglycine,0.5,0.6666666666666666,3,0.5,0.6666666666666666,3,0.4928053803045811,0.3206325828658274,6,0.742558056438647,0.0056705287880292,12,True,+,0.1922440832339479
ENSMUSG00000005699-P,"Propanoic acid, 3-[(tert-butyldimethylsilyl)oxy]-2-methyl-",1.0,0.0,3,,,0,0.753702346348183,0.0835232813732598,6,0.8883849927775,0.000257795571633,11,True,+,0.0113135489890777
ENSMUSG00000005699-P,Tyr-Val,,,0,,,0,,,0,-1.0,0.0,3,True,-,0.0
ENSMUSG00000042594-P,"13-Docosenamide, (Z)",,,0,,,0,-1.0,0.0,3,-1.0,0.0,3,True,-,0.0
ENSMUSG00000042594-P,"2,4-Imidazolidinedione, 5,5-dimethyl",1.0,0.0,3,0.5,0.6666666666666666,3,0.8116794499134279,0.0498575851013403,6,0.80910807093079,0.0014347403699364,12,True,+,0.0585611746228777
ENSMUSG00000042594-P,2-Aminoquinolin-8-ol,,,0,,,0,,,0,-1.0,0.0,3,True,-,0.0
ENSMUSG00000042594-P,2-Norbornanemethanol,,,0,,,0,,,0,-1.0,0.0,3,True,-,0.0
ENSMUSG00000042594-P,"3,4-Dihydroxybenzaldehyde",1.0,0.0,3,,,0,,,0,1.0,0.0,3,True,+,0.0
ENSMUSG00000042594-P,3-Aminobenzoic acid,,,0,0.5,0.6666666666666666,3,0.6,0.208,6,0.8727272727272729,0.0004546150514096,11,True,+,0.0196011697980853
ENSMUSG00000042594-P,"4,5-Dihydro-1H-pyrazole",,,0,,,0,,,0,1.0,0.0,4,True,+,0.0
ENSMUSG00000042594-P,6-Methyluracil,1.0,0.0,3,0.5,0.6666666666666666,3,0.8116794499134279,0.0498575851013403,6,0.8791607177646247,0.0001651037006903,12,True,+,0.0072870230718697
ENSMUSG00000042594-P,Butyric Acid,0.5,0.6666666666666666,3,0.5,0.6666666666666666,3,0.6377481392176932,0.1730711102412598,6,0.8161133356141735,0.0012051543656321,12,True,+,0.0495874267733696
ENSMUSG00000042594-P,Crotonic acid,1.0,0.0,3,0.5,0.6666666666666666,3,0.3339472073954039,0.5177002083054396,6,0.7605822404203186,0.0040775336332281,12,True,+,0.1487619831197274
ENSMUSG00000042594-P,"Hymexazole, tert-butyldimethylsilyl ether",1.0,0.0,3,0.5,0.6666666666666666,3,0.8285714285714287,0.0415626822157433,6,0.9160839160839164,2.842804534854714e-05,12,True,+,0.0012724412585958
ENSMUSG00000042594-P,Ketamine,0.5,0.6666666666666666,3,0.5,0.6666666666666666,3,0.8986451052612952,0.0148886220055803,6,0.8196159679558652,0.0011015500296681,12,True,+,0.0456753052587522
ENSMUSG00000042594-P,"Kojic acid, bis(tert-butyldimethylsilyl) ether",1.0,0.0,3,0.5,0.6666666666666666,3,0.7714285714285715,0.0723965014577259,6,0.7482517482517484,0.005124081698753,12,True,+,0.176962914072306
ENSMUSG00000042594-P,L-(+)-Threose,,,0,,,0,-1.0,0.0,3,-1.0,0.0,3,True,-,0.0
ENSMUSG00000042594-P,Methanesulfonic acid,,,0,0.5,0.6666666666666666,3,0.8285714285714287,0.0415626822157433,6,0.8181818181818182,0.0020831448404786,11,True,+,0.0824810087113129
ENSMUSG00000042594-P,Methylthiouracil,,,0,0.5,0.6666666666666666,3,0.8285714285714287,0.0415626822157433,6,0.7727272727272727,0.0052994871786438,11,True,+,0.1815800018212259
ENSMUSG00000042594-P,Pentanoic acid,1.0,0.0,3,0.5,0.6666666666666666,3,0.3714285714285715,0.4684781341107872,6,0.8041958041958043,0.0016147689860699,12,True,+,0.0653602928999312
ENSMUSG00000042594-P,Phenoxyethanol,0.5,0.6666666666666666,3,0.5,0.6666666666666666,3,0.9856107606091624,0.0003090856678496,6,0.847637026689399,0.000497797379436,12,True,+,0.0214320594393896
ENSMUSG00000042594-P,Prostaglandin,,,0,0.5,0.6666666666666666,3,,,0,0.942857142857143,0.004804664723032,6,True,+,0.1679020985499759
ENSMUSG00000042594-P,Synephrine,-0.5,0.6666666666666666,3,0.8660254037844387,0.3333333333333332,3,0.9276336570439176,0.0076658441874731,6,0.7929873375794294,0.0020902874654805,12,True,+,0.0826385360525062
ENSMUSG00000042594-P,Tyr-Val,,,0,,,0,,,0,-1.0,0.0,3,True,-,0.0
ENSMUSG00000042594-P,Uracil,1.0,0.0,3,0.5,0.6666666666666666,3,0.8406680016960503,0.0360575728451592,6,0.8686528207395494,0.0002459421331757,12,True,+,0.010802427854894
ENSMUSG00000042594-P,Xylazine,1.0,0.0,3,0.5,0.6666666666666666,3,0.7714285714285715,0.0723965014577259,6,0.8391608391608393,0.0006428259886278,12,True,+,0.0273938531641632
ENSMUSG00000071652-P,"1,2-Cyclohexanediol, (Z)",,,0,1.0,0.0,3,0.7826908981308054,0.065703848071589,6,0.8883849927775,0.000257795571633,11,True,+,0.0113135489890777
ENSMUSG00000071652-P,2-Aminoquinolin-8-ol,,,0,,,0,,,0,-1.0,0.0,3,True,-,0.0
ENSMUSG00000071652-P,2-Norbornanemethanol,,,0,,,0,,,0,-1.0,0.0,3,True,-,0.0
ENSMUSG00000071652-P,cis-2-Decenoic acid,,,0,,,0,,,0,1.0,0.0,3,True,+,0.0
ENSMUSG00000071652-P,Isopropylamine,0.5,0.6666666666666666,3,-0.5,0.6666666666666666,3,-0.7714285714285715,0.0723965014577259,6,-0.7832167832167832,0.0025862148333625,12,True,-,0.099459548551953
ENSMUSG00000071652-P,Isosorbide,1.0,0.0,3,,,0,,,0,1.0,0.0,3,True,+,0.0
ENSMUSG00000071652-P,L-Ornithine,,,0,,,0,,,0,-1.0,0.0,4,True,-,0.0
ENSMUSG00000071652-P,"N,N-Dimethyl-2-aminoethanol",-0.5,0.6666666666666666,3,,,0,-0.5428571428571429,0.2657026239067054,6,-0.7727272727272727,0.0052994871786438,11,True,-,0.1815800018212259
ENSMUSG00000071652-P,"N-[(3,4,5-Trimethoxyphenyl)methylidene]hydroxylamine",,,0,,,0,1.0,0.0,3,1.0,0.0,3,True,+,0.0
ENSMUSG00000071652-P,Octadecanoic acid,,,0,,,0,,,0,1.0,0.0,3,True,+,0.0
ENSMUSG00000019933-P,"1,2-Bis(trimethylsiloxy)cyclohexene",,,0,,,0,,,0,1.0,0.0,3,True,+,0.0
ENSMUSG00000019933-P,"2,4-Dimethoxybenzaldoxime",,,0,,,0,,,0,-1.0,0.0,3,True,-,0.0
ENSMUSG00000019933-P,2-Butoxyethanol,-0.5,0.6666666666666666,3,-0.5,0.6666666666666666,3,-0.7142857142857143,0.1107871720116617,6,-0.7692307692307694,0.0034464502618274,12,True,-,0.1288426047067842
ENSMUSG00000019933-P,"3,4-Dihydroxybenzaldehyde",-1.0,0.0,3,,,0,,,0,-1.0,0.0,3,True,-,0.0
ENSMUSG00000019933-P,cis-2-Decenoic acid,,,0,,,0,,,0,-1.0,0.0,3,True,-,0.0
ENSMUSG00000019933-P,Octadecanoic acid,,,0,,,0,,,0,-1.0,0.0,3,True,-,0.0
ENSMUSG00000019933-P,Tyr-Val,,,0,,,0,,,0,1.0,0.0,3,True,+,0.0
ENSMUSG00000102664-P,2-Cyanobenzaldehyde,,,0,,,0,-1.0,1.4042654220543602e-24,5,-1.0,0.0,6,True,-,0.0
ENSMUSG00000102664-P,"3,4-Dihydroxybenzaldehyde",1.0,0.0,3,,,0,,,0,1.0,0.0,3,True,+,0.0
ENSMUSG00000102664-P,"4,5-Dihydro-1H-pyrazole",,,0,,,0,,,0,1.0,0.0,4,True,+,0.0
ENSMUSG00000102664-P,7-Hydroxy-4-(methoxymethyl)coumarin,,,0,,,0,-1.0,0.0,3,-1.0,0.0,4,True,-,0.0
ENSMUSG00000102664-P,alpha-Hydroxyisobutyric acid,,,0,,,0,-0.8285714285714287,0.0415626822157433,6,-0.9285714285714288,0.0008629681828999,8,True,-,0.0362866919169058
ENSMUSG00000102664-P,L-Val-L-Leu,,,0,,,0,-1.0,0.0,3,-1.0,0.0,3,True,-,0.0
ENSMUSG00000102664-P,Octanoic acid,,,0,,,0,-0.7999999999999999,0.2000000000000001,4,-0.942857142857143,0.004804664723032,6,True,-,0.1679020985499759
ENSMUSG00000020219-P,"2,3-Dihydroxybutanoic acid",,,0,0.8660254037844387,0.3333333333333332,3,0.7999999999999999,0.2000000000000001,4,0.8786687791935092,0.0018157963245634,9,True,+,0.072862009612882
ENSMUSG00000020219-P,2-Aminoquinolin-8-ol,,,0,,,0,,,0,1.0,0.0,3,True,+,0.0
ENSMUSG00000020219-P,2-Norbornanemethanol,,,0,,,0,,,0,-1.0,0.0,3,True,-,0.0
ENSMUSG00000020219-P,"3,4-Dihydroxybenzaldehyde",-1.0,0.0,3,,,0,,,0,-1.0,0.0,3,True,-,0.0
ENSMUSG00000020219-P,Acetic acid,0.8660254037844387,0.3333333333333332,3,,,3,0.8332380897952965,0.0393955164788511,6,0.7759235548215613,0.0030113481535704,12,True,+,0.1142944746970026
ENSMUSG00000020219-P,Glycine,0.5,0.6666666666666666,3,1.0,0.0,3,0.8116794499134279,0.0498575851013403,6,0.7635738504887974,0.0038500936565595,12,True,+,0.1414605165627303
ENSMUSG00000020219-P,"Glycine, tert.-butyldimethylsilyl ester",0.5,0.6666666666666666,3,1.0,0.0,3,0.8986451052612952,0.0148886220055803,6,0.9352028352316922,8.063834068683784e-06,12,True,+,0.0003615574013542
ENSMUSG00000020219-P,L-Val-L-Leu,,,0,,,0,1.0,0.0,3,1.0,0.0,3,True,+,0.0
ENSMUSG00000052837-P,"1,2-Bis(trimethylsiloxy)cyclohexene",,,0,,,0,,,0,-1.0,0.0,3,True,-,0.0
ENSMUSG00000052837-P,"13-Docosenamide, (Z)",,,0,,,0,-1.0,0.0,3,-1.0,0.0,3,True,-,0.0
ENSMUSG00000052837-P,"2,3-Butanediol, O-(trimethylsilyl)-, monoacetate",-1.0,0.0,3,0.8660254037844387,0.3333333333333332,3,-0.9746794344808964,0.0048182304681985,5,-0.7671312851617349,0.0058609491945253,11,True,-,0.1974502942122083
ENSMUSG00000052837-P,"2,4-Dimethoxybenzaldoxime",,,0,,,0,,,0,-1.0,0.0,3,True,-,0.0
ENSMUSG00000052837-P,3-(4-Methoxyphenyl)coumarin,,,0,,,0,1.0,0.0,3,1.0,0.0,4,True,+,0.0
ENSMUSG00000052837-P,"3,3-Dimethylacrylic acid",,,0,,,0,,,0,-1.0,0.0,4,True,-,0.0
ENSMUSG00000052837-P,"3,4-Dihydroxybenzaldehyde",-1.0,0.0,3,,,0,,,0,-1.0,0.0,3,True,-,0.0
ENSMUSG00000052837-P,cis-2-Decenoic acid,,,0,,,0,,,0,-1.0,0.0,3,True,-,0.0
ENSMUSG00000052837-P,L-(+)-Threose,,,0,,,0,-1.0,0.0,3,-1.0,0.0,3,True,-,0.0
ENSMUSG00000052837-P,"l-Leucine, n-butoxycarbonyl-N-methyl-, hexadecyl ester",,,0,,,0,,,0,1.0,0.0,4,True,+,0.0
ENSMUSG00000052837-P,L-Val-L-Leu,,,0,,,0,-1.0,0.0,3,-1.0,0.0,3,True,-,0.0
ENSMUSG00000022774-P,"13-Docosenamide, (Z)",,,0,,,0,-1.0,0.0,3,-1.0,0.0,3,True,-,0.0
ENSMUSG00000022774-P,2-Norbornanemethanol,,,0,,,0,,,0,1.0,0.0,3,True,+,0.0
ENSMUSG00000022774-P,Salsoline,-1.0,0.0,3,-0.5,0.6666666666666666,3,-0.7999999999999999,0.2000000000000001,4,-0.8303030303030302,0.0029402270232795,10,True,-,0.1120224351283768
ENSMUSG00000031079-P,"13-Docosenamide, (Z)",,,0,,,0,-1.0,0.0,3,-1.0,0.0,3,True,-,0.0
ENSMUSG00000021149-P,"1-(1-Hydroxybutyl)-2,5-dimethoxybenzene ",,,0,-0.5,0.6666666666666666,3,1.0,0.0,4,0.8333333333333333,0.0052656910291617,9,True,+,0.1809859324943322
ENSMUSG00000021149-P,"13-Docosenamide, (Z)",,,0,,,0,1.0,0.0,3,1.0,0.0,3,True,+,0.0
ENSMUSG00000021149-P,"2,4-Dimethoxybenzaldoxime",,,0,,,0,,,0,1.0,0.0,3,True,+,0.0
ENSMUSG00000021149-P,2-Aminoquinolin-8-ol,,,0,,,0,,,0,1.0,0.0,3,True,+,0.0
ENSMUSG00000021149-P,"3-Hydroxy-7,3',4',5'-tetramethoxyflavone",,,0,,,0,,,0,1.0,0.0,3,True,+,0.0
ENSMUSG00000021149-P,"4,5-Dihydro-1H-pyrazole",,,0,,,0,,,0,1.0,0.0,4,True,+,0.0
ENSMUSG00000021149-P,7-Hydroxy-4-(methoxymethyl)coumarin,,,0,,,0,1.0,0.0,3,1.0,0.0,4,True,+,0.0
ENSMUSG00000021149-P,Aceturic acid,-0.5,0.6666666666666666,3,,,0,0.8285714285714287,0.0415626822157433,6,0.8181818181818182,0.0020831448404786,11,True,+,0.0824810087113129
ENSMUSG00000021149-P,"Benzoic acid, methyl ester",0.5,0.6666666666666666,3,-1.0,0.0,3,0.7714285714285715,0.0723965014577259,6,0.7902097902097903,0.0022231354099909,12,True,+,0.0874109733841736
ENSMUSG00000021149-P,cis-2-Decenoic acid,,,0,,,0,,,0,-1.0,0.0,3,True,-,0.0
ENSMUSG00000021149-P,Isosorbide,1.0,0.0,3,,,0,,,0,1.0,0.0,3,True,+,0.0
ENSMUSG00000021149-P,N-Methylacetamide,-1.0,0.0,3,0.0,1.0,3,0.8986451052612952,0.0148886220055803,6,0.7929873375794294,0.0020902874654805,12,True,+,0.0826385360525062
ENSMUSG00000021149-P,Tyr-Val,,,0,,,0,,,0,-1.0,0.0,3,True,-,0.0
ENSMUSG00000039000-P,2-Cyanobenzaldehyde,,,0,,,0,-1.0,1.4042654220543602e-24,5,-1.0,0.0,6,True,-,0.0
ENSMUSG00000039000-P,"4,5-Dihydro-1H-pyrazole",,,0,,,0,,,0,1.0,0.0,4,True,+,0.0
ENSMUSG00000039000-P,7-Hydroxy-4-(methoxymethyl)coumarin,,,0,,,0,-1.0,0.0,3,-1.0,0.0,4,True,-,0.0
ENSMUSG00000039000-P,"Benzene, 1-ethyl-3,5-dimethyl",,,0,,,0,,,0,-1.0,0.0,4,True,-,0.0
ENSMUSG00000039000-P,L-Val-L-Leu,,,0,,,0,-1.0,0.0,3,-1.0,0.0,3,True,-,0.0
ENSMUSG00000039000-P,Pinosylvin,,,0,0.5,0.6666666666666666,3,0.7714285714285715,0.0723965014577259,6,0.8181818181818182,0.0038149200825507,10,True,+,0.1411277269915268
ENSMUSG00000039000-P,Tyr-Val,,,0,,,0,,,0,-1.0,0.0,3,True,-,0.0
ENSMUSG00000048776-P,"3,3-Dimethylacrylic acid",,,0,,,0,,,0,-1.0,0.0,4,True,-,0.0
ENSMUSG00000048776-P,Chlorobenzilate ,,,0,,,0,,,0,1.0,0.0,4,True,+,0.0
ENSMUSG00000048776-P,Isosorbide,1.0,0.0,3,,,0,,,0,1.0,0.0,3,True,+,0.0
ENSMUSG00000048776-P,L-(+)-Threose,,,0,,,0,1.0,0.0,3,1.0,0.0,3,True,+,0.0
ENSMUSG00000048776-P,"N-[(3,4,5-Trimethoxyphenyl)methylidene]hydroxylamine",,,0,,,0,1.0,0.0,3,1.0,0.0,3,True,+,0.0
ENSMUSG00000048776-P,Octadecanoic acid,,,0,,,0,,,0,1.0,0.0,3,True,+,0.0
ENSMUSG00000048776-P,Tyr-Val,,,0,,,0,,,0,-1.0,0.0,3,True,-,0.0
ENSMUSG00000035173-P,7-Hydroxy-4-(methoxymethyl)coumarin,,,0,,,0,1.0,0.0,3,1.0,0.0,4,True,+,0.0
ENSMUSG00000035173-P,Glabridin,,,0,,,0,,,0,1.0,0.0,4,True,+,0.0
ENSMUSG00000038780-P,"1,2-Bis(trimethylsiloxy)cyclohexene",,,0,,,0,,,0,1.0,0.0,3,True,+,0.0
ENSMUSG00000038780-P,"3,4-Dihydroxybenzaldehyde",-1.0,0.0,3,,,0,,,0,-1.0,0.0,3,True,-,0.0
ENSMUSG00000038780-P,cis-2-Decenoic acid,,,0,,,0,,,0,-1.0,0.0,3,True,-,0.0
ENSMUSG00000038780-P,Diclofenac,,,0,,,0,,,0,-1.0,0.0,4,True,-,0.0
ENSMUSG00000038780-P,L-Val-L-Leu,,,0,,,0,-1.0,0.0,3,-1.0,0.0,3,True,-,0.0
ENSMUSG00000038780-P,Octadecanoic acid,,,0,,,0,,,0,-1.0,0.0,3,True,-,0.0
ENSMUSG00000038780-P,Tyr-Val,,,0,,,0,,,0,1.0,0.0,3,True,+,0.0
ENSMUSG00000026113-P,"1-(2,4-Dimethoxyphenyl)-propan-2-one",0.5,0.6666666666666666,3,1.0,0.0,3,0.7826237921249264,0.1176137608734581,5,0.8257228238447705,0.0017416242281296,11,True,+,0.0699932614397766
ENSMUSG00000026113-P,1-(Cyclohexylmethyl)-4-piperidinylamine,,,0,,,0,0.7999999999999999,0.1040880386618278,5,0.8333333333333333,0.0052656910291617,9,True,+,0.1809859324943322
ENSMUSG00000026113-P,"2,4-Dimethoxybenzaldoxime",,,0,,,0,,,0,-1.0,0.0,3,True,-,0.0
ENSMUSG00000026113-P,"3,4-Dihydroxybenzaldehyde",1.0,0.0,3,,,0,,,0,1.0,0.0,3,True,+,0.0
ENSMUSG00000026113-P,"5-Chlorovaleric acid, nonyl ester",0.0,1.0,3,1.0,0.0,3,0.7142857142857143,0.1107871720116617,6,0.7740817475138726,0.0031266563739204,12,True,+,0.1179425135885409
ENSMUSG00000026113-P,Diclofenac,,,0,,,0,,,0,1.0,0.0,4,True,+,0.0
ENSMUSG00000026113-P,L-Ornithine,,,0,,,0,,,0,-1.0,0.0,4,True,-,0.0
ENSMUSG00000026113-P,Octadecanoic acid,,,0,,,0,,,0,1.0,0.0,3,True,+,0.0
ENSMUSG00000026113-P,Tyr-Val,,,0,,,0,,,0,-1.0,0.0,3,True,-,0.0
ENSMUSG00000090247-P,"1,2-Bis(trimethylsiloxy)cyclohexene",,,0,,,0,,,0,1.0,0.0,3,True,+,0.0
ENSMUSG00000090247-P,"1,2-Cinnolinedicarboxylic acid, 1,2,3,5,6,7,8,8a-octahydro-4-trimethylsilyloxy-, diethyl ester",,,0,,,0,,,0,1.0,0.0,3,True,+,0.0
ENSMUSG00000090247-P,"13-Docosenamide, (Z)",,,0,,,0,1.0,0.0,3,1.0,0.0,3,True,+,0.0
ENSMUSG00000090247-P,"2,4-Dimethoxybenzaldoxime",,,0,,,0,,,0,-1.0,0.0,3,True,-,0.0
ENSMUSG00000090247-P,2-Norbornanemethanol,,,0,,,0,,,0,1.0,0.0,3,True,+,0.0
ENSMUSG00000090247-P,"3,4-Dihydroxybenzaldehyde",1.0,0.0,3,,,0,,,0,1.0,0.0,3,True,+,0.0
ENSMUSG00000090247-P,"3-Hydroxy-7,3',4',5'-tetramethoxyflavone",,,0,,,0,,,0,-1.0,0.0,3,True,-,0.0
ENSMUSG00000090247-P,L-Tryptophan,-0.8660254037844387,0.3333333333333332,3,-0.5,0.6666666666666666,3,-0.7714285714285715,0.0723965014577259,6,-0.742558056438647,0.0056705287880292,12,True,-,0.1922440832339479
ENSMUSG00000090247-P,L-Val-L-Leu,,,0,,,0,1.0,0.0,3,1.0,0.0,3,True,+,0.0
ENSMUSG00000090247-P,Pinosylvin,,,0,-0.5,0.6666666666666666,3,-0.8285714285714287,0.0415626822157433,6,-0.8303030303030302,0.0029402270232795,10,True,-,0.1120224351283768
ENSMUSG00000009013-P,"13-Docosenamide, (Z)",,,0,,,0,-1.0,0.0,3,-1.0,0.0,3,True,-,0.0
ENSMUSG00000009013-P,"2,4-Dimethoxybenzaldoxime",,,0,,,0,,,0,1.0,0.0,3,True,+,0.0
ENSMUSG00000009013-P,Ethanolamine,-1.0,0.0,3,0.0,1.0,3,0.9276336570439176,0.0076658441874731,6,0.789478544050317,0.0022591594736003,12,True,+,0.0887605830037696
ENSMUSG00000009013-P,Glycine,-0.5,0.6666666666666666,3,0.5,0.6666666666666666,3,0.8116794499134279,0.0498575851013403,6,0.8301238649809404,0.0008314183449022,12,True,+,0.0350588393509315
ENSMUSG00000009013-P,"Glycine, tert.-butyldimethylsilyl ester",-0.5,0.6666666666666666,3,0.5,0.6666666666666666,3,0.8116794499134279,0.0498575851013403,6,0.7530659534637223,0.0046938930486737,12,True,+,0.1673621183600482
ENSMUSG00000009013-P,Lignoceric acid,0.5,0.6666666666666666,3,1.0,0.0,3,0.753702346348183,0.0835232813732598,6,0.7810870121972561,0.0027052956461396,12,True,+,0.1035246286271809
ENSMUSG00000009013-P,L-Val-L-Leu,,,0,,,0,1.0,0.0,3,1.0,0.0,3,True,+,0.0
ENSMUSG00000009013-P,Octanoic acid,,,0,,,0,0.7999999999999999,0.2000000000000001,4,0.942857142857143,0.004804664723032,6,True,+,0.1679020985499759
ENSMUSG00000027349-P,"13-Docosenamide, (Z)",,,0,,,0,1.0,0.0,3,1.0,0.0,3,True,+,0.0
ENSMUSG00000027349-P,"2,4-Dimethoxybenzaldoxime",,,0,,,0,,,0,-1.0,0.0,3,True,-,0.0
ENSMUSG00000027349-P,2-Norbornanemethanol,,,0,,,0,,,0,1.0,0.0,3,True,+,0.0
ENSMUSG00000027349-P,"3,4-Dihydroxybenzaldehyde",1.0,0.0,3,,,0,,,0,1.0,0.0,3,True,+,0.0
ENSMUSG00000027349-P,Spiroxamine,,,0,,,0,0.7,0.1881204043741873,5,0.8833333333333333,0.0015905004234978,9,True,+,0.0645907013577512
ENSMUSG00000027349-P,Tyr-Val,,,0,,,0,,,0,-1.0,0.0,3,True,-,0.0
ENSMUSG00000026315-P,"3-Hydroxy-7,3',4',5'-tetramethoxyflavone",,,0,,,0,,,0,1.0,0.0,3,True,+,0.0
ENSMUSG00000026315-P,cis-2-Decenoic acid,,,0,,,0,,,0,-1.0,0.0,3,True,-,0.0
ENSMUSG00000026315-P,Isosorbide,1.0,0.0,3,,,0,,,0,1.0,0.0,3,True,+,0.0
ENSMUSG00000026315-P,Tyr-Val,,,0,,,0,,,0,-1.0,0.0,3,True,-,0.0
ENSMUSG00000027646-P,2-Aminoquinolin-8-ol,,,0,,,0,,,0,-1.0,0.0,3,True,-,0.0
ENSMUSG00000027646-P,"3-Hydroxy-7,3',4',5'-tetramethoxyflavone",,,0,,,0,,,0,-1.0,0.0,3,True,-,0.0
ENSMUSG00000027646-P,4-tert-Butyldimethylsiloxy-3-penten-2-one,,,0,,,0,-1.0,0.0,4,-1.0,0.0,4,True,-,0.0
ENSMUSG00000027646-P,Chlorobenzilate ,,,0,,,0,,,0,1.0,0.0,4,True,+,0.0
ENSMUSG00000027646-P,cis-2-Decenoic acid,,,0,,,0,,,0,1.0,0.0,3,True,+,0.0
ENSMUSG00000027646-P,Isosorbide,-1.0,0.0,3,,,0,,,0,-1.0,0.0,3,True,-,0.0
ENSMUSG00000027646-P,Methyl lactate,,,0,1.0,0.0,3,-0.6571428571428573,0.1561749271137024,6,-0.7727272727272727,0.0052994871786438,11,True,-,0.1815800018212259
ENSMUSG00000027646-P,Sulindac,,,0,,,0,1.0,0.0,3,1.0,1.4042654220543602e-24,5,True,+,6.303055151107153e-23
ENSMUSG00000027646-P,tert-butyl(dimethyl)silyl-2-([tert-butyl(dimethyl)silyl]oxy)hex-2-enoate,,,0,,,0,1.0,0.0,4,1.0,0.0,4,True,+,0.0
ENSMUSG00000038827-P,"1,2-Bis(trimethylsiloxy)cyclohexene",,,0,,,0,,,0,-1.0,0.0,3,True,-,0.0
ENSMUSG00000038827-P,2-Aminoquinolin-8-ol,,,0,,,0,,,0,-1.0,0.0,3,True,-,0.0
ENSMUSG00000038827-P,2-Ethyl-1-butanol,,,0,,,0,-1.0,0.0,3,-1.0,1.4042654220543602e-24,5,True,-,6.303055151107153e-23
ENSMUSG00000038827-P,2-Ethylhexanoic acid,-0.5,0.6666666666666666,3,0.0,1.0,3,-0.6957252427829382,0.1247893374402869,6,-0.743864228171854,0.0055414636136485,12,True,-,0.188679669155331
ENSMUSG00000038827-P,2-Norbornanemethanol,,,0,,,0,,,0,1.0,0.0,3,True,+,0.0
ENSMUSG00000038827-P,3-(4-Methoxyphenyl)coumarin,,,0,,,0,-1.0,0.0,3,-1.0,0.0,4,True,-,0.0
ENSMUSG00000038827-P,Glycerol,-0.8660254037844387,0.3333333333333332,3,-0.5,0.6666666666666666,3,0.1428571428571428,0.7871720116618076,6,-0.742558056438647,0.0056705287880292,12,True,-,0.1922440832339479
ENSMUSG00000038827-P,L-(+)-Threose,,,0,,,0,1.0,0.0,3,1.0,0.0,3,True,+,0.0
ENSMUSG00000038827-P,"N-[(3,4,5-Trimethoxyphenyl)methylidene]hydroxylamine",,,0,,,0,1.0,0.0,3,1.0,0.0,3,True,+,0.0
ENSMUSG00000038827-P,Niacinamide,,,0,0.5,0.6666666666666666,3,-0.8857142857142858,0.0188454810495626,6,-0.7818181818181819,0.004473162252783,11,True,-,0.1611140357001344
ENSMUSG00000038827-P,tert-butyl(dimethyl)silyl-2-([tert-butyl(dimethyl)silyl]oxy)hex-2-enoate,,,0,,,0,-1.0,0.0,4,-1.0,0.0,4,True,-,0.0
ENSMUSG00000025231-P,2-Aminoquinolin-8-ol,,,0,,,0,,,0,-1.0,0.0,3,True,-,0.0
ENSMUSG00000025231-P,"3,4-Dihydroxybenzaldehyde",1.0,0.0,3,,,0,,,0,1.0,0.0,3,True,+,0.0
ENSMUSG00000025231-P,7-Hydroxy-4-(methoxymethyl)coumarin,,,0,,,0,-1.0,0.0,3,-1.0,0.0,4,True,-,0.0
ENSMUSG00000025231-P,cis-2-Decenoic acid,,,0,,,0,,,0,1.0,0.0,3,True,+,0.0
ENSMUSG00000025231-P,"N-[(3,4,5-Trimethoxyphenyl)methylidene]hydroxylamine",,,0,,,0,1.0,0.0,3,1.0,0.0,3,True,+,0.0
ENSMUSG00000020546-P,"1,2-Bis(trimethylsiloxy)cyclohexene",,,0,,,0,,,0,1.0,0.0,3,True,+,0.0
ENSMUSG00000020546-P,2-Aminoquinolin-8-ol,,,0,,,0,,,0,1.0,0.0,3,True,+,0.0
ENSMUSG00000020546-P,"3,3-Dimethylacrylic acid",,,0,,,0,,,0,1.0,0.0,4,True,+,0.0
ENSMUSG00000020546-P,"3-Hydroxy-7,3',4',5'-tetramethoxyflavone",,,0,,,0,,,0,1.0,0.0,3,True,+,0.0
ENSMUSG00000020546-P,cis-2-Decenoic acid,,,0,,,0,,,0,-1.0,0.0,3,True,-,0.0
ENSMUSG00000020546-P,Isosorbide,1.0,0.0,3,,,0,,,0,1.0,0.0,3,True,+,0.0
ENSMUSG00000020546-P,"N-[(3,4,5-Trimethoxyphenyl)methylidene]hydroxylamine",,,0,,,0,-1.0,0.0,3,-1.0,0.0,3,True,-,0.0
ENSMUSG00000020546-P,Tyr-Val,,,0,,,0,,,0,-1.0,0.0,3,True,-,0.0
ENSMUSG00000020330-P,"1,2-Bis(trimethylsiloxy)cyclohexene",,,0,,,0,,,0,1.0,0.0,3,True,+,0.0
ENSMUSG00000020330-P,2-Norbornanemethanol,,,0,,,0,,,0,1.0,0.0,3,True,+,0.0
ENSMUSG00000020330-P,Allylescaline,,,3,1.0,0.0,3,0.3134677528639293,0.5451993598989583,6,0.7547081149037236,0.0045535899959382,12,True,+,0.1633912233816465
ENSMUSG00000020330-P,cis-2-Decenoic acid,,,0,,,0,,,0,-1.0,0.0,3,True,-,0.0
ENSMUSG00000020330-P,N-Caffeoyl-O-methyltyramine,,,0,-0.5,0.6666666666666666,3,-0.8823529411764706,0.0199470791776918,6,-0.8530041326711449,0.0017039598593235,10,True,-,0.0685587084550456
ENSMUSG00000019088-P,"3,3-Dimethylacrylic acid",,,0,,,0,,,0,1.0,0.0,4,True,+,0.0
ENSMUSG00000019088-P,"4,5-Dihydro-1H-pyrazole",,,0,,,0,,,0,1.0,0.0,4,True,+,0.0
ENSMUSG00000019088-P,L-Leucine,0.5,0.6666666666666666,3,-0.5,0.6666666666666666,3,0.942857142857143,0.004804664723032,6,0.8321678321678322,0.0007854416778536,12,True,+,0.0332610831314817
ENSMUSG00000019088-P,"N-[(3,4,5-Trimethoxyphenyl)methylidene]hydroxylamine",,,0,,,0,1.0,0.0,3,1.0,0.0,3,True,+,0.0
ENSMUSG00000019088-P,Tyr-Val,,,0,,,0,,,0,-1.0,0.0,3,True,-,0.0
ENSMUSG00000020074-P,"1,2-Cinnolinedicarboxylic acid, 1,2,3,5,6,7,8,8a-octahydro-4-trimethylsilyloxy-, diethyl ester",,,0,,,0,,,0,-1.0,0.0,3,True,-,0.0
ENSMUSG00000020074-P,"13-Docosenamide, (Z)",,,0,,,0,1.0,0.0,3,1.0,0.0,3,True,+,0.0
ENSMUSG00000020074-P,2-Aminoquinolin-8-ol,,,0,,,0,,,0,1.0,0.0,3,True,+,0.0
ENSMUSG00000020074-P,"3,3-Dimethylacrylic acid",,,0,,,0,,,0,1.0,0.0,4,True,+,0.0
ENSMUSG00000020074-P,"4,5-Dihydro-1H-pyrazole",,,0,,,0,,,0,1.0,0.0,4,True,+,0.0
ENSMUSG00000020074-P,Azelaic acid,1.0,0.0,3,0.5,0.6666666666666666,3,0.9856107606091624,0.0003090856678496,6,0.8581449237144743,0.0003547590073493,12,True,+,0.0154391474683529
ENSMUSG00000020074-P,cis-2-Decenoic acid,,,0,,,0,,,0,-1.0,0.0,3,True,-,0.0
ENSMUSG00000020074-P,L-(+)-Threose,,,0,,,0,1.0,0.0,3,1.0,0.0,3,True,+,0.0
ENSMUSG00000020074-P,N-Methylacetamide,-0.5,0.6666666666666666,3,0.8660254037844387,0.3333333333333332,3,0.8406680016960503,0.0360575728451592,6,0.7403554346427417,0.0058932871405385,12,True,+,0.1979651792836196
ENSMUSG00000020074-P,Salsoline,-1.0,0.0,3,-0.5,0.6666666666666666,3,-0.7999999999999999,0.2000000000000001,4,-0.9030303030303028,0.0003436121977632,10,True,-,0.0149633873698714
ENSMUSG00000020074-P,Tyr-Val,,,0,,,0,,,0,-1.0,0.0,3,True,-,0.0
ENSMUSG00000037408-P,"1,2-Bis(trimethylsiloxy)cyclohexene",,,0,,,0,,,0,-1.0,0.0,3,True,-,0.0
ENSMUSG00000037408-P,"13-Docosenamide, (Z)",,,0,,,0,1.0,0.0,3,1.0,0.0,3,True,+,0.0
ENSMUSG00000037408-P,"2,5-Dimethoxyphenol",1.0,0.0,3,1.0,0.0,3,0.3714285714285715,0.4684781341107872,6,0.7482517482517484,0.005124081698753,12,True,+,0.176962914072306
ENSMUSG00000037408-P,"3,4-Dihydroxybenzaldehyde",-1.0,0.0,3,,,0,,,0,-1.0,0.0,3,True,-,0.0
ENSMUSG00000037408-P,cis-2-Decenoic acid,,,0,,,0,,,0,-1.0,0.0,3,True,-,0.0
ENSMUSG00000037408-P,Phenol,1.0,0.0,3,-1.0,0.0,3,0.4999999999999999,0.3910022189557703,5,0.8181818181818182,0.0020831448404786,11,True,+,0.0824810087113129
ENSMUSG00000023046-P,"1,2-Bis(trimethylsiloxy)cyclohexene",,,0,,,0,,,0,-1.0,0.0,3,True,-,0.0
ENSMUSG00000023046-P,"Benzene, 1-ethyl-3,5-dimethyl",,,0,,,0,,,0,1.0,0.0,4,True,+,0.0
ENSMUSG00000023046-P,cis-2-Decenoic acid,,,0,,,0,,,0,1.0,0.0,3,True,+,0.0
ENSMUSG00000023046-P,"N-[(3,4,5-Trimethoxyphenyl)methylidene]hydroxylamine",,,0,,,0,1.0,0.0,3,1.0,0.0,3,True,+,0.0
ENSMUSG00000023046-P,Tyr-Val,,,0,,,0,,,0,1.0,0.0,3,True,+,0.0
ENSMUSG00000031776-P,"1,2-Cinnolinedicarboxylic acid, 1,2,3,5,6,7,8,8a-octahydro-4-trimethylsilyloxy-, diethyl ester",,,0,,,0,,,0,1.0,0.0,3,True,+,0.0
ENSMUSG00000031776-P,3-(4-Methoxyphenyl)coumarin,,,0,,,0,1.0,0.0,3,1.0,0.0,4,True,+,0.0
ENSMUSG00000031776-P,Chlorobenzilate ,,,0,,,0,,,0,1.0,0.0,4,True,+,0.0
ENSMUSG00000031776-P,Diclofenac,,,0,,,0,,,0,-1.0,0.0,4,True,-,0.0
ENSMUSG00000031776-P,Isosorbide,1.0,0.0,3,,,0,,,0,1.0,0.0,3,True,+,0.0
ENSMUSG00000031776-P,"N-[(3,4,5-Trimethoxyphenyl)methylidene]hydroxylamine",,,0,,,0,1.0,0.0,3,1.0,0.0,3,True,+,0.0
ENSMUSG00000020899-P,"1,2-Bis(trimethylsiloxy)cyclohexene",,,0,,,0,,,0,1.0,0.0,3,True,+,0.0
ENSMUSG00000020899-P,"13-Docosenamide, (Z)",,,0,,,0,-1.0,0.0,3,-1.0,0.0,3,True,-,0.0
ENSMUSG00000020899-P,"1-Pentene, 1,3-diphenyl-1-(trimethylsilyloxy)-",,,0,,,0,,,0,1.0,0.0,4,True,+,0.0
ENSMUSG00000020899-P,"2,4-Dimethoxybenzaldoxime",,,0,,,0,,,0,-1.0,0.0,3,True,-,0.0
ENSMUSG00000020899-P,2-Aminoquinolin-8-ol,,,0,,,0,,,0,-1.0,0.0,3,True,-,0.0
ENSMUSG00000020899-P,"4-[2-(4,7-Dimethoxy-2H-1,3-benzodioxol-5-yl)ethenyl]-2-methoxyphenol",1.0,0.0,3,1.0,0.0,3,0.8116794499134279,0.0498575851013403,6,0.7775843798555645,0.0029101723128612,12,True,+,0.1110190620867663
ENSMUSG00000020899-P,cis-2-Decenoic acid,,,0,,,0,,,0,1.0,0.0,3,True,+,0.0
ENSMUSG00000020899-P,Isosorbide,-1.0,0.0,3,,,0,,,0,-1.0,0.0,3,True,-,0.0
ENSMUSG00000020899-P,L-Val-L-Leu,,,0,,,0,-1.0,0.0,3,-1.0,0.0,3,True,-,0.0
ENSMUSG00000020899-P,Octadecanoic acid,,,0,,,0,,,0,-1.0,0.0,3,True,-,0.0
ENSMUSG00000020899-P,Prostaglandin,,,0,1.0,0.0,3,,,0,0.942857142857143,0.004804664723032,6,True,+,0.1679020985499759
ENSMUSG00000055022-P,"1,2-Cinnolinedicarboxylic acid, 1,2,3,5,6,7,8,8a-octahydro-4-trimethylsilyloxy-, diethyl ester",,,0,,,0,,,0,-1.0,0.0,3,True,-,0.0
ENSMUSG00000055022-P,"13-Docosenamide, (Z)",,,0,,,0,1.0,0.0,3,1.0,0.0,3,True,+,0.0
ENSMUSG00000055022-P,2-Aminoquinolin-8-ol,,,0,,,0,,,0,1.0,0.0,3,True,+,0.0
ENSMUSG00000055022-P,2-Norbornanemethanol,,,0,,,0,,,0,-1.0,0.0,3,True,-,0.0
ENSMUSG00000055022-P,"3-Hydroxy-7,3',4',5'-tetramethoxyflavone",,,0,,,0,,,0,1.0,0.0,3,True,+,0.0
ENSMUSG00000055022-P,"4,5-Dihydro-1H-pyrazole",,,0,,,0,,,0,1.0,0.0,4,True,+,0.0
ENSMUSG00000055022-P,7-Hydroxy-4-(methoxymethyl)coumarin,,,0,,,0,1.0,0.0,3,1.0,0.0,4,True,+,0.0
ENSMUSG00000055022-P,Adipoyl-L-carnitine,,,0,,,0,1.0,0.0,3,0.942857142857143,0.004804664723032,6,True,+,0.1679020985499759
ENSMUSG00000055022-P,cis-2-Decenoic acid,,,0,,,0,,,0,-1.0,0.0,3,True,-,0.0
ENSMUSG00000055022-P,Isosorbide,1.0,0.0,3,,,0,,,0,1.0,0.0,3,True,+,0.0
ENSMUSG00000024976-P,"4,5-Dihydro-1H-pyrazole",,,0,,,0,,,0,1.0,0.0,4,True,+,0.0
ENSMUSG00000024976-P,7-Hydroxy-4-(methoxymethyl)coumarin,,,0,,,0,1.0,0.0,3,1.0,0.0,4,True,+,0.0
ENSMUSG00000024976-P,cis-2-Decenoic acid,,,0,,,0,,,0,-1.0,0.0,3,True,-,0.0
ENSMUSG00000003199-P,Isosorbide,-1.0,0.0,3,,,0,,,0,-1.0,0.0,3,True,-,0.0
ENSMUSG00000003199-P,L-Ornithine,,,0,,,0,,,0,1.0,0.0,4,True,+,0.0
ENSMUSG00000003199-P,Luciferin,,,0,,,0,,,0,-1.0,0.0,4,True,-,0.0
ENSMUSG00000003199-P,L-Val-L-Leu,,,0,,,0,1.0,0.0,3,1.0,0.0,3,True,+,0.0
ENSMUSG00000003199-P,Octadecanoic acid,,,0,,,0,,,0,-1.0,0.0,3,True,-,0.0
ENSMUSG00000039450-P,"3,3-Dimethylacrylic acid",,,0,,,0,,,0,-1.0,0.0,4,True,-,0.0
ENSMUSG00000039450-P,"3,4-Dihydroxybenzaldehyde",-1.0,0.0,3,,,0,,,0,-1.0,0.0,3,True,-,0.0
ENSMUSG00000066057-P,"1,2-Cinnolinedicarboxylic acid, 1,2,3,5,6,7,8,8a-octahydro-4-trimethylsilyloxy-, diethyl ester",,,0,,,0,,,0,1.0,0.0,3,True,+,0.0
ENSMUSG00000066057-P,"13-Docosenamide, (Z)",,,0,,,0,1.0,0.0,3,1.0,0.0,3,True,+,0.0
ENSMUSG00000066057-P,"2-Butenoic acid, 3-[(tert-butyldimethylsilyl)oxy]",0.8660254037844387,0.3333333333333332,3,1.0,0.0,3,0.6,0.208,6,0.7495633211220306,0.0050040491837882,12,True,+,0.1736498981001007
ENSMUSG00000066057-P,"3,4-Dihydroxybenzaldehyde",1.0,0.0,3,,,0,,,0,1.0,0.0,3,True,+,0.0
ENSMUSG00000066057-P,3-Methyl-3-buten-1-ol,,,0,,,0,0.7999999999999999,0.2000000000000001,4,0.8622909085775464,0.005872990672297,8,True,+,0.1975056608835884
ENSMUSG00000066057-P,Cyclooctylamine,-1.0,0.0,3,0.5,0.6666666666666666,3,0.8857142857142858,0.0188454810495626,6,0.7412587412587414,0.0058011504744782,12,True,+,0.1955303081363889
ENSMUSG00000066057-P,L-(+)-Threose,,,0,,,0,1.0,0.0,3,1.0,0.0,3,True,+,0.0
ENSMUSG00000066057-P,"Naringenin 4',7-dimethylether",,,0,0.5,0.6666666666666666,3,0.8207826816681233,0.0885870053135438,5,0.8862434338158116,0.0033733429323523,8,True,+,0.1265397257245403
ENSMUSG00000066057-P,Tyr-Val,,,0,,,0,,,0,-1.0,0.0,3,True,-,0.0
ENSMUSG00000041649-P,"1,2-Bis(trimethylsiloxy)cyclohexene",,,0,,,0,,,0,-1.0,0.0,3,True,-,0.0
ENSMUSG00000041649-P,"13-Docosenamide, (Z)",,,0,,,0,1.0,0.0,3,1.0,0.0,3,True,+,0.0
ENSMUSG00000041649-P,2-Cyanobenzaldehyde,,,0,,,0,0.8944271909999159,0.040519326353834,5,0.9411239481143202,0.0050975405648614,6,True,+,0.1767474486594989
ENSMUSG00000041649-P,"3-Hydroxy-7,3',4',5'-tetramethoxyflavone",,,0,,,0,,,0,-1.0,0.0,3,True,-,0.0
ENSMUSG00000041649-P,cis-2-Decenoic acid,,,0,,,0,,,0,1.0,0.0,3,True,+,0.0
ENSMUSG00000041649-P,Isosorbide,-1.0,0.0,3,,,0,,,0,-1.0,0.0,3,True,-,0.0
ENSMUSG00000042699-P,"1,2-Bis(trimethylsiloxy)cyclohexene",,,0,,,0,,,0,1.0,0.0,3,True,+,0.0
ENSMUSG00000042699-P,"2,4-Dimethoxybenzaldoxime",,,0,,,0,,,0,-1.0,0.0,3,True,-,0.0
ENSMUSG00000042699-P,2-Norbornanemethanol,,,0,,,0,,,0,1.0,0.0,3,True,+,0.0
ENSMUSG00000042699-P,"3,4-Dihydroxybenzaldehyde",1.0,0.0,3,,,0,,,0,1.0,0.0,3,True,+,0.0
ENSMUSG00000042699-P,Azelaic acid,0.5,0.6666666666666666,3,1.0,0.0,3,0.5507824838698261,0.2573693316225746,6,0.742558056438647,0.0056705287880292,12,True,+,0.1922440832339479
ENSMUSG00000042699-P,Octanoic acid,,,0,,,0,0.7999999999999999,0.2000000000000001,4,0.942857142857143,0.004804664723032,6,True,+,0.1679020985499759
ENSMUSG00000042699-P,Spiroxamine,,,0,,,0,0.8999999999999998,0.0373860734684987,5,0.8666666666666667,0.0024953982859902,9,True,+,0.0972195632807742
ENSMUSG00000042699-P,Tyr-Val,,,0,,,0,,,0,-1.0,0.0,3,True,-,0.0
ENSMUSG00000032348-P,"13-Docosenamide, (Z)",,,0,,,0,1.0,0.0,3,1.0,0.0,3,True,+,0.0
ENSMUSG00000032348-P,2-Aminoquinolin-8-ol,,,0,,,0,,,0,1.0,0.0,3,True,+,0.0
ENSMUSG00000032348-P,2-Pyrrolidone-5-carboxylic acid,-0.5,0.6666666666666666,3,0.8660254037844387,0.3333333333333332,3,0.5428571428571429,0.2657026239067054,6,0.7880922768806397,0.0023286751402374,12,True,+,0.0910978063660742
ENSMUSG00000032348-P,4-tert-Butyldimethylsiloxy-3-penten-2-one,,,0,,,0,-1.0,0.0,4,-1.0,0.0,4,True,-,0.0
ENSMUSG00000032348-P,"Benzene, 1-ethyl-3,5-dimethyl",,,0,,,0,,,0,1.0,0.0,4,True,+,0.0
ENSMUSG00000032348-P,Glabridin,,,0,,,0,,,0,1.0,0.0,4,True,+,0.0
ENSMUSG00000032348-P,"L-Histidine, N,1-bis(tert-butyldimethylsilyl)-",0.5,0.6666666666666666,3,0.5,0.6666666666666666,3,-0.1159542071304896,0.8268482133858149,6,0.7495633211220306,0.0050040491837882,12,True,+,0.1736498981001007
ENSMUSG00000032348-P,tert-butyl(dimethyl)silyl-2-([tert-butyl(dimethyl)silyl]oxy)hex-2-enoate,,,0,,,0,1.0,0.0,4,1.0,0.0,4,True,+,0.0
ENSMUSG00000032348-P,Tyr-Val,,,0,,,0,,,0,-1.0,0.0,3,True,-,0.0
ENSMUSG00000022177-P,"13-Docosenamide, (Z)",,,0,,,0,1.0,0.0,3,1.0,0.0,3,True,+,0.0
ENSMUSG00000022177-P,2-(Methylamino)ethanol,0.5,0.6666666666666666,3,-1.0,0.0,3,-0.9276336570439176,0.0076658441874731,6,-0.7530659534637223,0.0046938930486737,12,True,-,0.1673621183600482
ENSMUSG00000022177-P,"2,2'-Bipyridine",-1.0,0.0,3,-1.0,0.0,3,-0.8406680016960503,0.0360575728451592,6,-0.8616475560561659,0.0003150070625274,12,True,-,0.0137664872713815
ENSMUSG00000022177-P,2-Norbornanemethanol,,,0,,,0,,,0,1.0,0.0,3,True,+,0.0
ENSMUSG00000022177-P,Butachlor ESA,,,0,-1.0,0.0,3,-1.0,0.0,4,-0.8833333333333333,0.0015905004234978,9,True,-,0.0645907013577512
ENSMUSG00000022177-P,L-Glutamine,-0.5,0.6666666666666666,3,-1.0,0.0,3,-0.5217939320872036,0.2883432338003935,6,-0.742558056438647,0.0056705287880292,12,True,-,0.1922440832339479
ENSMUSG00000022177-P,L-Val-L-Leu,,,0,,,0,-1.0,0.0,3,-1.0,0.0,3,True,-,0.0
ENSMUSG00000022177-P,Octadecanoic acid,,,0,,,0,,,0,-1.0,0.0,3,True,-,0.0
ENSMUSG00000022177-P,Tyr-Val,,,0,,,0,,,0,1.0,0.0,3,True,+,0.0
ENSMUSG00000045098-P,"1,2-Bis(trimethylsiloxy)cyclohexene",,,0,,,0,,,0,1.0,0.0,3,True,+,0.0
ENSMUSG00000045098-P,cis-2-Decenoic acid,,,0,,,0,,,0,-1.0,0.0,3,True,-,0.0
ENSMUSG00000045098-P,Isopropylamine,1.0,0.0,3,0.5,0.6666666666666666,3,0.4285714285714286,0.3965014577259473,6,0.8251748251748254,0.0009513628555555,12,True,+,0.0397714595917899
ENSMUSG00000045098-P,L-(+)-Threose,,,0,,,0,-1.0,0.0,3,-1.0,0.0,3,True,-,0.0
ENSMUSG00000045098-P,Luciferin,,,0,,,0,,,0,-1.0,0.0,4,True,-,0.0
ENSMUSG00000045098-P,N-Ethylamphetamine,0.5,0.6666666666666666,3,,,0,0.753702346348183,0.0835232813732598,6,0.8356251499083184,0.0013589436753177,11,True,+,0.0557505775615315
ENSMUSG00000045098-P,Tyr-Val,,,0,,,0,,,0,-1.0,0.0,3,True,-,0.0
ENSMUSG00000024772-P,"13-Docosenamide, (Z)",,,0,,,0,-1.0,0.0,3,-1.0,0.0,3,True,-,0.0
ENSMUSG00000024772-P,"1-Pentene, 1,3-diphenyl-1-(trimethylsilyloxy)-",,,0,,,0,,,0,1.0,0.0,4,True,+,0.0
ENSMUSG00000024772-P,"2,4-Dimethoxybenzaldoxime",,,0,,,0,,,0,-1.0,0.0,3,True,-,0.0
ENSMUSG00000024772-P,Azelaic acid,-1.0,0.0,3,-0.5,0.6666666666666666,3,-0.8406680016960503,0.0360575728451592,6,-0.7530659534637223,0.0046938930486737,12,True,-,0.1673621183600482
ENSMUSG00000024772-P,Tyr-Val,,,0,,,0,,,0,1.0,0.0,3,True,+,0.0
ENSMUSG00000021000-P,"1,2-Bis(trimethylsiloxy)cyclohexene",,,0,,,0,,,0,-1.0,0.0,3,True,-,0.0
ENSMUSG00000021000-P,"13-Docosenamide, (Z)",,,0,,,0,1.0,0.0,3,1.0,0.0,3,True,+,0.0
ENSMUSG00000021000-P,"2,4-Di-tert-butylphenol",-1.0,0.0,3,-1.0,0.0,3,,,0,-0.9642857142857144,0.0004541491691941,7,True,-,0.0196011697980853
ENSMUSG00000021000-P,2-Aminoquinolin-8-ol,,,0,,,0,,,0,1.0,0.0,3,True,+,0.0
ENSMUSG00000021000-P,"3,4-Dihydroxybenzaldehyde",-1.0,0.0,3,,,0,,,0,-1.0,0.0,3,True,-,0.0
ENSMUSG00000021000-P,"3-Hydroxy-7,3',4',5'-tetramethoxyflavone",,,0,,,0,,,0,1.0,0.0,3,True,+,0.0
ENSMUSG00000021000-P,7-Hydroxy-4-(methoxymethyl)coumarin,,,0,,,0,1.0,0.0,3,1.0,0.0,4,True,+,0.0
ENSMUSG00000021000-P,cis-2-Decenoic acid,,,0,,,0,,,0,-1.0,0.0,3,True,-,0.0
ENSMUSG00000021000-P,Tyr-Val,,,0,,,0,,,0,1.0,0.0,3,True,+,0.0
ENSMUSG00000056938-P,"1,2-Bis(trimethylsiloxy)cyclohexene",,,0,,,0,,,0,-1.0,0.0,3,True,-,0.0
ENSMUSG00000056938-P,"13-Docosenamide, (Z)",,,0,,,0,-1.0,0.0,3,-1.0,0.0,3,True,-,0.0
ENSMUSG00000056938-P,"3,4-Dihydroxybenzaldehyde",-1.0,0.0,3,,,0,,,0,-1.0,0.0,3,True,-,0.0
ENSMUSG00000056938-P,"l-Leucine, n-butoxycarbonyl-N-methyl-, hexadecyl ester",,,0,,,0,,,0,1.0,0.0,4,True,+,0.0
ENSMUSG00000056938-P,Tyr-Val,,,0,,,0,,,0,1.0,0.0,3,True,+,0.0
ENSMUSG00000060279-P,"1,2-Bis(trimethylsiloxy)cyclohexene",,,0,,,0,,,0,-1.0,0.0,3,True,-,0.0
ENSMUSG00000060279-P,"1,3-Oxazolidine, 2,5-diphenyl-4-methyl-, trans-",1.0,0.0,3,-1.0,0.0,3,-0.5884898863364996,0.2191681811162894,6,-0.8315840663996671,0.0007983671028551,12,True,-,0.0337673729697458
ENSMUSG00000060279-P,"2,4-Imidazolidinedione, 5,5-dimethyl",-1.0,0.0,3,-1.0,0.0,3,-0.5797710356524484,0.227783956715016,6,-0.7460606887803388,0.0053294347525701,12,True,-,0.1820984623388383
ENSMUSG00000060279-P,2-Cyanobenzaldehyde,,,0,,,0,0.8999999999999998,0.0373860734684987,5,0.942857142857143,0.004804664723032,6,True,+,0.1679020985499759
ENSMUSG00000060279-P,3-(4-Methoxyphenyl)coumarin,,,0,,,0,-1.0,0.0,3,-1.0,0.0,4,True,-,0.0
ENSMUSG00000060279-P,"3,4-Dihydroxybenzaldehyde",-1.0,0.0,3,,,0,,,0,-1.0,0.0,3,True,-,0.0
ENSMUSG00000060279-P,6-Methyluracil,-1.0,0.0,3,-1.0,0.0,3,-0.5797710356524484,0.227783956715016,6,-0.7600712181471057,0.0041173803556808,12,True,-,0.149614861133208
ENSMUSG00000060279-P,"Benzoic acid, 2-hydroxy-3-[(2-hydroxy-4-methoxy-6-propylbenzoyl)oxy]-4-methoxy-6-propyl-, methyl ester ",1.0,0.0,3,-1.0,0.0,3,-0.6087595874350709,0.1996601894603627,6,-0.8756580854229328,0.0001892976564778,12,True,-,0.0083460334130558
ENSMUSG00000060279-P,Benzoic Acid,0.0,1.0,3,-0.5,0.6666666666666666,3,-0.8196885999705371,0.0458371412324531,6,-0.7830992317955069,0.0025926812157395,12,True,-,0.0996898809747168
ENSMUSG00000060279-P,Butylmethylamine,0.5,0.6666666666666666,3,-0.8660254037844387,0.3333333333333332,3,-0.8285714285714287,0.0415626822157433,6,-0.8616475560561659,0.0003150070625274,12,True,-,0.0137664872713815
ENSMUSG00000060279-P,L-(+)-Threose,,,0,,,0,1.0,0.0,3,1.0,0.0,3,True,+,0.0
ENSMUSG00000060279-P,L-Val-L-Leu,,,0,,,0,1.0,0.0,3,1.0,0.0,3,True,+,0.0
ENSMUSG00000060279-P,"N,N-Dimethyl-2-aminoethanol",-1.0,0.0,3,,,0,-0.7714285714285715,0.0723965014577259,6,-0.8000000000000002,0.0031104283103858,11,True,-,0.1176276726103183
ENSMUSG00000060279-P,Prostaglandin,,,0,-1.0,0.0,3,,,0,-1.0,0.0,6,True,-,0.0
ENSMUSG00000060279-P,Tyr-Val,,,0,,,0,,,0,1.0,0.0,3,True,+,0.0
ENSMUSG00000030557-P,"13-Docosenamide, (Z)",,,0,,,0,1.0,0.0,3,1.0,0.0,3,True,+,0.0
ENSMUSG00000030557-P,"3,4-Dihydroxybenzaldehyde",-1.0,0.0,3,,,0,,,0,-1.0,0.0,3,True,-,0.0
ENSMUSG00000030557-P,"4,5-Dihydro-1H-pyrazole",,,0,,,0,,,0,-1.0,0.0,4,True,-,0.0
ENSMUSG00000030557-P,7-Hydroxy-4-(methoxymethyl)coumarin,,,0,,,0,1.0,0.0,3,1.0,0.0,4,True,+,0.0
ENSMUSG00000030557-P,cis-2-Decenoic acid,,,0,,,0,,,0,-1.0,0.0,3,True,-,0.0
ENSMUSG00000030557-P,Phenol,1.0,0.0,3,-0.5,0.6666666666666666,3,0.4999999999999999,0.3910022189557703,5,0.8272727272727273,0.0016769738964523,11,True,+,0.0675770348938753
ENSMUSG00000023118-P,2-Norbornanemethanol,,,0,,,0,,,0,-1.0,0.0,3,True,-,0.0
ENSMUSG00000023118-P,"3,4-Dihydroxybenzaldehyde",1.0,0.0,3,,,0,,,0,1.0,0.0,3,True,+,0.0
ENSMUSG00000023118-P,cis-2-Decenoic acid,,,0,,,0,,,0,-1.0,0.0,3,True,-,0.0
ENSMUSG00000023118-P,L-Serine,1.0,0.0,3,,,0,,,0,1.0,1.4042654220543602e-24,5,True,+,6.303055151107153e-23
ENSMUSG00000023118-P,"N-[(3,4,5-Trimethoxyphenyl)methylidene]hydroxylamine",,,0,,,0,-1.0,0.0,3,-1.0,0.0,3,True,-,0.0
ENSMUSG00000023118-P,N-Isobutyrylglycine,0.5,0.6666666666666666,3,1.0,0.0,3,0.9276336570439176,0.0076658441874731,6,0.7986001739057148,0.0018404248554876,12,True,+,0.0737794261906329
ENSMUSG00000023118-P,Octadecanoic acid,,,0,,,0,,,0,1.0,0.0,3,True,+,0.0
ENSMUSG00000023118-P,"Propanoic acid, 3-[(tert-butyldimethylsilyl)oxy]-2-methyl-",1.0,0.0,3,,,0,0.6087595874350709,0.1996601894603627,6,0.8200476856407694,0.0019943604695931,11,True,+,0.0794171291246011
ENSMUSG00000021583-P,"1,2-Bis(trimethylsiloxy)cyclohexene",,,0,,,0,,,0,1.0,0.0,3,True,+,0.0
ENSMUSG00000021583-P,"2-Methylcyclohexylamine, tert.-butyldimethylsilyl ether",,,0,,,0,0.7999999999999999,0.2000000000000001,4,0.942857142857143,0.004804664723032,6,True,+,0.1679020985499759
ENSMUSG00000021583-P,"3,4-Dihydroxybenzaldehyde",1.0,0.0,3,,,0,,,0,1.0,0.0,3,True,+,0.0
ENSMUSG00000021583-P,"l-Leucine, n-butoxycarbonyl-N-methyl-, hexadecyl ester",,,0,,,0,,,0,-1.0,0.0,4,True,-,0.0
ENSMUSG00000021990-P,"1,2-Bis(trimethylsiloxy)cyclohexene",,,0,,,0,,,0,1.0,0.0,3,True,+,0.0
ENSMUSG00000021990-P,"13-Docosenamide, (Z)",,,0,,,0,-1.0,0.0,3,-1.0,0.0,3,True,-,0.0
ENSMUSG00000021990-P,2-Aminoquinolin-8-ol,,,0,,,0,,,0,1.0,0.0,3,True,+,0.0
ENSMUSG00000021990-P,2-Norbornanemethanol,,,0,,,0,,,0,-1.0,0.0,3,True,-,0.0
ENSMUSG00000021990-P,"3,4-Dihydroxybenzaldehyde",1.0,0.0,3,,,0,,,0,1.0,0.0,3,True,+,0.0
ENSMUSG00000029265-P,"1,2-Bis(trimethylsiloxy)cyclohexene",,,0,,,0,,,0,-1.0,0.0,3,True,-,0.0
ENSMUSG00000029265-P,1-Butanol,,,0,,,0,,,0,-0.942857142857143,0.004804664723032,6,True,-,0.1679020985499759
ENSMUSG00000029265-P,"2,4-Dimethoxybenzaldoxime",,,0,,,0,,,0,1.0,0.0,3,True,+,0.0
ENSMUSG00000029265-P,"2,4-Di-tert-butylphenol",-0.5,0.6666666666666666,3,-1.0,0.0,3,,,0,-0.9285714285714288,0.0025194724037946,7,True,-,0.097376722909516
ENSMUSG00000029265-P,2-Norbornanemethanol,,,0,,,0,,,0,-1.0,0.0,3,True,-,0.0
ENSMUSG00000029265-P,"3-Hydroxy-7,3',4',5'-tetramethoxyflavone",,,0,,,0,,,0,1.0,0.0,3,True,+,0.0
ENSMUSG00000029265-P,Isosorbide,1.0,0.0,3,,,0,,,0,1.0,0.0,3,True,+,0.0
ENSMUSG00000029265-P,L-Val-L-Leu,,,0,,,0,1.0,0.0,3,1.0,0.0,3,True,+,0.0
ENSMUSG00000029265-P,"N-[(3,4,5-Trimethoxyphenyl)methylidene]hydroxylamine",,,0,,,0,1.0,0.0,3,1.0,0.0,3,True,+,0.0
ENSMUSG00000029265-P,Octadecanoic acid,,,0,,,0,,,0,1.0,0.0,3,True,+,0.0
ENSMUSG00000036087-P,"2,4-Dimethoxybenzaldoxime",,,0,,,0,,,0,1.0,0.0,3,True,+,0.0
ENSMUSG00000036087-P,"3-Hydroxy-7,3',4',5'-tetramethoxyflavone",,,0,,,0,,,0,1.0,0.0,3,True,+,0.0
ENSMUSG00000036087-P,cis-2-Decenoic acid,,,0,,,0,,,0,-1.0,0.0,3,True,-,0.0
ENSMUSG00000036087-P,Isosorbide,1.0,0.0,3,,,0,,,0,1.0,0.0,3,True,+,0.0
ENSMUSG00000036087-P,L-(+)-Threose,,,0,,,0,1.0,0.0,3,1.0,0.0,3,True,+,0.0
ENSMUSG00000036087-P,Oxalic acid,-0.8660254037844387,0.3333333333333332,3,-0.8660254037844387,0.3333333333333332,3,-0.8986451052612952,0.0148886220055803,6,-0.752207291663717,0.0047685436908363,12,True,-,0.1679020985499759
ENSMUSG00000031479-P,"1,2-Bis(trimethylsiloxy)cyclohexene",,,0,,,0,,,0,1.0,0.0,3,True,+,0.0
ENSMUSG00000031479-P,"1,2-Cinnolinedicarboxylic acid, 1,2,3,5,6,7,8,8a-octahydro-4-trimethylsilyloxy-, diethyl ester",,,0,,,0,,,0,1.0,0.0,3,True,+,0.0
ENSMUSG00000031479-P,"2,4-Dimethoxybenzaldoxime",,,0,,,0,,,0,-1.0,0.0,3,True,-,0.0
ENSMUSG00000031479-P,2-Norbornanemethanol,,,0,,,0,,,0,1.0,0.0,3,True,+,0.0
ENSMUSG00000031479-P,3-(4-Methoxyphenyl)coumarin,,,0,,,0,-1.0,0.0,3,-1.0,0.0,4,True,-,0.0
ENSMUSG00000031479-P,L-(+)-Threose,,,0,,,0,1.0,0.0,3,1.0,0.0,3,True,+,0.0
ENSMUSG00000031479-P,Sarcosine,,,0,,,0,,,0,-0.942857142857143,0.004804664723032,6,True,-,0.1679020985499759
ENSMUSG00000031479-P,Tyr-Val,,,0,,,0,,,0,-1.0,0.0,3,True,-,0.0
ENSMUSG00000039813-P,2-Norbornanemethanol,,,0,,,0,,,0,-1.0,0.0,3,True,-,0.0
ENSMUSG00000039813-P,"3,4-Dihydroxybenzaldehyde",-1.0,0.0,3,,,0,,,0,-1.0,0.0,3,True,-,0.0
ENSMUSG00000039813-P,"3-Hydroxy-7,3',4',5'-tetramethoxyflavone",,,0,,,0,,,0,1.0,0.0,3,True,+,0.0
ENSMUSG00000039813-P,4-tert-Butyldimethylsiloxy-3-penten-2-one,,,0,,,0,-1.0,0.0,4,-1.0,0.0,4,True,-,0.0
ENSMUSG00000039813-P,Benzophenone,,,0,0.5,0.6666666666666666,3,0.7142857142857143,0.1107871720116617,6,0.8636363636363636,0.0006116938500931,11,True,+,0.0261418108076196
ENSMUSG00000039813-P,cis-2-Decenoic acid,,,0,,,0,,,0,-1.0,0.0,3,True,-,0.0
ENSMUSG00000039813-P,Ethanolamine,-0.5,0.6666666666666666,3,-0.8660254037844387,0.3333333333333332,3,-0.2608969660436018,0.6175338174259972,6,-0.8526368275743421,0.0004250464837061,12,True,-,0.0184366228577024
ENSMUSG00000039813-P,Frangulin,0.5,0.6666666666666666,3,,,0,0.632455532033676,0.367544467966324,4,0.836827408755723,0.0049070148341088,9,True,+,0.1706794871714154
ENSMUSG00000039813-P,L-(+)-Threose,,,0,,,0,1.0,0.0,3,1.0,0.0,3,True,+,0.0
ENSMUSG00000039813-P,Tyr-Val,,,0,,,0,,,0,1.0,0.0,3,True,+,0.0
ENSMUSG00000044617-P,"1,2-Bis(trimethylsiloxy)cyclohexene",,,0,,,0,,,0,1.0,0.0,3,True,+,0.0
ENSMUSG00000044617-P,2-Aminoquinolin-8-ol,,,0,,,0,,,0,1.0,0.0,3,True,+,0.0
ENSMUSG00000044617-P,cis-2-Decenoic acid,,,0,,,0,,,0,-1.0,0.0,3,True,-,0.0
ENSMUSG00000044617-P,L-(+)-Threose,,,0,,,0,-1.0,0.0,3,-1.0,0.0,3,True,-,0.0
ENSMUSG00000044617-P,"l-Norvaline, n-propargyloxycarbonyl-, isohexyl ester",,,0,,,0,0.7,0.1881204043741873,5,0.9047619047619048,0.0020082755054294,8,True,+,0.0796373285451544
ENSMUSG00000044617-P,"N-[(3,4,5-Trimethoxyphenyl)methylidene]hydroxylamine",,,0,,,0,-1.0,0.0,3,-1.0,0.0,3,True,-,0.0
ENSMUSG00000032796-P,"2,4-Dimethoxybenzaldoxime",,,0,,,0,,,0,1.0,0.0,3,True,+,0.0
ENSMUSG00000032796-P,2-Aminoquinolin-8-ol,,,0,,,0,,,0,1.0,0.0,3,True,+,0.0
ENSMUSG00000032796-P,"2-Cyclohexen-1-one, 3-methyl-",0.5,0.6666666666666666,3,1.0,0.0,3,0.6571428571428573,0.1561749271137024,6,0.7482517482517484,0.005124081698753,12,True,+,0.176962914072306
ENSMUSG00000032796-P,Diclofenac,,,0,,,0,,,0,1.0,0.0,4,True,+,0.0
ENSMUSG00000032796-P,L-Tyrosine,-0.5,0.6666666666666666,3,,,0,0.9746794344808964,0.0048182304681985,5,0.8389096502784891,0.0024139883688156,10,True,+,0.0943822473391338
ENSMUSG00000038135-P,"13-Docosenamide, (Z)",,,0,,,0,-1.0,0.0,3,-1.0,0.0,3,True,-,0.0
ENSMUSG00000038135-P,"1-Pentene, 1,3-diphenyl-1-(trimethylsilyloxy)-",,,0,,,0,,,0,1.0,0.0,4,True,+,0.0
ENSMUSG00000038135-P,"2,4-Dimethoxybenzaldoxime",,,0,,,0,,,0,-1.0,0.0,3,True,-,0.0
ENSMUSG00000038135-P,Benzeneacetic acid,,,0,,,0,1.0,0.0,3,1.0,1.4042654220543602e-24,5,True,+,6.303055151107153e-23
ENSMUSG00000038135-P,Tyr-Val,,,0,,,0,,,0,1.0,0.0,3,True,+,0.0
