node1,node2
3-Hydroxypicolinic acid-F,trans-Coniferryl alchool-F
Butyl caprylate-F,"1,7-Dimethyl-4-(1-methylethyl)cyclodecane-F"
Butyl caprylate-F,Arabinitol-F
Ethanamine-F,1-Octadecanol-F
L-Norvaline-F,4-Hydroxybenzoic acid-F
L-Serine-F,Cytosine-F
L-Serine-F,L-Valine-F
N-Acetylglucosamine-F,"(4,4-Dimethyl-5-methylene-4,5-dihydro-3H-pyrrol-2-yl)-(4,4-dimethyl-5-methylene-pyrrolidin-2-ylidene)-acetonitrile-F"
N-Acetylglucosamine-F,"D-(+)-Ribono-1,4-lactone-F"
Niacinamide-F,"2-Pentenedioic acid, 2-hydroxy--F"
Niacinamide-F,Methylsuccinic acid-F
Niacinamide-F,N-Acetyl-L-glutamic acid-F
Niacinamide-F,Niacin-F
N-Methyl-alpha-aminoisobutyric acid-F,4-Hydroxybenzaldehyde-F
N-Methyl-alpha-aminoisobutyric acid-F,4-Hydroxybenzoic acid-F
N-Methyl-alpha-aminoisobutyric acid-F,9H-Purin-6-ol-F
N-Methyl-alpha-aminoisobutyric acid-F,Phloretic acid-F
Thr-Leu-F,L-(+)-Lactic acid-F
Thr-Leu-F,Pimelic acid-F
Xanthine-F,Citric acid-F
Xanthine-F,Pentanoic acid-F
Xanthine-F,Phenol-F
Xanthine-F,Pyrogallol-F
"(2,2-Dimethyl-5-[2-(2-ethoxymethoxy)propyl][1,3]dioxolan-4-yl)methanol-F",D-Mannopyranose-F
"(4,4-Dimethyl-5-methylene-4,5-dihydro-3H-pyrrol-2-yl)-(4,4-dimethyl-5-methylene-pyrrolidin-2-ylidene)-acetonitrile-F","D-(+)-Ribono-1,4-lactone-F"
"(4,4-Dimethyl-5-methylene-4,5-dihydro-3H-pyrrol-2-yl)-(4,4-dimethyl-5-methylene-pyrrolidin-2-ylidene)-acetonitrile-F",Idoxuridine-F
"1,7-Dimethyl-4-(1-methylethyl)cyclodecane-F",Octadecyl octyl ether-F
11-Hydroxy-.DELTA.-9-tetrahydrocannabinol-F,2'-Deoxyribolactone-F
11-Hydroxy-.DELTA.-9-tetrahydrocannabinol-F,4-Hydroxybutanoic acid-F
11-Hydroxy-.DELTA.-9-tetrahydrocannabinol-F,Pimelic acid-F
12-Oxooctadecanoate-F,5-Methyluridine-F
13-Docosenamide-F,Benzoic Acid-F
17-alpha-Hydroxypregnenolone-F,Methylsuccinic acid-F
1-Dodecanol-F,2'-Deoxyribolactone-F
1-Dodecanol-F,3-Deoxyhexitol-F
1-Dodecanol-F,"Hexadecanoic acid, 4-hydroxybutyl ester-F"
1-Dodecanol-F,Undecanoic acid-F
1-Hexanol-F,"D-Erythro-Pentitol, 2-deoxy--F"
1-Methyl-4-hydroxy-1H-imidazol-2-amine-F,2'-Deoxyribolactone-F
1-Methyl-4-hydroxy-1H-imidazol-2-amine-F,d-Erythrotetrofuranose-F
1-Methyl-4-hydroxy-1H-imidazol-2-amine-F,"Inosose-2, myo-F"
1-Monopalmitin-F,Pipecolic acid-F
1-Octadecanol-F,"2-Furanacetaldehyde, tetrahydro-alpha-F"
1-Octadecanol-F,"Acetamide, N-(2-butyl)-N-methyl--F"
1-Octadecanol-F,d-Erythrotetrofuranose-F
1-Octanol-F,4-Hydroxybenzaldehyde-F
1-Octanol-F,4-Hydroxybenzoic acid-F
1-Octanol-F,Pipecolic acid-F
1-Octanol-F,Pyrrole-2-carboxylic acid-F
1-Tetradecanol-F,"2-Butenoic acid, 2-hydroxy--F"
1-Tetradecanol-F,"Hexadecanoic acid, 4-hydroxybutyl ester-F"
1-Tetradecanol-F,Palmitic Acid-F
"2',2,3,6'-Tetramethoxychalcone-F","2-Butenoic acid, 2-hydroxy--F"
"2',2,3,6'-Tetramethoxychalcone-F","beta-D-Galactopyranoside, methyl-, acetate-F"
"2,3,4,5-Tetrahydroxypentanoic acid-1,4-lactone-F",d-Erythrotetrofuranose-F
"2,3,4,5-Tetrahydroxypentanoic acid-1,4-lactone-F",Octadecyl octyl ether-F
"2,3,4-Trihydroxybutyric acid-F",2-Ethylacetoacetate-F
"2,3,4-Trihydroxybutyric acid-F","3-Hydroxy-2,3-dihydromaltol-F"
"2,3,4-Trihydroxybutyric acid-F","Erythrono-1,4-lactone-F"
"2,3,4-Trihydroxybutyric acid-F",Ribonic acid-F
"2,3-Butanediol-F",Pimelic acid-F
"2,5-Cyclohexadiene-1,4-dione, 2,6-bis(1,1-dimethylethyl)-F","2,5-Di-tert-butyl-4-hydroxyphenol-F"
"2,5-Cyclohexadiene-1,4-dione, 2,6-bis(1,1-dimethylethyl)-F",3-Methyl-2-furoic acid-F
"2,5-Cyclohexadiene-1,4-dione, 2,6-bis(1,1-dimethylethyl)-F",3-Undecene-F
"2,5-Cyclohexadiene-1,4-dione, 2,6-bis(1,1-dimethylethyl)-F",d-Erythrotetrofuranose-F
"2,5-Cyclohexadiene-1,4-dione, 2,6-bis(1,1-dimethylethyl)-F","Guanidine, N,N-dimethyl-F"
"2,5-Cyclohexadiene-1,4-dione, 2,6-bis(1,1-dimethylethyl)-F",Pimelic acid-F
"2,5-Dimethoxyphenol-F","2-Allyl-1,4-dimethoxybenzene-F"
"2,5-Dimethoxyphenol-F",2-Hydroxy-3-methylbutyric acid-F
"2,5-Dimethoxyphenol-F",Syringaldehyde-F
"2,5-Di-tert-butyl-4-hydroxyphenol-F",Pimelic acid-F
"2-Allyl-1,4-dimethoxybenzene-F",3-Hexenedioic acid-F
"2-Allyl-1,4-dimethoxybenzene-F",4-Pyridinol-F
"2-Allyl-1,4-dimethoxybenzene-F",Syringaldehyde-F
"2-Butenoic acid, 2-hydroxy--F",3-Deoxyhexitol-F
"2-Butenoic acid, 2-hydroxy--F",Butyl Succinate-F
"2-Butenoic acid, 2-hydroxy--F","Hexadecanoic acid, 4-hydroxybutyl ester-F"
"2-Butenoic acid, 2-methyl-, 2-methyl-2-propenyl ester-F",Cyclohexanecarboxylic acid-F
"2-Butenoic acid, 2-methyl-, 2-methyl-2-propenyl ester-F","Hexadecanoic acid, 4-hydroxybutyl ester-F"
"2-Butenoic acid, 2-methyl-, 2-methyl-2-propenyl ester-F",Myristic acid-F
"2-Butenoic acid, 2-methyl-, 2-methyl-2-propenyl ester-F",Pentanoic acid-F
"2-Butenoic acid, 2-methyl-, 2-methyl-2-propenyl ester-F",Tetrahydrogeranyl formate-F
2'-Deoxyribolactone-F,d-Erythrotetrofuranose-F
2'-Deoxyribolactone-F,Glycerol tricaprylate-F
2'-Deoxyribolactone-F,Myristic acid-F
2'-Desoxyuridine-F,Thymidine-F
2-Ethylacetoacetate-F,8-Hydroxy-5-(hydroxymethyl)quinoline-F
2-Ethylacetoacetate-F,beta-D-(-)-Ribopyranose-F
2-Ethylacetoacetate-F,"Erythrono-1,4-lactone-F"
2-Ethylacetoacetate-F,"Propanoic acid, 2-oxo-F"
2-Ethylacetoacetate-F,Tricine-F
2-Ethylhexanoic acid-F,D-Mannopyranose-F
2-Ethylhexanoic acid-F,Phenol-F
"2-Furanacetaldehyde, tetrahydro-alpha-F",Idoxuridine-F
"2-Furanacetaldehyde, tetrahydro-alpha-F",Serine-F
2-Hydroxy-3-methylbutyric acid-F,6-Hydroxyhexanoic acid-F
2-Hydroxy-3-methylbutyric acid-F,Decanoic acid-F
2-Hydroxy-3-methylbutyric acid-F,Glycerol tricaprylate-F
2-Palmitoylglycerol-F,3-Deoxyhexitol-F
"2-Pentenedioic acid, 2-hydroxy--F",L-Glutamic acid-F
2-Piperidinone-F,Butanedioic acid-F
"2-Propenoic acid, 2-hydroxy-3-(4-hydroxyphenyl)-F",4-Hydroxybenzaldehyde-F
3-(3-Hydroxyphenyl)propanoic acid-F,Cyclohexanemethanol-F
3-(3-Hydroxyphenyl)propanoic acid-F,L-Valyl-L-leucine-F
3-Deoxyhexitol-F,Phloretic acid-F
3-Hexenedioic acid-F,5-Hydroxymethyl-2-furoic acid-F
3-Hexenedioic acid-F,beta-Arabinopyranose-F
3-Hexenedioic acid-F,L-5-Oxoproline-F
3-Hexenedioic acid-F,Syringaldehyde-F
3-Hydroxybutyric acid-F,Hexacosanoic acid-F
3-Hydroxyisovaleric acid-F,trans-Coniferryl alchool-F
3-Undecene-F,"Guanidine, N,N-dimethyl-F"
3-Undecene-F,"Hexadecanoic acid, 4-hydroxybutyl ester-F"
3-Undecene-F,Menthol-F
3-Undecene-F,Pentanoic acid-F
3-Undecene-F,Tetrahydrogeranyl formate-F
4-Hydroxy-5-(hydroxymethyl)oxolan-2-one-F,alpha-Tocopheryl acetate-F
4-Hydroxy-5-(hydroxymethyl)oxolan-2-one-F,Nonanoic acid-F
4-Hydroxybenzaldehyde-F,D-(+)-Glucosamine-F
4-Hydroxybenzaldehyde-F,DL-Phenylalanine-F
4-Hydroxybenzaldehyde-F,L-Valine-F
4-Hydroxybenzaldehyde-F,Phenylalanine-F
4-Hydroxyphenyllactic acid-F,d-Erythrotetrofuranose-F
4-Methyl-5-thiazoleethanol-F,Cyclohexanecarboxylic acid-F
4-Pyridinol-F,9-Octadecenoic acid-F
5-Methyluridine-F,Hydracrylic acid-F
9H-Purin-6-ol-F,Dihydrouracil-F
9H-Purin-6-ol-F,Methylsuccinic acid-F
"Acetamide, N-(2-butyl)-N-methyl--F","Guanidine, N,N-dimethyl-F"
"Acetamide, N-(2-butyl)-N-methyl--F",Palmitic Acid-F
"Acetamide, N-(2-butyl)-N-methyl--F","Propane, 2-methyl-F"
Aconitic acid-F,D-(+)-Glucosamine-F
"Azetidine, 1-acetyl-2-methyl-F",Hexacosanoic acid-F
Benzoic Acid-F,Pentanoic acid-F
Benzoic Acid-F,"Propane, 2-methyl-F"
Benzoic Acid-F,Pyridoxic acid-F
beta-Alanine-F,L-Glutamic acid-F
beta-Alanine-F,N-Acetyl-L-glutamic acid-F
beta-Alanine-F,Thymidine-F
beta-D-(-)-Ribopyranose-F,"Erythrono-1,4-lactone-F"
beta-D-(-)-Ribopyranose-F,Syringaldehyde-F
"beta-D-Galactopyranoside, methyl-, acetate-F",Lignoceric acid-F
"beta-d-Glucopyranose, 2-(acetylamino)-3,6-anhydro-2-deoxy-F",Serine-F
"Butanoic acid, 3,4-dihydroxy--F",Ketamine-F
Butyl Succinate-F,"Hexadecanoic acid, 4-hydroxybutyl ester-F"
Butyl Succinate-F,L-(+)-Lactic acid-F
Butyl Succinate-F,"Propanoic acid, 2-oxo-F"
Cholesterol-F,Phenol-F
Cyclohexanecarboxylic acid-F,"Inosose-2, myo-F"
Cyclohexanecarboxylic acid-F,Nonanoic acid-F
Cyclohexanecarboxylic acid-F,Pentadecanoic acid-F
Cyclohexanemethanol-F,L-Valyl-L-leucine-F
D-(-)-Ribofuranose-F,Lignoceric acid-F
D-(+)-Glucosamine-F,L-Valine-F
D-(+)-Glucosamine-F,Methylsuccinic acid-F
D-(+)-Glucosamine-F,trans-Coniferryl alchool-F
"D-(+)-Ribono-1,4-lactone-F",Syringaldehyde-F
D-(+)-Talofuranose-F,Decanoic acid-F
D-Allofuranose-F,Octadecyl octyl ether-F
Decanoic acid-F,Glycerol tricaprylate-F
d-Erythrotetrofuranose-F,Glycerol-F
d-Erythrotetrofuranose-F,Octadecyl octyl ether-F
d-Erythrotetrofuranose-F,Tricine-F
D-Glucose-F,Glycerol tricaprylate-F
Dihydrouracil-F,Hydracrylic acid-F
Dihydrouracil-F,"Propanoic acid, 2-oxo-F"
DL-Phenylalanine-F,L-Isoleucine-F
DL-Phenylalanine-F,Phenylalanine-F
DL-Phenylalanine-F,Uracil-F
"Erythrono-1,4-lactone-F",Idoxuridine-F
"Erythrono-1,4-lactone-F",Syringaldehyde-F
"Gluconolactone (3R,4S,5R,6R)-F",Syringaldehyde-F
Glycerol tricaprylate-F,Glycerol-F
Glycerol tricaprylate-F,Picolinic acid-F
Glycolic acid-F,"Propanoic acid, 2-oxo-F"
"Guanidine, N,N-dimethyl-F","Hexadecanoic acid, 4-hydroxybutyl ester-F"
"Guanidine, N,N-dimethyl-F",Menthol-F
"Guanidine, N,N-dimethyl-F",Tetrahydrogeranyl formate-F
"Hexadecanoic acid, 4-hydroxybutyl ester-F",Myristic acid-F
"Hexadecanoic acid, 4-hydroxybutyl ester-F",Pyrogallol-F
Hydracrylic acid-F,L-(-)-Sorbofuranose-F
Hydracrylic acid-F,Methylsuccinic acid-F
Idoxuridine-F,Tricine-F
"Inosose-2, myo-F",trans-Coniferryl alchool-F
L-(-)-Sorbofuranose-F,L-5-Oxoproline-F
L-(-)-Sorbofuranose-F,L-Glutamic acid-F
L-(-)-Sorbofuranose-F,Methylsuccinic acid-F
L-(-)-Sorbofuranose-F,Niacin-F
L-(+)-Lactic acid-F,Pimelic acid-F
L-(+)-Lactic acid-F,"Propanoic acid, 2-oxo-F"
L-5-Oxoproline-F,L-Glutamic acid-F
L-Glutamic acid-F,Methylsuccinic acid-F
L-Glutamic acid-F,N-Acetyl-L-glutamic acid-F
L-Isoleucine-F,Phenylalanine-F
L-Isoleucine-F,Serine-F
L-Isoleucine-F,Tyrosine-F
L-Leucine-F,Serine-F
L-Rhamnose-F,"Propanoic acid, 2-oxo-F"
L-Threonine-F,Tyrosine-F
L-Valyl-L-leucine-F,"Xylonic acid, delta-lactone-F"
Methyl 2-acetamido-2-deoxy-3-O-methyl-alpha-D-galactopyranoside-F,Monolaurin-F
Monolaurin-F,"Xylonic acid, delta-lactone-F"
Monolaurin-F,Xylose-F
Myristic acid-F,Pentadecanoic acid-F
N-(2-hydroxyethyl)-succinimide-F,Phloretic acid-F
N-Acetyl glucosamine methoxime-F,Uridine-F
N-Acetyl-L-glutamic acid-F,Niacin-F
Nonanoic acid-F,Undecanoic acid-F
Pentanoic acid-F,Tetrahydrogeranyl formate-F
Phenylalanine-F,Serine-F
Phenylalanine-F,Tyrosine-F
"Propanoic acid, 2-oxo-F",Syringaldehyde-F
3-Aminobutanoic acid-F,"Cephalotaxine, 3-deoxy-3,11-epoxy-, (3alpha,11alpha)--P"
3-Aminobutanoic acid-F,Dihydrouracil-P
3-Aminobutanoic acid-F,Indole-3-lactic acid-P
Butyl caprylate-F,"2,6-Dimethyl-N-[3-(trimethylsilyl)-1,3-thiazinan-2-ylidene]aniline-P"
Deoxyglucose-F,"Octane, 1-propoxy--P"
Erythritol-F,2-Hydroxybutyric acid-P
Erythritol-F,Tetradecanenitrile-P
L-Glutamine-F,"2,2-Diallylpyrrolidine-P"
L-Norvaline-F,10-Heptadecenoic acid-P
L-Norvaline-F,"alpha-L-Galactopyranoside, methyl 6-deoxy-, (R,R,R,S,S)--P"
L-Norvaline-F,Arsenous acid-P
L-Norvaline-F,Glyceric acid-P
L-Norvaline-F,Indole-3-lactic acid-P
L-Norvaline-F,L-Alanine-P
L-Norvaline-F,L-Isoleucine-P
L-Norvaline-F,Palmitelaidic acid-P
L-Serine-F,10-Heptadecenoic acid-P
L-Serine-F,2-Isopropyl-5-methyl-1-heptanol-P
L-Serine-F,3-Aminobutanoic acid-P
L-Serine-F,3-Methoxysalicylic acid-P
L-Serine-F,5-Hydroxyquinoline-P
L-Serine-F,"Benzaldehyde, 2,5-dimethyl--P"
L-Serine-F,"Butanoic acid, 2,4-bis[(trimethylsilyl)oxy]--P"
L-Serine-F,Dinoseb-P
L-Serine-F,DL-Glyceraldehyde-P
L-Serine-F,"Dodecane, 4,6-dimethyl--P"
L-Serine-F,Indole-3-lactic acid-P
L-Serine-F,Isofucosterol-P
L-Serine-F,Mirin-P
L-Serine-F,N-Isobutyrylglycine-P
L-Serine-F,"N,O-Bis(trimethylsilyl)carbamate-P"
N-Acetylglucosamine-F,Cyclobutanol-P
N-Acetylglucosamine-F,Dinoseb-P
N-Acetylglucosamine-F,Isofucosterol-P
N-Acetylglucosamine-F,Tartronic acid-P
N-Acetylglucosamine-F,Trimethylsilyl oct-2-enoate-P
Niacinamide-F,4-Hydroxybutanoic acid-P
Thr-Leu-F,"2,6-Bis[2-[2-S-thiosulfuroethylamino]ethoxy]pyrazine-P"
Thr-Leu-F,Butylated Hydroxytoluene-P
Thr-Leu-F,Myristic acid-P
"(2,2-Dimethyl-5-[2-(2-ethoxymethoxy)propyl][1,3]dioxolan-4-yl)methanol-F",4-Hydroxybenzaldehyde-P
"(2,2-Dimethyl-5-[2-(2-ethoxymethoxy)propyl][1,3]dioxolan-4-yl)methanol-F","L-Tryptophan, N-acetyl-1-P"
"(4,4-Dimethyl-5-methylene-4,5-dihydro-3H-pyrrol-2-yl)-(4,4-dimethyl-5-methylene-pyrrolidin-2-ylidene)-acetonitrile-F","Benzaldehyde, 2,5-dimethyl--P"
"(4,4-Dimethyl-5-methylene-4,5-dihydro-3H-pyrrol-2-yl)-(4,4-dimethyl-5-methylene-pyrrolidin-2-ylidene)-acetonitrile-F",DL-Ornithine-P
"(4,4-Dimethyl-5-methylene-4,5-dihydro-3H-pyrrol-2-yl)-(4,4-dimethyl-5-methylene-pyrrolidin-2-ylidene)-acetonitrile-F","Erythrono-1,4-lactone, (Z)--P"
"(4,4-Dimethyl-5-methylene-4,5-dihydro-3H-pyrrol-2-yl)-(4,4-dimethyl-5-methylene-pyrrolidin-2-ylidene)-acetonitrile-F",Ethanolamine-P
"(4,4-Dimethyl-5-methylene-4,5-dihydro-3H-pyrrol-2-yl)-(4,4-dimethyl-5-methylene-pyrrolidin-2-ylidene)-acetonitrile-F","Glycine, N-(1-oxobutyl)--P"
"(4,4-Dimethyl-5-methylene-4,5-dihydro-3H-pyrrol-2-yl)-(4,4-dimethyl-5-methylene-pyrrolidin-2-ylidene)-acetonitrile-F",Tetradecanenitrile-P
"1,7-Dimethyl-4-(1-methylethyl)cyclodecane-F",1-Aminocyclopropanecarboxylic acid-P
"1,7-Dimethyl-4-(1-methylethyl)cyclodecane-F","1-Methyl-N,N-bis(trimethylsilyl)-4-[(trimethylsilyl)oxy]-1H-imidazol-2-amine-P"
"1,7-Dimethyl-4-(1-methylethyl)cyclodecane-F","2,2-Diallylpyrrolidine-P"
"1,7-Dimethyl-4-(1-methylethyl)cyclodecane-F",3-Amino-2-piperidone-P
"1,7-Dimethyl-4-(1-methylethyl)cyclodecane-F","Cephalotaxine, 3-deoxy-3,11-epoxy-, (3alpha,11alpha)--P"
"1,7-Dimethyl-4-(1-methylethyl)cyclodecane-F","D-Isoleucine, N-acetyl--P"
"1,7-Dimethyl-4-(1-methylethyl)cyclodecane-F","D-Xylofuranose, 1,2,3,5-tetrakis-O--P"
"1,7-Dimethyl-4-(1-methylethyl)cyclodecane-F",Dihydrouracil-P
"1,7-Dimethyl-4-(1-methylethyl)cyclodecane-F",Galactopyranose-P
"1,7-Dimethyl-4-(1-methylethyl)cyclodecane-F",Indole-3-lactic acid-P
"1,7-Dimethyl-4-(1-methylethyl)cyclodecane-F","Inosose-2, 1,3,4,5,6-pentakis--P"
"1,7-Dimethyl-4-(1-methylethyl)cyclodecane-F",L-Aspartic acid-P
"1,7-Dimethyl-4-(1-methylethyl)cyclodecane-F",L-Glutamic acid-P
"1,7-Dimethyl-4-(1-methylethyl)cyclodecane-F",Methyl-3-methoxy-5-methyl benzoate-P
"1,7-Dimethyl-4-(1-methylethyl)cyclodecane-F",N-Isobutyrylglycine-P
"1,7-Dimethyl-4-(1-methylethyl)cyclodecane-F","Pyrimidine, 5-methyl-2,4-bis[(trimethylsilyl)oxy]--P"
"1,7-Dimethyl-4-(1-methylethyl)cyclodecane-F",Uracil-P
13-Docosenamide-F,Myristic acid-P
13-Docosenamide-F,Xylazine-P
17-alpha-Hydroxypregnenolone-F,3-(2-Hydroxyethyl)imidazole-2-thione-P
17-alpha-Hydroxypregnenolone-F,"5-Cholesten-3beta, 7alpha-bis[(trimethylsilyl)oxy]--P"
17-alpha-Hydroxypregnenolone-F,Benzyl alcohol-P
17-alpha-Hydroxypregnenolone-F,Decanoic acid-P
1-Dodecanol-F,1-Hydroxy-3-methoxy-6-methylanthraquinone-P
1-Dodecanol-F,Trimidox-P
"1H-Indole-2-carboxylic acid, 5-ethyl-1-(trimethylsilyl)-F",2-Ketoisocaproic acid-P
"1H-Indole-2-carboxylic acid, 5-ethyl-1-(trimethylsilyl)-F","2,5-Dimethoxymandelic acid-P"
"1H-Indole-2-carboxylic acid, 5-ethyl-1-(trimethylsilyl)-F","Cholest-7-en-3-ol, (3beta,5alpha)--P"
"1H-Indole-2-carboxylic acid, 5-ethyl-1-(trimethylsilyl)-F","Octane, 1-propoxy--P"
"1H-Indole-2-carboxylic acid, 5-ethyl-1-(trimethylsilyl)-F","Propanoic acid, 2-methyl--P"
1-Octadecanol-F,1-Hydroxy-3-methoxy-6-methylanthraquinone-P
1-Octadecanol-F,Bis(trimethylsilyl)acetylene-P
1-Octadecanol-F,"Ethanone, 1-(2,5-dimethoxyphenyl)--P"
1-Octanol-F,2-Heptenoic acid-P
1-Octanol-F,"2,2,4-Trimethyl-1,3-pentanediol diisobutyrate-P"
1-Octanol-F,3-Hydroxyisovaleric acid-P
1-Octanol-F,4-Cumylphenol-P
1-Octanol-F,"Acetin, bis-1,3-trimethylsilyl ether-P"
1-Octanol-F,Benzophenone-P
1-Octanol-F,Dehydronorketamine-P
1-Octanol-F,Diphenyl ether-P
1-Octanol-F,Glycine-P
1-Octanol-F,Methyl aminoacetate-P
1-Octanol-F,Nonadecanoic acid-P
1-Octanol-F,"Stigmast-5-ene, 3beta--P"
1-Octanol-F,Trimethylsilyl oct-2-enoate-P
1-Tetracosene-F,"(S,S)-(-)-Hydrobenzoin-P"
1-Tetracosene-F,N-Acetyl-L-glutamic acid-P
1-Tetradecanol-F,"Ethanone, 1-(2,5-dimethoxyphenyl)--P"
1-Tetradecanol-F,N-Isovaleroylglycine-P
"2',2,3,6'-Tetramethoxychalcone-F",5-Hydroxyquinoline-P
"2',2,3,6'-Tetramethoxychalcone-F","Butanoic acid, 2,4-bis[(trimethylsilyl)oxy]--P"
"2',2,3,6'-Tetramethoxychalcone-F",DL-Glyceraldehyde-P
"2',2,3,6'-Tetramethoxychalcone-F","Erythrono-1,4-lactone, (Z)--P"
"2',2,3,6'-Tetramethoxychalcone-F",Glyoxime-P
"2,3,4-Trihydroxybutyric acid-F",(pm)-Norketamine-P
"2,3,4-Trihydroxybutyric acid-F","1,3-Cyclohexanebis(methylamine)-P"
"2,3,4-Trihydroxybutyric acid-F",2-Isopropyl-5-methyl-1-heptanol-P
"2,3,4-Trihydroxybutyric acid-F",3-Methoxysalicylic acid-P
"2,3,4-Trihydroxybutyric acid-F",Acetoacetic acid-P
"2,3,4-Trihydroxybutyric acid-F",Arsenous acid-P
"2,3,4-Trihydroxybutyric acid-F","Benzaldehyde, 2,5-dimethyl--P"
"2,3,4-Trihydroxybutyric acid-F",DL-Ornithine-P
"2,3,4-Trihydroxybutyric acid-F",Glyceric acid-P
"2,3,4-Trihydroxybutyric acid-F",L-Aspartic acid-P
"2,3,4-Trihydroxybutyric acid-F",N-Isobutyrylglycine-P
"2,3-Butanediol-F",1-Hydroxy-3-methoxy-6-methylanthraquinone-P
"2,3-Butanediol-F",4-Hydroxybenzoic acid-P
"2,3-Butanediol-F",Cyclo(L-prolyl-L-valine)-P
"2,3-Butanediol-F","D-Isoleucine, N-acetyl--P"
"2,3-Butanediol-F","Octane, 1-propoxy--P"
"2,3-Butanediol-F",Pipecolic acid-P
"2,4-Di-tert-butylphenol-F","1-Phenyl-1,2-ethanediol-P"
"2,4-Di-tert-butylphenol-F",2-Furoic acid-P
"2,4-Di-tert-butylphenol-F",2-Methyl-4-pentenoic acid-P
"2,4-Di-tert-butylphenol-F",beta-Hydroxypyruvic acid-P
"2,4-Di-tert-butylphenol-F",cis-4-Trimethylsilyloxy-cyclohexyl(trimethylsilyl)carboxylate-P
"2,4-Di-tert-butylphenol-F",Octocrylene-P
"2,4-Di-tert-butylphenol-F",Succinic anhydride-P
"2,5-Cyclohexadiene-1,4-dione, 2,6-bis(1,1-dimethylethyl)-F",(pm)-Norketamine-P
"2,5-Cyclohexadiene-1,4-dione, 2,6-bis(1,1-dimethylethyl)-F",1-Hydroxy-3-methoxy-6-methylanthraquinone-P
"2,5-Cyclohexadiene-1,4-dione, 2,6-bis(1,1-dimethylethyl)-F",2-Ketoisocaproic acid-P
"2,5-Cyclohexadiene-1,4-dione, 2,6-bis(1,1-dimethylethyl)-F",4-Hydroxybenzoic acid-P
"2,5-Cyclohexadiene-1,4-dione, 2,6-bis(1,1-dimethylethyl)-F",DL-Phenylalanine-P
"2,5-Cyclohexadiene-1,4-dione, 2,6-bis(1,1-dimethylethyl)-F",Uracil-P
"2,5-Dimethoxybenzhydrazide-F",2-Furoic acid-P
"2,5-Dimethoxybenzhydrazide-F",D-Leucylglycylglycine-P
"2,5-Dimethoxybenzhydrazide-F","Stigmast-5-ene, 3beta--P"
"2,5-Di-tert-butyl-4-hydroxyphenol-F","2,3,4-Trihydroxybutyric acid tetrakis-P"
"2,5-Di-tert-butyl-4-hydroxyphenol-F",3-Aminobutanoic acid-P
"2,5-Di-tert-butyl-4-hydroxyphenol-F",4-Hydroxybenzoic acid-P
"2,5-Di-tert-butyl-4-hydroxyphenol-F",DL-Phenylalanine-P
"2,5-Di-tert-butyl-4-hydroxyphenol-F",Dobutamine-P
"2,5-Di-tert-butyl-4-hydroxyphenol-F",Glyceric acid-P
"2,5-Di-tert-butyl-4-hydroxyphenol-F","Glycine, N-(N-DL-leucylglycyl)--P"
"2,5-Di-tert-butyl-4-hydroxyphenol-F",Methylmalonic monoamide-P
"2,5-Di-tert-butyl-4-hydroxyphenol-F",N-Isobutyrylglycine-P
"2,5-Di-tert-butyl-4-hydroxyphenol-F",Oxalic acid-P
"2,5-Di-tert-butyl-4-hydroxyphenol-F",Quazodine-P
"2,5-Di-tert-butyl-4-hydroxyphenol-F",Uracil-P
"2-Allyl-1,4-dimethoxybenzene-F",2-Methyl-4-pentenoic acid-P
"2-Allyl-1,4-dimethoxybenzene-F","2-Propanone, bis(1-methylethyl)hydrazone-P"
"2-Allyl-1,4-dimethoxybenzene-F",2-Pyrrolidinone-P
"2-Allyl-1,4-dimethoxybenzene-F","2,4-Imidazolidinedione, 5,5-dimethyl--P"
"2-Allyl-1,4-dimethoxybenzene-F","beta-D-Galactofuranose, 1,2,3,5,6-pentakis-O-(trimethylsilyl)--P"
"2-Allyl-1,4-dimethoxybenzene-F","L-Lysine, ethyl ester-P"
"2-Allyl-1,4-dimethoxybenzene-F",Octocrylene-P
2-Aminobutanoic acid-F,1-Phenethylamine-P
2-Aminobutanoic acid-F,5-Hydroxyquinoline-P
2-Aminobutanoic acid-F,"9,12-Octadecadienoic acid-P"
2-Aminobutanoic acid-F,Acetoacetic acid-P
2-Aminobutanoic acid-F,alpha-Linolenic acid-P
2-Aminobutanoic acid-F,"Butanoic acid, 2,4-bis[(trimethylsilyl)oxy]--P"
2-Aminobutanoic acid-F,"D-Xylofuranose, 1,2,3,5-tetrakis-O--P"
2-Aminobutanoic acid-F,"Inosose-2, 1,3,4,5,6-pentakis--P"
2-Aminobutanoic acid-F,Methyl-3-methoxy-5-methyl benzoate-P
2'-Deoxyribolactone-F,DL-Ornithine-P
2'-Desoxyuridine-F,"9,12-Octadecadienoic acid-P"
2'-Desoxyuridine-F,Indole-3-lactic acid-P
2-Ethylacetoacetate-F,(pm)-Norketamine-P
2-Ethylacetoacetate-F,"1,3-Cyclohexanebis(methylamine)-P"
2-Ethylacetoacetate-F,3-Aminobutanoic acid-P
2-Ethylacetoacetate-F,"Benzaldehyde, 2,5-dimethyl--P"
2-Ethylacetoacetate-F,"Butanoic acid, 2,4-bis[(trimethylsilyl)oxy]--P"
2-Ethylacetoacetate-F,DL-Ornithine-P
2-Ethylacetoacetate-F,DL-Phenylalanine-P
2-Ethylacetoacetate-F,Ethanolamine-P
2-Ethylacetoacetate-F,Methyl-3-methoxy-5-methyl benzoate-P
2-Ethylacetoacetate-F,N-Isobutyrylglycine-P
2-Ethylhexanoic acid-F,"2,2-Diallylpyrrolidine-P"
2-Ethylhexanoic acid-F,"Cephalotaxine, 3-deoxy-3,11-epoxy-, (3alpha,11alpha)--P"
2-Ethylhexanoic acid-F,Indole-3-lactic acid-P
2-Ethylhexanoic acid-F,Methyl-3-methoxy-5-methyl benzoate-P
2-Hydroxy-3-methylbutyric acid-F,2-Methyl-4-pentenoic acid-P
2-Hydroxy-3-methylbutyric acid-F,2-Pyrrolidinone-P
2-Hydroxy-3-methylbutyric acid-F,3-Nonen-1-ol-P
2-Hydroxy-3-methylbutyric acid-F,5-Henicosylresorcinol-P
2-Hydroxy-3-methylbutyric acid-F,"Benzo[b]fluorene, 5-amino-7-methyl-1,2,3,4,6,7,8,9-octahydro-11-thia-10-aza--P"
2-Hydroxy-3-methylbutyric acid-F,"beta-D-Galactofuranose, 1,2,3,5,6-pentakis-O-(trimethylsilyl)--P"
2-Hydroxy-3-methylbutyric acid-F,cis-4-Trimethylsilyloxy-cyclohexyl(trimethylsilyl)carboxylate-P
2-Hydroxy-3-methylbutyric acid-F,Desmosterol-P
2-Hydroxy-3-methylbutyric acid-F,Hydroquinidine-P
2-Hydroxy-3-methylbutyric acid-F,n-Pentadecanol-P
2-Hydroxy-3-methylbutyric acid-F,Octocrylene-P
"2-Pentenedioic acid, 2-hydroxy--F",1-Phenethylamine-P
"2-Pentenedioic acid, 2-hydroxy--F","1,2,3,10,11,11a-Hexahydro-6,7,8-trimethoxy-3-oxo-5H-dibenzo(a,d)cycloheptene-P"
"2-Pentenedioic acid, 2-hydroxy--F",3-Amino-2-piperidone-P
"2-Pentenedioic acid, 2-hydroxy--F","3-Cyclohexyl-L-alanine amide, N,N,N'N'-tetramethyl--P"
"2-Pentenedioic acid, 2-hydroxy--F","9,12-Octadecadienoic acid-P"
"2-Pentenedioic acid, 2-hydroxy--F","Cholest-22-ene-21-ol, 3,5-dehydro-6-methoxy-, pivalate-P"
"2-Pentenedioic acid, 2-hydroxy--F",Indole-3-lactic acid-P
2-Piperidinone-F,"N,O-Bis(trimethylsilyl)carbamate-P"
"2-Propenoic acid, 2-hydroxy-3-(4-hydroxyphenyl)-F",Indole-3-lactic acid-P
2-Pyrrolidinone-F,"2-Heptanone, 4,6-dimethyl--P"
2-Pyrrolidinone-F,5-Hydroxyquinoline-P
2-Pyrrolidinone-F,Bis(trimethylsilyl)acetylene-P
2-Pyrrolidinone-F,"Butanoic acid, 2,4-bis[(trimethylsilyl)oxy]--P"
2-Pyrrolidinone-F,"Cyclopentanone, 2,2,4-trimethyl--P"
2-Pyrrolidinone-F,DL-Glyceraldehyde-P
2-Pyrrolidinone-F,Metanephrine-P
2-Pyrrolidinone-F,Mirin-P
2-Pyrrolidinone-F,Tetradecanenitrile-P
3-(3-Hydroxyphenyl)propanoic acid-F,Benzyl alcohol-P
3-(3-Hydroxyphenyl)propanoic acid-F,"Cholest-7-en-3-ol, (3beta,5alpha)--P"
3-Buten-2-one-F,"2-(Decanoyloxy)propane-1,3-diyl dioctanoate-P"
3-Buten-2-one-F,3-Amino-2-piperidone-P
3-Buten-2-one-F,"7-Acetyl-6-ethyl-1,1,4,4-tetramethyltetralin-P"
3-Buten-2-one-F,"Benzene, 3-cyclohexen-1-yl--P"
3-Buten-2-one-F,Dihydrouracil-P
3-Deoxyhexitol-F,"1-Phenyl-1,2-ethanediol-P"
3-Deoxyhexitol-F,2-Pyrrolidinone-P
3-Deoxyhexitol-F,4-Hydroxybenzaldehyde-P
3-Deoxyhexitol-F,Desmosterol-P
3-Hexenedioic acid-F,"beta-D-Galactofuranose, 1,2,3,5,6-pentakis-O-(trimethylsilyl)--P"
3-Hexenedioic acid-F,Octocrylene-P
3-Hexenedioic acid-F,"Pentenoic acid, 4-[(trimethylsilyl)oxy]--P"
3-Hexenedioic acid-F,Pentylone-P
"3-Hydroxy-2,3-dihydromaltol-F",alpha-Linolenic acid-P
"3-Hydroxy-2,3-dihydromaltol-F",Indole-3-lactic acid-P
3-Hydroxybutyric acid-F,D-Leucylglycylglycine-P
3-Hydroxybutyric acid-F,Hexanoic acid-P
3-Hydroxyisovaleric acid-F,"Glycine, N-(1-oxobutyl)--P"
3-Methyl-2-furoic acid-F,Benzyl alcohol-P
3-O-methyl-beta-D-Glucopyranose-F,"1-Methyl-N,N-bis(trimethylsilyl)-4-[(trimethylsilyl)oxy]-1H-imidazol-2-amine-P"
3-O-methyl-beta-D-Glucopyranose-F,"D-Xylofuranose, 1,2,3,5-tetrakis-O--P"
3-O-methyl-beta-D-Glucopyranose-F,"N,9-bis(Trimethylsilyl)-6-[(trimethylsilyl)oxy]-9H-purin-2-amine-P"
3-Pyridylcarbinol-F,1-Aminocyclopropanecarboxylic acid-P
3-Pyridylcarbinol-F,"1-Butanamine, N,N-diethyl--P"
3-Pyridylcarbinol-F,"1,2,3,10,11,11a-Hexahydro-6,7,8-trimethoxy-3-oxo-5H-dibenzo(a,d)cycloheptene-P"
3-Pyridylcarbinol-F,10-Heptadecenoic acid-P
3-Pyridylcarbinol-F,"2-(Decanoyloxy)propane-1,3-diyl dioctanoate-P"
3-Pyridylcarbinol-F,"2-Heptanone, 4,6-dimethyl--P"
3-Pyridylcarbinol-F,2-Isopropyl-5-methyl-1-heptanol-P
3-Pyridylcarbinol-F,"2,2-Diallylpyrrolidine-P"
3-Pyridylcarbinol-F,3-Amino-2-piperidone-P
3-Pyridylcarbinol-F,3-Amino-5-morpholinomethyl-2-oxazolidinone-P
3-Pyridylcarbinol-F,3-Aminobutanoic acid-P
3-Pyridylcarbinol-F,3-Methoxysalicylic acid-P
3-Pyridylcarbinol-F,"9,12-Octadecadienoic acid-P"
3-Pyridylcarbinol-F,Acetoacetic acid-P
3-Pyridylcarbinol-F,Arachidonic acid-P
3-Pyridylcarbinol-F,"Azetidine, 1-acetyl-2-methyl--P"
3-Pyridylcarbinol-F,"Benzaldehyde, 2,5-dimethyl--P"
3-Pyridylcarbinol-F,"Butanoic acid, 2,4-bis[(trimethylsilyl)oxy]--P"
3-Pyridylcarbinol-F,D-Fructose-P
3-Pyridylcarbinol-F,D-Ribose-P
3-Pyridylcarbinol-F,Dinoseb-P
3-Pyridylcarbinol-F,"Dodecane, 4,6-dimethyl--P"
3-Pyridylcarbinol-F,"Glycine, N-(N-DL-leucylglycyl)--P"
3-Pyridylcarbinol-F,Glycolic acid-P
3-Pyridylcarbinol-F,Hydracrylic acid-P
3-Pyridylcarbinol-F,Indole-3-lactic acid-P
3-Pyridylcarbinol-F,L-Hydroxyproline-P
3-Pyridylcarbinol-F,Metanephrine-P
3-Pyridylcarbinol-F,Sertraline carbamoyl glucuronide-P
3-Pyridylcarbinol-F,Trimidox-P
3-Undecene-F,"7-Acetyl-6-ethyl-1,1,4,4-tetramethyltetralin-P"
pyrazole-F,alpha-Linolenic acid-P
pyrazole-F,"Azetidine, 1-acetyl-2-methyl--P"
pyrazole-F,L-Aspartic acid-P
pyrazole-F,Trimidox-P
4-Hydroxy-5-(hydroxymethyl)oxolan-2-one-F,"2,3,4-Trihydroxybutyric acid tetrakis-P"
4-Hydroxy-5-(hydroxymethyl)oxolan-2-one-F,Aceturic acid-P
4-Hydroxy-5-(hydroxymethyl)oxolan-2-one-F,Glucose-P
4-Hydroxybenzaldehyde-F,1-Phenethylamine-P
4-Hydroxybenzaldehyde-F,"1,1'-Biphenyl, 3,4-diethyl--P"
4-Hydroxybenzaldehyde-F,10-Heptadecenoic acid-P
4-Hydroxybenzaldehyde-F,5-Hydroxyquinoline-P
4-Hydroxybenzaldehyde-F,Acetoacetic acid-P
4-Hydroxybenzaldehyde-F,"Butanoic acid, 2,4-bis[(trimethylsilyl)oxy]--P"
4-Hydroxybenzaldehyde-F,"Cholesta-3,5-diene-P"
4-Hydroxybenzaldehyde-F,Isoxaben-P
4-Hydroxybenzaldehyde-F,N-Isobutyrylglycine-P
4-Hydroxybenzaldehyde-F,"N,O-Bis(trimethylsilyl)carbamate-P"
4-Hydroxybenzaldehyde-F,"Phenol, 3,5-bis(1,1-dimethylethyl)--P"
4-Hydroxybenzoic acid-F,1-Phenethylamine-P
4-Hydroxybenzoic acid-F,"2,3,4-Trihydroxybutyric acid tetrakis-P"
4-Hydroxybenzoic acid-F,Acetoacetic acid-P
4-Hydroxybenzoic acid-F,Arsenous acid-P
4-Hydroxybenzoic acid-F,"Cholesta-3,5-diene-P"
4-Hydroxybenzoic acid-F,Indole-3-lactic acid-P
4-Hydroxyphenyllactic acid-F,"Dimethyl hexopyranosiduronate, alpha-D--P"
4-Methyl-5-thiazoleethanol-F,(pm)-Norketamine-P
4-Methyl-5-thiazoleethanol-F,"1,2-Benzenedicarboxylic acid-P"
4-Methyl-5-thiazoleethanol-F,"3-Buten-2-one, 3-trimethylsilyloxy--P"
4-Pyridinol-F,Hexanoic acid-P
5-Hydroxymethyl-2-furoic acid-F,(pm)-Phenylpropanolamine-P
5-Hydroxymethyl-2-furoic acid-F,3-Indolepropionic acid-P
5-Hydroxymethyl-2-furoic acid-F,"Aziridine, 1-(2-buten-2-yl)--P"
5-Hydroxymethyl-2-furoic acid-F,Ketamine-P
5-Oxohexanoic Acid-F,Glycolic acid-P
5-Oxohexanoic Acid-F,Hexanedioic acid-P
6-Hydroxyhexanoic acid-F,"3-Buten-2-one, 3-trimethylsilyloxy--P"
6-Hydroxyhexanoic acid-F,Bis(trimethylsilyl)acetylene-P
8-Hydroxy-5-(hydroxymethyl)quinoline-F,"alpha-L-Galactopyranoside, methyl 6-deoxy-, (R,R,R,S,S)--P"
9-Octadecenamide-F,2-Isopropyl-5-methyl-1-heptanol-P
9-Octadecenamide-F,"Benzaldehyde, 2,5-dimethyl--P"
9-Octadecenoic acid-F,2-Furoic acid-P
9-Octadecenoic acid-F,2-Heptenoic acid-P
9-Octadecenoic acid-F,2-Methyl-4-pentenoic acid-P
9-Octadecenoic acid-F,2-Naphthol-P
9-Octadecenoic acid-F,"2-Propanone, bis(1-methylethyl)hydrazone-P"
9-Octadecenoic acid-F,"2,2,4-Trimethyl-1,3-pentanediol diisobutyrate-P"
9-Octadecenoic acid-F,3-Hydroxyisovaleric acid-P
9-Octadecenoic acid-F,"3,5-Dimethylpyrazole-P"
9-Octadecenoic acid-F,3'-Hydroxyacetophenone-P
9-Octadecenoic acid-F,"3beta,4beta-Bis(trimethylsiloxy)cholest-5-ene-P"
9-Octadecenoic acid-F,4-Cumylphenol-P
9-Octadecenoic acid-F,"Acetin, bis-1,3-trimethylsilyl ether-P"
9-Octadecenoic acid-F,"Benzimidazole, 5-trifluoromethyl-2-methyl--P"
9-Octadecenoic acid-F,Benzophenone-P
9-Octadecenoic acid-F,"beta-D-Galactofuranose, 1,2,3,5,6-pentakis-O-(trimethylsilyl)--P"
9-Octadecenoic acid-F,Diphenyl ether-P
9-Octadecenoic acid-F,"Ethanone, 1-(5-methoxy-2-methyl-3(1H)-indolyl)--P"
9-Octadecenoic acid-F,Indole-5-carboxylic acid-P
9-Octadecenoic acid-F,Nonadecanoic acid-P
9-Octadecenoic acid-F,Phenoxyacetic acid-P
9-Octadecenoic acid-F,"Stigmast-5-ene, 3beta--P"
9-Octadecenoic acid-F,Tartronic acid-P
9-Octadecenoic acid-F,Triethanolamine-P
9-Octadecenoic acid-F,Trimethylsilyl oct-2-enoate-P
"Acetamide, N-(2-butyl)-N-methyl--F",Octopamine-P
Aconitic acid-F,"Azetidine, 1-acetyl-2-methyl--P"
Aconitic acid-F,"Cholest-22-ene-21-ol, 3,5-dehydro-6-methoxy-, pivalate-P"
Aconitic acid-F,Ethanolamine-P
alpha-L-(-)-Fucopyranose-F,1-Cyclopentylethanol-P
alpha-Linolenic acid-F,Methylmalonic monoamide-P
alpha-Tocopheryl acetate-F,"2-(Decanoyloxy)propane-1,3-diyl dioctanoate-P"
alpha-Tocopheryl acetate-F,L-Asparagine-P
"Arabinofuranose, 1,2,3,5-tetrakis-F","2,2,8,8-Tetramethyl-3,7-dioxa-4-aza-2,8-disilanon-4-ene-P"
"Arabinofuranose, 1,2,3,5-tetrakis-F",Arsenous acid-P
"Arabinofuranose, 1,2,3,5-tetrakis-F",Indole-3-lactic acid-P
"Arabinofuranose, 1,2,3,5-tetrakis-F",Mirin-P
Arabinose-F,"2-Hexenoic acid, 2-[(trimethylsilyl)oxy]--P"
Arabinose-F,"2,2,4-Trimethyl-1,3-pentanediol diisobutyrate-P"
Arabinose-F,3-Hydroxyisovaleric acid-P
Arabinose-F,"3beta,4beta-Bis(trimethylsiloxy)cholest-5-ene-P"
Arabinose-F,4-Cumylphenol-P
Arabinose-F,Allylescaline-P
Arabinose-F,alpha-Tocopherol-P
Arabinose-F,Benzophenone-P
Arabinose-F,cis-4-Trimethylsilyloxy-cyclohexyl(trimethylsilyl)carboxylate-P
Arabinose-F,Methyl aminoacetate-P
Arabinose-F,Nonadecanoic acid-P
Arabinose-F,"Propanetriol, 2-methyl--P"
Arabinose-F,Triethanolamine-P
Azelaic acid-F,Octan-2-yl palmitate-P
"Azetidine, 1-acetyl-2-methyl-F","2,6-Dimethyl-N-[3-(trimethylsilyl)-1,3-thiazinan-2-ylidene]aniline-P"
"Azetidine, 1-acetyl-2-methyl-F",cis-4-Trimethylsilyloxy-cyclohexyl(trimethylsilyl)carboxylate-P
Benzoic Acid-F,Trimidox-P
beta-Alanine-F,5-Hydroxyquinoline-P
beta-Alanine-F,"9,12-Octadecadienoic acid-P"
beta-Alanine-F,"Cephalotaxine, 3-deoxy-3,11-epoxy-, (3alpha,11alpha)--P"
beta-Alanine-F,"Cyclopentanone, 2,2,4-trimethyl--P"
beta-Alanine-F,Decanoic acid-P
beta-Alanine-F,Methylmalonic monoamide-P
beta-Alanine-F,Mirin-P
beta-Alanine-F,"Propanoic acid, 2-methyl--P"
beta-Arabinopyranose-F,"Benzeneethanamine, N-[(pentafluorophenyl)methylene]-4-[(trimethylsilyl)oxy]--P"
beta-Arabinopyranose-F,N-Isovaleroylglycine-P
beta-Arabinopyranose-F,Quazodine-P
beta-D-(-)-Ribopyranose-F,"L-Tryptophan, N-acetyl-1-P"
"beta-D-Galactopyranoside, methyl-, acetate-F",Erythritol-P
"beta-d-Glucopyranose, 2-(acetylamino)-3,6-anhydro-2-deoxy-F",Xylazine-P
"Butanoic acid, 3,4-dihydroxy--F",4-Hydroxybenzoic acid-P
"Butanoic acid, 3,4-dihydroxy--F","D-Xylofuranose, 1,2,3,5-tetrakis-O--P"
"Butanoic acid, 3,4-dihydroxy--F",DL-Ornithine-P
"Butanoic acid, 3,4-dihydroxy--F","Glycine, N-(1-oxobutyl)--P"
"Butanoic acid, 3,4-dihydroxy--F","Glycine, N-[4-[(trimethylsilyl)oxy]benzoyl]--P"
"Butanoic acid, 3,4-dihydroxy--F",Xylazine-P
Butyl Succinate-F,2-Amino-4-methylphenol-P
Butyl Succinate-F,4-Hydroxybenzoic acid-P
Butyl Succinate-F,"Benzaldehyde, 2,5-dimethyl--P"
Butyl Succinate-F,"Benzeneethanamine, N-[(pentafluorophenyl)methylene]-4-[(trimethylsilyl)oxy]--P"
Butyl Succinate-F,Levulinic acid-P
Butyl Succinate-F,Sertraline carbamoyl glucuronide-P
Campesterol-F,Tributyl acetylcitrate-P
Cholesterol-F,"D-(+)-Ribono-1,4-lactone (R,S,R)--P"
"cis-4,5-Dihydroxy-o-dithiane-F","1,2,3,10,11,11a-Hexahydro-6,7,8-trimethoxy-3-oxo-5H-dibenzo(a,d)cycloheptene-P"
"cis-4,5-Dihydroxy-o-dithiane-F",3-(2-Hydroxyethyl)imidazole-2-thione-P
"cis-4,5-Dihydroxy-o-dithiane-F","Benzaldehyde, 2,5-dimethyl--P"
"cis-4,5-Dihydroxy-o-dithiane-F",DL-Phenylalanine-P
"cis-4,5-Dihydroxy-o-dithiane-F",Ethanolamine-P
"cis-4,5-Dihydroxy-o-dithiane-F","Glycine, N-(N-DL-leucylglycyl)--P"
"cis-4,5-Dihydroxy-o-dithiane-F",Indole-3-lactic acid-P
"cis-4,5-Dihydroxy-o-dithiane-F",Mirin-P
"cis-4,5-Dihydroxy-o-dithiane-F",Palmitelaidic acid-P
"cis-4,5-Dihydroxy-o-dithiane-F",Sertraline carbamoyl glucuronide-P
Citric acid-F,Aceturic acid-P
Cyclohexanemethanol-F,1-Hydroxy-3-methoxy-6-methylanthraquinone-P
Cyclohexanemethanol-F,"1,3-Cyclohexanebis(methylamine)-P"
Cyclohexanemethanol-F,3-Methoxysalicylic acid-P
Cyclohexanemethanol-F,4-Hydroxybenzoic acid-P
Cyclohexanemethanol-F,"Cholest-22-ene-21-ol, 3,5-dehydro-6-methoxy-, pivalate-P"
Cyclohexanemethanol-F,Glycolic acid-P
Cyclohexanemethanol-F,"Inosose-2, 1,3,4,5,6-pentakis--P"
Cyclohexanemethanol-F,L-Isoleucine-P
Cyclohexanemethanol-F,"Octane, 1-propoxy--P"
Cyclohexanol-F,2-Isopropyl-5-methyl-1-heptanol-P
Cyclohexanol-F,3'-(Trimethylsilyl)oxy-beta-naphthoflavone-P
Cyclohexanol-F,"Benzene, 1,3-bis(1,1-dimethylethyl)--P"
Cyclohexanol-F,Methyl-3-methoxy-5-methyl benzoate-P
Cytosine-F,"2-(Decanoyloxy)propane-1,3-diyl dioctanoate-P"
Cytosine-F,"2-Heptanone, 4,6-dimethyl--P"
Cytosine-F,"2,6-Bis[2-[2-S-thiosulfuroethylamino]ethoxy]pyrazine-P"
Cytosine-F,4-Hydroxybenzeneacetic acid-P
Cytosine-F,"9,12-Octadecadienoic acid-P"
Cytosine-F,Arachidonic acid-P
Cytosine-F,"Azetidine, 1-acetyl-2-methyl--P"
Cytosine-F,"Butanoic acid, 2,4-bis[(trimethylsilyl)oxy]--P"
Cytosine-F,"Cholesta-3,5-diene-P"
Cytosine-F,"Cyclopentanone, 2,2,4-trimethyl--P"
Cytosine-F,D-Fructose-P
Cytosine-F,Dinoseb-P
Cytosine-F,DL-Glyceraldehyde-P
Cytosine-F,L-Hydroxyproline-P
Cytosine-F,L-Leucine-P
Cytosine-F,Metanephrine-P
Cytosine-F,Methyl-3-methoxy-5-methyl benzoate-P
Cytosine-F,"Phenol, 3,5-bis(1,1-dimethylethyl)--P"
Cytosine-F,Sertraline carbamoyl glucuronide-P
D-(-)-Fructofuranose-F,"1,1'-Biphenyl, 3,4-diethyl--P"
D-(-)-Fructofuranose-F,2-Isopropyl-5-methyl-1-heptanol-P
D-(-)-Fructofuranose-F,Acetoacetic acid-P
D-(-)-Fructofuranose-F,Arachidonic acid-P
D-(-)-Fructofuranose-F,"Butanoic acid, 2,4-bis[(trimethylsilyl)oxy]--P"
D-(-)-Fructofuranose-F,"Cholesta-3,5-diene-P"
D-(-)-Fructofuranose-F,L-Hydroxyproline-P
D-(-)-Fructofuranose-F,Methyl-3-methoxy-5-methyl benzoate-P
D-(-)-Fructofuranose-F,N-Isobutyrylglycine-P
D-(-)-Fructofuranose-F,Neostigmine-P
D-(-)-Fructofuranose-F,p-Toluic acid-P
D-(-)-Fructopyranose-F,13-Docosenamide-P
D-(-)-Fructopyranose-F,2-Ketoisocaproic acid-P
D-(-)-Fructopyranose-F,"2,5-Dimethoxyphenol-P"
D-(-)-Fructopyranose-F,"7-Acetyl-6-ethyl-1,1,4,4-tetramethyltetralin-P"
D-(-)-Fructopyranose-F,"alpha-L-Galactopyranoside, methyl 6-deoxy-, (R,R,R,S,S)--P"
D-(-)-Fructopyranose-F,D-Ribose-P
D-(-)-Fructopyranose-F,DL-Ornithine-P
D-(-)-Fructopyranose-F,DL-Phenylalanine-P
D-(-)-Fructopyranose-F,"Octane, 1-propoxy--P"
D-(-)-Fructopyranose-F,Ribitol-P
D-(-)-Ribofuranose-F,1-Tetradecanol-P
D-(-)-Ribofuranose-F,3-Indolepropionic acid-P
D-(-)-Ribofuranose-F,"DL-Proline, 5-oxo--P"
D-(-)-Ribofuranose-F,Ornithine-P
D-(-)-Ribofuranose-F,Palmitic Acid-P
D-(+)-Glucosamine-F,"1,2-Benzenedicarboxylic acid-P"
D-(+)-Glucosamine-F,10-Heptadecenoic acid-P
D-(+)-Glucosamine-F,3-Methoxysalicylic acid-P
D-(+)-Glucosamine-F,Arsenous acid-P
D-(+)-Glucosamine-F,"Azetidine, 1-acetyl-2-methyl--P"
D-(+)-Glucosamine-F,"Butanoic acid, 2,4-bis[(trimethylsilyl)oxy]--P"
D-(+)-Glucosamine-F,"Cholesta-3,5-diene-P"
D-(+)-Glucosamine-F,DL-Phenylalanine-P
D-(+)-Glucosamine-F,Dobutamine-P
D-(+)-Glucosamine-F,Indole-3-lactic acid-P
D-(+)-Glucosamine-F,L-Hydroxyproline-P
D-(+)-Glucosamine-F,Methyl-3-methoxy-5-methyl benzoate-P
D-(+)-Glucosamine-F,Palmitelaidic acid-P
"D-(+)-Ribono-1,4-lactone-F","5-Cholesten-3beta, 7alpha-bis[(trimethylsilyl)oxy]--P"
"D-(+)-Ribono-1,4-lactone-F","Glycine, N-(1-oxobutyl)--P"
"D-(+)-Ribono-1,4-lactone-F",Tributyl acetylcitrate-P
D-(+)-Talofuranose-F,"(9H-fluoren-9-yl)methanol, O-methoxycarbonyl--P"
D-Allofuranose-F,"2,3-Butanediol-P"
D-Allofuranose-F,Guanabenz-P
Decyl oleate-F,1-Hydroxy-3-methoxy-6-methylanthraquinone-P
Decyl oleate-F,cis-4-Trimethylsilyloxy-cyclohexyl(trimethylsilyl)carboxylate-P
Decyl oleate-F,"D-(-)-Fructofuranose, pentakis-P"
Decyl oleate-F,D-Leucylglycylglycine-P
Deoxycholic Acid-F,"Pregn-16-en-20-one, 3,18-bis(acetyloxy)-14,15-epoxy-, (3beta,5alpha,14beta,15beta)--P"
Deoxyribopyranose-F,"2-Heptanone, 4,6-dimethyl--P"
Deoxyribopyranose-F,2-Isopropyl-5-methyl-1-heptanol-P
Deoxyribopyranose-F,"Azetidine, 1-acetyl-2-methyl--P"
Deoxyribopyranose-F,D-Proline-P
Deoxyribopyranose-F,Dobutamine-P
Deoxyribopyranose-F,Sertraline carbamoyl glucuronide-P
"D-Erythro-Pentitol, 2-deoxy--F",2-Amino-4-methylphenol-P
D-Fructose-F,"Azetidine, 1-acetyl-2-methyl--P"
D-Fructose-F,"Octane, 1-propoxy--P"
D-Fructose-F,Pipecolic acid-P
D-Glucose-F,4-Hydroxybenzoic acid-P
D-Glucose-F,DL-Ornithine-P
D-Glucose-F,DL-Phenylalanine-P
D-Glucose-F,"Glycine, N-(1-oxobutyl)--P"
D-Glucose-F,Oxalic acid-P
D-Glucose-F,Ribitol-P
D-Glucose-F,Uracil-P
Dihydrouracil-F,"Butanoic acid, 2-methyl-3-[(trimethylsilyl)oxy]--P"
Dihydroxyacetone-F,"(S,S)-(-)-Hydrobenzoin-P"
Dihydroxyacetone-F,Palmitic Acid-P
DL-Phenylalanine-F,"1-Methyl-N,N-bis(trimethylsilyl)-4-[(trimethylsilyl)oxy]-1H-imidazol-2-amine-P"
DL-Phenylalanine-F,1-Monoacetin-P
DL-Phenylalanine-F,10-Heptadecenoic acid-P
DL-Phenylalanine-F,5-Hydroxyquinoline-P
DL-Phenylalanine-F,Acetoacetic acid-P
DL-Phenylalanine-F,Arachidonic acid-P
DL-Phenylalanine-F,"Butanoic acid, 2,4-bis[(trimethylsilyl)oxy]--P"
DL-Phenylalanine-F,"Cholesta-3,5-diene-P"
DL-Phenylalanine-F,"Cyclopentanone, 2,2,4-trimethyl--P"
DL-Phenylalanine-F,D-Fructose-P
DL-Phenylalanine-F,Dinoseb-P
DL-Phenylalanine-F,DL-Glyceraldehyde-P
DL-Phenylalanine-F,Glyceric acid-P
DL-Phenylalanine-F,Isoxaben-P
DL-Phenylalanine-F,Methylmalonic monoamide-P
DL-Phenylalanine-F,N-Isobutyrylglycine-P
DL-Phenylalanine-F,N-Methyl-N-(tetrahydro-2-furanylmethyl)-4-piperidinamine-P
DL-Phenylalanine-F,"N,O-Bis(trimethylsilyl)carbamate-P"
DL-Phenylalanine-F,Niclosamide-P
D-Mannopyranose-F,"(S,S)-(-)-Hydrobenzoin-P"
D-Mannopyranose-F,"2,3-Butanediol-P"
D-Psicofuranose-F,1-Tetradecanol-P
D-Psicofuranose-F,"1,3,5-Benzetriol-P"
D-Psicofuranose-F,12-Oxooctadecanoate-P
D-Psicofuranose-F,2-Heptenoic acid-P
D-Psicofuranose-F,3-Indoleacetic acid-P
D-Psicofuranose-F,"Acetin, bis-1,3-trimethylsilyl ether-P"
D-Psicofuranose-F,Hexanoic acid-P
D-Psicofuranose-F,Hydroquinidine-P
D-Psicofuranose-F,Isopropyl palmitate-P
D-Psicofuranose-F,Ketamine-P
"Erythrono-1,4-lactone-F",N-Isobutyrylglycine-P
Ethyl alpha-D-glucopyranoside-F,2-Ketoisocaproic acid-P
"Gluconolactone (3R,4S,5R,6R)-F",(pm)-Norketamine-P
"Gluconolactone (3R,4S,5R,6R)-F",1-Phenethylamine-P
"Gluconolactone (3R,4S,5R,6R)-F",D-Ribose-P
"Gluconolactone (3R,4S,5R,6R)-F",DL-Ornithine-P
"Gluconolactone (3R,4S,5R,6R)-F",Dobutamine-P
"Gluconolactone (3R,4S,5R,6R)-F",L-Leucine-P
"Gluconolactone (3R,4S,5R,6R)-F",Mirin-P
Glyceric acid-F,3-Indoleacetic acid-P
Glyceric acid-F,alpha-Tocopherol-P
Glyceric acid-F,Glycine-P
Glycerol-F,1-Hydroxy-3-methoxy-6-methylanthraquinone-P
Glycolic acid-F,Lactic Acid-P
"Guanidine, N,N-dimethyl-F","2,6-Dimethyl-N-[3-(trimethylsilyl)-1,3-thiazinan-2-ylidene]aniline-P"
"Hexadecanoic acid, tetradecyl ester-F","3-(3-Cyclohexylaminopropionylamino)-5-ethylthiophene-2-carboxylic acid, ethyl ester-P"
Hydracrylic acid-F,"9,12-Octadecadienoic acid-P"
Hydracrylic acid-F,Arsenous acid-P
Hydracrylic acid-F,"Benzene, 3-cyclohexen-1-yl--P"
Hydracrylic acid-F,Glucopyranose-P
Hydroquinone-F,1-Hydroxy-3-methoxy-6-methylanthraquinone-P
Hydroquinone-F,"1,4-diazabicyclo[4.3.0]nonan-2,5-dione, 3-methyl-P"
Hydroquinone-F,"Azetidine, 1-acetyl-2-methyl--P"
Hydroquinone-F,"Erythrono-1,4-lactone, (Z)--P"
Hydroquinone-F,"Phenol, 3,5-bis(1,1-dimethylethyl)--P"
Hymexazole-F,3-Amino-2-piperidone-P
"Inosose-2, myo-F","Glycine, N-(1-oxobutyl)--P"
"Inosose-2, myo-F",Uracil-P
"Inosose-2, myo-F",Xylazine-P
Itaconic acid-F,"1,1'-Biphenyl, 3,4-diethyl--P"
Itaconic acid-F,"1,2-Benzenedicarboxylic acid-P"
Itaconic acid-F,3-Amino-5-morpholinomethyl-2-oxazolidinone-P
Itaconic acid-F,Acetoacetic acid-P
Itaconic acid-F,alpha-Linolenic acid-P
Itaconic acid-F,"Benzene, 3-cyclohexen-1-yl--P"
Itaconic acid-F,"D-Xylofuranose, 1,2,3,5-tetrakis-O--P"
Itaconic acid-F,Glycolic acid-P
Itaconic acid-F,Indole-3-lactic acid-P
Itaconic acid-F,"Inosose-2, 1,3,4,5,6-pentakis--P"
Itaconic acid-F,L-Asparagine-P
Itaconic acid-F,L-Aspartic acid-P
Itaconic acid-F,L-Glutamic acid-P
Itaconic acid-F,L-Isoleucine-P
Itaconic acid-F,Metanephrine-P
Itaconic acid-F,Methyl-3-methoxy-5-methyl benzoate-P
Itaconic acid-F,"N,9-bis(Trimethylsilyl)-6-[(trimethylsilyl)oxy]-9H-purin-2-amine-P"
Itaconic acid-F,"Propanoic acid, 2-methyl--P"
L-5-Oxoproline-F,"L-Tryptophan, N-acetyl-1-P"
L-Aspartic acid-F,1-Phenethylamine-P
L-Aspartic acid-F,"1,1'-Biphenyl, 3,4-diethyl--P"
L-Aspartic acid-F,"1,2,3,10,11,11a-Hexahydro-6,7,8-trimethoxy-3-oxo-5H-dibenzo(a,d)cycloheptene-P"
L-Aspartic acid-F,10-Heptadecenoic acid-P
L-Aspartic acid-F,2-Isopropyl-5-methyl-1-heptanol-P
L-Aspartic acid-F,5-Hydroxyquinoline-P
L-Aspartic acid-F,"9,12-Octadecadienoic acid-P"
L-Aspartic acid-F,Acetoacetic acid-P
L-Aspartic acid-F,"Butanoic acid, 2,4-bis[(trimethylsilyl)oxy]--P"
L-Aspartic acid-F,"Cyclopentanone, 2,2,4-trimethyl--P"
L-Aspartic acid-F,DL-Glyceraldehyde-P
L-Aspartic acid-F,L-Hydroxyproline-P
L-Aspartic acid-F,Methylmalonic monoamide-P
L-Aspartic acid-F,N-Isobutyrylglycine-P
L-Aspartic acid-F,"N,9-bis(Trimethylsilyl)-6-[(trimethylsilyl)oxy]-9H-purin-2-amine-P"
L-Aspartic acid-F,Palmitelaidic acid-P
Lignoceric acid-F,"2-Allyl-1,4-dimethoxybenzene-P"
Lignoceric acid-F,4-Cumylphenol-P
Lignoceric acid-F,Glycine-P
Lignoceric acid-F,Niacinamide-P
Lignoceric acid-F,"Propiophenone, 3',4'-dimethoxy--P"
L-Isoleucine-F,"1,1'-Biphenyl, 3,4-diethyl--P"
L-Isoleucine-F,10-Heptadecenoic acid-P
L-Isoleucine-F,"2-(Decanoyloxy)propane-1,3-diyl dioctanoate-P"
L-Isoleucine-F,2-Isopropyl-5-methyl-1-heptanol-P
L-Isoleucine-F,"2,3,4-Trihydroxybutyric acid tetrakis-P"
L-Isoleucine-F,5-Hydroxyquinoline-P
L-Isoleucine-F,"9,12-Octadecadienoic acid-P"
L-Isoleucine-F,Acetoacetic acid-P
L-Isoleucine-F,Arachidonic acid-P
L-Isoleucine-F,"Butanoic acid, 2,4-bis[(trimethylsilyl)oxy]--P"
L-Isoleucine-F,"Cyclopentanone, 2,2,4-trimethyl--P"
L-Isoleucine-F,D-Fructose-P
L-Isoleucine-F,"D-Xylofuranose, 1,2,3,5-tetrakis-O--P"
L-Isoleucine-F,Dinoseb-P
L-Isoleucine-F,DL-Glyceraldehyde-P
L-Isoleucine-F,"Glycine, N-(N-DL-leucylglycyl)--P"
L-Isoleucine-F,Isoxaben-P
L-Isoleucine-F,L-Hydroxyproline-P
L-Isoleucine-F,L-Leucine-P
L-Isoleucine-F,Metanephrine-P
L-Isoleucine-F,Methylmalonic monoamide-P
L-Isoleucine-F,Mirin-P
L-Isoleucine-F,N-Isobutyrylglycine-P
L-Isoleucine-F,N-Methyl-N-(tetrahydro-2-furanylmethyl)-4-piperidinamine-P
L-Isoleucine-F,"N,O-Bis(trimethylsilyl)carbamate-P"
L-Isoleucine-F,Niclosamide-P
L-Leucine-F,2-Isopropyl-5-methyl-1-heptanol-P
L-Leucine-F,Acetoacetic acid-P
L-Leucine-F,"D-Xylofuranose, 1,2,3,5-tetrakis-O--P"
L-Leucine-F,Glyoxime-P
L-Leucine-F,Isoxaben-P
L-Leucine-F,Methylmalonic monoamide-P
L-Leucine-F,"Pyrimidine, 5-methyl-2,4-bis[(trimethylsilyl)oxy]--P"
l-Leucyl-l-valine-F,2-Ketoisocaproic acid-P
l-Leucyl-l-valine-F,4-Hydroxybenzoic acid-P
l-Leucyl-l-valine-F,"Benzenemethanamine, 2,3-dimethoxy--P"
l-Leucyl-l-valine-F,Benzyl alcohol-P
l-Leucyl-l-valine-F,"Cholest-7-en-3-ol, (3beta,5alpha)--P"
l-Leucyl-l-valine-F,D-Threitol-P
l-Leucyl-l-valine-F,"Octane, 1-propoxy--P"
l-Leucyl-l-valine-F,Trimidox-P
L-Proline-F,1-Aminocyclopropanecarboxylic acid-P
L-Proline-F,"1,3-Cyclohexanebis(methylamine)-P"
L-Proline-F,5-Hydroxyquinoline-P
L-Proline-F,Acetoacetic acid-P
L-Proline-F,Arachidonic acid-P
L-Proline-F,"Butanoic acid, 2,4-bis[(trimethylsilyl)oxy]--P"
L-Proline-F,"Cyclopentanone, 2,2,4-trimethyl--P"
L-Proline-F,"D-Xylofuranose, 1,2,3,5-tetrakis-O--P"
L-Proline-F,Glycolic acid-P
L-Proline-F,Isoxaben-P
L-Proline-F,L-Glutamic acid-P
L-Proline-F,Methyl-3-methoxy-5-methyl benzoate-P
L-Rhamnose-F,1-Hydroxy-3-methoxy-6-methylanthraquinone-P
L-Rhamnose-F,1-Phenethylamine-P
L-Rhamnose-F,"1,2,3,10,11,11a-Hexahydro-6,7,8-trimethoxy-3-oxo-5H-dibenzo(a,d)cycloheptene-P"
L-Rhamnose-F,"1,3-Cyclohexanebis(methylamine)-P"
L-Rhamnose-F,"alpha-L-Galactopyranoside, methyl 6-deoxy-, (R,R,R,S,S)--P"
L-Rhamnose-F,"Azetidine, 1-acetyl-2-methyl--P"
L-Rhamnose-F,"Benzaldehyde, 2,5-dimethyl--P"
L-Rhamnose-F,"D-Isoleucine, N-acetyl--P"
L-Rhamnose-F,DL-Ornithine-P
L-Rhamnose-F,DL-Phenylalanine-P
L-Rhamnose-F,"Erythrono-1,4-lactone, (Z)--P"
L-Rhamnose-F,"Glycine, N-(1-oxobutyl)--P"
L-Rhamnose-F,N-Isobutyrylglycine-P
L-Rhamnose-F,Tetradecanenitrile-P
L-Rhamnose-F,Uracil-P
L-Threonine-F,1-Aminocyclopropanecarboxylic acid-P
L-Threonine-F,1-Monoacetin-P
L-Threonine-F,"1,1'-Biphenyl, 3,4-diethyl--P"
L-Threonine-F,"1,2,3,10,11,11a-Hexahydro-6,7,8-trimethoxy-3-oxo-5H-dibenzo(a,d)cycloheptene-P"
L-Threonine-F,10-Heptadecenoic acid-P
L-Threonine-F,2-Isopropyl-5-methyl-1-heptanol-P
L-Threonine-F,5-Hydroxyquinoline-P
L-Threonine-F,"9,12-Octadecadienoic acid-P"
L-Threonine-F,Acetoacetic acid-P
L-Threonine-F,Arachidonic acid-P
L-Threonine-F,"Butanoic acid, 2,4-bis[(trimethylsilyl)oxy]--P"
L-Threonine-F,DL-Glyceraldehyde-P
L-Threonine-F,Isoxaben-P
L-Threonine-F,Methyl-3-methoxy-5-methyl benzoate-P
L-Threonine-F,Neostigmine-P
L-Threonine-F,Trisaminol-P
L-Valine-F,1-Aminocyclopropanecarboxylic acid-P
L-Valine-F,"1-Butanamine, N,N-diethyl--P"
L-Valine-F,"1-Methyl-N,N-bis(trimethylsilyl)-4-[(trimethylsilyl)oxy]-1H-imidazol-2-amine-P"
L-Valine-F,10-Heptadecenoic acid-P
L-Valine-F,"2,5-Piperazinedione, 3-benzyl-6-isopropyl--P"
L-Valine-F,"2,6-Bis[2-[2-S-thiosulfuroethylamino]ethoxy]pyrazine-P"
L-Valine-F,5-Hydroxyquinoline-P
L-Valine-F,Acetoacetic acid-P
L-Valine-F,Arachidonic acid-P
L-Valine-F,Azatadine-P
L-Valine-F,"Butanoic acid, 2,4-bis[(trimethylsilyl)oxy]--P"
L-Valine-F,D-Fructose-P
L-Valine-F,Dinoseb-P
L-Valine-F,DL-Glyceraldehyde-P
L-Valine-F,Indole-3-lactic acid-P
L-Valine-F,Isofucosterol-P
L-Valine-F,N-Isobutyrylglycine-P
L-Valine-F,N-Methyl-N-(tetrahydro-2-furanylmethyl)-4-piperidinamine-P
L-Valine-F,"N,O-Bis(trimethylsilyl)carbamate-P"
L-Valine-F,Niclosamide-P
L-Valyl-L-leucine-F,1-Aminocyclopropanecarboxylic acid-P
L-Valyl-L-leucine-F,"2,2-Diallylpyrrolidine-P"
L-Valyl-L-leucine-F,3-Hydroxybutyric acid-P
L-Valyl-L-leucine-F,"Cephalotaxine, 3-deoxy-3,11-epoxy-, (3alpha,11alpha)--P"
L-Valyl-L-leucine-F,"Cholest-7-en-3-ol, (3beta,5alpha)--P"
L-Valyl-L-leucine-F,"Dodecane, 4,6-dimethyl--P"
L-Valyl-L-leucine-F,Indole-3-lactic acid-P
L-Valyl-L-leucine-F,Methyl-3-methoxy-5-methyl benzoate-P
L-Valyl-L-leucine-F,Methylmalonic monoamide-P
L-Valyl-L-leucine-F,S-Methyl-L-cysteine-P
L-Valyl-L-leucine-F,Uracil-P
Menthol-F,"1-Octanol, 2-butyl--P"
Menthol-F,"7-Acetyl-6-ethyl-1,1,4,4-tetramethyltetralin-P"
Menthol-F,"Benzene, 1,1'-(1,2-cyclobutanediyl)bis--P"
Menthol-F,"Benzoic acid, methyl ester-P"
Methyl 2-acetamido-2-deoxy-3-O-methyl-alpha-D-galactopyranoside-F,1-Aminocyclopropanecarboxylic acid-P
Methyl 2-acetamido-2-deoxy-3-O-methyl-alpha-D-galactopyranoside-F,3-Amino-2-piperidone-P
Methyl 2-acetamido-2-deoxy-3-O-methyl-alpha-D-galactopyranoside-F,3-Amino-5-morpholinomethyl-2-oxazolidinone-P
Methyl 2-acetamido-2-deoxy-3-O-methyl-alpha-D-galactopyranoside-F,"3-Cyclohexyl-L-alanine amide, N,N,N'N'-tetramethyl--P"
Methyl 2-acetamido-2-deoxy-3-O-methyl-alpha-D-galactopyranoside-F,"9,12-Octadecadienoic acid-P"
Methyl 2-acetamido-2-deoxy-3-O-methyl-alpha-D-galactopyranoside-F,alpha-Linolenic acid-P
Methyl 2-acetamido-2-deoxy-3-O-methyl-alpha-D-galactopyranoside-F,Decanoic acid-P
Methyl 2-acetamido-2-deoxy-3-O-methyl-alpha-D-galactopyranoside-F,Dihydrouracil-P
Methyl 2-acetamido-2-deoxy-3-O-methyl-alpha-D-galactopyranoside-F,Glycolic acid-P
Methyl 2-acetamido-2-deoxy-3-O-methyl-alpha-D-galactopyranoside-F,Indole-3-lactic acid-P
Methyl 2-acetamido-2-deoxy-3-O-methyl-alpha-D-galactopyranoside-F,L-Asparagine-P
Methyl 2-acetamido-2-deoxy-3-O-methyl-alpha-D-galactopyranoside-F,L-Glutamic acid-P
Methyl 2-acetamido-2-deoxy-3-O-methyl-alpha-D-galactopyranoside-F,L-Isoleucine-P
Methyl 2-acetamido-2-deoxy-3-O-methyl-alpha-D-galactopyranoside-F,S-Methyl-L-cysteine-P
Methylmaleic acid-F,1-Aminocyclopropanecarboxylic acid-P
Methylmaleic acid-F,"2,2-Diallylpyrrolidine-P"
Methylmaleic acid-F,3-Amino-5-morpholinomethyl-2-oxazolidinone-P
Methylmaleic acid-F,3-Hydroxybutyric acid-P
Methylmaleic acid-F,"9,12-Octadecadienoic acid-P"
Methylmaleic acid-F,Acetoacetic acid-P
Methylmaleic acid-F,alpha-Linolenic acid-P
Methylmaleic acid-F,"Benzaldehyde, 2,5-dimethyl--P"
Methylmaleic acid-F,"Cephalotaxine, 3-deoxy-3,11-epoxy-, (3alpha,11alpha)--P"
Methylmaleic acid-F,"Cyclopentanone, 2,2,4-trimethyl--P"
Methylmaleic acid-F,"D-Xylofuranose, 1,2,3,5-tetrakis-O--P"
Methylmaleic acid-F,Glyoxime-P
Methylmaleic acid-F,Indole-3-lactic acid-P
Methylmaleic acid-F,L-Glutamic acid-P
Methylmaleic acid-F,Methyl-3-methoxy-5-methyl benzoate-P
Methylmaleic acid-F,"Pyrimidine, 5-methyl-2,4-bis[(trimethylsilyl)oxy]--P"
Methylmaleic acid-F,Sertraline carbamoyl glucuronide-P
Methylsuccinic acid-F,1-Phenethylamine-P
Monomethyl succinate-F,"1,3-Cyclohexanebis(methylamine)-P"
Monomethyl succinate-F,4-Hydroxybenzoic acid-P
Monomethyl succinate-F,DL-Ornithine-P
Monomethyl succinate-F,L-Isoleucine-P
Monomethyl succinate-F,Trimidox-P
Myristic acid-F,"Benzaldehyde, 2,5-dimethyl--P"
Myristic acid-F,"Glycine, N-(1-oxobutyl)--P"
N-(2-hydroxyethyl)-succinimide-F,"5-Cholesten-3beta, 7alpha-bis[(trimethylsilyl)oxy]--P"
N-(2-hydroxyethyl)-succinimide-F,"Benzaldehyde, 2,5-dimethyl--P"
N-(2-hydroxyethyl)-succinimide-F,"Pyrimidine, 5-methyl-2,4-bis[(trimethylsilyl)oxy]--P"
N-Acetyl glucosamine methoxime-F,"1,2-Benzenedicarboxylic acid-P"
N-Acetyl glucosamine methoxime-F,"3-Buten-2-one, 3-trimethylsilyloxy--P"
N-Acetyl glucosamine methoxime-F,"Benzenemethanamine, 2,3-dimethoxy--P"
N-Acetyl glucosamine methoxime-F,Benzyl alcohol-P
N-Acetyl glucosamine methoxime-F,"Propanoic acid, 2-methyl--P"
"N-Acetyl-D-galactosamine, (R,R,R,R)-F","1,3-Cyclohexanebis(methylamine)-P"
"N-Acetyl-D-galactosamine, (R,R,R,R)-F",2-Isopropyl-5-methyl-1-heptanol-P
"N-Acetyl-D-galactosamine, (R,R,R,R)-F",2-Ketoisocaproic acid-P
"N-Acetyl-D-galactosamine, (R,R,R,R)-F",3-Amino-2-piperidone-P
"N-Acetyl-D-galactosamine, (R,R,R,R)-F",3-Methoxysalicylic acid-P
"N-Acetyl-D-galactosamine, (R,R,R,R)-F","Benzaldehyde, 2,5-dimethyl--P"
"N-Acetyl-D-galactosamine, (R,R,R,R)-F",Dinoseb-P
"N-Acetyl-D-galactosamine, (R,R,R,R)-F",DL-Phenylalanine-P
"N-Acetyl-D-galactosamine, (R,R,R,R)-F",Indole-3-lactic acid-P
"N-Acetyl-D-galactosamine, (R,R,R,R)-F",L-Aspartic acid-P
"N-Acetyl-D-galactosamine, (R,R,R,R)-F",Methyl-3-methoxy-5-methyl benzoate-P
"N-Acetyl-D-galactosamine, (R,R,R,R)-F",Methylmalonic monoamide-P
"N-Acetyl-D-galactosamine, (R,R,R,R)-F",Mirin-P
"N-Acetyl-D-galactosamine, (R,R,R,R)-F",Tetradecanenitrile-P
"N-Acetyl-D-galactosamine, (R,R,R,R)-F",Trimidox-P
N-Methyl-L-proline-F,Indole-5-carboxylic acid-P
N-Methyl-L-proline-F,Malic acid-P
Nonanoic acid-F,n-Pentadecanol-P
Norketamine-F,2-Ketoisocaproic acid-P
Norketamine-F,3-Methoxysalicylic acid-P
Norketamine-F,"9,12-Octadecadienoic acid-P"
Norketamine-F,"Cyclopentanone, 2,2,4-trimethyl--P"
Norketamine-F,"Propanoic acid, 2-methyl--P"
Norketamine-F,Trimidox-P
Octanoic acid-F,1-Cyclopentylethanol-P
Octanoic acid-F,Metanephrine-P
Pentadecanoic acid-F,n-Pentadecanol-P
Pentanedioic acid-F,(pm)-Norketamine-P
Pentanedioic acid-F,1-Phenethylamine-P
Pentanedioic acid-F,"1,2-Benzenedicarboxylic acid-P"
Pentanedioic acid-F,"1,4-diazabicyclo[4.3.0]nonan-2,5-dione, 3-methyl-P"
Pentanedioic acid-F,13-Docosenamide-P
Pentanedioic acid-F,"alpha-L-Galactopyranoside, methyl 6-deoxy-, (R,R,R,S,S)--P"
Pentanedioic acid-F,Ammeline-P
Pentanedioic acid-F,"Azetidine, 1-acetyl-2-methyl--P"
Pentanedioic acid-F,"Cholest-22-ene-21-ol, 3,5-dehydro-6-methoxy-, pivalate-P"
Pentanedioic acid-F,D-Ribose-P
Pentanedioic acid-F,"Erythrono-1,4-lactone, (Z)--P"
Pentanedioic acid-F,Ethanolamine-P
Pentanedioic acid-F,Mirin-P
Pentanedioic acid-F,"Phenol, 3,5-bis(1,1-dimethylethyl)--P"
Pentanoic acid-F,"7-Acetyl-6-ethyl-1,1,4,4-tetramethyltetralin-P"
Pentanoic acid-F,Indole-3-carboxaldehyde-P
"Pentitol, 3-desoxy-F",4-Hydroxybenzoic acid-P
"Pentitol, 3-desoxy-F","9,12-Octadecadienoic acid-P"
"Pentitol, 3-desoxy-F",Pyrrole-2-carboxylic acid-P
Phenol-F,1-Hydroxy-3-methoxy-6-methylanthraquinone-P
Phenol-F,"1,2,3,10,11,11a-Hexahydro-6,7,8-trimethoxy-3-oxo-5H-dibenzo(a,d)cycloheptene-P"
Phenol-F,2-Naphthol-P
Phenol-F,"2,2,8,8-Tetramethyl-3,7-dioxa-4-aza-2,8-disilanon-4-ene-P"
Phenol-F,Azatadine-P
Phenol-F,n-Pentadecanol-P
Phenol-F,Pipecolic acid-P
Phenylalanine-F,1-Monoacetin-P
Phenylalanine-F,1-Phenethylamine-P
Phenylalanine-F,10-Heptadecenoic acid-P
Phenylalanine-F,"2-(Decanoyloxy)propane-1,3-diyl dioctanoate-P"
Phenylalanine-F,2-Isopropyl-5-methyl-1-heptanol-P
Phenylalanine-F,5-Hydroxyquinoline-P
Phenylalanine-F,"9,12-Octadecadienoic acid-P"
Phenylalanine-F,Acetoacetic acid-P
Phenylalanine-F,Arachidonic acid-P
Phenylalanine-F,"Butanoic acid, 2,4-bis[(trimethylsilyl)oxy]--P"
Phenylalanine-F,"Cholesta-3,5-diene-P"
Phenylalanine-F,"Cyclopentanone, 2,2,4-trimethyl--P"
Phenylalanine-F,"D-Xylofuranose, 1,2,3,5-tetrakis-O--P"
Phenylalanine-F,Dinoseb-P
Phenylalanine-F,DL-Glyceraldehyde-P
Phenylalanine-F,Isoxaben-P
Phenylalanine-F,Methylmalonic monoamide-P
Phenylalanine-F,N-Isobutyrylglycine-P
Phenylalanine-F,"N,O-Bis(trimethylsilyl)carbamate-P"
Phenylalanine-F,Niclosamide-P
Picolinic acid-F,1-Aminocyclopropanecarboxylic acid-P
Picolinic acid-F,"1,3-Cyclohexanebis(methylamine)-P"
Picolinic acid-F,2-Ketoisocaproic acid-P
Picolinic acid-F,"2,2-Diallylpyrrolidine-P"
Picolinic acid-F,3-Amino-2-piperidone-P
Picolinic acid-F,4-Hydroxybenzoic acid-P
Picolinic acid-F,"Cholest-7-en-3-ol, (3beta,5alpha)--P"
Picolinic acid-F,DL-Ornithine-P
Picolinic acid-F,DL-Phenylalanine-P
Picolinic acid-F,Trimidox-P
Picolinic acid-F,Trisaminol-P
Pimelic acid-F,Quazodine-P
Pipecolic acid-F,"1-Methyl-N,N-bis(trimethylsilyl)-4-[(trimethylsilyl)oxy]-1H-imidazol-2-amine-P"
Pipecolic acid-F,1-Monoacetin-P
Pipecolic acid-F,1-Phenethylamine-P
Pipecolic acid-F,"1,1'-Biphenyl, 3,4-diethyl--P"
Pipecolic acid-F,"1,2-Benzenedicarboxylic acid-P"
Pipecolic acid-F,10-Heptadecenoic acid-P
Pipecolic acid-F,"2-Heptanone, 4,6-dimethyl--P"
Pipecolic acid-F,Acetoacetic acid-P
Pipecolic acid-F,"alpha-L-Galactopyranoside, methyl 6-deoxy-, (R,R,R,S,S)--P"
Pipecolic acid-F,"Azetidine, 1-acetyl-2-methyl--P"
Pipecolic acid-F,"Butanoic acid, 2,4-bis[(trimethylsilyl)oxy]--P"
Pipecolic acid-F,"Erythrono-1,4-lactone, (Z)--P"
Pipecolic acid-F,L-Aspartic acid-P
Pipecolic acid-F,L-Leucine-P
Pipecolic acid-F,Methyl-3-methoxy-5-methyl benzoate-P
Pipecolic acid-F,N-Isobutyrylglycine-P
Pipecolic acid-F,N-Isovaleroylglycine-P
Pipecolic acid-F,"Pyrimidine, 5-methyl-2,4-bis[(trimethylsilyl)oxy]--P"
"Propane, 2-methyl-F",Indole-3-carboxaldehyde-P
"Propanoic acid, 2-oxo-F",2-Heptenoic acid-P
"Propanoic acid, 2-oxo-F",2-Pyrrolidinone-P
"Propanoic acid, 2-oxo-F",3-Hydroxyisovaleric acid-P
"Propanoic acid, 2-oxo-F",3-Indoleacetic acid-P
"Propanoic acid, 2-oxo-F",Hydroquinidine-P
"Propanoic acid, 2-oxo-F",n-Pentadecanol-P
"Propanoic acid, 2-oxo-F",Tartronic acid-P
Pyridoxic acid-F,Trimidox-P
Pyrogallol-F,"1,3,5-Benzetriol-P"
Pyrogallol-F,5-Henicosylresorcinol-P
Pyrogallol-F,"D-(+)-Ribono-1,4-lactone (R,S,R)--P"
Pyrogallol-F,"Ethanone, 1-(2,5-dimethoxyphenyl)--P"
Pyrogallol-F,Hexanoic acid-P
Pyrrole-2-carboxylic acid-F,"1-Decene, 8-methyl--P"
Pyrrole-2-carboxylic acid-F,10-Heptadecenoic acid-P
Pyrrole-2-carboxylic acid-F,3-Methoxysalicylic acid-P
Pyrrole-2-carboxylic acid-F,"5-Cholesten-3beta, 7alpha-bis[(trimethylsilyl)oxy]--P"
Pyrrole-2-carboxylic acid-F,Arachidonic acid-P
Pyrrole-2-carboxylic acid-F,Bis(trimethylsilyl)acetylene-P
Pyrrole-2-carboxylic acid-F,DL-Glyceraldehyde-P
Pyrrole-2-carboxylic acid-F,"Erythrono-1,4-lactone, (Z)--P"
Pyrrole-2-carboxylic acid-F,Isofucosterol-P
Pyrrole-2-carboxylic acid-F,L-Aspartic acid-P
Pyrrole-2-carboxylic acid-F,Metanephrine-P
Pyrrole-2-carboxylic acid-F,N-Isobutyrylglycine-P
Ribonic acid-F,(pm)-Norketamine-P
Ribonic acid-F,"D-Xylofuranose, 1,2,3,5-tetrakis-O--P"
Ribonic acid-F,"Inosose-2, 1,3,4,5,6-pentakis--P"
Salsoline-F,(pm)-Norketamine-P
Salsoline-F,1-Hydroxy-3-methoxy-6-methylanthraquinone-P
Salsoline-F,"2,3,4-Trihydroxybutyric acid tetrakis-P"
Salsoline-F,3-Hexenedinitrile-P
Salsoline-F,3-Hydroxybutyric acid-P
Salsoline-F,4-Hydroxybenzoic acid-P
Salsoline-F,"Benzaldehyde, 2,5-dimethyl--P"
Salsoline-F,D-Ribose-P
Salsoline-F,DL-Ornithine-P
Salsoline-F,DL-Phenylalanine-P
Salsoline-F,Glyceric acid-P
Salsoline-F,"Glycine, N-(1-oxobutyl)--P"
Salsoline-F,Hydracrylic acid-P
Salsoline-F,L-5-Oxoproline-P
Salsoline-F,L-Leucine-P
Salsoline-F,Methylmalonic monoamide-P
Salsoline-F,Mirin-P
Salsoline-F,Quazodine-P
Salsoline-F,Uracil-P
Sebacic acid-F,2-Hydroxy-5-methoxybenzaldehyde-P
Sebacic acid-F,"beta-D-Galactofuranose, 1,2,3,5,6-pentakis-O-(trimethylsilyl)--P"
Sebacic acid-F,Ketamine-P
Serine-F,"1-Butanamine, N,N-diethyl--P"
Serine-F,"2-(Decanoyloxy)propane-1,3-diyl dioctanoate-P"
Serine-F,2-Isopropyl-5-methyl-1-heptanol-P
Serine-F,"2,2-Diallylpyrrolidine-P"
Serine-F,"2,3,4-Trihydroxybutyric acid tetrakis-P"
Serine-F,3-Amino-2-piperidone-P
Serine-F,3-Aminobutanoic acid-P
Serine-F,"9,12-Octadecadienoic acid-P"
Serine-F,Aceturic acid-P
Serine-F,"Cephalotaxine, 3-deoxy-3,11-epoxy-, (3alpha,11alpha)--P"
Serine-F,"Cyclopentanone, 2,2,4-trimethyl--P"
Serine-F,D-Fructose-P
Serine-F,Dinoseb-P
Serine-F,"Glycine, N-(N-DL-leucylglycyl)--P"
Serine-F,Glycolic acid-P
Serine-F,Metanephrine-P
Serine-F,Methyl-3-methoxy-5-methyl benzoate-P
Serine-F,Methylmalonic monoamide-P
Serine-F,Sertraline carbamoyl glucuronide-P
Serine-F,Trimidox-P
Suberic acid-F,"1,2,3,10,11,11a-Hexahydro-6,7,8-trimethoxy-3-oxo-5H-dibenzo(a,d)cycloheptene-P"
Suberic acid-F,"2,2-Diallylpyrrolidine-P"
Suberic acid-F,"2,2,8,8-Tetramethyl-3,7-dioxa-4-aza-2,8-disilanon-4-ene-P"
Suberic acid-F,"2,3,4-Trihydroxybutyric acid tetrakis-P"
Suberic acid-F,"2,5-Dimethoxymandelic acid-P"
Suberic acid-F,3-Amino-2-piperidone-P
Suberic acid-F,"Azetidine, 1-acetyl-2-methyl--P"
Suberic acid-F,"Cetaben, N,O-bis(trimethylsilyl)--P"
Suberic acid-F,"Cholest-22-ene-21-ol, 3,5-dehydro-6-methoxy-, pivalate-P"
Suberic acid-F,Dihydrouracil-P
Suberic acid-F,"Glycine, N-(N-DL-leucylglycyl)--P"
Suberic acid-F,Naphthofluorescein-P
Suberic acid-F,"Propanoic acid, 2-methyl--P"
Suberic acid-F,Trimidox-P
Supraene-F,1-Phenethylamine-P
Supraene-F,"1,2,3,10,11,11a-Hexahydro-6,7,8-trimethoxy-3-oxo-5H-dibenzo(a,d)cycloheptene-P"
Supraene-F,10-Heptadecenoic acid-P
Supraene-F,"2-(Decanoyloxy)propane-1,3-diyl dioctanoate-P"
Supraene-F,"2,2,8,8-Tetramethyl-3,7-dioxa-4-aza-2,8-disilanon-4-ene-P"
Supraene-F,5-Hydroxyquinoline-P
Supraene-F,"9,12-Octadecadienoic acid-P"
Supraene-F,Acetoacetic acid-P
Supraene-F,"Butanoic acid, 2,4-bis[(trimethylsilyl)oxy]--P"
Supraene-F,Cadaverine-P
Supraene-F,"Cholesta-3,5-diene-P"
Supraene-F,"Cyclopentanone, 2,2,4-trimethyl--P"
Supraene-F,DL-Glyceraldehyde-P
Supraene-F,"Erythrono-1,4-lactone, (Z)--P"
Supraene-F,L-Leucine-P
Supraene-F,Metanephrine-P
Supraene-F,Mirin-P
Supraene-F,N-Isobutyrylglycine-P
Supraene-F,Palmitelaidic acid-P
Syringaldehyde-F,(pm)-Norketamine-P
Syringaldehyde-F,"2,3,4-Trihydroxybutyric acid tetrakis-P"
Syringaldehyde-F,Ammeline-P
Syringaldehyde-F,"D-(+)-Ribono-1,4-lactone (R,S,R)--P"
Syringaldehyde-F,D-Leucylglycylglycine-P
Syringaldehyde-F,D-Ribose-P
Syringaldehyde-F,DL-Ornithine-P
Syringaldehyde-F,L-Aspartic acid-P
Syringaldehyde-F,N-Isobutyrylglycine-P
Tetrahydrogeranyl formate-F,"2,6-Dimethyl-N-[3-(trimethylsilyl)-1,3-thiazinan-2-ylidene]aniline-P"
Thymidine-F,"9,12-Octadecadienoic acid-P"
Thymidine-F,Indole-3-lactic acid-P
Thymidine-F,Methyl-3-methoxy-5-methyl benzoate-P
Thymidine-F,"Phenol, 3,5-bis(1,1-dimethylethyl)--P"
Tricine-F,DL-Ornithine-P
"Trimethylsilyl (5-benzyl-3,6-dioxopiperazin-2-yl)acetate-F",3-Methoxysalicylic acid-P
"Trimethylsilyl (5-benzyl-3,6-dioxopiperazin-2-yl)acetate-F","Cetaben, N,O-bis(trimethylsilyl)--P"
"Trimethylsilyl (5-benzyl-3,6-dioxopiperazin-2-yl)acetate-F",L-Tryptophan-P
"Trimethylsilyl (5-benzyl-3,6-dioxopiperazin-2-yl)acetate-F",Trimidox-P
Tripropylene glycol monomethyl ether-F,(pm)-N-Propylamphetamine-P
Tripropylene glycol monomethyl ether-F,Guanabenz-P
Tripropylene glycol monomethyl ether-F,"L-Lysine, ethyl ester-P"
Tyrosine-F,"1-Butanamine, N,N-diethyl--P"
Tyrosine-F,1-Monoacetin-P
Tyrosine-F,1-Phenethylamine-P
Tyrosine-F,"1,1'-Biphenyl, 3,4-diethyl--P"
Tyrosine-F,"1,2,3,10,11,11a-Hexahydro-6,7,8-trimethoxy-3-oxo-5H-dibenzo(a,d)cycloheptene-P"
Tyrosine-F,10-Heptadecenoic acid-P
Tyrosine-F,"2-(Decanoyloxy)propane-1,3-diyl dioctanoate-P"
Tyrosine-F,"2-Heptanone, 4,6-dimethyl--P"
Tyrosine-F,2-Isopropyl-5-methyl-1-heptanol-P
Tyrosine-F,"2,2,8,8-Tetramethyl-3,7-dioxa-4-aza-2,8-disilanon-4-ene-P"
Tyrosine-F,3-Aminobutanoic acid-P
Tyrosine-F,5-Hydroxyquinoline-P
Tyrosine-F,"9,12-Octadecadienoic acid-P"
Tyrosine-F,Arachidonic acid-P
Tyrosine-F,"Azetidine, 1-acetyl-2-methyl--P"
Tyrosine-F,"Butanoic acid, 2,4-bis[(trimethylsilyl)oxy]--P"
Tyrosine-F,"Cephalotaxine, 3-deoxy-3,11-epoxy-, (3alpha,11alpha)--P"
Tyrosine-F,"Cyclopentanone, 2,2,4-trimethyl--P"
Tyrosine-F,D-Fructose-P
Tyrosine-F,"D-Xylofuranose, 1,2,3,5-tetrakis-O--P"
Tyrosine-F,Dinoseb-P
Tyrosine-F,DL-Glyceraldehyde-P
Tyrosine-F,"Glycine, N-(N-DL-leucylglycyl)--P"
Tyrosine-F,Heptadecanoic acid-P
Tyrosine-F,L-Hydroxyproline-P
Tyrosine-F,Metanephrine-P
Tyrosine-F,Methylmalonic monoamide-P
Tyrosine-F,N-Isobutyrylglycine-P
Tyrosine-F,N-Methyl-N-(tetrahydro-2-furanylmethyl)-4-piperidinamine-P
Tyrosine-F,"N,O-Bis(trimethylsilyl)carbamate-P"
Tyrosine-F,Neostigmine-P
Undecanoic acid-F,"Octane, 1-propoxy--P"
Undecanoic acid-F,Trimidox-P
Uracil-F,"1,1'-Biphenyl, 3,4-diethyl--P"
Uracil-F,10-Heptadecenoic acid-P
Uracil-F,Acetoacetic acid-P
Uracil-F,Arsenous acid-P
Uracil-F,"Benzaldehyde, 2,5-dimethyl--P"
Uracil-F,"Benzene, 3-cyclohexen-1-yl--P"
Uracil-F,"Butanoic acid, 2,4-bis[(trimethylsilyl)oxy]--P"
Uracil-F,"Cholesta-3,5-diene-P"
Uracil-F,"Cyclopentanone, 2,2,4-trimethyl--P"
Uracil-F,DL-Glyceraldehyde-P
Uracil-F,DL-Phenylalanine-P
Uracil-F,Glyceric acid-P
Uracil-F,Indole-3-lactic acid-P
Uracil-F,Isoxaben-P
Uracil-F,L-Aspartic acid-P
Uracil-F,L-Hydroxyproline-P
Uracil-F,L-Leucine-P
Uracil-F,Methyl-3-methoxy-5-methyl benzoate-P
Uracil-F,Methylmalonic monoamide-P
Uracil-F,Palmitelaidic acid-P
Uracil-F,Quazodine-P
Urea-F,7-(Trimethylsilyl)amino-4-methylcoumarin-P
Urea-F,beta-Lyxopyranose-P
Urea-F,Delorazepam-P
Urea-F,Dinoseb-P
Urea-F,Guanabenz-P
Urea-F,Hydroquinone-P
Urea-F,L-Tryptophan-P
Urea-F,Phloroglucinol-P
Uridine-F,"1,2-Benzenedicarboxylic acid-P"
Uridine-F,L-Hydroxyproline-P
Vanillin-F,(pm)-Norketamine-P
Vanillin-F,1-Phenethylamine-P
Vanillin-F,10-Heptadecenoic acid-P
Vanillin-F,"2-Heptanone, 4,6-dimethyl--P"
Vanillin-F,Acetoacetic acid-P
Vanillin-F,"beta-d-Fructopyranose, 1-deoxy-1-(4-morpholinyl)-2,3,4,5-tetrakis-O-(trimethylsilyl)--P"
Vanillin-F,"Butanoic acid, 2,4-bis[(trimethylsilyl)oxy]--P"
Vanillin-F,"Cyclopentanone, 2,2,4-trimethyl--P"
Vanillin-F,Dobutamine-P
Vanillin-F,Glyceric acid-P
Vanillin-F,L-Hydroxyproline-P
Vanillin-F,Metanephrine-P
Vanillin-F,Mirin-P
Vanillin-F,Quazodine-P
Vanillin-F,Tetradecanenitrile-P
Xylazine-F,2-Heptenoic acid-P
Xylazine-F,3-Hydroxyisovaleric acid-P
Xylazine-F,4-Hydroxy-5-(hydroxymethyl)oxolan-2-one-P
Xylazine-F,beta-Hydroxypyruvic acid-P
Xylazine-F,"L-Lysine, ethyl ester-P"
Xylazine-F,N-Valerylglycine-P
Xylazine-F,Tartronic acid-P
Xylazine-F,Trimethylsilyl oct-2-enoate-P
"Xylonic acid, delta-lactone-F",Niacin-P
Xylose-F,2-Methylglutaconic acid-P
Xylose-F,"2,2,4-Trimethyl-1,3-pentanediol diisobutyrate-P"
Xylose-F,3-Hydroxyisovaleric acid-P
Xylose-F,3'-Hydroxyacetophenone-P
Xylose-F,4-Cumylphenol-P
Xylose-F,Benzophenone-P
Xylose-F,Diphenyl ether-P
Xylose-F,"L-Lysine, ethyl ester-P"
Xylose-F,Nitrosothymol-P
Xylose-F,"Pentenoic acid, 4-[(trimethylsilyl)oxy]--P"
Xylose-F,Propylamine-P
"(2S,3R)-3-[(4E,7E)-Nona-4,7-dienoyl]-N,N-bis(trimethylsilyl)oxirane-2-carboxamide-P","1,2-Benzenedicarboxylic acid-P"
"(2S,3R)-3-[(4E,7E)-Nona-4,7-dienoyl]-N,N-bis(trimethylsilyl)oxirane-2-carboxamide-P",4-Hydroxyphenyllactic acid-P
"(2S,3R)-3-[(4E,7E)-Nona-4,7-dienoyl]-N,N-bis(trimethylsilyl)oxirane-2-carboxamide-P",Ethanolamine-P
"(2S,3R)-3-[(4E,7E)-Nona-4,7-dienoyl]-N,N-bis(trimethylsilyl)oxirane-2-carboxamide-P",N-Valerylglycine-P
(CH3)2C=NC2H558-P,2-Hydroxy-5-methoxybenzaldehyde-P
(CH3)2C=NC2H558-P,"2,5-Cyclohexadiene-1,4-dione, 2,6-bis(1,1-dimethylethyl)--P"
(CH3)2C=NC2H558-P,"Benzoic acid, methyl ester-P"
(pm)-alpha-Tocopherol acetate-P,"(R*,S*)-2,3-Dihydroxybutanoic acid-P"
(pm)-alpha-Tocopherol acetate-P,1-Deoxypentitol-P
(pm)-alpha-Tocopherol acetate-P,"1,2,3,10,11,11a-Hexahydro-6,7,8-trimethoxy-3-oxo-5H-dibenzo(a,d)cycloheptene-P"
(pm)-alpha-Tocopherol acetate-P,"1,3,5-Benzetriol-P"
(pm)-alpha-Tocopherol acetate-P,"2-Allyl-1,4-dimethoxybenzene-P"
(pm)-alpha-Tocopherol acetate-P,2-Methyl-4-pentenoic acid-P
(pm)-alpha-Tocopherol acetate-P,2-Naphthol-P
(pm)-alpha-Tocopherol acetate-P,"2,2,4-Trimethyl-1,3-pentanediol diisobutyrate-P"
(pm)-alpha-Tocopherol acetate-P,"2,3,4-Trihydroxybutyric acid tetrakis-P"
(pm)-alpha-Tocopherol acetate-P,3-Hexenedinitrile-P
(pm)-alpha-Tocopherol acetate-P,"3beta,4beta-Bis(trimethylsiloxy)cholest-5-ene-P"
(pm)-alpha-Tocopherol acetate-P,5-Hydroxyquinoline-P
(pm)-alpha-Tocopherol acetate-P,5-Hydroxytryptophan-P
(pm)-alpha-Tocopherol acetate-P,"6,7,4'-Trihydroxyisoflavone-P"
(pm)-alpha-Tocopherol acetate-P,Benzeneacetic acid-P
(pm)-alpha-Tocopherol acetate-P,"Benzimidazole, 5-trifluoromethyl-2-methyl--P"
(pm)-alpha-Tocopherol acetate-P,"Benzoic acid, pentadecyl ester-P"
(pm)-alpha-Tocopherol acetate-P,Benzophenone-P
(pm)-alpha-Tocopherol acetate-P,"beta-D-Galactofuranose, 1,2,3,5,6-pentakis-O-(trimethylsilyl)--P"
(pm)-alpha-Tocopherol acetate-P,5-Hydroxyhexanoic acid-P
(pm)-alpha-Tocopherol acetate-P,"Butanoic acid, 2,4-bis[(trimethylsilyl)oxy]--P"
(pm)-alpha-Tocopherol acetate-P,"Cyclopentaneacetic acid, 3-oxo-2-pentyl--P"
(pm)-alpha-Tocopherol acetate-P,D-Fructose-P
(pm)-alpha-Tocopherol acetate-P,Dinoseb-P
(pm)-alpha-Tocopherol acetate-P,Diphenyl ether-P
(pm)-alpha-Tocopherol acetate-P,DL-Glyceraldehyde-P
(pm)-alpha-Tocopherol acetate-P,"Erythrono-1,4-lactone, (Z)--P"
(pm)-alpha-Tocopherol acetate-P,Glyoxime-P
(pm)-alpha-Tocopherol acetate-P,Hexanedioic acid-P
(pm)-alpha-Tocopherol acetate-P,Hydracrylic acid-P
(pm)-alpha-Tocopherol acetate-P,Isofucosterol-P
(pm)-alpha-Tocopherol acetate-P,Isopropyl palmitate-P
(pm)-alpha-Tocopherol acetate-P,Itaconic acid-P
(pm)-alpha-Tocopherol acetate-P,Methyl aminoacetate-P
(pm)-alpha-Tocopherol acetate-P,p-Hydroxydiisopropylbenzene-P
(pm)-alpha-Tocopherol acetate-P,"Pentenoic acid, 4-[(trimethylsilyl)oxy]--P"
(pm)-alpha-Tocopherol acetate-P,Pimelic acid-P
(pm)-alpha-Tocopherol acetate-P,"Propanetriol, 2-methyl--P"
(pm)-alpha-Tocopherol acetate-P,"Stigmast-5-ene, 3beta--P"
(pm)-alpha-Tocopherol acetate-P,Tartronic acid-P
(pm)-alpha-Tocopherol acetate-P,Triethanolamine-P
(pm)-alpha-Tocopherol acetate-P,L-Tyrosine-P
(pm)-N-Propylamphetamine-P,"5alpha-Pregnane-3,20-dione-P"
(pm)-Norketamine-P,L-Leucine-P
(pm)-Norketamine-P,Naphthofluorescein-P
(pm)-Phenylpropanolamine-P,3-(2-Hydroxyethyl)imidazole-2-thione-P
(pm)-Phenylpropanolamine-P,3-Indolepropionic acid-P
(pm)-Phenylpropanolamine-P,Decanoic acid-P
"(R*,S*)-2,3-Dihydroxybutanoic acid-P","1-Butanamine, N,N-diethyl--P"
"(R*,S*)-2,3-Dihydroxybutanoic acid-P","1,2-Butadiene, 1,1,4-triphenyl-3-trimethylsilyl-4-trimethylsilyloxy--P"
"(R*,S*)-2,3-Dihydroxybutanoic acid-P","3,4-dimethyl-5-(3,4-methylenedioxy)phenyloxazolidine-P"
"(R*,S*)-2,3-Dihydroxybutanoic acid-P",5-Hydroxyquinoline-P
"(R*,S*)-2,3-Dihydroxybutanoic acid-P",Acetoacetic acid-P
"(R*,S*)-2,3-Dihydroxybutanoic acid-P",Benzeneacetamide-P
"(R*,S*)-2,3-Dihydroxybutanoic acid-P","Benzoic acid, pentadecyl ester-P"
"(R*,S*)-2,3-Dihydroxybutanoic acid-P",Benzophenone-P
"(R*,S*)-2,3-Dihydroxybutanoic acid-P","Butanoic acid, 2,4-bis[(trimethylsilyl)oxy]--P"
"(R*,S*)-2,3-Dihydroxybutanoic acid-P",Diphenyl ether-P
"(R*,S*)-2,3-Dihydroxybutanoic acid-P",DL-Glyceraldehyde-P
"(R*,S*)-2,3-Dihydroxybutanoic acid-P",Isofucosterol-P
"(R*,S*)-2,3-Dihydroxybutanoic acid-P",Nonadecanoic acid-P
"(R*,S*)-2,3-Dihydroxybutanoic acid-P",Phenoxyacetic acid-P
"(S,S)-(-)-Hydrobenzoin-P",3-Methoxysalicylic acid-P
"(S,S)-(-)-Hydrobenzoin-P","Acetic acid, bis[(trimethylsilyl)oxyl]--P"
1-(3-Methylphenyl)piperazine-P,1-(4-Hydroxybenzylidene)acetone-P
1-(3-Methylphenyl)piperazine-P,"1,2-Butadiene, 1,1,4-triphenyl-3-trimethylsilyl-4-trimethylsilyloxy--P"
1-(3-Methylphenyl)piperazine-P,Benzophenone-P
1-(3-Methylphenyl)piperazine-P,Phlorizin-P
1-(4-Hydroxybenzylidene)acetone-P,"1,2-Butadiene, 1,1,4-triphenyl-3-trimethylsilyl-4-trimethylsilyloxy--P"
1-(4-Hydroxybenzylidene)acetone-P,"1,3-bis[(Trimethylsilyl)ethynyl]benzene-P"
1-(4-Hydroxybenzylidene)acetone-P,"2-Allyl-1,4-dimethoxybenzene-P"
1-(4-Hydroxybenzylidene)acetone-P,"2-Hexenoic acid, 2-[(trimethylsilyl)oxy]--P"
1-(4-Hydroxybenzylidene)acetone-P,2-Naphthol-P
1-(4-Hydroxybenzylidene)acetone-P,"2,2,4-Trimethyl-1,3-pentanediol diisobutyrate-P"
1-(4-Hydroxybenzylidene)acetone-P,"2,5-Piperazinedione, 3-benzyl-6-isopropyl--P"
1-(4-Hydroxybenzylidene)acetone-P,3-Amino-5-morpholinomethyl-2-oxazolidinone-P
1-(4-Hydroxybenzylidene)acetone-P,3-Hexenedinitrile-P
1-(4-Hydroxybenzylidene)acetone-P,3-Hydroxyisovaleric acid-P
1-(4-Hydroxybenzylidene)acetone-P,"3,5-Dimethylpyrazole-P"
1-(4-Hydroxybenzylidene)acetone-P,"3beta,4beta-Bis(trimethylsiloxy)cholest-5-ene-P"
1-(4-Hydroxybenzylidene)acetone-P,4-Hydroxy-5-(hydroxymethyl)oxolan-2-one-P
1-(4-Hydroxybenzylidene)acetone-P,alpha-Tocopherol-P
1-(4-Hydroxybenzylidene)acetone-P,Azatadine-P
1-(4-Hydroxybenzylidene)acetone-P,"Benzimidazole, 5-trifluoromethyl-2-methyl--P"
1-(4-Hydroxybenzylidene)acetone-P,Benzophenone-P
1-(4-Hydroxybenzylidene)acetone-P,"Butanoic acid, 2,4-bis[(trimethylsilyl)oxy]--P"
1-(4-Hydroxybenzylidene)acetone-P,"Cyclopentaneacetic acid, 3-oxo-2-pentyl--P"
1-(4-Hydroxybenzylidene)acetone-P,Dinoseb-P
1-(4-Hydroxybenzylidene)acetone-P,Diphenyl ether-P
1-(4-Hydroxybenzylidene)acetone-P,DL-Glyceraldehyde-P
1-(4-Hydroxybenzylidene)acetone-P,Hydantoic acid-P
1-(4-Hydroxybenzylidene)acetone-P,Isofucosterol-P
1-(4-Hydroxybenzylidene)acetone-P,Isopropyl palmitate-P
1-(4-Hydroxybenzylidene)acetone-P,L-Threitol-P
1-(4-Hydroxybenzylidene)acetone-P,Methyl aminoacetate-P
1-(4-Hydroxybenzylidene)acetone-P,N-Isovaleroylglycine-P
1-(4-Hydroxybenzylidene)acetone-P,N-Methyl-N-(tetrahydro-2-furanylmethyl)-4-piperidinamine-P
1-(4-Hydroxybenzylidene)acetone-P,"N,N-Diethyl-2-aminoethanol-P"
1-(4-Hydroxybenzylidene)acetone-P,Niclosamide-P
1-(4-Hydroxybenzylidene)acetone-P,p-Toluic acid-P
1-(4-Hydroxybenzylidene)acetone-P,Phenoxyacetic acid-P
1-(4-Hydroxybenzylidene)acetone-P,Phloroglucinol-P
1-(4-Hydroxybenzylidene)acetone-P,Propylamine-P
1-(4-Hydroxybenzylidene)acetone-P,S-Methyl-L-cysteine-P
1-(4-Hydroxybenzylidene)acetone-P,"Stigmast-5-ene, 3beta--P"
1-(4-Hydroxybenzylidene)acetone-P,Triethanolamine-P
1-Aminocyclopropanecarboxylic acid-P,3-Amino-2-piperidone-P
1-Aminocyclopropanecarboxylic acid-P,"3-Cyclohexyl-L-alanine amide, N,N,N'N'-tetramethyl--P"
1-Aminocyclopropanecarboxylic acid-P,Glycine-P
"1-Butanamine, N,N-diethyl--P",1-Octanol-P
"1-Butanamine, N,N-diethyl--P","1,2-Butadiene, 1,1,4-triphenyl-3-trimethylsilyl-4-trimethylsilyloxy--P"
"1-Butanamine, N,N-diethyl--P",12-Oxooctadecanoate-P
"1-Butanamine, N,N-diethyl--P","2-Propanone, bis(1-methylethyl)hydrazone-P"
"1-Butanamine, N,N-diethyl--P","2,5-Piperazinedione, 3-benzyl-6-isopropyl--P"
"1-Butanamine, N,N-diethyl--P",3-Amino-5-morpholinomethyl-2-oxazolidinone-P
"1-Butanamine, N,N-diethyl--P",3-Hydroxyisovaleric acid-P
"1-Butanamine, N,N-diethyl--P",5-Henicosylresorcinol-P
"1-Butanamine, N,N-diethyl--P","Butanal, 2,3,4-tris[(trimethylsilyl)oxy]-, O-methyloxime, [R-(R*,R*)]--P"
"1-Butanamine, N,N-diethyl--P","Cholest-22-ene-21-ol, 3,5-dehydro-6-methoxy-, pivalate-P"
"1-Butanamine, N,N-diethyl--P",Dodecylcyclohexane-P
"1-Butanamine, N,N-diethyl--P","Glycine, N-(N-DL-leucylglycyl)--P"
"1-Butanamine, N,N-diethyl--P",Levulinic acid-P
"1-Butanamine, N,N-diethyl--P",Myristic acid-P
1-Cyclopentylethanol-P,1-Phenylethanol-P
1-Cyclopentylethanol-P,1-Tetradecanol-P
1-Cyclopentylethanol-P,"1,2-Butadiene, 1,1,4-triphenyl-3-trimethylsilyl-4-trimethylsilyloxy--P"
1-Cyclopentylethanol-P,10-Heptadecenoic acid-P
1-Cyclopentylethanol-P,"2-(Decanoyloxy)propane-1,3-diyl dioctanoate-P"
1-Cyclopentylethanol-P,2-Methyl-4-pentenoic acid-P
1-Cyclopentylethanol-P,2-Naphthol-P
1-Cyclopentylethanol-P,"2-Propanone, bis(1-methylethyl)hydrazone-P"
1-Cyclopentylethanol-P,"2,2,4-Trimethyl-1,3-pentanediol diisobutyrate-P"
1-Cyclopentylethanol-P,3-Hydroxyisovaleric acid-P
1-Cyclopentylethanol-P,"3,5-Dimethylpyrazole-P"
1-Cyclopentylethanol-P,"Benzaldehyde, 2,5-dimethyl--P"
1-Cyclopentylethanol-P,"Benzimidazole, 5-trifluoromethyl-2-methyl--P"
1-Cyclopentylethanol-P,"Benzoic acid, pentadecyl ester-P"
1-Cyclopentylethanol-P,Benzophenone-P
1-Cyclopentylethanol-P,Dehydronorketamine-P
1-Cyclopentylethanol-P,Diphenyl ether-P
1-Cyclopentylethanol-P,Isofucosterol-P
1-Cyclopentylethanol-P,Metanephrine-P
1-Cyclopentylethanol-P,Neostigmine-P
1-Cyclopentylethanol-P,Nonadecanoic acid-P
1-Cyclopentylethanol-P,Phenoxyacetic acid-P
1-Cyclopentylethanol-P,Phlorizin-P
1-Cyclopentylethanol-P,Phloroglucinol-P
1-Cyclopentylethanol-P,S-Methyl-L-cysteine-P
1-Cyclopentylethanol-P,Salsoline-P
1-Cyclopentylethanol-P,"Stigmast-5-ene, 3beta--P"
1-Cyclopentylethanol-P,L-Tyrosine-P
"1-Decene, 8-methyl--P","2-(Decanoyloxy)propane-1,3-diyl dioctanoate-P"
"1-Decene, 8-methyl--P",Bis(trimethylsilyl)acetylene-P
1-Deoxypentitol-P,1-Tetradecanol-P
1-Deoxypentitol-P,"2-(Decanoyloxy)propane-1,3-diyl dioctanoate-P"
1-Deoxypentitol-P,"2-Hexenoic acid, 2-[(trimethylsilyl)oxy]--P"
1-Deoxypentitol-P,2-Naphthol-P
1-Deoxypentitol-P,"3,5-Dimethylpyrazole-P"
1-Deoxypentitol-P,"Benzaldehyde, 2,5-dimethyl--P"
1-Deoxypentitol-P,"beta-d-Fructopyranose, 1-deoxy-1-(4-morpholinyl)-2,3,4,5-tetrakis-O-(trimethylsilyl)--P"
1-Deoxypentitol-P,"beta-D-Galactofuranose, 1,2,3,5,6-pentakis-O-(trimethylsilyl)--P"
1-Deoxypentitol-P,"Butanoic acid, 2,4-bis[(trimethylsilyl)oxy]--P"
1-Deoxypentitol-P,"Cholest-22-ene-21-ol, 3,5-dehydro-6-methoxy-, pivalate-P"
1-Deoxypentitol-P,"Cyclopentaneacetic acid, 3-oxo-2-pentyl--P"
1-Deoxypentitol-P,D-(-)-Citramalic acid-P
1-Deoxypentitol-P,"Furan, 2-pentyl--P"
1-Deoxypentitol-P,L-Threitol-P
1-Deoxypentitol-P,Methyl-3-methoxy-5-methyl benzoate-P
1-Deoxypentitol-P,N-Isovaleroylglycine-P
1-Deoxypentitol-P,N-Methyl-N-(tetrahydro-2-furanylmethyl)-4-piperidinamine-P
1-Deoxypentitol-P,"Pentanedioic acid, 3-methyl-3-[(trimethylsilyl)oxy]--P"
1-Deoxypentitol-P,S-Methyl-L-cysteine-P
1-Deoxypentitol-P,"Stigmast-5-ene, 3beta--P"
1-Deoxypentitol-P,Tartronic acid-P
1-Deoxypentitol-P,Triethanolamine-P
1-Hexadecanol-P,1-Hexanol-P
1-Hexadecanol-P,"Benzene, 1,1'-(1,2-cyclobutanediyl)bis--P"
1-Hexadecanol-P,"Benzene, 3-cyclohexen-1-yl--P"
1-Hexadecanol-P,"D-Isoleucine, N-acetyl--P"
1-Hexadecanol-P,Decanoic acid-P
1-Hexadecanol-P,Glucose-P
1-Hexadecanol-P,L-5-Oxoproline-P
1-Hexadecanol-P,Methyl isovanillate-P
1-Hexadecanol-P,Octanoic acid-P
1-Hydroxy-3-methoxy-6-methylanthraquinone-P,Butylated Hydroxytoluene-P
1-Hydroxy-3-methoxy-6-methylanthraquinone-P,Glyoxime-P
"1-Methyl-N,N-bis(trimethylsilyl)-4-[(trimethylsilyl)oxy]-1H-imidazol-2-amine-P",1-Monoacetin-P
"1-Methyl-N,N-bis(trimethylsilyl)-4-[(trimethylsilyl)oxy]-1H-imidazol-2-amine-P",10-Heptadecenoic acid-P
"1-Methyl-N,N-bis(trimethylsilyl)-4-[(trimethylsilyl)oxy]-1H-imidazol-2-amine-P",5-Hydroxytryptophan-P
"1-Methyl-N,N-bis(trimethylsilyl)-4-[(trimethylsilyl)oxy]-1H-imidazol-2-amine-P",Benzophenone-P
"1-Methyl-N,N-bis(trimethylsilyl)-4-[(trimethylsilyl)oxy]-1H-imidazol-2-amine-P",Cholesterol-P
"1-Methyl-N,N-bis(trimethylsilyl)-4-[(trimethylsilyl)oxy]-1H-imidazol-2-amine-P",Diphenyl ether-P
"1-Methyl-N,N-bis(trimethylsilyl)-4-[(trimethylsilyl)oxy]-1H-imidazol-2-amine-P",L-Aspartic acid-P
"1-Methyl-N,N-bis(trimethylsilyl)-4-[(trimethylsilyl)oxy]-1H-imidazol-2-amine-P",L-Glutamic acid-P
"1-Methyl-N,N-bis(trimethylsilyl)-4-[(trimethylsilyl)oxy]-1H-imidazol-2-amine-P",Neostigmine-P
"1-Methyl-N,N-bis(trimethylsilyl)-4-[(trimethylsilyl)oxy]-1H-imidazol-2-amine-P",Phenoxyacetic acid-P
1-Monoacetin-P,"1,2-Butadiene, 1,1,4-triphenyl-3-trimethylsilyl-4-trimethylsilyloxy--P"
1-Monoacetin-P,10-Heptadecenoic acid-P
1-Monoacetin-P,"2-(Decanoyloxy)propane-1,3-diyl dioctanoate-P"
1-Monoacetin-P,2-Methyl-4-pentenoic acid-P
1-Monoacetin-P,2-Naphthol-P
1-Monoacetin-P,"2,2,4-Trimethyl-1,3-pentanediol diisobutyrate-P"
1-Monoacetin-P,3-Amino-2-piperidone-P
1-Monoacetin-P,"3-Cyclohexyl-L-alanine amide, N,N,N'N'-tetramethyl--P"
1-Monoacetin-P,5-Hydroxytryptophan-P
1-Monoacetin-P,alpha-Tocopherol-P
1-Monoacetin-P,Benzophenone-P
1-Monoacetin-P,Dinoseb-P
1-Monoacetin-P,Diphenyl ether-P
1-Monoacetin-P,Glycine-P
1-Monoacetin-P,Isofucosterol-P
1-Monoacetin-P,Methyl aminoacetate-P
1-Monoacetin-P,Neostigmine-P
1-Monoacetin-P,Niclosamide-P
1-Monoacetin-P,Nonadecanoic acid-P
1-Monoacetin-P,Phloroglucinol-P
1-Monoacetin-P,Pimelic acid-P
1-Monoacetin-P,"Propanetriol, 2-methyl--P"
1-Monoacetin-P,Salsoline-P
1-Monoacetin-P,"Stigmast-5-ene, 3beta--P"
1-Monoacetin-P,"Trimethylsilyl (5-benzyl-3,6-dioxopiperazin-2-yl)acetate-P"
1-Monoacetin-P,L-Tyrosine-P
"1-Octanol, 2-butyl--P","Benzene, 1-acetoxy-2,6-dimethoxy-4-(2-propenyl)--P"
"1-Octanol, 2-butyl--P","Benzene, 1,1'-(1,2-cyclobutanediyl)bis--P"
"1-Octanol, 2-butyl--P",Naphthofluorescein-P
1-Octanol-P,12-Oxooctadecanoate-P
1-Octanol-P,3-Amino-5-morpholinomethyl-2-oxazolidinone-P
1-Octanol-P,3-Hexenedinitrile-P
1-Octanol-P,3-Hydroxyisovaleric acid-P
1-Octanol-P,"3,5-Dimethylpyrazole-P"
1-Octanol-P,5-Henicosylresorcinol-P
1-Octanol-P,"Acetohydrazide, 2-(2-isopropyl-5-methylphenoxy)-N2-benzylideno--P"
1-Octanol-P,Adipoyl-L-carnitine-P
1-Octanol-P,"Benzimidazole, 5-trifluoromethyl-2-methyl--P"
1-Octanol-P,"Benzoic acid, pentadecyl ester-P"
1-Octanol-P,"beta-d-Fructopyranose, 1-deoxy-1-(4-morpholinyl)-2,3,4,5-tetrakis-O-(trimethylsilyl)--P"
1-Octanol-P,Levulinic acid-P
1-Octanol-P,Myristic acid-P
1-Octanol-P,Phenoxyacetic acid-P
1-Phenethylamine-P,10-Heptadecenoic acid-P
1-Phenethylamine-P,"2-(Decanoyloxy)propane-1,3-diyl dioctanoate-P"
1-Phenethylamine-P,5-Hydroxytryptophan-P
1-Phenethylamine-P,"beta-d-Fructopyranose, 1-deoxy-1-(4-morpholinyl)-2,3,4,5-tetrakis-O-(trimethylsilyl)--P"
1-Phenethylamine-P,Cadaverine-P
1-Phenethylamine-P,"Furan, 2-pentyl--P"
1-Phenethylamine-P,"L-Tryptophan, N-acetyl-1-P"
1-Phenethylamine-P,"Stigmast-5-ene, 3beta--P"
1-Phenethylamine-P,"Thymine, 1,3-dimethyl-6-(trimethylsilyloxymethyl)--P"
"1-Phenyl-1,2-ethanediol-P",Benzeneacetamide-P
"1-Phenyl-1,2-ethanediol-P",Octocrylene-P
1-Phenylethanol-P,"2,2,4-Trimethyl-1,3-pentanediol diisobutyrate-P"
1-Phenylethanol-P,"3-Cyclohexyl-L-alanine amide, N,N,N'N'-tetramethyl--P"
1-Phenylethanol-P,3-Hydroxybutyric acid-P
1-Phenylethanol-P,"3beta,4beta-Bis(trimethylsiloxy)cholest-5-ene-P"
1-Phenylethanol-P,5-Hydroxyquinoline-P
1-Phenylethanol-P,"Benzaldehyde, 2,5-dimethyl--P"
1-Phenylethanol-P,"Benzimidazole, 5-trifluoromethyl-2-methyl--P"
1-Phenylethanol-P,5-Hydroxyhexanoic acid-P
1-Phenylethanol-P,"Cyclopentaneacetic acid, 3-oxo-2-pentyl--P"
1-Phenylethanol-P,Deoxycholic Acid-P
1-Phenylethanol-P,Itaconic acid-P
1-Phenylethanol-P,"Methyl (3,4-dimethoxyphenyl)(hydroxy)acetate-P"
1-Phenylethanol-P,Niclosamide-P
1-Phenylethanol-P,"Pentenoic acid, 4-[(trimethylsilyl)oxy]--P"
1-Phenylethanol-P,Pimelic acid-P
1-Phenylethanol-P,"Pyrimidine, 5-methyl-2,4-bis[(trimethylsilyl)oxy]--P"
1-Phenylethanol-P,Triethanolamine-P
"1-Piperazineethanol, 4-dibenzo[b,f][1,4]thiazepin-11-yl--P",Lactic Acid-P
"1-Piperazineethanol, 4-dibenzo[b,f][1,4]thiazepin-11-yl--P",Mirin-P
1-Tetradecanol-P,"9,12-Octadecadienoic acid-P"
1-Tetradecanol-P,"Benzaldehyde, 2,5-dimethyl--P"
1-Tetradecanol-P,"D-Isoleucine, N-acetyl--P"
1-Tetradecanol-P,Dinoseb-P
1-Tetradecanol-P,Diphenyl ether-P
1-Tetradecanol-P,Phloroglucinol-P
1-Tetradecanol-P,S-Methyl-L-cysteine-P
1-Tetradecanol-P,Tartronic acid-P
1-Tetradecanol-P,"Thymine, 1,3-dimethyl-6-(trimethylsilyloxymethyl)--P"
"1,1'-Biphenyl, 3,4-diethyl--P",10-Heptadecenoic acid-P
"1,1'-Biphenyl, 3,4-diethyl--P",4-Cumylphenol-P
"1,1'-Biphenyl, 3,4-diethyl--P",Cadaverine-P
"1,1'-Biphenyl, 3,4-diethyl--P","Stigmast-5-ene, 3beta--P"
"1,1'-Biphenyl, 3,4-diethyl--P","Thymine, 1,3-dimethyl-6-(trimethylsilyloxymethyl)--P"
"1,1'-Biphenyl, 3,4-diethyl--P","Trimethylsilyl (5-benzyl-3,6-dioxopiperazin-2-yl)acetate-P"
"1,2-Benzenedicarboxylic acid-P","Acetic acid, bis[(trimethylsilyl)oxyl]--P"
"1,2-Benzenedicarboxylic acid-P","Benzenemethanamine, 2,3-dimethoxy--P"
"1,2-Benzenedicarboxylic acid-P",Benzyl alcohol-P
"1,2-Benzenedicarboxylic acid-P",Boric acid-P
"1,2-Benzenedicarboxylic acid-P",Decanoic acid-P
"1,2-Benzenedicarboxylic acid-P",Lactic Acid-P
"1,2-Butadiene, 1,1,4-triphenyl-3-trimethylsilyl-4-trimethylsilyloxy--P",12-Oxooctadecanoate-P
"1,2-Butadiene, 1,1,4-triphenyl-3-trimethylsilyl-4-trimethylsilyloxy--P",2-Heptenoic acid-P
"1,2-Butadiene, 1,1,4-triphenyl-3-trimethylsilyl-4-trimethylsilyloxy--P","2-Hexenoic acid, 2-[(trimethylsilyl)oxy]--P"
"1,2-Butadiene, 1,1,4-triphenyl-3-trimethylsilyl-4-trimethylsilyloxy--P",2-Methyl-4-pentenoic acid-P
"1,2-Butadiene, 1,1,4-triphenyl-3-trimethylsilyl-4-trimethylsilyloxy--P",2-Naphthol-P
"1,2-Butadiene, 1,1,4-triphenyl-3-trimethylsilyl-4-trimethylsilyloxy--P","2,2,4-Trimethyl-1,3-pentanediol diisobutyrate-P"
"1,2-Butadiene, 1,1,4-triphenyl-3-trimethylsilyl-4-trimethylsilyloxy--P","2,5-Piperazinedione, 3-benzyl-6-isopropyl--P"
"1,2-Butadiene, 1,1,4-triphenyl-3-trimethylsilyl-4-trimethylsilyloxy--P",3-Amino-5-morpholinomethyl-2-oxazolidinone-P
"1,2-Butadiene, 1,1,4-triphenyl-3-trimethylsilyl-4-trimethylsilyloxy--P",3-Hydroxyisovaleric acid-P
"1,2-Butadiene, 1,1,4-triphenyl-3-trimethylsilyl-4-trimethylsilyloxy--P","3,5-Dimethylpyrazole-P"
"1,2-Butadiene, 1,1,4-triphenyl-3-trimethylsilyl-4-trimethylsilyloxy--P",5-Henicosylresorcinol-P
"1,2-Butadiene, 1,1,4-triphenyl-3-trimethylsilyl-4-trimethylsilyloxy--P",5-Hydroxytryptophan-P
"1,2-Butadiene, 1,1,4-triphenyl-3-trimethylsilyl-4-trimethylsilyloxy--P",7-(Trimethylsilyl)amino-4-methylcoumarin-P
"1,2-Butadiene, 1,1,4-triphenyl-3-trimethylsilyl-4-trimethylsilyloxy--P","Acetin, bis-1,3-trimethylsilyl ether-P"
"1,2-Butadiene, 1,1,4-triphenyl-3-trimethylsilyl-4-trimethylsilyloxy--P",alpha-Tocopherol-P
"1,2-Butadiene, 1,1,4-triphenyl-3-trimethylsilyl-4-trimethylsilyloxy--P","Benzimidazole, 5-trifluoromethyl-2-methyl--P"
"1,2-Butadiene, 1,1,4-triphenyl-3-trimethylsilyl-4-trimethylsilyloxy--P",Benzophenone-P
"1,2-Butadiene, 1,1,4-triphenyl-3-trimethylsilyl-4-trimethylsilyloxy--P",Dinoseb-P
"1,2-Butadiene, 1,1,4-triphenyl-3-trimethylsilyl-4-trimethylsilyloxy--P",Diphenyl ether-P
"1,2-Butadiene, 1,1,4-triphenyl-3-trimethylsilyl-4-trimethylsilyloxy--P","DL-Proline, 5-oxo--P"
"1,2-Butadiene, 1,1,4-triphenyl-3-trimethylsilyl-4-trimethylsilyloxy--P",Hydantoic acid-P
"1,2-Butadiene, 1,1,4-triphenyl-3-trimethylsilyl-4-trimethylsilyloxy--P",Isofucosterol-P
"1,2-Butadiene, 1,1,4-triphenyl-3-trimethylsilyl-4-trimethylsilyloxy--P",Isopropyl palmitate-P
"1,2-Butadiene, 1,1,4-triphenyl-3-trimethylsilyl-4-trimethylsilyloxy--P",Methyl aminoacetate-P
"1,2-Butadiene, 1,1,4-triphenyl-3-trimethylsilyl-4-trimethylsilyloxy--P","N,N-Diethyl-2-aminoethanol-P"
"1,2-Butadiene, 1,1,4-triphenyl-3-trimethylsilyl-4-trimethylsilyloxy--P",Neostigmine-P
"1,2-Butadiene, 1,1,4-triphenyl-3-trimethylsilyl-4-trimethylsilyloxy--P",Niclosamide-P
"1,2-Butadiene, 1,1,4-triphenyl-3-trimethylsilyl-4-trimethylsilyloxy--P",Nonadecanoic acid-P
"1,2-Butadiene, 1,1,4-triphenyl-3-trimethylsilyl-4-trimethylsilyloxy--P",Phenoxyacetic acid-P
"1,2-Butadiene, 1,1,4-triphenyl-3-trimethylsilyl-4-trimethylsilyloxy--P",Phlorizin-P
"1,2-Butadiene, 1,1,4-triphenyl-3-trimethylsilyl-4-trimethylsilyloxy--P",Phloroglucinol-P
"1,2-Butadiene, 1,1,4-triphenyl-3-trimethylsilyl-4-trimethylsilyloxy--P",Pimelic acid-P
"1,2-Butadiene, 1,1,4-triphenyl-3-trimethylsilyl-4-trimethylsilyloxy--P","Propanetriol, 2-methyl--P"
"1,2-Butadiene, 1,1,4-triphenyl-3-trimethylsilyl-4-trimethylsilyloxy--P",S-Methyl-L-cysteine-P
"1,2-Butadiene, 1,1,4-triphenyl-3-trimethylsilyl-4-trimethylsilyloxy--P",Salsoline-P
"1,2-Butadiene, 1,1,4-triphenyl-3-trimethylsilyl-4-trimethylsilyloxy--P","Stigmast-5-ene, 3beta--P"
"1,2-Butadiene, 1,1,4-triphenyl-3-trimethylsilyl-4-trimethylsilyloxy--P",L-Tyrosine-P
"1,2,3,10,11,11a-Hexahydro-6,7,8-trimethoxy-3-oxo-5H-dibenzo(a,d)cycloheptene-P",3'-Hydroxyacetophenone-P
"1,2,3,10,11,11a-Hexahydro-6,7,8-trimethoxy-3-oxo-5H-dibenzo(a,d)cycloheptene-P","3beta,4beta-Bis(trimethylsiloxy)cholest-5-ene-P"
"1,2,3,10,11,11a-Hexahydro-6,7,8-trimethoxy-3-oxo-5H-dibenzo(a,d)cycloheptene-P",5-Aminovaleric acid-P
"1,2,3,10,11,11a-Hexahydro-6,7,8-trimethoxy-3-oxo-5H-dibenzo(a,d)cycloheptene-P","6,7,4'-Trihydroxyisoflavone-P"
"1,2,3,10,11,11a-Hexahydro-6,7,8-trimethoxy-3-oxo-5H-dibenzo(a,d)cycloheptene-P","Benzaldehyde, 2,5-dimethyl--P"
"1,2,3,10,11,11a-Hexahydro-6,7,8-trimethoxy-3-oxo-5H-dibenzo(a,d)cycloheptene-P","Cetaben, N,O-bis(trimethylsilyl)--P"
"1,2,3,10,11,11a-Hexahydro-6,7,8-trimethoxy-3-oxo-5H-dibenzo(a,d)cycloheptene-P",D-Fructose-P
"1,2,3,10,11,11a-Hexahydro-6,7,8-trimethoxy-3-oxo-5H-dibenzo(a,d)cycloheptene-P",Desmosterol-P
"1,2,3,10,11,11a-Hexahydro-6,7,8-trimethoxy-3-oxo-5H-dibenzo(a,d)cycloheptene-P",Glyoxime-P
"1,2,3,10,11,11a-Hexahydro-6,7,8-trimethoxy-3-oxo-5H-dibenzo(a,d)cycloheptene-P",Levulinic acid-P
"1,2,3,10,11,11a-Hexahydro-6,7,8-trimethoxy-3-oxo-5H-dibenzo(a,d)cycloheptene-P",Nonadecanoic acid-P
"1,2,3,10,11,11a-Hexahydro-6,7,8-trimethoxy-3-oxo-5H-dibenzo(a,d)cycloheptene-P","Propanetriol, 2-methyl--P"
"1,2,3,10,11,11a-Hexahydro-6,7,8-trimethoxy-3-oxo-5H-dibenzo(a,d)cycloheptene-P",Propylamine-P
"1,3-bis[(Trimethylsilyl)ethynyl]benzene-P","N,N-Diethyl-2-aminoethanol-P"
"1,3-bis[(Trimethylsilyl)ethynyl]benzene-P",Phlorizin-P
"1,3-Cyclohexanebis(methylamine)-P",DL-Phenylalanine-P
"1,3-Cyclohexanebis(methylamine)-P",Glycine-P
"1,3-Dioxane-4-methanol, 4,5-dimethyl--P","Benzo[b]fluorene, 5-amino-7-methyl-1,2,3,4,6,7,8,9-octahydro-11-thia-10-aza--P"
"1,3-Dioxane-4-methanol, 4,5-dimethyl--P",Dehydronorketamine-P
"1,3-Dioxane-4-methanol, 4,5-dimethyl--P",Hydantoic acid-P
"1,3-Dioxane-4-methanol, 4,5-dimethyl--P",L-Asparagine-P
"1,3,5-Benzetriol-P",4-Cumylphenol-P
"1,3,5-Benzetriol-P",7-(Trimethylsilyl)amino-4-methylcoumarin-P
"1,3,5-Benzetriol-P",Cyclobutanol-P
"1,3,5-Benzetriol-P",Deoxycholic Acid-P
"1,3,5-Benzetriol-P",Dinoseb-P
"1,3,5-Benzetriol-P",DL-Glyceraldehyde-P
"1,3,5-Benzetriol-P",Guanabenz-P
"1,3,5-Benzetriol-P",Isopropyl palmitate-P
"1,3,5-Benzetriol-P",Methyl aminoacetate-P
"1,3,5-Benzetriol-P",N-Methyl-N-(tetrahydro-2-furanylmethyl)-4-piperidinamine-P
"1,3,5-Benzetriol-P",Nitrosothymol-P
"1,3,5-Benzetriol-P",Nonadecanoic acid-P
"1,3,5-Benzetriol-P","Pentanedioic acid, 3-methyl-3-[(trimethylsilyl)oxy]--P"
"1,3,5-Benzetriol-P","Thymine, 1,3-dimethyl-6-(trimethylsilyloxymethyl)--P"
"1,3,5-Benzetriol-P",Triethanolamine-P
"1,3,5-Benzetriol-P","Trimethylsilyl (5-benzyl-3,6-dioxopiperazin-2-yl)acetate-P"
"1,4-diazabicyclo[4.3.0]nonan-2,5-dione, 3-methyl-P","1,5-Anhydroglucitol-P"
"1,4-diazabicyclo[4.3.0]nonan-2,5-dione, 3-methyl-P",Malic acid-P
"1,4-diazabicyclo[4.3.0]nonan-2,5-dione, 3-methyl-P",Phosalone-P
10-Heptadecenoic acid-P,2-Methyl-4-pentenoic acid-P
10-Heptadecenoic acid-P,2-Naphthol-P
10-Heptadecenoic acid-P,3'-Hydroxyacetophenone-P
10-Heptadecenoic acid-P,"3beta,4beta-Bis(trimethylsiloxy)cholest-5-ene-P"
10-Heptadecenoic acid-P,"Benzaldehyde, 2,5-dimethyl--P"
10-Heptadecenoic acid-P,"Benzimidazole, 5-trifluoromethyl-2-methyl--P"
10-Heptadecenoic acid-P,5-Hydroxyhexanoic acid-P
10-Heptadecenoic acid-P,D-Fructose-P
10-Heptadecenoic acid-P,"Ethanone, 1-(2,5-dimethoxyphenyl)--P"
10-Heptadecenoic acid-P,Glyoxime-P
10-Heptadecenoic acid-P,Heptadecanoic acid-P
10-Heptadecenoic acid-P,Neostigmine-P
10-Heptadecenoic acid-P,Niclosamide-P
10-Heptadecenoic acid-P,Nonadecanoic acid-P
10-Heptadecenoic acid-P,p-Toluic acid-P
10-Heptadecenoic acid-P,Palmitelaidic acid-P
10-Heptadecenoic acid-P,Pimelic acid-P
10-Heptadecenoic acid-P,"Propanetriol, 2-methyl--P"
10-Heptadecenoic acid-P,"Pyrimidine, 5-methyl-2,4-bis[(trimethylsilyl)oxy]--P"
10-Heptadecenoic acid-P,Tartronic acid-P
10-Heptadecenoic acid-P,Triethanolamine-P
10-Heptadecenoic acid-P,"Trimethylsilyl (5-benzyl-3,6-dioxopiperazin-2-yl)acetate-P"
12-Hydroxyoctadecanoic acid-P,"2-Amino-4,6-dihydroxypyrimidine-P"
12-Hydroxyoctadecanoic acid-P,L-Asparagine-P
12-Hydroxyoctadecanoic acid-P,Niclosamide-P
12-Oxooctadecanoate-P,2-Methyl-4-pentenoic acid-P
12-Oxooctadecanoate-P,3-Amino-5-morpholinomethyl-2-oxazolidinone-P
12-Oxooctadecanoate-P,4-Hydroxyphenyllactic acid-P
12-Oxooctadecanoate-P,5-Henicosylresorcinol-P
12-Oxooctadecanoate-P,"Acetohydrazide, 2-(2-isopropyl-5-methylphenoxy)-N2-benzylideno--P"
12-Oxooctadecanoate-P,Benzophenone-P
12-Oxooctadecanoate-P,Dinoseb-P
12-Oxooctadecanoate-P,Diphenyl ether-P
12-Oxooctadecanoate-P,Dodecanoic acid-P
12-Oxooctadecanoate-P,Levulinic acid-P
12-Oxooctadecanoate-P,Phlorizin-P
12-Oxooctadecanoate-P,L-Tyrosine-P
13-Docosenamide-P,"7-Acetyl-6-ethyl-1,1,4,4-tetramethyltetralin-P"
"2-(2,5-Dimethoxy-phenyl)-propionaldehyde-P",2-Hydroxy-5-methoxybenzaldehyde-P
"2-(2,5-Dimethoxy-phenyl)-propionaldehyde-P",3-Nonen-1-ol-P
"2-(2,5-Dimethoxy-phenyl)-propionaldehyde-P",4-Hydroxybutanoic acid-P
"2-(Decanoyloxy)propane-1,3-diyl dioctanoate-P","2-Allyl-1,4-dimethoxybenzene-P"
"2-(Decanoyloxy)propane-1,3-diyl dioctanoate-P",2-Methyl-4-pentenoic acid-P
"2-(Decanoyloxy)propane-1,3-diyl dioctanoate-P",3-Amino-5-morpholinomethyl-2-oxazolidinone-P
"2-(Decanoyloxy)propane-1,3-diyl dioctanoate-P","3-Hydroxy-2,3-dihydromaltol-P"
"2-(Decanoyloxy)propane-1,3-diyl dioctanoate-P",3-Hydroxyisovaleric acid-P
"2-(Decanoyloxy)propane-1,3-diyl dioctanoate-P","3,5-Dimethylpyrazole-P"
"2-(Decanoyloxy)propane-1,3-diyl dioctanoate-P",4-Cumylphenol-P
"2-(Decanoyloxy)propane-1,3-diyl dioctanoate-P",4-Hydroxybenzeneacetic acid-P
"2-(Decanoyloxy)propane-1,3-diyl dioctanoate-P",5-Henicosylresorcinol-P
"2-(Decanoyloxy)propane-1,3-diyl dioctanoate-P",Aceturic acid-P
"2-(Decanoyloxy)propane-1,3-diyl dioctanoate-P",Arachidonic acid-P
"2-(Decanoyloxy)propane-1,3-diyl dioctanoate-P",Azatadine-P
"2-(Decanoyloxy)propane-1,3-diyl dioctanoate-P","Butanoic acid, 2,4-bis[(trimethylsilyl)oxy]--P"
"2-(Decanoyloxy)propane-1,3-diyl dioctanoate-P",cis-4-Trimethylsilyloxy-cyclohexyl(trimethylsilyl)carboxylate-P
"2-(Decanoyloxy)propane-1,3-diyl dioctanoate-P",Glucopyranose-P
"2-(Decanoyloxy)propane-1,3-diyl dioctanoate-P",Hydantoic acid-P
"2-(Decanoyloxy)propane-1,3-diyl dioctanoate-P",L-Threitol-P
"2-(Decanoyloxy)propane-1,3-diyl dioctanoate-P",Metanephrine-P
"2-(Decanoyloxy)propane-1,3-diyl dioctanoate-P",Methyl-3-methoxy-5-methyl benzoate-P
"2-(Decanoyloxy)propane-1,3-diyl dioctanoate-P",Mirin-P
"2-(Decanoyloxy)propane-1,3-diyl dioctanoate-P",Neostigmine-P
"2-(Decanoyloxy)propane-1,3-diyl dioctanoate-P",Nitrosothymol-P
"2-(Decanoyloxy)propane-1,3-diyl dioctanoate-P",Phenoxyacetic acid-P
"2-(Decanoyloxy)propane-1,3-diyl dioctanoate-P",Propylamine-P
"2-(Decanoyloxy)propane-1,3-diyl dioctanoate-P",S-Methyl-L-cysteine-P
"2-Acetyl-3-(1-methyl-2-pyrrolyl)-1,4-benzenediol-P","2,6-Dimethyl-N-[3-(trimethylsilyl)-1,3-thiazinan-2-ylidene]aniline-P"
"2-Acetyl-3-(1-methyl-2-pyrrolyl)-1,4-benzenediol-P","7-Acetyl-6-ethyl-1,1,4,4-tetramethyltetralin-P"
"2-Acetyl-3-(1-methyl-2-pyrrolyl)-1,4-benzenediol-P",Deoxycholic Acid-P
"2-Acetyl-3-(1-methyl-2-pyrrolyl)-1,4-benzenediol-P",Norketamine-P
"2-Allyl-1,4-dimethoxybenzene-P","Benzaldehyde, 2,5-dimethyl--P"
"2-Allyl-1,4-dimethoxybenzene-P","Benzene, 1-acetoxy-2,6-dimethoxy-4-(2-propenyl)--P"
"2-Allyl-1,4-dimethoxybenzene-P",beta-Lyxopyranose-P
"2-Allyl-1,4-dimethoxybenzene-P","Butanoic acid, 2,4-bis[(trimethylsilyl)oxy]--P"
"2-Allyl-1,4-dimethoxybenzene-P","Cetaben, N,O-bis(trimethylsilyl)--P"
"2-Allyl-1,4-dimethoxybenzene-P","Cyclopentaneacetic acid, 3-oxo-2-pentyl--P"
"2-Allyl-1,4-dimethoxybenzene-P",L-Threitol-P
"2-Allyl-1,4-dimethoxybenzene-P",Methyl-3-methoxy-5-methyl benzoate-P
"2-Allyl-1,4-dimethoxybenzene-P",N-Methyl-N-(tetrahydro-2-furanylmethyl)-4-piperidinamine-P
"2-Allyl-1,4-dimethoxybenzene-P",Tartronic acid-P
"2-Allyl-1,4-dimethoxybenzene-P",Triethanolamine-P
2-Amino-4-methylphenol-P,Azatadine-P
"2-Amino-4,6-dihydroxypyrimidine-P",D-(-)-Citramalic acid-P
"2-Amino-4,6-dihydroxypyrimidine-P",Dinoseb-P
"2-Amino-4,6-dihydroxypyrimidine-P",Isofucosterol-P
"2-Amino-4,6-dihydroxypyrimidine-P",Isopropyl palmitate-P
"2-Amino-4,6-dihydroxypyrimidine-P",Phenoxyacetic acid-P
"2-Amino-4,6-dihydroxypyrimidine-P",L-Tyrosine-P
2-Aminoadipic acid-P,Adipoyl-L-carnitine-P
2-Aminoadipic acid-P,Allylescaline-P
2-Aminoadipic acid-P,DL-Phenylalanine-P
2-Aminoadipic acid-P,Hydantoic acid-P
2-Furoic acid-P,"2,2-Diallylpyrrolidine-P"
2-Furoic acid-P,"D-(+)-Ribono-1,4-lactone (R,S,R)--P"
2-Heptenoic acid-P,5-Hydroxytryptophan-P
2-Heptenoic acid-P,"Benzaldehyde, 2,5-dimethyl--P"
2-Heptenoic acid-P,"Benzoic acid, pentadecyl ester-P"
2-Heptenoic acid-P,"beta-d-Fructopyranose, 1-deoxy-1-(4-morpholinyl)-2,3,4,5-tetrakis-O-(trimethylsilyl)--P"
2-Heptenoic acid-P,cyclobutanecarboxylic acid-P
2-Heptenoic acid-P,Dinoseb-P
2-Heptenoic acid-P,"DL-Proline, 5-oxo--P"
2-Heptenoic acid-P,Isopropyl palmitate-P
2-Heptenoic acid-P,"N,N-Diethyl-2-aminoethanol-P"
2-Heptenoic acid-P,Phlorizin-P
2-Heptenoic acid-P,Pimelic acid-P
2-Heptenoic acid-P,Suberic acid-P
2-Heptenoic acid-P,L-Tyrosine-P
2-Hexen-1-ol-P,3-Hexenedinitrile-P
2-Hexen-1-ol-P,D-Ribose-P
2-Hexen-1-ol-P,Pyrrole-2-carboxylic acid-P
"2-Hexenoic acid, 2-[(trimethylsilyl)oxy]--P","2,2,4-Trimethyl-1,3-pentanediol diisobutyrate-P"
"2-Hexenoic acid, 2-[(trimethylsilyl)oxy]--P","2,5-Piperazinedione, 3-benzyl-6-isopropyl--P"
"2-Hexenoic acid, 2-[(trimethylsilyl)oxy]--P","beta-D-Galactofuranose, 1,2,3,5,6-pentakis-O-(trimethylsilyl)--P"
"2-Hexenoic acid, 2-[(trimethylsilyl)oxy]--P","Butanoic acid, 2,4-bis[(trimethylsilyl)oxy]--P"
"2-Hexenoic acid, 2-[(trimethylsilyl)oxy]--P",D-(-)-Citramalic acid-P
"2-Hexenoic acid, 2-[(trimethylsilyl)oxy]--P",Dinoseb-P
"2-Hexenoic acid, 2-[(trimethylsilyl)oxy]--P",Diphenyl ether-P
"2-Hexenoic acid, 2-[(trimethylsilyl)oxy]--P","Dodecane, 4,6-dimethyl--P"
"2-Hexenoic acid, 2-[(trimethylsilyl)oxy]--P",Indole-5-carboxylic acid-P
"2-Hexenoic acid, 2-[(trimethylsilyl)oxy]--P",Isofucosterol-P
"2-Hexenoic acid, 2-[(trimethylsilyl)oxy]--P",Isopropyl palmitate-P
"2-Hexenoic acid, 2-[(trimethylsilyl)oxy]--P",Metanephrine-P
"2-Hexenoic acid, 2-[(trimethylsilyl)oxy]--P","N,N-Diethyl-2-aminoethanol-P"
"2-Hexenoic acid, 2-[(trimethylsilyl)oxy]--P",Nitrosothymol-P
"2-Hexenoic acid, 2-[(trimethylsilyl)oxy]--P","Pentanedioic acid, 3-methyl-3-[(trimethylsilyl)oxy]--P"
"2-Hexenoic acid, 2-[(trimethylsilyl)oxy]--P","Pentenoic acid, 4-[(trimethylsilyl)oxy]--P"
"2-Hexenoic acid, 2-[(trimethylsilyl)oxy]--P",Phenoxyacetic acid-P
"2-Hexenoic acid, 2-[(trimethylsilyl)oxy]--P",Phloroglucinol-P
"2-Hexenoic acid, 2-[(trimethylsilyl)oxy]--P",S-Methyl-L-cysteine-P
"2-Hexenoic acid, 2-[(trimethylsilyl)oxy]--P",Salsoline-P
"2-Hexenoic acid, 2-[(trimethylsilyl)oxy]--P","Stigmast-5-ene, 3beta--P"
2-Hydroxy-2-methylbutyric acid-P,Albizziin-P
2-Hydroxy-3-methylbutyric acid-P,Glucopyranose-P
2-Hydroxy-5-methoxybenzaldehyde-P,2-Hydroxybutyric acid-P
2-Hydroxy-5-methoxybenzaldehyde-P,"Propanoic acid, 2-methyl--P"
2-Hydroxybutyric acid-P,Arsenous acid-P
2-Isopropyl-5-methyl-1-heptanol-P,"3-Buten-2-one, 4-(4-methoxyphenyl)--P"
2-Isopropyl-5-methyl-1-heptanol-P,Isopropyl palmitate-P
2-Methyl-4-pentenoic acid-P,"2,2,4-Trimethyl-1,3-pentanediol diisobutyrate-P"
2-Methyl-4-pentenoic acid-P,"2,5-Piperazinedione, 3-benzyl-6-isopropyl--P"
2-Methyl-4-pentenoic acid-P,3-Hexenedinitrile-P
2-Methyl-4-pentenoic acid-P,3-Hydroxyisovaleric acid-P
2-Methyl-4-pentenoic acid-P,"3,5-Dimethylpyrazole-P"
2-Methyl-4-pentenoic acid-P,3'-Hydroxyacetophenone-P
2-Methyl-4-pentenoic acid-P,"3beta,4beta-Bis(trimethylsiloxy)cholest-5-ene-P"
2-Methyl-4-pentenoic acid-P,4-Cumylphenol-P
2-Methyl-4-pentenoic acid-P,5-Henicosylresorcinol-P
2-Methyl-4-pentenoic acid-P,alpha-Tocopherol-P
2-Methyl-4-pentenoic acid-P,"Benzaldehyde, 2,5-dimethyl--P"
2-Methyl-4-pentenoic acid-P,"Benzimidazole, 5-trifluoromethyl-2-methyl--P"
2-Methyl-4-pentenoic acid-P,"Benzoic acid, pentadecyl ester-P"
2-Methyl-4-pentenoic acid-P,Benzophenone-P
2-Methyl-4-pentenoic acid-P,Deoxycholic Acid-P
2-Methyl-4-pentenoic acid-P,Dinoseb-P
2-Methyl-4-pentenoic acid-P,Diphenyl ether-P
2-Methyl-4-pentenoic acid-P,Hydantoic acid-P
2-Methyl-4-pentenoic acid-P,Levulinic acid-P
2-Methyl-4-pentenoic acid-P,Metanephrine-P
2-Methyl-4-pentenoic acid-P,Neostigmine-P
2-Methyl-4-pentenoic acid-P,Niclosamide-P
2-Methyl-4-pentenoic acid-P,Nonadecanoic acid-P
2-Methyl-4-pentenoic acid-P,Phenoxyacetic acid-P
2-Methyl-4-pentenoic acid-P,Phlorizin-P
2-Methyl-4-pentenoic acid-P,Phloroglucinol-P
2-Methyl-4-pentenoic acid-P,Pimelic acid-P
2-Methyl-4-pentenoic acid-P,"Propanetriol, 2-methyl--P"
2-Methyl-4-pentenoic acid-P,Salsoline-P
2-Methylglutaconic acid-P,"2,6-Dimethyl-N-[3-(trimethylsilyl)-1,3-thiazinan-2-ylidene]aniline-P"
2-Methylglutaconic acid-P,5-(2-Aminopropyl)-2-methylphenol-P
2-Naphthol-P,"2-Propanone, bis(1-methylethyl)hydrazone-P"
2-Naphthol-P,"3,5-Dimethylpyrazole-P"
2-Naphthol-P,"Benzimidazole, 5-trifluoromethyl-2-methyl--P"
2-Naphthol-P,"Benzoic acid, pentadecyl ester-P"
2-Naphthol-P,Benzophenone-P
2-Naphthol-P,Diphenyl ether-P
2-Naphthol-P,Phlorizin-P
2-Naphthol-P,"Stigmast-5-ene, 3beta--P"
2-Naphthol-P,"Thymine, 1,3-dimethyl-6-(trimethylsilyloxymethyl)--P"
"2-Propanone, bis(1-methylethyl)hydrazone-P","2,2,4-Trimethyl-1,3-pentanediol diisobutyrate-P"
"2-Propanone, bis(1-methylethyl)hydrazone-P","3beta,4beta-Bis(trimethylsiloxy)cholest-5-ene-P"
"2-Propanone, bis(1-methylethyl)hydrazone-P",5-Hydroxyquinoline-P
"2-Propanone, bis(1-methylethyl)hydrazone-P",5-Hydroxytryptophan-P
"2-Propanone, bis(1-methylethyl)hydrazone-P",alpha-Tocopherol-P
"2-Propanone, bis(1-methylethyl)hydrazone-P","Butanoic acid, 2,4-bis[(trimethylsilyl)oxy]--P"
"2-Propanone, bis(1-methylethyl)hydrazone-P",Cholesterol-P
"2-Propanone, bis(1-methylethyl)hydrazone-P",Deoxycholic Acid-P
"2-Propanone, bis(1-methylethyl)hydrazone-P",Diphenyl ether-P
"2-Propanone, bis(1-methylethyl)hydrazone-P",DL-Glyceraldehyde-P
"2-Propanone, bis(1-methylethyl)hydrazone-P",Dodecanoic acid-P
"2-Propanone, bis(1-methylethyl)hydrazone-P",Dodecylcyclohexane-P
"2-Propanone, bis(1-methylethyl)hydrazone-P","Furan, 2-pentyl--P"
"2-Propanone, bis(1-methylethyl)hydrazone-P",Glycolic acid-P
"2-Propanone, bis(1-methylethyl)hydrazone-P",Hydracrylic acid-P
"2-Propanone, bis(1-methylethyl)hydrazone-P",Indole-5-carboxylic acid-P
"2-Propanone, bis(1-methylethyl)hydrazone-P",Levulinic acid-P
"2-Propanone, bis(1-methylethyl)hydrazone-P",N-Acetyl-L-glutamic acid-P
"2-Propanone, bis(1-methylethyl)hydrazone-P",Nonadecanoic acid-P
"2-Propanone, bis(1-methylethyl)hydrazone-P",p-Hydroxydiisopropylbenzene-P
"2-Propanone, bis(1-methylethyl)hydrazone-P",Phenoxyacetic acid-P
"2-Propanone, bis(1-methylethyl)hydrazone-P",Phloroglucinol-P
"2-Propanone, bis(1-methylethyl)hydrazone-P","Propanetriol, 2-methyl--P"
"2-Propenamide, 3-phenyl-N-2-propenyl--P","Cephalotaxine, 3-deoxy-3,11-epoxy-, (3alpha,11alpha)--P"
2-Pyrrolidinone-P,4-Hydroxybenzaldehyde-P
2-Pyrrolidinone-P,L-Norleucine-P
2-Pyrrolidinone-P,"Propanoic acid, 2-methyl--P"
"2,2-Diallylpyrrolidine-P","Thymine, 1,3-dimethyl-6-(trimethylsilyloxymethyl)--P"
"2,2-Diallylpyrrolidine-P",Trimidox-P
"2,2,4-Trimethyl-1,3-pentanediol diisobutyrate-P","2,5-Piperazinedione, 3-benzyl-6-isopropyl--P"
"2,2,4-Trimethyl-1,3-pentanediol diisobutyrate-P","2,6-Bis[2-[2-S-thiosulfuroethylamino]ethoxy]pyrazine-P"
"2,2,4-Trimethyl-1,3-pentanediol diisobutyrate-P","3,5-Dimethylpyrazole-P"
"2,2,4-Trimethyl-1,3-pentanediol diisobutyrate-P","3beta,4beta-Bis(trimethylsiloxy)cholest-5-ene-P"
"2,2,4-Trimethyl-1,3-pentanediol diisobutyrate-P",5-(2-Aminopropyl)-2-methylphenol-P
"2,2,4-Trimethyl-1,3-pentanediol diisobutyrate-P",5-Hydroxytryptophan-P
"2,2,4-Trimethyl-1,3-pentanediol diisobutyrate-P","6,7,4'-Trihydroxyisoflavone-P"
"2,2,4-Trimethyl-1,3-pentanediol diisobutyrate-P",Acetoacetic acid-P
"2,2,4-Trimethyl-1,3-pentanediol diisobutyrate-P",alpha-Tocopherol-P
"2,2,4-Trimethyl-1,3-pentanediol diisobutyrate-P",Arabinaric acid-P
"2,2,4-Trimethyl-1,3-pentanediol diisobutyrate-P","Benzaldehyde, 2,5-dimethyl--P"
"2,2,4-Trimethyl-1,3-pentanediol diisobutyrate-P","Benzimidazole, 5-trifluoromethyl-2-methyl--P"
"2,2,4-Trimethyl-1,3-pentanediol diisobutyrate-P","Benzoic acid, pentadecyl ester-P"
"2,2,4-Trimethyl-1,3-pentanediol diisobutyrate-P",Benzophenone-P
"2,2,4-Trimethyl-1,3-pentanediol diisobutyrate-P","beta-D-Galactofuranose, 1,2,3,5,6-pentakis-O-(trimethylsilyl)--P"
"2,2,4-Trimethyl-1,3-pentanediol diisobutyrate-P","Butanoic acid, 2,4-bis[(trimethylsilyl)oxy]--P"
"2,2,4-Trimethyl-1,3-pentanediol diisobutyrate-P",D-(-)-Citramalic acid-P
"2,2,4-Trimethyl-1,3-pentanediol diisobutyrate-P",Dinoseb-P
"2,2,4-Trimethyl-1,3-pentanediol diisobutyrate-P",Diphenyl ether-P
"2,2,4-Trimethyl-1,3-pentanediol diisobutyrate-P",DL-Glyceraldehyde-P
"2,2,4-Trimethyl-1,3-pentanediol diisobutyrate-P",Indole-5-carboxylic acid-P
"2,2,4-Trimethyl-1,3-pentanediol diisobutyrate-P",Isofucosterol-P
"2,2,4-Trimethyl-1,3-pentanediol diisobutyrate-P",Isopropyl palmitate-P
"2,2,4-Trimethyl-1,3-pentanediol diisobutyrate-P",Itaconic acid-P
"2,2,4-Trimethyl-1,3-pentanediol diisobutyrate-P",Metanephrine-P
"2,2,4-Trimethyl-1,3-pentanediol diisobutyrate-P",Methyl aminoacetate-P
"2,2,4-Trimethyl-1,3-pentanediol diisobutyrate-P",Neostigmine-P
"2,2,4-Trimethyl-1,3-pentanediol diisobutyrate-P",Niclosamide-P
"2,2,4-Trimethyl-1,3-pentanediol diisobutyrate-P",Nonadecanoic acid-P
"2,2,4-Trimethyl-1,3-pentanediol diisobutyrate-P","Pentanedioic acid, 3-methyl-3-[(trimethylsilyl)oxy]--P"
"2,2,4-Trimethyl-1,3-pentanediol diisobutyrate-P","Pentenoic acid, 4-[(trimethylsilyl)oxy]--P"
"2,2,4-Trimethyl-1,3-pentanediol diisobutyrate-P",Phenoxyacetic acid-P
"2,2,4-Trimethyl-1,3-pentanediol diisobutyrate-P",Phloroglucinol-P
"2,2,4-Trimethyl-1,3-pentanediol diisobutyrate-P","Propanetriol, 2-methyl--P"
"2,2,4-Trimethyl-1,3-pentanediol diisobutyrate-P",Propylamine-P
"2,2,4-Trimethyl-1,3-pentanediol diisobutyrate-P",Salsoline-P
"2,2,4-Trimethyl-1,3-pentanediol diisobutyrate-P","Stigmast-5-ene, 3beta--P"
"2,2,4-Trimethyl-1,3-pentanediol diisobutyrate-P","Thymine, 1,3-dimethyl-6-(trimethylsilyloxymethyl)--P"
"2,2,4-Trimethyl-1,3-pentanediol diisobutyrate-P",Triethanolamine-P
"2,2,4-Trimethyl-1,3-pentanediol diisobutyrate-P","Trimethylsilyl (5-benzyl-3,6-dioxopiperazin-2-yl)acetate-P"
"2,2,4-Trimethyl-1,3-pentanediol diisobutyrate-P",L-Tyrosine-P
"2,2,8,8-Tetramethyl-3,7-dioxa-4-aza-2,8-disilanon-4-ene-P","5alpha-Pregnane-3,20-dione-P"
"2,3,4-Trihydroxybutyric acid tetrakis-P","2,5-Piperazinedione, 3-benzyl-6-isopropyl--P"
"2,3,4-Trihydroxybutyric acid tetrakis-P","3beta,4beta-Bis(trimethylsiloxy)cholest-5-ene-P"
"2,3,4-Trihydroxybutyric acid tetrakis-P",beta-Lyxopyranose-P
"2,3,4-Trihydroxybutyric acid tetrakis-P","D-(+)-Ribono-1,4-lactone (R,S,R)--P"
"2,3,4-Trihydroxybutyric acid tetrakis-P",D-Fructose-P
"2,3,4-Trihydroxybutyric acid tetrakis-P",Glyceric acid-P
"2,3,4-Trihydroxybutyric acid tetrakis-P",Methyl-3-methoxy-5-methyl benzoate-P
"2,3,4-Trihydroxybutyric acid tetrakis-P","Propanetriol, 2-methyl--P"
"2,3,4-Trihydroxybutyric acid tetrakis-P",Propylamine-P
"2,3,4-Trihydroxybutyric acid tetrakis-P",Tartronic acid-P
"2,3,4-Trihydroxybutyric acid tetrakis-P",Triethanolamine-P
"2,4-Imidazolidinedione, 5,5-dimethyl--P",4-Hydroxy-5-(hydroxymethyl)oxolan-2-one-P
"2,4-Imidazolidinedione, 5,5-dimethyl--P","Cholesta-3,5-diene-P"
"2,4-Imidazolidinedione, 5,5-dimethyl--P",Dimethyl fumarate-P
"2,4-Imidazolidinedione, 5,5-dimethyl--P",Methyl isovanillate-P
"2,4-Imidazolidinedione, 5,5-dimethyl--P","N,N-Diethyl-2-aminoethanol-P"
"2,4-Imidazolidinedione, 5,5-dimethyl--P",p-Toluic acid-P
"2,4-Imidazolidinedione, 5,5-dimethyl--P",Ribitol-P
"2,4-Imidazolidinedione, 5,5-dimethyl--P",S-Methyl-L-cysteine-P
"2,4-Imidazolidinedione, 5,5-dimethyl--P",Salsoline-P
"2,4-Imidazolidinedione, 5,5-dimethyl--P","Thymine, 1,3-dimethyl-6-(trimethylsilyloxymethyl)--P"
"2,5-Cyclohexadiene-1,4-dione, 2,6-bis(1,1-dimethylethyl)--P",Arabinaric acid-P
"2,5-Cyclohexadiene-1,4-dione, 2,6-bis(1,1-dimethylethyl)--P","Phenol, 3,5-bis(1,1-dimethylethyl)--P"
"2,5-di-tert-Butyl-1,4-benzoquinone-P",3-Amino-5-morpholinomethyl-2-oxazolidinone-P
"2,5-di-tert-Butyl-1,4-benzoquinone-P",Niacin-P
"2,5-di-tert-Butyl-1,4-benzoquinone-P",Palmitic Acid-P
"2,5-Dimethoxybenzonitrile-P","2,5-Piperazinedione, 3-benzyl-6-isopropyl--P"
"2,5-Dimethoxybenzonitrile-P",Pimelic acid-P
"2,5-Dimethoxymandelic acid-P",Ornithine-P
"2,5-Dimethoxyphenol-P","Pyrimidine, 5-methyl-2,4-bis[(trimethylsilyl)oxy]--P"
"2,5-Piperazinedione, 3-benzyl-6-isopropyl--P","2,6-Bis[2-[2-S-thiosulfuroethylamino]ethoxy]pyrazine-P"
"2,5-Piperazinedione, 3-benzyl-6-isopropyl--P",3-Amino-5-morpholinomethyl-2-oxazolidinone-P
"2,5-Piperazinedione, 3-benzyl-6-isopropyl--P",3-Hydroxyisovaleric acid-P
"2,5-Piperazinedione, 3-benzyl-6-isopropyl--P","3,5-Dimethylpyrazole-P"
"2,5-Piperazinedione, 3-benzyl-6-isopropyl--P","3beta,4beta-Bis(trimethylsiloxy)cholest-5-ene-P"
"2,5-Piperazinedione, 3-benzyl-6-isopropyl--P","Acetin, bis-1,3-trimethylsilyl ether-P"
"2,5-Piperazinedione, 3-benzyl-6-isopropyl--P",alpha-Tocopherol-P
"2,5-Piperazinedione, 3-benzyl-6-isopropyl--P",Arachidonic acid-P
"2,5-Piperazinedione, 3-benzyl-6-isopropyl--P",Azatadine-P
"2,5-Piperazinedione, 3-benzyl-6-isopropyl--P","Benzimidazole, 5-trifluoromethyl-2-methyl--P"
"2,5-Piperazinedione, 3-benzyl-6-isopropyl--P",Benzophenone-P
"2,5-Piperazinedione, 3-benzyl-6-isopropyl--P","Butanal, 2,3,4-tris[(trimethylsilyl)oxy]-, O-methyloxime, [R-(R*,R*)]--P"
"2,5-Piperazinedione, 3-benzyl-6-isopropyl--P","Butanoic acid, 2,4-bis[(trimethylsilyl)oxy]--P"
"2,5-Piperazinedione, 3-benzyl-6-isopropyl--P","D-(+)-Ribono-1,4-lactone (R,S,R)--P"
"2,5-Piperazinedione, 3-benzyl-6-isopropyl--P",Dinoseb-P
"2,5-Piperazinedione, 3-benzyl-6-isopropyl--P",Diphenyl ether-P
"2,5-Piperazinedione, 3-benzyl-6-isopropyl--P",DL-Glyceraldehyde-P
"2,5-Piperazinedione, 3-benzyl-6-isopropyl--P","Dodecane, 4,6-dimethyl--P"
"2,5-Piperazinedione, 3-benzyl-6-isopropyl--P",Indole-3-lactic acid-P
"2,5-Piperazinedione, 3-benzyl-6-isopropyl--P",Indole-5-carboxylic acid-P
"2,5-Piperazinedione, 3-benzyl-6-isopropyl--P",Isofucosterol-P
"2,5-Piperazinedione, 3-benzyl-6-isopropyl--P",Isopropyl palmitate-P
"2,5-Piperazinedione, 3-benzyl-6-isopropyl--P",Methyl aminoacetate-P
"2,5-Piperazinedione, 3-benzyl-6-isopropyl--P",N-Methyl-N-(tetrahydro-2-furanylmethyl)-4-piperidinamine-P
"2,5-Piperazinedione, 3-benzyl-6-isopropyl--P","N,N-Diethyl-2-aminoethanol-P"
"2,5-Piperazinedione, 3-benzyl-6-isopropyl--P","N,O-Bis(trimethylsilyl)carbamate-P"
"2,5-Piperazinedione, 3-benzyl-6-isopropyl--P",Neostigmine-P
"2,5-Piperazinedione, 3-benzyl-6-isopropyl--P",Niclosamide-P
"2,5-Piperazinedione, 3-benzyl-6-isopropyl--P",Nonadecanoic acid-P
"2,5-Piperazinedione, 3-benzyl-6-isopropyl--P","Pentanedioic acid, 3-methyl-3-[(trimethylsilyl)oxy]--P"
"2,5-Piperazinedione, 3-benzyl-6-isopropyl--P","Pentenoic acid, 4-[(trimethylsilyl)oxy]--P"
"2,5-Piperazinedione, 3-benzyl-6-isopropyl--P",Phenoxyacetic acid-P
"2,5-Piperazinedione, 3-benzyl-6-isopropyl--P",Phloroglucinol-P
"2,5-Piperazinedione, 3-benzyl-6-isopropyl--P","Propanetriol, 2-methyl--P"
"2,5-Piperazinedione, 3-benzyl-6-isopropyl--P",Propylamine-P
"2,5-Piperazinedione, 3-benzyl-6-isopropyl--P",S-Methyl-L-cysteine-P
"2,5-Piperazinedione, 3-benzyl-6-isopropyl--P",Salsoline-P
"2,5-Piperazinedione, 3-benzyl-6-isopropyl--P",Sertraline carbamoyl glucuronide-P
"2,5-Piperazinedione, 3-benzyl-6-isopropyl--P","Stigmast-5-ene, 3beta--P"
"2,5-Piperazinedione, 3-benzyl-6-isopropyl--P",Tartronic acid-P
"2,5-Piperazinedione, 3-benzyl-6-isopropyl--P",Triethanolamine-P
"2,6-Bis[2-[2-S-thiosulfuroethylamino]ethoxy]pyrazine-P","3-Hydroxy-2,3-dihydromaltol-P"
"2,6-Bis[2-[2-S-thiosulfuroethylamino]ethoxy]pyrazine-P","3,5-Dimethylpyrazole-P"
"2,6-Bis[2-[2-S-thiosulfuroethylamino]ethoxy]pyrazine-P","3beta,4beta-Bis(trimethylsiloxy)cholest-5-ene-P"
"2,6-Bis[2-[2-S-thiosulfuroethylamino]ethoxy]pyrazine-P",4-Hydroxybenzeneacetic acid-P
"2,6-Bis[2-[2-S-thiosulfuroethylamino]ethoxy]pyrazine-P",alpha-Tocopherol-P
"2,6-Bis[2-[2-S-thiosulfuroethylamino]ethoxy]pyrazine-P","beta-D-Galactofuranose, 1,2,3,5,6-pentakis-O-(trimethylsilyl)--P"
"2,6-Bis[2-[2-S-thiosulfuroethylamino]ethoxy]pyrazine-P","Butanoic acid, 2,4-bis[(trimethylsilyl)oxy]--P"
"2,6-Bis[2-[2-S-thiosulfuroethylamino]ethoxy]pyrazine-P","Cephalotaxine, 3-deoxy-3,11-epoxy-, (3alpha,11alpha)--P"
"2,6-Bis[2-[2-S-thiosulfuroethylamino]ethoxy]pyrazine-P","D-(+)-Ribono-1,4-lactone (R,S,R)--P"
"2,6-Bis[2-[2-S-thiosulfuroethylamino]ethoxy]pyrazine-P",D-Fructose-P
"2,6-Bis[2-[2-S-thiosulfuroethylamino]ethoxy]pyrazine-P",Dinoseb-P
"2,6-Bis[2-[2-S-thiosulfuroethylamino]ethoxy]pyrazine-P",DL-Glyceraldehyde-P
"2,6-Bis[2-[2-S-thiosulfuroethylamino]ethoxy]pyrazine-P",Indole-5-carboxylic acid-P
"2,6-Bis[2-[2-S-thiosulfuroethylamino]ethoxy]pyrazine-P",Isofucosterol-P
"2,6-Bis[2-[2-S-thiosulfuroethylamino]ethoxy]pyrazine-P",Isopropyl palmitate-P
"2,6-Bis[2-[2-S-thiosulfuroethylamino]ethoxy]pyrazine-P",Methyl aminoacetate-P
"2,6-Bis[2-[2-S-thiosulfuroethylamino]ethoxy]pyrazine-P",Methyl-3-methoxy-5-methyl benzoate-P
"2,6-Bis[2-[2-S-thiosulfuroethylamino]ethoxy]pyrazine-P",N-Methyl-N-(tetrahydro-2-furanylmethyl)-4-piperidinamine-P
"2,6-Bis[2-[2-S-thiosulfuroethylamino]ethoxy]pyrazine-P",Nonadecanoic acid-P
"2,6-Bis[2-[2-S-thiosulfuroethylamino]ethoxy]pyrazine-P","Pentanedioic acid, 3-methyl-3-[(trimethylsilyl)oxy]--P"
"2,6-Bis[2-[2-S-thiosulfuroethylamino]ethoxy]pyrazine-P","Propanetriol, 2-methyl--P"
"2,6-Bis[2-[2-S-thiosulfuroethylamino]ethoxy]pyrazine-P",Tartronic acid-P
"2,6-Bis[2-[2-S-thiosulfuroethylamino]ethoxy]pyrazine-P","Thymine, 1,3-dimethyl-6-(trimethylsilyloxymethyl)--P"
"2,6-Bis[2-[2-S-thiosulfuroethylamino]ethoxy]pyrazine-P",Triethanolamine-P
"2,6-Dimethyl-N-[3-(trimethylsilyl)-1,3-thiazinan-2-ylidene]aniline-P",5-(2-Aminopropyl)-2-methylphenol-P
"2,6-Dimethyl-N-[3-(trimethylsilyl)-1,3-thiazinan-2-ylidene]aniline-P","Acetamide, N,N-diethyl--P"
"2,6-Dimethyl-N-[3-(trimethylsilyl)-1,3-thiazinan-2-ylidene]aniline-P",Glycolic acid-P
"2,6-Dimethyl-N-[3-(trimethylsilyl)-1,3-thiazinan-2-ylidene]aniline-P",p-Hydroxydiisopropylbenzene-P
"2',2,3,6'-Tetramethoxychalcone-P","Morpholine, 4-[2,3,4,6-tetrakis-O-(trimethylsilyl)-alpha-d-mannopyranosyl]--P"
"3-(3-Cyclohexylaminopropionylamino)-5-ethylthiophene-2-carboxylic acid, ethyl ester-P",DL-Phenylalanine-P
"3-(3-Cyclohexylaminopropionylamino)-5-ethylthiophene-2-carboxylic acid, ethyl ester-P","N-isobutyl-2-(trimethylsilyloxy]-4,5-dihydro-1H-imidazole-1-carboxamide-P"
3-Amino-2-piperidone-P,"3-Cyclohexyl-L-alanine amide, N,N,N'N'-tetramethyl--P"
3-Amino-2-piperidone-P,5-(2-Aminopropyl)-2-methylphenol-P
3-Amino-2-piperidone-P,"5alpha-Pregnane-3,20-dione-P"
3-Amino-2-piperidone-P,"Trimethylsilyl (5-benzyl-3,6-dioxopiperazin-2-yl)acetate-P"
3-Amino-5-morpholinomethyl-2-oxazolidinone-P,3-Hexenedinitrile-P
3-Amino-5-morpholinomethyl-2-oxazolidinone-P,3-Hydroxyisovaleric acid-P
3-Amino-5-morpholinomethyl-2-oxazolidinone-P,5-Henicosylresorcinol-P
3-Amino-5-morpholinomethyl-2-oxazolidinone-P,"Acetamide, N,N-diethyl--P"
3-Amino-5-morpholinomethyl-2-oxazolidinone-P,Azatadine-P
3-Amino-5-morpholinomethyl-2-oxazolidinone-P,"Butanal, 2,3,4-tris[(trimethylsilyl)oxy]-, O-methyloxime, [R-(R*,R*)]--P"
3-Amino-5-morpholinomethyl-2-oxazolidinone-P,Dinoseb-P
3-Amino-5-morpholinomethyl-2-oxazolidinone-P,Hydantoic acid-P
3-Amino-5-morpholinomethyl-2-oxazolidinone-P,Levulinic acid-P
3-Amino-5-morpholinomethyl-2-oxazolidinone-P,Myristic acid-P
3-Amino-5-morpholinomethyl-2-oxazolidinone-P,Phenoxyacetic acid-P
3-Amino-5-morpholinomethyl-2-oxazolidinone-P,L-Tyrosine-P
3-Aminobutanoic acid-P,"Glycine, N-(N-DL-leucylglycyl)--P"
3-Aminobutanoic acid-P,Tributyl acetylcitrate-P
"3-Buten-2-one, 3-trimethylsilyloxy--P",Octanoic acid-P
"3-Buten-2-one, 4-(4-methoxyphenyl)--P","7-Isoquinolinol, 1,2,3,4-tetrahydro-1-[(4-hydroxyphenyl)methyl]-6-methoxy--P"
"3-Cyclohexyl-L-alanine amide, N,N,N'N'-tetramethyl--P",5-(2-Aminopropyl)-2-methylphenol-P
"3-Cyclohexyl-L-alanine amide, N,N,N'N'-tetramethyl--P",Glycine-P
"3-Cyclohexyl-L-alanine amide, N,N,N'N'-tetramethyl--P",Propylamine-P
3-Hexenedinitrile-P,3-Hydroxyisovaleric acid-P
3-Hexenedinitrile-P,"3,5-Dimethylpyrazole-P"
3-Hexenedinitrile-P,5-Henicosylresorcinol-P
3-Hexenedinitrile-P,"Benzoic acid, pentadecyl ester-P"
3-Hexenedinitrile-P,Benzophenone-P
3-Hexenedinitrile-P,Cinnamic acid-P
3-Hexenedinitrile-P,Diphenyl ether-P
3-Hexenedinitrile-P,Hydantoic acid-P
3-Hexenedinitrile-P,Levulinic acid-P
3-Hexenedinitrile-P,Phenoxyacetic acid-P
3-Hexenedinitrile-P,Phlorizin-P
3-Hexenedinitrile-P,Phloroglucinol-P
3-Hexenedinitrile-P,Pimelic acid-P
3-Hexenedinitrile-P,Salsoline-P
3-Hexenedinitrile-P,"Trimethylsilyl (5-benzyl-3,6-dioxopiperazin-2-yl)acetate-P"
"3-Hydroxy-2,3-dihydromaltol-P",3-Methoxysalicylic acid-P
"3-Hydroxy-2,3-dihydromaltol-P",L-Aspartic acid-P
3-Hydroxybutyric acid-P,"Erythrono-1,4-lactone, (Z)--P"
3-Hydroxyisovaleric acid-P,"3beta,4beta-Bis(trimethylsiloxy)cholest-5-ene-P"
3-Hydroxyisovaleric acid-P,5-Henicosylresorcinol-P
3-Hydroxyisovaleric acid-P,"Acetohydrazide, 2-(2-isopropyl-5-methylphenoxy)-N2-benzylideno--P"
3-Hydroxyisovaleric acid-P,Arachidonic acid-P
3-Hydroxyisovaleric acid-P,"Benzimidazole, 5-trifluoromethyl-2-methyl--P"
3-Hydroxyisovaleric acid-P,"Benzoic acid, pentadecyl ester-P"
3-Hydroxyisovaleric acid-P,"beta-D-Galactofuranose, 1,2,3,5,6-pentakis-O-(trimethylsilyl)--P"
3-Hydroxyisovaleric acid-P,"Butanoic acid, 2,4-bis[(trimethylsilyl)oxy]--P"
3-Hydroxyisovaleric acid-P,Dinoseb-P
3-Hydroxyisovaleric acid-P,Diphenyl ether-P
3-Hydroxyisovaleric acid-P,Levulinic acid-P
3-Hydroxyisovaleric acid-P,Metanephrine-P
3-Hydroxyisovaleric acid-P,Myristic acid-P
3-Hydroxyisovaleric acid-P,Nonadecanoic acid-P
3-Hydroxyisovaleric acid-P,Phenoxyacetic acid-P
3-Hydroxyisovaleric acid-P,"Propanetriol, 2-methyl--P"
3-Hydroxyisovaleric acid-P,Triethanolamine-P
3-Indoleacetic acid-P,3-Indolepropionic acid-P
3-Indoleacetic acid-P,5-(2-Aminopropyl)-2-methylphenol-P
3-Indoleacetic acid-P,7-(Trimethylsilyl)amino-4-methylcoumarin-P
3-Indoleacetic acid-P,Glycine-P
3-Indoleacetic acid-P,Indole-3-lactic acid-P
3-Indoleacetic acid-P,Ketamine-P
3-Indoleacetic acid-P,L-Tryptophan-P
3-Indoleacetic acid-P,Naphthofluorescein-P
3-Indoleacetic acid-P,Niacinamide-P
3-Indoleacetic acid-P,"Tacrine, N-trimethylsilyl--P"
3-Indolepropionic acid-P,Hydroquinone-P
3-Indolepropionic acid-P,Indole-3-lactic acid-P
3-Indolepropionic acid-P,S-Methyl-L-cysteine-P
3-Indolepropionic acid-P,"Tacrine, N-trimethylsilyl--P"
3-Indolepropionic acid-P,"Thymine, 1,3-dimethyl-6-(trimethylsilyloxymethyl)--P"
3-Methoxysalicylic acid-P,"3,4-dimethyl-5-(3,4-methylenedioxy)phenyloxazolidine-P"
"3,4-Dihydroxymandelic acid, ethyl ester-P",D-(-)-Citramalic acid-P
"3,4-dimethyl-5-(3,4-methylenedioxy)phenyloxazolidine-P",Cadaverine-P
"3,5-Dimethylpyrazole-P",4-Cumylphenol-P
"3,5-Dimethylpyrazole-P","Benzimidazole, 5-trifluoromethyl-2-methyl--P"
"3,5-Dimethylpyrazole-P","Benzoic acid, pentadecyl ester-P"
"3,5-Dimethylpyrazole-P",Benzophenone-P
"3,5-Dimethylpyrazole-P","Butanoic acid, 2,4-bis[(trimethylsilyl)oxy]--P"
"3,5-Dimethylpyrazole-P",Cinnamic acid-P
"3,5-Dimethylpyrazole-P",Diphenyl ether-P
"3,5-Dimethylpyrazole-P",Indole-5-carboxylic acid-P
"3,5-Dimethylpyrazole-P","Inosose-2, 1,3,4,5,6-pentakis--P"
"3,5-Dimethylpyrazole-P",Isofucosterol-P
"3,5-Dimethylpyrazole-P",Methyl aminoacetate-P
"3,5-Dimethylpyrazole-P",N-Acetyl-L-glutamic acid-P
"3,5-Dimethylpyrazole-P",Neostigmine-P
"3,5-Dimethylpyrazole-P",Nonadecanoic acid-P
"3,5-Dimethylpyrazole-P","Pentenoic acid, 4-[(trimethylsilyl)oxy]--P"
"3,5-Dimethylpyrazole-P",Phloroglucinol-P
"3,5-Dimethylpyrazole-P","Propanetriol, 2-methyl--P"
"3,5-Dimethylpyrazole-P","Stigmast-5-ene, 3beta--P"
"3,5-Dimethylpyrazole-P","Trimethylsilyl (5-benzyl-3,6-dioxopiperazin-2-yl)acetate-P"
3'-(Trimethylsilyl)oxy-beta-naphthoflavone-P,D-Threitol-P
3'-Hydroxyacetophenone-P,"Erythrono-1,4-lactone, (Z)--P"
3'-Hydroxyacetophenone-P,Glyoxime-P
3'-Hydroxyacetophenone-P,Heptadecanoic acid-P
3'-Hydroxyacetophenone-P,"Methyl (3,4-dimethoxyphenyl)(hydroxy)acetate-P"
3'-Hydroxyacetophenone-P,"N,N-Dimethyl-2-cyclohexyloxyethylamine-P"
3'-Hydroxyacetophenone-P,p-Hydroxydiisopropylbenzene-P
3'-Hydroxyacetophenone-P,Triethanolamine-P
"3beta,4beta-Bis(trimethylsiloxy)cholest-5-ene-P","5-Androsten-17alpha-methyl-3beta,17beta-diol-P"
"3beta,4beta-Bis(trimethylsiloxy)cholest-5-ene-P","6,7,4'-Trihydroxyisoflavone-P"
"3beta,4beta-Bis(trimethylsiloxy)cholest-5-ene-P",7-(Trimethylsilyl)amino-4-methylcoumarin-P
"3beta,4beta-Bis(trimethylsiloxy)cholest-5-ene-P",Acetoacetic acid-P
"3beta,4beta-Bis(trimethylsiloxy)cholest-5-ene-P",Aceturic acid-P
"3beta,4beta-Bis(trimethylsiloxy)cholest-5-ene-P",alpha-Tocopherol-P
"3beta,4beta-Bis(trimethylsiloxy)cholest-5-ene-P","Benzaldehyde, 2,5-dimethyl--P"
"3beta,4beta-Bis(trimethylsiloxy)cholest-5-ene-P",Benzeneacetic acid-P
"3beta,4beta-Bis(trimethylsiloxy)cholest-5-ene-P","Benzimidazole, 5-trifluoromethyl-2-methyl--P"
"3beta,4beta-Bis(trimethylsiloxy)cholest-5-ene-P","Butanoic acid, 2,4-bis[(trimethylsilyl)oxy]--P"
"3beta,4beta-Bis(trimethylsiloxy)cholest-5-ene-P",cis-4-Trimethylsilyloxy-cyclohexyl(trimethylsilyl)carboxylate-P
"3beta,4beta-Bis(trimethylsiloxy)cholest-5-ene-P","Cyclopentaneacetic acid, 3-oxo-2-pentyl--P"
"3beta,4beta-Bis(trimethylsiloxy)cholest-5-ene-P","Cyclopentanone, 2,2,4-trimethyl--P"
"3beta,4beta-Bis(trimethylsiloxy)cholest-5-ene-P",D-Fructose-P
"3beta,4beta-Bis(trimethylsiloxy)cholest-5-ene-P",Deoxycholic Acid-P
"3beta,4beta-Bis(trimethylsiloxy)cholest-5-ene-P",Dinoseb-P
"3beta,4beta-Bis(trimethylsiloxy)cholest-5-ene-P","Ethanamine, N,N-diethyl-2,2-dimethyl-2-[(3,5-dimethoxy)phenyl]--P"
"3beta,4beta-Bis(trimethylsiloxy)cholest-5-ene-P",Indole-5-carboxylic acid-P
"3beta,4beta-Bis(trimethylsiloxy)cholest-5-ene-P",Isofucosterol-P
"3beta,4beta-Bis(trimethylsiloxy)cholest-5-ene-P",Isopropyl palmitate-P
"3beta,4beta-Bis(trimethylsiloxy)cholest-5-ene-P",Itaconic acid-P
"3beta,4beta-Bis(trimethylsiloxy)cholest-5-ene-P",Levulinic acid-P
"3beta,4beta-Bis(trimethylsiloxy)cholest-5-ene-P",Metanephrine-P
"3beta,4beta-Bis(trimethylsiloxy)cholest-5-ene-P",Methyl aminoacetate-P
"3beta,4beta-Bis(trimethylsiloxy)cholest-5-ene-P",Methylmalonic monoamide-P
"3beta,4beta-Bis(trimethylsiloxy)cholest-5-ene-P",Neostigmine-P
"3beta,4beta-Bis(trimethylsiloxy)cholest-5-ene-P",Niclosamide-P
"3beta,4beta-Bis(trimethylsiloxy)cholest-5-ene-P",Nonadecanoic acid-P
"3beta,4beta-Bis(trimethylsiloxy)cholest-5-ene-P",p-Hydroxydiisopropylbenzene-P
"3beta,4beta-Bis(trimethylsiloxy)cholest-5-ene-P","Pentanedioic acid, 3-methyl-3-[(trimethylsilyl)oxy]--P"
"3beta,4beta-Bis(trimethylsiloxy)cholest-5-ene-P",Pimelic acid-P
"3beta,4beta-Bis(trimethylsiloxy)cholest-5-ene-P","Propanetriol, 2-methyl--P"
"3beta,4beta-Bis(trimethylsiloxy)cholest-5-ene-P",Propylamine-P
"3beta,4beta-Bis(trimethylsiloxy)cholest-5-ene-P",Tartronic acid-P
"3beta,4beta-Bis(trimethylsiloxy)cholest-5-ene-P",Triethanolamine-P
4-(Methoxycarbonyl)phenol-P,"Trimethylsilyl (5-benzyl-3,6-dioxopiperazin-2-yl)acetate-P"
4-Cumylphenol-P,Allylescaline-P
4-Cumylphenol-P,Cholesterol-P
4-Cumylphenol-P,Glyoxime-P
4-Cumylphenol-P,Hydracrylic acid-P
4-Cumylphenol-P,Methyl-3-methoxy-5-methyl benzoate-P
4-Cumylphenol-P,Neostigmine-P
4-Cumylphenol-P,Nitrosothymol-P
4-Cumylphenol-P,Nonadecanoic acid-P
4-Cumylphenol-P,Octopamine-P
4-Cumylphenol-P,Pimelic acid-P
4-Cumylphenol-P,"Pyrimidine, 5-methyl-2,4-bis[(trimethylsilyl)oxy]--P"
4-Cumylphenol-P,S-Methyl-L-cysteine-P
4-Cumylphenol-P,"Trimethylsilyl (5-benzyl-3,6-dioxopiperazin-2-yl)acetate-P"
4-Hydroxy-5-(hydroxymethyl)oxolan-2-one-P,Cyclo(L-prolyl-L-valine)-P
4-Hydroxy-5-(hydroxymethyl)oxolan-2-one-P,Octocrylene-P
4-Hydroxybenzaldehyde-P,"Propanoic acid, 2-methyl--P"
4-Hydroxybenzeneacetic acid-P,"Butanoic acid, 2,4-bis[(trimethylsilyl)oxy]--P"
4-Hydroxybenzeneacetic acid-P,cis-4-Trimethylsilyloxy-cyclohexyl(trimethylsilyl)carboxylate-P
4-Hydroxybenzeneacetic acid-P,D-Fructose-P
4-Hydroxybenzeneacetic acid-P,Glyceric acid-P
4-Hydroxybenzeneacetic acid-P,L-Threitol-P
4-Hydroxybenzeneacetic acid-P,Methyl-3-methoxy-5-methyl benzoate-P
4-Hydroxybenzeneacetic acid-P,Tartronic acid-P
4-Hydroxybenzoic acid-P,Glycolic acid-P
4-Hydroxyphenyllactic acid-P,L-Tyrosine-P
5-(2-Aminopropyl)-2-methylphenol-P,alpha-Tocopherol-P
5-(2-Aminopropyl)-2-methylphenol-P,Benzeneacetic acid-P
5-(2-Aminopropyl)-2-methylphenol-P,cis-4-Trimethylsilyloxy-cyclohexyl(trimethylsilyl)carboxylate-P
5-(2-Aminopropyl)-2-methylphenol-P,"D-Xylofuranose, 1,2,3,5-tetrakis-O--P"
5-(2-Aminopropyl)-2-methylphenol-P,Dihydrouracil-P
5-(2-Aminopropyl)-2-methylphenol-P,Glycine-P
5-(2-Aminopropyl)-2-methylphenol-P,Guanabenz-P
5-(2-Aminopropyl)-2-methylphenol-P,l-Histidine ethyl ester-P
5-(2-Aminopropyl)-2-methylphenol-P,Neostigmine-P
5-(2-Aminopropyl)-2-methylphenol-P,"Pentanedioic acid, 3-methyl-3-[(trimethylsilyl)oxy]--P"
5-(2-Aminopropyl)-2-methylphenol-P,Propylamine-P
5-(2-Aminopropyl)-2-methylphenol-P,Trimidox-P
5-Aminovaleric acid-P,"9,12-Octadecadienoic acid-P"
5-Aminovaleric acid-P,alpha-Tocopherol-P
5-Aminovaleric acid-P,"Methyl (3,4-dimethoxyphenyl)(hydroxy)acetate-P"
5-Aminovaleric acid-P,N-Isovaleroylglycine-P
5-Aminovaleric acid-P,Palmitelaidic acid-P
5-Aminovaleric acid-P,Ribitol-P
5-Aminovaleric acid-P,"Trimethylsilyl (5-benzyl-3,6-dioxopiperazin-2-yl)acetate-P"
"5-Androsten-17alpha-methyl-3beta,17beta-diol-P","Benzaldehyde, 2,5-dimethyl--P"
"5-Androsten-17alpha-methyl-3beta,17beta-diol-P",Benzeneacetic acid-P
"5-Androsten-17alpha-methyl-3beta,17beta-diol-P",5-Hydroxyhexanoic acid-P
"5-Androsten-17alpha-methyl-3beta,17beta-diol-P",cis-4-Trimethylsilyloxy-cyclohexyl(trimethylsilyl)carboxylate-P
"5-Androsten-17alpha-methyl-3beta,17beta-diol-P",D-Fructose-P
"5-Androsten-17alpha-methyl-3beta,17beta-diol-P",Deoxycholic Acid-P
"5-Androsten-17alpha-methyl-3beta,17beta-diol-P",Desmosterol-P
"5-Androsten-17alpha-methyl-3beta,17beta-diol-P",Methyl-3-methoxy-5-methyl benzoate-P
"5-Androsten-17alpha-methyl-3beta,17beta-diol-P",Propylamine-P
"5-Androsten-17alpha-methyl-3beta,17beta-diol-P",Tartronic acid-P
"5-Androsten-17alpha-methyl-3beta,17beta-diol-P","Thymine, 1,3-dimethyl-6-(trimethylsilyloxymethyl)--P"
"5-Cholesten-3beta, 7alpha-bis[(trimethylsilyl)oxy]--P",5-Hydroxytryptophan-P
5-Ethyluracil-P,Dodecanoic acid-P
5-Ethyluracil-P,N-(Trimethylsilyl)hexanamide-P
5-Henicosylresorcinol-P,"Benzimidazole, 5-trifluoromethyl-2-methyl--P"
5-Henicosylresorcinol-P,"Benzoic acid, pentadecyl ester-P"
5-Henicosylresorcinol-P,Benzophenone-P
5-Henicosylresorcinol-P,Cinnamic acid-P
5-Henicosylresorcinol-P,Diphenyl ether-P
5-Henicosylresorcinol-P,"Ethanone, 1-(2,5-dimethoxyphenyl)--P"
5-Henicosylresorcinol-P,Hexanoic acid-P
5-Henicosylresorcinol-P,Levulinic acid-P
5-Henicosylresorcinol-P,Metanephrine-P
5-Henicosylresorcinol-P,Niclosamide-P
5-Henicosylresorcinol-P,Nitrosothymol-P
5-Henicosylresorcinol-P,"Pentanedioic acid, 2-[(trimethylsilyl)oxy]--P"
5-Henicosylresorcinol-P,Phlorizin-P
5-Henicosylresorcinol-P,Pimelic acid-P
5-Henicosylresorcinol-P,S-Methyl-L-cysteine-P
5-Hydroxyquinoline-P,7-(Trimethylsilyl)amino-4-methylcoumarin-P
5-Hydroxyquinoline-P,Aceturic acid-P
5-Hydroxyquinoline-P,"Benzaldehyde, 2,5-dimethyl--P"
5-Hydroxyquinoline-P,Benzeneacetic acid-P
5-Hydroxyquinoline-P,5-Hydroxyhexanoic acid-P
5-Hydroxyquinoline-P,cis-4-Trimethylsilyloxy-cyclohexyl(trimethylsilyl)carboxylate-P
5-Hydroxyquinoline-P,Dihydrouracil-P
5-Hydroxyquinoline-P,DL-Glyceraldehyde-P
5-Hydroxyquinoline-P,"Ethanamine, N,N-diethyl-2,2-dimethyl-2-[(3,5-dimethoxy)phenyl]--P"
5-Hydroxyquinoline-P,Isoxaben-P
5-Hydroxyquinoline-P,N-Isovaleroylglycine-P
5-Hydroxyquinoline-P,N-Methyl-N-(tetrahydro-2-furanylmethyl)-4-piperidinamine-P
5-Hydroxyquinoline-P,"N,O-Bis(trimethylsilyl)carbamate-P"
5-Hydroxyquinoline-P,Tartronic acid-P
5-Hydroxytryptophan-P,"Benzaldehyde, 2,5-dimethyl--P"
5-Hydroxytryptophan-P,"Benzoic acid, pentadecyl ester-P"
5-Hydroxytryptophan-P,Benzophenone-P
5-Hydroxytryptophan-P,cyclobutanecarboxylic acid-P
5-Hydroxytryptophan-P,Diphenyl ether-P
5-Hydroxytryptophan-P,Isofucosterol-P
5-Hydroxytryptophan-P,Neostigmine-P
5-Hydroxytryptophan-P,Phenoxyacetic acid-P
5-Hydroxytryptophan-P,Phlorizin-P
5-Hydroxytryptophan-P,S-Methyl-L-cysteine-P
5-Hydroxytryptophan-P,Salsoline-P
5-Hydroxytryptophan-P,"Stigmast-5-ene, 3beta--P"
5-Hydroxytryptophan-P,"Trimethylsilyl (5-benzyl-3,6-dioxopiperazin-2-yl)acetate-P"
"5alpha-Pregnane-3,20-dione-P",cyclobutanecarboxylic acid-P
"5alpha-Pregnane-3,20-dione-P",Delorazepam-P
"5alpha-Pregnane-3,20-dione-P",Glycine-P
"5alpha-Pregnane-3,20-dione-P","N,N-Diethyl-2-aminoethanol-P"
6-Hydroxyflavone-beta-D-glucoside-P,"Ethanone, 1-(2,5-dimethoxyphenyl)--P"
6-Hydroxyflavone-beta-D-glucoside-P,Methyl alpha-Lyxofuranoside-P
6-Hydroxyflavone-beta-D-glucoside-P,N-Acetyl-L-glutamic acid-P
"6,7,4'-Trihydroxyisoflavone-P","Benzene, 1-acetoxy-2,6-dimethoxy-4-(2-propenyl)--P"
"6,7,4'-Trihydroxyisoflavone-P",D-Fructose-P
"6,7,4'-Trihydroxyisoflavone-P",Methyl aminoacetate-P
"6,7,4'-Trihydroxyisoflavone-P",p-Toluic acid-P
"6,7,4'-Trihydroxyisoflavone-P","Propanetriol, 2-methyl--P"
"6,7,4'-Trihydroxyisoflavone-P",Ribitol-P
7-(Trimethylsilyl)amino-4-methylcoumarin-P,Acetoacetic acid-P
7-(Trimethylsilyl)amino-4-methylcoumarin-P,alpha-Tocopherol-P
7-(Trimethylsilyl)amino-4-methylcoumarin-P,"Benzaldehyde, 2,5-dimethyl--P"
7-(Trimethylsilyl)amino-4-methylcoumarin-P,Benzeneacetic acid-P
7-(Trimethylsilyl)amino-4-methylcoumarin-P,5-Hydroxyhexanoic acid-P
7-(Trimethylsilyl)amino-4-methylcoumarin-P,Glycine-P
7-(Trimethylsilyl)amino-4-methylcoumarin-P,"Glycine, N-(N-DL-leucylglycyl)--P"
7-(Trimethylsilyl)amino-4-methylcoumarin-P,Methyl aminoacetate-P
7-(Trimethylsilyl)amino-4-methylcoumarin-P,Methyl-3-methoxy-5-methyl benzoate-P
7-(Trimethylsilyl)amino-4-methylcoumarin-P,Nonadecanoic acid-P
7-(Trimethylsilyl)amino-4-methylcoumarin-P,"Propanetriol, 2-methyl--P"
"7-Acetyl-6-ethyl-1,1,4,4-tetramethyltetralin-P","Benzene, 1,1'-(1,2-cyclobutanediyl)bis--P"
"7-Acetyl-6-ethyl-1,1,4,4-tetramethyltetralin-P",D-Ribose-P
9-Octadecenamide-P,"9,12-Octadecadienoic acid-P"
9-Octadecenamide-P,Ketamine-P
"9,12-Octadecadienoic acid-P",Hydantoic acid-P
"Acetamide, N,N-diethyl--P",Butylated Hydroxytoluene-P
"Acetamide, N,N-diethyl--P",Eicosapentaenoic acid-P
"Acetamide, N,N-diethyl--P",Myristic acid-P
"Acetamide, N,N-diethyl--P",Sertraline carbamoyl glucuronide-P
"Acetin, bis-1,3-trimethylsilyl ether-P",Azatadine-P
"Acetin, bis-1,3-trimethylsilyl ether-P",Dinoseb-P
"Acetin, bis-1,3-trimethylsilyl ether-P",Isofucosterol-P
"Acetin, bis-1,3-trimethylsilyl ether-P",N-Methyl-N-(tetrahydro-2-furanylmethyl)-4-piperidinamine-P
Acetoacetic acid-P,Aceturic acid-P
Acetoacetic acid-P,"Benzaldehyde, 2,5-dimethyl--P"
Acetoacetic acid-P,Benzophenone-P
Acetoacetic acid-P,Indole-5-carboxylic acid-P
Acetoacetic acid-P,Isopropyl palmitate-P
Acetoacetic acid-P,Itaconic acid-P
Acetoacetic acid-P,Methyl aminoacetate-P
Acetoacetic acid-P,Neostigmine-P
Acetoacetic acid-P,"Pentenoic acid, 4-[(trimethylsilyl)oxy]--P"
Acetoacetic acid-P,"Propanetriol, 2-methyl--P"
"Acetohydrazide, 2-(2-isopropyl-5-methylphenoxy)-N2-benzylideno--P",Ammeline-P
"Acetohydrazide, 2-(2-isopropyl-5-methylphenoxy)-N2-benzylideno--P","Benzimidazole, 5-trifluoromethyl-2-methyl--P"
"Acetohydrazide, 2-(2-isopropyl-5-methylphenoxy)-N2-benzylideno--P",Butylated Hydroxytoluene-P
"Acetohydrazide, 2-(2-isopropyl-5-methylphenoxy)-N2-benzylideno--P","D-(+)-Ribono-1,4-lactone (R,S,R)--P"
"Acetohydrazide, 2-(2-isopropyl-5-methylphenoxy)-N2-benzylideno--P",Glyoxime-P
"Acetohydrazide, 2-(2-isopropyl-5-methylphenoxy)-N2-benzylideno--P",Hexanedioic acid-P
"Acetohydrazide, 2-(2-isopropyl-5-methylphenoxy)-N2-benzylideno--P",Levulinic acid-P
"Acetohydrazide, 2-(2-isopropyl-5-methylphenoxy)-N2-benzylideno--P",Pimelic acid-P
"Acetohydrazide, 2-(2-isopropyl-5-methylphenoxy)-N2-benzylideno--P",Tartronic acid-P
"Acetohydrazide, 2-(2-isopropyl-5-methylphenoxy)-N2-benzylideno--P",Triethanolamine-P
Aceturic acid-P,alpha-Tocopherol-P
Aceturic acid-P,5-Hydroxyhexanoic acid-P
Aceturic acid-P,"Butanoic acid, 2,4-bis[(trimethylsilyl)oxy]--P"
Aceturic acid-P,"Cephalotaxine, 3-deoxy-3,11-epoxy-, (3alpha,11alpha)--P"
Aceturic acid-P,Dihydrouracil-P
Aceturic acid-P,DL-Glyceraldehyde-P
Aceturic acid-P,"Glycine, N-[4-[(trimethylsilyl)oxy]benzoyl]--P"
Aceturic acid-P,Isopropyl palmitate-P
Aceturic acid-P,Isoxaben-P
Aceturic acid-P,Itaconic acid-P
Aceturic acid-P,Methylmalonic monoamide-P
Aceturic acid-P,Nonadecanoic acid-P
Aceturic acid-P,"Propanetriol, 2-methyl--P"
Aceturic acid-P,Tartronic acid-P
Adipoyl-L-carnitine-P,Cyclo-(l-leucyl-l-phenylalanyl)-P
Adipoyl-L-carnitine-P,Tetradecanenitrile-P
Allylescaline-P,Benzophenone-P
Allylescaline-P,L-Aspartic acid-P
"alpha-L-Galactopyranoside, methyl 6-deoxy-, (R,R,R,S,S)--P",Mirin-P
alpha-Linolenic acid-P,"Aziridine, 1-(2-buten-2-yl)--P"
alpha-Linolenic acid-P,"Benzoic acid, methyl ester-P"
alpha-Linolenic acid-P,Citric acid-P
alpha-Tocopherol-P,Arabinaric acid-P
alpha-Tocopherol-P,"Benzimidazole, 5-trifluoromethyl-2-methyl--P"
alpha-Tocopherol-P,Benzophenone-P
alpha-Tocopherol-P,Delorazepam-P
alpha-Tocopherol-P,Diphenyl ether-P
alpha-Tocopherol-P,DL-Glyceraldehyde-P
alpha-Tocopherol-P,"Ethanamine, N,N-diethyl-2,2-dimethyl-2-[(3,5-dimethoxy)phenyl]--P"
alpha-Tocopherol-P,Glycine-P
alpha-Tocopherol-P,"Glycine, N-(N-DL-leucylglycyl)--P"
alpha-Tocopherol-P,Indole-3-lactic acid-P
alpha-Tocopherol-P,Isofucosterol-P
alpha-Tocopherol-P,Isopropyl palmitate-P
alpha-Tocopherol-P,Methyl aminoacetate-P
alpha-Tocopherol-P,Niclosamide-P
alpha-Tocopherol-P,Nonadecanoic acid-P
alpha-Tocopherol-P,"Pentanedioic acid, 3-methyl-3-[(trimethylsilyl)oxy]--P"
alpha-Tocopherol-P,"Propanetriol, 2-methyl--P"
alpha-Tocopherol-P,Propylamine-P
alpha-Tocopherol-P,Salsoline-P
alpha-Tocopherol-P,Triethanolamine-P
Arabinaric acid-P,Benzophenone-P
Arabinaric acid-P,Dinoseb-P
Arabinaric acid-P,Diphenyl ether-P
Arabinaric acid-P,Indole-3-lactic acid-P
Arabinaric acid-P,Isofucosterol-P
Arabinaric acid-P,Isopropyl palmitate-P
Arabinaric acid-P,Itaconic acid-P
Arabinaric acid-P,L-Alanine-P
Arabinaric acid-P,Methyl aminoacetate-P
Arabinaric acid-P,Methylmalonic monoamide-P
Arabinaric acid-P,Niclosamide-P
Arabinaric acid-P,Nonadecanoic acid-P
Arabinaric acid-P,p-Hydroxydiisopropylbenzene-P
Arabinaric acid-P,"Stigmast-5-ene, 3beta--P"
Arabinaric acid-P,Triethanolamine-P
Arabinaric acid-P,Trimethylsilyl 3-((trimethylsilyl)thio)propanoate-P
Arachidonic acid-P,Azatadine-P
Arachidonic acid-P,"Benzimidazole, 5-trifluoromethyl-2-methyl--P"
Arachidonic acid-P,"beta-D-Galactofuranose, 1,2,3,5,6-pentakis-O-(trimethylsilyl)--P"
Arachidonic acid-P,beta-Lyxopyranose-P
Arachidonic acid-P,"Butanoic acid, 2,4-bis[(trimethylsilyl)oxy]--P"
Arachidonic acid-P,cis-4-Trimethylsilyloxy-cyclohexyl(trimethylsilyl)carboxylate-P
Arachidonic acid-P,L-Threitol-P
Arachidonic acid-P,Myristic acid-P
Arachidonic acid-P,N-Methyl-N-(tetrahydro-2-furanylmethyl)-4-piperidinamine-P
Arsenous acid-P,"Benzene, 1,3-bis(1,1-dimethylethyl)--P"
Aspartic acid-P,Pyrrole-2-carboxylic acid-P
Azatadine-P,"Butanoic acid, 2,4-bis[(trimethylsilyl)oxy]--P"
Azatadine-P,L-Threitol-P
Azatadine-P,Metanephrine-P
Azatadine-P,N-Methyl-N-(tetrahydro-2-furanylmethyl)-4-piperidinamine-P
Azatadine-P,Sertraline carbamoyl glucuronide-P
"Aziridine, 1-(2-buten-2-yl)--P",Ornithine-P
"Benzaldehyde, 2,5-dimethyl--P",Benzeneacetic acid-P
"Benzaldehyde, 2,5-dimethyl--P","Benzimidazole, 5-trifluoromethyl-2-methyl--P"
"Benzaldehyde, 2,5-dimethyl--P","Benzoic acid, pentadecyl ester-P"
"Benzaldehyde, 2,5-dimethyl--P",Benzophenone-P
"Benzaldehyde, 2,5-dimethyl--P","beta-d-Fructopyranose, 1-deoxy-1-(4-morpholinyl)-2,3,4,5-tetrakis-O-(trimethylsilyl)--P"
"Benzaldehyde, 2,5-dimethyl--P",5-Hydroxyhexanoic acid-P
"Benzaldehyde, 2,5-dimethyl--P",D-Fructose-P
"Benzaldehyde, 2,5-dimethyl--P",Deoxycholic Acid-P
"Benzaldehyde, 2,5-dimethyl--P",Dihydrouracil-P
"Benzaldehyde, 2,5-dimethyl--P",Dinoseb-P
"Benzaldehyde, 2,5-dimethyl--P",Diphenyl ether-P
"Benzaldehyde, 2,5-dimethyl--P",Dodecylcyclohexane-P
"Benzaldehyde, 2,5-dimethyl--P","Furan, 2-pentyl--P"
"Benzaldehyde, 2,5-dimethyl--P",Glycine-P
"Benzaldehyde, 2,5-dimethyl--P",Glyoxime-P
"Benzaldehyde, 2,5-dimethyl--P",Hydantoic acid-P
"Benzaldehyde, 2,5-dimethyl--P",Indole-3-carboxaldehyde-P
"Benzaldehyde, 2,5-dimethyl--P",Isofucosterol-P
"Benzaldehyde, 2,5-dimethyl--P",Isopropyl palmitate-P
"Benzaldehyde, 2,5-dimethyl--P",Methyl aminoacetate-P
"Benzaldehyde, 2,5-dimethyl--P",Neostigmine-P
"Benzaldehyde, 2,5-dimethyl--P",Niclosamide-P
"Benzaldehyde, 2,5-dimethyl--P",Nonadecanoic acid-P
"Benzaldehyde, 2,5-dimethyl--P",p-Toluic acid-P
"Benzaldehyde, 2,5-dimethyl--P",Phlorizin-P
"Benzaldehyde, 2,5-dimethyl--P",Pimelic acid-P
"Benzaldehyde, 2,5-dimethyl--P","Propanetriol, 2-methyl--P"
"Benzaldehyde, 2,5-dimethyl--P",Propylamine-P
"Benzaldehyde, 2,5-dimethyl--P","Pyrimidine, 5-methyl-2,4-bis[(trimethylsilyl)oxy]--P"
"Benzaldehyde, 2,5-dimethyl--P",Quazodine-P
"Benzaldehyde, 2,5-dimethyl--P",S-Methyl-L-cysteine-P
"Benzaldehyde, 2,5-dimethyl--P",Salsoline-P
"Benzaldehyde, 2,5-dimethyl--P","Stigmast-5-ene, 3beta--P"
"Benzaldehyde, 2,5-dimethyl--P",Suberic acid-P
"Benzaldehyde, 2,5-dimethyl--P",Tartronic acid-P
"Benzaldehyde, 2,5-dimethyl--P",Triethanolamine-P
"Benzene, 1-acetoxy-2,6-dimethoxy-4-(2-propenyl)--P","Cyclopentaneacetic acid, 3-oxo-2-pentyl--P"
"Benzene, 1-acetoxy-2,6-dimethoxy-4-(2-propenyl)--P",Galactopyranose-P
"Benzene, 1-acetoxy-2,6-dimethoxy-4-(2-propenyl)--P",L-Threitol-P
"Benzene, 1-acetoxy-2,6-dimethoxy-4-(2-propenyl)--P",Phenylalanine-P
"Benzene, 1-acetoxy-2,6-dimethoxy-4-(2-propenyl)--P",Triethanolamine-P
"Benzene, 1,3-bis(1,1-dimethylethyl)--P","Morpholine, 4-[2,3,4,6-tetrakis-O-(trimethylsilyl)-alpha-d-mannopyranosyl]--P"
"Benzene, 3-cyclohexen-1-yl--P","Benzo[b]fluorene, 5-amino-7-methyl-1,2,3,4,6,7,8,9-octahydro-11-thia-10-aza--P"
Benzeneacetic acid-P,5-Hydroxyhexanoic acid-P
Benzeneacetic acid-P,cis-4-Trimethylsilyloxy-cyclohexyl(trimethylsilyl)carboxylate-P
Benzeneacetic acid-P,D-Fructose-P
Benzeneacetic acid-P,Dihydrouracil-P
Benzeneacetic acid-P,"Ethanamine, N,N-diethyl-2,2-dimethyl-2-[(3,5-dimethoxy)phenyl]--P"
Benzeneacetic acid-P,Methylmalonic monoamide-P
Benzeneacetic acid-P,"Propanetriol, 2-methyl--P"
Benzeneacetic acid-P,Tartronic acid-P
Benzeneacetic acid-P,Triethanolamine-P
"Benzimidazole, 5-trifluoromethyl-2-methyl--P","Benzoic acid, pentadecyl ester-P"
"Benzimidazole, 5-trifluoromethyl-2-methyl--P",Benzophenone-P
"Benzimidazole, 5-trifluoromethyl-2-methyl--P","Butanoic acid, 2,4-bis[(trimethylsilyl)oxy]--P"
"Benzimidazole, 5-trifluoromethyl-2-methyl--P",Cinnamic acid-P
"Benzimidazole, 5-trifluoromethyl-2-methyl--P","Cyclopentanone, 2,2,4-trimethyl--P"
"Benzimidazole, 5-trifluoromethyl-2-methyl--P",Dinoseb-P
"Benzimidazole, 5-trifluoromethyl-2-methyl--P",Diphenyl ether-P
"Benzimidazole, 5-trifluoromethyl-2-methyl--P",Dodecylcyclohexane-P
"Benzimidazole, 5-trifluoromethyl-2-methyl--P",Eicosapentaenoic acid-P
"Benzimidazole, 5-trifluoromethyl-2-methyl--P",Indole-5-carboxylic acid-P
"Benzimidazole, 5-trifluoromethyl-2-methyl--P",Isofucosterol-P
"Benzimidazole, 5-trifluoromethyl-2-methyl--P",Isopropyl palmitate-P
"Benzimidazole, 5-trifluoromethyl-2-methyl--P",Itaconic acid-P
"Benzimidazole, 5-trifluoromethyl-2-methyl--P",Levulinic acid-P
"Benzimidazole, 5-trifluoromethyl-2-methyl--P",Methyl aminoacetate-P
"Benzimidazole, 5-trifluoromethyl-2-methyl--P",Niclosamide-P
"Benzimidazole, 5-trifluoromethyl-2-methyl--P",Nonadecanoic acid-P
"Benzimidazole, 5-trifluoromethyl-2-methyl--P","Pentanedioic acid, 3-methyl-3-[(trimethylsilyl)oxy]--P"
"Benzimidazole, 5-trifluoromethyl-2-methyl--P",Phloroglucinol-P
"Benzimidazole, 5-trifluoromethyl-2-methyl--P","Propanetriol, 2-methyl--P"
"Benzimidazole, 5-trifluoromethyl-2-methyl--P",Propylamine-P
"Benzimidazole, 5-trifluoromethyl-2-methyl--P","Stigmast-5-ene, 3beta--P"
"Benzimidazole, 5-trifluoromethyl-2-methyl--P",Triethanolamine-P
"Benzimidazole, 5-trifluoromethyl-2-methyl--P",L-Tyrosine-P
"Benzo[b]fluorene, 5-amino-7-methyl-1,2,3,4,6,7,8,9-octahydro-11-thia-10-aza--P","beta-d-Fructopyranose, 1-deoxy-1-(4-morpholinyl)-2,3,4,5-tetrakis-O-(trimethylsilyl)--P"
"Benzo[b]fluorene, 5-amino-7-methyl-1,2,3,4,6,7,8,9-octahydro-11-thia-10-aza--P",Indole-3-carboxaldehyde-P
"Benzo[b]fluorene, 5-amino-7-methyl-1,2,3,4,6,7,8,9-octahydro-11-thia-10-aza--P",L-5-Oxoproline-P
"Benzo[b]fluorene, 5-amino-7-methyl-1,2,3,4,6,7,8,9-octahydro-11-thia-10-aza--P",Methyl isovanillate-P
"Benzoic acid, methyl ester-P",Citric acid-P
"Benzoic acid, pentadecyl ester-P",Benzophenone-P
"Benzoic acid, pentadecyl ester-P",Diphenyl ether-P
"Benzoic acid, pentadecyl ester-P","Furan, 2-pentyl--P"
"Benzoic acid, pentadecyl ester-P",Isofucosterol-P
"Benzoic acid, pentadecyl ester-P",Levulinic acid-P
"Benzoic acid, pentadecyl ester-P",S-Methyl-L-cysteine-P
"Benzoic acid, pentadecyl ester-P","Stigmast-5-ene, 3beta--P"
"Benzoic acid, pentadecyl ester-P","Thymine, 1,3-dimethyl-6-(trimethylsilyloxymethyl)--P"
Benzophenone-P,Dinoseb-P
Benzophenone-P,Diphenyl ether-P
Benzophenone-P,Isofucosterol-P
Benzophenone-P,Isopropyl palmitate-P
Benzophenone-P,Itaconic acid-P
Benzophenone-P,Levulinic acid-P
Benzophenone-P,Methyl aminoacetate-P
Benzophenone-P,Niclosamide-P
Benzophenone-P,Nonadecanoic acid-P
Benzophenone-P,"Pentenoic acid, 4-[(trimethylsilyl)oxy]--P"
Benzophenone-P,Phenoxyacetic acid-P
Benzophenone-P,Phlorizin-P
Benzophenone-P,Phloroglucinol-P
Benzophenone-P,"Propanetriol, 2-methyl--P"
Benzophenone-P,Salsoline-P
Benzophenone-P,"Stigmast-5-ene, 3beta--P"
Benzophenone-P,"Thymine, 1,3-dimethyl-6-(trimethylsilyloxymethyl)--P"
"beta-d-Fructopyranose, 1-deoxy-1-(4-morpholinyl)-2,3,4,5-tetrakis-O-(trimethylsilyl)--P",5-Hydroxyhexanoic acid-P
"beta-d-Fructopyranose, 1-deoxy-1-(4-morpholinyl)-2,3,4,5-tetrakis-O-(trimethylsilyl)--P",Dinoseb-P
"beta-d-Fructopyranose, 1-deoxy-1-(4-morpholinyl)-2,3,4,5-tetrakis-O-(trimethylsilyl)--P",Glyoxime-P
"beta-d-Fructopyranose, 1-deoxy-1-(4-morpholinyl)-2,3,4,5-tetrakis-O-(trimethylsilyl)--P",Hydantoic acid-P
"beta-d-Fructopyranose, 1-deoxy-1-(4-morpholinyl)-2,3,4,5-tetrakis-O-(trimethylsilyl)--P",Methyl aminoacetate-P
"beta-d-Fructopyranose, 1-deoxy-1-(4-morpholinyl)-2,3,4,5-tetrakis-O-(trimethylsilyl)--P",N-Isovaleroylglycine-P
"beta-D-Galactofuranose, 1,2,3,5,6-pentakis-O-(trimethylsilyl)--P","Butanoic acid, 2,4-bis[(trimethylsilyl)oxy]--P"
"beta-D-Galactofuranose, 1,2,3,5,6-pentakis-O-(trimethylsilyl)--P",Dinoseb-P
"beta-D-Galactofuranose, 1,2,3,5,6-pentakis-O-(trimethylsilyl)--P",Isopropyl palmitate-P
"beta-D-Galactofuranose, 1,2,3,5,6-pentakis-O-(trimethylsilyl)--P",Itaconic acid-P
"beta-D-Galactofuranose, 1,2,3,5,6-pentakis-O-(trimethylsilyl)--P",N-Methyl-N-(tetrahydro-2-furanylmethyl)-4-piperidinamine-P
"beta-D-Galactofuranose, 1,2,3,5,6-pentakis-O-(trimethylsilyl)--P",Tartronic acid-P
"beta-D-Galactofuranose, 1,2,3,5,6-pentakis-O-(trimethylsilyl)--P",Triethanolamine-P
beta-Hydroxypyruvic acid-P,"Ethanamine, N,N-diethyl-2,2-dimethyl-2-[(3,5-dimethoxy)phenyl]--P"
beta-Lyxopyranose-P,"Cetaben, N,O-bis(trimethylsilyl)--P"
beta-Lyxopyranose-P,"Cyclopentaneacetic acid, 3-oxo-2-pentyl--P"
beta-Lyxopyranose-P,Methyl-3-methoxy-5-methyl benzoate-P
beta-Lyxopyranose-P,Tartronic acid-P
5-Hydroxyhexanoic acid-P,"Butanoic acid, 2,4-bis[(trimethylsilyl)oxy]--P"
5-Hydroxyhexanoic acid-P,cis-4-Trimethylsilyloxy-cyclohexyl(trimethylsilyl)carboxylate-P
5-Hydroxyhexanoic acid-P,Cyclobutanol-P
5-Hydroxyhexanoic acid-P,"Cyclopentanone, 2,2,4-trimethyl--P"
5-Hydroxyhexanoic acid-P,DL-Glyceraldehyde-P
5-Hydroxyhexanoic acid-P,Metanephrine-P
5-Hydroxyhexanoic acid-P,"Propanetriol, 2-methyl--P"
5-Hydroxyhexanoic acid-P,Tartronic acid-P
5-Hydroxyhexanoic acid-P,"Thymine, 1,3-dimethyl-6-(trimethylsilyloxymethyl)--P"
Bis(trimethylsilyl)acetylene-P,"Pyrazine, 3,6-dihydro-3,6-dimethyl--P"
"Butanal, 2,3,4-tris[(trimethylsilyl)oxy]-, O-methyloxime, [R-(R*,R*)]--P","DL-Proline, 5-oxo--P"
"Butanal, 2,3,4-tris[(trimethylsilyl)oxy]-, O-methyloxime, [R-(R*,R*)]--P","Dodecane, 4,6-dimethyl--P"
"Butanal, 2,3,4-tris[(trimethylsilyl)oxy]-, O-methyloxime, [R-(R*,R*)]--P",Indole-3-lactic acid-P
"Butanal, 2,3,4-tris[(trimethylsilyl)oxy]-, O-methyloxime, [R-(R*,R*)]--P",Methyl aminoacetate-P
"Butanal, 2,3,4-tris[(trimethylsilyl)oxy]-, O-methyloxime, [R-(R*,R*)]--P",N-Isovaleroylglycine-P
"Butanal, 2,3,4-tris[(trimethylsilyl)oxy]-, O-methyloxime, [R-(R*,R*)]--P",Phosalone-P
"Butanal, 2,3,4-tris[(trimethylsilyl)oxy]-, O-methyloxime, [R-(R*,R*)]--P",Triethanolamine-P
"Butanal, 2,3,4-tris[(trimethylsilyl)oxy]-, O-methyloxime, [R-(R*,R*)]--P",Trisaminol-P
"Butanoic acid, 2-methyl-3-[(trimethylsilyl)oxy]--P","Propiophenone, 3',4'-dimethoxy--P"
"Butanoic acid, 2,4-bis[(trimethylsilyl)oxy]--P",Cadaverine-P
"Butanoic acid, 2,4-bis[(trimethylsilyl)oxy]--P","Cyclopentaneacetic acid, 3-oxo-2-pentyl--P"
"Butanoic acid, 2,4-bis[(trimethylsilyl)oxy]--P","Cyclopentanone, 2,2,4-trimethyl--P"
"Butanoic acid, 2,4-bis[(trimethylsilyl)oxy]--P",D-Fructose-P
"Butanoic acid, 2,4-bis[(trimethylsilyl)oxy]--P",Dinoseb-P
"Butanoic acid, 2,4-bis[(trimethylsilyl)oxy]--P",DL-Glyceraldehyde-P
"Butanoic acid, 2,4-bis[(trimethylsilyl)oxy]--P","Dodecane, 4,6-dimethyl--P"
"Butanoic acid, 2,4-bis[(trimethylsilyl)oxy]--P",Indole-5-carboxylic acid-P
"Butanoic acid, 2,4-bis[(trimethylsilyl)oxy]--P",Isofucosterol-P
"Butanoic acid, 2,4-bis[(trimethylsilyl)oxy]--P",Itaconic acid-P
"Butanoic acid, 2,4-bis[(trimethylsilyl)oxy]--P",Metanephrine-P
"Butanoic acid, 2,4-bis[(trimethylsilyl)oxy]--P",N-Methyl-N-(tetrahydro-2-furanylmethyl)-4-piperidinamine-P
"Butanoic acid, 2,4-bis[(trimethylsilyl)oxy]--P","Propanetriol, 2-methyl--P"
"Butanoic acid, 2,4-bis[(trimethylsilyl)oxy]--P",Tartronic acid-P
"Butanoic acid, 2,4-bis[(trimethylsilyl)oxy]--P",Triethanolamine-P
Cadaverine-P,DL-Glyceraldehyde-P
Cadaverine-P,Isoxaben-P
Cadaverine-P,Methyl aminoacetate-P
Cadaverine-P,Methyl-3-methoxy-5-methyl benzoate-P
Cadaverine-P,Nonadecanoic acid-P
Cadaverine-P,p-Toluic acid-P
Cadaverine-P,S-Methyl-L-cysteine-P
Cadaverine-P,"Stigmast-5-ene, 3beta--P"
Cadaverine-P,Tartronic acid-P
"Cetaben, N,O-bis(trimethylsilyl)--P",n-Pentadecanol-P
"Cetaben, N,O-bis(trimethylsilyl)--P",p-Hydroxydiisopropylbenzene-P
"Cholest-22-ene-21-ol, 3,5-dehydro-6-methoxy-, pivalate-P",n-Pentadecanol-P
"Cholest-22-ene-21-ol, 3,5-dehydro-6-methoxy-, pivalate-P",Sertraline carbamoyl glucuronide-P
"Cholest-7-en-3-ol, (3beta,5alpha)--P","Pregn-16-en-20-one, 3,18-bis(acetyloxy)-14,15-epoxy-, (3beta,5alpha,14beta,15beta)--P"
"Cholesta-3,5-diene-P",Nonadecanoic acid-P
Cholesterol-P,"Inosose-2, 1,3,4,5,6-pentakis--P"
Cholesterol-P,L-Glutamic acid-P
Cinnamic acid-P,"Cyclopentaneacetic acid, 3-oxo-2-pentyl--P"
Cinnamic acid-P,Desmosterol-P
Cinnamic acid-P,Octopamine-P
cis-4-Trimethylsilyloxy-cyclohexyl(trimethylsilyl)carboxylate-P,Cyclo(L-prolyl-L-valine)-P
cis-4-Trimethylsilyloxy-cyclohexyl(trimethylsilyl)carboxylate-P,D-Fructose-P
cis-4-Trimethylsilyloxy-cyclohexyl(trimethylsilyl)carboxylate-P,Deoxycholic Acid-P
cis-4-Trimethylsilyloxy-cyclohexyl(trimethylsilyl)carboxylate-P,Methylmalonic monoamide-P
cis-4-Trimethylsilyloxy-cyclohexyl(trimethylsilyl)carboxylate-P,"Propanetriol, 2-methyl--P"
cis-4-Trimethylsilyloxy-cyclohexyl(trimethylsilyl)carboxylate-P,Propylamine-P
cis-4-Trimethylsilyloxy-cyclohexyl(trimethylsilyl)carboxylate-P,Tartronic acid-P
Cyclo(L-prolyl-L-valine)-P,p-Toluic acid-P
Cyclobutanol-P,"Ethanone, 1-(2,5-dimethoxyphenyl)--P"
Cyclobutanol-P,Glyoxime-P
Cyclobutanol-P,Nonadecanoic acid-P
"Cyclopentaneacetic acid, 3-oxo-2-pentyl--P",Sertraline carbamoyl glucuronide-P
"Cyclopentaneacetic acid, 3-oxo-2-pentyl--P",Tartronic acid-P
"Cyclopentaneacetic acid, 3-oxo-2-pentyl--P",Triethanolamine-P
"Cyclopentanone, 2,2,4-trimethyl--P",D-Fructose-P
"Cyclopentanone, 2,2,4-trimethyl--P",Itaconic acid-P
"Cyclopentanone, 2,2,4-trimethyl--P",Nonadecanoic acid-P
"Cyclopentanone, 2,2,4-trimethyl--P","Propanetriol, 2-methyl--P"
D-(-)-Citramalic acid-P,Galactopyranose-P
D-(-)-Citramalic acid-P,"Glycine, N-(N-DL-leucylglycyl)--P"
D-(-)-Citramalic acid-P,Isofucosterol-P
D-(-)-Citramalic acid-P,"Stigmast-5-ene, 3beta--P"
D-(-)-Citramalic acid-P,Succinic anhydride-P
"D-(-)-Lyxose, tetrakis-P",Trimethylsilyl oct-2-enoate-P
"D-(-)-Ribofuranose, tetrakis-P",Methyl alpha-Lyxofuranoside-P
"D-(-)-Ribofuranose, tetrakis-P","Propanoic acid, 2-methyl--P"
"D-(+)-Ribono-1,4-lactone (R,S,R)--P",D-Fructose-P
"D-(+)-Ribono-1,4-lactone (R,S,R)--P",DL-Glyceraldehyde-P
"D-(+)-Ribono-1,4-lactone (R,S,R)--P","Dodecane, 4,6-dimethyl--P"
"D-(+)-Ribono-1,4-lactone (R,S,R)--P",Methyl aminoacetate-P
"D-(+)-Ribono-1,4-lactone (R,S,R)--P",Methyl-3-methoxy-5-methyl benzoate-P
"D-(+)-Ribono-1,4-lactone (R,S,R)--P","Pentanedioic acid, 3-methyl-3-[(trimethylsilyl)oxy]--P"
"D-Erythro-Pentofuranose, 2-deoxy-1,3-bis-O--P",Eicosapentaenoic acid-P
D-Fructose-P,Deoxycholic Acid-P
D-Fructose-P,Methylmalonic monoamide-P
D-Fructose-P,"Propanetriol, 2-methyl--P"
D-Fructose-P,Propylamine-P
D-Fructose-P,Tartronic acid-P
D-Fructose-P,Triethanolamine-P
D-Fructose-P,Xylose-P
"D-Isoleucine, N-acetyl--P","Erythrono-1,4-lactone, (Z)--P"
"D-Isoleucine, N-acetyl--P",L-5-Oxoproline-P
"D-Isoleucine, N-acetyl--P","Pyrimidine, 5-methyl-2,4-bis[(trimethylsilyl)oxy]--P"
D-Leucylglycylglycine-P,Ribitol-P
D-Mannose-P,Phlorizin-P
D-Proline-P,Sertraline carbamoyl glucuronide-P
Decanoic acid-P,Lactic Acid-P
Decanoic acid-P,Octanoic acid-P
Delorazepam-P,Deoxycholic Acid-P
Delorazepam-P,L-Tryptophan-P
Delorazepam-P,Naphthofluorescein-P
Deoxycholic Acid-P,Glycolic acid-P
Deoxycholic Acid-P,Hydantoic acid-P
Deoxycholic Acid-P,Indole-5-carboxylic acid-P
Deoxycholic Acid-P,Isopropyl palmitate-P
Deoxycholic Acid-P,Nonadecanoic acid-P
Deoxycholic Acid-P,Phenylalanine-P
Deoxycholic Acid-P,Propylamine-P
Dihydrouracil-P,Glycolic acid-P
Dihydrouracil-P,Hydracrylic acid-P
Dihydrouracil-P,L-Asparagine-P
Dihydrouracil-P,Ornithine-P
Dihydrouracil-P,Phenylalanine-P
Dihydrouracil-P,Propylamine-P
Dimethyl fumarate-P,L-Hydroxyproline-P
"Dimethyl hexopyranosiduronate, alpha-D--P",Tributyl acetylcitrate-P
Dinoseb-P,Diphenyl ether-P
Dinoseb-P,DL-Glyceraldehyde-P
Dinoseb-P,Hexanoic acid-P
Dinoseb-P,Indole-3-lactic acid-P
Dinoseb-P,Isofucosterol-P
Dinoseb-P,Isopropyl palmitate-P
Dinoseb-P,Levulinic acid-P
Dinoseb-P,Methyl aminoacetate-P
Dinoseb-P,Niclosamide-P
Dinoseb-P,Nonadecanoic acid-P
Dinoseb-P,"Pentenoic acid, 4-[(trimethylsilyl)oxy]--P"
Dinoseb-P,Phenoxyacetic acid-P
Dinoseb-P,"Propanetriol, 2-methyl--P"
Dinoseb-P,Propylamine-P
Dinoseb-P,Salsoline-P
Dinoseb-P,Triethanolamine-P
Dinoseb-P,L-Tyrosine-P
Diphenyl ether-P,"Ethanamine, N,N-diethyl-2,2-dimethyl-2-[(3,5-dimethoxy)phenyl]--P"
Diphenyl ether-P,Isofucosterol-P
Diphenyl ether-P,Isopropyl palmitate-P
Diphenyl ether-P,Itaconic acid-P
Diphenyl ether-P,Levulinic acid-P
Diphenyl ether-P,Methyl aminoacetate-P
Diphenyl ether-P,Niclosamide-P
Diphenyl ether-P,Nonadecanoic acid-P
Diphenyl ether-P,"Pentenoic acid, 4-[(trimethylsilyl)oxy]--P"
Diphenyl ether-P,Phenoxyacetic acid-P
Diphenyl ether-P,Phloroglucinol-P
Diphenyl ether-P,"Propanetriol, 2-methyl--P"
Diphenyl ether-P,Salsoline-P
Diphenyl ether-P,"Stigmast-5-ene, 3beta--P"
Diphenyl ether-P,"Thymine, 1,3-dimethyl-6-(trimethylsilyloxymethyl)--P"
DL-Glyceraldehyde-P,Indole-5-carboxylic acid-P
DL-Glyceraldehyde-P,Isofucosterol-P
DL-Glyceraldehyde-P,Isoxaben-P
DL-Glyceraldehyde-P,Itaconic acid-P
DL-Glyceraldehyde-P,Methyl aminoacetate-P
DL-Glyceraldehyde-P,Methylmalonic monoamide-P
DL-Glyceraldehyde-P,N-Isovaleroylglycine-P
DL-Glyceraldehyde-P,N-Methyl-N-(tetrahydro-2-furanylmethyl)-4-piperidinamine-P
DL-Glyceraldehyde-P,Nonadecanoic acid-P
DL-Glyceraldehyde-P,p-Toluic acid-P
DL-Glyceraldehyde-P,"Pentanedioic acid, 3-methyl-3-[(trimethylsilyl)oxy]--P"
DL-Glyceraldehyde-P,"Propanetriol, 2-methyl--P"
DL-Glyceraldehyde-P,"Stigmast-5-ene, 3beta--P"
DL-Glyceraldehyde-P,Tartronic acid-P
DL-Glyceraldehyde-P,"Thymine, 1,3-dimethyl-6-(trimethylsilyloxymethyl)--P"
DL-Glyceraldehyde-P,Triethanolamine-P
DL-Glyceraldehyde-P,"Trimethylsilyl (5-benzyl-3,6-dioxopiperazin-2-yl)acetate-P"
DL-Ornithine-P,DL-Phenylalanine-P
DL-Ornithine-P,Vanillylmandelic acid-P
DL-Phenylalanine-P,Hydroquinidine-P
Dobutamine-P,"Trimethylsilyl (5-benzyl-3,6-dioxopiperazin-2-yl)acetate-P"
"Dodecane, 4,6-dimethyl--P",Methylmalonic monoamide-P
"Dodecane, 4,6-dimethyl--P",N-Methyl-N-(tetrahydro-2-furanylmethyl)-4-piperidinamine-P
"Dodecane, 4,6-dimethyl--P",Propylamine-P
Dodecanoic acid-P,Dodecylcyclohexane-P
Dodecanoic acid-P,Levulinic acid-P
Dodecanoic acid-P,Myristic acid-P
Dodecanoic acid-P,Phlorizin-P
Dodecanoic acid-P,Phloroglucinol-P
Dodecanoic acid-P,L-Tyrosine-P
Dodecylcyclohexane-P,Isopropyl palmitate-P
Dodecylcyclohexane-P,Levulinic acid-P
Dodecylcyclohexane-P,Myristic acid-P
Dodecylcyclohexane-P,Octopamine-P
Dodecylcyclohexane-P,Phloroglucinol-P
Eicosapentaenoic acid-P,L-Isoleucine-P
Eicosapentaenoic acid-P,Levulinic acid-P
Eicosapentaenoic acid-P,Myristic acid-P
Erythritol-P,Glycolic acid-P
Erythritol-P,"Pentanedioic acid, 2-[(trimethylsilyl)oxy]--P"
"Erythrono-1,4-lactone, (Z)--P","Pyrimidine, 5-methyl-2,4-bis[(trimethylsilyl)oxy]--P"
"Ethanamine, N,N-diethyl-2,2-dimethyl-2-[(3,5-dimethoxy)phenyl]--P",Nonadecanoic acid-P
"Ethanamine, N,N-diethyl-2,2-dimethyl-2-[(3,5-dimethoxy)phenyl]--P","Ribonic acid, 2,3,4,5-tetrakis--P"
"Ethanamine, N,N-diethyl-2,2-dimethyl-2-[(3,5-dimethoxy)phenyl]--P",Triethanolamine-P
"Ethanone, 1-(2,5-dimethoxyphenyl)--P",Heptadecanoic acid-P
"Furan, 2-pentyl--P",Phenoxyacetic acid-P
"Furan, 2-pentyl--P",S-Methyl-L-cysteine-P
Gln-Ala-P,p-Toluic acid-P
Gln-Ala-P,Tartronic acid-P
Glucose-P,Naphthofluorescein-P
Glycine-P,"Glycine, N-(N-DL-leucylglycyl)--P"
Glycine-P,Indole-3-lactic acid-P
Glycine-P,Niclosamide-P
Glycine-P,Nonadecanoic acid-P
Glycine-P,Pimelic acid-P
Glycine-P,"Propanetriol, 2-methyl--P"
Glycine-P,Salsoline-P
"Glycine, N-(1-oxobutyl)--P",N-Valerylglycine-P
"Glycine, N-(1-oxobutyl)--P",Uracil-P
"Glycine, N-(N-DL-leucylglycyl)--P",Hexanoic acid-P
"Glycine, N-(N-DL-leucylglycyl)--P",Phlorizin-P
"Glycine, N-[4-[(trimethylsilyl)oxy]benzoyl]--P",Isoxaben-P
Glycolic acid-P,Hydracrylic acid-P
Glycolic acid-P,Phenylalanine-P
Glyoxime-P,Octopamine-P
Heptadecanoic acid-P,Hexanoic acid-P
Heptadecanoic acid-P,Nonadecanoic acid-P
Hexanedioic acid-P,"Inosose-2, 1,3,4,5,6-pentakis--P"
Hexanedioic acid-P,Suberic acid-P
Hexanoic acid-P,Isopropyl palmitate-P
Hexanoic acid-P,Phenoxyacetic acid-P
Hexanoic acid-P,Salsoline-P
Hydantoic acid-P,Pimelic acid-P
Hydantoic acid-P,Propylamine-P
Hydracrylic acid-P,Xylazine-P
Hydroquinidine-P,L-5-Oxoproline-P
Indole-3-lactic acid-P,L-Tryptophan-P
Indole-3-lactic acid-P,Methyl aminoacetate-P
Indole-3-lactic acid-P,Niclosamide-P
Indole-3-lactic acid-P,"Thymine, 1,3-dimethyl-6-(trimethylsilyloxymethyl)--P"
Indole-5-carboxylic acid-P,Isofucosterol-P
Indole-5-carboxylic acid-P,Isopropyl palmitate-P
Indole-5-carboxylic acid-P,Itaconic acid-P
Indole-5-carboxylic acid-P,Methyl aminoacetate-P
Indole-5-carboxylic acid-P,"N,O-Bis(trimethylsilyl)carbamate-P"
Indole-5-carboxylic acid-P,"Propanetriol, 2-methyl--P"
Indole-5-carboxylic acid-P,Propylamine-P
Indole-5-carboxylic acid-P,"Stigmast-5-ene, 3beta--P"
Indole-5-carboxylic acid-P,Tartronic acid-P
Indole-5-carboxylic acid-P,Triethanolamine-P
Indole-5-carboxylic acid-P,"Trimethylsilyl (5-benzyl-3,6-dioxopiperazin-2-yl)acetate-P"
"Inosose-2, 1,3,4,5,6-pentakis--P",L-Aspartic acid-P
Isofucosterol-P,Isopropyl palmitate-P
Isofucosterol-P,Itaconic acid-P
Isofucosterol-P,Metanephrine-P
Isofucosterol-P,Methyl aminoacetate-P
Isofucosterol-P,"N,O-Bis(trimethylsilyl)carbamate-P"
Isofucosterol-P,Neostigmine-P
Isofucosterol-P,Niclosamide-P
Isofucosterol-P,Nonadecanoic acid-P
Isofucosterol-P,"Pentanedioic acid, 3-methyl-3-[(trimethylsilyl)oxy]--P"
Isofucosterol-P,Phenoxyacetic acid-P
Isofucosterol-P,Phloroglucinol-P
Isofucosterol-P,"Propanetriol, 2-methyl--P"
Isofucosterol-P,Salsoline-P
Isofucosterol-P,"Stigmast-5-ene, 3beta--P"
Isofucosterol-P,Triethanolamine-P
Isofucosterol-P,L-Tyrosine-P
Isopropyl palmitate-P,Itaconic acid-P
Isopropyl palmitate-P,Levulinic acid-P
Isopropyl palmitate-P,Methyl aminoacetate-P
Isopropyl palmitate-P,Methylmalonic monoamide-P
Isopropyl palmitate-P,N-Methyl-N-(tetrahydro-2-furanylmethyl)-4-piperidinamine-P
Isopropyl palmitate-P,Neostigmine-P
Isopropyl palmitate-P,Niclosamide-P
Isopropyl palmitate-P,Nonadecanoic acid-P
Isopropyl palmitate-P,p-Hydroxydiisopropylbenzene-P
Isopropyl palmitate-P,"Pentanedioic acid, 3-methyl-3-[(trimethylsilyl)oxy]--P"
Isopropyl palmitate-P,"Propanetriol, 2-methyl--P"
Isopropyl palmitate-P,Propylamine-P
Isopropyl palmitate-P,Salsoline-P
Isopropyl palmitate-P,Triethanolamine-P
Isopropyl palmitate-P,L-Tyrosine-P
Isoxaben-P,N-Methyl-N-(tetrahydro-2-furanylmethyl)-4-piperidinamine-P
Itaconic acid-P,Methyl aminoacetate-P
Itaconic acid-P,"Propanetriol, 2-methyl--P"
Itaconic acid-P,Triethanolamine-P
Itaconic acid-P,L-Tyrosine-P
Ketamine-P,Norketamine-P
L-5-Oxoproline-P,L-Glutamic acid-P
L-5-Oxoproline-P,Neostigmine-P
L-Alanine-P,N-Acetyl-L-glutamic acid-P
L-Alanine-P,Trimethylsilyl 3-((trimethylsilyl)thio)propanoate-P
L-Aspartic acid-P,L-Glutamic acid-P
L-Aspartic acid-P,Ornithine-P
L-Hydroxyproline-P,Metanephrine-P
L-Leucine-P,Phthalazin-1-one-P
L-Threitol-P,N-Isovaleroylglycine-P
L-Threitol-P,N-Methyl-N-(tetrahydro-2-furanylmethyl)-4-piperidinamine-P
L-Tryptophan-P,"Tacrine, N-trimethylsilyl--P"
Latanoprost lactone diol-P,"O-Methyl-N,N'-diisopropylisourea-P"
Levulinic acid-P,Myristic acid-P
Levulinic acid-P,Phlorizin-P
Levulinic acid-P,Pimelic acid-P
Levulinic acid-P,"Propanetriol, 2-methyl--P"
Metanephrine-P,Nitrosothymol-P
Metanephrine-P,"Pentenoic acid, 4-[(trimethylsilyl)oxy]--P"
Metanephrine-P,Triethanolamine-P
Methyl aminoacetate-P,Methylmalonic monoamide-P
Methyl aminoacetate-P,N-Methyl-N-(tetrahydro-2-furanylmethyl)-4-piperidinamine-P
Methyl aminoacetate-P,Niclosamide-P
Methyl aminoacetate-P,Nonadecanoic acid-P
Methyl aminoacetate-P,p-Hydroxydiisopropylbenzene-P
Methyl aminoacetate-P,"Pentanedioic acid, 3-methyl-3-[(trimethylsilyl)oxy]--P"
Methyl aminoacetate-P,"Propanetriol, 2-methyl--P"
Methyl aminoacetate-P,Propylamine-P
Methyl aminoacetate-P,Salsoline-P
Methyl aminoacetate-P,"Stigmast-5-ene, 3beta--P"
Methyl aminoacetate-P,Tartronic acid-P
Methyl aminoacetate-P,"Thymine, 1,3-dimethyl-6-(trimethylsilyloxymethyl)--P"
Methyl aminoacetate-P,Triethanolamine-P
Methyl-3-methoxy-5-methyl benzoate-P,"Pentanedioic acid, 3-methyl-3-[(trimethylsilyl)oxy]--P"
Methyl-3-methoxy-5-methyl benzoate-P,Propylamine-P
Methyl-3-methoxy-5-methyl benzoate-P,"Thymine, 1,3-dimethyl-6-(trimethylsilyloxymethyl)--P"
Methylmalonic monoamide-P,"Pentanedioic acid, 3-methyl-3-[(trimethylsilyl)oxy]--P"
Methylmalonic monoamide-P,Pentylone-P
Methylmalonic monoamide-P,"Propanetriol, 2-methyl--P"
Methylmalonic monoamide-P,Triethanolamine-P
Methylmalonic monoamide-P,Vanillylmandelic acid-P
Myristic acid-P,L-Tyrosine-P
N-(Trimethylsilyl)hexanamide-P,"Tacrine, N-trimethylsilyl--P"
N-Acetyl-L-glutamic acid-P,Trimethylsilyl 3-((trimethylsilyl)thio)propanoate-P
N-Isobutyrylglycine-P,Quazodine-P
N-Isovaleroylglycine-P,Tartronic acid-P
N-Isovaleroylglycine-P,Triethanolamine-P
N-Methyl-N-(tetrahydro-2-furanylmethyl)-4-piperidinamine-P,"Pentanedioic acid, 3-methyl-3-[(trimethylsilyl)oxy]--P"
N-Methyl-N-(tetrahydro-2-furanylmethyl)-4-piperidinamine-P,Propylamine-P
N-Methyl-N-(tetrahydro-2-furanylmethyl)-4-piperidinamine-P,Sertraline carbamoyl glucuronide-P
N-Methyl-N-(tetrahydro-2-furanylmethyl)-4-piperidinamine-P,Tartronic acid-P
N-Methyl-N-(tetrahydro-2-furanylmethyl)-4-piperidinamine-P,Triethanolamine-P
"N,9-bis(Trimethylsilyl)-6-[(trimethylsilyl)oxy]-9H-purin-2-amine-P",Octopamine-P
"N,N-Diethyl-2-aminoethanol-P",Phenoxyacetic acid-P
"N,N-Diethyl-2-aminoethanol-P",S-Methyl-L-cysteine-P
"N,O-Bis(trimethylsilyl)carbamate-P",Nonadecanoic acid-P
"N,O-Bis(trimethylsilyl)carbamate-P","Pentanedioic acid, 2-[(trimethylsilyl)oxy]--P"
"N,O-Bis(trimethylsilyl)carbamate-P","Stigmast-5-ene, 3beta--P"
"N,O-Bis(trimethylsilyl)carbamate-P",Tartronic acid-P
Neostigmine-P,Niclosamide-P
Neostigmine-P,Nonadecanoic acid-P
Neostigmine-P,Phloroglucinol-P
Neostigmine-P,Pimelic acid-P
Neostigmine-P,"Propanetriol, 2-methyl--P"
Neostigmine-P,Propylamine-P
Neostigmine-P,S-Methyl-L-cysteine-P
Neostigmine-P,Suberic acid-P
Neostigmine-P,Triethanolamine-P
Niacinamide-P,Trisaminol-P
Niclosamide-P,Nonadecanoic acid-P
Niclosamide-P,Phenoxyacetic acid-P
Niclosamide-P,Phlorizin-P
Niclosamide-P,Phloroglucinol-P
Niclosamide-P,Pimelic acid-P
Niclosamide-P,"Propanetriol, 2-methyl--P"
Niclosamide-P,Salsoline-P
Niclosamide-P,L-Tyrosine-P
Nitrosothymol-P,"Propanetriol, 2-methyl--P"
Nitrosothymol-P,"Stigmast-5-ene, 3beta--P"
Nonadecanoic acid-P,"Pentanedioic acid, 3-methyl-3-[(trimethylsilyl)oxy]--P"
Nonadecanoic acid-P,Phlorizin-P
Nonadecanoic acid-P,"Propanetriol, 2-methyl--P"
Nonadecanoic acid-P,Salsoline-P
Nonadecanoic acid-P,"Stigmast-5-ene, 3beta--P"
Nonadecanoic acid-P,Triethanolamine-P
Nonadecanoic acid-P,L-Tyrosine-P
Octopamine-P,"Pyrimidine, 5-methyl-2,4-bis[(trimethylsilyl)oxy]--P"
Ornithine-P,Phenylpropanolamine-P
Oxalic acid-P,"Pentanedioic acid, 2-[(trimethylsilyl)oxy]--P"
p-Hydroxydiisopropylbenzene-P,Propylamine-P
p-Hydroxydiisopropylbenzene-P,Sertraline carbamoyl glucuronide-P
p-Hydroxydiisopropylbenzene-P,Triethanolamine-P
p-Toluic acid-P,"Pentanedioic acid, 3-methyl-3-[(trimethylsilyl)oxy]--P"
p-Toluic acid-P,Triethanolamine-P
"Pentanedioic acid, 2-[(trimethylsilyl)oxy]--P",Trisaminol-P
"Pentanedioic acid, 3-methyl-3-[(trimethylsilyl)oxy]--P","Propanetriol, 2-methyl--P"
"Pentanedioic acid, 3-methyl-3-[(trimethylsilyl)oxy]--P",Tartronic acid-P
"Pentanedioic acid, 3-methyl-3-[(trimethylsilyl)oxy]--P","Thymine, 1,3-dimethyl-6-(trimethylsilyloxymethyl)--P"
"Pentanedioic acid, 3-methyl-3-[(trimethylsilyl)oxy]--P",Triethanolamine-P
"Pentenoic acid, 4-[(trimethylsilyl)oxy]--P",Phlorizin-P
"Pentenoic acid, 4-[(trimethylsilyl)oxy]--P","Propanetriol, 2-methyl--P"
Phenoxyacetic acid-P,Phlorizin-P
Phenoxyacetic acid-P,S-Methyl-L-cysteine-P
Phenoxyacetic acid-P,"Stigmast-5-ene, 3beta--P"
Phenoxyacetic acid-P,Trimethylsilyl oct-2-enoate-P
Phenylalanine-P,Xylose-P
Phlorizin-P,Salsoline-P
Phlorizin-P,Trimethylsilyl oct-2-enoate-P
Phloroglucinol-P,"Propanetriol, 2-methyl--P"
Phloroglucinol-P,Salsoline-P
Phloroglucinol-P,"Stigmast-5-ene, 3beta--P"
Phloroglucinol-P,"Thymine, 1,3-dimethyl-6-(trimethylsilyloxymethyl)--P"
Phloroglucinol-P,"Trimethylsilyl (5-benzyl-3,6-dioxopiperazin-2-yl)acetate-P"
Pimelic acid-P,Suberic acid-P
"Propanetriol, 2-methyl--P",Propylamine-P
"Propanetriol, 2-methyl--P",Salsoline-P
"Propanetriol, 2-methyl--P",Tartronic acid-P
"Propanetriol, 2-methyl--P","Thymine, 1,3-dimethyl-6-(trimethylsilyloxymethyl)--P"
"Propanetriol, 2-methyl--P",Triethanolamine-P
"Propanetriol, 2-methyl--P",L-Tyrosine-P
Propylamine-P,Tartronic acid-P
Propylamine-P,Triethanolamine-P
S-Methyl-L-cysteine-P,"Talonic acid, gamma-lactone-P"
Salsoline-P,"Stigmast-5-ene, 3beta--P"
Suberic acid-P,L-Tyrosine-P
Tartronic acid-P,"Thymine, 1,3-dimethyl-6-(trimethylsilyloxymethyl)--P"
Tartronic acid-P,Triethanolamine-P
Mrps5-C,alpha-Linolenic acid-P
Shc1-C,"Stigmast-5-ene, 3beta--P"
Cope-C,"1-Phenyl-1,2-ethanediol-P"
Tmem62-C,"2,5-Cyclohexadiene-1,4-dione, 2,6-bis(1,1-dimethylethyl)--P"
Tmem62-C,Octanoic acid-P
Nedd4-C,"2,4-Imidazolidinedione, 5,5-dimethyl--P"
Nedd4-C,"2,5-Piperazinedione, 3-benzyl-6-isopropyl--P"
Nedd4-C,"3,5-Dimethylpyrazole-P"
Nedd4-C,"Benzimidazole, 5-trifluoromethyl-2-methyl--P"
Nedd4-C,"Benzoic acid, pentadecyl ester-P"
Nedd4-C,Nitrosothymol-P
Exph5-C,Trimidox-P
Dnajc21-C,Adipoyl-L-carnitine-P
Wbp11-C,1-Deoxypentitol-P
Wbp11-C,"2,5-Piperazinedione, 3-benzyl-6-isopropyl--P"
Wbp11-C,"3beta,4beta-Bis(trimethylsiloxy)cholest-5-ene-P"
Wbp11-C,"6,7,4'-Trihydroxyisoflavone-P"
Wbp11-C,"Benzoic acid, pentadecyl ester-P"
Wbp11-C,Cadaverine-P
Wbp11-C,D-(-)-Citramalic acid-P
Wbp11-C,Dinoseb-P
Wbp11-C,DL-Glyceraldehyde-P
Wbp11-C,Isofucosterol-P
Wbp11-C,Methyl aminoacetate-P
Wbp11-C,"N,O-Bis(trimethylsilyl)carbamate-P"
Wbp11-C,Nonadecanoic acid-P
Wbp11-C,p-Toluic acid-P
Wbp11-C,"Pentanedioic acid, 3-methyl-3-[(trimethylsilyl)oxy]--P"
Ptges3-C,"2-(2,5-Dimethoxy-phenyl)-propionaldehyde-P"
Fcf1-C,3-Methoxysalicylic acid-P
Fcf1-C,Cadaverine-P
Fcf1-C,"N,O-Bis(trimethylsilyl)carbamate-P"
Fcf1-C,p-Toluic acid-P
Ttf1-C,3'-(Trimethylsilyl)oxy-beta-naphthoflavone-P
Ttf1-C,"Butanoic acid, 2,4-bis[(trimethylsilyl)oxy]--P"
Ttf1-C,Methylmalonic monoamide-P
Usf3-C,Isopropyl palmitate-P
Usf3-C,N-Isovaleroylglycine-P
Zkscan8-C,Hydracrylic acid-P
Silc1-C,"6,7,4'-Trihydroxyisoflavone-P"
Fn3krp-C,Isofucosterol-P
Pak2-C,Dinoseb-P
Pak2-C,Isopropyl palmitate-P
Pak2-C,Methyl aminoacetate-P
Hmces-C,"Ethanone, 1-(5-methoxy-2-methyl-3(1H)-indolyl)--P"
Hmces-C,Tartronic acid-P
Dhx29-C,Adipoyl-L-carnitine-P
Dhx29-C,N-Valerylglycine-P
Gm43339-C,1-Hydroxy-3-methoxy-6-methylanthraquinone-P
Scyl1-C,Triethanolamine-P
Zfp219-C,"N,N-Dimethyl-2-cyclohexyloxyethylamine-P"
Zfp219-C,Phenoxyacetic acid-P
Ccnd1-C,beta-Lyxopyranose-P
Hmga1-C,(CH3)2C=NC2H558-P
Ankrd12-C,"2-(Decanoyloxy)propane-1,3-diyl dioctanoate-P"
Rai14-C,"Morpholine, 4-[2,3,4,6-tetrakis-O-(trimethylsilyl)-alpha-d-mannopyranosyl]--P"
Thra-C,"Benzene, 1-acetoxy-2,6-dimethoxy-4-(2-propenyl)--P"
Mfsd2a-C,"1-Piperazineethanol, 4-dibenzo[b,f][1,4]thiazepin-11-yl--P"
Por-C,1-Hydroxy-3-methoxy-6-methylanthraquinone-P
Por-C,"Glycine, N-(1-oxobutyl)--P"
Por-C,Uracil-P
Atf6b-C,12-Oxooctadecanoate-P
Atf6b-C,Nitrosothymol-P
Grpel1-C,Hydantoic acid-P
Msh2-C,"D-(+)-Ribono-1,4-lactone (R,S,R)--P"
Msh2-C,"Dodecane, 4,6-dimethyl--P"
Psmd8-C,"N,N-Dimethyl-2-cyclohexyloxyethylamine-P"
Tubgcp2-C,Dihydrouracil-P
Tubgcp2-C,Hydracrylic acid-P
Tubgcp2-C,L-Asparagine-P
Adcy9-C,"Cholest-7-en-3-ol, (3beta,5alpha)--P"
1110004F10Rik-C,D-Mannose-P
Ibtk-C,10-Heptadecenoic acid-P
Ibtk-C,Trimidox-P
Syt17-C,Galactopyranose-P
Ppp1r12a-C,Hydroquinidine-P
Dctn2-C,1-Deoxypentitol-P
Dctn2-C,"Benzoic acid, pentadecyl ester-P"
Dctn2-C,beta-Lyxopyranose-P
Ppp1r1b-C,"N,N-Dimethyl-2-cyclohexyloxyethylamine-P"
Ncaph2-C,Dodecylcyclohexane-P
Ncaph2-C,"N,N-Diethyl-2-aminoethanol-P"
Ncaph2-C,Neostigmine-P
Ncaph2-C,Octan-2-yl palmitate-P
Pdlim5-C,"Benzoic acid, pentadecyl ester-P"
Pdlim5-C,Dinoseb-P
Pdlim5-C,Levulinic acid-P
Pdlim5-C,Methylmalonic monoamide-P
Pycr2-C,"2,4-Imidazolidinedione, 5,5-dimethyl--P"
Pycr2-C,"2,5-Piperazinedione, 3-benzyl-6-isopropyl--P"
Mrpl17-C,Nitrosothymol-P
Cast-C,2-Amino-4-methylphenol-P
Lpgat1-C,1-Hydroxy-3-methoxy-6-methylanthraquinone-P
Lpgat1-C,10-Heptadecenoic acid-P
Lpgat1-C,2-Amino-4-methylphenol-P
Lpgat1-C,3-Hexenedinitrile-P
Lpgat1-C,"6,7,4'-Trihydroxyisoflavone-P"
Lpgat1-C,p-Toluic acid-P
Emd-C,"2,6-Dimethyl-N-[3-(trimethylsilyl)-1,3-thiazinan-2-ylidene]aniline-P"
Emd-C,Deoxycholic Acid-P
Emd-C,Pimelic acid-P
Eipr1-C,1-Cyclopentylethanol-P
Eipr1-C,Dehydronorketamine-P
Eipr1-C,Heptadecanoic acid-P
Eipr1-C,Indole-5-carboxylic acid-P
Nfe2l2-C,D-Mannose-P
Nfe2l2-C,L-Alanine-P
Zfp879-C,L-5-Oxoproline-P
Flcn-C,2-Hydroxybutyric acid-P
Niban1-C,"1-Octanol, 2-butyl--P"
Niban1-C,Atrazine desethyl-P
Sptan1-C,Deoxycholic Acid-P
Pigyl-C,Ser-Leu-P
Cox18-C,Glycolic acid-P
Dnajc7-C,1-Deoxypentitol-P
Dnajc7-C,"3-Hydroxy-2,3-dihydromaltol-P"
Dnajc7-C,4-Hydroxybenzeneacetic acid-P
Dnajc7-C,"Dodecane, 4,6-dimethyl--P"
Dnajc7-C,Triethanolamine-P
Micall2-C,Hydroquinone-P
Micall2-C,"L-Lysine, ethyl ester-P"
Lmtk3-C,"Cyclopentanone, 2,2,4-trimethyl--P"
Gm15675-C,Methyl-3-methoxy-5-methyl benzoate-P
Gm15675-C,Oxalic acid-P
Cyyr1-C,5-Hydroxyquinoline-P
Cyyr1-C,"Butanoic acid, 2,4-bis[(trimethylsilyl)oxy]--P"
Cyyr1-C,"Cyclopentanone, 2,2,4-trimethyl--P"
Cyyr1-C,DL-Glyceraldehyde-P
Cyyr1-C,Glyceric acid-P
Cyyr1-C,Methyl-3-methoxy-5-methyl benzoate-P
Arhgef12-C,"Benzaldehyde, 2,5-dimethyl--P"
Arhgef12-C,"Benzoic acid, pentadecyl ester-P"
UNKNOWN-C,"2-(Decanoyloxy)propane-1,3-diyl dioctanoate-P"
Telo2-C,"Inosose-2, 1,3,4,5,6-pentakis--P"
Slc29a4-C,Dodecylcyclohexane-P
Slc29a4-C,"N,N-Diethyl-2-aminoethanol-P"
Dynlt2b-C,1-Phenethylamine-P
Dynlt2b-C,10-Heptadecenoic acid-P
Dynlt2b-C,2-Hydroxy-3-methylbutyric acid-P
Dynlt2b-C,5-Hydroxyquinoline-P
Arhgap5-C,"Benzaldehyde, 2,5-dimethyl--P"
Cmtm8-C,1-Hydroxy-3-methoxy-6-methylanthraquinone-P
Cmtm8-C,"Propanoic acid, 2-methyl--P"
Slk-C,"3beta,4beta-Bis(trimethylsiloxy)cholest-5-ene-P"
Slk-C,Isopropyl palmitate-P
Slk-C,Methyl aminoacetate-P
Tmem259-C,2-Heptenoic acid-P
Tmem259-C,2-Methyl-4-pentenoic acid-P
Tmem259-C,3-Hydroxyisovaleric acid-P
Tmem259-C,4-Hydroxyphenyllactic acid-P
Tmem259-C,Glycine-P
Tmem259-C,Guanabenz-P
Tmem259-C,Octocrylene-P
Mcfd2-C,p-Toluic acid-P
Zfp638-C,Adipoyl-L-carnitine-P
Zfp638-C,Isopropyl palmitate-P
Zfp638-C,Methyl aminoacetate-P
Ndufs3-C,1-Deoxypentitol-P
Ndufs3-C,"Benzaldehyde, 2,5-dimethyl--P"
Ndufs3-C,Isofucosterol-P
Ndufs3-C,Methyl aminoacetate-P
Ndufs3-C,"Stigmast-5-ene, 3beta--P"
Nt5m-C,"1-Phenyl-1,2-ethanediol-P"
Osbp-C,10-Heptadecenoic acid-P
Osbp-C,2-Amino-4-methylphenol-P
Osbp-C,2-Isopropyl-5-methyl-1-heptanol-P
Osbp-C,3-Methoxysalicylic acid-P
Osbp-C,5-Hydroxyquinoline-P
Osbp-C,"6,7,4'-Trihydroxyisoflavone-P"
Osbp-C,Arachidonic acid-P
Osbp-C,beta-Lyxopyranose-P
Osbp-C,DL-Glyceraldehyde-P
Osbp-C,p-Toluic acid-P
Osbp-C,Sertraline carbamoyl glucuronide-P
Pmm2-C,2-Hydroxy-3-methylbutyric acid-P
Pmm2-C,"Azetidine, 1-acetyl-2-methyl--P"
S100a8-C,Hydracrylic acid-P
S100a8-C,Phenylalanine-P
Stat3-C,2-Hydroxybutyric acid-P
Stat3-C,L-Hydroxyproline-P
Stat3-C,Trisaminol-P
Ddb1-C,"1-Butanamine, N,N-diethyl--P"
Nek8-C,Phosalone-P
mt-Nd2-C,3'-(Trimethylsilyl)oxy-beta-naphthoflavone-P
Lrrc17-C,"2-Allyl-1,4-dimethoxybenzene-P"
Lrrc17-C,2-Amino-4-methylphenol-P
Lrrc17-C,"2,3,4-Trihydroxybutyric acid tetrakis-P"
Lrrc17-C,"3beta,4beta-Bis(trimethylsiloxy)cholest-5-ene-P"
Lrrc17-C,"6,7,4'-Trihydroxyisoflavone-P"
Lrrc17-C,Arachidonic acid-P
Lrrc17-C,Azatadine-P
Lrrc17-C,beta-Lyxopyranose-P
Lrrc17-C,"D-(+)-Ribono-1,4-lactone (R,S,R)--P"
Lrrc17-C,DL-Glyceraldehyde-P
Lrrc17-C,Isofucosterol-P
Lrrc17-C,L-Aspartic acid-P
Lrrc17-C,Methylmalonic monoamide-P
Lrrc17-C,N-Methyl-N-(tetrahydro-2-furanylmethyl)-4-piperidinamine-P
Lrrc17-C,p-Toluic acid-P
Lrrc17-C,"Pentanedioic acid, 3-methyl-3-[(trimethylsilyl)oxy]--P"
Gas6-C,"N,N-Dimethyl-2-cyclohexyloxyethylamine-P"
Amfr-C,12-Oxooctadecanoate-P
Amfr-C,Suberic acid-P
Pdap1-C,"2-(Decanoyloxy)propane-1,3-diyl dioctanoate-P"
Pdap1-C,3'-(Trimethylsilyl)oxy-beta-naphthoflavone-P
Tmem204-C,1-Hydroxy-3-methoxy-6-methylanthraquinone-P
Tmem204-C,N-Isovaleroylglycine-P
Ubl3-C,1-Deoxypentitol-P
Ubl3-C,"1,3,5-Benzetriol-P"
Ubl3-C,"2,3,4-Trihydroxybutyric acid tetrakis-P"
Ubl3-C,"2,5-Piperazinedione, 3-benzyl-6-isopropyl--P"
Ubl3-C,"3-Hydroxy-2,3-dihydromaltol-P"
Ubl3-C,4-Hydroxybenzeneacetic acid-P
Ubl3-C,beta-Lyxopyranose-P
Ubl3-C,Dinoseb-P
Ubl3-C,Isofucosterol-P
Ubl3-C,Isopropyl palmitate-P
Ubl3-C,Methyl aminoacetate-P
Ubl3-C,"Pentanedioic acid, 3-methyl-3-[(trimethylsilyl)oxy]--P"
Ubl3-C,Propylamine-P
Ubl3-C,Tartronic acid-P
Ubl3-C,Triethanolamine-P
Cep41-C,3-Methoxysalicylic acid-P
Cep41-C,"Benzaldehyde, 2,5-dimethyl--P"
Cep41-C,"Benzoic acid, pentadecyl ester-P"
Emc10-C,Indole-5-carboxylic acid-P
Rplp1-C,Indole-5-carboxylic acid-P
Rora-C,2-Methyl-4-pentenoic acid-P
Rora-C,3-Indoleacetic acid-P
Rora-C,Guanabenz-P
Rora-C,Pimelic acid-P
Igfbp2-C,"1-Butanamine, N,N-diethyl--P"
Pdss1-C,Allylescaline-P
Pdss1-C,Niclosamide-P
Stk33-C,Doconexent-P
Fndc3a-C,"2,5-Piperazinedione, 3-benzyl-6-isopropyl--P"
Sppl3-C,12-Oxooctadecanoate-P
Sppl3-C,Pimelic acid-P
Sppl3-C,Suberic acid-P
4930556M19Rik-C,Isopropyl palmitate-P
4930556M19Rik-C,Propylamine-P
BC065397-C,cis-4-Trimethylsilyloxy-cyclohexyl(trimethylsilyl)carboxylate-P
Brd2-C,2-Hydroxybutyric acid-P
Tgfb1i1-C,"3-Buten-2-one, 3-trimethylsilyloxy--P"
Cd47-C,DL-Glyceraldehyde-P
Cd47-C,"Pentanedioic acid, 3-methyl-3-[(trimethylsilyl)oxy]--P"
Nicol1-C,4-Hydroxybutanoic acid-P
Nicol1-C,"Aziridine, 1-(2-buten-2-yl)--P"
Pdlim1-C,L-Tryptophan-P
Pdlim1-C,"L-Tryptophan, N-acetyl-1-P"
Plscr2-C,"Benzaldehyde, 2,5-dimethyl--P"
Plscr2-C,"Glycine, N-(1-oxobutyl)--P"
Mrps18a-C,"1,2-Butadiene, 1,1,4-triphenyl-3-trimethylsilyl-4-trimethylsilyloxy--P"
Mrps18a-C,"2,5-Piperazinedione, 3-benzyl-6-isopropyl--P"
Mrps18a-C,D-(-)-Citramalic acid-P
Adam15-C,"2,4-Imidazolidinedione, 5,5-dimethyl--P"
Adam15-C,3-Indoleacetic acid-P
Adam15-C,Nitrosothymol-P
Adam15-C,Pimelic acid-P
0610040J01Rik-C,"N,N-Diethyl-2-aminoethanol-P"
Wapl-C,2-Isopropyl-5-methyl-1-heptanol-P
Wapl-C,"2,5-Piperazinedione, 3-benzyl-6-isopropyl--P"
Wapl-C,"Benzoic acid, pentadecyl ester-P"
Wapl-C,Dinoseb-P
Wapl-C,"Morpholine, 4-[2,3,4,6-tetrakis-O-(trimethylsilyl)-alpha-d-mannopyranosyl]--P"
Aox3-C,1-(3-Methylphenyl)piperazine-P
Eif3h-C,1-Deoxypentitol-P
Eif3h-C,"Dodecane, 4,6-dimethyl--P"
Apc2-C,1-Hexadecanol-P
Apc2-C,"1,2-Benzenedicarboxylic acid-P"
Apc2-C,Decanoic acid-P
Apc2-C,Dihydrouracil-P
Apc2-C,Ethanolamine-P
Apc2-C,Glyceric acid-P
Apc2-C,L-Isoleucine-P
Apc2-C,"Pyrimidine, 5-methyl-2,4-bis[(trimethylsilyl)oxy]--P"
Heatr3-C,"3-Hydroxy-2,3-dihydromaltol-P"
Heatr3-C,4-Hydroxybenzeneacetic acid-P
Heatr3-C,Pimelic acid-P
Heatr3-C,Triethanolamine-P
Adck2-C,5-Henicosylresorcinol-P
Adck2-C,Pimelic acid-P
Rtkn-C,"Butanoic acid, 2-methyl-3-[(trimethylsilyl)oxy]--P"
Wrn-C,3-Indoleacetic acid-P
Rmnd5b-C,"1,3,5-Benzetriol-P"
Zfp322a-C,"2-(Decanoyloxy)propane-1,3-diyl dioctanoate-P"
Zfp322a-C,4-Hydroxybenzoic acid-P
Zfp322a-C,"Benzaldehyde, 2,5-dimethyl--P"
Zfp322a-C,Trimidox-P
Mfge8-C,"1-Butanamine, N,N-diethyl--P"
Mfge8-C,12-Oxooctadecanoate-P
Mfge8-C,Nitrosothymol-P
Hk1-C,Dodecylcyclohexane-P
Hk1-C,Indole-5-carboxylic acid-P
Hk1-C,"N,N-Dimethyl-2-cyclohexyloxyethylamine-P"
Hk1-C,Ribitol-P
Col5a3-C,"2-Heptanone, 4,6-dimethyl--P"
Mtmr2-C,"Butanoic acid, 2-methyl-3-[(trimethylsilyl)oxy]--P"
Atp5mg-C,"Glycine, N-(1-oxobutyl)--P"
Tceanc-C,L-Tryptophan-P
Plekhn1-C,2-Heptenoic acid-P
Ap3b1-C,Dinoseb-P
Ap3b1-C,Isofucosterol-P
Ap3b1-C,Isopropyl palmitate-P
Ap3b1-C,Methyl aminoacetate-P
Pdcd4-C,Benzophenone-P
Pdcd4-C,Isopropyl palmitate-P
Pdcd4-C,"Pentenoic acid, 4-[(trimethylsilyl)oxy]--P"
Ada-C,Methyl aminoacetate-P
Ano8-C,Sertraline carbamoyl glucuronide-P
Gstm6-C,D-Fructose-P
Gstm6-C,L-Asparagine-P
Gstm6-C,N-Methyl-N-(tetrahydro-2-furanylmethyl)-4-piperidinamine-P
Net1-C,Cyclo-(l-leucyl-l-phenylalanyl)-P
Pomgnt1-C,beta-Lyxopyranose-P
Pomgnt1-C,"Erythrono-1,4-lactone, (Z)--P"
Pomgnt1-C,"Morpholine, 4-[2,3,4,6-tetrakis-O-(trimethylsilyl)-alpha-d-mannopyranosyl]--P"
Ergic2-C,"1,5-Anhydroglucitol-P"
Ergic2-C,N-(Trimethylsilyl)hexanamide-P
Tkt-C,"N,O-Bis(trimethylsilyl)carbamate-P"
Tkt-C,Nitrosothymol-P
Bhlhe41-C,Dodecylcyclohexane-P
Bhlhe41-C,Myristic acid-P
Hsdl2-C,"2,3-Butanediol-P"
Psmd3-C,12-Oxooctadecanoate-P
Psmd3-C,Nitrosothymol-P
Kif21b-C,"2-Heptanone, 4,6-dimethyl--P"
Kif21b-C,"Erythrono-1,4-lactone, (Z)--P"
Opa1-C,1-Deoxypentitol-P
Opa1-C,1-Hydroxy-3-methoxy-6-methylanthraquinone-P
Opa1-C,beta-Lyxopyranose-P
Opa1-C,Isofucosterol-P
Opa1-C,"N,O-Bis(trimethylsilyl)carbamate-P"
Opa1-C,p-Toluic acid-P
Opa1-C,"Pentanedioic acid, 3-methyl-3-[(trimethylsilyl)oxy]--P"
Opa1-C,Triethanolamine-P
Adamtsl1-C,"D-(+)-Talofuranose, pentakis-P"
Gprc5c-C,"1-Butanamine, N,N-diethyl--P"
Aqp11-C,1-Hydroxy-3-methoxy-6-methylanthraquinone-P
Zfp36l2-C,"2,6-Bis[2-[2-S-thiosulfuroethylamino]ethoxy]pyrazine-P"
Zfp36l2-C,"Benzaldehyde, 2,5-dimethyl--P"
Zfp36l2-C,"Dodecane, 4,6-dimethyl--P"
Zfp36l2-C,Indole-3-lactic acid-P
Zfp36l2-C,Sertraline carbamoyl glucuronide-P
Iqgap2-C,"D-(-)-Fructofuranose, pentakis-P"
Gnas-C,"3,5-Dimethylpyrazole-P"
Gnas-C,"Benzimidazole, 5-trifluoromethyl-2-methyl--P"
Gnas-C,"Benzoic acid, pentadecyl ester-P"
Gnas-C,Benzophenone-P
Gnas-C,Isofucosterol-P
Gnas-C,Methyl aminoacetate-P
Ccdc33-C,Decanoic acid-P
Ccdc33-C,Ethanolamine-P
Dcp2-C,"L-Tryptophan, N-acetyl-1-P"
Gm43513-C,D-Fructose-P
Bcat1-C,Phenylalanine-P
Tada1-C,"1-Decene, 8-methyl--P"
Tada1-C,Benzophenone-P
Tmem229b-C,Dodecylcyclohexane-P
Tmem229b-C,"N,N-Diethyl-2-aminoethanol-P"
Zfp760-C,"Benzimidazole, 5-trifluoromethyl-2-methyl--P"
Zfp760-C,"Propanetriol, 2-methyl--P"
Gpsm3-C,Stearic acid-P
Pi4ka-C,"1-Butanamine, N,N-diethyl--P"
Pi4ka-C,Nonadecanoic acid-P
Adamts15-C,L-Hydroxyproline-P
Asb8-C,"Tacrine, N-trimethylsilyl--P"
Arhgap15-C,"Glycine, N-(N-DL-leucylglycyl)--P"
Rpl37-C,Nitrosothymol-P
Eeig1-C,Carfentrazone-ethyl-P
Pbx1-C,DL-Glyceraldehyde-P
Pbx1-C,Trimidox-P
Dstn-C,Aspartic acid-P
Ildr2-C,"2,2-Diallylpyrrolidine-P"
Atp6v1f-C,12-Oxooctadecanoate-P
Atp6v1f-C,"2,4-Imidazolidinedione, 5,5-dimethyl--P"
Atp6v1f-C,Nitrosothymol-P
Kpna4-C,1-Hexadecanol-P
Cldn22-C,"Benzaldehyde, 2,5-dimethyl--P"
Cldn22-C,D-(-)-Citramalic acid-P
Cldn22-C,"Dodecane, 4,6-dimethyl--P"
Asb16-C,"Thiazolo[4,5-f]quinoline, 2,9-dimethyl--P"
Hcn3-C,9-Octadecenamide-P
Hcn3-C,Glyceric acid-P
Tatdn2-C,"1,1'-Biphenyl, 3,4-diethyl--P"
Tatdn2-C,2-Aminoadipic acid-P
Tatdn2-C,"Inosose-2, 1,3,4,5,6-pentakis--P"
Tatdn2-C,"N,9-bis(Trimethylsilyl)-6-[(trimethylsilyl)oxy]-9H-purin-2-amine-P"
Itch-C,"Benzene, 1-acetoxy-2,6-dimethoxy-4-(2-propenyl)--P"
Csnk1a1-C,Isopropyl palmitate-P
Ppp4c-C,"3-(3-Cyclohexylaminopropionylamino)-5-ethylthiophene-2-carboxylic acid, ethyl ester-P"
Ppp4c-C,Desmosterol-P
Bnip1-C,"Benzoic acid, methyl ester-P"
Emc3-C,12-Oxooctadecanoate-P
Cerox1-C,"Cyclopentanone, 2,2,4-trimethyl--P"
Cerox1-C,Methylmalonic monoamide-P
Zfp383-C,Butylated Hydroxytoluene-P
Tulp4-C,1-(3-Methylphenyl)piperazine-P
Tulp4-C,"Benzoic acid, pentadecyl ester-P"
Gm15083-C,Levulinic acid-P
Tpr-C,3'-(Trimethylsilyl)oxy-beta-naphthoflavone-P
Gm42636-C,Glyoxime-P
Gm42636-C,Hydracrylic acid-P
Wbp4-C,3-Indoleacetic acid-P
Wbp4-C,Indole-3-lactic acid-P
Gm5141-C,3-Hydroxyisovaleric acid-P
Gm5141-C,"Benzimidazole, 5-trifluoromethyl-2-methyl--P"
Gm5141-C,"Propanetriol, 2-methyl--P"
Tspan9-C,2-Methyl-4-pentenoic acid-P
Vps13b-C,DL-Glyceraldehyde-P
Snora35-C,N-Methyl-N-(tetrahydro-2-furanylmethyl)-4-piperidinamine-P
Mpi-C,Octocrylene-P
Men1-C,D-(-)-Citramalic acid-P
Ahcyl2-C,"Benzimidazole, 5-trifluoromethyl-2-methyl--P"
Ahcyl2-C,"Benzoic acid, pentadecyl ester-P"
Ahcyl2-C,beta-Lyxopyranose-P
Ahcyl2-C,Levulinic acid-P
Ahcyl2-C,p-Toluic acid-P
Josd1-C,"2,3-Butanediol-P"
Evi5-C,3-Indoleacetic acid-P
Chi3l1-C,"Erythrono-1,4-lactone, (Z)--P"
Chi3l1-C,"Pyrimidine, 5-methyl-2,4-bis[(trimethylsilyl)oxy]--P"
Jph1-C,Isopropyl palmitate-P
Col8a1-C,1-Hydroxy-3-methoxy-6-methylanthraquinone-P
Uqcc5-C,2-Hydroxybutyric acid-P
Uqcc5-C,L-Cysteine-P
Uqcc5-C,"N,N-Dimethyl-2-cyclohexyloxyethylamine-P"
Uqcc5-C,Xylitol-P
Frg1-C,"2-Heptanone, 4,6-dimethyl--P"
Tmem80-C,"Ethanone, 1-(2,5-dimethoxyphenyl)--P"
Rlbp1-C,3-Aminobutanoic acid-P
Clpp-C,9-Hexadecenoic acid-P
Sh3bgrl-C,"2,5-Piperazinedione, 3-benzyl-6-isopropyl--P"
Sh3bgrl-C,"Benzoic acid, pentadecyl ester-P"
Sh3bgrl-C,Cadaverine-P
Sh3bgrl-C,"Inosose-2, 1,3,4,5,6-pentakis--P"
Cep57-C,"2-(Decanoyloxy)propane-1,3-diyl dioctanoate-P"
Zfp654-C,Butylated Hydroxytoluene-P
Imp3-C,"1-Butanamine, N,N-diethyl--P"
Imp3-C,1-Cyclopentylethanol-P
Bcl7a-C,2-Hydroxy-3-methylbutyric acid-P
Bcl7a-C,"Azetidine, 1-acetyl-2-methyl--P"
Bcl7a-C,Dihydrouracil-P
Bcl7a-C,Glycolic acid-P
Reep2-C,"3-(3-Cyclohexylaminopropionylamino)-5-ethylthiophene-2-carboxylic acid, ethyl ester-P"
G2e3-C,"1,4-diazabicyclo[4.3.0]nonan-2,5-dione, 3-methyl-P"
G2e3-C,2-Isopropyl-5-methyl-1-heptanol-P
G2e3-C,3-Amino-2-piperidone-P
G2e3-C,"6,7,4'-Trihydroxyisoflavone-P"
Nsmf-C,"Benzoic acid, pentadecyl ester-P"
Nsmf-C,Levulinic acid-P
Clec14a-C,beta-Lyxopyranose-P
Clec14a-C,Butylated Hydroxytoluene-P
Clec14a-C,"Cyclopentaneacetic acid, 3-oxo-2-pentyl--P"
Clec14a-C,"N,O-Bis(trimethylsilyl)carbamate-P"
Clec14a-C,Sertraline carbamoyl glucuronide-P
Rec8-C,"Benzo[b]fluorene, 5-amino-7-methyl-1,2,3,4,6,7,8,9-octahydro-11-thia-10-aza--P"
Tmem167-C,"D-Isoleucine, N-acetyl--P"
Zfp27-C,"Benzenemethanamine, 2,3-dimethoxy--P"
Zfp27-C,"Octane, 1-propoxy--P"
Strada-C,"beta-D-Galactofuranose, 1,2,3,5,6-pentakis-O-(trimethylsilyl)--P"
Strada-C,Propylamine-P
Hip1-C,1-(3-Methylphenyl)piperazine-P
Dlgap4-C,"(9H-fluoren-9-yl)methanol, O-methoxycarbonyl--P"
Dlgap4-C,Dodecylcyclohexane-P
Gpr162-C,Methyl aminoacetate-P
Gpr162-C,Nitrosothymol-P
Smc4-C,3-Indoleacetic acid-P
Vangl1-C,"D-(-)-Fructofuranose, pentakis-P"
Tnfsf13os-C,"Erythrono-1,4-lactone, (Z)--P"
Tnfsf13os-C,Glucopyranose-P
Fzr1-C,1-Deoxypentitol-P
Fzr1-C,"2,4-Imidazolidinedione, 5,5-dimethyl--P"
Fzr1-C,Nitrosothymol-P
Cebpd-C,1-Aminocyclopropanecarboxylic acid-P
Cebpd-C,2-Hydroxy-3-methylbutyric acid-P
Cebpd-C,"3-Cyclohexyl-L-alanine amide, N,N,N'N'-tetramethyl--P"
Cebpd-C,Acetoacetic acid-P
9530026P05Rik-C,"2,6-Dimethyl-N-[3-(trimethylsilyl)-1,3-thiazinan-2-ylidene]aniline-P"
Ifi209-C,2-Aminobutanoic acid-P
Rab5c-C,Cyclobutanol-P
Rab5c-C,N-Methyl-N-(tetrahydro-2-furanylmethyl)-4-piperidinamine-P
2810021J22Rik-C,"1,3,5-Benzetriol-P"
Sh3bgrl2-C,L-5-Oxoproline-P
Sh3bgrl2-C,L-Aspartic acid-P
Psmg3-C,Benzophenone-P
Psmg3-C,"beta-D-Galactofuranose, 1,2,3,5,6-pentakis-O-(trimethylsilyl)--P"
Psmg3-C,"Dodecane, 4,6-dimethyl--P"
Glod4-C,"1-Methyl-N,N-bis(trimethylsilyl)-4-[(trimethylsilyl)oxy]-1H-imidazol-2-amine-P"
Glod4-C,cyclobutanecarboxylic acid-P
Glod4-C,L-5-Oxoproline-P
Glod4-C,L-Aspartic acid-P
2410124H12Rik-C,2-Ketoisocaproic acid-P
Gm17530-C,4-(Methoxycarbonyl)phenol-P
Pcmtd1-C,Isopropyl palmitate-P
Pcmtd1-C,Methyl aminoacetate-P
Mafg-C,"2,2,4-Trimethyl-1,3-pentanediol diisobutyrate-P"
Mafg-C,"3beta,4beta-Bis(trimethylsiloxy)cholest-5-ene-P"
Mafg-C,Aceturic acid-P
Mafg-C,Dinoseb-P
Mafg-C,Isofucosterol-P
Mafg-C,Isopropyl palmitate-P
Trpc4ap-C,2-Hydroxybutyric acid-P
Trpc4ap-C,Octan-2-yl palmitate-P
Trpc4ap-C,Xylazine-P
Mtrex-C,"Dodecane, 4,6-dimethyl--P"
Mtrex-C,Phenoxyacetic acid-P
Dnajc13-C,3-Nonen-1-ol-P
Prpf3-C,n-Pentadecanol-P
Ric3-C,1-Hydroxy-3-methoxy-6-methylanthraquinone-P
Ric3-C,"2,6-Dimethyl-N-[3-(trimethylsilyl)-1,3-thiazinan-2-ylidene]aniline-P"
Ric3-C,Aceturic acid-P
Ric3-C,"D-(-)-Fructofuranose, pentakis-P"
Camk1d-C,"2-Heptanone, 4,6-dimethyl--P"
Cep78-C,2-Hydroxy-3-methylbutyric acid-P
Cep78-C,"2-Propenamide, 3-phenyl-N-2-propenyl--P"
Cep78-C,Dihydrouracil-P
Cep78-C,Hydracrylic acid-P
Cep78-C,"Pyrimidine, 5-methyl-2,4-bis[(trimethylsilyl)oxy]--P"
Dcaf12l1-C,1-Hydroxy-3-methoxy-6-methylanthraquinone-P
Dcaf12l1-C,"Benzimidazole, 5-trifluoromethyl-2-methyl--P"
Dcaf12l1-C,"Benzoic acid, pentadecyl ester-P"
Dcaf12l1-C,Butylated Hydroxytoluene-P
Dcaf12l1-C,Latanoprost lactone diol-P
Dcaf12l1-C,"N,O-Bis(trimethylsilyl)carbamate-P"
Dcaf12l1-C,p-Toluic acid-P
mt-Tv-C,"Benzaldehyde, 2,5-dimethyl--P"
mt-Tv-C,"D-(+)-Ribono-1,4-lactone (R,S,R)--P"
mt-Tv-C,Methylmalonic monoamide-P
Vps37d-C,"Propiophenone, 3',4'-dimethoxy--P"
Gmppa-C,"Glycine, N-[4-[(trimethylsilyl)oxy]benzoyl]--P"
Clcn2-C,"alpha-L-Galactopyranoside, methyl 6-deoxy-, (R,R,R,S,S)--P"
Clcn2-C,N-Methyl-N-(tetrahydro-2-furanylmethyl)-4-piperidinamine-P
Tppp3-C,"2-Allyl-1,4-dimethoxybenzene-P"
Tppp3-C,Isopropyl palmitate-P
Tppp3-C,Methyl aminoacetate-P
Tppp3-C,Propylamine-P
Dlg4-C,Methyl aminoacetate-P
Dlg4-C,Pimelic acid-P
Ubc-C,1-Cyclopentylethanol-P
Arrdc4-C,"D-(-)-Fructofuranose, pentakis-P"
Erbin-C,"2-(Decanoyloxy)propane-1,3-diyl dioctanoate-P"
Erbin-C,"2,5-Piperazinedione, 3-benzyl-6-isopropyl--P"
Erbin-C,"2,6-Bis[2-[2-S-thiosulfuroethylamino]ethoxy]pyrazine-P"
Erbin-C,4-Hydroxybenzeneacetic acid-P
Erbin-C,beta-Lyxopyranose-P
Erbin-C,Ethanolamine-P
Tmem184c-C,1-Deoxypentitol-P
Tmem184c-C,"3beta,4beta-Bis(trimethylsiloxy)cholest-5-ene-P"
Tmem184c-C,cis-4-Trimethylsilyloxy-cyclohexyl(trimethylsilyl)carboxylate-P
Tmem184c-C,N-Methyl-N-(tetrahydro-2-furanylmethyl)-4-piperidinamine-P
Tmem184c-C,Triethanolamine-P
Twsg1-C,"N,N-Diethyl-2-aminoethanol-P"
Cyren-C,2-Hydroxy-5-methoxybenzaldehyde-P
Rad54l2-C,"2,3,4-Trihydroxybutyric acid tetrakis-P"
Rad54l2-C,"2,5-Piperazinedione, 3-benzyl-6-isopropyl--P"
Rad54l2-C,"3beta,4beta-Bis(trimethylsiloxy)cholest-5-ene-P"
Rad54l2-C,Arachidonic acid-P
Rad54l2-C,"D-(+)-Ribono-1,4-lactone (R,S,R)--P"
Rad54l2-C,D-Fructose-P
Rad54l2-C,Dinoseb-P
Rad54l2-C,DL-Glyceraldehyde-P
Rad54l2-C,Isofucosterol-P
Rad54l2-C,Isopropyl palmitate-P
Rad54l2-C,Methyl aminoacetate-P
Rad54l2-C,Methyl-3-methoxy-5-methyl benzoate-P
Rad54l2-C,Methylmalonic monoamide-P
Rad54l2-C,N-Methyl-N-(tetrahydro-2-furanylmethyl)-4-piperidinamine-P
Rad54l2-C,"Pentanedioic acid, 3-methyl-3-[(trimethylsilyl)oxy]--P"
Rad54l2-C,Triethanolamine-P
Ppfibp1-C,"Benzoic acid, pentadecyl ester-P"
Leprotl1-C,L-5-Oxoproline-P
Osgepl1-C,"Cyclopentanone, 2,2,4-trimethyl--P"
Osgepl1-C,Dihydrouracil-P
Mansc4-C,D-Mannose-P
Eif3l-C,Arsenous acid-P
mt-Tl1-C,1-Phenethylamine-P
mt-Tl1-C,DL-Glyceraldehyde-P
mt-Tl1-C,L-Aspartic acid-P
Sox13-C,"1,2,3,10,11,11a-Hexahydro-6,7,8-trimethoxy-3-oxo-5H-dibenzo(a,d)cycloheptene-P"
Sox13-C,2-Aminoadipic acid-P
Sox13-C,Sertraline carbamoyl glucuronide-P
Scrib-C,"3beta,4beta-Bis(trimethylsiloxy)cholest-5-ene-P"
Scrib-C,cis-4-Trimethylsilyloxy-cyclohexyl(trimethylsilyl)carboxylate-P
Scrib-C,N-Methyl-N-(tetrahydro-2-furanylmethyl)-4-piperidinamine-P
Zfp1007-C,"1,3,5-Benzetriol-P"
Zfp1007-C,"2,6-Dimethyl-N-[3-(trimethylsilyl)-1,3-thiazinan-2-ylidene]aniline-P"
Zfp1007-C,Dinoseb-P
Zfp1007-C,Guanabenz-P
Zfp1007-C,Isopropyl palmitate-P
Zfp1007-C,Propylamine-P
Zfp1007-C,Triethanolamine-P
Sytl2-C,"2,6-Dimethyl-N-[3-(trimethylsilyl)-1,3-thiazinan-2-ylidene]aniline-P"
Sytl2-C,Isofucosterol-P
Hlf-C,"2,5-Piperazinedione, 3-benzyl-6-isopropyl--P"
Hlf-C,"Furan, 2-pentyl--P"
Hlf-C,Tributyl acetylcitrate-P
Flvcr1-C,13-Docosenamide-P
Foxc2-C,"2,5-Dimethoxymandelic acid-P"
Tm9sf3-C,"Benzimidazole, 5-trifluoromethyl-2-methyl--P"
Tm9sf3-C,Levulinic acid-P
Cebpa-C,"Benzeneethanamine, N-[(pentafluorophenyl)methylene]-4-[(trimethylsilyl)oxy]--P"
Rpp30-C,10-Heptadecenoic acid-P
Rpp30-C,"2,4-Imidazolidinedione, 5,5-dimethyl--P"
Rpp30-C,3-Hexenedinitrile-P
Rpp30-C,3-Methoxysalicylic acid-P
Rpp30-C,"3,5-Dimethylpyrazole-P"
Rpp30-C,"6,7,4'-Trihydroxyisoflavone-P"
Rpp30-C,"Benzimidazole, 5-trifluoromethyl-2-methyl--P"
Rpp30-C,"Benzoic acid, pentadecyl ester-P"
Rpp30-C,Dinoseb-P
Rpp30-C,Levulinic acid-P
Rpp30-C,"Propanetriol, 2-methyl--P"
Tmem203-C,"2-Heptanone, 4,6-dimethyl--P"
Tmem203-C,Azatadine-P
Usp22-C,"2,5-Dimethoxymandelic acid-P"
Usp22-C,Benzyl alcohol-P
Iba57-C,"(9H-fluoren-9-yl)methanol, O-methoxycarbonyl--P"
Atp7a-C,2-Hydroxybutyric acid-P
Atp7a-C,Cyclo-(l-leucyl-l-phenylalanyl)-P
Atp7a-C,Dodecylcyclohexane-P
Dync1h1-C,3-Methoxysalicylic acid-P
Pfn1-C,"Benzene, 1-acetoxy-2,6-dimethoxy-4-(2-propenyl)--P"
Rgs7-C,"7-Isoquinolinol, 1,2,3,4-tetrahydro-1-[(4-hydroxyphenyl)methyl]-6-methoxy--P"
Chdh-C,"D-(+)-Talofuranose, pentakis-P"
Fcho2-C,5-Hydroxyquinoline-P
Lrrc75b-C,"N-isobutyl-2-(trimethylsilyloxy]-4,5-dihydro-1H-imidazole-1-carboxamide-P"
Smarca5-C,"Benzaldehyde, 2,5-dimethyl--P"
Smarca5-C,Isopropyl palmitate-P
Pard6a-C,"Acetic acid, bis[(trimethylsilyl)oxyl]--P"
Sh2b3-C,10-Heptadecenoic acid-P
Sh2b3-C,Levulinic acid-P
Gm38380-C,Hexanoic acid-P
Gm38380-C,Tributyl acetylcitrate-P
Zfp300-C,"3-Buten-2-one, 4-(4-methoxyphenyl)--P"
Ube3c-C,4-Hydroxybenzoic acid-P
Ube3c-C,Pipecolic acid-P
Src-C,p-Toluic acid-P
Sufu-C,Guanabenz-P
Stxbp4-C,10-Heptadecenoic acid-P
Stxbp4-C,D-Fructose-P
Stxbp4-C,Isopropyl palmitate-P
Stxbp4-C,Levulinic acid-P
Stxbp4-C,Methyl aminoacetate-P
Cnnm4-C,10-Heptadecenoic acid-P
Igfbp6-C,Pipecolic acid-P
Shoc2-C,D-Mannose-P
Dcxr-C,Malic acid-P
Gm1976-C,"2-Propenamide, 3-phenyl-N-2-propenyl--P"
Gm1976-C,"2,5-di-tert-Butyl-1,4-benzoquinone-P"
Dhx9-C,3-Amino-2-piperidone-P
Haus4-C,"1-Decene, 8-methyl--P"
Ehd1-C,2-Methylglutaconic acid-P
Mia2-C,"2,2-Diallylpyrrolidine-P"
Mia2-C,"D-(-)-Fructofuranose, pentakis-P"
Mef2a-C,"6,7,4'-Trihydroxyisoflavone-P"
Mef2a-C,N-Methyl-N-(tetrahydro-2-furanylmethyl)-4-piperidinamine-P
Spata13-C,1-(3-Methylphenyl)piperazine-P
Spata13-C,12-Oxooctadecanoate-P
Spata13-C,Tributyl acetylcitrate-P
Dr1-C,"2,5-Cyclohexadiene-1,4-dione, 2,6-bis(1,1-dimethylethyl)--P"
Vps36-C,4-Hydroxyphenyllactic acid-P
Vps36-C,Benzophenone-P
Vps36-C,Methyl aminoacetate-P
Tbc1d2-C,Erythritol-P
Crygn-C,"2-Allyl-1,4-dimethoxybenzene-P"
Crygn-C,2-Amino-4-methylphenol-P
Crygn-C,4-Hydroxybenzeneacetic acid-P
Mrps5-C,Josd1-C
Shc1-C,Trappc14-C
Shc1-C,Agrn-C
Shc1-C,Zfp638-C
Shc1-C,Irak1bp1-C
Shc1-C,Ube2m-C
Shc1-C,Wbp4-C
Shc1-C,Evi5-C
Shc1-C,Pcmtd1-C
Shc1-C,Cnih2-C
Shc1-C,Tppp3-C
Shc1-C,Vps36-C
Cope-C,Nt5m-C
Cope-C,Id1-C
Slc44a1-C,Mcfd2-C
Slc44a1-C,Gnas-C
Slc44a1-C,G2e3-C
Tmem62-C,Irf3-C
Ndfip1-C,Pkn2-C
Ndfip1-C,Ankrd12-C
Ndfip1-C,Bclaf1-C
Ndfip1-C,Acox1-C
Ndfip1-C,Smarca2-C
Ndfip1-C,Zfp638-C
Ndfip1-C,Dek-C
Ndfip1-C,mt-Nd2-C
Ndfip1-C,Ccdc59-C
Ndfip1-C,Rock1-C
Ndfip1-C,Eea1-C
Ndfip1-C,Snrnp48-C
Ndfip1-C,Ylpm1-C
Ndfip1-C,Krcc1-C
Ndfip1-C,Wasl-C
Ndfip1-C,Ergic2-C
Ndfip1-C,Hsdl2-C
Ndfip1-C,Psip1-C
Ndfip1-C,Sntb2-C
Ndfip1-C,Ccdc88a-C
Ndfip1-C,Arid4a-C
Ndfip1-C,Rdx-C
Ndfip1-C,Tmem161b-C
Ndfip1-C,Tpr-C
Ndfip1-C,Josd1-C
Ndfip1-C,Frg1-C
Ndfip1-C,Clpp-C
Ndfip1-C,Fhad1-C
Ndfip1-C,Baz1b-C
Ndfip1-C,Luzp1-C
Ndfip1-C,B230219D22Rik-C
Ndfip1-C,Rad50-C
Ndfip1-C,Rif1-C
Ndfip1-C,Zfp1007-C
Ndfip1-C,Kif21a-C
Ndfip1-C,Phactr2-C
Ndfip1-C,Gtpbp4-C
Ndfip1-C,Slain2-C
Nedd4-C,Wbp11-C
Nedd4-C,Gm15408-C
Nedd4-C,Atf6b-C
Nedd4-C,Osbp-C
Nedd4-C,Cep41-C
Nedd4-C,Cd47-C
Nedd4-C,Aox3-C
Nedd4-C,Eef1a1-C
Nedd4-C,Mfge8-C
Nedd4-C,Psmd3-C
Nedd4-C,Rpl37-C
Nedd4-C,Emc3-C
Nedd4-C,Tulp4-C
Nedd4-C,Gm5141-C
Nedd4-C,Setx-C
Nedd4-C,Ahcyl2-C
Nedd4-C,Ndufa8-C
Nedd4-C,Hip1-C
Nedd4-C,Mafg-C
Nedd4-C,Dcaf12l1-C
Nedd4-C,Dlg4-C
Nedd4-C,Sytl2-C
Nedd4-C,Tm9sf3-C
Nedd4-C,Dync1h1-C
Rab11fip5-C,Cebpz-C
Rab11fip5-C,Btbd2-C
Rab11fip5-C,Acox1-C
Rab11fip5-C,Pawr-C
Rab11fip5-C,Ylpm1-C
Rab11fip5-C,Psip1-C
Thyn1-C,Usp9x-C
Thyn1-C,Pabpc1-C
Thyn1-C,Kif2a-C
Thyn1-C,Lepr-C
Thyn1-C,Pdap1-C
Thyn1-C,Smc6-C
Thyn1-C,Mrps18a-C
Thyn1-C,Zhx1-C
Thyn1-C,Pi4ka-C
Thyn1-C,Pbx1-C
Thyn1-C,Nkapd1-C
Thyn1-C,Nipbl-C
Thyn1-C,Phf3-C
Thyn1-C,Enpp5-C
Thyn1-C,Ash1l-C
Thyn1-C,Qser1-C
Thyn1-C,Hlf-C
Mtor-C,Cast-C
Mtor-C,Camsap2-C
Trappc14-C,Agrn-C
Trappc14-C,Dnajc21-C
Trappc14-C,Dhx29-C
Trappc14-C,Zfp638-C
Trappc14-C,Irak1bp1-C
Trappc14-C,Csnk1a1-C
Trappc14-C,Sh3bgrl-C
Trappc14-C,Slc22a17-C
Trappc14-C,Pcmtd1-C
Trappc14-C,Pja2-C
Trappc14-C,Ehd1-C
Trappc14-C,Vps36-C
Map9-C,Serbp1-C
Map9-C,Pkn2-C
Map9-C,Cebpz-C
Map9-C,Ankrd12-C
Map9-C,Bclaf1-C
Map9-C,Usp9x-C
Map9-C,Kif2a-C
Map9-C,Pura-C
Map9-C,Slk-C
Map9-C,Smarca2-C
Map9-C,Zfp638-C
Map9-C,Dek-C
Map9-C,mt-Nd2-C
Map9-C,Pdap1-C
Map9-C,Rock1-C
Map9-C,Zbtb7a-C
Map9-C,Eea1-C
Map9-C,Smc6-C
Map9-C,Sppl3-C
Map9-C,Cdkn1c-C
Map9-C,Rbm27-C
Map9-C,Krcc1-C
Map9-C,Ap2b1-C
Map9-C,Wasl-C
Map9-C,Ergic2-C
Map9-C,Psip1-C
Map9-C,Iqgap2-C
Map9-C,Eif3g-C
Map9-C,Ccdc88a-C
Map9-C,Top1-C
Map9-C,Rdx-C
Map9-C,Golm2-C
Map9-C,Tpr-C
Map9-C,Vps13b-C
Map9-C,Nkapd1-C
Map9-C,Cct4-C
Map9-C,Frg1-C
Map9-C,Nipbl-C
Map9-C,Phf3-C
Map9-C,Enpp5-C
Map9-C,Fgfr1op2-C
Map9-C,Fhad1-C
Map9-C,Efhb-C
Map9-C,Ash1l-C
Map9-C,Lrp6-C
Map9-C,Qser1-C
Map9-C,Upf2-C
Map9-C,Rad50-C
Map9-C,Fgl2-C
Map9-C,Cep290-C
Map9-C,Gtpbp4-C
Map9-C,Ccdc186-C
Agrn-C,Sptan1-C
Agrn-C,Dcaf12l1-C
Agrn-C,Cnih2-C
Agrn-C,Dlg4-C
Exph5-C,Pkn2-C
Exph5-C,Tet1-C
Exph5-C,Usp9x-C
Exph5-C,Pabpc1-C
Exph5-C,Pdap1-C
Exph5-C,Rock1-C
Exph5-C,Snrnp48-C
Exph5-C,Ylpm1-C
Exph5-C,Wasl-C
Exph5-C,Ergic2-C
Exph5-C,Arid4a-C
Exph5-C,Pbx1-C
Exph5-C,Nipbl-C
Exph5-C,Fhad1-C
Exph5-C,Ash1l-C
Exph5-C,Qser1-C
Exph5-C,Rad50-C
Exph5-C,Rif1-C
Exph5-C,Errfi1-C
Exph5-C,Phactr2-C
Exph5-C,Mia2-C
Dap3-C,Bcl7a-C
Dap3-C,Luzp1-C
Morn4-C,Nicol1-C
Dnajc21-C,Ibtk-C
Dnajc21-C,Sptan1-C
Dnajc21-C,Psma4-C
Dnajc21-C,Arhgef12-C
Dnajc21-C,Arhgap5-C
Dnajc21-C,Slk-C
Dnajc21-C,Zfp638-C
Dnajc21-C,Pawr-C
Dnajc21-C,Ccdc59-C
Dnajc21-C,Snrnp48-C
Dnajc21-C,Slc2a2-C
Dnajc21-C,Wapl-C
Dnajc21-C,Limch1-C
Dnajc21-C,Wasl-C
Dnajc21-C,Ergic2-C
Dnajc21-C,Lrrc8a-C
Dnajc21-C,Csnk1a1-C
Dnajc21-C,Wbp4-C
Dnajc21-C,Tspan9-C
Dnajc21-C,Snora35-C
Dnajc21-C,Setx-C
Dnajc21-C,Rab5a-C
Dnajc21-C,Evi5-C
Dnajc21-C,Slc22a17-C
Dnajc21-C,Fgfr1op2-C
Dnajc21-C,Smc4-C
Dnajc21-C,Pcmtd1-C
Dnajc21-C,Mafg-C
Dnajc21-C,B230219D22Rik-C
Dnajc21-C,Smarca5-C
Wbp11-C,Scyl1-C
Wbp11-C,Atf6b-C
Wbp11-C,Lpgat1-C
Wbp11-C,Dnajc7-C
Wbp11-C,Tmem259-C
Wbp11-C,Osbp-C
Wbp11-C,Rplp1-C
Wbp11-C,Adam15-C
Wbp11-C,Eif3h-C
Wbp11-C,Eef1a1-C
Wbp11-C,Mfge8-C
Wbp11-C,Hk1-C
Wbp11-C,Ap3b1-C
Wbp11-C,Tkt-C
Wbp11-C,Psmd3-C
Wbp11-C,Tada1-C
Wbp11-C,Guk1-C
Wbp11-C,Atp6v1f-C
Wbp11-C,Tulp4-C
Wbp11-C,Ahcyl2-C
Wbp11-C,Gpr162-C
Wbp11-C,Rab5c-C
Wbp11-C,Pcmtd1-C
Wbp11-C,Mafg-C
Wbp11-C,Ilvbl-C
Wbp11-C,Dcaf12l1-C
Wbp11-C,Ptk2b-C
Wbp11-C,Dlg4-C
Wbp11-C,Ubc-C
Wbp11-C,Tmem184c-C
Wbp11-C,Rad54l2-C
Wbp11-C,Zfp1007-C
Wbp11-C,Dync1h1-C
Wbp11-C,Pfn1-C
Wbp11-C,Fcho2-C
Wbp11-C,Smarca5-C
Wbp11-C,Ehd1-C
Wbp11-C,Mef2a-C
Fcf1-C,Mcfd2-C
Fcf1-C,Lrrc17-C
Fcf1-C,Tkt-C
Fcf1-C,Ctr9-C
Fcf1-C,Mtrex-C
Fcf1-C,Src-C
Plgrkt-C,St6galnac4-C
Plgrkt-C,Mrps18a-C
Ttf1-C,Tet1-C
Ttf1-C,Usp9x-C
Ttf1-C,Pabpc1-C
Ttf1-C,Ylpm1-C
Ttf1-C,Fndc3a-C
Ttf1-C,Ap3b1-C
Ttf1-C,Shb-C
Ttf1-C,Ildr2-C
Ttf1-C,Phf3-C
Ttf1-C,Ash1l-C
Ttf1-C,Lrp6-C
Ttf1-C,Arrdc4-C
Ttf1-C,Errfi1-C
Ttf1-C,Fer-C
Usf3-C,Pkn2-C
Usf3-C,Pak2-C
Usf3-C,1110004F10Rik-C
Usf3-C,Ibtk-C
Usf3-C,Usp9x-C
Usf3-C,Ro60-C
Usf3-C,Arhgef12-C
Usf3-C,Arhgap5-C
Usf3-C,Slk-C
Usf3-C,Smarca2-C
Usf3-C,Zfp638-C
Usf3-C,Pawr-C
Usf3-C,Ccdc59-C
Usf3-C,Pdap1-C
Usf3-C,4930556M19Rik-C
Usf3-C,Krcc1-C
Usf3-C,Smim15-C
Usf3-C,Npepps-C
Usf3-C,Wasl-C
Usf3-C,Ergic2-C
Usf3-C,Arid4a-C
Usf3-C,Golm2-C
Usf3-C,Tmem161b-C
Usf3-C,Tulp4-C
Usf3-C,Evi5-C
Usf3-C,Frg1-C
Usf3-C,Fhad1-C
Usf3-C,Mafg-C
Usf3-C,B230219D22Rik-C
Usf3-C,Pten-C
Usf3-C,Kif21a-C
Usf3-C,Tagln2-C
Usf3-C,Phactr2-C
Usf3-C,Smarca5-C
Usf3-C,Sufu-C
Arid2-C,Tatdn2-C
Zkscan8-C,Zfp879-C
Chmp4c-C,Zfp383-C
Zfp975-C,Ppp1r12a-C
Zfp975-C,Tmem259-C
Zfp975-C,Ubl3-C
Zfp975-C,Kras-C
Zfp975-C,Papss1-C
Bhmt2-C,Gas6-C
Bhmt2-C,Amfr-C
Bhmt2-C,Adam15-C
Bhmt2-C,Prxl2c-C
Bhmt2-C,Mfge8-C
Bhmt2-C,Tceanc-C
Bhmt2-C,Erbin-C
Silc1-C,Rassf4-C
Fn3krp-C,Pqbp1-C
Fn3krp-C,Gnas-C
Fn3krp-C,Vps36-C
Cog8-C,Aqp11-C
Cog8-C,Samd14-C
Cog8-C,Tulp4-C
Cog8-C,Pcmtd1-C
Cog8-C,Dhx36-C
Cog8-C,Pten-C
Cog8-C,Dlg4-C
Inpp5a-C,Cep41-C
Inpp5a-C,Wbp4-C
Inpp5a-C,Pja2-C
Serbp1-C,Ankrd12-C
Serbp1-C,Bclaf1-C
Serbp1-C,Usp9x-C
Serbp1-C,Kif2a-C
Serbp1-C,Pura-C
Serbp1-C,Slk-C
Serbp1-C,Smarca2-C
Serbp1-C,mt-Nd2-C
Serbp1-C,Pdap1-C
Serbp1-C,Rock1-C
Serbp1-C,Zbtb7a-C
Serbp1-C,Cdkn1c-C
Serbp1-C,Krcc1-C
Serbp1-C,Npepps-C
Serbp1-C,Wasl-C
Serbp1-C,Ergic2-C
Serbp1-C,Pebp4-C
Serbp1-C,Ccdc88a-C
Serbp1-C,Top1-C
Serbp1-C,Ildr2-C
Serbp1-C,Rdx-C
Serbp1-C,Golm2-C
Serbp1-C,Wbp4-C
Serbp1-C,Josd1-C
Serbp1-C,Clpp-C
Serbp1-C,Nipbl-C
Serbp1-C,Phf3-C
Serbp1-C,Enpp5-C
Serbp1-C,Efhb-C
Serbp1-C,Luzp1-C
Serbp1-C,Ash1l-C
Serbp1-C,Lrp6-C
Serbp1-C,Qser1-C
Serbp1-C,Upf2-C
Serbp1-C,Rad50-C
Serbp1-C,Cep290-C
Serbp1-C,Fer-C
Serbp1-C,Kif21a-C
Serbp1-C,Ccdc186-C
Fsbp-C,Sox13-C
Pkn2-C,Slc25a13-C
Pkn2-C,Rpn2-C
Pkn2-C,Cebpz-C
Pkn2-C,Ankrd12-C
Pkn2-C,Fam13b-C
Pkn2-C,Bclaf1-C
Pkn2-C,Ppp1r12a-C
Pkn2-C,Usp9x-C
Pkn2-C,Pabpc1-C
Pkn2-C,Kif2a-C
Pkn2-C,Ro60-C
Pkn2-C,UNKNOWN_158-C
Pkn2-C,Arhgap5-C
Pkn2-C,Slk-C
Pkn2-C,Smarca2-C
Pkn2-C,Zfp638-C
Pkn2-C,Pawr-C
Pkn2-C,Dek-C
Pkn2-C,Cep95-C
Pkn2-C,mt-Nd2-C
Pkn2-C,Ccdc59-C
Pkn2-C,Pdap1-C
Pkn2-C,Rock1-C
Pkn2-C,Zbtb7a-C
Pkn2-C,Eea1-C
Pkn2-C,Smc6-C
Pkn2-C,Ylpm1-C
Pkn2-C,Cdkn1c-C
Pkn2-C,Rbm27-C
Pkn2-C,Krcc1-C
Pkn2-C,Smim15-C
Pkn2-C,Npepps-C
Pkn2-C,Plcb4-C
Pkn2-C,Ap2b1-C
Pkn2-C,Nol8-C
Pkn2-C,Wasl-C
Pkn2-C,Ergic2-C
Pkn2-C,Psip1-C
Pkn2-C,Sntb2-C
Pkn2-C,Ccdc88a-C
Pkn2-C,Irak1bp1-C
Pkn2-C,Arid4a-C
Pkn2-C,Top1-C
Pkn2-C,Dstn-C
Pkn2-C,Ildr2-C
Pkn2-C,Rdx-C
Pkn2-C,Itch-C
Pkn2-C,Golm2-C
Pkn2-C,Tmem161b-C
Pkn2-C,Tpr-C
Pkn2-C,Nkapd1-C
Pkn2-C,Frg1-C
Pkn2-C,Clpp-C
Pkn2-C,Nipbl-C
Pkn2-C,Phf3-C
Pkn2-C,Enpp5-C
Pkn2-C,Fgfr1op2-C
Pkn2-C,Fhad1-C
Pkn2-C,Zic2-C
Pkn2-C,Efhb-C
Pkn2-C,Baz1b-C
Pkn2-C,Luzp1-C
Pkn2-C,Ash1l-C
Pkn2-C,Dhx36-C
Pkn2-C,B230219D22Rik-C
Pkn2-C,Rad50-C
Pkn2-C,Fxr1-C
Pkn2-C,Rif1-C
Pkn2-C,Gxylt1-C
Pkn2-C,Mansc4-C
Pkn2-C,Cep290-C
Pkn2-C,Setbp1-C
Pkn2-C,Mpp7-C
Pkn2-C,Kpna3-C
Pkn2-C,Fer-C
Pkn2-C,Kif21a-C
Pkn2-C,Ube2q2-C
Pkn2-C,Phactr2-C
Pkn2-C,Smarca5-C
Pkn2-C,Gtpbp4-C
Pkn2-C,Ccdc186-C
Pkn2-C,Shoc2-C
Pkn2-C,Slain2-C
4930412C18Rik-C,Mrpl28-C
4930412C18Rik-C,Hdgfl3-C
Pak2-C,Usp9x-C
Pak2-C,Sptan1-C
Pak2-C,Ro60-C
Pak2-C,Arhgef12-C
Pak2-C,Arhgap5-C
Pak2-C,Slk-C
Pak2-C,4930556M19Rik-C
Pak2-C,Npepps-C
Pak2-C,Ap3b1-C
Pak2-C,Wasl-C
Pak2-C,Irak1bp1-C
Pak2-C,Golm2-C
Pak2-C,Csnk1a1-C
Pak2-C,Tulp4-C
Pak2-C,Snora35-C
Pak2-C,Frg1-C
Pak2-C,Sh3bgrl-C
Pak2-C,Fgfr1op2-C
Pak2-C,Fhad1-C
Pak2-C,Pcmtd1-C
Pak2-C,B230219D22Rik-C
Pak2-C,Fxr1-C
Pak2-C,Pten-C
Pak2-C,Pja2-C
Pak2-C,Phactr2-C
Pak2-C,Smarca5-C
Hmces-C,Kin-C
Hmces-C,Eif3h-C
Hmces-C,Gm38380-C
Slc25a13-C,Xpc-C
Slc25a13-C,Ankrd12-C
Slc25a13-C,Dek-C
Slc25a13-C,Nfyb-C
Slc25a13-C,Npepps-C
Slc25a13-C,Net1-C
Slc25a13-C,Ergic2-C
Slc25a13-C,Ccdc88a-C
Slc25a13-C,Rdx-C
Slc25a13-C,Cep57-C
Slc25a13-C,Shoc2-C
Dhx29-C,Cfap46-C
Dhx29-C,Tmem167-C
Rpn2-C,1110004F10Rik-C
Rpn2-C,Fam13b-C
Rpn2-C,Pabpc1-C
Rpn2-C,Kif2a-C
Rpn2-C,Slk-C
Rpn2-C,Rock1-C
Rpn2-C,Eea1-C
Rpn2-C,Rora-C
Rpn2-C,Smc6-C
Rpn2-C,Ylpm1-C
Rpn2-C,Nfyb-C
Rpn2-C,Smim10l1-C
Rpn2-C,4921504A21Rik-C
Rpn2-C,Npepps-C
Rpn2-C,Plcb4-C
Rpn2-C,Gsk3b-C
Rpn2-C,Iqgap2-C
Rpn2-C,Cltb-C
Rpn2-C,Nkapd1-C
Rpn2-C,Nipbl-C
Rpn2-C,Fhad1-C
Rpn2-C,Ash1l-C
Rpn2-C,Mafg-C
Rpn2-C,B230219D22Rik-C
Rpn2-C,Rad50-C
Rpn2-C,Fxr1-C
Rpn2-C,Phactr2-C
Rpn2-C,Smarca5-C
Gm43339-C,Arhgef12-C
Gm43339-C,Arhgap5-C
Gm43339-C,Suz12-C
Gm43339-C,Limch1-C
Gm43339-C,Wasl-C
Gm43339-C,Samd14-C
Gm43339-C,Csnk1a1-C
Gm43339-C,Fgfr1op2-C
Cebpz-C,Ankrd12-C
Cebpz-C,Ctdspl2-C
Cebpz-C,Bclaf1-C
Cebpz-C,Usp9x-C
Cebpz-C,Pabpc1-C
Cebpz-C,Kif2a-C
Cebpz-C,Pura-C
Cebpz-C,Slk-C
Cebpz-C,Smarca2-C
Cebpz-C,Zfp638-C
Cebpz-C,Ccdc18-C
Cebpz-C,Dek-C
Cebpz-C,mt-Nd2-C
Cebpz-C,Pdap1-C
Cebpz-C,Rock1-C
Cebpz-C,Zbtb7a-C
Cebpz-C,Eea1-C
Cebpz-C,Smc6-C
Cebpz-C,Ylpm1-C
Cebpz-C,Fndc3a-C
Cebpz-C,Cdkn1c-C
Cebpz-C,Rbm27-C
Cebpz-C,Krcc1-C
Cebpz-C,4921504A21Rik-C
Cebpz-C,Npepps-C
Cebpz-C,Ap2b1-C
Cebpz-C,Wasl-C
Cebpz-C,Ergic2-C
Cebpz-C,Psip1-C
Cebpz-C,Sntb2-C
Cebpz-C,Ccdc88a-C
Cebpz-C,Pi4ka-C
Cebpz-C,Arid4a-C
Cebpz-C,Top1-C
Cebpz-C,Rdx-C
Cebpz-C,Golm2-C
Cebpz-C,Tpr-C
Cebpz-C,Nkapd1-C
Cebpz-C,Cct4-C
Cebpz-C,Frg1-C
Cebpz-C,Clpp-C
Cebpz-C,Nipbl-C
Cebpz-C,Brd4-C
Cebpz-C,Phf3-C
Cebpz-C,Enpp5-C
Cebpz-C,Fgfr1op2-C
Cebpz-C,Fhad1-C
Cebpz-C,Luzp1-C
Cebpz-C,Ash1l-C
Cebpz-C,Qser1-C
Cebpz-C,B230219D22Rik-C
Cebpz-C,Upf2-C
Cebpz-C,Rad50-C
Cebpz-C,Camk1d-C
Cebpz-C,Fxr1-C
Cebpz-C,Mansc4-C
Cebpz-C,Cep290-C
Cebpz-C,Setbp1-C
Cebpz-C,Fer-C
Cebpz-C,Kif21a-C
Cebpz-C,Phactr2-C
Cebpz-C,Gtpbp4-C
Cebpz-C,Ccdc186-C
Cebpz-C,Ccar1-C
Cebpz-C,Shoc2-C
St6galnac4-C,Prkaca-C
St6galnac4-C,Bhlhe41-C
Prkaca-C,Zfp358-C
Prkaca-C,Hk1-C
Prkaca-C,Psmd3-C
Prkaca-C,Arl2bp-C
Prkaca-C,Acbd4-C
Xpc-C,Cyyr1-C
Xpc-C,Tmem203-C
Scyl1-C,Atf6b-C
Scyl1-C,Msh2-C
Scyl1-C,Pdlim5-C
Scyl1-C,Pycr2-C
Scyl1-C,Lpgat1-C
Scyl1-C,Scg5-C
Scyl1-C,Dnajc7-C
Scyl1-C,Osbp-C
Scyl1-C,Ddb1-C
Scyl1-C,Igfbp2-C
Scyl1-C,Adam15-C
Scyl1-C,Mfge8-C
Scyl1-C,Tkt-C
Scyl1-C,Psmd3-C
Scyl1-C,Opa1-C
Scyl1-C,Atp6v1f-C
Scyl1-C,Ptk2b-C
Scyl1-C,Dync1h1-C
Scyl1-C,Fcho2-C
Scyl1-C,Mef2a-C
Zfp219-C,Dnajc7-C
Zfp219-C,Opa1-C
Zfp219-C,Crygn-C
Ccnd1-C,Thra-C
Ccnd1-C,Hk1-C
Ccnd1-C,Zfp768-C
Ccnd1-C,Ramac-C
Ccnd1-C,Ptk2b-C
Ccnd1-C,Ganab-C
Ankrd12-C,Bclaf1-C
Ankrd12-C,Kif2a-C
Ankrd12-C,Pura-C
Ankrd12-C,Smarca2-C
Ankrd12-C,Zfp638-C
Ankrd12-C,Pawr-C
Ankrd12-C,mt-Nd2-C
Ankrd12-C,Ccdc59-C
Ankrd12-C,Pdap1-C
Ankrd12-C,Rock1-C
Ankrd12-C,Zbtb7a-C
Ankrd12-C,Eea1-C
Ankrd12-C,Snrnp48-C
Ankrd12-C,Smc6-C
Ankrd12-C,Ylpm1-C
Ankrd12-C,Sppl3-C
Ankrd12-C,Cdkn1c-C
Ankrd12-C,Rbm27-C
Ankrd12-C,Krcc1-C
Ankrd12-C,Wrn-C
Ankrd12-C,Npepps-C
Ankrd12-C,Ap2b1-C
Ankrd12-C,Wasl-C
Ankrd12-C,Ergic2-C
Ankrd12-C,Psip1-C
Ankrd12-C,Iqgap2-C
Ankrd12-C,Sntb2-C
Ankrd12-C,Ccdc88a-C
Ankrd12-C,Pi4ka-C
Ankrd12-C,Arid4a-C
Ankrd12-C,Top1-C
Ankrd12-C,Ildr2-C
Ankrd12-C,Rdx-C
Ankrd12-C,Golm2-C
Ankrd12-C,Tpr-C
Ankrd12-C,Nkapd1-C
Ankrd12-C,Cct4-C
Ankrd12-C,Frg1-C
Ankrd12-C,Clpp-C
Ankrd12-C,Nipbl-C
Ankrd12-C,Enpp5-C
Ankrd12-C,Fgfr1op2-C
Ankrd12-C,Fhad1-C
Ankrd12-C,Efhb-C
Ankrd12-C,Baz1b-C
Ankrd12-C,Ash1l-C
Ankrd12-C,Qser1-C
Ankrd12-C,Upf2-C
Ankrd12-C,Rad50-C
Ankrd12-C,Rif1-C
Ankrd12-C,Cep290-C
Ankrd12-C,Mpp7-C
Ankrd12-C,Kif21a-C
Ankrd12-C,Phactr2-C
Ankrd12-C,Ccdc186-C
Ankrd12-C,Ccar1-C
Ankrd12-C,Mia2-C
Ankrd12-C,Slain2-C
Ddit4-C,Dusp1-C
Ddit4-C,Ilvbl-C
Ddit4-C,Ubc-C
Mterf4-C,Aox3-C
Cdr2l-C,Cdh4-C
Thra-C,Dnajc7-C
Thra-C,Lrrc17-C
Thra-C,Ubl3-C
Thra-C,Opa1-C
Thra-C,Zfp768-C
Thra-C,Clec14a-C
Thra-C,Rab5c-C
Thra-C,Aasdhppt-C
Thra-C,Ptk2b-C
Mfsd2a-C,Agbl3-C
Mfsd2a-C,Mtf1-C
Gm15408-C,Atf6b-C
Gm15408-C,Pdlim5-C
Gm15408-C,Tmem259-C
Gm15408-C,Osbp-C
Gm15408-C,Eif3h-C
Gm15408-C,Eef1a1-C
Gm15408-C,Pqbp1-C
Gm15408-C,Gnas-C
Gm15408-C,Ahcyl2-C
Gm15408-C,Dlgap4-C
Ilkap-C,Krt23-C
Kin-C,Rnasel-C
Smyd2-C,Emc10-C
Smyd2-C,Dcxr-C
Por-C,Smpdl3b-C
Tmem87a-C,Mospd3-C
Atf6b-C,Pycr2-C
Atf6b-C,Tmem259-C
Atf6b-C,Nek8-C
Atf6b-C,Cep41-C
Atf6b-C,Acacb-C
Atf6b-C,Zfp358-C
Atf6b-C,Rora-C
Atf6b-C,Igfbp2-C
Atf6b-C,Gpaa1-C
Atf6b-C,Eef1a1-C
Atf6b-C,Mfge8-C
Atf6b-C,Psmd3-C
Atf6b-C,Gprc5c-C
Atf6b-C,Tulp4-C
Atf6b-C,Gm5141-C
Atf6b-C,Ahcyl2-C
Atf6b-C,Ubc-C
Atf6b-C,Tm9sf3-C
Atf6b-C,Rpp30-C
Atf6b-C,Dync1h1-C
Rpl18a-C,Arf2-C
Tet1-C,Arid4a-C
Eid2b-C,Art4-C
Iqcc-C,Nup214-C
Pcgf5-C,Suz12-C
Pcgf5-C,Erbin-C
Pcgf5-C,Sytl2-C
Grpel1-C,Gm15675-C
Grpel1-C,Afg3l1-C
Grpel1-C,Ube3c-C
Grpel1-C,Dynll1-C
Grpel1-C,Igfbp6-C
Cspg5-C,Cbarp-C
Cspg5-C,Dynll1-C
Cspg5-C,Slain2-C
Klc1-C,Osbp-C
Klc1-C,Ap3s2-C
Msh2-C,Dnajc7-C
Msh2-C,Ddb1-C
Msh2-C,Aldh9a1-C
Msh2-C,Heatr3-C
Msh2-C,Zfp36l2-C
Msh2-C,Atp6v1f-C
Msh2-C,Mtrex-C
Kcnk5-C,Dock10-C
Psmd8-C,Pycr2-C
Psmd8-C,UNKNOWN_158-C
Psmd8-C,Lepr-C
Psmd8-C,Nt5m-C
Psmd8-C,Rplp1-C
Psmd8-C,Eif3g-C
Psmd8-C,Pbx1-C
Psmd8-C,Atp5me-C
Psmd8-C,Acbd4-C
Repin1-C,Phf3-C
Cdkl3-C,E2f2-C
mt-Cytb-C,Prpf6-C
mt-Cytb-C,Ints11-C
Adcy9-C,Map3k5-C
1110004F10Rik-C,Usp9x-C
1110004F10Rik-C,Pabpc1-C
1110004F10Rik-C,Kif2a-C
1110004F10Rik-C,Ccdc18-C
1110004F10Rik-C,Eea1-C
1110004F10Rik-C,Ylpm1-C
1110004F10Rik-C,4930556M19Rik-C
1110004F10Rik-C,Nfyb-C
1110004F10Rik-C,4921504A21Rik-C
1110004F10Rik-C,Npepps-C
1110004F10Rik-C,Wasl-C
1110004F10Rik-C,Sntb2-C
1110004F10Rik-C,Dstn-C
1110004F10Rik-C,Itch-C
1110004F10Rik-C,Frg1-C
1110004F10Rik-C,Nipbl-C
1110004F10Rik-C,Fhad1-C
1110004F10Rik-C,Zic2-C
1110004F10Rik-C,Ash1l-C
1110004F10Rik-C,B230219D22Rik-C
1110004F10Rik-C,Camk1d-C
1110004F10Rik-C,Fxr1-C
1110004F10Rik-C,Sin3a-C
1110004F10Rik-C,Mansc4-C
1110004F10Rik-C,Kpna3-C
1110004F10Rik-C,Stag2-C
1110004F10Rik-C,Ube2q2-C
1110004F10Rik-C,Phactr2-C
1110004F10Rik-C,Shoc2-C
Ibtk-C,Sppl3-C
Ibtk-C,Adam15-C
Ibtk-C,Wasl-C
Ibtk-C,Wbp4-C
Ibtk-C,Setx-C
Ibtk-C,Evi5-C
Ibtk-C,Smc4-C
Ibtk-C,Qser1-C
Ibtk-C,Dlg4-C
Ibtk-C,Ubc-C
Fam13b-C,Bclaf1-C
Fam13b-C,Usp9x-C
Fam13b-C,Pabpc1-C
Fam13b-C,Kif2a-C
Fam13b-C,Smarca2-C
Fam13b-C,Cep95-C
Fam13b-C,Klf3-C
Fam13b-C,Eea1-C
Fam13b-C,Rora-C
Fam13b-C,Cdkn1c-C
Fam13b-C,Smim15-C
Fam13b-C,Npepps-C
Fam13b-C,Gsk3b-C
Fam13b-C,Kras-C
Fam13b-C,Arid4a-C
Fam13b-C,Tmem161b-C
Fam13b-C,Tpr-C
Fam13b-C,Frg1-C
Fam13b-C,Fhad1-C
Fam13b-C,Luzp1-C
Fam13b-C,Ash1l-C
Fam13b-C,B230219D22Rik-C
Fam13b-C,Rad50-C
Fam13b-C,Fxr1-C
Fam13b-C,Kif21a-C
Fam13b-C,Ube2q2-C
Fam13b-C,Phactr2-C
Fam13b-C,Gtpbp4-C
Ctdspl2-C,Slc17a5-C
Ctdspl2-C,Arhgap5-C
Ctdspl2-C,Rora-C
Ctdspl2-C,Wapl-C
Ctdspl2-C,4921504A21Rik-C
Ctdspl2-C,Ap2b1-C
Ctdspl2-C,Ap3b1-C
Ctdspl2-C,Wasl-C
Ctdspl2-C,Gsk3b-C
Ctdspl2-C,Pi4ka-C
Ctdspl2-C,Pbx1-C
Ctdspl2-C,Mafg-C
Ctdspl2-C,B230219D22Rik-C
Ctdspl2-C,Rad50-C
Ctdspl2-C,Pja2-C
Ctdspl2-C,Phactr2-C
Ctdspl2-C,Ccdc186-C
Pknox2-C,Klhl18-C
Btbd2-C,Bclaf1-C
Btbd2-C,Nt5m-C
Btbd2-C,Smc6-C
Btbd2-C,Mrps24-C
Btbd2-C,Nkapd1-C
Btbd2-C,Rad50-C
Btbd2-C,Ccar1-C
Bclaf1-C,Usp9x-C
Bclaf1-C,Pabpc1-C
Bclaf1-C,Kif2a-C
Bclaf1-C,Pura-C
Bclaf1-C,Slk-C
Bclaf1-C,Smarca2-C
Bclaf1-C,Dek-C
Bclaf1-C,mt-Nd2-C
Bclaf1-C,Pdap1-C
Bclaf1-C,Rock1-C
Bclaf1-C,Zbtb7a-C
Bclaf1-C,Eea1-C
Bclaf1-C,Smc6-C
Bclaf1-C,Cdkn1c-C
Bclaf1-C,Rbm27-C
Bclaf1-C,Krcc1-C
Bclaf1-C,Npepps-C
Bclaf1-C,Ap2b1-C
Bclaf1-C,Wasl-C
Bclaf1-C,Ergic2-C
Bclaf1-C,Psip1-C
Bclaf1-C,Iqgap2-C
Bclaf1-C,Ccdc88a-C
Bclaf1-C,Arid4a-C
Bclaf1-C,Top1-C
Bclaf1-C,Rdx-C
Bclaf1-C,Golm2-C
Bclaf1-C,Tmem161b-C
Bclaf1-C,Synm-C
Bclaf1-C,Tpr-C
Bclaf1-C,Nkapd1-C
Bclaf1-C,Frg1-C
Bclaf1-C,Cep57-C
Bclaf1-C,Nipbl-C
Bclaf1-C,Phf3-C
Bclaf1-C,Enpp5-C
Bclaf1-C,Fhad1-C
Bclaf1-C,Efhb-C
Bclaf1-C,Baz1b-C
Bclaf1-C,Luzp1-C
Bclaf1-C,Ash1l-C
Bclaf1-C,Qser1-C
Bclaf1-C,Rad50-C
Bclaf1-C,Fxr1-C
Bclaf1-C,Rif1-C
Bclaf1-C,Cep290-C
Bclaf1-C,Fer-C
Bclaf1-C,Phactr2-C
Bclaf1-C,Gtpbp4-C
Bclaf1-C,Ccdc186-C
Bclaf1-C,Mia2-C
Bclaf1-C,Slain2-C
Gin1-C,Scg5-C
Gin1-C,Dbndd1-C
Syt17-C,Cracr2b-C
Ppp1r12a-C,Pura-C
Ppp1r12a-C,Smarca2-C
Ppp1r12a-C,mt-Nd2-C
Ppp1r12a-C,Rora-C
Ppp1r12a-C,Smc6-C
Ppp1r12a-C,Prpf6-C
Ppp1r12a-C,Ccdc88a-C
Ppp1r12a-C,Top1-C
Ppp1r12a-C,Nipbl-C
Ppp1r12a-C,Fgfr1op2-C
Ppp1r12a-C,Luzp1-C
Ppp1r12a-C,Ash1l-C
Ppp1r12a-C,Cep290-C
Ppp1r12a-C,Fer-C
Ppp1r12a-C,Ccdc186-C
Dctn2-C,Scp2-ps2-C
Dctn2-C,Rhob-C
Dctn2-C,Fzr1-C
Dctn2-C,Ide-C
Dctn2-C,Pfn1-C
Ppp1r1b-C,Ppp5c-C
Ppp1r1b-C,Ddb1-C
Ppp1r1b-C,Tkt-C
Ppp1r1b-C,Atp6v1f-C
Ppp1r1b-C,Acbd4-C
Ncaph2-C,Dynll1-C
Gsta3-C,Trpc4ap-C
Pdlim5-C,Pycr2-C
Pdlim5-C,Scg5-C
Pdlim5-C,Ddb1-C
Pdlim5-C,Cd47-C
Pdlim5-C,Mrps18a-C
Pdlim5-C,Mfge8-C
Pdlim5-C,4632415L05Rik-C
Pdlim5-C,Atp5me-C
Pdlim5-C,Imp3-C
Pdlim5-C,Npat-C
Pdlim5-C,Dync1h1-C
Pdlim5-C,Fcho2-C
Pdlim5-C,Spata13-C
Pycr2-C,Mrpl17-C
Pycr2-C,Dnajc7-C
Pycr2-C,Dynlt2b-C
Pycr2-C,Osbp-C
Pycr2-C,Ddb1-C
Pycr2-C,Cd47-C
Pycr2-C,Adck2-C
Pycr2-C,Mfge8-C
Pycr2-C,Hk1-C
Pycr2-C,Psmd3-C
Pycr2-C,Ric3-C
Pycr2-C,Ptk2b-C
Pycr2-C,Sytl2-C
Pycr2-C,Dync1h1-C
Phf1-C,Dynlt2b-C
Phf1-C,Klhl18-C
Gm12346-C,Suclg2-C
Gm12346-C,Gmppa-C
Gm12346-C,Rpp30-C
Mrpl17-C,Ddb1-C
Mrpl17-C,Zfp768-C
Mrpl17-C,Atp5me-C
Mrpl17-C,Jph1-C
Mrpl17-C,Tmem184c-C
Mrpl17-C,Iba57-C
Mrpl17-C,Acbd4-C
Cast-C,Nfe2l2-C
Cast-C,5730455P16Rik-C
Cast-C,Zhx1-C
Lpgat1-C,Ddb1-C
Lpgat1-C,Guk1-C
Lpgat1-C,Rpl37-C
Lpgat1-C,Atp5me-C
Lpgat1-C,Jph1-C
Lpgat1-C,Tmem184c-C
Lpgat1-C,Rad54l2-C
Lpgat1-C,Dync1h1-C
Lpgat1-C,Stxbp4-C
Lpgat1-C,Mef2a-C
Emd-C,Smarca5-C
Birc2-C,Adam15-C
Birc2-C,Wbp4-C
Birc2-C,Irak3-C
Slc25a26-C,H1f10-C
Slc25a26-C,Capn2-C
Usp9x-C,Pabpc1-C
Usp9x-C,Kif2a-C
Usp9x-C,Ro60-C
Usp9x-C,Slc17a5-C
Usp9x-C,Arhgap5-C
Usp9x-C,Slk-C
Usp9x-C,Zbtb37-C
Usp9x-C,Smarca2-C
Usp9x-C,Zfp638-C
Usp9x-C,Ccdc18-C
Usp9x-C,mt-Nd2-C
Usp9x-C,Pdap1-C
Usp9x-C,Rock1-C
Usp9x-C,Zbtb7a-C
Usp9x-C,Rplp1-C
Usp9x-C,Eea1-C
Usp9x-C,Smc6-C
Usp9x-C,Ylpm1-C
Usp9x-C,Ccdc148-C
Usp9x-C,Cdkn1c-C
Usp9x-C,Rbm27-C
Usp9x-C,4921504A21Rik-C
Usp9x-C,Npepps-C
Usp9x-C,Plcb4-C
Usp9x-C,Ap2b1-C
Usp9x-C,Ap3b1-C
Usp9x-C,Wasl-C
Usp9x-C,Ergic2-C
Usp9x-C,Psip1-C
Usp9x-C,Sntb2-C
Usp9x-C,Ccdc88a-C
Usp9x-C,Pi4ka-C
Usp9x-C,Arid4a-C
Usp9x-C,Top1-C
Usp9x-C,Dstn-C
Usp9x-C,Ildr2-C
Usp9x-C,Golm2-C
Usp9x-C,Tmem161b-C
Usp9x-C,Synm-C
Usp9x-C,Tpr-C
Usp9x-C,Wbp4-C
Usp9x-C,Vps13b-C
Usp9x-C,Snora35-C
Usp9x-C,Secisbp2l-C
Usp9x-C,Nkapd1-C
Usp9x-C,Frg1-C
Usp9x-C,Nipbl-C
Usp9x-C,Phf3-C
Usp9x-C,Enpp5-C
Usp9x-C,Fhad1-C
Usp9x-C,Luzp1-C
Usp9x-C,Ash1l-C
Usp9x-C,Pcmtd1-C
Usp9x-C,Lrp6-C
Usp9x-C,Qser1-C
Usp9x-C,B230219D22Rik-C
Usp9x-C,Rad50-C
Usp9x-C,Camk1d-C
Usp9x-C,Fxr1-C
Usp9x-C,Rif1-C
Usp9x-C,Cep290-C
Usp9x-C,Setbp1-C
Usp9x-C,Pja2-C
Usp9x-C,Fer-C
Usp9x-C,Stag2-C
Usp9x-C,Kif21a-C
Usp9x-C,Phactr2-C
Usp9x-C,Smarca5-C
Usp9x-C,Ccdc186-C
Nfe2l2-C,Klf3-C
Nfe2l2-C,5730455P16Rik-C
Nfe2l2-C,Secisbp2l-C
Nfe2l2-C,Pja2-C
Baiap2l1-C,Olfm2-C
Baiap2l1-C,Npas3-C
Zfp879-C,Haus4-C
Flcn-C,Dek-C
Flcn-C,Afg3l1-C
Flcn-C,Shfl-C
Flcn-C,Atn1-C
Scg5-C,Wapl-C
Scg5-C,Erbin-C
Scg5-C,Fcho2-C
Niban1-C,Slc16a7-C
Sptan1-C,Psma4-C
Sptan1-C,Arhgef12-C
Sptan1-C,Arhgap5-C
Sptan1-C,Slk-C
Sptan1-C,Zfp638-C
Sptan1-C,Emc10-C
Sptan1-C,Rora-C
Sptan1-C,Rbm27-C
Sptan1-C,Limch1-C
Sptan1-C,Irak1bp1-C
Sptan1-C,Wbp4-C
Sptan1-C,Evi5-C
Sptan1-C,Clpp-C
Sptan1-C,9530026P05Rik-C
Sptan1-C,Pcmtd1-C
Sptan1-C,B230219D22Rik-C
Sptan1-C,Dlg4-C
Sptan1-C,Ubc-C
Sptan1-C,Mpp7-C
Sptan1-C,Smarca5-C
Sptan1-C,Gtpbp4-C
Sptan1-C,Ccar1-C
Sptan1-C,Ehd1-C
Psma4-C,Ergic2-C
Psma4-C,Wbp4-C
Psma4-C,Evi5-C
Psma4-C,Slc22a17-C
Psma4-C,Fgfr1op2-C
Psma4-C,Gtpbp4-C
Psma4-C,Ccar1-C
Psma4-C,Gsta4-C
Pabpc1-C,Kif2a-C
Pabpc1-C,Ro60-C
Pabpc1-C,Slc17a5-C
Pabpc1-C,Slk-C
Pabpc1-C,Lepr-C
Pabpc1-C,Zbtb37-C
Pabpc1-C,Smarca2-C
Pabpc1-C,mt-Nd2-C
Pabpc1-C,Pdap1-C
Pabpc1-C,Rock1-C
Pabpc1-C,Klf3-C
Pabpc1-C,Eea1-C
Pabpc1-C,Smc6-C
Pabpc1-C,Ylpm1-C
Pabpc1-C,Ccdc148-C
Pabpc1-C,Cdkn1c-C
Pabpc1-C,Rbm27-C
Pabpc1-C,Krcc1-C
Pabpc1-C,Smim15-C
Pabpc1-C,Npepps-C
Pabpc1-C,Ap2b1-C
Pabpc1-C,Ap3b1-C
Pabpc1-C,Wasl-C
Pabpc1-C,Gsk3b-C
Pabpc1-C,Ergic2-C
Pabpc1-C,Iqgap2-C
Pabpc1-C,Sntb2-C
Pabpc1-C,Cdc14a-C
Pabpc1-C,Pi4ka-C
Pabpc1-C,Arid4a-C
Pabpc1-C,Pbx1-C
Pabpc1-C,Ildr2-C
Pabpc1-C,Itch-C
Pabpc1-C,Tmem161b-C
Pabpc1-C,Synm-C
Pabpc1-C,Tpr-C
Pabpc1-C,Wbp4-C
Pabpc1-C,Vps13b-C
Pabpc1-C,Secisbp2l-C
Pabpc1-C,Nkapd1-C
Pabpc1-C,Frg1-C
Pabpc1-C,Nipbl-C
Pabpc1-C,Phf3-C
Pabpc1-C,Fhad1-C
Pabpc1-C,Baz1b-C
Pabpc1-C,Ash1l-C
Pabpc1-C,Mafg-C
Pabpc1-C,Lrp6-C
Pabpc1-C,B230219D22Rik-C
Pabpc1-C,Rad50-C
Pabpc1-C,Camk1d-C
Pabpc1-C,Fxr1-C
Pabpc1-C,Pten-C
Pabpc1-C,Rif1-C
Pabpc1-C,Cep290-C
Pabpc1-C,Pja2-C
Pabpc1-C,Fer-C
Pabpc1-C,Stag2-C
Pabpc1-C,Kif21a-C
Pabpc1-C,Phactr2-C
Pabpc1-C,Smarca5-C
Pabpc1-C,Gtpbp4-C
Pabpc1-C,Slain2-C
Dnajc7-C,Tmem259-C
Dnajc7-C,Osbp-C
Dnajc7-C,Nek8-C
Dnajc7-C,Gas6-C
Dnajc7-C,Zfp358-C
Dnajc7-C,Igfbp2-C
Dnajc7-C,Heatr3-C
Dnajc7-C,Adck2-C
Dnajc7-C,Mfge8-C
Dnajc7-C,Hk1-C
Dnajc7-C,Ano8-C
Dnajc7-C,Rhob-C
Dnajc7-C,Tkt-C
Dnajc7-C,Psmd3-C
Dnajc7-C,Opa1-C
Dnajc7-C,Clec14a-C
Dnajc7-C,Gpr162-C
Dnajc7-C,Ptk2b-C
Dnajc7-C,Dlg4-C
Dnajc7-C,Ubc-C
Dnajc7-C,Ganab-C
Dnajc7-C,Crygn-C
Kif2a-C,Slc17a5-C
Kif2a-C,Arhgap5-C
Kif2a-C,Slk-C
Kif2a-C,Smarca2-C
Kif2a-C,Zfp638-C
Kif2a-C,Ccdc18-C
Kif2a-C,mt-Nd2-C
Kif2a-C,Pdap1-C
Kif2a-C,Rock1-C
Kif2a-C,Zbtb7a-C
Kif2a-C,Eea1-C
Kif2a-C,Rora-C
Kif2a-C,Smc6-C
Kif2a-C,Ylpm1-C
Kif2a-C,Sppl3-C
Kif2a-C,Cdkn1c-C
Kif2a-C,Rbm27-C
Kif2a-C,Nfyb-C
Kif2a-C,4921504A21Rik-C
Kif2a-C,Npepps-C
Kif2a-C,Ap2b1-C
Kif2a-C,Ap3b1-C
Kif2a-C,Wasl-C
Kif2a-C,Ergic2-C
Kif2a-C,Psip1-C
Kif2a-C,Iqgap2-C
Kif2a-C,Pi4ka-C
Kif2a-C,Irak1bp1-C
Kif2a-C,Arid4a-C
Kif2a-C,Top1-C
Kif2a-C,Dstn-C
Kif2a-C,Ildr2-C
Kif2a-C,Golm2-C
Kif2a-C,Tmem161b-C
Kif2a-C,Tpr-C
Kif2a-C,Nkapd1-C
Kif2a-C,Frg1-C
Kif2a-C,Nipbl-C
Kif2a-C,Phf3-C
Kif2a-C,Enpp5-C
Kif2a-C,Fgfr1op2-C
Kif2a-C,Fhad1-C
Kif2a-C,Ash1l-C
Kif2a-C,Dhx36-C
Kif2a-C,Lrp6-C
Kif2a-C,Qser1-C
Kif2a-C,B230219D22Rik-C
Kif2a-C,Rad50-C
Kif2a-C,Fxr1-C
Kif2a-C,Rif1-C
Kif2a-C,Mansc4-C
Kif2a-C,Cep290-C
Kif2a-C,Pja2-C
Kif2a-C,Stag2-C
Kif2a-C,Kif21a-C
Kif2a-C,Ube2q2-C
Kif2a-C,Phactr2-C
Kif2a-C,Smarca5-C
Kif2a-C,Ccdc186-C
Kif2a-C,Ccar1-C
Kif2a-C,Shoc2-C
Kif2a-C,Slain2-C
Lmtk3-C,Cyyr1-C
Lmtk3-C,Fndc3a-C
Pura-C,Smarca2-C
Pura-C,Dek-C
Pura-C,mt-Nd2-C
Pura-C,Pdap1-C
Pura-C,Rock1-C
Pura-C,Zbtb7a-C
Pura-C,Eea1-C
Pura-C,Smc6-C
Pura-C,Cdkn1c-C
Pura-C,Rbm27-C
Pura-C,Sec62-C
Pura-C,Ap2b1-C
Pura-C,Wasl-C
Pura-C,Ergic2-C
Pura-C,Psip1-C
Pura-C,Eif3g-C
Pura-C,Top1-C
Pura-C,Rdx-C
Pura-C,Cct4-C
Pura-C,Frg1-C
Pura-C,Cep57-C
Pura-C,Brd4-C
Pura-C,Enpp5-C
Pura-C,Fgfr1op2-C
Pura-C,Upf2-C
Pura-C,Ccdc186-C
Gm15675-C,Recql5-C
Gm15675-C,Afg3l1-C
Mfsd3-C,Sin3a-C
Mfsd3-C,B130034C11Rik-C
Ro60-C,Cyyr1-C
Ro60-C,Smarca2-C
Ro60-C,Pdap1-C
Ro60-C,Ccdc148-C
Ro60-C,Slc2a2-C
Ro60-C,4930556M19Rik-C
Ro60-C,Npepps-C
Ro60-C,Wasl-C
Ro60-C,Arid4a-C
Ro60-C,Dstn-C
Ro60-C,Golm2-C
Ro60-C,Tmem161b-C
Ro60-C,Tpr-C
Ro60-C,Fhad1-C
Ro60-C,Ash1l-C
Ro60-C,B230219D22Rik-C
Ro60-C,Fxr1-C
Ro60-C,Kif21a-C
Ro60-C,Phactr2-C
Ro60-C,Shoc2-C
Cyyr1-C,Fhl1-C
Cyyr1-C,Fndc3a-C
Cyyr1-C,Npepps-C
Cyyr1-C,Cables2-C
Cyyr1-C,Hcn3-C
Arhgef12-C,Arhgap5-C
Arhgef12-C,Slk-C
Arhgef12-C,Zfp638-C
Arhgef12-C,Rock1-C
Arhgef12-C,Rora-C
Arhgef12-C,Rbm27-C
Arhgef12-C,Wapl-C
Arhgef12-C,Limch1-C
Arhgef12-C,Gsk3b-C
Arhgef12-C,Sntb2-C
Arhgef12-C,Arid4a-C
Arhgef12-C,Guk1-C
Arhgef12-C,Rpl37-C
Arhgef12-C,Csnk1a1-C
Arhgef12-C,Wbp4-C
Arhgef12-C,Evi5-C
Arhgef12-C,Sh3bgrl-C
Arhgef12-C,Nipbl-C
Arhgef12-C,Phf3-C
Arhgef12-C,Slc22a17-C
Arhgef12-C,Fgfr1op2-C
Arhgef12-C,Baz1b-C
Arhgef12-C,Smc4-C
Arhgef12-C,Pcmtd1-C
Arhgef12-C,Mafg-C
Arhgef12-C,B230219D22Rik-C
Arhgef12-C,Pten-C
Arhgef12-C,Dlg4-C
Arhgef12-C,Ppfibp1-C
Arhgef12-C,Pja2-C
Arhgef12-C,Zfp1007-C
Arhgef12-C,Sytl2-C
Arhgef12-C,Smarca5-C
Arhgef12-C,Ehd1-C
Arhgef12-C,Mef2a-C
Slc17a5-C,Slk-C
Slc17a5-C,mt-Nd2-C
Slc17a5-C,Eea1-C
Slc17a5-C,Ccdc148-C
Slc17a5-C,Fndc3a-C
Slc17a5-C,4921504A21Rik-C
Slc17a5-C,Plcb4-C
Slc17a5-C,Ap3b1-C
Slc17a5-C,Wasl-C
Slc17a5-C,1700125H03Rik-C
Slc17a5-C,Cdc14a-C
Slc17a5-C,Ccdc88a-C
Slc17a5-C,Pi4ka-C
Slc17a5-C,Itch-C
Slc17a5-C,Synm-C
Slc17a5-C,Tpr-C
Slc17a5-C,Wbp4-C
Slc17a5-C,Vps13b-C
Slc17a5-C,Secisbp2l-C
Slc17a5-C,Nipbl-C
Slc17a5-C,Ash1l-C
Slc17a5-C,Pcmtd1-C
Slc17a5-C,Lrp6-C
Slc17a5-C,B230219D22Rik-C
Slc17a5-C,Pja2-C
Slc17a5-C,Tmem203-C
Slc17a5-C,Kif21a-C
Slc17a5-C,Phactr2-C
Slc17a5-C,Smarca5-C
Slc17a5-C,Mef2a-C
Slc17a5-C,Vps36-C
UNKNOWN_158-C,Arhgap5-C
UNKNOWN_158-C,Rock1-C
UNKNOWN_158-C,Suz12-C
UNKNOWN_158-C,Rora-C
UNKNOWN_158-C,Wapl-C
UNKNOWN_158-C,Npepps-C
UNKNOWN_158-C,Zfp322a-C
UNKNOWN_158-C,Plcb4-C
UNKNOWN_158-C,Sntb2-C
UNKNOWN_158-C,Ccdc88a-C
UNKNOWN_158-C,Arid4a-C
UNKNOWN_158-C,Tpr-C
UNKNOWN_158-C,Nkapd1-C
UNKNOWN_158-C,Nipbl-C
UNKNOWN_158-C,9530026P05Rik-C
UNKNOWN_158-C,Ash1l-C
UNKNOWN_158-C,Rad50-C
UNKNOWN_158-C,Rif1-C
UNKNOWN_158-C,Cep290-C
UNKNOWN_158-C,Tsc22d1-C
UNKNOWN_158-C,Kpna3-C
UNKNOWN_158-C,Ube2q2-C
UNKNOWN_158-C,Phactr2-C
UNKNOWN_158-C,Ccdc186-C
Telo2-C,Ptk2b-C
Copg1-C,Slc22a17-C
Copg1-C,Ccar1-C
Copg1-C,Ehd1-C
Arf2-C,Rtkn-C
Slc29a4-C,Atp7a-C
Dynlt2b-C,Tax1bp3-C
Dynlt2b-C,Igfbp2-C
Dynlt2b-C,Psmd3-C
Dynlt2b-C,Zfp768-C
Dynlt2b-C,Tnfrsf1b-C
Dynlt2b-C,Ganab-C
Dynlt2b-C,Dync1h1-C
Dynlt2b-C,Cnnm4-C
Dynlt2b-C,Spata13-C
Fhl1-C,Cables2-C
Fhl1-C,Hcn3-C
Ppp5c-C,Ddb1-C
Ppp5c-C,Tkt-C
Ppp5c-C,Atp6v1f-C
Ppp5c-C,Mospd3-C
Arhgap5-C,Slk-C
Arhgap5-C,Smarca2-C
Arhgap5-C,Zfp638-C
Arhgap5-C,Pawr-C
Arhgap5-C,Cep95-C
Arhgap5-C,Rock1-C
Arhgap5-C,Suz12-C
Arhgap5-C,Eea1-C
Arhgap5-C,Rora-C
Arhgap5-C,Ylpm1-C
Arhgap5-C,Slc2a2-C
Arhgap5-C,4930556M19Rik-C
Arhgap5-C,Rbm27-C
Arhgap5-C,Wapl-C
Arhgap5-C,Gpaa1-C
Arhgap5-C,Npepps-C
Arhgap5-C,Wasl-C
Arhgap5-C,Gsk3b-C
Arhgap5-C,Rhob-C
Arhgap5-C,Lrrc8a-C
Arhgap5-C,Sntb2-C
Arhgap5-C,Arid4a-C
Arhgap5-C,Dstn-C
Arhgap5-C,Itch-C
Arhgap5-C,Golm2-C
Arhgap5-C,Csnk1a1-C
Arhgap5-C,Tmem161b-C
Arhgap5-C,Wbp4-C
Arhgap5-C,Setx-C
Arhgap5-C,Evi5-C
Arhgap5-C,Sh3bgrl-C
Arhgap5-C,Nipbl-C
Arhgap5-C,Slc22a17-C
Arhgap5-C,Fgfr1op2-C
Arhgap5-C,Nsg2-C
Arhgap5-C,Fhad1-C
Arhgap5-C,Ash1l-C
Arhgap5-C,Pcmtd1-C
Arhgap5-C,Mafg-C
Arhgap5-C,B230219D22Rik-C
Arhgap5-C,Rad50-C
Arhgap5-C,Fxr1-C
Arhgap5-C,Pten-C
Arhgap5-C,Dlg4-C
Arhgap5-C,Pja2-C
Arhgap5-C,Zfp1007-C
Arhgap5-C,Stag2-C
Arhgap5-C,Kif21a-C
Arhgap5-C,Ube2q2-C
Arhgap5-C,Phactr2-C
Arhgap5-C,Smarca5-C
Arhgap5-C,Shoc2-C
Arhgap5-C,Ehd1-C
Cmtm8-C,Sncg-C
Foxk2-C,Cables2-C
Slk-C,Smarca2-C
Slk-C,Zfp638-C
Slk-C,mt-Nd2-C
Slk-C,Ccdc59-C
Slk-C,Rock1-C
Slk-C,Zbtb7a-C
Slk-C,Eea1-C
Slk-C,Rora-C
Slk-C,Smc6-C
Slk-C,Ylpm1-C
Slk-C,Cdkn1c-C
Slk-C,Rbm27-C
Slk-C,Krcc1-C
Slk-C,4921504A21Rik-C
Slk-C,Npepps-C
Slk-C,Plcb4-C
Slk-C,Wasl-C
Slk-C,Gsk3b-C
Slk-C,Ergic2-C
Slk-C,Psip1-C
Slk-C,Sntb2-C
Slk-C,Ccdc88a-C
Slk-C,Arid4a-C
Slk-C,Top1-C
Slk-C,Tmem161b-C
Slk-C,Tulp4-C
Slk-C,Synm-C
Slk-C,Tpr-C
Slk-C,Wbp4-C
Slk-C,Nkapd1-C
Slk-C,Evi5-C
Slk-C,Frg1-C
Slk-C,Clpp-C
Slk-C,Nipbl-C
Slk-C,Phf3-C
Slk-C,Slc22a17-C
Slk-C,Enpp5-C
Slk-C,Fgfr1op2-C
Slk-C,Fhad1-C
Slk-C,Baz1b-C
Slk-C,Luzp1-C
Slk-C,Smc4-C
Slk-C,Ash1l-C
Slk-C,Pcmtd1-C
Slk-C,Mafg-C
Slk-C,Qser1-C
Slk-C,B230219D22Rik-C
Slk-C,Rad50-C
Slk-C,Fxr1-C
Slk-C,Rif1-C
Slk-C,Dlg4-C
Slk-C,Slc25a20-C
Slk-C,Cep290-C
Slk-C,Pja2-C
Slk-C,Zfp1007-C
Slk-C,Fer-C
Slk-C,Kif21a-C
Slk-C,Phactr2-C
Slk-C,Smarca5-C
Slk-C,Gtpbp4-C
Slk-C,Ccdc186-C
Slk-C,Ccar1-C
Slk-C,Ehd1-C
Tmem259-C,Ubl3-C
Tmem259-C,Acacb-C
Tmem259-C,Rora-C
Tmem259-C,Igfbp2-C
Tmem259-C,Eef1a1-C
Tmem259-C,Mfge8-C
Tmem259-C,Tkt-C
Tmem259-C,Psmd3-C
Tmem259-C,Tulp4-C
Tmem259-C,Gm5141-C
Tmem259-C,Slc22a17-C
Tmem259-C,Ubc-C
Tmem259-C,Ganab-C
Lepr-C,Mrpl28-C
Lepr-C,Klf3-C
Lepr-C,Rplp1-C
Lepr-C,Ccdc148-C
Lepr-C,4921504A21Rik-C
Lepr-C,Ap2b1-C
Lepr-C,Iqgap2-C
Lepr-C,Eif3g-C
Lepr-C,Sntb2-C
Lepr-C,Pbx1-C
Lepr-C,Ildr2-C
Lepr-C,Vps13b-C
Lepr-C,Secisbp2l-C
Lepr-C,Nipbl-C
Lepr-C,Lrp6-C
Lepr-C,Rif1-C
Lepr-C,Cep290-C
Acox1-C,Smarca2-C
Acox1-C,Dek-C
Acox1-C,Eea1-C
Acox1-C,Krcc1-C
Acox1-C,Ap2b1-C
Acox1-C,Ergic2-C
Acox1-C,Sntb2-C
Acox1-C,Dstn-C
Acox1-C,Baz1b-C
Acox1-C,Kif21a-C
Acox1-C,Pfas-C
Acox1-C,Slain2-C
Mcfd2-C,Gnas-C
Mcfd2-C,Rpp30-C
Mcfd2-C,Dync1h1-C
Zbtb37-C,Klf3-C
Zbtb37-C,Phf3-C
Zbtb37-C,Ash1l-C
Zbtb37-C,Psmg3-C
Zbtb37-C,Fer-C
Smarca2-C,Zfp638-C
Smarca2-C,Pawr-C
Smarca2-C,Dek-C
Smarca2-C,mt-Nd2-C
Smarca2-C,Ccdc59-C
Smarca2-C,Pdap1-C
Smarca2-C,Rock1-C
Smarca2-C,Zbtb7a-C
Smarca2-C,Eea1-C
Smarca2-C,Rora-C
Smarca2-C,Smc6-C
Smarca2-C,Ylpm1-C
Smarca2-C,Sppl3-C
Smarca2-C,Cdkn1c-C
Smarca2-C,Rbm27-C
Smarca2-C,Krcc1-C
Smarca2-C,Smim15-C
Smarca2-C,Npepps-C
Smarca2-C,Plcb4-C
Smarca2-C,Ap2b1-C
Smarca2-C,Wasl-C
Smarca2-C,Ergic2-C
Smarca2-C,Psip1-C
Smarca2-C,Sntb2-C
Smarca2-C,Ccdc88a-C
Smarca2-C,Arid4a-C
Smarca2-C,Top1-C
Smarca2-C,Dstn-C
Smarca2-C,Ildr2-C
Smarca2-C,Rdx-C
Smarca2-C,Itch-C
Smarca2-C,Golm2-C
Smarca2-C,Tmem161b-C
Smarca2-C,Synm-C
Smarca2-C,Tpr-C
Smarca2-C,Nkapd1-C
Smarca2-C,Cct4-C
Smarca2-C,Frg1-C
Smarca2-C,Clpp-C
Smarca2-C,Nipbl-C
Smarca2-C,Phf3-C
Smarca2-C,Enpp5-C
Smarca2-C,Fgfr1op2-C
Smarca2-C,Fhad1-C
Smarca2-C,Zic2-C
Smarca2-C,Efhb-C
Smarca2-C,Baz1b-C
Smarca2-C,Luzp1-C
Smarca2-C,Ash1l-C
Smarca2-C,Mafg-C
Smarca2-C,Qser1-C
Smarca2-C,B230219D22Rik-C
Smarca2-C,Rad50-C
Smarca2-C,Fxr1-C
Smarca2-C,Pten-C
Smarca2-C,Rif1-C
Smarca2-C,Cep290-C
Smarca2-C,Mpp7-C
Smarca2-C,Kpna3-C
Smarca2-C,Fer-C
Smarca2-C,Kif21a-C
Smarca2-C,Phactr2-C
Smarca2-C,Smarca5-C
Smarca2-C,Gtpbp4-C
Smarca2-C,Ccdc186-C
Smarca2-C,Shoc2-C
Smarca2-C,Slain2-C
Zfp638-C,Pawr-C
Zfp638-C,mt-Nd2-C
Zfp638-C,Ccdc59-C
Zfp638-C,Pdap1-C
Zfp638-C,Rock1-C
Zfp638-C,Eea1-C
Zfp638-C,Rora-C
Zfp638-C,Smc6-C
Zfp638-C,Ylpm1-C
Zfp638-C,Fndc3a-C
Zfp638-C,Cdkn1c-C
Zfp638-C,Rbm27-C
Zfp638-C,Krcc1-C
Zfp638-C,Npepps-C
Zfp638-C,Nol8-C
Zfp638-C,Ap3b1-C
Zfp638-C,Adprh-C
Zfp638-C,Wasl-C
Zfp638-C,Ergic2-C
Zfp638-C,Psip1-C
Zfp638-C,Sntb2-C
Zfp638-C,Ccdc88a-C
Zfp638-C,Arid4a-C
Zfp638-C,Top1-C
Zfp638-C,Itch-C
Zfp638-C,Csnk1a1-C
Zfp638-C,Tpr-C
Zfp638-C,Wbp4-C
Zfp638-C,Ptges2-C
Zfp638-C,Nkapd1-C
Zfp638-C,Evi5-C
Zfp638-C,Frg1-C
Zfp638-C,Clpp-C
Zfp638-C,Nipbl-C
Zfp638-C,Phf3-C
Zfp638-C,Enpp5-C
Zfp638-C,Fgfr1op2-C
Zfp638-C,Fhad1-C
Zfp638-C,Efhb-C
Zfp638-C,Baz1b-C
Zfp638-C,Luzp1-C
Zfp638-C,Smc4-C
Zfp638-C,Ash1l-C
Zfp638-C,Pcmtd1-C
Zfp638-C,Mafg-C
Zfp638-C,Qser1-C
Zfp638-C,B230219D22Rik-C
Zfp638-C,Rad50-C
Zfp638-C,Fxr1-C
Zfp638-C,Cnih2-C
Zfp638-C,Pten-C
Zfp638-C,Rif1-C
Zfp638-C,Mpp7-C
Zfp638-C,Zfp1007-C
Zfp638-C,Kif21a-C
Zfp638-C,Phactr2-C
Zfp638-C,Smarca5-C
Zfp638-C,Gtpbp4-C
Zfp638-C,Ccdc186-C
Zfp638-C,Shoc2-C
Ccdc18-C,Pawr-C
Ccdc18-C,Smc6-C
Ccdc18-C,Npepps-C
Ccdc18-C,Wasl-C
Ccdc18-C,Tmem161b-C
Ccdc18-C,Frg1-C
Ccdc18-C,Fhad1-C
Ccdc18-C,Ash1l-C
Ccdc18-C,Qser1-C
Ccdc18-C,Camk1d-C
Ccdc18-C,Fxr1-C
Ccdc18-C,Phactr2-C
Ccdc18-C,Ccdc186-C
Mrpl28-C,Sec62-C
Mrpl28-C,Eif3g-C
Ndufs3-C,Ubl3-C
Ndufs3-C,Eef1a1-C
Ndufs3-C,Psmd3-C
Ndufs3-C,Opa1-C
Ndufs3-C,Tnfrsf1b-C
Nt5m-C,Fndc3a-C
Nt5m-C,Iqgap2-C
Nt5m-C,Pi4ka-C
Pawr-C,Cep95-C
Pawr-C,Ccdc59-C
Pawr-C,Pdap1-C
Pawr-C,Rock1-C
Pawr-C,Eea1-C
Pawr-C,Snrnp48-C
Pawr-C,Smc6-C
Pawr-C,Ylpm1-C
Pawr-C,Krcc1-C
Pawr-C,Npepps-C
Pawr-C,Limch1-C
Pawr-C,Wasl-C
Pawr-C,Ergic2-C
Pawr-C,Psip1-C
Pawr-C,Ccdc88a-C
Pawr-C,Csnk1a1-C
Pawr-C,Ikzf5-C
Pawr-C,Evi5-C
Pawr-C,Clpp-C
Pawr-C,Fgfr1op2-C
Pawr-C,Nsg2-C
Pawr-C,Fhad1-C
Pawr-C,Smc4-C
Pawr-C,B230219D22Rik-C
Pawr-C,Mpp7-C
Pawr-C,Kpna3-C
Pawr-C,Phactr2-C
Pawr-C,Ccar1-C
Rnf187-C,Ndufa8-C
Rnf187-C,Mafg-C
Rnf187-C,Sytl2-C
Osbp-C,Cd47-C
Osbp-C,Heatr3-C
Osbp-C,Mfge8-C
Osbp-C,Tkt-C
Osbp-C,Psmd3-C
Osbp-C,Ahcyl2-C
Osbp-C,Dcaf12l1-C
Osbp-C,Ap3s2-C
Osbp-C,Erbin-C
Osbp-C,Sytl2-C
Osbp-C,Dhx9-C
Dek-C,mt-Nd2-C
Dek-C,Pdap1-C
Dek-C,Rock1-C
Dek-C,Zbtb7a-C
Dek-C,Eea1-C
Dek-C,Smc6-C
Dek-C,Ylpm1-C
Dek-C,Cdkn1c-C
Dek-C,Ruvbl1-C
Dek-C,Krcc1-C
Dek-C,Ap2b1-C
Dek-C,Wasl-C
Dek-C,Ergic2-C
Dek-C,Psip1-C
Dek-C,Ccdc88a-C
Dek-C,Irak1bp1-C
Dek-C,Top1-C
Dek-C,Rdx-C
Dek-C,Nkapd1-C
Dek-C,Cct4-C
Dek-C,Cep57-C
Dek-C,Enpp5-C
Dek-C,Efhb-C
Dek-C,Baz1b-C
Dek-C,Fgl2-C
Dek-C,Mansc4-C
Dek-C,Cep290-C
Dek-C,Atn1-C
Dek-C,Gtpbp4-C
Dek-C,Ccdc186-C
Dek-C,Slain2-C
Gpr19-C,Gm19817-C
Pmm2-C,Gprc5c-C
Pold1-C,Gm42636-C
Tomm34-C,Inpp4a-C
S100a8-C,Ric3-C
Mtap-C,Ubl3-C
Mtap-C,Kras-C
Mtap-C,Erbin-C
Mtap-C,Dync1h1-C
Stat3-C,Brd2-C
Cep95-C,Pdap1-C
Cep95-C,Eea1-C
Cep95-C,Wasl-C
Cep95-C,Luzp1-C
Cep95-C,Ash1l-C
Cep95-C,Pja2-C
Cep95-C,Ccdc186-C
Ddb1-C,Mfge8-C
Ddb1-C,Tkt-C
Ddb1-C,Guk1-C
Ddb1-C,Atp6v1f-C
Ddb1-C,Rad54l2-C
Ddb1-C,Dync1h1-C
Ddb1-C,Fcho2-C
Ddb1-C,Cnnm4-C
Ddb1-C,Mef2a-C
Krt23-C,Aldh1l1-C
Nek8-C,Fhod3-C
Nek8-C,Rgs7-C
mt-Nd2-C,Ccdc59-C
mt-Nd2-C,Pdap1-C
mt-Nd2-C,Rock1-C
mt-Nd2-C,Zbtb7a-C
mt-Nd2-C,Eea1-C
mt-Nd2-C,Smc6-C
mt-Nd2-C,Ylpm1-C
mt-Nd2-C,Cdkn1c-C
mt-Nd2-C,Rbm27-C
mt-Nd2-C,Krcc1-C
mt-Nd2-C,Sec62-C
mt-Nd2-C,Npepps-C
mt-Nd2-C,Ap2b1-C
mt-Nd2-C,Wasl-C
mt-Nd2-C,Ergic2-C
mt-Nd2-C,Psip1-C
mt-Nd2-C,Iqgap2-C
mt-Nd2-C,Sntb2-C
mt-Nd2-C,Ccdc88a-C
mt-Nd2-C,Arid4a-C
mt-Nd2-C,Top1-C
mt-Nd2-C,Ildr2-C
mt-Nd2-C,Rdx-C
mt-Nd2-C,Golm2-C
mt-Nd2-C,Synm-C
mt-Nd2-C,Tpr-C
mt-Nd2-C,Ikzf5-C
mt-Nd2-C,Nkapd1-C
mt-Nd2-C,Frg1-C
mt-Nd2-C,Clpp-C
mt-Nd2-C,Nipbl-C
mt-Nd2-C,Phf3-C
mt-Nd2-C,Enpp5-C
mt-Nd2-C,Fgfr1op2-C
mt-Nd2-C,Fhad1-C
mt-Nd2-C,Baz1b-C
mt-Nd2-C,Luzp1-C
mt-Nd2-C,Ash1l-C
mt-Nd2-C,Lrp6-C
mt-Nd2-C,Qser1-C
mt-Nd2-C,B230219D22Rik-C
mt-Nd2-C,Rad50-C
mt-Nd2-C,Fxr1-C
mt-Nd2-C,Rif1-C
mt-Nd2-C,Cep290-C
mt-Nd2-C,Fer-C
mt-Nd2-C,Kif21a-C
mt-Nd2-C,Phactr2-C
mt-Nd2-C,Smarca5-C
mt-Nd2-C,Gtpbp4-C
mt-Nd2-C,Ccdc186-C
mt-Nd2-C,Shoc2-C
mt-Nd2-C,Mia2-C
mt-Nd2-C,Slain2-C
Tax1bp3-C,Dync1h1-C
Tax1bp3-C,Spata13-C
Lrrc17-C,Rhob-C
Lrrc17-C,Gpr162-C
Lrrc17-C,Mtrex-C
Lrrc17-C,Scrib-C
Lrrc17-C,Crygn-C
Dync2li1-C,Magix-C
Dync2li1-C,Slc25a16-C
Dync2li1-C,Ccpg1-C
Ccdc59-C,Pdap1-C
Ccdc59-C,Rock1-C
Ccdc59-C,Snrnp48-C
Ccdc59-C,Rora-C
Ccdc59-C,Ylpm1-C
Ccdc59-C,Krcc1-C
Ccdc59-C,Npepps-C
Ccdc59-C,Limch1-C
Ccdc59-C,Wasl-C
Ccdc59-C,Ergic2-C
Ccdc59-C,Bcat1-C
Ccdc59-C,Arid4a-C
Ccdc59-C,Tpr-C
Ccdc59-C,Frg1-C
Ccdc59-C,Fhad1-C
Ccdc59-C,Baz1b-C
Ccdc59-C,Smc4-C
Ccdc59-C,B230219D22Rik-C
Ccdc59-C,Cep290-C
Ccdc59-C,Zfp1007-C
Ccdc59-C,Phactr2-C
Gas6-C,Amfr-C
Gas6-C,Igfbp2-C
Gas6-C,Gpaa1-C
Gas6-C,Tkt-C
Gas6-C,Zfp654-C
Gas6-C,Slc22a17-C
Gas6-C,Ola1-C
Gas6-C,Ilvbl-C
Gas6-C,Fance-C
Gas6-C,Ganab-C
Amfr-C,Igfbp2-C
Amfr-C,Zfp654-C
Amfr-C,Ubc-C
Amfr-C,Ganab-C
Amfr-C,Fcho2-C
Amfr-C,Smarca5-C
Pdap1-C,Rock1-C
Pdap1-C,Zbtb7a-C
Pdap1-C,Eea1-C
Pdap1-C,Smc6-C
Pdap1-C,Ylpm1-C
Pdap1-C,Sppl3-C
Pdap1-C,Cdkn1c-C
Pdap1-C,Rbm27-C
Pdap1-C,Krcc1-C
Pdap1-C,Smim15-C
Pdap1-C,Npepps-C
Pdap1-C,Ap2b1-C
Pdap1-C,Wasl-C
Pdap1-C,Ergic2-C
Pdap1-C,Psip1-C
Pdap1-C,Sntb2-C
Pdap1-C,Ccdc88a-C
Pdap1-C,Arid4a-C
Pdap1-C,Top1-C
Pdap1-C,Ildr2-C
Pdap1-C,Rdx-C
Pdap1-C,Itch-C
Pdap1-C,Golm2-C
Pdap1-C,Tmem161b-C
Pdap1-C,Tpr-C
Pdap1-C,Nkapd1-C
Pdap1-C,Cct4-C
Pdap1-C,Frg1-C
Pdap1-C,Cep57-C
Pdap1-C,Nipbl-C
Pdap1-C,Phf3-C
Pdap1-C,Enpp5-C
Pdap1-C,Fgfr1op2-C
Pdap1-C,Fhad1-C
Pdap1-C,Efhb-C
Pdap1-C,Luzp1-C
Pdap1-C,Ash1l-C
Pdap1-C,B230219D22Rik-C
Pdap1-C,Upf2-C
Pdap1-C,Rad50-C
Pdap1-C,Fxr1-C
Pdap1-C,Cep290-C
Pdap1-C,Mpp7-C
Pdap1-C,Fer-C
Pdap1-C,Cerkl-C
Pdap1-C,Kif21a-C
Pdap1-C,Phactr2-C
Pdap1-C,Ccdc186-C
Pdap1-C,Shoc2-C
Pdap1-C,Slain2-C
Fchsd2-C,Mrps18a-C
Fchsd2-C,Vangl1-C
Fchsd2-C,Erbin-C
Jmjd4-C,Btg1-C
Jmjd4-C,Atp5mg-C
Rock1-C,Zbtb7a-C
Rock1-C,Eea1-C
Rock1-C,Snrnp48-C
Rock1-C,Rora-C
Rock1-C,Smc6-C
Rock1-C,Ylpm1-C
Rock1-C,Sppl3-C
Rock1-C,Cdkn1c-C
Rock1-C,Rbm27-C
Rock1-C,Krcc1-C
Rock1-C,Wrn-C
Rock1-C,Npepps-C
Rock1-C,Plcb4-C
Rock1-C,Ap2b1-C
Rock1-C,Nol8-C
Rock1-C,Wasl-C
Rock1-C,Ergic2-C
Rock1-C,Psip1-C
Rock1-C,Iqgap2-C
Rock1-C,Ccdc88a-C
Rock1-C,Arid4a-C
Rock1-C,Top1-C
Rock1-C,Dstn-C
Rock1-C,Ildr2-C
Rock1-C,Rdx-C
Rock1-C,Golm2-C
Rock1-C,Tmem161b-C
Rock1-C,Tpr-C
Rock1-C,Ptges2-C
Rock1-C,Vps13b-C
Rock1-C,Ikzf5-C
Rock1-C,Nkapd1-C
Rock1-C,Evi5-C
Rock1-C,Cct4-C
Rock1-C,Frg1-C
Rock1-C,Clpp-C
Rock1-C,Nipbl-C
Rock1-C,Phf3-C
Rock1-C,Enpp5-C
Rock1-C,Fgfr1op2-C
Rock1-C,Fhad1-C
Rock1-C,Efhb-C
Rock1-C,Luzp1-C
Rock1-C,Ash1l-C
Rock1-C,Qser1-C
Rock1-C,B230219D22Rik-C
Rock1-C,Rad50-C
Rock1-C,Fxr1-C
Rock1-C,Pten-C
Rock1-C,Rif1-C
Rock1-C,Mansc4-C
Rock1-C,Cep290-C
Rock1-C,Kif21a-C
Rock1-C,Phactr2-C
Rock1-C,Smarca5-C
Rock1-C,Gtpbp4-C
Rock1-C,Ccdc186-C
Rock1-C,Dynll1-C
Rock1-C,Ccar1-C
Rock1-C,Shoc2-C
Rock1-C,Slain2-C
Suz12-C,Ylpm1-C
Suz12-C,Zfp322a-C
Suz12-C,Limch1-C
Suz12-C,Lrrc8a-C
Suz12-C,Dstn-C
Suz12-C,Kpna4-C
Suz12-C,Csnk1a1-C
Suz12-C,Nsg2-C
Suz12-C,Zic2-C
Suz12-C,Kpna3-C
Suz12-C,Ube2q2-C
Suz12-C,Shoc2-C
Topbp1-C,4933439K11Rik-C
Klf3-C,Ap2b1-C
Klf3-C,Gsk3b-C
Klf3-C,Iqgap2-C
Klf3-C,Eif3g-C
Klf3-C,4632415L05Rik-C
Klf3-C,Pbx1-C
Klf3-C,Synm-C
Klf3-C,Secisbp2l-C
Klf3-C,Fer-C
Cbarp-C,Apc2-C
Cbarp-C,Sulf2-C
Tmem204-C,Tbck-C
Ubl3-C,Igfbp2-C
Ubl3-C,Adck2-C
Ubl3-C,Eef1a1-C
Ubl3-C,Psmd3-C
Ubl3-C,Ganab-C
Ubl3-C,Dync1h1-C
Cep41-C,Eef1a1-C
Cep41-C,Wbp4-C
Cep41-C,Nsmf-C
Gdpd3-C,Ccdc33-C
Emc10-C,Iqgap2-C
Emc10-C,Eif3g-C
Emc10-C,Pbx1-C
Emc10-C,Nipbl-C
Emc10-C,Fgfr1op2-C
Emc10-C,Dnajc13-C
Zbtb7a-C,Eea1-C
Zbtb7a-C,Smc6-C
Zbtb7a-C,Cdkn1c-C
Zbtb7a-C,Rbm27-C
Zbtb7a-C,Sec62-C
Zbtb7a-C,Nfyb-C
Zbtb7a-C,Npepps-C
Zbtb7a-C,Wasl-C
Zbtb7a-C,Ergic2-C
Zbtb7a-C,Psip1-C
Zbtb7a-C,Iqgap2-C
Zbtb7a-C,Ccdc88a-C
Zbtb7a-C,Top1-C
Zbtb7a-C,Rdx-C
Zbtb7a-C,Tpr-C
Zbtb7a-C,Nkapd1-C
Zbtb7a-C,Cep57-C
Zbtb7a-C,Nipbl-C
Zbtb7a-C,Brd4-C
Zbtb7a-C,Phf3-C
Zbtb7a-C,Enpp5-C
Zbtb7a-C,Hip1-C
Zbtb7a-C,Fhad1-C
Zbtb7a-C,Luzp1-C
Zbtb7a-C,Ash1l-C
Zbtb7a-C,Upf2-C
Zbtb7a-C,Rad50-C
Zbtb7a-C,Gxylt1-C
Zbtb7a-C,Cep290-C
Zbtb7a-C,Fer-C
Zbtb7a-C,Kif21a-C
Zbtb7a-C,Map3k5-C
Zbtb7a-C,Gtpbp4-C
Zbtb7a-C,Ccdc186-C
Nup214-C,Nprl2-C
Maco1-C,Gm25517-C
Rplp1-C,Pbx1-C
Rplp1-C,Ildr2-C
Rplp1-C,Vps13b-C
Rplp1-C,Secisbp2l-C
Rplp1-C,Phf3-C
Eea1-C,Smc6-C
Eea1-C,Ylpm1-C
Eea1-C,Cdkn1c-C
Eea1-C,Rbm27-C
Eea1-C,Npepps-C
Eea1-C,Plcb4-C
Eea1-C,Wasl-C
Eea1-C,1700125H03Rik-C
Eea1-C,Ergic2-C
Eea1-C,Psip1-C
Eea1-C,Sntb2-C
Eea1-C,Ccdc88a-C
Eea1-C,Irak1bp1-C
Eea1-C,Arid4a-C
Eea1-C,Top1-C
Eea1-C,Dstn-C
Eea1-C,Ube2m-C
Eea1-C,Rdx-C
Eea1-C,Nkapd1-C
Eea1-C,Frg1-C
Eea1-C,Clpp-C
Eea1-C,Nipbl-C
Eea1-C,Brd4-C
Eea1-C,Phf3-C
Eea1-C,Enpp5-C
Eea1-C,Fgfr1op2-C
Eea1-C,Fhad1-C
Eea1-C,Baz1b-C
Eea1-C,Luzp1-C
Eea1-C,Ash1l-C
Eea1-C,Dhx36-C
Eea1-C,Qser1-C
Eea1-C,B230219D22Rik-C
Eea1-C,Rad50-C
Eea1-C,Camk1d-C
Eea1-C,Fxr1-C
Eea1-C,Sin3a-C
Eea1-C,Rif1-C
Eea1-C,Mansc4-C
Eea1-C,Cep290-C
Eea1-C,Setbp1-C
Eea1-C,Fer-C
Eea1-C,Kif21a-C
Eea1-C,Phactr2-C
Eea1-C,Smarca5-C
Eea1-C,Gtpbp4-C
Eea1-C,Ccdc186-C
Eea1-C,Shoc2-C
Eea1-C,Slain2-C
Actr3-C,Slc25a16-C
Acacb-C,Igfbp2-C
Acacb-C,Gpaa1-C
Acacb-C,Eef1a1-C
Acacb-C,Mfge8-C
Acacb-C,Tkt-C
Acacb-C,Csnk1a1-C
Acacb-C,Tulp4-C
Acacb-C,Gm5141-C
Acacb-C,Sh3bgrl-C
Acacb-C,Ramac-C
Acacb-C,Slc22a17-C
Acacb-C,Ilvbl-C
Acacb-C,Fcho2-C
Acacb-C,Smarca5-C
Acacb-C,Fam98b-C
Snrnp48-C,Zfp322a-C
Snrnp48-C,Wasl-C
Snrnp48-C,Lrrc8a-C
Snrnp48-C,Ccdc88a-C
Snrnp48-C,Arid4a-C
Snrnp48-C,Rpl37-C
Snrnp48-C,Tpr-C
Snrnp48-C,Cxxc4-C
Snrnp48-C,Baz1b-C
Snrnp48-C,Smc4-C
Snrnp48-C,B230219D22Rik-C
Zfp358-C,Hk1-C
Zfp358-C,9530026P05Rik-C
Zfp358-C,Fcho2-C
Zfp358-C,Ehd1-C
Btg1-C,Tppp3-C
Rora-C,Rbm27-C
Rora-C,Wapl-C
Rora-C,Gpaa1-C
Rora-C,4921504A21Rik-C
Rora-C,Plcb4-C
Rora-C,Gsk3b-C
Rora-C,Arid4a-C
Rora-C,Tmem161b-C
Rora-C,Tulp4-C
Rora-C,Sh3bgrl-C
Rora-C,Nipbl-C
Rora-C,Phf3-C
Rora-C,Fgfr1op2-C
Rora-C,Baz1b-C
Rora-C,Luzp1-C
Rora-C,Smc4-C
Rora-C,Pcmtd1-C
Rora-C,Mafg-C
Rora-C,B230219D22Rik-C
Rora-C,Rad50-C
Rora-C,Dlg4-C
Rora-C,Ubc-C
Rora-C,Pja2-C
Rora-C,Zfp1007-C
Rora-C,Sytl2-C
Rora-C,Kif21a-C
Rora-C,Phactr2-C
Rora-C,Fcho2-C
Rora-C,Smarca5-C
Rora-C,Ccdc186-C
Rora-C,Ehd1-C
Igfbp2-C,Adam15-C
Igfbp2-C,Gpaa1-C
Igfbp2-C,Mfge8-C
Igfbp2-C,Tkt-C
Igfbp2-C,Psmd3-C
Igfbp2-C,Tulp4-C
Igfbp2-C,Pcmtd1-C
Igfbp2-C,Ilvbl-C
Igfbp2-C,Ubc-C
Igfbp2-C,Ganab-C
Igfbp2-C,Rgs7-C
Igfbp2-C,Fcho2-C
Igfbp2-C,Smarca5-C
Igfbp2-C,Ehd1-C
Uros-C,Ofd1-C
Uros-C,Gm1976-C
Smc6-C,Ylpm1-C
Smc6-C,Ccdc148-C
Smc6-C,Sppl3-C
Smc6-C,Cdkn1c-C
Smc6-C,Krcc1-C
Smc6-C,Nfyb-C
Smc6-C,4921504A21Rik-C
Smc6-C,Npepps-C
Smc6-C,Ap2b1-C
Smc6-C,Wasl-C
Smc6-C,Ergic2-C
Smc6-C,Psip1-C
Smc6-C,Sntb2-C
Smc6-C,Ccdc88a-C
Smc6-C,Pi4ka-C
Smc6-C,Arid4a-C
Smc6-C,Top1-C
Smc6-C,Rdx-C
Smc6-C,Golm2-C
Smc6-C,Tpr-C
Smc6-C,Nkapd1-C
Smc6-C,Frg1-C
Smc6-C,Nipbl-C
Smc6-C,Brd4-C
Smc6-C,Phf3-C
Smc6-C,Enpp5-C
Smc6-C,Fgfr1op2-C
Smc6-C,Fhad1-C
Smc6-C,Luzp1-C
Smc6-C,Ash1l-C
Smc6-C,Dhx36-C
Smc6-C,Lrp6-C
Smc6-C,Qser1-C
Smc6-C,B230219D22Rik-C
Smc6-C,Rad50-C
Smc6-C,Camk1d-C
Smc6-C,Fxr1-C
Smc6-C,Mansc4-C
Smc6-C,Cep290-C
Smc6-C,Fer-C
Smc6-C,Kif21a-C
Smc6-C,Phactr2-C
Smc6-C,Ccdc186-C
Smc6-C,Shoc2-C
Zfp78-C,Smim15-C
Ylpm1-C,Cdkn1c-C
Ylpm1-C,Rbm27-C
Ylpm1-C,Krcc1-C
Ylpm1-C,Smim15-C
Ylpm1-C,Npepps-C
Ylpm1-C,Plcb4-C
Ylpm1-C,Wasl-C
Ylpm1-C,Ergic2-C
Ylpm1-C,5730455P16Rik-C
Ylpm1-C,Sntb2-C
Ylpm1-C,Shb-C
Ylpm1-C,Ccdc88a-C
Ylpm1-C,Arid4a-C
Ylpm1-C,Top1-C
Ylpm1-C,Dstn-C
Ylpm1-C,Rdx-C
Ylpm1-C,Golm2-C
Ylpm1-C,Tmem161b-C
Ylpm1-C,Tpr-C
Ylpm1-C,Wbp4-C
Ylpm1-C,Ikzf5-C
Ylpm1-C,Nkapd1-C
Ylpm1-C,Cct4-C
Ylpm1-C,Frg1-C
Ylpm1-C,Clpp-C
Ylpm1-C,Nipbl-C
Ylpm1-C,Phf3-C
Ylpm1-C,Fgfr1op2-C
Ylpm1-C,Fhad1-C
Ylpm1-C,Zic2-C
Ylpm1-C,Baz1b-C
Ylpm1-C,Luzp1-C
Ylpm1-C,Ash1l-C
Ylpm1-C,Mafg-C
Ylpm1-C,B230219D22Rik-C
Ylpm1-C,Rad50-C
Ylpm1-C,Fxr1-C
Ylpm1-C,Pten-C
Ylpm1-C,Rif1-C
Ylpm1-C,Mansc4-C
Ylpm1-C,Cep290-C
Ylpm1-C,Pja2-C
Ylpm1-C,Kpna3-C
Ylpm1-C,Fer-C
Ylpm1-C,Kif21a-C
Ylpm1-C,Phactr2-C
Ylpm1-C,Smarca5-C
Ylpm1-C,Shoc2-C
Ylpm1-C,Slain2-C
Srebf2-C,Gpaa1-C
Srebf2-C,Ola1-C
Srebf2-C,Ilvbl-C
Pdss1-C,Pla2g3-C
Ccdc148-C,4921504A21Rik-C
Ccdc148-C,Plcb4-C
Ccdc148-C,Stk26-C
Ccdc148-C,Psip1-C
Ccdc148-C,Dstn-C
Ccdc148-C,Ildr2-C
Ccdc148-C,Rdx-C
Ccdc148-C,Golm2-C
Ccdc148-C,Vps13b-C
Ccdc148-C,Frg1-C
Ccdc148-C,Myof-C
Ccdc148-C,Phf3-C
Ccdc148-C,Lrp6-C
Ccdc148-C,Cep290-C
Ccdc148-C,Cntn1-C
Slc2a2-C,Rhob-C
Slc2a2-C,Sh3bgrl-C
Slc2a2-C,B230219D22Rik-C
Slc2a2-C,Pja2-C
Fndc3a-C,Ccdc88a-C
Fndc3a-C,Wbp4-C
Fndc3a-C,B230219D22Rik-C
Fndc3a-C,Ccdc186-C
Sppl3-C,Wasl-C
Sppl3-C,Hsdl2-C
Sppl3-C,Tpr-C
Sppl3-C,Ptges2-C
Sppl3-C,Ash1l-C
Sppl3-C,Kif21a-C
Sppl3-C,Smarca5-C
4930556M19Rik-C,Ctsc-C
4930556M19Rik-C,Csnk1a1-C
4930556M19Rik-C,Sh3bgrl-C
4930556M19Rik-C,Slc22a17-C
4930556M19Rik-C,Nsg2-C
4930556M19Rik-C,B230219D22Rik-C
4930556M19Rik-C,Shoc2-C
Cdkn1c-C,Krcc1-C
Cdkn1c-C,Ap3b1-C
Cdkn1c-C,Wasl-C
Cdkn1c-C,Ergic2-C
Cdkn1c-C,Psip1-C
Cdkn1c-C,Arid4a-C
Cdkn1c-C,Top1-C
Cdkn1c-C,Rdx-C
Cdkn1c-C,Golm2-C
Cdkn1c-C,Tpr-C
Cdkn1c-C,Nkapd1-C
Cdkn1c-C,Cct4-C
Cdkn1c-C,Frg1-C
Cdkn1c-C,Nipbl-C
Cdkn1c-C,Enpp5-C
Cdkn1c-C,Fhad1-C
Cdkn1c-C,Efhb-C
Cdkn1c-C,Baz1b-C
Cdkn1c-C,Ash1l-C
Cdkn1c-C,B230219D22Rik-C
Cdkn1c-C,Rad50-C
Cdkn1c-C,Slc25a20-C
Cdkn1c-C,Cep290-C
Cdkn1c-C,Kif21a-C
Cdkn1c-C,Phactr2-C
Cdkn1c-C,Gtpbp4-C
Cdkn1c-C,Ccdc186-C
Cdkn1c-C,Slain2-C
Gm20052-C,Pebp4-C
Prpf6-C,Sec62-C
Prpf6-C,Brd4-C
Prpf6-C,Slc35a3-C
Gm43568-C,Ifi30-C
Cd47-C,Mfge8-C
Cd47-C,Cdc14a-C
Cd47-C,Ptk2b-C
Nicol1-C,Gprc5c-C
Nicol1-C,Txnrd2-C
Nicol1-C,Meaf6-C
Rbm27-C,Wapl-C
Rbm27-C,4921504A21Rik-C
Rbm27-C,Npepps-C
Rbm27-C,Plcb4-C
Rbm27-C,Ap2b1-C
Rbm27-C,Wasl-C
Rbm27-C,Ergic2-C
Rbm27-C,Psip1-C
Rbm27-C,Iqgap2-C
Rbm27-C,Sntb2-C
Rbm27-C,Ccdc88a-C
Rbm27-C,Arid4a-C
Rbm27-C,Top1-C
Rbm27-C,Ildr2-C
Rbm27-C,Rdx-C
Rbm27-C,Golm2-C
Rbm27-C,Tpr-C
Rbm27-C,Wbp4-C
Rbm27-C,Nkapd1-C
Rbm27-C,Evi5-C
Rbm27-C,Frg1-C
Rbm27-C,Clpp-C
Rbm27-C,Nipbl-C
Rbm27-C,Brd4-C
Rbm27-C,Phf3-C
Rbm27-C,Fgfr1op2-C
Rbm27-C,Fhad1-C
Rbm27-C,Baz1b-C
Rbm27-C,Ash1l-C
Rbm27-C,Lrp6-C
Rbm27-C,B230219D22Rik-C
Rbm27-C,Rad50-C
Rbm27-C,Sin3a-C
Rbm27-C,Rif1-C
Rbm27-C,Cep290-C
Rbm27-C,Kif21a-C
Rbm27-C,Phactr2-C
Rbm27-C,Smarca5-C
Rbm27-C,Ccdc186-C
Ruvbl1-C,Shfl-C
Gm6548-C,Dbndd1-C
Sesn3-C,Mtpn-C
Sesn3-C,Tada1-C
Sesn3-C,Pfn1-C
Mrps18a-C,Pbx1-C
Adam15-C,Wapl-C
Adam15-C,Adck2-C
Adam15-C,Mfge8-C
Adam15-C,Rhob-C
Adam15-C,Psmd3-C
Adam15-C,Evi5-C
Adam15-C,Slc22a17-C
Adam15-C,Smc4-C
Adam15-C,Ilvbl-C
Adam15-C,Ubc-C
Adam15-C,Ehd1-C
Adam15-C,Mef2a-C
Ints10-C,1700018L02Rik-C
0610040J01Rik-C,Plekhn1-C
Ctsc-C,Smim15-C
Ctsc-C,Frg1-C
Ctsc-C,Stag2-C
Ctsc-C,Tagln2-C
Krcc1-C,Smim15-C
Krcc1-C,Npepps-C
Krcc1-C,Ap2b1-C
Krcc1-C,Nol8-C
Krcc1-C,Wasl-C
Krcc1-C,Ergic2-C
Krcc1-C,Psip1-C
Krcc1-C,Sntb2-C
Krcc1-C,Arid4a-C
Krcc1-C,Top1-C
Krcc1-C,Dstn-C
Krcc1-C,Rdx-C
Krcc1-C,Golm2-C
Krcc1-C,Tmem161b-C
Krcc1-C,Tpr-C
Krcc1-C,Nkapd1-C
Krcc1-C,Cct4-C
Krcc1-C,Frg1-C
Krcc1-C,Nipbl-C
Krcc1-C,Fgfr1op2-C
Krcc1-C,Fhad1-C
Krcc1-C,Efhb-C
Krcc1-C,Baz1b-C
Krcc1-C,Ash1l-C
Krcc1-C,B230219D22Rik-C
Krcc1-C,Upf2-C
Krcc1-C,Rad50-C
Krcc1-C,Fgl2-C
Krcc1-C,Rif1-C
Krcc1-C,Cep290-C
Krcc1-C,Fer-C
Krcc1-C,Kif21a-C
Krcc1-C,Phactr2-C
Krcc1-C,Gtpbp4-C
Krcc1-C,Slain2-C
Rbm20-C,Ptger1-C
Wapl-C,Zfp322a-C
Wapl-C,Mfge8-C
Wapl-C,Plcb4-C
Wapl-C,Sntb2-C
Wapl-C,Arid4a-C
Wapl-C,Csnk1a1-C
Wapl-C,Sh3bgrl-C
Wapl-C,Nipbl-C
Wapl-C,Fgfr1op2-C
Wapl-C,Nsg2-C
Wapl-C,9530026P05Rik-C
Wapl-C,Mafg-C
Wapl-C,Npat-C
Wapl-C,Dlg4-C
Wapl-C,Ubc-C
Wapl-C,Zfp1007-C
Wapl-C,Sytl2-C
Wapl-C,Fcho2-C
Wapl-C,Smarca5-C
Wapl-C,Ehd1-C
Aldh9a1-C,Cldn22-C
Aldh9a1-C,Ctr9-C
Gm37219-C,Lurap1-C
Gm37219-C,Kif22-C
Casp8-C,Lrp6-C
Sec62-C,Iqgap2-C
Sec62-C,Josd1-C
Sec62-C,Lrrc8c-C
Sec62-C,Upf2-C
Sec62-C,Dynll1-C
Smim15-C,Ap2b1-C
Smim15-C,Ergic2-C
Smim15-C,Shb-C
Smim15-C,Dstn-C
Smim15-C,Golm2-C
Smim15-C,Tmem161b-C
Smim15-C,Fhad1-C
Smim15-C,Ash1l-C
Smim15-C,B230219D22Rik-C
Smim15-C,Camk1d-C
Smim15-C,Tagln2-C
Smim15-C,Phactr2-C
Smim15-C,Slain2-C
Aox3-C,Bhlhe41-C
Aox3-C,Pbx1-C
Eif3h-C,Mfge8-C
Eif3h-C,Gnas-C
Eif3h-C,Slc25a16-C
Eif3h-C,Tulp4-C
Eif3h-C,Ahcyl2-C
Eif3h-C,Psmg3-C
Eif3h-C,Dcaf12l1-C
Eif3h-C,Dync1h1-C
Eif3h-C,Stxbp4-C
Mx2-C,Cul7-C
Mx2-C,Trabd-C
Mx2-C,Ndufaf1-C
Gm37204-C,Frg1-C
Gm37204-C,Ralgapa2-C
Gm37204-C,Mpp7-C
Ifih1-C,Eeig1-C
Nfyb-C,Smim10l1-C
Nfyb-C,Net1-C
Nfyb-C,Irak1bp1-C
Nfyb-C,Fhad1-C
Nfyb-C,Shoc2-C
Prxl2c-C,A430108G06Rik-C
Smim10l1-C,Gtpbp4-C
Smim10l1-C,Ccar1-C
Smim10l1-C,Gsta4-C
Apc2-C,Ralgapa2-C
Heatr3-C,Mfge8-C
Heatr3-C,Hk1-C
Adck2-C,Eef1a1-C
Adck2-C,Suclg2-C
Adck2-C,Tnfrsf1b-C
Gpaa1-C,Mfge8-C
Gpaa1-C,Gprc5c-C
Gpaa1-C,Sh3bgrl-C
Gpaa1-C,Slc22a17-C
Gpaa1-C,Ubc-C
Gpaa1-C,Ganab-C
4921504A21Rik-C,Npepps-C
4921504A21Rik-C,Iqgap2-C
4921504A21Rik-C,Pi4ka-C
4921504A21Rik-C,Pbx1-C
4921504A21Rik-C,Dstn-C
4921504A21Rik-C,Ildr2-C
4921504A21Rik-C,Itch-C
4921504A21Rik-C,Golm2-C
4921504A21Rik-C,Vps13b-C
4921504A21Rik-C,Nkapd1-C
4921504A21Rik-C,Frg1-C
4921504A21Rik-C,Nipbl-C
4921504A21Rik-C,Fhad1-C
4921504A21Rik-C,Ash1l-C
4921504A21Rik-C,Mafg-C
4921504A21Rik-C,Lrp6-C
4921504A21Rik-C,Rad50-C
4921504A21Rik-C,Fxr1-C
4921504A21Rik-C,Sin3a-C
4921504A21Rik-C,Cep290-C
4921504A21Rik-C,Stag2-C
4921504A21Rik-C,Ube2q2-C
4921504A21Rik-C,Phactr2-C
4921504A21Rik-C,Smarca5-C
4921504A21Rik-C,Ccdc186-C
Gpr4-C,Afg3l1-C
Npepps-C,Plcb4-C
Npepps-C,Ap2b1-C
Npepps-C,Nol8-C
Npepps-C,Adprh-C
Npepps-C,Wasl-C
Npepps-C,Ergic2-C
Npepps-C,Sntb2-C
Npepps-C,Ccdc88a-C
Npepps-C,Arid4a-C
Npepps-C,Top1-C
Npepps-C,Dstn-C
Npepps-C,Ildr2-C
Npepps-C,Rdx-C
Npepps-C,Golm2-C
Npepps-C,Tmem161b-C
Npepps-C,Tpr-C
Npepps-C,Nkapd1-C
Npepps-C,Frg1-C
Npepps-C,Clpp-C
Npepps-C,Nipbl-C
Npepps-C,Fgfr1op2-C
Npepps-C,Fhad1-C
Npepps-C,Zic2-C
Npepps-C,Baz1b-C
Npepps-C,Luzp1-C
Npepps-C,Ash1l-C
Npepps-C,Dhx36-C
Npepps-C,B230219D22Rik-C
Npepps-C,Rad50-C
Npepps-C,Fxr1-C
Npepps-C,Rif1-C
Npepps-C,Mansc4-C
Npepps-C,Cep290-C
Npepps-C,Mpp7-C
Npepps-C,Fer-C
Npepps-C,Stag2-C
Npepps-C,Kif21a-C
Npepps-C,Ube2q2-C
Npepps-C,Phactr2-C
Npepps-C,Ccdc186-C
Npepps-C,Shoc2-C
Npepps-C,Slain2-C
Eef1a1-C,Mfge8-C
Eef1a1-C,Hk1-C
Eef1a1-C,Psmd3-C
Eef1a1-C,Suclg2-C
Eef1a1-C,Tulp4-C
Eef1a1-C,Ubc-C
Eef1a1-C,Sytl2-C
Eef1a1-C,Tm9sf3-C
Rmnd5b-C,Tppp3-C
Rmnd5b-C,Tbc1d2-C
Pqbp1-C,Lrrc8c-C
Capn15-C,Gm43360-C
Capn15-C,G2e3-C
Zfp322a-C,Limch1-C
Zfp322a-C,Csnk1a1-C
Zfp322a-C,Smc4-C
Zfp322a-C,Ubc-C
Zfp322a-C,Mpp7-C
Mfge8-C,Hk1-C
Mfge8-C,Tkt-C
Mfge8-C,Psmd3-C
Mfge8-C,Atp6v1f-C
Mfge8-C,Ahcyl2-C
Mfge8-C,Ramac-C
Mfge8-C,Ilvbl-C
Mfge8-C,Dcaf12l1-C
Mfge8-C,Ubc-C
Mfge8-C,Ganab-C
Mfge8-C,Dync1h1-C
Mfge8-C,Fcho2-C
Mfge8-C,Acbd4-C
Mfge8-C,Spata13-C
Hk1-C,Tkt-C
Hk1-C,Psmd3-C
Hk1-C,Gpr162-C
Hk1-C,Ptk2b-C
Hk1-C,Fcho2-C
Hk1-C,Acbd4-C
Plcb4-C,Wasl-C
Plcb4-C,Ergic2-C
Plcb4-C,Iqgap2-C
Plcb4-C,Sntb2-C
Plcb4-C,Ccdc88a-C
Plcb4-C,Arid4a-C
Plcb4-C,Dstn-C
Plcb4-C,Rdx-C
Plcb4-C,Vps13b-C
Plcb4-C,Secisbp2l-C
Plcb4-C,Nkapd1-C
Plcb4-C,Clpp-C
Plcb4-C,Nipbl-C
Plcb4-C,Fgfr1op2-C
Plcb4-C,Luzp1-C
Plcb4-C,9530026P05Rik-C
Plcb4-C,Ash1l-C
Plcb4-C,Dhx36-C
Plcb4-C,B230219D22Rik-C
Plcb4-C,Rad50-C
Plcb4-C,Fxr1-C
Plcb4-C,Rif1-C
Plcb4-C,Phactr2-C
Plcb4-C,Smarca5-C
Plcb4-C,Ccdc186-C
Drc3-C,Emc3-C
Limch1-C,Asb8-C
Limch1-C,Csnk1a1-C
Limch1-C,Evi5-C
Limch1-C,Fgfr1op2-C
Limch1-C,Smc4-C
Limch1-C,9530026P05Rik-C
Limch1-C,Mpp7-C
Limch1-C,Kpna3-C
Col5a3-C,Faap24-C
Ap2b1-C,Stk26-C
Ap2b1-C,Iqgap2-C
Ap2b1-C,Eif3g-C
Ap2b1-C,Sntb2-C
Ap2b1-C,Ccdc88a-C
Ap2b1-C,Arid4a-C
Ap2b1-C,Pbx1-C
Ap2b1-C,Dstn-C
Ap2b1-C,Ildr2-C
Ap2b1-C,Synm-C
Ap2b1-C,Tpr-C
Ap2b1-C,Nkapd1-C
Ap2b1-C,Frg1-C
Ap2b1-C,Nipbl-C
Ap2b1-C,Phf3-C
Ap2b1-C,Fhad1-C
Ap2b1-C,Baz1b-C
Ap2b1-C,Ash1l-C
Ap2b1-C,Lrp6-C
Ap2b1-C,Rad50-C
Ap2b1-C,Rif1-C
Ap2b1-C,Cep290-C
Ap2b1-C,Fer-C
Ap2b1-C,Kif21a-C
Ap2b1-C,Phactr2-C
Ap2b1-C,Slain2-C
C130089K02Rik-C,Gm4017-C
Cables2-C,Hcn3-C
Tceanc-C,Psmd3-C
Nol8-C,Ergic2-C
Nol8-C,Rdx-C
Nol8-C,Cct4-C
Nol8-C,Clpp-C
Nol8-C,Cep57-C
Nol8-C,Nipbl-C
Nol8-C,Baz1b-C
Nol8-C,9530026P05Rik-C
Nol8-C,Ralgapa2-C
Nol8-C,Dhx36-C
Nol8-C,Fxr1-C
Nol8-C,Gxylt1-C
Nol8-C,Mansc4-C
Nol8-C,Mpp7-C
Nol8-C,Ccdc186-C
Ap3b1-C,Rpl37-C
Ap3b1-C,Tulp4-C
Ap3b1-C,Wbp4-C
Ap3b1-C,Setx-C
Ap3b1-C,Phf3-C
Ap3b1-C,Pcmtd1-C
Ap3b1-C,Mafg-C
Ap3b1-C,B230219D22Rik-C
Ap3b1-C,Setbp1-C
Ap3b1-C,Vps36-C
Pdcd4-C,Gnas-C
Pdcd4-C,Evi5-C
Pdcd4-C,Jph1-C
Pdcd4-C,Brd4-C
Pdcd4-C,Dlgap4-C
Adprh-C,Bcat1-C
Adprh-C,Mafg-C
Adprh-C,Cnih2-C
Dipk1a-C,Sema6a-C
Wasl-C,Ergic2-C
Wasl-C,Psip1-C
Wasl-C,Ccdc88a-C
Wasl-C,Arid4a-C
Wasl-C,Top1-C
Wasl-C,Itch-C
Wasl-C,Golm2-C
Wasl-C,Tpr-C
Wasl-C,Wbp4-C
Wasl-C,Snora35-C
Wasl-C,Nkapd1-C
Wasl-C,Evi5-C
Wasl-C,Frg1-C
Wasl-C,Clpp-C
Wasl-C,Nipbl-C
Wasl-C,Phf3-C
Wasl-C,Slc22a17-C
Wasl-C,Enpp5-C
Wasl-C,Fgfr1op2-C
Wasl-C,Fhad1-C
Wasl-C,Efhb-C
Wasl-C,Luzp1-C
Wasl-C,Ash1l-C
Wasl-C,Pcmtd1-C
Wasl-C,Mafg-C
Wasl-C,Qser1-C
Wasl-C,B230219D22Rik-C
Wasl-C,Rad50-C
Wasl-C,Fxr1-C
Wasl-C,Rif1-C
Wasl-C,Mansc4-C
Wasl-C,Cep290-C
Wasl-C,Setbp1-C
Wasl-C,Pja2-C
Wasl-C,Fer-C
Wasl-C,Kif21a-C
Wasl-C,Phactr2-C
Wasl-C,Smarca5-C
Wasl-C,Gtpbp4-C
Wasl-C,Ccdc186-C
Wasl-C,Sufu-C
Wasl-C,Shoc2-C
Wasl-C,Vps36-C
Gsk3b-C,Tmem161b-C
Gsk3b-C,Tulp4-C
Gsk3b-C,Wbp4-C
Gsk3b-C,Phf3-C
Gsk3b-C,Hip1-C
Gsk3b-C,Luzp1-C
Gsk3b-C,Pcmtd1-C
Gsk3b-C,Mafg-C
Gsk3b-C,B230219D22Rik-C
Gsk3b-C,Pja2-C
Gsk3b-C,Fer-C
Gsk3b-C,Fcho2-C
Gsk3b-C,Smarca5-C
Gsk3b-C,Ccdc186-C
Gsk3b-C,Ehd1-C
Gm9920-C,Col8a1-C
Gm9920-C,Mef2a-C
Sp4-C,Mansc4-C
Gstm6-C,Strada-C
Dok1-C,Shfl-C
1700125H03Rik-C,Mansc4-C
1700125H03Rik-C,Cerkl-C
1700125H03Rik-C,Kif21a-C
D630036H23Rik-C,A430108G06Rik-C
D630036H23Rik-C,Tm9sf3-C
Rwdd3-C,Gm43360-C
Stk26-C,Sh3bgrl-C
Pomgnt1-C,Opa1-C
Pomgnt1-C,Suclg2-C
Ergic2-C,Psip1-C
Ergic2-C,Sntb2-C
Ergic2-C,Ccdc88a-C
Ergic2-C,Irak1bp1-C
Ergic2-C,Arid4a-C
Ergic2-C,Top1-C
Ergic2-C,Dstn-C
Ergic2-C,Rdx-C
Ergic2-C,Itch-C
Ergic2-C,Golm2-C
Ergic2-C,Tmem161b-C
Ergic2-C,Tpr-C
Ergic2-C,Nkapd1-C
Ergic2-C,Frg1-C
Ergic2-C,Clpp-C
Ergic2-C,Nipbl-C
Ergic2-C,Phf3-C
Ergic2-C,Enpp5-C
Ergic2-C,Fgfr1op2-C
Ergic2-C,Fhad1-C
Ergic2-C,Efhb-C
Ergic2-C,Baz1b-C
Ergic2-C,Luzp1-C
Ergic2-C,Ash1l-C
Ergic2-C,Qser1-C
Ergic2-C,B230219D22Rik-C
Ergic2-C,Rad50-C
Ergic2-C,Camk1d-C
Ergic2-C,Fxr1-C
Ergic2-C,Rif1-C
Ergic2-C,Mansc4-C
Ergic2-C,Cep290-C
Ergic2-C,Mpp7-C
Ergic2-C,Fer-C
Ergic2-C,Kif21a-C
Ergic2-C,Phactr2-C
Ergic2-C,Gtpbp4-C
Ergic2-C,Ccdc186-C
Ergic2-C,Ccar1-C
Ergic2-C,Slain2-C
Rhob-C,Setx-C
Rhob-C,Dlg4-C
Rhob-C,Ubc-C
Rhob-C,Zfp1007-C
Dbpht2-C,Fam98b-C
5730455P16Rik-C,Phf3-C
5730455P16Rik-C,Ash1l-C
5730455P16Rik-C,Mansc4-C
5730455P16Rik-C,Fer-C
Tkt-C,Psmd3-C
Tkt-C,Opa1-C
Tkt-C,Atp6v1f-C
Tkt-C,Ilvbl-C
Tkt-C,Mtrex-C
Tkt-C,Ganab-C
Tkt-C,Rad54l2-C
Bhlhe41-C,4933439K11Rik-C
Zhx1-C,Dstn-C
Zhx1-C,Vps13b-C
Hsdl2-C,Sema3g-C
Psmd3-C,Opa1-C
Psmd3-C,Atp6v1f-C
Psmd3-C,Dcaf12l1-C
Psmd3-C,Ptk2b-C
Psmd3-C,Ubc-C
Psmd3-C,Erbin-C
Psmd3-C,Ganab-C
Psmd3-C,Acbd4-C
Magix-C,Gsta4-C
Opa1-C,Zfp768-C
Opa1-C,Tnfrsf1b-C
Opa1-C,Ap3s2-C
Opa1-C,Crygn-C
Gprc5c-C,Atp6v1f-C
Gprc5c-C,Stxbp4-C
Gprc5c-C,Cnnm4-C
Psip1-C,Ccdc88a-C
Psip1-C,Pi4ka-C
Psip1-C,Arid4a-C
Psip1-C,Top1-C
Psip1-C,Ildr2-C
Psip1-C,Rdx-C
Psip1-C,Tpr-C
Psip1-C,Nkapd1-C
Psip1-C,Frg1-C
Psip1-C,Nipbl-C
Psip1-C,Brd4-C
Psip1-C,Phf3-C
Psip1-C,Enpp5-C
Psip1-C,Fgfr1op2-C
Psip1-C,Fhad1-C
Psip1-C,Efhb-C
Psip1-C,Luzp1-C
Psip1-C,Ash1l-C
Psip1-C,Qser1-C
Psip1-C,Rad50-C
Psip1-C,Gxylt1-C
Psip1-C,Cep290-C
Psip1-C,Setbp1-C
Psip1-C,Fer-C
Psip1-C,Kif21a-C
Psip1-C,Gtpbp4-C
Psip1-C,Ccdc186-C
Zfp36l2-C,Samd14-C
Zfp36l2-C,Irak3-C
Zfp36l2-C,Ide-C
Zfp36l2-C,Dync1h1-C
Zfp36l2-C,Pfn1-C
Iqgap2-C,Eif3g-C
Iqgap2-C,Sntb2-C
Iqgap2-C,Ccdc88a-C
Iqgap2-C,Top1-C
Iqgap2-C,Pbx1-C
Iqgap2-C,Ildr2-C
Iqgap2-C,Rdx-C
Iqgap2-C,Cltb-C
Iqgap2-C,Nkapd1-C
Iqgap2-C,Frg1-C
Iqgap2-C,Nipbl-C
Iqgap2-C,Vangl1-C
Iqgap2-C,Ash1l-C
Iqgap2-C,Lrp2bp-C
Iqgap2-C,Rif1-C
Iqgap2-C,Cep290-C
Iqgap2-C,Ccdc186-C
Gnas-C,Ahcyl2-C
Ccdc33-C,Perm1-C
Eif3g-C,Top1-C
Eif3g-C,Pbx1-C
Eif3g-C,Rdx-C
Eif3g-C,Dbndd1-C
Eif3g-C,Cct4-C
Eif3g-C,Vangl1-C
Eif3g-C,Cep290-C
Lrrc8a-C,Asb8-C
Lrrc8a-C,Rpl37-C
Lrrc8a-C,Csnk1a1-C
Lrrc8a-C,Nsg2-C
Lrrc8a-C,B230219D22Rik-C
Lrrc8a-C,Pja2-C
Sntb2-C,Bcat1-C
Sntb2-C,Ccdc88a-C
Sntb2-C,Arid4a-C
Sntb2-C,Top1-C
Sntb2-C,Dstn-C
Sntb2-C,Ildr2-C
Sntb2-C,Itch-C
Sntb2-C,Golm2-C
Sntb2-C,Tpr-C
Sntb2-C,Frg1-C
Sntb2-C,Clpp-C
Sntb2-C,Nipbl-C
Sntb2-C,Phf3-C
Sntb2-C,Fgfr1op2-C
Sntb2-C,Fhad1-C
Sntb2-C,Baz1b-C
Sntb2-C,Ash1l-C
Sntb2-C,Lrp6-C
Sntb2-C,B230219D22Rik-C
Sntb2-C,Rad50-C
Sntb2-C,Rif1-C
Sntb2-C,Cep290-C
Sntb2-C,Mpp7-C
Sntb2-C,Hlf-C
Sntb2-C,Kif21a-C
Sntb2-C,Phactr2-C
Sntb2-C,Shoc2-C
Armcx2-C,Asb8-C
Alkbh6-C,Flvcr1-C
Gm25517-C,Clcn2-C
Mtpn-C,Slc25a16-C
Mtpn-C,Icam4-C
Mtpn-C,Isg15-C
Mtpn-C,Pfn1-C
Mtpn-C,Serpinb8-C
Gm43360-C,G2e3-C
Cdc14a-C,Guk1-C
Cdc14a-C,Ildr2-C
Cdc14a-C,Synm-C
Cdc14a-C,Col8a1-C
Cdc14a-C,Lrp6-C
Cdc14a-C,Arrdc4-C
Cdc14a-C,Rad54l2-C
Shb-C,B230219D22Rik-C
Bcat1-C,Mpp7-C
Tada1-C,Irak3-C
Tada1-C,Psmg3-C
Tada1-C,Tm9sf3-C
Tada1-C,Pard6a-C
Tmem229b-C,2610020C07Rik-C
Samd14-C,Gm5141-C
Samd14-C,Cnih2-C
Samd14-C,Dlg4-C
Ccdc88a-C,Pi4ka-C
Ccdc88a-C,Arid4a-C
Ccdc88a-C,Top1-C
Ccdc88a-C,Ildr2-C
Ccdc88a-C,Rdx-C
Ccdc88a-C,Golm2-C
Ccdc88a-C,Tmem161b-C
Ccdc88a-C,Tpr-C
Ccdc88a-C,Nkapd1-C
Ccdc88a-C,Frg1-C
Ccdc88a-C,Clpp-C
Ccdc88a-C,Cep57-C
Ccdc88a-C,Nipbl-C
Ccdc88a-C,Phf3-C
Ccdc88a-C,Enpp5-C
Ccdc88a-C,Fgfr1op2-C
Ccdc88a-C,Fhad1-C
Ccdc88a-C,Luzp1-C
Ccdc88a-C,Ash1l-C
Ccdc88a-C,Qser1-C
Ccdc88a-C,B230219D22Rik-C
Ccdc88a-C,Upf2-C
Ccdc88a-C,Rad50-C
Ccdc88a-C,Fxr1-C
Ccdc88a-C,Rif1-C
Ccdc88a-C,Cep290-C
Ccdc88a-C,Mpp7-C
Ccdc88a-C,Kpna3-C
Ccdc88a-C,Kif21a-C
Ccdc88a-C,Phactr2-C
Ccdc88a-C,Smarca5-C
Ccdc88a-C,Gtpbp4-C
Ccdc88a-C,Ccdc186-C
Ccdc88a-C,Ccar1-C
Pi4ka-C,Pbx1-C
Pi4ka-C,Vps13b-C
Pi4ka-C,Nipbl-C
Pi4ka-C,Phf3-C
Pi4ka-C,Ash1l-C
Pi4ka-C,Qser1-C
Pi4ka-C,Trabd-C
Pi4ka-C,Rif1-C
Pi4ka-C,Cep290-C
Pi4ka-C,Ccdc186-C
Zfp768-C,Ap3s2-C
Zfp768-C,Ptk2b-C
Zfp768-C,Ganab-C
Zfp768-C,Pfn1-C
Suclg2-C,Tm9sf3-C
Suclg2-C,Pfn1-C
Irak1bp1-C,Wbp4-C
Irak1bp1-C,Evi5-C
Irak1bp1-C,Ofd1-C
Irak1bp1-C,Pcmtd1-C
Irak1bp1-C,Dhx36-C
Irak1bp1-C,Fxr1-C
Irak1bp1-C,Cnih2-C
Irak1bp1-C,Slc25a20-C
Irak1bp1-C,Shoc2-C
Arid4a-C,Top1-C
Arid4a-C,Dstn-C
Arid4a-C,Ildr2-C
Arid4a-C,Rdx-C
Arid4a-C,Golm2-C
Arid4a-C,Tmem161b-C
Arid4a-C,Synm-C
Arid4a-C,Tpr-C
Arid4a-C,Secisbp2l-C
Arid4a-C,Frg1-C
Arid4a-C,Nipbl-C
Arid4a-C,Phf3-C
Arid4a-C,Enpp5-C
Arid4a-C,Fgfr1op2-C
Arid4a-C,Fhad1-C
Arid4a-C,Baz1b-C
Arid4a-C,Luzp1-C
Arid4a-C,Ash1l-C
Arid4a-C,Pcmtd1-C
Arid4a-C,Qser1-C
Arid4a-C,B230219D22Rik-C
Arid4a-C,Rad50-C
Arid4a-C,Fxr1-C
Arid4a-C,Pten-C
Arid4a-C,Rif1-C
Arid4a-C,Cep290-C
Arid4a-C,Pja2-C
Arid4a-C,Zfp1007-C
Arid4a-C,Fer-C
Arid4a-C,Kif21a-C
Arid4a-C,Phactr2-C
Arid4a-C,Smarca5-C
Arid4a-C,Gtpbp4-C
Arid4a-C,Ccdc186-C
Guk1-C,Jph1-C
Guk1-C,Myof-C
Guk1-C,Fcho2-C
Guk1-C,Mef2a-C
Guk1-C,Spata13-C
Ino80c-C,Zmat5-C
Slc25a16-C,Tagln2-C
Rpl37-C,Atp5me-C
Rpl37-C,Evi5-C
Rpl37-C,Imp3-C
Rpl37-C,Smc4-C
Rpl37-C,Mafg-C
Rpl37-C,Dlg4-C
Rpl37-C,Tmem184c-C
Rpl37-C,Rad54l2-C
Rpl37-C,Ppfibp1-C
Rpl37-C,Sytl2-C
Rpl37-C,Stxbp4-C
Rpl37-C,Ehd1-C
Rpl37-C,Mef2a-C
Top1-C,Ildr2-C
Top1-C,Rdx-C
Top1-C,Golm2-C
Top1-C,Tpr-C
Top1-C,Ikzf5-C
Top1-C,Nkapd1-C
Top1-C,Cct4-C
Top1-C,Frg1-C
Top1-C,Clpp-C
Top1-C,Nipbl-C
Top1-C,Brd4-C
Top1-C,Phf3-C
Top1-C,Enpp5-C
Top1-C,Fgfr1op2-C
Top1-C,Fhad1-C
Top1-C,Ash1l-C
Top1-C,Dhx36-C
Top1-C,Lrp6-C
Top1-C,Qser1-C
Top1-C,Rad50-C
Top1-C,Mansc4-C
Top1-C,Cep290-C
Top1-C,Mpp7-C
Top1-C,Fer-C
Top1-C,Phactr2-C
Top1-C,Ccdc186-C
Top1-C,Ccar1-C
Top1-C,Cntn1-C
Top1-C,Shoc2-C
Top1-C,Slain2-C
Eeig1-C,Acbd4-C
Pbx1-C,Ildr2-C
Pbx1-C,Vps13b-C
Pbx1-C,Secisbp2l-C
Pbx1-C,Ndufa8-C
Pbx1-C,Lrp6-C
Pbx1-C,Rif1-C
Pbx1-C,Cep290-C
Pbx1-C,Mia2-C
Dstn-C,Ildr2-C
Dstn-C,Itch-C
Dstn-C,Golm2-C
Dstn-C,Tmem161b-C
Dstn-C,Frg1-C
Dstn-C,Nipbl-C
Dstn-C,Fhad1-C
Dstn-C,Zic2-C
Dstn-C,Baz1b-C
Dstn-C,Ash1l-C
Dstn-C,B230219D22Rik-C
Dstn-C,Rad50-C
Dstn-C,Camk1d-C
Dstn-C,Fxr1-C
Dstn-C,Mansc4-C
Dstn-C,Cep290-C
Dstn-C,Kpna3-C
Dstn-C,Stag2-C
Dstn-C,Kif21a-C
Dstn-C,Ube2q2-C
Dstn-C,Phactr2-C
Dstn-C,Shoc2-C
Ildr2-C,Rdx-C
Ildr2-C,Golm2-C
Ildr2-C,Synm-C
Ildr2-C,Tpr-C
Ildr2-C,Secisbp2l-C
Ildr2-C,Nkapd1-C
Ildr2-C,Frg1-C
Ildr2-C,Nipbl-C
Ildr2-C,Phf3-C
Ildr2-C,Fhad1-C
Ildr2-C,Baz1b-C
Ildr2-C,Ash1l-C
Ildr2-C,Lrp6-C
Ildr2-C,Rad50-C
Ildr2-C,Rif1-C
Ildr2-C,Cep290-C
Ildr2-C,Kif21a-C
Ildr2-C,Phactr2-C
Ildr2-C,Ccdc186-C
Ildr2-C,Cntn1-C
Atp6v1f-C,Fcho2-C
Atp6v1f-C,Acbd4-C
Atp6v1f-C,Mef2a-C
Cldn22-C,Irak3-C
Ube2m-C,Cerox1-C
Ube2m-C,B130034C11Rik-C
Rdx-C,Golm2-C
Rdx-C,Nkapd1-C
Rdx-C,Cep57-C
Rdx-C,Nipbl-C
Rdx-C,Brd4-C
Rdx-C,Enpp5-C
Rdx-C,Fgfr1op2-C
Rdx-C,Fhad1-C
Rdx-C,9530026P05Rik-C
Rdx-C,Lrp6-C
Rdx-C,Upf2-C
Rdx-C,Rad50-C
Rdx-C,Cep290-C
Rdx-C,Mpp7-C
Rdx-C,Ccdc186-C
Rdx-C,Slain2-C
Atp5me-C,Jph1-C
Atp5me-C,Imp3-C
Atp5me-C,Cxxc4-C
Atp5me-C,Tmem184c-C
Atp5me-C,Rad54l2-C
Atp5me-C,Sytl2-C
Atp5me-C,Fcho2-C
Atp5me-C,Stxbp4-C
Atp5me-C,Mef2a-C
Itch-C,Golm2-C
Itch-C,Nipbl-C
Itch-C,Ash1l-C
Itch-C,Mafg-C
Itch-C,Dhx36-C
Itch-C,B230219D22Rik-C
Itch-C,Pten-C
Itch-C,Mansc4-C
Itch-C,Setbp1-C
Itch-C,Zfp1007-C
Itch-C,Kpna3-C
Itch-C,Stag2-C
Itch-C,Phactr2-C
Itch-C,Smarca5-C
Golm2-C,Tmem161b-C
Golm2-C,Synm-C
Golm2-C,Tpr-C
Golm2-C,Nkapd1-C
Golm2-C,Frg1-C
Golm2-C,Nipbl-C
Golm2-C,Phf3-C
Golm2-C,Fgfr1op2-C
Golm2-C,Fhad1-C
Golm2-C,Ash1l-C
Golm2-C,B230219D22Rik-C
Golm2-C,Rad50-C
Golm2-C,Camk1d-C
Golm2-C,Fxr1-C
Golm2-C,Mansc4-C
Golm2-C,Cep290-C
Golm2-C,Kif21a-C
Golm2-C,Phactr2-C
Golm2-C,Ccdc186-C
Golm2-C,Shoc2-C
Golm2-C,Slain2-C
Csnk1a1-C,Ptges2-C
Csnk1a1-C,Evi5-C
Csnk1a1-C,Sh3bgrl-C
Csnk1a1-C,Slc22a17-C
Csnk1a1-C,Fgfr1op2-C
Csnk1a1-C,Pcmtd1-C
Csnk1a1-C,B230219D22Rik-C
Csnk1a1-C,Pten-C
Csnk1a1-C,Mpp7-C
Csnk1a1-C,Shoc2-C
Emc3-C,Ptges2-C
Emc3-C,Nsmf-C
Emc3-C,Mafg-C
Emc3-C,Smarca5-C
Emc3-C,Vps36-C
Tmem161b-C,Tpr-C
Tmem161b-C,Nkapd1-C
Tmem161b-C,Frg1-C
Tmem161b-C,Fhad1-C
Tmem161b-C,Zic2-C
Tmem161b-C,Baz1b-C
Tmem161b-C,Luzp1-C
Tmem161b-C,Ash1l-C
Tmem161b-C,B230219D22Rik-C
Tmem161b-C,Rad50-C
Tmem161b-C,Fxr1-C
Tmem161b-C,Cep290-C
Tmem161b-C,Pja2-C
Tmem161b-C,Zfp1007-C
Tmem161b-C,Stag2-C
Tmem161b-C,Kif21a-C
Tmem161b-C,Phactr2-C
Tmem161b-C,Smarca5-C
Tmem161b-C,Ccdc186-C
Zfp383-C,Ap3s2-C
Tulp4-C,Hip1-C
Tulp4-C,Mafg-C
Tulp4-C,Dcaf12l1-C
Tulp4-C,Dlg4-C
Tulp4-C,Pja2-C
Tulp4-C,Fcho2-C
Tulp4-C,Smarca5-C
Tulp4-C,Ehd1-C
Tulp4-C,Vps36-C
Gm2445-C,Mex3a-C
Dennd2c-C,Gm4017-C
Gm15083-C,Osgepl1-C
Synm-C,Tpr-C
Synm-C,Frg1-C
Synm-C,Nipbl-C
Synm-C,Fhad1-C
Synm-C,Baz1b-C
Synm-C,Ash1l-C
Synm-C,Lrp6-C
Synm-C,Rif1-C
Synm-C,Rad54l2-C
Synm-C,Cep290-C
Synm-C,Pja2-C
Synm-C,Kif21a-C
Tpr-C,Secisbp2l-C
Tpr-C,Nkapd1-C
Tpr-C,Frg1-C
Tpr-C,Clpp-C
Tpr-C,Nipbl-C
Tpr-C,Phf3-C
Tpr-C,Fgfr1op2-C
Tpr-C,Fhad1-C
Tpr-C,Efhb-C
Tpr-C,Baz1b-C
Tpr-C,Ash1l-C
Tpr-C,Mafg-C
Tpr-C,Lrp6-C
Tpr-C,Qser1-C
Tpr-C,B230219D22Rik-C
Tpr-C,Rad50-C
Tpr-C,Camk1d-C
Tpr-C,Fxr1-C
Tpr-C,Rif1-C
Tpr-C,Cep290-C
Tpr-C,Fer-C
Tpr-C,Kif21a-C
Tpr-C,Phactr2-C
Tpr-C,Smarca5-C
Tpr-C,Gtpbp4-C
Tpr-C,Ccdc186-C
Tpr-C,Slain2-C
Gm42636-C,Leprotl1-C
Wbp4-C,Evi5-C
Wbp4-C,Clpp-C
Wbp4-C,Brd4-C
Wbp4-C,Phf3-C
Wbp4-C,Luzp1-C
Wbp4-C,Pcmtd1-C
Wbp4-C,B230219D22Rik-C
Wbp4-C,Rad50-C
Wbp4-C,Dcaf12l1-C
Wbp4-C,Dlg4-C
Wbp4-C,Ubc-C
Wbp4-C,Smarca5-C
Gm5141-C,Sh3bgrl-C
Ptges2-C,Snora35-C
Ptges2-C,Gpr162-C
Ptges2-C,Ash1l-C
Ptges2-C,Dlg4-C
Ptges2-C,Smarca5-C
Ptges2-C,Ehd1-C
Tspan9-C,Sh3bgrl-C
Tspan9-C,Slc22a17-C
Tspan9-C,Fgfr1op2-C
Vps13b-C,Secisbp2l-C
Vps13b-C,Nipbl-C
Vps13b-C,Ash1l-C
Vps13b-C,Qser1-C
Vps13b-C,Dcaf12l1-C
Vps13b-C,Rif1-C
Vps13b-C,Cep290-C
Vps13b-C,Mia2-C
Ikzf5-C,Frg1-C
Ikzf5-C,Fhad1-C
Ikzf5-C,Rad50-C
Snora35-C,Bcl7a-C
Snora35-C,Brd4-C
Snora35-C,Phf3-C
Snora35-C,Pcmtd1-C
Snora35-C,B230219D22Rik-C
Snora35-C,Ccar1-C
Kcmf1-C,Fhad1-C
Secisbp2l-C,Nkapd1-C
Secisbp2l-C,Frg1-C
Secisbp2l-C,Phf3-C
Secisbp2l-C,Ash1l-C
Secisbp2l-C,Lrp6-C
Secisbp2l-C,Rad50-C
Secisbp2l-C,Camk1d-C
Secisbp2l-C,Cep290-C
Secisbp2l-C,Setbp1-C
Setx-C,Evi5-C
Setx-C,Tmem80-C
Setx-C,Nsg2-C
Setx-C,Smc4-C
Setx-C,B230219D22Rik-C
Setx-C,Pten-C
Setx-C,Dlg4-C
Setx-C,Fcho2-C
Setx-C,Smarca5-C
Setx-C,Gtpbp4-C
Setx-C,Mef2a-C
Setx-C,Vps36-C
Rab5a-C,Slc22a17-C
Rab5a-C,Fgfr1op2-C
Dpysl4-C,Acad9-C
Ahcyl2-C,Mtrex-C
Ahcyl2-C,Dcaf12l1-C
Ahcyl2-C,Dync1h1-C
Txnrd2-C,Meaf6-C
Txnrd2-C,Fgl2-C
Txnrd2-C,Pthlh-C
Tnfrsf1b-C,Cstf2-C
Nkapd1-C,Frg1-C
Nkapd1-C,Clpp-C
Nkapd1-C,Nipbl-C
Nkapd1-C,Brd4-C
Nkapd1-C,Phf3-C
Nkapd1-C,Enpp5-C
Nkapd1-C,Fhad1-C
Nkapd1-C,Luzp1-C
Nkapd1-C,Ash1l-C
Nkapd1-C,Dhx36-C
Nkapd1-C,Qser1-C
Nkapd1-C,B230219D22Rik-C
Nkapd1-C,Rad50-C
Nkapd1-C,Fxr1-C
Nkapd1-C,Gxylt1-C
Nkapd1-C,Mansc4-C
Nkapd1-C,Cep290-C
Nkapd1-C,Setbp1-C
Nkapd1-C,Kif21a-C
Nkapd1-C,Phactr2-C
Nkapd1-C,Smarca5-C
Nkapd1-C,Gtpbp4-C
Nkapd1-C,Ccdc186-C
Nkapd1-C,Ccar1-C
Nkapd1-C,Shoc2-C
Josd1-C,Upf2-C
Evi5-C,Clpp-C
Evi5-C,Fgfr1op2-C
Evi5-C,Smc4-C
Evi5-C,Pcmtd1-C
Evi5-C,Mafg-C
Evi5-C,Qser1-C
Evi5-C,Cnih2-C
Evi5-C,Dlg4-C
Evi5-C,Ubc-C
Evi5-C,Smarca5-C
Evi5-C,Vps36-C
Jph1-C,Zfp654-C
Jph1-C,Lrp6-C
Jph1-C,Qser1-C
Jph1-C,Dcaf12l1-C
Jph1-C,Ppfibp1-C
Jph1-C,Mef2a-C
Col8a1-C,Irak3-C
Col8a1-C,Dcaf12l1-C
Col8a1-C,Stxbp4-C
Col8a1-C,Cntn1-C
Uqcc5-C,Zfp27-C
Cct4-C,Mpp7-C
Cct4-C,Shoc2-C
Frg1-C,Nipbl-C
Frg1-C,Phf3-C
Frg1-C,Fgfr1op2-C
Frg1-C,Fhad1-C
Frg1-C,Baz1b-C
Frg1-C,Ash1l-C
Frg1-C,Ralgapa2-C
Frg1-C,Lrp6-C
Frg1-C,B230219D22Rik-C
Frg1-C,Rad50-C
Frg1-C,Camk1d-C
Frg1-C,Fxr1-C
Frg1-C,Rif1-C
Frg1-C,Cep290-C
Frg1-C,Fer-C
Frg1-C,Kif21a-C
Frg1-C,Phactr2-C
Frg1-C,Ccdc186-C
Frg1-C,Mia2-C
Frg1-C,Slain2-C
Tmem80-C,Zfp1007-C
Clpp-C,Nipbl-C
Clpp-C,Phf3-C
Clpp-C,Fhad1-C
Clpp-C,Tomm22-C
Clpp-C,Ash1l-C
Clpp-C,Dhx36-C
Clpp-C,B230219D22Rik-C
Clpp-C,Rad50-C
Clpp-C,Gxylt1-C
Clpp-C,Kif21a-C
Clpp-C,Shoc2-C
Myof-C,Cerkl-C
Sh3bgrl-C,Slc22a17-C
Sh3bgrl-C,Pcmtd1-C
Sh3bgrl-C,B230219D22Rik-C
Sh3bgrl-C,Smarca5-C
Cep57-C,Efhb-C
Cep57-C,Mia2-C
Cep57-C,Slain2-C
Zfp654-C,Sh3bgrl2-C
Zfp654-C,Fcho2-C
Imp3-C,Cxxc4-C
Imp3-C,Tmem184c-C
Bcl7a-C,Dhx36-C
Bcl7a-C,Ehd1-C
Ndufa8-C,Sytl2-C
Nipbl-C,Brd4-C
Nipbl-C,Phf3-C
Nipbl-C,Enpp5-C
Nipbl-C,Fgfr1op2-C
Nipbl-C,Fhad1-C
Nipbl-C,Baz1b-C
Nipbl-C,9530026P05Rik-C
Nipbl-C,Ash1l-C
Nipbl-C,Mafg-C
Nipbl-C,Dhx36-C
Nipbl-C,Lrp6-C
Nipbl-C,Qser1-C
Nipbl-C,B230219D22Rik-C
Nipbl-C,Rad50-C
Nipbl-C,Rif1-C
Nipbl-C,Gxylt1-C
Nipbl-C,Cep290-C
Nipbl-C,Setbp1-C
Nipbl-C,Kpna3-C
Nipbl-C,Fer-C
Nipbl-C,Kif21a-C
Nipbl-C,Phactr2-C
Nipbl-C,Smarca5-C
Nipbl-C,Ccdc186-C
Nipbl-C,Ccar1-C
Nipbl-C,Cntn1-C
Nipbl-C,Slain2-C
Brd4-C,Phf3-C
Brd4-C,Tomm22-C
Brd4-C,Nprl2-C
Brd4-C,Fer-C
Phf3-C,Enpp5-C
Phf3-C,Fgfr1op2-C
Phf3-C,Fhad1-C
Phf3-C,Ash1l-C
Phf3-C,Pcmtd1-C
Phf3-C,Lrp6-C
Phf3-C,Qser1-C
Phf3-C,Cep290-C
Phf3-C,Fer-C
Phf3-C,Kif21a-C
Phf3-C,Phactr2-C
Phf3-C,Smarca5-C
Phf3-C,Ccdc186-C
Phf3-C,Ccar1-C
Camsap2-C,Dr1-C
Clec14a-C,Aasdhppt-C
Clec14a-C,Tm9sf3-C
Slc22a17-C,Fgfr1op2-C
Slc22a17-C,Pcmtd1-C
Slc22a17-C,Dlg4-C
Slc22a17-C,Ubc-C
Slc22a17-C,Pja2-C
Slc22a17-C,Smarca5-C
Slc22a17-C,Ehd1-C
Serp2-C,Vangl1-C
Serp2-C,Dnase1l1-C
Ola1-C,Nsg2-C
Enpp5-C,Fhad1-C
Enpp5-C,Luzp1-C
Enpp5-C,Ash1l-C
Enpp5-C,Qser1-C
Enpp5-C,Cep290-C
Enpp5-C,Fer-C
Enpp5-C,Gtpbp4-C
Enpp5-C,Ccdc186-C
Enpp5-C,Shoc2-C
Zfp27-C,Cerkl-C
Fgfr1op2-C,Fhad1-C
Fgfr1op2-C,Smc4-C
Fgfr1op2-C,Ash1l-C
Fgfr1op2-C,Mafg-C
Fgfr1op2-C,Qser1-C
Fgfr1op2-C,B230219D22Rik-C
Fgfr1op2-C,Rif1-C
Fgfr1op2-C,Cep290-C
Fgfr1op2-C,Mpp7-C
Fgfr1op2-C,Phactr2-C
Fgfr1op2-C,Gtpbp4-C
Fgfr1op2-C,Ccdc186-C
Fgfr1op2-C,Shoc2-C
Hip1-C,Luzp1-C
Nsg2-C,Ganab-C
Nsg2-C,Pja2-C
Nsg2-C,Zfp1007-C
Dlgap4-C,Spata13-C
Ofd1-C,Zbtb11os1-C
Fhad1-C,Efhb-C
Fhad1-C,Baz1b-C
Fhad1-C,Ash1l-C
Fhad1-C,Qser1-C
Fhad1-C,B230219D22Rik-C
Fhad1-C,Rad50-C
Fhad1-C,Camk1d-C
Fhad1-C,Fxr1-C
Fhad1-C,Rif1-C
Fhad1-C,Mansc4-C
Fhad1-C,Cep290-C
Fhad1-C,Pja2-C
Fhad1-C,Fer-C
Fhad1-C,Kif21a-C
Fhad1-C,Phactr2-C
Fhad1-C,Smarca5-C
Fhad1-C,Gtpbp4-C
Fhad1-C,Ccdc186-C
Fhad1-C,Shoc2-C
Fhad1-C,Slain2-C
Tomm22-C,Dhx36-C
Tomm22-C,Fer-C
Zic2-C,Rad50-C
Zic2-C,Fxr1-C
Zic2-C,Kpna3-C
Zic2-C,Stag2-C
Zic2-C,Kif21a-C
Zic2-C,Phactr2-C
Efhb-C,Slain2-C
Gpr162-C,Rad54l2-C
Gpr162-C,Vps36-C
Baz1b-C,Ash1l-C
Baz1b-C,Lrp6-C
Baz1b-C,B230219D22Rik-C
Baz1b-C,Rad50-C
Baz1b-C,Fxr1-C
Baz1b-C,Rif1-C
Baz1b-C,Mansc4-C
Baz1b-C,Cep290-C
Baz1b-C,Fer-C
Baz1b-C,Kif21a-C
Baz1b-C,Gtpbp4-C
Baz1b-C,Slain2-C
Luzp1-C,Ash1l-C
Luzp1-C,Pcmtd1-C
Luzp1-C,Mafg-C
Luzp1-C,Dhx36-C
Luzp1-C,Qser1-C
Luzp1-C,B230219D22Rik-C
Luzp1-C,Rad50-C
Luzp1-C,Fxr1-C
Luzp1-C,Rif1-C
Luzp1-C,Cep290-C
Luzp1-C,Pja2-C
Luzp1-C,Zfp1007-C
Luzp1-C,Kif21a-C
Luzp1-C,Phactr2-C
Luzp1-C,Smarca5-C
Luzp1-C,Gtpbp4-C
Luzp1-C,Ccdc186-C
Smc4-C,Mafg-C
Smc4-C,Dlg4-C
Smc4-C,Ubc-C
Smc4-C,Mpp7-C
Smc4-C,Zfp1007-C
Smc4-C,Smarca5-C
Tnfsf13os-C,Kif22-C
Zfp217-C,Dnase1l1-C
Fzr1-C,Ide-C
Fzr1-C,Tmem184c-C
Cebpd-C,Rab5c-C
9530026P05Rik-C,Mpp7-C
9530026P05Rik-C,Sytl2-C
Rab5c-C,Ilvbl-C
Rab5c-C,Tmem184c-C
2810021J22Rik-C,Ide-C
Rnasel-C,Gm15587-C
Ash1l-C,Mafg-C
Ash1l-C,Dhx36-C
Ash1l-C,Lrp6-C
Ash1l-C,Qser1-C
Ash1l-C,B230219D22Rik-C
Ash1l-C,Rad50-C
Ash1l-C,Camk1d-C
Ash1l-C,Fxr1-C
Ash1l-C,Rif1-C
Ash1l-C,Mansc4-C
Ash1l-C,Cep290-C
Ash1l-C,Pja2-C
Ash1l-C,Fer-C
Ash1l-C,Kif21a-C
Ash1l-C,Ube2q2-C
Ash1l-C,Phactr2-C
Ash1l-C,Smarca5-C
Ash1l-C,Gtpbp4-C
Ash1l-C,Ccdc186-C
Ash1l-C,Ccar1-C
Ash1l-C,Shoc2-C
Ash1l-C,Slain2-C
A430108G06Rik-C,Polr1c-C
Ide-C,Perm1-C
Zbtb11os1-C,Lgr4-C
Zbtb11os1-C,Pthlh-C
Zbtb11os1-C,Serpinb8-C
2410124H12Rik-C,Perm1-C
Pcmtd1-C,Mafg-C
Pcmtd1-C,Dhx36-C
Pcmtd1-C,B230219D22Rik-C
Pcmtd1-C,Cnih2-C
Pcmtd1-C,Dlg4-C
Pcmtd1-C,Ubc-C
Pcmtd1-C,Pja2-C
Pcmtd1-C,Zfp1007-C
Pcmtd1-C,Smarca5-C
Pcmtd1-C,Gtpbp4-C
Pcmtd1-C,Ehd1-C
Pcmtd1-C,Vps36-C
Mafg-C,B230219D22Rik-C
Mafg-C,Rad50-C
Mafg-C,Rif1-C
Mafg-C,Dlg4-C
Mafg-C,Ubc-C
Mafg-C,Pja2-C
Mafg-C,Sytl2-C
Mafg-C,Kif21a-C
Mafg-C,Phactr2-C
Mafg-C,Smarca5-C
Mafg-C,Gtpbp4-C
Mafg-C,Ccdc186-C
Mafg-C,Vps36-C
Ralgapa2-C,Mpp7-C
Dhx36-C,Qser1-C
Dhx36-C,Fxr1-C
Dhx36-C,Gxylt1-C
Dhx36-C,Mansc4-C
Dhx36-C,Ccdc186-C
Ilvbl-C,Ubc-C
Ilvbl-C,Ganab-C
Ilvbl-C,Zfp1007-C
Lrp6-C,Rif1-C
Lrp6-C,Cep290-C
Lrp6-C,Cntn1-C
Lrp6-C,Mia2-C
Entpd6-C,Xaf1-C
Qser1-C,B230219D22Rik-C
Qser1-C,Rad50-C
Qser1-C,Camk1d-C
Qser1-C,Cep290-C
Qser1-C,Pja2-C
Qser1-C,Phactr2-C
Qser1-C,Ccar1-C
Dnajc13-C,Gxylt1-C
Parvg-C,Smurf1-C
B230219D22Rik-C,Rad50-C
B230219D22Rik-C,Fxr1-C
B230219D22Rik-C,Rif1-C
B230219D22Rik-C,Mansc4-C
B230219D22Rik-C,Cep290-C
B230219D22Rik-C,Setbp1-C
B230219D22Rik-C,Pja2-C
B230219D22Rik-C,Zfp1007-C
B230219D22Rik-C,Fer-C
B230219D22Rik-C,Stag2-C
B230219D22Rik-C,Kif21a-C
B230219D22Rik-C,Ube2q2-C
B230219D22Rik-C,Phactr2-C
B230219D22Rik-C,Smarca5-C
B230219D22Rik-C,Gtpbp4-C
B230219D22Rik-C,Ccdc186-C
B230219D22Rik-C,Shoc2-C
B230219D22Rik-C,Slain2-C
B230219D22Rik-C,Vps36-C
Upf2-C,Errfi1-C
Upf2-C,Dynll1-C
Ric3-C,Ubc-C
Ric3-C,Stxbp4-C
Rad50-C,Fxr1-C
Rad50-C,Rif1-C
Rad50-C,Cep290-C
Rad50-C,Pja2-C
Rad50-C,Kif21a-C
Rad50-C,Phactr2-C
Rad50-C,Smarca5-C
Rad50-C,Gtpbp4-C
Rad50-C,Ccdc186-C
Rad50-C,Slain2-C
Camk1d-C,Fxr1-C
Camk1d-C,Mansc4-C
Camk1d-C,Kif21a-C
Fxr1-C,Mansc4-C
Fxr1-C,Cep290-C
Fxr1-C,Setbp1-C
Fxr1-C,Pja2-C
Fxr1-C,Stag2-C
Fxr1-C,Kif21a-C
Fxr1-C,Ube2q2-C
Fxr1-C,Phactr2-C
Fxr1-C,Ccdc186-C
Fxr1-C,Shoc2-C
Dcaf12l1-C,Dlg4-C
Dcaf12l1-C,Pja2-C
Dcaf12l1-C,Dync1h1-C
Dcaf12l1-C,Fcho2-C
Dcaf12l1-C,Fam98b-C
Npat-C,Sin3a-C
Npat-C,Sytl2-C
Vps37d-C,Id1-C
Acad9-C,Vmp1-C
C130021I20Rik-C,Dcxr-C
Pten-C,Dlg4-C
Pten-C,Phactr2-C
Pten-C,Mef2a-C
Sulf2-C,Slc25a20-C
Sin3a-C,Ube2q2-C
Sin3a-C,Shoc2-C
Shfl-C,Abitram-C
Shfl-C,Slain2-C
Ptk2b-C,Erbin-C
Ptk2b-C,Ganab-C
Ptk2b-C,Dync1h1-C
Ptk2b-C,Src-C
Ptk2b-C,Acbd4-C
Rif1-C,Cep290-C
Rif1-C,Kif21a-C
Rif1-C,Phactr2-C
Rif1-C,Smarca5-C
Rif1-C,Gtpbp4-C
Rif1-C,Mia2-C
Ccpg1-C,Ganab-C
Nprl2-C,Zfp300-C
Dlg4-C,Ubc-C
Dlg4-C,Pja2-C
Dlg4-C,Sytl2-C
Dlg4-C,Fcho2-C
Dlg4-C,Smarca5-C
Dlg4-C,Ehd1-C
Dlg4-C,Mef2a-C
Ubc-C,Pja2-C
Ubc-C,Zfp1007-C
Ubc-C,Sytl2-C
Ubc-C,Fcho2-C
Ubc-C,Smarca5-C
Ubc-C,Ehd1-C
Ubc-C,Mef2a-C
Erbin-C,Ganab-C
Tmem184c-C,Rad54l2-C
Tmem184c-C,Scrib-C
Ganab-C,Dync1h1-C
Ganab-C,Fcho2-C
Ganab-C,Ehd1-C
Ganab-C,Tbc1d2-C
Rad54l2-C,Dync1h1-C
Rad54l2-C,Stxbp4-C
Rad54l2-C,Mef2a-C
Gm19817-C,Sfi1-C
Nit2-C,Rgs7-C
Ndn-C,Cerkl-C
Mansc4-C,Mpp7-C
Mansc4-C,B130034C11Rik-C
Mansc4-C,Ube2q2-C
Mansc4-C,Phactr2-C
Mansc4-C,Ccdc186-C
Mansc4-C,Shoc2-C
Cep290-C,Fer-C
Cep290-C,Kif21a-C
Cep290-C,Phactr2-C
Cep290-C,Smarca5-C
Cep290-C,Ccdc186-C
Cep290-C,Ccar1-C
Cep290-C,Mia2-C
Cep290-C,Slain2-C
Setbp1-C,Phactr2-C
Mpp7-C,Phactr2-C
Mpp7-C,Ccar1-C
Mpp7-C,Shoc2-C
Pja2-C,Zfp1007-C
Pja2-C,Phactr2-C
Pja2-C,Smarca5-C
Pja2-C,Ehd1-C
Pja2-C,Mef2a-C
Pja2-C,Vps36-C
Zfp1007-C,Sytl2-C
Zfp1007-C,Kif21a-C
Zfp1007-C,Smarca5-C
Zfp1007-C,Ccdc186-C
Zfp1007-C,Sufu-C
Sytl2-C,2310014F06Rik-C
Sytl2-C,Stxbp4-C
Kpna3-C,Ube2q2-C
Kpna3-C,Phactr2-C
Kpna3-C,Shoc2-C
Fer-C,Kif21a-C
Fer-C,Phactr2-C
Fer-C,Gtpbp4-C
Cerkl-C,Dynll1-C
Stag2-C,Phactr2-C
Stag2-C,Smarca5-C
Stag2-C,Gtpbp4-C
Gm4017-C,Abitram-C
Kif21a-C,Phactr2-C
Kif21a-C,Smarca5-C
Kif21a-C,Ccdc186-C
Kif21a-C,Slain2-C
Dync1h1-C,Pfn1-C
Dync1h1-C,Src-C
Map3k5-C,Inpp4a-C
Ube2q2-C,Phactr2-C
Ube2q2-C,Junb-C
Ube2q2-C,Ccdc186-C
Ube2q2-C,Shoc2-C
Phactr2-C,Smarca5-C
Phactr2-C,Gtpbp4-C
Phactr2-C,Ccdc186-C
Phactr2-C,Shoc2-C
Phactr2-C,Slain2-C
Fcho2-C,Smarca5-C
Fcho2-C,Cnnm4-C
Fcho2-C,Ehd1-C
Fcho2-C,Acbd4-C
Fcho2-C,Mef2a-C
Smarca5-C,Gtpbp4-C
Smarca5-C,Ccdc186-C
Smarca5-C,Ccar1-C
Smarca5-C,Ehd1-C
Smarca5-C,Vps36-C
Pard6a-C,Sympk-C
Ube3c-C,Igfbp6-C
Ccdc186-C,Shoc2-C
Mrps5-C,B230398E01Rik-T
Shc1-C,Arhgap5-T
Shc1-C,Zfp74-T
Tmem62-C,Adsl-T
Tmem62-C,Ppp1r26-T
Tmem62-C,Dap3-T
Tmem62-C,C030013C21Rik-T
Nedd4-C,Plpp3-T
Nedd4-C,Mto1-T
Mob4-C,UNKNOWN_1473-T
Trappc14-C,Ddt-T
Trappc14-C,Kdelr1-T
Trappc14-C,Nosip-T
Trappc14-C,Ywhah-T
Trappc14-C,Cdc27-T
Trappc14-C,Ttc8-T
Trappc14-C,Klhl22-T
Trappc14-C,Mrgbp-T
Trappc14-C,Yars1-T
Trappc14-C,Extl1-T
Trappc14-C,Mfn2-T
Trappc14-C,Asphd2-T
Trappc14-C,Tsen34-T
Trappc14-C,Lrfn5-T
Trappc14-C,Zc3hc1-T
Trappc14-C,Oaz2-T
Trappc14-C,Patl1-T
Trappc14-C,Mir9-2hg-T
Trappc14-C,Zfp74-T
Trappc14-C,Tnfrsf19-T
Trappc14-C,H3f3a-T
Trappc14-C,B9d2-T
Trappc14-C,Urm1-T
Trappc14-C,Nkain2-T
Trappc14-C,Ftx-T
Trappc14-C,Gm12999-T
Map9-C,Gab2-T
Map9-C,Rbm7-T
Agrn-C,Nol3-T
Agrn-C,Gdf9-T
Agrn-C,Mtpap-T
Agrn-C,Sgf29-T
Agrn-C,Sema6c-T
Agrn-C,Oaz2-T
Agrn-C,Kcnj4-T
Agrn-C,Taf1b-T
Dap3-C,Glmn-T
Dap3-C,Pcdha8-T
Dnajc21-C,B9d2-T
Wbp11-C,Manea-T
Wbp11-C,Klhl26-T
Ptges3-C,Cmtm7-T
Plgrkt-C,Gm3687-T
Ttf1-C,Gm43311-T
Ankmy2-C,Rasa4-T
Ankmy2-C,Sall1-T
Usf3-C,Manea-T
Usf3-C,Jam2-T
Usf3-C,Rnaset2b-T
Arid2-C,Myct1-T
Zkscan8-C,Scarf1-T
Zkscan8-C,Hspb8-T
Zkscan8-C,Klhl26-T
Chmp4c-C,Zcchc12-T
Chmp4c-C,Zfp704-T
Zfp975-C,Plpp3-T
Zfp975-C,Slf2-T
Bhmt2-C,Gm37420-T
Bhmt2-C,Gm42837-T
Fn3krp-C,Cdc73-T
Fn3krp-C,Fcho2-T
Fn3krp-C,Bclaf3-T
Fn3krp-C,Med12l-T
Fn3krp-C,Scrt2-T
Fn3krp-C,Exoc5-T
Fn3krp-C,Rpl31-T
Cog8-C,Ccdc97-T
Cog8-C,Spata7-T
Cog8-C,Mterf3-T
Cog8-C,Hspb8-T
Serbp1-C,Eps8l2-T
H2az2-C,Abca4-T
Pkn2-C,Mrps18c-T
Pkn2-C,Brwd1-T
Pkn2-C,Lrba-T
Pkn2-C,Rbm7-T
Pkn2-C,Smco3-T
4930412C18Rik-C,Gdf11-T
4930412C18Rik-C,Ubr5-T
4930412C18Rik-C,Dctpp1-T
Pak2-C,Rps9-T
Pak2-C,Zfp74-T
Pak2-C,Exoc5-T
Hmces-C,Ip6k2-T
Hmces-C,Hmgb2-T
Hmces-C,Fsbp-T
Hmces-C,Gm28523-T
Slc25a13-C,Lrba-T
Slc25a13-C,Slc2a4rg-ps-T
Dhx29-C,Klhl22-T
Rpn2-C,Gaa-T
Rpn2-C,Gpbp1l1-T
Rpn2-C,Gm13340-T
Gm43339-C,Furin-T
Gm43339-C,Atosb-T
Gm43339-C,Tmtc4-T
Gm43339-C,H3f3a-T
Cebpz-C,Gab2-T
Cebpz-C,Rbm7-T
St6galnac4-C,Gm3687-T
Prkaca-C,Nudt2-T
Prkaca-C,Srprb-T
Scyl1-C,Ercc1-T
Ccnd1-C,Gh-T
Hmga1-C,Tulp3-T
Hmga1-C,Nosip-T
Hmga1-C,Ywhah-T
Hmga1-C,Mtmr10-T
Hmga1-C,Psmd10-T
Hmga1-C,Gm43066-T
Ankrd12-C,Mrps18c-T
Ipo4-C,Gm10221-T
Mterf4-C,Gm43176-T
Thra-C,Ercc1-T
Thra-C,Gm43420-T
Hdac9-C,Il10ra-T
Zswim5-C,Trp53i13-T
Mfsd2a-C,Spata7-T
Mfsd2a-C,Mterf3-T
Gm42463-C,Gh-T
Gm42463-C,Zmym6-T
Gm42463-C,Gm42989-T
Gm15408-C,Bclaf3-T
Ilkap-C,UNKNOWN_1531-T
Galnt15-C,Kmt2c-T
Kin-C,Fadd-T
Smyd2-C,Gm13340-T
Atf6b-C,Neu1-T
Atf6b-C,Arhgap19-T
Atf6b-C,Plpp3-T
Atf6b-C,Mto1-T
Atf6b-C,Gm26652-T
Tet1-C,Sp4-T
Tet1-C,Sigirr-T
Arhgef7-C,Tmem242-T
Arhgef7-C,Sqstm1-T
Arhgef7-C,Psmd10-T
Arhgef7-C,Gde1-T
Arhgef7-C,Tmem232-T
Arhgef7-C,Ppil6-T
Pcgf5-C,Kank3-T
Pcgf5-C,Gm43176-T
Klc1-C,Fam168a-T
Msh2-C,Ctu1-T
Kcnk5-C,Phip-T
Psmd8-C,Serpinb1b-T
Repin1-C,Iqgap3-T
Fastk-C,Pcdha8-T
Adcy9-C,H1f10-T
Adcy9-C,Zfp869-T
Adcy9-C,Heg1-T
1110004F10Rik-C,Dqx1-T
1110004F10Rik-C,Rtl8b-T
1110004F10Rik-C,Gm38077-T
Ibtk-C,Rbm7-T
Ibtk-C,Ccnyl1-T
Ibtk-C,Gm12999-T
Fam13b-C,Extl1-T
Ctdspl2-C,Atg4d-T
Btbd2-C,Gm42853-T
Bclaf1-C,Lrba-T
Ess2-C,Erbin-T
Ess2-C,Gdf11-T
Ess2-C,Tfip11-T
Ess2-C,Scrt2-T
Syt17-C,Gm38104-T
Ppp1r12a-C,Wdr47-T
Ppp1r12a-C,Rpl28-ps1-T
Dctn2-C,Trdmt1-T
Ppp1r1b-C,Erh-T
Ppp1r1b-C,Gm15542-T
Gsta3-C,Mllt6-T
Pycr2-C,Serpinb1b-T
Pycr2-C,Gm26592-T
Pycr2-C,Gm42941-T
Pycr2-C,Gm42679-T
Gm12346-C,Pcdhb19-T
Cast-C,Fbxl22-T
Emd-C,Mmp24-T
Slc25a26-C,Rab36-T
Usp9x-C,Gab2-T
Usp9x-C,Tor1aip1-T
Usp9x-C,Zfp677-T
Nfe2l2-C,Mterf3-T
Baiap2l1-C,Ess2-T
Baiap2l1-C,Itgb1bp1-T
Baiap2l1-C,1700047K16Rik-T
Scg5-C,Shh-T
Niban1-C,Zmym6-T
Sptan1-C,Etv1-T
Sptan1-C,Manea-T
Sptan1-C,Rbm7-T
Sptan1-C,Zfp74-T
Sptan1-C,Exoc5-T
Sptan1-C,B9d2-T
Psma4-C,Habp4-T
Psma4-C,Flnb-T
Psma4-C,Rbm7-T
Psma4-C,Rtl8b-T
Psma4-C,Msi2-T
Pigyl-C,Skic3-T
Pigyl-C,Cbx6-T
Pabpc1-C,Manea-T
Pabpc1-C,Zfp677-T
Selenon-C,Mpst-T
Micall2-C,Cand1-T
Kif2a-C,Gab2-T
Kif2a-C,Dqx1-T
Kif2a-C,Mrgbp-T
Kif2a-C,Zc3hc1-T
Kif2a-C,Smco3-T
Kif2a-C,Tmem229b-T
Lmtk3-C,Rfx1-T
Mfsd3-C,Gm37941-T
Ro60-C,Rnf13-T
Cyyr1-C,Kmt2c-T
Cyyr1-C,Zfp869-T
Cyyr1-C,Zfp677-T
Cyyr1-C,5730408A14Rik-T
Arhgef12-C,Cfap418-T
Arhgef12-C,H3f3a-T
Copg1-C,Rab24-T
Copg1-C,Ankrd9-T
Copg1-C,Tmtc4-T
Copg1-C,D630023F18Rik-T
Copg1-C,Rpl28-ps1-T
Copg1-C,Gm10221-T
Arf2-C,Cables1-T
Slc29a4-C,Rfxank-T
Dynlt2b-C,St14-T
Fhl1-C,Zfp869-T
Ppp5c-C,Cemip-T
Zcchc17-C,Zfp459-T
Arhgap5-C,Atg4d-T
Arhgap5-C,Tor1aip1-T
Arhgap5-C,Yars1-T
Arhgap5-C,Extl1-T
Arhgap5-C,Manea-T
Arhgap5-C,Cfap418-T
Arhgap5-C,Exoc5-T
Arhgap5-C,Gm42727-T
Cmtm8-C,Dalrd3-T
Slk-C,Sypl2-T
Slk-C,Zfp74-T
Slk-C,H3f3a-T
Tmem259-C,Dlg3-T
Tmem259-C,Bclaf3-T
Zbtb37-C,Mterf3-T
Smarca2-C,Zc3hc1-T
Smarca2-C,Rbm7-T
Zfp638-C,B9d2-T
Ccdc18-C,Psme1-T
Ccdc18-C,Brwd1-T
Ccdc18-C,Tor1aip1-T
Ccdc18-C,Gm38077-T
Fam167b-C,Dnajb6-T
Cracr2b-C,Kmt2b-T
Cracr2b-C,Sqstm1-T
Cracr2b-C,Naa40-T
Cracr2b-C,Rps26-T
Cracr2b-C,Atp1b1-T
Cracr2b-C,Nans-T
Cracr2b-C,Mtmr10-T
Cracr2b-C,Rpgr-T
Cracr2b-C,Psmd10-T
Cracr2b-C,Gde1-T
Cracr2b-C,Ptk2b-T
Cracr2b-C,Rtl8b-T
Cracr2b-C,Ftx-T
Cracr2b-C,Cbx6-T
Pawr-C,Psme1-T
Pawr-C,Sp4-T
Pawr-C,Zbtb45-T
Pawr-C,H3f3a-T
Pawr-C,A430018G15Rik-T
Dek-C,Gab2-T
Dek-C,Lrba-T
Gpr19-C,Rhebl1-T
Tomm34-C,Nudt6-T
Mtap-C,Paxbp1-T
Mtap-C,Zpr1-T
Cep95-C,Gab2-T
Cep95-C,Mir9-2hg-T
Cep95-C,H3f3a-T
Ncoa5-C,Dalrd3-T
Ddb1-C,Zfp799-T
Agbl3-C,Dnmt3a-T
Agbl3-C,Pwp2-T
Agbl3-C,Nlgn2-T
Agbl3-C,Arl1-T
Agbl3-C,Itgb1bp1-T
Nek8-C,Abhd11-T
Tax1bp3-C,Cntd1-T
Dync2li1-C,Plcg1-T
Dync2li1-C,Ptch2-T
Dync2li1-C,Flna-T
Dync2li1-C,Mtm1-T
Dync2li1-C,Bclaf3-T
Dync2li1-C,Gm37777-T
Dync2li1-C,Gm43765-T
Dync2li1-C,Gm43420-T
Gas6-C,Rab40c-T
Gas6-C,Plekhg5-T
Gas6-C,B9d2-T
Amfr-C,Mrgbp-T
Amfr-C,Med18-T
Pdap1-C,Gab2-T
Pdap1-C,Mrgbp-T
Pdap1-C,Lrba-T
Pdap1-C,Lrfn5-T
Pdap1-C,Smco3-T
Pdap1-C,Rtl8b-T
Jmjd4-C,Ndst2-T
Jmjd4-C,D630023F18Rik-T
Rock1-C,Mrps18c-T
Rock1-C,Mrgbp-T
Rock1-C,Lrfn5-T
Rock1-C,Zc3hc1-T
Rock1-C,Rbm7-T
Rock1-C,Smco3-T
Suz12-C,Kank3-T
Suz12-C,Gm42727-T
Topbp1-C,Arhgap19-T
Topbp1-C,Gne-T
Topbp1-C,Thap11-T
Topbp1-C,Kdm3b-T
Klf3-C,Zfp677-T
Tmem204-C,Smyd5-T
Ubl3-C,Klhl22-T
Utp4-C,Tcf23-T
Utp4-C,Tnrc18-T
Cep41-C,Neu1-T
Cep41-C,Mto1-T
Cep41-C,Cfap418-T
Zbtb7a-C,Brwd3-T
Maco1-C,Gm37452-T
Eea1-C,Gab2-T
Eea1-C,Mrgbp-T
Eea1-C,B9d2-T
Actr3-C,Fdft1-T
Actr3-C,Fry-T
Acacb-C,Rnf13-T
Acacb-C,Cry2-T
Snrnp48-C,Sp4-T
Snrnp48-C,Ss18-T
Btg1-C,Brwd3-T
Rora-C,Glmn-T
Rora-C,A430018G15Rik-T
Igfbp2-C,Ndufb9-T
Igfbp2-C,Csnk2b-T
Uros-C,Ppme1-T
Uros-C,4933439C10Rik-T
Smc6-C,Lrba-T
Ripply3-C,Gm37061-T
Ylpm1-C,Mrps18c-T
Srebf2-C,Xpnpep1-T
Srebf2-C,Rab40c-T
Srebf2-C,Csrp1-T
Srebf2-C,Yars1-T
Srebf2-C,Nr3c2-T
Srebf2-C,Tnfrsf19-T
Stk33-C,Dalrd3-T
Stk33-C,Dgkh-T
Slc2a2-C,Extl1-T
Fndc3a-C,Zfp677-T
Sppl3-C,Kdelr1-T
Sppl3-C,Mib1-T
Sppl3-C,Mmp24-T
Sppl3-C,Nphp3-T
Sppl3-C,Lrfn5-T
Sppl3-C,Dipk1b-T
Sppl3-C,Tceal3-T
4930556M19Rik-C,Fgf12-T
4930556M19Rik-C,Chmp6-T
4930556M19Rik-C,Gdap1-T
4930556M19Rik-C,Mrgbp-T
4930556M19Rik-C,Yars1-T
4930556M19Rik-C,Atosb-T
4930556M19Rik-C,Rnf13-T
4930556M19Rik-C,Zc3hc1-T
4930556M19Rik-C,Zbtb45-T
4930556M19Rik-C,B9d2-T
4930556M19Rik-C,Mpst-T
Cdkn1c-C,Ddt-T
Cdkn1c-C,Gab2-T
Cdkn1c-C,Rbm7-T
Cdkn1c-C,Scrt2-T
Gm20052-C,Tbc1d30-T
BC065397-C,Gm14634-T
4930579K19Rik-C,Spryd4-T
Zfp646-C,Slc25a12-T
Nicol1-C,Gas1-T
Pdlim1-C,Gm28523-T
Mrps18a-C,Gypc-T
Adam15-C,Gm42941-T
Ints10-C,Myo9a-T
Ctsc-C,Cmtm7-T
Krcc1-C,Lrba-T
Scp2-ps2-C,Pkd2-T
Scp2-ps2-C,Gm42853-T
Wapl-C,Sp4-T
Wapl-C,Gm42727-T
Smim15-C,Tarbp1-T
Eif3h-C,UNKNOWN_1343-T
Gm37204-C,Larp4-T
Gm37204-C,Nufip2-T
Gm37204-C,Slc38a9-T
Gm37204-C,Brwd3-T
Ifih1-C,Serpinb1b-T
Nfyb-C,Habp4-T
Nfyb-C,Gigyf1-T
Nfyb-C,Mtmr10-T
Nfyb-C,Psmd10-T
Nfyb-C,Rasa2-T
Nfyb-C,Arhgef1-T
Nfyb-C,Slc2a4rg-ps-T
Nfyb-C,Gm15513-T
Nfyb-C,Gm38077-T
Prxl2c-C,Samd5-T
Prxl2c-C,Gm38217-T
Prxl2c-C,Gm37420-T
Gm14798-C,Trpv4-T
Smim10l1-C,Ncaph-T
Smim10l1-C,H2bc27-T
Smim10l1-C,Gm13340-T
Adck2-C,Trib1-T
Rtkn-C,D030028A08Rik-T
Gpaa1-C,Cfap418-T
Gpr4-C,Rom1-T
Npepps-C,Gab2-T
Npepps-C,Zc3hc1-T
Eef1a1-C,Neu1-T
Eef1a1-C,Arhgap19-T
Eef1a1-C,Plpp3-T
Eef1a1-C,Mto1-T
Eef1a1-C,Bclaf3-T
Eef1a1-C,Gm15124-T
Rmnd5b-C,Tmtc4-T
Gpr65-C,Popdc3-T
Pqbp1-C,Dhtkd1-T
Mfge8-C,Ercc1-T
Hk1-C,Arhgef26-T
Plcb4-C,Gdf10-T
Drc3-C,Zfp689-T
Limch1-C,Slc38a9-T
Limch1-C,H3f3a-T
Dynlt1f-C,Zfp738-T
1700018L02Rik-C,Fam168a-T
1700018L02Rik-C,Myo9a-T
1700018L02Rik-C,Fam199x-T
1700018L02Rik-C,Arb2a-T
1700018L02Rik-C,Uty-T
1700018L02Rik-C,Gm43677-T
C130089K02Rik-C,Zbtb44-T
Atp5mg-C,Bean1-T
Cables2-C,Fads3-T
Usp33-C,Plcg1-T
Usp33-C,Mettl5-T
Usp33-C,Fra10ac1-T
Tceanc-C,Aatf-T
Tceanc-C,Gm43133-T
Plekhn1-C,Sncg-T
Plekhn1-C,Ppp1r3g-T
Plekhn1-C,Med18-T
Nol8-C,Lrba-T
Ap3b1-C,Manea-T
Ap3b1-C,Zfp677-T
Pheta1-C,Gas1-T
Pdcd4-C,Vmac-T
Adprh-C,Nufip2-T
Adprh-C,Gm3764-T
Dipk1a-C,Gm15124-T
Wasl-C,Manea-T
Wasl-C,Zfp74-T
Wasl-C,B9d2-T
Ada-C,Fam91a1-T
Gsk3b-C,Cfap418-T
Gm9920-C,Adamts15-T
Sp4-C,Brwd1-T
Sp4-C,Gm15513-T
Sp4-C,Gm38077-T
Dok1-C,Gria4-T
Dok1-C,Zranb2-T
Dok1-C,Nptn-T
Dok1-C,Arl1-T
Net1-C,Vps39-T
Net1-C,Gigyf1-T
Net1-C,Mtmr10-T
Net1-C,Arhgef1-T
D630036H23Rik-C,Plcg1-T
D630036H23Rik-C,Plpp3-T
D630036H23Rik-C,Grk3-T
D630036H23Rik-C,Eid2-T
D630036H23Rik-C,Med12l-T
Stk26-C,Zfp738-T
Stk26-C,Samd5-T
Pomgnt1-C,Plcg1-T
Ergic2-C,Gab2-T
Ergic2-C,Lrba-T
Kras-C,Dqx1-T
Kras-C,Ndufb9-T
Kras-C,Gm38217-T
Kras-C,Gm37420-T
Kras-C,Gm43176-T
Hook2-C,Zfp638-T
Hook2-C,Wwc2-T
Hook2-C,Mier3-T
Hook2-C,Kcnma1-T
Hook2-C,Gm37266-T
Bhlhe41-C,Plcg1-T
Bhlhe41-C,Iqgap3-T
Bhlhe41-C,Mtm1-T
Bhlhe41-C,Vps13a-T
Bhlhe41-C,E230020A03Rik-T
Zhx1-C,Psme1-T
Hsdl2-C,Med18-T
Magix-C,H2bc27-T
Magix-C,Gm43133-T
Adamtsl1-C,Ascc3-T
Adamtsl1-C,Arl1-T
Psip1-C,Gab2-T
Psip1-C,Lrba-T
Psip1-C,Ppil6-T
Gnas-C,Plpp3-T
Gnas-C,Bclaf3-T
Lrrc8a-C,Ss18-T
Lrrc8a-C,Cfap418-T
Lrrc8a-C,Zfp382-T
Lrrc8a-C,Hmgcs1-T
Armcx2-C,Mipol1-T
Armcx2-C,Alkbh1-T
Pla2g3-C,Fadd-T
Cul7-C,Rfxank-T
Alkbh6-C,Notch3-T
Art4-C,Nol3-T
Art4-C,Sema6c-T
Gm25517-C,Abca4-T
Pebp4-C,2310034G01Rik-T
Gm43513-C,Trdmt1-T
Gm43513-C,Kmt2c-T
Hspa1b-C,Cdk7-T
Bcat1-C,Iqgap3-T
Bcat1-C,Gm3764-T
Afg3l1-C,Acsbg3-T
Afg3l1-C,Psmd10-T
Afg3l1-C,Sox30-T
Casz1-C,Sec16b-T
Cmc4-C,Dmxl1-T
4632415L05Rik-C,Aatf-T
4632415L05Rik-C,Rfx1-T
Tmem229b-C,Spata7-T
Tmem229b-C,Mib1-T
Tmem229b-C,Cdc42bpa-T
Tmem229b-C,Crygn-T
Tmem229b-C,Fcho2-T
Tmem229b-C,Setd2-T
Tmem229b-C,Tle5-T
Tmem229b-C,Med12l-T
Dusp28-C,Atg4d-T
Zfp760-C,Pigv-T
Samd14-C,Mterf3-T
Samd14-C,Zfp74-T
Mrps34-C,Frmd3-T
Ptrh1-C,Gm5845-T
Ccdc88a-C,Gab2-T
Lurap1-C,Psme1-T
Olfm2-C,Itgb1bp1-T
Zfp768-C,Kank3-T
Suclg2-C,Kcnma1-T
Suclg2-C,Gprin2-T
Irak1bp1-C,Rpl8-T
Irak1bp1-C,Hmox2-T
Irak1bp1-C,Gab2-T
Irak1bp1-C,Serpina3n-T
Irak1bp1-C,Habp4-T
Irak1bp1-C,Naa40-T
Irak1bp1-C,Ctso-T
Irak1bp1-C,Lrba-T
Irak1bp1-C,Ppme1-T
Irak1bp1-C,Rbm7-T
Irak1bp1-C,Kcnj4-T
Irak1bp1-C,Tubg2-T
Irak1bp1-C,Mir9-2hg-T
Irak1bp1-C,Tle5-T
Irak1bp1-C,Med12l-T
Irak1bp1-C,Exoc5-T
Irak1bp1-C,Rtl8b-T
Irak1bp1-C,Slc2a4rg-ps-T
Irak1bp1-C,C130023A14Rik-T
Arid4a-C,Mitd1-T
Guk1-C,A430018G15Rik-T
Asb8-C,Chmp6-T
Arhgap15-C,Gypc-T
Ino80c-C,Ercc1-T
Preb-C,Tarbp1-T
Top1-C,Gab2-T
Exoc1-C,Ywhah-T
Exoc1-C,Patz1-T
Exoc1-C,Ptch2-T
Exoc1-C,Tnfrsf19-T
Exoc1-C,Urm1-T
Exoc1-C,5730409E04Rik-T
Exoc1-C,Gm37777-T
Exoc1-C,Gm3364-T
Dstn-C,Gm42727-T
4930444P10Rik-C,Ankra2-T
Npas3-C,Ascl4-T
Ube2m-C,Brdt-T
Retreg3-C,Iqgap3-T
Tatdn2-C,Gm5845-T
Cltb-C,Gigyf1-T
Cltb-C,Rfx1-T
Cltb-C,Phldb1-T
Itch-C,Gm37529-T
Itch-C,Gm42727-T
Golm2-C,Gab2-T
Csnk1a1-C,Atg4d-T
Csnk1a1-C,Tor1aip1-T
Csnk1a1-C,Yars1-T
Csnk1a1-C,Furin-T
Csnk1a1-C,Atosb-T
Csnk1a1-C,Kank3-T
Csnk1a1-C,Gm42727-T
Ppp4c-C,Sdr39u1-T
Bnip1-C,Ubb-T
Bnip1-C,Tmem138-T
Bnip1-C,Sh2b1-T
Bnip1-C,4921524J17Rik-T
Bnip1-C,Tle5-T
Emc3-C,Pard6a-T
Dbndd1-C,Zgrf1-T
Tmem161b-C,Ppm1j-T
Tmem161b-C,Yars1-T
Tulp4-C,Serpina3n-T
Tulp4-C,Ndufb9-T
Tulp4-C,Zfp523-T
Tulp4-C,Arhgap19-T
Tulp4-C,Extl1-T
Tulp4-C,Furin-T
Tulp4-C,Mrpl34-T
Tulp4-C,Rnf13-T
Tulp4-C,Klhl26-T
Tulp4-C,Zfp74-T
Tulp4-C,B9d2-T
Tulp4-C,Mpst-T
Gm2445-C,E2f3-T
Gm2445-C,Phf8-T
Mospd3-C,Ercc1-T
Tpr-C,Nudt22-T
Dock10-C,Gm38357-T
Gm42636-C,Slc13a5-T
Wbp4-C,Cxcl14-T
Wbp4-C,Mfn2-T
Wbp4-C,Fcho2-T
Wbp4-C,Zfp74-T
Wbp4-C,Nkain2-T
Ripk2-C,Slc6a16-T
Ptges2-C,Pard6a-T
Ptges2-C,Nudt16l1-T
Ptges2-C,Slc7a14-T
Fhod3-C,Dhtkd1-T
Fhod3-C,Samd5-T
Ikzf5-C,Pnkp-T
Ikzf5-C,Eps8l2-T
Snora35-C,Zfp74-T
Adrb3-C,Ubr5-T
Adrb3-C,Ndst2-T
Secisbp2l-C,Nudt16l1-T
Secisbp2l-C,Fbxl22-T
Setx-C,Chmp6-T
Setx-C,Manea-T
Cfap46-C,Agk-T
Acot6-C,Ece2-T
Acot6-C,Rpgr-T
Acot6-C,Gm43176-T
Men1-C,Pcmtd1-T
Dpysl4-C,2310034G01Rik-T
Papss1-C,Rbm7-T
Papss1-C,Gm17259-T
Ahcyl2-C,Bclaf3-T
Tnfrsf1b-C,Klhl22-T
Nkapd1-C,Rbm7-T
Chi3l1-C,Iqgap3-T
Chi3l1-C,Phldb1-T
Col8a1-C,Gm26592-T
Frg1-C,Sypl2-T
Frg1-C,Lrba-T
Tmem80-C,Ercc1-T
Tmem80-C,Chmp6-T
Tmem80-C,Nudt22-T
Tmem80-C,Mipol1-T
Tmem80-C,B9d2-T
Tmem80-C,Gm29488-T
Rlbp1-C,Iqgap3-T
Rlbp1-C,Muc3a-T
Clpp-C,Smco3-T
Clpp-C,Alkbh1-T
Ctr9-C,Zfp874a-T
Sh3bgrl-C,Neu1-T
Sh3bgrl-C,Sdhb-T
Sh3bgrl-C,Ppme1-T
Sh3bgrl-C,Rnf13-T
Sh3bgrl-C,Zfp74-T
Sh3bgrl-C,B9d2-T
Alx3-C,Rimbp3-T
Cep57-C,Lrba-T
Cep57-C,Nudt22-T
Cep57-C,Snx22-T
Imp3-C,Ercc1-T
Imp3-C,Fsbp-T
Hmgb2-C,Gm13031-T
Ndufa8-C,Mto1-T
Ndufa8-C,Zfp469-T
Nipbl-C,Gm42727-T
Phf3-C,Mterf3-T
Phf3-C,Oaz2-T
Wdr6-C,F9-T
Clec14a-C,Bclaf3-T
Clec14a-C,Gprin2-T
Faap24-C,Gm10654-T
Slc22a17-C,Sdhb-T
Slc22a17-C,Habp4-T
Slc22a17-C,Fam193b-T
Slc22a17-C,Flnb-T
Slc22a17-C,Ctso-T
Slc22a17-C,Yars1-T
Slc22a17-C,Extl1-T
Slc22a17-C,Furin-T
Slc22a17-C,Tsen34-T
Slc22a17-C,Atosb-T
Slc22a17-C,Rnf13-T
Slc22a17-C,Plekhg5-T
Slc22a17-C,Oaz2-T
Slc22a17-C,Mir9-2hg-T
Slc22a17-C,H2bc27-T
Slc22a17-C,Cfap418-T
Slc22a17-C,B9d2-T
Slc22a17-C,Urm1-T
Slc22a17-C,Nkain2-T
Slc22a17-C,Ftx-T
Slc22a17-C,C130023A14Rik-T
Slc22a17-C,Gm42837-T
Ola1-C,Zfp523-T
Ola1-C,Sp4-T
Ola1-C,Yars1-T
Ola1-C,Manea-T
Ola1-C,Jam2-T
Enpp5-C,Gab2-T
Enpp5-C,Mrgbp-T
Enpp5-C,B9d2-T
A930024E05Rik-C,Ppil6-T
Zfp27-C,Popdc3-T
Mtf1-C,Psme1-T
Fgfr1op2-C,Gab2-T
Fgfr1op2-C,H3f3a-T
Hip1-C,Mchr1-T
Hip1-C,Tcea1-ps1-T
Irak3-C,F9-T
Irak3-C,Pigv-T
Nsg2-C,Shh-T
Nsg2-C,Xpnpep1-T
Nsg2-C,Sp4-T
Nsg2-C,Rab40c-T
Nsg2-C,Yars1-T
Nsg2-C,Atosb-T
Nsg2-C,Ss18-T
Nsg2-C,Mpst-T
Ofd1-C,Xpr1-T
Fhad1-C,Mrps18c-T
Fhad1-C,Rbm7-T
Efhb-C,4833417C18Rik-T
Etohd2-C,Ptpn4-T
Gpr162-C,Wbp1-T
Gpr162-C,Hspb8-T
Gpr162-C,Gm38299-T
Luzp1-C,H3f3a-T
Luzp1-C,B9d2-T
Tnfsf13os-C,Folh1-T
Tnfsf13os-C,Plag1-T
Zfp217-C,Thap11-T
Rab5c-C,Vps13d-T
Klhl18-C,Cntd1-T
2810021J22Rik-C,Epcip-T
Rnasel-C,St8sia6-T
Rnasel-C,Zfp469-T
Rnasel-C,Iqank1-T
Sh3bgrl2-C,Itgb1bp1-T
Psmg3-C,Idi1-T
Glod4-C,Fgf12-T
Slc35a3-C,Scarf1-T
A430108G06Rik-C,Rfx1-T
Ide-C,Gm38357-T
Zbtb11os1-C,Tmem104-T
2410124H12Rik-C,Cul4b-T
Bcl2l12-C,Npas3-T
Bcl2l12-C,Hs3st3b1-T
Pcmtd1-C,Nol3-T
Pcmtd1-C,Ttc8-T
Pcmtd1-C,Asphd2-T
Pcmtd1-C,Manea-T
Pcmtd1-C,Zfp74-T
Pcmtd1-C,H3f3a-T
Pcmtd1-C,B9d2-T
Pcmtd1-C,Gm38299-T
Bvht-C,Bicd1-T
Bvht-C,Prima1-T
Mafg-C,Mto1-T
Mafg-C,Alkbh1-T
Mafg-C,Gm15124-T
Ralgapa2-C,Map3k20-T
Ralgapa2-C,Slc38a9-T
Ralgapa2-C,Brwd3-T
Ralgapa2-C,Zc3h11a-T
Dhx36-C,Hmox2-T
Dhx36-C,Utp20-T
Dhx36-C,Dqx1-T
Dhx36-C,Mib1-T
Dhx36-C,Yars1-T
Dhx36-C,Extl1-T
Dhx36-C,Furin-T
Dhx36-C,Cops8-T
Dhx36-C,Smco3-T
Dhx36-C,Tnfrsf19-T
Dhx36-C,H3f3a-T
Dpp10-C,Cemip-T
1700007L15Rik-C,Paxbp1-T
St8sia2-C,Comt-T
Aasdhppt-C,Phldb1-T
Ilvbl-C,Ercc1-T
Ilvbl-C,Mib1-T
Ilvbl-C,Csnk2b-T
Ilvbl-C,Xpnpep1-T
Ilvbl-C,Flnb-T
Ilvbl-C,Rab40c-T
Ilvbl-C,Slc7a11-T
Ilvbl-C,Yars1-T
Ilvbl-C,Extl1-T
Ilvbl-C,B9d2-T
Mtrex-C,Kcnma1-T
Qser1-C,Zc3hc1-T
Qser1-C,H1f10-T
Dnajc13-C,Smco3-T
Dnajc13-C,Gm42727-T
B230219D22Rik-C,Gab2-T
B230219D22Rik-C,Fgf12-T
B230219D22Rik-C,Gdap1-T
B230219D22Rik-C,Yars1-T
B230219D22Rik-C,Zc3hc1-T
B230219D22Rik-C,Manea-T
B230219D22Rik-C,Cfap418-T
B230219D22Rik-C,Zfp74-T
B230219D22Rik-C,H3f3a-T
B230219D22Rik-C,Exoc5-T
B230219D22Rik-C,Alkbh1-T
Prpf3-C,Etv1-T
Prpf3-C,Lrfn5-T
Prpf3-C,Aldh8a1-T
Prpf3-C,Gm12999-T
Ric3-C,Gm26592-T
Rad50-C,Yars1-T
Rad50-C,Rbm7-T
Mrps22-C,Abca4-T
Fxr1-C,Gab2-T
Fxr1-C,Extl1-T
Ccdc180-C,Kcnh2-T
Npat-C,Shh-T
Npat-C,Hycc1-T
mt-Tv-C,Dhtkd1-T
Cnih2-C,Cd24a-T
2610020C07Rik-C,Hmox2-T
2610020C07Rik-C,Ywhah-T
2610020C07Rik-C,Cxcl14-T
2610020C07Rik-C,Slc25a12-T
2610020C07Rik-C,Nans-T
2610020C07Rik-C,Slf2-T
2610020C07Rik-C,Med12l-T
2610020C07Rik-C,Tnfrsf19-T
2610020C07Rik-C,Msi2-T
Vps37d-C,Pnkp-T
Vps37d-C,Zmym6-T
Vps37d-C,Gm37834-T
Fance-C,Gm37941-T
Gmppa-C,Dalrd3-T
Gmppa-C,Nphp3-T
Polr1c-C,Map3k2-T
Pten-C,Atg4d-T
Pten-C,Dcp2-T
Shfl-C,Gria4-T
Shfl-C,Mrgbp-T
Shfl-C,Zranb2-T
Isg15-C,Klhl26-T
Isg15-C,Itgb1bp1-T
Ap3s2-C,Gm15764-T
Ptk2b-C,Zfp523-T
Ptk2b-C,Steap3-T
Usp48-C,Med13l-T
Usp48-C,Wwc2-T
Elmo2-C,Gypc-T
Dlg4-C,Cdc27-T
Dlg4-C,Arhgap19-T
Dlg4-C,Zfp74-T
Dlg4-C,Exoc5-T
Dlg4-C,B9d2-T
Dlg4-C,Gm38299-T
Ubc-C,Manea-T
Arrdc4-C,Pstpip2-T
Erbin-C,Vps13a-T
Erbin-C,Gm42442-T
Tmem184c-C,Ercc1-T
Tmem184c-C,Jam2-T
Ganab-C,Ercc1-T
Ganab-C,Ndufb9-T
Twsg1-C,Ncl-T
Cyren-C,Stard4-T
Mthfd1l-C,Gm17259-T
Gxylt1-C,Ndufv3-T
Gxylt1-C,Lrp4-T
Gxylt1-C,Rbm7-T
Gxylt1-C,Smco3-T
Gxylt1-C,Ankrd16-T
Gm19817-C,Pole-T
Gm19817-C,Svil-T
Gm19817-C,Hlx-T
Chchd7-C,Zscan29-T
Nit2-C,Minar1-T
Ndn-C,UNKNOWN_1345-T
Nod1-C,Gm26225-T
Xaf1-C,Zc3h12c-T
Cstf2-C,Rab40c-T
Cstf2-C,Psd3-T
Cstf2-C,Ddx6-T
Cstf2-C,Vps13c-T
Cstf2-C,1810021B22Rik-T
Prkn-C,Plag1-T
Sox13-C,Tcea1-ps1-T
Scrib-C,Cdc25c-T
Setbp1-C,Phka1-T
Mpp7-C,Atosb-T
Mpp7-C,H3f3a-T
Tsc22d1-C,Socs5-T
Pja2-C,Xpnpep1-T
Pja2-C,Rab40c-T
Pja2-C,Csrp1-T
Pja2-C,Tor1aip1-T
Pja2-C,Yars1-T
Pja2-C,Extl1-T
Pja2-C,Manea-T
Pja2-C,Fpgt-T
Pja2-C,Col25a1-T
Pja2-C,Tnfrsf19-T
Pja2-C,B9d2-T
Pja2-C,Urm1-T
Zfp1007-C,B9d2-T
Zfp1007-C,Gm29488-T
Sytl2-C,Mto1-T
Hlf-C,Gm37452-T
Hlf-C,5730408A14Rik-T
4933439K11Rik-C,Kdm3b-T
4933439K11Rik-C,Grk3-T
Flvcr1-C,Gopc-T
Atn1-C,Etv1-T
Kpna3-C,Mipol1-T
Fer-C,Glmn-T
Fer-C,Zfp677-T
Yars1-C,Gprin2-T
Tm9sf3-C,Neu1-T
Tm9sf3-C,2810021J22Rik-T
Tm9sf3-C,Arhgap19-T
Tm9sf3-C,Mto1-T
Tm9sf3-C,Wdr27-T
Tm9sf3-C,Gm26652-T
Stag2-C,Dqx1-T
Stag2-C,Manea-T
Stag2-C,Tmem229b-T
Rpp30-C,Gm10516-T
Hdgfl3-C,Ascc3-T
Tmem203-C,Knstrn-T
Dync1h1-C,Zfp799-T
Pfn1-C,Sp3-T
Pfn1-C,Tmtc4-T
Tagln2-C,Itgb1bp1-T
2310014F06Rik-C,Serpinb1b-T
Map3k5-C,Eps8l2-T
Map3k5-C,Sox30-T
Map3k5-C,Zfp869-T
B130034C11Rik-C,Bean1-T
Ube2q2-C,Gm37941-T
Phactr2-C,Atg4d-T
Phactr2-C,Yars1-T
Phactr2-C,Mipol1-T
Fcho2-C,Ercc1-T
Fcho2-C,Rab40c-T
Fcho2-C,Furin-T
Fcho2-C,Zfp74-T
Smarca5-C,Serpina3n-T
Smarca5-C,Fgf12-T
Smarca5-C,Xpnpep1-T
Smarca5-C,Rab40c-T
Smarca5-C,Csrp1-T
Smarca5-C,Tor1aip1-T
Smarca5-C,Yars1-T
Smarca5-C,Extl1-T
Smarca5-C,Furin-T
Smarca5-C,Nicn1-T
Smarca5-C,Zfp74-T
Smarca5-C,Tnfrsf19-T
Smarca5-C,H3f3a-T
Smarca5-C,B9d2-T
Smarca5-C,A430018G15Rik-T
Smarca5-C,Tmem250-T
Pard6a-C,Ctu1-T
Sh2b3-C,Steap3-T
Ints5-C,E230020A03Rik-T
Junb-C,Gab2-T
Ncbp2-C,Fads3-T
Gtpbp4-C,Asphd2-T
Gtpbp4-C,Scarf1-T
Gtpbp4-C,Zfp74-T
Gtpbp4-C,Tmem250-T
Gtpbp4-C,Gm38077-T
Pthlh-C,Zfp874a-T
Ccdc186-C,Gab2-T
Ccdc186-C,Habp4-T
Ccdc186-C,Gm43187-T
Inpp4a-C,Nudt6-T
Bloc1s1-C,Cebpd-T
Fam98b-C,Abhd11-T
Serpinb8-C,Cdk7-T
Abitram-C,Gab2-T
Abitram-C,Paxbp1-T
Abitram-C,Zranb2-T
Abitram-C,Ppme1-T
Abitram-C,Sec24a-T
Abitram-C,Nlgn2-T
Abitram-C,Msi2-T
Abitram-C,Gm43187-T
Abitram-C,Gm43417-T
Stxbp4-C,Zgrf1-T
Hmmr-C,Sec24a-T
Hmmr-C,Gm43187-T
Dnase1l1-C,Zcwpw2-T
Ccar1-C,Btbd1-T
Ccar1-C,A430018G15Rik-T
Arl2bp-C,Srprb-T
Shoc2-C,Brwd1-T
Shoc2-C,Lrba-T
Shoc2-C,Rtl8b-T
Shoc2-C,Ftx-T
Shoc2-C,Gm38077-T
Mpnd-C,Gm43677-T
Dcxr-C,Notch3-T
Gm1976-C,Psmd2-T
Gm1976-C,Ptpn4-T
Dhx9-C,Zcwpw2-T
Gsta4-C,Nek1-T
Gsta4-C,Emc6-T
Kmt5b-C,Serpinb1b-T
Ehd1-C,Xpnpep1-T
Ehd1-C,Rab40c-T
Ehd1-C,Csrp1-T
Ehd1-C,Yars1-T
Ehd1-C,Extl1-T
Ehd1-C,Furin-T
Ehd1-C,Nicn1-T
Ehd1-C,Rab24-T
Ehd1-C,Tnfrsf19-T
Ehd1-C,H3f3a-T
Ehd1-C,B9d2-T
Ehd1-C,Urm1-T
Ehd1-C,Tmem250-T
Acbd4-C,Rpl28-ps1-T
Mef2a-C,Shh-T
Mef2a-C,Sp4-T
Mef2a-C,Jam2-T
Dr1-C,Rgs5-T
Dr1-C,Heg1-T
Vps36-C,Nol3-T
Vps36-C,Gne-T
Vps36-C,Zfp74-T
Vps36-C,B9d2-T
Lama1-C,Ap2a1-T
Crygn-C,Srprb-T
Dlg3-T,Kdelr1-T
Dlg3-T,Ndufb9-T
Dlg3-T,Klhl22-T
Dlg3-T,Arhgap19-T
Dlg3-T,Kmt2d-T
Dlg3-T,Gm38299-T
Heatr6-T,Gm1976-T
Cfp-T,Fam193b-T
Cfp-T,Ppme1-T
Cfp-T,4933439C10Rik-T
Tulp3-T,Hmox2-T
Tulp3-T,Atad5-T
Tulp3-T,Ywhah-T
Tulp3-T,Ttc8-T
Tulp3-T,Habp4-T
Tulp3-T,Fam193b-T
Tulp3-T,Cxcl14-T
Tulp3-T,Paxbp1-T
Tulp3-T,Ndufv3-T
Tulp3-T,Csnk2b-T
Tulp3-T,Rps26-T
Tulp3-T,Dusp11-T
Tulp3-T,Gde1-T
Tulp3-T,L3mbtl1-T
Tulp3-T,Atp5mf-T
Tulp3-T,Fcho2-T
Tulp3-T,Senp7-T
Tulp3-T,Tle5-T
Tulp3-T,Med12l-T
Tulp3-T,Ptk2b-T
Tulp3-T,UNKNOWN_1454-T
Tulp3-T,Cbx6-T
Tulp3-T,Muc3a-T
Tulp3-T,Gm43066-T
Ddt-T,Utp20-T
Ddt-T,Ywhah-T
Ddt-T,Ndufb9-T
Ddt-T,Brwd1-T
Ddt-T,Mib1-T
Ddt-T,Rps26-T
Ddt-T,Ctso-T
Ddt-T,Nans-T
Ddt-T,Mfn2-T
Ddt-T,Psd3-T
Ddt-T,Gde1-T
Ddt-T,Tsen34-T
Ddt-T,Slf2-T
Ddt-T,Dipk1b-T
Ddt-T,Phpt1-T
Ddt-T,Mrpl41-T
Ddt-T,Rpl37-T
Ddt-T,Tubg2-T
Ddt-T,Patl1-T
Ddt-T,Kmt2d-T
Ddt-T,Mir9-2hg-T
Ddt-T,Tnfrsf19-T
Ddt-T,Urm1-T
Ddt-T,Rpl31-T
Ddt-T,Ftx-T
Ddt-T,C130023A14Rik-T
Ddt-T,Gm38104-T
Ccdc97-T,Wbp1-T
Ccdc97-T,Tmem104-T
Plekha3-T,Cyria-T
Plekha3-T,Sp4-T
Plekha3-T,Trp53bp2-T
Plekha3-T,Slc7a11-T
Plekha3-T,Furin-T
Plekha3-T,Ss18-T
Plekha3-T,Osgin2-T
Plekha3-T,Tmem229b-T
Plekha3-T,Jam2-T
Plekha3-T,Adam10-T
Plekha3-T,Cry2-T
Kdelr1-T,Dqx1-T
Kdelr1-T,Mterf3-T
Kdelr1-T,Ndufb9-T
Kdelr1-T,Klhl22-T
Kdelr1-T,Sntg1-T
Kdelr1-T,Furin-T
Kdelr1-T,Ddhd1-T
Kdelr1-T,Oaz2-T
Kdelr1-T,C130023A14Rik-T
Kdelr1-T,Gm37529-T
Kdelr1-T,Gm38299-T
Atg4d-T,Mrps18c-T
Atg4d-T,Dcp2-T
Atg4d-T,Btbd1-T
Atg4d-T,Plekhg5-T
Atg4d-T,Naip6-T
Arrdc2-T,2810021J22Rik-T
Arrdc2-T,Pum1-T
Arrdc2-T,Dmxl1-T
Arrdc2-T,Lmbrd2-T
Arrdc2-T,B230217C12Rik-T
Etv3-T,Ywhah-T
Etv3-T,Cxcl14-T
Etv3-T,Ogdhl-T
Etv3-T,Ndufv3-T
Etv3-T,Impact-T
Etv3-T,Rps26-T
Etv3-T,Ctso-T
Etv3-T,Nans-T
Etv3-T,Rpgr-T
Etv3-T,Zcchc12-T
Etv3-T,Atp5mf-T
Etv3-T,Hspb8-T
Etv3-T,Prima1-T
Etv3-T,Mgat5b-T
Etv3-T,Tubg2-T
Etv3-T,Kmt2d-T
Etv3-T,Tle5-T
Etv3-T,Nkain2-T
Etv3-T,5730409E04Rik-T
Etv3-T,UNKNOWN_1454-T
Etv3-T,Cbx6-T
Etv3-T,C130023A14Rik-T
St8sia6-T,Cpxm1-T
St8sia6-T,Gm18284-T
Nosip-T,Fam120b-T
Nosip-T,Ndufb9-T
Nosip-T,Klhl22-T
Nosip-T,Csrp1-T
Nosip-T,Lrp4-T
Nosip-T,Furin-T
Nosip-T,Nicn1-T
Nosip-T,Ddhd1-T
Nosip-T,Kmt2d-T
Nosip-T,Med12l-T
Nosip-T,Urm1-T
Nosip-T,Gm38299-T
Bicd1-T,Mydgf-T
Bicd1-T,Gls-T
Bicd1-T,Cdc73-T
Bicd1-T,Cdc42bpa-T
Bicd1-T,R3hdm1-T
Bicd1-T,Scrt2-T
Bicd1-T,Rpl31-T
Bicd1-T,Gm42482-T
Ercc1-T,Trib1-T
Rpl8-T,Emg1-T
Rpl8-T,Tbcb-T
Rpl8-T,Sdhb-T
Rpl8-T,Sqstm1-T
Rpl8-T,Ubb-T
Rpl8-T,Ttc8-T
Rpl8-T,Fam193b-T
Rpl8-T,Ndufb9-T
Rpl8-T,Paxbp1-T
Rpl8-T,Mib1-T
Rpl8-T,Naa40-T
Rpl8-T,Drap1-T
Rpl8-T,Flnb-T
Rpl8-T,Csrp1-T
Rpl8-T,Dusp11-T
Rpl8-T,Ift122-T
Rpl8-T,Ppme1-T
Rpl8-T,Mrpl34-T
Rpl8-T,Tsen34-T
Rpl8-T,Lrfn5-T
Rpl8-T,Rnf13-T
Rpl8-T,Oaz2-T
Rpl8-T,Dmtf1-T
Rpl8-T,Kcnj4-T
Rpl8-T,Slc38a9-T
Rpl8-T,Ankrd16-T
Rpl8-T,Srcap-T
Rpl8-T,H2bc27-T
Rpl8-T,Taf1b-T
Rpl8-T,B9d2-T
Rpl8-T,Rtl8b-T
Rpl8-T,Urm1-T
Rpl8-T,Ccnyl1-T
Rpl8-T,Ppil6-T
Rpl8-T,Ftx-T
Rpl8-T,Tmem250-T
Rpl8-T,C130023A14Rik-T
Rpl8-T,Gm43133-T
Rpl8-T,Gm43751-T
Hmox2-T,Sdhb-T
Hmox2-T,Sqstm1-T
Hmox2-T,Stk32c-T
Hmox2-T,Ywhah-T
Hmox2-T,Serpina3n-T
Hmox2-T,Habp4-T
Hmox2-T,Fam193b-T
Hmox2-T,Cxcl14-T
Hmox2-T,Ogdhl-T
Hmox2-T,Sdr39u1-T
Hmox2-T,Ndufv3-T
Hmox2-T,Mib1-T
Hmox2-T,Csnk2b-T
Hmox2-T,Impact-T
Hmox2-T,Naa40-T
Hmox2-T,Rps26-T
Hmox2-T,Gls-T
Hmox2-T,Mrgbp-T
Hmox2-T,Mfn2-T
Hmox2-T,Tfip11-T
Hmox2-T,Dusp11-T
Hmox2-T,Sh2b1-T
Hmox2-T,Rasa2-T
Hmox2-T,Gde1-T
Hmox2-T,Cops8-T
Hmox2-T,Mrpl34-T
Hmox2-T,Atp5mf-T
Hmox2-T,Oaz2-T
Hmox2-T,Hspb8-T
Hmox2-T,Mgat5b-T
Hmox2-T,Tubg2-T
Hmox2-T,Kmt2d-T
Hmox2-T,Tle5-T
Hmox2-T,Ptk2b-T
Hmox2-T,Nkain2-T
Hmox2-T,Rpl31-T
Hmox2-T,Cbx6-T
Hmox2-T,C130023A14Rik-T
Hmox2-T,Peg13-T
Etv1-T,Serpina3n-T
Etv1-T,Naa40-T
Etv1-T,Lrba-T
Etv1-T,Exoc5-T
Emg1-T,Sqstm1-T
Emg1-T,Mib1-T
Emg1-T,Slc7a11-T
Emg1-T,Mfn2-T
Emg1-T,Ift122-T
Emg1-T,Rtl8b-T
Emg1-T,C130023A14Rik-T
Utp20-T,Sdhb-T
Utp20-T,Sqstm1-T
Utp20-T,Ndufb9-T
Utp20-T,Csrp1-T
Utp20-T,Lypd6b-T
Utp20-T,Ctso-T
Utp20-T,Dusp11-T
Utp20-T,Lrfn5-T
Utp20-T,Phpt1-T
Utp20-T,Rpl37-T
Utp20-T,Dmtf1-T
Utp20-T,Tmem82-T
Utp20-T,Mir9-2hg-T
Utp20-T,Tnfrsf19-T
Utp20-T,Urm1-T
Utp20-T,Ftx-T
Utp20-T,C130023A14Rik-T
Utp20-T,Peg13-T
9330159F19Rik-T,Cfdp1-T
9330159F19Rik-T,Mast1-T
9330159F19Rik-T,Dnajc8-T
9330159F19Rik-T,Gimap4-T
Gab2-T,Ncaph-T
Tmem242-T,Mdh1-T
Tmem242-T,Cxcl14-T
Tmem242-T,Ogdhl-T
Tmem242-T,Sdr39u1-T
Tmem242-T,Ndufv3-T
Tmem242-T,Rps26-T
Tmem242-T,Slc25a12-T
Tmem242-T,Vps39-T
Tmem242-T,Gde1-T
Tmem242-T,L3mbtl1-T
Tmem242-T,Ermard-T
Tmem242-T,Rad54l2-T
Tmem242-T,Krtcap2-T
Tmem242-T,Nlgn2-T
Tmem242-T,Gm43751-T
Slc1a2-T,Slc22a17-T
Slc1a2-T,Ybx1-T
Pard6a-T,Nudt16l1-T
Pard6a-T,Mib1-T
Pard6a-T,Dcp2-T
Pard6a-T,Tmem138-T
Pard6a-T,Xpnpep1-T
Pard6a-T,Ptpn4-T
Pard6a-T,Yars1-T
Pard6a-T,Rnf13-T
Pard6a-T,Bend3-T
Pard6a-T,Gas1-T
Apc-T,Med13l-T
Apc-T,Mydgf-T
Apc-T,Dnmt3a-T
Apc-T,Trip11-T
Apc-T,Pja2-T
Apc-T,Cep350-T
Apc-T,Arhgap5-T
Apc-T,Dmxl1-T
Apc-T,Ehbp1-T
Apc-T,Setd2-T
Apc-T,B230217C12Rik-T
Apc-T,Pcmtd1-T
Apc-T,Fra10ac1-T
Apc-T,Ep300-T
Apc-T,Kcnma1-T
Apc-T,Msi2-T
Apc-T,Gm43765-T
Tbcb-T,Ubb-T
Tbcb-T,Agk-T
Tbcb-T,Gde1-T
Tbcb-T,Rxrb-T
Tbcb-T,Kcnj4-T
Tbcb-T,Slc38a9-T
Tbcb-T,Ftx-T
Tbcb-T,Gm38104-T
Kmt2b-T,Spata7-T
Kmt2b-T,Rps26-T
Kmt2b-T,Ermard-T
Kmt2b-T,Dctpp1-T
Rps9-T,Sdhb-T
Rps9-T,Larp4-T
Rps9-T,Casq2-T
Rps9-T,Rnf13-T
Rps9-T,Tcf4-T
Rps9-T,H2bc27-T
Rps9-T,Rtl8b-T
Rps9-T,Hmgcs1-T
Rps9-T,Gm43133-T
Tcf23-T,Gm37452-T
Psmd2-T,Sdr39u1-T
Psmd2-T,Gdap1-T
Psmd2-T,Ptpn4-T
Psmd2-T,4921524J17Rik-T
Psmd2-T,Gm43417-T
Dqx1-T,Tor1aip1-T
Dqx1-T,Nicn1-T
Dqx1-T,Kmt2c-T
Dqx1-T,Gm37529-T
Sdhb-T,Sqstm1-T
Sdhb-T,Ywhah-T
Sdhb-T,Habp4-T
Sdhb-T,Fam193b-T
Sdhb-T,Ogdhl-T
Sdhb-T,Ndufb9-T
Sdhb-T,Brwd1-T
Sdhb-T,Mib1-T
Sdhb-T,Drap1-T
Sdhb-T,Gls-T
Sdhb-T,Csrp1-T
Sdhb-T,Ctso-T
Sdhb-T,Mfn2-T
Sdhb-T,Dusp11-T
Sdhb-T,Gde1-T
Sdhb-T,Mrpl34-T
Sdhb-T,Tsen34-T
Sdhb-T,Lrfn5-T
Sdhb-T,Atosb-T
Sdhb-T,Dipk1b-T
Sdhb-T,Rnf13-T
Sdhb-T,Phpt1-T
Sdhb-T,Atp5mf-T
Sdhb-T,Cfap69-T
Sdhb-T,Oaz2-T
Sdhb-T,Fcho2-T
Sdhb-T,Dmtf1-T
Sdhb-T,Krtcap2-T
Sdhb-T,Kcnj4-T
Sdhb-T,Tubg2-T
Sdhb-T,Ankrd16-T
Sdhb-T,Kmt2d-T
Sdhb-T,Mir9-2hg-T
Sdhb-T,Tle5-T
Sdhb-T,Fry-T
Sdhb-T,Zfp74-T
Sdhb-T,B9d2-T
Sdhb-T,Rtl8b-T
Sdhb-T,Urm1-T
Sdhb-T,Rpl31-T
Sdhb-T,Ppil6-T
Sdhb-T,Naip6-T
Sdhb-T,Slc2a4rg-ps-T
Sdhb-T,C130023A14Rik-T
Sdhb-T,Gm43751-T
Trpv4-T,Htr6-T
Trpv4-T,Errfi1-T
Fam120b-T,Lrp4-T
Fam120b-T,Nicn1-T
Nol3-T,Ttc8-T
Nol3-T,Chmp6-T
Nol3-T,Mfn2-T
Nol3-T,Wbp1-T
Nol3-T,Vps13c-T
Nol3-T,Tubg2-T
Nol3-T,Vmac-T
Nol3-T,Ccnyl1-T
Lpl-T,Dgkh-T
Sqstm1-T,Ywhah-T
Sqstm1-T,Ubb-T
Sqstm1-T,Fam193b-T
Sqstm1-T,Mib1-T
Sqstm1-T,Csnk2b-T
Sqstm1-T,Naa40-T
Sqstm1-T,Drap1-T
Sqstm1-T,Gls-T
Sqstm1-T,Dusp11-T
Sqstm1-T,Ift122-T
Sqstm1-T,Ppme1-T
Sqstm1-T,Psmd10-T
Sqstm1-T,Cops8-T
Sqstm1-T,Mrpl34-T
Sqstm1-T,Tsen34-T
Sqstm1-T,Oaz2-T
Sqstm1-T,Kcnj4-T
Sqstm1-T,Tle5-T
Sqstm1-T,Fry-T
Sqstm1-T,Ppil6-T
Sqstm1-T,Slc2a4rg-ps-T
Sqstm1-T,C130023A14Rik-T
Sqstm1-T,Peg13-T
Stk32c-T,Ywhah-T
Stk32c-T,Serpina3n-T
Stk32c-T,Gls-T
Stk32c-T,Gde1-T
Stk32c-T,Cops8-T
Stk32c-T,Mrpl34-T
Stk32c-T,Vps13c-T
Stk32c-T,Lrfn5-T
Stk32c-T,Dmtf1-T
Stk32c-T,Kcnj4-T
Stk32c-T,Ankrd16-T
Stk32c-T,Srcap-T
Stk32c-T,Tle5-T
Stk32c-T,Ptk2b-T
Stk32c-T,Taf1b-T
Stk32c-T,Tnfrsf19-T
Stk32c-T,Rtl8b-T
Stk32c-T,Cbx6-T
Stk32c-T,Muc3a-T
Stk32c-T,Gm3364-T
Stk32c-T,Gm43751-T
Stk32c-T,Peg13-T
E2f3-T,Sting1-T
Mtif3-T,Cbx6-T
Mrps18c-T,Gde1-T
Mrps18c-T,Mgat5b-T
Plcg1-T,Plpp3-T
Plcg1-T,Flna-T
Plcg1-T,Dzip1l-T
Plcg1-T,Arl1-T
Etaa1-T,Slc22a17-T
Etaa1-T,Flnb-T
Etaa1-T,Sh2b1-T
Etaa1-T,Zpr1-T
Etaa1-T,Gm14634-T
Rarb-T,Ncl-T
Atad5-T,Sec24a-T
Med13l-T,Mydgf-T
Med13l-T,Clip4-T
Med13l-T,Fam168a-T
Med13l-T,Zfp638-T
Med13l-T,Cep350-T
Med13l-T,Lmbrd2-T
Med13l-T,Wwp1-T
Med13l-T,Ehbp1-T
Med13l-T,Setd2-T
Med13l-T,B230217C12Rik-T
Med13l-T,Pcmtd1-T
Med13l-T,Mrfap1-T
Med13l-T,Tubb2a-T
Med13l-T,Kcnma1-T
Med13l-T,Gm3687-T
Med13l-T,Gm37266-T
Gdf9-T,Mtpap-T
Appbp2-T,Erbin-T
Appbp2-T,Ndufv3-T
Appbp2-T,Sh2b1-T
Appbp2-T,Gde1-T
Appbp2-T,Senp7-T
Appbp2-T,Mrfap1-T
Appbp2-T,Dap3-T
Appbp2-T,Rpl31-T
Appbp2-T,Cbx6-T
Aatf-T,Nhsl1-T
Aatf-T,Heg1-T
Ywhah-T,Ubb-T
Ywhah-T,Ttc8-T
Ywhah-T,Serpina3n-T
Ywhah-T,Habp4-T
Ywhah-T,Fam193b-T
Ywhah-T,Cxcl14-T
Ywhah-T,Sdr39u1-T
Ywhah-T,Paxbp1-T
Ywhah-T,Ndufv3-T
Ywhah-T,Impact-T
Ywhah-T,Naa40-T
Ywhah-T,Drap1-T
Ywhah-T,Rps26-T
Ywhah-T,Ctso-T
Ywhah-T,Tfip11-T
Ywhah-T,Dusp11-T
Ywhah-T,Gde1-T
Ywhah-T,Cops8-T
Ywhah-T,Mrpl34-T
Ywhah-T,Dipk1b-T
Ywhah-T,Sec24a-T
Ywhah-T,Atp5mf-T
Ywhah-T,Oaz2-T
Ywhah-T,Rad54l2-T
Ywhah-T,Arhgef1-T
Ywhah-T,Hspb8-T
Ywhah-T,Fcho2-T
Ywhah-T,Krtcap2-T
Ywhah-T,Mgat5b-T
Ywhah-T,Kcnj4-T
Ywhah-T,Kmt2d-T
Ywhah-T,Senp7-T
Ywhah-T,Tle5-T
Ywhah-T,Med12l-T
Ywhah-T,Ptk2b-T
Ywhah-T,Nkain2-T
Ywhah-T,Rpl31-T
Ywhah-T,UNKNOWN_1454-T
Ywhah-T,Ftx-T
Ywhah-T,Cbx6-T
Ywhah-T,Muc3a-T
Ywhah-T,Gm3764-T
Ywhah-T,C130023A14Rik-T
Ywhah-T,Gm43751-T
Dalrd3-T,Gm43420-T
Dalrd3-T,Gm42771-T
Ubb-T,Drap1-T
Ubb-T,Carf-T
Ubb-T,Dusp11-T
Ubb-T,Rad54l2-T
Ubb-T,Arhgef1-T
Ubb-T,Kcnj4-T
Ubb-T,Tle5-T
Ubb-T,Ptk2b-T
Ubb-T,Rtl8b-T
Ubb-T,Ftx-T
Ubb-T,Gm38104-T
Ubb-T,Gm43133-T
Mydgf-T,Mdh1-T
Mydgf-T,Pja2-T
Mydgf-T,Gria4-T
Mydgf-T,Spopl-T
Mydgf-T,Fam168a-T
Mydgf-T,Zfp638-T
Mydgf-T,Ndn-T
Mydgf-T,Cep350-T
Mydgf-T,Arhgap5-T
Mydgf-T,Ascc3-T
Mydgf-T,Tnrc18-T
Mydgf-T,Ehbp1-T
Mydgf-T,Setd2-T
Mydgf-T,Pcmtd1-T
Mydgf-T,Fra10ac1-T
Mydgf-T,Ep300-T
Mydgf-T,Mrfap1-T
Mydgf-T,R3hdm1-T
Mydgf-T,Nap1l1-T
Mydgf-T,Kcnma1-T
Mydgf-T,Gm43765-T
L3hypdh-T,Gm14634-T
Rgs17-T,Elf4-T
Rgs17-T,Epcip-T
Rgs17-T,Gm16168-T
Pex3-T,Pja2-T
Pex3-T,Pum1-T
Pex3-T,Fam168a-T
Pex3-T,Gm18284-T
Rab36-T,Mdh1-T
Rab36-T,Vps39-T
Rab36-T,Kdm3b-T
Rab36-T,Mrfap1-T
Vps13d-T,Dock6-T
Vps13d-T,1810021B22Rik-T
Mdh1-T,Habp4-T
Mdh1-T,Erbin-T
Mdh1-T,Slc25a12-T
Mdh1-T,Vps39-T
Mdh1-T,Zranb2-T
Mdh1-T,Ndufaf4-T
Mdh1-T,Nptn-T
Mdh1-T,Ndn-T
Mdh1-T,Map3k13-T
Mdh1-T,L3mbtl1-T
Mdh1-T,Nufip2-T
Mdh1-T,Kdm3b-T
Mdh1-T,Lmbrd2-T
Mdh1-T,Fcho2-T
Mdh1-T,Ehbp1-T
Mdh1-T,Nlgn2-T
Mdh1-T,Senp7-T
Mdh1-T,Tle5-T
Mdh1-T,Mrfap1-T
Mdh1-T,Tubb2a-T
Mdh1-T,Nbeal1-T
Mdh1-T,Slc2a4rg-ps-T
Mdh1-T,Gm15513-T
Patz1-T,Ndufa5-T
Patz1-T,Ddx6-T
Patz1-T,Nicn1-T
Patz1-T,Eif2s2-T
Patz1-T,Gm12999-T
Patz1-T,Gm3364-T
Cyria-T,Zfp523-T
Cyria-T,Nxph3-T
Sdc1-T,Bend3-T
Dus4l-T,Kctd12b-T
Dus4l-T,Idi1-T
Dnmt3a-T,Trip11-T
Dnmt3a-T,Gria4-T
Dnmt3a-T,Cdc42bpa-T
Dnmt3a-T,Macf1-T
Dnmt3a-T,Cep350-T
Dnmt3a-T,Ascc3-T
Dnmt3a-T,Tnrc18-T
Dnmt3a-T,Setd2-T
Dnmt3a-T,Fra10ac1-T
Dnmt3a-T,Kcnma1-T
Dnmt3a-T,Gm43765-T
Cdc27-T,Fgf12-T
Cdc27-T,Chmp6-T
Cdc27-T,Ptpn4-T
Cdc27-T,Csrp1-T
Cdc27-T,Dgkh-T
Cdc27-T,Gphn-T
Cdc27-T,Adam10-T
Cdc27-T,Tnfrsf19-T
Cdc27-T,Aard-T
Grin2c-T,Htr6-T
Unk-T,Qng1-T
Unk-T,Sting1-T
Unk-T,Thumpd1-T
Mxra7-T,Skic3-T
Mxra7-T,Mir9-2hg-T
Mxra7-T,Gm43751-T
Mia2-T,Trip11-T
Spata7-T,Dctpp1-T
Spata7-T,Tle5-T
Spata7-T,R3hdm1-T
Spata7-T,Arb2a-T
Spata7-T,Gm37777-T
Ttc8-T,Fam193b-T
Ttc8-T,Cxcl14-T
Ttc8-T,Paxbp1-T
Ttc8-T,Drap1-T
Ttc8-T,Dusp11-T
Ttc8-T,Mrpl34-T
Ttc8-T,Zcchc12-T
Ttc8-T,Ddhd1-T
Ttc8-T,Atp5mf-T
Ttc8-T,Oaz2-T
Ttc8-T,Hspb8-T
Ttc8-T,Nlgn2-T
Ttc8-T,Fry-T
Ttc8-T,Tnfrsf19-T
Ttc8-T,Nkain2-T
Ttc8-T,UNKNOWN_1454-T
Ttc8-T,Gm38104-T
Serpina3n-T,Extl1-T
Serpina3n-T,Tfip11-T
Serpina3n-T,Cops8-T
Serpina3n-T,Vps13c-T
Serpina3n-T,Zcchc12-T
Serpina3n-T,Zc3hc1-T
Serpina3n-T,Oaz2-T
Serpina3n-T,Scrt2-T
Serpina3n-T,Tnfrsf19-T
Serpina3n-T,Slc2a4rg-ps-T
Erh-T,Hexim2-T
Trip11-T,Pja2-T
Trip11-T,Fam168a-T
Trip11-T,Wwc2-T
Trip11-T,Cep350-T
Trip11-T,Arhgap5-T
Trip11-T,Kcnh2-T
Trip11-T,Wwp1-T
Trip11-T,Ehbp1-T
Trip11-T,Setd2-T
Trip11-T,Vcpip1-T
Trip11-T,Fra10ac1-T
Trip11-T,Tubb2a-T
Trip11-T,Nap1l1-T
Trip11-T,Kcnma1-T
Trip11-T,Gm37266-T
Trip11-T,Gm43765-T
Fdft1-T,Slc22a17-T
Fdft1-T,Mib1-T
Fdft1-T,Sh2b1-T
Fdft1-T,Cep15-T
Fdft1-T,Dgkh-T
Fdft1-T,Mrpl41-T
Fdft1-T,Zbtb37-T
Fdft1-T,Vcpip1-T
Fdft1-T,Patl1-T
Fdft1-T,Zfp664-T
Kif26a-T,Gm8186-T
Habp4-T,Cxcl14-T
Habp4-T,Erbin-T
Habp4-T,Brwd1-T
Habp4-T,Ndufv3-T
Habp4-T,Naa40-T
Habp4-T,Flnb-T
Habp4-T,Rps26-T
Habp4-T,Slc25a12-T
Habp4-T,Mrgbp-T
Habp4-T,Ctso-T
Habp4-T,Zranb2-T
Habp4-T,Macf1-T
Habp4-T,Mfn2-T
Habp4-T,Gigyf1-T
Habp4-T,Dusp11-T
Habp4-T,Mrpl3-T
Habp4-T,Gde1-T
Habp4-T,Vps13c-T
Habp4-T,Tsen34-T
Habp4-T,Phpt1-T
Habp4-T,Atp5mf-T
Habp4-T,Krtcap2-T
Habp4-T,Tubg2-T
Habp4-T,Emc6-T
Habp4-T,Ankrd16-T
Habp4-T,Kmt2d-T
Habp4-T,Mir9-2hg-T
Habp4-T,Tle5-T
Habp4-T,Mrfap1-T
Habp4-T,Med12l-T
Habp4-T,Ptk2b-T
Habp4-T,B9d2-T
Habp4-T,Rpl31-T
Habp4-T,Slc2a4rg-ps-T
Habp4-T,Gm15513-T
Habp4-T,Muc3a-T
Habp4-T,Gm38104-T
Fam193b-T,Sdr39u1-T
Fam193b-T,Nudt16l1-T
Fam193b-T,Paxbp1-T
Fam193b-T,Drap1-T
Fam193b-T,Flnb-T
Fam193b-T,Dusp11-T
Fam193b-T,Ppme1-T
Fam193b-T,Mrpl34-T
Fam193b-T,Arhgef1-T
Fam193b-T,Slc38a9-T
Fam193b-T,Ftx-T
Fam193b-T,Muc3a-T
Fam193b-T,Gm3764-T
Fam193b-T,Gm43417-T
Cxcl14-T,Ndufv3-T
Cxcl14-T,Mib1-T
Cxcl14-T,Naa40-T
Cxcl14-T,Rps26-T
Cxcl14-T,Slc25a12-T
Cxcl14-T,Ctso-T
Cxcl14-T,Nans-T
Cxcl14-T,Extl1-T
Cxcl14-T,Mfn2-T
Cxcl14-T,Tfip11-T
Cxcl14-T,Dusp11-T
Cxcl14-T,Rpgr-T
Cxcl14-T,Gde1-T
Cxcl14-T,L3mbtl1-T
Cxcl14-T,Dipk1b-T
Cxcl14-T,Zcchc12-T
Cxcl14-T,Atp5mf-T
Cxcl14-T,Oaz2-T
Cxcl14-T,Hspb8-T
Cxcl14-T,Fcho2-T
Cxcl14-T,Grk3-T
Cxcl14-T,Rbm7-T
Cxcl14-T,Tubg2-T
Cxcl14-T,Emc6-T
Cxcl14-T,Kmt2d-T
Cxcl14-T,Med12l-T
Cxcl14-T,Scrt2-T
Cxcl14-T,Tnfrsf19-T
Cxcl14-T,Nkain2-T
Cxcl14-T,Cbx6-T
Cxcl14-T,C130023A14Rik-T
Mterf3-T,Slc22a17-T
Mterf3-T,Mib1-T
Mterf3-T,Sh2b1-T
Mterf3-T,Rnf13-T
Mterf3-T,Oaz2-T
Mterf3-T,Rpl37-T
Mterf3-T,Kcnj4-T
Mterf3-T,Fry-T
Mterf3-T,Gm37941-T
Cast-T,Dgkh-T
Ankra2-T,Vash2-T
Ankra2-T,Ankrd16-T
Erbin-T,Ndufv3-T
Erbin-T,Naa40-T
Erbin-T,Gria4-T
Erbin-T,Zranb2-T
Erbin-T,Nans-T
Erbin-T,Tfip11-T
Erbin-T,Nptn-T
Erbin-T,Ndn-T
Erbin-T,Map3k13-T
Erbin-T,Vps13c-T
Erbin-T,Tnrc18-T
Erbin-T,Fcho2-T
Erbin-T,Grk3-T
Erbin-T,Tubg2-T
Erbin-T,Senp7-T
Erbin-T,Med12l-T
Erbin-T,Arl1-T
Erbin-T,UNKNOWN_1454-T
Erbin-T,Slc2a4rg-ps-T
Erbin-T,Cbx6-T
Ogdhl-T,Ndufv3-T
Ogdhl-T,Mfn2-T
Ogdhl-T,Dmtf1-T
Ogdhl-T,Krtcap2-T
Ogdhl-T,Mgat5b-T
Ogdhl-T,Tubg2-T
Ogdhl-T,Ankrd16-T
Ogdhl-T,Tle5-T
Ogdhl-T,UNKNOWN_1454-T
Ogdhl-T,Peg13-T
Slc22a17-T,Pstpip2-T
Slc22a17-T,Dgkh-T
Slc22a17-T,Gphn-T
Slc22a17-T,Arb2a-T
Slc22a17-T,Nkain1-T
Carmil3-T,Gm3764-T
Carmil3-T,Gm37033-T
Psme1-T,Mllt6-T
Psme1-T,Tmem82-T
Sdr39u1-T,Ctso-T
Sdr39u1-T,Gigyf1-T
Sdr39u1-T,Dusp11-T
Sdr39u1-T,Slc2a4rg-ps-T
Sdr39u1-T,1810021B22Rik-T
Sdr39u1-T,Peg13-T
Ndufb9-T,Klhl22-T
Ndufb9-T,Mib1-T
Ndufb9-T,Csnk2b-T
Ndufb9-T,Rps26-T
Ndufb9-T,Rab40c-T
Ndufb9-T,Gls-T
Ndufb9-T,Csrp1-T
Ndufb9-T,Ctso-T
Ndufb9-T,Extl1-T
Ndufb9-T,Asphd2-T
Ndufb9-T,Dusp11-T
Ndufb9-T,Ift122-T
Ndufb9-T,Psd3-T
Ndufb9-T,Furin-T
Ndufb9-T,Nicn1-T
Ndufb9-T,Cops8-T
Ndufb9-T,Mrpl34-T
Ndufb9-T,L3mbtl1-T
Ndufb9-T,Tsen34-T
Ndufb9-T,Dipk1b-T
Ndufb9-T,Rnf13-T
Ndufb9-T,Ddhd1-T
Ndufb9-T,Atp5mf-T
Ndufb9-T,Rxrb-T
Ndufb9-T,Plekhg5-T
Ndufb9-T,Dmtf1-T
Ndufb9-T,Kcnj4-T
Ndufb9-T,Emc6-T
Ndufb9-T,Kmt2d-T
Ndufb9-T,Mir9-2hg-T
Ndufb9-T,Srcap-T
Ndufb9-T,Fry-T
Ndufb9-T,H2bc27-T
Ndufb9-T,Taf1b-T
Ndufb9-T,Nrm-T
Ndufb9-T,Tnfrsf19-T
Ndufb9-T,Urm1-T
Ndufb9-T,Nkain2-T
Ndufb9-T,Tmem250-T
Ndufb9-T,C130023A14Rik-T
Ndufb9-T,Gm37529-T
Ndufb9-T,Gm38104-T
Col14a1-T,Mecp2-T
Adsl-T,Casq2-T
Adsl-T,Macf1-T
Adsl-T,Eif4ebp1-T
Adsl-T,D630023F18Rik-T
Adsl-T,Fzd5-T
Shisa9-T,Me1-T
Shisa9-T,Ccnyl1-T
Nudt16l1-T,Dusp11-T
Nudt16l1-T,Dipk1b-T
Nudt16l1-T,Krtcap2-T
Nudt16l1-T,Ankrd16-T
Fgf12-T,Mib1-T
Fgf12-T,Gdap1-T
Fgf12-T,Mfn2-T
Fgf12-T,Brdt-T
Fgf12-T,Rnf13-T
Fgf12-T,4921524J17Rik-T
Fgf12-T,Plekhg5-T
Fgf12-T,Tmem104-T
Fgf12-T,Zbtb45-T
Fgf12-T,Adam10-T
Fgf12-T,H2bc27-T
Fgf12-T,Rtl8b-T
Cep97-T,Nufip2-T
Cep97-T,Tle5-T
Klhl22-T,Csrp1-T
Klhl22-T,Furin-T
Klhl22-T,Mrpl41-T
Klhl22-T,Patl1-T
Klhl22-T,Gphn-T
Klhl22-T,Mir9-2hg-T
Klhl22-T,Tnfrsf19-T
Klhl22-T,Urm1-T
Klhl22-T,C130023A14Rik-T
Klhl22-T,Gm38299-T
Lrch3-T,Cops8-T
Lrch3-T,Vps13a-T
Lrch3-T,R3hdm1-T
Ece2-T,Macf1-T
Ece2-T,Dusp11-T
Ece2-T,Arhgef1-T
Ece2-T,Gm3764-T
Brwd1-T,Mib1-T
Brwd1-T,Pcx-T
Brwd1-T,Flnb-T
Brwd1-T,Gdap1-T
Brwd1-T,Cdc42bpa-T
Brwd1-T,Rgs5-T
Brwd1-T,Nans-T
Brwd1-T,Mfn2-T
Brwd1-T,Mtmr10-T
Brwd1-T,Sh2b1-T
Brwd1-T,Psmd10-T
Brwd1-T,Gde1-T
Brwd1-T,Tsen34-T
Brwd1-T,Bend3-T
Brwd1-T,Srcap-T
Brwd1-T,Nrm-T
Brwd1-T,Rtl8b-T
Brwd1-T,Rpl31-T
Brwd1-T,Ppil6-T
Brwd1-T,Slc2a4rg-ps-T
Brwd1-T,C030013C21Rik-T
Brwd1-T,Gm15513-T
Brwd1-T,Ftx-T
Brwd1-T,6430511E19Rik-T
Brwd1-T,C130023A14Rik-T
Brwd1-T,Gm38104-T
Brwd1-T,Gm38077-T
Brwd1-T,Gm42482-T
Brwd1-T,Peg13-T
Paxbp1-T,Ndufv3-T
Paxbp1-T,Naa40-T
Paxbp1-T,Drap1-T
Paxbp1-T,Flnb-T
Paxbp1-T,Rps26-T
Paxbp1-T,Gria4-T
Paxbp1-T,Zranb2-T
Paxbp1-T,Gigyf1-T
Paxbp1-T,Cops8-T
Paxbp1-T,Sec24a-T
Paxbp1-T,Rad54l2-T
Paxbp1-T,Arhgef1-T
Paxbp1-T,Nlgn2-T
Paxbp1-T,Senp7-T
Paxbp1-T,Tle5-T
Paxbp1-T,Ftx-T
Paxbp1-T,Muc3a-T
Paxbp1-T,Gm3764-T
Paxbp1-T,Gm43187-T
Scaf4-T,Fam168a-T
Scaf4-T,Cep350-T
Scaf4-T,Lmbrd2-T
Scaf4-T,Pcmtd1-T
Scaf4-T,Nap1l1-T
Scaf4-T,Kcnma1-T
Larp4-T,Casq2-T
Larp4-T,Ppme1-T
Larp4-T,Tcf4-T
Ndufa5-T,Eif2s2-T
Ndufa5-T,Gm12999-T
Rhebl1-T,Iws1-T
Ndufv3-T,Rps26-T
Ndufv3-T,Slc25a12-T
Ndufv3-T,Mrgbp-T
Ndufv3-T,Tfip11-T
Ndufv3-T,Gde1-T
Ndufv3-T,Cops8-T
Ndufv3-T,Oaz2-T
Ndufv3-T,Fcho2-T
Ndufv3-T,Senp7-T
Ndufv3-T,Tle5-T
Ndufv3-T,Med12l-T
Ndufv3-T,Nkain2-T
Ndufv3-T,UNKNOWN_1454-T
Clip4-T,Plpp3-T
Clip4-T,Rfx1-T
Clip4-T,Sec24a-T
Clip4-T,Krtcap2-T
Clip4-T,Tet1-T
Clip4-T,Kmt2d-T
Clip4-T,Pcmtd1-T
Clip4-T,Mrfap1-T
Clip4-T,Med12l-T
Clip4-T,Gm15513-T
Clip4-T,Gm3687-T
Clip4-T,Muc3a-T
Clip4-T,Gm43187-T
Pja2-T,Cdc42bpa-T
Pja2-T,Zfp638-T
Pja2-T,Cep350-T
Pja2-T,Kcnh2-T
Pja2-T,Lmbrd2-T
Pja2-T,Wwp1-T
Pja2-T,Zbtb37-T
Pja2-T,Fzd5-T
Pja2-T,Pcmtd1-T
Pja2-T,Nap1l1-T
Pja2-T,Kcnma1-T
Pja2-T,Gm18284-T
Zfp523-T,Sp4-T
Zfp523-T,Csrp1-T
Zfp523-T,Rxrb-T
Zfp523-T,Nxph3-T
Zfp523-T,Tnfrsf19-T
Zfp523-T,Mpst-T
Mtpap-T,Mgat5b-T
Mtpap-T,Tbc1d30-T
Svil-T,2310057M21Rik-T
Mib1-T,Csnk2b-T
Mib1-T,Rps26-T
Mib1-T,Gdap1-T
Mib1-T,Gls-T
Mib1-T,Csrp1-T
Mib1-T,Mrgbp-T
Mib1-T,Ctso-T
Mib1-T,Mfn2-T
Mib1-T,Ift122-T
Mib1-T,Psd3-T
Mib1-T,Sh2b1-T
Mib1-T,Cep15-T
Mib1-T,Gde1-T
Mib1-T,Dgkh-T
Mib1-T,Tsen34-T
Mib1-T,Lrfn5-T
Mib1-T,Dipk1b-T
Mib1-T,Rnf13-T
Mib1-T,Atp5mf-T
Mib1-T,Rxrb-T
Mib1-T,Fcho2-T
Mib1-T,Dmtf1-T
Mib1-T,Zbtb37-T
Mib1-T,Kcnj4-T
Mib1-T,Tubg2-T
Mib1-T,Tmem104-T
Mib1-T,Srcap-T
Mib1-T,Tle5-T
Mib1-T,Med12l-T
Mib1-T,H2bc27-T
Mib1-T,Tnfrsf19-T
Mib1-T,B9d2-T
Mib1-T,Rtl8b-T
Mib1-T,Urm1-T
Mib1-T,Rpl31-T
Mib1-T,Naip6-T
Mib1-T,Ftx-T
Mib1-T,C130023A14Rik-T
Sting1-T,F9-T
Spata24-T,Atosb-T
Spata24-T,Col8a1-T
Stard4-T,Plin2-T
Stard4-T,Gm43066-T
Map3k2-T,Iws1-T
Map3k2-T,Mto1-T
Map3k2-T,D030028A08Rik-T
Iws1-T,Spopl-T
Iws1-T,Fam168a-T
Iws1-T,Zfp638-T
Iws1-T,Mier3-T
Iws1-T,Cep350-T
Iws1-T,Setd2-T
Iws1-T,Tcf4-T
Iws1-T,Fra10ac1-T
Iws1-T,R3hdm1-T
Iws1-T,Nap1l1-T
Iws1-T,Kcnma1-T
Csnk2b-T,Xpnpep1-T
Csnk2b-T,Ctso-T
Csnk2b-T,Yars1-T
Csnk2b-T,Tfip11-T
Csnk2b-T,Vps13c-T
Csnk2b-T,Atp5mf-T
Csnk2b-T,Col25a1-T
Csnk2b-T,Scrt2-T
Csnk2b-T,Tnfrsf19-T
Csnk2b-T,Nkain2-T
Csnk2b-T,Heg1-T
Csnk2b-T,Hmgcs1-T
Csnk2b-T,C130023A14Rik-T
Impact-T,Atp1b1-T
Impact-T,Atg9b-T
Impact-T,Oaz2-T
Impact-T,Rbm7-T
Impact-T,Ptk2b-T
Impact-T,Nkain2-T
Impact-T,5730409E04Rik-T
Impact-T,UNKNOWN_1454-T
Impact-T,1810021B22Rik-T
Impact-T,Cbx6-T
Fads2-T,Thoc3-T
Fads2-T,Cfh-T
Fads2-T,Eif2s2-T
Tmem138-T,Sec24a-T
Tmem138-T,Zbtb37-T
Tmem138-T,Gm42482-T
Naa40-T,Rps26-T
Naa40-T,Ctso-T
Naa40-T,Lrba-T
Naa40-T,Dusp11-T
Naa40-T,Psmd10-T
Naa40-T,Cops8-T
Naa40-T,Mrpl34-T
Naa40-T,Tsen34-T
Naa40-T,Zcchc12-T
Naa40-T,Atp5mf-T
Naa40-T,Oaz2-T
Naa40-T,Emc6-T
Naa40-T,Kmt2d-T
Naa40-T,Senp7-T
Naa40-T,Tle5-T
Naa40-T,Med12l-T
Naa40-T,Fry-T
Naa40-T,Slc2a4rg-ps-T
Naa40-T,C130023A14Rik-T
Naa40-T,Gm38299-T
Pcx-T,Fzd5-T
Pcx-T,Cdk7-T
Pcx-T,Gm43765-T
Drap1-T,Dusp11-T
Drap1-T,Ppme1-T
Drap1-T,Tsen34-T
Drap1-T,Oaz2-T
Drap1-T,Arhgef1-T
Drap1-T,Dmtf1-T
Drap1-T,Tubg2-T
Drap1-T,Mir9-2hg-T
Drap1-T,Nlgn2-T
Drap1-T,Srcap-T
Drap1-T,Tle5-T
Drap1-T,Fry-T
Drap1-T,4933439C10Rik-T
Drap1-T,Ftx-T
Drap1-T,Dynlt1a-T
Drap1-T,Gm3764-T
Drap1-T,C130023A14Rik-T
Xpnpep1-T,Yars1-T
Xpnpep1-T,Scrt2-T
Xpnpep1-T,Hmgcs1-T
Btbd1-T,H1f10-T
Btbd1-T,B9d2-T
Btbd1-T,Naip6-T
Arhgap19-T,Map3k13-T
Arhgap19-T,Hspb8-T
Flnb-T,Rps26-T
Flnb-T,Ctso-T
Flnb-T,Macf1-T
Flnb-T,Mfn2-T
Flnb-T,Ppme1-T
Flnb-T,Zpr1-T
Flnb-T,L3mbtl1-T
Flnb-T,Tsen34-T
Flnb-T,Rnf13-T
Flnb-T,Atp5mf-T
Flnb-T,Arhgef1-T
Flnb-T,Fcho2-T
Flnb-T,Tubg2-T
Flnb-T,Rpl31-T
Flnb-T,Ftx-T
Sp4-T,Rab40c-T
Sp4-T,Furin-T
Sp4-T,Atosb-T
Sp4-T,Ss18-T
Sp4-T,Plekhg5-T
Sp4-T,Jam2-T
Sp4-T,Fpgt-T
Sp4-T,Mpst-T
Sp4-T,Nkain1-T
Gdf11-T,Krt73-T
Rps26-T,Gls-T
Rps26-T,Slc25a12-T
Rps26-T,Mrgbp-T
Rps26-T,Ctso-T
Rps26-T,Nans-T
Rps26-T,Tfip11-T
Rps26-T,Dusp11-T
Rps26-T,Sh2b1-T
Rps26-T,Rpgr-T
Rps26-T,Cops8-T
Rps26-T,L3mbtl1-T
Rps26-T,Tsen34-T
Rps26-T,Dipk1b-T
Rps26-T,Phpt1-T
Rps26-T,Zcchc12-T
Rps26-T,Ddhd1-T
Rps26-T,Atp5mf-T
Rps26-T,Oaz2-T
Rps26-T,Arhgef1-T
Rps26-T,Hspb8-T
Rps26-T,Klf8-T
Rps26-T,Fcho2-T
Rps26-T,Vps13a-T
Rps26-T,Emc6-T
Rps26-T,Ankrd16-T
Rps26-T,Kmt2d-T
Rps26-T,Mir9-2hg-T
Rps26-T,Nlgn2-T
Rps26-T,Senp7-T
Rps26-T,Srcap-T
Rps26-T,Tle5-T
Rps26-T,R3hdm1-T
Rps26-T,Tnfrsf19-T
Rps26-T,Nkain2-T
Rps26-T,Rpl31-T
Rps26-T,UNKNOWN_1454-T
Rps26-T,Ftx-T
Rps26-T,Muc3a-T
Rps26-T,C130023A14Rik-T
Rps26-T,Gm38104-T
Chmp6-T,Cfap69-T
Chmp6-T,Gm43420-T
Pstpip2-T,Arhgef26-T
Gaa-T,Cdc73-T
Gaa-T,Gne-T
Gaa-T,Exoc5-T
Gaa-T,B9d2-T
Gaa-T,Cry2-T
Rab40c-T,Csrp1-T
Rab40c-T,Yars1-T
Rab40c-T,Asphd2-T
Rab40c-T,Furin-T
Rab40c-T,Rxrb-T
Rab40c-T,Plekhg5-T
Rab40c-T,Fpgt-T
Rab40c-T,Klhl26-T
Rab40c-T,Tnfrsf19-T
Rab40c-T,Urm1-T
Rab40c-T,Mpst-T
Gdap1-T,Ptpn4-T
Gdap1-T,Mrgbp-T
Gdap1-T,Ppme1-T
Gdap1-T,Tsen34-T
Gdap1-T,Rnf13-T
Gdap1-T,4921524J17Rik-T
Gdap1-T,Zc3hc1-T
Gdap1-T,Zbtb45-T
Gdap1-T,Adam10-T
Gdap1-T,Col25a1-T
Gdap1-T,Rtl8b-T
Dhtkd1-T,Rad54l2-T
Thoc3-T,Eid2-T
Gria4-T,Rpn2-T
Gria4-T,Zranb2-T
Gria4-T,Flna-T
Gria4-T,Nptn-T
Gria4-T,Slf2-T
Gria4-T,Tnrc18-T
Gria4-T,Fcho2-T
Gria4-T,Setd2-T
Gria4-T,Senp7-T
Gria4-T,Scrt2-T
Gria4-T,Arl1-T
Gria4-T,Med18-T
Gria4-T,Gm43765-T
Carf-T,Macf1-T
Carf-T,Ankib1-T
Carf-T,Rad54l2-T
Carf-T,Gm38104-T
Carf-T,Gm42482-T
Gls-T,Ctso-T
Gls-T,Mfn2-T
Gls-T,Ift122-T
Gls-T,Gde1-T
Gls-T,Lrfn5-T
Gls-T,Dipk1b-T
Gls-T,Rnf13-T
Gls-T,Rxrb-T
Gls-T,Fcho2-T
Gls-T,Dmtf1-T
Gls-T,Mgat5b-T
Gls-T,Tubg2-T
Gls-T,Mir9-2hg-T
Gls-T,R3hdm1-T
Gls-T,Rtl8b-T
Gls-T,Rpl31-T
Gls-T,C130023A14Rik-T
Spp2-T,Bclaf3-T
Cdc73-T,Nek1-T
Cdc73-T,Arhgap5-T
Cdc73-T,Ltbp4-T
Cdc73-T,Tcf4-T
Cdc73-T,Cry2-T
Cdc73-T,Msi2-T
Cdc73-T,Gm3687-T
Ptpn4-T,Brdt-T
Ptpn4-T,Rnf13-T
Ptpn4-T,Zbtb37-T
Ptpn4-T,Rdh11-T
Steap3-T,Gm23751-T
Csrp1-T,Slc7a11-T
Csrp1-T,Ctso-T
Csrp1-T,Dusp11-T
Csrp1-T,Ift122-T
Csrp1-T,Psd3-T
Csrp1-T,Furin-T
Csrp1-T,Mrpl34-T
Csrp1-T,Tsen34-T
Csrp1-T,Lrfn5-T
Csrp1-T,Atosb-T
Csrp1-T,Rnf13-T
Csrp1-T,Ddhd1-T
Csrp1-T,Crygn-T
Csrp1-T,Rxrb-T
Csrp1-T,Plekhg5-T
Csrp1-T,Dmtf1-T
Csrp1-T,Kcnj4-T
Csrp1-T,Mir9-2hg-T
Csrp1-T,Fpgt-T
Csrp1-T,Srcap-T
Csrp1-T,Adam10-T
Csrp1-T,Taf1b-T
Csrp1-T,Tnfrsf19-T
Csrp1-T,B9d2-T
Csrp1-T,Rtl8b-T
Csrp1-T,Urm1-T
Csrp1-T,Ftx-T
Csrp1-T,Tmem250-T
Csrp1-T,Dynlt1a-T
Csrp1-T,C130023A14Rik-T
Csrp1-T,Gm38104-T
Csrp1-T,Peg13-T
Tor1aip1-T,Extl1-T
Tor1aip1-T,Fam91a1-T
Tor1aip1-T,Rxrb-T
Xpr1-T,Mtm1-T
Xpr1-T,Rps13-ps5-T
Xpr1-T,Gm37777-T
Xpr1-T,Gm43795-T
Cdc42bpa-T,Spopl-T
Cdc42bpa-T,Pum1-T
Cdc42bpa-T,Sh2b1-T
Cdc42bpa-T,L3mbtl1-T
Cdc42bpa-T,Rad54l2-T
Cdc42bpa-T,Setd2-T
Cdc42bpa-T,R3hdm1-T
Cdc42bpa-T,Nap1l1-T
Cdc42bpa-T,Gm3687-T
Cdc42bpa-T,Gm43765-T
Trp53bp2-T,Furin-T
Trp53bp2-T,Gphn-T
Trp53bp2-T,Ccnyl1-T
Atp1b1-T,Psmd10-T
Atp1b1-T,Eif2s2-T
Atp1b1-T,1810021B22Rik-T
Soat1-T,Ndst2-T
Rgs5-T,Psd3-T
Rgs5-T,Smyd5-T
Rgs5-T,Patl1-T
Rgs5-T,H2bc27-T
Rgs5-T,Arb2a-T
Rgs5-T,Urm1-T
Rgs5-T,1810021B22Rik-T
Lypd6b-T,Patl1-T
Lypd6b-T,Nxph3-T
Spopl-T,Macf1-T
Spopl-T,Zfp638-T
Spopl-T,Rpgr-T
Spopl-T,Ndn-T
Spopl-T,Phpt1-T
Spopl-T,Tcf4-T
Spopl-T,Fra10ac1-T
Spopl-T,R3hdm1-T
Spopl-T,Rdh11-T
Spopl-T,Gm43765-T
Slc25a12-T,Vps39-T
Slc25a12-T,Zranb2-T
Slc25a12-T,Gigyf1-T
Slc25a12-T,Rpgr-T
Slc25a12-T,Ndn-T
Slc25a12-T,Atp5mf-T
Slc25a12-T,Grk3-T
Slc25a12-T,Kmt2d-T
Slc25a12-T,Med12l-T
Slc25a12-T,Arl1-T
Slc25a12-T,Gm43066-T
Sp3-T,Tet1-T
Lrp4-T,Ccnyl1-T
Lrp4-T,Gm42853-T
Vps39-T,Zranb2-T
Vps39-T,Rpgr-T
Vps39-T,Ndn-T
Vps39-T,Kdm3b-T
Vps39-T,Arhgef1-T
Vps39-T,Prima1-T
Vps39-T,Med18-T
Vps39-T,Nbeal1-T
Knstrn-T,Krt73-T
Cpxm1-T,Cfdp1-T
Mrgbp-T,Ctso-T
Mrgbp-T,Zranb2-T
Mrgbp-T,Yars1-T
Mrgbp-T,Psd3-T
Mrgbp-T,Tsen34-T
Mrgbp-T,Zc3hc1-T
Mrgbp-T,Tle5-T
Mrgbp-T,Med12l-T
Mrgbp-T,Tnfrsf19-T
Mrgbp-T,Ftx-T
Mmp24-T,Nphp3-T
Mmp24-T,Lrfn5-T
Rpn2-T,Zranb2-T
Rpn2-T,Nptn-T
Rpn2-T,Grk3-T
Rpn2-T,Wdr27-T
Rpn2-T,Zbtb44-T
Rpn2-T,Nlgn2-T
Rpn2-T,Med12l-T
Rpn2-T,Scrt2-T
Rpn2-T,Arl1-T
Rpn2-T,Arb2a-T
Slc7a11-T,Ift122-T
Slc7a11-T,Zcchc12-T
Slc7a11-T,Plekhg5-T
Slc7a11-T,Col25a1-T
Slc7a11-T,Ap2a1-T
Slc7a11-T,Tnfrsf19-T
Slc7a11-T,Urm1-T
Casq2-T,Macf1-T
Sypl2-T,Zfp677-T
Ctso-T,Mfn2-T
Ctso-T,Dusp11-T
Ctso-T,Ift122-T
Ctso-T,Mrpl3-T
Ctso-T,Gde1-T
Ctso-T,Mrpl34-T
Ctso-T,Tsen34-T
Ctso-T,Phpt1-T
Ctso-T,Atp5mf-T
Ctso-T,Zc3hc1-T
Ctso-T,Cfap69-T
Ctso-T,Oaz2-T
Ctso-T,Krtcap2-T
Ctso-T,Tubg2-T
Ctso-T,Emc6-T
Ctso-T,Ankrd16-T
Ctso-T,Kmt2d-T
Ctso-T,Mir9-2hg-T
Ctso-T,Tle5-T
Ctso-T,Med12l-T
Ctso-T,H2bc27-T
Ctso-T,Scrt2-T
Ctso-T,Tnfrsf19-T
Ctso-T,B9d2-T
Ctso-T,Urm1-T
Ctso-T,Nkain2-T
Ctso-T,Rpl31-T
Ctso-T,Gm15513-T
Ctso-T,Tmem250-T
Ctso-T,Muc3a-T
Ctso-T,C130023A14Rik-T
Iqgap3-T,Muc3a-T
Lrba-T,Slc2a4rg-ps-T
Zranb2-T,Nptn-T
Zranb2-T,Ndn-T
Zranb2-T,Slf2-T
Zranb2-T,Sec24a-T
Zranb2-T,Atp5mf-T
Zranb2-T,Kdm3b-T
Zranb2-T,Tnrc18-T
Zranb2-T,Arhgef1-T
Zranb2-T,Fcho2-T
Zranb2-T,Nlgn2-T
Zranb2-T,Senp7-T
Zranb2-T,Tle5-T
Zranb2-T,Mrfap1-T
Zranb2-T,Med12l-T
Zranb2-T,Scrt2-T
Zranb2-T,Arl1-T
Nans-T,Gde1-T
Nans-T,Vps13c-T
Nans-T,L3mbtl1-T
Nans-T,Zcchc12-T
Nans-T,Fcho2-T
Nans-T,Kmt2d-T
Nans-T,Senp7-T
Nans-T,Cyb5d2-T
Nans-T,Rpl31-T
Nans-T,Slc2a4rg-ps-T
Nans-T,Cbx6-T
Nans-T,Gm38104-T
Plin2-T,Gm43066-T
Plpp3-T,Macf1-T
Plpp3-T,Nptn-T
Plpp3-T,Map3k13-T
Plpp3-T,Fcho2-T
Plpp3-T,Med12l-T
Plpp3-T,Gm3687-T
Pum1-T,Fam168a-T
Pum1-T,Dmxl1-T
Pum1-T,Lmbrd2-T
Pum1-T,B230217C12Rik-T
Pum1-T,Kcnma1-T
Ybx1-T,Mecp2-T
Ybx1-T,Ccdc134-T
Macf1-T,Glmn-T
Macf1-T,Gde1-T
Macf1-T,Arhgap5-T
Macf1-T,L3mbtl1-T
Macf1-T,Rad54l2-T
Macf1-T,Arhgef1-T
Macf1-T,Setd2-T
Macf1-T,D630023F18Rik-T
Macf1-T,Ankrd16-T
Macf1-T,Tcf4-T
Macf1-T,Mrfap1-T
Macf1-T,Taf1b-T
Macf1-T,Gm37420-T
Ptch2-T,Rom1-T
Ccdc28b-T,Trib1-T
Yars1-T,Zc3hc1-T
Yars1-T,Tmem229b-T
Yars1-T,Tnfrsf19-T
Yars1-T,H3f3a-T
Extl1-T,Furin-T
Extl1-T,Sgf29-T
Extl1-T,Cops8-T
Extl1-T,Taf1b-T
Extl1-T,Tnfrsf19-T
Extl1-T,H3f3a-T
Extl1-T,Nkain2-T
Extl1-T,Gm38299-T
Mfn2-T,Gde1-T
Mfn2-T,Vps13c-T
Mfn2-T,Tsen34-T
Mfn2-T,Rnf13-T
Mfn2-T,Phpt1-T
Mfn2-T,Oaz2-T
Mfn2-T,Fcho2-T
Mfn2-T,Dmtf1-T
Mfn2-T,Tubg2-T
Mfn2-T,Tmem104-T
Mfn2-T,Gphn-T
Mfn2-T,Med12l-T
Mfn2-T,Zfp74-T
Mfn2-T,Tnfrsf19-T
Mfn2-T,B9d2-T
Mfn2-T,Med18-T
Mfn2-T,Rtl8b-T
Mfn2-T,Urm1-T
Mfn2-T,Rpl31-T
Mfn2-T,Slc2a4rg-ps-T
Mfn2-T,C030013C21Rik-T
Mfn2-T,C130023A14Rik-T
Mfn2-T,Peg13-T
Dnajb6-T,Sall1-T
Glmn-T,Dusp11-T
Glmn-T,Ndn-T
Glmn-T,Rpl37-T
Glmn-T,Ankrd16-T
Glmn-T,Taf1b-T
Brdt-T,Dgkh-T
Brdt-T,Arhgap5-T
Brdt-T,Gphn-T
Tfip11-T,Nptn-T
Tfip11-T,Map3k13-T
Tfip11-T,Tle5-T
Tfip11-T,Slc7a14-T
Tfip11-T,Nkain2-T
Asphd2-T,Furin-T
Asphd2-T,Rasa2-T
Asphd2-T,Nicn1-T
Asphd2-T,Atosb-T
Asphd2-T,Plekhg5-T
Asphd2-T,Tmem229b-T
Fam168a-T,Zfp638-T
Fam168a-T,Mier3-T
Fam168a-T,Ndn-T
Fam168a-T,Cep350-T
Fam168a-T,Kcnh2-T
Fam168a-T,Tnrc18-T
Fam168a-T,Lmbrd2-T
Fam168a-T,Wwp1-T
Fam168a-T,Ehbp1-T
Fam168a-T,B230217C12Rik-T
Fam168a-T,Kcnma1-T
Fam168a-T,Tmem100-T
Gigyf1-T,Rpgr-T
Gigyf1-T,Rfx1-T
Dusp11-T,Ift122-T
Dusp11-T,Rasa2-T
Dusp11-T,Gde1-T
Dusp11-T,Cops8-T
Dusp11-T,Rab24-T
Dusp11-T,Mrpl34-T
Dusp11-T,Tsen34-T
Dusp11-T,Rnf13-T
Dusp11-T,Phpt1-T
Dusp11-T,Zcchc12-T
Dusp11-T,Ddhd1-T
Dusp11-T,Atp5mf-T
Dusp11-T,Oaz2-T
Dusp11-T,Rpl37-T
Dusp11-T,Dctpp1-T
Dusp11-T,Dmtf1-T
Dusp11-T,Kcnj4-T
Dusp11-T,Ankrd16-T
Dusp11-T,Kmt2d-T
Dusp11-T,Mir9-2hg-T
Dusp11-T,Fry-T
Dusp11-T,Taf1b-T
Dusp11-T,Tnfrsf19-T
Dusp11-T,Rtl8b-T
Dusp11-T,Urm1-T
Dusp11-T,Nkain2-T
Dusp11-T,Neu2-T
Dusp11-T,Ftx-T
Dusp11-T,Tmem250-T
Dusp11-T,C130023A14Rik-T
Dusp11-T,Gm37834-T
Dusp11-T,Gm38104-T
Dusp11-T,Gm43751-T
Zfp638-T,Cep350-T
Zfp638-T,Arhgap5-T
Zfp638-T,Setd2-T
Zfp638-T,B230217C12Rik-T
Zfp638-T,Pcmtd1-T
Zfp638-T,Fra10ac1-T
Zfp638-T,R3hdm1-T
Zfp638-T,Tubb2a-T
Zfp638-T,Nap1l1-T
Zfp638-T,Kcnma1-T
Zfp638-T,Gm3687-T
Zfp638-T,Gm37266-T
Wbp1-T,Ift122-T
Wbp1-T,Srprb-T
Wbp1-T,Mrpl34-T
Wbp1-T,Ankrd9-T
Wbp1-T,Zc3hc1-T
Wbp1-T,Naip6-T
Ift122-T,Mrpl34-T
Ift122-T,Tsen34-T
Ift122-T,Zcchc12-T
Ift122-T,Atp5mf-T
Ift122-T,Dmtf1-T
Ift122-T,Kcnj4-T
Ift122-T,Emc6-T
Ift122-T,Col25a1-T
Ift122-T,Cry2-T
Ift122-T,Urm1-T
Ift122-T,Ppil6-T
Ift122-T,C130023A14Rik-T
Psd3-T,Cep15-T
Psd3-T,Tsen34-T
Psd3-T,Dipk1b-T
Psd3-T,Plekhg5-T
Psd3-T,Zbtb37-T
Psd3-T,Adam10-T
Psd3-T,H2bc27-T
Psd3-T,Scrt2-T
Psd3-T,Tnfrsf19-T
Psd3-T,Urm1-T
Psd3-T,1810021B22Rik-T
Psd3-T,Tmem250-T
Psd3-T,Muc3a-T
Psd3-T,C130023A14Rik-T
Psd3-T,Gm38077-T
Mtmr10-T,Psmd10-T
Mtmr10-T,Ermard-T
Mtmr10-T,Dctpp1-T
Mtmr10-T,6430511E19Rik-T
Furin-T,Sgf29-T
Furin-T,Rasa2-T
Furin-T,Nicn1-T
Furin-T,Lrfn5-T
Furin-T,Atosb-T
Furin-T,Ddhd1-T
Furin-T,Rxrb-T
Furin-T,Plekhg5-T
Furin-T,Kcnj4-T
Furin-T,Mir9-2hg-T
Furin-T,Klhl26-T
Furin-T,Tnfrsf19-T
Furin-T,Urm1-T
Furin-T,Mpst-T
Furin-T,Gm37777-T
Furin-T,C130023A14Rik-T
Sgf29-T,Gm26592-T
Sgf29-T,Gm38357-T
Ppme1-T,Tsen34-T
Ppme1-T,Sec24a-T
Ppme1-T,Rnf13-T
Ppme1-T,Arhgef1-T
Ppme1-T,Tle5-T
Ppme1-T,Ppil6-T
Ppme1-T,Gm43133-T
Ppme1-T,Gm43187-T
Ppme1-T,Gm43417-T
Sh2b1-T,Ndn-T
Sh2b1-T,Gde1-T
Sh2b1-T,L3mbtl1-T
Sh2b1-T,Atp8a1-T
Sh2b1-T,Senp7-T
Sh2b1-T,Tle5-T
Sh2b1-T,Rpl31-T
Sh2b1-T,Zfp664-T
Sh2b1-T,C030013C21Rik-T
Sh2b1-T,Ftx-T
Sh2b1-T,C130023A14Rik-T
Spns1-T,Gpbp1l1-T
Spns1-T,Immp1l-T
Spns1-T,Gimap9-T
Fadd-T,Msmo1-T
Cul4b-T,Cnot1-T
Rpgr-T,Gm23751-T
Rpgr-T,Cbx6-T
Heph-T,Gm37678-T
Chic1-T,5730408A14Rik-T
Mtm1-T,Rad54l2-T
Mtm1-T,Gm43751-T
Psmd10-T,Dctpp1-T
Psmd10-T,Rtl8b-T
Eif4ebp1-T,Appl1-T
Eif4ebp1-T,Gm3687-T
Wwc2-T,Gm37266-T
Msmo1-T,5330413P13Rik-T
Msmo1-T,Tbx3os1-T
Nr3c2-T,Rxrb-T
Nr3c2-T,Gm12144-T
Nek1-T,H2bc27-T
Nek1-T,Gm43133-T
Rfx1-T,Cops8-T
Rfx1-T,Sec24a-T
Rfx1-T,Muc3a-T
Rfx1-T,Gm43751-T
Rfx1-T,Gm43417-T
Bean1-T,Phip-T
Vps4a-T,Zfp738-T
Cfdp1-T,Zdhhc9-T
Cfdp1-T,Mast1-T
Cfdp1-T,Dnajc8-T
Zpr1-T,Ccdc134-T
Dock6-T,Nicn1-T
Dock6-T,Emc6-T
Dock6-T,Med12l-T
Dock6-T,Muc3a-T
Phip-T,Rpl37-T
Phip-T,Vcpip1-T
Phip-T,4930513N10Rik-T
Phip-T,Gm37941-T
Nptn-T,Map3k13-T
Nptn-T,Slf2-T
Nptn-T,Fcho2-T
Nptn-T,Senp7-T
Nptn-T,Med12l-T
Nptn-T,Arl1-T
Rasa2-T,Gde1-T
Rasa2-T,Rtl8b-T
Rasa2-T,Urm1-T
Rasa2-T,Gm15513-T
Me1-T,Tmem229b-T
Cmtm7-T,4921524J17Rik-T
Cmtm7-T,Alkbh1-T
Trib1-T,Gm15764-T
Trib1-T,Gm29488-T
Lyzl4-T,Flnc-T
Nphp3-T,Tmem250-T
Mrpl3-T,Nudt22-T
Nicn1-T,Atosb-T
Nicn1-T,Ddhd1-T
Nicn1-T,Oaz2-T
Nicn1-T,Dctpp1-T
Nicn1-T,Fry-T
Nicn1-T,Urm1-T
Nicn1-T,Nkain2-T
Nicn1-T,Gm37124-T
Nicn1-T,Gm38299-T
Mier3-T,Fra10ac1-T
Mier3-T,Ep300-T
Mier3-T,Nap1l1-T
Mier3-T,Kcnma1-T
Mier3-T,Gm37266-T
Cep15-T,Vcpip1-T
Cep15-T,Zfp664-T
Ndn-T,B230217C12Rik-T
Ndn-T,Senp7-T
Ndn-T,Mrfap1-T
Ndn-T,Tubb2a-T
Ndn-T,Arl1-T
Ndn-T,Gm15513-T
Ndn-T,Gm37266-T
Map3k13-T,Senp7-T
Map3k13-T,Hmgb2-T
Map3k13-T,Cbx6-T
Cep350-T,Arhgap5-T
Cep350-T,Lmbrd2-T
Cep350-T,Ehbp1-T
Cep350-T,Setd2-T
Cep350-T,Vcpip1-T
Cep350-T,Tet1-T
Cep350-T,B230217C12Rik-T
Cep350-T,Pcmtd1-T
Cep350-T,Fra10ac1-T
Cep350-T,Ep300-T
Cep350-T,Kcnma1-T
Cep350-T,Msi2-T
Cep350-T,Gm43765-T
Smyd5-T,Ubr5-T
Smyd5-T,Abhd11-T
Rpap2-T,Fbxl22-T
Gde1-T,Vps13c-T
Gde1-T,L3mbtl1-T
Gde1-T,Dipk1b-T
Gde1-T,Sec24a-T
Gde1-T,Oaz2-T
Gde1-T,Rad54l2-T
Gde1-T,Fcho2-T
Gde1-T,Tubg2-T
Gde1-T,Ankrd16-T
Gde1-T,Kmt2d-T
Gde1-T,Mir9-2hg-T
Gde1-T,Senp7-T
Gde1-T,Tle5-T
Gde1-T,Med12l-T
Gde1-T,Ptk2b-T
Gde1-T,Taf1b-T
Gde1-T,Urm1-T
Gde1-T,Rpl31-T
Gde1-T,Gm15513-T
Gde1-T,C130023A14Rik-T
Gde1-T,Gm38104-T
Gde1-T,Gm38077-T
Skic3-T,Neu2-T
Gpbp1l1-T,Ccdc134-T
Phka1-T,Fam91a1-T
Tmem132c-T,Socs5-T
Tmem132c-T,Prdm1-T
Tmem132c-T,Sox30-T
Cops8-T,Mrpl34-T
Cops8-T,Atp5mf-T
Cops8-T,Oaz2-T
Cops8-T,Rbm7-T
Cops8-T,Dctpp1-T
Cops8-T,Nlgn2-T
Cops8-T,Tle5-T
Cops8-T,R3hdm1-T
Cops8-T,Med12l-T
Cops8-T,Fry-T
Cops8-T,Scrt2-T
Cops8-T,Tnfrsf19-T
Cops8-T,Cbx6-T
Pkd2-T,Fry-T
Pkd2-T,Zc3h11a-T
Dgkh-T,Bend3-T
Dgkh-T,Abhd11-T
Dgkh-T,Zbtb37-T
Rab24-T,Hectd1-T
Rab24-T,Atosb-T
Rab24-T,Ddhd1-T
Rab24-T,Gm12144-T
Mrpl34-T,Zcchc12-T
Mrpl34-T,Ddhd1-T
Mrpl34-T,Atp5mf-T
Mrpl34-T,Oaz2-T
Mrpl34-T,Dmtf1-T
Mrpl34-T,Kcnj4-T
Mrpl34-T,Emc6-T
Mrpl34-T,Ankrd16-T
Mrpl34-T,Kmt2d-T
Mrpl34-T,Fry-T
Mrpl34-T,Taf1b-T
Mrpl34-T,Tnfrsf19-T
Mrpl34-T,Rtl8b-T
Mrpl34-T,Urm1-T
Mrpl34-T,4933439C10Rik-T
Mrpl34-T,Hmgcs1-T
Mrpl34-T,Muc3a-T
Mrpl34-T,C130023A14Rik-T
Arhgap5-T,Ehbp1-T
Arhgap5-T,Zbtb37-T
Arhgap5-T,Vcpip1-T
Arhgap5-T,Pcmtd1-T
Arhgap5-T,Fra10ac1-T
Arhgap5-T,R3hdm1-T
Arhgap5-T,Tubb2a-T
Arhgap5-T,Nap1l1-T
Arhgap5-T,Msi2-T
Arhgap5-T,Gm43765-T
Vps13c-T,Appl1-T
Vps13c-T,H2bc27-T
Vps13c-T,Nap1l1-T
Vps13c-T,Zfp74-T
Vps13c-T,Scrt2-T
Vps13c-T,UNKNOWN_1454-T
Vps13c-T,Gm43765-T
L3mbtl1-T,Atp5mf-T
L3mbtl1-T,Fcho2-T
L3mbtl1-T,Bclaf3-T
L3mbtl1-T,Setd2-T
L3mbtl1-T,Gphn-T
L3mbtl1-T,Kmt2d-T
L3mbtl1-T,Mrfap1-T
L3mbtl1-T,R3hdm1-T
L3mbtl1-T,Cyb5d2-T
L3mbtl1-T,Taf1b-T
L3mbtl1-T,Nkain2-T
L3mbtl1-T,Rpl31-T
L3mbtl1-T,Gm15513-T
Tsen34-T,Lrfn5-T
Tsen34-T,Dipk1b-T
Tsen34-T,Rnf13-T
Tsen34-T,Phpt1-T
Tsen34-T,4921524J17Rik-T
Tsen34-T,Atp5mf-T
Tsen34-T,Cfap69-T
Tsen34-T,Oaz2-T
Tsen34-T,Arhgef1-T
Tsen34-T,Fcho2-T
Tsen34-T,Dmtf1-T
Tsen34-T,Kcnj4-T
Tsen34-T,Tubg2-T
Tsen34-T,Ankrd16-T
Tsen34-T,Mir9-2hg-T
Tsen34-T,Med12l-T
Tsen34-T,Scrt2-T
Tsen34-T,Tnfrsf19-T
Tsen34-T,Rtl8b-T
Tsen34-T,Urm1-T
Tsen34-T,Rpl31-T
Tsen34-T,Slc2a4rg-ps-T
Tsen34-T,Gm15513-T
Tsen34-T,Ftx-T
Tsen34-T,Tmem250-T
Tsen34-T,C130023A14Rik-T
Tsen34-T,Peg13-T
Lrfn5-T,Atosb-T
Lrfn5-T,Phpt1-T
Lrfn5-T,Cfap69-T
Lrfn5-T,Oaz2-T
Lrfn5-T,Dmtf1-T
Lrfn5-T,Kcnj4-T
Lrfn5-T,Tubg2-T
Lrfn5-T,Mir9-2hg-T
Lrfn5-T,B9d2-T
Lrfn5-T,Urm1-T
Lrfn5-T,C130023A14Rik-T
Lrfn5-T,Peg13-T
Ppp1r26-T,C030013C21Rik-T
Atosb-T,Scarf1-T
Atosb-T,Zc3hc1-T
Atosb-T,Plekhg5-T
Atosb-T,Zbtb45-T
Atosb-T,Mir9-2hg-T
Atosb-T,Srcap-T
Atosb-T,Zfp74-T
Atosb-T,Tnfrsf19-T
Atosb-T,B9d2-T
Atosb-T,Urm1-T
Atosb-T,Mpst-T
Atosb-T,Tmem250-T
Slf2-T,Atp5mf-T
Slf2-T,Tubg2-T
Slf2-T,Emc6-T
Slf2-T,Nlgn2-T
Slf2-T,Scrt2-T
Slf2-T,5730409E04Rik-T
Dipk1b-T,Phpt1-T
Dipk1b-T,Atp5mf-T
Dipk1b-T,Fcho2-T
Dipk1b-T,Krtcap2-T
Dipk1b-T,Ankrd16-T
Dipk1b-T,Kmt2d-T
Dipk1b-T,Mir9-2hg-T
Dipk1b-T,Cyb5d2-T
Dipk1b-T,Ptk2b-T
Dipk1b-T,Rpl31-T
Dipk1b-T,Tmem250-T
Dipk1b-T,Gm3687-T
Slc18a1-T,Kank3-T
Sec24a-T,Atp5mf-T
Sec24a-T,Or52b2-T
Sec24a-T,Tle5-T
Sec24a-T,Gm43187-T
Sec24a-T,Gm43417-T
Thap11-T,Kdm3b-T
Rnf13-T,Phpt1-T
Rnf13-T,Atp5mf-T
Rnf13-T,Dmtf1-T
Rnf13-T,Kcnj4-T
Rnf13-T,Tubg2-T
Rnf13-T,H2bc27-T
Rnf13-T,Tnfrsf19-T
Rnf13-T,B9d2-T
Rnf13-T,Rtl8b-T
Rnf13-T,Urm1-T
Rnf13-T,Ppil6-T
Rnf13-T,Ftx-T
Rnf13-T,Hmgcs1-T
Rnf13-T,Gm37777-T
Rnf13-T,C130023A14Rik-T
Phpt1-T,Atp5mf-T
Phpt1-T,Cfap69-T
Phpt1-T,Oaz2-T
Phpt1-T,Arhgef1-T
Phpt1-T,Hspb8-T
Phpt1-T,Kmt2d-T
Phpt1-T,Mir9-2hg-T
Phpt1-T,Srcap-T
Phpt1-T,Rpl31-T
Phpt1-T,Gm15513-T
Phpt1-T,Ftx-T
Phpt1-T,C130023A14Rik-T
Alg5-T,Zfp689-T
Zcchc12-T,Atp5mf-T
Zcchc12-T,Emc6-T
Zcchc12-T,Kmt2d-T
Zcchc12-T,Tnfrsf19-T
Zcchc12-T,Nkain2-T
Zcchc12-T,Cbx6-T
Zcchc12-T,Gm38299-T
Mrpl41-T,Patl1-T
Mrpl41-T,Gphn-T
Mrpl41-T,Nrm-T
Mrpl41-T,Gm15513-T
4921524J17Rik-T,Rtl8b-T
4921524J17Rik-T,Gm43133-T
Zdhhc9-T,Snip1-T
Zdhhc9-T,Dgkeos-T
Zdhhc9-T,Hs3st3b1-T
Ss18-T,Tmem229b-T
Fam91a1-T,Zfp74-T
Dmxl1-T,Rpl37-T
Dmxl1-T,Rom1-T
Ubr5-T,Ascc3-T
Atp8a1-T,Kcnh2-T
Atp8a1-T,Ltbp4-T
Atp8a1-T,Ccdc149-T
Atp8a1-T,Vps13a-T
Atp8a1-T,Cyb5d2-T
Atp8a1-T,Gm42482-T
Ddhd1-T,Oaz2-T
Ddhd1-T,Kcnj4-T
Ddhd1-T,Fry-T
Ddhd1-T,Taf1b-T
Ddhd1-T,Tnfrsf19-T
Ddhd1-T,Urm1-T
Ddhd1-T,Nkain2-T
Ddhd1-T,Gm37529-T
Ddhd1-T,Gm38299-T
Nufip2-T,Nlgn2-T
Ankrd9-T,Col25a1-T
Kmt2c-T,Zfp869-T
Crygn-T,Mir9-2hg-T
Crygn-T,Ppp1r3g-T
Crygn-T,Srcap-T
Notch3-T,Gm13340-T
Prdm1-T,Sox30-T
Prdm1-T,Uty-T
Scarf1-T,Mpp7-T
Bend3-T,Abhd11-T
Bend3-T,Tmem104-T
Bend3-T,Gm43133-T
Atg9b-T,Cbx6-T
Kcnh2-T,Ehbp1-T
Kcnh2-T,Gphn-T
Mllt6-T,Gm15513-T
Spsb2-T,Pramel1-T
Spsb2-T,Tmem104-T
Spsb2-T,Mrfap1-T
Spsb2-T,Msi2-T
Dock10-T,5730409E04Rik-T
Dock10-T,Gm23751-T
Atp5mf-T,Oaz2-T
Atp5mf-T,Rad54l2-T
Atp5mf-T,Hspb8-T
Atp5mf-T,Fcho2-T
Atp5mf-T,Grk3-T
Atp5mf-T,Dmtf1-T
Atp5mf-T,Emc6-T
Atp5mf-T,Kmt2d-T
Atp5mf-T,Mir9-2hg-T
Atp5mf-T,Senp7-T
Atp5mf-T,Tle5-T
Atp5mf-T,Med12l-T
Atp5mf-T,Scrt2-T
Atp5mf-T,Tnfrsf19-T
Atp5mf-T,Urm1-T
Atp5mf-T,Nkain2-T
Atp5mf-T,5730409E04Rik-T
Atp5mf-T,Hmgcs1-T
Atp5mf-T,Muc3a-T
Atp5mf-T,C130023A14Rik-T
Atp5mf-T,Gm38104-T
Atp5mf-T,Peg13-T
Kdm3b-T,Fcho2-T
Kdm3b-T,Setd2-T
Kdm3b-T,B230217C12Rik-T
Kdm3b-T,Fra10ac1-T
Kdm3b-T,Mrfap1-T
Kdm3b-T,Med12l-T
Kdm3b-T,Tubb2a-T
Kdm3b-T,Msi2-T
Kdm3b-T,Gm43765-T
Ascc3-T,Tnrc18-T
Ascc3-T,Setd2-T
Ascc3-T,UNKNOWN_1345-T
Sema6c-T,Zgrf1-T
Sema6c-T,Vmac-T
Sema6c-T,Ccnyl1-T
Rsad1-T,Dctpp1-T
Rsad1-T,Immp1l-T
Zc3hc1-T,Tnfrsf19-T
Zc3hc1-T,H3f3a-T
Zc3hc1-T,B9d2-T
Zc3hc1-T,Urm1-T
Zc3hc1-T,Ftx-T
Minar1-T,Pcdhb19-T
Minar1-T,Gm26225-T
Hlx-T,Gm10654-T
Tnrc18-T,Rad54l2-T
Tnrc18-T,Ehbp1-T
Tnrc18-T,Setd2-T
Tnrc18-T,B230217C12Rik-T
Tnrc18-T,Senp7-T
Tnrc18-T,Mrfap1-T
Tnrc18-T,Arl1-T
Tnrc18-T,Kcnma1-T
Lmbrd2-T,Wwp1-T
Lmbrd2-T,Vcpip1-T
Lmbrd2-T,B230217C12Rik-T
Lmbrd2-T,Pcmtd1-T
Lmbrd2-T,Kcnma1-T
Lmbrd2-T,Zfp664-T
Plekhg5-T,Adam10-T
Plekhg5-T,H2bc27-T
Plekhg5-T,Col25a1-T
Plekhg5-T,Tnfrsf19-T
Plekhg5-T,Cry2-T
Plekhg5-T,Urm1-T
Plekhg5-T,Mpst-T
Plekhg5-T,Tmem250-T
Cfap69-T,Dmtf1-T
Cfap69-T,Kmt2d-T
Cfap69-T,Ccnyl1-T
Cfap69-T,Slc2a4rg-ps-T
Cfap69-T,Hmgcs1-T
Cfap69-T,C130023A14Rik-T
Sox30-T,Cbx6-T
Manea-T,Tmem229b-T
Manea-T,Klhl26-T
Manea-T,Zfp74-T
Manea-T,Exoc5-T
Manea-T,B9d2-T
Manea-T,Alkbh1-T
Manea-T,Tmem250-T
Manea-T,Gm37968-T
Abhd11-T,Gm37834-T
Oaz2-T,Hspb8-T
Oaz2-T,Rpl37-T
Oaz2-T,Kcnj4-T
Oaz2-T,Tubg2-T
Oaz2-T,Nxph3-T
Oaz2-T,Mir9-2hg-T
Oaz2-T,Fry-T
Oaz2-T,Rpl28-ps1-T
Oaz2-T,Ptk2b-T
Oaz2-T,Tnfrsf19-T
Oaz2-T,Rtl8b-T
Oaz2-T,Nkain2-T
Oaz2-T,Ftx-T
Oaz2-T,C130023A14Rik-T
Rad54l2-T,Setd2-T
Rad54l2-T,Gm42482-T
Rad54l2-T,Gm42442-T
Appl1-T,Wdr27-T
Appl1-T,Zbtb44-T
Appl1-T,Scrt2-T
Arhgef1-T,Slc38a9-T
Arhgef1-T,Nlgn2-T
Arhgef1-T,Tle5-T
Arhgef1-T,Rtl8b-T
Arhgef1-T,4933439C10Rik-T
Arhgef1-T,Gm3764-T
Arhgef1-T,Gm43187-T
Wwp1-T,Ehbp1-T
Wwp1-T,Kcnma1-T
Wwp1-T,Gm26652-T
Osgin2-T,Tmem229b-T
Osgin2-T,Lrrc40-T
Hspb8-T,Fcho2-T
Hspb8-T,Rpl37-T
Hspb8-T,Kmt2d-T
Hspb8-T,Nlgn2-T
Hspb8-T,Senp7-T
Hspb8-T,Tle5-T
Hspb8-T,Fry-T
Hspb8-T,Tnfrsf19-T
Hspb8-T,Nkain2-T
Hspb8-T,UNKNOWN_1454-T
Hspb8-T,Cbx6-T
Hspb8-T,Hmgcs1-T
Hspb8-T,C130023A14Rik-T
Tmtc4-T,Mpst-T
Klf8-T,Arb2a-T
Fcho2-T,Bclaf3-T
Fcho2-T,Tubg2-T
Fcho2-T,Tmem104-T
Fcho2-T,Senp7-T
Fcho2-T,Tle5-T
Fcho2-T,Mrfap1-T
Fcho2-T,Med12l-T
Fcho2-T,H2bc27-T
Fcho2-T,Ptk2b-T
Fcho2-T,Zfp74-T
Fcho2-T,Med18-T
Fcho2-T,Msi2-T
Fcho2-T,Rpl31-T
Fcho2-T,UNKNOWN_1454-T
Fcho2-T,Cbx6-T
Fcho2-T,Muc3a-T
Rpl37-T,Vps13a-T
Rpl37-T,Rpl28-ps1-T
Rpl37-T,Tnfrsf19-T
Rpl37-T,Tmem250-T
Rpl37-T,C130023A14Rik-T
Rpl37-T,Gm37941-T
Rpl37-T,Gm38104-T
Rpl37-T,Peg13-T
Kank3-T,Gm4804-T
Grk3-T,Med12l-T
Ehbp1-T,Setd2-T
Ehbp1-T,Fra10ac1-T
Ehbp1-T,Kcnma1-T
Rbm7-T,Nkain2-T
Rbm7-T,Ccnyl1-T
Zmym6-T,Chst14-T
Dctpp1-T,Nrm-T
Dctpp1-T,Neu2-T
Dctpp1-T,Gm38104-T
Prdm10-T,Gm38104-T
Dmtf1-T,Kcnj4-T
Dmtf1-T,Ankrd16-T
Dmtf1-T,Taf1b-T
Dmtf1-T,Rtl8b-T
Dmtf1-T,Urm1-T
Dmtf1-T,Ccnyl1-T
Dmtf1-T,Ppil6-T
Dmtf1-T,Slc2a4rg-ps-T
Dmtf1-T,Tmem250-T
Dmtf1-T,C130023A14Rik-T
Dmtf1-T,Peg13-T
Fam199x-T,Uty-T
Krtcap2-T,Ankrd16-T
Krtcap2-T,Mir9-2hg-T
Krtcap2-T,Ptk2b-T
Krtcap2-T,Gm15513-T
Pigv-T,Gm43311-T
Hexim2-T,Gm26225-T
Zbtb37-T,Pcmtd1-T
Zbtb37-T,Gm3687-T
Mgat5b-T,Tubg2-T
Mgat5b-T,Tle5-T
Mgat5b-T,Rpl31-T
Zfp469-T,Flnc-T
Bclaf3-T,Gm38299-T
Kcnj4-T,Slc38a9-T
Kcnj4-T,Ankrd16-T
Kcnj4-T,Srcap-T
Kcnj4-T,Tle5-T
Kcnj4-T,R3hdm1-T
Kcnj4-T,Fry-T
Kcnj4-T,Ptk2b-T
Kcnj4-T,Taf1b-T
Kcnj4-T,Zfp74-T
Kcnj4-T,Tnfrsf19-T
Kcnj4-T,Rtl8b-T
Kcnj4-T,Urm1-T
Kcnj4-T,Ftx-T
Kcnj4-T,Tmem250-T
Kcnj4-T,Gm37777-T
Kcnj4-T,Gm38299-T
Kcnj4-T,Gm43751-T
Setd2-T,Tet1-T
Setd2-T,Pcmtd1-T
Setd2-T,Fra10ac1-T
Setd2-T,Mrfap1-T
Setd2-T,R3hdm1-T
Setd2-T,Med12l-T
Setd2-T,Nap1l1-T
Setd2-T,Kcnma1-T
Setd2-T,Tcea1-ps1-T
Setd2-T,Gm3687-T
D630023F18Rik-T,Taf1b-T
H1f10-T,Tmem232-T
Fzd5-T,Ccdc149-T
Fzd5-T,Zbtb45-T
Fzd5-T,Smim24-T
Tubg2-T,Kmt2d-T
Tubg2-T,Mir9-2hg-T
Tubg2-T,Tle5-T
Tubg2-T,Med12l-T
Tubg2-T,Zfp74-T
Tubg2-T,B9d2-T
Tubg2-T,Urm1-T
Tubg2-T,Rpl31-T
Tubg2-T,UNKNOWN_1454-T
Tubg2-T,Naip6-T
Tubg2-T,Slc2a4rg-ps-T
Tubg2-T,Ftx-T
Tubg2-T,C130023A14Rik-T
Vcpip1-T,Kcnh7-T
Vcpip1-T,Kcnma1-T
Tmem104-T,Arb2a-T
Tmem104-T,Med18-T
Tmem104-T,Msi2-T
Tmem104-T,Rpl31-T
Tmem104-T,UNKNOWN_1454-T
Eid2-T,Gm3364-T
Patl1-T,Mipol1-T
Patl1-T,Nrm-T
Patl1-T,Tnfrsf19-T
Patl1-T,Urm1-T
Patl1-T,Zfp664-T
Tmem229b-T,Fpgt-T
Tmem229b-T,Cry2-T
Tmem229b-T,Rnaset2b-T
Vps13a-T,Gm3687-T
Nxph3-T,Fry-T
Nxph3-T,Mpst-T
Nxph3-T,Gm12144-T
Nxph3-T,Gm37834-T
Emc6-T,Kmt2d-T
Emc6-T,Med12l-T
Emc6-T,Nkain2-T
Emc6-T,Muc3a-T
Zbtb44-T,Scrt2-T
Cmya5-T,Gm1976-T
Gphn-T,Arb2a-T
Gphn-T,Gm3687-T
Slc38a9-T,Srcap-T
Slc38a9-T,R3hdm1-T
Slc38a9-T,Rtl8b-T
Slc38a9-T,4933439C10Rik-T
Slc38a9-T,Dynlt1a-T
Ankrd16-T,Taf1b-T
Ankrd16-T,Gm38104-T
Kmt2d-T,Mir9-2hg-T
Kmt2d-T,Med12l-T
Kmt2d-T,Rpl28-ps1-T
Kmt2d-T,Gm15513-T
Kmt2d-T,Tmem250-T
Kmt2d-T,Muc3a-T
Kmt2d-T,C130023A14Rik-T
Zfp738-T,Exoc5-T
Zfp738-T,Cry2-T
Zfp738-T,Ccnyl1-T
Ccdc169-T,Scrt2-T
Gm8186-T,Col25a1-T
Zbtb45-T,Adam10-T
Zbtb45-T,Smim24-T
Nudt6-T,Mettl5-T
Snip1-T,Hs3st3b1-T
Synpo2-T,Maf-T
Mir9-2hg-T,Srcap-T
Mir9-2hg-T,Urm1-T
Mir9-2hg-T,Gm15513-T
Mir9-2hg-T,Ftx-T
Mir9-2hg-T,Celrr-T
Mir9-2hg-T,C130023A14Rik-T
Mir9-2hg-T,Gm38104-T
Mir9-2hg-T,Gm43187-T
B230217C12Rik-T,Mrfap1-T
B230217C12Rik-T,Tubb2a-T
Zscan29-T,Gm5475-T
Zscan29-T,Gm42897-T
Serpinb1b-T,Gm37834-T
Pcmtd1-T,Fra10ac1-T
Pcmtd1-T,Nap1l1-T
Pcmtd1-T,Kcnma1-T
Pcmtd1-T,Gm3687-T
Nlgn2-T,Senp7-T
Nlgn2-T,Tle5-T
Nlgn2-T,Ptk2b-T
Senp7-T,Tle5-T
Senp7-T,Med12l-T
Senp7-T,Ptk2b-T
Senp7-T,Arl1-T
Senp7-T,UNKNOWN_1454-T
Senp7-T,Cbx6-T
Jam2-T,Klhl26-T
Tcf4-T,R3hdm1-T
Tcf4-T,Kcnh7-T
Mast1-T,Tmem100-T
Mast1-T,Gm5845-T
Fpgt-T,C030034I22Rik-T
Fpgt-T,Gm37061-T
Srcap-T,R3hdm1-T
Srcap-T,Rtl8b-T
Srcap-T,Gm19439-T
Fra10ac1-T,R3hdm1-T
Fra10ac1-T,Nap1l1-T
Fra10ac1-T,Kcnma1-T
Fra10ac1-T,Msi2-T
Fra10ac1-T,Gm43765-T
Gimap4-T,Tmem8b-T
Tle5-T,Mrfap1-T
Tle5-T,Med12l-T
Tle5-T,Ptk2b-T
Tle5-T,Rpl31-T
Tle5-T,UNKNOWN_1454-T
Tle5-T,Gm15513-T
Tle5-T,Ftx-T
Tle5-T,Cbx6-T
Tle5-T,Gm38104-T
Adam10-T,Col25a1-T
Adam10-T,Urm1-T
Adam10-T,Tmem250-T
Hmgb2-T,Hmgcs1-T
Vmac-T,Gm42771-T
Ep300-T,Kcnma1-T
Mrfap1-T,R3hdm1-T
Mrfap1-T,Med12l-T
Mrfap1-T,Msi2-T
Mrfap1-T,Rpl31-T
Mrfap1-T,Gm15513-T
Mrfap1-T,Gm38077-T
Mrfap1-T,Gm42482-T
Maf-T,Gm37266-T
Klhl26-T,Cfap418-T
R3hdm1-T,Rpl31-T
Med12l-T,Scrt2-T
Med12l-T,Nkain2-T
Med12l-T,Msi2-T
Med12l-T,Gm15513-T
Med12l-T,Cbx6-T
Med12l-T,Gm3687-T
Pign-T,Arb2a-T
Fry-T,Tnfrsf19-T
Fry-T,Gm12999-T
Fry-T,Gm38299-T
H2bc27-T,Rtl8b-T
H2bc27-T,Cry2-T
H2bc27-T,Urm1-T
H2bc27-T,Gm12144-T
H2bc27-T,Gm38077-T
H2bc27-T,Gm43133-T
Mpp7-T,Dap3-T
Cyb5d2-T,Gm10654-T
Cyb5d2-T,Cbx6-T
Idi1-T,Gm37061-T
Rpl28-ps1-T,C130023A14Rik-T
Tubb2a-T,Gm37266-T
Nap1l1-T,Kcnma1-T
Nap1l1-T,Rdh11-T
Nap1l1-T,Gm43765-T
Col13a1-T,Taco1os-T
Col25a1-T,Tnfrsf19-T
Hopx-T,Gm12999-T
Ptk2b-T,Rpl31-T
Ptk2b-T,Cbx6-T
Ptk2b-T,Gm43751-T
Cfap418-T,2310034G01Rik-T
Taf1b-T,Tnfrsf19-T
Taf1b-T,B9d2-T
Taf1b-T,Urm1-T
Taf1b-T,Neu2-T
Taf1b-T,Gm38104-T
Taf1b-T,Gm43751-T
Taf1b-T,Gm42837-T
Nrm-T,Urm1-T
Zfp74-T,H3f3a-T
Zfp74-T,B9d2-T
Zfp74-T,Rtl8b-T
Scrt2-T,Tnfrsf19-T
Scrt2-T,Arb2a-T
Scrt2-T,Nkain2-T
Scrt2-T,A330040F15Rik-T
Scrt2-T,Gm43420-T
Ap2a1-T,Neu2-T
Ap2a1-T,Gm43795-T
Samd5-T,Gm43133-T
Samd5-T,Gm42727-T
Tnfrsf19-T,Urm1-T
Tnfrsf19-T,Nkain2-T
Tnfrsf19-T,5730409E04Rik-T
Tnfrsf19-T,Ftx-T
Tnfrsf19-T,Tmem250-T
Tnfrsf19-T,C130023A14Rik-T
Tnfrsf19-T,Gm38104-T
H3f3a-T,B9d2-T
Exoc5-T,Alkbh1-T
Exoc5-T,Tmem250-T
Itgb1bp1-T,Gm43066-T
Kcnma1-T,Gm43765-T
B9d2-T,Rtl8b-T
B9d2-T,Cry2-T
B9d2-T,Urm1-T
B9d2-T,Tmem250-T
B9d2-T,C130023A14Rik-T
Krt73-T,Gm26652-T
Brwd3-T,1700047K16Rik-T
Pepd-T,Gm43765-T
Med18-T,Rpl31-T
Cntnap5b-T,Tbx3os1-T
Gm10221-T,Neu2-T
Rtl8b-T,Ppil6-T
Rtl8b-T,Slc2a4rg-ps-T
Rtl8b-T,Ftx-T
Rtl8b-T,6430511E19Rik-T
Rtl8b-T,C130023A14Rik-T
Rtl8b-T,Gm38077-T
Rtl8b-T,Gm43133-T
Cry2-T,Nkain1-T
Cry2-T,Gm38077-T
Urm1-T,Rpl31-T
Urm1-T,Ftx-T
Urm1-T,Tmem250-T
Urm1-T,C130023A14Rik-T
Urm1-T,Gm38104-T
Urm1-T,Gm43751-T
Nkain2-T,Cbx6-T
Nkain2-T,C130023A14Rik-T
Nkain2-T,Gm38299-T
Tmem100-T,Gm17259-T
Msi2-T,Rpl31-T
Rom1-T,Gm17259-T
Mpst-T,Gm12144-T
C030034I22Rik-T,Gm42727-T
Rpl31-T,Gm15513-T
Rpl31-T,Ftx-T
4930513N10Rik-T,Gm37941-T
Chst14-T,C130023A14Rik-T
Heg1-T,Zfp664-T
UNKNOWN_1454-T,Cbx6-T
Ppil6-T,6430511E19Rik-T
Alkbh1-T,Tmem250-T
Neu2-T,Gm38104-T
Slc2a4rg-ps-T,Peg13-T
C030013C21Rik-T,Gm38077-T
Ascl4-T,Gm28523-T
Gm15513-T,Gm38077-T
Ftx-T,Gm37777-T
Ftx-T,Gm37941-T
Ftx-T,Gm38104-T
Ftx-T,Gm43133-T
5330413P13Rik-T,Gm37061-T
Tmem250-T,Hmgcs1-T
Tmem250-T,Muc3a-T
Tmem250-T,C130023A14Rik-T
Tmem250-T,Gm38104-T
Cbx6-T,Peg13-T
Tarbp1-T,Rnaset2b-T
Fsbp-T,Gm5845-T
Muc3a-T,Gm43751-T
Gm3764-T,6430511E19Rik-T
Gm3764-T,Gm43751-T
Gm3764-T,Gm43795-T
Gm26592-T,Gm42941-T
Gm26691-T,Gm27151-T
Gm26691-T,Gm42837-T
6430511E19Rik-T,Gm37941-T
Gm37258-T,Gm38104-T
C130023A14Rik-T,Peg13-T
Gm37124-T,Gm38104-T
Gm37834-T,Gm38104-T
Gm38217-T,Gm37420-T
Gm37420-T,Gm42837-T
Gm37452-T,A530041M06Rik-T
Gm37941-T,Gm38104-T
Gm37397-T,Gm42853-T
Gm43009-T,Gm43420-T
Gm43795-T,Gm43417-T
