ID,81.0,35.0,36.0,37.0,38.0,39.0,40.0,41.0,42.0,43.0,86.0
ENSMUSG00000027374-P,6.6229882298119955,6.405062709152161,6.615488087556025,6.359462826882996,6.731443787784425,6.659604391096504,6.442986421406114,6.825285165053963,6.575085749865443,6.844618859895456,
ENSMUSG00000042626-P,2.4118463808793393,2.2785974902960113,2.6570567603238033,2.5709578747426756,2.7444633249390167,2.641027309995238,2.266191231183497,2.5795858086201315,2.405476419443692,2.3930427230256948,
ENSMUSG00000055681-P,3.1402678376432744,3.145477809434023,3.1396386097217834,3.185609525871631,3.1681531752653274,3.0355902178904572,3.0763318649648212,3.103930988108127,3.1508696390650983,3.1437736012849204,
ENSMUSG00000028412-P,2.879775088814304,2.9712358646152364,2.8775285506709305,2.785910327094259,2.8710787634139727,2.855231207607117,2.9924687665728227,2.8563037334431267,2.9184125930877975,2.9135119406236782,
ENSMUSG00000054484-P,2.6591511580148706,2.839138558617027,2.595423785264301,2.5907799002138447,2.571304368288538,2.4508490066885806,2.6145497086705825,2.446566449393941,2.600060141709006,2.5112016905493073,
ENSMUSG00000024425-P,3.4833386828554334,3.505721140075718,3.4858373874274875,3.450866183909184,3.47060731024,3.508554508694977,3.5090460065516056,3.4281917404725037,3.4514456477126174,3.42904445224064,
ENSMUSG00000032216-P,3.4735204333471565,3.501777978772953,3.3881527615043106,3.3343119408498807,3.4593986519945923,3.4565246632298265,3.4968401745675,3.461760513123376,3.513091097642073,3.503907365681048,
ENSMUSG00000025979-P,3.0809375071797622,3.0165183145053573,3.104325637169555,3.137329518114233,3.1165246816648744,3.1483270447636844,3.1733964746478,3.1496269581614227,3.063290294125095,3.042456850013172,
ENSMUSG00000051343-P,2.5763646547814383,2.85147033128327,2.595423785264301,2.5907799002138447,2.7380370889497767,2.7240866292219725,2.7508763190188583,2.682081644721936,2.600060141709006,2.5951396599621233,
ENSMUSG00000035443-P,3.1911039069174243,3.222393175527072,3.2667426698669373,3.2459448355550213,3.244309701317466,3.2823071595260167,3.218059649744354,3.2070986431620994,3.202984310077266,3.2210196809044267,
ENSMUSG00000028991-P,2.7684961316793792,2.8743805861999276,2.8533469828413747,2.9321987883701395,2.82055953701661,2.8132438936689708,2.9172133702951815,2.7778005948588294,2.848811821737381,2.8963312933072887,
ENSMUSG00000036948-P,2.7049423514354647,2.839138558617027,2.9631311591780425,2.8077473212779824,2.9586781015737635,2.9715691372058766,2.887351825564477,2.895571637261848,2.8637428587733615,2.8357087694542726,
ENSMUSG00000033900-P,2.920584980077232,2.920509664705687,2.88507123432509,2.9729069901619565,2.925106444093625,2.848119084196498,2.9673522656918325,3.060598707218071,3.061794150450129,3.0353705535522577,
ENSMUSG00000041936-P,1.2911358947108442,2.2463730105616486,2.7555773428079937,2.6656871483659326,2.7686600184732413,2.7959916634062356,2.6681581521784556,2.6356304474686527,2.5049571381194977,2.6227577638255934,
ENSMUSG00000034584-P,2.458720466081874,1.3880232506381893,2.197995308564363,2.330161347902804,1.403008416028832,0.9559436888190841,1.7730690703506513,2.1409941759101065,2.424501324981227,2.0782217325348102,
ENSMUSG00000068921-P,2.9327360253526567,2.7294580247017555,2.7618021966125847,2.7766094341044085,2.9095259350138662,2.8517014557869484,2.922253427234886,2.868201510711209,2.8022567983784894,2.75477131361721,
ENSMUSG00000049670-P,2.5950307516893054,2.5961262581281317,2.6279751478654028,2.7619785712457037,2.626061338480764,2.587370526109766,2.688216578527896,2.5516280742475903,2.685921921750426,2.5644742327530263,
ENSMUSG00000044224-P,2.5116138907251915,2.5851446165382783,2.558552283290118,2.794877045418506,2.4709201209280116,2.4662507492620462,2.729805425227094,2.7735641909578077,2.8202294157249987,2.857672235963162,
ENSMUSG00000030216-P,3.0247141991759228,2.9564066135256577,2.873665068277966,2.9087567729459254,2.878552268508399,2.9111580050187715,2.9924687665728227,2.954560012216103,2.989302302474485,2.9901638562501347,
ENSMUSG00000071072-P,3.0797292058077748,3.0165183145053573,3.0667403234836574,3.106383693052475,3.042222075259219,3.04489956355435,3.0860179677214226,3.086131404879987,3.080464810698637,3.060283297942448,
ENSMUSG00000021243-P,2.9397293614782702,2.9486100379385802,3.081059083633728,3.053466900542725,2.81583314308783,2.9798973460532117,2.872411446580786,3.1008984554622794,2.982921821929792,3.023017860971152,
ENSMUSG00000016495-P,2.7490132478677336,2.7543781944163475,2.5836636374332405,2.5265906947061323,2.7105973572633615,2.624280410687325,2.7840049614131916,2.693990867794948,2.654772956157306,2.6478442406034337,
ENSMUSG00000026803-P,2.651915936924124,2.7876942576751724,2.749196066704111,2.7813030890878765,2.703258878196305,2.7868930576189483,2.8132526275338363,2.86232669930208,2.8158579754619852,2.951585004020683,
ENSMUSG00000036188-P,2.790904937459521,2.5617994531337605,2.8959508728445504,2.8077473212779824,2.703258878196305,2.7959916634062356,2.8463653917032916,2.840550217068891,2.782874923342635,2.7917457319446775,
ENSMUSG00000068284-P,2.8913720852585274,2.7659800017601155,2.606706636553831,2.8118925120806084,2.6452372248946667,2.678844284813487,2.779531062614117,2.929196698816034,2.884519907805591,2.9050799363354884,
ENSMUSG00000033237-P,2.790904937459521,2.8076683391121247,2.6914956110670563,2.827806479027491,2.899649592291619,2.881734452893779,2.912061066352177,2.868201510711209,2.7618636821936495,2.8357087694542726,
ENSMUSG00000063894-P,2.5116138907251915,2.4431162397134494,2.3597550867125756,2.44399603341584,2.3457012147120677,2.5081773253680897,2.3380846416000267,2.446566449393941,2.424501324981227,2.530077622678098,
ENSMUSG00000027536-P,1.770029588402452,1.8580390904899369,2.1537000593009172,0.0,2.0277492858643726,2.16114414194887,1.9967145517730716,2.1034669621672157,2.287912187588724,2.0782217325348102,
ENSMUSG00000069727-P,0.0,2.015127702048463,1.7807414073271164,2.01339884891904,1.0320306801742105,0.9559436888190841,2.137493660177932,2.1749376513162897,1.36080573017253,1.9965362163403348,
ENSMUSG00000042118-P,2.289517244448642,1.3880232506381893,1.635627251815757,2.189819980175559,2.1380835386794943,1.6890500565304944,2.4750568067132988,2.3284792340031646,2.052292844444681,2.1450287609357224,
ENSMUSG00000094002-P,1.2911358947108442,0.0,1.4225886161902916,0.9462937079331355,0.0,1.540426459211321,0.0,0.8877504913598372,0.9909625173324894,0.0,
ENSMUSG00000039253-P,3.0398480504417846,3.0369653710072355,2.9996551398707356,2.990794669837705,3.056009872691626,2.9879257512772672,3.154820663621901,3.0123983974179844,3.052589488439691,3.044768022199218,
ENSMUSG00000031916-P,2.841144738441585,2.85147033128327,2.8575511701244523,2.966611392011887,2.8748449588683904,2.875380543288275,2.9146515396047303,2.859334168686157,2.713784149033123,2.857672235963162,
ENSMUSG00000025477-P,2.9573923304339362,2.9432594943371946,2.8775285506709305,3.014320288013694,2.978577953391719,3.0049919371100833,2.9247327725556738,2.910582573053868,2.877794564338351,2.925611051052122,
ENSMUSG00000036371-P,3.4007424894137737,3.4344608358497437,3.413700151493633,3.434306897957918,3.4426759351055147,3.408534647112144,3.4126374581506824,3.442724778245822,3.4499150806904115,3.447931998030782,
ENSMUSG00000094595-P,2.566544186502761,1.9443600535000258,0.0,1.3142154498924596,1.403008416028832,1.6890500565304944,1.5111922393673562,2.1409941759101065,1.8335322595648302,1.89264962151601,
ENSMUSG00000041126-P,3.156751801347284,3.161687221771578,3.1407935393616384,3.138284528529397,3.205168323121014,3.2091653739335224,3.2155869961521395,3.16357767552981,3.1849061413431565,3.136496230283695,
ENSMUSG00000034064-P,2.9552582152224676,3.0024313191941805,3.0548932090178966,2.827806479027491,3.042222075259219,2.9469355167156843,2.9041116656934958,2.8469758032849346,2.9268579952050318,2.9295070067380213,
ENSMUSG00000004591-P,3.003321037451294,2.914452602897287,2.821668800359001,3.0019658057039265,2.7507319323948414,2.9271776026750644,2.893072641106936,3.0783376634758604,3.069171545991535,3.053771353290373,
ENSMUSG00000035295-P,1.2911358947108442,2.015127702048463,1.05127614128515,1.6794904396020587,1.9573547604778292,2.0744304410906786,1.660764359131243,1.8979522464444043,1.72329325697681,1.5449433375537043,
ENSMUSG00000085558-P,2.205287657187245,1.9443600535000258,2.1537000593009172,2.01339884891904,2.0870578063901295,2.3993059787258506,1.7730690703506513,2.260439845577068,2.189660735056445,2.291797059239126,
ENSMUSG00000057421-P,2.989039254523102,2.937780289424921,2.9162997575706213,2.9194701843439104,2.8385996562587685,2.8721385162948816,2.950370415235429,2.9896703691143047,2.971864113675169,2.925611051052122,
ENSMUSG00000022781-P,3.0833334603247753,3.078727176155267,2.9809225310964393,3.063260398433606,2.9761849552276143,2.997569290794083,3.1062983060270266,3.1496269581614227,3.1566440683297254,3.127405100101873,
ENSMUSG00000030060-P,2.4118463808793393,2.2785974902960113,2.3597550867125756,2.488171624136404,2.654338980356183,2.359449090949931,2.049811868198619,2.366998632733507,2.3151293779747677,2.249559533855343,
ENSMUSG00000015112-P,2.758941831777872,2.802823808718636,2.7290365064033546,2.897525770846077,2.85538859394353,2.8785788265483196,2.859742730623456,2.922391051468884,2.848811821737381,2.9480506984041432,
ENSMUSG00000042426-P,2.55637007027024,2.802823808718636,2.7962275529773266,2.7813030890878765,2.936854249607653,2.8132438936689708,2.866161261878205,2.853234489936517,2.8114072266459535,2.8239314383148737,
ENSMUSG00000027642-P,3.2821641958986927,3.3316460611244607,3.3063350555679953,3.298084223184663,3.2811380986247403,3.2516974423720435,3.277278699971824,3.242161545314624,3.227634004870731,3.2488897111785304,
ENSMUSG00000105382-P,1.6576259071438952,1.7486868677434952,1.4225886161902916,0.9462937079331355,0.0,0.0,0.0,1.8238788293767503,1.9920693841419619,1.1741805972012378,
ENSMUSG00000024081-P,2.8304329792250904,2.7602455217217936,2.7618021966125847,2.9442579967777256,2.7177347940662178,2.767637414090511,2.839387240135382,3.0517843912573026,2.924077093163726,2.9901638562501347,
ENSMUSG00000079442-P,2.534861630643713,2.5227355243732053,2.7359339166032353,2.8764758030122155,2.6452372248946667,2.7240866292219725,2.6388333249514355,2.6759197196291358,2.5897809421111426,2.635590277347248,
ENSMUSG00000003184-P,2.738682238901276,2.888511952907745,2.931990201340873,2.96231414177871,2.9095259350138662,2.919306596283113,2.912061066352177,2.9505242027677774,2.8245241350388137,2.8679435189178735,
ENSMUSG00000005469-P,3.177316827697799,3.183776570588303,3.228732513134859,3.285122275714076,3.2501219430632076,3.1814641178617307,3.257361332400937,3.2003774061167407,3.211792802688249,3.1884471788283943,
ENSMUSG00000030094-P,2.4992534713739833,2.6066904293126716,2.595423785264301,2.5709578747426756,2.5589370238456417,2.699197296932295,2.7508763190188583,2.6631504356091464,2.5791083662945167,2.8178224272008845,
ENSMUSG00000024941-P,2.8885259329570756,2.9639433133027002,3.0825916032065424,3.007345987048294,3.1165246816648744,3.015675747101698,2.9367436305295236,2.9200770949445776,2.971864113675169,3.0255453418276583,
ENSMUSG00000049295-P,2.9509286614488115,2.968831228350711,3.056626565908784,2.9869420256245864,2.9638206974838024,2.985945653801455,2.9906342193995794,3.025855642260984,3.015001479617646,3.00445468011239,
ENSMUSG00000049097-P,2.0936046820399126,0.0,1.635627251815757,1.6794904396020587,2.0277492858643726,2.3800112633312382,1.9350641522175132,2.1409941759101065,1.72329325697681,1.9965362163403348,
ENSMUSG00000070348-P,2.8074851645636376,2.821654628833636,2.6570567603238033,2.8316280507988116,2.671666242276157,2.8785788265483196,2.866161261878205,2.6631504356091464,2.7725886510252247,2.75477131361721,
ENSMUSG00000046711-P,1.5079527088865927,1.7486868677434952,1.05127614128515,0.9462937079331355,1.403008416028832,0.9559436888190841,1.2944413554146859,0.0,1.72329325697681,0.0,
ENSMUSG00000034647-P,3.123310094121895,2.920509664705687,2.8959508728445504,3.1494068900251073,2.9879010310646037,3.0798353224966983,2.9547370093741896,3.322750934306444,3.2789200551442734,3.262603115212638,
ENSMUSG00000002319-P,2.9024233083887707,2.901842400734642,2.9550530168930993,2.7410555825923817,2.9095259350138662,2.791483952067096,2.8358211836111304,2.9200770949445776,2.897420467710057,2.872917777266345,
ENSMUSG00000020108-P,2.961601013098242,3.1683868819654344,3.0716219487932324,2.9687296096741567,2.978577953391719,3.05671520574347,2.872411446580786,3.053066091792708,2.9695854348363104,3.007204892765716,
ENSMUSG00000026273-P,2.585853484802609,2.6361485520771812,2.6832955931390208,2.5496359288815222,2.54600600860555,2.5560818065432516,2.7405574703971505,2.688103432295061,2.5444273780211626,2.547793539608361,
ENSMUSG00000022246-P,2.9374219238054993,2.932166524399775,2.988133947355883,2.948908623155993,2.8710787634139727,2.967285935853038,2.994288237181621,2.9129929251756694,2.8743588056221387,2.8963312933072887,
ENSMUSG00000020308-P,2.851402015905838,2.777071997916459,2.849067860362581,2.839095441010693,2.98094556839418,2.8004189483943076,2.8358211836111304,2.905685535345768,2.9066499417942304,2.944460551361671,
ENSMUSG00000050910-P,2.85472620856841,2.9349906109453667,2.937978204207451,2.9032088626100476,3.0236438871158677,2.8444826139660657,2.9459181457636863,2.8850013754722537,2.9268579952050318,2.909334175109999,
ENSMUSG00000061533-P,2.205287657187245,2.2463730105616486,2.384268838351116,2.410485958065253,2.4875565546254554,2.4662507492620462,2.1744275818053294,2.5705706176498113,2.5049571381194977,2.201239801478369,
ENSMUSG00000102840-P,1.5079527088865927,1.6022740119185164,0.0,0.9462937079331355,1.0320306801742105,2.16114414194887,0.0,1.7338102623710703,0.0,1.1741805972012378,
ENSMUSG00000058756-P,3.2494054942151123,3.251520382606147,3.3167739064860298,3.2426092947312775,3.2890580378237857,3.3028823600878723,3.2808437994906083,3.302135261478595,3.303018359596884,3.2966584120964275,
ENSMUSG00000004698-P,2.1348638805503803,1.3880232506381893,1.8889381272851609,2.372881182404712,2.2222609368854087,2.197662492225388,2.2382686415146926,2.284720189884051,2.340238309404992,2.291797059239126,
ENSMUSG00000033948-P,2.2637235061140437,2.2463730105616486,2.272416887164628,2.112256137575071,1.7626095439184901,1.6890500565304944,2.0962852433020775,1.4694552690607265,1.72329325697681,2.3292175933159136,
ENSMUSG00000028655-P,0.0,0.0,1.7807414073271164,2.01339884891904,1.403008416028832,2.1203943924010544,1.660764359131243,1.8238788293767503,2.363519388458959,1.1741805972012378,
ENSMUSG00000106032-P,0.0,1.3880232506381893,1.4225886161902916,1.952171777219592,1.0320306801742105,2.0219026545608885,1.660764359131243,1.6202655145450002,0.9909625173324894,0.0,
ENSMUSG00000086610-P,0.0,1.0173833013252518,1.4225886161902916,0.0,0.0,0.0,1.862003948455499,1.6202655145450002,1.5759052831750562,1.1741805972012378,
ENSMUSG00000026309-P,2.9853200558066826,2.9589469156013206,2.9809225310964393,2.897525770846077,2.8594088027428826,2.9839477560458385,2.912061066352177,2.9624218288802058,2.980753669013284,2.9480506984041432,
ENSMUSG00000021903-P,1.6576259071438952,2.126073670789186,1.4225886161902916,0.0,1.9573547604778292,2.337458339995891,1.5111922393673562,1.2519820612929142,1.72329325697681,2.201239801478369,
ENSMUSG00000037262-P,2.394477676541916,2.424290332377703,2.3331828765301115,2.372881182404712,2.0277492858643726,2.597069500963867,2.396778703807082,2.5206265905990994,2.600060141709006,2.6478442406034337,
ENSMUSG00000026603-P,2.3760801195395187,2.6066904293126716,2.5451089377612846,2.372881182404712,2.453299525138911,2.0744304410906786,2.2919521463457304,2.1409941759101065,2.5318606375150936,2.491017867223869,
ENSMUSG00000005514-P,3.150834276235742,3.2321496849303384,3.2052235636177357,3.193715185946057,3.2153409851668746,3.1806797974534016,3.11471235739808,3.1439295389812885,3.139833941829963,3.177881048749573,
ENSMUSG00000033808-P,2.743899924608806,2.6790826986522003,2.8067213199632537,2.7813030890878765,2.8471403214796194,2.8173745356373483,2.770336398270442,2.8767503571547746,2.782874923342635,2.7847740743425593,
ENSMUSG00000015461-P,3.146498498323789,3.1368575180446157,3.211776398851027,3.181812082897426,3.172940517946889,3.1109012463325754,3.0812307266724397,3.1059283131577806,3.087227156929531,3.116261328360755,
ENSMUSG00000045128-P,3.2348666924648963,3.231468961627582,3.2523071094072304,3.288668374535642,3.3118822194829214,3.2043480677273823,3.262298287474489,3.2058936851058117,3.2125091667651775,3.209047603111095,
ENSMUSG00000047146-P,2.3134338885607297,1.6022740119185164,1.4225886161902916,1.8795898063320278,1.0320306801742105,0.9559436888190841,1.9350641522175132,2.1409941759101065,2.052292844444681,2.3930427230256948,
ENSMUSG00000070705-P,2.612522495254482,2.307959378198525,2.3597550867125756,2.066119679798908,2.1380835386794943,2.28838096459058,2.2382686415146926,2.460264211209851,2.1494683027907366,2.5951396599621233,
ENSMUSG00000040795-P,2.472855312590126,2.536356918541084,2.447962966432772,2.306456874099742,2.4709201209280116,2.230685558714431,2.2382686415146926,2.54166167846015,2.5318606375150936,2.5112016905493073,
ENSMUSG00000031511-P,2.851402015905838,2.8474294204832438,2.8067213199632537,2.8118925120806084,2.9612640601306475,2.8132438936689708,2.80928031394119,2.850125502765961,2.8202294157249987,2.762613159258047,
ENSMUSG00000024805-P,2.4992534713739833,2.47757158816488,2.2372491701693713,2.5265906947061323,2.0277492858643726,2.28838096459058,2.414125288221068,2.54166167846015,2.340238309404992,2.5644742327530263,
ENSMUSG00000029198-P,2.8446125365761237,2.7978824259954296,2.8311495856847615,2.785910327094259,2.6159430501160656,2.7240866292219725,2.906791760975023,2.7692551600163378,2.8328931623495293,2.798527315252486,
ENSMUSG00000032482-P,3.1420676696298013,2.932166524399775,2.9928146580785913,3.038648934284262,2.8748449588683904,3.118526898085182,3.0428452445696745,3.009291839030687,3.0015371307476886,3.030513677984551,
ENSMUSG00000021288-P,3.1758080857667452,3.1972425481532785,3.1475881688672196,3.202192278633164,3.3136998993030646,3.200122173299876,3.13247213318411,3.230814222950276,3.181585458325023,3.209047603111095,
ENSMUSG00000024151-P,2.55637007027024,2.7160297340350765,2.749196066704111,2.819978813962968,2.7105973572633615,2.641027309995238,2.6945784125472363,2.561257589327894,2.7203087328818736,2.841389925978959,
ENSMUSG00000023243-P,1.770029588402452,2.4431162397134494,1.4225886161902916,0.0,1.8714646838107216,1.8885574536457885,1.2944413554146859,1.8979522464444043,1.9920693841419619,1.1741805972012378,
ENSMUSG00000030591-P,3.23261560518905,3.309651338411277,3.302884979784993,3.2976664732589764,3.351152693149909,3.273781953513927,3.3374124843313893,3.2760095815666124,3.2779082542772553,3.28111304638299,
ENSMUSG00000052751-P,2.885644923351443,2.8305536322619,2.71466299252448,2.8463393550212897,2.882202384585447,2.8587097603024243,2.906791760975023,2.7692551600163378,2.7070916603986745,2.841389925978959,
ENSMUSG00000020389-P,1.8590540273365048,2.015127702048463,1.635627251815757,1.791194985652108,2.4875565546254554,2.0219026545608885,2.3158383032623036,2.432217626547313,2.258239551698587,2.36273807992606,
ENSMUSG00000028959-P,2.9552582152224676,2.914452602897287,3.02705692058002,2.948908623155993,2.9638206974838024,2.9516186375732416,2.9673522656918325,2.900683320591346,2.9096469589429685,2.9748881136072067,
ENSMUSG00000025474-P,2.4863491669248066,2.5617994531337605,2.447962966432772,2.6349034994516605,2.5033052910060953,2.5560818065432516,2.3380846416000267,2.485909621077143,2.258239551698587,2.547793539608361,
ENSMUSG00000064370-P,4.041472488687538,4.084359925095463,4.065141203818236,4.04252245508596,4.068548592605378,4.076646689403073,4.067242267344985,4.059255619997346,4.060295139808296,4.074987021345471,
ENSMUSG00000005580-P,2.5458181101609108,2.6066904293126716,2.5161694772377903,2.5265906947061323,1.7626095439184901,2.699197296932295,2.358885778928565,2.485909621077143,2.5187205721658037,2.609294151913234,
ENSMUSG00000030663-P,2.961601013098242,2.9459504949515782,2.931990201340873,2.937099075915372,2.7444633249390167,2.921960228595888,2.983140476647396,3.0452581612763368,3.0510160206373285,3.0767309820390416,
ENSMUSG00000035941-P,2.920584980077232,2.6790826986522003,2.88507123432509,2.897525770846077,2.8385996562587685,2.7959916634062356,2.887351825564477,2.926950436731488,2.924077093163726,2.846940633502584,
ENSMUSG00000036501-P,2.3565363632746963,2.210732802662338,2.447962966432772,2.6429347253023234,2.182710471020394,2.417469317485841,2.137493660177932,2.6207468318567964,2.678469765553876,2.670796971946527,
ENSMUSG00000033411-P,2.523471132965793,2.5084415166962555,2.5451089377612846,2.474161103263893,2.414636453063777,2.587370526109766,2.712787477408111,2.5883202574847393,2.654772956157306,2.6478442406034337,
ENSMUSG00000035934-P,2.9327360253526567,2.85147033128327,2.8775285506709305,2.819978813962968,2.82055953701661,2.692586065449974,2.85646765908516,2.7860643821470283,2.750663978184287,2.862863104359975,
ENSMUSG00000003344-P,2.8446125365761237,2.9459504949515782,2.821668800359001,2.8568124873591043,2.906280118638314,2.729953026456423,2.8814885128317487,2.827163799032867,2.848811821737381,2.7847740743425593,
ENSMUSG00000037608-P,3.0949186065937537,3.0523644036093867,3.042349633907861,3.1295236683619434,2.968848450152261,3.1163768043706876,2.9978828638874893,3.253816390654744,3.178208112217281,3.1940816230549647,
ENSMUSG00000026333-P,2.3565363632746963,2.2785974902960113,2.531002286986265,2.253180584920959,2.0277492858643726,2.4508490066885806,2.558466729671963,2.5516280742475903,2.5318606375150936,2.4693492626982736,
ENSMUSG00000003527-P,2.651915936924124,2.126073670789186,2.384268838351116,2.189819980175559,2.434582325182487,2.16114414194887,2.630976401628732,2.446566449393941,2.5791083662945167,2.249559533855343,
ENSMUSG00000058420-P,2.6730605233711953,2.7228309828096444,2.7219494950043073,2.724157918670911,2.7628239075997967,2.649028578960366,2.7607932604604457,2.7604097237920144,2.7672831590327243,2.762613159258047,
ENSMUSG00000019907-P,3.0324134772344866,3.1422880026440096,3.056626565908784,3.076510743705703,3.007545373750582,3.126908885534323,3.049976568424047,3.177318865604108,3.0572415101712083,3.1112940392624315,
ENSMUSG00000025410-P,3.0982723815676945,3.091455323971936,3.0915586442267564,3.0432027129631183,3.142333669449119,3.1064137492039094,3.058231817312548,3.1079065554151986,3.097611864226792,3.114618834193574,
ENSMUSG00000061718-P,3.5676649251287347,3.6306024790139135,3.6478449643210795,3.620060871931141,3.6487777014948093,3.5676144949093156,3.607040289285239,3.596385874736541,3.633014826083664,3.6388314755989803,
ENSMUSG00000008690-P,2.93509096230734,2.8985802519029242,2.946675819453084,2.941896560869441,2.8342135361503815,2.899828590085654,2.9247327725556738,2.8652821985647923,2.897420467710057,2.862863104359975,
ENSMUSG00000092417-P,2.603914812794918,2.742221319794185,2.6380198149425884,2.7766094341044085,2.5324621193553347,2.705645944783292,2.1744275818053294,2.7368463269153964,2.6708022480537004,2.491017867223869,
ENSMUSG00000004895-P,2.289517244448642,2.424290332377703,1.05127614128515,2.1531610912188426,1.9573547604778292,2.16114414194887,2.5256088957913847,1.9605049933049352,2.287912187588724,1.5449433375537043,
ENSMUSG00000025934-P,0.0,1.9443600535000258,1.8889381272851609,0.0,2.182710471020394,0.0,1.862003948455499,1.8979522464444043,2.258239551698587,1.89264962151601,
ENSMUSG00000028273-P,3.0150998807079805,2.9828860581110277,2.8887540187247387,2.9790304419480855,2.81583314308783,2.985945653801455,3.0354691720726956,3.046579404392111,3.055702078234428,3.007204892765716,
ENSMUSG00000026520-P,2.8737558138668926,2.895271957012411,3.0617435941335462,3.053466900542725,3.0593221772006243,2.8785788265483196,2.9296127736865643,2.9643452064771387,2.9296056831550286,2.98719146296218,
ENSMUSG00000024193-P,2.9077588570750277,2.901842400734642,2.821668800359001,2.756907005285918,3.01574292680947,2.8909556851780325,2.7840049614131916,2.9773664786004224,2.9350043241574877,2.9584924264320405,
ENSMUSG00000083899-P,1.9321938006123172,2.015127702048463,1.974260823241897,2.112256137575071,1.0320306801742105,1.800441985366546,1.9967145517730716,2.366998632733507,1.72329325697681,2.201239801478369,
ENSMUSG00000030879-P,2.861239432203498,3.0422220023094755,3.0548932090178966,2.9511987215876627,3.1140087657357167,2.960704108030014,3.1208048426641772,3.0061406246293214,3.005469108689556,3.0401205612374445,
ENSMUSG00000021585-P,3.0398480504417846,3.0024313191941805,2.865744253562622,2.897525770846077,2.801082898574373,3.0191241037503405,2.956889130733668,2.9879538052600982,3.0168591158540936,2.9333379844174337,
ENSMUSG00000026623-P,3.271405474252512,3.297575181808516,3.196710552025265,3.233418848779145,3.1390009020327927,3.2554733123577213,3.210545104345833,3.2561569834755955,3.259255927425061,3.273192908618302,
ENSMUSG00000056215-P,2.3357086464576273,2.170954795689835,1.8889381272851609,1.791194985652108,2.0277492858643726,1.800441985366546,1.7730690703506513,2.234254759117529,2.442411033444984,2.36273807992606,
ENSMUSG00000001964-P,2.758941831777872,2.7294580247017555,2.946675819453084,2.9141753769509617,2.892825465892159,2.9879257512772672,3.016667532238601,2.8739348128796225,2.8910587376214685,2.882563834938619,
ENSMUSG00000057367-P,2.7108792925367373,2.7090455997453793,2.7618021966125847,2.60928565742255,2.393305479045718,2.632782601887954,2.688216578527896,2.78196661167943,2.713784149033123,2.5644742327530263,
ENSMUSG00000036613-P,2.905106355782905,2.9828860581110277,3.0018889756635816,2.894631588126424,2.928100219246486,2.741299364644042,2.872411446580786,2.892973333132839,2.8449293929502764,2.841389925978959,
ENSMUSG00000045100-P,2.2637235061140437,1.9443600535000258,2.3331828765301115,2.4277008511191256,2.0277492858643726,2.16114414194887,2.049811868198619,1.9605049933049352,2.052292844444681,2.249559533855343,
ENSMUSG00000031010-P,2.6591511580148706,2.6453009643565344,2.197995308564363,2.735545485488469,2.2897340977234717,2.4808971288517885,2.5479279222943707,2.837272212220556,2.8878120318812806,2.8679435189178735,
ENSMUSG00000015839-P,3.0685308848223385,3.0772641034198482,3.056626565908784,2.9601343773383895,3.005447168070322,3.0323955784127983,3.0541440892342733,3.0794689127399537,3.116942486541965,3.042456850013172,
ENSMUSG00000038859-P,2.8675798519434683,3.02605186087689,2.9657608133011406,3.0686605176707302,3.0884463359647203,2.969437755431105,3.010021373083883,3.00772188873078,2.989302302474485,3.0493170067765423,
ENSMUSG00000044296-P,0.0,1.0173833013252518,1.4225886161902916,0.0,0.0,0.0,1.862003948455499,1.4694552690607265,1.72329325697681,0.0,
ENSMUSG00000032633-P,3.0484433222308636,2.9917864849545546,2.968360073831779,2.894631588126424,2.882202384585447,2.9629194963466183,2.9652981635865836,2.954560012216103,2.987195769600062,2.9176157573988264,
ENSMUSG00000032724-P,2.047074977043925,2.334891049288378,1.8889381272851609,1.3142154498924596,1.7626095439184901,2.16114414194887,1.862003948455499,1.8979522464444043,1.5759052831750562,1.5449433375537043,
ENSMUSG00000024235-P,1.8590540273365048,1.7486868677434952,1.4225886161902916,1.6794904396020587,1.9573547604778292,2.197662492225388,2.0962852433020775,1.4694552690607265,0.0,1.7526028674619842,
ENSMUSG00000023236-P,3.09937840155107,3.107301914163012,3.117645613778535,3.096115275977375,3.142333669449119,3.124845312605828,3.0713163998120847,3.049197712607811,3.105074000540476,3.091987209242535,
ENSMUSG00000026483-P,2.5458181101609108,2.334891049288378,2.2372491701693713,2.410485958065253,2.0870578063901295,2.2607778365639124,2.137493660177932,2.284720189884051,1.9206278330526725,1.9965362163403348,
ENSMUSG00000057738-P,3.327850726630847,3.371808838466734,3.3675031024933406,3.342669067705514,3.38148662072588,3.347168190244636,3.3450296975922105,3.3237230416797123,3.342680032594707,3.3366824857419024,
ENSMUSG00000032301-P,2.896962904232199,2.8850576316128036,2.913029548328886,2.9579333492121003,2.928100219246486,2.90556217196922,3.030919366862213,3.1049320575449957,2.9428707578837923,3.106204252355565,
ENSMUSG00000010607-P,2.7540260145557416,2.662724276264896,2.767877595565867,2.879600466652613,2.8512998361850714,2.566901776996151,2.675014042646057,2.705384145122099,2.8068744524808564,2.701892424320677,
ENSMUSG00000030862-P,2.523471132965793,2.549361727765627,2.5713875781553512,2.4594577774574717,2.54600600860555,2.7240866292219725,2.7068576149780155,2.6631504356091464,2.340238309404992,2.701892424320677,
ENSMUSG00000035505-P,2.5116138907251915,2.68689904812128,2.5836636374332405,2.392251514724895,2.654338980356183,2.705645944783292,2.587913560814016,2.3073341463507173,2.5444273780211626,2.4459820410304167,
ENSMUSG00000022283-P,3.205947159228226,3.196427408080577,3.0650877860250785,3.2280488050107357,2.98094556839418,3.0732936357173397,3.151406810589912,3.244649194774353,3.2732861316400554,3.2818166737556838,
ENSMUSG00000050989-P,2.7279174737011735,2.8076683391121247,2.7219494950043073,2.8533719245043803,2.85538859394353,2.8370411517263316,2.859742730623456,2.7692551600163378,2.9036138343735964,2.8523663575350575,
ENSMUSG00000014195-P,3.0672491824699777,3.0900786899719455,3.158427677265818,3.12852658531704,3.136748262811334,3.1289518422981377,3.0471524322714125,3.0936455886244194,3.1449249215700528,3.1480177482544054,
ENSMUSG00000036718-P,1.5079527088865927,1.7486868677434952,1.4225886161902916,2.330161347902804,1.9573547604778292,2.197662492225388,2.2382686415146926,2.1409941759101065,2.2256750888185772,2.249559533855343,
ENSMUSG00000028885-P,0.0,1.6022740119185164,1.635627251815757,0.0,1.7626095439184901,1.8885574536457885,1.2944413554146859,0.0,0.0,1.7526028674619842,
ENSMUSG00000021693-P,2.7684961316793792,2.6944906771063075,2.5161694772377903,2.977007875046354,2.7177347940662178,2.632782601887954,2.7185852172369516,2.958525128133854,3.0131279136964606,3.053771353290373,
ENSMUSG00000062044-P,2.3760801195395187,2.2463730105616486,2.4840270483202493,2.1531610912188426,2.434582325182487,2.28838096459058,1.862003948455499,2.348320819985926,2.5318606375150936,2.36273807992606,
ENSMUSG00000028441-P,3.0354181093393002,3.0523644036093867,2.997398438262689,2.941896560869441,3.005447168070322,2.855231207607117,3.013369698556872,2.9177397211337497,2.9376566734671363,2.998848897833645,
ENSMUSG00000005124-P,2.3565363632746963,2.2785974902960113,2.1030484241537115,1.3142154498924596,2.3189258107166757,2.2607778365639124,2.2382686415146926,1.6202655145450002,1.9920693841419619,1.5449433375537043,
ENSMUSG00000043991-P,3.344085001868705,3.4360046400319635,3.412897733220292,3.485412217066809,3.4086726373346754,3.4005692649061694,3.3590691647888287,3.561236739152663,3.5236184093241527,3.5585712408048176,
ENSMUSG00000086825-P,1.5079527088865927,0.0,2.1537000593009172,2.410485958065253,2.414636453063777,2.3138464628869593,1.9350641522175132,2.260439845577068,1.36080573017253,2.201239801478369,
ENSMUSG00000019080-P,1.9321938006123172,2.015127702048463,1.7807414073271164,2.253180584920959,2.0870578063901295,1.9608930657196946,2.396778703807082,1.8238788293767503,1.5759052831750562,2.0782217325348102,
ENSMUSG00000018199-P,3.013455473543711,3.0279094080573152,2.9550530168930993,3.085314246525389,2.85538859394353,3.0191241037503405,3.097527737636336,3.126709977091007,3.0677164636987717,3.1480177482544054,
ENSMUSG00000041134-P,0.0,2.015127702048463,1.4225886161902916,1.952171777219592,1.0320306801742105,0.9559436888190841,2.137493660177932,2.014408267690184,1.36080573017253,1.7526028674619842,
ENSMUSG00000059495-P,3.2233380093956905,3.2634176684336813,3.1756075858869406,3.2420476549907393,3.122682991679597,3.229781375638601,3.1726237689838275,3.290115009528205,3.312935036705382,3.312786796860315,
ENSMUSG00000049624-P,2.7279174737011735,2.8707118671411234,2.6832955931390208,2.7122456167551343,2.6631428055964115,2.678844284813487,2.821009492367557,2.7267781726570948,2.840983461820976,2.8298913428102224,
ENSMUSG00000102142-P,0.9244311269500056,0.0,0.0,1.791194985652108,0.0,0.0,0.0,1.8238788293767503,1.36080573017253,1.7526028674619842,
ENSMUSG00000024170-P,2.5763646547814383,2.126073670789186,2.466539021905936,2.372881182404712,2.6159430501160656,2.4508490066885806,2.5256088957913847,2.612990118601212,2.287912187588724,2.3292175933159136,
ENSMUSG00000030058-P,3.139361897026265,3.1475767414616365,3.1636357300680364,3.0901837565244037,3.18487319253438,3.08989604815123,3.1522657153364384,3.0936455886244194,3.130335680318307,3.17667145639532,
ENSMUSG00000062421-P,2.8913720852585274,2.6266771176421004,2.8311495856847615,2.9534659281808238,2.8962623846482725,2.8332328811910026,2.8814885128317487,2.868201510711209,2.8878120318812806,2.777602205100333,
ENSMUSG00000050822-P,3.4629280179845057,3.4614325073624843,3.479639017633983,3.4628691526263204,3.41440352238182,3.3952129943299765,3.4482125864847264,3.3856814687088717,3.401803745205344,3.4575493580768253,
ENSMUSG00000014075-P,2.7279174737011735,2.573714029294477,2.6380198149425884,2.6583149658304945,2.571304368288538,2.7240866292219725,2.8011382898974775,2.6207468318567964,2.7070916603986745,2.6478442406034337,
ENSMUSG00000023092-P,2.758941831777872,2.4934111647517185,2.466539021905936,2.5709578747426756,2.594517976687121,2.7119392600867367,2.587913560814016,2.6207468318567964,2.654772956157306,2.701892424320677,
ENSMUSG00000003099-P,2.971790914797712,3.0757907955796715,3.113739128705217,3.0177257794449672,3.250756916205758,2.9956739188294734,3.021522671806323,3.059361620379381,3.157590555707395,3.172997840139234,
ENSMUSG00000028772-P,3.027826800843726,3.0241782807242106,2.9438133346747604,3.044699456508915,2.885796929327415,2.875380543288275,2.983140476647396,2.975551999565314,2.955406138985274,2.9780281670163804,
ENSMUSG00000035133-P,3.085702366306701,3.0044999730272366,2.973469993477111,3.084078971987217,2.9029884126277135,3.024196420887615,3.032446632506883,3.1709278557197536,3.1849061413431565,3.1641529839482203,
ENSMUSG00000041012-P,3.0833334603247753,3.1172304674082554,3.1015555141906908,3.0726221046978313,3.1009477436146455,2.9879257512772672,3.0964049202662314,3.066678360205277,3.0379943779658234,3.0863954229046127,
ENSMUSG00000039275-P,2.6926484451919714,2.47757158816488,2.466539021905936,2.6001871283067013,2.5324621193553347,2.729953026456423,2.5970794935818002,2.5883202574847393,2.61953974698994,2.609294151913234,
ENSMUSG00000025060-P,3.1550787651753978,3.1784801102160056,3.1419419292409905,3.172389771146618,3.0766698222104063,3.1564751686265833,3.0871978917312717,3.267881489202079,3.243491956006048,3.2672148439147666,
ENSMUSG00000013858-P,2.9230670330767454,2.888511952907745,3.0018889756635816,2.977007875046354,3.1321667266952007,2.9492891502871417,2.8785013259917287,2.8739348128796225,2.9126058140217186,2.8918311657633744,
ENSMUSG00000057722-P,2.8267548033749192,2.7359189516403357,2.606706636553831,2.790434056544225,2.370402380086115,2.6643516502127893,2.5970794935818002,2.958525128133854,3.005469108689556,3.0126039956648505,
ENSMUSG00000020777-P,3.145620060983548,3.165543051957316,3.1594801700284396,3.085314246525389,3.15821984532386,3.1883864025424558,3.2013948426252004,3.07375090769403,3.107502876434089,3.0581346851300544,
ENSMUSG00000024150-P,3.113244220077752,3.13904717721801,3.120209315635459,3.044699456508915,3.125095471088793,3.1299657098788747,3.209905570943119,2.9879538052600982,3.1281634535219163,3.060283297942448,
ENSMUSG00000043467-P,2.4992534713739833,2.5961262581281317,2.1537000593009172,2.306456874099742,2.257695933538241,2.417469317485841,2.4305449442555407,2.596789670681146,2.5049571381194977,2.291797059239126,
ENSMUSG00000024921-P,3.317361952013664,3.2994854038062855,3.2812704466085183,3.356493741307938,3.298627635031506,3.283230800951222,3.2356591585965995,3.415216706959041,3.375451174795065,3.414955531933615,
ENSMUSG00000030016-P,2.9024233083887707,2.9828860581110277,2.6175467456143355,2.948908623155993,2.8385996562587685,2.868851617877563,2.85646765908516,3.0169770515937886,2.9602323543252,3.051555778481442,
ENSMUSG00000056531-P,1.9321938006123172,0.0,1.4225886161902916,1.5305387995262294,1.0320306801742105,1.3243436992408386,0.0,1.6202655145450002,1.9920693841419619,2.0782217325348102,
ENSMUSG00000020102-P,1.5079527088865927,1.3880232506381893,1.4225886161902916,0.0,2.0870578063901295,0.9559436888190841,1.2944413554146859,1.9605049933049352,1.8335322595648302,1.5449433375537043,
ENSMUSG00000050493-P,2.1718438586597615,2.334891049288378,2.197995308564363,1.8795898063320278,2.671666242276157,2.2607778365639124,2.0962852433020775,2.384631720774069,2.104124818314801,2.249559533855343,
ENSMUSG00000043059-P,2.4992534713739833,2.573714029294477,2.595423785264301,2.618093674360218,2.7907365746798924,2.718084032750854,2.378404601519867,2.54166167846015,2.5897809421111426,2.798527315252486,
ENSMUSG00000048200-P,1.770029588402452,2.40422840130242,2.406998318879716,2.330161347902804,2.6631428055964115,2.3800112633312382,2.414125288221068,2.5705706176498113,2.442411033444984,2.3292175933159136,
ENSMUSG00000024181-P,3.108020579726801,3.0757907955796715,2.9928146580785913,2.988876710172023,3.0293867529399647,2.9111580050187715,3.058231817312548,2.940109407482048,2.952953850464813,2.8963312933072887,
ENSMUSG00000005510-P,3.0354181093393002,3.1098291902755983,3.0230587504826185,3.012597429412961,2.8748449588683904,2.973680440958947,3.0895379719140643,2.971878279575006,3.022338933969437,3.023017860971152,
ENSMUSG00000032615-P,2.523471132965793,2.5851446165382783,2.6175467456143355,2.699761949968734,2.626061338480764,2.3138464628869593,2.488533619115018,2.509506223754809,2.385202092055931,2.4693492626982736,
ENSMUSG00000035873-P,2.047074977043925,1.3880232506381893,1.4225886161902916,1.952171777219592,0.0,0.9559436888190841,0.0,2.1409941759101065,2.287912187588724,2.1450287609357224,
ENSMUSG00000020496-P,3.2524909828047908,3.126701749058279,3.2366821574835867,3.2149044807636584,3.17668915945095,3.2036500669154675,3.2149638734455768,3.175916296125851,3.204480300974141,3.2027733376420944,
ENSMUSG00000024687-P,2.8267548033749192,2.812419486329732,2.7219494950043073,2.650734538138873,2.626061338480764,2.678844284813487,2.8358211836111304,2.75586828489562,2.744873633261276,2.798527315252486,
ENSMUSG00000030008-P,2.458720466081874,2.5961262581281317,2.3597550867125756,2.5265906947061323,2.6631428055964115,2.5560818065432516,1.660764359131243,2.401322279238175,2.442411033444984,2.249559533855343,
ENSMUSG00000021377-P,3.085702366306701,3.0713080972402675,3.0309827377238423,3.165850750550285,3.104953315997728,3.0785431394177465,3.0812307266724397,3.2058936851058117,3.154737612818621,3.2100739545677066,
ENSMUSG00000032641-P,2.4992534713739833,2.210732802662338,0.0,1.791194985652108,1.0320306801742105,1.540426459211321,2.5014216596265615,1.8979522464444043,1.36080573017253,2.0782217325348102,
ENSMUSG00000022711-P,2.4992534713739833,2.536356918541084,2.531002286986265,2.6429347253023234,2.6799253693825444,2.6716965252062495,2.6388333249514355,2.612990118601212,2.600060141709006,2.720747597546314,
ENSMUSG00000038644-P,2.0936046820399126,2.015127702048463,2.384268838351116,1.6794904396020587,2.0277492858643726,1.540426459211321,2.488533619115018,2.4979449803136484,2.405476419443692,2.201239801478369,
ENSMUSG00000018322-P,3.019960073181607,2.9234796712221267,2.8264552685686892,2.8316280507988116,2.842907736573517,2.8909556851780325,2.9924687665728227,2.853234489936517,2.8328931623495293,2.9050799363354884,
ENSMUSG00000056054-P,1.5079527088865927,2.126073670789186,2.1030484241537115,2.01339884891904,0.0,2.1203943924010544,2.266191231183497,1.6202655145450002,1.72329325697681,1.1741805972012378,
ENSMUSG00000062937-P,2.733356171476179,2.7659800017601155,2.6570567603238033,2.8159689802932473,2.654338980356183,2.809042618764307,2.922253427234886,2.7604097237920144,2.7618636821936495,2.8051282306845917,
ENSMUSG00000004040-P,3.1817753839099416,3.387329466116637,3.3664567548229334,3.1965818037800395,3.064195919284813,3.351655859738314,3.1041401797625983,3.1551678890619455,3.1157859057054753,3.140893905245058,
ENSMUSG00000018372-P,1.9321938006123172,2.2463730105616486,2.2372491701693713,2.112256137575071,1.0320306801742105,1.800441985366546,1.9350641522175132,2.5206265905990994,2.385202092055931,1.9965362163403348,
ENSMUSG00000039804-P,2.6988674216498523,2.7824395210556943,2.606706636553831,2.8568124873591043,2.7444633249390167,2.848119084196498,2.712787477408111,2.612990118601212,2.678469765553876,2.7114906190004278,
ENSMUSG00000024740-P,3.425065668175713,3.451116263060875,3.4923128164652506,3.4594077004071413,3.472070638975807,3.428404701485649,3.458690926941145,3.426577644068817,3.4295117992083037,3.435083239697259,
ENSMUSG00000038836-P,2.2357654387079338,2.5084415166962555,2.447962966432772,2.253180584920959,2.6799253693825444,1.8885574536457885,2.5014216596265615,2.366998632733507,2.3151293779747677,2.5644742327530263,
ENSMUSG00000006777-P,2.047074977043925,2.382773118659374,2.6748333210290194,2.5143383058295288,2.4875565546254554,2.4662507492620462,2.7242561859306837,2.432217626547313,2.424501324981227,2.547793539608361,
ENSMUSG00000017405-P,2.5116138907251915,2.382773118659374,2.272416887164628,2.306456874099742,2.635818355414051,2.5209193797861644,2.7840049614131916,2.5516280742475903,2.4593198415924196,2.3930427230256948,
ENSMUSG00000064345-P,3.964824081592575,3.9962399502691035,3.9822572101156775,4.009924943660584,3.9497946467676814,3.956541485517465,3.9360306281514617,4.07553309347344,4.114363166108517,4.108228122983109,
ENSMUSG00000040158-P,0.0,1.0173833013252518,1.7807414073271164,1.791194985652108,1.403008416028832,0.0,0.0,1.6202655145450002,1.36080573017253,1.1741805972012378,
ENSMUSG00000039883-P,3.6233342539997313,3.655875905797748,3.751548766813338,3.6585134318696197,3.481795686942538,3.7179499694695464,3.6075493018265323,3.674773365978902,3.689724856111922,3.6808521662522766,
ENSMUSG00000024253-P,2.930356648537326,2.85147033128327,2.8533469828413747,2.900384596737666,3.01574292680947,2.804768432659207,2.9146515396047303,2.8563037334431267,2.8563935955688993,2.909334175109999,
ENSMUSG00000019897-P,2.894184158094128,2.9349906109453667,2.8167867596982354,2.9579333492121003,2.635818355414051,2.8370411517263316,2.7927191869715213,2.915378484044303,2.9184125930877975,2.9748881136072067,
ENSMUSG00000031451-P,3.53429660860371,3.6135014213199215,3.620565099144469,3.5226815720134996,3.601569853523823,3.5952621837908794,3.5680866635254755,3.558118523584113,3.60160162062027,3.594067142875738,
ENSMUSG00000031751-P,3.2939777808192083,3.361323055288141,3.377310484513927,3.3189670582723574,3.310046304485417,3.359702125032301,3.3453401777450007,3.3130762962641747,3.324323748908254,3.2940468170722568,
ENSMUSG00000029623-P,3.139361897026265,3.1368575180446157,3.090090568080451,3.182577428595374,3.1344703832513074,3.0609827525491196,3.0661790161112816,3.2598427326838597,3.209627737173234,3.2332037295059104,
ENSMUSG00000030691-P,2.394477676541916,2.334891049288378,2.1030484241537115,2.44399603341584,2.3457012147120677,2.230685558714431,2.675014042646057,2.6497413123615647,2.5318606375150936,2.6595660735770017,
ENSMUSG00000036819-P,1.9321938006123172,2.126073670789186,1.7807414073271164,2.330161347902804,2.393305479045718,1.6890500565304944,2.4750568067132988,2.1749376513162897,1.9920693841419619,1.89264962151601,
ENSMUSG00000024290-P,3.11427326396458,3.0473531817289494,3.0650877860250785,3.2089862156512945,3.084107209421612,3.074618316561203,3.0541440892342733,3.3266085306956947,3.279423906788362,3.304278471177202,
ENSMUSG00000017548-P,2.8827282524251774,2.5617994531337605,2.6914956110670563,2.8353904780559627,2.434582325182487,2.718084032750854,2.681697568444183,2.9464153088881146,3.0035119052499666,2.9007465719832815,
ENSMUSG00000032555-P,2.0936046820399126,2.47757158816488,1.05127614128515,1.791194985652108,2.182710471020394,2.3138464628869593,2.3158383032623036,2.432217626547313,1.8335322595648302,2.201239801478369,
ENSMUSG00000029178-P,2.9945036540352934,2.940536334172183,2.6832955931390208,2.9114818856767046,2.518249663527977,2.577322576256088,2.770336398270442,3.0714195799320225,3.055702078234428,3.0767309820390416,
ENSMUSG00000035640-P,2.851402015905838,2.460838957990331,2.6748333210290194,2.7766094341044085,2.6957086123848857,2.893950799663344,2.66112149143214,2.688103432295061,2.7878637423384687,2.701892424320677,
ENSMUSG00000024168-P,2.7684961316793792,2.6361485520771812,2.5836636374332405,2.5709578747426756,2.6879349590541737,2.8293639474584173,2.6228862347591453,2.509506223754809,2.61953974698994,2.4206546258003505,
ENSMUSG00000001687-P,3.123310094121895,3.1346440160685587,3.034838615403545,3.1305159057836796,3.0255751082118123,3.102983093020813,3.137143295997624,3.108888626904447,3.0647759703609085,3.037758639696177,
ENSMUSG00000041438-P,2.722361650103025,2.7294580247017555,2.666092844002176,2.735545485488469,2.671666242276157,2.692586065449974,2.712787477408111,2.6565295281665464,2.7328842513863942,2.5951396599621233,
ENSMUSG00000029790-P,2.686278969264156,2.742221319794185,2.8015300797147202,2.729914598025349,2.6957086123848857,2.7467895737085533,2.8785013259917287,2.7318614708705944,2.9036138343735964,2.81155722136886,
ENSMUSG00000030703-P,0.0,0.0,0.0,0.0,1.6167516936523898,0.0,0.0,1.2519820612929142,0.0,1.9965362163403348,
ENSMUSG00000008140-P,3.2968171526799765,3.268536105427572,3.3003804154785854,3.143922086823476,3.236273782691932,3.2612586972389273,3.2033920519011527,3.1821511786820387,3.2360437087231535,3.2200497749070216,
ENSMUSG00000035011-P,3.1727557883627995,3.194786897779298,3.225758231215205,3.277820726604746,3.2122672252333926,3.2216692995489025,3.163920204753606,3.28539830695472,3.306962874406193,3.3061351945916897,
ENSMUSG00000001855-P,2.651915936924124,2.771587109641666,2.88507123432509,2.6656871483659326,2.7799414636065607,2.8254325283153654,2.887351825564477,2.7940632845078754,2.662907567141824,2.530077622678098,
ENSMUSG00000028826-P,3.1213359929328344,3.1664955024673778,3.1110930421959293,3.1363699986747995,2.9761849552276143,3.052360481753608,3.059577152544508,3.115635354786026,3.1180926008592755,3.1575867130675817,
ENSMUSG00000007892-P,3.56552575408434,3.597334248505689,3.606131507978815,3.5870550793780027,3.6213330672146986,3.563116435376606,3.5864008080960534,3.5743667533892074,3.5426948304929504,3.5430634457799557,
ENSMUSG00000036499-P,2.8827282524251774,2.9264118970490984,2.8118055368726274,3.0726221046978313,2.6957086123848857,2.767637414090511,2.839387240135382,3.1463909831161763,3.1518436191266894,3.1129631380446803,
ENSMUSG00000000305-P,2.0936046820399126,1.8580390904899369,2.272416887164628,2.066119679798908,1.0320306801742105,2.5209193797861644,0.0,2.1409941759101065,1.9920693841419619,1.7526028674619842,
ENSMUSG00000026341-P,3.056707003448414,2.985144816856604,3.0041003752466358,2.988876710172023,2.9396994355110517,2.9539244371025326,3.0457262856491134,2.8850013754722537,2.971864113675169,3.007204892765716,
ENSMUSG00000042010-P,3.136619568233066,3.1496540870338676,3.1993035608685436,3.17558049068814,3.1632481384755495,3.145536170725413,2.872411446580786,3.0690622471774254,3.1062920007261496,3.1044794445742925,
ENSMUSG00000021431-P,2.8340563712140217,2.549361727765627,2.666092844002176,2.948908623155993,2.6452372248946667,2.804768432659207,2.6681581521784556,2.9791663367673875,2.8878120318812806,2.8523663575350575,
ENSMUSG00000042729-P,2.472855312590126,2.5851446165382783,2.595423785264301,2.6349034994516605,2.393305479045718,2.7240866292219725,2.6464691295481946,2.6050085099835703,2.6287850754031576,2.4693492626982736,
ENSMUSG00000047264-P,2.4438864122936725,2.460838957990331,2.7962275529773266,2.7718263037832256,2.7799414636065607,2.6155054833377434,2.558466729671963,2.54166167846015,2.685921921750426,2.6227577638255934,
ENSMUSG00000036478-P,2.2357654387079338,2.5617994531337605,2.2372491701693713,2.372881182404712,1.9573547604778292,2.5331247319483747,1.9967145517730716,2.3284792340031646,2.385202092055931,2.4693492626982736,
ENSMUSG00000032238-P,3.0982723815676945,3.0941816570060277,3.0667403234836574,3.1052675357060116,2.978577953391719,3.1064137492039094,3.0713163998120847,3.155947143481171,3.122629728818725,3.1641529839482203,
ENSMUSG00000039323-P,3.7098169034953794,3.7940051104508417,3.8103053841497467,3.74733463166234,3.8022639666600733,3.7590835689102198,3.7189591330854177,3.699952339349071,3.757524786001328,3.7291201426982545,
ENSMUSG00000030979-P,1.770029588402452,2.074761617354389,1.635627251815757,2.330161347902804,2.0277492858643726,2.3138464628869593,2.207829373185173,2.1409941759101065,2.287912187588724,2.4459820410304167,
ENSMUSG00000020608-P,3.1665071238436067,3.0941816570060277,3.06342227366973,3.164181966865836,2.882202384585447,3.095946839882913,3.0014198798111957,3.2793290923380507,3.2416569370019808,3.2694789888729483,
ENSMUSG00000055150-P,1.9939147873923782,2.015127702048463,1.8889381272851609,0.0,1.8714646838107216,0.0,1.5111922393673562,1.4694552690607265,0.0,1.7526028674619842,
ENSMUSG00000022941-P,0.0,1.3880232506381893,1.4225886161902916,0.0,1.9573547604778292,1.3243436992408386,0.9275513995962643,2.3284792340031646,0.0,1.7526028674619842,
ENSMUSG00000021244-P,3.01835201159973,2.8919162841722015,2.9097125663367547,3.057719368684654,2.7246811578068164,2.973680440958947,2.872411446580786,3.1480154525062685,3.0845483226818353,3.08258284442719,
ENSMUSG00000022463-P,2.9420137146414254,3.1047433835495606,3.1029451999890796,2.9220727934550528,2.95606218731257,3.04489956355435,2.9459181457636863,3.049197712607811,3.119236316216612,3.0401205612374445,
ENSMUSG00000023030-P,2.8885259329570756,3.0713080972402675,2.9784658806502518,2.916837924318202,3.0543342206845123,3.0191241037503405,2.969387758564908,2.8739348128796225,2.8942611790019184,2.9584924264320405,
ENSMUSG00000026784-P,2.2637235061140437,1.6022740119185164,2.1537000593009172,0.9462937079331355,1.6167516936523898,1.8885574536457885,1.660764359131243,1.7338102623710703,1.36080573017253,1.9965362163403348,
ENSMUSG00000031027-P,1.770029588402452,1.7486868677434952,2.2372491701693713,2.44399603341584,2.1380835386794943,2.5081773253680897,2.358885778928565,2.260439845577068,2.363519388458959,2.530077622678098,
ENSMUSG00000036641-P,2.63683586610622,2.7543781944163475,2.6570567603238033,2.839095441010693,2.7568499344248023,2.632782601887954,2.8132526275338363,2.9031978374503717,2.955406138985274,2.9176157573988264,
ENSMUSG00000027690-P,0.0,0.0,1.05127614128515,1.5305387995262294,0.0,0.0,1.9350641522175132,0.8877504913598372,1.5759052831750562,1.1741805972012378,
ENSMUSG00000072772-P,2.6988674216498523,2.6066904293126716,2.5713875781553512,2.1531610912188426,1.9573547604778292,2.587370526109766,2.832201908485824,2.460264211209851,2.5318606375150936,2.491017867223869,
ENSMUSG00000033487-P,2.8827282524251774,2.9917864849545546,2.8067213199632537,2.9511987215876627,2.703258878196305,2.981931756480415,3.06224256862531,2.984480349321597,2.9428707578837923,2.995991628803847,
ENSMUSG00000029550-P,2.9796219809395446,3.0165183145053573,3.0886121073065382,3.0865422837400875,3.01574292680947,3.09112031993895,3.0541440892342733,2.9565512619141576,3.0035119052499666,3.0329557546764216,
ENSMUSG00000096971-P,2.4118463808793393,2.382773118659374,2.2372491701693713,2.5709578747426756,2.2897340977234717,2.2607778365639124,2.378404601519867,2.5883202574847393,2.424501324981227,2.4693492626982736,
ENSMUSG00000037664-P,3.3555107403892905,3.326391761388574,3.354145763395744,3.378367949572759,3.3729200614830424,3.3210122450586104,3.3622012327952686,3.422566626097761,3.435894821985754,3.4593570236727613,
ENSMUSG00000106718-P,1.9321938006123172,0.0,1.4225886161902916,1.6794904396020587,2.2897340977234717,1.3243436992408386,1.7730690703506513,1.8238788293767503,2.052292844444681,1.89264962151601,
ENSMUSG00000002455-P,2.9509286614488115,3.2209581985712683,3.1813336812250834,3.12852658531704,3.164238822904246,3.195803031468528,3.146175128567911,3.2106694401056237,3.1479191536220292,3.1628568362703815,
ENSMUSG00000106365-P,0.9244311269500056,1.7486868677434952,1.4225886161902916,2.066119679798908,1.8714646838107216,1.540426459211321,1.660764359131243,1.6202655145450002,0.0,1.1741805972012378,
ENSMUSG00000087368-P,2.047074977043925,2.170954795689835,1.635627251815757,2.330161347902804,2.0277492858643726,2.16114414194887,2.358885778928565,2.401322279238175,0.9909625173324894,2.201239801478369,
ENSMUSG00000024335-P,3.3492869271905956,3.380196161320161,3.4060614905122555,3.304239450883665,3.316392967546265,3.3826559981638344,3.3736753345923995,3.3699269404485745,3.3444521461225207,3.343326414311474,
ENSMUSG00000030782-P,2.4438864122936725,2.210732802662338,2.5713875781553512,2.501547032420652,2.7907365746798924,2.434617175132461,2.7749758049164304,2.4979449803136484,2.5897809421111426,2.3930427230256948,
ENSMUSG00000051074-P,1.9321938006123172,1.9443600535000258,1.4225886161902916,1.8795898063320278,1.6167516936523898,1.3243436992408386,1.5111922393673562,1.8238788293767503,0.9909625173324894,1.89264962151601,
ENSMUSG00000055447-P,3.282599297381408,3.3324410454824185,3.2401894338760453,3.2109790572700723,3.198633796872548,3.2527839576313924,3.2689997484860727,3.215905615700058,3.2998908390174484,3.276834628856319,
ENSMUSG00000021025-P,3.301192626943711,3.5118099200174617,3.489107009025446,3.275007283350094,3.2557616136277225,3.4932475436052957,3.2264731821156567,3.3518014485476777,3.2743231824842667,3.2998718117688663,
ENSMUSG00000049739-P,2.289517244448642,2.126073670789186,1.7807414073271164,2.222971063436541,2.370402380086115,2.337458339995891,2.3380846416000267,2.284720189884051,1.9206278330526725,2.0782217325348102,
ENSMUSG00000070858-P,2.96367626399336,3.022288406560564,2.9928146580785913,2.9964508519233757,2.931055508354359,2.868851617877563,2.922253427234886,2.827163799032867,2.8708725449249966,2.882563834938619,
ENSMUSG00000024491-P,2.927952354205361,2.9538374488818673,2.960470440645219,3.0505841319919043,2.811013902580422,2.944557265251533,2.906791760975023,3.055606647210911,3.070616691352793,3.0152544193861024,
ENSMUSG00000030079-P,2.7166839392125652,2.5961262581281317,2.6570567603238033,2.501547032420652,2.4875565546254554,2.632782601887954,2.5137665335985866,2.531336043422203,2.424501324981227,2.5112016905493073,
ENSMUSG00000055044-P,1.9321938006123172,2.074761617354389,2.197995308564363,1.791194985652108,2.370402380086115,2.16114414194887,1.7730690703506513,1.9605049933049352,1.72329325697681,1.7526028674619842,
ENSMUSG00000091549-P,0.0,1.8580390904899369,1.8889381272851609,0.9462937079331355,0.0,2.230685558714431,2.358885778928565,1.2519820612929142,1.5759052831750562,1.9965362163403348,
ENSMUSG00000032372-P,2.733356171476179,2.6168654986227105,2.6832955931390208,2.5143383058295288,2.5324621193553347,2.678844284813487,2.5014216596265615,2.669611501987534,2.6463845778674786,2.701892424320677,
ENSMUSG00000032009-P,3.023141007970976,3.0369653710072355,2.9162997575706213,3.041695471051343,2.9856066295442343,3.099494739401233,3.1105481853761754,2.9681433269606514,3.0294369687258538,3.08258284442719,
ENSMUSG00000023967-P,2.959506481036738,2.834884059284818,2.960470440645219,3.1295236683619434,2.9396994355110517,2.919306596283113,2.80928031394119,2.8093265628679545,2.8245241350388137,2.841389925978959,
ENSMUSG00000028041-P,2.7684961316793792,2.9293072291465174,2.8357549974022342,2.8239240099384175,2.936854249607653,2.8370411517263316,2.7969644621705574,2.8166179802726616,2.7618636821936495,2.8523663575350575,
ENSMUSG00000031864-P,2.8074851645636376,2.5617994531337605,2.6175467456143355,2.392251514724895,2.1380835386794943,2.641027309995238,2.675014042646057,2.4979449803136484,2.363519388458959,2.547793539608361,
ENSMUSG00000005131-P,1.2911358947108442,1.3880232506381893,1.05127614128515,1.791194985652108,2.1380835386794943,1.6890500565304944,2.0962852433020775,2.061605209602923,2.052292844444681,1.5449433375537043,
ENSMUSG00000060512-P,2.63683586610622,2.5227355243732053,2.5161694772377903,2.6728614218270983,2.370402380086115,2.4508490066885806,2.6145497086705825,2.669611501987534,2.424501324981227,2.547793539608361,
ENSMUSG00000030560-P,3.198666065719973,3.2202366951985453,3.2173343722331205,3.1965818037800395,3.228599072104729,3.2309996026763486,3.181703541330805,3.195340003272084,3.177354707559282,3.197386352278746,
ENSMUSG00000053012-P,2.8827282524251774,2.8554444238939873,2.6175467456143355,2.9708280280424937,2.882202384585447,2.8293639474584173,2.948155185501868,3.077200301053833,3.0429704643799114,3.0152544193861024,
ENSMUSG00000043639-P,1.9321938006123172,2.382773118659374,2.197995308564363,1.791194985652108,1.0320306801742105,2.649028578960366,2.207829373185173,1.9605049933049352,2.405476419443692,1.5449433375537043,
ENSMUSG00000029291-P,2.686278969264156,2.742221319794185,2.71466299252448,2.724157918670911,2.7177347940662178,2.855231207607117,2.821009492367557,2.88768882491395,2.7328842513863942,2.738323175485076,
ENSMUSG00000058492-P,1.2911358947108442,0.0,2.0441657969012024,2.01339884891904,0.0,0.9559436888190841,0.9275513995962643,0.0,0.9909625173324894,0.0,
ENSMUSG00000020080-P,2.205287657187245,0.0,1.7807414073271164,0.9462937079331355,1.403008416028832,2.1203943924010544,2.4305449442555407,1.7338102623710703,1.36080573017253,2.0782217325348102,
ENSMUSG00000040701-P,2.3760801195395187,2.015127702048463,2.2372491701693713,2.1531610912188426,2.2897340977234717,2.230685558714431,2.1744275818053294,2.432217626547313,2.1494683027907366,2.1450287609357224,
ENSMUSG00000041408-P,2.989039254523102,2.9664005551751123,2.9195244094202364,2.924646368743803,2.811013902580422,2.848119084196498,2.994288237181621,3.0452581612763368,2.999544487757376,2.9748881136072067,
ENSMUSG00000026687-P,2.8580049664913236,2.7978824259954296,2.9162997575706213,2.8077473212779824,2.906280118638314,2.9245836860799774,2.9525642287096803,2.915378484044303,2.9126058140217186,2.738323175485076,
ENSMUSG00000102687-P,1.2911358947108442,1.0173833013252518,1.8889381272851609,1.6794904396020587,1.403008416028832,2.434617175132461,1.7730690703506513,2.014408267690184,1.36080573017253,1.9965362163403348,
ENSMUSG00000026029-P,2.428286947297608,2.6453009643565344,2.749196066704111,2.7517320110440098,2.7444633249390167,2.6064412175389604,2.558466729671963,2.693990867794948,2.8022567983784894,2.8178224272008845,
ENSMUSG00000027706-P,3.502239209607998,3.5445196808276607,3.5302878544356338,3.503334643998471,3.554609833289152,3.5233482047251456,3.5011359599904037,3.553363899386304,3.542149043109285,3.5571715943622064,
ENSMUSG00000071180-P,2.9255226509476087,2.5084415166962555,2.531002286986265,2.9297087940980613,2.626061338480764,2.718084032750854,2.6145497086705825,2.8652821985647923,2.9296056831550286,2.877789937403073,
ENSMUSG00000021254-P,2.1348638805503803,2.4934111647517185,2.272416887164628,2.410485958065253,2.3189258107166757,2.6064412175389604,2.2919521463457304,2.234254759117529,2.385202092055931,2.609294151913234,
ENSMUSG00000064294-P,2.047074977043925,2.015127702048463,1.974260823241897,1.952171777219592,2.3189258107166757,1.8885574536457885,1.7730690703506513,2.432217626547313,2.442411033444984,2.249559533855343,
ENSMUSG00000022312-P,3.0607218379268764,3.000343038731369,3.0478156220226325,3.108598109384393,3.150961742842935,3.0983188162039994,3.0150248376047557,3.064267352653566,3.055702078234428,2.9841787468381935,
ENSMUSG00000019699-P,2.644480984098192,2.821654628833636,2.666092844002176,2.746449606541627,2.811013902580422,2.692586065449974,2.5686281932509436,2.699749395644457,2.750663978184287,2.670796971946527,
ENSMUSG00000020477-P,2.851402015905838,2.978298642159211,2.8118055368726274,2.8463393550212897,2.9663486286929435,2.8587097603024243,2.961132841835259,2.840550217068891,2.8910587376214685,2.862863104359975,
ENSMUSG00000023341-P,0.9244311269500056,2.210732802662338,2.3597550867125756,0.0,0.0,2.4508490066885806,0.9275513995962643,0.8877504913598372,1.36080573017253,1.7526028674619842,
ENSMUSG00000103657-P,0.0,2.170954795689835,1.974260823241897,0.9462937079331355,0.0,1.3243436992408386,0.0,1.7338102623710703,0.0,1.7526028674619842,
ENSMUSG00000026896-P,2.5458181101609108,2.8076683391121247,2.7852703073053324,2.330161347902804,2.518249663527977,2.632782601887954,2.1744275818053294,2.5795858086201315,2.5444273780211626,2.530077622678098,
ENSMUSG00000020248-P,2.773140949909014,2.7090455997453793,2.6832955931390208,2.790434056544225,2.518249663527977,2.8214367206434097,2.7840049614131916,2.7778005948588294,2.8449293929502764,2.798527315252486,
ENSMUSG00000021482-P,2.790904937459521,2.40422840130242,2.7219494950043073,2.67984739275847,2.594517976687121,2.5331247319483747,2.9041116656934958,2.7735641909578077,2.6708022480537004,2.7917457319446775,
ENSMUSG00000023249-P,2.5458181101609108,2.6168654986227105,2.8402745854055063,2.581044084290294,2.8251963556344295,2.7467895737085533,2.7007899433145752,2.7318614708705944,2.685921921750426,2.5802259099916705,
ENSMUSG00000087640-P,0.0,0.0,1.05127614128515,1.3142154498924596,0.0,0.0,0.0,0.0,0.0,0.0,
ENSMUSG00000072704-P,2.927952354205361,2.905059589207495,2.913029548328886,3.099594794380368,2.9713207403278257,2.997569290794083,3.131524905283198,3.0581173014119525,3.066251315600015,3.1242824934177884,
ENSMUSG00000020135-P,2.523471132965793,2.307959378198525,2.1537000593009172,2.066119679798908,2.3457012147120677,2.4508490066885806,2.2382686415146926,2.1749376513162897,2.475325818848827,2.3292175933159136,
ENSMUSG00000031657-P,2.5116138907251915,2.573714029294477,2.1030484241537115,2.501547032420652,2.54600600860555,2.5560818065432516,2.6464691295481946,2.6356304474686527,2.4905136948825617,2.547793539608361,
ENSMUSG00000046947-P,2.3357086464576273,2.2463730105616486,2.4840270483202493,2.253180584920959,2.414636453063777,2.3993059787258506,2.207829373185173,2.446566449393941,2.1494683027907366,2.5644742327530263,
ENSMUSG00000034930-P,2.6988674216498523,2.536356918541084,2.6570567603238033,2.746449606541627,2.882202384585447,2.7521641677005837,2.859742730623456,2.8093265628679545,2.7203087328818736,2.729685170156122,
ENSMUSG00000022561-P,3.190401787950573,3.2375102237850615,3.2649212351803687,3.1599480848349457,3.2083553779666354,3.159993221573939,3.0860179677214226,3.1709278557197536,3.182420870984403,3.1480177482544054,
ENSMUSG00000097626-P,1.5079527088865927,1.3880232506381893,0.0,1.5305387995262294,1.403008416028832,0.0,1.9350641522175132,2.284720189884051,2.363519388458959,2.5112016905493073,
ENSMUSG00000031583-P,2.566544186502761,2.2785974902960113,2.5713875781553512,2.306456874099742,2.654338980356183,2.230685558714431,2.536985130926247,2.7163013891870706,2.6099719018009586,2.6478442406034337,
ENSMUSG00000044317-P,1.2911358947108442,1.8580390904899369,1.8889381272851609,1.952171777219592,2.370402380086115,2.197662492225388,2.049811868198619,1.9605049933049352,1.72329325697681,1.1741805972012378,
ENSMUSG00000001441-P,3.1550787651753978,3.208311705930623,3.146471460160248,3.2142557290518514,3.15821984532386,3.095946839882913,3.163109835519534,3.270486515983181,3.3316644515015916,3.3345878942553235,
ENSMUSG00000037742-P,3.138451894890574,3.1496540870338676,3.034838615403545,3.0037738679189117,3.033132493881135,3.095946839882913,3.235097733465936,3.064267352653566,3.1594702473245433,3.1079148085785855,
ENSMUSG00000001054-P,2.722361650103025,2.6944906771063075,2.742650917600135,2.894631588126424,2.7380370889497767,2.678844284813487,2.7884001586217537,2.741736217065273,2.8202294157249987,2.75477131361721,
ENSMUSG00000021886-P,2.205287657187245,2.210732802662338,1.4225886161902916,1.3142154498924596,1.6167516936523898,1.540426459211321,0.0,2.1749376513162897,1.8335322595648302,1.89264962151601,
ENSMUSG00000031157-P,3.0084467837507303,3.0044999730272366,2.9495027211644853,2.9687296096741567,2.928100219246486,2.95846674442496,2.8754759438765913,2.954560012216103,2.952953850464813,2.9651948493975326,
ENSMUSG00000037326-P,2.7684961316793792,2.5084415166962555,2.6380198149425884,2.724157918670911,2.7507319323948414,2.7119392600867367,2.688216578527896,2.5883202574847393,2.6463845778674786,2.7466797079738132,
ENSMUSG00000046351-P,3.003321037451294,2.812419486329732,2.767877595565867,3.0001427722460408,2.8512998361850714,2.8517014557869484,2.8497801969176764,3.0199769913049908,2.8878120318812806,2.9050799363354884,
ENSMUSG00000030605-P,3.4640180993225087,3.5385144690974726,3.5857023227843223,3.597955623754745,3.621970766045262,3.518447564156634,3.4318260107028813,3.493369113792371,3.5228800302560437,3.4902114886916418,
ENSMUSG00000030108-P,2.1348638805503803,2.2785974902960113,1.4225886161902916,2.372881182404712,1.9573547604778292,1.800441985366546,2.137493660177932,2.014408267690184,1.8335322595648302,2.3292175933159136,
ENSMUSG00000042349-P,1.8590540273365048,1.0173833013252518,1.8889381272851609,1.6794904396020587,2.0870578063901295,2.197662492225388,2.0962852433020775,2.1034669621672157,1.36080573017253,0.0,
ENSMUSG00000037012-P,3.3477725664495273,3.346549068613085,3.3971910159481054,3.3778327638079695,3.362197201908465,3.3326383329125666,3.3511393008064676,3.359115748115655,3.3742622286845507,3.3492484732329437,
ENSMUSG00000040640-P,2.63683586610622,2.126073670789186,2.5451089377612846,2.01339884891904,2.2897340977234717,2.566901776996151,2.049811868198619,2.401322279238175,2.5049571381194977,2.530077622678098,
ENSMUSG00000039943-P,2.8034430784073585,2.8474294204832438,2.71466299252448,2.9346620385847326,2.7853973612845433,2.7822160834438785,2.6228862347591453,2.991373747778003,2.991389017634292,2.951585004020683,
ENSMUSG00000056598-P,2.8913720852585274,2.9459504949515782,2.922704673682812,2.894631588126424,2.842907736573517,2.8721385162948816,2.8531472093419428,2.8652821985647923,2.840983461820976,2.857672235963162,
ENSMUSG00000037736-P,2.9465148657310505,2.9175009590631764,2.8813299958733816,2.9601343773383895,2.7907365746798924,2.919306596283113,2.770336398270442,3.001327399010528,3.0294369687258538,3.0786997472371764,
ENSMUSG00000095677-P,0.0,1.0173833013252518,1.974260823241897,0.9462937079331355,1.7626095439184901,1.800441985366546,1.2944413554146859,1.2519820612929142,0.9909625173324894,1.1741805972012378,
ENSMUSG00000004098-P,0.0,1.3880232506381893,0.0,1.952171777219592,1.403008416028832,2.1203943924010544,0.0,0.0,1.9206278330526725,1.1741805972012378,
ENSMUSG00000100075-P,2.205287657187245,2.015127702048463,0.0,0.0,1.403008416028832,1.800441985366546,1.862003948455499,1.7338102623710703,1.5759052831750562,1.1741805972012378,
ENSMUSG00000031918-P,2.666196344401061,2.7090455997453793,2.8357549974022342,2.794877045418506,2.7959636548000573,2.678844284813487,2.7840049614131916,2.7108999538555807,2.8068744524808564,2.75477131361721,
ENSMUSG00000035152-P,2.861239432203498,2.777071997916459,2.8167867596982354,2.9729069901619565,2.6452372248946667,2.7119392600867367,2.7884001586217537,3.0452581612763368,3.1038487967849844,3.042456850013172,
ENSMUSG00000104339-P,0.0,1.8580390904899369,2.197995308564363,1.5305387995262294,1.7626095439184901,2.0219026545608885,0.0,2.348320819985926,1.9206278330526725,1.5449433375537043,
ENSMUSG00000038717-P,2.8074851645636376,2.8076683391121247,2.8311495856847615,2.6266278497452364,2.7105973572633615,2.8173745356373483,2.7185852172369516,2.7604097237920144,2.6377274036574265,2.777602205100333,
ENSMUSG00000019464-P,1.9939147873923782,2.2785974902960113,2.2372491701693713,2.01339884891904,2.3457012147120677,2.359449090949931,2.396778703807082,2.260439845577068,2.363519388458959,2.201239801478369,
ENSMUSG00000038990-P,2.62086925886439,2.3597364017920848,2.197995308564363,2.306456874099742,2.5033052910060953,2.3138464628869593,2.207829373185173,2.234254759117529,2.5187205721658037,2.4206546258003505,
ENSMUSG00000025437-P,2.9573923304339362,2.8669856313559015,2.8959508728445504,2.955710666614463,2.7799414636065607,3.0121720694262666,3.0150248376047557,2.9604818922109795,2.9184125930877975,2.8679435189178735,
ENSMUSG00000051224-P,2.205287657187245,1.0173833013252518,0.0,1.3142154498924596,1.403008416028832,0.0,2.137493660177932,1.4694552690607265,1.72329325697681,1.1741805972012378,
ENSMUSG00000078485-P,2.0936046820399126,1.8580390904899369,1.7807414073271164,0.9462937079331355,2.0870578063901295,1.8885574536457885,0.0,1.4694552690607265,2.189660735056445,1.89264962151601,
ENSMUSG00000021392-P,2.612522495254482,2.7659800017601155,2.7219494950043073,2.8159689802932473,2.5324621193553347,2.5560818065432516,2.488533619115018,2.820184021787824,2.7618636821936495,2.777602205100333,
ENSMUSG00000021686-P,2.9980730098788007,3.0540090530770128,2.960470440645219,2.9964508519233757,3.0474970448975376,2.9027129932396125,3.0635628457064397,3.0452581612763368,3.129252455271309,3.08258284442719,
ENSMUSG00000044134-P,2.603914812794918,2.3597364017920848,2.272416887164628,2.5265906947061323,2.571304368288538,2.230685558714431,2.460939846741703,2.4979449803136484,2.4905136948825617,2.0782217325348102,
ENSMUSG00000024975-P,3.0067514591015922,3.0816231439758535,2.968360073831779,3.0177257794449672,2.9612640601306475,3.017406738127423,3.0231172936435207,3.0725884607612537,3.10261630907578,3.051555778481442,
ENSMUSG00000002844-P,3.0926523870032905,2.826144717911854,3.0548932090178966,2.9749668304635644,2.918999617810838,3.052360481753608,2.9547370093741896,2.9737226760906506,2.9741198544608016,2.81155722136886,
ENSMUSG00000029270-P,2.7279174737011735,2.9486100379385802,2.8167867596982354,2.7517320110440098,2.829746704878014,2.848119084196498,2.9172133702951815,2.8850013754722537,2.8708725449249966,2.862863104359975,
ENSMUSG00000029684-P,3.139361897026265,3.055641131366946,3.0795153050600326,3.021078921785324,2.7568499344248023,3.013930926940297,3.055515389007836,3.144753352579532,3.139833941829963,3.1575867130675817,
ENSMUSG00000017697-P,0.0,0.0,1.635627251815757,0.9462937079331355,1.8714646838107216,1.6890500565304944,0.0,0.0,0.0,0.0,
ENSMUSG00000022812-P,3.133839744058732,3.1693258908024937,3.1419419292409905,3.1810437658911237,3.0177451785520675,3.175907554820031,3.138064792116875,3.232401713090984,3.250660227527273,3.28111304638299,
ENSMUSG00000053749-P,0.0,0.0,0.0,0.9462937079331355,2.0870578063901295,1.540426459211321,1.7730690703506513,0.0,0.9909625173324894,1.5449433375537043,
ENSMUSG00000025323-P,2.6988674216498523,2.4934111647517185,2.6914956110670563,2.790434056544225,2.5324621193553347,2.624280410687325,2.5784364768268895,2.7778005948588294,2.8068744524808564,2.7847740743425593,
ENSMUSG00000034863-P,2.585853484802609,2.5617994531337605,2.666092844002176,2.60928565742255,2.7444633249390167,2.7240866292219725,2.2919521463457304,2.6356304474686527,2.6708022480537004,2.691928966626909,
ENSMUSG00000068762-P,1.8590540273365048,0.0,1.8889381272851609,1.3142154498924596,1.9573547604778292,1.6890500565304944,1.7730690703506513,1.4694552690607265,1.9920693841419619,2.1450287609357224,
ENSMUSG00000068335-P,2.3565363632746963,2.5961262581281317,2.5836636374332405,2.735545485488469,2.7907365746798924,2.4808971288517885,2.7927191869715213,2.5795858086201315,2.7725886510252247,2.609294151913234,
ENSMUSG00000021215-P,1.9939147873923782,2.015127702048463,2.2372491701693713,2.066119679798908,2.182710471020394,2.28838096459058,1.9967145517730716,2.260439845577068,2.258239551698587,2.36273807992606,
ENSMUSG00000085197-P,1.5079527088865927,1.7486868677434952,1.05127614128515,0.0,0.0,0.0,0.0,1.2519820612929142,1.72329325697681,0.0,
ENSMUSG00000091007-P,0.0,0.0,0.0,1.3142154498924596,1.7626095439184901,1.3243436992408386,1.862003948455499,1.2519820612929142,1.5759052831750562,1.7526028674619842,
ENSMUSG00000028133-P,1.5079527088865927,1.9443600535000258,1.05127614128515,2.112256137575071,2.182710471020394,1.800441985366546,1.660764359131243,1.7338102623710703,2.287912187588724,2.201239801478369,
ENSMUSG00000031112-P,2.289517244448642,2.015127702048463,2.406998318879716,2.44399603341584,2.257695933538241,2.197662492225388,2.536985130926247,2.260439845577068,2.4905136948825617,2.36273807992606,
ENSMUSG00000028700-P,3.2755128819605246,3.319708822783205,3.3130464985479913,3.315204878276051,3.339380429686626,3.2554733123577213,3.3197158397269475,3.221004104692014,3.277400291039681,3.273192908618302,
ENSMUSG00000032018-P,2.9129747704233133,2.802823808718636,2.869737635921501,2.8857285170723315,2.889337458695065,2.9347881621994523,2.8531472093419428,2.871085452195953,2.971864113675169,2.877789937403073,
ENSMUSG00000030304-P,3.122325419215547,3.114792792225455,3.049607091521917,3.1334639818926493,3.04399483675949,3.0651663368316613,3.1177811657738377,3.1947011327303922,3.163177573050684,3.206978528598734,
ENSMUSG00000054364-P,2.782180610167603,3.1008453739907385,3.113739128705217,2.6656871483659326,3.1088829115431467,3.1718411602250463,2.5686281932509436,2.915378484044303,2.8022567983784894,2.925611051052122,
ENSMUSG00000029878-P,2.1348638805503803,2.074761617354389,1.8889381272851609,0.0,2.0277492858643726,2.359449090949931,1.862003948455499,1.8238788293767503,1.36080573017253,2.249559533855343,
ENSMUSG00000057181-P,2.743899924608806,2.6168654986227105,2.558552283290118,2.44399603341584,1.7626095439184901,2.656799366208228,2.378404601519867,2.699749395644457,2.4905136948825617,2.5644742327530263,
ENSMUSG00000050321-P,2.1718438586597615,2.170954795689835,2.3331828765301115,1.5305387995262294,1.9573547604778292,1.6890500565304944,1.9350641522175132,1.2519820612929142,1.9206278330526725,2.3292175933159136,
ENSMUSG00000021957-P,3.186135705542768,3.2999598839207405,3.374324772726257,3.358896222846371,3.3288760056175537,3.3024676180386714,3.2843420157260144,3.284600416684756,3.371860001309329,3.357779295464393,
ENSMUSG00000030265-P,2.98343685347356,2.951238803071244,2.946675819453084,3.0925766361534905,2.915884570289969,2.95846674442496,3.0231172936435207,3.0850355773422495,3.07489375894688,3.08258284442719,
ENSMUSG00000052566-P,2.394477676541916,2.662724276264896,2.5713875781553512,2.410485958065253,2.626061338480764,2.692586065449974,2.630976401628732,2.6050085099835703,2.5049571381194977,2.609294151913234,
ENSMUSG00000030256-P,2.4992534713739833,2.671029002887093,2.406998318879716,2.372881182404712,2.571304368288538,2.197662492225388,2.358885778928565,2.5705706176498113,2.5564652116807776,2.691928966626909,
ENSMUSG00000022361-P,3.0456162927108856,2.9175009590631764,2.8575511701244523,2.9601343773383895,2.882202384585447,2.939724953830743,2.950370415235429,3.002943537915634,3.0363098056746107,3.00445468011239,
ENSMUSG00000028383-P,2.9255226509476087,2.9589469156013206,2.9522948569653398,2.9346620385847326,2.85538859394353,2.975772017293924,2.9869189486873435,2.895571637261848,2.967283378173737,2.9050799363354884,
ENSMUSG00000017221-P,3.1037445171230704,3.1730382944806164,3.2338293332949455,3.254036471767302,3.3225263279669663,3.2084844344120294,3.1531209731453886,3.190169926647183,3.206703008117047,3.2219847447538643,
ENSMUSG00000021481-P,2.3760801195395187,2.210732802662338,2.558552283290118,2.4277008511191256,2.4709201209280116,2.1203943924010544,2.6228862347591453,2.446566449393941,2.385202092055931,2.530077622678098,
ENSMUSG00000020752-P,2.472855312590126,2.424290332377703,2.4840270483202493,2.1531610912188426,2.3457012147120677,2.3138464628869593,2.630976401628732,2.4733631448738667,2.4905136948825617,2.3292175933159136,
ENSMUSG00000041642-P,2.2637235061140437,0.0,1.974260823241897,1.5305387995262294,1.9573547604778292,0.0,2.049811868198619,2.1409941759101065,1.9206278330526725,1.5449433375537043,
ENSMUSG00000031147-P,1.9939147873923782,0.0,1.8889381272851609,1.6794904396020587,2.182710471020394,1.6890500565304944,2.207829373185173,1.4694552690607265,2.104124818314801,1.89264962151601,
ENSMUSG00000038084-P,3.0383814955579713,3.02605186087689,2.935003777124505,2.9749668304635644,2.9713207403278257,2.9347881621994523,3.032446632506883,2.9177397211337497,2.9376566734671363,2.846940633502584,
ENSMUSG00000066113-P,3.077291579093891,3.1465300000630596,3.1110930421959293,3.1295236683619434,2.933973224532563,2.9879257512772672,2.9652981635865836,3.0850355773422495,3.0015371307476886,3.042456850013172,
ENSMUSG00000051043-P,3.088044792246704,3.1784801102160056,3.190523565958096,3.176370230075913,3.0657959582378345,3.053821948600625,3.0763318649648212,3.0618286403129082,3.1099035644884223,3.060283297942448,
ENSMUSG00000042797-P,2.9255226509476087,2.932166524399775,2.8118055368726274,2.8159689802932473,2.8471403214796194,2.9111580050187715,2.8052428722856653,2.8305801856630475,2.848811821737381,2.81155722136886,
ENSMUSG00000028030-P,2.458720466081874,1.9443600535000258,2.3597550867125756,2.488171624136404,2.434582325182487,2.3800112633312382,2.4750568067132988,2.509506223754809,2.475325818848827,2.530077622678098,
ENSMUSG00000028484-P,3.021556351775842,2.8632001765527972,2.8994680963531203,3.152982336833764,2.829746704878014,2.981931756480415,3.013369698556872,3.1888558989512306,3.1929713226444902,3.1951893932794575,
ENSMUSG00000045817-P,1.9321938006123172,1.9443600535000258,1.7807414073271164,1.3142154498924596,1.403008416028832,1.800441985366546,2.137493660177932,1.9605049933049352,1.9206278330526725,1.7526028674619842,
ENSMUSG00000031808-P,3.1173299004783095,3.010591554595652,3.0018889756635816,2.9849903414115886,2.9713207403278257,3.0258612368697437,2.994288237181621,3.0199769913049908,3.0396658868640336,2.9841787468381935,
ENSMUSG00000021676-P,3.0672491824699777,3.165543051957316,3.0583459432750266,3.1161667521464143,3.0705248395010307,3.108669674389079,3.092999694555739,3.195340003272084,3.2341354499639325,3.259464721796794,
ENSMUSG00000027523-P,3.6447771010712713,3.6796236010281462,3.632379423020936,3.630098608989115,3.6623328758779947,3.6231808759907267,3.696764366664127,3.647222612237794,3.6804585837059314,3.678090979396273,
ENSMUSG00000037716-P,0.0,1.9443600535000258,0.0,1.791194985652108,2.3189258107166757,1.540426459211321,1.862003948455499,2.234254759117529,2.2256750888185772,2.0782217325348102,
ENSMUSG00000070319-P,3.0926523870032905,3.1110813304206038,3.040496291434201,2.964473023102606,3.1238927826376193,3.053821948600625,3.103052629630579,2.9681433269606514,2.987195769600062,3.0016696267742686,
ENSMUSG00000024472-P,2.84803120248072,2.7659800017601155,2.8264552685686892,2.870100123380542,2.7743640564758505,2.8407905048280395,2.85646765908516,2.693990867794948,2.7777845288642493,2.7847740743425593,
ENSMUSG00000007476-P,3.163307868543851,3.163624425829317,3.1949626342371635,2.9579333492121003,3.0995951886481476,3.160863178468066,3.0883712034034265,3.07375090769403,3.07489375894688,3.053771353290373,
ENSMUSG00000041308-P,3.0383814955579713,3.1172304674082554,2.9438133346747604,3.096115275977375,2.81583314308783,2.9469355167156843,2.9094413474204375,3.1146849481028194,3.1001291536334383,3.1044794445742925,
ENSMUSG00000033436-P,3.1473731343726676,3.2059919862956034,3.188719513435118,3.185609525871631,3.17668915945095,3.219747847758769,3.112640781355972,3.1665502961360104,3.1747722559939064,3.154898826738846,
ENSMUSG00000034579-P,2.0936046820399126,0.0,1.635627251815757,0.0,0.0,0.0,0.0,1.6202655145450002,0.9909625173324894,0.0,
ENSMUSG00000038545-P,2.7490132478677336,2.5851446165382783,2.6380198149425884,2.7669504795156703,2.7959636548000573,2.632782601887954,2.7068576149780155,2.721592767635897,2.750663978184287,2.877789937403073,
ENSMUSG00000042831-P,2.722361650103025,2.7543781944163475,2.6748333210290194,2.9749668304635644,2.8633625715061446,2.699197296932295,2.9014003999552607,2.8093265628679545,2.8158579754619852,2.7114906190004278,
ENSMUSG00000030217-P,1.770029588402452,1.7486868677434952,1.635627251815757,1.6794904396020587,1.403008416028832,1.540426459211321,0.0,2.061605209602923,0.0,1.89264962151601,
ENSMUSG00000065799-P,1.770029588402452,1.6022740119185164,0.0,1.6794904396020587,0.0,0.9559436888190841,0.0,2.1749376513162897,0.9909625173324894,1.5449433375537043,
ENSMUSG00000022085-P,0.0,0.0,0.0,1.791194985652108,1.8714646838107216,0.0,1.7730690703506513,1.6202655145450002,1.9206278330526725,1.1741805972012378,
ENSMUSG00000029840-P,3.2033307648722666,3.167443432408381,3.1163516725466116,3.1420602653831238,3.149903176665574,3.1564751686265833,3.179472264390289,3.1463909831161763,3.1604035290904005,3.172997840139234,
ENSMUSG00000105970-P,0.9244311269500056,1.0173833013252518,0.0,1.791194985652108,1.0320306801742105,1.8885574536457885,0.0,0.0,0.0,2.201239801478369,
ENSMUSG00000021904-P,2.458720466081874,2.307959378198525,1.7807414073271164,2.306456874099742,2.182710471020394,0.0,1.7730690703506513,2.2058739696682794,1.9206278330526725,2.1450287609357224,
ENSMUSG00000105607-P,0.0,2.2463730105616486,1.974260823241897,2.01339884891904,1.403008416028832,0.9559436888190841,1.5111922393673562,2.284720189884051,0.0,1.1741805972012378,
ENSMUSG00000033502-P,1.8590540273365048,2.4934111647517185,1.7807414073271164,1.791194985652108,1.403008416028832,1.9608930657196946,1.660764359131243,1.4694552690607265,1.9920693841419619,2.3930427230256948,
ENSMUSG00000090877-P,0.0,2.4934111647517185,1.05127614128515,2.112256137575071,0.0,1.6890500565304944,1.9967145517730716,2.5516280742475903,2.052292844444681,1.7526028674619842,
ENSMUSG00000044813-P,2.3760801195395187,2.47757158816488,2.272416887164628,2.330161347902804,2.393305479045718,2.359449090949931,2.378404601519867,2.284720189884051,2.258239551698587,2.1450287609357224,
ENSMUSG00000030268-P,2.1718438586597615,0.0,2.197995308564363,0.0,1.6167516936523898,2.1203943924010544,1.862003948455499,1.2519820612929142,2.052292844444681,1.7526028674619842,
ENSMUSG00000031967-P,2.992697128247144,2.9432594943371946,3.0230587504826185,3.0865422837400875,3.056009872691626,3.05671520574347,2.9960928612950677,3.001327399010528,2.982921821929792,3.044768022199218,
ENSMUSG00000028977-P,0.0,2.170954795689835,1.05127614128515,0.9462937079331355,1.403008416028832,0.0,0.9275513995962643,1.7338102623710703,1.5759052831750562,1.7526028674619842,
ENSMUSG00000090110-P,0.0,2.4934111647517185,2.1537000593009172,2.372881182404712,2.1380835386794943,2.0219026545608885,1.7730690703506513,2.1034669621672157,1.9920693841419619,1.1741805972012378,
ENSMUSG00000048106-P,2.55637007027024,2.334891049288378,2.595423785264301,2.6932895945564996,2.5324621193553347,2.5331247319483747,2.653895045229451,2.7860643821470283,2.7203087328818736,2.5951396599621233,
ENSMUSG00000026563-P,2.6988674216498523,2.5227355243732053,2.7290365064033546,2.9579333492121003,2.7907365746798924,2.641027309995238,2.6945784125472363,2.7604097237920144,2.7070916603986745,2.720747597546314,
ENSMUSG00000046157-P,2.9155394090018314,3.033388372211572,3.0683800742494634,2.924646368743803,2.81583314308783,3.0387382656342705,2.8785013259917287,2.8305801856630475,2.8942611790019184,2.798527315252486,
ENSMUSG00000047067-P,2.585853484802609,2.821654628833636,2.71466299252448,2.819978813962968,2.7907365746798924,2.6064412175389604,2.74576900869294,2.682081644721936,2.7878637423384687,2.770219179563109,
ENSMUSG00000067928-P,0.0,2.307959378198525,1.974260823241897,2.066119679798908,0.0,2.1203943924010544,2.5784364768268895,2.1034669621672157,2.052292844444681,2.249559533855343,
ENSMUSG00000047181-P,2.3357086464576273,2.074761617354389,2.197995308564363,2.560497299397539,2.518249663527977,2.656799366208228,2.378404601519867,2.1409941759101065,2.287912187588724,2.4459820410304167,
ENSMUSG00000038880-P,2.9908757385280165,2.877993420373794,2.8887540187247387,2.9321987883701395,2.892825465892159,2.7521641677005837,2.9906342193995794,2.843784388031918,2.9268579952050318,2.887243098830734,
ENSMUSG00000034786-P,2.2357654387079338,1.6022740119185164,1.05127614128515,2.3522383670373204,2.2222609368854087,0.0,0.0,1.8238788293767503,1.9206278330526725,1.9965362163403348,
ENSMUSG00000053746-P,2.2637235061140437,2.2463730105616486,1.7807414073271164,2.253180584920959,2.0870578063901295,1.3243436992408386,2.1744275818053294,2.1409941759101065,2.2256750888185772,2.0782217325348102,
ENSMUSG00000032740-P,2.743899924608806,2.839138558617027,2.606706636553831,2.8917012246745193,2.703258878196305,2.8132438936689708,2.8132526275338363,3.0543401487857245,2.989302302474485,3.0401205612374445,
ENSMUSG00000028701-P,2.534861630643713,2.4431162397134494,2.5451089377612846,2.618093674360218,2.6054379948675153,2.649028578960366,2.74576900869294,2.669611501987534,2.678469765553876,2.6478442406034337,
ENSMUSG00000003360-P,2.2357654387079338,2.126073670789186,2.5161694772377903,2.2808916192454447,2.0870578063901295,2.3993059787258506,2.5137665335985866,2.509506223754809,2.4593198415924196,2.4459820410304167,
ENSMUSG00000032172-P,2.3357086464576273,2.334891049288378,2.2372491701693713,1.8795898063320278,2.0277492858643726,2.0744304410906786,2.3158383032623036,2.061605209602923,2.363519388458959,1.9965362163403348,
ENSMUSG00000041720-P,3.023141007970976,3.0369653710072355,3.0944641840945195,3.0828363797034535,3.060959204822691,3.0387382656342705,2.9753856696608003,2.966252287132769,3.0074090313112176,3.0329557546764216,
ENSMUSG00000047371-P,2.790904937459521,2.85147033128327,2.8533469828413747,2.6728614218270983,2.9452855558870796,2.804768432659207,2.8132526275338363,2.9565512619141576,2.9376566734671363,2.944460551361671,
ENSMUSG00000040761-P,3.0593919544325177,3.080180146325996,3.1442193656306583,3.010860896803546,3.0576724616775346,3.114204007515734,2.943658891613491,3.053066091792708,3.105074000540476,3.091987209242535,
ENSMUSG00000085207-P,1.9939147873923782,0.0,1.05127614128515,0.0,1.403008416028832,1.3243436992408386,1.2944413554146859,1.6202655145450002,0.0,1.89264962151601,
ENSMUSG00000024190-P,2.8074851645636376,3.033388372211572,2.9195244094202364,2.7517320110440098,2.925106444093625,3.0307803800394417,2.8052428722856653,2.88768882491395,2.9602323543252,2.8679435189178735,
ENSMUSG00000061838-P,2.9180759560287846,2.9264118970490984,2.8533469828413747,2.7410555825923817,2.928100219246486,2.916622135144592,2.948155185501868,2.62829007463902,2.8673343818861015,2.8178224272008845,
ENSMUSG00000033453-P,0.0,2.7160297340350765,2.3331828765301115,2.474161103263893,2.393305479045718,2.705645944783292,0.0,2.1409941759101065,1.72329325697681,2.249559533855343,
ENSMUSG00000032251-P,2.8267548033749192,2.7978824259954296,2.742650917600135,2.9983045339668637,2.54600600860555,2.7774499836034243,2.906791760975023,2.843784388031918,2.8878120318812806,2.8357087694542726,
ENSMUSG00000048118-P,2.9180759560287846,2.7659800017601155,2.7071663400258377,2.9346620385847326,2.594517976687121,2.8214367206434097,2.675014042646057,3.0967849567476105,2.980753669013284,2.9050799363354884,
ENSMUSG00000020444-P,2.9697895789412367,2.998234780402485,3.0290287196225005,3.107493864284486,3.1062714887824026,3.0508889526265404,3.051374787900566,3.0315792982296825,3.024135310825786,2.9295070067380213,
ENSMUSG00000048175-P,2.743899924608806,2.881551934833877,2.865744253562622,2.827806479027491,2.8710787634139727,2.8214367206434097,2.8011382898974775,2.7368463269153964,2.713784149033123,2.729685170156122,
ENSMUSG00000049744-P,2.2357654387079338,0.0,0.0,1.3142154498924596,1.7626095439184901,0.9559436888190841,0.0,1.7338102623710703,0.9909625173324894,1.7526028674619842,
ENSMUSG00000047989-P,2.1348638805503803,2.8593537259418302,2.6279751478654028,2.803531223094093,2.95606218731257,2.8332328811910026,2.85646765908516,2.86232669930208,2.7203087328818736,2.8051282306845917,
ENSMUSG00000071253-P,2.8267548033749192,2.549361727765627,2.4840270483202493,2.392251514724895,2.518249663527977,2.4808971288517885,2.7607932604604457,2.5883202574847393,2.654772956157306,2.609294151913234,
ENSMUSG00000045302-P,2.8034430784073585,2.8669856313559015,2.7290365064033546,2.894631588126424,2.885796929327415,2.8517014557869484,2.9367436305295236,2.7778005948588294,2.8637428587733615,2.8357087694542726,
ENSMUSG00000041841-P,3.548018396825989,3.525652756299707,3.5581100753479395,3.5405593115168874,3.5941159184770415,3.5315258261896445,3.554027518973765,3.5232108489850753,3.50406336029803,3.4946289035315092,
ENSMUSG00000070544-P,3.2881649387355143,3.311440689397512,3.296815848472064,3.3383717890051035,3.238314653984505,3.2859745395028193,3.239543709684047,3.3912979237744874,3.3496657623333252,3.3906260539210433,
ENSMUSG00000036435-P,2.472855312590126,2.6266771176421004,2.384268838351116,2.372881182404712,2.3189258107166757,2.6155054833377434,2.7352376902276516,2.446566449393941,2.3151293779747677,2.491017867223869,
ENSMUSG00000039157-P,2.9180759560287846,2.7876942576751724,2.821668800359001,2.9964508519233757,2.9095259350138662,2.705645944783292,2.98503773813275,2.9081469427449695,2.7672831590327243,2.9333379844174337,
ENSMUSG00000052534-P,3.3000095751698697,3.2563694560366847,3.2345465295932616,3.284225079476869,3.191873789126053,3.2538642836673364,3.2890471142985183,3.3184773909459704,3.3103993396104237,3.3103958760320435,
ENSMUSG00000015932-P,3.2910941498104944,3.145477809434023,3.0290287196225005,3.2566587658028516,2.8342135361503815,2.997569290794083,3.059577152544508,3.2988328967078258,3.3462069284837126,3.3402904444805266,
ENSMUSG00000040612-P,3.11427326396458,3.1730382944806164,3.1264818163466663,3.2076462305339875,3.1009477436146455,3.1837985975551955,3.0661790161112816,3.2360555730590295,3.272243307524056,3.2403347409588656,
ENSMUSG00000067795-P,2.0936046820399126,1.9443600535000258,2.0441657969012024,2.253180584920959,1.8714646838107216,2.3993059787258506,2.0962852433020775,1.8979522464444043,1.9206278330526725,1.89264962151601,
ENSMUSG00000021010-P,2.62086925886439,2.126073670789186,2.4281678167546072,2.330161347902804,2.0277492858643726,2.5209193797861644,2.0962852433020775,2.485909621077143,2.424501324981227,2.3930427230256948,
ENSMUSG00000004285-P,3.3829769001115095,3.4523164973880673,3.4776418899055317,3.4921088233811366,3.499058985722955,3.3939722932492318,3.436119724061077,3.432944270075609,3.4481763851540936,3.444600033920494,
ENSMUSG00000044927-P,2.1718438586597615,1.3880232506381893,2.1030484241537115,2.189819980175559,1.403008416028832,2.230685558714431,2.049811868198619,1.7338102623710703,1.9206278330526725,2.249559533855343,
ENSMUSG00000027782-P,2.666196344401061,2.662724276264896,2.71466299252448,2.8077473212779824,2.7628239075997967,2.772591552573298,2.5970794935818002,2.879532825013487,2.7389490207554466,2.8051282306845917,
ENSMUSG00000038064-P,2.3565363632746963,1.6022740119185164,1.635627251815757,2.306456874099742,2.3189258107166757,1.3243436992408386,0.0,2.014408267690184,2.287912187588724,1.9965362163403348,
ENSMUSG00000005575-P,3.019960073181607,3.0351842792268924,3.006289756530075,3.0243812013595797,2.9901719611965296,2.975772017293924,3.013369698556872,2.9827230604941524,3.0311757622015607,3.060283297942448,
ENSMUSG00000029034-P,2.458720466081874,2.2463730105616486,2.3042125427281377,2.4277008511191256,2.370402380086115,2.4508490066885806,2.5137665335985866,2.460264211209851,2.340238309404992,2.249559533855343,
ENSMUSG00000034768-P,1.9939147873923782,2.015127702048463,2.384268838351116,2.253180584920959,2.5324621193553347,1.8885574536457885,2.6145497086705825,2.234254759117529,1.9920693841419619,2.36273807992606,
ENSMUSG00000017802-P,1.8590540273365048,2.074761617354389,2.6175467456143355,2.253180584920959,2.0870578063901295,2.0744304410906786,1.9967145517730716,2.2058739696682794,2.442411033444984,2.1450287609357224,
ENSMUSG00000032050-P,3.256528398946511,3.2521333428914674,3.207706780494493,3.32446853028686,3.245616734663895,3.246169637304307,3.2548436467659987,3.3337803591166844,3.3350403621130935,3.317476829046862,
ENSMUSG00000050856-P,3.524839255908518,3.548879105365397,3.6011681790881886,3.5015379700901255,3.6089863754701694,3.5190388496658853,3.581739159242395,3.5001167393791754,3.504892583432008,3.4983226545243395,
ENSMUSG00000028051-P,1.6576259071438952,0.0,0.0,0.0,1.403008416028832,0.0,0.0,0.0,1.72329325697681,1.5449433375537043,
ENSMUSG00000056952-P,2.9024233083887707,2.895271957012411,2.9928146580785913,2.706078351410307,2.842907736573517,2.8848484701950876,2.8429015156204582,2.986223864080445,2.952953850464813,2.877789937403073,
ENSMUSG00000047547-P,3.238743569209492,3.2259346384377605,3.2555403986304463,3.1731922633688194,3.258823692794309,3.1718411602250463,3.1695026016084964,3.1536002629433453,3.209627737173234,3.102740160718385,
ENSMUSG00000027598-P,2.8034430784073585,2.6944906771063075,2.5005386265654335,2.330161347902804,2.5033052910060953,2.4662507492620462,2.681697568444183,2.840550217068891,2.6099719018009586,2.738323175485076,
ENSMUSG00000060227-P,3.003321037451294,2.968831228350711,2.7555773428079937,3.040177591987075,2.7959636548000573,2.8655186774314574,2.9673522656918325,3.1239968840337236,3.129252455271309,3.1379727279805936,
ENSMUSG00000024576-P,3.269084085720105,3.203644347192795,3.1923112370557334,3.243169286213998,3.0474970448975376,3.213866355870519,3.217444438130713,3.2873781785985354,3.2625877144362057,3.2789860941878732,
ENSMUSG00000030697-P,2.8153756337122955,2.4934111647517185,2.466539021905936,2.330161347902804,2.414636453063777,2.28838096459058,2.6464691295481946,2.3284792340031646,2.385202092055931,2.36273807992606,
ENSMUSG00000024191-P,2.3134338885607297,2.5851446165382783,2.2372491701693713,2.581044084290294,2.4875565546254554,2.4808971288517885,2.4305449442555407,2.1409941759101065,2.2256750888185772,2.291797059239126,
ENSMUSG00000030286-P,3.0633569079089966,3.165543051957316,3.1163516725466116,3.1787207680446667,3.060959204822691,3.0719605898247124,3.078795552364185,3.0690622471774254,3.0541514554653006,3.037758639696177,
ENSMUSG00000031970-P,2.1348638805503803,2.382773118659374,1.05127614128515,2.3522383670373204,2.393305479045718,2.1203943924010544,2.049811868198619,2.014408267690184,1.9920693841419619,1.7526028674619842,
ENSMUSG00000091475-P,1.9939147873923782,1.0173833013252518,2.1030484241537115,1.5305387995262294,1.0320306801742105,2.1203943924010544,0.9275513995962643,1.7338102623710703,1.72329325697681,1.1741805972012378,
ENSMUSG00000026509-P,2.9757407320124973,3.022288406560564,2.902933180594757,2.870100123380542,2.973766060459242,2.973680440958947,2.9673522656918325,2.958525128133854,2.9005376751572047,2.9135119406236782,
ENSMUSG00000035762-P,2.733356171476179,2.6790826986522003,2.3597550867125756,2.7619785712457037,1.9573547604778292,2.5331247319483747,2.137493660177932,2.7778005948588294,2.6931696475331677,2.8239314383148737,
ENSMUSG00000099689-P,2.3565363632746963,2.4934111647517185,2.1537000593009172,2.392251514724895,1.9573547604778292,1.540426459211321,2.137493660177932,2.1034669621672157,2.189660735056445,2.201239801478369,
ENSMUSG00000034377-P,2.861239432203498,2.877993420373794,2.6380198149425884,2.860204344100368,2.594517976687121,2.705645944783292,2.8132526275338363,2.905685535345768,3.0187010740239475,2.9480506984041432,
ENSMUSG00000039715-P,2.7108792925367373,2.7978824259954296,2.7071663400258377,2.699761949968734,2.6799253693825444,2.7521641677005837,2.8629735649971138,2.6565295281665464,2.700223084990872,2.7847740743425593,
ENSMUSG00000098113-P,2.0936046820399126,1.0173833013252518,1.05127614128515,1.6794904396020587,0.0,0.0,0.0,1.4694552690607265,1.5759052831750562,1.1741805972012378,
ENSMUSG00000007379-P,2.3760801195395187,0.0,0.0,0.9462937079331355,1.403008416028832,0.0,0.9275513995962643,0.0,0.0,1.1741805972012378,
ENSMUSG00000087083-P,0.0,1.7486868677434952,1.05127614128515,1.6794904396020587,1.8714646838107216,1.9608930657196946,2.5014216596265615,1.4694552690607265,0.9909625173324894,2.0782217325348102,
ENSMUSG00000023064-P,2.8446125365761237,2.6168654986227105,2.5713875781553512,2.618093674360218,2.7743640564758505,2.804768432659207,2.688216578527896,2.7604097237920144,2.700223084990872,2.691928966626909,
ENSMUSG00000030554-P,2.96367626399336,3.0941816570060277,3.032919272769335,3.0949423910751657,2.86725191584647,2.960704108030014,2.961132841835259,3.00772188873078,3.087227156929531,3.0882760111254837,
ENSMUSG00000037221-P,2.686278969264156,2.7876942576751724,2.7071663400258377,2.7669504795156703,3.0274893038648987,2.767637414090511,2.74576900869294,2.827163799032867,2.7878637423384687,2.777602205100333,
ENSMUSG00000006005-P,3.19933929719814,3.161687221771578,3.0716219487932324,3.2414843578225243,3.078178490131792,3.100664047111166,3.0906982653854604,3.381989923830183,3.358030793050569,3.354038080485943,
ENSMUSG00000038608-P,1.9939147873923782,2.170954795689835,1.05127614128515,0.0,1.0320306801742105,1.800441985366546,2.0962852433020775,2.2058739696682794,1.9920693841419619,0.0,
ENSMUSG00000104682-P,0.9244311269500056,2.2463730105616486,1.4225886161902916,0.9462937079331355,2.0870578063901295,2.28838096459058,0.0,1.8979522464444043,1.36080573017253,2.0782217325348102,
ENSMUSG00000022023-P,2.93509096230734,2.932166524399775,2.9438133346747604,2.897525770846077,2.7799414636065607,2.848119084196498,2.9734041592762095,3.0678736579563717,2.9741198544608016,3.0747436446875307,
ENSMUSG00000041135-P,1.5079527088865927,2.6168654986227105,1.7807414073271164,2.01339884891904,2.3457012147120677,2.0219026545608885,2.4461245990223626,2.2058739696682794,2.104124818314801,1.9965362163403348,
ENSMUSG00000091183-P,0.0,1.8580390904899369,0.0,0.0,1.403008416028832,0.0,1.862003948455499,1.4694552690607265,1.5759052831750562,1.1741805972012378,
ENSMUSG00000026820-P,2.585853484802609,2.7543781944163475,2.8447112780785244,2.8077473212779824,2.703258878196305,2.741299364644042,2.8497801969176764,2.6497413123615647,2.782874923342635,2.635590277347248,
ENSMUSG00000030352-P,3.074825407218349,2.985144816856604,3.0169202474464782,2.9708280280424937,3.092697295262679,3.0355902178904572,2.8531472093419428,2.9379680963870562,2.8910587376214685,2.8918311657633744,
ENSMUSG00000034295-P,0.0,1.7486868677434952,1.635627251815757,1.791194985652108,1.0320306801742105,0.0,0.0,1.4694552690607265,1.72329325697681,0.0,
ENSMUSG00000037646-P,2.9255226509476087,2.8593537259418302,2.7290365064033546,2.7992419300242304,2.8710787634139727,2.699197296932295,2.9014003999552607,2.905685535345768,2.9066499417942304,3.0353705535522577,
ENSMUSG00000040167-P,2.6289693380596897,2.2463730105616486,2.8118055368726274,2.8159689802932473,2.6879349590541737,2.718084032750854,2.7068576149780155,2.721592767635897,2.7878637423384687,2.7847740743425593,
ENSMUSG00000077767-P,2.047074977043925,2.2463730105616486,0.0,2.4277008511191256,1.7626095439184901,2.0744304410906786,1.5111922393673562,2.460264211209851,2.1494683027907366,2.5112016905493073,
ENSMUSG00000055239-P,2.9180759560287846,2.895271957012411,3.0127298028452922,3.0292423553103567,2.8962623846482725,2.960704108030014,3.016667532238601,2.9737226760906506,2.982921821929792,3.0353705535522577,
ENSMUSG00000031489-P,1.6576259071438952,0.0,2.1030484241537115,1.3142154498924596,2.0870578063901295,1.800441985366546,0.0,1.2519820612929142,1.72329325697681,1.9965362163403348,
ENSMUSG00000035093-P,3.1183387705134793,3.092822942938727,3.0973297842992404,3.0548938284212945,2.9507378515340217,3.059569721239251,3.0471524322714125,3.109866054278098,3.1099035644884223,3.1178908168307777,
ENSMUSG00000032306-P,2.4863491669248066,2.536356918541084,2.749196066704111,2.756907005285918,2.703258878196305,2.494853499799141,2.5970794935818002,2.6631504356091464,2.6099719018009586,2.6595660735770017,
ENSMUSG00000043535-P,2.8074851645636376,2.40422840130242,2.6477060392075,2.6583149658304945,2.6631428055964115,2.577322576256088,2.7749758049164304,2.7778005948588294,2.848811821737381,2.8051282306845917,
ENSMUSG00000025869-P,2.651915936924124,2.536356918541084,2.606706636553831,2.6001871283067013,2.703258878196305,2.494853499799141,2.6388333249514355,2.54166167846015,2.5049571381194977,2.5644742327530263,
ENSMUSG00000007613-P,2.7993337663744726,2.424290332377703,2.3331828765301115,2.699761949968734,2.6054379948675153,2.632782601887954,2.7405574703971505,2.485909621077143,2.5318606375150936,2.6815736516677706,
ENSMUSG00000049571-P,0.0,1.0173833013252518,2.197995308564363,1.5305387995262294,2.2222609368854087,1.540426459211321,2.1744275818053294,1.9605049933049352,2.287912187588724,2.249559533855343,
ENSMUSG00000018983-P,2.472855312590126,2.126073670789186,2.4840270483202493,2.066119679798908,1.8714646838107216,2.230685558714431,2.4305449442555407,2.014408267690184,2.189660735056445,2.249559533855343,
ENSMUSG00000024870-P,3.1069598159523384,3.0125850396127096,3.049607091521917,3.077791178063932,2.86725191584647,2.9839477560458385,2.979296762972449,2.926950436731488,2.9402786030881995,2.96186854921382,
ENSMUSG00000043487-P,2.1718438586597615,2.5961262581281317,2.0441657969012024,1.8795898063320278,2.1380835386794943,1.9608930657196946,2.681697568444183,2.366998632733507,2.189660735056445,2.5112016905493073,
ENSMUSG00000017831-P,0.9244311269500056,1.0173833013252518,2.1030484241537115,2.189819980175559,0.0,1.540426459211321,0.0,1.4694552690607265,2.2256750888185772,1.7526028674619842,
ENSMUSG00000024947-P,2.8885259329570756,2.8707118671411234,2.8067213199632537,2.7517320110440098,2.86725191584647,2.7868930576189483,2.5256088957913847,2.741736217065273,2.7203087328818736,2.6595660735770017,
ENSMUSG00000025478-P,0.0,1.0173833013252518,1.974260823241897,1.791194985652108,2.0870578063901295,0.9559436888190841,1.660764359131243,1.2519820612929142,1.72329325697681,1.1741805972012378,
ENSMUSG00000028032-P,3.044188683306893,2.993956878562542,2.873665068277966,2.803531223094093,2.973766060459242,2.9994485264420123,2.959020956684157,2.900683320591346,2.987195769600062,2.9295070067380213,
ENSMUSG00000029772-P,3.4118617303243317,3.443939021184467,3.409650135977293,3.3810196941052597,3.435809953331819,3.391716508974523,3.4934772528160756,3.410927491877647,3.4514456477126174,3.4565075763508943,
ENSMUSG00000075704-P,2.5116138907251915,2.5851446165382783,2.447962966432772,2.488171624136404,2.414636453063777,2.3993059787258506,2.266191231183497,2.446566449393941,2.287912187588724,2.5802259099916705,
ENSMUSG00000028599-P,1.770029588402452,2.074761617354389,1.8889381272851609,1.952171777219592,2.1380835386794943,2.587370526109766,1.5111922393673562,2.460264211209851,1.72329325697681,2.1450287609357224,
ENSMUSG00000059820-P,2.773140949909014,2.424290332377703,2.5005386265654335,2.618093674360218,2.3457012147120677,2.597069500963867,2.488533619115018,2.705384145122099,2.7389490207554466,2.841389925978959,
ENSMUSG00000085776-P,0.0,0.0,1.4225886161902916,2.01339884891904,1.6167516936523898,0.0,0.0,1.2519820612929142,0.9909625173324894,1.5449433375537043,
ENSMUSG00000022426-P,2.6289693380596897,2.7543781944163475,2.5161694772377903,2.650734538138873,2.2897340977234717,2.6064412175389604,2.681697568444183,2.5705706176498113,2.475325818848827,2.4459820410304167,
ENSMUSG00000011831-P,3.0293665109536416,2.9175009590631764,2.8357549974022342,3.0292423553103567,2.85538859394353,2.9492891502871417,3.0471524322714125,3.1302723297882626,3.1180926008592755,3.1079148085785855,
ENSMUSG00000064246-P,2.534861630643713,2.6168654986227105,2.8311495856847615,2.60928565742255,2.370402380086115,2.5331247319483747,2.5256088957913847,2.6631504356091464,2.5791083662945167,2.7466797079738132,
ENSMUSG00000004085-P,2.7279174737011735,2.7483721951546864,2.606706636553831,2.7122456167551343,2.654338980356183,2.597069500963867,2.6388333249514355,2.705384145122099,2.6287850754031576,2.7114906190004278,
ENSMUSG00000042686-P,2.9757407320124973,2.920509664705687,2.7738100641658865,2.8118925120806084,2.3457012147120677,2.692586065449974,2.675014042646057,2.952551090892775,2.9036138343735964,2.777602205100333,
ENSMUSG00000028626-P,2.1348638805503803,2.5084415166962555,2.197995308564363,2.253180584920959,2.2222609368854087,2.3993059787258506,2.0962852433020775,1.9605049933049352,2.287912187588724,2.491017867223869,
ENSMUSG00000068196-P,3.5642781995643484,3.609747665228022,3.56302447002576,3.5353085236231423,3.428654456802898,3.5527617739214277,3.5123381703660255,3.5285513415941687,3.5411618795510864,3.560647641027388,
ENSMUSG00000030088-P,3.027826800843726,2.937780289424921,2.968360073831779,2.897525770846077,2.8594088027428826,3.010398961727906,2.9296127736865643,2.910582573053868,2.971864113675169,2.9050799363354884,
ENSMUSG00000058351-P,3.146498498323789,3.1923001500511474,3.201013357452296,3.159090465948029,3.201928355669526,3.099494739401233,3.207974265960599,3.178711591038313,3.1790578604301376,3.205935695665012,
ENSMUSG00000007739-P,3.1795586444841804,3.2202366951985453,3.1029451999890796,3.0815863879375724,3.0657959582378345,3.1528944167177904,3.217444438130713,3.0357748440909784,3.1180926008592755,3.042456850013172,
ENSMUSG00000031590-P,2.722361650103025,2.7359189516403357,2.742650917600135,2.8353904780559627,2.635818355414051,2.7356888425846355,2.7185852172369516,2.929196698816034,2.8637428587733615,2.9135119406236782,
ENSMUSG00000025505-P,2.930356648537326,2.8170805413575914,2.6832955931390208,2.8353904780559627,2.6879349590541737,2.7574275821357968,2.7840049614131916,2.8903459334024633,2.884519907805591,2.8051282306845917,
ENSMUSG00000039194-P,2.6289693380596897,2.802823808718636,2.7738100641658865,2.790434056544225,2.82055953701661,2.7356888425846355,2.969387758564908,2.7318614708705944,2.860096457356906,2.8239314383148737,
ENSMUSG00000028863-P,2.743899924608806,2.7543781944163475,2.6477060392075,2.746449606541627,2.703258878196305,2.632782601887954,2.6681581521784556,2.7318614708705944,2.6463845778674786,2.670796971946527,
ENSMUSG00000002660-P,2.9757407320124973,3.0125850396127096,2.9951184291047226,3.040177591987075,3.01574292680947,3.043375713209246,3.0354691720726956,2.895571637261848,2.957832133015766,2.9717033538477375,
ENSMUSG00000048612-P,3.005042941466706,2.993956878562542,2.940914421317685,2.839095441010693,3.0236438871158677,2.95846674442496,2.9924687665728227,3.03852725145758,3.066251315600015,3.08258284442719,
ENSMUSG00000005609-P,2.8997090524216778,3.055641131366946,2.988133947355883,3.0548938284212945,2.948028056253768,2.965113309193712,2.895881603976768,3.0214616146950166,2.9428707578837923,3.0559641775433666,
ENSMUSG00000054720-P,2.8706878915983536,2.7602455217217936,2.9162997575706213,2.8118925120806084,3.01372214808628,2.896908141847942,2.9296127736865643,3.00772188873078,2.976353084982112,2.995991628803847,
ENSMUSG00000031246-P,3.1832395370918802,3.199667825248659,3.1097571660256205,3.1863603337399837,3.0954839245804977,3.157360478797208,3.2223122212010966,3.1828319826969387,3.199957535892585,3.2257974763085353,
ENSMUSG00000014603-P,1.770029588402452,2.126073670789186,1.4225886161902916,1.791194985652108,1.7626095439184901,0.9559436888190841,1.2944413554146859,1.2519820612929142,0.0,1.7526028674619842,
ENSMUSG00000031838-P,2.8675798519434683,2.98959461259582,2.988133947355883,2.9194701843439104,3.0898729518739723,2.944557265251533,2.9734041592762095,2.9773664786004224,2.9005376751572047,2.8963312933072887,
ENSMUSG00000031922-P,2.733356171476179,2.334891049288378,2.466539021905936,2.7410555825923817,2.4709201209280116,2.54483355640302,2.66112149143214,2.7778005948588294,2.7672831590327243,2.8963312933072887,
ENSMUSG00000045094-P,0.0,2.015127702048463,2.1537000593009172,1.6794904396020587,1.403008416028832,0.9559436888190841,0.0,1.6202655145450002,1.8335322595648302,1.5449433375537043,
ENSMUSG00000047141-P,2.722361650103025,2.3597364017920848,2.272416887164628,2.7122456167551343,2.370402380086115,2.230685558714431,2.137493660177932,2.5206265905990994,2.424501324981227,2.5644742327530263,
ENSMUSG00000032288-P,3.11427326396458,3.1475767414616365,3.1636357300680364,3.079063872270111,3.1152705662581637,3.102983093020813,3.095276015600464,3.0199769913049908,3.1013764557092562,3.08258284442719,
ENSMUSG00000054717-P,1.9939147873923782,2.382773118659374,2.272416887164628,2.253180584920959,2.257695933538241,2.3800112633312382,2.5256088957913847,2.5206265905990994,2.5564652116807776,2.1450287609357224,
ENSMUSG00000029438-P,2.4438864122936725,2.47757158816488,2.5005386265654335,2.5496359288815222,2.370402380086115,2.28838096459058,2.266191231183497,2.688103432295061,2.4905136948825617,2.5802259099916705,
ENSMUSG00000026895-P,3.3601110138408377,3.3082977640305997,3.3153850271876832,3.3662012062929296,3.3389875249007415,3.262291806963146,3.3197158397269475,3.2297485628442604,3.2416569370019808,3.2578757456265235,
ENSMUSG00000038555-P,3.044188683306893,2.9486100379385802,3.0825916032065424,2.9511987215876627,2.9612640601306475,3.022518752051105,2.932014454392408,2.910582573053868,3.0015371307476886,2.9684726832685366,
ENSMUSG00000035293-P,2.651915936924124,2.210732802662338,2.3042125427281377,2.4277008511191256,2.257695933538241,2.6716965252062495,2.049811868198619,2.284720189884051,2.3151293779747677,2.4693492626982736,
ENSMUSG00000022141-P,3.2000102222255054,3.1123259210207026,3.060051550935253,3.1987046101836345,2.95606218731257,3.102983093020813,3.1041401797625983,3.29433573451989,3.2809273495577997,3.272455986447296,
ENSMUSG00000024002-P,2.9853200558066826,3.0369653710072355,3.051383693699709,3.0292423553103567,2.948028056253768,3.053821948600625,3.0369647229413665,3.1108388785939964,3.10261630907578,3.0645164694004743,
ENSMUSG00000048874-P,3.1420676696298013,3.1496540870338676,3.0748148378901154,3.1363699986747995,3.068960252882723,3.1109012463325754,3.0763318649648212,3.180782503534151,3.182420870984403,3.1466129094319752,
ENSMUSG00000006476-P,2.959506481036738,2.9264118970490984,2.902933180594757,2.860204344100368,2.8594088027428826,2.919306596283113,2.859742730623456,2.905685535345768,2.828744599760446,2.7847740743425593,
ENSMUSG00000066357-P,3.381976683627229,3.3565331348934118,3.402396746167714,3.411819392461338,3.4599871214011833,3.346843295298675,3.4023992778541983,3.4231191568966666,3.419465514104877,3.4182608417954294,
ENSMUSG00000038646-P,2.6289693380596897,2.777071997916459,2.606706636553831,2.5265906947061323,2.594517976687121,2.767637414090511,2.9247327725556738,2.6207468318567964,2.744873633261276,2.6595660735770017,
ENSMUSG00000105729-P,1.770029588402452,2.2785974902960113,1.4225886161902916,0.9462937079331355,1.8714646838107216,0.0,0.0,1.6202655145450002,0.9909625173324894,0.0,
ENSMUSG00000041570-P,3.0915099794150946,2.8707118671411234,2.9162997575706213,2.9964508519233757,2.933973224532563,2.9372698806956596,2.8463653917032916,3.042591027598012,2.957832133015766,2.937105977817794,
ENSMUSG00000045930-P,2.289517244448642,2.424290332377703,2.197995308564363,2.3522383670373204,2.54600600860555,2.28838096459058,2.5784364768268895,2.260439845577068,2.1494683027907366,2.4206546258003505,
ENSMUSG00000002324-P,2.55637007027024,2.126073670789186,2.531002286986265,2.5907799002138447,2.7246811578068164,2.566901776996151,2.3158383032623036,2.4979449803136484,2.405476419443692,2.762613159258047,
ENSMUSG00000030493-P,1.9939147873923782,1.9443600535000258,1.635627251815757,1.3142154498924596,1.0320306801742105,1.540426459211321,1.7730690703506513,2.384631720774069,1.9206278330526725,2.1450287609357224,
ENSMUSG00000022199-P,3.816399359646976,3.8449892675003667,3.849460141611351,3.77072680688269,3.8624944539724093,3.820090029628408,3.810272955975903,3.7760751838203284,3.804603890459679,3.8072448879618186,
ENSMUSG00000052584-P,1.9321938006123172,2.074761617354389,2.466539021905936,1.952171777219592,2.2222609368854087,2.3138464628869593,0.9275513995962643,2.014408267690184,2.052292844444681,2.3930427230256948,
ENSMUSG00000027108-P,3.0398480504417846,2.908232959078916,2.8813299958733816,2.9465951974368245,2.9220732370167055,2.8785788265483196,2.983140476647396,2.9879538052600982,2.877794564338351,2.9584924264320405,
ENSMUSG00000023960-P,3.326486720083338,3.3386779575002388,3.3563811429371295,3.2745342340546486,3.3194854596544334,3.3538581342823233,3.3396676945425394,3.243160501887349,3.2948664196825765,3.2649230999054026,
ENSMUSG00000044365-P,2.2637235061140437,1.6022740119185164,2.272416887164628,2.5496359288815222,2.3457012147120677,2.624280410687325,2.137493660177932,2.460264211209851,2.5564652116807776,2.6478442406034337,
ENSMUSG00000056735-P,1.6576259071438952,1.7486868677434952,1.7807414073271164,1.3142154498924596,0.0,1.540426459211321,2.266191231183497,1.9605049933049352,2.052292844444681,1.7526028674619842,
ENSMUSG00000012422-P,3.0150998807079805,3.0439460557977256,2.9097125663367547,2.9790304419480855,2.925106444093625,2.997569290794083,2.9714049547738433,2.9604818922109795,2.971864113675169,2.8051282306845917,
ENSMUSG00000062040-P,1.6576259071438952,1.8580390904899369,2.0441657969012024,1.952171777219592,1.9573547604778292,1.9608930657196946,2.207829373185173,1.9605049933049352,2.1494683027907366,2.1450287609357224,
ENSMUSG00000028890-P,2.8827282524251774,2.7824395210556943,2.902933180594757,2.894631588126424,2.8471403214796194,2.9245836860799774,2.941377007599179,2.910582573053868,2.921262219965843,2.877789937403073,
ENSMUSG00000042129-P,0.9244311269500056,1.3880232506381893,2.406998318879716,2.1531610912188426,1.403008416028832,2.4508490066885806,2.266191231183497,2.1034669621672157,2.258239551698587,2.1450287609357224,
ENSMUSG00000069631-P,2.4438864122936725,2.573714029294477,2.3597550867125756,2.560497299397539,2.434582325182487,2.7625840090199305,2.5256088957913847,2.62829007463902,2.5049571381194977,2.3292175933159136,
ENSMUSG00000040242-P,2.7777015114852754,2.9538374488818673,2.9438133346747604,2.9964508519233757,2.86725191584647,2.916622135144592,2.934391247657083,3.0061406246293214,3.0168591158540936,2.98719146296218,
ENSMUSG00000039959-P,2.458720466081874,2.549361727765627,2.5161694772377903,2.501547032420652,2.6159430501160656,2.4662507492620462,2.396778703807082,2.531336043422203,2.6377274036574265,2.635590277347248,
ENSMUSG00000020227-P,1.8590540273365048,2.5961262581281317,1.8889381272851609,0.0,0.0,2.359449090949931,1.660764359131243,1.8238788293767503,0.9909625173324894,1.5449433375537043,
ENSMUSG00000020297-P,3.481951394517177,3.5284344936232426,3.5082214818504105,3.477388526368579,3.5403147537721593,3.5057598432063584,3.5021305054530196,3.4804241564136613,3.4969839899753024,3.4836873532529453,
ENSMUSG00000061689-P,3.34807646526293,3.313653056494008,3.3339257912787406,3.3193390420631017,3.335813046405817,3.2999593540524876,3.3020919849399357,3.252398031291916,3.2814258158485865,3.273192908618302,
ENSMUSG00000040586-P,2.205287657187245,1.6022740119185164,1.7807414073271164,2.253180584920959,2.3189258107166757,1.8885574536457885,2.4461245990223626,2.4979449803136484,2.5318606375150936,2.530077622678098,
ENSMUSG00000051435-P,3.178814184874009,3.0588682862112115,3.1594801700284396,3.2142557290518514,2.9761849552276143,3.094750642234152,3.06224256862531,3.2411573329085526,3.2181468470133376,3.241207714787212,
ENSMUSG00000070527-P,0.0,1.8580390904899369,0.0,0.0,1.0320306801742105,0.0,1.660764359131243,2.061605209602923,1.9206278330526725,1.1741805972012378,
ENSMUSG00000022427-P,2.9552582152224676,2.978298642159211,2.902933180594757,3.012597429412961,3.0526453119872334,3.0291530389591625,2.9978828638874893,2.9129929251756694,2.9268579952050318,2.937105977817794,
ENSMUSG00000020553-P,2.2357654387079338,2.3597364017920848,2.1030484241537115,2.189819980175559,2.0277492858643726,2.1203943924010544,2.1744275818053294,2.014408267690184,2.2256750888185772,2.291797059239126,
ENSMUSG00000031198-P,3.108020579726801,3.0572608173531455,3.0650877860250785,3.0925766361534905,3.1101763568538603,3.1339715299740805,3.116763306472374,3.0839339915395847,3.1087067054917488,3.030513677984551,
ENSMUSG00000061524-P,2.651915936924124,2.382773118659374,2.3331828765301115,2.474161103263893,1.7626095439184901,2.4508490066885806,2.488533619115018,2.5206265905990994,2.662907567141824,2.5802259099916705,
ENSMUSG00000030403-P,2.9980730098788007,3.0184587005433037,2.873665068277966,2.88873382826766,2.9879010310646037,2.9027129932396125,2.8629735649971138,2.966252287132769,2.9741198544608016,2.951585004020683,
ENSMUSG00000023931-P,2.3357086464576273,2.334891049288378,2.0441657969012024,2.253180584920959,2.5033052910060953,2.3800112633312382,2.5256088957913847,2.721592767635897,2.6708022480537004,2.8239314383148737,
ENSMUSG00000005045-P,2.758941831777872,1.7486868677434952,2.5005386265654335,2.501547032420652,2.2222609368854087,2.6064412175389604,1.9350641522175132,2.5206265905990994,2.5564652116807776,2.530077622678098,
ENSMUSG00000089875-P,0.9244311269500056,0.0,0.0,1.952171777219592,1.6167516936523898,1.6890500565304944,1.9350641522175132,0.8877504913598372,1.72329325697681,1.1741805972012378,
ENSMUSG00000038390-P,2.8074851645636376,2.826144717911854,3.038626851181872,2.948908623155993,2.8594088027428826,2.868851617877563,2.8629735649971138,2.871085452195953,2.9741198544608016,2.8523663575350575,
ENSMUSG00000002748-P,3.053987804609301,3.1060266009285376,3.0617435941335462,3.1958690643035856,3.0884463359647203,3.08989604815123,3.058231817312548,3.168020182268661,3.157590555707395,3.1940816230549647,
ENSMUSG00000001089-P,3.109075930140004,3.1255415005880853,3.0973297842992404,3.064623374017823,3.01574292680947,3.0191241037503405,2.9773497763798833,3.140600360339979,3.107502876434089,3.1641529839482203,
ENSMUSG00000034349-P,2.4863491669248066,2.460838957990331,2.1030484241537115,2.6001871283067013,2.393305479045718,2.5081773253680897,2.5970794935818002,2.837272212220556,2.782874923342635,2.762613159258047,
ENSMUSG00000027860-P,2.9420137146414254,2.914452602897287,2.821668800359001,2.9442579967777256,2.8251963556344295,2.8173745356373483,2.839387240135382,2.895571637261848,2.976353084982112,2.925611051052122,
ENSMUSG00000085890-P,0.9244311269500056,1.3880232506381893,0.0,0.0,1.7626095439184901,0.0,0.0,1.8238788293767503,0.9909625173324894,1.1741805972012378,
ENSMUSG00000001014-P,0.0,0.0,0.0,2.112256137575071,1.6167516936523898,1.9608930657196946,0.0,1.6202655145450002,0.9909625173324894,0.0,
ENSMUSG00000052056-P,2.4118463808793393,2.6266771176421004,2.4281678167546072,2.2808916192454447,2.182710471020394,2.5560818065432516,2.6681581521784556,2.4979449803136484,2.424501324981227,2.36273807992606,
ENSMUSG00000020235-P,2.8267548033749192,2.8076683391121247,2.8357549974022342,2.7619785712457037,2.892825465892159,2.9245836860799774,2.7840049614131916,2.850125502765961,2.828744599760446,2.846940633502584,
ENSMUSG00000071637-P,2.7108792925367373,3.08589356607269,3.0250670352313236,2.306456874099742,2.393305479045718,3.125879700475881,2.4461245990223626,2.284720189884051,2.424501324981227,2.3292175933159136,
ENSMUSG00000097462-P,2.2637235061140437,2.074761617354389,1.7807414073271164,2.066119679798908,0.0,1.8885574536457885,1.660764359131243,2.1749376513162897,1.9206278330526725,1.89264962151601,
ENSMUSG00000043263-P,1.8590540273365048,2.4431162397134494,2.1537000593009172,0.0,1.403008416028832,2.197662492225388,0.0,1.8238788293767503,1.36080573017253,0.0,
ENSMUSG00000019173-P,3.203988157844944,3.2471733627536534,3.2709252786024656,3.2374940834445334,3.2264516703681565,3.2713432107973803,3.2417285315507645,3.211258255171073,3.250660227527273,3.211094920749828,
ENSMUSG00000009076-P,2.7279174737011735,2.4934111647517185,2.558552283290118,2.756907005285918,2.882202384585447,2.7625840090199305,2.74576900869294,2.7900959534457987,2.5897809421111426,2.6227577638255934,
ENSMUSG00000054792-P,2.472855312590126,2.6790826986522003,2.406998318879716,2.538344535984538,2.626061338480764,2.566901776996151,2.460939846741703,2.612990118601212,2.654772956157306,2.5112016905493073,
ENSMUSG00000020491-P,2.1348638805503803,1.9443600535000258,1.635627251815757,0.9462937079331355,1.6167516936523898,1.540426459211321,1.9350641522175132,1.4694552690607265,2.052292844444681,1.5449433375537043,
ENSMUSG00000018570-P,0.0,0.0,0.0,0.0,1.6167516936523898,1.3243436992408386,0.0,0.8877504913598372,0.0,0.0,
ENSMUSG00000066800-P,0.9244311269500056,2.015127702048463,1.05127614128515,0.0,1.403008416028832,2.0219026545608885,0.0,1.7338102623710703,1.36080573017253,1.89264962151601,
ENSMUSG00000028053-P,3.1803003178564175,3.123201086750748,3.0548932090178966,3.152094404806834,2.9901719611965296,3.0861796356574085,3.027832131180171,3.267005057543732,3.237933146451763,3.2656901202976476,
ENSMUSG00000032261-P,3.0633569079089966,3.1098291902755983,3.0617435941335462,3.1401811803808513,3.0673840137178754,3.0275133831169283,3.0428452445696745,3.0517843912573026,3.070616691352793,3.044768022199218,
ENSMUSG00000029551-P,2.6988674216498523,2.47757158816488,2.6380198149425884,2.866846964197312,2.7907365746798924,2.7119392600867367,2.5784364768268895,2.5795858086201315,2.7266730521566993,2.720747597546314,
ENSMUSG00000027210-P,2.7049423514354647,2.68689904812128,2.8311495856847615,2.4277008511191256,2.635818355414051,2.28838096459058,2.5479279222943707,2.5206265905990994,2.6708022480537004,2.9216480301312404,
ENSMUSG00000017286-P,2.7490132478677336,2.7294580247017555,2.6914956110670563,2.8826843782780998,2.7507319323948414,2.597069500963867,2.6945784125472363,2.6631504356091464,2.828744599760446,2.7917457319446775,
ENSMUSG00000027957-P,2.7108792925367373,2.834884059284818,2.779605720186102,2.7410555825923817,2.6159430501160656,2.8370411517263316,2.5686281932509436,2.7512441369291283,2.797551262638771,2.7114906190004278,
ENSMUSG00000086851-P,0.0,0.0,0.0,1.5305387995262294,0.0,0.9559436888190841,1.7730690703506513,1.6202655145450002,0.9909625173324894,1.5449433375537043,
ENSMUSG00000056999-P,3.1291207157314003,3.074307117535,3.049607091521917,3.027634043596601,2.9396994355110517,2.9956739188294734,3.103052629630579,2.9246820246347807,3.077697710043328,2.9007465719832815,
ENSMUSG00000102101-P,2.566544186502761,2.5227355243732053,2.4281678167546072,2.5496359288815222,2.6452372248946667,2.4808971288517885,2.6945784125472363,2.54166167846015,2.5680137308327007,2.5644742327530263,
ENSMUSG00000051297-P,0.9244311269500056,2.210732802662338,0.0,1.791194985652108,1.0320306801742105,0.9559436888190841,1.2944413554146859,1.6202655145450002,0.0,1.1741805972012378,
ENSMUSG00000103731-P,2.1348638805503803,2.2785974902960113,2.4281678167546072,2.066119679798908,2.0277492858643726,1.6890500565304944,1.660764359131243,1.8238788293767503,2.052292844444681,1.89264962151601,
ENSMUSG00000078486-P,0.0,2.015127702048463,0.0,1.3142154498924596,2.182710471020394,1.6890500565304944,0.0,1.7338102623710703,0.0,1.5449433375537043,
ENSMUSG00000003190-P,2.047074977043925,2.170954795689835,2.0441657969012024,1.5305387995262294,2.0277492858643726,2.16114414194887,1.9350641522175132,1.9605049933049352,2.052292844444681,1.9965362163403348,
ENSMUSG00000051285-P,3.0833334603247753,3.0697924713930758,2.9522948569653398,3.0019658057039265,2.892825465892159,2.973680440958947,2.9773497763798833,3.0630514968122733,3.107502876434089,3.0882760111254837,
ENSMUSG00000098098-P,2.4992534713739833,2.3597364017920848,2.1537000593009172,2.01339884891904,2.370402380086115,2.2607778365639124,2.049811868198619,1.8238788293767503,1.9920693841419619,2.201239801478369,
ENSMUSG00000051510-P,2.9374219238054993,2.9828860581110277,2.8575511701244523,2.8077473212779824,2.892825465892159,2.944557265251533,2.9459181457636863,3.0828265904523042,3.0329006966419727,3.0126039956648505,
ENSMUSG00000037110-P,2.566544186502761,2.7978824259954296,2.8402745854055063,2.8568124873591043,2.594517976687121,2.7959916634062356,2.4750568067132988,2.8055982029333624,2.7672831590327243,2.777602205100333,
ENSMUSG00000006281-P,2.6730605233711953,2.47757158816488,2.558552283290118,2.372881182404712,2.453299525138911,2.3993059787258506,2.207829373185173,2.5883202574847393,2.363519388458959,2.5951396599621233,
ENSMUSG00000022674-P,1.5079527088865927,2.170954795689835,2.3331828765301115,2.5265906947061323,1.9573547604778292,2.4662507492620462,2.5686281932509436,2.260439845577068,1.5759052831750562,2.201239801478369,
ENSMUSG00000027770-P,3.0633569079089966,2.978298642159211,2.970929590635363,3.0037738679189117,2.7686600184732413,2.862138479267074,2.9390720668241648,3.053066091792708,3.0602874002413576,3.044768022199218,
ENSMUSG00000036815-P,1.8590540273365048,2.170954795689835,2.0441657969012024,1.5305387995262294,1.8714646838107216,2.5081773253680897,1.5111922393673562,1.8979522464444043,2.189660735056445,2.36273807992606,
ENSMUSG00000030677-P,0.9244311269500056,2.015127702048463,2.197995308564363,2.189819980175559,2.2897340977234717,2.0219026545608885,0.0,2.509506223754809,1.72329325697681,2.249559533855343,
ENSMUSG00000097318-P,0.9244311269500056,1.0173833013252518,1.4225886161902916,1.6794904396020587,1.7626095439184901,1.9608930657196946,1.7730690703506513,1.9605049933049352,2.052292844444681,2.0782217325348102,
ENSMUSG00000025789-P,0.0,0.0,0.0,1.3142154498924596,1.403008416028832,0.0,0.0,1.2519820612929142,0.0,2.0782217325348102,
ENSMUSG00000025894-P,2.6289693380596897,2.671029002887093,2.6748333210290194,2.735545485488469,2.6159430501160656,2.5331247319483747,2.7749758049164304,2.5883202574847393,2.5791083662945167,2.6595660735770017,
ENSMUSG00000030801-P,2.644480984098192,2.6944906771063075,2.5451089377612846,2.6932895945564996,2.6957086123848857,2.434617175132461,2.3380846416000267,2.509506223754809,2.385202092055931,2.720747597546314,
ENSMUSG00000032763-P,2.9397293614782702,3.124374636884979,3.081059083633728,3.084078971987217,3.1114617522227914,3.094750642234152,2.943658891613491,3.049197712607811,3.12150481516715,3.0727374039071225,
ENSMUSG00000038324-P,3.0949186065937537,3.1060266009285376,3.1110930421959293,3.079063872270111,3.1036267025246564,3.094750642234152,3.11471235739808,3.081713316230736,3.119236316216612,3.1044794445742925,
ENSMUSG00000030201-P,3.194577392796078,3.2841380569562544,3.2523071094072304,3.2340063562957737,3.194436143192504,3.1814641178617307,3.2027285803259167,3.2598427326838597,3.311248480946627,3.2633796218036273,
ENSMUSG00000033068-P,2.1718438586597615,2.015127702048463,2.1537000593009172,2.392251514724895,2.3189258107166757,2.4808971288517885,2.5970794935818002,2.1749376513162897,2.3151293779747677,2.291797059239126,
ENSMUSG00000016018-P,3.072330056842688,3.0404840128138986,3.104325637169555,3.1224397859821273,2.948028056253768,3.05671520574347,2.943658891613491,3.0988518782396683,3.058769901683695,3.106204252355565,
ENSMUSG00000074994-P,2.98343685347356,2.8170805413575914,2.9550530168930993,2.9790304419480855,2.882202384585447,2.8587097603024243,2.9014003999552607,3.12308447229385,3.0168591158540936,3.0126039956648505,
ENSMUSG00000032560-P,2.8153756337122955,2.7978824259954296,2.7618021966125847,2.8353904780559627,2.86725191584647,2.772591552573298,2.80928031394119,2.8563037334431267,2.685921921750426,2.8523663575350575,
ENSMUSG00000022439-P,0.0,1.3880232506381893,0.0,0.0,1.0320306801742105,0.9559436888190841,1.660764359131243,1.2519820612929142,0.9909625173324894,0.0,
ENSMUSG00000045767-P,3.0960425441250123,3.092822942938727,3.051383693699709,3.1675057114316787,3.092697295262679,3.0679102571243093,3.103052629630579,3.195340003272084,3.199193469858816,3.218095251927607,
ENSMUSG00000043241-P,3.0659596787816197,3.0369653710072355,3.0531456580741487,3.1234669018293113,3.1776153686027806,3.094750642234152,3.125747332110451,3.1855319940786915,3.1270686169291135,3.154898826738846,
ENSMUSG00000015748-P,2.7777015114852754,2.7359189516403357,2.8067213199632537,2.7410555825923817,2.801082898574373,2.6064412175389604,2.7185852172369516,2.705384145122099,2.7725886510252247,2.770219179563109,
ENSMUSG00000048330-P,2.9552582152224676,2.877993420373794,2.7290365064033546,2.8857285170723315,2.8962623846482725,2.939724953830743,2.8429015156204582,2.910582573053868,2.9036138343735964,2.9135119406236782,
ENSMUSG00000020380-P,2.523471132965793,2.4431162397134494,2.595423785264301,2.7813030890878765,2.393305479045718,2.6155054833377434,2.4461245990223626,2.8981414406539394,2.9602323543252,2.8918311657633744,
ENSMUSG00000039145-P,3.1584110191002797,3.0572608173531455,3.090090568080451,3.1305159057836796,2.9507378515340217,3.179101777285461,3.0713163998120847,3.155947143481171,3.1968832282357633,3.211094920749828,
ENSMUSG00000041491-P,1.6576259071438952,1.0173833013252518,1.635627251815757,1.8795898063320278,1.403008416028832,2.16114414194887,1.2944413554146859,2.1034669621672157,1.8335322595648302,1.1741805972012378,
ENSMUSG00000032459-P,2.5116138907251915,2.5617994531337605,2.606706636553831,2.4594577774574717,2.6631428055964115,2.5209193797861644,2.5686281932509436,2.509506223754809,2.5187205721658037,2.4693492626982736,
ENSMUSG00000015363-P,2.773140949909014,2.771587109641666,2.8402745854055063,2.9114818856767046,2.8710787634139727,2.7356888425846355,2.681697568444183,2.8093265628679545,2.744873633261276,2.770219179563109,
ENSMUSG00000027680-P,3.005042941466706,2.905059589207495,2.946675819453084,3.0686605176707302,2.8342135361503815,2.9629194963466183,2.9652981635865836,3.1184605194057933,3.1203736991448725,3.149412881326352,
ENSMUSG00000035539-P,0.0,0.0,0.0,1.952171777219592,1.7626095439184901,2.0744304410906786,0.0,1.2519820612929142,1.36080573017253,2.1450287609357224,
ENSMUSG00000045284-P,3.308513622411811,3.3060193717414093,3.267947233522994,3.252445495889076,3.204363356081443,3.2444794851681786,3.2804018688388314,3.2639049858598757,3.2877872843884806,3.308581976764843,
ENSMUSG00000033054-P,2.534861630643713,2.671029002887093,2.384268838351116,2.618093674360218,2.257695933538241,2.6155054833377434,2.536985130926247,2.669611501987534,2.750663978184287,2.6815736516677706,
ENSMUSG00000064338-P,2.722361650103025,2.7876942576751724,2.6914956110670563,2.8077473212779824,2.370402380086115,2.6643516502127893,2.6059526079839475,2.6356304474686527,2.8068744524808564,2.691928966626909,
ENSMUSG00000024873-P,2.612522495254482,2.074761617354389,2.7290365064033546,2.44399603341584,2.583151711440056,2.7625840090199305,2.378404601519867,2.366998632733507,2.3151293779747677,2.547793539608361,
ENSMUSG00000097537-P,2.1348638805503803,1.9443600535000258,2.0441657969012024,2.4594577774574717,2.182710471020394,0.9559436888190841,2.1744275818053294,2.6631504356091464,2.600060141709006,2.3930427230256948,
ENSMUSG00000043614-P,2.1348638805503803,2.4431162397134494,2.2372491701693713,1.3142154498924596,2.4875565546254554,2.0219026545608885,2.3380846416000267,2.2058739696682794,2.424501324981227,2.609294151913234,
ENSMUSG00000027710-P,2.1718438586597615,2.2785974902960113,2.0441657969012024,2.066119679798908,1.403008416028832,2.0219026545608885,1.2944413554146859,2.014408267690184,1.9920693841419619,2.201239801478369,
ENSMUSG00000007570-P,2.2637235061140437,2.7160297340350765,2.7219494950043073,2.501547032420652,2.7628239075997967,2.4808971288517885,2.6464691295481946,2.5516280742475903,2.5564652116807776,2.6815736516677706,
ENSMUSG00000052951-P,0.0,1.3880232506381893,1.974260823241897,0.0,2.0870578063901295,1.3243436992408386,0.0,1.8238788293767503,1.9206278330526725,0.0,
ENSMUSG00000033021-P,2.8340563712140217,2.7978824259954296,2.7852703073053324,2.6728614218270983,2.7628239075997967,2.597069500963867,2.7558832021757693,2.699749395644457,2.8158579754619852,2.4693492626982736,
ENSMUSG00000067148-P,2.9552582152224676,2.9712358646152364,2.937978204207451,2.924646368743803,2.892825465892159,2.809042618764307,2.7405574703971505,2.9422308197145717,2.8369720681742407,2.8239314383148737,
ENSMUSG00000013663-P,2.959506481036738,2.888511952907745,2.7962275529773266,2.839095441010693,2.8710787634139727,2.913906170283854,2.85646765908516,2.9643452064771387,2.9602323543252,2.887243098830734,
ENSMUSG00000006800-P,2.7108792925367373,2.4431162397134494,2.6380198149425884,2.618093674360218,2.6159430501160656,2.656799366208228,2.460939846741703,2.509506223754809,2.5187205721658037,2.5802259099916705,
ENSMUSG00000022843-P,2.3565363632746963,2.307959378198525,2.0441657969012024,2.306456874099742,2.182710471020394,2.3993059787258506,1.660764359131243,2.348320819985926,2.189660735056445,2.249559533855343,
ENSMUSG00000039899-P,2.205287657187245,2.7090455997453793,2.6748333210290194,1.8795898063320278,1.8714646838107216,2.6064412175389604,0.0,2.2058739696682794,1.8335322595648302,2.0782217325348102,
ENSMUSG00000042557-P,2.6591511580148706,2.6453009643565344,2.8447112780785244,2.7517320110440098,2.6054379948675153,2.6064412175389604,2.6681581521784556,2.859334168686157,2.8673343818861015,2.770219179563109,
ENSMUSG00000038884-P,2.4992534713739833,2.2463730105616486,2.1030484241537115,1.952171777219592,1.8714646838107216,2.494853499799141,2.1744275818053294,2.4171586388195445,1.9920693841419619,2.1450287609357224,
ENSMUSG00000035692-P,1.2911358947108442,2.951238803071244,3.0716219487932324,1.3142154498924596,1.8714646838107216,2.9027129932396125,2.137493660177932,2.348320819985926,2.189660735056445,1.1741805972012378,
ENSMUSG00000063801-P,2.5950307516893054,2.8076683391121247,2.8067213199632537,2.6728614218270983,2.842907736573517,2.8293639474584173,2.5970794935818002,2.7860643821470283,2.744873633261276,2.7466797079738132,
ENSMUSG00000059456-P,2.9397293614782702,2.8632001765527972,3.056626565908784,2.9511987215876627,3.104953315997728,2.95846674442496,2.9978828638874893,3.025855642260984,3.005469108689556,3.023017860971152,
ENSMUSG00000031637-P,0.0,1.7486868677434952,1.05127614128515,0.0,1.0320306801742105,1.3243436992408386,0.0,1.2519820612929142,1.9206278330526725,1.7526028674619842,
ENSMUSG00000036202-P,2.98343685347356,2.9589469156013206,2.8015300797147202,3.046185837843039,2.7686600184732413,2.8254325283153654,2.8785013259917287,3.0967849567476105,3.0015371307476886,3.0353705535522577,
ENSMUSG00000043411-P,3.1795586444841804,3.1645860401628836,3.202708340704207,3.2103170419609355,3.1310050597430568,3.1299657098788747,3.131524905283198,3.1835104512846764,3.1157859057054753,3.1754544484163216,
ENSMUSG00000017670-P,3.073581419727728,2.998234780402485,2.940914421317685,3.0260137153446482,2.9924198649557745,2.967285935853038,2.9773497763798833,2.9643452064771387,3.0446038981810997,2.8918311657633744,
ENSMUSG00000014846-P,2.679752111826249,2.536356918541084,2.7738100641658865,2.785910327094259,2.892825465892159,2.5209193797861644,2.675014042646057,2.7267781726570948,2.7328842513863942,2.5802259099916705,
ENSMUSG00000030611-P,2.8230202829706315,2.5617994531337605,2.71466299252448,2.67984739275847,2.6879349590541737,2.417469317485841,2.630976401628732,2.4979449803136484,2.442411033444984,2.6815736516677706,
ENSMUSG00000034563-P,2.9853200558066826,3.1346440160685587,3.1430838486050705,3.076510743705703,3.0982337738474333,3.1227607292486703,3.0399250597205887,3.0398903858912956,3.08987214822382,3.0747436446875307,
ENSMUSG00000010057-P,2.743899924608806,2.7160297340350765,2.666092844002176,2.6728614218270983,2.7380370889497767,2.4662507492620462,2.6464691295481946,2.6356304474686527,2.6287850754031576,2.6815736516677706,
ENSMUSG00000020886-P,3.164913895989625,3.1693258908024937,3.3231189861885184,3.2212752778235236,3.236273782691932,3.273781953513927,3.191795450147473,3.144753352579532,3.175636809697017,3.183820687111283,
ENSMUSG00000018171-P,3.183967568642946,3.1557606834838445,3.1015555141906908,3.106383693052475,3.019729218704679,3.1685271544372933,3.055515389007836,3.0618286403129082,3.1062920007261496,3.093818368025957,
ENSMUSG00000008348-P,3.512148287568311,3.5882636178363345,3.615369192517235,3.5607842893592574,3.6096779379471866,3.533479673919235,3.5140746861307988,3.4983678814029147,3.518123315344862,3.5183435766383044,
ENSMUSG00000042659-P,2.0936046820399126,2.307959378198525,2.0441657969012024,2.189819980175559,1.0320306801742105,2.3138464628869593,2.2382686415146926,2.260439845577068,2.340238309404992,2.201239801478369,
ENSMUSG00000019647-P,2.205287657187245,2.2463730105616486,2.1537000593009172,2.330161347902804,2.0870578063901295,2.28838096459058,2.4305449442555407,2.688103432295061,2.6708022480537004,2.635590277347248,
ENSMUSG00000021709-P,2.9509286614488115,2.9264118970490984,2.779605720186102,2.9114818856767046,2.6957086123848857,2.7868930576189483,2.932014454392408,2.8981414406539394,2.877794564338351,3.0126039956648505,
ENSMUSG00000086769-P,0.0,1.7486868677434952,0.0,1.5305387995262294,1.9573547604778292,1.540426459211321,1.660764359131243,1.8238788293767503,0.9909625173324894,1.7526028674619842,
ENSMUSG00000031617-P,3.0398480504417846,2.993956878562542,2.8775285506709305,3.084078971987217,2.518249663527977,2.896908141847942,2.906791760975023,2.9791663367673875,2.971864113675169,3.080650263131885,
ENSMUSG00000071650-P,3.2280326945146234,3.3055602804400235,3.3736543507800762,3.243169286213998,3.349305479911785,3.30657353548431,3.2305461814871586,3.284600416684756,3.3199341148341968,3.288032428694647,
ENSMUSG00000024098-P,3.005042941466706,3.010591554595652,3.008457526143844,3.0037738679189117,2.996848312744006,3.04489956355435,2.9367436305295236,2.9809517927520712,2.987195769600062,2.940812892592242,
ENSMUSG00000046806-P,2.7049423514354647,2.2463730105616486,2.4840270483202493,2.5496359288815222,2.453299525138911,2.5081773253680897,2.675014042646057,2.509506223754809,2.5680137308327007,2.5112016905493073,
ENSMUSG00000040661-P,2.644480984098192,2.701869257531351,2.406998318879716,2.60928565742255,2.4875565546254554,2.597069500963867,2.6059526079839475,2.6565295281665464,2.5897809421111426,2.6815736516677706,
ENSMUSG00000040675-P,0.0,0.0,1.7807414073271164,2.189819980175559,1.7626095439184901,1.6890500565304944,0.0,1.4694552690607265,1.72329325697681,1.5449433375537043,
ENSMUSG00000016487-P,2.55637007027024,2.7978824259954296,2.6477060392075,2.756907005285918,2.4875565546254554,2.7822160834438785,2.6464691295481946,2.850125502765961,2.797551262638771,2.770219179563109,
ENSMUSG00000028967-P,2.6289693380596897,2.834884059284818,2.6477060392075,2.253180584920959,2.5033052910060953,2.7774499836034243,2.358885778928565,2.1749376513162897,2.104124818314801,2.3292175933159136,
ENSMUSG00000036197-P,2.9397293614782702,2.8669856313559015,2.8959508728445504,2.9395104162714607,2.906280118638314,2.7868930576189483,2.7068576149780155,2.9464153088881146,2.8878120318812806,2.9550650686037234,
ENSMUSG00000105302-P,2.3760801195395187,2.6361485520771812,1.635627251815757,2.112256137575071,2.370402380086115,2.417469317485841,2.4461245990223626,2.366998632733507,2.052292844444681,1.89264962151601,
ENSMUSG00000028057-P,2.8580049664913236,2.8593537259418302,2.821668800359001,2.7718263037832256,2.8962623846482725,2.7521641677005837,2.712787477408111,2.820184021787824,2.7618636821936495,2.770219179563109,
ENSMUSG00000031513-P,3.056707003448414,3.1683868819654344,3.120209315635459,3.1234669018293113,3.033132493881135,3.159993221573939,3.021522671806323,3.0315792982296825,3.081834823975549,3.0974331283437246,
ENSMUSG00000042198-P,2.93509096230734,3.0816231439758535,2.9522948569653398,2.9465951974368245,3.078178490131792,2.90556217196922,3.0471524322714125,2.958525128133854,3.025916960103376,3.0016696267742686,
ENSMUSG00000022751-P,2.428286947297608,2.210732802662338,2.1030484241537115,2.066119679798908,2.414636453063777,2.624280410687325,2.4750568067132988,1.9605049933049352,2.189660735056445,2.201239801478369,
ENSMUSG00000033585-P,2.84803120248072,2.777071997916459,2.8616828285926568,2.8239240099384175,2.671666242276157,2.916622135144592,2.8814885128317487,2.9177397211337497,2.750663978184287,2.7917457319446775,
ENSMUSG00000038058-P,2.1348638805503803,2.549361727765627,2.4281678167546072,2.6001871283067013,2.518249663527977,2.4662507492620462,2.207829373185173,2.432217626547313,2.4905136948825617,2.4206546258003505,
ENSMUSG00000042745-P,3.2550244337554544,3.250288491799219,3.213380696932127,3.2274427707399735,3.268301257618366,3.222939735495398,3.239543709684047,3.2254259053865297,3.2998908390174484,3.258671903755403,
ENSMUSG00000026096-P,2.4118463808793393,2.2463730105616486,2.3042125427281377,2.392251514724895,2.6631428055964115,2.6064412175389604,2.5014216596265615,2.485909621077143,2.104124818314801,2.3930427230256948,
ENSMUSG00000072662-P,2.62086925886439,2.662724276264896,2.531002286986265,2.538344535984538,1.9573547604778292,2.337458339995891,1.7730690703506513,2.721592767635897,2.7563255912984554,2.841389925978959,
ENSMUSG00000023764-P,2.7166839392125652,2.777071997916459,2.71466299252448,2.6001871283067013,2.892825465892159,2.7467895737085533,2.7185852172369516,2.721592767635897,2.700223084990872,2.6227577638255934,
ENSMUSG00000040483-P,2.3357086464576273,2.334891049288378,2.2372491701693713,0.0,1.0320306801742105,1.800441985366546,1.660764359131243,2.061605209602923,1.5759052831750562,2.1450287609357224,
ENSMUSG00000033047-P,2.9255226509476087,2.8919162841722015,3.0127298028452922,3.010860896803546,3.0368144330408713,2.969437755431105,2.9652981635865836,2.9624218288802058,2.9504747301123944,2.9651948493975326,
ENSMUSG00000032602-P,2.786580906794439,2.8919162841722015,2.865744253562622,2.8764758030122155,2.8385996562587685,2.8785788265483196,2.9960928612950677,2.9246820246347807,2.9428707578837923,3.009921071398421,
ENSMUSG00000064340-P,2.55637007027024,2.6944906771063075,2.749196066704111,2.6429347253023234,2.1380835386794943,2.4662507492620462,2.5784364768268895,2.6497413123615647,2.5564652116807776,2.547793539608361,
ENSMUSG00000019971-P,3.019960073181607,2.8305536322619,2.6748333210290194,3.065977650380275,2.594517976687121,2.893950799663344,2.74576900869294,3.2401478122950893,3.1469259969703853,3.17667145639532,
ENSMUSG00000031256-P,2.6591511580148706,2.8743805861999276,2.749196066704111,2.729914598025349,2.82055953701661,2.8407905048280395,2.675014042646057,2.86232669930208,2.8526326239320365,2.8357087694542726,
ENSMUSG00000023826-P,1.9939147873923782,2.424290332377703,2.197995308564363,2.1531610912188426,2.4875565546254554,2.28838096459058,2.3158383032623036,2.446566449393941,2.3151293779747677,2.3930427230256948,
ENSMUSG00000070643-P,2.0936046820399126,2.307959378198525,2.606706636553831,2.5143383058295288,2.7177347940662178,2.6155054833377434,2.3380846416000267,2.3073341463507173,2.287912187588724,2.635590277347248,
ENSMUSG00000022568-P,2.3357086464576273,2.460838957990331,2.6175467456143355,2.306456874099742,2.3457012147120677,2.6716965252062495,2.460939846741703,2.348320819985926,2.5444273780211626,2.4206546258003505,
ENSMUSG00000024548-P,2.428286947297608,2.015127702048463,2.272416887164628,2.112256137575071,2.0277492858643726,1.6890500565304944,2.5014216596265615,2.384631720774069,2.5791083662945167,2.291797059239126,
ENSMUSG00000050199-P,2.7993337663744726,2.671029002887093,2.5451089377612846,2.6583149658304945,2.6879349590541737,2.6858044961202037,2.80928031394119,2.6565295281665464,2.782874923342635,2.720747597546314,
ENSMUSG00000057440-P,2.927952354205361,3.063619088372295,2.928936504070513,3.077791178063932,2.8633625715061446,3.0371699860112247,2.821009492367557,3.1258096030681055,3.0294369687258538,3.0882760111254837,
ENSMUSG00000022010-P,3.3977901219669637,3.451917370923783,3.4730112897457137,3.450866183909184,3.4760294848410926,3.454789100939628,3.450936305332428,3.4450032687284895,3.4199247713907277,3.453342816437585,
ENSMUSG00000024083-P,3.1959497736864426,3.1008453739907385,3.1430838486050705,3.193715185946057,3.0255751082118123,3.04489956355435,3.1267216756108724,3.2028483306158684,3.2296076319614975,3.2267389973378657,
ENSMUSG00000072763-P,2.4992534713739833,2.40422840130242,1.7807414073271164,2.4594577774574717,1.7626095439184901,1.8885574536457885,2.396778703807082,2.6427778027276796,2.2256750888185772,2.491017867223869,
ENSMUSG00000030616-P,2.9077588570750277,2.985144816856604,2.9063475483237036,2.870100123380542,2.7246811578068164,2.9421539107139396,2.9146515396047303,3.002943537915634,2.971864113675169,2.9717033538477375,
ENSMUSG00000003949-P,2.894184158094128,2.911363610278365,2.666092844002176,2.88873382826766,2.811013902580422,2.729953026456423,2.9041116656934958,2.853234489936517,2.9695854348363104,2.951585004020683,
ENSMUSG00000085184-P,0.0,1.7486868677434952,0.0,0.0,1.403008416028832,0.0,2.0962852433020775,1.2519820612929142,0.0,1.7526028674619842,
ENSMUSG00000066595-P,2.8304329792250904,2.9759690771014737,3.0478156220226325,2.839095441010693,2.594517976687121,3.0609827525491196,2.653895045229451,2.746534441727066,2.662907567141824,2.762613159258047,
ENSMUSG00000046714-P,1.770029588402452,2.5227355243732053,2.197995308564363,2.112256137575071,2.182710471020394,1.9608930657196946,2.358885778928565,2.260439845577068,2.3151293779747677,2.4459820410304167,
ENSMUSG00000004263-P,2.999836275721871,2.9175009590631764,2.988133947355883,3.0476619905528475,3.1127391911957227,2.977844207941694,2.9924687665728227,3.03852725145758,3.0845483226818353,3.102740160718385,
ENSMUSG00000021929-P,2.8706878915983536,2.6168654986227105,2.666092844002176,2.746449606541627,2.5033052910060953,2.6716965252062495,2.7927191869715213,2.8981414406539394,2.744873633261276,2.862863104359975,
ENSMUSG00000074480-P,2.472855312590126,1.0173833013252518,2.1537000593009172,2.1531610912188426,1.403008416028832,1.540426459211321,1.2944413554146859,2.3284792340031646,1.9920693841419619,2.4693492626982736,
ENSMUSG00000000127-P,2.612522495254482,2.8170805413575914,2.6570567603238033,2.699761949968734,2.54600600860555,2.678844284813487,2.6059526079839475,2.8305801856630475,2.8068744524808564,2.7847740743425593,
ENSMUSG00000075256-P,2.047074977043925,2.170954795689835,1.05127614128515,1.6794904396020587,2.2897340977234717,0.0,0.0,2.2058739696682794,2.052292844444681,1.5449433375537043,
ENSMUSG00000028811-P,2.566544186502761,2.771587109641666,2.531002286986265,2.6429347253023234,2.7507319323948414,2.772591552573298,2.688216578527896,2.721592767635897,2.5318606375150936,2.762613159258047,
ENSMUSG00000025016-P,3.253508430127102,3.3316460611244607,3.2947476211237783,3.1802724557964197,3.3105070116870903,3.3069791253532066,3.3859343840959637,3.3028611481807997,3.3052202014155303,3.3103958760320435,
ENSMUSG00000034957-P,2.428286947297608,2.015127702048463,2.1030484241537115,2.488171624136404,2.1380835386794943,1.8885574536457885,2.4750568067132988,2.1749376513162897,1.72329325697681,2.0782217325348102,
ENSMUSG00000025862-P,3.0633569079089966,2.968831228350711,2.935003777124505,3.040177591987075,2.936854249607653,2.899828590085654,3.0812307266724397,3.046579404392111,3.0294369687258538,3.0727374039071225,
ENSMUSG00000024800-P,2.1718438586597615,2.40422840130242,2.2372491701693713,2.112256137575071,2.4709201209280116,2.587370526109766,2.414125288221068,2.366998632733507,2.424501324981227,2.291797059239126,
ENSMUSG00000025104-P,2.6730605233711953,2.549361727765627,2.5713875781553512,2.794877045418506,2.703258878196305,2.678844284813487,2.5479279222943707,2.8652821985647923,2.7618636821936495,2.857672235963162,
ENSMUSG00000078201-P,2.7166839392125652,2.8076683391121247,2.6832955931390208,2.6429347253023234,2.6957086123848857,2.6858044961202037,2.7508763190188583,2.741736217065273,2.713784149033123,2.770219179563109,
ENSMUSG00000042506-P,2.9155394090018314,3.020381971086582,2.935003777124505,3.057719368684654,2.9220732370167055,3.0258612368697437,3.051374787900566,2.958525128133854,3.0541514554653006,2.9780281670163804,
ENSMUSG00000101059-P,0.0,2.015127702048463,0.0,0.0,1.0320306801742105,2.16114414194887,0.0,1.8238788293767503,0.9909625173324894,0.0,
ENSMUSG00000022629-P,2.910381454411084,2.9175009590631764,2.8447112780785244,2.9059993393351937,2.5324621193553347,2.7774499836034243,2.80928031394119,2.99805911528411,3.0572415101712083,3.04705457891109,
ENSMUSG00000049287-P,2.523471132965793,2.8743805861999276,2.8533469828413747,2.735545485488469,2.6799253693825444,2.5560818065432516,2.7927191869715213,2.741736217065273,2.7563255912984554,2.720747597546314,
ENSMUSG00000033792-P,3.32057257504628,3.3501791740556874,3.2916012574799045,3.288668374535642,3.003328732103966,3.2703587616787595,3.2143387429503503,3.247104791221853,3.2373054034950357,3.2161208002350126,
ENSMUSG00000018707-P,3.2881649387355143,3.2946722734097795,3.4120915562563563,3.4013685151864923,3.454614917395511,3.350066014912841,3.2305461814871586,3.3824556423649983,3.3688104929926594,3.3596208307968864,
ENSMUSG00000018293-P,2.927952354205361,2.978298642159211,2.8067213199632537,2.803531223094093,2.7105973572633615,2.893950799663344,2.9652981635865836,2.7368463269153964,2.897420467710057,2.877789937403073,
ENSMUSG00000026547-P,2.819227791651201,3.022288406560564,2.988133947355883,2.870100123380542,2.98094556839418,3.1041329670587756,2.9367436305295236,2.9246820246347807,2.8910587376214685,2.7917457319446775,
ENSMUSG00000026527-P,2.3760801195395187,1.3880232506381893,1.4225886161902916,1.6794904396020587,1.9573547604778292,2.2607778365639124,2.4305449442555407,2.1749376513162897,1.9206278330526725,1.1741805972012378,
ENSMUSG00000085945-P,2.472855312590126,2.7824395210556943,2.5161694772377903,2.410485958065253,2.434582325182487,2.729953026456423,2.137493660177932,2.612990118601212,2.5444273780211626,2.5112016905493073,
ENSMUSG00000071369-P,2.8913720852585274,2.8474294204832438,2.960470440645219,3.0476619905528475,3.0474970448975376,2.965113309193712,2.9773497763798833,3.025855642260984,3.052589488439691,2.951585004020683,
ENSMUSG00000015970-P,2.9327360253526567,2.920509664705687,2.9904866578070424,2.9321987883701395,2.7686600184732413,2.95846674442496,2.8497801969176764,2.895571637261848,2.8369720681742407,2.951585004020683,
ENSMUSG00000017314-P,2.4863491669248066,2.2463730105616486,2.71466299252448,2.372881182404712,2.6452372248946667,2.2607778365639124,2.3380846416000267,2.5705706176498113,2.61953974698994,2.6227577638255934,
ENSMUSG00000051579-P,2.9697895789412367,2.98959461259582,3.0210317452521234,3.0324235889288516,2.978577953391719,3.015675747101698,3.0674750958851096,3.060598707218071,3.066251315600015,2.9901638562501347,
ENSMUSG00000093606-P,1.6576259071438952,2.334891049288378,1.7807414073271164,1.3142154498924596,1.7626095439184901,1.540426459211321,0.9275513995962643,1.7338102623710703,1.9920693841419619,1.89264962151601,
ENSMUSG00000049090-P,2.992697128247144,2.920509664705687,2.8994680963531203,3.046185837843039,3.0657959582378345,2.977844207941694,3.0117019374935827,2.9565512619141576,3.027684106244544,2.9295070067380213,
ENSMUSG00000032307-P,2.733356171476179,2.4431162397134494,2.3331828765301115,2.735545485488469,2.182710471020394,2.587370526109766,2.4305449442555407,2.6207468318567964,2.7389490207554466,2.5951396599621233,
ENSMUSG00000062866-P,3.333206281007377,3.2527443292153326,3.237388774841888,3.295985956859655,3.1710393635316976,3.265357589966148,3.2704052172147495,3.361226468024263,3.3907604296904803,3.34631190247753,
ENSMUSG00000041685-P,3.1193427126957602,2.9234796712221267,2.8167867596982354,2.941896560869441,2.7314457141533888,2.9715691372058766,2.9172133702951815,2.9737226760906506,2.9602323543252,3.0401205612374445,
ENSMUSG00000046807-P,2.472855312590126,1.6022740119185164,2.1537000593009172,2.538344535984538,1.403008416028832,2.337458339995891,2.0962852433020775,2.1749376513162897,2.363519388458959,2.249559533855343,
ENSMUSG00000027305-P,0.9244311269500056,2.2785974902960113,2.4281678167546072,2.6656871483659326,2.571304368288538,2.28838096459058,2.6228862347591453,2.54166167846015,2.3151293779747677,1.9965362163403348,
ENSMUSG00000031715-P,3.071071236143541,3.0024313191941805,2.873665068277966,3.0055671872619865,2.906280118638314,2.997569290794083,2.9773497763798833,3.0273007855731144,3.0510160206373285,3.100986171056407,
ENSMUSG00000005699-P,2.523471132965793,2.2785974902960113,2.531002286986265,2.650734538138873,2.6452372248946667,2.632782601887954,2.587913560814016,2.5516280742475903,2.6463845778674786,2.691928966626909,
ENSMUSG00000042594-P,2.4438864122936725,2.6266771176421004,2.558552283290118,2.5709578747426756,2.54600600860555,2.6643516502127893,2.4305449442555407,2.596789670681146,2.4593198415924196,2.4206546258003505,
ENSMUSG00000071652-P,2.394477676541916,2.742221319794185,2.6570567603238033,2.746449606541627,2.654338980356183,2.6716965252062495,2.7068576149780155,2.6207468318567964,2.7203087328818736,2.4459820410304167,
ENSMUSG00000019933-P,2.3357086464576273,2.170954795689835,2.3331828765301115,1.952171777219592,1.9573547604778292,2.0744304410906786,2.049811868198619,2.1409941759101065,2.104124818314801,2.201239801478369,
ENSMUSG00000102664-P,1.9939147873923782,1.7486868677434952,2.3042125427281377,1.6794904396020587,2.434582325182487,2.16114414194887,0.0,2.260439845577068,1.5759052831750562,2.201239801478369,
ENSMUSG00000020219-P,3.2203447529692366,3.2575625697204513,3.2219746664562683,3.22683482313737,3.087009925269648,3.177511093924841,3.2826011195727545,3.1212473744619644,3.154737612818621,3.179083310036428,
ENSMUSG00000052837-P,2.428286947297608,2.978298642159211,3.02705692058002,2.189819980175559,2.6452372248946667,3.097136206930242,2.558466729671963,2.460264211209851,2.5564652116807776,2.3930427230256948,
ENSMUSG00000022774-P,2.7951551210748646,2.8433195699871066,2.8447112780785244,2.827806479027491,2.7907365746798924,2.875380543288275,3.030919366862213,2.8652821985647923,2.8245241350388137,2.7847740743425593,
ENSMUSG00000031079-P,1.9939147873923782,2.074761617354389,1.4225886161902916,1.791194985652108,1.7626095439184901,0.0,0.0,2.014408267690184,1.36080573017253,0.0,
ENSMUSG00000021149-P,2.841144738441585,2.7543781944163475,2.6477060392075,2.894631588126424,2.6452372248946667,2.8293639474584173,2.7508763190188583,2.986223864080445,2.9296056831550286,3.0016696267742686,
ENSMUSG00000039000-P,2.758941831777872,2.8554444238939873,2.865744253562622,2.8353904780559627,2.882202384585447,2.855231207607117,2.74576900869294,2.8563037334431267,2.7777845288642493,2.846940633502584,
ENSMUSG00000048776-P,2.1718438586597615,2.015127702048463,1.974260823241897,2.066119679798908,2.1380835386794943,2.197662492225388,2.358885778928565,2.061605209602923,2.4593198415924196,1.7526028674619842,
ENSMUSG00000035173-P,2.743899924608806,2.839138558617027,2.6570567603238033,2.9601343773383895,2.594517976687121,2.8004189483943076,2.824797654298152,2.99805911528411,3.0429704643799114,2.8963312933072887,
ENSMUSG00000038780-P,2.1348638805503803,2.671029002887093,2.0441657969012024,2.410485958065253,2.5033052910060953,2.359449090949931,2.536985130926247,2.446566449393941,2.475325818848827,2.4206546258003505,
ENSMUSG00000026113-P,2.6730605233711953,2.40422840130242,2.447962966432772,2.1531610912188426,2.0870578063901295,2.6643516502127893,2.7405574703971505,2.401322279238175,2.340238309404992,2.36273807992606,
ENSMUSG00000090247-P,2.5116138907251915,2.3597364017920848,2.5005386265654335,2.44399603341584,1.9573547604778292,2.577322576256088,2.681697568444183,2.432217626547313,2.5187205721658037,2.547793539608361,
ENSMUSG00000009013-P,3.285616864284126,3.3201337781782976,3.2624649192632,3.3262659605895526,3.221346044711446,3.2799778272657587,3.3613524942471518,3.221562398468629,3.2416569370019808,3.2403347409588656,
ENSMUSG00000027349-P,2.9327360253526567,2.821654628833636,2.779605720186102,2.581044084290294,2.7507319323948414,2.8848484701950876,2.9978828638874893,2.7900959534457987,2.782874923342635,2.8178224272008845,
ENSMUSG00000026315-P,2.4863491669248066,2.015127702048463,1.8889381272851609,2.1531610912188426,2.5324621193553347,2.0219026545608885,2.1744275818053294,2.1409941759101065,2.3151293779747677,2.249559533855343,
ENSMUSG00000027646-P,2.8644307068103223,2.7228309828096444,2.606706636553831,2.6429347253023234,2.703258878196305,2.6643516502127893,2.7884001586217537,2.5705706176498113,2.6708022480537004,2.6227577638255934,
ENSMUSG00000038827-P,2.458720466081874,2.170954795689835,1.974260823241897,1.6794904396020587,2.0277492858643726,2.2607778365639124,1.660764359131243,2.1034669621672157,2.258239551698587,1.7526028674619842,
ENSMUSG00000025231-P,1.9321938006123172,2.170954795689835,2.3331828765301115,2.410485958065253,2.5033052910060953,2.5081773253680897,2.358885778928565,2.3284792340031646,2.385202092055931,2.249559533855343,
ENSMUSG00000020546-P,3.0845212583539228,3.1220207778596496,3.0825916032065424,3.0686605176707302,3.0216953548704377,3.1445972512805973,3.0775673118613884,3.12849891796152,3.0790858097944125,3.150798433927687,
ENSMUSG00000020330-P,0.0,0.0,1.4225886161902916,0.9462937079331355,0.0,0.0,1.2944413554146859,1.2519820612929142,0.0,1.1741805972012378,
ENSMUSG00000019088-P,2.5763646547814383,2.573714029294477,2.1030484241537115,2.2808916192454447,1.9573547604778292,2.359449090949931,2.5014216596265615,2.366998632733507,2.258239551698587,1.89264962151601,
ENSMUSG00000020074-P,3.073581419727728,2.9828860581110277,2.960470440645219,3.0699893102754654,3.001189697845642,3.1018268088376093,3.055515389007836,3.1947011327303922,3.0677164636987717,3.1480177482544054,
ENSMUSG00000037408-P,2.2637235061140437,1.8580390904899369,2.1030484241537115,2.1531610912188426,2.0870578063901295,2.359449090949931,2.0962852433020775,2.260439845577068,2.189660735056445,2.249559533855343,
ENSMUSG00000023046-P,2.472855312590126,2.074761617354389,1.974260823241897,2.189819980175559,1.7626095439184901,2.337458339995891,2.4305449442555407,2.260439845577068,2.442411033444984,1.7526028674619842,
ENSMUSG00000031776-P,3.0293665109536416,2.9614589549311088,3.0650877860250785,3.079063872270111,3.0177451785520675,3.013930926940297,3.059577152544508,3.004547893215676,3.066251315600015,3.0280437407412575,
ENSMUSG00000020899-P,2.8267548033749192,2.68689904812128,2.8264552685686892,2.5496359288815222,2.7177347940662178,2.7467895737085533,2.7840049614131916,2.6497413123615647,2.7266730521566993,2.547793539608361,
ENSMUSG00000055022-P,3.4775751837559636,3.5409670073203787,3.4730112897457137,3.4846987086538808,3.3565823762321267,3.4482068806689767,3.426643297595686,3.5218982293294574,3.5226331488213525,3.5387004885860365,
ENSMUSG00000024976-P,2.6289693380596897,2.5084415166962555,2.6570567603238033,2.729914598025349,2.434582325182487,2.692586065449974,2.558466729671963,2.837272212220556,2.8158579754619852,2.798527315252486,
ENSMUSG00000003199-P,2.8827282524251774,2.7876942576751724,3.0106040798345663,2.988876710172023,2.912727040531541,2.8407905048280395,2.9673522656918325,2.933624363334711,2.9454337629483622,2.951585004020683,
ENSMUSG00000039450-P,2.6926484451919714,2.8076683391121247,2.7962275529773266,2.7813030890878765,2.811013902580422,2.624280410687325,2.6059526079839475,2.7267781726570948,2.6463845778674786,2.6595660735770017,
ENSMUSG00000066057-P,2.2637235061140437,2.210732802662338,1.974260823241897,2.330161347902804,2.434582325182487,2.1203943924010544,1.9967145517730716,2.234254759117529,2.442411033444984,2.4693492626982736,
ENSMUSG00000041649-P,0.0,0.0,0.0,1.3142154498924596,0.0,0.0,2.049811868198619,0.0,0.9909625173324894,1.1741805972012378,
ENSMUSG00000042699-P,3.0150998807079805,3.050707000288364,2.9809225310964393,2.900384596737666,2.8385996562587685,2.9516186375732416,3.092999694555739,3.0214616146950166,3.112276672619253,3.00445468011239,
ENSMUSG00000032348-P,3.1875680136444826,3.191464194808085,3.235972923073722,3.28646000618748,3.3288760056175537,3.216502411486841,3.2847747073633284,3.2297485628442604,3.2570016291513673,3.2570762207696817,
ENSMUSG00000022177-P,2.205287657187245,1.7486868677434952,1.4225886161902916,0.9462937079331355,2.182710471020394,1.8885574536457885,0.0,1.4694552690607265,1.5759052831750562,1.89264962151601,
ENSMUSG00000045098-P,2.851402015905838,2.8170805413575914,2.7908092245595153,2.729914598025349,2.7686600184732413,2.7774499836034243,2.5784364768268895,2.7735641909578077,2.7328842513863942,2.762613159258047,
ENSMUSG00000024772-P,2.896962904232199,3.119639588723913,3.1277135824839557,3.0177257794449672,3.148839025839292,3.100664047111166,3.1276913991462263,3.0139352979014413,3.09377790763356,3.08258284442719,
ENSMUSG00000021000-P,3.135697173721421,3.1335281707001346,3.104325637169555,3.1573641518266173,2.9761849552276143,3.0935475400017034,3.0713163998120847,3.174503750880386,3.190586248520916,3.205935695665012,
ENSMUSG00000056938-P,2.841144738441585,2.9873808605517533,3.040496291434201,3.0815863879375724,3.094095265000852,2.939724953830743,3.0763318649648212,3.046579404392111,3.0205275999774295,3.0204606579347995,
ENSMUSG00000060279-P,2.686278969264156,2.6944906771063075,2.6279751478654028,2.7992419300242304,2.6957086123848857,2.729953026456423,2.653895045229451,2.7163013891870706,2.750663978184287,2.7466797079738132,
ENSMUSG00000030557-P,2.9509286614488115,2.8850576316128036,2.8067213199632537,2.8498813373477154,2.6159430501160656,2.7625840090199305,2.8011382898974775,2.929196698816034,2.9066499417942304,2.925611051052122,
ENSMUSG00000023118-P,2.63683586610622,2.68689904812128,2.71466299252448,2.803531223094093,2.6631428055964115,2.7240866292219725,2.6464691295481946,2.5883202574847393,2.6931696475331677,2.8357087694542726,
ENSMUSG00000021583-P,2.7279174737011735,2.5851446165382783,2.6380198149425884,2.560497299397539,2.7105973572633615,2.678844284813487,2.8285279182628735,2.721592767635897,2.6931696475331677,2.691928966626909,
ENSMUSG00000021990-P,3.053987804609301,3.0588682862112115,3.06342227366973,3.0803289136102334,3.092697295262679,3.015675747101698,3.016667532238601,3.0371554388749877,2.999544487757376,2.9901638562501347,
ENSMUSG00000029265-P,2.612522495254482,2.5084415166962555,2.5836636374332405,2.718270138658855,2.583151711440056,2.5560818065432516,2.6059526079839475,2.6759197196291358,2.6377274036574265,2.530077622678098,
ENSMUSG00000036087-P,2.965732562689223,2.9538374488818673,2.9784658806502518,3.044699456508915,3.0625837262190325,2.896908141847942,2.943658891613491,3.065476282588085,3.1134530689699997,3.044768022199218,
ENSMUSG00000031479-P,2.920584980077232,2.8669856313559015,2.8067213199632537,2.735545485488469,2.8342135361503815,2.7356888425846355,2.85646765908516,2.8563037334431267,2.88118116699211,2.872917777266345,
ENSMUSG00000039813-P,2.7684961316793792,2.8474294204832438,2.9063475483237036,2.9395104162714607,2.9879010310646037,2.8332328811910026,2.8629735649971138,2.8981414406539394,2.991389017634292,2.9480506984041432,
ENSMUSG00000044617-P,1.2911358947108442,1.9443600535000258,2.2372491701693713,1.6794904396020587,1.9573547604778292,2.5331247319483747,2.207829373185173,1.9605049933049352,1.36080573017253,2.36273807992606,
ENSMUSG00000032796-P,2.2637235061140437,1.6022740119185164,1.4225886161902916,2.4277008511191256,2.2222609368854087,2.3138464628869593,1.5111922393673562,2.014408267690184,2.1494683027907366,2.1450287609357224,
ENSMUSG00000038135-P,0.0,0.0,2.1537000593009172,1.791194985652108,0.0,2.0744304410906786,1.862003948455499,1.8238788293767503,1.9920693841419619,1.89264962151601,
