brain_name,direction_brain,type_brain,CSF_name,direction_CSF,type_CSF,VECPAC r,VECPAC n,LPS r,LPS n,DSS r,DSS n,non-NaN_treatment_groups,Pooled r,Pooled n,Pooled_r_valid,Pooled FDR,FDR < 0.15,within_model_sign,pooled_sign,predicted_effect_sign,within_model = pooled,number within_model = pooled_n,within_model = predicted,number within_model = predicted,predicted = pooled,number predicted = pooled,all_signs_agree,number all_signs_agree
ENSMUSG00000001128-C,-1.0,CTX,"2-Butenoic acid, 3-[(tert-butyldimethylsilyl)oxy]",-1.0,CSF,,2,1.0,3,1.0,3,2,0.9285714285714288,8,True,0.0354861073872977,True,1.0,1.0,1.0,1.0,2,1.0,2,1.0,2,1.0,3.0
ENSMUSG00000001128-C,-1.0,CTX,"6-Methoxy-1-methyl-1,2,3,4-tetrahydroisoquinolin-7-ol ",-1.0,CSF,,0,,1,,2,0,1.0,3,True,0.0,True,,1.0,1.0,,1,,1,1.0,2,1.0,2.0
ENSMUSG00000001521-C,-1.0,CTX,4-Aminobutanoic acid,-1.0,CSF,,2,1.0,3,1.0,3,2,0.880952380952381,8,True,0.1418733630990404,True,1.0,1.0,1.0,1.0,2,1.0,2,1.0,2,1.0,3.0
ENSMUSG00000001773-C,-1.0,CTX,"1-Octanol, 2-butyl-",-1.0,CSF,,2,0.8660254037844387,3,-0.5,3,2,0.9156626506024096,8,True,0.0575066178258856,True,,1.0,1.0,,1,,1,1.0,2,1.0,2.0
ENSMUSG00000001773-C,-1.0,CTX,Acetic acid,-1.0,CSF,,2,0.8660254037844387,3,,3,1,0.8948415654446609,8,True,0.1027451263912011,True,1.0,1.0,1.0,1.0,2,1.0,2,1.0,2,1.0,3.0
ENSMUSG00000001773-C,-1.0,CTX,Adipoyl-L-carnitine,1.0,CSF,,1,,1,,2,0,-1.0,4,True,0.0,True,,-1.0,-1.0,,1,,1,-1.0,2,-1.0,2.0
ENSMUSG00000001773-C,-1.0,CTX,alpha-Hydroxyisobutyric acid,-1.0,CSF,,0,1.0,3,,2,1,1.0,5,True,6.078616870869687e-23,True,1.0,1.0,1.0,1.0,2,1.0,2,1.0,2,1.0,3.0
ENSMUSG00000001773-C,-1.0,CTX,Urea,-1.0,CSF,,2,1.0,3,-1.0,3,2,0.8982196964349441,8,True,0.0949723045352331,True,,1.0,1.0,,1,,1,1.0,2,1.0,2.0
ENSMUSG00000002228-C,-1.0,CTX,"1-(4-Methoxyphenyl)-4,6-dimethyl-2(1H)-pyrimidinone",-1.0,CSF,,1,1.0,3,0.8660254037844387,3,2,0.9265616458263763,7,True,0.1031791740595947,True,1.0,1.0,1.0,1.0,2,1.0,2,1.0,2,1.0,3.0
ENSMUSG00000002228-C,-1.0,CTX,"6-Methoxy-1-methyl-1,2,3,4-tetrahydroisoquinolin-7-ol ",-1.0,CSF,,0,,1,,2,0,1.0,3,True,0.0,True,,1.0,1.0,,1,,1,1.0,2,1.0,2.0
ENSMUSG00000002608-C,1.0,CTX,Benzophenone,1.0,CSF,,1,0.5,3,1.0,3,2,0.9285714285714288,7,True,0.0965338601097049,True,1.0,1.0,1.0,1.0,2,1.0,2,1.0,2,1.0,3.0
ENSMUSG00000002608-C,1.0,CTX,Cholesterol,1.0,CSF,,2,0.5,3,0.5,3,2,0.9047619047619048,8,True,0.0792999095569304,True,1.0,1.0,1.0,1.0,2,1.0,2,1.0,2,1.0,3.0
ENSMUSG00000002608-C,1.0,CTX,"Propanoic acid, 3-[(tert-butyldimethylsilyl)oxy]-2-methyl-",1.0,CSF,,2,0.8660254037844387,3,,2,1,0.9549937104572924,7,True,0.0334900065811391,True,1.0,1.0,1.0,1.0,2,1.0,2,1.0,2,1.0,3.0
ENSMUSG00000002633-C,-1.0,CTX,Aceturic acid,-1.0,CSF,,2,1.0,3,,2,1,0.9642857142857144,7,True,0.0190079298918555,True,1.0,1.0,1.0,1.0,2,1.0,2,1.0,2,1.0,3.0
ENSMUSG00000002633-C,-1.0,CTX,Butanedioic acid,-1.0,CSF,,2,1.0,3,1.0,3,2,0.9047619047619048,8,True,0.0792999095569304,True,1.0,1.0,1.0,1.0,2,1.0,2,1.0,2,1.0,3.0
ENSMUSG00000002633-C,-1.0,CTX,Diethylamine,-1.0,CSF,,2,1.0,3,1.0,3,2,0.9285714285714288,8,True,0.0354861073872977,True,1.0,1.0,1.0,1.0,2,1.0,2,1.0,2,1.0,3.0
ENSMUSG00000002633-C,-1.0,CTX,Levulinic acid,-1.0,CSF,,2,0.5,3,1.0,3,2,0.880952380952381,8,True,0.1418733630990404,True,1.0,1.0,1.0,1.0,2,1.0,2,1.0,2,1.0,3.0
ENSMUSG00000002633-C,-1.0,CTX,Picolinic acid,-1.0,CSF,,2,1.0,3,0.8660254037844387,3,2,0.8916309815169778,8,True,0.1118808083577703,True,1.0,1.0,1.0,1.0,2,1.0,2,1.0,2,1.0,3.0
ENSMUSG00000002633-C,-1.0,CTX,Trimethylolpropane,-1.0,CSF,,0,,2,,2,0,1.0,4,True,0.0,True,,1.0,1.0,,1,,1,1.0,2,1.0,2.0
ENSMUSG00000002733-C,-1.0,CTX,"2,3-Butanediol, O-(trimethylsilyl)-, monoacetate",-1.0,CSF,,2,1.0,3,0.8660254037844387,3,2,0.8982196964349441,8,True,0.0949723045352331,True,1.0,1.0,1.0,1.0,2,1.0,2,1.0,2,1.0,3.0
ENSMUSG00000002820-C,1.0,CTX,Cholesterol,1.0,CSF,,2,1.0,3,0.5,3,2,0.9047619047619048,8,True,0.0792999095569304,True,1.0,1.0,1.0,1.0,2,1.0,2,1.0,2,1.0,3.0
ENSMUSG00000002910-C,1.0,CTX,"2-Cyclohexen-1-one, 3-methyl-6-(1-methylethyl)",-1.0,CSF,,2,,2,-1.0,3,1,-0.9285714285714288,7,True,0.0965338601097049,True,-1.0,-1.0,-1.0,-1.0,2,-1.0,2,-1.0,2,-1.0,3.0
ENSMUSG00000003382-C,-1.0,CTX,Butanedioic acid,-1.0,CSF,,2,0.5,3,0.5,3,2,0.9047619047619048,8,True,0.0792999095569304,True,1.0,1.0,1.0,1.0,2,1.0,2,1.0,2,1.0,3.0
ENSMUSG00000003418-C,1.0,CTX,"6-Methoxy-1-methyl-1,2,3,4-tetrahydroisoquinolin-7-ol ",-1.0,CSF,,0,,1,,2,0,-1.0,3,True,0.0,True,,-1.0,-1.0,,1,,1,-1.0,2,-1.0,2.0
ENSMUSG00000003421-C,1.0,CTX,Azelaic acid,-1.0,CSF,,2,-0.5,3,-0.5,3,2,-0.9047619047619048,8,True,0.0792999095569304,True,-1.0,-1.0,-1.0,-1.0,2,-1.0,2,-1.0,2,-1.0,3.0
ENSMUSG00000003421-C,1.0,CTX,Ethanolamine,-1.0,CSF,,2,-1.0,3,0.8660254037844387,3,2,-0.8982196964349441,8,True,0.0949723045352331,True,,-1.0,-1.0,,1,,1,-1.0,2,-1.0,2.0
ENSMUSG00000003527-C,1.0,CTX,"6-Methoxy-1-methyl-1,2,3,4-tetrahydroisoquinolin-7-ol ",-1.0,CSF,,0,,1,,2,0,-1.0,3,True,0.0,True,,-1.0,-1.0,,1,,1,-1.0,2,-1.0,2.0
ENSMUSG00000003549-C,1.0,CTX,Acetic acid,-1.0,CSF,,2,-0.8660254037844387,3,,3,1,-0.9142074905486915,8,True,0.0604395516135506,True,-1.0,-1.0,-1.0,-1.0,2,-1.0,2,-1.0,2,-1.0,3.0
ENSMUSG00000004070-C,1.0,CTX,Ethanolamine,-1.0,CSF,,2,-1.0,3,0.8660254037844387,3,2,-0.9221722216732094,8,True,0.0454505036541215,True,,-1.0,-1.0,,1,,1,-1.0,2,-1.0,2.0
ENSMUSG00000004151-C,-1.0,CTX,L-Glutamic acid,1.0,CSF,,0,,2,,2,0,-1.0,4,True,0.0,True,,-1.0,-1.0,,1,,1,-1.0,2,-1.0,2.0
ENSMUSG00000004268-C,-1.0,CTX,2-Butenedioic acid,-1.0,CSF,,1,1.0,3,1.0,3,2,0.9642857142857144,7,True,0.0190079298918555,True,1.0,1.0,1.0,1.0,2,1.0,2,1.0,2,1.0,3.0
ENSMUSG00000004268-C,-1.0,CTX,L-Glutamic acid,1.0,CSF,,0,,2,,2,0,-1.0,4,True,0.0,True,,-1.0,-1.0,,1,,1,-1.0,2,-1.0,2.0
ENSMUSG00000004268-C,-1.0,CTX,Trimethylolpropane,-1.0,CSF,,0,,2,,2,0,1.0,4,True,0.0,True,,1.0,1.0,,1,,1,1.0,2,1.0,2.0
ENSMUSG00000004952-C,-1.0,CTX,"6-Methoxy-1-methyl-1,2,3,4-tetrahydroisoquinolin-7-ol ",-1.0,CSF,,0,,1,,2,0,1.0,3,True,0.0,True,,1.0,1.0,,1,,1,1.0,2,1.0,2.0
ENSMUSG00000005089-C,-1.0,CTX,Adipoyl-L-carnitine,1.0,CSF,,1,,1,,2,0,-1.0,4,True,0.0,True,,-1.0,-1.0,,1,,1,-1.0,2,-1.0,2.0
ENSMUSG00000005699-C,1.0,CTX,Azelaic acid,-1.0,CSF,,2,-0.5,3,-0.5,3,2,-0.880952380952381,8,True,0.1418733630990404,True,-1.0,-1.0,-1.0,-1.0,2,-1.0,2,-1.0,2,-1.0,3.0
ENSMUSG00000005871-C,-1.0,CTX,"2-Methylcyclohexylamine, tert.-butyldimethylsilyl ether",-1.0,CSF,,0,,2,,2,0,1.0,4,True,0.0,True,,1.0,1.0,,1,,1,1.0,2,1.0,2.0
ENSMUSG00000006095-C,1.0,CTX,alpha-Hydroxyisobutyric acid,-1.0,CSF,,0,-1.0,3,,2,1,-1.0,5,True,6.078616870869687e-23,True,-1.0,-1.0,-1.0,-1.0,2,-1.0,2,-1.0,2,-1.0,3.0
ENSMUSG00000006095-C,1.0,CTX,Ethanolamine,-1.0,CSF,,2,-1.0,3,-0.8660254037844387,3,2,-0.9700772721497396,8,True,0.0028117748128617,True,-1.0,-1.0,-1.0,-1.0,2,-1.0,2,-1.0,2,-1.0,3.0
ENSMUSG00000006307-C,-1.0,CTX,DL-Glyceraldehyde,-1.0,CSF,,2,1.0,3,0.8660254037844387,3,2,0.9221722216732094,8,True,0.0454505036541215,True,1.0,1.0,1.0,1.0,2,1.0,2,1.0,2,1.0,3.0
ENSMUSG00000006333-C,1.0,CTX,Cholesterol,1.0,CSF,,2,1.0,3,0.5,3,2,0.880952380952381,8,True,0.1418733630990404,True,1.0,1.0,1.0,1.0,2,1.0,2,1.0,2,1.0,3.0
ENSMUSG00000006333-C,1.0,CTX,"Propanoic acid, 3-[(tert-butyldimethylsilyl)oxy]-2-methyl-",1.0,CSF,,2,0.0,3,,2,1,0.9369749612033814,7,True,0.0752434619578339,True,0.0,1.0,1.0,,2,,2,1.0,2,,
ENSMUSG00000006998-C,1.0,CTX,Benzophenone,1.0,CSF,,1,1.0,3,1.0,3,2,1.0,7,True,0.0,True,1.0,1.0,1.0,1.0,2,1.0,2,1.0,2,1.0,3.0
ENSMUSG00000007080-C,1.0,CTX,L-Glutamic acid,1.0,CSF,,0,,2,,2,0,1.0,4,True,0.0,True,,1.0,1.0,,1,,1,1.0,2,1.0,2.0
ENSMUSG00000009145-C,-1.0,CTX,"6-Methoxy-1-methyl-1,2,3,4-tetrahydroisoquinolin-7-ol ",-1.0,CSF,,0,,1,,2,0,1.0,3,True,0.0,True,,1.0,1.0,,1,,1,1.0,2,1.0,2.0
ENSMUSG00000009863-C,1.0,CTX,Azelaic acid,-1.0,CSF,,2,-1.0,3,0.5,3,2,-0.9047619047619048,8,True,0.0792999095569304,True,,-1.0,-1.0,,1,,1,-1.0,2,-1.0,2.0
ENSMUSG00000014158-C,1.0,CTX,m-Toluic acid,-1.0,CSF,,2,-1.0,3,-0.8660254037844387,3,2,-0.9132233209773138,8,True,0.0623128141923228,True,-1.0,-1.0,-1.0,-1.0,2,-1.0,2,-1.0,2,-1.0,3.0
ENSMUSG00000014763-C,-1.0,CTX,2-Pyrrolidone-5-carboxylic acid,-1.0,CSF,,2,1.0,3,0.8660254037844387,3,2,0.9461247469114746,8,True,0.0158773431418269,True,1.0,1.0,1.0,1.0,2,1.0,2,1.0,2,1.0,3.0
ENSMUSG00000014763-C,-1.0,CTX,8-Methylnonanoic acid,-1.0,CSF,,2,0.8660254037844387,3,0.5,3,2,0.8862434338158116,8,True,0.1282175241235415,True,1.0,1.0,1.0,1.0,2,1.0,2,1.0,2,1.0,3.0
ENSMUSG00000014763-C,-1.0,CTX,Hydracrylic acid,-1.0,CSF,,2,1.0,3,0.5,3,2,0.880952380952381,8,True,0.1418733630990404,True,1.0,1.0,1.0,1.0,2,1.0,2,1.0,2,1.0,3.0
ENSMUSG00000014763-C,-1.0,CTX,N-Acetylaminoethanol,-1.0,CSF,,2,1.0,3,0.8660254037844387,3,2,0.8982196964349441,8,True,0.0949723045352331,True,1.0,1.0,1.0,1.0,2,1.0,2,1.0,2,1.0,3.0
ENSMUSG00000014763-C,-1.0,CTX,Synephrine,-1.0,CSF,,2,0.5,3,0.8660254037844387,3,2,0.9700772721497396,8,True,0.0028117748128617,True,1.0,1.0,1.0,1.0,2,1.0,2,1.0,2,1.0,3.0
ENSMUSG00000014763-C,-1.0,CTX,Uracil,-1.0,CSF,,2,0.5,3,0.5,3,2,0.880952380952381,8,True,0.1418733630990404,True,1.0,1.0,1.0,1.0,2,1.0,2,1.0,2,1.0,3.0
ENSMUSG00000014776-C,1.0,CTX,Azelaic acid,-1.0,CSF,,2,-1.0,3,-0.5,3,2,-0.9285714285714288,8,True,0.0354861073872977,True,-1.0,-1.0,-1.0,-1.0,2,-1.0,2,-1.0,2,-1.0,3.0
ENSMUSG00000014776-C,1.0,CTX,Ethanolamine,-1.0,CSF,,2,-0.5,3,-0.8660254037844387,3,2,-0.8982196964349441,8,True,0.0949723045352331,True,-1.0,-1.0,-1.0,-1.0,2,-1.0,2,-1.0,2,-1.0,3.0
ENSMUSG00000015149-C,1.0,CTX,Aconitic acid,1.0,CSF,,2,1.0,3,1.0,3,2,0.9523809523809524,8,True,0.0110808820921217,True,1.0,1.0,1.0,1.0,2,1.0,2,1.0,2,1.0,3.0
ENSMUSG00000016510-C,1.0,CTX,Triethyl citrate,-1.0,CSF,,2,,1,-1.0,3,1,-0.9856107606091624,6,True,0.0131032756197463,True,-1.0,-1.0,-1.0,-1.0,2,-1.0,2,-1.0,2,-1.0,3.0
ENSMUSG00000016833-C,-1.0,CTX,"6-Methoxy-1-methyl-1,2,3,4-tetrahydroisoquinolin-7-ol ",-1.0,CSF,,0,,1,,2,0,1.0,3,True,0.0,True,,1.0,1.0,,1,,1,1.0,2,1.0,2.0
ENSMUSG00000018238-C,1.0,CTX,Ethanolamine,-1.0,CSF,,2,-0.5,3,,3,1,-0.8931885229584926,8,True,0.107346586187881,True,-1.0,-1.0,-1.0,-1.0,2,-1.0,2,-1.0,2,-1.0,3.0
ENSMUSG00000018697-C,-1.0,CTX,"6-Methoxy-1-methyl-1,2,3,4-tetrahydroisoquinolin-7-ol ",-1.0,CSF,,0,,1,,2,0,1.0,3,True,0.0,True,,1.0,1.0,,1,,1,1.0,2,1.0,2.0
ENSMUSG00000019039-C,1.0,CTX,N-Isobutyrylglycine,1.0,CSF,,2,0.5,3,1.0,3,2,0.880952380952381,8,True,0.1418733630990404,True,1.0,1.0,1.0,1.0,2,1.0,2,1.0,2,1.0,3.0
ENSMUSG00000019579-C,1.0,CTX,Aconitic acid,1.0,CSF,,2,1.0,3,1.0,3,2,0.880952380952381,8,True,0.1418733630990404,True,1.0,1.0,1.0,1.0,2,1.0,2,1.0,2,1.0,3.0
ENSMUSG00000019718-C,-1.0,CTX,alpha-Hydroxyisobutyric acid,-1.0,CSF,,0,1.0,3,,2,1,1.0,5,True,6.078616870869687e-23,True,1.0,1.0,1.0,1.0,2,1.0,2,1.0,2,1.0,3.0
ENSMUSG00000019775-C,-1.0,CTX,"6-Methoxy-1-methyl-1,2,3,4-tetrahydroisoquinolin-7-ol ",-1.0,CSF,,0,,1,,2,0,1.0,3,True,0.0,True,,1.0,1.0,,1,,1,1.0,2,1.0,2.0
ENSMUSG00000020114-C,-1.0,CTX,"6-Methoxy-1-methyl-1,2,3,4-tetrahydroisoquinolin-7-ol ",-1.0,CSF,,0,,1,,2,0,1.0,3,True,0.0,True,,1.0,1.0,,1,,1,1.0,2,1.0,2.0
ENSMUSG00000020220-C,-1.0,CTX,Norephedrine,-1.0,CSF,,2,,2,1.0,3,1,0.9285714285714288,7,True,0.0965338601097049,True,1.0,1.0,1.0,1.0,2,1.0,2,1.0,2,1.0,3.0
ENSMUSG00000020453-C,-1.0,CTX,Synephrine,-1.0,CSF,,2,1.0,3,0.8660254037844387,3,2,0.8982196964349441,8,True,0.0949723045352331,True,1.0,1.0,1.0,1.0,2,1.0,2,1.0,2,1.0,3.0
ENSMUSG00000020589-C,-1.0,CTX,"6-Methoxy-1-methyl-1,2,3,4-tetrahydroisoquinolin-7-ol ",-1.0,CSF,,0,,1,,2,0,1.0,3,True,0.0,True,,1.0,1.0,,1,,1,1.0,2,1.0,2.0
ENSMUSG00000020589-C,-1.0,CTX,Synephrine,-1.0,CSF,,2,1.0,3,0.8660254037844387,3,2,0.8982196964349441,8,True,0.0949723045352331,True,1.0,1.0,1.0,1.0,2,1.0,2,1.0,2,1.0,3.0
ENSMUSG00000020592-C,-1.0,CTX,"2-Methylcyclohexylamine, tert.-butyldimethylsilyl ether",-1.0,CSF,,0,,2,,2,0,1.0,4,True,0.0,True,,1.0,1.0,,1,,1,1.0,2,1.0,2.0
ENSMUSG00000020592-C,-1.0,CTX,2-Naphthol,-1.0,CSF,,2,1.0,3,1.0,3,2,0.9285714285714288,8,True,0.0354861073872977,True,1.0,1.0,1.0,1.0,2,1.0,2,1.0,2,1.0,3.0
ENSMUSG00000020592-C,-1.0,CTX,6-Methyluracil,-1.0,CSF,,2,1.0,3,1.0,3,2,0.880952380952381,8,True,0.1418733630990404,True,1.0,1.0,1.0,1.0,2,1.0,2,1.0,2,1.0,3.0
ENSMUSG00000020592-C,-1.0,CTX,"Hymexazole, tert-butyldimethylsilyl ether",-1.0,CSF,,2,1.0,3,1.0,3,2,0.880952380952381,8,True,0.1418733630990404,True,1.0,1.0,1.0,1.0,2,1.0,2,1.0,2,1.0,3.0
ENSMUSG00000020592-C,-1.0,CTX,Uracil,-1.0,CSF,,2,0.5,3,1.0,3,2,0.880952380952381,8,True,0.1418733630990404,True,1.0,1.0,1.0,1.0,2,1.0,2,1.0,2,1.0,3.0
ENSMUSG00000020648-C,-1.0,CTX,4-Methoxyphenol,-1.0,CSF,,2,,2,,1,0,1.0,5,True,6.078616870869687e-23,True,,1.0,1.0,,1,,1,1.0,2,1.0,2.0
ENSMUSG00000020648-C,-1.0,CTX,Adipoyl-L-carnitine,1.0,CSF,,1,,1,,2,0,-1.0,4,True,0.0,True,,-1.0,-1.0,,1,,1,-1.0,2,-1.0,2.0
ENSMUSG00000020687-C,-1.0,CTX,6-Methyluracil,-1.0,CSF,,2,1.0,3,0.5,3,2,0.9047619047619048,8,True,0.0792999095569304,True,1.0,1.0,1.0,1.0,2,1.0,2,1.0,2,1.0,3.0
ENSMUSG00000020713-C,-1.0,CTX,Methyl lactate,-1.0,CSF,,1,0.5,3,0.8660254037844387,3,2,0.9265616458263763,7,True,0.1031791740595947,True,1.0,1.0,1.0,1.0,2,1.0,2,1.0,2,1.0,3.0
ENSMUSG00000020770-C,-1.0,CTX,N-Acetylaminoethanol,-1.0,CSF,,2,1.0,3,-0.8660254037844387,3,2,0.9221722216732094,8,True,0.0454505036541215,True,,1.0,1.0,,1,,1,1.0,2,1.0,2.0
ENSMUSG00000020799-C,1.0,CTX,"2,4,6-Cycloheptatrien-1-one",-1.0,CSF,,2,,1,,2,0,-1.0,5,True,6.078616870869687e-23,True,,-1.0,-1.0,,1,,1,-1.0,2,-1.0,2.0
ENSMUSG00000020805-C,-1.0,CTX,Norephedrine,-1.0,CSF,,2,,2,1.0,3,1,0.9642857142857144,7,True,0.0190079298918555,True,1.0,1.0,1.0,1.0,2,1.0,2,1.0,2,1.0,3.0
ENSMUSG00000020814-C,1.0,CTX,"2-Methylcyclohexylamine, tert.-butyldimethylsilyl ether",-1.0,CSF,,0,,2,,2,0,-1.0,4,True,0.0,True,,-1.0,-1.0,,1,,1,-1.0,2,-1.0,2.0
ENSMUSG00000021007-C,-1.0,CTX,DL-Glyceraldehyde,-1.0,CSF,,2,0.5,3,0.8660254037844387,3,2,0.8982196964349441,8,True,0.0949723045352331,True,1.0,1.0,1.0,1.0,2,1.0,2,1.0,2,1.0,3.0
ENSMUSG00000021010-C,-1.0,CTX,"l-Norvaline, n-propargyloxycarbonyl-, isohexyl ester",-1.0,CSF,,1,,2,,2,0,1.0,5,True,6.078616870869687e-23,True,,1.0,1.0,,1,,1,1.0,2,1.0,2.0
ENSMUSG00000021013-C,-1.0,CTX,"1-Octanol, 2-butyl-",-1.0,CSF,,2,0.8660254037844387,3,0.5,3,2,0.8862434338158116,8,True,0.1282175241235415,True,1.0,1.0,1.0,1.0,2,1.0,2,1.0,2,1.0,3.0
ENSMUSG00000021013-C,-1.0,CTX,Acetic acid,-1.0,CSF,,2,0.8660254037844387,3,,3,1,0.9265616458263766,8,True,0.038463259441936,True,1.0,1.0,1.0,1.0,2,1.0,2,1.0,2,1.0,3.0
ENSMUSG00000021013-C,-1.0,CTX,alpha-Hydroxyisobutyric acid,-1.0,CSF,,0,1.0,3,,2,1,1.0,5,True,6.078616870869687e-23,True,1.0,1.0,1.0,1.0,2,1.0,2,1.0,2,1.0,3.0
ENSMUSG00000021013-C,-1.0,CTX,Azelaic acid,-1.0,CSF,,2,0.5,3,0.5,3,2,0.880952380952381,8,True,0.1418733630990404,True,1.0,1.0,1.0,1.0,2,1.0,2,1.0,2,1.0,3.0
ENSMUSG00000021013-C,-1.0,CTX,Salsoline,1.0,CSF,,2,,2,-0.5,3,1,-0.9285714285714288,7,True,0.0965338601097049,True,-1.0,-1.0,-1.0,-1.0,2,-1.0,2,-1.0,2,-1.0,3.0
ENSMUSG00000021013-C,-1.0,CTX,Urea,-1.0,CSF,,2,1.0,3,-0.5,3,2,0.9047619047619048,8,True,0.0792999095569304,True,,1.0,1.0,,1,,1,1.0,2,1.0,2.0
ENSMUSG00000021091-C,1.0,CTX,"6-Methoxy-1-methyl-1,2,3,4-tetrahydroisoquinolin-7-ol ",-1.0,CSF,,0,,1,,2,0,-1.0,3,True,0.0,True,,-1.0,-1.0,,1,,1,-1.0,2,-1.0,2.0
ENSMUSG00000021091-C,1.0,CTX,Trimethylolpropane,-1.0,CSF,,0,,2,,2,0,-1.0,4,True,0.0,True,,-1.0,-1.0,,1,,1,-1.0,2,-1.0,2.0
ENSMUSG00000021131-C,-1.0,CTX,Norephedrine,-1.0,CSF,,2,,2,1.0,3,1,0.9642857142857144,7,True,0.0190079298918555,True,1.0,1.0,1.0,1.0,2,1.0,2,1.0,2,1.0,3.0
ENSMUSG00000021273-C,1.0,CTX,"2,4,6-Cycloheptatrien-1-one",-1.0,CSF,,2,,1,,2,0,-1.0,5,True,6.078616870869687e-23,True,,-1.0,-1.0,,1,,1,-1.0,2,-1.0,2.0
ENSMUSG00000021294-C,-1.0,CTX,"2,3-Butanediol, O-(trimethylsilyl)-, monoacetate",-1.0,CSF,,2,1.0,3,0.8660254037844387,3,2,0.8982196964349441,8,True,0.0949723045352331,True,1.0,1.0,1.0,1.0,2,1.0,2,1.0,2,1.0,3.0
ENSMUSG00000021294-C,-1.0,CTX,N-Acetylaminoethanol,-1.0,CSF,,2,1.0,3,0.8660254037844387,3,2,0.9700772721497396,8,True,0.0028117748128617,True,1.0,1.0,1.0,1.0,2,1.0,2,1.0,2,1.0,3.0
ENSMUSG00000021294-C,-1.0,CTX,Picolinic acid,-1.0,CSF,,2,0.5,3,0.8660254037844387,3,2,0.8795819141991809,8,True,0.1464633435810332,True,1.0,1.0,1.0,1.0,2,1.0,2,1.0,2,1.0,3.0
ENSMUSG00000021495-C,-1.0,CTX,L-Glutamic acid,1.0,CSF,,0,,2,,2,0,-1.0,4,True,0.0,True,,-1.0,-1.0,,1,,1,-1.0,2,-1.0,2.0
ENSMUSG00000021495-C,-1.0,CTX,N-Acetylaminoethanol,-1.0,CSF,,2,0.5,3,0.8660254037844387,3,2,0.934148484292342,8,True,0.0283183650114095,True,1.0,1.0,1.0,1.0,2,1.0,2,1.0,2,1.0,3.0
ENSMUSG00000021495-C,-1.0,CTX,Picolinic acid,-1.0,CSF,,2,1.0,3,0.8660254037844387,3,2,0.9277781834703688,8,True,0.0366341784630948,True,1.0,1.0,1.0,1.0,2,1.0,2,1.0,2,1.0,3.0
ENSMUSG00000021661-C,1.0,CTX,alpha-Hydroxyisobutyric acid,-1.0,CSF,,0,-1.0,3,,2,1,-1.0,5,True,6.078616870869687e-23,True,-1.0,-1.0,-1.0,-1.0,2,-1.0,2,-1.0,2,-1.0,3.0
ENSMUSG00000021709-C,-1.0,CTX,"3,5-Dimethylphenol",1.0,CSF,,2,-1.0,3,-0.5,3,2,-0.880952380952381,8,True,0.1418733630990404,True,-1.0,-1.0,-1.0,-1.0,2,-1.0,2,-1.0,2,-1.0,3.0
ENSMUSG00000021943-C,-1.0,CTX,"6-Methoxy-1-methyl-1,2,3,4-tetrahydroisoquinolin-7-ol ",-1.0,CSF,,0,,1,,2,0,1.0,3,True,0.0,True,,1.0,1.0,,1,,1,1.0,2,1.0,2.0
ENSMUSG00000021986-C,1.0,CTX,"(2,5-Dimethoxyphenyl)acetone",-1.0,CSF,,2,-1.0,3,-1.0,3,2,-0.9047619047619048,8,True,0.0792999095569304,True,-1.0,-1.0,-1.0,-1.0,2,-1.0,2,-1.0,2,-1.0,3.0
ENSMUSG00000022211-C,-1.0,CTX,L-Glutamic acid,1.0,CSF,,0,,2,,2,0,-1.0,4,True,0.0,True,,-1.0,-1.0,,1,,1,-1.0,2,-1.0,2.0
ENSMUSG00000022211-C,-1.0,CTX,Picolinic acid,-1.0,CSF,,2,1.0,3,0.8660254037844387,3,2,0.8795819141991809,8,True,0.1464633435810332,True,1.0,1.0,1.0,1.0,2,1.0,2,1.0,2,1.0,3.0
ENSMUSG00000022223-C,1.0,CTX,Ethanolamine,-1.0,CSF,,2,-1.0,3,0.0,3,2,-0.934148484292342,8,True,0.0283183650114095,True,,-1.0,-1.0,,1,,1,-1.0,2,-1.0,2.0
ENSMUSG00000022523-C,-1.0,CTX,L-Glutamic acid,1.0,CSF,,0,,2,,2,0,-1.0,4,True,0.0,True,,-1.0,-1.0,,1,,1,-1.0,2,-1.0,2.0
ENSMUSG00000022523-C,-1.0,CTX,"N,N-Dimethyl-2-aminoethanol",-1.0,CSF,,2,0.5,3,,2,1,0.9285714285714288,7,True,0.0965338601097049,True,1.0,1.0,1.0,1.0,2,1.0,2,1.0,2,1.0,3.0
ENSMUSG00000022750-C,1.0,CTX,Glycine,-1.0,CSF,,2,-1.0,3,-1.0,3,2,-0.9047619047619048,8,True,0.0792999095569304,True,-1.0,-1.0,-1.0,-1.0,2,-1.0,2,-1.0,2,-1.0,3.0
ENSMUSG00000022833-C,-1.0,CTX,"2,5-Dimethoxybenzhydrazide",-1.0,CSF,,2,1.0,3,-0.5,3,2,0.9047619047619048,8,True,0.0792999095569304,True,,1.0,1.0,,1,,1,1.0,2,1.0,2.0
ENSMUSG00000022833-C,-1.0,CTX,Aceturic acid,-1.0,CSF,,2,1.0,3,,2,1,0.9285714285714288,7,True,0.0965338601097049,True,1.0,1.0,1.0,1.0,2,1.0,2,1.0,2,1.0,3.0
ENSMUSG00000022833-C,-1.0,CTX,"Benzoic acid, methyl ester",-1.0,CSF,,2,1.0,3,1.0,3,2,0.9047619047619048,8,True,0.0792999095569304,True,1.0,1.0,1.0,1.0,2,1.0,2,1.0,2,1.0,3.0
ENSMUSG00000022833-C,-1.0,CTX,"Erythrono-1,4-lactone",-1.0,CSF,,2,1.0,3,0.5,3,2,0.9047619047619048,8,True,0.0792999095569304,True,1.0,1.0,1.0,1.0,2,1.0,2,1.0,2,1.0,3.0
ENSMUSG00000022914-C,-1.0,CTX,Glycerol,-1.0,CSF,,2,0.5,3,0.5,3,2,0.880952380952381,8,True,0.1418733630990404,True,1.0,1.0,1.0,1.0,2,1.0,2,1.0,2,1.0,3.0
ENSMUSG00000022974-C,-1.0,CTX,"1-(1-Hydroxybutyl)-2,5-dimethoxybenzene ",-1.0,CSF,,2,1.0,3,1.0,3,2,0.9761904761904764,8,True,0.0014275193689881,True,1.0,1.0,1.0,1.0,2,1.0,2,1.0,2,1.0,3.0
ENSMUSG00000022974-C,-1.0,CTX,"3-(4,7-Dimethoxy-2H-1,3-benzodioxol-5-yl)-2-methylprop-2-enal",-1.0,CSF,,2,1.0,3,-0.5,3,2,0.9285714285714288,8,True,0.0354861073872977,True,,1.0,1.0,,1,,1,1.0,2,1.0,2.0
ENSMUSG00000022974-C,-1.0,CTX,"Erythrono-1,4-lactone",-1.0,CSF,,2,1.0,3,1.0,3,2,0.880952380952381,8,True,0.1418733630990404,True,1.0,1.0,1.0,1.0,2,1.0,2,1.0,2,1.0,3.0
ENSMUSG00000022974-C,-1.0,CTX,Mevalonolactone,-1.0,CSF,,2,0.5,3,0.8660254037844387,3,2,0.9461247469114746,8,True,0.0158773431418269,True,1.0,1.0,1.0,1.0,2,1.0,2,1.0,2,1.0,3.0
ENSMUSG00000022983-C,-1.0,CTX,Adipoyl-L-carnitine,1.0,CSF,,1,,1,,2,0,-1.0,4,True,0.0,True,,-1.0,-1.0,,1,,1,-1.0,2,-1.0,2.0
ENSMUSG00000023025-C,-1.0,CTX,"6-Methoxy-1-methyl-1,2,3,4-tetrahydroisoquinolin-7-ol ",-1.0,CSF,,0,,1,,2,0,1.0,3,True,0.0,True,,1.0,1.0,,1,,1,1.0,2,1.0,2.0
ENSMUSG00000023025-C,-1.0,CTX,Trimethylolpropane,-1.0,CSF,,0,,2,,2,0,1.0,4,True,0.0,True,,1.0,1.0,,1,,1,1.0,2,1.0,2.0
ENSMUSG00000023064-C,1.0,CTX,Trimethylolpropane,-1.0,CSF,,0,,2,,2,0,-1.0,4,True,0.0,True,,-1.0,-1.0,,1,,1,-1.0,2,-1.0,2.0
ENSMUSG00000023094-C,1.0,CTX,Aconitic acid,1.0,CSF,,2,0.5,3,1.0,3,2,0.9047619047619048,8,True,0.0792999095569304,True,1.0,1.0,1.0,1.0,2,1.0,2,1.0,2,1.0,3.0
ENSMUSG00000023755-C,-1.0,CTX,L-Glutamic acid,1.0,CSF,,0,,2,,2,0,-1.0,4,True,0.0,True,,-1.0,-1.0,,1,,1,-1.0,2,-1.0,2.0
ENSMUSG00000024220-C,1.0,CTX,alpha-Hydroxyisobutyric acid,-1.0,CSF,,0,-1.0,3,,2,1,-1.0,5,True,6.078616870869687e-23,True,-1.0,-1.0,-1.0,-1.0,2,-1.0,2,-1.0,2,-1.0,3.0
ENSMUSG00000024294-C,-1.0,CTX,"1-(1-Hydroxybutyl)-2,5-dimethoxybenzene ",-1.0,CSF,,2,0.5,3,1.0,3,2,0.880952380952381,8,True,0.1418733630990404,True,1.0,1.0,1.0,1.0,2,1.0,2,1.0,2,1.0,3.0
ENSMUSG00000024294-C,-1.0,CTX,3-Amino-5-methylisoxazole,-1.0,CSF,,2,0.5,3,0.5,3,2,0.880952380952381,8,True,0.1418733630990404,True,1.0,1.0,1.0,1.0,2,1.0,2,1.0,2,1.0,3.0
ENSMUSG00000024294-C,-1.0,CTX,Mevalonolactone,-1.0,CSF,,2,1.0,3,0.8660254037844387,3,2,0.8982196964349441,8,True,0.0949723045352331,True,1.0,1.0,1.0,1.0,2,1.0,2,1.0,2,1.0,3.0
ENSMUSG00000024294-C,-1.0,CTX,Urea,-1.0,CSF,,2,-0.5,3,1.0,3,2,0.880952380952381,8,True,0.1418733630990404,True,,1.0,1.0,,1,,1,1.0,2,1.0,2.0
ENSMUSG00000024384-C,-1.0,CTX,"2-Methylcyclohexylamine, tert.-butyldimethylsilyl ether",-1.0,CSF,,0,,2,,2,0,1.0,4,True,0.0,True,,1.0,1.0,,1,,1,1.0,2,1.0,2.0
ENSMUSG00000024387-C,1.0,CTX,Ethanolamine,-1.0,CSF,,2,-0.5,3,0.0,3,2,-0.934148484292342,8,True,0.0283183650114095,True,,-1.0,-1.0,,1,,1,-1.0,2,-1.0,2.0
ENSMUSG00000024387-C,1.0,CTX,Salsoline,1.0,CSF,,2,,2,0.5,3,1,0.9285714285714288,7,True,0.0965338601097049,True,1.0,1.0,1.0,1.0,2,1.0,2,1.0,2,1.0,3.0
ENSMUSG00000024472-C,-1.0,CTX,"1,2-Cyclohexanediol, (Z)",1.0,CSF,,1,-0.5,3,-1.0,3,2,-0.9642857142857144,7,True,0.0190079298918555,True,-1.0,-1.0,-1.0,-1.0,2,-1.0,2,-1.0,2,-1.0,3.0
ENSMUSG00000024472-C,-1.0,CTX,"6-Methoxy-1-methyl-1,2,3,4-tetrahydroisoquinolin-7-ol ",-1.0,CSF,,0,,1,,2,0,1.0,3,True,0.0,True,,1.0,1.0,,1,,1,1.0,2,1.0,2.0
ENSMUSG00000024472-C,-1.0,CTX,Adipoyl-L-carnitine,1.0,CSF,,1,,1,,2,0,-1.0,4,True,0.0,True,,-1.0,-1.0,,1,,1,-1.0,2,-1.0,2.0
ENSMUSG00000024472-C,-1.0,CTX,Isopropylamine,-1.0,CSF,,2,1.0,3,0.5,3,2,0.9047619047619048,8,True,0.0792999095569304,True,1.0,1.0,1.0,1.0,2,1.0,2,1.0,2,1.0,3.0
ENSMUSG00000024666-C,-1.0,CTX,"2-Methylcyclohexylamine, tert.-butyldimethylsilyl ether",-1.0,CSF,,0,,2,,2,0,1.0,4,True,0.0,True,,1.0,1.0,,1,,1,1.0,2,1.0,2.0
ENSMUSG00000024764-C,-1.0,CTX,"2-Butenoic acid, 3-[(tert-butyldimethylsilyl)oxy]",-1.0,CSF,,2,1.0,3,0.5,3,2,0.880952380952381,8,True,0.1418733630990404,True,1.0,1.0,1.0,1.0,2,1.0,2,1.0,2,1.0,3.0
ENSMUSG00000024764-C,-1.0,CTX,L-Glutamic acid,1.0,CSF,,0,,2,,2,0,-1.0,4,True,0.0,True,,-1.0,-1.0,,1,,1,-1.0,2,-1.0,2.0
ENSMUSG00000024909-C,-1.0,CTX,L-Glutamic acid,1.0,CSF,,0,,2,,2,0,-1.0,4,True,0.0,True,,-1.0,-1.0,,1,,1,-1.0,2,-1.0,2.0
ENSMUSG00000024914-C,1.0,CTX,"2,5-Dimethoxybenzhydrazide",-1.0,CSF,,2,-1.0,3,0.5,3,2,-0.880952380952381,8,True,0.1418733630990404,True,,-1.0,-1.0,,1,,1,-1.0,2,-1.0,2.0
ENSMUSG00000024914-C,1.0,CTX,Aceturic acid,-1.0,CSF,,2,-1.0,3,,2,1,-1.0,7,True,0.0,True,-1.0,-1.0,-1.0,-1.0,2,-1.0,2,-1.0,2,-1.0,3.0
ENSMUSG00000024914-C,1.0,CTX,"Benzoic acid, methyl ester",-1.0,CSF,,2,-1.0,3,-1.0,3,2,-0.9047619047619048,8,True,0.0792999095569304,True,-1.0,-1.0,-1.0,-1.0,2,-1.0,2,-1.0,2,-1.0,3.0
ENSMUSG00000024914-C,1.0,CTX,Butanedioic acid,-1.0,CSF,,2,-1.0,3,-1.0,3,2,-0.9285714285714288,8,True,0.0354861073872977,True,-1.0,-1.0,-1.0,-1.0,2,-1.0,2,-1.0,2,-1.0,3.0
ENSMUSG00000024914-C,1.0,CTX,Diethylamine,-1.0,CSF,,2,-1.0,3,-1.0,3,2,-0.9523809523809524,8,True,0.0110808820921217,True,-1.0,-1.0,-1.0,-1.0,2,-1.0,2,-1.0,2,-1.0,3.0
ENSMUSG00000024914-C,1.0,CTX,"Erythrono-1,4-lactone",-1.0,CSF,,2,-1.0,3,-0.5,3,2,-0.9047619047619048,8,True,0.0792999095569304,True,-1.0,-1.0,-1.0,-1.0,2,-1.0,2,-1.0,2,-1.0,3.0
ENSMUSG00000025027-C,1.0,CTX,"2,4,6-Cycloheptatrien-1-one",-1.0,CSF,,2,,1,,2,0,-1.0,5,True,6.078616870869687e-23,True,,-1.0,-1.0,,1,,1,-1.0,2,-1.0,2.0
ENSMUSG00000025103-C,-1.0,CTX,2-Pyrrolidone-5-carboxylic acid,-1.0,CSF,,2,1.0,3,0.8660254037844387,3,2,0.8982196964349441,8,True,0.0949723045352331,True,1.0,1.0,1.0,1.0,2,1.0,2,1.0,2,1.0,3.0
ENSMUSG00000025278-C,-1.0,CTX,DL-Glyceraldehyde,-1.0,CSF,,2,1.0,3,0.8660254037844387,3,2,0.8982196964349441,8,True,0.0949723045352331,True,1.0,1.0,1.0,1.0,2,1.0,2,1.0,2,1.0,3.0
ENSMUSG00000025278-C,-1.0,CTX,Hydracrylic acid,-1.0,CSF,,2,0.5,3,0.5,3,2,0.9285714285714288,8,True,0.0354861073872977,True,1.0,1.0,1.0,1.0,2,1.0,2,1.0,2,1.0,3.0
ENSMUSG00000025278-C,-1.0,CTX,Methyl lactate,-1.0,CSF,,1,1.0,3,1.0,3,2,0.9642857142857144,7,True,0.0190079298918555,True,1.0,1.0,1.0,1.0,2,1.0,2,1.0,2,1.0,3.0
ENSMUSG00000025278-C,-1.0,CTX,N-Acetylaminoethanol,-1.0,CSF,,2,0.5,3,0.0,3,2,0.8982196964349441,8,True,0.0949723045352331,True,,1.0,1.0,,1,,1,1.0,2,1.0,2.0
ENSMUSG00000025323-C,-1.0,CTX,"2',5'-Dimethoxypropiophenone",-1.0,CSF,,2,1.0,3,0.5,3,2,0.880952380952381,8,True,0.1418733630990404,True,1.0,1.0,1.0,1.0,2,1.0,2,1.0,2,1.0,3.0
ENSMUSG00000025323-C,-1.0,CTX,"6-Methoxy-1-methyl-1,2,3,4-tetrahydroisoquinolin-7-ol ",-1.0,CSF,,0,,1,,2,0,1.0,3,True,0.0,True,,1.0,1.0,,1,,1,1.0,2,1.0,2.0
ENSMUSG00000025323-C,-1.0,CTX,Aceturic acid,-1.0,CSF,,2,1.0,3,,2,1,0.9642857142857144,7,True,0.0190079298918555,True,1.0,1.0,1.0,1.0,2,1.0,2,1.0,2,1.0,3.0
ENSMUSG00000025323-C,-1.0,CTX,"Cyclohexanone, 3,3,5-trimethyl",-1.0,CSF,,2,,2,1.0,3,1,0.9642857142857144,7,True,0.0190079298918555,True,1.0,1.0,1.0,1.0,2,1.0,2,1.0,2,1.0,3.0
ENSMUSG00000025323-C,-1.0,CTX,Trimethylolpropane,-1.0,CSF,,0,,2,,2,0,1.0,4,True,0.0,True,,1.0,1.0,,1,,1,1.0,2,1.0,2.0
ENSMUSG00000025362-C,1.0,CTX,"5-Ethyl-1,3-dioxane-5-methanol, tert-butyldimethylsilyl ether",1.0,CSF,,2,0.5,3,,2,1,0.9285714285714288,7,True,0.0965338601097049,True,1.0,1.0,1.0,1.0,2,1.0,2,1.0,2,1.0,3.0
ENSMUSG00000025362-C,1.0,CTX,"Benzoic acid, methyl ester",-1.0,CSF,,2,-1.0,3,-0.5,3,2,-0.9047619047619048,8,True,0.0792999095569304,True,-1.0,-1.0,-1.0,-1.0,2,-1.0,2,-1.0,2,-1.0,3.0
ENSMUSG00000025362-C,1.0,CTX,"Erythrono-1,4-lactone",-1.0,CSF,,2,-1.0,3,-1.0,3,2,-0.9047619047619048,8,True,0.0792999095569304,True,-1.0,-1.0,-1.0,-1.0,2,-1.0,2,-1.0,2,-1.0,3.0
ENSMUSG00000025494-C,-1.0,CTX,2-Amino-4-methylbenzophenone,-1.0,CSF,,2,1.0,3,0.8660254037844387,3,2,0.9132233209773138,8,True,0.0623128141923228,True,1.0,1.0,1.0,1.0,2,1.0,2,1.0,2,1.0,3.0
ENSMUSG00000025494-C,-1.0,CTX,L-Glutamic acid,1.0,CSF,,0,,2,,2,0,-1.0,4,True,0.0,True,,-1.0,-1.0,,1,,1,-1.0,2,-1.0,2.0
ENSMUSG00000025504-C,-1.0,CTX,L-Glutamic acid,1.0,CSF,,0,,2,,2,0,-1.0,4,True,0.0,True,,-1.0,-1.0,,1,,1,-1.0,2,-1.0,2.0
ENSMUSG00000025730-C,1.0,CTX,Ethanolamine,-1.0,CSF,,2,-1.0,3,0.8660254037844387,3,2,-0.8982196964349441,8,True,0.0949723045352331,True,,-1.0,-1.0,,1,,1,-1.0,2,-1.0,2.0
ENSMUSG00000025777-C,-1.0,CTX,"2-Butenoic acid, 3-[(tert-butyldimethylsilyl)oxy]",-1.0,CSF,,2,1.0,3,1.0,3,2,0.9047619047619048,8,True,0.0792999095569304,True,1.0,1.0,1.0,1.0,2,1.0,2,1.0,2,1.0,3.0
ENSMUSG00000025777-C,-1.0,CTX,"6-Methoxy-1-methyl-1,2,3,4-tetrahydroisoquinolin-7-ol ",-1.0,CSF,,0,,1,,2,0,1.0,3,True,0.0,True,,1.0,1.0,,1,,1,1.0,2,1.0,2.0
ENSMUSG00000025777-C,-1.0,CTX,Adipoyl-L-carnitine,1.0,CSF,,1,,1,,2,0,-1.0,4,True,0.0,True,,-1.0,-1.0,,1,,1,-1.0,2,-1.0,2.0
ENSMUSG00000025777-C,-1.0,CTX,Cyclobutylamine,-1.0,CSF,,2,1.0,3,0.5,3,2,0.880952380952381,8,True,0.1418733630990404,True,1.0,1.0,1.0,1.0,2,1.0,2,1.0,2,1.0,3.0
ENSMUSG00000025777-C,-1.0,CTX,Trimethylolpropane,-1.0,CSF,,0,,2,,2,0,1.0,4,True,0.0,True,,1.0,1.0,,1,,1,1.0,2,1.0,2.0
ENSMUSG00000025815-C,-1.0,CTX,"3-(4,7-Dimethoxy-2H-1,3-benzodioxol-5-yl)-2-methylprop-2-enal",-1.0,CSF,,2,0.5,3,0.5,3,2,0.9523809523809524,8,True,0.0110808820921217,True,1.0,1.0,1.0,1.0,2,1.0,2,1.0,2,1.0,3.0
ENSMUSG00000025815-C,-1.0,CTX,Adipoyl-L-carnitine,1.0,CSF,,1,,1,,2,0,-1.0,4,True,0.0,True,,-1.0,-1.0,,1,,1,-1.0,2,-1.0,2.0
ENSMUSG00000025815-C,-1.0,CTX,"l-Norvaline, n-propargyloxycarbonyl-, isohexyl ester",-1.0,CSF,,1,,2,,2,0,1.0,5,True,6.078616870869687e-23,True,,1.0,1.0,,1,,1,1.0,2,1.0,2.0
ENSMUSG00000025815-C,-1.0,CTX,Mevalonolactone,-1.0,CSF,,2,1.0,3,-0.8660254037844387,3,2,0.8982196964349441,8,True,0.0949723045352331,True,,1.0,1.0,,1,,1,1.0,2,1.0,2.0
ENSMUSG00000025892-C,-1.0,CTX,"2-Methylcyclohexylamine, tert.-butyldimethylsilyl ether",-1.0,CSF,,0,,2,,2,0,1.0,4,True,0.0,True,,1.0,1.0,,1,,1,1.0,2,1.0,2.0
ENSMUSG00000026017-C,-1.0,CTX,"6-Methoxy-1-methyl-1,2,3,4-tetrahydroisoquinolin-7-ol ",-1.0,CSF,,0,,1,,2,0,1.0,3,True,0.0,True,,1.0,1.0,,1,,1,1.0,2,1.0,2.0
ENSMUSG00000026103-C,-1.0,CTX,"l-Norvaline, n-propargyloxycarbonyl-, isohexyl ester",-1.0,CSF,,1,,2,,2,0,1.0,5,True,6.078616870869687e-23,True,,1.0,1.0,,1,,1,1.0,2,1.0,2.0
ENSMUSG00000026197-C,1.0,CTX,Glycine,-1.0,CSF,,2,-1.0,3,-1.0,3,2,-0.9285714285714288,8,True,0.0354861073872977,True,-1.0,-1.0,-1.0,-1.0,2,-1.0,2,-1.0,2,-1.0,3.0
ENSMUSG00000026365-C,-1.0,CTX,Adipoyl-L-carnitine,1.0,CSF,,1,,1,,2,0,-1.0,4,True,0.0,True,,-1.0,-1.0,,1,,1,-1.0,2,-1.0,2.0
ENSMUSG00000026421-C,1.0,CTX,"2,4-Di-tert-butylphenol",-1.0,CSF,,2,,0,-1.0,3,1,-1.0,5,True,6.078616870869687e-23,True,-1.0,-1.0,-1.0,-1.0,2,-1.0,2,-1.0,2,-1.0,3.0
ENSMUSG00000026421-C,1.0,CTX,alpha-Hydroxyisobutyric acid,-1.0,CSF,,0,-1.0,3,,2,1,-1.0,5,True,6.078616870869687e-23,True,-1.0,-1.0,-1.0,-1.0,2,-1.0,2,-1.0,2,-1.0,3.0
ENSMUSG00000026421-C,1.0,CTX,Ethanolamine,-1.0,CSF,,2,-1.0,3,0.0,3,2,-0.934148484292342,8,True,0.0283183650114095,True,,-1.0,-1.0,,1,,1,-1.0,2,-1.0,2.0
ENSMUSG00000026466-C,-1.0,CTX,"6-Methoxy-1-methyl-1,2,3,4-tetrahydroisoquinolin-7-ol ",-1.0,CSF,,0,,1,,2,0,1.0,3,True,0.0,True,,1.0,1.0,,1,,1,1.0,2,1.0,2.0
ENSMUSG00000026490-C,-1.0,CTX,Adipoyl-L-carnitine,1.0,CSF,,1,,1,,2,0,-1.0,4,True,0.0,True,,-1.0,-1.0,,1,,1,-1.0,2,-1.0,2.0
ENSMUSG00000026576-C,1.0,CTX,alpha-Hydroxyisobutyric acid,-1.0,CSF,,0,-1.0,3,,2,1,-1.0,5,True,6.078616870869687e-23,True,-1.0,-1.0,-1.0,-1.0,2,-1.0,2,-1.0,2,-1.0,3.0
ENSMUSG00000026589-C,1.0,CTX,Cholesterol,1.0,CSF,,2,1.0,3,0.8660254037844387,3,2,0.9759000729485332,8,True,0.00147901108127,True,1.0,1.0,1.0,1.0,2,1.0,2,1.0,2,1.0,3.0
ENSMUSG00000026600-C,-1.0,CTX,"2-Methylcyclohexylamine, tert.-butyldimethylsilyl ether",-1.0,CSF,,0,,2,,2,0,1.0,4,True,0.0,True,,1.0,1.0,,1,,1,1.0,2,1.0,2.0
ENSMUSG00000026723-C,-1.0,CTX,"2,4,6-Cycloheptatrien-1-one",-1.0,CSF,,2,,1,,2,0,1.0,5,True,6.078616870869687e-23,True,,1.0,1.0,,1,,1,1.0,2,1.0,2.0
ENSMUSG00000026723-C,-1.0,CTX,Lignoceric acid,-1.0,CSF,,2,1.0,3,1.0,3,2,0.9285714285714288,8,True,0.0354861073872977,True,1.0,1.0,1.0,1.0,2,1.0,2,1.0,2,1.0,3.0
ENSMUSG00000026771-C,-1.0,CTX,Curcumin,-1.0,CSF,,2,1.0,3,1.0,3,2,0.9047619047619048,8,True,0.0792999095569304,True,1.0,1.0,1.0,1.0,2,1.0,2,1.0,2,1.0,3.0
ENSMUSG00000027253-C,-1.0,CTX,"6-Methoxy-1-methyl-1,2,3,4-tetrahydroisoquinolin-7-ol ",-1.0,CSF,,0,,1,,2,0,1.0,3,True,0.0,True,,1.0,1.0,,1,,1,1.0,2,1.0,2.0
ENSMUSG00000027291-C,1.0,CTX,"Benzoic acid, methyl ester",-1.0,CSF,,2,-0.5,3,-0.5,3,2,-0.9285714285714288,8,True,0.0354861073872977,True,-1.0,-1.0,-1.0,-1.0,2,-1.0,2,-1.0,2,-1.0,3.0
ENSMUSG00000027408-C,-1.0,CTX,"2,2'-Bipyridine",1.0,CSF,,2,-0.5,3,-1.0,3,2,-0.880952380952381,8,True,0.1418733630990404,True,-1.0,-1.0,-1.0,-1.0,2,-1.0,2,-1.0,2,-1.0,3.0
ENSMUSG00000027569-C,-1.0,CTX,"1-(1-Hydroxybutyl)-2,5-dimethoxybenzene ",-1.0,CSF,,2,1.0,3,0.5,3,2,0.9047619047619048,8,True,0.0792999095569304,True,1.0,1.0,1.0,1.0,2,1.0,2,1.0,2,1.0,3.0
ENSMUSG00000027612-C,1.0,CTX,Benzophenone,1.0,CSF,,1,0.5,3,1.0,3,2,0.9642857142857144,7,True,0.0190079298918555,True,1.0,1.0,1.0,1.0,2,1.0,2,1.0,2,1.0,3.0
ENSMUSG00000027642-C,1.0,CTX,Aconitic acid,1.0,CSF,,2,0.5,3,1.0,3,2,0.9285714285714288,8,True,0.0354861073872977,True,1.0,1.0,1.0,1.0,2,1.0,2,1.0,2,1.0,3.0
ENSMUSG00000027737-C,-1.0,CTX,"2,4-Di-tert-butylphenol",-1.0,CSF,,2,,0,1.0,3,1,1.0,5,True,6.078616870869687e-23,True,1.0,1.0,1.0,1.0,2,1.0,2,1.0,2,1.0,3.0
ENSMUSG00000027737-C,-1.0,CTX,Lignoceric acid,-1.0,CSF,,2,1.0,3,1.0,3,2,0.9523809523809524,8,True,0.0110808820921217,True,1.0,1.0,1.0,1.0,2,1.0,2,1.0,2,1.0,3.0
ENSMUSG00000027861-C,1.0,CTX,"6-Methoxy-1-methyl-1,2,3,4-tetrahydroisoquinolin-7-ol ",-1.0,CSF,,0,,1,,2,0,-1.0,3,True,0.0,True,,-1.0,-1.0,,1,,1,-1.0,2,-1.0,2.0
ENSMUSG00000028015-C,-1.0,CTX,Phytanic acid,-1.0,CSF,,2,1.0,3,1.0,3,2,0.9047619047619048,8,True,0.0792999095569304,True,1.0,1.0,1.0,1.0,2,1.0,2,1.0,2,1.0,3.0
ENSMUSG00000028068-C,-1.0,CTX,"2,4-Di-tert-butylphenol",-1.0,CSF,,2,,0,1.0,3,1,1.0,5,True,6.078616870869687e-23,True,1.0,1.0,1.0,1.0,2,1.0,2,1.0,2,1.0,3.0
ENSMUSG00000028068-C,-1.0,CTX,"2-Cyclohexen-1-one, 3-methyl-",-1.0,CSF,,2,0.5,3,1.0,3,2,0.880952380952381,8,True,0.1418733630990404,True,1.0,1.0,1.0,1.0,2,1.0,2,1.0,2,1.0,3.0
ENSMUSG00000028068-C,-1.0,CTX,2-Pyrrolidone-5-carboxylic acid,-1.0,CSF,,2,0.5,3,0.8660254037844387,3,2,0.9101959590540768,8,True,0.0688254988698511,True,1.0,1.0,1.0,1.0,2,1.0,2,1.0,2,1.0,3.0
ENSMUSG00000028068-C,-1.0,CTX,8-Methylnonanoic acid,-1.0,CSF,,2,0.8660254037844387,3,1.0,3,2,0.9940297973880048,8,True,2.290890480885837e-05,True,1.0,1.0,1.0,1.0,2,1.0,2,1.0,2,1.0,3.0
ENSMUSG00000028068-C,-1.0,CTX,Butyric Acid,-1.0,CSF,,2,0.5,3,1.0,3,2,0.9047619047619048,8,True,0.0792999095569304,True,1.0,1.0,1.0,1.0,2,1.0,2,1.0,2,1.0,3.0
ENSMUSG00000028068-C,-1.0,CTX,Hydracrylic acid,-1.0,CSF,,2,0.5,3,1.0,3,2,0.880952380952381,8,True,0.1418733630990404,True,1.0,1.0,1.0,1.0,2,1.0,2,1.0,2,1.0,3.0
ENSMUSG00000028068-C,-1.0,CTX,"L-Histidine, N,1-bis(tert-butyldimethylsilyl)-",-1.0,CSF,,2,1.0,3,1.0,3,2,1.0,8,True,0.0,True,1.0,1.0,1.0,1.0,2,1.0,2,1.0,2,1.0,3.0
ENSMUSG00000028068-C,-1.0,CTX,"Oxymorphone, bis(trimethylsilyl) ether",-1.0,CSF,,2,0.8660254037844387,3,,2,1,0.9549937104572924,7,True,0.0334900065811391,True,1.0,1.0,1.0,1.0,2,1.0,2,1.0,2,1.0,3.0
ENSMUSG00000028068-C,-1.0,CTX,Pentanoic acid,-1.0,CSF,,2,0.5,3,1.0,3,2,0.9285714285714288,8,True,0.0354861073872977,True,1.0,1.0,1.0,1.0,2,1.0,2,1.0,2,1.0,3.0
ENSMUSG00000028068-C,-1.0,CTX,Picolinic acid,-1.0,CSF,,2,1.0,3,0.8660254037844387,3,2,0.9277781834703688,8,True,0.0366341784630948,True,1.0,1.0,1.0,1.0,2,1.0,2,1.0,2,1.0,3.0
ENSMUSG00000028068-C,-1.0,CTX,Propylene glycol,-1.0,CSF,,2,0.5,3,1.0,3,2,0.9047619047619048,8,True,0.0792999095569304,True,1.0,1.0,1.0,1.0,2,1.0,2,1.0,2,1.0,3.0
ENSMUSG00000028068-C,-1.0,CTX,Trimethylolpropane,-1.0,CSF,,0,,2,,2,0,1.0,4,True,0.0,True,,1.0,1.0,,1,,1,1.0,2,1.0,2.0
ENSMUSG00000028261-C,-1.0,CTX,L-Glutamic acid,1.0,CSF,,0,,2,,2,0,-1.0,4,True,0.0,True,,-1.0,-1.0,,1,,1,-1.0,2,-1.0,2.0
ENSMUSG00000028334-C,1.0,CTX,Azelaic acid,-1.0,CSF,,2,-1.0,3,-1.0,3,2,-0.9047619047619048,8,True,0.0792999095569304,True,-1.0,-1.0,-1.0,-1.0,2,-1.0,2,-1.0,2,-1.0,3.0
ENSMUSG00000028334-C,1.0,CTX,Monocaproin,-1.0,CSF,,2,,1,,2,0,-1.0,5,True,6.078616870869687e-23,True,,-1.0,-1.0,,1,,1,-1.0,2,-1.0,2.0
ENSMUSG00000028443-C,-1.0,CTX,2-Pyrrolidone-5-carboxylic acid,-1.0,CSF,,2,0.5,3,0.8660254037844387,3,2,0.9700772721497396,8,True,0.0028117748128617,True,1.0,1.0,1.0,1.0,2,1.0,2,1.0,2,1.0,3.0
ENSMUSG00000028443-C,-1.0,CTX,8-Methylnonanoic acid,-1.0,CSF,,2,0.8660254037844387,3,0.5,3,2,0.8982196964349441,8,True,0.0949723045352331,True,1.0,1.0,1.0,1.0,2,1.0,2,1.0,2,1.0,3.0
ENSMUSG00000028443-C,-1.0,CTX,Cyclobutylamine,-1.0,CSF,,2,1.0,3,1.0,3,2,0.880952380952381,8,True,0.1418733630990404,True,1.0,1.0,1.0,1.0,2,1.0,2,1.0,2,1.0,3.0
ENSMUSG00000028443-C,-1.0,CTX,L-Glutamic acid,1.0,CSF,,0,,2,,2,0,-1.0,4,True,0.0,True,,-1.0,-1.0,,1,,1,-1.0,2,-1.0,2.0
ENSMUSG00000028443-C,-1.0,CTX,"L-Histidine, N,1-bis(tert-butyldimethylsilyl)-",-1.0,CSF,,2,1.0,3,0.5,3,2,0.9047619047619048,8,True,0.0792999095569304,True,1.0,1.0,1.0,1.0,2,1.0,2,1.0,2,1.0,3.0
ENSMUSG00000028443-C,-1.0,CTX,"Oxymorphone, bis(trimethylsilyl) ether",-1.0,CSF,,2,0.8660254037844387,3,,2,1,0.9910312089651148,7,True,0.0006295565706629,True,1.0,1.0,1.0,1.0,2,1.0,2,1.0,2,1.0,3.0
ENSMUSG00000028443-C,-1.0,CTX,Picolinic acid,-1.0,CSF,,2,1.0,3,0.8660254037844387,3,2,0.8916309815169778,8,True,0.1118808083577703,True,1.0,1.0,1.0,1.0,2,1.0,2,1.0,2,1.0,3.0
ENSMUSG00000028443-C,-1.0,CTX,Trimethylolpropane,-1.0,CSF,,0,,2,,2,0,1.0,4,True,0.0,True,,1.0,1.0,,1,,1,1.0,2,1.0,2.0
ENSMUSG00000028494-C,1.0,CTX,"3,5-Dimethylphenol",1.0,CSF,,2,0.5,3,1.0,3,2,0.9285714285714288,8,True,0.0354861073872977,True,1.0,1.0,1.0,1.0,2,1.0,2,1.0,2,1.0,3.0
ENSMUSG00000028494-C,1.0,CTX,N-Methyl-1-[(trimethylsilyl)oxy]-1-{4-[(trimethylsilyl)oxy]phenyl}propan-2-amine,1.0,CSF,,2,,2,1.0,3,1,0.9285714285714288,7,True,0.0965338601097049,True,1.0,1.0,1.0,1.0,2,1.0,2,1.0,2,1.0,3.0
ENSMUSG00000028649-C,-1.0,CTX,Norephedrine,-1.0,CSF,,2,,2,1.0,3,1,0.9285714285714288,7,True,0.0965338601097049,True,1.0,1.0,1.0,1.0,2,1.0,2,1.0,2,1.0,3.0
ENSMUSG00000028795-C,1.0,CTX,alpha-Hydroxyisobutyric acid,-1.0,CSF,,0,-1.0,3,,2,1,-1.0,5,True,6.078616870869687e-23,True,-1.0,-1.0,-1.0,-1.0,2,-1.0,2,-1.0,2,-1.0,3.0
ENSMUSG00000028811-C,1.0,CTX,Azelaic acid,-1.0,CSF,,2,-1.0,3,0.5,3,2,-0.880952380952381,8,True,0.1418733630990404,True,,-1.0,-1.0,,1,,1,-1.0,2,-1.0,2.0
ENSMUSG00000028967-C,1.0,CTX,"2-Methylcyclohexylamine, tert.-butyldimethylsilyl ether",-1.0,CSF,,0,,2,,2,0,-1.0,4,True,0.0,True,,-1.0,-1.0,,1,,1,-1.0,2,-1.0,2.0
ENSMUSG00000028995-C,-1.0,CTX,N-Acetylaminoethanol,-1.0,CSF,,2,1.0,3,-0.8660254037844387,3,2,0.9221722216732094,8,True,0.0454505036541215,True,,1.0,1.0,,1,,1,1.0,2,1.0,2.0
ENSMUSG00000029131-C,1.0,CTX,"6-Methoxy-1-methyl-1,2,3,4-tetrahydroisoquinolin-7-ol ",-1.0,CSF,,0,,1,,2,0,-1.0,3,True,0.0,True,,-1.0,-1.0,,1,,1,-1.0,2,-1.0,2.0
ENSMUSG00000029916-C,-1.0,CTX,"2,6-di-tert-Butyl-4-(dimethylaminomethyl)phenol",-1.0,CSF,,2,,2,,1,0,1.0,5,True,6.078616870869687e-23,True,,1.0,1.0,,1,,1,1.0,2,1.0,2.0
ENSMUSG00000030035-C,1.0,CTX,"6-Methoxy-1-methyl-1,2,3,4-tetrahydroisoquinolin-7-ol ",-1.0,CSF,,0,,1,,2,0,-1.0,3,True,0.0,True,,-1.0,-1.0,,1,,1,-1.0,2,-1.0,2.0
ENSMUSG00000030035-C,1.0,CTX,Trimethylolpropane,-1.0,CSF,,0,,2,,2,0,-1.0,4,True,0.0,True,,-1.0,-1.0,,1,,1,-1.0,2,-1.0,2.0
ENSMUSG00000030323-C,1.0,CTX,alpha-Hydroxyisobutyric acid,-1.0,CSF,,0,-1.0,3,,2,1,-1.0,5,True,6.078616870869687e-23,True,-1.0,-1.0,-1.0,-1.0,2,-1.0,2,-1.0,2,-1.0,3.0
ENSMUSG00000030323-C,1.0,CTX,Ethanolamine,-1.0,CSF,,2,-1.0,3,-0.8660254037844387,3,2,-0.9461247469114746,8,True,0.0158773431418269,True,-1.0,-1.0,-1.0,-1.0,2,-1.0,2,-1.0,2,-1.0,3.0
ENSMUSG00000030465-C,-1.0,CTX,Curcumin,-1.0,CSF,,2,1.0,3,1.0,3,2,0.9047619047619048,8,True,0.0792999095569304,True,1.0,1.0,1.0,1.0,2,1.0,2,1.0,2,1.0,3.0
ENSMUSG00000030522-C,-1.0,CTX,DL-Glyceraldehyde,-1.0,CSF,,2,1.0,3,0.8660254037844387,3,2,0.9221722216732094,8,True,0.0454505036541215,True,1.0,1.0,1.0,1.0,2,1.0,2,1.0,2,1.0,3.0
ENSMUSG00000030522-C,-1.0,CTX,Glycerol,-1.0,CSF,,2,0.5,3,1.0,3,2,0.880952380952381,8,True,0.1418733630990404,True,1.0,1.0,1.0,1.0,2,1.0,2,1.0,2,1.0,3.0
ENSMUSG00000030522-C,-1.0,CTX,Methyl lactate,-1.0,CSF,,1,1.0,3,1.0,3,2,0.9285714285714288,7,True,0.0965338601097049,True,1.0,1.0,1.0,1.0,2,1.0,2,1.0,2,1.0,3.0
ENSMUSG00000030530-C,1.0,CTX,Azelaic acid,-1.0,CSF,,2,-0.5,3,-0.5,3,2,-0.9047619047619048,8,True,0.0792999095569304,True,-1.0,-1.0,-1.0,-1.0,2,-1.0,2,-1.0,2,-1.0,3.0
ENSMUSG00000030530-C,1.0,CTX,Ethanolamine,-1.0,CSF,,2,-1.0,3,0.8660254037844387,3,2,-0.8982196964349441,8,True,0.0949723045352331,True,,-1.0,-1.0,,1,,1,-1.0,2,-1.0,2.0
ENSMUSG00000030741-C,1.0,CTX,"6-Methoxy-1-methyl-1,2,3,4-tetrahydroisoquinolin-7-ol ",-1.0,CSF,,0,,1,,2,0,-1.0,3,True,0.0,True,,-1.0,-1.0,,1,,1,-1.0,2,-1.0,2.0
ENSMUSG00000031174-C,-1.0,CTX,Phytanic acid,-1.0,CSF,,2,1.0,3,0.5,3,2,0.880952380952381,8,True,0.1418733630990404,True,1.0,1.0,1.0,1.0,2,1.0,2,1.0,2,1.0,3.0
ENSMUSG00000031209-C,-1.0,CTX,4-Methoxyphenol,-1.0,CSF,,2,,2,,1,0,1.0,5,True,6.078616870869687e-23,True,,1.0,1.0,,1,,1,1.0,2,1.0,2.0
ENSMUSG00000031209-C,-1.0,CTX,"6-Methoxy-1-methyl-1,2,3,4-tetrahydroisoquinolin-7-ol ",-1.0,CSF,,0,,1,,2,0,1.0,3,True,0.0,True,,1.0,1.0,,1,,1,1.0,2,1.0,2.0
ENSMUSG00000031209-C,-1.0,CTX,Trimethylolpropane,-1.0,CSF,,0,,2,,2,0,1.0,4,True,0.0,True,,1.0,1.0,,1,,1,1.0,2,1.0,2.0
ENSMUSG00000031328-C,-1.0,CTX,DL-Glyceraldehyde,-1.0,CSF,,2,-0.5,3,0.8660254037844387,3,2,0.8982196964349441,8,True,0.0949723045352331,True,,1.0,1.0,,1,,1,1.0,2,1.0,2.0
ENSMUSG00000031490-C,-1.0,CTX,"2-Methylcyclohexanol, (Z)",1.0,CSF,,2,-0.5,3,-0.8660254037844387,3,2,-0.9221722216732094,8,True,0.0454505036541215,True,-1.0,-1.0,-1.0,-1.0,2,-1.0,2,-1.0,2,-1.0,3.0
ENSMUSG00000031490-C,-1.0,CTX,"6-Methoxy-1-methyl-1,2,3,4-tetrahydroisoquinolin-7-ol ",-1.0,CSF,,0,,1,,2,0,1.0,3,True,0.0,True,,1.0,1.0,,1,,1,1.0,2,1.0,2.0
ENSMUSG00000031563-C,-1.0,CTX,L-Glutamic acid,1.0,CSF,,0,,2,,2,0,-1.0,4,True,0.0,True,,-1.0,-1.0,,1,,1,-1.0,2,-1.0,2.0
ENSMUSG00000031574-C,-1.0,CTX,"3,5-Dimethylphenol",1.0,CSF,,2,-1.0,3,-0.5,3,2,-0.880952380952381,8,True,0.1418733630990404,True,-1.0,-1.0,-1.0,-1.0,2,-1.0,2,-1.0,2,-1.0,3.0
ENSMUSG00000031604-C,-1.0,CTX,L-Glutamic acid,1.0,CSF,,0,,2,,2,0,-1.0,4,True,0.0,True,,-1.0,-1.0,,1,,1,-1.0,2,-1.0,2.0
ENSMUSG00000031604-C,-1.0,CTX,Trimethylolpropane,-1.0,CSF,,0,,2,,2,0,1.0,4,True,0.0,True,,1.0,1.0,,1,,1,1.0,2,1.0,2.0
ENSMUSG00000031618-C,-1.0,CTX,Lignoceric acid,-1.0,CSF,,2,1.0,3,0.5,3,2,0.9047619047619048,8,True,0.0792999095569304,True,1.0,1.0,1.0,1.0,2,1.0,2,1.0,2,1.0,3.0
ENSMUSG00000031644-C,-1.0,CTX,2-Pyrrolidone-5-carboxylic acid,-1.0,CSF,,2,0.5,3,0.8660254037844387,3,2,0.8862434338158116,8,True,0.1282175241235415,True,1.0,1.0,1.0,1.0,2,1.0,2,1.0,2,1.0,3.0
ENSMUSG00000031644-C,-1.0,CTX,"6-Methoxy-1-methyl-1,2,3,4-tetrahydroisoquinolin-7-ol ",-1.0,CSF,,0,,1,,2,0,1.0,3,True,0.0,True,,1.0,1.0,,1,,1,1.0,2,1.0,2.0
ENSMUSG00000031644-C,-1.0,CTX,Synephrine,-1.0,CSF,,2,1.0,3,0.8660254037844387,3,2,0.934148484292342,8,True,0.0283183650114095,True,1.0,1.0,1.0,1.0,2,1.0,2,1.0,2,1.0,3.0
ENSMUSG00000031644-C,-1.0,CTX,Uracil,-1.0,CSF,,2,1.0,3,0.5,3,2,0.880952380952381,8,True,0.1418733630990404,True,1.0,1.0,1.0,1.0,2,1.0,2,1.0,2,1.0,3.0
ENSMUSG00000031644-C,-1.0,CTX,Xylazine,-1.0,CSF,,2,1.0,3,0.5,3,2,0.9047619047619048,8,True,0.0792999095569304,True,1.0,1.0,1.0,1.0,2,1.0,2,1.0,2,1.0,3.0
ENSMUSG00000031665-C,-1.0,CTX,"Cyclohexanone, 3,3,5-trimethyl",-1.0,CSF,,2,,2,1.0,3,1,0.9642857142857144,7,True,0.0190079298918555,True,1.0,1.0,1.0,1.0,2,1.0,2,1.0,2,1.0,3.0
ENSMUSG00000031665-C,-1.0,CTX,N-Acetyl-L-alanine,-1.0,CSF,,2,1.0,3,1.0,3,2,0.9047619047619048,8,True,0.0792999095569304,True,1.0,1.0,1.0,1.0,2,1.0,2,1.0,2,1.0,3.0
ENSMUSG00000031706-C,-1.0,CTX,"4-[2-(4,7-Dimethoxy-2H-1,3-benzodioxol-5-yl)ethenyl]-2-methoxyphenol",1.0,CSF,,2,-1.0,3,-1.0,3,2,-0.9761904761904764,8,True,0.0014275193689881,True,-1.0,-1.0,-1.0,-1.0,2,-1.0,2,-1.0,2,-1.0,3.0
ENSMUSG00000031706-C,-1.0,CTX,L-Glutamic acid,1.0,CSF,,0,,2,,2,0,-1.0,4,True,0.0,True,,-1.0,-1.0,,1,,1,-1.0,2,-1.0,2.0
ENSMUSG00000031872-C,-1.0,CTX,Adipoyl-L-carnitine,1.0,CSF,,1,,1,,2,0,-1.0,4,True,0.0,True,,-1.0,-1.0,,1,,1,-1.0,2,-1.0,2.0
ENSMUSG00000031913-C,1.0,CTX,"6-Methoxy-1-methyl-1,2,3,4-tetrahydroisoquinolin-7-ol ",-1.0,CSF,,0,,1,,2,0,-1.0,3,True,0.0,True,,-1.0,-1.0,,1,,1,-1.0,2,-1.0,2.0
ENSMUSG00000032078-C,1.0,CTX,Cholesterol,1.0,CSF,,2,0.5,3,0.5,3,2,0.880952380952381,8,True,0.1418733630990404,True,1.0,1.0,1.0,1.0,2,1.0,2,1.0,2,1.0,3.0
ENSMUSG00000032089-C,1.0,CTX,"Benzaldehyde, 2,5-dimethoxy",1.0,CSF,,2,0.8660254037844387,3,,3,1,0.9018533352710066,8,True,0.0864993399027144,True,1.0,1.0,1.0,1.0,2,1.0,2,1.0,2,1.0,3.0
ENSMUSG00000032097-C,-1.0,CTX,"2-Methylcyclohexylamine, tert.-butyldimethylsilyl ether",-1.0,CSF,,0,,2,,2,0,1.0,4,True,0.0,True,,1.0,1.0,,1,,1,1.0,2,1.0,2.0
ENSMUSG00000032198-C,-1.0,CTX,Glycerol,-1.0,CSF,,2,0.5,3,1.0,3,2,0.880952380952381,8,True,0.1418733630990404,True,1.0,1.0,1.0,1.0,2,1.0,2,1.0,2,1.0,3.0
ENSMUSG00000032336-C,1.0,CTX,Aconitic acid,1.0,CSF,,2,1.0,3,1.0,3,2,0.9047619047619048,8,True,0.0792999095569304,True,1.0,1.0,1.0,1.0,2,1.0,2,1.0,2,1.0,3.0
ENSMUSG00000032342-C,1.0,CTX,Aconitic acid,1.0,CSF,,2,0.5,3,1.0,3,2,0.9047619047619048,8,True,0.0792999095569304,True,1.0,1.0,1.0,1.0,2,1.0,2,1.0,2,1.0,3.0
ENSMUSG00000032384-C,-1.0,CTX,Niacin,-1.0,CSF,,2,0.0,3,1.0,3,2,0.8982196964349441,8,True,0.0949723045352331,True,,1.0,1.0,,1,,1,1.0,2,1.0,2.0
ENSMUSG00000032413-C,-1.0,CTX,Phytanic acid,-1.0,CSF,,2,1.0,3,0.5,3,2,0.9047619047619048,8,True,0.0792999095569304,True,1.0,1.0,1.0,1.0,2,1.0,2,1.0,2,1.0,3.0
ENSMUSG00000032418-C,-1.0,CTX,L-Glutamic acid,1.0,CSF,,0,,2,,2,0,-1.0,4,True,0.0,True,,-1.0,-1.0,,1,,1,-1.0,2,-1.0,2.0
ENSMUSG00000032489-C,-1.0,CTX,N-Ethyldiethanolamine,-1.0,CSF,,2,0.5,3,1.0,3,2,0.880952380952381,8,True,0.1418733630990404,True,1.0,1.0,1.0,1.0,2,1.0,2,1.0,2,1.0,3.0
ENSMUSG00000032489-C,-1.0,CTX,Norephedrine,-1.0,CSF,,2,,2,1.0,3,1,0.9642857142857144,7,True,0.0190079298918555,True,1.0,1.0,1.0,1.0,2,1.0,2,1.0,2,1.0,3.0
ENSMUSG00000032501-C,1.0,CTX,"2,4,6-Cycloheptatrien-1-one",-1.0,CSF,,2,,1,,2,0,-1.0,5,True,6.078616870869687e-23,True,,-1.0,-1.0,,1,,1,-1.0,2,-1.0,2.0
ENSMUSG00000032501-C,1.0,CTX,alpha-Hydroxyisobutyric acid,-1.0,CSF,,0,-1.0,3,,2,1,-1.0,5,True,6.078616870869687e-23,True,-1.0,-1.0,-1.0,-1.0,2,-1.0,2,-1.0,2,-1.0,3.0
ENSMUSG00000032501-C,1.0,CTX,Ethanolamine,-1.0,CSF,,2,-1.0,3,0.0,3,2,-0.8862434338158116,8,True,0.1282175241235415,True,,-1.0,-1.0,,1,,1,-1.0,2,-1.0,2.0
ENSMUSG00000032530-C,-1.0,CTX,"6-Methoxy-1-methyl-1,2,3,4-tetrahydroisoquinolin-7-ol ",-1.0,CSF,,0,,1,,2,0,1.0,3,True,0.0,True,,1.0,1.0,,1,,1,1.0,2,1.0,2.0
ENSMUSG00000032563-C,-1.0,CTX,Hydracrylic acid,-1.0,CSF,,2,1.0,3,0.5,3,2,0.9047619047619048,8,True,0.0792999095569304,True,1.0,1.0,1.0,1.0,2,1.0,2,1.0,2,1.0,3.0
ENSMUSG00000032727-C,-1.0,CTX,"2-Methylcyclohexylamine, tert.-butyldimethylsilyl ether",-1.0,CSF,,0,,2,,2,0,1.0,4,True,0.0,True,,1.0,1.0,,1,,1,1.0,2,1.0,2.0
ENSMUSG00000033618-C,1.0,CTX,Cholesterol,1.0,CSF,,2,0.5,3,0.5,3,2,0.880952380952381,8,True,0.1418733630990404,True,1.0,1.0,1.0,1.0,2,1.0,2,1.0,2,1.0,3.0
ENSMUSG00000033671-C,-1.0,CTX,"2-Methylcyclohexylamine, tert.-butyldimethylsilyl ether",-1.0,CSF,,0,,2,,2,0,1.0,4,True,0.0,True,,1.0,1.0,,1,,1,1.0,2,1.0,2.0
ENSMUSG00000034042-C,-1.0,CTX,"3-(4,7-Dimethoxy-2H-1,3-benzodioxol-5-yl)-2-methylprop-2-enal",-1.0,CSF,,2,0.5,3,0.5,3,2,0.880952380952381,8,True,0.1418733630990404,True,1.0,1.0,1.0,1.0,2,1.0,2,1.0,2,1.0,3.0
ENSMUSG00000034042-C,-1.0,CTX,Adipoyl-L-carnitine,1.0,CSF,,1,,1,,2,0,-1.0,4,True,0.0,True,,-1.0,-1.0,,1,,1,-1.0,2,-1.0,2.0
ENSMUSG00000034042-C,-1.0,CTX,"N,N-Dimethyl-2-aminoethanol",-1.0,CSF,,2,1.0,3,,2,1,0.9642857142857144,7,True,0.0190079298918555,True,1.0,1.0,1.0,1.0,2,1.0,2,1.0,2,1.0,3.0
ENSMUSG00000034324-C,-1.0,CTX,"6-Methoxy-1-methyl-1,2,3,4-tetrahydroisoquinolin-7-ol ",-1.0,CSF,,0,,1,,2,0,1.0,3,True,0.0,True,,1.0,1.0,,1,,1,1.0,2,1.0,2.0
ENSMUSG00000034432-C,1.0,CTX,N-Methyl-1-[(trimethylsilyl)oxy]-1-{4-[(trimethylsilyl)oxy]phenyl}propan-2-amine,1.0,CSF,,2,,2,1.0,3,1,0.9285714285714288,7,True,0.0965338601097049,True,1.0,1.0,1.0,1.0,2,1.0,2,1.0,2,1.0,3.0
ENSMUSG00000034462-C,-1.0,CTX,"6-Methoxy-1-methyl-1,2,3,4-tetrahydroisoquinolin-7-ol ",-1.0,CSF,,0,,1,,2,0,1.0,3,True,0.0,True,,1.0,1.0,,1,,1,1.0,2,1.0,2.0
ENSMUSG00000034880-C,1.0,CTX,"3-(4,7-Dimethoxy-2H-1,3-benzodioxol-5-yl)-2-methylprop-2-enal",-1.0,CSF,,2,-1.0,3,-1.0,3,2,-0.9285714285714288,8,True,0.0354861073872977,True,-1.0,-1.0,-1.0,-1.0,2,-1.0,2,-1.0,2,-1.0,3.0
ENSMUSG00000034880-C,1.0,CTX,Cyclobutylamine,-1.0,CSF,,2,-1.0,3,-1.0,3,2,-0.9285714285714288,8,True,0.0354861073872977,True,-1.0,-1.0,-1.0,-1.0,2,-1.0,2,-1.0,2,-1.0,3.0
ENSMUSG00000034880-C,1.0,CTX,Cyclooctylamine,-1.0,CSF,,2,-1.0,3,-1.0,3,2,-0.880952380952381,8,True,0.1418733630990404,True,-1.0,-1.0,-1.0,-1.0,2,-1.0,2,-1.0,2,-1.0,3.0
ENSMUSG00000034880-C,1.0,CTX,Picolinic acid,-1.0,CSF,,2,-1.0,3,-0.8660254037844387,3,2,-0.8916309815169778,8,True,0.1118808083577703,True,-1.0,-1.0,-1.0,-1.0,2,-1.0,2,-1.0,2,-1.0,3.0
ENSMUSG00000034880-C,1.0,CTX,Trimethylolpropane,-1.0,CSF,,0,,2,,2,0,-1.0,4,True,0.0,True,,-1.0,-1.0,,1,,1,-1.0,2,-1.0,2.0
ENSMUSG00000035133-C,-1.0,CTX,3-Amino-5-methylisoxazole,-1.0,CSF,,2,0.5,3,0.5,3,2,0.880952380952381,8,True,0.1418733630990404,True,1.0,1.0,1.0,1.0,2,1.0,2,1.0,2,1.0,3.0
ENSMUSG00000035164-C,1.0,CTX,3-Heptanol,1.0,CSF,,2,0.5,3,1.0,3,2,0.9761904761904764,8,True,0.0014275193689881,True,1.0,1.0,1.0,1.0,2,1.0,2,1.0,2,1.0,3.0
ENSMUSG00000035164-C,1.0,CTX,Trimethylolpropane,-1.0,CSF,,0,,2,,2,0,-1.0,4,True,0.0,True,,-1.0,-1.0,,1,,1,-1.0,2,-1.0,2.0
ENSMUSG00000035284-C,-1.0,CTX,"6-Methoxy-1-methyl-1,2,3,4-tetrahydroisoquinolin-7-ol ",-1.0,CSF,,0,,1,,2,0,1.0,3,True,0.0,True,,1.0,1.0,,1,,1,1.0,2,1.0,2.0
ENSMUSG00000035284-C,-1.0,CTX,"N,N-Dimethyl-2-aminoethanol",-1.0,CSF,,2,1.0,3,,2,1,0.9642857142857144,7,True,0.0190079298918555,True,1.0,1.0,1.0,1.0,2,1.0,2,1.0,2,1.0,3.0
ENSMUSG00000035585-C,1.0,CTX,Benzoic Acid,1.0,CSF,,2,0.8660254037844387,3,1.0,3,2,0.8862434338158116,8,True,0.1282175241235415,True,1.0,1.0,1.0,1.0,2,1.0,2,1.0,2,1.0,3.0
ENSMUSG00000035637-C,1.0,CTX,"1-(2,5-Dimethoxyphenyl)-1-[(trimethylsilyl)oxy]propan-2-amine",1.0,CSF,,2,0.5,3,1.0,3,2,0.9047619047619048,8,True,0.0792999095569304,True,1.0,1.0,1.0,1.0,2,1.0,2,1.0,2,1.0,3.0
ENSMUSG00000035653-C,-1.0,CTX,"6-Methoxy-1-methyl-1,2,3,4-tetrahydroisoquinolin-7-ol ",-1.0,CSF,,0,,1,,2,0,1.0,3,True,0.0,True,,1.0,1.0,,1,,1,1.0,2,1.0,2.0
ENSMUSG00000035653-C,-1.0,CTX,Synephrine,-1.0,CSF,,2,1.0,3,0.8660254037844387,3,2,0.8982196964349441,8,True,0.0949723045352331,True,1.0,1.0,1.0,1.0,2,1.0,2,1.0,2,1.0,3.0
ENSMUSG00000035653-C,-1.0,CTX,Xylazine,-1.0,CSF,,2,1.0,3,0.5,3,2,0.880952380952381,8,True,0.1418733630990404,True,1.0,1.0,1.0,1.0,2,1.0,2,1.0,2,1.0,3.0
ENSMUSG00000036002-C,-1.0,CTX,Hydracrylic acid,-1.0,CSF,,2,1.0,3,0.5,3,2,0.880952380952381,8,True,0.1418733630990404,True,1.0,1.0,1.0,1.0,2,1.0,2,1.0,2,1.0,3.0
ENSMUSG00000036002-C,-1.0,CTX,N-Acetylaminoethanol,-1.0,CSF,,2,1.0,3,0.8660254037844387,3,2,0.9221722216732094,8,True,0.0454505036541215,True,1.0,1.0,1.0,1.0,2,1.0,2,1.0,2,1.0,3.0
ENSMUSG00000036002-C,-1.0,CTX,N-Acetyl-L-alanine,-1.0,CSF,,2,1.0,3,1.0,3,2,0.9047619047619048,8,True,0.0792999095569304,True,1.0,1.0,1.0,1.0,2,1.0,2,1.0,2,1.0,3.0
ENSMUSG00000036002-C,-1.0,CTX,Picolinic acid,-1.0,CSF,,2,0.5,3,0.8660254037844387,3,2,0.8795819141991809,8,True,0.1464633435810332,True,1.0,1.0,1.0,1.0,2,1.0,2,1.0,2,1.0,3.0
ENSMUSG00000036442-C,1.0,CTX,Aconitic acid,1.0,CSF,,2,1.0,3,1.0,3,2,0.9761904761904764,8,True,0.0014275193689881,True,1.0,1.0,1.0,1.0,2,1.0,2,1.0,2,1.0,3.0
ENSMUSG00000036503-C,-1.0,CTX,"2,5-Dimethoxybenzhydrazide",-1.0,CSF,,2,1.0,3,0.5,3,2,0.9523809523809524,8,True,0.0110808820921217,True,1.0,1.0,1.0,1.0,2,1.0,2,1.0,2,1.0,3.0
ENSMUSG00000036503-C,-1.0,CTX,"6-Methoxy-1-methyl-1,2,3,4-tetrahydroisoquinolin-7-ol ",-1.0,CSF,,0,,1,,2,0,1.0,3,True,0.0,True,,1.0,1.0,,1,,1,1.0,2,1.0,2.0
ENSMUSG00000036503-C,-1.0,CTX,Adipoyl-L-carnitine,1.0,CSF,,1,,1,,2,0,-1.0,4,True,0.0,True,,-1.0,-1.0,,1,,1,-1.0,2,-1.0,2.0
ENSMUSG00000036699-C,-1.0,CTX,4-Aminobutanoic acid,-1.0,CSF,,2,1.0,3,0.5,3,2,0.880952380952381,8,True,0.1418733630990404,True,1.0,1.0,1.0,1.0,2,1.0,2,1.0,2,1.0,3.0
ENSMUSG00000036699-C,-1.0,CTX,Hydracrylic acid,-1.0,CSF,,2,1.0,3,1.0,3,2,0.9047619047619048,8,True,0.0792999095569304,True,1.0,1.0,1.0,1.0,2,1.0,2,1.0,2,1.0,3.0
ENSMUSG00000036934-C,-1.0,CTX,Adipoyl-L-carnitine,1.0,CSF,,1,,1,,2,0,-1.0,4,True,0.0,True,,-1.0,-1.0,,1,,1,-1.0,2,-1.0,2.0
ENSMUSG00000036934-C,-1.0,CTX,"N,N-Dimethyl-2-aminoethanol",-1.0,CSF,,2,1.0,3,,2,1,0.9285714285714288,7,True,0.0965338601097049,True,1.0,1.0,1.0,1.0,2,1.0,2,1.0,2,1.0,3.0
ENSMUSG00000037013-C,-1.0,CTX,L-Glutamic acid,1.0,CSF,,0,,2,,2,0,-1.0,4,True,0.0,True,,-1.0,-1.0,,1,,1,-1.0,2,-1.0,2.0
ENSMUSG00000037119-C,-1.0,CTX,"6-Methoxy-1-methyl-1,2,3,4-tetrahydroisoquinolin-7-ol ",-1.0,CSF,,0,,1,,2,0,1.0,3,True,0.0,True,,1.0,1.0,,1,,1,1.0,2,1.0,2.0
ENSMUSG00000037119-C,-1.0,CTX,"Cyclohexanone, 3,3,5-trimethyl",-1.0,CSF,,2,,2,0.5,3,1,0.9642857142857144,7,True,0.0190079298918555,True,1.0,1.0,1.0,1.0,2,1.0,2,1.0,2,1.0,3.0
ENSMUSG00000037119-C,-1.0,CTX,N-Acetyl-L-alanine,-1.0,CSF,,2,1.0,3,0.5,3,2,0.9047619047619048,8,True,0.0792999095569304,True,1.0,1.0,1.0,1.0,2,1.0,2,1.0,2,1.0,3.0
ENSMUSG00000037349-C,1.0,CTX,Cholesterol,1.0,CSF,,2,0.5,3,1.0,3,2,0.9047619047619048,8,True,0.0792999095569304,True,1.0,1.0,1.0,1.0,2,1.0,2,1.0,2,1.0,3.0
ENSMUSG00000037487-C,-1.0,CTX,"6-Methoxy-1-methyl-1,2,3,4-tetrahydroisoquinolin-7-ol ",-1.0,CSF,,0,,1,,2,0,1.0,3,True,0.0,True,,1.0,1.0,,1,,1,1.0,2,1.0,2.0
ENSMUSG00000037685-C,-1.0,CTX,4-Methoxyphenol,-1.0,CSF,,2,,2,,1,0,1.0,5,True,6.078616870869687e-23,True,,1.0,1.0,,1,,1,1.0,2,1.0,2.0
ENSMUSG00000037685-C,-1.0,CTX,Adipoyl-L-carnitine,1.0,CSF,,1,,1,,2,0,-1.0,4,True,0.0,True,,-1.0,-1.0,,1,,1,-1.0,2,-1.0,2.0
ENSMUSG00000037697-C,-1.0,CTX,4-Aminobutanoic acid,-1.0,CSF,,2,1.0,3,1.0,3,2,0.9047619047619048,8,True,0.0792999095569304,True,1.0,1.0,1.0,1.0,2,1.0,2,1.0,2,1.0,3.0
ENSMUSG00000037784-C,-1.0,CTX,"2-Methylcyclohexylamine, tert.-butyldimethylsilyl ether",-1.0,CSF,,0,,2,,2,0,1.0,4,True,0.0,True,,1.0,1.0,,1,,1,1.0,2,1.0,2.0
ENSMUSG00000038135-C,1.0,CTX,Curcumin,-1.0,CSF,,2,-0.8660254037844387,3,-0.8660254037844387,3,2,-0.9132233209773138,8,True,0.0623128141923228,True,-1.0,-1.0,-1.0,-1.0,2,-1.0,2,-1.0,2,-1.0,3.0
ENSMUSG00000038146-C,-1.0,CTX,L-Glutamic acid,1.0,CSF,,0,,2,,2,0,-1.0,4,True,0.0,True,,-1.0,-1.0,,1,,1,-1.0,2,-1.0,2.0
ENSMUSG00000038188-C,-1.0,CTX,"2,3-Butanediol, O-(trimethylsilyl)-, monoacetate",-1.0,CSF,,2,1.0,3,0.8660254037844387,3,2,0.9940297973880048,8,True,2.290890480885837e-05,True,1.0,1.0,1.0,1.0,2,1.0,2,1.0,2,1.0,3.0
ENSMUSG00000038188-C,-1.0,CTX,Butachlor ESA,-1.0,CSF,,2,1.0,3,1.0,3,2,0.9047619047619048,8,True,0.0792999095569304,True,1.0,1.0,1.0,1.0,2,1.0,2,1.0,2,1.0,3.0
ENSMUSG00000038188-C,-1.0,CTX,N-Acetylaspartic acid,-1.0,CSF,,2,1.0,3,1.0,3,2,0.880952380952381,8,True,0.1418733630990404,True,1.0,1.0,1.0,1.0,2,1.0,2,1.0,2,1.0,3.0
ENSMUSG00000038188-C,-1.0,CTX,Suberic acid,-1.0,CSF,,1,1.0,3,1.0,3,2,0.9285714285714288,7,True,0.0965338601097049,True,1.0,1.0,1.0,1.0,2,1.0,2,1.0,2,1.0,3.0
ENSMUSG00000038214-C,-1.0,CTX,Monocaproin,-1.0,CSF,,2,,1,,2,0,1.0,5,True,6.078616870869687e-23,True,,1.0,1.0,,1,,1,1.0,2,1.0,2.0
ENSMUSG00000038214-C,-1.0,CTX,Oleamide,-1.0,CSF,,2,0.5,3,1.0,3,2,0.9047619047619048,8,True,0.0792999095569304,True,1.0,1.0,1.0,1.0,2,1.0,2,1.0,2,1.0,3.0
ENSMUSG00000038319-C,1.0,CTX,"3,4,5-Trimethoxyamphetamine",1.0,CSF,,1,1.0,3,0.5,3,2,0.9285714285714288,7,True,0.0965338601097049,True,1.0,1.0,1.0,1.0,2,1.0,2,1.0,2,1.0,3.0
ENSMUSG00000038690-C,1.0,CTX,Azelaic acid,-1.0,CSF,,2,-1.0,3,0.5,3,2,-0.9047619047619048,8,True,0.0792999095569304,True,,-1.0,-1.0,,1,,1,-1.0,2,-1.0,2.0
ENSMUSG00000038777-C,1.0,CTX,"6-Methoxy-1-methyl-1,2,3,4-tetrahydroisoquinolin-7-ol ",-1.0,CSF,,0,,1,,2,0,-1.0,3,True,0.0,True,,-1.0,-1.0,,1,,1,-1.0,2,-1.0,2.0
ENSMUSG00000038777-C,1.0,CTX,Trimethylolpropane,-1.0,CSF,,0,,2,,2,0,-1.0,4,True,0.0,True,,-1.0,-1.0,,1,,1,-1.0,2,-1.0,2.0
ENSMUSG00000038888-C,-1.0,CTX,"6-Methoxy-1-methyl-1,2,3,4-tetrahydroisoquinolin-7-ol ",-1.0,CSF,,0,,1,,2,0,1.0,3,True,0.0,True,,1.0,1.0,,1,,1,1.0,2,1.0,2.0
ENSMUSG00000039096-C,1.0,CTX,"6-Methoxy-1-methyl-1,2,3,4-tetrahydroisoquinolin-7-ol ",-1.0,CSF,,0,,1,,2,0,-1.0,3,True,0.0,True,,-1.0,-1.0,,1,,1,-1.0,2,-1.0,2.0
ENSMUSG00000039130-C,1.0,CTX,alpha-Hydroxyisobutyric acid,-1.0,CSF,,0,-1.0,3,,2,1,-1.0,5,True,6.078616870869687e-23,True,-1.0,-1.0,-1.0,-1.0,2,-1.0,2,-1.0,2,-1.0,3.0
ENSMUSG00000039308-C,-1.0,CTX,L-Glutamic acid,1.0,CSF,,0,,2,,2,0,-1.0,4,True,0.0,True,,-1.0,-1.0,,1,,1,-1.0,2,-1.0,2.0
ENSMUSG00000039585-C,-1.0,CTX,"2-Methylcyclohexylamine, tert.-butyldimethylsilyl ether",-1.0,CSF,,0,,2,,2,0,1.0,4,True,0.0,True,,1.0,1.0,,1,,1,1.0,2,1.0,2.0
ENSMUSG00000039713-C,1.0,CTX,"2,4,6-Cycloheptatrien-1-one",-1.0,CSF,,2,,1,,2,0,-1.0,5,True,6.078616870869687e-23,True,,-1.0,-1.0,,1,,1,-1.0,2,-1.0,2.0
ENSMUSG00000039835-C,-1.0,CTX,"6-Methoxy-1-methyl-1,2,3,4-tetrahydroisoquinolin-7-ol ",-1.0,CSF,,0,,1,,2,0,1.0,3,True,0.0,True,,1.0,1.0,,1,,1,1.0,2,1.0,2.0
ENSMUSG00000039851-C,-1.0,CTX,"6-Methoxy-1-methyl-1,2,3,4-tetrahydroisoquinolin-7-ol ",-1.0,CSF,,0,,1,,2,0,1.0,3,True,0.0,True,,1.0,1.0,,1,,1,1.0,2,1.0,2.0
ENSMUSG00000039851-C,-1.0,CTX,Trimethylolpropane,-1.0,CSF,,0,,2,,2,0,1.0,4,True,0.0,True,,1.0,1.0,,1,,1,1.0,2,1.0,2.0
ENSMUSG00000040177-C,-1.0,CTX,2-Pyrrolidone-5-carboxylic acid,-1.0,CSF,,2,1.0,3,0.8660254037844387,3,2,0.8982196964349441,8,True,0.0949723045352331,True,1.0,1.0,1.0,1.0,2,1.0,2,1.0,2,1.0,3.0
ENSMUSG00000040351-C,-1.0,CTX,4-Methoxyphenol,-1.0,CSF,,2,,2,,1,0,1.0,5,True,6.078616870869687e-23,True,,1.0,1.0,,1,,1,1.0,2,1.0,2.0
ENSMUSG00000040351-C,-1.0,CTX,Norephedrine,-1.0,CSF,,2,,2,0.5,3,1,0.9285714285714288,7,True,0.0965338601097049,True,1.0,1.0,1.0,1.0,2,1.0,2,1.0,2,1.0,3.0
ENSMUSG00000040389-C,-1.0,CTX,"6-Methoxy-1-methyl-1,2,3,4-tetrahydroisoquinolin-7-ol ",-1.0,CSF,,0,,1,,2,0,1.0,3,True,0.0,True,,1.0,1.0,,1,,1,1.0,2,1.0,2.0
ENSMUSG00000040389-C,-1.0,CTX,Trimethylolpropane,-1.0,CSF,,0,,2,,2,0,1.0,4,True,0.0,True,,1.0,1.0,,1,,1,1.0,2,1.0,2.0
ENSMUSG00000040473-C,-1.0,CTX,"2-Butenoic acid, 3-[(tert-butyldimethylsilyl)oxy]",-1.0,CSF,,2,0.5,3,1.0,3,2,0.880952380952381,8,True,0.1418733630990404,True,1.0,1.0,1.0,1.0,2,1.0,2,1.0,2,1.0,3.0
ENSMUSG00000040473-C,-1.0,CTX,N-Acetylaminoethanol,-1.0,CSF,,2,1.0,3,0.0,3,2,0.934148484292342,8,True,0.0283183650114095,True,,1.0,1.0,,1,,1,1.0,2,1.0,2.0
ENSMUSG00000040520-C,-1.0,CTX,"2,5-Dimethoxybenzhydrazide",-1.0,CSF,,2,1.0,3,0.5,3,2,0.880952380952381,8,True,0.1418733630990404,True,1.0,1.0,1.0,1.0,2,1.0,2,1.0,2,1.0,3.0
ENSMUSG00000040520-C,-1.0,CTX,"2-Butenoic acid, 3-[(tert-butyldimethylsilyl)oxy]",-1.0,CSF,,2,1.0,3,0.5,3,2,0.880952380952381,8,True,0.1418733630990404,True,1.0,1.0,1.0,1.0,2,1.0,2,1.0,2,1.0,3.0
ENSMUSG00000040520-C,-1.0,CTX,"6-Methoxy-1-methyl-1,2,3,4-tetrahydroisoquinolin-7-ol ",-1.0,CSF,,0,,1,,2,0,1.0,3,True,0.0,True,,1.0,1.0,,1,,1,1.0,2,1.0,2.0
ENSMUSG00000040520-C,-1.0,CTX,Adipoyl-L-carnitine,1.0,CSF,,1,,1,,2,0,-1.0,4,True,0.0,True,,-1.0,-1.0,,1,,1,-1.0,2,-1.0,2.0
ENSMUSG00000040520-C,-1.0,CTX,Salsoline,1.0,CSF,,2,,2,-0.5,3,1,-0.9285714285714288,7,True,0.0965338601097049,True,-1.0,-1.0,-1.0,-1.0,2,-1.0,2,-1.0,2,-1.0,3.0
ENSMUSG00000040652-C,1.0,CTX,Ethanolamine,-1.0,CSF,,2,-1.0,3,0.0,3,2,-0.934148484292342,8,True,0.0283183650114095,True,,-1.0,-1.0,,1,,1,-1.0,2,-1.0,2.0
ENSMUSG00000040652-C,1.0,CTX,Salsoline,1.0,CSF,,2,,2,0.5,3,1,0.9285714285714288,7,True,0.0965338601097049,True,1.0,1.0,1.0,1.0,2,1.0,2,1.0,2,1.0,3.0
ENSMUSG00000040760-C,-1.0,CTX,Butylmethylamine,-1.0,CSF,,2,1.0,3,0.8660254037844387,3,2,0.8982196964349441,8,True,0.0949723045352331,True,1.0,1.0,1.0,1.0,2,1.0,2,1.0,2,1.0,3.0
ENSMUSG00000040760-C,-1.0,CTX,Monocaproin,-1.0,CSF,,2,,1,,2,0,1.0,5,True,6.078616870869687e-23,True,,1.0,1.0,,1,,1,1.0,2,1.0,2.0
ENSMUSG00000040940-C,-1.0,CTX,"2,4-Di-tert-butylphenol",-1.0,CSF,,2,,0,1.0,3,1,1.0,5,True,6.078616870869687e-23,True,1.0,1.0,1.0,1.0,2,1.0,2,1.0,2,1.0,3.0
ENSMUSG00000040940-C,-1.0,CTX,8-Methylnonanoic acid,-1.0,CSF,,2,0.8660254037844387,3,1.0,3,2,0.9221722216732094,8,True,0.0454505036541215,True,1.0,1.0,1.0,1.0,2,1.0,2,1.0,2,1.0,3.0
ENSMUSG00000040940-C,-1.0,CTX,DL-Glyceraldehyde,-1.0,CSF,,2,1.0,3,0.8660254037844387,3,2,0.8982196964349441,8,True,0.0949723045352331,True,1.0,1.0,1.0,1.0,2,1.0,2,1.0,2,1.0,3.0
ENSMUSG00000040940-C,-1.0,CTX,Hydracrylic acid,-1.0,CSF,,2,0.5,3,1.0,3,2,0.9523809523809524,8,True,0.0110808820921217,True,1.0,1.0,1.0,1.0,2,1.0,2,1.0,2,1.0,3.0
ENSMUSG00000040940-C,-1.0,CTX,"L-Histidine, N,1-bis(tert-butyldimethylsilyl)-",-1.0,CSF,,2,1.0,3,1.0,3,2,0.9285714285714288,8,True,0.0354861073872977,True,1.0,1.0,1.0,1.0,2,1.0,2,1.0,2,1.0,3.0
ENSMUSG00000040940-C,-1.0,CTX,N-Acetylaminoethanol,-1.0,CSF,,2,0.5,3,0.8660254037844387,3,2,0.934148484292342,8,True,0.0283183650114095,True,1.0,1.0,1.0,1.0,2,1.0,2,1.0,2,1.0,3.0
ENSMUSG00000040940-C,-1.0,CTX,Picolinic acid,-1.0,CSF,,2,1.0,3,0.8660254037844387,3,2,0.9277781834703688,8,True,0.0366341784630948,True,1.0,1.0,1.0,1.0,2,1.0,2,1.0,2,1.0,3.0
ENSMUSG00000041153-C,-1.0,CTX,"6-Methoxy-1-methyl-1,2,3,4-tetrahydroisoquinolin-7-ol ",-1.0,CSF,,0,,1,,2,0,1.0,3,True,0.0,True,,1.0,1.0,,1,,1,1.0,2,1.0,2.0
ENSMUSG00000041361-C,1.0,CTX,"1-(2,4-Dimethoxyphenyl)-propan-2-one",-1.0,CSF,,2,,2,-0.8660254037844387,3,1,-0.9145291883606756,7,True,0.1441969334430162,True,-1.0,-1.0,-1.0,-1.0,2,-1.0,2,-1.0,2,-1.0,3.0
ENSMUSG00000041361-C,1.0,CTX,"1,3-Oxazolidine, 2,5-diphenyl-4-methyl-, trans-",-1.0,CSF,,2,-0.8660254037844387,3,-0.8660254037844387,3,2,-0.9132233209773138,8,True,0.0623128141923228,True,-1.0,-1.0,-1.0,-1.0,2,-1.0,2,-1.0,2,-1.0,3.0
ENSMUSG00000041361-C,1.0,CTX,Butylmethylamine,-1.0,CSF,,2,-0.8660254037844387,3,-0.5000000000000001,3,2,-0.8868086049373605,8,True,0.1268517079861078,True,-1.0,-1.0,-1.0,-1.0,2,-1.0,2,-1.0,2,-1.0,3.0
ENSMUSG00000041594-C,-1.0,CTX,1-(tert-Butyldimethylsilyl)-4-methyl-1H-pyrazole,-1.0,CSF,,2,0.5,3,0.5,3,2,0.880952380952381,8,True,0.1418733630990404,True,1.0,1.0,1.0,1.0,2,1.0,2,1.0,2,1.0,3.0
ENSMUSG00000041594-C,-1.0,CTX,4-Aminobutanoic acid,-1.0,CSF,,2,1.0,3,1.0,3,2,0.9047619047619048,8,True,0.0792999095569304,True,1.0,1.0,1.0,1.0,2,1.0,2,1.0,2,1.0,3.0
ENSMUSG00000041594-C,-1.0,CTX,N-Acetylaspartic acid,-1.0,CSF,,2,1.0,3,0.5,3,2,0.880952380952381,8,True,0.1418733630990404,True,1.0,1.0,1.0,1.0,2,1.0,2,1.0,2,1.0,3.0
ENSMUSG00000041594-C,-1.0,CTX,Tetrahydro-solasodine triacetate,-1.0,CSF,,2,0.5,3,1.0,3,2,0.8982196964349441,8,True,0.0949723045352331,True,1.0,1.0,1.0,1.0,2,1.0,2,1.0,2,1.0,3.0
ENSMUSG00000041594-C,-1.0,CTX,Yangonin,-1.0,CSF,,2,0.5,3,0.5,3,2,0.880952380952381,8,True,0.1418733630990404,True,1.0,1.0,1.0,1.0,2,1.0,2,1.0,2,1.0,3.0
ENSMUSG00000041605-C,1.0,CTX,"6-Methoxy-1-methyl-1,2,3,4-tetrahydroisoquinolin-7-ol ",-1.0,CSF,,0,,1,,2,0,-1.0,3,True,0.0,True,,-1.0,-1.0,,1,,1,-1.0,2,-1.0,2.0
ENSMUSG00000041633-C,-1.0,CTX,Adipoyl-L-carnitine,1.0,CSF,,1,,1,,2,0,-1.0,4,True,0.0,True,,-1.0,-1.0,,1,,1,-1.0,2,-1.0,2.0
ENSMUSG00000041633-C,-1.0,CTX,Isopropylamine,-1.0,CSF,,2,1.0,3,1.0,3,2,0.9285714285714288,8,True,0.0354861073872977,True,1.0,1.0,1.0,1.0,2,1.0,2,1.0,2,1.0,3.0
ENSMUSG00000041649-C,-1.0,CTX,Niacin,-1.0,CSF,,2,0.8660254037844387,3,1.0,3,2,0.8862434338158116,8,True,0.1282175241235415,True,1.0,1.0,1.0,1.0,2,1.0,2,1.0,2,1.0,3.0
ENSMUSG00000041669-C,1.0,CTX,Norephedrine,-1.0,CSF,,2,,2,-1.0,3,1,-0.9369749612033816,7,True,0.0752434619578339,True,-1.0,-1.0,-1.0,-1.0,2,-1.0,2,-1.0,2,-1.0,3.0
ENSMUSG00000042099-C,-1.0,CTX,"2,3-Butanediol, O-(trimethylsilyl)-, monoacetate",-1.0,CSF,,2,1.0,3,0.8660254037844387,3,2,0.9221722216732094,8,True,0.0454505036541215,True,1.0,1.0,1.0,1.0,2,1.0,2,1.0,2,1.0,3.0
ENSMUSG00000042099-C,-1.0,CTX,Norketamine,-1.0,CSF,,2,0.5,3,1.0,3,2,0.9047619047619048,8,True,0.0792999095569304,True,1.0,1.0,1.0,1.0,2,1.0,2,1.0,2,1.0,3.0
ENSMUSG00000042396-C,-1.0,CTX,"6-Methoxy-1-methyl-1,2,3,4-tetrahydroisoquinolin-7-ol ",-1.0,CSF,,0,,1,,2,0,1.0,3,True,0.0,True,,1.0,1.0,,1,,1,1.0,2,1.0,2.0
ENSMUSG00000042408-C,-1.0,CTX,"2-Methylcyclohexylamine, tert.-butyldimethylsilyl ether",-1.0,CSF,,0,,2,,2,0,1.0,4,True,0.0,True,,1.0,1.0,,1,,1,1.0,2,1.0,2.0
ENSMUSG00000042508-C,-1.0,CTX,Adipoyl-L-carnitine,1.0,CSF,,1,,1,,2,0,-1.0,4,True,0.0,True,,-1.0,-1.0,,1,,1,-1.0,2,-1.0,2.0
ENSMUSG00000042508-C,-1.0,CTX,Cyclooctylamine,-1.0,CSF,,2,0.5,3,0.5,3,2,0.880952380952381,8,True,0.1418733630990404,True,1.0,1.0,1.0,1.0,2,1.0,2,1.0,2,1.0,3.0
ENSMUSG00000042508-C,-1.0,CTX,N-Methylacetamide,-1.0,CSF,,2,0.5,3,0.8660254037844387,3,2,0.8982196964349441,8,True,0.0949723045352331,True,1.0,1.0,1.0,1.0,2,1.0,2,1.0,2,1.0,3.0
ENSMUSG00000042595-C,-1.0,CTX,2-Furoic acid,1.0,CSF,,2,-0.5,3,-0.5,3,2,-0.9047619047619048,8,True,0.0792999095569304,True,-1.0,-1.0,-1.0,-1.0,2,-1.0,2,-1.0,2,-1.0,3.0
ENSMUSG00000042595-C,-1.0,CTX,"6-Methoxy-1-methyl-1,2,3,4-tetrahydroisoquinolin-7-ol ",-1.0,CSF,,0,,1,,2,0,1.0,3,True,0.0,True,,1.0,1.0,,1,,1,1.0,2,1.0,2.0
ENSMUSG00000042670-C,-1.0,CTX,"6-Methoxy-1-methyl-1,2,3,4-tetrahydroisoquinolin-7-ol ",-1.0,CSF,,0,,1,,2,0,1.0,3,True,0.0,True,,1.0,1.0,,1,,1,1.0,2,1.0,2.0
ENSMUSG00000042747-C,1.0,CTX,Azelaic acid,-1.0,CSF,,2,-1.0,3,-0.5,3,2,-0.880952380952381,8,True,0.1418733630990404,True,-1.0,-1.0,-1.0,-1.0,2,-1.0,2,-1.0,2,-1.0,3.0
ENSMUSG00000043257-C,-1.0,CTX,2-Butenedioic acid,-1.0,CSF,,1,1.0,3,1.0,3,2,0.9285714285714288,7,True,0.0965338601097049,True,1.0,1.0,1.0,1.0,2,1.0,2,1.0,2,1.0,3.0
ENSMUSG00000043257-C,-1.0,CTX,Trimethylolpropane,-1.0,CSF,,0,,2,,2,0,1.0,4,True,0.0,True,,1.0,1.0,,1,,1,1.0,2,1.0,2.0
ENSMUSG00000043372-C,-1.0,CTX,4-Methoxyphenol,-1.0,CSF,,2,,2,,1,0,1.0,5,True,6.078616870869687e-23,True,,1.0,1.0,,1,,1,1.0,2,1.0,2.0
ENSMUSG00000043903-C,-1.0,CTX,Adipoyl-L-carnitine,1.0,CSF,,1,,1,,2,0,-1.0,4,True,0.0,True,,-1.0,-1.0,,1,,1,-1.0,2,-1.0,2.0
ENSMUSG00000044150-C,-1.0,CTX,Monocaproin,-1.0,CSF,,2,,1,,2,0,1.0,5,True,6.078616870869687e-23,True,,1.0,1.0,,1,,1,1.0,2,1.0,2.0
ENSMUSG00000044337-C,-1.0,CTX,Norephedrine,-1.0,CSF,,2,,2,1.0,3,1,0.9285714285714288,7,True,0.0965338601097049,True,1.0,1.0,1.0,1.0,2,1.0,2,1.0,2,1.0,3.0
ENSMUSG00000044550-C,1.0,CTX,"1-(2,5-Dimethoxyphenyl)-1-[(trimethylsilyl)oxy]propan-2-amine",1.0,CSF,,2,1.0,3,1.0,3,2,0.9285714285714288,8,True,0.0354861073872977,True,1.0,1.0,1.0,1.0,2,1.0,2,1.0,2,1.0,3.0
ENSMUSG00000045007-C,1.0,CTX,Azelaic acid,-1.0,CSF,,2,-0.5,3,-0.5,3,2,-0.9047619047619048,8,True,0.0792999095569304,True,-1.0,-1.0,-1.0,-1.0,2,-1.0,2,-1.0,2,-1.0,3.0
ENSMUSG00000045007-C,1.0,CTX,Ethanolamine,-1.0,CSF,,2,-1.0,3,0.8660254037844387,3,2,-0.8982196964349441,8,True,0.0949723045352331,True,,-1.0,-1.0,,1,,1,-1.0,2,-1.0,2.0
ENSMUSG00000046719-C,1.0,CTX,Ethanolamine,-1.0,CSF,,2,-1.0,3,-0.8660254037844387,3,2,-0.9221722216732094,8,True,0.0454505036541215,True,-1.0,-1.0,-1.0,-1.0,2,-1.0,2,-1.0,2,-1.0,3.0
ENSMUSG00000046916-C,1.0,CTX,"6-Methoxy-1-methyl-1,2,3,4-tetrahydroisoquinolin-7-ol ",-1.0,CSF,,0,,1,,2,0,-1.0,3,True,0.0,True,,-1.0,-1.0,,1,,1,-1.0,2,-1.0,2.0
ENSMUSG00000046916-C,1.0,CTX,Trimethylolpropane,-1.0,CSF,,0,,2,,2,0,-1.0,4,True,0.0,True,,-1.0,-1.0,,1,,1,-1.0,2,-1.0,2.0
ENSMUSG00000046991-C,-1.0,CTX,Isopropylamine,-1.0,CSF,,2,1.0,3,0.5,3,2,0.9047619047619048,8,True,0.0792999095569304,True,1.0,1.0,1.0,1.0,2,1.0,2,1.0,2,1.0,3.0
ENSMUSG00000047139-C,-1.0,CTX,L-Glutamic acid,1.0,CSF,,0,,2,,2,0,-1.0,4,True,0.0,True,,-1.0,-1.0,,1,,1,-1.0,2,-1.0,2.0
ENSMUSG00000047139-C,-1.0,CTX,Picolinic acid,-1.0,CSF,,2,1.0,3,0.8660254037844387,3,2,0.9157291161525718,8,True,0.0573866877424722,True,1.0,1.0,1.0,1.0,2,1.0,2,1.0,2,1.0,3.0
ENSMUSG00000047260-C,1.0,CTX,Niacin,-1.0,CSF,,2,-0.8660254037844387,3,-1.0,3,2,-0.9940297973880048,8,True,2.290890480885837e-05,True,-1.0,-1.0,-1.0,-1.0,2,-1.0,2,-1.0,2,-1.0,3.0
ENSMUSG00000047694-C,-1.0,CTX,"Benzoic acid, 2-hydroxy-3-[(2-hydroxy-4-methoxy-6-propylbenzoyl)oxy]-4-methoxy-6-propyl-, methyl ester ",-1.0,CSF,,2,1.0,3,0.5,3,2,0.9285714285714288,8,True,0.0354861073872977,True,1.0,1.0,1.0,1.0,2,1.0,2,1.0,2,1.0,3.0
ENSMUSG00000047694-C,-1.0,CTX,Trimethylolpropane,-1.0,CSF,,0,,2,,2,0,1.0,4,True,0.0,True,,1.0,1.0,,1,,1,1.0,2,1.0,2.0
ENSMUSG00000047789-C,-1.0,CTX,L-Glutamic acid,1.0,CSF,,0,,2,,2,0,-1.0,4,True,0.0,True,,-1.0,-1.0,,1,,1,-1.0,2,-1.0,2.0
ENSMUSG00000047789-C,-1.0,CTX,"N,N-Dimethyl-2-aminoethanol",-1.0,CSF,,2,0.5,3,,2,1,0.9642857142857144,7,True,0.0190079298918555,True,1.0,1.0,1.0,1.0,2,1.0,2,1.0,2,1.0,3.0
ENSMUSG00000047909-C,-1.0,CTX,"1-(1-Hydroxybutyl)-2,5-dimethoxybenzene ",-1.0,CSF,,2,1.0,3,0.5,3,2,0.9047619047619048,8,True,0.0792999095569304,True,1.0,1.0,1.0,1.0,2,1.0,2,1.0,2,1.0,3.0
ENSMUSG00000048280-C,-1.0,CTX,"N,N-Dimethyl-2-aminoethanol",-1.0,CSF,,2,0.5,3,,2,1,0.9642857142857144,7,True,0.0190079298918555,True,1.0,1.0,1.0,1.0,2,1.0,2,1.0,2,1.0,3.0
ENSMUSG00000048921-C,-1.0,CTX,"2-Methylcyclohexylamine, tert.-butyldimethylsilyl ether",-1.0,CSF,,0,,2,,2,0,1.0,4,True,0.0,True,,1.0,1.0,,1,,1,1.0,2,1.0,2.0
ENSMUSG00000049124-C,-1.0,CTX,L-Glutamic acid,1.0,CSF,,0,,2,,2,0,-1.0,4,True,0.0,True,,-1.0,-1.0,,1,,1,-1.0,2,-1.0,2.0
ENSMUSG00000049600-C,1.0,CTX,"6-Methoxy-1-methyl-1,2,3,4-tetrahydroisoquinolin-7-ol ",-1.0,CSF,,0,,1,,2,0,-1.0,3,True,0.0,True,,-1.0,-1.0,,1,,1,-1.0,2,-1.0,2.0
ENSMUSG00000049929-C,-1.0,CTX,"6-Methoxy-1-methyl-1,2,3,4-tetrahydroisoquinolin-7-ol ",-1.0,CSF,,0,,1,,2,0,1.0,3,True,0.0,True,,1.0,1.0,,1,,1,1.0,2,1.0,2.0
ENSMUSG00000050164-C,1.0,CTX,Benzophenone,1.0,CSF,,1,1.0,3,1.0,3,2,0.9642857142857144,7,True,0.0190079298918555,True,1.0,1.0,1.0,1.0,2,1.0,2,1.0,2,1.0,3.0
ENSMUSG00000050174-C,1.0,CTX,"3,4,5-Trimethoxyamphetamine",1.0,CSF,,1,1.0,3,1.0,3,2,0.9285714285714288,7,True,0.0965338601097049,True,1.0,1.0,1.0,1.0,2,1.0,2,1.0,2,1.0,3.0
ENSMUSG00000050315-C,-1.0,CTX,"2-Methylcyclohexylamine, tert.-butyldimethylsilyl ether",-1.0,CSF,,0,,2,,2,0,1.0,4,True,0.0,True,,1.0,1.0,,1,,1,1.0,2,1.0,2.0
ENSMUSG00000050315-C,-1.0,CTX,2-Naphthol,-1.0,CSF,,2,1.0,3,1.0,3,2,0.9523809523809524,8,True,0.0110808820921217,True,1.0,1.0,1.0,1.0,2,1.0,2,1.0,2,1.0,3.0
ENSMUSG00000050315-C,-1.0,CTX,Phenoxyethanol,-1.0,CSF,,2,0.5,3,1.0,3,2,0.9047619047619048,8,True,0.0792999095569304,True,1.0,1.0,1.0,1.0,2,1.0,2,1.0,2,1.0,3.0
ENSMUSG00000050334-C,-1.0,CTX,Norephedrine,-1.0,CSF,,2,,2,1.0,3,1,0.9285714285714288,7,True,0.0965338601097049,True,1.0,1.0,1.0,1.0,2,1.0,2,1.0,2,1.0,3.0
ENSMUSG00000050538-C,-1.0,CTX,Adipoyl-L-carnitine,1.0,CSF,,1,,1,,2,0,-1.0,4,True,0.0,True,,-1.0,-1.0,,1,,1,-1.0,2,-1.0,2.0
ENSMUSG00000051278-C,-1.0,CTX,"L-Histidine, N,1-bis(tert-butyldimethylsilyl)-",-1.0,CSF,,2,1.0,3,1.0,3,2,0.880952380952381,8,True,0.1418733630990404,True,1.0,1.0,1.0,1.0,2,1.0,2,1.0,2,1.0,3.0
ENSMUSG00000051278-C,-1.0,CTX,Picolinic acid,-1.0,CSF,,2,1.0,3,0.8660254037844387,3,2,0.8795819141991809,8,True,0.1464633435810332,True,1.0,1.0,1.0,1.0,2,1.0,2,1.0,2,1.0,3.0
ENSMUSG00000051730-C,1.0,CTX,"2-Methylcyclohexylamine, tert.-butyldimethylsilyl ether",-1.0,CSF,,0,,2,,2,0,-1.0,4,True,0.0,True,,-1.0,-1.0,,1,,1,-1.0,2,-1.0,2.0
ENSMUSG00000052353-C,-1.0,CTX,"1-(1-Hydroxybutyl)-2,5-dimethoxybenzene ",-1.0,CSF,,2,1.0,3,0.5,3,2,0.880952380952381,8,True,0.1418733630990404,True,1.0,1.0,1.0,1.0,2,1.0,2,1.0,2,1.0,3.0
ENSMUSG00000052353-C,-1.0,CTX,Adipoyl-L-carnitine,1.0,CSF,,1,,1,,2,0,-1.0,4,True,0.0,True,,-1.0,-1.0,,1,,1,-1.0,2,-1.0,2.0
ENSMUSG00000053062-C,-1.0,CTX,"2,5-Dimethoxybenzonitrile",-1.0,CSF,,2,1.0,3,1.0,3,2,0.9523809523809524,8,True,0.0110808820921217,True,1.0,1.0,1.0,1.0,2,1.0,2,1.0,2,1.0,3.0
ENSMUSG00000053062-C,-1.0,CTX,Lignoceric acid,-1.0,CSF,,2,0.5,3,0.5,3,2,0.9285714285714288,8,True,0.0354861073872977,True,1.0,1.0,1.0,1.0,2,1.0,2,1.0,2,1.0,3.0
ENSMUSG00000053693-C,-1.0,CTX,"2-Methylcyclohexylamine, tert.-butyldimethylsilyl ether",-1.0,CSF,,0,,2,,2,0,1.0,4,True,0.0,True,,1.0,1.0,,1,,1,1.0,2,1.0,2.0
ENSMUSG00000053870-C,-1.0,CTX,"1,2-Cyclohexanediol, (Z)",1.0,CSF,,1,-1.0,3,-1.0,3,2,-0.9642857142857144,7,True,0.0190079298918555,True,-1.0,-1.0,-1.0,-1.0,2,-1.0,2,-1.0,2,-1.0,3.0
ENSMUSG00000053870-C,-1.0,CTX,"6-Methoxy-1-methyl-1,2,3,4-tetrahydroisoquinolin-7-ol ",-1.0,CSF,,0,,1,,2,0,1.0,3,True,0.0,True,,1.0,1.0,,1,,1,1.0,2,1.0,2.0
ENSMUSG00000053870-C,-1.0,CTX,Adipoyl-L-carnitine,1.0,CSF,,1,,1,,2,0,-1.0,4,True,0.0,True,,-1.0,-1.0,,1,,1,-1.0,2,-1.0,2.0
ENSMUSG00000053877-C,-1.0,CTX,"2,4-Di-tert-butylphenol",-1.0,CSF,,2,,0,1.0,3,1,1.0,5,True,6.078616870869687e-23,True,1.0,1.0,1.0,1.0,2,1.0,2,1.0,2,1.0,3.0
ENSMUSG00000053877-C,-1.0,CTX,"Benzoic acid, 2-hydroxy-3-[(2-hydroxy-4-methoxy-6-propylbenzoyl)oxy]-4-methoxy-6-propyl-, methyl ester ",-1.0,CSF,,2,1.0,3,1.0,3,2,0.9047619047619048,8,True,0.0792999095569304,True,1.0,1.0,1.0,1.0,2,1.0,2,1.0,2,1.0,3.0
ENSMUSG00000053877-C,-1.0,CTX,"L-Histidine, N,1-bis(tert-butyldimethylsilyl)-",-1.0,CSF,,2,0.5,3,1.0,3,2,0.9047619047619048,8,True,0.0792999095569304,True,1.0,1.0,1.0,1.0,2,1.0,2,1.0,2,1.0,3.0
ENSMUSG00000053877-C,-1.0,CTX,Mevalonolactone,-1.0,CSF,,2,1.0,3,0.8660254037844387,3,2,0.8982196964349441,8,True,0.0949723045352331,True,1.0,1.0,1.0,1.0,2,1.0,2,1.0,2,1.0,3.0
ENSMUSG00000054226-C,-1.0,CTX,N-Caffeoyl-O-methyltyramine,-1.0,CSF,,1,1.0,3,1.0,3,2,0.9642857142857144,7,True,0.0190079298918555,True,1.0,1.0,1.0,1.0,2,1.0,2,1.0,2,1.0,3.0
ENSMUSG00000054226-C,-1.0,CTX,Triethyl citrate,-1.0,CSF,,2,,1,1.0,3,1,0.9856107606091624,6,True,0.0131032756197463,True,1.0,1.0,1.0,1.0,2,1.0,2,1.0,2,1.0,3.0
ENSMUSG00000054226-C,-1.0,CTX,Trimethylolpropane,-1.0,CSF,,0,,2,,2,0,1.0,4,True,0.0,True,,1.0,1.0,,1,,1,1.0,2,1.0,2.0
ENSMUSG00000054237-C,-1.0,CTX,"2-Methylcyclohexylamine, tert.-butyldimethylsilyl ether",-1.0,CSF,,0,,2,,2,0,1.0,4,True,0.0,True,,1.0,1.0,,1,,1,1.0,2,1.0,2.0
ENSMUSG00000054648-C,-1.0,CTX,"6-Methoxy-1-methyl-1,2,3,4-tetrahydroisoquinolin-7-ol ",-1.0,CSF,,0,,1,,2,0,1.0,3,True,0.0,True,,1.0,1.0,,1,,1,1.0,2,1.0,2.0
ENSMUSG00000054723-C,-1.0,CTX,"2,3-Butanediol, O-(trimethylsilyl)-, monoacetate",-1.0,CSF,,2,0.5,3,0.8660254037844387,3,2,0.8862434338158116,8,True,0.1282175241235415,True,1.0,1.0,1.0,1.0,2,1.0,2,1.0,2,1.0,3.0
ENSMUSG00000054723-C,-1.0,CTX,L-Glutamic acid,1.0,CSF,,0,,2,,2,0,-1.0,4,True,0.0,True,,-1.0,-1.0,,1,,1,-1.0,2,-1.0,2.0
ENSMUSG00000055302-C,1.0,CTX,"1-(2,5-Dimethoxyphenyl)-1-[(trimethylsilyl)oxy]propan-2-amine",1.0,CSF,,2,0.5,3,1.0,3,2,0.880952380952381,8,True,0.1418733630990404,True,1.0,1.0,1.0,1.0,2,1.0,2,1.0,2,1.0,3.0
ENSMUSG00000055435-C,-1.0,CTX,"1-(2,4-Dimethoxyphenyl)-propan-2-one",-1.0,CSF,,2,,2,0.5,3,1,0.9189562119494704,7,True,0.1303488438597713,True,1.0,1.0,1.0,1.0,2,1.0,2,1.0,2,1.0,3.0
ENSMUSG00000055435-C,-1.0,CTX,Curcumin,-1.0,CSF,,2,0.5,3,1.0,3,2,0.9047619047619048,8,True,0.0792999095569304,True,1.0,1.0,1.0,1.0,2,1.0,2,1.0,2,1.0,3.0
ENSMUSG00000055538-C,-1.0,CTX,DL-Glyceraldehyde,-1.0,CSF,,2,0.5,3,0.8660254037844387,3,2,0.9461247469114746,8,True,0.0158773431418269,True,1.0,1.0,1.0,1.0,2,1.0,2,1.0,2,1.0,3.0
ENSMUSG00000055538-C,-1.0,CTX,Hydracrylic acid,-1.0,CSF,,2,1.0,3,0.5,3,2,0.880952380952381,8,True,0.1418733630990404,True,1.0,1.0,1.0,1.0,2,1.0,2,1.0,2,1.0,3.0
ENSMUSG00000055538-C,-1.0,CTX,Methyl lactate,-1.0,CSF,,1,0.5,3,1.0,3,2,0.9285714285714288,7,True,0.0965338601097049,True,1.0,1.0,1.0,1.0,2,1.0,2,1.0,2,1.0,3.0
ENSMUSG00000056536-C,-1.0,CTX,"2-Cyclohexen-1-one, 3-methyl-6-(1-methylethyl)",-1.0,CSF,,2,,2,1.0,3,1,0.9642857142857144,7,True,0.0190079298918555,True,1.0,1.0,1.0,1.0,2,1.0,2,1.0,2,1.0,3.0
ENSMUSG00000056536-C,-1.0,CTX,Adipoyl-L-carnitine,1.0,CSF,,1,,1,,2,0,-1.0,4,True,0.0,True,,-1.0,-1.0,,1,,1,-1.0,2,-1.0,2.0
ENSMUSG00000056602-C,-1.0,CTX,"2-Butenoic acid, 3-[(tert-butyldimethylsilyl)oxy]",-1.0,CSF,,2,0.5,3,1.0,3,2,0.880952380952381,8,True,0.1418733630990404,True,1.0,1.0,1.0,1.0,2,1.0,2,1.0,2,1.0,3.0
ENSMUSG00000056602-C,-1.0,CTX,"6-Methoxy-1-methyl-1,2,3,4-tetrahydroisoquinolin-7-ol ",-1.0,CSF,,0,,1,,2,0,1.0,3,True,0.0,True,,1.0,1.0,,1,,1,1.0,2,1.0,2.0
ENSMUSG00000056602-C,-1.0,CTX,N-Acetyl-L-alanine,-1.0,CSF,,2,1.0,3,0.5,3,2,0.880952380952381,8,True,0.1418733630990404,True,1.0,1.0,1.0,1.0,2,1.0,2,1.0,2,1.0,3.0
ENSMUSG00000056895-C,1.0,CTX,2-Methyl-3-pentanol,-1.0,CSF,,0,-1.0,3,,2,1,-1.0,5,True,6.078616870869687e-23,True,-1.0,-1.0,-1.0,-1.0,2,-1.0,2,-1.0,2,-1.0,3.0
ENSMUSG00000056895-C,1.0,CTX,"6-Methoxy-1-methyl-1,2,3,4-tetrahydroisoquinolin-7-ol ",-1.0,CSF,,0,,1,,2,0,-1.0,3,True,0.0,True,,-1.0,-1.0,,1,,1,-1.0,2,-1.0,2.0
ENSMUSG00000057440-C,-1.0,CTX,"6-Methoxy-1-methyl-1,2,3,4-tetrahydroisoquinolin-7-ol ",-1.0,CSF,,0,,1,,2,0,1.0,3,True,0.0,True,,1.0,1.0,,1,,1,1.0,2,1.0,2.0
ENSMUSG00000057778-C,1.0,CTX,2-Propyl-1-pentanol,-1.0,CSF,,1,-1.0,3,-1.0,3,2,-0.9285714285714288,7,True,0.0965338601097049,True,-1.0,-1.0,-1.0,-1.0,2,-1.0,2,-1.0,2,-1.0,3.0
ENSMUSG00000058258-C,-1.0,CTX,"3,4,5-Trimethoxyamphetamine",1.0,CSF,,1,-1.0,3,-1.0,3,2,-0.9285714285714288,7,True,0.0965338601097049,True,-1.0,-1.0,-1.0,-1.0,2,-1.0,2,-1.0,2,-1.0,3.0
ENSMUSG00000058603-C,1.0,CTX,Acetic acid,-1.0,CSF,,2,-1.0,3,,3,1,-0.8916681643888692,8,True,0.1118398131231143,True,-1.0,-1.0,-1.0,-1.0,2,-1.0,2,-1.0,2,-1.0,3.0
ENSMUSG00000058806-C,-1.0,CTX,"2-Methylcyclohexylamine, tert.-butyldimethylsilyl ether",-1.0,CSF,,0,,2,,2,0,1.0,4,True,0.0,True,,1.0,1.0,,1,,1,1.0,2,1.0,2.0
ENSMUSG00000058806-C,-1.0,CTX,2-Naphthol,-1.0,CSF,,2,1.0,3,1.0,3,2,0.880952380952381,8,True,0.1418733630990404,True,1.0,1.0,1.0,1.0,2,1.0,2,1.0,2,1.0,3.0
ENSMUSG00000058806-C,-1.0,CTX,Heptylamine,-1.0,CSF,,0,1.0,3,1.0,3,2,1.0,6,True,0.0,True,1.0,1.0,1.0,1.0,2,1.0,2,1.0,2,1.0,3.0
ENSMUSG00000058897-C,-1.0,CTX,"6-Methoxy-1-methyl-1,2,3,4-tetrahydroisoquinolin-7-ol ",-1.0,CSF,,0,,1,,2,0,1.0,3,True,0.0,True,,1.0,1.0,,1,,1,1.0,2,1.0,2.0
ENSMUSG00000058897-C,-1.0,CTX,Adipoyl-L-carnitine,1.0,CSF,,1,,1,,2,0,-1.0,4,True,0.0,True,,-1.0,-1.0,,1,,1,-1.0,2,-1.0,2.0
ENSMUSG00000058897-C,-1.0,CTX,Cyclooctylamine,-1.0,CSF,,2,0.5,3,0.5,3,2,0.880952380952381,8,True,0.1418733630990404,True,1.0,1.0,1.0,1.0,2,1.0,2,1.0,2,1.0,3.0
ENSMUSG00000058897-C,-1.0,CTX,N-Methylacetamide,-1.0,CSF,,2,0.5,3,0.8660254037844387,3,2,0.8982196964349441,8,True,0.0949723045352331,True,1.0,1.0,1.0,1.0,2,1.0,2,1.0,2,1.0,3.0
ENSMUSG00000059325-C,-1.0,CTX,"6-Methoxy-1-methyl-1,2,3,4-tetrahydroisoquinolin-7-ol ",-1.0,CSF,,0,,1,,2,0,1.0,3,True,0.0,True,,1.0,1.0,,1,,1,1.0,2,1.0,2.0
ENSMUSG00000059482-C,-1.0,CTX,Butanedioic acid,-1.0,CSF,,2,0.5,3,0.5,3,2,0.880952380952381,8,True,0.1418733630990404,True,1.0,1.0,1.0,1.0,2,1.0,2,1.0,2,1.0,3.0
ENSMUSG00000059482-C,-1.0,CTX,Phytanic acid,-1.0,CSF,,2,1.0,3,1.0,3,2,0.9047619047619048,8,True,0.0792999095569304,True,1.0,1.0,1.0,1.0,2,1.0,2,1.0,2,1.0,3.0
ENSMUSG00000059669-C,-1.0,CTX,2-Furoic acid,1.0,CSF,,2,-0.5,3,-0.5,3,2,-0.880952380952381,8,True,0.1418733630990404,True,-1.0,-1.0,-1.0,-1.0,2,-1.0,2,-1.0,2,-1.0,3.0
ENSMUSG00000059669-C,-1.0,CTX,"6-Methoxy-1-methyl-1,2,3,4-tetrahydroisoquinolin-7-ol ",-1.0,CSF,,0,,1,,2,0,1.0,3,True,0.0,True,,1.0,1.0,,1,,1,1.0,2,1.0,2.0
ENSMUSG00000059791-C,-1.0,CTX,4-Aminobutanoic acid,-1.0,CSF,,2,1.0,3,1.0,3,2,0.880952380952381,8,True,0.1418733630990404,True,1.0,1.0,1.0,1.0,2,1.0,2,1.0,2,1.0,3.0
ENSMUSG00000059975-C,-1.0,CTX,"3-(4,7-Dimethoxy-2H-1,3-benzodioxol-5-yl)-2-methylprop-2-enal",-1.0,CSF,,2,1.0,3,1.0,3,2,0.880952380952381,8,True,0.1418733630990404,True,1.0,1.0,1.0,1.0,2,1.0,2,1.0,2,1.0,3.0
ENSMUSG00000059975-C,-1.0,CTX,"6-Methoxy-1-methyl-1,2,3,4-tetrahydroisoquinolin-7-ol ",-1.0,CSF,,0,,1,,2,0,1.0,3,True,0.0,True,,1.0,1.0,,1,,1,1.0,2,1.0,2.0
ENSMUSG00000059975-C,-1.0,CTX,Cyclobutylamine,-1.0,CSF,,2,1.0,3,1.0,3,2,0.9047619047619048,8,True,0.0792999095569304,True,1.0,1.0,1.0,1.0,2,1.0,2,1.0,2,1.0,3.0
ENSMUSG00000059975-C,-1.0,CTX,Cyclooctylamine,-1.0,CSF,,2,1.0,3,1.0,3,2,0.9047619047619048,8,True,0.0792999095569304,True,1.0,1.0,1.0,1.0,2,1.0,2,1.0,2,1.0,3.0
ENSMUSG00000059975-C,-1.0,CTX,N-Methylacetamide,-1.0,CSF,,2,1.0,3,0.8660254037844387,3,2,0.8982196964349441,8,True,0.0949723045352331,True,1.0,1.0,1.0,1.0,2,1.0,2,1.0,2,1.0,3.0
ENSMUSG00000059975-C,-1.0,CTX,Trimethylolpropane,-1.0,CSF,,0,,2,,2,0,1.0,4,True,0.0,True,,1.0,1.0,,1,,1,1.0,2,1.0,2.0
ENSMUSG00000060279-C,1.0,CTX,"2,4,6-Cycloheptatrien-1-one",-1.0,CSF,,2,,1,,2,0,-1.0,5,True,6.078616870869687e-23,True,,-1.0,-1.0,,1,,1,-1.0,2,-1.0,2.0
ENSMUSG00000060279-C,1.0,CTX,Adipoyl-L-carnitine,1.0,CSF,,1,,1,,2,0,1.0,4,True,0.0,True,,1.0,1.0,,1,,1,1.0,2,1.0,2.0
ENSMUSG00000060487-C,-1.0,CTX,L-Glutamic acid,1.0,CSF,,0,,2,,2,0,-1.0,4,True,0.0,True,,-1.0,-1.0,,1,,1,-1.0,2,-1.0,2.0
ENSMUSG00000060548-C,-1.0,CTX,Phytanic acid,-1.0,CSF,,2,1.0,3,1.0,3,2,0.9047619047619048,8,True,0.0792999095569304,True,1.0,1.0,1.0,1.0,2,1.0,2,1.0,2,1.0,3.0
ENSMUSG00000060548-C,-1.0,CTX,Urea,-1.0,CSF,,2,1.0,3,1.0,3,2,0.9047619047619048,8,True,0.0792999095569304,True,1.0,1.0,1.0,1.0,2,1.0,2,1.0,2,1.0,3.0
ENSMUSG00000060743-C,-1.0,CTX,"2,3-Butanediol, O-(trimethylsilyl)-, monoacetate",-1.0,CSF,,2,1.0,3,0.8660254037844387,3,2,0.9700772721497396,8,True,0.0028117748128617,True,1.0,1.0,1.0,1.0,2,1.0,2,1.0,2,1.0,3.0
ENSMUSG00000061244-C,-1.0,CTX,Adipoyl-L-carnitine,1.0,CSF,,1,,1,,2,0,-1.0,4,True,0.0,True,,-1.0,-1.0,,1,,1,-1.0,2,-1.0,2.0
ENSMUSG00000061244-C,-1.0,CTX,"N,N-Dimethyl-2-aminoethanol",-1.0,CSF,,2,0.5,3,,2,1,0.9285714285714288,7,True,0.0965338601097049,True,1.0,1.0,1.0,1.0,2,1.0,2,1.0,2,1.0,3.0
ENSMUSG00000063109-C,-1.0,CTX,"Propanoic acid, 3-[(tert-butyldimethylsilyl)oxy]-2-methyl-",1.0,CSF,,2,,3,,2,0,-0.9145291883606756,7,True,0.1441969334430162,True,,-1.0,-1.0,,1,,1,-1.0,2,-1.0,2.0
ENSMUSG00000063439-C,1.0,CTX,Acetic acid,-1.0,CSF,,2,-0.8660254037844387,3,,3,1,-0.9142074905486915,8,True,0.0604395516135506,True,-1.0,-1.0,-1.0,-1.0,2,-1.0,2,-1.0,2,-1.0,3.0
ENSMUSG00000063439-C,1.0,CTX,Azelaic acid,-1.0,CSF,,2,-1.0,3,0.5,3,2,-0.9285714285714288,8,True,0.0354861073872977,True,,-1.0,-1.0,,1,,1,-1.0,2,-1.0,2.0
ENSMUSG00000063439-C,1.0,CTX,Monocaproin,-1.0,CSF,,2,,1,,2,0,-1.0,5,True,6.078616870869687e-23,True,,-1.0,-1.0,,1,,1,-1.0,2,-1.0,2.0
ENSMUSG00000063439-C,1.0,CTX,Salsoline,1.0,CSF,,2,,2,1.0,3,1,0.9642857142857144,7,True,0.0190079298918555,True,1.0,1.0,1.0,1.0,2,1.0,2,1.0,2,1.0,3.0
ENSMUSG00000063663-C,-1.0,CTX,"6-Methoxy-1-methyl-1,2,3,4-tetrahydroisoquinolin-7-ol ",-1.0,CSF,,0,,1,,2,0,1.0,3,True,0.0,True,,1.0,1.0,,1,,1,1.0,2,1.0,2.0
ENSMUSG00000066042-C,1.0,CTX,"1-(2,4-Dimethoxyphenyl)-propan-2-one",-1.0,CSF,,2,,2,-0.5,3,1,-0.9549937104572924,7,True,0.0334900065811391,True,-1.0,-1.0,-1.0,-1.0,2,-1.0,2,-1.0,2,-1.0,3.0
ENSMUSG00000066042-C,1.0,CTX,"1,3-Oxazolidine, 2,5-diphenyl-4-methyl-, trans-",-1.0,CSF,,2,-1.0,3,-0.5,3,2,-0.9047619047619048,8,True,0.0792999095569304,True,-1.0,-1.0,-1.0,-1.0,2,-1.0,2,-1.0,2,-1.0,3.0
ENSMUSG00000066441-C,-1.0,CTX,"2-Methylcyclohexylamine, tert.-butyldimethylsilyl ether",-1.0,CSF,,0,,2,,2,0,1.0,4,True,0.0,True,,1.0,1.0,,1,,1,1.0,2,1.0,2.0
ENSMUSG00000066441-C,-1.0,CTX,Monocaproin,-1.0,CSF,,2,,1,,2,0,1.0,5,True,6.078616870869687e-23,True,,1.0,1.0,,1,,1,1.0,2,1.0,2.0
ENSMUSG00000067028-C,-1.0,CTX,"1,2-Cyclohexanediol, (Z)",1.0,CSF,,1,-0.5,3,-0.5,3,2,-0.9285714285714288,7,True,0.0965338601097049,True,-1.0,-1.0,-1.0,-1.0,2,-1.0,2,-1.0,2,-1.0,3.0
ENSMUSG00000067028-C,-1.0,CTX,"6-Methoxy-1-methyl-1,2,3,4-tetrahydroisoquinolin-7-ol ",-1.0,CSF,,0,,1,,2,0,1.0,3,True,0.0,True,,1.0,1.0,,1,,1,1.0,2,1.0,2.0
ENSMUSG00000067028-C,-1.0,CTX,Adipoyl-L-carnitine,1.0,CSF,,1,,1,,2,0,-1.0,4,True,0.0,True,,-1.0,-1.0,,1,,1,-1.0,2,-1.0,2.0
ENSMUSG00000067028-C,-1.0,CTX,Isopropylamine,-1.0,CSF,,2,1.0,3,1.0,3,2,0.9700772721497398,8,True,0.0028117748128617,True,1.0,1.0,1.0,1.0,2,1.0,2,1.0,2,1.0,3.0
ENSMUSG00000067924-C,1.0,CTX,"6-Methoxy-1-methyl-1,2,3,4-tetrahydroisoquinolin-7-ol ",-1.0,CSF,,0,,1,,2,0,-1.0,3,True,0.0,True,,-1.0,-1.0,,1,,1,-1.0,2,-1.0,2.0
ENSMUSG00000068114-C,1.0,CTX,"6-Methoxy-1-methyl-1,2,3,4-tetrahydroisoquinolin-7-ol ",-1.0,CSF,,0,,1,,2,0,-1.0,3,True,0.0,True,,-1.0,-1.0,,1,,1,-1.0,2,-1.0,2.0
ENSMUSG00000068196-C,1.0,CTX,"6-Methoxy-1-methyl-1,2,3,4-tetrahydroisoquinolin-7-ol ",-1.0,CSF,,0,,1,,2,0,-1.0,3,True,0.0,True,,-1.0,-1.0,,1,,1,-1.0,2,-1.0,2.0
ENSMUSG00000068457-C,-1.0,CTX,"2,6-di-tert-Butyl-4-(dimethylaminomethyl)phenol",-1.0,CSF,,2,,2,,1,0,1.0,5,True,6.078616870869687e-23,True,,1.0,1.0,,1,,1,1.0,2,1.0,2.0
ENSMUSG00000068522-C,-1.0,CTX,"1-(1-Hydroxybutyl)-2,5-dimethoxybenzene ",-1.0,CSF,,2,0.5,3,1.0,3,2,0.880952380952381,8,True,0.1418733630990404,True,1.0,1.0,1.0,1.0,2,1.0,2,1.0,2,1.0,3.0
ENSMUSG00000068522-C,-1.0,CTX,Mevalonolactone,-1.0,CSF,,2,1.0,3,0.8660254037844387,3,2,0.8982196964349441,8,True,0.0949723045352331,True,1.0,1.0,1.0,1.0,2,1.0,2,1.0,2,1.0,3.0
ENSMUSG00000068742-C,1.0,CTX,Benzophenone,1.0,CSF,,1,0.5,3,1.0,3,2,0.9285714285714288,7,True,0.0965338601097049,True,1.0,1.0,1.0,1.0,2,1.0,2,1.0,2,1.0,3.0
ENSMUSG00000069020-C,1.0,CTX,Glycine,-1.0,CSF,,2,-1.0,3,-1.0,3,2,-0.9047619047619048,8,True,0.0792999095569304,True,-1.0,-1.0,-1.0,-1.0,2,-1.0,2,-1.0,2,-1.0,3.0
ENSMUSG00000069072-C,-1.0,CTX,Adipoyl-L-carnitine,1.0,CSF,,1,,1,,2,0,-1.0,4,True,0.0,True,,-1.0,-1.0,,1,,1,-1.0,2,-1.0,2.0
ENSMUSG00000069072-C,-1.0,CTX,Isopropylamine,-1.0,CSF,,2,1.0,3,1.0,3,2,0.9523809523809524,8,True,0.0110808820921217,True,1.0,1.0,1.0,1.0,2,1.0,2,1.0,2,1.0,3.0
ENSMUSG00000069089-C,-1.0,CTX,Monocaproin,-1.0,CSF,,2,,1,,2,0,1.0,5,True,6.078616870869687e-23,True,,1.0,1.0,,1,,1,1.0,2,1.0,2.0
ENSMUSG00000069206-C,1.0,CTX,Aconitic acid,1.0,CSF,,2,1.0,3,0.5,3,2,0.880952380952381,8,True,0.1418733630990404,True,1.0,1.0,1.0,1.0,2,1.0,2,1.0,2,1.0,3.0
ENSMUSG00000069670-C,-1.0,CTX,"Erythrono-1,4-lactone",-1.0,CSF,,2,1.0,3,1.0,3,2,0.9047619047619048,8,True,0.0792999095569304,True,1.0,1.0,1.0,1.0,2,1.0,2,1.0,2,1.0,3.0
ENSMUSG00000069769-C,-1.0,CTX,"2-Methylcyclohexylamine, tert.-butyldimethylsilyl ether",-1.0,CSF,,0,,2,,2,0,1.0,4,True,0.0,True,,1.0,1.0,,1,,1,1.0,2,1.0,2.0
ENSMUSG00000070407-C,1.0,CTX,"Propanoic acid, 3-[(tert-butyldimethylsilyl)oxy]-2-methyl-",1.0,CSF,,2,0.8660254037844387,3,,2,1,0.9549937104572924,7,True,0.0334900065811391,True,1.0,1.0,1.0,1.0,2,1.0,2,1.0,2,1.0,3.0
ENSMUSG00000070871-C,-1.0,CTX,"6-Methoxy-1-methyl-1,2,3,4-tetrahydroisoquinolin-7-ol ",-1.0,CSF,,0,,1,,2,0,1.0,3,True,0.0,True,,1.0,1.0,,1,,1,1.0,2,1.0,2.0
ENSMUSG00000071637-C,1.0,CTX,3-Amino-5-methylisoxazole,-1.0,CSF,,2,-0.5,3,0.5,3,2,-0.880952380952381,8,True,0.1418733630990404,True,,-1.0,-1.0,,1,,1,-1.0,2,-1.0,2.0
ENSMUSG00000071637-C,1.0,CTX,Adipoyl-L-carnitine,1.0,CSF,,1,,1,,2,0,1.0,4,True,0.0,True,,1.0,1.0,,1,,1,1.0,2,1.0,2.0
ENSMUSG00000071711-C,1.0,CTX,alpha-Hydroxyisobutyric acid,-1.0,CSF,,0,-1.0,3,,2,1,-1.0,5,True,6.078616870869687e-23,True,-1.0,-1.0,-1.0,-1.0,2,-1.0,2,-1.0,2,-1.0,3.0
ENSMUSG00000072893-C,-1.0,CTX,"3-(4,7-Dimethoxy-2H-1,3-benzodioxol-5-yl)-2-methylprop-2-enal",-1.0,CSF,,2,1.0,3,1.0,3,2,0.880952380952381,8,True,0.1418733630990404,True,1.0,1.0,1.0,1.0,2,1.0,2,1.0,2,1.0,3.0
ENSMUSG00000072893-C,-1.0,CTX,Cyclobutylamine,-1.0,CSF,,2,1.0,3,1.0,3,2,0.9047619047619048,8,True,0.0792999095569304,True,1.0,1.0,1.0,1.0,2,1.0,2,1.0,2,1.0,3.0
ENSMUSG00000072893-C,-1.0,CTX,L-Glutamic acid,1.0,CSF,,0,,2,,2,0,-1.0,4,True,0.0,True,,-1.0,-1.0,,1,,1,-1.0,2,-1.0,2.0
ENSMUSG00000072893-C,-1.0,CTX,"L-Histidine, N,1-bis(tert-butyldimethylsilyl)-",-1.0,CSF,,2,1.0,3,0.5,3,2,0.880952380952381,8,True,0.1418733630990404,True,1.0,1.0,1.0,1.0,2,1.0,2,1.0,2,1.0,3.0
ENSMUSG00000072893-C,-1.0,CTX,"N,N-Dimethyl-2-aminoethanol",-1.0,CSF,,2,0.5,3,,2,1,0.9285714285714288,7,True,0.0965338601097049,True,1.0,1.0,1.0,1.0,2,1.0,2,1.0,2,1.0,3.0
ENSMUSG00000072893-C,-1.0,CTX,N-Acetylaminoethanol,-1.0,CSF,,2,0.5,3,0.8660254037844387,3,2,0.8862434338158116,8,True,0.1282175241235415,True,1.0,1.0,1.0,1.0,2,1.0,2,1.0,2,1.0,3.0
ENSMUSG00000072893-C,-1.0,CTX,Picolinic acid,-1.0,CSF,,2,1.0,3,0.8660254037844387,3,2,0.9518763181059628,8,True,0.011429820082332,True,1.0,1.0,1.0,1.0,2,1.0,2,1.0,2,1.0,3.0
ENSMUSG00000073374-C,-1.0,CTX,Glycerol,-1.0,CSF,,2,1.0,3,0.5,3,2,0.9047619047619048,8,True,0.0792999095569304,True,1.0,1.0,1.0,1.0,2,1.0,2,1.0,2,1.0,3.0
ENSMUSG00000073664-C,-1.0,CTX,"2,4-Di-tert-butylphenol",-1.0,CSF,,2,,0,1.0,3,1,1.0,5,True,6.078616870869687e-23,True,1.0,1.0,1.0,1.0,2,1.0,2,1.0,2,1.0,3.0
ENSMUSG00000073664-C,-1.0,CTX,"Benzoic acid, 2-hydroxy-3-[(2-hydroxy-4-methoxy-6-propylbenzoyl)oxy]-4-methoxy-6-propyl-, methyl ester ",-1.0,CSF,,2,1.0,3,1.0,3,2,0.9047619047619048,8,True,0.0792999095569304,True,1.0,1.0,1.0,1.0,2,1.0,2,1.0,2,1.0,3.0
ENSMUSG00000073664-C,-1.0,CTX,Butylmethylamine,-1.0,CSF,,2,1.0,3,0.8660254037844387,3,2,0.9461247469114746,8,True,0.0158773431418269,True,1.0,1.0,1.0,1.0,2,1.0,2,1.0,2,1.0,3.0
ENSMUSG00000073664-C,-1.0,CTX,Monocaproin,-1.0,CSF,,2,,1,,2,0,1.0,5,True,6.078616870869687e-23,True,,1.0,1.0,,1,,1,1.0,2,1.0,2.0
ENSMUSG00000073702-C,1.0,CTX,Aconitic acid,1.0,CSF,,2,0.5,3,1.0,3,2,0.9047619047619048,8,True,0.0792999095569304,True,1.0,1.0,1.0,1.0,2,1.0,2,1.0,2,1.0,3.0
ENSMUSG00000074220-C,-1.0,CTX,"1-(1-Hydroxybutyl)-2,5-dimethoxybenzene ",-1.0,CSF,,2,1.0,3,0.5,3,2,0.9047619047619048,8,True,0.0792999095569304,True,1.0,1.0,1.0,1.0,2,1.0,2,1.0,2,1.0,3.0
ENSMUSG00000074252-C,-1.0,CTX,"(2,5-Dimethoxyphenyl)acetone",-1.0,CSF,,2,1.0,3,1.0,3,2,0.8982196964349441,8,True,0.0949723045352331,True,1.0,1.0,1.0,1.0,2,1.0,2,1.0,2,1.0,3.0
ENSMUSG00000074656-C,1.0,CTX,Glycine,-1.0,CSF,,2,-0.5,3,-1.0,3,2,-0.9523809523809524,8,True,0.0110808820921217,True,-1.0,-1.0,-1.0,-1.0,2,-1.0,2,-1.0,2,-1.0,3.0
ENSMUSG00000074916-C,-1.0,CTX,Phytanic acid,-1.0,CSF,,2,1.0,3,0.5,3,2,0.9027075674773932,8,True,0.0843346716100844,True,1.0,1.0,1.0,1.0,2,1.0,2,1.0,2,1.0,3.0
ENSMUSG00000078091-C,1.0,CTX,2-Propyl-1-pentanol,-1.0,CSF,,1,-1.0,3,-0.8660254037844387,3,2,-0.9189562119494704,7,True,0.1303488438597713,True,-1.0,-1.0,-1.0,-1.0,2,-1.0,2,-1.0,2,-1.0,3.0
ENSMUSG00000078091-C,1.0,CTX,m-Toluic acid,-1.0,CSF,,2,-1.0,3,-0.8660254037844387,3,2,-0.8862434338158116,8,True,0.1282175241235415,True,-1.0,-1.0,-1.0,-1.0,2,-1.0,2,-1.0,2,-1.0,3.0
ENSMUSG00000078451-C,-1.0,CTX,"2,5-Dimethoxybenzhydrazide",-1.0,CSF,,2,1.0,3,1.0,3,2,0.880952380952381,8,True,0.1418733630990404,True,1.0,1.0,1.0,1.0,2,1.0,2,1.0,2,1.0,3.0
ENSMUSG00000078451-C,-1.0,CTX,"3-(4,7-Dimethoxy-2H-1,3-benzodioxol-5-yl)-2-methylprop-2-enal",-1.0,CSF,,2,1.0,3,0.5,3,2,0.9047619047619048,8,True,0.0792999095569304,True,1.0,1.0,1.0,1.0,2,1.0,2,1.0,2,1.0,3.0
ENSMUSG00000078451-C,-1.0,CTX,Monocaproin,-1.0,CSF,,2,,1,,2,0,1.0,5,True,6.078616870869687e-23,True,,1.0,1.0,,1,,1,1.0,2,1.0,2.0
ENSMUSG00000078451-C,-1.0,CTX,Salsoline,1.0,CSF,,2,,2,-1.0,3,1,-1.0,7,True,0.0,True,-1.0,-1.0,-1.0,-1.0,2,-1.0,2,-1.0,2,-1.0,3.0
ENSMUSG00000078532-C,-1.0,CTX,N-Acetyl-L-alanine,-1.0,CSF,,2,1.0,3,0.5,3,2,0.9101959590540768,8,True,0.0688254988698511,True,1.0,1.0,1.0,1.0,2,1.0,2,1.0,2,1.0,3.0
ENSMUSG00000078653-C,1.0,CTX,"6-Methoxy-1-methyl-1,2,3,4-tetrahydroisoquinolin-7-ol ",-1.0,CSF,,0,,1,,2,0,-1.0,3,True,0.0,True,,-1.0,-1.0,,1,,1,-1.0,2,-1.0,2.0
ENSMUSG00000078716-C,-1.0,CTX,"2-Methylcyclohexylamine, tert.-butyldimethylsilyl ether",-1.0,CSF,,0,,2,,2,0,1.0,4,True,0.0,True,,1.0,1.0,,1,,1,1.0,2,1.0,2.0
ENSMUSG00000083396-C,1.0,CTX,Pipecolic acid,-1.0,CSF,,2,-1.0,3,0.5000000000000001,3,2,-0.8835852486128688,8,True,0.1367873080969927,True,,-1.0,-1.0,,1,,1,-1.0,2,-1.0,2.0
ENSMUSG00000083563-C,-1.0,CTX,L-Glutamic acid,1.0,CSF,,0,,2,,2,0,-1.0,4,True,0.0,True,,-1.0,-1.0,,1,,1,-1.0,2,-1.0,2.0
ENSMUSG00000085255-C,-1.0,CTX,"6-Methoxy-1-methyl-1,2,3,4-tetrahydroisoquinolin-7-ol ",-1.0,CSF,,0,,1,,2,0,1.0,3,True,0.0,True,,1.0,1.0,,1,,1,1.0,2,1.0,2.0
ENSMUSG00000085315-C,-1.0,CTX,"Cyclohexanone, 3,3,5-trimethyl",-1.0,CSF,,2,,2,1.0,3,1,0.9189562119494704,7,True,0.1303488438597713,True,1.0,1.0,1.0,1.0,2,1.0,2,1.0,2,1.0,3.0
ENSMUSG00000085315-C,-1.0,CTX,Trimethylolpropane,-1.0,CSF,,0,,2,,2,0,1.0,4,True,0.0,True,,1.0,1.0,,1,,1,1.0,2,1.0,2.0
ENSMUSG00000086370-C,-1.0,CTX,4-Aminobutanoic acid,-1.0,CSF,,2,1.0,3,1.0,3,2,0.880952380952381,8,True,0.1418733630990404,True,1.0,1.0,1.0,1.0,2,1.0,2,1.0,2,1.0,3.0
ENSMUSG00000086822-C,-1.0,CTX,"6-Methoxy-1-methyl-1,2,3,4-tetrahydroisoquinolin-7-ol ",-1.0,CSF,,0,,1,,2,0,1.0,3,True,0.0,True,,1.0,1.0,,1,,1,1.0,2,1.0,2.0
ENSMUSG00000087352-C,1.0,CTX,Lignoceric acid,-1.0,CSF,,2,-1.0,3,-0.5,3,2,-0.880952380952381,8,True,0.1418733630990404,True,-1.0,-1.0,-1.0,-1.0,2,-1.0,2,-1.0,2,-1.0,3.0
ENSMUSG00000087516-C,-1.0,CTX,"6-Methoxy-1-methyl-1,2,3,4-tetrahydroisoquinolin-7-ol ",-1.0,CSF,,0,,1,,2,0,1.0,3,True,0.0,True,,1.0,1.0,,1,,1,1.0,2,1.0,2.0
ENSMUSG00000087516-C,-1.0,CTX,Adipoyl-L-carnitine,1.0,CSF,,1,,1,,2,0,-1.0,4,True,0.0,True,,-1.0,-1.0,,1,,1,-1.0,2,-1.0,2.0
ENSMUSG00000087516-C,-1.0,CTX,Trimethylolpropane,-1.0,CSF,,0,,2,,2,0,1.0,4,True,0.0,True,,1.0,1.0,,1,,1,1.0,2,1.0,2.0
ENSMUSG00000088208-C,-1.0,CTX,Norephedrine,-1.0,CSF,,2,,2,1.0,3,1,0.9636241116594316,7,True,0.0198841514090898,True,1.0,1.0,1.0,1.0,2,1.0,2,1.0,2,1.0,3.0
ENSMUSG00000089941-C,1.0,CTX,"6-Methoxy-1-methyl-1,2,3,4-tetrahydroisoquinolin-7-ol ",-1.0,CSF,,0,,1,,2,0,-1.0,3,True,0.0,True,,-1.0,-1.0,,1,,1,-1.0,2,-1.0,2.0
ENSMUSG00000090290-C,-1.0,CTX,4-Oxohexanoic acid,1.0,CSF,,2,,1,-1.0,3,1,-1.0,6,True,0.0,True,-1.0,-1.0,-1.0,-1.0,2,-1.0,2,-1.0,2,-1.0,3.0
ENSMUSG00000090290-C,-1.0,CTX,"6-Methoxy-1-methyl-1,2,3,4-tetrahydroisoquinolin-7-ol ",-1.0,CSF,,0,,1,,2,0,1.0,3,True,0.0,True,,1.0,1.0,,1,,1,1.0,2,1.0,2.0
ENSMUSG00000090523-C,1.0,CTX,L-Glutamic acid,1.0,CSF,,0,,2,,2,0,1.0,4,True,0.0,True,,1.0,1.0,,1,,1,1.0,2,1.0,2.0
ENSMUSG00000092074-C,-1.0,CTX,"2,4-Di-tert-butylphenol",-1.0,CSF,,2,,0,1.0,3,1,1.0,5,True,6.078616870869687e-23,True,1.0,1.0,1.0,1.0,2,1.0,2,1.0,2,1.0,3.0
ENSMUSG00000092074-C,-1.0,CTX,"Hymexazole, tert-butyldimethylsilyl ether",-1.0,CSF,,2,0.5,3,1.0,3,2,0.9047619047619048,8,True,0.0792999095569304,True,1.0,1.0,1.0,1.0,2,1.0,2,1.0,2,1.0,3.0
ENSMUSG00000092074-C,-1.0,CTX,Phenoxyethanol,-1.0,CSF,,2,1.0,3,1.0,3,2,0.9047619047619048,8,True,0.0792999095569304,True,1.0,1.0,1.0,1.0,2,1.0,2,1.0,2,1.0,3.0
ENSMUSG00000092074-C,-1.0,CTX,Synephrine,-1.0,CSF,,2,1.0,3,0.8660254037844387,3,2,0.9221722216732094,8,True,0.0454505036541215,True,1.0,1.0,1.0,1.0,2,1.0,2,1.0,2,1.0,3.0
ENSMUSG00000092074-C,-1.0,CTX,Uracil,-1.0,CSF,,2,1.0,3,1.0,3,2,0.9761904761904764,8,True,0.0014275193689881,True,1.0,1.0,1.0,1.0,2,1.0,2,1.0,2,1.0,3.0
ENSMUSG00000092074-C,-1.0,CTX,Xylazine,-1.0,CSF,,2,1.0,3,1.0,3,2,1.0,8,True,0.0,True,1.0,1.0,1.0,1.0,2,1.0,2,1.0,2,1.0,3.0
ENSMUSG00000093930-C,-1.0,CTX,L-Glutamic acid,1.0,CSF,,0,,2,,2,0,-1.0,4,True,0.0,True,,-1.0,-1.0,,1,,1,-1.0,2,-1.0,2.0
ENSMUSG00000094595-C,-1.0,CTX,"Propanoic acid, dimethyl(isopropyl)silyl ester",-1.0,CSF,,0,1.0,3,1.0,3,2,1.0,6,True,0.0,True,1.0,1.0,1.0,1.0,2,1.0,2,1.0,2,1.0,3.0
ENSMUSG00000094724-C,-1.0,CTX,"6-Methoxy-1-methyl-1,2,3,4-tetrahydroisoquinolin-7-ol ",-1.0,CSF,,0,,1,,2,0,1.0,3,True,0.0,True,,1.0,1.0,,1,,1,1.0,2,1.0,2.0
ENSMUSG00000094840-C,-1.0,CTX,DL-Glyceraldehyde,-1.0,CSF,,2,1.0,3,0.8660254037844387,3,2,0.9221722216732094,8,True,0.0454505036541215,True,1.0,1.0,1.0,1.0,2,1.0,2,1.0,2,1.0,3.0
ENSMUSG00000095253-C,-1.0,CTX,"Erythrono-1,4-lactone",-1.0,CSF,,2,1.0,3,1.0,3,2,0.9285714285714288,8,True,0.0354861073872977,True,1.0,1.0,1.0,1.0,2,1.0,2,1.0,2,1.0,3.0
ENSMUSG00000097156-C,-1.0,CTX,DL-Glyceraldehyde,-1.0,CSF,,2,1.0,3,0.8660254037844387,3,2,0.934148484292342,8,True,0.0283183650114095,True,1.0,1.0,1.0,1.0,2,1.0,2,1.0,2,1.0,3.0
ENSMUSG00000097156-C,-1.0,CTX,Hydracrylic acid,-1.0,CSF,,2,0.5,3,0.5,3,2,0.880952380952381,8,True,0.1418733630990404,True,1.0,1.0,1.0,1.0,2,1.0,2,1.0,2,1.0,3.0
ENSMUSG00000097156-C,-1.0,CTX,Methyl lactate,-1.0,CSF,,1,1.0,3,1.0,3,2,1.0,7,True,0.0,True,1.0,1.0,1.0,1.0,2,1.0,2,1.0,2,1.0,3.0
ENSMUSG00000097156-C,-1.0,CTX,Norephedrine,-1.0,CSF,,2,,2,1.0,3,1,0.9285714285714288,7,True,0.0965338601097049,True,1.0,1.0,1.0,1.0,2,1.0,2,1.0,2,1.0,3.0
ENSMUSG00000097316-C,-1.0,CTX,"1-Octanol, 2-butyl-",-1.0,CSF,,2,0.8660254037844387,3,1.0,3,2,0.8862434338158116,8,True,0.1282175241235415,True,1.0,1.0,1.0,1.0,2,1.0,2,1.0,2,1.0,3.0
ENSMUSG00000097316-C,-1.0,CTX,"2,4-Di-tert-butylphenol",-1.0,CSF,,2,,0,1.0,3,1,1.0,5,True,6.078616870869687e-23,True,1.0,1.0,1.0,1.0,2,1.0,2,1.0,2,1.0,3.0
ENSMUSG00000097316-C,-1.0,CTX,Urea,-1.0,CSF,,2,0.5,3,0.5,3,2,0.880952380952381,8,True,0.1418733630990404,True,1.0,1.0,1.0,1.0,2,1.0,2,1.0,2,1.0,3.0
ENSMUSG00000097497-C,-1.0,CTX,"3,5-Dimethylphenol",1.0,CSF,,2,-0.5,3,-1.0,3,2,-0.9047619047619048,8,True,0.0792999095569304,True,-1.0,-1.0,-1.0,-1.0,2,-1.0,2,-1.0,2,-1.0,3.0
ENSMUSG00000097497-C,-1.0,CTX,Isopropylamine,-1.0,CSF,,2,1.0,3,1.0,3,2,0.9047619047619048,8,True,0.0792999095569304,True,1.0,1.0,1.0,1.0,2,1.0,2,1.0,2,1.0,3.0
ENSMUSG00000097602-C,-1.0,CTX,"6-Methoxy-1-methyl-1,2,3,4-tetrahydroisoquinolin-7-ol ",-1.0,CSF,,0,,1,,2,0,1.0,3,True,0.0,True,,1.0,1.0,,1,,1,1.0,2,1.0,2.0
ENSMUSG00000097793-C,1.0,CTX,"2,4,6-Cycloheptatrien-1-one",-1.0,CSF,,2,,1,,2,0,-1.0,5,True,6.078616870869687e-23,True,,-1.0,-1.0,,1,,1,-1.0,2,-1.0,2.0
ENSMUSG00000097793-C,1.0,CTX,"2-Cyclohexen-1-one, 3-methyl-6-(1-methylethyl)",-1.0,CSF,,2,,2,-0.5,3,1,-0.9549937104572924,7,True,0.0334900065811391,True,-1.0,-1.0,-1.0,-1.0,2,-1.0,2,-1.0,2,-1.0,3.0
ENSMUSG00000098739-C,-1.0,CTX,"6-Methoxy-1-methyl-1,2,3,4-tetrahydroisoquinolin-7-ol ",-1.0,CSF,,0,,1,,2,0,1.0,3,True,0.0,True,,1.0,1.0,,1,,1,1.0,2,1.0,2.0
ENSMUSG00000102018-C,-1.0,CTX,"6-Methoxy-1-methyl-1,2,3,4-tetrahydroisoquinolin-7-ol ",-1.0,CSF,,0,,1,,2,0,1.0,3,True,0.0,True,,1.0,1.0,,1,,1,1.0,2,1.0,2.0
ENSMUSG00000102698-C,-1.0,CTX,"2,4-Di-tert-butylphenol",-1.0,CSF,,2,,0,1.0,3,1,1.0,5,True,6.078616870869687e-23,True,1.0,1.0,1.0,1.0,2,1.0,2,1.0,2,1.0,3.0
ENSMUSG00000102698-C,-1.0,CTX,Acetic acid,-1.0,CSF,,2,0.8660254037844387,3,,3,1,0.9265616458263766,8,True,0.038463259441936,True,1.0,1.0,1.0,1.0,2,1.0,2,1.0,2,1.0,3.0
ENSMUSG00000102698-C,-1.0,CTX,Azelaic acid,-1.0,CSF,,2,1.0,3,1.0,3,2,0.9523809523809524,8,True,0.0110808820921217,True,1.0,1.0,1.0,1.0,2,1.0,2,1.0,2,1.0,3.0
ENSMUSG00000102698-C,-1.0,CTX,Butanedioic acid,-1.0,CSF,,2,1.0,3,1.0,3,2,0.9047619047619048,8,True,0.0792999095569304,True,1.0,1.0,1.0,1.0,2,1.0,2,1.0,2,1.0,3.0
ENSMUSG00000102698-C,-1.0,CTX,Urea,-1.0,CSF,,2,0.5,3,0.5,3,2,0.9285714285714288,8,True,0.0354861073872977,True,1.0,1.0,1.0,1.0,2,1.0,2,1.0,2,1.0,3.0
ENSMUSG00000103539-C,-1.0,CTX,"(9H-fluoren-9-yl)methanol, O-methoxycarbonyl-",-1.0,CSF,,2,1.0,3,1.0,3,2,0.9187081950430208,8,True,0.0516435734734944,True,1.0,1.0,1.0,1.0,2,1.0,2,1.0,2,1.0,3.0
ENSMUSG00000103552-C,-1.0,CTX,Niacin,-1.0,CSF,,2,0.8660254037844387,3,1.0,3,2,0.9326733179802502,8,True,0.0302231969538539,True,1.0,1.0,1.0,1.0,2,1.0,2,1.0,2,1.0,3.0
ENSMUSG00000103882-C,-1.0,CTX,L-Glutamic acid,1.0,CSF,,0,,2,,2,0,-1.0,4,True,0.0,True,,-1.0,-1.0,,1,,1,-1.0,2,-1.0,2.0
ENSMUSG00000104204-C,-1.0,CTX,Adipoyl-L-carnitine,1.0,CSF,,1,,1,,2,0,-1.0,4,True,0.0,True,,-1.0,-1.0,,1,,1,-1.0,2,-1.0,2.0
ENSMUSG00000104343-C,-1.0,CTX,"l-Norvaline, n-propargyloxycarbonyl-, isohexyl ester",-1.0,CSF,,1,,2,,2,0,1.0,5,True,6.078616870869687e-23,True,,1.0,1.0,,1,,1,1.0,2,1.0,2.0
ENSMUSG00000104388-C,-1.0,CTX,"2,4-Di-tert-butylphenol",-1.0,CSF,,2,,0,1.0,3,1,1.0,5,True,6.078616870869687e-23,True,1.0,1.0,1.0,1.0,2,1.0,2,1.0,2,1.0,3.0
ENSMUSG00000104388-C,-1.0,CTX,8-Methylnonanoic acid,-1.0,CSF,,2,0.8660254037844387,3,1.0,3,2,0.8982196964349441,8,True,0.0949723045352331,True,1.0,1.0,1.0,1.0,2,1.0,2,1.0,2,1.0,3.0
ENSMUSG00000104388-C,-1.0,CTX,Hydracrylic acid,-1.0,CSF,,2,0.5,3,1.0,3,2,0.9285714285714288,8,True,0.0354861073872977,True,1.0,1.0,1.0,1.0,2,1.0,2,1.0,2,1.0,3.0
ENSMUSG00000104388-C,-1.0,CTX,"L-Histidine, N,1-bis(tert-butyldimethylsilyl)-",-1.0,CSF,,2,1.0,3,1.0,3,2,0.9047619047619048,8,True,0.0792999095569304,True,1.0,1.0,1.0,1.0,2,1.0,2,1.0,2,1.0,3.0
ENSMUSG00000104388-C,-1.0,CTX,N-Acetylaminoethanol,-1.0,CSF,,2,0.5,3,0.8660254037844387,3,2,0.9700772721497396,8,True,0.0028117748128617,True,1.0,1.0,1.0,1.0,2,1.0,2,1.0,2,1.0,3.0
ENSMUSG00000104388-C,-1.0,CTX,Picolinic acid,-1.0,CSF,,2,1.0,3,0.8660254037844387,3,2,0.9639253854237598,8,True,0.0049028857960101,True,1.0,1.0,1.0,1.0,2,1.0,2,1.0,2,1.0,3.0
ENSMUSG00000104693-C,-1.0,CTX,Glycine,-1.0,CSF,,2,0.8660254037844387,3,1.0,3,2,0.9132233209773138,8,True,0.0623128141923228,True,1.0,1.0,1.0,1.0,2,1.0,2,1.0,2,1.0,3.0
ENSMUSG00000104693-C,-1.0,CTX,Niacin,-1.0,CSF,,2,0.5000000000000001,3,1.0,3,2,0.8868086049373605,8,True,0.1268517079861078,True,1.0,1.0,1.0,1.0,2,1.0,2,1.0,2,1.0,3.0
ENSMUSG00000104704-C,-1.0,CTX,Synephrine,-1.0,CSF,,2,0.5,3,0.8660254037844387,3,2,0.8862434338158116,8,True,0.1282175241235415,True,1.0,1.0,1.0,1.0,2,1.0,2,1.0,2,1.0,3.0
ENSMUSG00000104764-C,-1.0,CTX,Methyl lactate,-1.0,CSF,,1,0.5,3,0.5,3,2,0.9285714285714288,7,True,0.0965338601097049,True,1.0,1.0,1.0,1.0,2,1.0,2,1.0,2,1.0,3.0
ENSMUSG00000104951-C,-1.0,CTX,"2-Methylcyclohexylamine, tert.-butyldimethylsilyl ether",-1.0,CSF,,0,,2,,2,0,1.0,4,True,0.0,True,,1.0,1.0,,1,,1,1.0,2,1.0,2.0
ENSMUSG00000105119-C,-1.0,CTX,"2,4-Di-tert-butylphenol",-1.0,CSF,,2,,0,1.0,3,1,1.0,5,True,6.078616870869687e-23,True,1.0,1.0,1.0,1.0,2,1.0,2,1.0,2,1.0,3.0
ENSMUSG00000105119-C,-1.0,CTX,Monocaproin,-1.0,CSF,,2,,1,,2,0,1.0,5,True,6.078616870869687e-23,True,,1.0,1.0,,1,,1,1.0,2,1.0,2.0
ENSMUSG00000105322-C,-1.0,CTX,L-Glutamic acid,1.0,CSF,,0,,2,,2,0,-1.0,4,True,0.0,True,,-1.0,-1.0,,1,,1,-1.0,2,-1.0,2.0
ENSMUSG00000105578-C,-1.0,CTX,"6-Methoxy-1-methyl-1,2,3,4-tetrahydroisoquinolin-7-ol ",-1.0,CSF,,0,,1,,2,0,1.0,3,True,0.0,True,,1.0,1.0,,1,,1,1.0,2,1.0,2.0
ENSMUSG00000105578-C,-1.0,CTX,Adipoyl-L-carnitine,1.0,CSF,,1,,1,,2,0,-1.0,4,True,0.0,True,,-1.0,-1.0,,1,,1,-1.0,2,-1.0,2.0
ENSMUSG00000105578-C,-1.0,CTX,"N,N-Dimethyl-2-aminoethanol",-1.0,CSF,,2,1.0,3,,2,1,0.991031208965115,7,True,0.0006295565706629,True,1.0,1.0,1.0,1.0,2,1.0,2,1.0,2,1.0,3.0
ENSMUSG00000105843-C,1.0,CTX,Aceturic acid,-1.0,CSF,,2,-1.0,3,,2,1,-0.9642857142857144,7,True,0.0190079298918555,True,-1.0,-1.0,-1.0,-1.0,2,-1.0,2,-1.0,2,-1.0,3.0
ENSMUSG00000105843-C,1.0,CTX,"Benzoic acid, methyl ester",-1.0,CSF,,2,-1.0,3,-0.5,3,2,-0.9523809523809524,8,True,0.0110808820921217,True,-1.0,-1.0,-1.0,-1.0,2,-1.0,2,-1.0,2,-1.0,3.0
ENSMUSG00000105843-C,1.0,CTX,Diethylamine,-1.0,CSF,,2,-1.0,3,-0.5,3,2,-0.9047619047619048,8,True,0.0792999095569304,True,-1.0,-1.0,-1.0,-1.0,2,-1.0,2,-1.0,2,-1.0,3.0
ENSMUSG00000105843-C,1.0,CTX,"Erythrono-1,4-lactone",-1.0,CSF,,2,-1.0,3,-1.0,3,2,-0.9523809523809524,8,True,0.0110808820921217,True,-1.0,-1.0,-1.0,-1.0,2,-1.0,2,-1.0,2,-1.0,3.0
ENSMUSG00000106579-C,-1.0,CTX,"2,6-di-tert-Butyl-4-(dimethylaminomethyl)phenol",-1.0,CSF,,2,,2,,1,0,1.0,5,True,6.078616870869687e-23,True,,1.0,1.0,,1,,1,1.0,2,1.0,2.0
ENSMUSG00000106579-C,-1.0,CTX,Iminodiacetic acid,-1.0,CSF,,2,1.0,3,1.0,3,2,0.880952380952381,8,True,0.1418733630990404,True,1.0,1.0,1.0,1.0,2,1.0,2,1.0,2,1.0,3.0
ENSMUSG00000106579-C,-1.0,CTX,"Propanoic acid, dimethyl(isopropyl)silyl ester",-1.0,CSF,,0,1.0,3,1.0,3,2,1.0,6,True,0.0,True,1.0,1.0,1.0,1.0,2,1.0,2,1.0,2,1.0,3.0
ENSMUSG00000106648-C,-1.0,CTX,"6-Aminocaproic acid, N-(tert.-butyldimethylsilyl)",-1.0,CSF,,2,,2,0.8660254037844387,3,1,0.9633432944855655,7,True,0.0202623581003798,True,1.0,1.0,1.0,1.0,2,1.0,2,1.0,2,1.0,3.0
ENSMUSG00000106648-C,-1.0,CTX,Curcumin,-1.0,CSF,,2,0.5,3,1.0,3,2,0.9461247469114744,8,True,0.0158773431418269,True,1.0,1.0,1.0,1.0,2,1.0,2,1.0,2,1.0,3.0
ENSMUSG00000106648-C,-1.0,CTX,L-Tyrosine,-1.0,CSF,,2,,2,,2,0,0.9856107606091624,6,True,0.0131032756197463,True,,1.0,1.0,,1,,1,1.0,2,1.0,2.0
ENSMUSG00000106648-C,-1.0,CTX,Tetrahydro-solasodine triacetate,-1.0,CSF,,2,1.0,3,1.0,3,2,0.9578313253012046,8,True,0.0077929331223769,True,1.0,1.0,1.0,1.0,2,1.0,2,1.0,2,1.0,3.0
ENSMUSG00000106847-C,1.0,CTX,Ethanolamine,-1.0,CSF,,2,-1.0,3,0.8660254037844387,3,2,-0.8982196964349441,8,True,0.0949723045352331,True,,-1.0,-1.0,,1,,1,-1.0,2,-1.0,2.0
ENSMUSG00000106993-C,-1.0,CTX,"6-Methoxy-1-methyl-1,2,3,4-tetrahydroisoquinolin-7-ol ",-1.0,CSF,,0,,1,,2,0,1.0,3,True,0.0,True,,1.0,1.0,,1,,1,1.0,2,1.0,2.0
ENSMUSG00000107021-C,-1.0,CTX,L-Tyrosine,-1.0,CSF,,2,,2,,2,0,1.0,6,True,0.0,True,,1.0,1.0,,1,,1,1.0,2,1.0,2.0
ENSMUSG00000107021-C,-1.0,CTX,Norketamine,-1.0,CSF,,2,1.0,3,1.0,3,2,0.9761904761904764,8,True,0.0014275193689881,True,1.0,1.0,1.0,1.0,2,1.0,2,1.0,2,1.0,3.0
ENSMUSG00000000627-B,1.0,RBN,Palmitic Acid,1.0,CSF,0.5,3,0.7999999999999999,4,,0,2,0.8666666666666667,9,True,0.0935373506997476,True,1.0,1.0,1.0,1.0,2,1.0,2,1.0,2,1.0,3.0
ENSMUSG00000001029-B,-1.0,RBN,"Benzaldehyde, 2,5-dimethoxy",1.0,CSF,-0.8660254037844387,3,-0.8280786712108252,6,,3,2,-0.8240822951087041,12,True,0.039182058649164,True,-1.0,-1.0,-1.0,-1.0,2,-1.0,2,-1.0,2,-1.0,3.0
ENSMUSG00000001555-B,-1.0,RBN,2-Butenedioic acid,-1.0,CSF,,0,0.942857142857143,6,0.5,3,2,0.790909090909091,11,True,0.1334241113607223,True,1.0,1.0,1.0,1.0,2,1.0,2,1.0,2,1.0,3.0
ENSMUSG00000002500-B,1.0,RBN,Oxalic acid,-1.0,CSF,-1.0,3,-0.7941176470588236,6,-1.0,3,3,-0.7804287438686068,12,True,0.1014775387596589,True,-1.0,-1.0,-1.0,-1.0,2,-1.0,2,-1.0,2,-1.0,3.0
ENSMUSG00000002718-B,-1.0,RBN,"N,N-Dimethyl-2-aminoethanol",-1.0,CSF,-0.5,3,0.5428571428571429,6,,0,2,0.8000000000000002,11,True,0.1134451707545778,True,,1.0,1.0,,1,,1,1.0,2,1.0,2.0
ENSMUSG00000002984-B,-1.0,RBN,"Oxymorphone, bis(trimethylsilyl) ether",-1.0,CSF,0.0,3,0.6179143806533246,6,,0,2,0.855855407918109,11,True,0.0314038748848698,True,,1.0,1.0,,1,,1,1.0,2,1.0,2.0
ENSMUSG00000005251-B,1.0,RBN,"2,3-Butanediol, O-(trimethylsilyl)-, monoacetate",-1.0,CSF,-1.0,3,-0.8207826816681233,5,-0.8660254037844387,3,3,-0.8848020217749296,11,True,0.0123497674679921,True,-1.0,-1.0,-1.0,-1.0,2,-1.0,2,-1.0,2,-1.0,3.0
ENSMUSG00000005251-B,1.0,RBN,2-Butoxyethanol,-1.0,CSF,-0.5,3,-0.8406680016960504,6,-0.5,3,3,-0.7688049900984276,12,True,0.1253635390085683,True,-1.0,-1.0,-1.0,-1.0,2,-1.0,2,-1.0,2,-1.0,3.0
ENSMUSG00000005251-B,1.0,RBN,Norketamine,-1.0,CSF,-0.8660254037844387,3,-0.895622151039798,6,-0.5,3,3,-0.8855792753571418,12,True,0.0053641859027539,True,-1.0,-1.0,-1.0,-1.0,2,-1.0,2,-1.0,2,-1.0,3.0
ENSMUSG00000005469-B,-1.0,RBN,Glycerol,-1.0,CSF,0.8660254037844387,3,0.942857142857143,6,-0.5,3,3,0.8441343943477072,12,True,0.0226444396703435,True,,1.0,1.0,,1,,1,1.0,2,1.0,2.0
ENSMUSG00000005469-B,-1.0,RBN,Methyl lactate,-1.0,CSF,,0,0.5428571428571429,6,-0.5,3,2,0.8454545454545455,11,True,0.041701939901716,True,,1.0,1.0,,1,,1,1.0,2,1.0,2.0
ENSMUSG00000006412-B,1.0,RBN,Lignoceric acid,-1.0,CSF,-1.0,3,-0.5217939320872036,6,0.5,3,3,-0.8056054385890983,12,True,0.0611550539418348,True,,-1.0,-1.0,,1,,1,-1.0,2,-1.0,2.0
ENSMUSG00000006412-B,1.0,RBN,Pipecolic acid,-1.0,CSF,-1.0,3,-0.7714285714285715,6,0.0,3,3,-0.795097541564023,12,True,0.0761924011052226,True,,-1.0,-1.0,,1,,1,-1.0,2,-1.0,2.0
ENSMUSG00000010025-B,-1.0,RBN,DL-Glyceraldehyde,-1.0,CSF,0.8660254037844387,3,0.4285714285714286,6,0.0,3,3,0.8315840663996671,12,True,0.0322489102334035,True,,1.0,1.0,,1,,1,1.0,2,1.0,2.0
ENSMUSG00000019891-B,-1.0,RBN,Monocaproin,-1.0,CSF,1.0,3,1.0,3,,0,2,0.9285714285714288,8,True,0.0347066013761338,True,1.0,1.0,1.0,1.0,2,1.0,2,1.0,2,1.0,3.0
ENSMUSG00000020605-B,-1.0,RBN,"2,4,4'-Trihydroxybenzophenone",-1.0,CSF,-0.5,3,0.8857142857142858,6,1.0,3,3,0.8111888111888113,12,True,0.0538332250132781,True,,1.0,1.0,,1,,1,1.0,2,1.0,2.0
ENSMUSG00000020605-B,-1.0,RBN,2-Naphthol,-1.0,CSF,0.8660254037844387,3,0.4413674147523747,6,1.0,3,3,0.7732972157290547,12,True,0.1154851727607595,True,1.0,1.0,1.0,1.0,2,1.0,2,1.0,2,1.0,3.0
ENSMUSG00000020605-B,-1.0,RBN,"6-Aminocaproic acid, N-(tert.-butyldimethylsilyl)",-1.0,CSF,0.8660254037844387,3,1.0,4,0.8660254037844387,3,3,0.8292837093139818,10,True,0.1102383815807104,True,1.0,1.0,1.0,1.0,2,1.0,2,1.0,2,1.0,3.0
ENSMUSG00000020605-B,-1.0,RBN,Adenine,-1.0,CSF,,0,0.7714285714285715,6,1.0,3,2,0.8303030303030302,10,True,0.1080552928581895,True,1.0,1.0,1.0,1.0,2,1.0,2,1.0,2,1.0,3.0
ENSMUSG00000020605-B,-1.0,RBN,Curcumin,-1.0,CSF,0.5,3,0.7714285714285715,6,0.5,3,3,0.7692307692307694,12,True,0.1243909303226795,True,1.0,1.0,1.0,1.0,2,1.0,2,1.0,2,1.0,3.0
ENSMUSG00000020605-B,-1.0,RBN,Propylene glycol,-1.0,CSF,0.5,3,0.753702346348183,6,1.0,3,3,0.8826633501063164,12,True,0.0060456840524453,True,1.0,1.0,1.0,1.0,2,1.0,2,1.0,2,1.0,3.0
ENSMUSG00000020642-B,1.0,RBN,3-Amino-5-methylisoxazole,-1.0,CSF,,0,-0.7714285714285715,6,-0.5,3,2,-0.8545454545454546,11,True,0.0325370316688305,True,-1.0,-1.0,-1.0,-1.0,2,-1.0,2,-1.0,2,-1.0,3.0
ENSMUSG00000020905-B,-1.0,RBN,"2-Butenoic acid, 3-[(tert-butyldimethylsilyl)oxy]",-1.0,CSF,0.8660254037844387,3,0.8857142857142858,6,-0.5,3,3,0.7740817475138726,12,True,0.1137749811179701,True,,1.0,1.0,,1,,1,1.0,2,1.0,2.0
ENSMUSG00000020905-B,-1.0,RBN,"3-(4,7-Dimethoxy-2H-1,3-benzodioxol-5-yl)-2-methylprop-2-enal",-1.0,CSF,0.5,3,0.942857142857143,6,-1.0,3,3,0.7832167832167832,12,True,0.0962902425696672,True,,1.0,1.0,,1,,1,1.0,2,1.0,2.0
ENSMUSG00000020905-B,-1.0,RBN,N-Acetylaminoethanol,-1.0,CSF,0.8660254037844387,3,0.6957252427829382,6,-0.8660254037844387,3,3,0.7627522536963859,12,True,0.1382521505992981,True,,1.0,1.0,,1,,1,1.0,2,1.0,2.0
ENSMUSG00000020917-B,1.0,RBN,"(9H-fluoren-9-yl)methanol, O-methoxycarbonyl-",-1.0,CSF,-0.5,3,-0.8986451052612952,6,-1.0,3,3,-0.833626497322632,12,True,0.0305397895988903,True,-1.0,-1.0,-1.0,-1.0,2,-1.0,2,-1.0,2,-1.0,3.0
ENSMUSG00000021044-B,-1.0,RBN,"1,2-Cyclohexanediol, (Z)",1.0,CSF,,0,-0.8986451052612952,6,-1.0,3,2,-0.7927127627860772,11,True,0.1296401555845918,True,-1.0,-1.0,-1.0,-1.0,2,-1.0,2,-1.0,2,-1.0,3.0
ENSMUSG00000021044-B,-1.0,RBN,"2-Methylcyclohexanol, (Z)",1.0,CSF,-0.5,3,-0.753702346348183,6,-0.8660254037844387,3,3,-0.7859697505212043,12,True,0.0915705409590156,True,-1.0,-1.0,-1.0,-1.0,2,-1.0,2,-1.0,2,-1.0,3.0
ENSMUSG00000021483-B,1.0,RBN,"2,4-Di-tert-butylphenol",-1.0,CSF,-1.0,3,,0,-0.5,3,2,-0.9642857142857144,7,True,0.0186974145819072,True,-1.0,-1.0,-1.0,-1.0,2,-1.0,2,-1.0,2,-1.0,3.0
ENSMUSG00000021483-B,1.0,RBN,alpha-Hydroxyisobutyric acid,-1.0,CSF,,0,-0.7714285714285715,6,,0,1,-0.880952380952381,8,True,0.1361740651563814,True,-1.0,-1.0,-1.0,-1.0,2,-1.0,2,-1.0,2,-1.0,3.0
ENSMUSG00000021483-B,1.0,RBN,"Benzaldehyde, 2,5-dimethoxy",1.0,CSF,0.8660254037844387,3,0.8280786712108252,6,,3,2,0.8024906192543275,12,True,0.0650850452497995,True,1.0,1.0,1.0,1.0,2,1.0,2,1.0,2,1.0,3.0
ENSMUSG00000021607-B,-1.0,RBN,Synephrine,-1.0,CSF,-0.5,3,0.7247137945655605,6,0.0,3,3,0.7754433699338666,12,True,0.1113560584817254,True,,1.0,1.0,,1,,1,1.0,2,1.0,2.0
ENSMUSG00000021661-B,1.0,RBN,2-Butoxyethanol,-1.0,CSF,-0.5,3,-0.8285714285714287,6,-0.5,3,3,-0.7692307692307694,12,True,0.1243909303226795,True,-1.0,-1.0,-1.0,-1.0,2,-1.0,2,-1.0,2,-1.0,3.0
ENSMUSG00000021786-B,-1.0,RBN,"3-(4,7-Dimethoxy-2H-1,3-benzodioxol-5-yl)-2-methylprop-2-enal",-1.0,CSF,0.5,3,0.7714285714285715,6,1.0,3,3,0.8321678321678322,12,True,0.0317499473279697,True,1.0,1.0,1.0,1.0,2,1.0,2,1.0,2,1.0,3.0
ENSMUSG00000021786-B,-1.0,RBN,Mevalonolactone,-1.0,CSF,-0.5,3,0.6,6,0.0,3,3,0.7845896445389478,12,True,0.0939858205914607,True,,1.0,1.0,,1,,1,1.0,2,1.0,2.0
ENSMUSG00000022148-B,1.0,RBN,2-Naphthol,-1.0,CSF,0.0,3,-0.7650368522374495,6,-0.5,3,3,-0.7768122030732777,12,True,0.1086314735303242,True,,-1.0,-1.0,,1,,1,-1.0,2,-1.0,2.0
ENSMUSG00000022148-B,1.0,RBN,Synephrine,-1.0,CSF,-1.0,3,-0.3768511731740915,6,-0.8660254037844387,3,3,-0.8280752728705546,12,True,0.0353481487708089,True,-1.0,-1.0,-1.0,-1.0,2,-1.0,2,-1.0,2,-1.0,3.0
ENSMUSG00000022468-B,-1.0,RBN,Norephedrine,-1.0,CSF,0.5,3,-0.5,3,1.0,3,3,0.8833333333333333,9,True,0.0620743193452451,True,,1.0,1.0,,1,,1,1.0,2,1.0,2.0
ENSMUSG00000022505-B,1.0,RBN,"2,4,4'-Trihydroxybenzophenone",-1.0,CSF,-0.5,3,-0.7714285714285715,6,-1.0,3,3,-0.8461538461538463,12,True,0.0213460677610177,True,-1.0,-1.0,-1.0,-1.0,2,-1.0,2,-1.0,2,-1.0,3.0
ENSMUSG00000022505-B,1.0,RBN,Adenine,-1.0,CSF,,0,-0.8857142857142858,6,-1.0,3,2,-0.8909090909090909,10,True,0.022165719616591,True,-1.0,-1.0,-1.0,-1.0,2,-1.0,2,-1.0,2,-1.0,3.0
ENSMUSG00000022505-B,1.0,RBN,L-Tyrosine,-1.0,CSF,-1.0,3,-0.6668859288553501,5,,0,2,-0.8510677611520905,10,True,0.0689815331990319,True,-1.0,-1.0,-1.0,-1.0,2,-1.0,2,-1.0,2,-1.0,3.0
ENSMUSG00000022505-B,1.0,RBN,"Oxymorphone, bis(trimethylsilyl) ether",-1.0,CSF,0.0,3,-0.6179143806533246,6,,0,2,-0.8192412728200082,11,True,0.0773587962690419,True,,-1.0,-1.0,,1,,1,-1.0,2,-1.0,2.0
ENSMUSG00000022505-B,1.0,RBN,Phytanic acid,-1.0,CSF,-0.8660254037844387,3,-0.8827348295047495,6,-0.5,3,3,-0.8330520005808454,12,True,0.031016317611312,True,-1.0,-1.0,-1.0,-1.0,2,-1.0,2,-1.0,2,-1.0,3.0
ENSMUSG00000022505-B,1.0,RBN,Propylene glycol,-1.0,CSF,0.5,3,-0.9276336570439176,6,-1.0,3,3,-0.847637026689399,12,True,0.0204203780668712,True,,-1.0,-1.0,,1,,1,-1.0,2,-1.0,2.0
ENSMUSG00000022505-B,1.0,RBN,Xylazine,-1.0,CSF,-1.0,3,-0.7142857142857143,6,-1.0,3,3,-0.8601398601398602,12,True,0.0137892418262661,True,-1.0,-1.0,-1.0,-1.0,2,-1.0,2,-1.0,2,-1.0,3.0
ENSMUSG00000022505-B,1.0,RBN,Yangonin,-1.0,CSF,0.5,3,-0.8406680016960503,6,-1.0,3,3,-0.8161133356141735,12,True,0.0478264625444547,True,,-1.0,-1.0,,1,,1,-1.0,2,-1.0,2.0
ENSMUSG00000022789-B,-1.0,RBN,Norephedrine,-1.0,CSF,-0.5,3,-1.0,3,1.0,3,3,0.8499999999999999,9,True,0.1325492314362847,True,,1.0,1.0,,1,,1,1.0,2,1.0,2.0
ENSMUSG00000023186-B,1.0,RBN,"2-Cyclohexen-1-one, 3-methyl-",-1.0,CSF,-1.0,3,-0.7142857142857143,6,-0.5,3,3,-0.8041958041958043,12,True,0.0628223918624035,True,-1.0,-1.0,-1.0,-1.0,2,-1.0,2,-1.0,2,-1.0,3.0
ENSMUSG00000023186-B,1.0,RBN,8-Methylnonanoic acid,-1.0,CSF,-0.5,3,-0.6377481392176932,6,-0.5,3,3,-0.7740817475138726,12,True,0.1137749811179701,True,-1.0,-1.0,-1.0,-1.0,2,-1.0,2,-1.0,2,-1.0,3.0
ENSMUSG00000023186-B,1.0,RBN,Butanedioic acid,-1.0,CSF,-0.5,3,-0.942857142857143,6,-0.5,3,3,-0.8041958041958043,12,True,0.0628223918624035,True,-1.0,-1.0,-1.0,-1.0,2,-1.0,2,-1.0,2,-1.0,3.0
ENSMUSG00000023186-B,1.0,RBN,"Erythrono-1,4-lactone",-1.0,CSF,-1.0,3,-0.7142857142857143,6,-1.0,3,3,-0.8041958041958043,12,True,0.0628223918624035,True,-1.0,-1.0,-1.0,-1.0,2,-1.0,2,-1.0,2,-1.0,3.0
ENSMUSG00000023186-B,1.0,RBN,Hydracrylic acid,-1.0,CSF,-1.0,3,-0.8857142857142858,6,-0.5,3,3,-0.8741258741258742,12,True,0.0084364948984658,True,-1.0,-1.0,-1.0,-1.0,2,-1.0,2,-1.0,2,-1.0,3.0
ENSMUSG00000023186-B,1.0,RBN,Myristic acid,-1.0,CSF,-1.0,3,-0.6179143806533246,6,-1.0,3,3,-0.789478544050317,12,True,0.0852389166421018,True,-1.0,-1.0,-1.0,-1.0,2,-1.0,2,-1.0,2,-1.0,3.0
ENSMUSG00000023186-B,1.0,RBN,N-Acetylaminoethanol,-1.0,CSF,0.8660254037844387,3,-0.6957252427829382,6,0.0,3,3,-0.7627522536963859,12,True,0.1382521505992981,True,,-1.0,-1.0,,1,,1,-1.0,2,-1.0,2.0
ENSMUSG00000023186-B,1.0,RBN,Pipecolic acid,-1.0,CSF,-1.0,3,-0.7714285714285715,6,-0.8660254037844387,3,3,-0.7775843798555645,12,True,0.1070217316382002,True,-1.0,-1.0,-1.0,-1.0,2,-1.0,2,-1.0,2,-1.0,3.0
ENSMUSG00000024140-B,-1.0,RBN,Norephedrine,-1.0,CSF,0.5,3,-0.5,3,1.0,3,3,0.8499999999999999,9,True,0.1325492314362847,True,,1.0,1.0,,1,,1,1.0,2,1.0,2.0
ENSMUSG00000024172-B,-1.0,RBN,"N,N-Dimethyl-2-aminoethanol",-1.0,CSF,-0.5,3,0.7714285714285715,6,,0,2,0.8000000000000002,11,True,0.1134451707545778,True,,1.0,1.0,,1,,1,1.0,2,1.0,2.0
ENSMUSG00000024500-B,-1.0,RBN,"N,N-Dimethyl-2-aminoethanol",-1.0,CSF,1.0,3,0.6571428571428573,6,,0,2,0.8090909090909091,11,True,0.0953895154175205,True,1.0,1.0,1.0,1.0,2,1.0,2,1.0,2,1.0,3.0
ENSMUSG00000024576-B,1.0,RBN,2-Propyl-1-pentanol,-1.0,CSF,,0,-0.8857142857142858,6,-0.5,3,2,-0.9090909090909092,11,True,0.0044637566092643,True,-1.0,-1.0,-1.0,-1.0,2,-1.0,2,-1.0,2,-1.0,3.0
ENSMUSG00000024576-B,1.0,RBN,"Benzoic acid, methyl ester",-1.0,CSF,-0.5,3,-0.8857142857142858,6,-1.0,3,3,-0.8181818181818183,12,True,0.0455106924645672,True,-1.0,-1.0,-1.0,-1.0,2,-1.0,2,-1.0,2,-1.0,3.0
ENSMUSG00000025372-B,1.0,RBN,"Propanoic acid, 3-[(tert-butyldimethylsilyl)oxy]-2-methyl-",1.0,CSF,1.0,3,0.8406680016960503,6,,0,2,0.8063802242134231,11,True,0.1004703403296429,True,1.0,1.0,1.0,1.0,2,1.0,2,1.0,2,1.0,3.0
ENSMUSG00000025466-B,1.0,RBN,"(9H-fluoren-9-yl)methanol, O-methoxycarbonyl-",-1.0,CSF,-1.0,3,-0.5217939320872036,6,-1.0,3,3,-0.7670764828304892,12,True,0.1291640302029654,True,-1.0,-1.0,-1.0,-1.0,2,-1.0,2,-1.0,2,-1.0,3.0
ENSMUSG00000025732-B,1.0,RBN,"2,6-di-tert-Butyl-4-(dimethylaminomethyl)phenol",-1.0,CSF,-1.0,3,-0.7999999999999999,4,,0,2,-0.880952380952381,8,True,0.1361740651563814,True,-1.0,-1.0,-1.0,-1.0,2,-1.0,2,-1.0,2,-1.0,3.0
ENSMUSG00000025825-B,-1.0,RBN,Synephrine,-1.0,CSF,-0.5,3,0.753702346348183,6,0.8660254037844387,3,3,0.8456192405161171,12,True,0.0216669685659519,True,,1.0,1.0,,1,,1,1.0,2,1.0,2.0
ENSMUSG00000026035-B,-1.0,RBN,Cyclobutylamine,-1.0,CSF,-1.0,3,0.9856107606091624,6,0.5,3,3,0.7810870121972561,12,True,0.1002189068910806,True,,1.0,1.0,,1,,1,1.0,2,1.0,2.0
ENSMUSG00000026035-B,-1.0,RBN,Picolinic acid,-1.0,CSF,0.8660254037844387,3,0.6473388749701496,6,0.0,3,3,0.7817095248764386,12,True,0.0991125631473405,True,,1.0,1.0,,1,,1,1.0,2,1.0,2.0
ENSMUSG00000026504-B,1.0,RBN,N-Acetylaminoethanol,-1.0,CSF,-0.8660254037844387,3,-0.4928053803045811,6,-0.8660254037844387,3,3,-0.7592372663521628,12,True,0.146399795494682,True,-1.0,-1.0,-1.0,-1.0,2,-1.0,2,-1.0,2,-1.0,3.0
ENSMUSG00000026504-B,1.0,RBN,Pipecolic acid,-1.0,CSF,0.5,3,-0.7142857142857143,6,0.0,3,3,-0.7775843798555645,12,True,0.1070217316382002,True,,-1.0,-1.0,,1,,1,-1.0,2,-1.0,2.0
ENSMUSG00000026628-B,1.0,RBN,"1,3-Oxazolidine, 2,5-diphenyl-4-methyl-, trans-",-1.0,CSF,-0.5,3,-0.9254762227411248,6,-1.0,3,3,-0.8162595129297463,12,True,0.0477174809921244,True,-1.0,-1.0,-1.0,-1.0,2,-1.0,2,-1.0,2,-1.0,3.0
ENSMUSG00000026628-B,1.0,RBN,2-Butenedioic acid,-1.0,CSF,,0,-0.898645105261295,6,-0.5,3,2,-0.8991204081865279,11,True,0.0069957583810093,True,-1.0,-1.0,-1.0,-1.0,2,-1.0,2,-1.0,2,-1.0,3.0
ENSMUSG00000026628-B,1.0,RBN,"Benzoic acid, 2-hydroxy-3-[(2-hydroxy-4-methoxy-6-propylbenzoyl)oxy]-4-methoxy-6-propyl-, methyl ester ",-1.0,CSF,-0.5,3,-0.8823529411764706,6,-1.0,3,3,-0.8324631514932076,12,True,0.0315111161923734,True,-1.0,-1.0,-1.0,-1.0,2,-1.0,2,-1.0,2,-1.0,3.0
ENSMUSG00000026628-B,1.0,RBN,Cyclobutylamine,-1.0,CSF,-0.5,3,-0.7352941176470588,6,-0.5,3,3,-0.8571548551391923,12,True,0.015193288382454,True,-1.0,-1.0,-1.0,-1.0,2,-1.0,2,-1.0,2,-1.0,3.0
ENSMUSG00000026628-B,1.0,RBN,"L-Histidine, N,1-bis(tert-butyldimethylsilyl)-",-1.0,CSF,0.5,3,-0.1617647058823529,6,-1.0,3,3,-0.7830797442012376,12,True,0.0965385283924094,True,,-1.0,-1.0,,1,,1,-1.0,2,-1.0,2.0
ENSMUSG00000026628-B,1.0,RBN,Synephrine,-1.0,CSF,-1.0,3,-0.3970588235294118,6,-0.8660254037844387,3,3,-0.802125149069491,12,True,0.0655775878618452,True,-1.0,-1.0,-1.0,-1.0,2,-1.0,2,-1.0,2,-1.0,3.0
ENSMUSG00000026893-B,1.0,RBN,Niacin,-1.0,CSF,-1.0,3,-0.8720815992723809,5,-0.5,3,3,-0.8154918651649874,11,True,0.0838695005143106,True,-1.0,-1.0,-1.0,-1.0,2,-1.0,2,-1.0,2,-1.0,3.0
ENSMUSG00000027663-B,-1.0,RBN,Glycerol,-1.0,CSF,0.8660254037844387,3,0.5428571428571429,6,0.5,3,3,0.8791607177646247,12,True,0.0069529233223833,True,1.0,1.0,1.0,1.0,2,1.0,2,1.0,2,1.0,3.0
ENSMUSG00000028167-B,1.0,RBN,2-Furoic acid,1.0,CSF,0.5,3,1.0,4,1.0,3,3,0.8424242424242423,10,True,0.0839250549388192,True,1.0,1.0,1.0,1.0,2,1.0,2,1.0,2,1.0,3.0
ENSMUSG00000028637-B,-1.0,RBN,DL-Glyceraldehyde,-1.0,CSF,0.8660254037844387,3,0.5428571428571429,6,0.8660254037844387,3,3,0.7859697505212043,12,True,0.0915705409590156,True,1.0,1.0,1.0,1.0,2,1.0,2,1.0,2,1.0,3.0
ENSMUSG00000028637-B,-1.0,RBN,Norephedrine,-1.0,CSF,1.0,3,1.0,3,1.0,3,3,0.9,9,True,0.0377906825047718,True,1.0,1.0,1.0,1.0,2,1.0,2,1.0,2,1.0,3.0
ENSMUSG00000028706-B,-1.0,RBN,"2-Methyl-1,3-butanediol",-1.0,CSF,1.0,3,0.8116794499134279,6,0.5,3,3,0.7600712181471057,12,True,0.1441473274237713,True,1.0,1.0,1.0,1.0,2,1.0,2,1.0,2,1.0,3.0
ENSMUSG00000028763-B,1.0,RBN,Myristic acid,-1.0,CSF,-0.5,3,-0.7944613465542746,6,-1.0,3,3,-0.8456192405161171,12,True,0.0216669685659519,True,-1.0,-1.0,-1.0,-1.0,2,-1.0,2,-1.0,2,-1.0,3.0
ENSMUSG00000028763-B,1.0,RBN,"Oxymorphone, bis(trimethylsilyl) ether",-1.0,CSF,0.0,3,-0.7061878636037996,6,,0,2,-0.8283948065945334,11,True,0.0634210935816983,True,,-1.0,-1.0,,1,,1,-1.0,2,-1.0,2.0
ENSMUSG00000028763-B,1.0,RBN,Phytanic acid,-1.0,CSF,-0.8660254037844387,3,-0.6179143806533246,6,-1.0,3,3,-0.8576569119904063,12,True,0.0149525481968209,True,-1.0,-1.0,-1.0,-1.0,2,-1.0,2,-1.0,2,-1.0,3.0
ENSMUSG00000028776-B,-1.0,RBN,"6-Methoxy-1-methyl-1,2,3,4-tetrahydroisoquinolin-7-ol ",-1.0,CSF,,0,0.7999999999999999,4,,0,1,0.9285714285714288,7,True,0.0940263707867318,True,1.0,1.0,1.0,1.0,2,1.0,2,1.0,2,1.0,3.0
ENSMUSG00000028871-B,-1.0,RBN,L-Glutamic acid,1.0,CSF,,0,-1.0,3,,0,1,-1.0,5,True,5.977295675134611e-23,True,-1.0,-1.0,-1.0,-1.0,2,-1.0,2,-1.0,2,-1.0,3.0
ENSMUSG00000029176-B,-1.0,RBN,Methyl lactate,-1.0,CSF,,0,0.7714285714285715,6,0.5,3,2,0.9,11,True,0.0067419137213439,True,1.0,1.0,1.0,1.0,2,1.0,2,1.0,2,1.0,3.0
ENSMUSG00000029699-B,1.0,RBN,Butachlor ESA,-1.0,CSF,,0,-0.7999999999999999,4,-0.8660254037844387,3,2,-0.8616843969807043,9,True,0.1042265757691831,True,-1.0,-1.0,-1.0,-1.0,2,-1.0,2,-1.0,2,-1.0,3.0
ENSMUSG00000030189-B,1.0,RBN,L-Tryptophan,-1.0,CSF,0.8660254037844387,3,-0.7714285714285715,6,-0.5,3,3,-0.7635738504887974,12,True,0.1361740651563814,True,,-1.0,-1.0,,1,,1,-1.0,2,-1.0,2.0
ENSMUSG00000030189-B,1.0,RBN,Norketamine,-1.0,CSF,-0.8660254037844387,3,-0.9121593238215744,6,-0.5,3,3,-0.9138967094979736,12,True,0.0013673303405939,True,-1.0,-1.0,-1.0,-1.0,2,-1.0,2,-1.0,2,-1.0,3.0
ENSMUSG00000030224-B,-1.0,RBN,"N,N-Dimethyl-2-aminoethanol",-1.0,CSF,0.5,3,0.7714285714285715,6,,0,2,0.8181818181818182,11,True,0.0791280925697902,True,1.0,1.0,1.0,1.0,2,1.0,2,1.0,2,1.0,3.0
ENSMUSG00000030271-B,-1.0,RBN,DL-Glyceraldehyde,-1.0,CSF,0.8660254037844387,3,0.6,6,-0.8660254037844387,3,3,0.8000049246376544,12,True,0.0686875076141525,True,,1.0,1.0,,1,,1,1.0,2,1.0,2.0
ENSMUSG00000030271-B,-1.0,RBN,L-Glutamic acid,1.0,CSF,,0,-1.0,3,,0,1,-1.0,5,True,5.977295675134611e-23,True,-1.0,-1.0,-1.0,-1.0,2,-1.0,2,-1.0,2,-1.0,3.0
ENSMUSG00000030942-B,-1.0,RBN,L-Glutamic acid,1.0,CSF,,0,-1.0,3,,0,1,-1.0,5,True,5.977295675134611e-23,True,-1.0,-1.0,-1.0,-1.0,2,-1.0,2,-1.0,2,-1.0,3.0
ENSMUSG00000031099-B,1.0,RBN,2-Amino-4-methylbenzophenone,-1.0,CSF,-0.5,3,-0.8999999999999998,5,-1.0,3,3,-0.790909090909091,11,True,0.1334241113607223,True,-1.0,-1.0,-1.0,-1.0,2,-1.0,2,-1.0,2,-1.0,3.0
ENSMUSG00000031264-B,1.0,RBN,"2,5-Dimethoxyphenol",-1.0,CSF,-0.5,3,-0.9411239481143202,6,0.0,3,3,-0.7976251621932411,12,True,0.0722838996159013,True,,-1.0,-1.0,,1,,1,-1.0,2,-1.0,2.0
ENSMUSG00000031264-B,1.0,RBN,"3-(4,7-Dimethoxy-2H-1,3-benzodioxol-5-yl)-2-methylprop-2-enal",-1.0,CSF,-1.0,3,-0.6982532518267538,6,0.0,3,3,-0.7613694730026391,12,True,0.1412031331165145,True,,-1.0,-1.0,,1,,1,-1.0,2,-1.0,2.0
ENSMUSG00000031264-B,1.0,RBN,Mevalonolactone,-1.0,CSF,-0.5,3,-0.5161002296110789,6,-1.0,3,3,-0.7627040392731282,12,True,0.138292282833002,True,-1.0,-1.0,-1.0,-1.0,2,-1.0,2,-1.0,2,-1.0,3.0
ENSMUSG00000031409-B,-1.0,RBN,DL-Glyceraldehyde,-1.0,CSF,0.0,3,0.5428571428571429,6,0.0,3,3,0.8350928599287796,12,True,0.0293151624581909,True,,1.0,1.0,,1,,1,1.0,2,1.0,2.0
ENSMUSG00000031409-B,-1.0,RBN,Methyl lactate,-1.0,CSF,,0,0.0857142857142857,6,0.5,3,2,0.8272727272727273,11,True,0.0649461169401722,True,1.0,1.0,1.0,1.0,2,1.0,2,1.0,2,1.0,3.0
ENSMUSG00000031409-B,-1.0,RBN,Norephedrine,-1.0,CSF,0.5,3,1.0,3,0.5,3,3,0.8666666666666667,9,True,0.0935373506997476,True,1.0,1.0,1.0,1.0,2,1.0,2,1.0,2,1.0,3.0
ENSMUSG00000031734-B,1.0,RBN,"6-Aminocaproic acid, N-(tert.-butyldimethylsilyl)",-1.0,CSF,-0.8660254037844387,3,-0.7999999999999999,4,-0.8660254037844387,3,3,-0.8353813836471727,10,True,0.097508905867273,True,-1.0,-1.0,-1.0,-1.0,2,-1.0,2,-1.0,2,-1.0,3.0
ENSMUSG00000031788-B,-1.0,RBN,Glycerol,-1.0,CSF,0.8660254037844387,3,0.3142857142857143,6,0.5,3,3,0.7740817475138726,12,True,0.1137749811179701,True,1.0,1.0,1.0,1.0,2,1.0,2,1.0,2,1.0,3.0
ENSMUSG00000031951-B,-1.0,RBN,Cyclobutylamine,-1.0,CSF,0.5,3,0.7247137945655605,6,1.0,3,3,0.7705791151721809,12,True,0.1214129933650775,True,1.0,1.0,1.0,1.0,2,1.0,2,1.0,2,1.0,3.0
ENSMUSG00000031951-B,-1.0,RBN,Picolinic acid,-1.0,CSF,0.0,3,0.9710083124552245,6,0.8660254037844387,3,3,0.7711458826483787,12,True,0.120240977389553,True,,1.0,1.0,,1,,1,1.0,2,1.0,2.0
ENSMUSG00000032243-B,-1.0,RBN,"(2,5-Dimethoxyphenyl)acetone",-1.0,CSF,0.5,3,0.8285714285714287,6,1.0,3,3,0.7832167832167832,12,True,0.0962902425696672,True,1.0,1.0,1.0,1.0,2,1.0,2,1.0,2,1.0,3.0
ENSMUSG00000032243-B,-1.0,RBN,3-Heptanol,1.0,CSF,-0.5,3,-0.9276336570439176,6,-0.5,3,3,-0.847637026689399,12,True,0.0204203780668712,True,-1.0,-1.0,-1.0,-1.0,2,-1.0,2,-1.0,2,-1.0,3.0
ENSMUSG00000032300-B,1.0,RBN,Benzophenone,1.0,CSF,,0,0.5428571428571429,6,1.0,3,2,0.790909090909091,11,True,0.1334241113607223,True,1.0,1.0,1.0,1.0,2,1.0,2,1.0,2,1.0,3.0
ENSMUSG00000032300-B,1.0,RBN,L-Lysine,1.0,CSF,,0,0.5428571428571429,6,1.0,3,2,0.8000000000000002,11,True,0.1134451707545778,True,1.0,1.0,1.0,1.0,2,1.0,2,1.0,2,1.0,3.0
ENSMUSG00000032307-B,1.0,RBN,2-Naphthol,-1.0,CSF,0.0,3,-0.9710083124552245,6,-1.0,3,3,-0.8189920512039535,12,True,0.044618288227241,True,,-1.0,-1.0,,1,,1,-1.0,2,-1.0,2.0
ENSMUSG00000032307-B,1.0,RBN,Adenine,-1.0,CSF,,0,-0.8285714285714287,6,-1.0,3,2,-0.8666666666666665,10,True,0.0466552983817878,True,-1.0,-1.0,-1.0,-1.0,2,-1.0,2,-1.0,2,-1.0,3.0
ENSMUSG00000032307-B,1.0,RBN,"Oxymorphone, bis(trimethylsilyl) ether",-1.0,CSF,-0.8660254037844387,3,-0.6179143806533246,6,,0,2,-0.8146645059327454,11,True,0.0852389166421018,True,-1.0,-1.0,-1.0,-1.0,2,-1.0,2,-1.0,2,-1.0,3.0
ENSMUSG00000032307-B,1.0,RBN,Propylene glycol,-1.0,CSF,-0.5,3,-0.6377481392176932,6,-1.0,3,3,-0.7740817475138726,12,True,0.1137749811179701,True,-1.0,-1.0,-1.0,-1.0,2,-1.0,2,-1.0,2,-1.0,3.0
ENSMUSG00000032307-B,1.0,RBN,Xylazine,-1.0,CSF,-0.5,3,-0.7714285714285715,6,-1.0,3,3,-0.8041958041958043,12,True,0.0628223918624035,True,-1.0,-1.0,-1.0,-1.0,2,-1.0,2,-1.0,2,-1.0,3.0
ENSMUSG00000032387-B,-1.0,RBN,Cyclobutylamine,-1.0,CSF,0.5,3,0.5507824838698261,6,1.0,3,3,0.8511396590310907,12,True,0.0184416786159761,True,1.0,1.0,1.0,1.0,2,1.0,2,1.0,2,1.0,3.0
ENSMUSG00000032387-B,-1.0,RBN,"L-Histidine, N,1-bis(tert-butyldimethylsilyl)-",-1.0,CSF,-0.5,3,0.3478626213914691,6,0.5,3,3,0.7670764828304892,12,True,0.1291640302029654,True,,1.0,1.0,,1,,1,1.0,2,1.0,2.0
ENSMUSG00000032387-B,-1.0,RBN,Synephrine,-1.0,CSF,1.0,3,0.3768511731740915,6,0.8660254037844387,3,3,0.810531305224992,12,True,0.0546540964737505,True,1.0,1.0,1.0,1.0,2,1.0,2,1.0,2,1.0,3.0
ENSMUSG00000032481-B,1.0,RBN,L-Glutamic acid,1.0,CSF,,0,1.0,3,,0,1,1.0,5,True,5.977295675134611e-23,True,1.0,1.0,1.0,1.0,2,1.0,2,1.0,2,1.0,3.0
ENSMUSG00000032481-B,1.0,RBN,Triethyl citrate,-1.0,CSF,,3,-0.7999999999999999,4,-0.5,3,2,-0.8405540732215928,10,True,0.0875326458598971,True,-1.0,-1.0,-1.0,-1.0,2,-1.0,2,-1.0,2,-1.0,3.0
ENSMUSG00000032526-B,1.0,RBN,Glycine,-1.0,CSF,-0.5,3,-0.8406680016960503,6,-0.5,3,3,-0.7635738504887974,12,True,0.1361740651563814,True,-1.0,-1.0,-1.0,-1.0,2,-1.0,2,-1.0,2,-1.0,3.0
ENSMUSG00000032691-B,1.0,RBN,Benzyl alcohol,-1.0,CSF,-0.5,3,-0.3946648814672956,6,-1.0,3,3,-0.7605822404203186,12,True,0.1432500246931862,True,-1.0,-1.0,-1.0,-1.0,2,-1.0,2,-1.0,2,-1.0,3.0
ENSMUSG00000032691-B,1.0,RBN,Diacetyl monoxime,-1.0,CSF,0.0,3,-0.819688599970537,6,-1.0,3,3,-0.8254083790229261,12,True,0.0378577442877549,True,,-1.0,-1.0,,1,,1,-1.0,2,-1.0,2.0
ENSMUSG00000032691-B,1.0,RBN,"L-Histidine, N,1-bis(tert-butyldimethylsilyl)-",-1.0,CSF,-1.0,3,-0.3388226069985336,6,-1.0,3,3,-0.7936619029066597,12,True,0.078289946353677,True,-1.0,-1.0,-1.0,-1.0,2,-1.0,2,-1.0,2,-1.0,3.0
ENSMUSG00000032691-B,1.0,RBN,Methyl lactate,-1.0,CSF,,0,-0.8804062740424288,6,-0.5,3,2,-0.7981987297166114,11,True,0.1173240316345911,True,-1.0,-1.0,-1.0,-1.0,2,-1.0,2,-1.0,2,-1.0,3.0
ENSMUSG00000032691-B,1.0,RBN,"Oxymorphone, bis(trimethylsilyl) ether",-1.0,CSF,0.0,3,-0.7503664793768668,6,,0,2,-0.8267920432482592,11,True,0.0655775878618452,True,,-1.0,-1.0,,1,,1,-1.0,2,-1.0,2.0
ENSMUSG00000032691-B,1.0,RBN,Phenoxyethanol,-1.0,CSF,-0.5,3,-0.3696246621802185,6,-1.0,3,3,-0.7760249717309561,12,True,0.1101834765626061,True,-1.0,-1.0,-1.0,-1.0,2,-1.0,2,-1.0,2,-1.0,3.0
ENSMUSG00000032691-B,1.0,RBN,Propylene glycol,-1.0,CSF,0.5,3,-0.6776452139970672,6,-1.0,3,3,-0.7795523579660967,12,True,0.1032164085324602,True,,-1.0,-1.0,,1,,1,-1.0,2,-1.0,2.0
ENSMUSG00000032691-B,1.0,RBN,Uracil,-1.0,CSF,-1.0,3,-0.462030827725273,6,-1.0,3,3,-0.765442813025534,12,True,0.1327567012122534,True,-1.0,-1.0,-1.0,-1.0,2,-1.0,2,-1.0,2,-1.0,3.0
ENSMUSG00000032727-B,1.0,RBN,Monocaproin,-1.0,CSF,-1.0,3,-1.0,3,,0,2,-0.9047619047619048,8,True,0.0764676252221898,True,-1.0,-1.0,-1.0,-1.0,2,-1.0,2,-1.0,2,-1.0,3.0
ENSMUSG00000033906-B,-1.0,RBN,Synephrine,-1.0,CSF,-0.5,3,0.7247137945655605,6,0.0,3,3,0.7859697505212043,12,True,0.0915705409590156,True,,1.0,1.0,,1,,1,1.0,2,1.0,2.0
ENSMUSG00000034118-B,-1.0,RBN,Cyclobutylamine,-1.0,CSF,0.5,3,0.6957252427829382,6,1.0,3,3,0.7845896445389478,12,True,0.0939858205914607,True,1.0,1.0,1.0,1.0,2,1.0,2,1.0,2,1.0,3.0
ENSMUSG00000034118-B,-1.0,RBN,Synephrine,-1.0,CSF,-0.5,3,0.4638168285219587,6,0.8660254037844387,3,3,0.7684257828756417,12,True,0.1261433672731752,True,,1.0,1.0,,1,,1,1.0,2,1.0,2.0
ENSMUSG00000034126-B,-1.0,RBN,"l-Norvaline, n-propargyloxycarbonyl-, isohexyl ester",-1.0,CSF,,0,1.0,5,,0,1,0.9761904761904764,8,True,0.0014043106098777,True,1.0,1.0,1.0,1.0,2,1.0,2,1.0,2,1.0,3.0
ENSMUSG00000034460-B,-1.0,RBN,"Benzoic acid, 2-hydroxy-3-[(2-hydroxy-4-methoxy-6-propylbenzoyl)oxy]-4-methoxy-6-propyl-, methyl ester ",-1.0,CSF,0.5,3,0.3768511731740915,6,0.5,3,3,0.7670764828304892,12,True,0.1291640302029654,True,1.0,1.0,1.0,1.0,2,1.0,2,1.0,2,1.0,3.0
ENSMUSG00000034509-B,-1.0,RBN,"1,2-Cyclohexanediol, (Z)",1.0,CSF,,0,-0.8406680016960503,6,-1.0,3,2,-0.7927127627860772,11,True,0.1296401555845918,True,-1.0,-1.0,-1.0,-1.0,2,-1.0,2,-1.0,2,-1.0,3.0
ENSMUSG00000034509-B,-1.0,RBN,"N,N-Dimethyl-2-aminoethanol",-1.0,CSF,0.5,3,0.7714285714285715,6,,0,2,0.8636363636363636,11,True,0.0248899215654622,True,1.0,1.0,1.0,1.0,2,1.0,2,1.0,2,1.0,3.0
ENSMUSG00000035234-B,1.0,RBN,Azelaic acid,-1.0,CSF,-0.5,3,-0.5507824838698261,6,0.5,3,3,-0.7810870121972561,12,True,0.1002189068910806,True,,-1.0,-1.0,,1,,1,-1.0,2,-1.0,2.0
ENSMUSG00000035234-B,1.0,RBN,"Benzoic acid, methyl ester",-1.0,CSF,-0.5,3,-0.7714285714285715,6,0.5,3,3,-0.7622377622377624,12,True,0.1392266340593392,True,,-1.0,-1.0,,1,,1,-1.0,2,-1.0,2.0
ENSMUSG00000035969-B,-1.0,RBN,Glycerol,-1.0,CSF,0.8660254037844387,3,0.6571428571428573,6,-1.0,3,3,0.7845896445389478,12,True,0.0939858205914607,True,,1.0,1.0,,1,,1,1.0,2,1.0,2.0
ENSMUSG00000036246-B,1.0,RBN,"2-Methylcyclohexylamine, tert.-butyldimethylsilyl ether",-1.0,CSF,,0,-1.0,4,,0,1,-1.0,6,True,0.0,True,-1.0,-1.0,-1.0,-1.0,2,-1.0,2,-1.0,2,-1.0,3.0
ENSMUSG00000036356-B,-1.0,RBN,DL-Glyceraldehyde,-1.0,CSF,-0.8660254037844387,3,0.6,6,0.0,3,3,0.7719345764047542,12,True,0.1184809037498814,True,,1.0,1.0,,1,,1,1.0,2,1.0,2.0
ENSMUSG00000036356-B,-1.0,RBN,Norephedrine,-1.0,CSF,-0.5,3,0.5,3,0.5,3,3,0.8666666666666667,9,True,0.0935373506997476,True,,1.0,1.0,,1,,1,1.0,2,1.0,2.0
ENSMUSG00000036712-B,-1.0,RBN,"l-Norvaline, n-propargyloxycarbonyl-, isohexyl ester",-1.0,CSF,,0,1.0,5,,0,1,0.9285714285714288,8,True,0.0347066013761338,True,1.0,1.0,1.0,1.0,2,1.0,2,1.0,2,1.0,3.0
ENSMUSG00000037025-B,-1.0,RBN,"N,N-Dimethyl-2-aminoethanol",-1.0,CSF,0.5,3,0.8285714285714287,6,,0,2,0.8272727272727273,11,True,0.0649461169401722,True,1.0,1.0,1.0,1.0,2,1.0,2,1.0,2,1.0,3.0
ENSMUSG00000037148-B,1.0,RBN,"2-Cyclohexen-1-one, 3-methyl-6-(1-methylethyl)",-1.0,CSF,-0.5,3,-0.8999999999999998,5,-1.0,3,3,-0.8636363636363636,11,True,0.0248899215654622,True,-1.0,-1.0,-1.0,-1.0,2,-1.0,2,-1.0,2,-1.0,3.0
ENSMUSG00000037366-B,-1.0,RBN,"1-(2,4-Dimethoxyphenyl)-propan-2-one",-1.0,CSF,0.5,3,0.3354101966249684,5,1.0,3,3,0.8165481258020508,11,True,0.0819471452325143,True,1.0,1.0,1.0,1.0,2,1.0,2,1.0,2,1.0,3.0
ENSMUSG00000037366-B,-1.0,RBN,3-Amino-5-methylisoxazole,-1.0,CSF,,0,0.5428571428571429,6,1.0,3,2,0.8545454545454546,11,True,0.0325370316688305,True,1.0,1.0,1.0,1.0,2,1.0,2,1.0,2,1.0,3.0
ENSMUSG00000037366-B,-1.0,RBN,N-Ethyldiethanolamine,-1.0,CSF,0.5,3,0.7142857142857143,6,0.5,3,3,0.8181818181818183,12,True,0.0455106924645672,True,1.0,1.0,1.0,1.0,2,1.0,2,1.0,2,1.0,3.0
ENSMUSG00000037514-B,1.0,RBN,"2,3-Butanediol, O-(trimethylsilyl)-, monoacetate",-1.0,CSF,-1.0,3,-0.9746794344808964,5,-0.8660254037844387,3,3,-0.8173601193092295,11,True,0.0805654496112756,True,-1.0,-1.0,-1.0,-1.0,2,-1.0,2,-1.0,2,-1.0,3.0
ENSMUSG00000037824-B,-1.0,RBN,2-Naphthol,-1.0,CSF,0.0,3,0.3530939318018998,6,1.0,3,3,0.8049321018270617,12,True,0.0620743193452451,True,,1.0,1.0,,1,,1,1.0,2,1.0,2.0
ENSMUSG00000038564-B,1.0,RBN,L-Lysine,1.0,CSF,,0,0.7714285714285715,6,1.0,3,2,0.8727272727272729,11,True,0.0186974145819072,True,1.0,1.0,1.0,1.0,2,1.0,2,1.0,2,1.0,3.0
ENSMUSG00000038816-B,1.0,RBN,Monocaproin,-1.0,CSF,-1.0,3,-1.0,3,,0,2,-0.9761904761904764,8,True,0.0014043106098777,True,-1.0,-1.0,-1.0,-1.0,2,-1.0,2,-1.0,2,-1.0,3.0
ENSMUSG00000038816-B,1.0,RBN,"N,N-Dimethyl-2-aminoethanol",-1.0,CSF,-1.0,3,-0.6571428571428573,6,,0,2,-0.8272727272727273,11,True,0.0649461169401722,True,-1.0,-1.0,-1.0,-1.0,2,-1.0,2,-1.0,2,-1.0,3.0
ENSMUSG00000038843-B,-1.0,RBN,Benzyl alcohol,-1.0,CSF,0.5,3,0.7142857142857143,6,1.0,3,3,0.7832167832167832,12,True,0.0962902425696672,True,1.0,1.0,1.0,1.0,2,1.0,2,1.0,2,1.0,3.0
ENSMUSG00000039086-B,-1.0,RBN,DL-Glyceraldehyde,-1.0,CSF,0.0,3,0.6,6,0.8660254037844387,3,3,0.7964961311085419,12,True,0.0738899439264212,True,,1.0,1.0,,1,,1,1.0,2,1.0,2.0
ENSMUSG00000039086-B,-1.0,RBN,Glycerol,-1.0,CSF,-0.8660254037844387,3,0.6571428571428573,6,1.0,3,3,0.80910807093079,12,True,0.0564124237686238,True,,1.0,1.0,,1,,1,1.0,2,1.0,2.0
ENSMUSG00000039086-B,-1.0,RBN,Methyl lactate,-1.0,CSF,,0,0.4285714285714286,6,1.0,3,2,0.8545454545454546,11,True,0.0325370316688305,True,1.0,1.0,1.0,1.0,2,1.0,2,1.0,2,1.0,3.0
ENSMUSG00000039086-B,-1.0,RBN,Norephedrine,-1.0,CSF,0.5,3,0.5,3,1.0,3,3,0.8499999999999999,9,True,0.1325492314362847,True,1.0,1.0,1.0,1.0,2,1.0,2,1.0,2,1.0,3.0
ENSMUSG00000039536-B,-1.0,RBN,Synephrine,-1.0,CSF,0.5,3,0.0579771035652448,6,0.8660254037844387,3,3,0.7929873375794294,12,True,0.0793450214636502,True,1.0,1.0,1.0,1.0,2,1.0,2,1.0,2,1.0,3.0
ENSMUSG00000040043-B,1.0,RBN,"2-Cyclohexen-1-one, 3-methyl-",-1.0,CSF,-0.5,3,-0.7142857142857143,6,-0.5,3,3,-0.8461538461538463,12,True,0.0213460677610177,True,-1.0,-1.0,-1.0,-1.0,2,-1.0,2,-1.0,2,-1.0,3.0
ENSMUSG00000040043-B,1.0,RBN,8-Methylnonanoic acid,-1.0,CSF,0.5,3,-0.8986451052612952,6,-0.5,3,3,-0.7775843798555645,12,True,0.1070217316382002,True,,-1.0,-1.0,,1,,1,-1.0,2,-1.0,2.0
ENSMUSG00000040043-B,1.0,RBN,DL-Glyceraldehyde,-1.0,CSF,-0.8660254037844387,3,-0.942857142857143,6,-0.8660254037844387,3,3,-0.7824609569920918,12,True,0.0976494677105218,True,-1.0,-1.0,-1.0,-1.0,2,-1.0,2,-1.0,2,-1.0,3.0
ENSMUSG00000040043-B,1.0,RBN,"L-Histidine, N,1-bis(tert-butyldimethylsilyl)-",-1.0,CSF,0.5,3,-0.8696565534786727,6,-0.5,3,3,-0.7740817475138726,12,True,0.1137749811179701,True,,-1.0,-1.0,,1,,1,-1.0,2,-1.0,2.0
ENSMUSG00000040043-B,1.0,RBN,Mevalonolactone,-1.0,CSF,-0.5,3,-0.7714285714285715,6,-0.8660254037844387,3,3,-0.8686528207395494,12,True,0.0103063236450641,True,-1.0,-1.0,-1.0,-1.0,2,-1.0,2,-1.0,2,-1.0,3.0
ENSMUSG00000040043-B,1.0,RBN,Norephedrine,-1.0,CSF,-1.0,3,-0.5,3,-1.0,3,3,-0.8833333333333333,9,True,0.0620743193452451,True,-1.0,-1.0,-1.0,-1.0,2,-1.0,2,-1.0,2,-1.0,3.0
ENSMUSG00000040276-B,-1.0,RBN,Glycerol,-1.0,CSF,0.8660254037844387,3,0.8857142857142858,6,-0.5,3,3,0.8056054385890983,12,True,0.0611550539418348,True,,1.0,1.0,,1,,1,1.0,2,1.0,2.0
ENSMUSG00000040276-B,-1.0,RBN,Synephrine,-1.0,CSF,0.5,3,0.4928053803045811,6,0.8660254037844387,3,3,0.817548892283217,12,True,0.0462227327108892,True,1.0,1.0,1.0,1.0,2,1.0,2,1.0,2,1.0,3.0
ENSMUSG00000040649-B,-1.0,RBN,DL-Glyceraldehyde,-1.0,CSF,0.0,3,0.3142857142857143,6,-0.8660254037844387,3,3,0.817548892283217,12,True,0.0462227327108892,True,,1.0,1.0,,1,,1,1.0,2,1.0,2.0
ENSMUSG00000040907-B,-1.0,RBN,"4-[2-(4,7-Dimethoxy-2H-1,3-benzodioxol-5-yl)ethenyl]-2-methoxyphenol",1.0,CSF,-0.5,3,-0.8406680016960503,6,-0.5,3,3,-0.7775843798555645,12,True,0.1070217316382002,True,-1.0,-1.0,-1.0,-1.0,2,-1.0,2,-1.0,2,-1.0,3.0
ENSMUSG00000041308-B,1.0,RBN,"1,3-Oxazolidine, 2,5-diphenyl-4-methyl-, trans-",-1.0,CSF,-0.5,3,-0.1471224715841249,6,-1.0,3,3,-0.7824609569920918,12,True,0.0976494677105218,True,-1.0,-1.0,-1.0,-1.0,2,-1.0,2,-1.0,2,-1.0,3.0
ENSMUSG00000041308-B,1.0,RBN,3-Amino-5-methylisoxazole,-1.0,CSF,,0,-0.7142857142857143,6,-1.0,3,2,-0.8272727272727273,11,True,0.0649461169401722,True,-1.0,-1.0,-1.0,-1.0,2,-1.0,2,-1.0,2,-1.0,3.0
ENSMUSG00000041308-B,1.0,RBN,4-Methoxyphenol,-1.0,CSF,-0.5,3,-1.0,4,,0,2,-0.9047619047619048,8,True,0.0764676252221898,True,-1.0,-1.0,-1.0,-1.0,2,-1.0,2,-1.0,2,-1.0,3.0
ENSMUSG00000041308-B,1.0,RBN,"Benzoic acid, 2-hydroxy-3-[(2-hydroxy-4-methoxy-6-propylbenzoyl)oxy]-4-methoxy-6-propyl-, methyl ester ",-1.0,CSF,-0.5,3,-0.0579771035652448,6,-1.0,3,3,-0.7986001739057148,12,True,0.0707570901776779,True,-1.0,-1.0,-1.0,-1.0,2,-1.0,2,-1.0,2,-1.0,3.0
ENSMUSG00000041598-B,-1.0,RBN,2-Butenedioic acid,-1.0,CSF,,0,0.8857142857142858,6,0.5,3,2,0.8363636363636365,11,True,0.0526810104319952,True,1.0,1.0,1.0,1.0,2,1.0,2,1.0,2,1.0,3.0
ENSMUSG00000041733-B,1.0,RBN,3-Heptanol,1.0,CSF,1.0,3,0.8406680016960503,6,1.0,3,3,0.7705791151721809,12,True,0.1214129933650775,True,1.0,1.0,1.0,1.0,2,1.0,2,1.0,2,1.0,3.0
ENSMUSG00000042757-B,-1.0,RBN,Glycerol,-1.0,CSF,0.0,3,0.3142857142857143,6,1.0,3,3,0.7775843798555645,12,True,0.1070217316382002,True,,1.0,1.0,,1,,1,1.0,2,1.0,2.0
ENSMUSG00000042757-B,-1.0,RBN,Methyl lactate,-1.0,CSF,,0,0.4857142857142857,6,1.0,3,2,0.8272727272727273,11,True,0.0649461169401722,True,1.0,1.0,1.0,1.0,2,1.0,2,1.0,2,1.0,3.0
ENSMUSG00000043243-B,1.0,RBN,Urea,-1.0,CSF,-1.0,3,-0.8116794499134279,6,-0.5,3,3,-0.7719298245614036,12,True,0.1184809037498814,True,-1.0,-1.0,-1.0,-1.0,2,-1.0,2,-1.0,2,-1.0,3.0
ENSMUSG00000043811-B,-1.0,RBN,Glycerol,-1.0,CSF,0.8660254037844387,3,0.7142857142857143,6,-1.0,3,3,0.8651501883978578,12,True,0.0116573009423838,True,,1.0,1.0,,1,,1,1.0,2,1.0,2.0
ENSMUSG00000045102-B,1.0,RBN,2-Pyrrolidone-5-carboxylic acid,-1.0,CSF,-0.5,3,-0.8451542547285165,6,1.0,3,3,-0.7664689574617479,12,True,0.1305429509567713,True,,-1.0,-1.0,,1,,1,-1.0,2,-1.0,2.0
ENSMUSG00000045102-B,1.0,RBN,Norephedrine,-1.0,CSF,-1.0,3,,3,0.0,3,2,-0.8580986734247602,9,True,0.1125640587883416,True,,-1.0,-1.0,,1,,1,-1.0,2,-1.0,2.0
ENSMUSG00000045667-B,-1.0,RBN,8-Methylnonanoic acid,-1.0,CSF,0.5,3,0.9276336570439176,6,1.0,3,3,0.7894736842105264,12,True,0.0852389166421018,True,1.0,1.0,1.0,1.0,2,1.0,2,1.0,2,1.0,3.0
ENSMUSG00000045667-B,-1.0,RBN,Hydracrylic acid,-1.0,CSF,1.0,3,0.7714285714285715,6,1.0,3,3,0.8896686147896998,12,True,0.0045088278592399,True,1.0,1.0,1.0,1.0,2,1.0,2,1.0,2,1.0,3.0
ENSMUSG00000047216-B,1.0,RBN,Ethanolamine,-1.0,CSF,-0.5,3,-0.6377481392176932,6,-0.8660254037844387,3,3,-0.7684257828756417,12,True,0.1261433672731752,True,-1.0,-1.0,-1.0,-1.0,2,-1.0,2,-1.0,2,-1.0,3.0
ENSMUSG00000047866-B,1.0,RBN,Benzoic Acid,1.0,CSF,0.0,3,0.5768179036829705,6,1.0,3,3,0.7584069136758288,12,True,0.1486214726576495,True,,1.0,1.0,,1,,1,1.0,2,1.0,2.0
ENSMUSG00000050074-B,1.0,RBN,Benzoic Acid,1.0,CSF,0.0,3,0.4553825555391871,6,1.0,3,3,0.7654618617100224,12,True,0.1327502463545966,True,,1.0,1.0,,1,,1,1.0,2,1.0,2.0
ENSMUSG00000050592-B,1.0,RBN,"1-(2,4-Dimethoxyphenyl)-propan-2-one",-1.0,CSF,-1.0,3,0.1118033988749894,5,-0.5,3,3,-0.7981987297166115,11,True,0.1173240316345911,True,,-1.0,-1.0,,1,,1,-1.0,2,-1.0,2.0
ENSMUSG00000050592-B,1.0,RBN,N-Ethyldiethanolamine,-1.0,CSF,-1.0,3,-0.6,6,-1.0,3,3,-0.7972027972027973,12,True,0.0728064213158683,True,-1.0,-1.0,-1.0,-1.0,2,-1.0,2,-1.0,2,-1.0,3.0
ENSMUSG00000050592-B,1.0,RBN,"Propanoic acid, dimethyl(isopropyl)silyl ester",-1.0,CSF,,0,-0.942857142857143,6,-0.5,3,2,-0.8787878787878788,10,True,0.0328030823506898,True,-1.0,-1.0,-1.0,-1.0,2,-1.0,2,-1.0,2,-1.0,3.0
ENSMUSG00000051297-B,1.0,RBN,"3,4-Methylenedioxyamphetamine",1.0,CSF,0.5,3,0.7999999999999999,4,,0,2,0.880952380952381,8,True,0.1361740651563814,True,1.0,1.0,1.0,1.0,2,1.0,2,1.0,2,1.0,3.0
ENSMUSG00000051495-B,1.0,RBN,Levulinic acid,-1.0,CSF,-0.8660254037844387,3,-0.8827348295047495,6,-0.5,3,3,-0.7908721524501697,12,True,0.0829647173708897,True,-1.0,-1.0,-1.0,-1.0,2,-1.0,2,-1.0,2,-1.0,3.0
ENSMUSG00000051495-B,1.0,RBN,Myristic acid,-1.0,CSF,-1.0,3,-0.7356123579206245,6,-1.0,3,3,-0.8456192405161171,12,True,0.0216669685659519,True,-1.0,-1.0,-1.0,-1.0,2,-1.0,2,-1.0,2,-1.0,3.0
ENSMUSG00000051495-B,1.0,RBN,Phytanic acid,-1.0,CSF,0.0,3,-0.7061878636037996,6,-1.0,3,3,-0.8295370132366225,12,True,0.0340331675935555,True,,-1.0,-1.0,,1,,1,-1.0,2,-1.0,2.0
ENSMUSG00000052837-B,1.0,RBN,Norephedrine,-1.0,CSF,-1.0,3,-0.5,3,-1.0,3,3,-0.8833333333333333,9,True,0.0620743193452451,True,-1.0,-1.0,-1.0,-1.0,2,-1.0,2,-1.0,2,-1.0,3.0
ENSMUSG00000052951-B,1.0,RBN,Acetic acid,-1.0,CSF,-0.8660254037844387,3,-0.6789347398332045,6,,3,2,-0.8506684844144639,12,True,0.0186974145819072,True,-1.0,-1.0,-1.0,-1.0,2,-1.0,2,-1.0,2,-1.0,3.0
ENSMUSG00000052951-B,1.0,RBN,N-Acetylaminoethanol,-1.0,CSF,-0.8660254037844387,3,-0.6667366910003157,6,0.0,3,3,-0.8049321018270617,12,True,0.0620743193452451,True,,-1.0,-1.0,,1,,1,-1.0,2,-1.0,2.0
ENSMUSG00000053358-B,1.0,RBN,"2-Methylcyclohexanol, (Z)",1.0,CSF,1.0,3,0.8406680016960503,6,0.8660254037844387,3,3,0.7614081958174166,12,True,0.1411433719688112,True,1.0,1.0,1.0,1.0,2,1.0,2,1.0,2,1.0,3.0
ENSMUSG00000054519-B,1.0,RBN,m-Toluic acid,-1.0,CSF,-1.0,3,-0.5217939320872036,6,-1.0,3,3,-0.7600712181471057,12,True,0.1441473274237713,True,-1.0,-1.0,-1.0,-1.0,2,-1.0,2,-1.0,2,-1.0,3.0
ENSMUSG00000056071-B,1.0,RBN,Azelaic acid,-1.0,CSF,-1.0,3,-0.2319084142609793,6,-0.5,3,3,-0.7600712181471057,12,True,0.1441473274237713,True,-1.0,-1.0,-1.0,-1.0,2,-1.0,2,-1.0,2,-1.0,3.0
ENSMUSG00000056071-B,1.0,RBN,Salsoline,1.0,CSF,1.0,3,-0.3999999999999999,4,-1.0,3,3,0.8181818181818182,10,True,0.1357014576219254,True,,1.0,1.0,,1,,1,1.0,2,1.0,2.0
ENSMUSG00000056423-B,-1.0,RBN,N-Acetyl-L-alanine,-1.0,CSF,1.0,3,0.7589709258986453,6,1.0,3,3,0.8048763000313615,12,True,0.0620743193452451,True,1.0,1.0,1.0,1.0,2,1.0,2,1.0,2,1.0,3.0
ENSMUSG00000056770-B,-1.0,RBN,2-Naphthol,-1.0,CSF,0.0,3,0.7356123579206245,6,0.5,3,3,0.7732972157290547,12,True,0.1154851727607595,True,,1.0,1.0,,1,,1,1.0,2,1.0,2.0
ENSMUSG00000056900-B,-1.0,RBN,"2,4,4'-Trihydroxybenzophenone",-1.0,CSF,-0.5,3,0.7714285714285715,6,0.5,3,3,0.8041958041958043,12,True,0.0628223918624035,True,,1.0,1.0,,1,,1,1.0,2,1.0,2.0
ENSMUSG00000056900-B,-1.0,RBN,Methyl lactate,-1.0,CSF,,0,0.6,6,1.0,3,2,0.881818181818182,11,True,0.01373720346624,True,1.0,1.0,1.0,1.0,2,1.0,2,1.0,2,1.0,3.0
ENSMUSG00000056900-B,-1.0,RBN,Norephedrine,-1.0,CSF,0.5,3,1.0,3,1.0,3,3,0.9666666666666668,9,True,0.0009155372422491,True,1.0,1.0,1.0,1.0,2,1.0,2,1.0,2,1.0,3.0
ENSMUSG00000056900-B,-1.0,RBN,Phytanic acid,-1.0,CSF,0.0,3,0.7944613465542746,6,1.0,3,3,0.8154770638597305,12,True,0.0485868200844522,True,,1.0,1.0,,1,,1,1.0,2,1.0,2.0
ENSMUSG00000056900-B,-1.0,RBN,Tetrahydro-solasodine triacetate,-1.0,CSF,-0.8660254037844387,3,0.8857142857142858,6,1.0,3,3,0.7600712181471057,12,True,0.1441473274237713,True,,1.0,1.0,,1,,1,1.0,2,1.0,2.0
ENSMUSG00000057455-B,-1.0,RBN,4-Methoxyphenol,-1.0,CSF,0.5,3,1.0,4,,0,2,0.9047619047619048,8,True,0.0764676252221898,True,1.0,1.0,1.0,1.0,2,1.0,2,1.0,2,1.0,3.0
ENSMUSG00000058400-B,1.0,RBN,Ethanolamine,-1.0,CSF,-0.5,3,-0.3768511731740915,6,0.8660254037844387,3,3,-0.803513718166767,12,True,0.063778674419307,True,,-1.0,-1.0,,1,,1,-1.0,2,-1.0,2.0
ENSMUSG00000058400-B,1.0,RBN,Glycine,-1.0,CSF,-1.0,3,-0.4928053803045811,6,-1.0,3,3,-0.8126107032724816,12,True,0.0520802097089788,True,-1.0,-1.0,-1.0,-1.0,2,-1.0,2,-1.0,2,-1.0,3.0
ENSMUSG00000059447-B,-1.0,RBN,"1,2-Cyclohexanediol, (Z)",1.0,CSF,,0,-0.753702346348183,6,-1.0,3,2,-0.8063802242134231,11,True,0.1004703403296429,True,-1.0,-1.0,-1.0,-1.0,2,-1.0,2,-1.0,2,-1.0,3.0
ENSMUSG00000059447-B,-1.0,RBN,Butylmethylamine,-1.0,CSF,-1.0,3,0.8285714285714287,6,0.0,3,3,0.7635738504887974,12,True,0.1361740651563814,True,,1.0,1.0,,1,,1,1.0,2,1.0,2.0
ENSMUSG00000059447-B,-1.0,RBN,"N,N-Dimethyl-2-aminoethanol",-1.0,CSF,0.5,3,0.942857142857143,6,,0,2,0.8636363636363636,11,True,0.0248899215654622,True,1.0,1.0,1.0,1.0,2,1.0,2,1.0,2,1.0,3.0
ENSMUSG00000061039-B,-1.0,RBN,"2-Methylcyclohexanol, (Z)",1.0,CSF,-0.8660254037844387,3,-0.6667366910003157,6,-0.8660254037844387,3,3,-0.8018675416793329,12,True,0.0659058850928466,True,-1.0,-1.0,-1.0,-1.0,2,-1.0,2,-1.0,2,-1.0,3.0
ENSMUSG00000063049-B,1.0,RBN,"1-(2,5-Dimethoxyphenyl)-1-[(trimethylsilyl)oxy]propan-2-amine",1.0,CSF,-0.5,3,0.9276336570439176,6,1.0,3,3,0.795097541564023,12,True,0.0761924011052226,True,,1.0,1.0,,1,,1,1.0,2,1.0,2.0
ENSMUSG00000064363-B,-1.0,RBN,Benzyl alcohol,-1.0,CSF,1.0,3,0.7142857142857143,6,0.5,3,3,0.8321678321678322,12,True,0.0317499473279697,True,1.0,1.0,1.0,1.0,2,1.0,2,1.0,2,1.0,3.0
ENSMUSG00000064363-B,-1.0,RBN,Levulinic acid,-1.0,CSF,0.8660254037844387,3,0.8827348295047495,6,0.5,3,3,0.8717168613672982,12,True,0.009232751764462,True,1.0,1.0,1.0,1.0,2,1.0,2,1.0,2,1.0,3.0
ENSMUSG00000064363-B,-1.0,RBN,Oxalic acid,-1.0,CSF,0.8660254037844387,3,0.6667366910003157,6,0.8660254037844387,3,3,0.7979021271386156,12,True,0.0718513993062078,True,1.0,1.0,1.0,1.0,2,1.0,2,1.0,2,1.0,3.0
ENSMUSG00000066441-B,-1.0,RBN,"1,2-Cyclohexanediol, (Z)",1.0,CSF,,0,-0.6667366910003157,6,-1.0,3,2,-0.8109360446892052,11,True,0.0921904440735723,True,-1.0,-1.0,-1.0,-1.0,2,-1.0,2,-1.0,2,-1.0,3.0
ENSMUSG00000066441-B,-1.0,RBN,Isopropylamine,-1.0,CSF,-1.0,3,0.6571428571428573,6,0.5,3,3,0.7972027972027973,12,True,0.0728064213158683,True,,1.0,1.0,,1,,1,1.0,2,1.0,2.0
ENSMUSG00000068220-B,1.0,RBN,Butanedioic acid,-1.0,CSF,-0.5,3,-0.8285714285714287,6,0.5,3,3,-0.7622377622377624,12,True,0.1392266340593392,True,,-1.0,-1.0,,1,,1,-1.0,2,-1.0,2.0
ENSMUSG00000070532-B,1.0,RBN,"N,N-Dimethyl-2-aminoethanol",-1.0,CSF,-0.5,3,-0.6571428571428573,6,,0,2,-0.8636363636363636,11,True,0.0248899215654622,True,-1.0,-1.0,-1.0,-1.0,2,-1.0,2,-1.0,2,-1.0,3.0
ENSMUSG00000070687-B,1.0,RBN,"1-(2,4-Dimethoxyphenyl)-propan-2-one",-1.0,CSF,-0.5,3,-0.7826237921249264,5,-0.5,3,3,-0.8257228238447705,11,True,0.067238463756839,True,-1.0,-1.0,-1.0,-1.0,2,-1.0,2,-1.0,2,-1.0,3.0
ENSMUSG00000070687-B,1.0,RBN,Urea,-1.0,CSF,-1.0,3,-0.753702346348183,6,-1.0,3,3,-0.9141870411815418,12,True,0.0013456207810723,True,-1.0,-1.0,-1.0,-1.0,2,-1.0,2,-1.0,2,-1.0,3.0
ENSMUSG00000071661-B,1.0,RBN,"2,4,4'-Trihydroxybenzophenone",-1.0,CSF,-1.0,3,-0.7714285714285715,6,-1.0,3,3,-0.7622377622377624,12,True,0.1392266340593392,True,-1.0,-1.0,-1.0,-1.0,2,-1.0,2,-1.0,2,-1.0,3.0
ENSMUSG00000071661-B,1.0,RBN,2-Butoxyethanol,-1.0,CSF,-1.0,3,-0.7142857142857143,6,-1.0,3,3,-0.8111888111888113,12,True,0.0538332250132781,True,-1.0,-1.0,-1.0,-1.0,2,-1.0,2,-1.0,2,-1.0,3.0
ENSMUSG00000071661-B,1.0,RBN,2-Pentadecanone,-1.0,CSF,-0.8660254037844387,3,-0.7589709258986453,6,-1.0,3,3,-0.8607036601716382,12,True,0.0135523690629704,True,-1.0,-1.0,-1.0,-1.0,2,-1.0,2,-1.0,2,-1.0,3.0
ENSMUSG00000071661-B,1.0,RBN,Adenine,-1.0,CSF,,0,-0.6,6,-1.0,3,2,-0.8181818181818182,10,True,0.1357014576219254,True,-1.0,-1.0,-1.0,-1.0,2,-1.0,2,-1.0,2,-1.0,3.0
ENSMUSG00000071661-B,1.0,RBN,Curcumin,-1.0,CSF,-0.5,3,-0.8857142857142858,6,-0.5,3,3,-0.7762237762237763,12,True,0.1098200226758619,True,-1.0,-1.0,-1.0,-1.0,2,-1.0,2,-1.0,2,-1.0,3.0
ENSMUSG00000071661-B,1.0,RBN,Iminodiacetic acid,-1.0,CSF,-1.0,3,-0.753702346348183,6,-1.0,3,3,-0.8126107032724816,12,True,0.0520802097089788,True,-1.0,-1.0,-1.0,-1.0,2,-1.0,2,-1.0,2,-1.0,3.0
ENSMUSG00000071661-B,1.0,RBN,Norketamine,-1.0,CSF,-0.8660254037844387,3,-0.7356123579206245,6,-1.0,3,3,-0.7662672410406088,12,True,0.1310170067218496,True,-1.0,-1.0,-1.0,-1.0,2,-1.0,2,-1.0,2,-1.0,3.0
ENSMUSG00000071661-B,1.0,RBN,Yangonin,-1.0,CSF,-0.5,3,-0.6957252427829382,6,-1.0,3,3,-0.7810870121972561,12,True,0.1002189068910806,True,-1.0,-1.0,-1.0,-1.0,2,-1.0,2,-1.0,2,-1.0,3.0
ENSMUSG00000072919-B,1.0,RBN,"2,5-Dimethoxyphenol",-1.0,CSF,-1.0,3,-0.942857142857143,6,-1.0,3,3,-0.8791607177646247,12,True,0.0069529233223833,True,-1.0,-1.0,-1.0,-1.0,2,-1.0,2,-1.0,2,-1.0,3.0
ENSMUSG00000072919-B,1.0,RBN,"3-(4,7-Dimethoxy-2H-1,3-benzodioxol-5-yl)-2-methylprop-2-enal",-1.0,CSF,-0.5,3,-0.7142857142857143,6,-1.0,3,3,-0.80910807093079,12,True,0.0564124237686238,True,-1.0,-1.0,-1.0,-1.0,2,-1.0,2,-1.0,2,-1.0,3.0
ENSMUSG00000072919-B,1.0,RBN,Trimethylolpropane,-1.0,CSF,,0,-0.8720815992723809,5,,0,1,-0.8855421686746988,8,True,0.124157641184859,True,-1.0,-1.0,-1.0,-1.0,2,-1.0,2,-1.0,2,-1.0,3.0
ENSMUSG00000072964-B,-1.0,RBN,Monocaproin,-1.0,CSF,1.0,3,0.5,3,,0,2,0.880952380952381,8,True,0.1361740651563814,True,1.0,1.0,1.0,1.0,2,1.0,2,1.0,2,1.0,3.0
ENSMUSG00000074580-B,-1.0,RBN,"2-Methylcyclohexylamine, tert.-butyldimethylsilyl ether",-1.0,CSF,,0,1.0,4,,0,1,1.0,6,True,0.0,True,1.0,1.0,1.0,1.0,2,1.0,2,1.0,2,1.0,3.0
ENSMUSG00000079157-B,-1.0,RBN,Norephedrine,-1.0,CSF,-0.5,3,0.5,3,1.0,3,3,0.9333333333333332,9,True,0.0099042178711166,True,,1.0,1.0,,1,,1,1.0,2,1.0,2.0
ENSMUSG00000081683-B,-1.0,RBN,Benzoic Acid,1.0,CSF,-0.8660254037844387,3,-0.8804062740424288,6,-1.0,3,3,-0.7936816538467976,12,True,0.0782821313739144,True,-1.0,-1.0,-1.0,-1.0,2,-1.0,2,-1.0,2,-1.0,3.0
ENSMUSG00000085007-B,1.0,RBN,Aconitic acid,1.0,CSF,0.5,3,0.5217939320872036,6,0.5,3,3,0.8371291296643238,12,True,0.0276897519957052,True,1.0,1.0,1.0,1.0,2,1.0,2,1.0,2,1.0,3.0
ENSMUSG00000085111-B,1.0,RBN,4-Methoxyphenol,-1.0,CSF,-1.0,3,-0.7745966692414834,4,,0,2,-0.9132233209773138,8,True,0.0599751177812014,True,-1.0,-1.0,-1.0,-1.0,2,-1.0,2,-1.0,2,-1.0,3.0
ENSMUSG00000085382-B,1.0,RBN,"2,5-Dimethoxybenzonitrile",-1.0,CSF,-0.5,3,-0.7142857142857143,6,-0.8660254037844387,3,3,-0.7676246685723587,12,True,0.1280695994998501,True,-1.0,-1.0,-1.0,-1.0,2,-1.0,2,-1.0,2,-1.0,3.0
ENSMUSG00000085382-B,1.0,RBN,2-Methyl-3-pentanol,-1.0,CSF,,0,-0.8999999999999998,5,,0,1,-0.9369749612033816,7,True,0.0711401480491016,True,-1.0,-1.0,-1.0,-1.0,2,-1.0,2,-1.0,2,-1.0,3.0
ENSMUSG00000085382-B,1.0,RBN,"Cyclohexanone, 3,3,5-trimethyl",-1.0,CSF,-0.5,3,-0.7,5,-0.8660254037844387,3,3,-0.8291593265923334,11,True,0.0624512530198381,True,-1.0,-1.0,-1.0,-1.0,2,-1.0,2,-1.0,2,-1.0,3.0
ENSMUSG00000086034-B,1.0,RBN,Benzoic Acid,1.0,CSF,0.8660254037844387,3,0.151794185179729,6,1.0,3,3,0.7986065156635094,12,True,0.0707570901776779,True,1.0,1.0,1.0,1.0,2,1.0,2,1.0,2,1.0,3.0
ENSMUSG00000090862-B,1.0,RBN,"Propanoic acid, dimethyl(isopropyl)silyl ester",-1.0,CSF,,0,-0.7142857142857143,6,-1.0,3,2,-0.8181818181818182,10,True,0.1357014576219254,True,-1.0,-1.0,-1.0,-1.0,2,-1.0,2,-1.0,2,-1.0,3.0
ENSMUSG00000094344-B,1.0,RBN,Norephedrine,-1.0,CSF,0.5,3,-0.5,3,-0.5,3,3,-0.8499999999999999,9,True,0.1325492314362847,True,,-1.0,-1.0,,1,,1,-1.0,2,-1.0,2.0
ENSMUSG00000095845-B,1.0,RBN,4-Methoxyphenol,-1.0,CSF,-1.0,3,-0.7999999999999999,4,,0,2,-0.9523809523809524,8,True,0.0108998257942134,True,-1.0,-1.0,-1.0,-1.0,2,-1.0,2,-1.0,2,-1.0,3.0
ENSMUSG00000097061-B,-1.0,RBN,Methyl lactate,-1.0,CSF,,0,0.4857142857142857,6,-0.5,3,2,0.8454545454545455,11,True,0.041701939901716,True,,1.0,1.0,,1,,1,1.0,2,1.0,2.0
ENSMUSG00000097403-B,-1.0,RBN,"2',5'-Dimethoxypropiophenone",-1.0,CSF,1.0,3,0.8285714285714287,6,1.0,3,3,0.8521338063968384,12,True,0.0178720461097379,True,1.0,1.0,1.0,1.0,2,1.0,2,1.0,2,1.0,3.0
ENSMUSG00000097403-B,-1.0,RBN,Aceturic acid,-1.0,CSF,1.0,3,0.8857142857142858,6,,0,2,0.8337151470681154,11,True,0.0561994704766361,True,1.0,1.0,1.0,1.0,2,1.0,2,1.0,2,1.0,3.0
ENSMUSG00000098447-B,-1.0,RBN,"3,5-Dimethylphenol",1.0,CSF,-0.5,3,-0.9746794344808964,5,-1.0,3,3,-0.8807710121010887,11,True,0.0142443651355202,True,-1.0,-1.0,-1.0,-1.0,2,-1.0,2,-1.0,2,-1.0,3.0
ENSMUSG00000101225-B,1.0,RBN,"1-(2,4-Dimethoxyphenyl)-propan-2-one",-1.0,CSF,-1.0,3,-0.4472135954999578,5,-0.5,3,3,-0.8257228238447705,11,True,0.067238463756839,True,-1.0,-1.0,-1.0,-1.0,2,-1.0,2,-1.0,2,-1.0,3.0
ENSMUSG00000101225-B,1.0,RBN,Myristic acid,-1.0,CSF,-1.0,3,-0.7944613465542746,6,-1.0,3,3,-0.8456192405161171,12,True,0.0216669685659519,True,-1.0,-1.0,-1.0,-1.0,2,-1.0,2,-1.0,2,-1.0,3.0
ENSMUSG00000101225-B,1.0,RBN,N-Ethyldiethanolamine,-1.0,CSF,-1.0,3,-0.7142857142857143,6,-1.0,3,3,-0.7622377622377624,12,True,0.1392266340593392,True,-1.0,-1.0,-1.0,-1.0,2,-1.0,2,-1.0,2,-1.0,3.0
ENSMUSG00000102692-B,1.0,RBN,2-Butoxyethanol,-1.0,CSF,-0.8660254037844387,3,-0.8857142857142858,6,-0.5,3,3,-0.7817095248764386,12,True,0.0991125631473405,True,-1.0,-1.0,-1.0,-1.0,2,-1.0,2,-1.0,2,-1.0,3.0
ENSMUSG00000103123-B,1.0,RBN,"1,2-Cyclohexanediol, (Z)",1.0,CSF,,0,0.4638168285219587,6,1.0,3,2,0.8063802242134231,11,True,0.1004703403296429,True,1.0,1.0,1.0,1.0,2,1.0,2,1.0,2,1.0,3.0
ENSMUSG00000105867-B,1.0,RBN,"1-(2,5-Dimethoxyphenyl)-1-[(trimethylsilyl)oxy]propan-2-amine",1.0,CSF,0.5,3,0.4928053803045811,6,1.0,3,3,0.833626497322632,12,True,0.0305397895988903,True,1.0,1.0,1.0,1.0,2,1.0,2,1.0,2,1.0,3.0
ENSMUSG00000105867-B,1.0,RBN,Benzoic Acid,1.0,CSF,0.8660254037844387,3,0.5161002296110789,6,1.0,3,3,0.8042640758980881,12,True,0.0628223918624035,True,1.0,1.0,1.0,1.0,2,1.0,2,1.0,2,1.0,3.0
ENSMUSG00000000308-S,1.0,STM,Palmitic Acid,1.0,CSF,,0,0.5,3,,0,1,0.942857142857143,6,True,0.1415177011036704,True,1.0,1.0,1.0,1.0,2,1.0,2,1.0,2,1.0,3.0
ENSMUSG00000000792-S,1.0,STM,Azelaic acid,-1.0,CSF,,0,-0.6668859288553501,5,-0.5,3,2,-0.836827408755723,9,True,0.1433947695471908,True,-1.0,-1.0,-1.0,-1.0,2,-1.0,2,-1.0,2,-1.0,3.0
ENSMUSG00000000792-S,1.0,STM,Myristic acid,-1.0,CSF,,0,-0.9746794344808964,5,-1.0,3,2,-0.9288784237188524,9,True,0.010686351560106,True,-1.0,-1.0,-1.0,-1.0,2,-1.0,2,-1.0,2,-1.0,3.0
ENSMUSG00000001016-S,-1.0,STM,6-Methyluracil,-1.0,CSF,,0,0.8720815992723809,5,1.0,3,2,0.9288784237188524,9,True,0.010686351560106,True,1.0,1.0,1.0,1.0,2,1.0,2,1.0,2,1.0,3.0
ENSMUSG00000001016-S,-1.0,STM,"Benzoic acid, 2-hydroxy-3-[(2-hydroxy-4-methoxy-6-propylbenzoyl)oxy]-4-methoxy-6-propyl-, methyl ester ",-1.0,CSF,,0,0.6155870112510925,5,1.0,3,2,0.8786687791935092,9,True,0.0612792680298124,True,1.0,1.0,1.0,1.0,2,1.0,2,1.0,2,1.0,3.0
ENSMUSG00000001016-S,-1.0,STM,Monocaproin,-1.0,CSF,,0,1.0,3,,0,1,0.942857142857143,6,True,0.1415177011036704,True,1.0,1.0,1.0,1.0,2,1.0,2,1.0,2,1.0,3.0
ENSMUSG00000001089-S,1.0,STM,Azelaic acid,-1.0,CSF,,0,-0.5642880936468347,5,-1.0,3,2,-0.8535639569308375,9,True,0.1081476580790225,True,-1.0,-1.0,-1.0,-1.0,2,-1.0,2,-1.0,2,-1.0,3.0
ENSMUSG00000001089-S,1.0,STM,Salsoline,1.0,CSF,,0,1.0,4,-0.5,3,2,0.9047619047619048,8,True,0.0668408998775762,True,,1.0,1.0,,1,,1,1.0,2,1.0,2.0
ENSMUSG00000001300-S,-1.0,STM,Palmitic Acid,1.0,CSF,,0,-0.5,3,,0,1,-0.942857142857143,6,True,0.1415177011036704,True,-1.0,-1.0,-1.0,-1.0,2,-1.0,2,-1.0,2,-1.0,3.0
ENSMUSG00000001642-S,-1.0,STM,"2,4,6-Cycloheptatrien-1-one",-1.0,CSF,,0,,0,,0,0,1.0,5,True,5.23654444060943e-23,True,,1.0,1.0,,1,,1,1.0,2,1.0,2.0
ENSMUSG00000001946-S,-1.0,STM,"2-Cyclohexen-1-one, 3-methyl-6-(1-methylethyl)",-1.0,CSF,,0,0.6000000000000001,4,1.0,3,2,0.9047619047619048,8,True,0.0668408998775762,True,1.0,1.0,1.0,1.0,2,1.0,2,1.0,2,1.0,3.0
ENSMUSG00000001964-S,1.0,STM,Acetic acid,-1.0,CSF,,0,-0.7378647873726218,5,,3,1,-0.8720815992723809,9,True,0.0720721335025092,True,-1.0,-1.0,-1.0,-1.0,2,-1.0,2,-1.0,2,-1.0,3.0
ENSMUSG00000001964-S,1.0,STM,Butanedioic acid,-1.0,CSF,,0,-0.8999999999999998,5,-0.5,3,2,-0.8833333333333333,9,True,0.0541567212608497,True,-1.0,-1.0,-1.0,-1.0,2,-1.0,2,-1.0,2,-1.0,3.0
ENSMUSG00000001964-S,1.0,STM,Cyclooctylamine,-1.0,CSF,,0,-0.7999999999999999,5,-1.0,3,2,-0.9166666666666666,9,True,0.0180879708398417,True,-1.0,-1.0,-1.0,-1.0,2,-1.0,2,-1.0,2,-1.0,3.0
ENSMUSG00000001964-S,1.0,STM,Ethanolamine,-1.0,CSF,,0,-0.6,5,-0.8660254037844387,3,2,-0.8619322310183947,9,True,0.0895686811196423,True,-1.0,-1.0,-1.0,-1.0,2,-1.0,2,-1.0,2,-1.0,3.0
ENSMUSG00000002012-S,1.0,STM,"1-(2,5-Dimethoxyphenyl)-1-[(trimethylsilyl)oxy]propan-2-amine",1.0,CSF,,0,0.8999999999999998,5,1.0,3,2,0.8666666666666667,9,True,0.080972434486112,True,1.0,1.0,1.0,1.0,2,1.0,2,1.0,2,1.0,3.0
ENSMUSG00000002210-S,-1.0,STM,"2,6-di-tert-Butyl-4-(dimethylaminomethyl)phenol",-1.0,CSF,,0,1.0,4,,0,1,1.0,6,True,0.0,True,1.0,1.0,1.0,1.0,2,1.0,2,1.0,2,1.0,3.0
ENSMUSG00000002210-S,-1.0,STM,"2-Methyl-1,3-butanediol",-1.0,CSF,,0,0.8207826816681233,5,1.0,3,2,0.8786687791935092,9,True,0.0612792680298124,True,1.0,1.0,1.0,1.0,2,1.0,2,1.0,2,1.0,3.0
ENSMUSG00000002210-S,-1.0,STM,Benzyl alcohol,-1.0,CSF,,0,0.8999999999999998,5,1.0,3,2,0.9,9,True,0.0329205941962492,True,1.0,1.0,1.0,1.0,2,1.0,2,1.0,2,1.0,3.0
ENSMUSG00000002210-S,-1.0,STM,Butyric Acid,-1.0,CSF,,0,0.8720815992723809,5,1.0,3,2,0.912141875543738,9,True,0.0215545979264877,True,1.0,1.0,1.0,1.0,2,1.0,2,1.0,2,1.0,3.0
ENSMUSG00000002210-S,-1.0,STM,"Hymexazole, tert-butyldimethylsilyl ether",-1.0,CSF,,0,0.4999999999999999,5,1.0,3,2,0.8499999999999999,9,True,0.1148352445018117,True,1.0,1.0,1.0,1.0,2,1.0,2,1.0,2,1.0,3.0
ENSMUSG00000002210-S,-1.0,STM,Pentanoic acid,-1.0,CSF,,0,0.7,5,1.0,3,2,0.8666666666666667,9,True,0.080972434486112,True,1.0,1.0,1.0,1.0,2,1.0,2,1.0,2,1.0,3.0
ENSMUSG00000002210-S,-1.0,STM,Uracil,-1.0,CSF,,0,0.8207826816681233,5,1.0,3,2,0.8954053273686237,9,True,0.038138931606925,True,1.0,1.0,1.0,1.0,2,1.0,2,1.0,2,1.0,3.0
ENSMUSG00000002459-S,-1.0,STM,Glycerol,-1.0,CSF,,0,0.7,5,0.5,3,2,0.8833333333333333,9,True,0.0541567212608497,True,1.0,1.0,1.0,1.0,2,1.0,2,1.0,2,1.0,3.0
ENSMUSG00000002968-S,-1.0,STM,"2,6-di-tert-Butyl-4-(dimethylaminomethyl)phenol",-1.0,CSF,,0,0.7999999999999999,4,,0,1,0.942857142857143,6,True,0.1415177011036704,True,1.0,1.0,1.0,1.0,2,1.0,2,1.0,2,1.0,3.0
ENSMUSG00000002968-S,-1.0,STM,Uracil,-1.0,CSF,,0,0.6668859288553501,5,1.0,3,2,0.8870370532810664,9,True,0.0491083631416697,True,1.0,1.0,1.0,1.0,2,1.0,2,1.0,2,1.0,3.0
ENSMUSG00000003500-S,-1.0,STM,"2,6-di-tert-Butyl-4-(dimethylaminomethyl)phenol",-1.0,CSF,,0,0.7999999999999999,4,,0,1,0.942857142857143,6,True,0.1415177011036704,True,1.0,1.0,1.0,1.0,2,1.0,2,1.0,2,1.0,3.0
ENSMUSG00000003500-S,-1.0,STM,L-Glutamic acid,1.0,CSF,,0,,0,,0,0,-1.0,4,True,0.0,True,,-1.0,-1.0,,1,,1,-1.0,2,-1.0,2.0
ENSMUSG00000003657-S,1.0,STM,"1-(2,4-Dimethoxyphenyl)-propan-2-one",-1.0,CSF,,0,-0.7378647873726218,4,-0.5,3,2,-0.8742671711966791,8,True,0.1365290798246554,True,-1.0,-1.0,-1.0,-1.0,2,-1.0,2,-1.0,2,-1.0,3.0
ENSMUSG00000003808-S,1.0,STM,"1-(2,5-Dimethoxyphenyl)-1-[(trimethylsilyl)oxy]propan-2-amine",1.0,CSF,,0,0.8999999999999998,5,1.0,3,2,0.8499999999999999,9,True,0.1148352445018117,True,1.0,1.0,1.0,1.0,2,1.0,2,1.0,2,1.0,3.0
ENSMUSG00000003808-S,1.0,STM,Benzoic Acid,1.0,CSF,,0,0.6668859288553501,5,1.0,3,2,0.836827408755723,9,True,0.1433947695471908,True,1.0,1.0,1.0,1.0,2,1.0,2,1.0,2,1.0,3.0
ENSMUSG00000004071-S,1.0,STM,"2',5'-Dimethoxypropiophenone",-1.0,CSF,,0,-0.7999999999999999,5,-0.5,3,2,-0.8666666666666667,9,True,0.080972434486112,True,-1.0,-1.0,-1.0,-1.0,2,-1.0,2,-1.0,2,-1.0,3.0
ENSMUSG00000004071-S,1.0,STM,alpha-Hydroxyisobutyric acid,-1.0,CSF,,0,-1.0,5,,0,1,-1.0,7,True,0.0,True,-1.0,-1.0,-1.0,-1.0,2,-1.0,2,-1.0,2,-1.0,3.0
ENSMUSG00000004929-S,1.0,STM,"3,4,5-Trimethoxyamphetamine",1.0,CSF,,0,0.7999999999999999,5,0.5,3,2,0.9166666666666666,9,True,0.0180879708398417,True,1.0,1.0,1.0,1.0,2,1.0,2,1.0,2,1.0,3.0
ENSMUSG00000005268-S,1.0,STM,"1,3-Oxazolidine, 2,5-diphenyl-4-methyl-, trans-",-1.0,CSF,,0,-0.7631578947368421,5,-0.5,3,2,-0.8681558508014494,9,True,0.0793968044651404,True,-1.0,-1.0,-1.0,-1.0,2,-1.0,2,-1.0,2,-1.0,3.0
ENSMUSG00000005268-S,1.0,STM,"Benzoic acid, 2-hydroxy-3-[(2-hydroxy-4-methoxy-6-propylbenzoyl)oxy]-4-methoxy-6-propyl-, methyl ester ",-1.0,CSF,,0,-0.7631578947368421,5,-0.5,3,2,-0.8681558508014494,9,True,0.0793968044651404,True,-1.0,-1.0,-1.0,-1.0,2,-1.0,2,-1.0,2,-1.0,3.0
ENSMUSG00000005506-S,-1.0,STM,Glycerol,-1.0,CSF,,0,0.8999999999999998,5,1.0,3,2,0.9,9,True,0.0329205941962492,True,1.0,1.0,1.0,1.0,2,1.0,2,1.0,2,1.0,3.0
ENSMUSG00000006235-S,-1.0,STM,Butanedioic acid,-1.0,CSF,,0,0.7,5,0.5,3,2,0.8499999999999999,9,True,0.1148352445018117,True,1.0,1.0,1.0,1.0,2,1.0,2,1.0,2,1.0,3.0
ENSMUSG00000006235-S,-1.0,STM,"Erythrono-1,4-lactone",-1.0,CSF,,0,0.8999999999999998,5,1.0,3,2,0.9,9,True,0.0329205941962492,True,1.0,1.0,1.0,1.0,2,1.0,2,1.0,2,1.0,3.0
ENSMUSG00000006235-S,-1.0,STM,Lignoceric acid,-1.0,CSF,,0,0.8999999999999998,5,0.5,3,2,0.9,9,True,0.0329205941962492,True,1.0,1.0,1.0,1.0,2,1.0,2,1.0,2,1.0,3.0
ENSMUSG00000006235-S,-1.0,STM,Myristic acid,-1.0,CSF,,0,0.8207826816681233,5,1.0,3,2,0.836827408755723,9,True,0.1433947695471908,True,1.0,1.0,1.0,1.0,2,1.0,2,1.0,2,1.0,3.0
ENSMUSG00000006235-S,-1.0,STM,Pipecolic acid,-1.0,CSF,,0,0.7,5,0.8660254037844387,3,2,0.8954053273686237,9,True,0.038138931606925,True,1.0,1.0,1.0,1.0,2,1.0,2,1.0,2,1.0,3.0
ENSMUSG00000006941-S,1.0,STM,"2,4-Di-tert-butylphenol",-1.0,CSF,,0,,0,-1.0,3,1,-1.0,5,True,5.23654444060943e-23,True,-1.0,-1.0,-1.0,-1.0,2,-1.0,2,-1.0,2,-1.0,3.0
ENSMUSG00000006941-S,1.0,STM,alpha-Hydroxyisobutyric acid,-1.0,CSF,,0,-0.8999999999999998,5,,0,1,-0.9642857142857144,7,True,0.0163419625028473,True,-1.0,-1.0,-1.0,-1.0,2,-1.0,2,-1.0,2,-1.0,3.0
ENSMUSG00000006941-S,1.0,STM,Butanedioic acid,-1.0,CSF,,0,-0.8999999999999998,5,-1.0,3,2,-0.8499999999999999,9,True,0.1148352445018117,True,-1.0,-1.0,-1.0,-1.0,2,-1.0,2,-1.0,2,-1.0,3.0
ENSMUSG00000009894-S,1.0,STM,Palmitic Acid,1.0,CSF,,0,1.0,3,,0,1,1.0,6,True,0.0,True,1.0,1.0,1.0,1.0,2,1.0,2,1.0,2,1.0,3.0
ENSMUSG00000014767-S,-1.0,STM,"2,6-di-tert-Butyl-4-(dimethylaminomethyl)phenol",-1.0,CSF,,0,1.0,4,,0,1,0.942857142857143,6,True,0.1415177011036704,True,1.0,1.0,1.0,1.0,2,1.0,2,1.0,2,1.0,3.0
ENSMUSG00000014767-S,-1.0,STM,2-Butenedioic acid,-1.0,CSF,,0,0.8999999999999998,5,1.0,3,2,0.9047619047619048,8,True,0.0668408998775762,True,1.0,1.0,1.0,1.0,2,1.0,2,1.0,2,1.0,3.0
ENSMUSG00000014767-S,-1.0,STM,Cyclobutylamine,-1.0,CSF,,0,0.8999999999999998,5,1.0,3,2,0.8833333333333333,9,True,0.0541567212608497,True,1.0,1.0,1.0,1.0,2,1.0,2,1.0,2,1.0,3.0
ENSMUSG00000014767-S,-1.0,STM,L-Glutamic acid,1.0,CSF,,0,,0,,0,0,-1.0,4,True,0.0,True,,-1.0,-1.0,,1,,1,-1.0,2,-1.0,2.0
ENSMUSG00000014767-S,-1.0,STM,"L-Histidine, N,1-bis(tert-butyldimethylsilyl)-",-1.0,CSF,,0,0.8207826816681233,5,0.5,3,2,0.8451956828432803,9,True,0.1249346766036538,True,1.0,1.0,1.0,1.0,2,1.0,2,1.0,2,1.0,3.0
ENSMUSG00000014767-S,-1.0,STM,Pentanoic acid,-1.0,CSF,,0,0.8999999999999998,5,0.5,3,2,0.8499999999999999,9,True,0.1148352445018117,True,1.0,1.0,1.0,1.0,2,1.0,2,1.0,2,1.0,3.0
ENSMUSG00000014767-S,-1.0,STM,Picolinic acid,-1.0,CSF,,0,0.9486832980505138,5,0.8660254037844387,3,2,0.8608284620211166,9,True,0.0919796477567931,True,1.0,1.0,1.0,1.0,2,1.0,2,1.0,2,1.0,3.0
ENSMUSG00000015668-S,-1.0,STM,"2-Methylcyclohexylamine, tert.-butyldimethylsilyl ether",-1.0,CSF,,0,1.0,3,,0,1,1.0,5,True,5.23654444060943e-23,True,1.0,1.0,1.0,1.0,2,1.0,2,1.0,2,1.0,3.0
ENSMUSG00000015668-S,-1.0,STM,Glycerol,-1.0,CSF,,0,0.8999999999999998,5,1.0,3,2,0.9833333333333332,9,True,7.208095802039133e-05,True,1.0,1.0,1.0,1.0,2,1.0,2,1.0,2,1.0,3.0
ENSMUSG00000015668-S,-1.0,STM,Methyl lactate,-1.0,CSF,,0,0.7999999999999999,5,1.0,3,2,0.880952380952381,8,True,0.1179754827274796,True,1.0,1.0,1.0,1.0,2,1.0,2,1.0,2,1.0,3.0
ENSMUSG00000015937-S,1.0,STM,"3-(4,7-Dimethoxy-2H-1,3-benzodioxol-5-yl)-2-methylprop-2-enal",-1.0,CSF,,0,-0.8999999999999998,5,-1.0,3,2,-0.8666666666666667,9,True,0.080972434486112,True,-1.0,-1.0,-1.0,-1.0,2,-1.0,2,-1.0,2,-1.0,3.0
ENSMUSG00000015937-S,1.0,STM,Cyclooctylamine,-1.0,CSF,,0,-0.7999999999999999,5,-1.0,3,2,-0.8666666666666667,9,True,0.080972434486112,True,-1.0,-1.0,-1.0,-1.0,2,-1.0,2,-1.0,2,-1.0,3.0
ENSMUSG00000016386-S,-1.0,STM,Glycerol,-1.0,CSF,,0,1.0,5,1.0,3,2,0.8666666666666667,9,True,0.080972434486112,True,1.0,1.0,1.0,1.0,2,1.0,2,1.0,2,1.0,3.0
ENSMUSG00000016386-S,-1.0,STM,Phytanic acid,-1.0,CSF,,0,0.8720815992723809,5,1.0,3,2,0.8451956828432803,9,True,0.1249346766036538,True,1.0,1.0,1.0,1.0,2,1.0,2,1.0,2,1.0,3.0
ENSMUSG00000017491-S,-1.0,STM,1-(tert-Butyldimethylsilyl)-4-methyl-1H-pyrazole,-1.0,CSF,,0,0.9746794344808964,5,1.0,3,2,0.912141875543738,9,True,0.0215545979264877,True,1.0,1.0,1.0,1.0,2,1.0,2,1.0,2,1.0,3.0
ENSMUSG00000017491-S,-1.0,STM,Adenine,-1.0,CSF,,0,0.8999999999999998,5,1.0,3,2,0.880952380952381,8,True,0.1179754827274796,True,1.0,1.0,1.0,1.0,2,1.0,2,1.0,2,1.0,3.0
ENSMUSG00000017491-S,-1.0,STM,Niacin,-1.0,CSF,,0,1.0,4,0.5,3,2,0.880952380952381,8,True,0.1179754827274796,True,1.0,1.0,1.0,1.0,2,1.0,2,1.0,2,1.0,3.0
ENSMUSG00000017491-S,-1.0,STM,"Oxymorphone, bis(trimethylsilyl) ether",-1.0,CSF,,0,0.9746794344808964,5,,0,1,0.9461247469114746,8,True,0.0135926946264644,True,1.0,1.0,1.0,1.0,2,1.0,2,1.0,2,1.0,3.0
ENSMUSG00000017491-S,-1.0,STM,Phenoxyethanol,-1.0,CSF,,0,0.6668859288553501,5,1.0,3,2,0.8619322310183947,9,True,0.0895686811196423,True,1.0,1.0,1.0,1.0,2,1.0,2,1.0,2,1.0,3.0
ENSMUSG00000017491-S,-1.0,STM,Propylene glycol,-1.0,CSF,,0,0.8999999999999998,5,1.0,3,2,0.9166666666666666,9,True,0.0180879708398417,True,1.0,1.0,1.0,1.0,2,1.0,2,1.0,2,1.0,3.0
ENSMUSG00000017491-S,-1.0,STM,Xylazine,-1.0,CSF,,0,0.8999999999999998,5,1.0,3,2,0.8499999999999999,9,True,0.1148352445018117,True,1.0,1.0,1.0,1.0,2,1.0,2,1.0,2,1.0,3.0
ENSMUSG00000017491-S,-1.0,STM,Yangonin,-1.0,CSF,,0,0.8207826816681233,5,1.0,3,2,0.903773601456181,9,True,0.0292375417120539,True,1.0,1.0,1.0,1.0,2,1.0,2,1.0,2,1.0,3.0
ENSMUSG00000018412-S,-1.0,STM,DL-Glyceraldehyde,-1.0,CSF,,0,0.8999999999999998,5,0.8660254037844387,3,2,0.9205101496312952,9,True,0.0155816048873542,True,1.0,1.0,1.0,1.0,2,1.0,2,1.0,2,1.0,3.0
ENSMUSG00000018574-S,1.0,STM,Acetic acid,-1.0,CSF,,0,-0.6324555320336759,5,,3,1,-0.8806314188730906,9,True,0.0584142169597906,True,-1.0,-1.0,-1.0,-1.0,2,-1.0,2,-1.0,2,-1.0,3.0
ENSMUSG00000018574-S,1.0,STM,Ethanolamine,-1.0,CSF,,0,-0.7999999999999999,5,0.8660254037844387,3,2,-0.8535639569308375,9,True,0.1081476580790225,True,,-1.0,-1.0,,1,,1,-1.0,2,-1.0,2.0
ENSMUSG00000018574-S,1.0,STM,Glycine,-1.0,CSF,,0,-1.0,5,-1.0,3,2,-0.9333333333333332,9,True,0.0086292972228912,True,-1.0,-1.0,-1.0,-1.0,2,-1.0,2,-1.0,2,-1.0,3.0
ENSMUSG00000018809-S,-1.0,STM,2-Methyl-3-pentanol,-1.0,CSF,,0,1.0,4,,0,1,0.942857142857143,6,True,0.1415177011036704,True,1.0,1.0,1.0,1.0,2,1.0,2,1.0,2,1.0,3.0
ENSMUSG00000018809-S,-1.0,STM,Butachlor ESA,-1.0,CSF,,0,0.5,3,0.5,3,2,0.9285714285714288,7,True,0.08107637694869,True,1.0,1.0,1.0,1.0,2,1.0,2,1.0,2,1.0,3.0
ENSMUSG00000018809-S,-1.0,STM,L-Glutamic acid,1.0,CSF,,0,,0,,0,0,-1.0,4,True,0.0,True,,-1.0,-1.0,,1,,1,-1.0,2,-1.0,2.0
ENSMUSG00000018809-S,-1.0,STM,N-Methylacetamide,-1.0,CSF,,0,1.0,5,0.8660254037844387,3,2,0.8703005051059519,9,True,0.0751735116263849,True,1.0,1.0,1.0,1.0,2,1.0,2,1.0,2,1.0,3.0
ENSMUSG00000018809-S,-1.0,STM,Norketamine,-1.0,CSF,,0,0.8720815992723809,5,0.5,3,2,0.8451956828432803,9,True,0.1249346766036538,True,1.0,1.0,1.0,1.0,2,1.0,2,1.0,2,1.0,3.0
ENSMUSG00000018858-S,1.0,STM,Adipoyl-L-carnitine,1.0,CSF,,0,1.0,3,,0,1,1.0,5,True,5.23654444060943e-23,True,1.0,1.0,1.0,1.0,2,1.0,2,1.0,2,1.0,3.0
ENSMUSG00000019146-S,-1.0,STM,"2,4,4'-Trihydroxybenzophenone",-1.0,CSF,,0,0.7,5,1.0,3,2,0.8499999999999999,9,True,0.1148352445018117,True,1.0,1.0,1.0,1.0,2,1.0,2,1.0,2,1.0,3.0
ENSMUSG00000019146-S,-1.0,STM,"Benzoic acid, 2-hydroxy-3-[(2-hydroxy-4-methoxy-6-propylbenzoyl)oxy]-4-methoxy-6-propyl-, methyl ester ",-1.0,CSF,,0,0.7181848464596079,5,1.0,3,2,0.8451956828432803,9,True,0.1249346766036538,True,1.0,1.0,1.0,1.0,2,1.0,2,1.0,2,1.0,3.0
ENSMUSG00000019146-S,-1.0,STM,Butyric Acid,-1.0,CSF,,0,0.3590924232298039,5,1.0,3,2,0.836827408755723,9,True,0.1433947695471908,True,1.0,1.0,1.0,1.0,2,1.0,2,1.0,2,1.0,3.0
ENSMUSG00000019146-S,-1.0,STM,Norketamine,-1.0,CSF,,0,0.6668859288553501,5,1.0,3,2,0.9205101496312952,9,True,0.0155816048873542,True,1.0,1.0,1.0,1.0,2,1.0,2,1.0,2,1.0,3.0
ENSMUSG00000019146-S,-1.0,STM,Synephrine,-1.0,CSF,,0,0.4616902584383193,5,0.8660254037844387,3,2,0.8487694648841781,9,True,0.1179352769819456,True,1.0,1.0,1.0,1.0,2,1.0,2,1.0,2,1.0,3.0
ENSMUSG00000019158-S,1.0,STM,"2,4-Di-tert-butylphenol",-1.0,CSF,,0,,0,-1.0,3,1,-1.0,5,True,5.23654444060943e-23,True,-1.0,-1.0,-1.0,-1.0,2,-1.0,2,-1.0,2,-1.0,3.0
ENSMUSG00000019158-S,1.0,STM,Butanedioic acid,-1.0,CSF,,0,-0.7999999999999999,5,-1.0,3,2,-0.8499999999999999,9,True,0.1148352445018117,True,-1.0,-1.0,-1.0,-1.0,2,-1.0,2,-1.0,2,-1.0,3.0
ENSMUSG00000019188-S,1.0,STM,"2,5-Dimethoxyphenol",-1.0,CSF,,0,-0.7,5,-1.0,3,2,-0.8499999999999999,9,True,0.1148352445018117,True,-1.0,-1.0,-1.0,-1.0,2,-1.0,2,-1.0,2,-1.0,3.0
ENSMUSG00000019188-S,1.0,STM,"5-Ethyl-1,3-dioxane-5-methanol, tert-butyldimethylsilyl ether",1.0,CSF,,0,0.5,3,,0,1,0.942857142857143,6,True,0.1415177011036704,True,1.0,1.0,1.0,1.0,2,1.0,2,1.0,2,1.0,3.0
ENSMUSG00000019820-S,-1.0,STM,2-Butoxyethanol,-1.0,CSF,,0,0.7,5,1.0,3,2,0.8499999999999999,9,True,0.1148352445018117,True,1.0,1.0,1.0,1.0,2,1.0,2,1.0,2,1.0,3.0
ENSMUSG00000019820-S,-1.0,STM,"5-Nonanol, tert-butyldimethylsilyl ether",-1.0,CSF,,0,0.5797509043642028,5,1.0,3,2,0.8487694648841781,9,True,0.1179352769819456,True,1.0,1.0,1.0,1.0,2,1.0,2,1.0,2,1.0,3.0
ENSMUSG00000019820-S,-1.0,STM,Adenine,-1.0,CSF,,0,0.8999999999999998,5,1.0,3,2,0.880952380952381,8,True,0.1179754827274796,True,1.0,1.0,1.0,1.0,2,1.0,2,1.0,2,1.0,3.0
ENSMUSG00000019820-S,-1.0,STM,Butachlor ESA,-1.0,CSF,,0,1.0,3,1.0,3,2,0.9285714285714288,7,True,0.08107637694869,True,1.0,1.0,1.0,1.0,2,1.0,2,1.0,2,1.0,3.0
ENSMUSG00000019820-S,-1.0,STM,Norketamine,-1.0,CSF,,0,0.6668859288553501,5,1.0,3,2,0.8451956828432803,9,True,0.1249346766036538,True,1.0,1.0,1.0,1.0,2,1.0,2,1.0,2,1.0,3.0
ENSMUSG00000019820-S,-1.0,STM,Propylene glycol,-1.0,CSF,,0,0.8999999999999998,5,1.0,3,2,0.8833333333333333,9,True,0.0541567212608497,True,1.0,1.0,1.0,1.0,2,1.0,2,1.0,2,1.0,3.0
ENSMUSG00000019820-S,-1.0,STM,Xylazine,-1.0,CSF,,0,0.8999999999999998,5,1.0,3,2,0.9333333333333332,9,True,0.0086292972228912,True,1.0,1.0,1.0,1.0,2,1.0,2,1.0,2,1.0,3.0
ENSMUSG00000019872-S,1.0,STM,"2',5'-Dimethoxypropiophenone",-1.0,CSF,,0,-0.8999999999999998,5,-1.0,3,2,-0.9,9,True,0.0329205941962492,True,-1.0,-1.0,-1.0,-1.0,2,-1.0,2,-1.0,2,-1.0,3.0
ENSMUSG00000019872-S,1.0,STM,Cyclooctylamine,-1.0,CSF,,0,-0.7999999999999999,5,-0.5,3,2,-0.8666666666666667,9,True,0.080972434486112,True,-1.0,-1.0,-1.0,-1.0,2,-1.0,2,-1.0,2,-1.0,3.0
ENSMUSG00000019951-S,-1.0,STM,L-Glutamic acid,1.0,CSF,,0,,0,,0,0,-1.0,4,True,0.0,True,,-1.0,-1.0,,1,,1,-1.0,2,-1.0,2.0
ENSMUSG00000019984-S,1.0,STM,"2,4-Di-tert-butylphenol",-1.0,CSF,,0,,0,-1.0,3,1,-1.0,5,True,5.23654444060943e-23,True,-1.0,-1.0,-1.0,-1.0,2,-1.0,2,-1.0,2,-1.0,3.0
ENSMUSG00000019984-S,1.0,STM,Acetic acid,-1.0,CSF,,0,-0.5797509043642028,5,,3,1,-0.8464321404702522,9,True,0.1227152004445864,True,-1.0,-1.0,-1.0,-1.0,2,-1.0,2,-1.0,2,-1.0,3.0
ENSMUSG00000019984-S,1.0,STM,Ethanolamine,-1.0,CSF,,0,-0.8999999999999998,5,0.0,3,2,-0.8870370532810664,9,True,0.0491083631416697,True,,-1.0,-1.0,,1,,1,-1.0,2,-1.0,2.0
ENSMUSG00000020015-S,-1.0,STM,L-Glutamic acid,1.0,CSF,,0,,0,,0,0,-1.0,4,True,0.0,True,,-1.0,-1.0,,1,,1,-1.0,2,-1.0,2.0
ENSMUSG00000020163-S,1.0,STM,"5-Ethyl-1,3-dioxane-5-methanol, tert-butyldimethylsilyl ether",1.0,CSF,,0,1.0,3,,0,1,0.942857142857143,6,True,0.1415177011036704,True,1.0,1.0,1.0,1.0,2,1.0,2,1.0,2,1.0,3.0
ENSMUSG00000020193-S,1.0,STM,"2,5-Dimethoxyphenol",-1.0,CSF,,0,-0.8999999999999998,5,-1.0,3,2,-0.8666666666666667,9,True,0.080972434486112,True,-1.0,-1.0,-1.0,-1.0,2,-1.0,2,-1.0,2,-1.0,3.0
ENSMUSG00000020193-S,1.0,STM,"5-Ethyl-1,3-dioxane-5-methanol, tert-butyldimethylsilyl ether",1.0,CSF,,0,1.0,3,,0,1,0.942857142857143,6,True,0.1415177011036704,True,1.0,1.0,1.0,1.0,2,1.0,2,1.0,2,1.0,3.0
ENSMUSG00000020218-S,1.0,STM,"1-(1-Hydroxybutyl)-2,5-dimethoxybenzene ",-1.0,CSF,,0,-1.0,3,-1.0,3,2,-0.9549937104572924,7,True,0.0285265828221229,True,-1.0,-1.0,-1.0,-1.0,2,-1.0,2,-1.0,2,-1.0,3.0
ENSMUSG00000020218-S,1.0,STM,N-Ethyldiethanolamine,-1.0,CSF,,0,-0.8720815992723809,5,-1.0,3,2,-0.8814825547070536,9,True,0.0570946500885014,True,-1.0,-1.0,-1.0,-1.0,2,-1.0,2,-1.0,2,-1.0,3.0
ENSMUSG00000020238-S,-1.0,STM,DL-Glyceraldehyde,-1.0,CSF,,0,0.3999999999999999,5,0.8660254037844387,3,2,0.8786687791935092,9,True,0.0612792680298124,True,1.0,1.0,1.0,1.0,2,1.0,2,1.0,2,1.0,3.0
ENSMUSG00000020261-S,1.0,STM,Glycine,-1.0,CSF,,0,-0.8999999999999998,5,-0.5,3,2,-0.9333333333333332,9,True,0.0086292972228912,True,-1.0,-1.0,-1.0,-1.0,2,-1.0,2,-1.0,2,-1.0,3.0
ENSMUSG00000020589-S,-1.0,STM,"Benzoic acid, 2-hydroxy-3-[(2-hydroxy-4-methoxy-6-propylbenzoyl)oxy]-4-methoxy-6-propyl-, methyl ester ",-1.0,CSF,,0,0.8720815992723809,5,0.5,3,2,0.836827408755723,9,True,0.1433947695471908,True,1.0,1.0,1.0,1.0,2,1.0,2,1.0,2,1.0,3.0
ENSMUSG00000020589-S,-1.0,STM,L-Glutamic acid,1.0,CSF,,0,,0,,0,0,-1.0,4,True,0.0,True,,-1.0,-1.0,,1,,1,-1.0,2,-1.0,2.0
ENSMUSG00000020589-S,-1.0,STM,"N,N-Dimethyl-2-aminoethanol",-1.0,CSF,,0,0.7999999999999999,5,,0,1,0.880952380952381,8,True,0.1179754827274796,True,1.0,1.0,1.0,1.0,2,1.0,2,1.0,2,1.0,3.0
ENSMUSG00000020605-S,1.0,STM,"5-Ethyl-1,3-dioxane-5-methanol, tert-butyldimethylsilyl ether",1.0,CSF,,0,1.0,3,,0,1,0.942857142857143,6,True,0.1415177011036704,True,1.0,1.0,1.0,1.0,2,1.0,2,1.0,2,1.0,3.0
ENSMUSG00000020610-S,1.0,STM,Azelaic acid,-1.0,CSF,,0,-0.8720815992723809,5,-1.0,3,2,-0.9288784237188524,9,True,0.010686351560106,True,-1.0,-1.0,-1.0,-1.0,2,-1.0,2,-1.0,2,-1.0,3.0
ENSMUSG00000020623-S,1.0,STM,2-Methyl-3-pentanol,-1.0,CSF,,0,-1.0,4,,0,1,-1.0,6,True,0.0,True,-1.0,-1.0,-1.0,-1.0,2,-1.0,2,-1.0,2,-1.0,3.0
ENSMUSG00000020623-S,1.0,STM,Trimethylolpropane,-1.0,CSF,,0,-0.7999999999999999,4,,0,1,-0.942857142857143,6,True,0.1415177011036704,True,-1.0,-1.0,-1.0,-1.0,2,-1.0,2,-1.0,2,-1.0,3.0
ENSMUSG00000020642-S,-1.0,STM,2-Naphthol,-1.0,CSF,,0,0.9746794344808964,5,1.0,3,2,0.9205101496312952,9,True,0.0155816048873542,True,1.0,1.0,1.0,1.0,2,1.0,2,1.0,2,1.0,3.0
ENSMUSG00000020642-S,-1.0,STM,Heptylamine,-1.0,CSF,,0,1.0,4,1.0,3,2,0.9285714285714288,7,True,0.08107637694869,True,1.0,1.0,1.0,1.0,2,1.0,2,1.0,2,1.0,3.0
ENSMUSG00000020708-S,1.0,STM,Palmitic Acid,1.0,CSF,,0,0.5,3,,0,1,0.942857142857143,6,True,0.1415177011036704,True,1.0,1.0,1.0,1.0,2,1.0,2,1.0,2,1.0,3.0
ENSMUSG00000020720-S,1.0,STM,Palmitic Acid,1.0,CSF,,0,1.0,3,,0,1,0.942857142857143,6,True,0.1415177011036704,True,1.0,1.0,1.0,1.0,2,1.0,2,1.0,2,1.0,3.0
ENSMUSG00000020723-S,-1.0,STM,"2-Methylcyclohexylamine, tert.-butyldimethylsilyl ether",-1.0,CSF,,0,1.0,3,,0,1,1.0,5,True,5.23654444060943e-23,True,1.0,1.0,1.0,1.0,2,1.0,2,1.0,2,1.0,3.0
ENSMUSG00000020823-S,-1.0,STM,Glycerol,-1.0,CSF,,0,0.8999999999999998,5,1.0,3,2,0.95,9,True,0.0032318250153582,True,1.0,1.0,1.0,1.0,2,1.0,2,1.0,2,1.0,3.0
ENSMUSG00000020823-S,-1.0,STM,Methyl lactate,-1.0,CSF,,0,0.7999999999999999,5,1.0,3,2,0.9047619047619048,8,True,0.0668408998775762,True,1.0,1.0,1.0,1.0,2,1.0,2,1.0,2,1.0,3.0
ENSMUSG00000021266-S,1.0,STM,Palmitic Acid,1.0,CSF,,0,1.0,3,,0,1,0.942857142857143,6,True,0.1415177011036704,True,1.0,1.0,1.0,1.0,2,1.0,2,1.0,2,1.0,3.0
ENSMUSG00000021379-S,-1.0,STM,"2,4,6-Cycloheptatrien-1-one",-1.0,CSF,,0,,0,,0,0,1.0,5,True,5.23654444060943e-23,True,,1.0,1.0,,1,,1,1.0,2,1.0,2.0
ENSMUSG00000021379-S,-1.0,STM,"Oxymorphone, bis(trimethylsilyl) ether",-1.0,CSF,,0,0.9746794344808964,5,,0,1,0.8742671711966791,8,True,0.1365290798246554,True,1.0,1.0,1.0,1.0,2,1.0,2,1.0,2,1.0,3.0
ENSMUSG00000021379-S,-1.0,STM,Phenoxyethanol,-1.0,CSF,,0,0.8207826816681233,5,1.0,3,2,0.8535639569308375,9,True,0.1081476580790225,True,1.0,1.0,1.0,1.0,2,1.0,2,1.0,2,1.0,3.0
ENSMUSG00000021606-S,1.0,STM,"5-Ethyl-1,3-dioxane-5-methanol, tert-butyldimethylsilyl ether",1.0,CSF,,0,0.5,3,,0,1,0.942857142857143,6,True,0.1415177011036704,True,1.0,1.0,1.0,1.0,2,1.0,2,1.0,2,1.0,3.0
ENSMUSG00000021606-S,1.0,STM,Benzophenone,1.0,CSF,,0,1.0,5,0.5,3,2,0.9047619047619048,8,True,0.0668408998775762,True,1.0,1.0,1.0,1.0,2,1.0,2,1.0,2,1.0,3.0
ENSMUSG00000021662-S,1.0,STM,Methyl lactate,-1.0,CSF,,0,-0.7999999999999999,5,-0.5,3,2,-0.880952380952381,8,True,0.1179754827274796,True,-1.0,-1.0,-1.0,-1.0,2,-1.0,2,-1.0,2,-1.0,3.0
ENSMUSG00000021704-S,-1.0,STM,Norephedrine,-1.0,CSF,,0,1.0,3,1.0,3,2,0.9285714285714288,7,True,0.08107637694869,True,1.0,1.0,1.0,1.0,2,1.0,2,1.0,2,1.0,3.0
ENSMUSG00000021704-S,-1.0,STM,Phytanic acid,-1.0,CSF,,0,0.9746794344808964,5,1.0,3,2,0.8870370532810664,9,True,0.0491083631416697,True,1.0,1.0,1.0,1.0,2,1.0,2,1.0,2,1.0,3.0
ENSMUSG00000021991-S,-1.0,STM,Glycerol,-1.0,CSF,,0,0.7999999999999999,5,1.0,3,2,0.8833333333333333,9,True,0.0541567212608497,True,1.0,1.0,1.0,1.0,2,1.0,2,1.0,2,1.0,3.0
ENSMUSG00000022003-S,1.0,STM,"2,4-Di-tert-butylphenol",-1.0,CSF,,0,,0,-1.0,3,1,-1.0,5,True,5.23654444060943e-23,True,-1.0,-1.0,-1.0,-1.0,2,-1.0,2,-1.0,2,-1.0,3.0
ENSMUSG00000022003-S,1.0,STM,Oleamide,-1.0,CSF,,0,-0.8999999999999998,5,-1.0,3,2,-0.9,9,True,0.0329205941962492,True,-1.0,-1.0,-1.0,-1.0,2,-1.0,2,-1.0,2,-1.0,3.0
ENSMUSG00000022075-S,-1.0,STM,Glycerol,-1.0,CSF,,0,0.6,5,1.0,3,2,0.8499999999999999,9,True,0.1148352445018117,True,1.0,1.0,1.0,1.0,2,1.0,2,1.0,2,1.0,3.0
ENSMUSG00000022075-S,-1.0,STM,Methyl lactate,-1.0,CSF,,0,0.7999999999999999,5,1.0,3,2,0.9523809523809524,8,True,0.0094770228834767,True,1.0,1.0,1.0,1.0,2,1.0,2,1.0,2,1.0,3.0
ENSMUSG00000022131-S,-1.0,STM,"1-(1-Hydroxybutyl)-2,5-dimethoxybenzene ",-1.0,CSF,,0,1.0,3,0.5,3,2,0.9642857142857144,7,True,0.0163419625028473,True,1.0,1.0,1.0,1.0,2,1.0,2,1.0,2,1.0,3.0
ENSMUSG00000022131-S,-1.0,STM,"1-Octanol, 2-butyl-",-1.0,CSF,,0,0.9746794344808964,5,-0.5,3,2,0.8786687791935092,9,True,0.0612792680298124,True,,1.0,1.0,,1,,1,1.0,2,1.0,2.0
ENSMUSG00000022131-S,-1.0,STM,3-Amino-5-methylisoxazole,-1.0,CSF,,0,0.7,5,-0.5,3,2,0.8499999999999999,9,True,0.1148352445018117,True,,1.0,1.0,,1,,1,1.0,2,1.0,2.0
ENSMUSG00000022194-S,-1.0,STM,"2-Cyclohexen-1-one, 3-methyl-6-(1-methylethyl)",-1.0,CSF,,0,0.7999999999999999,4,1.0,3,2,0.9523809523809524,8,True,0.0094770228834767,True,1.0,1.0,1.0,1.0,2,1.0,2,1.0,2,1.0,3.0
ENSMUSG00000022194-S,-1.0,STM,Isopropylamine,-1.0,CSF,,0,1.0,5,0.5,3,2,0.8666666666666667,9,True,0.080972434486112,True,1.0,1.0,1.0,1.0,2,1.0,2,1.0,2,1.0,3.0
ENSMUSG00000022365-S,1.0,STM,Glycine,-1.0,CSF,,0,-0.3999999999999999,5,-1.0,3,2,-0.8499999999999999,9,True,0.1148352445018117,True,-1.0,-1.0,-1.0,-1.0,2,-1.0,2,-1.0,2,-1.0,3.0
ENSMUSG00000022474-S,1.0,STM,Palmitic Acid,1.0,CSF,,0,0.5,3,,0,1,0.942857142857143,6,True,0.1415177011036704,True,1.0,1.0,1.0,1.0,2,1.0,2,1.0,2,1.0,3.0
ENSMUSG00000022577-S,1.0,STM,2-Propyl-1-pentanol,-1.0,CSF,,0,-0.8999999999999998,5,-0.5,3,2,-0.8499999999999999,9,True,0.1148352445018117,True,-1.0,-1.0,-1.0,-1.0,2,-1.0,2,-1.0,2,-1.0,3.0
ENSMUSG00000022619-S,1.0,STM,"2,4,6-Cycloheptatrien-1-one",-1.0,CSF,,0,,0,,0,0,-1.0,5,True,5.23654444060943e-23,True,,-1.0,-1.0,,1,,1,-1.0,2,-1.0,2.0
ENSMUSG00000022751-S,-1.0,STM,"1-Octanol, 2-butyl-",-1.0,CSF,,0,0.6668859288553501,5,1.0,3,2,0.836827408755723,9,True,0.1433947695471908,True,1.0,1.0,1.0,1.0,2,1.0,2,1.0,2,1.0,3.0
ENSMUSG00000022751-S,-1.0,STM,"2,4,4'-Trihydroxybenzophenone",-1.0,CSF,,0,0.8999999999999998,5,1.0,3,2,0.8499999999999999,9,True,0.1148352445018117,True,1.0,1.0,1.0,1.0,2,1.0,2,1.0,2,1.0,3.0
ENSMUSG00000022751-S,-1.0,STM,3-Amino-5-methylisoxazole,-1.0,CSF,,0,0.8999999999999998,5,1.0,3,2,0.9,9,True,0.0329205941962492,True,1.0,1.0,1.0,1.0,2,1.0,2,1.0,2,1.0,3.0
ENSMUSG00000022751-S,-1.0,STM,Curcumin,-1.0,CSF,,0,1.0,5,0.5,3,2,0.8499999999999999,9,True,0.1148352445018117,True,1.0,1.0,1.0,1.0,2,1.0,2,1.0,2,1.0,3.0
ENSMUSG00000022751-S,-1.0,STM,Norketamine,-1.0,CSF,,0,0.8720815992723809,5,1.0,3,2,0.8451956828432803,9,True,0.1249346766036538,True,1.0,1.0,1.0,1.0,2,1.0,2,1.0,2,1.0,3.0
ENSMUSG00000022751-S,-1.0,STM,Yangonin,-1.0,CSF,,0,0.8207826816681233,5,1.0,3,2,0.8786687791935092,9,True,0.0612792680298124,True,1.0,1.0,1.0,1.0,2,1.0,2,1.0,2,1.0,3.0
ENSMUSG00000022752-S,-1.0,STM,Adenine,-1.0,CSF,,0,0.8999999999999998,5,1.0,3,2,0.9047619047619048,8,True,0.0668408998775762,True,1.0,1.0,1.0,1.0,2,1.0,2,1.0,2,1.0,3.0
ENSMUSG00000022752-S,-1.0,STM,L-Tryptophan,-1.0,CSF,,0,0.7999999999999999,5,1.0,3,2,0.8833333333333333,9,True,0.0541567212608497,True,1.0,1.0,1.0,1.0,2,1.0,2,1.0,2,1.0,3.0
ENSMUSG00000022752-S,-1.0,STM,Norketamine,-1.0,CSF,,0,0.6668859288553501,5,1.0,3,2,0.8535639569308375,9,True,0.1081476580790225,True,1.0,1.0,1.0,1.0,2,1.0,2,1.0,2,1.0,3.0
ENSMUSG00000022752-S,-1.0,STM,Propylene glycol,-1.0,CSF,,0,0.8999999999999998,5,1.0,3,2,0.8666666666666667,9,True,0.080972434486112,True,1.0,1.0,1.0,1.0,2,1.0,2,1.0,2,1.0,3.0
ENSMUSG00000022752-S,-1.0,STM,Synephrine,-1.0,CSF,,0,0.6668859288553501,5,0.8660254037844387,3,2,0.9159987294294596,9,True,0.0185806317460062,True,1.0,1.0,1.0,1.0,2,1.0,2,1.0,2,1.0,3.0
ENSMUSG00000022752-S,-1.0,STM,Xylazine,-1.0,CSF,,0,0.8999999999999998,5,1.0,3,2,0.8833333333333333,9,True,0.0541567212608497,True,1.0,1.0,1.0,1.0,2,1.0,2,1.0,2,1.0,3.0
ENSMUSG00000022840-S,-1.0,STM,"2-Methylcyclohexylamine, tert.-butyldimethylsilyl ether",-1.0,CSF,,0,1.0,3,,0,1,1.0,5,True,5.23654444060943e-23,True,1.0,1.0,1.0,1.0,2,1.0,2,1.0,2,1.0,3.0
ENSMUSG00000022840-S,-1.0,STM,Glycerol,-1.0,CSF,,0,0.8999999999999998,5,1.0,3,2,0.95,9,True,0.0032318250153582,True,1.0,1.0,1.0,1.0,2,1.0,2,1.0,2,1.0,3.0
ENSMUSG00000022844-S,-1.0,STM,"2,6-di-tert-Butyl-4-(dimethylaminomethyl)phenol",-1.0,CSF,,0,0.7999999999999999,4,,0,1,0.942857142857143,6,True,0.1415177011036704,True,1.0,1.0,1.0,1.0,2,1.0,2,1.0,2,1.0,3.0
ENSMUSG00000022864-S,1.0,STM,"5-Ethyl-1,3-dioxane-5-methanol, tert-butyldimethylsilyl ether",1.0,CSF,,0,1.0,3,,0,1,0.942857142857143,6,True,0.1415177011036704,True,1.0,1.0,1.0,1.0,2,1.0,2,1.0,2,1.0,3.0
ENSMUSG00000022956-S,1.0,STM,"2',5'-Dimethoxypropiophenone",-1.0,CSF,,0,-0.7,5,-0.5,3,2,-0.8833333333333333,9,True,0.0541567212608497,True,-1.0,-1.0,-1.0,-1.0,2,-1.0,2,-1.0,2,-1.0,3.0
ENSMUSG00000022956-S,1.0,STM,alpha-Hydroxyisobutyric acid,-1.0,CSF,,0,-0.7999999999999999,5,,0,1,-0.9285714285714288,7,True,0.08107637694869,True,-1.0,-1.0,-1.0,-1.0,2,-1.0,2,-1.0,2,-1.0,3.0
ENSMUSG00000023055-S,-1.0,STM,"2,6-di-tert-Butyl-4-(dimethylaminomethyl)phenol",-1.0,CSF,,0,0.7999999999999999,4,,0,1,0.942857142857143,6,True,0.1415177011036704,True,1.0,1.0,1.0,1.0,2,1.0,2,1.0,2,1.0,3.0
ENSMUSG00000023055-S,-1.0,STM,Synephrine,-1.0,CSF,,0,0.7181848464596079,5,0.8660254037844387,3,2,0.8655767810204984,9,True,0.0824565027675836,True,1.0,1.0,1.0,1.0,2,1.0,2,1.0,2,1.0,3.0
ENSMUSG00000023055-S,-1.0,STM,Uracil,-1.0,CSF,,0,0.9746794344808964,5,0.5,3,2,0.9288784237188524,9,True,0.010686351560106,True,1.0,1.0,1.0,1.0,2,1.0,2,1.0,2,1.0,3.0
ENSMUSG00000023411-S,-1.0,STM,"2,3-Dihydroxybutanoic acid",-1.0,CSF,,0,0.3999999999999999,4,0.0,3,2,0.8862434338158116,8,True,0.1073552119851637,True,,1.0,1.0,,1,,1,1.0,2,1.0,2.0
ENSMUSG00000023800-S,-1.0,STM,Glycerol,-1.0,CSF,,0,0.7999999999999999,5,0.5,3,2,0.8833333333333333,9,True,0.0541567212608497,True,1.0,1.0,1.0,1.0,2,1.0,2,1.0,2,1.0,3.0
ENSMUSG00000023800-S,-1.0,STM,Methyl lactate,-1.0,CSF,,0,0.8999999999999998,5,0.5,3,2,0.9047619047619048,8,True,0.0668408998775762,True,1.0,1.0,1.0,1.0,2,1.0,2,1.0,2,1.0,3.0
ENSMUSG00000023919-S,1.0,STM,"2,4-Di-tert-butylphenol",-1.0,CSF,,0,,0,-1.0,3,1,-1.0,5,True,5.23654444060943e-23,True,-1.0,-1.0,-1.0,-1.0,2,-1.0,2,-1.0,2,-1.0,3.0
ENSMUSG00000023972-S,-1.0,STM,1-(tert-Butyldimethylsilyl)-4-methyl-1H-pyrazole,-1.0,CSF,,0,0.9746794344808964,5,0.5,3,2,0.8786687791935092,9,True,0.0612792680298124,True,1.0,1.0,1.0,1.0,2,1.0,2,1.0,2,1.0,3.0
ENSMUSG00000023972-S,-1.0,STM,Niacin,-1.0,CSF,,0,1.0,4,1.0,3,2,0.9047619047619048,8,True,0.0668408998775762,True,1.0,1.0,1.0,1.0,2,1.0,2,1.0,2,1.0,3.0
ENSMUSG00000023972-S,-1.0,STM,"Oxymorphone, bis(trimethylsilyl) ether",-1.0,CSF,,0,0.9746794344808964,5,,0,1,0.9700772721497396,8,True,0.0024232651073247,True,1.0,1.0,1.0,1.0,2,1.0,2,1.0,2,1.0,3.0
ENSMUSG00000023972-S,-1.0,STM,Phenoxyethanol,-1.0,CSF,,0,0.8207826816681233,5,0.5,3,2,0.836827408755723,9,True,0.1433947695471908,True,1.0,1.0,1.0,1.0,2,1.0,2,1.0,2,1.0,3.0
ENSMUSG00000023972-S,-1.0,STM,Yangonin,-1.0,CSF,,0,0.5642880936468347,5,0.5,3,2,0.8535639569308375,9,True,0.1081476580790225,True,1.0,1.0,1.0,1.0,2,1.0,2,1.0,2,1.0,3.0
ENSMUSG00000024077-S,-1.0,STM,Propylene glycol,-1.0,CSF,,0,0.8999999999999998,5,0.5,3,2,0.8666666666666667,9,True,0.080972434486112,True,1.0,1.0,1.0,1.0,2,1.0,2,1.0,2,1.0,3.0
ENSMUSG00000024077-S,-1.0,STM,Yangonin,-1.0,CSF,,0,0.8207826816681233,5,0.5,3,2,0.8535639569308375,9,True,0.1081476580790225,True,1.0,1.0,1.0,1.0,2,1.0,2,1.0,2,1.0,3.0
ENSMUSG00000024122-S,-1.0,STM,"2,6-di-tert-Butyl-4-(dimethylaminomethyl)phenol",-1.0,CSF,,0,0.7999999999999999,4,,0,1,0.942857142857143,6,True,0.1415177011036704,True,1.0,1.0,1.0,1.0,2,1.0,2,1.0,2,1.0,3.0
ENSMUSG00000024151-S,1.0,STM,Aceturic acid,-1.0,CSF,,0,-0.8999999999999998,5,,0,1,-0.9523809523809524,8,True,0.0094770228834767,True,-1.0,-1.0,-1.0,-1.0,2,-1.0,2,-1.0,2,-1.0,3.0
ENSMUSG00000024151-S,1.0,STM,Azelaic acid,-1.0,CSF,,0,-0.8207826816681233,5,0.5,3,2,-0.9205101496312952,9,True,0.0155816048873542,True,,-1.0,-1.0,,1,,1,-1.0,2,-1.0,2.0
ENSMUSG00000024151-S,1.0,STM,Salsoline,1.0,CSF,,0,0.6000000000000001,4,1.0,3,2,0.9047619047619048,8,True,0.0668408998775762,True,1.0,1.0,1.0,1.0,2,1.0,2,1.0,2,1.0,3.0
ENSMUSG00000024277-S,-1.0,STM,"(9H-fluoren-9-yl)methanol, O-methoxycarbonyl-",-1.0,CSF,,0,1.0,5,0.5,3,2,0.8833333333333333,9,True,0.0541567212608497,True,1.0,1.0,1.0,1.0,2,1.0,2,1.0,2,1.0,3.0
ENSMUSG00000024424-S,1.0,STM,1-(tert-Butyldimethylsilyl)-4-methyl-1H-pyrazole,-1.0,CSF,,0,-0.8207826816681233,5,-1.0,3,2,-0.8954053273686237,9,True,0.038138931606925,True,-1.0,-1.0,-1.0,-1.0,2,-1.0,2,-1.0,2,-1.0,3.0
ENSMUSG00000024424-S,1.0,STM,"2,3-Butanediol, O-(trimethylsilyl)-, monoacetate",-1.0,CSF,,0,-1.0,4,-0.8660254037844387,3,2,-0.8742671711966791,8,True,0.1365290798246554,True,-1.0,-1.0,-1.0,-1.0,2,-1.0,2,-1.0,2,-1.0,3.0
ENSMUSG00000024424-S,1.0,STM,Adenine,-1.0,CSF,,0,-1.0,5,-1.0,3,2,-0.880952380952381,8,True,0.1179754827274796,True,-1.0,-1.0,-1.0,-1.0,2,-1.0,2,-1.0,2,-1.0,3.0
ENSMUSG00000024424-S,1.0,STM,Butachlor ESA,-1.0,CSF,,0,-1.0,3,-1.0,3,2,-0.9285714285714288,7,True,0.08107637694869,True,-1.0,-1.0,-1.0,-1.0,2,-1.0,2,-1.0,2,-1.0,3.0
ENSMUSG00000024424-S,1.0,STM,"Oxymorphone, bis(trimethylsilyl) ether",-1.0,CSF,,0,-0.8207826816681233,5,,0,1,-0.8982196964349441,8,True,0.0801693880665075,True,-1.0,-1.0,-1.0,-1.0,2,-1.0,2,-1.0,2,-1.0,3.0
ENSMUSG00000024424-S,1.0,STM,"Propanoic acid, dimethyl(isopropyl)silyl ester",-1.0,CSF,,0,-1.0,5,-1.0,3,2,-0.9285714285714288,8,True,0.0303559250872633,True,-1.0,-1.0,-1.0,-1.0,2,-1.0,2,-1.0,2,-1.0,3.0
ENSMUSG00000024424-S,1.0,STM,Propylene glycol,-1.0,CSF,,0,-1.0,5,-1.0,3,2,-0.9,9,True,0.0329205941962492,True,-1.0,-1.0,-1.0,-1.0,2,-1.0,2,-1.0,2,-1.0,3.0
ENSMUSG00000024424-S,1.0,STM,Xylazine,-1.0,CSF,,0,-0.7999999999999999,5,-1.0,3,2,-0.8833333333333333,9,True,0.0541567212608497,True,-1.0,-1.0,-1.0,-1.0,2,-1.0,2,-1.0,2,-1.0,3.0
ENSMUSG00000024424-S,1.0,STM,Yangonin,-1.0,CSF,,0,-0.9746794344808964,5,-1.0,3,2,-0.903773601456181,9,True,0.0292375417120539,True,-1.0,-1.0,-1.0,-1.0,2,-1.0,2,-1.0,2,-1.0,3.0
ENSMUSG00000024426-S,1.0,STM,"2,5-Dimethoxyphenol",-1.0,CSF,,0,-0.7,5,-1.0,3,2,-0.9333333333333332,9,True,0.0086292972228912,True,-1.0,-1.0,-1.0,-1.0,2,-1.0,2,-1.0,2,-1.0,3.0
ENSMUSG00000024426-S,1.0,STM,Azelaic acid,-1.0,CSF,,0,-0.8207826816681233,5,-0.5,3,2,-0.8786687791935092,9,True,0.0612792680298124,True,-1.0,-1.0,-1.0,-1.0,2,-1.0,2,-1.0,2,-1.0,3.0
ENSMUSG00000024436-S,-1.0,STM,"2-Butenoic acid, 3-[(tert-butyldimethylsilyl)oxy]",-1.0,CSF,,0,0.7999999999999999,5,0.5,3,2,0.9456149718939671,9,True,0.0043123780595238,True,1.0,1.0,1.0,1.0,2,1.0,2,1.0,2,1.0,3.0
ENSMUSG00000024436-S,-1.0,STM,"6-Methoxy-1-methyl-1,2,3,4-tetrahydroisoquinolin-7-ol ",-1.0,CSF,,0,1.0,3,,0,1,1.0,5,True,5.23654444060943e-23,True,1.0,1.0,1.0,1.0,2,1.0,2,1.0,2,1.0,3.0
ENSMUSG00000024614-S,-1.0,STM,"2,5-Dimethoxybenzonitrile",-1.0,CSF,,0,0.8999999999999998,5,0.5,3,2,0.8666666666666667,9,True,0.080972434486112,True,1.0,1.0,1.0,1.0,2,1.0,2,1.0,2,1.0,3.0
ENSMUSG00000024614-S,-1.0,STM,"2-Cyclohexen-1-one, 3-methyl-",-1.0,CSF,,0,0.8999999999999998,5,1.0,3,2,0.8499999999999999,9,True,0.1148352445018117,True,1.0,1.0,1.0,1.0,2,1.0,2,1.0,2,1.0,3.0
ENSMUSG00000024614-S,-1.0,STM,Butanedioic acid,-1.0,CSF,,0,1.0,5,1.0,3,2,0.9666666666666668,9,True,0.0008001107701158,True,1.0,1.0,1.0,1.0,2,1.0,2,1.0,2,1.0,3.0
ENSMUSG00000024614-S,-1.0,STM,Diethylamine,-1.0,CSF,,0,0.7181848464596079,5,1.0,3,2,0.8870370532810664,9,True,0.0491083631416697,True,1.0,1.0,1.0,1.0,2,1.0,2,1.0,2,1.0,3.0
ENSMUSG00000024614-S,-1.0,STM,Hydracrylic acid,-1.0,CSF,,0,1.0,5,1.0,3,2,0.8499999999999999,9,True,0.1148352445018117,True,1.0,1.0,1.0,1.0,2,1.0,2,1.0,2,1.0,3.0
ENSMUSG00000024614-S,-1.0,STM,Lignoceric acid,-1.0,CSF,,0,0.8999999999999998,5,1.0,3,2,0.95,9,True,0.0032318250153582,True,1.0,1.0,1.0,1.0,2,1.0,2,1.0,2,1.0,3.0
ENSMUSG00000024614-S,-1.0,STM,N-Acetyl-L-alanine,-1.0,CSF,,0,0.7,5,0.5,3,2,0.8499999999999999,9,True,0.1148352445018117,True,1.0,1.0,1.0,1.0,2,1.0,2,1.0,2,1.0,3.0
ENSMUSG00000024614-S,-1.0,STM,Pipecolic acid,-1.0,CSF,,0,1.0,5,0.8660254037844387,3,2,0.9539832459815244,9,True,0.0024329706282873,True,1.0,1.0,1.0,1.0,2,1.0,2,1.0,2,1.0,3.0
ENSMUSG00000024614-S,-1.0,STM,Suberic acid,-1.0,CSF,,0,1.0,5,1.0,3,2,0.9333333333333332,9,True,0.0086292972228912,True,1.0,1.0,1.0,1.0,2,1.0,2,1.0,2,1.0,3.0
ENSMUSG00000024766-S,-1.0,STM,"5-Nonanol, tert-butyldimethylsilyl ether",-1.0,CSF,,0,0.9486832980505138,5,1.0,3,2,0.8655767810204984,9,True,0.0824565027675836,True,1.0,1.0,1.0,1.0,2,1.0,2,1.0,2,1.0,3.0
ENSMUSG00000024766-S,-1.0,STM,"Benzene, 1,4-dimethoxy",-1.0,CSF,,0,0.8999999999999998,5,1.0,3,2,0.8666666666666667,9,True,0.080972434486112,True,1.0,1.0,1.0,1.0,2,1.0,2,1.0,2,1.0,3.0
ENSMUSG00000024776-S,1.0,STM,Aceturic acid,-1.0,CSF,,0,-0.8999999999999998,5,,0,1,-0.9285714285714288,8,True,0.0303559250872633,True,-1.0,-1.0,-1.0,-1.0,2,-1.0,2,-1.0,2,-1.0,3.0
ENSMUSG00000024875-S,-1.0,STM,"2-Cyclohexen-1-one, 3-methyl-6-(1-methylethyl)",-1.0,CSF,,0,1.0,4,1.0,3,2,0.9047619047619048,8,True,0.0668408998775762,True,1.0,1.0,1.0,1.0,2,1.0,2,1.0,2,1.0,3.0
ENSMUSG00000024924-S,-1.0,STM,"6-Aminocaproic acid, N-(tert.-butyldimethylsilyl)",-1.0,CSF,,0,0.7999999999999999,4,0.8660254037844387,3,2,0.8742671711966791,8,True,0.1365290798246554,True,1.0,1.0,1.0,1.0,2,1.0,2,1.0,2,1.0,3.0
ENSMUSG00000024924-S,-1.0,STM,Niacin,-1.0,CSF,,0,0.7999999999999999,4,1.0,3,2,0.880952380952381,8,True,0.1179754827274796,True,1.0,1.0,1.0,1.0,2,1.0,2,1.0,2,1.0,3.0
ENSMUSG00000025198-S,-1.0,STM,Glycerol,-1.0,CSF,,0,0.8999999999999998,5,1.0,3,2,0.9166666666666666,9,True,0.0180879708398417,True,1.0,1.0,1.0,1.0,2,1.0,2,1.0,2,1.0,3.0
ENSMUSG00000025266-S,1.0,STM,Butanedioic acid,-1.0,CSF,,0,-0.7,5,-0.5,3,2,-0.9,9,True,0.0329205941962492,True,-1.0,-1.0,-1.0,-1.0,2,-1.0,2,-1.0,2,-1.0,3.0
ENSMUSG00000025266-S,1.0,STM,Diethylamine,-1.0,CSF,,0,-0.8720815992723809,5,-0.5,3,2,-0.8619322310183947,9,True,0.0895686811196423,True,-1.0,-1.0,-1.0,-1.0,2,-1.0,2,-1.0,2,-1.0,3.0
ENSMUSG00000025266-S,1.0,STM,Lignoceric acid,-1.0,CSF,,0,-0.6,5,-0.5,3,2,-0.8833333333333333,9,True,0.0541567212608497,True,-1.0,-1.0,-1.0,-1.0,2,-1.0,2,-1.0,2,-1.0,3.0
ENSMUSG00000025266-S,1.0,STM,Myristic acid,-1.0,CSF,,0,-0.9746794344808964,5,-1.0,3,2,-0.8786687791935092,9,True,0.0612792680298124,True,-1.0,-1.0,-1.0,-1.0,2,-1.0,2,-1.0,2,-1.0,3.0
ENSMUSG00000025266-S,1.0,STM,Pipecolic acid,-1.0,CSF,,0,-0.7,5,-0.8660254037844387,3,2,-0.9205101496312952,9,True,0.0155816048873542,True,-1.0,-1.0,-1.0,-1.0,2,-1.0,2,-1.0,2,-1.0,3.0
ENSMUSG00000025401-S,-1.0,STM,"1-(2,4-Dimethoxyphenyl)-propan-2-one",-1.0,CSF,,0,0.948683298050514,4,1.0,3,2,0.933734939759036,8,True,0.0245412363136185,True,1.0,1.0,1.0,1.0,2,1.0,2,1.0,2,1.0,3.0
ENSMUSG00000025401-S,-1.0,STM,4-Aminobutanoic acid,-1.0,CSF,,0,0.7999999999999999,5,0.5,3,2,0.870300505105952,9,True,0.0751735116263849,True,1.0,1.0,1.0,1.0,2,1.0,2,1.0,2,1.0,3.0
ENSMUSG00000025401-S,-1.0,STM,Butachlor ESA,-1.0,CSF,,0,1.0,3,1.0,3,2,0.9189562119494704,7,True,0.1085955633926235,True,1.0,1.0,1.0,1.0,2,1.0,2,1.0,2,1.0,3.0
ENSMUSG00000025468-S,1.0,STM,4-Oxohexanoic acid,1.0,CSF,,0,1.0,4,1.0,3,2,0.9761904761904764,8,True,0.0012274942961695,True,1.0,1.0,1.0,1.0,2,1.0,2,1.0,2,1.0,3.0
ENSMUSG00000025475-S,1.0,STM,"2,4,6-Cycloheptatrien-1-one",-1.0,CSF,,0,,0,,0,0,-1.0,5,True,5.23654444060943e-23,True,,-1.0,-1.0,,1,,1,-1.0,2,-1.0,2.0
ENSMUSG00000025485-S,1.0,STM,alpha-Hydroxyisobutyric acid,-1.0,CSF,,0,-0.7999999999999999,5,,0,1,-0.9285714285714288,7,True,0.08107637694869,True,-1.0,-1.0,-1.0,-1.0,2,-1.0,2,-1.0,2,-1.0,3.0
ENSMUSG00000025738-S,-1.0,STM,"2,4,4'-Trihydroxybenzophenone",-1.0,CSF,,0,1.0,5,1.0,3,2,0.9666666666666668,9,True,0.0008001107701158,True,1.0,1.0,1.0,1.0,2,1.0,2,1.0,2,1.0,3.0
ENSMUSG00000025738-S,-1.0,STM,Adenine,-1.0,CSF,,0,0.8999999999999998,5,1.0,3,2,0.880952380952381,8,True,0.1179754827274796,True,1.0,1.0,1.0,1.0,2,1.0,2,1.0,2,1.0,3.0
ENSMUSG00000025738-S,-1.0,STM,Curcumin,-1.0,CSF,,0,0.8999999999999998,5,0.5,3,2,0.8666666666666667,9,True,0.080972434486112,True,1.0,1.0,1.0,1.0,2,1.0,2,1.0,2,1.0,3.0
ENSMUSG00000025738-S,-1.0,STM,Glycerol,-1.0,CSF,,0,0.8999999999999998,5,0.5,3,2,0.8499999999999999,9,True,0.1148352445018117,True,1.0,1.0,1.0,1.0,2,1.0,2,1.0,2,1.0,3.0
ENSMUSG00000025738-S,-1.0,STM,N-Ethyldiethanolamine,-1.0,CSF,,0,0.8999999999999998,5,0.5,3,2,0.8499999999999999,9,True,0.1148352445018117,True,1.0,1.0,1.0,1.0,2,1.0,2,1.0,2,1.0,3.0
ENSMUSG00000025738-S,-1.0,STM,Norketamine,-1.0,CSF,,0,0.9746794344808964,5,1.0,3,2,0.8451956828432803,9,True,0.1249346766036538,True,1.0,1.0,1.0,1.0,2,1.0,2,1.0,2,1.0,3.0
ENSMUSG00000025738-S,-1.0,STM,Propylene glycol,-1.0,CSF,,0,0.8999999999999998,5,1.0,3,2,0.8833333333333333,9,True,0.0541567212608497,True,1.0,1.0,1.0,1.0,2,1.0,2,1.0,2,1.0,3.0
ENSMUSG00000025738-S,-1.0,STM,Yangonin,-1.0,CSF,,0,0.9746794344808964,5,1.0,3,2,0.8451956828432803,9,True,0.1249346766036538,True,1.0,1.0,1.0,1.0,2,1.0,2,1.0,2,1.0,3.0
ENSMUSG00000025873-S,1.0,STM,"2,6-di-tert-Butyl-4-(dimethylaminomethyl)phenol",-1.0,CSF,,0,-0.7999999999999999,4,,0,1,-0.942857142857143,6,True,0.1415177011036704,True,-1.0,-1.0,-1.0,-1.0,2,-1.0,2,-1.0,2,-1.0,3.0
ENSMUSG00000025873-S,1.0,STM,N-Acetylaspartic acid,-1.0,CSF,,0,-0.7999999999999999,4,-0.5,3,2,-0.9047619047619048,8,True,0.0668408998775762,True,-1.0,-1.0,-1.0,-1.0,2,-1.0,2,-1.0,2,-1.0,3.0
ENSMUSG00000025873-S,1.0,STM,Norephedrine,-1.0,CSF,,0,-1.0,3,-1.0,3,2,-0.9285714285714288,7,True,0.08107637694869,True,-1.0,-1.0,-1.0,-1.0,2,-1.0,2,-1.0,2,-1.0,3.0
ENSMUSG00000026087-S,1.0,STM,Palmitic Acid,1.0,CSF,,0,0.5,3,,0,1,0.942857142857143,6,True,0.1415177011036704,True,1.0,1.0,1.0,1.0,2,1.0,2,1.0,2,1.0,3.0
ENSMUSG00000026135-S,-1.0,STM,DL-Glyceraldehyde,-1.0,CSF,,0,0.8999999999999998,5,0.8660254037844387,3,2,0.8954053273686237,9,True,0.038138931606925,True,1.0,1.0,1.0,1.0,2,1.0,2,1.0,2,1.0,3.0
ENSMUSG00000026259-S,-1.0,STM,"2,6-di-tert-Butyl-4-(dimethylaminomethyl)phenol",-1.0,CSF,,0,0.7999999999999999,4,,0,1,0.942857142857143,6,True,0.1415177011036704,True,1.0,1.0,1.0,1.0,2,1.0,2,1.0,2,1.0,3.0
ENSMUSG00000026355-S,1.0,STM,DL-Glyceraldehyde,-1.0,CSF,,0,-0.8999999999999998,5,0.8660254037844387,3,2,-0.8786687791935092,9,True,0.0612792680298124,True,,-1.0,-1.0,,1,,1,-1.0,2,-1.0,2.0
ENSMUSG00000026360-S,-1.0,STM,Adenine,-1.0,CSF,,0,0.7999999999999999,5,1.0,3,2,0.880952380952381,8,True,0.1179754827274796,True,1.0,1.0,1.0,1.0,2,1.0,2,1.0,2,1.0,3.0
ENSMUSG00000026360-S,-1.0,STM,"Oxymorphone, bis(trimethylsilyl) ether",-1.0,CSF,,0,0.8720815992723809,5,,0,1,0.8862434338158116,8,True,0.1073552119851637,True,1.0,1.0,1.0,1.0,2,1.0,2,1.0,2,1.0,3.0
ENSMUSG00000026360-S,-1.0,STM,Xylazine,-1.0,CSF,,0,1.0,5,1.0,3,2,0.9833333333333332,9,True,7.208095802039133e-05,True,1.0,1.0,1.0,1.0,2,1.0,2,1.0,2,1.0,3.0
ENSMUSG00000026781-S,-1.0,STM,Acetic acid,-1.0,CSF,,0,0.7905694150420948,5,,3,1,0.8635317796716714,9,True,0.0865783434767653,True,1.0,1.0,1.0,1.0,2,1.0,2,1.0,2,1.0,3.0
ENSMUSG00000026781-S,-1.0,STM,Ethanolamine,-1.0,CSF,,0,0.6,5,0.0,3,2,0.8451956828432803,9,True,0.1249346766036538,True,,1.0,1.0,,1,,1,1.0,2,1.0,2.0
ENSMUSG00000026782-S,-1.0,STM,Glycerol,-1.0,CSF,,0,1.0,5,1.0,3,2,0.9666666666666668,9,True,0.0008001107701158,True,1.0,1.0,1.0,1.0,2,1.0,2,1.0,2,1.0,3.0
ENSMUSG00000026782-S,-1.0,STM,Methyl lactate,-1.0,CSF,,0,0.8999999999999998,5,1.0,3,2,0.9285714285714288,8,True,0.0303559250872633,True,1.0,1.0,1.0,1.0,2,1.0,2,1.0,2,1.0,3.0
ENSMUSG00000026782-S,-1.0,STM,Norephedrine,-1.0,CSF,,0,0.5,3,1.0,3,2,0.9285714285714288,7,True,0.08107637694869,True,1.0,1.0,1.0,1.0,2,1.0,2,1.0,2,1.0,3.0
ENSMUSG00000026806-S,-1.0,STM,2-Naphthol,-1.0,CSF,,0,0.8207826816681233,5,1.0,3,2,0.8870370532810664,9,True,0.0491083631416697,True,1.0,1.0,1.0,1.0,2,1.0,2,1.0,2,1.0,3.0
ENSMUSG00000026806-S,-1.0,STM,"Oxymorphone, bis(trimethylsilyl) ether",-1.0,CSF,,0,0.8720815992723809,5,,0,1,0.8982196964349441,8,True,0.0801693880665075,True,1.0,1.0,1.0,1.0,2,1.0,2,1.0,2,1.0,3.0
ENSMUSG00000026970-S,-1.0,STM,"2,4,4'-Trihydroxybenzophenone",-1.0,CSF,,0,1.0,5,0.5,3,2,0.9166666666666666,9,True,0.0180879708398417,True,1.0,1.0,1.0,1.0,2,1.0,2,1.0,2,1.0,3.0
ENSMUSG00000026970-S,-1.0,STM,Curcumin,-1.0,CSF,,0,0.8999999999999998,5,1.0,3,2,0.9333333333333332,9,True,0.0086292972228912,True,1.0,1.0,1.0,1.0,2,1.0,2,1.0,2,1.0,3.0
ENSMUSG00000026970-S,-1.0,STM,N-Ethyldiethanolamine,-1.0,CSF,,0,0.8999999999999998,5,1.0,3,2,0.9333333333333332,9,True,0.0086292972228912,True,1.0,1.0,1.0,1.0,2,1.0,2,1.0,2,1.0,3.0
ENSMUSG00000026970-S,-1.0,STM,Niacin,-1.0,CSF,,0,1.0,4,1.0,3,2,0.9047619047619048,8,True,0.0668408998775762,True,1.0,1.0,1.0,1.0,2,1.0,2,1.0,2,1.0,3.0
ENSMUSG00000026970-S,-1.0,STM,Tetrahydro-solasodine triacetate,-1.0,CSF,,0,0.8999999999999998,5,1.0,3,2,0.8833333333333333,9,True,0.0541567212608497,True,1.0,1.0,1.0,1.0,2,1.0,2,1.0,2,1.0,3.0
ENSMUSG00000026970-S,-1.0,STM,Yangonin,-1.0,CSF,,0,0.9746794344808964,5,0.5,3,2,0.8535639569308375,9,True,0.1081476580790225,True,1.0,1.0,1.0,1.0,2,1.0,2,1.0,2,1.0,3.0
ENSMUSG00000026988-S,-1.0,STM,"1,2-Cyclohexanediol, (Z)",1.0,CSF,,0,-0.8207826816681233,5,-0.5,3,2,-0.8862434338158116,8,True,0.1073552119851637,True,-1.0,-1.0,-1.0,-1.0,2,-1.0,2,-1.0,2,-1.0,3.0
ENSMUSG00000027160-S,-1.0,STM,"2,4-Di-tert-butylphenol",-1.0,CSF,,0,,0,1.0,3,1,1.0,5,True,5.23654444060943e-23,True,1.0,1.0,1.0,1.0,2,1.0,2,1.0,2,1.0,3.0
ENSMUSG00000027160-S,-1.0,STM,8-Methylnonanoic acid,-1.0,CSF,,0,0.8999999999999998,5,1.0,3,2,0.8833333333333333,9,True,0.0541567212608497,True,1.0,1.0,1.0,1.0,2,1.0,2,1.0,2,1.0,3.0
ENSMUSG00000027160-S,-1.0,STM,Pentanedioic acid,-1.0,CSF,,0,0.9746794344808964,5,,0,1,0.8982196964349441,8,True,0.0801693880665075,True,1.0,1.0,1.0,1.0,2,1.0,2,1.0,2,1.0,3.0
ENSMUSG00000027298-S,-1.0,STM,"2,6-di-tert-Butyl-4-(dimethylaminomethyl)phenol",-1.0,CSF,,0,1.0,4,,0,1,1.0,6,True,0.0,True,1.0,1.0,1.0,1.0,2,1.0,2,1.0,2,1.0,3.0
ENSMUSG00000027298-S,-1.0,STM,Uracil,-1.0,CSF,,0,0.8207826816681233,5,0.5,3,2,0.8535639569308375,9,True,0.1081476580790225,True,1.0,1.0,1.0,1.0,2,1.0,2,1.0,2,1.0,3.0
ENSMUSG00000027395-S,-1.0,STM,Phenoxyethanol,-1.0,CSF,,0,0.8720815992723809,5,0.5,3,2,0.8619322310183947,9,True,0.0895686811196423,True,1.0,1.0,1.0,1.0,2,1.0,2,1.0,2,1.0,3.0
ENSMUSG00000027395-S,-1.0,STM,Uracil,-1.0,CSF,,0,0.9746794344808964,5,0.5,3,2,0.9456149718939671,9,True,0.0043123780595238,True,1.0,1.0,1.0,1.0,2,1.0,2,1.0,2,1.0,3.0
ENSMUSG00000027405-S,1.0,STM,"Benzoic acid, methyl ester",-1.0,CSF,,0,-0.7,5,-1.0,3,2,-0.8499999999999999,9,True,0.1148352445018117,True,-1.0,-1.0,-1.0,-1.0,2,-1.0,2,-1.0,2,-1.0,3.0
ENSMUSG00000027408-S,1.0,STM,Urea,-1.0,CSF,,0,-0.6155870112510925,5,-1.0,3,2,-0.9075630252100844,9,True,0.0255903065055735,True,-1.0,-1.0,-1.0,-1.0,2,-1.0,2,-1.0,2,-1.0,3.0
ENSMUSG00000027655-S,-1.0,STM,Isopropylamine,-1.0,CSF,,0,0.8999999999999998,5,1.0,3,2,0.8833333333333333,9,True,0.0541567212608497,True,1.0,1.0,1.0,1.0,2,1.0,2,1.0,2,1.0,3.0
ENSMUSG00000027827-S,-1.0,STM,"Oxymorphone, bis(trimethylsilyl) ether",-1.0,CSF,,0,0.8720815992723809,5,,0,1,0.8742671711966791,8,True,0.1365290798246554,True,1.0,1.0,1.0,1.0,2,1.0,2,1.0,2,1.0,3.0
ENSMUSG00000027827-S,-1.0,STM,Xylazine,-1.0,CSF,,0,1.0,5,1.0,3,2,0.9166666666666666,9,True,0.0180879708398417,True,1.0,1.0,1.0,1.0,2,1.0,2,1.0,2,1.0,3.0
ENSMUSG00000027861-S,-1.0,STM,"2,4,4'-Trihydroxybenzophenone",-1.0,CSF,,0,0.7,5,1.0,3,2,0.8833333333333333,9,True,0.0541567212608497,True,1.0,1.0,1.0,1.0,2,1.0,2,1.0,2,1.0,3.0
ENSMUSG00000027861-S,-1.0,STM,2-Butoxyethanol,-1.0,CSF,,0,1.0,5,1.0,3,2,0.9166666666666666,9,True,0.0180879708398417,True,1.0,1.0,1.0,1.0,2,1.0,2,1.0,2,1.0,3.0
ENSMUSG00000027861-S,-1.0,STM,"5-Nonanol, tert-butyldimethylsilyl ether",-1.0,CSF,,0,0.7905694150420948,5,1.0,3,2,0.8991914132931392,9,True,0.0338209070672342,True,1.0,1.0,1.0,1.0,2,1.0,2,1.0,2,1.0,3.0
ENSMUSG00000027861-S,-1.0,STM,Iminodiacetic acid,-1.0,CSF,,0,0.9746794344808964,5,1.0,3,2,0.903773601456181,9,True,0.0292375417120539,True,1.0,1.0,1.0,1.0,2,1.0,2,1.0,2,1.0,3.0
ENSMUSG00000027861-S,-1.0,STM,"L-Histidine, N,1-bis(tert-butyldimethylsilyl)-",-1.0,CSF,,0,0.5642880936468347,5,1.0,3,2,0.8535639569308375,9,True,0.1081476580790225,True,1.0,1.0,1.0,1.0,2,1.0,2,1.0,2,1.0,3.0
ENSMUSG00000027861-S,-1.0,STM,Norketamine,-1.0,CSF,,0,0.8207826816681233,5,1.0,3,2,0.8954053273686237,9,True,0.038138931606925,True,1.0,1.0,1.0,1.0,2,1.0,2,1.0,2,1.0,3.0
ENSMUSG00000027861-S,-1.0,STM,Trimethylolpropane,-1.0,CSF,,0,1.0,4,,0,1,0.942857142857143,6,True,0.1415177011036704,True,1.0,1.0,1.0,1.0,2,1.0,2,1.0,2,1.0,3.0
ENSMUSG00000027882-S,-1.0,STM,Adenine,-1.0,CSF,,0,1.0,5,0.5,3,2,0.880952380952381,8,True,0.1179754827274796,True,1.0,1.0,1.0,1.0,2,1.0,2,1.0,2,1.0,3.0
ENSMUSG00000027882-S,-1.0,STM,Norketamine,-1.0,CSF,,0,0.8207826816681233,5,0.5,3,2,0.8451956828432803,9,True,0.1249346766036538,True,1.0,1.0,1.0,1.0,2,1.0,2,1.0,2,1.0,3.0
ENSMUSG00000027882-S,-1.0,STM,"Oxymorphone, bis(trimethylsilyl) ether",-1.0,CSF,,0,0.8207826816681233,5,,0,1,0.8982196964349441,8,True,0.0801693880665075,True,1.0,1.0,1.0,1.0,2,1.0,2,1.0,2,1.0,3.0
ENSMUSG00000027882-S,-1.0,STM,Synephrine,-1.0,CSF,,0,0.6668859288553501,5,0.8660254037844387,3,2,0.8823840971568188,9,True,0.0556504564144473,True,1.0,1.0,1.0,1.0,2,1.0,2,1.0,2,1.0,3.0
ENSMUSG00000027882-S,-1.0,STM,Xylazine,-1.0,CSF,,0,0.7999999999999999,5,0.5,3,2,0.8833333333333333,9,True,0.0541567212608497,True,1.0,1.0,1.0,1.0,2,1.0,2,1.0,2,1.0,3.0
ENSMUSG00000027905-S,-1.0,STM,"2,3-Butanediol, O-(trimethylsilyl)-, monoacetate",-1.0,CSF,,0,1.0,4,0.8660254037844387,3,2,0.8742671711966791,8,True,0.1365290798246554,True,1.0,1.0,1.0,1.0,2,1.0,2,1.0,2,1.0,3.0
ENSMUSG00000027905-S,-1.0,STM,"2,4,4'-Trihydroxybenzophenone",-1.0,CSF,,0,0.8999999999999998,5,1.0,3,2,0.8833333333333333,9,True,0.0541567212608497,True,1.0,1.0,1.0,1.0,2,1.0,2,1.0,2,1.0,3.0
ENSMUSG00000027905-S,-1.0,STM,Adenine,-1.0,CSF,,0,1.0,5,1.0,3,2,0.9047619047619048,8,True,0.0668408998775762,True,1.0,1.0,1.0,1.0,2,1.0,2,1.0,2,1.0,3.0
ENSMUSG00000027905-S,-1.0,STM,Propylene glycol,-1.0,CSF,,0,1.0,5,1.0,3,2,0.8666666666666667,9,True,0.080972434486112,True,1.0,1.0,1.0,1.0,2,1.0,2,1.0,2,1.0,3.0
ENSMUSG00000027905-S,-1.0,STM,Xylazine,-1.0,CSF,,0,0.7999999999999999,5,1.0,3,2,0.8833333333333333,9,True,0.0541567212608497,True,1.0,1.0,1.0,1.0,2,1.0,2,1.0,2,1.0,3.0
ENSMUSG00000027952-S,1.0,STM,Acetic acid,-1.0,CSF,,0,-0.5797509043642028,5,,3,1,-0.8720815992723809,9,True,0.0720721335025092,True,-1.0,-1.0,-1.0,-1.0,2,-1.0,2,-1.0,2,-1.0,3.0
ENSMUSG00000027952-S,1.0,STM,Butanedioic acid,-1.0,CSF,,0,-0.7,5,-0.5,3,2,-0.8499999999999999,9,True,0.1148352445018117,True,-1.0,-1.0,-1.0,-1.0,2,-1.0,2,-1.0,2,-1.0,3.0
ENSMUSG00000027952-S,1.0,STM,Ethanolamine,-1.0,CSF,,0,-0.7,5,0.8660254037844387,3,2,-0.8451956828432803,9,True,0.1249346766036538,True,,-1.0,-1.0,,1,,1,-1.0,2,-1.0,2.0
ENSMUSG00000028033-S,-1.0,STM,Glycerol,-1.0,CSF,,0,0.4999999999999999,5,1.0,3,2,0.8499999999999999,9,True,0.1148352445018117,True,1.0,1.0,1.0,1.0,2,1.0,2,1.0,2,1.0,3.0
ENSMUSG00000028033-S,-1.0,STM,Methyl lactate,-1.0,CSF,,0,0.7,5,1.0,3,2,0.9047619047619048,8,True,0.0668408998775762,True,1.0,1.0,1.0,1.0,2,1.0,2,1.0,2,1.0,3.0
ENSMUSG00000028082-S,1.0,STM,"2-Cyclohexen-1-one, 3-methyl-6-(1-methylethyl)",-1.0,CSF,,0,-1.0,4,-1.0,3,2,-0.9047619047619048,8,True,0.0668408998775762,True,-1.0,-1.0,-1.0,-1.0,2,-1.0,2,-1.0,2,-1.0,3.0
ENSMUSG00000028099-S,-1.0,STM,"2,6-di-tert-Butyl-4-(dimethylaminomethyl)phenol",-1.0,CSF,,0,0.7999999999999999,4,,0,1,0.942857142857143,6,True,0.1415177011036704,True,1.0,1.0,1.0,1.0,2,1.0,2,1.0,2,1.0,3.0
ENSMUSG00000028099-S,-1.0,STM,L-Glutamic acid,1.0,CSF,,0,,0,,0,0,-1.0,4,True,0.0,True,,-1.0,-1.0,,1,,1,-1.0,2,-1.0,2.0
ENSMUSG00000028345-S,1.0,STM,Aconitic acid,1.0,CSF,,0,1.0,5,0.5,3,2,0.8666666666666667,9,True,0.080972434486112,True,1.0,1.0,1.0,1.0,2,1.0,2,1.0,2,1.0,3.0
ENSMUSG00000028423-S,-1.0,STM,2-Naphthol,-1.0,CSF,,0,0.7181848464596079,5,1.0,3,2,0.8870370532810664,9,True,0.0491083631416697,True,1.0,1.0,1.0,1.0,2,1.0,2,1.0,2,1.0,3.0
ENSMUSG00000028423-S,-1.0,STM,Allylescaline,1.0,CSF,,0,-0.6668859288553501,5,-0.5,3,2,-0.8619322310183947,9,True,0.0895686811196423,True,-1.0,-1.0,-1.0,-1.0,2,-1.0,2,-1.0,2,-1.0,3.0
ENSMUSG00000028445-S,1.0,STM,Benzoic Acid,1.0,CSF,,0,0.9746794344808964,5,1.0,3,2,0.9205101496312952,9,True,0.0155816048873542,True,1.0,1.0,1.0,1.0,2,1.0,2,1.0,2,1.0,3.0
ENSMUSG00000028532-S,1.0,STM,L-Glutamic acid,1.0,CSF,,0,,0,,0,0,1.0,4,True,0.0,True,,1.0,1.0,,1,,1,1.0,2,1.0,2.0
ENSMUSG00000028937-S,1.0,STM,Azelaic acid,-1.0,CSF,,0,-0.9746794344808964,5,-1.0,3,2,-0.8451956828432803,9,True,0.1249346766036538,True,-1.0,-1.0,-1.0,-1.0,2,-1.0,2,-1.0,2,-1.0,3.0
ENSMUSG00000028937-S,1.0,STM,"Propanoic acid, dimethyl(isopropyl)silyl ester",-1.0,CSF,,0,-1.0,5,-1.0,3,2,-0.9285714285714288,8,True,0.0303559250872633,True,-1.0,-1.0,-1.0,-1.0,2,-1.0,2,-1.0,2,-1.0,3.0
ENSMUSG00000028988-S,1.0,STM,"2,4-Di-tert-butylphenol",-1.0,CSF,,0,,0,-1.0,3,1,-1.0,5,True,5.23654444060943e-23,True,-1.0,-1.0,-1.0,-1.0,2,-1.0,2,-1.0,2,-1.0,3.0
ENSMUSG00000028988-S,1.0,STM,Aceturic acid,-1.0,CSF,,0,-0.8999999999999998,5,,0,1,-0.9047619047619048,8,True,0.0668408998775762,True,-1.0,-1.0,-1.0,-1.0,2,-1.0,2,-1.0,2,-1.0,3.0
ENSMUSG00000028988-S,1.0,STM,Azelaic acid,-1.0,CSF,,0,-0.5642880936468347,5,-1.0,3,2,-0.8535639569308375,9,True,0.1081476580790225,True,-1.0,-1.0,-1.0,-1.0,2,-1.0,2,-1.0,2,-1.0,3.0
ENSMUSG00000028988-S,1.0,STM,Butanedioic acid,-1.0,CSF,,0,-0.6,5,-1.0,3,2,-0.8499999999999999,9,True,0.1148352445018117,True,-1.0,-1.0,-1.0,-1.0,2,-1.0,2,-1.0,2,-1.0,3.0
ENSMUSG00000029060-S,-1.0,STM,"2,6-di-tert-Butyl-4-(dimethylaminomethyl)phenol",-1.0,CSF,,0,0.7999999999999999,4,,0,1,0.942857142857143,6,True,0.1415177011036704,True,1.0,1.0,1.0,1.0,2,1.0,2,1.0,2,1.0,3.0
ENSMUSG00000029165-S,-1.0,STM,4-Aminobutanoic acid,-1.0,CSF,,0,0.6,5,0.5,3,2,0.8666666666666667,9,True,0.080972434486112,True,1.0,1.0,1.0,1.0,2,1.0,2,1.0,2,1.0,3.0
ENSMUSG00000029165-S,-1.0,STM,N-Acetylaspartic acid,-1.0,CSF,,0,0.3999999999999999,4,1.0,3,2,0.9285714285714288,8,True,0.0303559250872633,True,1.0,1.0,1.0,1.0,2,1.0,2,1.0,2,1.0,3.0
ENSMUSG00000029211-S,-1.0,STM,"2,3-Butanediol, O-(trimethylsilyl)-, monoacetate",-1.0,CSF,,0,1.0,4,0.8660254037844387,3,2,0.8982196964349441,8,True,0.0801693880665075,True,1.0,1.0,1.0,1.0,2,1.0,2,1.0,2,1.0,3.0
ENSMUSG00000029211-S,-1.0,STM,L-Tyrosine,-1.0,CSF,,0,0.6668859288553501,5,,0,1,0.8742671711966791,8,True,0.1365290798246554,True,1.0,1.0,1.0,1.0,2,1.0,2,1.0,2,1.0,3.0
ENSMUSG00000029211-S,-1.0,STM,Propylene glycol,-1.0,CSF,,0,0.8999999999999998,5,1.0,3,2,0.8499999999999999,9,True,0.1148352445018117,True,1.0,1.0,1.0,1.0,2,1.0,2,1.0,2,1.0,3.0
ENSMUSG00000029211-S,-1.0,STM,Xylazine,-1.0,CSF,,0,0.8999999999999998,5,1.0,3,2,0.9333333333333332,9,True,0.0086292972228912,True,1.0,1.0,1.0,1.0,2,1.0,2,1.0,2,1.0,3.0
ENSMUSG00000029376-S,1.0,STM,"2-Methylcyclohexanol, (Z)",1.0,CSF,,0,0.8999999999999998,5,0.8660254037844387,3,2,0.836827408755723,9,True,0.1433947695471908,True,1.0,1.0,1.0,1.0,2,1.0,2,1.0,2,1.0,3.0
ENSMUSG00000029376-S,1.0,STM,4-Methoxyphenol,-1.0,CSF,,0,-1.0,3,,0,1,-1.0,5,True,5.23654444060943e-23,True,-1.0,-1.0,-1.0,-1.0,2,-1.0,2,-1.0,2,-1.0,3.0
ENSMUSG00000029376-S,1.0,STM,"l-Norvaline, n-propargyloxycarbonyl-, isohexyl ester",-1.0,CSF,,0,-1.0,4,,0,1,-0.942857142857143,6,True,0.1415177011036704,True,-1.0,-1.0,-1.0,-1.0,2,-1.0,2,-1.0,2,-1.0,3.0
ENSMUSG00000029775-S,1.0,STM,Azelaic acid,-1.0,CSF,,0,-0.9746794344808964,5,1.0,3,2,-0.903773601456181,9,True,0.0292375417120539,True,,-1.0,-1.0,,1,,1,-1.0,2,-1.0,2.0
ENSMUSG00000029922-S,-1.0,STM,Glycerol,-1.0,CSF,,0,0.8999999999999998,5,0.5,3,2,0.9333333333333332,9,True,0.0086292972228912,True,1.0,1.0,1.0,1.0,2,1.0,2,1.0,2,1.0,3.0
ENSMUSG00000029999-S,-1.0,STM,"6-Aminocaproic acid, N-(tert.-butyldimethylsilyl)",-1.0,CSF,,0,0.7999999999999999,4,0.8660254037844387,3,2,0.8742671711966791,8,True,0.1365290798246554,True,1.0,1.0,1.0,1.0,2,1.0,2,1.0,2,1.0,3.0
ENSMUSG00000029999-S,-1.0,STM,Niacin,-1.0,CSF,,0,0.7999999999999999,4,1.0,3,2,0.880952380952381,8,True,0.1179754827274796,True,1.0,1.0,1.0,1.0,2,1.0,2,1.0,2,1.0,3.0
ENSMUSG00000030282-S,1.0,STM,alpha-Hydroxyisobutyric acid,-1.0,CSF,,0,-0.7999999999999999,5,,0,1,-0.9285714285714288,7,True,0.08107637694869,True,-1.0,-1.0,-1.0,-1.0,2,-1.0,2,-1.0,2,-1.0,3.0
ENSMUSG00000030346-S,1.0,STM,Glycerol,-1.0,CSF,,0,-0.6668859288553503,5,-1.0,3,2,-0.9121418755437382,9,True,0.0215545979264877,True,-1.0,-1.0,-1.0,-1.0,2,-1.0,2,-1.0,2,-1.0,3.0
ENSMUSG00000030357-S,1.0,STM,Azelaic acid,-1.0,CSF,,0,-0.9746794344808964,5,0.5,3,2,-0.8451956828432803,9,True,0.1249346766036538,True,,-1.0,-1.0,,1,,1,-1.0,2,-1.0,2.0
ENSMUSG00000030606-S,1.0,STM,4-Methoxyphenol,-1.0,CSF,,0,-1.0,3,,0,1,-0.9746794344808964,5,True,0.1415177011036704,True,-1.0,-1.0,-1.0,-1.0,2,-1.0,2,-1.0,2,-1.0,3.0
ENSMUSG00000030641-S,-1.0,STM,Xylazine,-1.0,CSF,,0,0.8720815992723809,5,0.8660254037844387,3,2,0.8763560920082657,9,True,0.0652134730969187,True,1.0,1.0,1.0,1.0,2,1.0,2,1.0,2,1.0,3.0
ENSMUSG00000031134-S,-1.0,STM,2-Naphthol,-1.0,CSF,,0,0.9746794344808964,5,1.0,3,2,0.9205101496312952,9,True,0.0155816048873542,True,1.0,1.0,1.0,1.0,2,1.0,2,1.0,2,1.0,3.0
ENSMUSG00000031134-S,-1.0,STM,Xylazine,-1.0,CSF,,0,0.7,5,1.0,3,2,0.8666666666666667,9,True,0.080972434486112,True,1.0,1.0,1.0,1.0,2,1.0,2,1.0,2,1.0,3.0
ENSMUSG00000031309-S,-1.0,STM,Norephedrine,-1.0,CSF,,0,1.0,3,1.0,3,2,1.0,7,True,0.0,True,1.0,1.0,1.0,1.0,2,1.0,2,1.0,2,1.0,3.0
ENSMUSG00000031429-S,1.0,STM,"5-Ethyl-1,3-dioxane-5-methanol, tert-butyldimethylsilyl ether",1.0,CSF,,0,1.0,3,,0,1,0.942857142857143,6,True,0.1415177011036704,True,1.0,1.0,1.0,1.0,2,1.0,2,1.0,2,1.0,3.0
ENSMUSG00000031432-S,1.0,STM,"5-Ethyl-1,3-dioxane-5-methanol, tert-butyldimethylsilyl ether",1.0,CSF,,0,0.5,3,,0,1,0.942857142857143,6,True,0.1415177011036704,True,1.0,1.0,1.0,1.0,2,1.0,2,1.0,2,1.0,3.0
ENSMUSG00000031432-S,1.0,STM,Azelaic acid,-1.0,CSF,,0,-0.8207826816681233,5,-0.5,3,2,-0.836827408755723,9,True,0.1433947695471908,True,-1.0,-1.0,-1.0,-1.0,2,-1.0,2,-1.0,2,-1.0,3.0
ENSMUSG00000031532-S,1.0,STM,"2,4-Di-tert-butylphenol",-1.0,CSF,,0,,0,-1.0,3,1,-1.0,5,True,5.23654444060943e-23,True,-1.0,-1.0,-1.0,-1.0,2,-1.0,2,-1.0,2,-1.0,3.0
ENSMUSG00000031636-S,-1.0,STM,L-Glutamic acid,1.0,CSF,,0,,0,,0,0,-1.0,4,True,0.0,True,,-1.0,-1.0,,1,,1,-1.0,2,-1.0,2.0
ENSMUSG00000031753-S,1.0,STM,"Propanoic acid, 3-[(tert-butyldimethylsilyl)oxy]-2-methyl-",1.0,CSF,,0,1.0,5,,0,1,0.9523809523809524,8,True,0.0094770228834767,True,1.0,1.0,1.0,1.0,2,1.0,2,1.0,2,1.0,3.0
ENSMUSG00000031772-S,1.0,STM,Xylazine,-1.0,CSF,,0,-0.8999999999999998,5,-1.0,3,2,-0.9666666666666668,9,True,0.0008001107701158,True,-1.0,-1.0,-1.0,-1.0,2,-1.0,2,-1.0,2,-1.0,3.0
ENSMUSG00000031962-S,-1.0,STM,L-Glutamic acid,1.0,CSF,,0,,0,,0,0,-1.0,4,True,0.0,True,,-1.0,-1.0,,1,,1,-1.0,2,-1.0,2.0
ENSMUSG00000031970-S,1.0,STM,Lactic acid,-1.0,CSF,,0,-0.6668859288553501,5,,0,1,-0.9221722216732094,8,True,0.0384834253108105,True,-1.0,-1.0,-1.0,-1.0,2,-1.0,2,-1.0,2,-1.0,3.0
ENSMUSG00000032258-S,-1.0,STM,Urea,-1.0,CSF,,0,0.8207826816681233,5,0.5,3,2,0.8870370532810664,9,True,0.0491083631416697,True,1.0,1.0,1.0,1.0,2,1.0,2,1.0,2,1.0,3.0
ENSMUSG00000032336-S,-1.0,STM,Synephrine,-1.0,CSF,,0,0.8720815992723809,5,0.8660254037844387,3,2,0.8739804390886586,9,True,0.0685927470838407,True,1.0,1.0,1.0,1.0,2,1.0,2,1.0,2,1.0,3.0
ENSMUSG00000032336-S,-1.0,STM,Uracil,-1.0,CSF,,0,0.8207826816681233,5,1.0,3,2,0.8870370532810664,9,True,0.0491083631416697,True,1.0,1.0,1.0,1.0,2,1.0,2,1.0,2,1.0,3.0
ENSMUSG00000032350-S,-1.0,STM,Butanedioic acid,-1.0,CSF,,0,1.0,5,1.0,3,2,0.9166666666666666,9,True,0.0180879708398417,True,1.0,1.0,1.0,1.0,2,1.0,2,1.0,2,1.0,3.0
ENSMUSG00000032350-S,-1.0,STM,Lignoceric acid,-1.0,CSF,,0,0.8999999999999998,5,1.0,3,2,0.9,9,True,0.0329205941962492,True,1.0,1.0,1.0,1.0,2,1.0,2,1.0,2,1.0,3.0
ENSMUSG00000032350-S,-1.0,STM,Pipecolic acid,-1.0,CSF,,0,1.0,5,0.8660254037844387,3,2,0.903773601456181,9,True,0.0292375417120539,True,1.0,1.0,1.0,1.0,2,1.0,2,1.0,2,1.0,3.0
ENSMUSG00000032409-S,-1.0,STM,Xylazine,-1.0,CSF,,0,0.8999999999999998,5,1.0,3,2,0.9,9,True,0.0329205941962492,True,1.0,1.0,1.0,1.0,2,1.0,2,1.0,2,1.0,3.0
ENSMUSG00000032415-S,-1.0,STM,m-Toluic acid,-1.0,CSF,,0,0.9746794344808964,5,1.0,3,2,0.8954053273686237,9,True,0.038138931606925,True,1.0,1.0,1.0,1.0,2,1.0,2,1.0,2,1.0,3.0
ENSMUSG00000032456-S,-1.0,STM,2-Naphthol,-1.0,CSF,,0,0.8207826816681233,5,1.0,3,2,0.8870370532810664,9,True,0.0491083631416697,True,1.0,1.0,1.0,1.0,2,1.0,2,1.0,2,1.0,3.0
ENSMUSG00000032456-S,-1.0,STM,Glycerol,-1.0,CSF,,0,0.8999999999999998,5,0.5,3,2,0.9166666666666666,9,True,0.0180879708398417,True,1.0,1.0,1.0,1.0,2,1.0,2,1.0,2,1.0,3.0
ENSMUSG00000032456-S,-1.0,STM,Xylazine,-1.0,CSF,,0,0.8999999999999998,5,1.0,3,2,0.8499999999999999,9,True,0.1148352445018117,True,1.0,1.0,1.0,1.0,2,1.0,2,1.0,2,1.0,3.0
ENSMUSG00000032485-S,-1.0,STM,Glycerol,-1.0,CSF,,0,0.6,5,1.0,3,2,0.9,9,True,0.0329205941962492,True,1.0,1.0,1.0,1.0,2,1.0,2,1.0,2,1.0,3.0
ENSMUSG00000032485-S,-1.0,STM,Norephedrine,-1.0,CSF,,0,0.5,3,1.0,3,2,0.9285714285714288,7,True,0.08107637694869,True,1.0,1.0,1.0,1.0,2,1.0,2,1.0,2,1.0,3.0
ENSMUSG00000032534-S,-1.0,STM,L-Tyrosine,-1.0,CSF,,0,0.8207826816681233,5,,0,1,0.934148484292342,8,True,0.0240970613868255,True,1.0,1.0,1.0,1.0,2,1.0,2,1.0,2,1.0,3.0
ENSMUSG00000032567-S,-1.0,STM,Norephedrine,-1.0,CSF,,0,1.0,3,1.0,3,2,1.0,7,True,0.0,True,1.0,1.0,1.0,1.0,2,1.0,2,1.0,2,1.0,3.0
ENSMUSG00000032586-S,-1.0,STM,"2,6-di-tert-Butyl-4-(dimethylaminomethyl)phenol",-1.0,CSF,,0,0.7999999999999999,4,,0,1,0.942857142857143,6,True,0.1415177011036704,True,1.0,1.0,1.0,1.0,2,1.0,2,1.0,2,1.0,3.0
ENSMUSG00000032586-S,-1.0,STM,Butyric Acid,-1.0,CSF,,0,0.7181848464596079,5,1.0,3,2,0.8619322310183947,9,True,0.0895686811196423,True,1.0,1.0,1.0,1.0,2,1.0,2,1.0,2,1.0,3.0
ENSMUSG00000032586-S,-1.0,STM,Pentanoic acid,-1.0,CSF,,0,0.6,5,1.0,3,2,0.8499999999999999,9,True,0.1148352445018117,True,1.0,1.0,1.0,1.0,2,1.0,2,1.0,2,1.0,3.0
ENSMUSG00000032586-S,-1.0,STM,Synephrine,-1.0,CSF,,0,0.7181848464596079,5,0.8660254037844387,3,2,0.8907877552249789,9,True,0.0440124541530149,True,1.0,1.0,1.0,1.0,2,1.0,2,1.0,2,1.0,3.0
ENSMUSG00000032586-S,-1.0,STM,Uracil,-1.0,CSF,,0,0.9746794344808964,5,1.0,3,2,0.9539832459815244,9,True,0.0024329706282873,True,1.0,1.0,1.0,1.0,2,1.0,2,1.0,2,1.0,3.0
ENSMUSG00000032604-S,-1.0,STM,Synephrine,-1.0,CSF,,0,0.8720815992723809,5,0.8660254037844387,3,2,0.9159987294294596,9,True,0.0185806317460062,True,1.0,1.0,1.0,1.0,2,1.0,2,1.0,2,1.0,3.0
ENSMUSG00000032604-S,-1.0,STM,Uracil,-1.0,CSF,,0,0.9746794344808964,5,0.5,3,2,0.9288784237188524,9,True,0.010686351560106,True,1.0,1.0,1.0,1.0,2,1.0,2,1.0,2,1.0,3.0
ENSMUSG00000032698-S,-1.0,STM,Glycerol,-1.0,CSF,,0,1.0,5,1.0,3,2,0.8833333333333333,9,True,0.0541567212608497,True,1.0,1.0,1.0,1.0,2,1.0,2,1.0,2,1.0,3.0
ENSMUSG00000032698-S,-1.0,STM,Norephedrine,-1.0,CSF,,0,0.5,3,1.0,3,2,0.9642857142857144,7,True,0.0163419625028473,True,1.0,1.0,1.0,1.0,2,1.0,2,1.0,2,1.0,3.0
ENSMUSG00000032777-S,-1.0,STM,Isopropylamine,-1.0,CSF,,0,1.0,5,1.0,3,2,0.95,9,True,0.0032318250153582,True,1.0,1.0,1.0,1.0,2,1.0,2,1.0,2,1.0,3.0
ENSMUSG00000032946-S,-1.0,STM,Xylazine,-1.0,CSF,,0,0.8999999999999998,5,1.0,3,2,0.9,9,True,0.0329205941962492,True,1.0,1.0,1.0,1.0,2,1.0,2,1.0,2,1.0,3.0
ENSMUSG00000033054-S,1.0,STM,Allylescaline,1.0,CSF,,0,0.8207826816681233,5,1.0,3,2,0.8786687791935092,9,True,0.0612792680298124,True,1.0,1.0,1.0,1.0,2,1.0,2,1.0,2,1.0,3.0
ENSMUSG00000033063-S,-1.0,STM,Allylescaline,1.0,CSF,,0,-0.6668859288553501,5,-1.0,3,2,-0.8451956828432803,9,True,0.1249346766036538,True,-1.0,-1.0,-1.0,-1.0,2,-1.0,2,-1.0,2,-1.0,3.0
ENSMUSG00000033063-S,-1.0,STM,L-Glutamic acid,1.0,CSF,,0,,0,,0,0,-1.0,4,True,0.0,True,,-1.0,-1.0,,1,,1,-1.0,2,-1.0,2.0
ENSMUSG00000033152-S,1.0,STM,"2,4-Di-tert-butylphenol",-1.0,CSF,,0,,0,-1.0,3,1,-1.0,5,True,5.23654444060943e-23,True,-1.0,-1.0,-1.0,-1.0,2,-1.0,2,-1.0,2,-1.0,3.0
ENSMUSG00000033253-S,-1.0,STM,4-Methoxyphenol,-1.0,CSF,,0,1.0,3,,0,1,1.0,5,True,5.23654444060943e-23,True,1.0,1.0,1.0,1.0,2,1.0,2,1.0,2,1.0,3.0
ENSMUSG00000033365-S,-1.0,STM,"2,6-di-tert-Butyl-4-(dimethylaminomethyl)phenol",-1.0,CSF,,0,0.7999999999999999,4,,0,1,0.942857142857143,6,True,0.1415177011036704,True,1.0,1.0,1.0,1.0,2,1.0,2,1.0,2,1.0,3.0
ENSMUSG00000033373-S,-1.0,STM,"2,6-di-tert-Butyl-4-(dimethylaminomethyl)phenol",-1.0,CSF,,0,0.7999999999999999,4,,0,1,0.942857142857143,6,True,0.1415177011036704,True,1.0,1.0,1.0,1.0,2,1.0,2,1.0,2,1.0,3.0
ENSMUSG00000033417-S,1.0,STM,Palmitic Acid,1.0,CSF,,0,1.0,3,,0,1,0.942857142857143,6,True,0.1415177011036704,True,1.0,1.0,1.0,1.0,2,1.0,2,1.0,2,1.0,3.0
ENSMUSG00000033629-S,1.0,STM,alpha-Hydroxyisobutyric acid,-1.0,CSF,,0,-0.8999999999999998,5,,0,1,-0.9285714285714288,7,True,0.08107637694869,True,-1.0,-1.0,-1.0,-1.0,2,-1.0,2,-1.0,2,-1.0,3.0
ENSMUSG00000033717-S,1.0,STM,1-(tert-Butyldimethylsilyl)-4-methyl-1H-pyrazole,-1.0,CSF,,0,-0.9746794344808964,5,-1.0,3,2,-0.8451956828432803,9,True,0.1249346766036538,True,-1.0,-1.0,-1.0,-1.0,2,-1.0,2,-1.0,2,-1.0,3.0
ENSMUSG00000033717-S,1.0,STM,"6-Aminocaproic acid, N-(tert.-butyldimethylsilyl)",-1.0,CSF,,0,-1.0,4,-0.8660254037844387,3,2,-0.9940297973880048,8,True,1.9741263088823655e-05,True,-1.0,-1.0,-1.0,-1.0,2,-1.0,2,-1.0,2,-1.0,3.0
ENSMUSG00000033717-S,1.0,STM,Niacin,-1.0,CSF,,0,-1.0,4,-0.5,3,2,-0.9523809523809524,8,True,0.0094770228834767,True,-1.0,-1.0,-1.0,-1.0,2,-1.0,2,-1.0,2,-1.0,3.0
ENSMUSG00000033910-S,-1.0,STM,Adenine,-1.0,CSF,,0,1.0,5,1.0,3,2,0.880952380952381,8,True,0.1179754827274796,True,1.0,1.0,1.0,1.0,2,1.0,2,1.0,2,1.0,3.0
ENSMUSG00000034532-S,1.0,STM,Mevalonolactone,-1.0,CSF,,0,-0.8999999999999998,5,-0.8660254037844387,3,2,-0.9288784237188524,9,True,0.010686351560106,True,-1.0,-1.0,-1.0,-1.0,2,-1.0,2,-1.0,2,-1.0,3.0
ENSMUSG00000034848-S,1.0,STM,L-Glutamic acid,1.0,CSF,,0,,0,,0,0,1.0,4,True,0.0,True,,1.0,1.0,,1,,1,1.0,2,1.0,2.0
ENSMUSG00000034892-S,1.0,STM,"5-Ethyl-1,3-dioxane-5-methanol, tert-butyldimethylsilyl ether",1.0,CSF,,0,1.0,3,,0,1,0.942857142857143,6,True,0.1415177011036704,True,1.0,1.0,1.0,1.0,2,1.0,2,1.0,2,1.0,3.0
ENSMUSG00000035021-S,-1.0,STM,4-Methoxyphenol,-1.0,CSF,,0,1.0,3,,0,1,1.0,5,True,5.23654444060943e-23,True,1.0,1.0,1.0,1.0,2,1.0,2,1.0,2,1.0,3.0
ENSMUSG00000035151-S,1.0,STM,2-(Methylamino)ethanol,-1.0,CSF,,0,-0.9746794344808964,5,-0.5,3,2,-0.9288784237188524,9,True,0.010686351560106,True,-1.0,-1.0,-1.0,-1.0,2,-1.0,2,-1.0,2,-1.0,3.0
ENSMUSG00000035208-S,-1.0,STM,Adipoyl-L-carnitine,1.0,CSF,,0,-1.0,3,,0,1,-1.0,5,True,5.23654444060943e-23,True,-1.0,-1.0,-1.0,-1.0,2,-1.0,2,-1.0,2,-1.0,3.0
ENSMUSG00000035274-S,-1.0,STM,"N,N-Dimethyl-2-aminoethanol",-1.0,CSF,,0,0.8999999999999998,5,,0,1,0.9285714285714288,8,True,0.0303559250872633,True,1.0,1.0,1.0,1.0,2,1.0,2,1.0,2,1.0,3.0
ENSMUSG00000035278-S,1.0,STM,"2,5-Dimethoxyphenol",-1.0,CSF,,0,-0.7999999999999999,5,-0.5,3,2,-0.9,9,True,0.0329205941962492,True,-1.0,-1.0,-1.0,-1.0,2,-1.0,2,-1.0,2,-1.0,3.0
ENSMUSG00000035278-S,1.0,STM,"5-Ethyl-1,3-dioxane-5-methanol, tert-butyldimethylsilyl ether",1.0,CSF,,0,1.0,3,,0,1,0.942857142857143,6,True,0.1415177011036704,True,1.0,1.0,1.0,1.0,2,1.0,2,1.0,2,1.0,3.0
ENSMUSG00000035397-S,-1.0,STM,Xylazine,-1.0,CSF,,0,0.8999999999999998,5,1.0,3,2,0.9333333333333332,9,True,0.0086292972228912,True,1.0,1.0,1.0,1.0,2,1.0,2,1.0,2,1.0,3.0
ENSMUSG00000035967-S,-1.0,STM,"2-Cyclohexen-1-one, 3-methyl-6-(1-methylethyl)",-1.0,CSF,,0,0.7999999999999999,4,1.0,3,2,0.880952380952381,8,True,0.1179754827274796,True,1.0,1.0,1.0,1.0,2,1.0,2,1.0,2,1.0,3.0
ENSMUSG00000036053-S,1.0,STM,2-Naphthol,-1.0,CSF,,0,-0.8207826816681233,5,-1.0,3,2,-0.8535639569308375,9,True,0.1081476580790225,True,-1.0,-1.0,-1.0,-1.0,2,-1.0,2,-1.0,2,-1.0,3.0
ENSMUSG00000036053-S,1.0,STM,6-Methyluracil,-1.0,CSF,,0,-0.8207826816681233,5,-1.0,3,2,-0.8451956828432803,9,True,0.1249346766036538,True,-1.0,-1.0,-1.0,-1.0,2,-1.0,2,-1.0,2,-1.0,3.0
ENSMUSG00000036199-S,1.0,STM,Adipoyl-L-carnitine,1.0,CSF,,0,1.0,3,,0,1,1.0,5,True,5.23654444060943e-23,True,1.0,1.0,1.0,1.0,2,1.0,2,1.0,2,1.0,3.0
ENSMUSG00000036225-S,-1.0,STM,L-Glutamic acid,1.0,CSF,,0,,0,,0,0,-1.0,4,True,0.0,True,,-1.0,-1.0,,1,,1,-1.0,2,-1.0,2.0
ENSMUSG00000036381-S,1.0,STM,Benzoic Acid,1.0,CSF,,0,0.9746794344808964,5,1.0,3,2,0.8619322310183947,9,True,0.0895686811196423,True,1.0,1.0,1.0,1.0,2,1.0,2,1.0,2,1.0,3.0
ENSMUSG00000036501-S,1.0,STM,L-Glutamic acid,1.0,CSF,,0,,0,,0,0,1.0,4,True,0.0,True,,1.0,1.0,,1,,1,1.0,2,1.0,2.0
ENSMUSG00000036698-S,1.0,STM,m-Toluic acid,-1.0,CSF,,0,-0.9746794344808964,5,-1.0,3,2,-0.8954053273686237,9,True,0.038138931606925,True,-1.0,-1.0,-1.0,-1.0,2,-1.0,2,-1.0,2,-1.0,3.0
ENSMUSG00000037148-S,-1.0,STM,L-Glutamic acid,1.0,CSF,,0,,0,,0,0,-1.0,4,True,0.0,True,,-1.0,-1.0,,1,,1,-1.0,2,-1.0,2.0
ENSMUSG00000037185-S,-1.0,STM,"2,6-di-tert-Butyl-4-(dimethylaminomethyl)phenol",-1.0,CSF,,0,1.0,4,,0,1,1.0,6,True,0.0,True,1.0,1.0,1.0,1.0,2,1.0,2,1.0,2,1.0,3.0
ENSMUSG00000037185-S,-1.0,STM,Uracil,-1.0,CSF,,0,0.8207826816681233,5,0.5,3,2,0.8703005051059519,9,True,0.0751735116263849,True,1.0,1.0,1.0,1.0,2,1.0,2,1.0,2,1.0,3.0
ENSMUSG00000037266-S,-1.0,STM,"2-Cyclohexen-1-one, 3-methyl-6-(1-methylethyl)",-1.0,CSF,,0,0.7999999999999999,4,1.0,3,2,0.9047619047619048,8,True,0.0668408998775762,True,1.0,1.0,1.0,1.0,2,1.0,2,1.0,2,1.0,3.0
ENSMUSG00000037474-S,-1.0,STM,"2-Methylcyclohexanol, (Z)",1.0,CSF,,0,-1.0,5,-0.8660254037844387,3,2,-0.8786687791935092,9,True,0.0612792680298124,True,-1.0,-1.0,-1.0,-1.0,2,-1.0,2,-1.0,2,-1.0,3.0
ENSMUSG00000037570-S,-1.0,STM,4-Methoxyphenol,-1.0,CSF,,0,1.0,3,,0,1,1.0,5,True,5.23654444060943e-23,True,1.0,1.0,1.0,1.0,2,1.0,2,1.0,2,1.0,3.0
ENSMUSG00000037936-S,-1.0,STM,"Oxymorphone, bis(trimethylsilyl) ether",-1.0,CSF,,0,0.8720815992723809,5,,0,1,0.8982196964349441,8,True,0.0801693880665075,True,1.0,1.0,1.0,1.0,2,1.0,2,1.0,2,1.0,3.0
ENSMUSG00000037936-S,-1.0,STM,Phenoxyethanol,-1.0,CSF,,0,0.7181848464596079,5,1.0,3,2,0.8619322310183947,9,True,0.0895686811196423,True,1.0,1.0,1.0,1.0,2,1.0,2,1.0,2,1.0,3.0
ENSMUSG00000037936-S,-1.0,STM,Synephrine,-1.0,CSF,,0,0.6668859288553501,5,0.8660254037844387,3,2,0.8739804390886586,9,True,0.0685927470838407,True,1.0,1.0,1.0,1.0,2,1.0,2,1.0,2,1.0,3.0
ENSMUSG00000037936-S,-1.0,STM,Uracil,-1.0,CSF,,0,0.8207826816681233,5,1.0,3,2,0.903773601456181,9,True,0.0292375417120539,True,1.0,1.0,1.0,1.0,2,1.0,2,1.0,2,1.0,3.0
ENSMUSG00000037936-S,-1.0,STM,Xylazine,-1.0,CSF,,0,0.8999999999999998,5,1.0,3,2,0.8833333333333333,9,True,0.0541567212608497,True,1.0,1.0,1.0,1.0,2,1.0,2,1.0,2,1.0,3.0
ENSMUSG00000038034-S,-1.0,STM,"2-Methylcyclohexanol, (Z)",1.0,CSF,,0,-0.8999999999999998,5,-0.8660254037844387,3,2,-0.836827408755723,9,True,0.1433947695471908,True,-1.0,-1.0,-1.0,-1.0,2,-1.0,2,-1.0,2,-1.0,3.0
ENSMUSG00000038046-S,-1.0,STM,Methyl lactate,-1.0,CSF,,0,0.6,5,1.0,3,2,0.880952380952381,8,True,0.1179754827274796,True,1.0,1.0,1.0,1.0,2,1.0,2,1.0,2,1.0,3.0
ENSMUSG00000038115-S,-1.0,STM,L-Glutamic acid,1.0,CSF,,0,,0,,0,0,-1.0,4,True,0.0,True,,-1.0,-1.0,,1,,1,-1.0,2,-1.0,2.0
ENSMUSG00000038374-S,1.0,STM,"1-(2,5-Dimethoxyphenyl)-1-[(trimethylsilyl)oxy]propan-2-amine",1.0,CSF,,0,0.8999999999999998,5,0.5,3,2,0.8666666666666667,9,True,0.080972434486112,True,1.0,1.0,1.0,1.0,2,1.0,2,1.0,2,1.0,3.0
ENSMUSG00000038374-S,1.0,STM,2-Furoic acid,1.0,CSF,,0,1.0,3,1.0,3,2,0.9285714285714288,7,True,0.08107637694869,True,1.0,1.0,1.0,1.0,2,1.0,2,1.0,2,1.0,3.0
ENSMUSG00000038374-S,1.0,STM,"5-Ethyl-1,3-dioxane-5-methanol, tert-butyldimethylsilyl ether",1.0,CSF,,0,1.0,3,,0,1,0.942857142857143,6,True,0.1415177011036704,True,1.0,1.0,1.0,1.0,2,1.0,2,1.0,2,1.0,3.0
ENSMUSG00000038374-S,1.0,STM,Palmitic Acid,1.0,CSF,,0,1.0,3,,0,1,0.942857142857143,6,True,0.1415177011036704,True,1.0,1.0,1.0,1.0,2,1.0,2,1.0,2,1.0,3.0
ENSMUSG00000038563-S,-1.0,STM,"2,2'-Bipyridine",1.0,CSF,,0,-0.5642880936468347,5,-1.0,3,2,-0.8535639569308375,9,True,0.1081476580790225,True,-1.0,-1.0,-1.0,-1.0,2,-1.0,2,-1.0,2,-1.0,3.0
ENSMUSG00000038564-S,1.0,STM,"Propanoic acid, 3-[(tert-butyldimethylsilyl)oxy]-2-methyl-",1.0,CSF,,0,0.7,5,,0,1,0.880952380952381,8,True,0.1179754827274796,True,1.0,1.0,1.0,1.0,2,1.0,2,1.0,2,1.0,3.0
ENSMUSG00000038665-S,-1.0,STM,L-Tyrosine,-1.0,CSF,,0,0.8207826816681233,5,,0,1,0.9101959590540768,8,True,0.0574863748223688,True,1.0,1.0,1.0,1.0,2,1.0,2,1.0,2,1.0,3.0
ENSMUSG00000038665-S,-1.0,STM,Xylazine,-1.0,CSF,,0,0.8999999999999998,5,1.0,3,2,0.9666666666666668,9,True,0.0008001107701158,True,1.0,1.0,1.0,1.0,2,1.0,2,1.0,2,1.0,3.0
ENSMUSG00000038780-S,-1.0,STM,N-Caffeoyl-O-methyltyramine,-1.0,CSF,,0,0.8720815992723809,5,1.0,3,2,0.8982196964349441,8,True,0.0801693880665075,True,1.0,1.0,1.0,1.0,2,1.0,2,1.0,2,1.0,3.0
ENSMUSG00000038780-S,-1.0,STM,Trimethylolpropane,-1.0,CSF,,0,1.0,4,,0,1,1.0,6,True,0.0,True,1.0,1.0,1.0,1.0,2,1.0,2,1.0,2,1.0,3.0
ENSMUSG00000038884-S,-1.0,STM,Norephedrine,-1.0,CSF,,0,0.5,3,1.0,3,2,0.9642857142857144,7,True,0.0163419625028473,True,1.0,1.0,1.0,1.0,2,1.0,2,1.0,2,1.0,3.0
ENSMUSG00000038894-S,1.0,STM,Azelaic acid,-1.0,CSF,,0,-0.8207826816681233,5,-0.5,3,2,-0.912141875543738,9,True,0.0215545979264877,True,-1.0,-1.0,-1.0,-1.0,2,-1.0,2,-1.0,2,-1.0,3.0
ENSMUSG00000038894-S,1.0,STM,Diethylamine,-1.0,CSF,,0,-0.8207826816681233,5,-0.5,3,2,-0.8451956828432803,9,True,0.1249346766036538,True,-1.0,-1.0,-1.0,-1.0,2,-1.0,2,-1.0,2,-1.0,3.0
ENSMUSG00000038894-S,1.0,STM,"Erythrono-1,4-lactone",-1.0,CSF,,0,-0.4999999999999999,5,-1.0,3,2,-0.8499999999999999,9,True,0.1148352445018117,True,-1.0,-1.0,-1.0,-1.0,2,-1.0,2,-1.0,2,-1.0,3.0
ENSMUSG00000038984-S,-1.0,STM,Glycerol,-1.0,CSF,,0,0.8999999999999998,5,1.0,3,2,0.9333333333333332,9,True,0.0086292972228912,True,1.0,1.0,1.0,1.0,2,1.0,2,1.0,2,1.0,3.0
ENSMUSG00000038984-S,-1.0,STM,Methyl lactate,-1.0,CSF,,0,1.0,5,1.0,3,2,0.9761904761904764,8,True,0.0012274942961695,True,1.0,1.0,1.0,1.0,2,1.0,2,1.0,2,1.0,3.0
ENSMUSG00000039202-S,-1.0,STM,Curcumin,-1.0,CSF,,0,1.0,5,1.0,3,2,0.9166666666666666,9,True,0.0180879708398417,True,1.0,1.0,1.0,1.0,2,1.0,2,1.0,2,1.0,3.0
ENSMUSG00000039202-S,-1.0,STM,N-Ethyldiethanolamine,-1.0,CSF,,0,0.7,5,1.0,3,2,0.8499999999999999,9,True,0.1148352445018117,True,1.0,1.0,1.0,1.0,2,1.0,2,1.0,2,1.0,3.0
ENSMUSG00000039202-S,-1.0,STM,Niacin,-1.0,CSF,,0,0.7999999999999999,4,1.0,3,2,0.9047619047619048,8,True,0.0668408998775762,True,1.0,1.0,1.0,1.0,2,1.0,2,1.0,2,1.0,3.0
ENSMUSG00000039375-S,-1.0,STM,Glycerol,-1.0,CSF,,0,0.8999999999999998,5,1.0,3,2,0.9333333333333332,9,True,0.0086292972228912,True,1.0,1.0,1.0,1.0,2,1.0,2,1.0,2,1.0,3.0
ENSMUSG00000039375-S,-1.0,STM,Methyl lactate,-1.0,CSF,,0,1.0,5,1.0,3,2,0.9761904761904764,8,True,0.0012274942961695,True,1.0,1.0,1.0,1.0,2,1.0,2,1.0,2,1.0,3.0
ENSMUSG00000039629-S,-1.0,STM,Adenine,-1.0,CSF,,0,0.7999999999999999,5,1.0,3,2,0.880952380952381,8,True,0.1179754827274796,True,1.0,1.0,1.0,1.0,2,1.0,2,1.0,2,1.0,3.0
ENSMUSG00000039629-S,-1.0,STM,L-Tryptophan,-1.0,CSF,,0,0.8999999999999998,5,1.0,3,2,0.9,9,True,0.0329205941962492,True,1.0,1.0,1.0,1.0,2,1.0,2,1.0,2,1.0,3.0
ENSMUSG00000039629-S,-1.0,STM,Propylene glycol,-1.0,CSF,,0,0.7999999999999999,5,1.0,3,2,0.8499999999999999,9,True,0.1148352445018117,True,1.0,1.0,1.0,1.0,2,1.0,2,1.0,2,1.0,3.0
ENSMUSG00000039629-S,-1.0,STM,Xylazine,-1.0,CSF,,0,1.0,5,1.0,3,2,0.8833333333333333,9,True,0.0541567212608497,True,1.0,1.0,1.0,1.0,2,1.0,2,1.0,2,1.0,3.0
ENSMUSG00000039715-S,-1.0,STM,Monocaproin,-1.0,CSF,,0,1.0,3,,0,1,1.0,6,True,0.0,True,1.0,1.0,1.0,1.0,2,1.0,2,1.0,2,1.0,3.0
ENSMUSG00000039716-S,-1.0,STM,Glycerol,-1.0,CSF,,0,1.0,5,0.5,3,2,0.9333333333333332,9,True,0.0086292972228912,True,1.0,1.0,1.0,1.0,2,1.0,2,1.0,2,1.0,3.0
ENSMUSG00000039716-S,-1.0,STM,Methyl lactate,-1.0,CSF,,0,0.8999999999999998,5,0.5,3,2,0.9047619047619048,8,True,0.0668408998775762,True,1.0,1.0,1.0,1.0,2,1.0,2,1.0,2,1.0,3.0
ENSMUSG00000039771-S,1.0,STM,"5-Ethyl-1,3-dioxane-5-methanol, tert-butyldimethylsilyl ether",1.0,CSF,,0,0.5,3,,0,1,0.942857142857143,6,True,0.1415177011036704,True,1.0,1.0,1.0,1.0,2,1.0,2,1.0,2,1.0,3.0
ENSMUSG00000039804-S,1.0,STM,Adipoyl-L-carnitine,1.0,CSF,,0,1.0,3,,0,1,1.0,5,True,5.23654444060943e-23,True,1.0,1.0,1.0,1.0,2,1.0,2,1.0,2,1.0,3.0
ENSMUSG00000039954-S,-1.0,STM,"2,4,6-Cycloheptatrien-1-one",-1.0,CSF,,0,,0,,0,0,1.0,5,True,5.23654444060943e-23,True,,1.0,1.0,,1,,1,1.0,2,1.0,2.0
ENSMUSG00000040112-S,1.0,STM,Acetic acid,-1.0,CSF,,0,-0.5270462766947299,5,,3,1,-0.8464321404702522,9,True,0.1227152004445864,True,-1.0,-1.0,-1.0,-1.0,2,-1.0,2,-1.0,2,-1.0,3.0
ENSMUSG00000040219-S,-1.0,STM,2-Butoxyethanol,-1.0,CSF,,0,0.8999999999999998,5,1.0,3,2,0.9333333333333332,9,True,0.0086292972228912,True,1.0,1.0,1.0,1.0,2,1.0,2,1.0,2,1.0,3.0
ENSMUSG00000040219-S,-1.0,STM,Iminodiacetic acid,-1.0,CSF,,0,0.8207826816681233,5,1.0,3,2,0.836827408755723,9,True,0.1433947695471908,True,1.0,1.0,1.0,1.0,2,1.0,2,1.0,2,1.0,3.0
ENSMUSG00000040219-S,-1.0,STM,Leucylglycine,1.0,CSF,,0,-0.8999999999999998,5,-0.5,3,2,-0.9523809523809524,8,True,0.0094770228834767,True,-1.0,-1.0,-1.0,-1.0,2,-1.0,2,-1.0,2,-1.0,3.0
ENSMUSG00000040219-S,-1.0,STM,N-Caffeoyl-O-methyltyramine,-1.0,CSF,,0,0.6668859288553501,5,1.0,3,2,0.9221722216732094,8,True,0.0384834253108105,True,1.0,1.0,1.0,1.0,2,1.0,2,1.0,2,1.0,3.0
ENSMUSG00000040219-S,-1.0,STM,Norketamine,-1.0,CSF,,0,0.9746794344808964,5,1.0,3,2,0.8451956828432803,9,True,0.1249346766036538,True,1.0,1.0,1.0,1.0,2,1.0,2,1.0,2,1.0,3.0
ENSMUSG00000040219-S,-1.0,STM,Propylene glycol,-1.0,CSF,,0,0.7,5,1.0,3,2,0.8499999999999999,9,True,0.1148352445018117,True,1.0,1.0,1.0,1.0,2,1.0,2,1.0,2,1.0,3.0
ENSMUSG00000040219-S,-1.0,STM,Trimethylolpropane,-1.0,CSF,,0,0.7999999999999999,4,,0,1,0.942857142857143,6,True,0.1415177011036704,True,1.0,1.0,1.0,1.0,2,1.0,2,1.0,2,1.0,3.0
ENSMUSG00000040289-S,-1.0,STM,Glycerol,-1.0,CSF,,0,1.0,5,0.5,3,2,0.9333333333333332,9,True,0.0086292972228912,True,1.0,1.0,1.0,1.0,2,1.0,2,1.0,2,1.0,3.0
ENSMUSG00000040289-S,-1.0,STM,Methyl lactate,-1.0,CSF,,0,0.8999999999999998,5,0.5,3,2,0.9047619047619048,8,True,0.0668408998775762,True,1.0,1.0,1.0,1.0,2,1.0,2,1.0,2,1.0,3.0
ENSMUSG00000040913-S,-1.0,STM,Norephedrine,-1.0,CSF,,0,1.0,3,1.0,3,2,0.9285714285714288,7,True,0.08107637694869,True,1.0,1.0,1.0,1.0,2,1.0,2,1.0,2,1.0,3.0
ENSMUSG00000041261-S,-1.0,STM,L-Glutamic acid,1.0,CSF,,0,,0,,0,0,-1.0,4,True,0.0,True,,-1.0,-1.0,,1,,1,-1.0,2,-1.0,2.0
ENSMUSG00000041261-S,-1.0,STM,Norketamine,-1.0,CSF,,0,0.9746794344808964,5,0.5,3,2,0.8451956828432803,9,True,0.1249346766036538,True,1.0,1.0,1.0,1.0,2,1.0,2,1.0,2,1.0,3.0
ENSMUSG00000041354-S,-1.0,STM,"2-Cyclohexen-1-one, 3-methyl-6-(1-methylethyl)",-1.0,CSF,,0,0.7999999999999999,4,1.0,3,2,0.9047619047619048,8,True,0.0668408998775762,True,1.0,1.0,1.0,1.0,2,1.0,2,1.0,2,1.0,3.0
ENSMUSG00000041515-S,-1.0,STM,Leucylglycine,1.0,CSF,,0,-0.8999999999999998,5,-1.0,3,2,-0.880952380952381,8,True,0.1179754827274796,True,-1.0,-1.0,-1.0,-1.0,2,-1.0,2,-1.0,2,-1.0,3.0
ENSMUSG00000041515-S,-1.0,STM,L-Glutamic acid,1.0,CSF,,0,,0,,0,0,-1.0,4,True,0.0,True,,-1.0,-1.0,,1,,1,-1.0,2,-1.0,2.0
ENSMUSG00000041911-S,1.0,STM,4-Methoxyphenol,-1.0,CSF,,0,-1.0,3,,0,1,-1.0,5,True,5.23654444060943e-23,True,-1.0,-1.0,-1.0,-1.0,2,-1.0,2,-1.0,2,-1.0,3.0
ENSMUSG00000042258-S,-1.0,STM,2-Pentadecanone,-1.0,CSF,,0,0.7826237921249264,5,1.0,3,2,0.8645309671165333,9,True,0.0844964409578904,True,1.0,1.0,1.0,1.0,2,1.0,2,1.0,2,1.0,3.0
ENSMUSG00000042258-S,-1.0,STM,Propylene glycol,-1.0,CSF,,0,0.8999999999999998,5,1.0,3,2,0.9166666666666666,9,True,0.0180879708398417,True,1.0,1.0,1.0,1.0,2,1.0,2,1.0,2,1.0,3.0
ENSMUSG00000042312-S,-1.0,STM,2-Naphthol,-1.0,CSF,,0,0.8207826816681233,5,1.0,3,2,0.8786687791935092,9,True,0.0612792680298124,True,1.0,1.0,1.0,1.0,2,1.0,2,1.0,2,1.0,3.0
ENSMUSG00000042312-S,-1.0,STM,L-Tryptophan,-1.0,CSF,,0,0.7999999999999999,5,1.0,3,2,0.8833333333333333,9,True,0.0541567212608497,True,1.0,1.0,1.0,1.0,2,1.0,2,1.0,2,1.0,3.0
ENSMUSG00000042312-S,-1.0,STM,"Oxymorphone, bis(trimethylsilyl) ether",-1.0,CSF,,0,0.8720815992723809,5,,0,1,0.8742671711966791,8,True,0.1365290798246554,True,1.0,1.0,1.0,1.0,2,1.0,2,1.0,2,1.0,3.0
ENSMUSG00000042350-S,-1.0,STM,Glycerol,-1.0,CSF,,0,0.7,5,1.0,3,2,0.9166666666666666,9,True,0.0180879708398417,True,1.0,1.0,1.0,1.0,2,1.0,2,1.0,2,1.0,3.0
ENSMUSG00000042510-S,-1.0,STM,2-Butoxyethanol,-1.0,CSF,,0,1.0,5,1.0,3,2,0.9666666666666668,9,True,0.0008001107701158,True,1.0,1.0,1.0,1.0,2,1.0,2,1.0,2,1.0,3.0
ENSMUSG00000042510-S,-1.0,STM,2-Methyl-3-pentanol,-1.0,CSF,,0,0.7999999999999999,4,,0,1,0.942857142857143,6,True,0.1415177011036704,True,1.0,1.0,1.0,1.0,2,1.0,2,1.0,2,1.0,3.0
ENSMUSG00000042510-S,-1.0,STM,"5-Nonanol, tert-butyldimethylsilyl ether",-1.0,CSF,,0,0.7905694150420948,5,1.0,3,2,0.8655767810204984,9,True,0.0824565027675836,True,1.0,1.0,1.0,1.0,2,1.0,2,1.0,2,1.0,3.0
ENSMUSG00000042510-S,-1.0,STM,Butachlor ESA,-1.0,CSF,,0,0.5,3,1.0,3,2,0.9285714285714288,7,True,0.08107637694869,True,1.0,1.0,1.0,1.0,2,1.0,2,1.0,2,1.0,3.0
ENSMUSG00000042510-S,-1.0,STM,Iminodiacetic acid,-1.0,CSF,,0,0.9746794344808964,5,1.0,3,2,0.903773601456181,9,True,0.0292375417120539,True,1.0,1.0,1.0,1.0,2,1.0,2,1.0,2,1.0,3.0
ENSMUSG00000042510-S,-1.0,STM,L-Tyrosine,-1.0,CSF,,0,0.6668859288553501,5,,0,1,0.8982196964349441,8,True,0.0801693880665075,True,1.0,1.0,1.0,1.0,2,1.0,2,1.0,2,1.0,3.0
ENSMUSG00000042510-S,-1.0,STM,Norketamine,-1.0,CSF,,0,0.8207826816681233,5,1.0,3,2,0.8870370532810664,9,True,0.0491083631416697,True,1.0,1.0,1.0,1.0,2,1.0,2,1.0,2,1.0,3.0
ENSMUSG00000042510-S,-1.0,STM,Trimethylolpropane,-1.0,CSF,,0,1.0,4,,0,1,1.0,6,True,0.0,True,1.0,1.0,1.0,1.0,2,1.0,2,1.0,2,1.0,3.0
ENSMUSG00000042644-S,-1.0,STM,"2-Cyclohexen-1-one, 3-methyl-6-(1-methylethyl)",-1.0,CSF,,0,0.7999999999999999,4,1.0,3,2,0.880952380952381,8,True,0.1179754827274796,True,1.0,1.0,1.0,1.0,2,1.0,2,1.0,2,1.0,3.0
ENSMUSG00000043207-S,1.0,STM,"Benzaldehyde, 2,5-dimethoxy",1.0,CSF,,0,0.8660254037844386,5,,3,1,0.8751233289318945,9,True,0.0668408998775762,True,1.0,1.0,1.0,1.0,2,1.0,2,1.0,2,1.0,3.0
ENSMUSG00000043311-S,-1.0,STM,"2-Methylcyclohexanol, (Z)",1.0,CSF,,0,-0.8999999999999998,5,-0.8660254037844387,3,2,-0.8535639569308375,9,True,0.1081476580790225,True,-1.0,-1.0,-1.0,-1.0,2,-1.0,2,-1.0,2,-1.0,3.0
ENSMUSG00000043311-S,-1.0,STM,4-Methoxyphenol,-1.0,CSF,,0,1.0,3,,0,1,1.0,5,True,5.23654444060943e-23,True,1.0,1.0,1.0,1.0,2,1.0,2,1.0,2,1.0,3.0
ENSMUSG00000043388-S,1.0,STM,Azelaic acid,-1.0,CSF,,0,-0.9746794344808964,5,-0.5,3,2,-0.8451956828432803,9,True,0.1249346766036538,True,-1.0,-1.0,-1.0,-1.0,2,-1.0,2,-1.0,2,-1.0,3.0
ENSMUSG00000043388-S,1.0,STM,"Benzoic acid, methyl ester",-1.0,CSF,,0,-1.0,5,-0.5,3,2,-0.9,9,True,0.0329205941962492,True,-1.0,-1.0,-1.0,-1.0,2,-1.0,2,-1.0,2,-1.0,3.0
ENSMUSG00000043909-S,1.0,STM,Acetic acid,-1.0,CSF,,0,-0.9486832980505138,5,,3,1,-0.9062808776752196,9,True,0.0268143970713181,True,-1.0,-1.0,-1.0,-1.0,2,-1.0,2,-1.0,2,-1.0,3.0
ENSMUSG00000043909-S,1.0,STM,Butanedioic acid,-1.0,CSF,,0,-0.7,5,-0.5,3,2,-0.8499999999999999,9,True,0.1148352445018117,True,-1.0,-1.0,-1.0,-1.0,2,-1.0,2,-1.0,2,-1.0,3.0
ENSMUSG00000043909-S,1.0,STM,Glycine,-1.0,CSF,,0,-0.7,5,-1.0,3,2,-0.9,9,True,0.0329205941962492,True,-1.0,-1.0,-1.0,-1.0,2,-1.0,2,-1.0,2,-1.0,3.0
ENSMUSG00000044149-S,1.0,STM,"2-Methyl-1,3-butanediol",-1.0,CSF,,0,-0.8720815992723809,5,-0.5,3,2,-0.8451956828432803,9,True,0.1249346766036538,True,-1.0,-1.0,-1.0,-1.0,2,-1.0,2,-1.0,2,-1.0,3.0
ENSMUSG00000044499-S,-1.0,STM,Oxalic acid,-1.0,CSF,,0,0.8207826816681233,5,0.8660254037844387,3,2,0.8487694648841781,9,True,0.1179352769819456,True,1.0,1.0,1.0,1.0,2,1.0,2,1.0,2,1.0,3.0
ENSMUSG00000044700-S,-1.0,STM,DL-Glyceraldehyde,-1.0,CSF,,0,0.7,5,0.8660254037844387,3,2,0.8870370532810664,9,True,0.0491083631416697,True,1.0,1.0,1.0,1.0,2,1.0,2,1.0,2,1.0,3.0
ENSMUSG00000044709-S,1.0,STM,Salsoline,1.0,CSF,,0,0.3999999999999999,4,0.5,3,2,0.880952380952381,8,True,0.1179754827274796,True,1.0,1.0,1.0,1.0,2,1.0,2,1.0,2,1.0,3.0
ENSMUSG00000045027-S,-1.0,STM,3-Amino-5-methylisoxazole,-1.0,CSF,,0,0.8999999999999998,5,0.5,3,2,0.9166666666666666,9,True,0.0180879708398417,True,1.0,1.0,1.0,1.0,2,1.0,2,1.0,2,1.0,3.0
ENSMUSG00000045237-S,1.0,STM,"2',5'-Dimethoxypropiophenone",-1.0,CSF,,0,-0.8999999999999998,5,-1.0,3,2,-0.8666666666666667,9,True,0.080972434486112,True,-1.0,-1.0,-1.0,-1.0,2,-1.0,2,-1.0,2,-1.0,3.0
ENSMUSG00000045237-S,1.0,STM,Trimethylolpropane,-1.0,CSF,,0,-0.7999999999999999,4,,0,1,-0.942857142857143,6,True,0.1415177011036704,True,-1.0,-1.0,-1.0,-1.0,2,-1.0,2,-1.0,2,-1.0,3.0
ENSMUSG00000045275-S,-1.0,STM,4-Methoxyphenol,-1.0,CSF,,0,1.0,3,,0,1,1.0,5,True,5.23654444060943e-23,True,1.0,1.0,1.0,1.0,2,1.0,2,1.0,2,1.0,3.0
ENSMUSG00000045573-S,-1.0,STM,Glycerol,-1.0,CSF,,0,0.8999999999999998,5,1.0,3,2,0.9833333333333332,9,True,7.208095802039133e-05,True,1.0,1.0,1.0,1.0,2,1.0,2,1.0,2,1.0,3.0
ENSMUSG00000045672-S,-1.0,STM,"1-(1-Hydroxybutyl)-2,5-dimethoxybenzene ",-1.0,CSF,,0,1.0,3,1.0,3,2,1.0,7,True,0.0,True,1.0,1.0,1.0,1.0,2,1.0,2,1.0,2,1.0,3.0
ENSMUSG00000045948-S,1.0,STM,Palmitic Acid,1.0,CSF,,0,0.5,3,,0,1,0.942857142857143,6,True,0.1415177011036704,True,1.0,1.0,1.0,1.0,2,1.0,2,1.0,2,1.0,3.0
ENSMUSG00000046480-S,-1.0,STM,Glycerol,-1.0,CSF,,0,1.0,5,1.0,3,2,0.9166666666666666,9,True,0.0180879708398417,True,1.0,1.0,1.0,1.0,2,1.0,2,1.0,2,1.0,3.0
ENSMUSG00000046561-S,1.0,STM,"2,3-Butanediol, O-(trimethylsilyl)-, monoacetate",-1.0,CSF,,0,-0.948683298050514,4,-0.5000000000000001,3,2,-0.8868086049373605,8,True,0.1059985117021544,True,-1.0,-1.0,-1.0,-1.0,2,-1.0,2,-1.0,2,-1.0,3.0
ENSMUSG00000046561-S,1.0,STM,Butachlor ESA,-1.0,CSF,,0,-0.8660254037844387,3,-0.8660254037844387,3,2,-0.9063269671749656,7,True,0.1433947695471908,True,-1.0,-1.0,-1.0,-1.0,2,-1.0,2,-1.0,2,-1.0,3.0
ENSMUSG00000046561-S,1.0,STM,Myristic acid,-1.0,CSF,,0,-0.8603090020146066,5,-0.8660254037844387,3,2,-0.8525296022362365,9,True,0.1105708272507646,True,-1.0,-1.0,-1.0,-1.0,2,-1.0,2,-1.0,2,-1.0,3.0
ENSMUSG00000046561-S,1.0,STM,Phytanic acid,-1.0,CSF,,0,-0.8029550685469662,5,-0.8660254037844387,3,2,-0.898364527087647,9,True,0.0347592734108652,True,-1.0,-1.0,-1.0,-1.0,2,-1.0,2,-1.0,2,-1.0,3.0
ENSMUSG00000046785-S,1.0,STM,L-Tyrosine,-1.0,CSF,,0,-0.9746794344808964,5,,0,1,-0.9221722216732094,8,True,0.0384834253108105,True,-1.0,-1.0,-1.0,-1.0,2,-1.0,2,-1.0,2,-1.0,3.0
ENSMUSG00000046785-S,1.0,STM,Myristic acid,-1.0,CSF,,0,-0.5642880936468347,5,-1.0,3,2,-0.8703005051059519,9,True,0.0751735116263849,True,-1.0,-1.0,-1.0,-1.0,2,-1.0,2,-1.0,2,-1.0,3.0
ENSMUSG00000047181-S,1.0,STM,"1-(1-Hydroxybutyl)-2,5-dimethoxybenzene ",-1.0,CSF,,0,-1.0,3,-1.0,3,2,-0.9285714285714288,7,True,0.08107637694869,True,-1.0,-1.0,-1.0,-1.0,2,-1.0,2,-1.0,2,-1.0,3.0
ENSMUSG00000047307-S,-1.0,STM,Phytanic acid,-1.0,CSF,,0,0.8207826816681233,5,1.0,3,2,0.8451956828432803,9,True,0.1249346766036538,True,1.0,1.0,1.0,1.0,2,1.0,2,1.0,2,1.0,3.0
ENSMUSG00000047539-S,1.0,STM,"2,4-Di-tert-butylphenol",-1.0,CSF,,0,,0,-1.0,3,1,-1.0,5,True,5.23654444060943e-23,True,-1.0,-1.0,-1.0,-1.0,2,-1.0,2,-1.0,2,-1.0,3.0
ENSMUSG00000047604-S,1.0,STM,"6-Methoxy-1-methyl-1,2,3,4-tetrahydroisoquinolin-7-ol ",-1.0,CSF,,0,-1.0,3,,0,1,-1.0,5,True,5.23654444060943e-23,True,-1.0,-1.0,-1.0,-1.0,2,-1.0,2,-1.0,2,-1.0,3.0
ENSMUSG00000048126-S,1.0,STM,Myristic acid,-1.0,CSF,,0,-0.9746794344808964,5,-0.5,3,2,-0.912141875543738,9,True,0.0215545979264877,True,-1.0,-1.0,-1.0,-1.0,2,-1.0,2,-1.0,2,-1.0,3.0
ENSMUSG00000048218-S,1.0,STM,4-Oxohexanoic acid,1.0,CSF,,0,0.7999999999999999,4,1.0,3,2,0.9047619047619048,8,True,0.0668408998775762,True,1.0,1.0,1.0,1.0,2,1.0,2,1.0,2,1.0,3.0
ENSMUSG00000048240-S,-1.0,STM,Xylazine,-1.0,CSF,,0,0.8999999999999998,5,1.0,3,2,0.8833333333333333,9,True,0.0541567212608497,True,1.0,1.0,1.0,1.0,2,1.0,2,1.0,2,1.0,3.0
ENSMUSG00000048546-S,1.0,STM,"2,4-Di-tert-butylphenol",-1.0,CSF,,0,,0,-1.0,3,1,-1.0,5,True,5.23654444060943e-23,True,-1.0,-1.0,-1.0,-1.0,2,-1.0,2,-1.0,2,-1.0,3.0
ENSMUSG00000048546-S,1.0,STM,Acetic acid,-1.0,CSF,,0,-0.9486832980505138,5,,3,1,-0.8378823208695425,9,True,0.1415177011036704,True,-1.0,-1.0,-1.0,-1.0,2,-1.0,2,-1.0,2,-1.0,3.0
ENSMUSG00000048546-S,1.0,STM,N-Acetylaminoethanol,-1.0,CSF,,0,-0.9746794344808964,5,-0.8660254037844387,3,2,-0.8991914132931392,9,True,0.0338209070672342,True,-1.0,-1.0,-1.0,-1.0,2,-1.0,2,-1.0,2,-1.0,3.0
ENSMUSG00000048782-S,-1.0,STM,Curcumin,-1.0,CSF,,0,0.8999999999999998,5,1.0,3,2,0.9288784237188524,9,True,0.010686351560106,True,1.0,1.0,1.0,1.0,2,1.0,2,1.0,2,1.0,3.0
ENSMUSG00000048782-S,-1.0,STM,N-Ethyldiethanolamine,-1.0,CSF,,0,0.6,5,1.0,3,2,0.9121418755437382,9,True,0.0215545979264877,True,1.0,1.0,1.0,1.0,2,1.0,2,1.0,2,1.0,3.0
ENSMUSG00000048782-S,-1.0,STM,Tetrahydro-solasodine triacetate,-1.0,CSF,,0,0.6,5,1.0,3,2,0.9288784237188524,9,True,0.010686351560106,True,1.0,1.0,1.0,1.0,2,1.0,2,1.0,2,1.0,3.0
ENSMUSG00000048782-S,-1.0,STM,Yangonin,-1.0,CSF,,0,0.5642880936468347,5,0.5,3,2,0.9075630252100844,9,True,0.0255903065055735,True,1.0,1.0,1.0,1.0,2,1.0,2,1.0,2,1.0,3.0
ENSMUSG00000049124-S,1.0,STM,"2,3-Dihydroxybutanoic acid",-1.0,CSF,,0,-0.7999999999999999,4,-0.8660254037844387,3,2,-0.934148484292342,8,True,0.0240970613868255,True,-1.0,-1.0,-1.0,-1.0,2,-1.0,2,-1.0,2,-1.0,3.0
ENSMUSG00000049411-S,1.0,STM,"1,2-Cyclohexanediol, (Z)",1.0,CSF,,0,0.8207826816681233,5,1.0,3,2,0.9101959590540768,8,True,0.0574863748223688,True,1.0,1.0,1.0,1.0,2,1.0,2,1.0,2,1.0,3.0
ENSMUSG00000049643-S,1.0,STM,Oxalic acid,-1.0,CSF,,0,-0.8207826816681233,5,-0.8660254037844387,3,2,-0.8571731229523383,9,True,0.1002506685458343,True,-1.0,-1.0,-1.0,-1.0,2,-1.0,2,-1.0,2,-1.0,3.0
ENSMUSG00000050002-S,1.0,STM,"5-Ethyl-1,3-dioxane-5-methanol, tert-butyldimethylsilyl ether",1.0,CSF,,0,1.0,3,,0,1,1.0,6,True,0.0,True,1.0,1.0,1.0,1.0,2,1.0,2,1.0,2,1.0,3.0
ENSMUSG00000050315-S,-1.0,STM,Xylazine,-1.0,CSF,,0,0.7,5,1.0,3,2,0.8666666666666667,9,True,0.080972434486112,True,1.0,1.0,1.0,1.0,2,1.0,2,1.0,2,1.0,3.0
ENSMUSG00000050473-S,-1.0,STM,Phenoxyethanol,-1.0,CSF,,0,0.8720815992723809,5,0.5,3,2,0.8451956828432803,9,True,0.1249346766036538,True,1.0,1.0,1.0,1.0,2,1.0,2,1.0,2,1.0,3.0
ENSMUSG00000050473-S,-1.0,STM,Uracil,-1.0,CSF,,0,0.8720815992723809,5,0.5,3,2,0.8954053273686237,9,True,0.038138931606925,True,1.0,1.0,1.0,1.0,2,1.0,2,1.0,2,1.0,3.0
ENSMUSG00000050549-S,-1.0,STM,"1-Octanol, 2-butyl-",-1.0,CSF,,0,0.8207826816681233,5,1.0,3,2,0.8535639569308375,9,True,0.1081476580790225,True,1.0,1.0,1.0,1.0,2,1.0,2,1.0,2,1.0,3.0
ENSMUSG00000050549-S,-1.0,STM,Butachlor ESA,-1.0,CSF,,0,1.0,3,1.0,3,2,0.9642857142857144,7,True,0.0163419625028473,True,1.0,1.0,1.0,1.0,2,1.0,2,1.0,2,1.0,3.0
ENSMUSG00000050549-S,-1.0,STM,Yangonin,-1.0,CSF,,0,0.8720815992723809,5,1.0,3,2,0.836827408755723,9,True,0.1433947695471908,True,1.0,1.0,1.0,1.0,2,1.0,2,1.0,2,1.0,3.0
ENSMUSG00000050552-S,1.0,STM,"5-Ethyl-1,3-dioxane-5-methanol, tert-butyldimethylsilyl ether",1.0,CSF,,0,0.5,3,,0,1,0.942857142857143,6,True,0.1415177011036704,True,1.0,1.0,1.0,1.0,2,1.0,2,1.0,2,1.0,3.0
ENSMUSG00000050555-S,1.0,STM,DL-Glyceraldehyde,-1.0,CSF,,0,-0.7071067811865475,5,-0.8660254037844387,3,2,-0.9002588542100831,9,True,0.0328758639552076,True,-1.0,-1.0,-1.0,-1.0,2,-1.0,2,-1.0,2,-1.0,3.0
ENSMUSG00000050587-S,-1.0,STM,Glycerol,-1.0,CSF,,0,0.7999999999999999,5,1.0,3,2,0.9166666666666666,9,True,0.0180879708398417,True,1.0,1.0,1.0,1.0,2,1.0,2,1.0,2,1.0,3.0
ENSMUSG00000050587-S,-1.0,STM,Methyl lactate,-1.0,CSF,,0,0.8999999999999998,5,1.0,3,2,0.9761904761904764,8,True,0.0012274942961695,True,1.0,1.0,1.0,1.0,2,1.0,2,1.0,2,1.0,3.0
ENSMUSG00000051674-S,1.0,STM,"2,4-Di-tert-butylphenol",-1.0,CSF,,0,,0,-1.0,3,1,-1.0,5,True,5.23654444060943e-23,True,-1.0,-1.0,-1.0,-1.0,2,-1.0,2,-1.0,2,-1.0,3.0
ENSMUSG00000051674-S,1.0,STM,"2-Cyclohexen-1-one, 3-methyl-",-1.0,CSF,,0,-0.8999999999999998,5,-1.0,3,2,-0.8666666666666667,9,True,0.080972434486112,True,-1.0,-1.0,-1.0,-1.0,2,-1.0,2,-1.0,2,-1.0,3.0
ENSMUSG00000051674-S,1.0,STM,"3-(4,7-Dimethoxy-2H-1,3-benzodioxol-5-yl)-2-methylprop-2-enal",-1.0,CSF,,0,-0.7999999999999999,5,-0.5,3,2,-0.9,9,True,0.0329205941962492,True,-1.0,-1.0,-1.0,-1.0,2,-1.0,2,-1.0,2,-1.0,3.0
ENSMUSG00000052848-S,1.0,STM,"1-(2,5-Dimethoxyphenyl)-1-[(trimethylsilyl)oxy]propan-2-amine",1.0,CSF,,0,0.8999999999999998,5,1.0,3,2,0.8499999999999999,9,True,0.1148352445018117,True,1.0,1.0,1.0,1.0,2,1.0,2,1.0,2,1.0,3.0
ENSMUSG00000053063-S,-1.0,STM,"2,3-Butanediol, O-(trimethylsilyl)-, monoacetate",-1.0,CSF,,0,1.0,4,0.8660254037844387,3,2,0.8742671711966791,8,True,0.1365290798246554,True,1.0,1.0,1.0,1.0,2,1.0,2,1.0,2,1.0,3.0
ENSMUSG00000053063-S,-1.0,STM,2-Butoxyethanol,-1.0,CSF,,0,0.8999999999999998,5,0.5,3,2,0.9,9,True,0.0329205941962492,True,1.0,1.0,1.0,1.0,2,1.0,2,1.0,2,1.0,3.0
ENSMUSG00000053063-S,-1.0,STM,Xylazine,-1.0,CSF,,0,0.7,5,0.5,3,2,0.8833333333333333,9,True,0.0541567212608497,True,1.0,1.0,1.0,1.0,2,1.0,2,1.0,2,1.0,3.0
ENSMUSG00000053916-S,1.0,STM,"2,5-Dimethoxyphenol",-1.0,CSF,,0,-1.0,5,0.5,3,2,-0.8499999999999999,9,True,0.1148352445018117,True,,-1.0,-1.0,,1,,1,-1.0,2,-1.0,2.0
ENSMUSG00000053916-S,1.0,STM,Lactic acid,-1.0,CSF,,0,-0.8720815992723809,5,,0,1,-0.8982196964349441,8,True,0.0801693880665075,True,-1.0,-1.0,-1.0,-1.0,2,-1.0,2,-1.0,2,-1.0,3.0
ENSMUSG00000055003-S,-1.0,STM,1-(tert-Butyldimethylsilyl)-4-methyl-1H-pyrazole,-1.0,CSF,,0,0.8720815992723809,5,1.0,3,2,0.8535639569308375,9,True,0.1081476580790225,True,1.0,1.0,1.0,1.0,2,1.0,2,1.0,2,1.0,3.0
ENSMUSG00000055003-S,-1.0,STM,2-Naphthol,-1.0,CSF,,0,0.8207826816681233,5,1.0,3,2,0.8954053273686237,9,True,0.038138931606925,True,1.0,1.0,1.0,1.0,2,1.0,2,1.0,2,1.0,3.0
ENSMUSG00000055003-S,-1.0,STM,6-Methyluracil,-1.0,CSF,,0,0.8207826816681233,5,1.0,3,2,0.8870370532810664,9,True,0.0491083631416697,True,1.0,1.0,1.0,1.0,2,1.0,2,1.0,2,1.0,3.0
ENSMUSG00000055003-S,-1.0,STM,"Hymexazole, tert-butyldimethylsilyl ether",-1.0,CSF,,0,0.7,5,1.0,3,2,0.8499999999999999,9,True,0.1148352445018117,True,1.0,1.0,1.0,1.0,2,1.0,2,1.0,2,1.0,3.0
ENSMUSG00000055003-S,-1.0,STM,L-Tryptophan,-1.0,CSF,,0,0.7999999999999999,5,1.0,3,2,0.8499999999999999,9,True,0.1148352445018117,True,1.0,1.0,1.0,1.0,2,1.0,2,1.0,2,1.0,3.0
ENSMUSG00000055003-S,-1.0,STM,"Oxymorphone, bis(trimethylsilyl) ether",-1.0,CSF,,0,0.8720815992723809,5,,0,1,0.9461247469114746,8,True,0.0135926946264644,True,1.0,1.0,1.0,1.0,2,1.0,2,1.0,2,1.0,3.0
ENSMUSG00000055003-S,-1.0,STM,Phenoxyethanol,-1.0,CSF,,0,0.5642880936468347,5,1.0,3,2,0.8535639569308375,9,True,0.1081476580790225,True,1.0,1.0,1.0,1.0,2,1.0,2,1.0,2,1.0,3.0
ENSMUSG00000055692-S,-1.0,STM,"2,6-di-tert-Butyl-4-(dimethylaminomethyl)phenol",-1.0,CSF,,0,0.7999999999999999,4,,0,1,0.942857142857143,6,True,0.1415177011036704,True,1.0,1.0,1.0,1.0,2,1.0,2,1.0,2,1.0,3.0
ENSMUSG00000055692-S,-1.0,STM,L-Glutamic acid,1.0,CSF,,0,,0,,0,0,-1.0,4,True,0.0,True,,-1.0,-1.0,,1,,1,-1.0,2,-1.0,2.0
ENSMUSG00000056069-S,-1.0,STM,2-(Methylamino)ethanol,-1.0,CSF,,0,0.6668859288553501,5,1.0,3,2,0.8451956828432803,9,True,0.1249346766036538,True,1.0,1.0,1.0,1.0,2,1.0,2,1.0,2,1.0,3.0
ENSMUSG00000056069-S,-1.0,STM,"5-Nonanol, tert-butyldimethylsilyl ether",-1.0,CSF,,0,0.9486832980505138,5,1.0,3,2,0.8739804390886586,9,True,0.0685927470838407,True,1.0,1.0,1.0,1.0,2,1.0,2,1.0,2,1.0,3.0
ENSMUSG00000056069-S,-1.0,STM,Levulinic acid,-1.0,CSF,,0,0.8207826816681233,5,1.0,3,2,0.8786687791935092,9,True,0.0612792680298124,True,1.0,1.0,1.0,1.0,2,1.0,2,1.0,2,1.0,3.0
ENSMUSG00000056069-S,-1.0,STM,"L-Histidine, N,1-bis(tert-butyldimethylsilyl)-",-1.0,CSF,,0,0.8207826816681233,5,1.0,3,2,0.8619322310183947,9,True,0.0895686811196423,True,1.0,1.0,1.0,1.0,2,1.0,2,1.0,2,1.0,3.0
ENSMUSG00000056091-S,-1.0,STM,L-Glutamic acid,1.0,CSF,,0,,0,,0,0,-1.0,4,True,0.0,True,,-1.0,-1.0,,1,,1,-1.0,2,-1.0,2.0
ENSMUSG00000057457-S,-1.0,STM,4-Methoxyphenol,-1.0,CSF,,0,1.0,3,,0,1,1.0,5,True,5.23654444060943e-23,True,1.0,1.0,1.0,1.0,2,1.0,2,1.0,2,1.0,3.0
ENSMUSG00000058669-S,-1.0,STM,"2,4,4'-Trihydroxybenzophenone",-1.0,CSF,,0,0.8999999999999998,5,1.0,3,2,0.915385729888094,9,True,0.0190402356028193,True,1.0,1.0,1.0,1.0,2,1.0,2,1.0,2,1.0,3.0
ENSMUSG00000058669-S,-1.0,STM,"2-Methylcyclohexylamine, tert.-butyldimethylsilyl ether",-1.0,CSF,,0,1.0,3,,0,1,0.9746794344808964,5,True,0.1415177011036704,True,1.0,1.0,1.0,1.0,2,1.0,2,1.0,2,1.0,3.0
ENSMUSG00000058669-S,-1.0,STM,Adenine,-1.0,CSF,,0,1.0,5,1.0,3,2,0.9221722216732094,8,True,0.0384834253108105,True,1.0,1.0,1.0,1.0,2,1.0,2,1.0,2,1.0,3.0
ENSMUSG00000058669-S,-1.0,STM,Glycerol,-1.0,CSF,,0,1.0,5,0.5,3,2,0.8645309671165332,9,True,0.0844964409578904,True,1.0,1.0,1.0,1.0,2,1.0,2,1.0,2,1.0,3.0
ENSMUSG00000058669-S,-1.0,STM,Propylene glycol,-1.0,CSF,,0,1.0,5,1.0,3,2,0.915385729888094,9,True,0.0190402356028193,True,1.0,1.0,1.0,1.0,2,1.0,2,1.0,2,1.0,3.0
ENSMUSG00000058669-S,-1.0,STM,Xylazine,-1.0,CSF,,0,0.7999999999999999,5,1.0,3,2,0.8645309671165332,9,True,0.0844964409578904,True,1.0,1.0,1.0,1.0,2,1.0,2,1.0,2,1.0,3.0
ENSMUSG00000059534-S,1.0,STM,Palmitic Acid,1.0,CSF,,0,1.0,3,,0,1,1.0,6,True,0.0,True,1.0,1.0,1.0,1.0,2,1.0,2,1.0,2,1.0,3.0
ENSMUSG00000060862-S,1.0,STM,"2',5'-Dimethoxypropiophenone",-1.0,CSF,,0,-0.6,5,-1.0,3,2,-0.8833333333333333,9,True,0.0541567212608497,True,-1.0,-1.0,-1.0,-1.0,2,-1.0,2,-1.0,2,-1.0,3.0
ENSMUSG00000060862-S,1.0,STM,Palmitic Acid,1.0,CSF,,0,0.5,3,,0,1,0.942857142857143,6,True,0.1415177011036704,True,1.0,1.0,1.0,1.0,2,1.0,2,1.0,2,1.0,3.0
ENSMUSG00000060862-S,1.0,STM,Trimethylolpropane,-1.0,CSF,,0,-1.0,4,,0,1,-0.942857142857143,6,True,0.1415177011036704,True,-1.0,-1.0,-1.0,-1.0,2,-1.0,2,-1.0,2,-1.0,3.0
ENSMUSG00000061207-S,1.0,STM,Palmitic Acid,1.0,CSF,,0,1.0,3,,0,1,0.942857142857143,6,True,0.1415177011036704,True,1.0,1.0,1.0,1.0,2,1.0,2,1.0,2,1.0,3.0
ENSMUSG00000061666-S,1.0,STM,Heptylamine,-1.0,CSF,,0,-1.0,4,-1.0,3,2,-0.9285714285714288,7,True,0.08107637694869,True,-1.0,-1.0,-1.0,-1.0,2,-1.0,2,-1.0,2,-1.0,3.0
ENSMUSG00000062198-S,-1.0,STM,2-Pentadecanone,-1.0,CSF,,0,0.7826237921249264,5,1.0,3,2,0.8645309671165333,9,True,0.0844964409578904,True,1.0,1.0,1.0,1.0,2,1.0,2,1.0,2,1.0,3.0
ENSMUSG00000062198-S,-1.0,STM,"Benzene, 1,4-dimethoxy",-1.0,CSF,,0,0.8999999999999998,5,1.0,3,2,0.9333333333333332,9,True,0.0086292972228912,True,1.0,1.0,1.0,1.0,2,1.0,2,1.0,2,1.0,3.0
ENSMUSG00000062198-S,-1.0,STM,Iminodiacetic acid,-1.0,CSF,,0,0.8720815992723809,5,1.0,3,2,0.903773601456181,9,True,0.0292375417120539,True,1.0,1.0,1.0,1.0,2,1.0,2,1.0,2,1.0,3.0
ENSMUSG00000062198-S,-1.0,STM,"Propanoic acid, dimethyl(isopropyl)silyl ester",-1.0,CSF,,0,0.7,5,1.0,3,2,0.880952380952381,8,True,0.1179754827274796,True,1.0,1.0,1.0,1.0,2,1.0,2,1.0,2,1.0,3.0
ENSMUSG00000062296-S,-1.0,STM,Salsoline,1.0,CSF,,0,-0.7999999999999999,4,0.5,3,2,-0.9047619047619048,8,True,0.0668408998775762,True,,-1.0,-1.0,,1,,1,-1.0,2,-1.0,2.0
ENSMUSG00000062580-S,1.0,STM,"5-Ethyl-1,3-dioxane-5-methanol, tert-butyldimethylsilyl ether",1.0,CSF,,0,1.0,3,,0,1,0.942857142857143,6,True,0.1415177011036704,True,1.0,1.0,1.0,1.0,2,1.0,2,1.0,2,1.0,3.0
ENSMUSG00000062761-S,1.0,STM,"2,5-Dimethoxybenzhydrazide",-1.0,CSF,,0,-1.0,5,0.5,3,2,-0.8499999999999999,9,True,0.1148352445018117,True,,-1.0,-1.0,,1,,1,-1.0,2,-1.0,2.0
ENSMUSG00000062761-S,1.0,STM,alpha-Hydroxyisobutyric acid,-1.0,CSF,,0,-1.0,5,,0,1,-0.9642857142857144,7,True,0.0163419625028473,True,-1.0,-1.0,-1.0,-1.0,2,-1.0,2,-1.0,2,-1.0,3.0
ENSMUSG00000062761-S,1.0,STM,"Erythrono-1,4-lactone",-1.0,CSF,,0,-0.6,5,-0.5,3,2,-0.8666666666666667,9,True,0.080972434486112,True,-1.0,-1.0,-1.0,-1.0,2,-1.0,2,-1.0,2,-1.0,3.0
ENSMUSG00000063019-S,1.0,STM,Palmitic Acid,1.0,CSF,,0,1.0,3,,0,1,1.0,6,True,0.0,True,1.0,1.0,1.0,1.0,2,1.0,2,1.0,2,1.0,3.0
ENSMUSG00000063600-S,1.0,STM,"3,4-Methylenedioxyamphetamine",1.0,CSF,,0,1.0,3,,0,1,1.0,5,True,5.23654444060943e-23,True,1.0,1.0,1.0,1.0,2,1.0,2,1.0,2,1.0,3.0
ENSMUSG00000063873-S,1.0,STM,1-(tert-Butyldimethylsilyl)-4-methyl-1H-pyrazole,-1.0,CSF,,0,-0.8207826816681233,5,-0.5,3,2,-0.8535639569308375,9,True,0.1081476580790225,True,-1.0,-1.0,-1.0,-1.0,2,-1.0,2,-1.0,2,-1.0,3.0
ENSMUSG00000063873-S,1.0,STM,"6-Aminocaproic acid, N-(tert.-butyldimethylsilyl)",-1.0,CSF,,0,-1.0,4,-0.8660254037844387,3,2,-0.9221722216732094,8,True,0.0384834253108105,True,-1.0,-1.0,-1.0,-1.0,2,-1.0,2,-1.0,2,-1.0,3.0
ENSMUSG00000063873-S,1.0,STM,Niacin,-1.0,CSF,,0,-1.0,4,-1.0,3,2,-0.9047619047619048,8,True,0.0668408998775762,True,-1.0,-1.0,-1.0,-1.0,2,-1.0,2,-1.0,2,-1.0,3.0
ENSMUSG00000063873-S,1.0,STM,"Propanoic acid, dimethyl(isopropyl)silyl ester",-1.0,CSF,,0,-1.0,5,-0.5,3,2,-0.9761904761904764,8,True,0.0012274942961695,True,-1.0,-1.0,-1.0,-1.0,2,-1.0,2,-1.0,2,-1.0,3.0
ENSMUSG00000063873-S,1.0,STM,Yangonin,-1.0,CSF,,0,-0.9746794344808964,5,-0.5,3,2,-0.8786687791935092,9,True,0.0612792680298124,True,-1.0,-1.0,-1.0,-1.0,2,-1.0,2,-1.0,2,-1.0,3.0
ENSMUSG00000064341-S,-1.0,STM,"2,6-di-tert-Butyl-4-(dimethylaminomethyl)phenol",-1.0,CSF,,0,0.7999999999999999,4,,0,1,0.942857142857143,6,True,0.1415177011036704,True,1.0,1.0,1.0,1.0,2,1.0,2,1.0,2,1.0,3.0
ENSMUSG00000064370-S,-1.0,STM,Glycerol,-1.0,CSF,,0,0.7999999999999999,5,1.0,3,2,0.8833333333333333,9,True,0.0541567212608497,True,1.0,1.0,1.0,1.0,2,1.0,2,1.0,2,1.0,3.0
ENSMUSG00000064370-S,-1.0,STM,Methyl lactate,-1.0,CSF,,0,0.8999999999999998,5,1.0,3,2,0.9047619047619048,8,True,0.0668408998775762,True,1.0,1.0,1.0,1.0,2,1.0,2,1.0,2,1.0,3.0
ENSMUSG00000064370-S,-1.0,STM,Norephedrine,-1.0,CSF,,0,1.0,3,1.0,3,2,0.9642857142857144,7,True,0.0163419625028473,True,1.0,1.0,1.0,1.0,2,1.0,2,1.0,2,1.0,3.0
ENSMUSG00000066129-S,1.0,STM,Glycine,-1.0,CSF,,0,-1.0,5,-0.5,3,2,-0.9166666666666666,9,True,0.0180879708398417,True,-1.0,-1.0,-1.0,-1.0,2,-1.0,2,-1.0,2,-1.0,3.0
ENSMUSG00000066233-S,-1.0,STM,"2,6-di-tert-Butyl-4-(dimethylaminomethyl)phenol",-1.0,CSF,,0,0.7999999999999999,4,,0,1,0.942857142857143,6,True,0.1415177011036704,True,1.0,1.0,1.0,1.0,2,1.0,2,1.0,2,1.0,3.0
ENSMUSG00000066233-S,-1.0,STM,L-Glutamic acid,1.0,CSF,,0,,0,,0,0,-1.0,4,True,0.0,True,,-1.0,-1.0,,1,,1,-1.0,2,-1.0,2.0
ENSMUSG00000066880-S,-1.0,STM,m-Toluic acid,-1.0,CSF,,0,0.9746794344808964,5,1.0,3,2,0.8786687791935092,9,True,0.0612792680298124,True,1.0,1.0,1.0,1.0,2,1.0,2,1.0,2,1.0,3.0
ENSMUSG00000067071-S,1.0,STM,alpha-Hydroxyisobutyric acid,-1.0,CSF,,0,-0.8999999999999998,5,,0,1,-0.9285714285714288,7,True,0.08107637694869,True,-1.0,-1.0,-1.0,-1.0,2,-1.0,2,-1.0,2,-1.0,3.0
ENSMUSG00000067071-S,1.0,STM,Butanedioic acid,-1.0,CSF,,0,-0.8999999999999998,5,-0.5,3,2,-0.9333333333333332,9,True,0.0086292972228912,True,-1.0,-1.0,-1.0,-1.0,2,-1.0,2,-1.0,2,-1.0,3.0
ENSMUSG00000067071-S,1.0,STM,Diethylamine,-1.0,CSF,,0,-0.8720815992723809,5,-0.5,3,2,-0.836827408755723,9,True,0.1433947695471908,True,-1.0,-1.0,-1.0,-1.0,2,-1.0,2,-1.0,2,-1.0,3.0
ENSMUSG00000067071-S,1.0,STM,Pipecolic acid,-1.0,CSF,,0,-0.8999999999999998,5,-0.8660254037844387,3,2,-0.8954053273686237,9,True,0.038138931606925,True,-1.0,-1.0,-1.0,-1.0,2,-1.0,2,-1.0,2,-1.0,3.0
ENSMUSG00000067071-S,1.0,STM,Suberic acid,-1.0,CSF,,0,-0.8999999999999998,5,-0.5,3,2,-0.8499999999999999,9,True,0.1148352445018117,True,-1.0,-1.0,-1.0,-1.0,2,-1.0,2,-1.0,2,-1.0,3.0
ENSMUSG00000067873-S,-1.0,STM,"4-[2-(4,7-Dimethoxy-2H-1,3-benzodioxol-5-yl)ethenyl]-2-methoxyphenol",1.0,CSF,,0,-0.9746794344808964,5,-0.5,3,2,-0.8954053273686237,9,True,0.038138931606925,True,-1.0,-1.0,-1.0,-1.0,2,-1.0,2,-1.0,2,-1.0,3.0
ENSMUSG00000068015-S,1.0,STM,2-Propyl-1-pentanol,-1.0,CSF,,0,-0.8999999999999998,5,-1.0,3,2,-0.8499999999999999,9,True,0.1148352445018117,True,-1.0,-1.0,-1.0,-1.0,2,-1.0,2,-1.0,2,-1.0,3.0
ENSMUSG00000068267-S,-1.0,STM,"2,6-di-tert-Butyl-4-(dimethylaminomethyl)phenol",-1.0,CSF,,0,0.7999999999999999,4,,0,1,0.942857142857143,6,True,0.1415177011036704,True,1.0,1.0,1.0,1.0,2,1.0,2,1.0,2,1.0,3.0
ENSMUSG00000069581-S,-1.0,STM,Azelaic acid,-1.0,CSF,,0,0.8207826816681233,5,0.5,3,2,0.912141875543738,9,True,0.0215545979264877,True,1.0,1.0,1.0,1.0,2,1.0,2,1.0,2,1.0,3.0
ENSMUSG00000071253-S,-1.0,STM,Palmitic Acid,1.0,CSF,,0,-1.0,3,,0,1,-1.0,6,True,0.0,True,-1.0,-1.0,-1.0,-1.0,2,-1.0,2,-1.0,2,-1.0,3.0
ENSMUSG00000071456-S,-1.0,STM,"1,3-Oxazolidine, 2,5-diphenyl-4-methyl-, trans-",-1.0,CSF,,0,0.9746794344808964,5,1.0,3,2,0.8451956828432803,9,True,0.1249346766036538,True,1.0,1.0,1.0,1.0,2,1.0,2,1.0,2,1.0,3.0
ENSMUSG00000071456-S,-1.0,STM,"Benzoic acid, 2-hydroxy-3-[(2-hydroxy-4-methoxy-6-propylbenzoyl)oxy]-4-methoxy-6-propyl-, methyl ester ",-1.0,CSF,,0,0.9746794344808964,5,1.0,3,2,0.912141875543738,9,True,0.0215545979264877,True,1.0,1.0,1.0,1.0,2,1.0,2,1.0,2,1.0,3.0
ENSMUSG00000071456-S,-1.0,STM,Butyric Acid,-1.0,CSF,,0,0.4103913408340616,5,1.0,3,2,0.8535639569308375,9,True,0.1081476580790225,True,1.0,1.0,1.0,1.0,2,1.0,2,1.0,2,1.0,3.0
ENSMUSG00000071456-S,-1.0,STM,Norketamine,-1.0,CSF,,0,0.2051956704170308,5,1.0,3,2,0.8535639569308375,9,True,0.1081476580790225,True,1.0,1.0,1.0,1.0,2,1.0,2,1.0,2,1.0,3.0
ENSMUSG00000071632-S,-1.0,STM,2-Butenedioic acid,-1.0,CSF,,0,0.8999999999999998,5,0.5,3,2,0.880952380952381,8,True,0.1179754827274796,True,1.0,1.0,1.0,1.0,2,1.0,2,1.0,2,1.0,3.0
ENSMUSG00000071632-S,-1.0,STM,L-Glutamic acid,1.0,CSF,,0,,0,,0,0,-1.0,4,True,0.0,True,,-1.0,-1.0,,1,,1,-1.0,2,-1.0,2.0
ENSMUSG00000071661-S,-1.0,STM,Glycerol,-1.0,CSF,,0,0.8999999999999998,5,1.0,3,2,0.9,9,True,0.0329205941962492,True,1.0,1.0,1.0,1.0,2,1.0,2,1.0,2,1.0,3.0
ENSMUSG00000071661-S,-1.0,STM,Methyl lactate,-1.0,CSF,,0,0.7999999999999999,5,1.0,3,2,0.9047619047619048,8,True,0.0668408998775762,True,1.0,1.0,1.0,1.0,2,1.0,2,1.0,2,1.0,3.0
ENSMUSG00000072487-S,-1.0,STM,Lactic acid,-1.0,CSF,,0,0.8207826816681233,5,,0,1,0.9518072289156626,8,True,0.0098174118939561,True,1.0,1.0,1.0,1.0,2,1.0,2,1.0,2,1.0,3.0
ENSMUSG00000073424-S,-1.0,STM,Norephedrine,-1.0,CSF,,0,1.0,3,0.5,3,2,0.9285714285714288,7,True,0.08107637694869,True,1.0,1.0,1.0,1.0,2,1.0,2,1.0,2,1.0,3.0
ENSMUSG00000073427-S,-1.0,STM,Oleamide,-1.0,CSF,,0,0.7,5,1.0,3,2,0.8499999999999999,9,True,0.1148352445018117,True,1.0,1.0,1.0,1.0,2,1.0,2,1.0,2,1.0,3.0
ENSMUSG00000073805-S,1.0,STM,Xylazine,-1.0,CSF,,0,-1.0,5,-0.5,3,2,-0.9,9,True,0.0329205941962492,True,-1.0,-1.0,-1.0,-1.0,2,-1.0,2,-1.0,2,-1.0,3.0
ENSMUSG00000074238-S,-1.0,STM,Glycerol,-1.0,CSF,,0,0.8999999999999998,5,0.5,3,2,0.9166666666666666,9,True,0.0180879708398417,True,1.0,1.0,1.0,1.0,2,1.0,2,1.0,2,1.0,3.0
ENSMUSG00000074591-S,-1.0,STM,Glycerol,-1.0,CSF,,0,0.8999999999999998,5,1.0,3,2,0.8499999999999999,9,True,0.1148352445018117,True,1.0,1.0,1.0,1.0,2,1.0,2,1.0,2,1.0,3.0
ENSMUSG00000074591-S,-1.0,STM,Methyl lactate,-1.0,CSF,,0,1.0,5,1.0,3,2,0.9047619047619048,8,True,0.0668408998775762,True,1.0,1.0,1.0,1.0,2,1.0,2,1.0,2,1.0,3.0
ENSMUSG00000074591-S,-1.0,STM,N-Ethyldiethanolamine,-1.0,CSF,,0,0.8999999999999998,5,1.0,3,2,0.8499999999999999,9,True,0.1148352445018117,True,1.0,1.0,1.0,1.0,2,1.0,2,1.0,2,1.0,3.0
ENSMUSG00000074591-S,-1.0,STM,Norephedrine,-1.0,CSF,,0,1.0,3,1.0,3,2,0.9285714285714288,7,True,0.08107637694869,True,1.0,1.0,1.0,1.0,2,1.0,2,1.0,2,1.0,3.0
ENSMUSG00000074591-S,-1.0,STM,Phytanic acid,-1.0,CSF,,0,0.9746794344808964,5,1.0,3,2,0.8619322310183947,9,True,0.0895686811196423,True,1.0,1.0,1.0,1.0,2,1.0,2,1.0,2,1.0,3.0
ENSMUSG00000078307-S,-1.0,STM,"2,4,4'-Trihydroxybenzophenone",-1.0,CSF,,0,1.0,5,0.5,3,2,0.8666666666666667,9,True,0.080972434486112,True,1.0,1.0,1.0,1.0,2,1.0,2,1.0,2,1.0,3.0
ENSMUSG00000078307-S,-1.0,STM,"2-Methylcyclohexylamine, tert.-butyldimethylsilyl ether",-1.0,CSF,,0,1.0,3,,0,1,1.0,5,True,5.23654444060943e-23,True,1.0,1.0,1.0,1.0,2,1.0,2,1.0,2,1.0,3.0
ENSMUSG00000078307-S,-1.0,STM,Glycerol,-1.0,CSF,,0,0.8999999999999998,5,1.0,3,2,0.95,9,True,0.0032318250153582,True,1.0,1.0,1.0,1.0,2,1.0,2,1.0,2,1.0,3.0
ENSMUSG00000078572-S,-1.0,STM,"2,6-di-tert-Butyl-4-(dimethylaminomethyl)phenol",-1.0,CSF,,0,0.7999999999999999,4,,0,1,0.942857142857143,6,True,0.1415177011036704,True,1.0,1.0,1.0,1.0,2,1.0,2,1.0,2,1.0,3.0
ENSMUSG00000078627-S,-1.0,STM,Isopropylamine,-1.0,CSF,,0,1.0,5,1.0,3,2,0.9623515200690816,9,True,0.0012191987543158,True,1.0,1.0,1.0,1.0,2,1.0,2,1.0,2,1.0,3.0
ENSMUSG00000079056-S,-1.0,STM,L-Glutamic acid,1.0,CSF,,0,,0,,0,0,-1.0,4,True,0.0,True,,-1.0,-1.0,,1,,1,-1.0,2,-1.0,2.0
ENSMUSG00000079434-S,-1.0,STM,L-Glutamic acid,1.0,CSF,,0,,0,,0,0,-1.0,4,True,0.0,True,,-1.0,-1.0,,1,,1,-1.0,2,-1.0,2.0
ENSMUSG00000085287-S,-1.0,STM,"2,4,6-Cycloheptatrien-1-one",-1.0,CSF,,0,,0,,0,0,0.9746794344808964,5,True,0.1415177011036704,True,,1.0,1.0,,1,,1,1.0,2,1.0,2.0
ENSMUSG00000085287-S,-1.0,STM,Uracil,-1.0,CSF,,0,0.6668859288553501,5,0.5,3,2,0.8487394957983194,9,True,0.1179754827274796,True,1.0,1.0,1.0,1.0,2,1.0,2,1.0,2,1.0,3.0
ENSMUSG00000085396-S,-1.0,STM,Oleamide,-1.0,CSF,,0,0.8999999999999998,5,1.0,3,2,0.8499999999999999,9,True,0.1148352445018117,True,1.0,1.0,1.0,1.0,2,1.0,2,1.0,2,1.0,3.0
ENSMUSG00000086324-S,1.0,STM,Diacetyl monoxime,-1.0,CSF,,0,-0.8999999999999998,5,-1.0,3,2,-0.8499999999999999,9,True,0.1148352445018117,True,-1.0,-1.0,-1.0,-1.0,2,-1.0,2,-1.0,2,-1.0,3.0
ENSMUSG00000086324-S,1.0,STM,Phenoxyethanol,-1.0,CSF,,0,-0.9746794344808964,5,-1.0,3,2,-0.8954053273686237,9,True,0.038138931606925,True,-1.0,-1.0,-1.0,-1.0,2,-1.0,2,-1.0,2,-1.0,3.0
ENSMUSG00000087260-S,1.0,STM,Palmitic Acid,1.0,CSF,,0,1.0,3,,0,1,0.942857142857143,6,True,0.1415177011036704,True,1.0,1.0,1.0,1.0,2,1.0,2,1.0,2,1.0,3.0
ENSMUSG00000087674-S,-1.0,STM,"2,4,4'-Trihydroxybenzophenone",-1.0,CSF,,0,0.8999999999999998,5,0.5,3,2,0.8499999999999999,9,True,0.1148352445018117,True,1.0,1.0,1.0,1.0,2,1.0,2,1.0,2,1.0,3.0
ENSMUSG00000087674-S,-1.0,STM,Curcumin,-1.0,CSF,,0,0.7,5,1.0,3,2,0.8833333333333333,9,True,0.0541567212608497,True,1.0,1.0,1.0,1.0,2,1.0,2,1.0,2,1.0,3.0
ENSMUSG00000087674-S,-1.0,STM,N-Ethyldiethanolamine,-1.0,CSF,,0,1.0,5,1.0,3,2,0.9666666666666668,9,True,0.0008001107701158,True,1.0,1.0,1.0,1.0,2,1.0,2,1.0,2,1.0,3.0
ENSMUSG00000087674-S,-1.0,STM,Phytanic acid,-1.0,CSF,,0,0.8207826816681233,5,1.0,3,2,0.8954053273686237,9,True,0.038138931606925,True,1.0,1.0,1.0,1.0,2,1.0,2,1.0,2,1.0,3.0
ENSMUSG00000087674-S,-1.0,STM,Tetrahydro-solasodine triacetate,-1.0,CSF,,0,1.0,5,1.0,3,2,0.9333333333333332,9,True,0.0086292972228912,True,1.0,1.0,1.0,1.0,2,1.0,2,1.0,2,1.0,3.0
ENSMUSG00000087674-S,-1.0,STM,Yangonin,-1.0,CSF,,0,0.8720815992723809,5,0.5,3,2,0.8619322310183947,9,True,0.0895686811196423,True,1.0,1.0,1.0,1.0,2,1.0,2,1.0,2,1.0,3.0
ENSMUSG00000089840-S,1.0,STM,"2,3-Butanediol, O-(trimethylsilyl)-, monoacetate",-1.0,CSF,,0,-0.948683298050514,4,-0.8660254037844387,3,2,-0.9449453353220958,8,True,0.0144890640218885,True,-1.0,-1.0,-1.0,-1.0,2,-1.0,2,-1.0,2,-1.0,3.0
ENSMUSG00000089840-S,1.0,STM,2-Butoxyethanol,-1.0,CSF,,0,-0.8944271909999159,5,-0.5,3,2,-0.8355727485873495,9,True,0.147052279662204,True,-1.0,-1.0,-1.0,-1.0,2,-1.0,2,-1.0,2,-1.0,3.0
ENSMUSG00000090015-S,1.0,STM,Xylazine,-1.0,CSF,,0,-0.7,5,-0.5,3,2,-0.8666666666666667,9,True,0.080972434486112,True,-1.0,-1.0,-1.0,-1.0,2,-1.0,2,-1.0,2,-1.0,3.0
ENSMUSG00000090050-S,-1.0,STM,L-Tyrosine,-1.0,CSF,,0,0.8207826816681233,5,,0,1,0.9101959590540768,8,True,0.0574863748223688,True,1.0,1.0,1.0,1.0,2,1.0,2,1.0,2,1.0,3.0
ENSMUSG00000090523-S,1.0,STM,"3,4-Methylenedioxyamphetamine",1.0,CSF,,0,1.0,3,,0,1,1.0,5,True,5.23654444060943e-23,True,1.0,1.0,1.0,1.0,2,1.0,2,1.0,2,1.0,3.0
ENSMUSG00000090935-S,1.0,STM,"5-Ethyl-1,3-dioxane-5-methanol, tert-butyldimethylsilyl ether",1.0,CSF,,0,1.0,3,,0,1,1.0,6,True,0.0,True,1.0,1.0,1.0,1.0,2,1.0,2,1.0,2,1.0,3.0
ENSMUSG00000090935-S,1.0,STM,Azelaic acid,-1.0,CSF,,0,-0.5642880936468347,5,-1.0,3,2,-0.8703005051059519,9,True,0.0751735116263849,True,-1.0,-1.0,-1.0,-1.0,2,-1.0,2,-1.0,2,-1.0,3.0
ENSMUSG00000091742-S,1.0,STM,alpha-Hydroxyisobutyric acid,-1.0,CSF,,0,-0.7999999999999999,5,,0,1,-0.9285714285714288,7,True,0.08107637694869,True,-1.0,-1.0,-1.0,-1.0,2,-1.0,2,-1.0,2,-1.0,3.0
ENSMUSG00000092090-S,-1.0,STM,Xylazine,-1.0,CSF,,0,0.8999999999999998,5,1.0,3,2,0.8666666666666667,9,True,0.080972434486112,True,1.0,1.0,1.0,1.0,2,1.0,2,1.0,2,1.0,3.0
ENSMUSG00000093677-S,1.0,STM,"2-Methyl-1,3-butanediol",-1.0,CSF,,0,-0.6668859288553501,5,-1.0,3,2,-0.8786687791935092,9,True,0.0612792680298124,True,-1.0,-1.0,-1.0,-1.0,2,-1.0,2,-1.0,2,-1.0,3.0
ENSMUSG00000093677-S,1.0,STM,4-Aminobutanoic acid,-1.0,CSF,,0,-0.4999999999999999,5,-0.5,3,2,-0.8499999999999999,9,True,0.1148352445018117,True,-1.0,-1.0,-1.0,-1.0,2,-1.0,2,-1.0,2,-1.0,3.0
ENSMUSG00000093677-S,1.0,STM,N-Acetylaspartic acid,-1.0,CSF,,0,-0.7999999999999999,4,-1.0,3,2,-0.9523809523809524,8,True,0.0094770228834767,True,-1.0,-1.0,-1.0,-1.0,2,-1.0,2,-1.0,2,-1.0,3.0
ENSMUSG00000094732-S,-1.0,STM,"1-(2,4-Dimethoxyphenyl)-propan-2-one",-1.0,CSF,,0,1.0,4,1.0,3,2,0.9187081950430208,8,True,0.0437285809033999,True,1.0,1.0,1.0,1.0,2,1.0,2,1.0,2,1.0,3.0
ENSMUSG00000094732-S,-1.0,STM,4-Aminobutanoic acid,-1.0,CSF,,0,0.8720815992723809,5,0.5,3,2,0.8703882797784892,9,True,0.0751735116263849,True,1.0,1.0,1.0,1.0,2,1.0,2,1.0,2,1.0,3.0
ENSMUSG00000094732-S,-1.0,STM,Diacetyl monoxime,-1.0,CSF,,0,0.8720815992723809,5,1.0,3,2,0.8355727485873495,9,True,0.147052279662204,True,1.0,1.0,1.0,1.0,2,1.0,2,1.0,2,1.0,3.0
ENSMUSG00000094732-S,-1.0,STM,Phenoxyethanol,-1.0,CSF,,0,0.8947368421052632,5,1.0,3,2,0.8740377225340613,9,True,0.0685641969660481,True,1.0,1.0,1.0,1.0,2,1.0,2,1.0,2,1.0,3.0
ENSMUSG00000097061-S,-1.0,STM,"1-(1-Hydroxybutyl)-2,5-dimethoxybenzene ",-1.0,CSF,,0,0.5,3,0.5,3,2,0.9285714285714288,7,True,0.08107637694869,True,1.0,1.0,1.0,1.0,2,1.0,2,1.0,2,1.0,3.0
ENSMUSG00000097061-S,-1.0,STM,"1-Octanol, 2-butyl-",-1.0,CSF,,0,0.7181848464596079,5,1.0,3,2,0.8703005051059519,9,True,0.0751735116263849,True,1.0,1.0,1.0,1.0,2,1.0,2,1.0,2,1.0,3.0
ENSMUSG00000097061-S,-1.0,STM,3-Amino-5-methylisoxazole,-1.0,CSF,,0,0.7999999999999999,5,1.0,3,2,0.9333333333333332,9,True,0.0086292972228912,True,1.0,1.0,1.0,1.0,2,1.0,2,1.0,2,1.0,3.0
ENSMUSG00000097063-S,-1.0,STM,Mevalonolactone,-1.0,CSF,,0,0.7999999999999999,5,0.8660254037844387,3,2,0.8451956828432803,9,True,0.1249346766036538,True,1.0,1.0,1.0,1.0,2,1.0,2,1.0,2,1.0,3.0
ENSMUSG00000097333-S,1.0,STM,"1-(2,5-Dimethoxyphenyl)-1-[(trimethylsilyl)oxy]propan-2-amine",1.0,CSF,,0,0.7999999999999999,5,0.5,3,2,0.8666666666666667,9,True,0.080972434486112,True,1.0,1.0,1.0,1.0,2,1.0,2,1.0,2,1.0,3.0
ENSMUSG00000097333-S,1.0,STM,4-Oxohexanoic acid,1.0,CSF,,0,1.0,4,1.0,3,2,0.9047619047619048,8,True,0.0668408998775762,True,1.0,1.0,1.0,1.0,2,1.0,2,1.0,2,1.0,3.0
ENSMUSG00000097333-S,1.0,STM,Palmitic Acid,1.0,CSF,,0,0.5,3,,0,1,0.942857142857143,6,True,0.1415177011036704,True,1.0,1.0,1.0,1.0,2,1.0,2,1.0,2,1.0,3.0
ENSMUSG00000097385-S,-1.0,STM,"2,4,4'-Trihydroxybenzophenone",-1.0,CSF,,0,0.6,5,1.0,3,2,0.8499999999999999,9,True,0.1148352445018117,True,1.0,1.0,1.0,1.0,2,1.0,2,1.0,2,1.0,3.0
ENSMUSG00000097385-S,-1.0,STM,Butachlor ESA,-1.0,CSF,,0,1.0,3,1.0,3,2,0.9285714285714288,7,True,0.08107637694869,True,1.0,1.0,1.0,1.0,2,1.0,2,1.0,2,1.0,3.0
ENSMUSG00000097385-S,-1.0,STM,Phenoxyethanol,-1.0,CSF,,0,0.7181848464596079,5,1.0,3,2,0.8619322310183947,9,True,0.0895686811196423,True,1.0,1.0,1.0,1.0,2,1.0,2,1.0,2,1.0,3.0
ENSMUSG00000097385-S,-1.0,STM,Propylene glycol,-1.0,CSF,,0,0.7999999999999999,5,1.0,3,2,0.8666666666666667,9,True,0.080972434486112,True,1.0,1.0,1.0,1.0,2,1.0,2,1.0,2,1.0,3.0
ENSMUSG00000097385-S,-1.0,STM,Synephrine,-1.0,CSF,,0,0.8720815992723809,5,0.8660254037844387,3,2,0.8907877552249789,9,True,0.0440124541530149,True,1.0,1.0,1.0,1.0,2,1.0,2,1.0,2,1.0,3.0
ENSMUSG00000097385-S,-1.0,STM,Xylazine,-1.0,CSF,,0,0.7,5,1.0,3,2,0.8499999999999999,9,True,0.1148352445018117,True,1.0,1.0,1.0,1.0,2,1.0,2,1.0,2,1.0,3.0
ENSMUSG00000097466-S,-1.0,STM,1-(tert-Butyldimethylsilyl)-4-methyl-1H-pyrazole,-1.0,CSF,,0,0.9746794344808964,5,1.0,3,2,0.8535639569308375,9,True,0.1081476580790225,True,1.0,1.0,1.0,1.0,2,1.0,2,1.0,2,1.0,3.0
ENSMUSG00000097466-S,-1.0,STM,2-Naphthol,-1.0,CSF,,0,0.8207826816681233,5,1.0,3,2,0.8703005051059519,9,True,0.0751735116263849,True,1.0,1.0,1.0,1.0,2,1.0,2,1.0,2,1.0,3.0
ENSMUSG00000097466-S,-1.0,STM,Adenine,-1.0,CSF,,0,0.8999999999999998,5,1.0,3,2,0.9047619047619048,8,True,0.0668408998775762,True,1.0,1.0,1.0,1.0,2,1.0,2,1.0,2,1.0,3.0
ENSMUSG00000097466-S,-1.0,STM,L-Tryptophan,-1.0,CSF,,0,1.0,5,1.0,3,2,0.8833333333333333,9,True,0.0541567212608497,True,1.0,1.0,1.0,1.0,2,1.0,2,1.0,2,1.0,3.0
ENSMUSG00000097466-S,-1.0,STM,"Oxymorphone, bis(trimethylsilyl) ether",-1.0,CSF,,0,0.9746794344808964,5,,0,1,0.8862434338158116,8,True,0.1073552119851637,True,1.0,1.0,1.0,1.0,2,1.0,2,1.0,2,1.0,3.0
ENSMUSG00000097466-S,-1.0,STM,Propylene glycol,-1.0,CSF,,0,0.8999999999999998,5,1.0,3,2,0.9166666666666666,9,True,0.0180879708398417,True,1.0,1.0,1.0,1.0,2,1.0,2,1.0,2,1.0,3.0
ENSMUSG00000097466-S,-1.0,STM,Xylazine,-1.0,CSF,,0,0.8999999999999998,5,1.0,3,2,0.8666666666666667,9,True,0.080972434486112,True,1.0,1.0,1.0,1.0,2,1.0,2,1.0,2,1.0,3.0
ENSMUSG00000097466-S,-1.0,STM,Yangonin,-1.0,CSF,,0,0.8207826816681233,5,1.0,3,2,0.836827408755723,9,True,0.1433947695471908,True,1.0,1.0,1.0,1.0,2,1.0,2,1.0,2,1.0,3.0
ENSMUSG00000098449-S,-1.0,STM,"1-Octanol, 2-butyl-",-1.0,CSF,,0,0.6668859288553501,5,0.5,3,2,0.8703005051059519,9,True,0.0751735116263849,True,1.0,1.0,1.0,1.0,2,1.0,2,1.0,2,1.0,3.0
ENSMUSG00000098449-S,-1.0,STM,3-Amino-5-methylisoxazole,-1.0,CSF,,0,0.8999999999999998,5,0.5,3,2,0.8666666666666667,9,True,0.080972434486112,True,1.0,1.0,1.0,1.0,2,1.0,2,1.0,2,1.0,3.0
ENSMUSG00000098449-S,-1.0,STM,"Benzoic acid, methyl ester",-1.0,CSF,,0,0.8999999999999998,5,0.5,3,2,0.8499999999999999,9,True,0.1148352445018117,True,1.0,1.0,1.0,1.0,2,1.0,2,1.0,2,1.0,3.0
ENSMUSG00000100680-S,-1.0,STM,"2,3-Butanediol, O-(trimethylsilyl)-, monoacetate",-1.0,CSF,,0,1.0,4,0.8660254037844387,3,2,0.8982196964349441,8,True,0.0801693880665075,True,1.0,1.0,1.0,1.0,2,1.0,2,1.0,2,1.0,3.0
ENSMUSG00000100680-S,-1.0,STM,"2,5-Dimethoxybenzonitrile",-1.0,CSF,,0,1.0,5,1.0,3,2,0.9,9,True,0.0329205941962492,True,1.0,1.0,1.0,1.0,2,1.0,2,1.0,2,1.0,3.0
ENSMUSG00000100680-S,-1.0,STM,N-Acetyl-L-alanine,-1.0,CSF,,0,0.8999999999999998,5,1.0,3,2,0.8499999999999999,9,True,0.1148352445018117,True,1.0,1.0,1.0,1.0,2,1.0,2,1.0,2,1.0,3.0
ENSMUSG00000102556-S,-1.0,STM,Hydracrylic acid,-1.0,CSF,,0,0.8999999999999998,5,1.0,3,2,0.8499999999999999,9,True,0.1148352445018117,True,1.0,1.0,1.0,1.0,2,1.0,2,1.0,2,1.0,3.0
ENSMUSG00000102556-S,-1.0,STM,N-Acetylaspartic acid,-1.0,CSF,,0,0.7999999999999999,4,1.0,3,2,0.880952380952381,8,True,0.1179754827274796,True,1.0,1.0,1.0,1.0,2,1.0,2,1.0,2,1.0,3.0
ENSMUSG00000102556-S,-1.0,STM,Suberic acid,-1.0,CSF,,0,0.8999999999999998,5,1.0,3,2,0.8499999999999999,9,True,0.1148352445018117,True,1.0,1.0,1.0,1.0,2,1.0,2,1.0,2,1.0,3.0
ENSMUSG00000103427-S,1.0,STM,L-Glutamic acid,1.0,CSF,,0,,0,,0,0,1.0,4,True,0.0,True,,1.0,1.0,,1,,1,1.0,2,1.0,2.0
ENSMUSG00000103567-S,-1.0,STM,2-Amino-4-methylbenzophenone,-1.0,CSF,,0,0.3999999999999999,4,1.0,3,2,0.8982196964349441,8,True,0.0801693880665075,True,1.0,1.0,1.0,1.0,2,1.0,2,1.0,2,1.0,3.0
ENSMUSG00000103793-S,-1.0,STM,2-Pyrrolidone-5-carboxylic acid,-1.0,CSF,,0,1.0,5,0.8660254037844387,3,2,0.912141875543738,9,True,0.0215545979264877,True,1.0,1.0,1.0,1.0,2,1.0,2,1.0,2,1.0,3.0
ENSMUSG00000103793-S,-1.0,STM,N-Acetylaspartic acid,-1.0,CSF,,0,1.0,4,1.0,3,2,0.9047619047619048,8,True,0.0668408998775762,True,1.0,1.0,1.0,1.0,2,1.0,2,1.0,2,1.0,3.0
ENSMUSG00000103983-S,-1.0,STM,N-Acetylaminoethanol,-1.0,CSF,,0,0.8207826816681233,5,0.8660254037844387,3,2,0.8571731229523383,9,True,0.1002506685458343,True,1.0,1.0,1.0,1.0,2,1.0,2,1.0,2,1.0,3.0
ENSMUSG00000104204-S,1.0,STM,"1-(2,4-Dimethoxyphenyl)-propan-2-one",-1.0,CSF,,0,-0.948683298050514,4,-1.0,3,2,-0.9221722216732094,8,True,0.0384834253108105,True,-1.0,-1.0,-1.0,-1.0,2,-1.0,2,-1.0,2,-1.0,3.0
ENSMUSG00000104508-S,-1.0,STM,"3,4,5-Trimethoxyamphetamine",1.0,CSF,,0,-0.9746794344808964,5,-0.5,3,2,-0.9492889050691344,9,True,0.0033917847659009,True,-1.0,-1.0,-1.0,-1.0,2,-1.0,2,-1.0,2,-1.0,3.0
ENSMUSG00000105434-S,1.0,STM,"3,4-Methylenedioxyamphetamine",1.0,CSF,,0,1.0,3,,0,1,1.0,5,True,5.23654444060943e-23,True,1.0,1.0,1.0,1.0,2,1.0,2,1.0,2,1.0,3.0
ENSMUSG00000106019-S,-1.0,STM,"1-(1-Hydroxybutyl)-2,5-dimethoxybenzene ",-1.0,CSF,,0,1.0,3,1.0,3,2,0.9285714285714288,7,True,0.08107637694869,True,1.0,1.0,1.0,1.0,2,1.0,2,1.0,2,1.0,3.0
ENSMUSG00000106047-S,1.0,STM,"Propanoic acid, 3-[(tert-butyldimethylsilyl)oxy]-2-methyl-",1.0,CSF,,0,0.6,5,,0,1,0.9047619047619048,8,True,0.0668408998775762,True,1.0,1.0,1.0,1.0,2,1.0,2,1.0,2,1.0,3.0
ENSMUSG00000107278-S,1.0,STM,"2,4,6-Cycloheptatrien-1-one",-1.0,CSF,,0,,0,,0,0,-0.9746794344808964,5,True,0.1415177011036704,True,,-1.0,-1.0,,1,,1,-1.0,2,-1.0,2.0
ENSMUSG00000042626-P,1.0,CPX,Azelaic acid,-1.0,CSF,-1.0,3,-0.5797710356524484,6,-1.0,3,3,-0.8441343943477072,12,True,0.1360869295663443,True,-1.0,-1.0,-1.0,-1.0,2,-1.0,2,-1.0,2,-1.0,3.0
ENSMUSG00000042626-P,1.0,CPX,Butanedioic acid,-1.0,CSF,-0.5,3,-0.7142857142857143,6,-1.0,3,3,-0.8391608391608393,12,True,0.141781264237518,True,-1.0,-1.0,-1.0,-1.0,2,-1.0,2,-1.0,2,-1.0,3.0
ENSMUSG00000044224-P,-1.0,CPX,"2,5-Dimethoxybenzhydrazide",-1.0,CSF,,0,0.8285714285714287,6,0.5,3,2,0.8636363636363636,11,True,0.1405332414951412,True,1.0,1.0,1.0,1.0,2,1.0,2,1.0,2,1.0,3.0
ENSMUSG00000044224-P,-1.0,CPX,"3-(4,7-Dimethoxy-2H-1,3-benzodioxol-5-yl)-2-methylprop-2-enal",-1.0,CSF,0.5,3,0.8285714285714287,6,1.0,3,3,0.8461538461538463,12,True,0.1325910557719748,True,1.0,1.0,1.0,1.0,2,1.0,2,1.0,2,1.0,3.0
ENSMUSG00000044224-P,-1.0,CPX,Aceturic acid,-1.0,CSF,0.5,3,0.8285714285714287,6,,0,2,0.9636363636363636,11,True,0.0238405485763365,True,1.0,1.0,1.0,1.0,2,1.0,2,1.0,2,1.0,3.0
ENSMUSG00000044224-P,-1.0,CPX,Cyclooctylamine,-1.0,CSF,1.0,3,0.7714285714285715,6,1.0,3,3,0.8391608391608393,12,True,0.141781264237518,True,1.0,1.0,1.0,1.0,2,1.0,2,1.0,2,1.0,3.0
ENSMUSG00000044224-P,-1.0,CPX,Diethylamine,-1.0,CSF,1.0,3,0.8406680016960503,6,0.5,3,3,0.8651501883978578,12,True,0.1209392842354596,True,1.0,1.0,1.0,1.0,2,1.0,2,1.0,2,1.0,3.0
ENSMUSG00000030216-P,-1.0,CPX,Azelaic acid,-1.0,CSF,0.5,3,0.7826908981308054,6,1.0,3,3,0.9211923058649254,12,True,0.073507914259473,True,1.0,1.0,1.0,1.0,2,1.0,2,1.0,2,1.0,3.0
ENSMUSG00000036188-P,-1.0,CPX,Cyclobutylamine,-1.0,CSF,0.5,3,0.5217939320872036,6,1.0,3,3,0.8371291296643238,12,True,0.1435878922076534,True,1.0,1.0,1.0,1.0,2,1.0,2,1.0,2,1.0,3.0
ENSMUSG00000063894-P,-1.0,CPX,"2,4-Di-tert-butylphenol",-1.0,CSF,1.0,3,,0,1.0,3,2,0.9642857142857144,7,True,0.1324456491938759,True,1.0,1.0,1.0,1.0,2,1.0,2,1.0,2,1.0,3.0
ENSMUSG00000036371-P,-1.0,CPX,Isopropylamine,-1.0,CSF,1.0,3,0.4285714285714286,6,1.0,3,3,0.8531468531468532,12,True,0.1324456491938759,True,1.0,1.0,1.0,1.0,2,1.0,2,1.0,2,1.0,3.0
ENSMUSG00000042426-P,1.0,CPX,Butachlor ESA,-1.0,CSF,,0,-1.0,4,-1.0,3,2,-0.9166666666666666,9,True,0.1325910557719748,True,-1.0,-1.0,-1.0,-1.0,2,-1.0,2,-1.0,2,-1.0,3.0
ENSMUSG00000105382-P,-1.0,CPX,2-Butenedioic acid,-1.0,CSF,,0,0.8285714285714287,6,1.0,3,2,0.8792733518259361,11,True,0.1273186029414786,True,1.0,1.0,1.0,1.0,2,1.0,2,1.0,2,1.0,3.0
ENSMUSG00000070348-P,-1.0,CPX,"2,5-Dimethoxybenzonitrile",-1.0,CSF,0.5,3,1.0,6,0.5,3,3,0.8461538461538463,12,True,0.1325910557719748,True,1.0,1.0,1.0,1.0,2,1.0,2,1.0,2,1.0,3.0
ENSMUSG00000070348-P,-1.0,CPX,"Benzene, 1,4-dimethoxy",-1.0,CSF,0.8660254037844387,3,0.8285714285714287,6,1.0,3,3,0.8791607177646247,12,True,0.0991612826345941,True,1.0,1.0,1.0,1.0,2,1.0,2,1.0,2,1.0,3.0
ENSMUSG00000070348-P,-1.0,CPX,Butachlor ESA,-1.0,CSF,,0,1.0,4,1.0,3,2,0.9166666666666666,9,True,0.1325910557719748,True,1.0,1.0,1.0,1.0,2,1.0,2,1.0,2,1.0,3.0
ENSMUSG00000070348-P,-1.0,CPX,Diethylamine,-1.0,CSF,0.5,3,0.8116794499134279,6,1.0,3,3,0.8931712471313915,12,True,0.0856857988081845,True,1.0,1.0,1.0,1.0,2,1.0,2,1.0,2,1.0,3.0
ENSMUSG00000046711-P,1.0,CPX,Glycerol,-1.0,CSF,-0.8660254037844387,3,-0.4058397249567139,6,-1.0,3,3,-0.8456140350877194,12,True,0.1325910557719748,True,-1.0,-1.0,-1.0,-1.0,2,-1.0,2,-1.0,2,-1.0,3.0
ENSMUSG00000020108-P,1.0,CPX,"2-Cyclohexen-1-one, 3-methyl-",-1.0,CSF,-0.5,3,-0.8285714285714287,6,-1.0,3,3,-0.8531468531468532,12,True,0.1324456491938759,True,-1.0,-1.0,-1.0,-1.0,2,-1.0,2,-1.0,2,-1.0,3.0
ENSMUSG00000020108-P,1.0,CPX,L-Tyrosine,-1.0,CSF,-1.0,3,-0.9746794344808964,5,,0,2,-0.9240164263936984,10,True,0.09268462181979,True,-1.0,-1.0,-1.0,-1.0,2,-1.0,2,-1.0,2,-1.0,3.0
ENSMUSG00000020108-P,1.0,CPX,Suberic acid,-1.0,CSF,,0,-0.8857142857142858,6,-1.0,3,2,-0.8727272727272729,11,True,0.1324456491938759,True,-1.0,-1.0,-1.0,-1.0,2,-1.0,2,-1.0,2,-1.0,3.0
ENSMUSG00000106032-P,-1.0,CPX,"2-Cyclohexen-1-one, 3-methyl-6-(1-methylethyl)",-1.0,CSF,0.8660254037844387,3,0.8999999999999998,5,1.0,3,3,0.9211793682944862,11,True,0.0759779368267831,True,1.0,1.0,1.0,1.0,2,1.0,2,1.0,2,1.0,3.0
ENSMUSG00000024805-P,-1.0,CPX,Azelaic acid,-1.0,CSF,1.0,3,0.8696565534786727,6,0.5,3,3,0.8406317620060156,12,True,0.1405332414951412,True,1.0,1.0,1.0,1.0,2,1.0,2,1.0,2,1.0,3.0
ENSMUSG00000035941-P,-1.0,CPX,"1-Octanol, 2-butyl-",-1.0,CSF,0.5,3,0.9710083124552245,6,0.5,3,3,0.91930390462748,12,True,0.073507914259473,True,1.0,1.0,1.0,1.0,2,1.0,2,1.0,2,1.0,3.0
ENSMUSG00000030879-P,1.0,CPX,"2,3-Butanediol, O-(trimethylsilyl)-, monoacetate",-1.0,CSF,-1.0,3,-0.8720815992723809,5,-0.8660254037844387,3,3,-0.9178177876042186,11,True,0.0759779368267831,True,-1.0,-1.0,-1.0,-1.0,2,-1.0,2,-1.0,2,-1.0,3.0
ENSMUSG00000030879-P,1.0,CPX,Butachlor ESA,-1.0,CSF,,0,-1.0,4,-0.5,3,2,-0.9166666666666666,9,True,0.1325910557719748,True,-1.0,-1.0,-1.0,-1.0,2,-1.0,2,-1.0,2,-1.0,3.0
ENSMUSG00000056215-P,-1.0,CPX,"5-Ethyl-1,3-dioxane-5-methanol, tert-butyldimethylsilyl ether",1.0,CSF,-0.5,3,-1.0,4,,0,2,-0.9166666666666666,9,True,0.1325910557719748,True,-1.0,-1.0,-1.0,-1.0,2,-1.0,2,-1.0,2,-1.0,3.0
ENSMUSG00000001964-P,1.0,CPX,"3,4-Methylenedioxyamphetamine",1.0,CSF,0.5,3,1.0,4,,0,2,0.9761904761904764,8,True,0.073507914259473,True,1.0,1.0,1.0,1.0,2,1.0,2,1.0,2,1.0,3.0
ENSMUSG00000001964-P,1.0,CPX,3-Heptanol,1.0,CSF,0.5,3,0.9856107606091624,6,1.0,3,3,0.9036791441564668,12,True,0.0759779368267831,True,1.0,1.0,1.0,1.0,2,1.0,2,1.0,2,1.0,3.0
ENSMUSG00000032301-P,-1.0,CPX,Azelaic acid,-1.0,CSF,1.0,3,0.9276336570439176,6,0.5,3,3,0.847637026689399,12,True,0.1325910557719748,True,1.0,1.0,1.0,1.0,2,1.0,2,1.0,2,1.0,3.0
ENSMUSG00000030862-P,-1.0,CPX,"N,N-Dimethyl-2-aminoethanol",-1.0,CSF,1.0,3,0.7714285714285715,6,,0,2,0.881818181818182,11,True,0.12450000279976,True,1.0,1.0,1.0,1.0,2,1.0,2,1.0,2,1.0,3.0
ENSMUSG00000050989-P,1.0,CPX,Benzophenone,1.0,CSF,,0,0.8285714285714287,6,0.5,3,2,0.9181818181818184,11,True,0.0759779368267831,True,1.0,1.0,1.0,1.0,2,1.0,2,1.0,2,1.0,3.0
ENSMUSG00000005124-P,-1.0,CPX,Oleamide,-1.0,CSF,0.5,3,1.0,6,1.0,3,3,0.8461538461538463,12,True,0.1325910557719748,True,1.0,1.0,1.0,1.0,2,1.0,2,1.0,2,1.0,3.0
ENSMUSG00000059495-P,-1.0,CPX,"Cyclohexanone, 3,3,5-trimethyl",-1.0,CSF,0.5,3,0.8999999999999998,5,1.0,3,3,0.8909090909090911,11,True,0.1168477764603666,True,1.0,1.0,1.0,1.0,2,1.0,2,1.0,2,1.0,3.0
ENSMUSG00000062421-P,-1.0,CPX,Xylazine,-1.0,CSF,1.0,3,0.8285714285714287,6,1.0,3,3,0.8881118881118882,12,True,0.0856857988081845,True,1.0,1.0,1.0,1.0,2,1.0,2,1.0,2,1.0,3.0
ENSMUSG00000050822-P,1.0,CPX,"3,4,5-Trimethoxyamphetamine",1.0,CSF,,0,0.8857142857142858,6,1.0,3,2,0.8636363636363636,11,True,0.1405332414951412,True,1.0,1.0,1.0,1.0,2,1.0,2,1.0,2,1.0,3.0
ENSMUSG00000013858-P,1.0,CPX,Azelaic acid,-1.0,CSF,-0.5,3,-0.9276336570439176,6,-1.0,3,3,-0.8371291296643238,12,True,0.1435878922076534,True,-1.0,-1.0,-1.0,-1.0,2,-1.0,2,-1.0,2,-1.0,3.0
ENSMUSG00000005510-P,-1.0,CPX,Picolinic acid,-1.0,CSF,0.8660254037844387,3,0.9121593238215744,6,0.8660254037844387,3,3,0.8380489500927585,12,True,0.1435878922076534,True,1.0,1.0,1.0,1.0,2,1.0,2,1.0,2,1.0,3.0
ENSMUSG00000021377-P,-1.0,CPX,2-Amino-4-methylbenzophenone,-1.0,CSF,0.5,3,1.0,5,0.5,3,3,0.881818181818182,11,True,0.12450000279976,True,1.0,1.0,1.0,1.0,2,1.0,2,1.0,2,1.0,3.0
ENSMUSG00000062937-P,-1.0,CPX,Aceturic acid,-1.0,CSF,0.5,3,0.8857142857142858,6,,0,2,0.9090909090909092,11,True,0.0856857988081845,True,1.0,1.0,1.0,1.0,2,1.0,2,1.0,2,1.0,3.0
ENSMUSG00000039804-P,1.0,CPX,Benzophenone,1.0,CSF,,0,0.6,6,0.5,3,2,0.8909090909090911,11,True,0.1168477764603666,True,1.0,1.0,1.0,1.0,2,1.0,2,1.0,2,1.0,3.0
ENSMUSG00000019897-P,-1.0,CPX,Aceturic acid,-1.0,CSF,0.5,3,0.942857142857143,6,,0,2,0.9,11,True,0.0991612826345941,True,1.0,1.0,1.0,1.0,2,1.0,2,1.0,2,1.0,3.0
ENSMUSG00000017548-P,-1.0,CPX,Azelaic acid,-1.0,CSF,0.5,3,0.6957252427829382,6,0.5,3,3,0.8756580854229328,12,True,0.1071013219019831,True,1.0,1.0,1.0,1.0,2,1.0,2,1.0,2,1.0,3.0
ENSMUSG00000017548-P,-1.0,CPX,"Benzoic acid, methyl ester",-1.0,CSF,0.5,3,0.8857142857142858,6,0.5,3,3,0.8741258741258742,12,True,0.1088283009653256,True,1.0,1.0,1.0,1.0,2,1.0,2,1.0,2,1.0,3.0
ENSMUSG00000001855-P,-1.0,CPX,6-Methyluracil,-1.0,CSF,0.5,3,0.8986451052612952,6,0.5,3,3,0.8826633501063164,12,True,0.0948825152782235,True,1.0,1.0,1.0,1.0,2,1.0,2,1.0,2,1.0,3.0
ENSMUSG00000001855-P,-1.0,CPX,"Hymexazole, tert-butyldimethylsilyl ether",-1.0,CSF,0.5,3,0.942857142857143,6,0.5,3,3,0.8601398601398602,12,True,0.12450000279976,True,1.0,1.0,1.0,1.0,2,1.0,2,1.0,2,1.0,3.0
ENSMUSG00000007892-P,1.0,CPX,Benzoic Acid,1.0,CSF,0.8660254037844387,3,0.8804062740424288,6,1.0,3,3,0.9347806145306724,12,True,0.0464229114211876,True,1.0,1.0,1.0,1.0,2,1.0,2,1.0,2,1.0,3.0
ENSMUSG00000047264-P,1.0,CPX,Azelaic acid,-1.0,CSF,-0.5,3,-0.9856107606091624,6,-0.5,3,3,-0.8546422913727825,12,True,0.1324456491938759,True,-1.0,-1.0,-1.0,-1.0,2,-1.0,2,-1.0,2,-1.0,3.0
ENSMUSG00000039323-P,1.0,CPX,Azelaic acid,-1.0,CSF,-0.5,3,-0.9856107606091624,6,-1.0,3,3,-0.8826633501063164,12,True,0.0948825152782235,True,-1.0,-1.0,-1.0,-1.0,2,-1.0,2,-1.0,2,-1.0,3.0
ENSMUSG00000030979-P,-1.0,CPX,Butanedioic acid,-1.0,CSF,1.0,3,0.8285714285714287,6,0.5,3,3,0.8391608391608393,12,True,0.141781264237518,True,1.0,1.0,1.0,1.0,2,1.0,2,1.0,2,1.0,3.0
ENSMUSG00000029550-P,1.0,CPX,"1-(2,5-Dimethoxyphenyl)-1-[(trimethylsilyl)oxy]propan-2-amine",1.0,CSF,1.0,3,0.8986451052612952,6,0.5,3,3,0.847637026689399,12,True,0.1325910557719748,True,1.0,1.0,1.0,1.0,2,1.0,2,1.0,2,1.0,3.0
ENSMUSG00000055044-P,1.0,CPX,"(2,5-Dimethoxyphenyl)acetone",-1.0,CSF,-1.0,3,-0.7714285714285715,6,-0.5,3,3,-0.8371291296643237,12,True,0.1435878922076534,True,-1.0,-1.0,-1.0,-1.0,2,-1.0,2,-1.0,2,-1.0,3.0
ENSMUSG00000032372-P,-1.0,CPX,"1,3-Oxazolidine, 2,5-diphenyl-4-methyl-, trans-",-1.0,CSF,1.0,3,0.7356123579206245,6,0.5,3,3,0.8456192405161171,12,True,0.1325910557719748,True,1.0,1.0,1.0,1.0,2,1.0,2,1.0,2,1.0,3.0
ENSMUSG00000060512-P,1.0,CPX,"2,4-Di-tert-butylphenol",-1.0,CSF,-1.0,3,,0,-1.0,3,2,-0.9642857142857144,7,True,0.1324456491938759,True,-1.0,-1.0,-1.0,-1.0,2,-1.0,2,-1.0,2,-1.0,3.0
ENSMUSG00000030560-P,1.0,CPX,Cholesterol,1.0,CSF,0.5,3,0.3142857142857143,6,1.0,3,3,0.8461538461538463,12,True,0.1325910557719748,True,1.0,1.0,1.0,1.0,2,1.0,2,1.0,2,1.0,3.0
ENSMUSG00000058492-P,-1.0,CPX,"2,3-Dihydroxybutanoic acid",-1.0,CSF,,0,0.948683298050514,4,0.8660254037844387,3,2,0.9089992314354236,9,True,0.1435878922076534,True,1.0,1.0,1.0,1.0,2,1.0,2,1.0,2,1.0,3.0
ENSMUSG00000103657-P,-1.0,CPX,2-Furoic acid,1.0,CSF,-1.0,3,-0.7999999999999999,4,-1.0,3,3,-0.9141792475183746,10,True,0.1127642866821917,True,-1.0,-1.0,-1.0,-1.0,2,-1.0,2,-1.0,2,-1.0,3.0
ENSMUSG00000103657-P,-1.0,CPX,N-Methyl-1-[(trimethylsilyl)oxy]-1-{4-[(trimethylsilyl)oxy]phenyl}propan-2-amine,1.0,CSF,-0.5,3,-1.0,4,-1.0,3,3,-0.8896375227527807,10,True,0.1383358485989361,True,-1.0,-1.0,-1.0,-1.0,2,-1.0,2,-1.0,2,-1.0,3.0
ENSMUSG00000023249-P,-1.0,CPX,Oleamide,-1.0,CSF,0.5,3,0.8285714285714287,6,1.0,3,3,0.8601398601398602,12,True,0.12450000279976,True,1.0,1.0,1.0,1.0,2,1.0,2,1.0,2,1.0,3.0
ENSMUSG00000030605-P,1.0,CPX,"2,4-Di-tert-butylphenol",-1.0,CSF,-1.0,3,,0,-1.0,3,2,-1.0,7,True,0.0,True,-1.0,-1.0,-1.0,-1.0,2,-1.0,2,-1.0,2,-1.0,3.0
ENSMUSG00000042349-P,-1.0,CPX,"Hymexazole, tert-butyldimethylsilyl ether",-1.0,CSF,0.5,3,0.942857142857143,6,0.5,3,3,0.8581449237144743,12,True,0.1273186029414786,True,1.0,1.0,1.0,1.0,2,1.0,2,1.0,2,1.0,3.0
ENSMUSG00000031918-P,-1.0,CPX,"2,4-Di-tert-butylphenol",-1.0,CSF,1.0,3,,0,1.0,3,2,0.9642857142857144,7,True,0.1324456491938759,True,1.0,1.0,1.0,1.0,2,1.0,2,1.0,2,1.0,3.0
ENSMUSG00000104339-P,1.0,CPX,"4-[2-(4,7-Dimethoxy-2H-1,3-benzodioxol-5-yl)ethenyl]-2-methoxyphenol",1.0,CSF,0.5,3,0.8696565534786727,6,0.5,3,3,0.8406317620060156,12,True,0.1405332414951412,True,1.0,1.0,1.0,1.0,2,1.0,2,1.0,2,1.0,3.0
ENSMUSG00000051224-P,-1.0,CPX,Leucylglycine,1.0,CSF,,0,-0.8857142857142858,6,-1.0,3,2,-0.9030303030303028,10,True,0.1265497791365808,True,-1.0,-1.0,-1.0,-1.0,2,-1.0,2,-1.0,2,-1.0,3.0
ENSMUSG00000052566-P,-1.0,CPX,"2-Methylcyclohexanol, (Z)",1.0,CSF,-0.5,3,-0.5507824838698261,6,-0.8660254037844387,3,3,-0.8456192405161171,12,True,0.1325910557719748,True,-1.0,-1.0,-1.0,-1.0,2,-1.0,2,-1.0,2,-1.0,3.0
ENSMUSG00000038084-P,-1.0,CPX,Xylazine,-1.0,CSF,1.0,3,0.6571428571428573,6,1.0,3,3,0.8461538461538463,12,True,0.1325910557719748,True,1.0,1.0,1.0,1.0,2,1.0,2,1.0,2,1.0,3.0
ENSMUSG00000024472-P,-1.0,CPX,Acetic acid,-1.0,CSF,0.8660254037844387,3,0.9258200997725516,6,,3,2,0.8720241785838646,12,True,0.1130765042790463,True,1.0,1.0,1.0,1.0,2,1.0,2,1.0,2,1.0,3.0
ENSMUSG00000034786-P,-1.0,CPX,L-Tyrosine,-1.0,CSF,1.0,3,0.9746794344808964,5,,0,2,0.9422535927041,10,True,0.0737815925036755,True,1.0,1.0,1.0,1.0,2,1.0,2,1.0,2,1.0,3.0
ENSMUSG00000048175-P,1.0,CPX,"(2,5-Dimethoxyphenyl)acetone",-1.0,CSF,-1.0,3,-0.8857142857142858,6,-1.0,3,3,-0.8951048951048951,12,True,0.0837495301552081,True,-1.0,-1.0,-1.0,-1.0,2,-1.0,2,-1.0,2,-1.0,3.0
ENSMUSG00000099689-P,-1.0,CPX,Myristic acid,-1.0,CSF,0.5,3,0.7650368522374495,6,1.0,3,3,0.8421104469870047,12,True,0.1405332414951412,True,1.0,1.0,1.0,1.0,2,1.0,2,1.0,2,1.0,3.0
ENSMUSG00000039715-P,1.0,CPX,2-Naphthol,-1.0,CSF,-0.8660254037844387,3,-0.9710083124552245,6,-1.0,3,3,-0.8682018740230752,12,True,0.1168477764603666,True,-1.0,-1.0,-1.0,-1.0,2,-1.0,2,-1.0,2,-1.0,3.0
ENSMUSG00000039715-P,1.0,CPX,L-Tryptophan,-1.0,CSF,-0.8660254037844387,3,-0.942857142857143,6,-1.0,3,3,-0.847637026689399,12,True,0.1325910557719748,True,-1.0,-1.0,-1.0,-1.0,2,-1.0,2,-1.0,2,-1.0,3.0
ENSMUSG00000098113-P,1.0,CPX,L-Lysine,1.0,CSF,,0,0.8857142857142858,6,0.8660254037844387,3,2,0.877185582105945,11,True,0.1324456491938759,True,1.0,1.0,1.0,1.0,2,1.0,2,1.0,2,1.0,3.0
ENSMUSG00000043535-P,-1.0,CPX,Diethylamine,-1.0,CSF,1.0,3,0.8116794499134279,6,0.5,3,3,0.8371291296643238,12,True,0.1435878922076534,True,1.0,1.0,1.0,1.0,2,1.0,2,1.0,2,1.0,3.0
ENSMUSG00000029772-P,-1.0,CPX,"3-(4,7-Dimethoxy-2H-1,3-benzodioxol-5-yl)-2-methylprop-2-enal",-1.0,CSF,1.0,3,0.6571428571428573,6,0.5,3,3,0.8461538461538463,12,True,0.1325910557719748,True,1.0,1.0,1.0,1.0,2,1.0,2,1.0,2,1.0,3.0
ENSMUSG00000029772-P,-1.0,CPX,Mevalonolactone,-1.0,CSF,0.5,3,0.8285714285714287,6,0.8660254037844387,3,3,0.847637026689399,12,True,0.1325910557719748,True,1.0,1.0,1.0,1.0,2,1.0,2,1.0,2,1.0,3.0
ENSMUSG00000011831-P,-1.0,CPX,"Benzoic acid, methyl ester",-1.0,CSF,0.5,3,1.0,6,0.5,3,3,0.9020979020979022,12,True,0.0759779368267831,True,1.0,1.0,1.0,1.0,2,1.0,2,1.0,2,1.0,3.0
ENSMUSG00000004085-P,1.0,CPX,m-Toluic acid,-1.0,CSF,-1.0,3,-0.753702346348183,6,-1.0,3,3,-0.8861659824480081,12,True,0.0880073049958174,True,-1.0,-1.0,-1.0,-1.0,2,-1.0,2,-1.0,2,-1.0,3.0
ENSMUSG00000039194-P,-1.0,CPX,"L-Histidine, N,1-bis(tert-butyldimethylsilyl)-",-1.0,CSF,0.5,3,0.5797710356524484,6,1.0,3,3,0.8896686147896997,12,True,0.0856857988081845,True,1.0,1.0,1.0,1.0,2,1.0,2,1.0,2,1.0,3.0
ENSMUSG00000031246-P,-1.0,CPX,Azelaic acid,-1.0,CSF,1.0,3,0.5797710356524484,6,0.5,3,3,0.8861659824480081,12,True,0.0880073049958174,True,1.0,1.0,1.0,1.0,2,1.0,2,1.0,2,1.0,3.0
ENSMUSG00000047141-P,-1.0,CPX,Aceturic acid,-1.0,CSF,0.5,3,0.8857142857142858,6,,0,2,0.9090909090909092,11,True,0.0856857988081845,True,1.0,1.0,1.0,1.0,2,1.0,2,1.0,2,1.0,3.0
ENSMUSG00000054717-P,-1.0,CPX,Lactic acid,-1.0,CSF,1.0,3,0.8986451052612952,6,,0,2,0.8792733518259361,11,True,0.1273186029414786,True,1.0,1.0,1.0,1.0,2,1.0,2,1.0,2,1.0,3.0
ENSMUSG00000029438-P,-1.0,CPX,Salsoline,1.0,CSF,-1.0,3,-0.7999999999999999,4,-1.0,3,3,-0.9393939393939392,10,True,0.0759779368267831,True,-1.0,-1.0,-1.0,-1.0,2,-1.0,2,-1.0,2,-1.0,3.0
ENSMUSG00000038555-P,1.0,CPX,Palmitic Acid,1.0,CSF,1.0,3,1.0,4,,0,2,0.9166666666666666,9,True,0.1325910557719748,True,1.0,1.0,1.0,1.0,2,1.0,2,1.0,2,1.0,3.0
ENSMUSG00000066357-P,1.0,CPX,Glycine,-1.0,CSF,-0.5,3,-0.753702346348183,6,-1.0,3,3,-0.8791607177646247,12,True,0.0991612826345941,True,-1.0,-1.0,-1.0,-1.0,2,-1.0,2,-1.0,2,-1.0,3.0
ENSMUSG00000105729-P,-1.0,CPX,Heptylamine,-1.0,CSF,,0,0.8999999999999998,5,1.0,3,2,0.9492889050691344,9,True,0.0856857988081845,True,1.0,1.0,1.0,1.0,2,1.0,2,1.0,2,1.0,3.0
ENSMUSG00000044365-P,-1.0,CPX,"2,5-Dimethoxybenzhydrazide",-1.0,CSF,,0,0.942857142857143,6,0.5,3,2,0.9,11,True,0.0991612826345941,True,1.0,1.0,1.0,1.0,2,1.0,2,1.0,2,1.0,3.0
ENSMUSG00000044365-P,-1.0,CPX,"2',5'-Dimethoxypropiophenone",-1.0,CSF,1.0,3,0.7714285714285715,6,0.5,3,3,0.8881118881118882,12,True,0.0856857988081845,True,1.0,1.0,1.0,1.0,2,1.0,2,1.0,2,1.0,3.0
ENSMUSG00000044365-P,-1.0,CPX,Aceturic acid,-1.0,CSF,1.0,3,0.7714285714285715,6,,0,2,0.9181818181818184,11,True,0.0759779368267831,True,1.0,1.0,1.0,1.0,2,1.0,2,1.0,2,1.0,3.0
ENSMUSG00000044365-P,-1.0,CPX,Cyclooctylamine,-1.0,CSF,0.5,3,0.8285714285714287,6,1.0,3,3,0.9090909090909092,12,True,0.073507914259473,True,1.0,1.0,1.0,1.0,2,1.0,2,1.0,2,1.0,3.0
ENSMUSG00000044365-P,-1.0,CPX,Diethylamine,-1.0,CSF,0.5,3,0.9276336570439176,6,0.5,3,3,0.8546422913727825,12,True,0.1324456491938759,True,1.0,1.0,1.0,1.0,2,1.0,2,1.0,2,1.0,3.0
ENSMUSG00000044365-P,-1.0,CPX,N-Acetyl-L-alanine,-1.0,CSF,0.5,3,0.7714285714285715,6,1.0,3,3,0.8391608391608393,12,True,0.141781264237518,True,1.0,1.0,1.0,1.0,2,1.0,2,1.0,2,1.0,3.0
ENSMUSG00000069631-P,-1.0,CPX,Leucylglycine,1.0,CSF,,0,-0.8857142857142858,6,-1.0,3,2,-0.9272727272727272,10,True,0.0856857988081845,True,-1.0,-1.0,-1.0,-1.0,2,-1.0,2,-1.0,2,-1.0,3.0
ENSMUSG00000034349-P,-1.0,CPX,"(2,5-Dimethoxyphenyl)acetone",-1.0,CSF,1.0,3,0.942857142857143,6,0.5,3,3,0.9090909090909092,12,True,0.073507914259473,True,1.0,1.0,1.0,1.0,2,1.0,2,1.0,2,1.0,3.0
ENSMUSG00000034349-P,-1.0,CPX,3-Heptanol,1.0,CSF,-1.0,3,-0.9276336570439176,6,-1.0,3,3,-0.9141870411815418,12,True,0.073507914259473,True,-1.0,-1.0,-1.0,-1.0,2,-1.0,2,-1.0,2,-1.0,3.0
ENSMUSG00000066800-P,-1.0,CPX,4-Oxohexanoic acid,1.0,CSF,-1.0,3,-1.0,4,-1.0,3,3,-0.9019083851355776,10,True,0.1273186029414786,True,-1.0,-1.0,-1.0,-1.0,2,-1.0,2,-1.0,2,-1.0,3.0
ENSMUSG00000032261-P,-1.0,CPX,Lignoceric acid,-1.0,CSF,0.5,3,0.9276336570439176,6,0.5,3,3,0.8371291296643238,12,True,0.1435878922076534,True,1.0,1.0,1.0,1.0,2,1.0,2,1.0,2,1.0,3.0
ENSMUSG00000017286-P,-1.0,CPX,"2,3-Butanediol, O-(trimethylsilyl)-, monoacetate",-1.0,CSF,1.0,3,0.9746794344808964,5,0.8660254037844387,3,3,0.8630226958069518,11,True,0.1415394570159063,True,1.0,1.0,1.0,1.0,2,1.0,2,1.0,2,1.0,3.0
ENSMUSG00000017286-P,-1.0,CPX,"2,4-Di-tert-butylphenol",-1.0,CSF,1.0,3,,0,1.0,3,2,0.9642857142857144,7,True,0.1324456491938759,True,1.0,1.0,1.0,1.0,2,1.0,2,1.0,2,1.0,3.0
ENSMUSG00000017286-P,-1.0,CPX,8-Methylnonanoic acid,-1.0,CSF,1.0,3,0.8406680016960503,6,1.0,3,3,0.8406317620060156,12,True,0.1405332414951412,True,1.0,1.0,1.0,1.0,2,1.0,2,1.0,2,1.0,3.0
ENSMUSG00000017286-P,-1.0,CPX,Butanedioic acid,-1.0,CSF,1.0,3,0.8285714285714287,6,1.0,3,3,0.8531468531468532,12,True,0.1324456491938759,True,1.0,1.0,1.0,1.0,2,1.0,2,1.0,2,1.0,3.0
ENSMUSG00000017286-P,-1.0,CPX,Hydracrylic acid,-1.0,CSF,0.5,3,0.942857142857143,6,1.0,3,3,0.8881118881118882,12,True,0.0856857988081845,True,1.0,1.0,1.0,1.0,2,1.0,2,1.0,2,1.0,3.0
ENSMUSG00000017286-P,-1.0,CPX,N-Acetyl-L-alanine,-1.0,CSF,0.5,3,0.8285714285714287,6,0.5,3,3,0.8601398601398602,12,True,0.12450000279976,True,1.0,1.0,1.0,1.0,2,1.0,2,1.0,2,1.0,3.0
ENSMUSG00000017286-P,-1.0,CPX,Pipecolic acid,-1.0,CSF,0.5,3,1.0,6,0.8660254037844387,3,3,0.91068440883985,12,True,0.073507914259473,True,1.0,1.0,1.0,1.0,2,1.0,2,1.0,2,1.0,3.0
ENSMUSG00000017286-P,-1.0,CPX,Suberic acid,-1.0,CSF,,0,1.0,6,1.0,3,2,0.990909090909091,11,True,7.344352038840338e-05,True,1.0,1.0,1.0,1.0,2,1.0,2,1.0,2,1.0,3.0
ENSMUSG00000025894-P,-1.0,CPX,Acetic acid,-1.0,CSF,0.8660254037844387,3,0.8332380897952965,6,,3,2,0.8613463314991642,12,True,0.12450000279976,True,1.0,1.0,1.0,1.0,2,1.0,2,1.0,2,1.0,3.0
ENSMUSG00000022439-P,1.0,CPX,Oxalic acid,-1.0,CSF,-1.0,3,-0.924061655450546,6,-1.0,3,3,-0.8975907049376199,12,True,0.0808235823274702,True,-1.0,-1.0,-1.0,-1.0,2,-1.0,2,-1.0,2,-1.0,3.0
ENSMUSG00000032459-P,1.0,CPX,Methyl lactate,-1.0,CSF,,0,-0.7714285714285715,6,-0.5,3,2,-0.8636363636363636,11,True,0.1405332414951412,True,-1.0,-1.0,-1.0,-1.0,2,-1.0,2,-1.0,2,-1.0,3.0
ENSMUSG00000024873-P,1.0,CPX,Azelaic acid,-1.0,CSF,-0.5,3,-0.6667366910003157,6,-1.0,3,3,-0.8406317620060156,12,True,0.1405332414951412,True,-1.0,-1.0,-1.0,-1.0,2,-1.0,2,-1.0,2,-1.0,3.0
ENSMUSG00000097537-P,-1.0,CPX,Phytanic acid,-1.0,CSF,0.8660254037844387,3,0.7944613465542746,6,0.5,3,3,0.878746836055744,12,True,0.0992709800117353,True,1.0,1.0,1.0,1.0,2,1.0,2,1.0,2,1.0,3.0
ENSMUSG00000022843-P,-1.0,CPX,"2,3-Butanediol, O-(trimethylsilyl)-, monoacetate",-1.0,CSF,1.0,3,0.9746794344808964,5,0.8660254037844387,3,3,0.8949864993553575,11,True,0.1088283009653256,True,1.0,1.0,1.0,1.0,2,1.0,2,1.0,2,1.0,3.0
ENSMUSG00000063801-P,1.0,CPX,Suberic acid,-1.0,CSF,,0,-0.7714285714285715,6,-1.0,3,2,-0.881818181818182,11,True,0.12450000279976,True,-1.0,-1.0,-1.0,-1.0,2,-1.0,2,-1.0,2,-1.0,3.0
ENSMUSG00000020886-P,1.0,CPX,Azelaic acid,-1.0,CSF,-0.5,3,-0.8986451052612952,6,-1.0,3,3,-0.91068440883985,12,True,0.073507914259473,True,-1.0,-1.0,-1.0,-1.0,2,-1.0,2,-1.0,2,-1.0,3.0
ENSMUSG00000018171-P,1.0,CPX,Palmitic Acid,1.0,CSF,1.0,3,0.7999999999999999,4,,0,2,0.9333333333333332,9,True,0.1168477764603666,True,1.0,1.0,1.0,1.0,2,1.0,2,1.0,2,1.0,3.0
ENSMUSG00000021709-P,-1.0,CPX,Azelaic acid,-1.0,CSF,0.5,3,0.7247137945655605,6,1.0,3,3,0.8756580854229328,12,True,0.1071013219019831,True,1.0,1.0,1.0,1.0,2,1.0,2,1.0,2,1.0,3.0
ENSMUSG00000071650-P,1.0,CPX,"2,4-Di-tert-butylphenol",-1.0,CSF,-0.5,3,,0,-1.0,3,2,-0.9642857142857144,7,True,0.1324456491938759,True,-1.0,-1.0,-1.0,-1.0,2,-1.0,2,-1.0,2,-1.0,3.0
ENSMUSG00000024098-P,1.0,CPX,"Propanoic acid, dimethyl(isopropyl)silyl ester",-1.0,CSF,,0,-0.8285714285714287,6,-1.0,3,2,-0.9151515151515152,10,True,0.1093479214197671,True,-1.0,-1.0,-1.0,-1.0,2,-1.0,2,-1.0,2,-1.0,3.0
ENSMUSG00000016487-P,-1.0,CPX,"Benzoic acid, methyl ester",-1.0,CSF,1.0,3,0.942857142857143,6,1.0,3,3,0.8881118881118882,12,True,0.0856857988081845,True,1.0,1.0,1.0,1.0,2,1.0,2,1.0,2,1.0,3.0
ENSMUSG00000031513-P,-1.0,CPX,2-Pyrrolidone-5-carboxylic acid,-1.0,CSF,1.0,3,0.8857142857142858,6,0.8660254037844387,3,3,0.8896686147896997,12,True,0.0856857988081845,True,1.0,1.0,1.0,1.0,2,1.0,2,1.0,2,1.0,3.0
ENSMUSG00000031513-P,-1.0,CPX,8-Methylnonanoic acid,-1.0,CSF,0.5,3,0.5507824838698261,6,1.0,3,3,0.8406317620060156,12,True,0.1405332414951412,True,1.0,1.0,1.0,1.0,2,1.0,2,1.0,2,1.0,3.0
ENSMUSG00000031513-P,-1.0,CPX,Picolinic acid,-1.0,CSF,0.8660254037844387,3,0.6767633692869747,6,0.8660254037844387,3,3,0.9084732316131584,12,True,0.073507914259473,True,1.0,1.0,1.0,1.0,2,1.0,2,1.0,2,1.0,3.0
ENSMUSG00000031256-P,1.0,CPX,"2-Methyl-1,3-butanediol",-1.0,CSF,-1.0,3,-0.9276336570439176,6,-1.0,3,3,-0.8651501883978578,12,True,0.1209392842354596,True,-1.0,-1.0,-1.0,-1.0,2,-1.0,2,-1.0,2,-1.0,3.0
ENSMUSG00000050199-P,-1.0,CPX,"2-Cyclohexen-1-one, 3-methyl-",-1.0,CSF,0.5,3,0.7714285714285715,6,1.0,3,3,0.8601398601398602,12,True,0.12450000279976,True,1.0,1.0,1.0,1.0,2,1.0,2,1.0,2,1.0,3.0
ENSMUSG00000050199-P,-1.0,CPX,Mevalonolactone,-1.0,CSF,0.5,3,0.5428571428571429,6,0.8660254037844387,3,3,0.8651501883978578,12,True,0.1209392842354596,True,1.0,1.0,1.0,1.0,2,1.0,2,1.0,2,1.0,3.0
ENSMUSG00000022010-P,1.0,CPX,Benzoic Acid,1.0,CSF,0.8660254037844387,3,0.8804062740424288,6,1.0,3,3,0.924198192479382,12,True,0.0676821670352927,True,1.0,1.0,1.0,1.0,2,1.0,2,1.0,2,1.0,3.0
ENSMUSG00000072763-P,-1.0,CPX,Aceturic acid,-1.0,CSF,0.5,3,0.8285714285714287,6,,0,2,0.8636363636363636,11,True,0.1405332414951412,True,1.0,1.0,1.0,1.0,2,1.0,2,1.0,2,1.0,3.0
ENSMUSG00000030616-P,-1.0,CPX,"Benzoic acid, methyl ester",-1.0,CSF,0.5,3,0.8285714285714287,6,1.0,3,3,0.8601398601398602,12,True,0.12450000279976,True,1.0,1.0,1.0,1.0,2,1.0,2,1.0,2,1.0,3.0
ENSMUSG00000078201-P,-1.0,CPX,Isopropylamine,-1.0,CSF,1.0,3,0.7142857142857143,6,0.5,3,3,0.8461538461538463,12,True,0.1325910557719748,True,1.0,1.0,1.0,1.0,2,1.0,2,1.0,2,1.0,3.0
ENSMUSG00000085945-P,-1.0,CPX,"1,3-Oxazolidine, 2,5-diphenyl-4-methyl-, trans-",-1.0,CSF,0.5,3,0.8533103351879245,6,0.5,3,3,0.8526368275743421,12,True,0.1324456491938759,True,1.0,1.0,1.0,1.0,2,1.0,2,1.0,2,1.0,3.0
ENSMUSG00000085945-P,-1.0,CPX,"1-Octanol, 2-butyl-",-1.0,CSF,0.5,3,0.7356123579206245,6,0.5,3,3,0.8631632081616797,12,True,0.12450000279976,True,1.0,1.0,1.0,1.0,2,1.0,2,1.0,2,1.0,3.0
ENSMUSG00000085945-P,-1.0,CPX,"Benzoic acid, 2-hydroxy-3-[(2-hydroxy-4-methoxy-6-propylbenzoyl)oxy]-4-methoxy-6-propyl-, methyl ester ",-1.0,CSF,0.5,3,0.7826908981308054,6,0.5,3,3,0.8511396590310907,12,True,0.1324456491938759,True,1.0,1.0,1.0,1.0,2,1.0,2,1.0,2,1.0,3.0
ENSMUSG00000085945-P,-1.0,CPX,Cyclobutylamine,-1.0,CSF,0.5,3,0.4928053803045811,6,1.0,3,3,0.8546422913727825,12,True,0.1324456491938759,True,1.0,1.0,1.0,1.0,2,1.0,2,1.0,2,1.0,3.0
ENSMUSG00000041685-P,-1.0,CPX,Azelaic acid,-1.0,CSF,0.5,3,0.8696565534786727,6,0.5,3,3,0.9492133645984592,12,True,0.0238405485763365,True,1.0,1.0,1.0,1.0,2,1.0,2,1.0,2,1.0,3.0
ENSMUSG00000005699-P,1.0,CPX,"Propanoic acid, 3-[(tert-butyldimethylsilyl)oxy]-2-methyl-",1.0,CSF,1.0,3,0.753702346348183,6,,0,2,0.8883849927775,11,True,0.1168477764603666,True,1.0,1.0,1.0,1.0,2,1.0,2,1.0,2,1.0,3.0
ENSMUSG00000042594-P,-1.0,CPX,6-Methyluracil,-1.0,CSF,1.0,3,0.8116794499134279,6,0.5,3,3,0.8791607177646247,12,True,0.0991612826345941,True,1.0,1.0,1.0,1.0,2,1.0,2,1.0,2,1.0,3.0
ENSMUSG00000042594-P,-1.0,CPX,"Hymexazole, tert-butyldimethylsilyl ether",-1.0,CSF,1.0,3,0.8285714285714287,6,0.5,3,3,0.9160839160839164,12,True,0.073507914259473,True,1.0,1.0,1.0,1.0,2,1.0,2,1.0,2,1.0,3.0
ENSMUSG00000042594-P,-1.0,CPX,Phenoxyethanol,-1.0,CSF,0.5,3,0.9856107606091624,6,0.5,3,3,0.847637026689399,12,True,0.1325910557719748,True,1.0,1.0,1.0,1.0,2,1.0,2,1.0,2,1.0,3.0
ENSMUSG00000042594-P,-1.0,CPX,Uracil,-1.0,CSF,1.0,3,0.8406680016960503,6,0.5,3,3,0.8686528207395494,12,True,0.1168477764603666,True,1.0,1.0,1.0,1.0,2,1.0,2,1.0,2,1.0,3.0
ENSMUSG00000042594-P,-1.0,CPX,Xylazine,-1.0,CSF,1.0,3,0.7714285714285715,6,0.5,3,3,0.8391608391608393,12,True,0.141781264237518,True,1.0,1.0,1.0,1.0,2,1.0,2,1.0,2,1.0,3.0
ENSMUSG00000071652-P,1.0,CPX,"1,2-Cyclohexanediol, (Z)",1.0,CSF,,0,0.7826908981308054,6,1.0,3,2,0.8883849927775,11,True,0.1168477764603666,True,1.0,1.0,1.0,1.0,2,1.0,2,1.0,2,1.0,3.0
ENSMUSG00000020074-P,-1.0,CPX,Azelaic acid,-1.0,CSF,1.0,3,0.9856107606091624,6,0.5,3,3,0.8581449237144743,12,True,0.1273186029414786,True,1.0,1.0,1.0,1.0,2,1.0,2,1.0,2,1.0,3.0
ENSMUSG00000020074-P,-1.0,CPX,Salsoline,1.0,CSF,-1.0,3,-0.7999999999999999,4,-0.5,3,3,-0.9030303030303028,10,True,0.1265497791365808,True,-1.0,-1.0,-1.0,-1.0,2,-1.0,2,-1.0,2,-1.0,3.0
ENSMUSG00000022177-P,-1.0,CPX,"2,2'-Bipyridine",1.0,CSF,-1.0,3,-0.8406680016960503,6,-1.0,3,3,-0.8616475560561659,12,True,0.12450000279976,True,-1.0,-1.0,-1.0,-1.0,2,-1.0,2,-1.0,2,-1.0,3.0
ENSMUSG00000039813-P,1.0,CPX,Benzophenone,1.0,CSF,,0,0.7142857142857143,6,0.5,3,2,0.8636363636363636,11,True,0.1405332414951412,True,1.0,1.0,1.0,1.0,2,1.0,2,1.0,2,1.0,3.0
ENSMUSG00000039813-P,1.0,CPX,Ethanolamine,-1.0,CSF,-0.5,3,-0.2608969660436018,6,-0.8660254037844387,3,3,-0.8526368275743421,12,True,0.1324456491938759,True,-1.0,-1.0,-1.0,-1.0,2,-1.0,2,-1.0,2,-1.0,3.0
"(2,5-Dimethoxyphenyl)acetone",-1.0,CSF,2-Methyl-3-pentanol,-1.0,CSF,,0,0.7999999999999999,5,1.0,3,2,0.8571428571428572,8,True,0.0616723866254659,True,1.0,1.0,1.0,1.0,2,1.0,2,1.0,2,1.0,3.0
"(2,5-Dimethoxyphenyl)acetone",-1.0,CSF,2-Propyl-1-pentanol,-1.0,CSF,,2,0.7714285714285715,6,0.7999999999999999,4,2,0.6153846153846154,12,True,0.1425063702120078,True,1.0,1.0,1.0,1.0,2,1.0,2,1.0,2,1.0,3.0
"(2,5-Dimethoxyphenyl)acetone",-1.0,CSF,3-Heptanol,1.0,CSF,-1.0,3,-0.8406680016960503,6,-0.1999999999999999,4,3,-0.5859702929929769,13,True,0.1463368825115822,True,-1.0,-1.0,-1.0,-1.0,2,-1.0,2,-1.0,2,-1.0,3.0
"(2,5-Dimethoxyphenyl)acetone",-1.0,CSF,"6-Aminocaproic acid, N-(tert.-butyldimethylsilyl)",-1.0,CSF,0.8660254037844387,3,1.0,4,0.9746794344808964,5,3,0.6701795640604913,12,True,0.1018840989804915,True,1.0,1.0,1.0,1.0,2,1.0,2,1.0,2,1.0,3.0
"(2,5-Dimethoxyphenyl)acetone",-1.0,CSF,Adenine,-1.0,CSF,,1,0.6,6,0.8999999999999998,5,2,0.7692307692307694,12,True,0.0458078448769631,True,1.0,1.0,1.0,1.0,2,1.0,2,1.0,2,1.0,3.0
"(2,5-Dimethoxyphenyl)acetone",-1.0,CSF,Leucylglycine,1.0,CSF,,1,-0.7714285714285715,6,-0.7999999999999999,5,2,-0.7062937062937064,12,True,0.0761992403514576,True,-1.0,-1.0,-1.0,-1.0,2,-1.0,2,-1.0,2,-1.0,3.0
"(2,5-Dimethoxyphenyl)acetone",-1.0,CSF,N-Caffeoyl-O-methyltyramine,-1.0,CSF,,1,0.5507824838698261,6,1.0,5,2,0.7565685858054141,12,True,0.0515270878724945,True,1.0,1.0,1.0,1.0,2,1.0,2,1.0,2,1.0,3.0
"(2,5-Dimethoxyphenyl)acetone",-1.0,CSF,Triethyl citrate,-1.0,CSF,,3,0.7999999999999999,4,0.8999999999999998,5,2,0.7394549559641986,12,True,0.0592564423259801,True,1.0,1.0,1.0,1.0,2,1.0,2,1.0,2,1.0,3.0
"(2,5-Dimethoxyphenyl)acetone",-1.0,CSF,Trimethylolpropane,-1.0,CSF,,1,0.6155870112510925,5,1.0,3,2,0.7782494901428224,9,True,0.088853601669865,True,1.0,1.0,1.0,1.0,2,1.0,2,1.0,2,1.0,3.0
"(9H-fluoren-9-yl)methanol, O-methoxycarbonyl-",-1.0,CSF,N-Acetylaspartic acid,-1.0,CSF,0.5,3,0.9746794344808964,5,0.4999999999999999,5,3,0.6189827038658207,13,True,0.1210304895141805,True,1.0,1.0,1.0,1.0,2,1.0,2,1.0,2,1.0,3.0
"3,4,5-Trimethoxyamphetamine",1.0,CSF,Benzoic Acid,1.0,CSF,,2,0.5161002296110789,6,0.2051956704170308,5,2,0.6122095056847435,13,True,0.1253381751327834,True,1.0,1.0,1.0,1.0,2,1.0,2,1.0,2,1.0,3.0
"1-(1-Hydroxybutyl)-2,5-dimethoxybenzene ",-1.0,CSF,"1,3-Oxazolidine, 2,5-diphenyl-4-methyl-, trans-",-1.0,CSF,,2,0.7378647873726218,4,0.316227766016838,4,2,0.7683069659820713,10,True,0.0743145529408414,True,1.0,1.0,1.0,1.0,2,1.0,2,1.0,2,1.0,3.0
"1-(1-Hydroxybutyl)-2,5-dimethoxybenzene ",-1.0,CSF,"2,5-Dimethoxybenzhydrazide",-1.0,CSF,,2,1.0,4,0.1999999999999999,4,2,0.8424242424242423,10,True,0.0365155841447347,True,1.0,1.0,1.0,1.0,2,1.0,2,1.0,2,1.0,3.0
"1-(1-Hydroxybutyl)-2,5-dimethoxybenzene ",-1.0,CSF,"2-Cyclohexen-1-one, 3-methyl-",-1.0,CSF,,2,0.3999999999999999,4,0.7999999999999999,4,2,0.7818181818181817,10,True,0.0659414733744929,True,1.0,1.0,1.0,1.0,2,1.0,2,1.0,2,1.0,3.0
"1-(1-Hydroxybutyl)-2,5-dimethoxybenzene ",-1.0,CSF,"3-(4,7-Dimethoxy-2H-1,3-benzodioxol-5-yl)-2-methylprop-2-enal",-1.0,CSF,,2,1.0,4,0.3999999999999999,4,2,0.8545454545454544,10,True,0.0306065603106034,True,1.0,1.0,1.0,1.0,2,1.0,2,1.0,2,1.0,3.0
"1-(1-Hydroxybutyl)-2,5-dimethoxybenzene ",-1.0,CSF,8-Methylnonanoic acid,-1.0,CSF,,2,0.632455532033676,4,0.6000000000000001,4,2,0.7659609850368815,10,True,0.0751559894944798,True,1.0,1.0,1.0,1.0,2,1.0,2,1.0,2,1.0,3.0
"1-(1-Hydroxybutyl)-2,5-dimethoxybenzene ",-1.0,CSF,Aceturic acid,-1.0,CSF,,2,0.7999999999999999,4,1.0,3,2,0.75,9,True,0.1101901332024118,True,1.0,1.0,1.0,1.0,2,1.0,2,1.0,2,1.0,3.0
"1-(1-Hydroxybutyl)-2,5-dimethoxybenzene ",-1.0,CSF,"Benzoic acid, 2-hydroxy-3-[(2-hydroxy-4-methoxy-6-propylbenzoyl)oxy]-4-methoxy-6-propyl-, methyl ester ",-1.0,CSF,,2,0.7999999999999999,4,0.7999999999999999,4,2,0.7939393939393938,10,True,0.0596385986133624,True,1.0,1.0,1.0,1.0,2,1.0,2,1.0,2,1.0,3.0
"1-(1-Hydroxybutyl)-2,5-dimethoxybenzene ",-1.0,CSF,Butanedioic acid,-1.0,CSF,,2,0.7999999999999999,4,0.7999999999999999,4,2,0.709090909090909,10,True,0.1147163354883697,True,1.0,1.0,1.0,1.0,2,1.0,2,1.0,2,1.0,3.0
"1-(1-Hydroxybutyl)-2,5-dimethoxybenzene ",-1.0,CSF,Cyclooctylamine,-1.0,CSF,,2,1.0,4,0.1054092553389459,4,2,0.7477238187264795,10,True,0.0862413893023272,True,1.0,1.0,1.0,1.0,2,1.0,2,1.0,2,1.0,3.0
"1-(1-Hydroxybutyl)-2,5-dimethoxybenzene ",-1.0,CSF,Diethylamine,-1.0,CSF,,2,0.7999999999999999,4,0.7999999999999999,4,2,0.7818181818181817,10,True,0.0659414733744929,True,1.0,1.0,1.0,1.0,2,1.0,2,1.0,2,1.0,3.0
"1-(1-Hydroxybutyl)-2,5-dimethoxybenzene ",-1.0,CSF,DL-Glyceraldehyde,-1.0,CSF,,2,0.7999999999999999,4,0.948683298050514,4,2,0.7538028741632801,10,True,0.082605855147623,True,1.0,1.0,1.0,1.0,2,1.0,2,1.0,2,1.0,3.0
"1-(1-Hydroxybutyl)-2,5-dimethoxybenzene ",-1.0,CSF,"Erythrono-1,4-lactone",-1.0,CSF,,2,1.0,4,1.0,4,2,0.8666666666666665,10,True,0.0257902867201983,True,1.0,1.0,1.0,1.0,2,1.0,2,1.0,2,1.0,3.0
"1-(1-Hydroxybutyl)-2,5-dimethoxybenzene ",-1.0,CSF,Hydracrylic acid,-1.0,CSF,,2,0.3999999999999999,4,0.6000000000000001,4,2,0.7454545454545454,10,True,0.0881204849539159,True,1.0,1.0,1.0,1.0,2,1.0,2,1.0,2,1.0,3.0
"1-(1-Hydroxybutyl)-2,5-dimethoxybenzene ",-1.0,CSF,"L-Histidine, N,1-bis(tert-butyldimethylsilyl)-",-1.0,CSF,,2,1.0,4,0.316227766016838,4,2,0.7841981513472833,10,True,0.064946844184985,True,1.0,1.0,1.0,1.0,2,1.0,2,1.0,2,1.0,3.0
"1-(1-Hydroxybutyl)-2,5-dimethoxybenzene ",-1.0,CSF,"l-Norvaline, n-propargyloxycarbonyl-, isohexyl ester",-1.0,CSF,,1,1.0,3,0.5,3,2,0.8214285714285715,7,True,0.1195735965444995,True,1.0,1.0,1.0,1.0,2,1.0,2,1.0,2,1.0,3.0
"1-(1-Hydroxybutyl)-2,5-dimethoxybenzene ",-1.0,CSF,Mevalonolactone,-1.0,CSF,,2,0.7999999999999999,4,0.948683298050514,4,2,0.960490759014502,10,True,0.0020331683681836,True,1.0,1.0,1.0,1.0,2,1.0,2,1.0,2,1.0,3.0
"1-(1-Hydroxybutyl)-2,5-dimethoxybenzene ",-1.0,CSF,Phytanic acid,-1.0,CSF,,2,0.1999999999999999,4,1.0,4,2,0.709090909090909,10,True,0.1147163354883697,True,1.0,1.0,1.0,1.0,2,1.0,2,1.0,2,1.0,3.0
"1-(1-Hydroxybutyl)-2,5-dimethoxybenzene ",-1.0,CSF,Picolinic acid,-1.0,CSF,,2,0.948683298050514,4,0.2581988897471611,4,2,0.8519979545631314,10,True,0.0315847752869698,True,1.0,1.0,1.0,1.0,2,1.0,2,1.0,2,1.0,3.0
"1-(1-Hydroxybutyl)-2,5-dimethoxybenzene ",-1.0,CSF,Tetrahydro-solasodine triacetate,-1.0,CSF,,2,0.7999999999999999,4,0.7999999999999999,4,2,0.6930123197952736,10,True,0.1255428614143436,True,1.0,1.0,1.0,1.0,2,1.0,2,1.0,2,1.0,3.0
"1-(2,4-Dimethoxyphenyl)-propan-2-one",-1.0,CSF,3-Amino-5-methylisoxazole,-1.0,CSF,,2,0.2236067977499789,5,0.4616902584383193,5,2,0.6137652049144834,12,True,0.1435719273369634,True,1.0,1.0,1.0,1.0,2,1.0,2,1.0,2,1.0,3.0
"1-(2,4-Dimethoxyphenyl)-propan-2-one",-1.0,CSF,Butyric Acid,-1.0,CSF,1.0,3,0.7826237921249264,5,0.7999999999999999,5,3,0.7900673067570567,13,True,0.0274943754138282,True,1.0,1.0,1.0,1.0,2,1.0,2,1.0,2,1.0,3.0
"1-(2,4-Dimethoxyphenyl)-propan-2-one",-1.0,CSF,Pentanoic acid,-1.0,CSF,0.5,3,0.4472135954999579,5,0.6668859288553501,5,3,0.6777375080240692,13,True,0.0791875062665264,True,1.0,1.0,1.0,1.0,2,1.0,2,1.0,2,1.0,3.0
"1-(2,4-Dimethoxyphenyl)-propan-2-one",-1.0,CSF,Urea,-1.0,CSF,0.5,3,0.7826237921249264,5,0.7181848464596079,5,3,0.7247641922543107,13,True,0.0545741504035257,True,1.0,1.0,1.0,1.0,2,1.0,2,1.0,2,1.0,3.0
"1-(2,5-Dimethoxyphenyl)-1-[(trimethylsilyl)oxy]propan-2-amine",1.0,CSF,"3,5-Dimethylphenol",1.0,CSF,0.5,3,0.4616902584383193,5,0.6,5,3,0.6574971832174716,13,True,0.0925035084970694,True,1.0,1.0,1.0,1.0,2,1.0,2,1.0,2,1.0,3.0
"1-(2,5-Dimethoxyphenyl)-1-[(trimethylsilyl)oxy]propan-2-amine",1.0,CSF,Aconitic acid,1.0,CSF,1.0,3,0.7205882352941176,6,0.1538967528127731,5,3,0.5986773208728771,14,True,0.1200457138948782,True,1.0,1.0,1.0,1.0,2,1.0,2,1.0,2,1.0,3.0
"1-(2,5-Dimethoxyphenyl)-1-[(trimethylsilyl)oxy]propan-2-amine",1.0,CSF,Benzoic Acid,1.0,CSF,0.8660254037844387,3,0.2772184966351638,6,0.6668859288553501,5,3,0.7176189744115368,14,True,0.0482918401552428,True,1.0,1.0,1.0,1.0,2,1.0,2,1.0,2,1.0,3.0
"1-(4-Methoxyphenyl)-4,6-dimethyl-2(1H)-pyrimidinone",-1.0,CSF,1-(Cyclohexylmethyl)-4-piperidinylamine,1.0,CSF,,2,-0.7,5,-1.0,3,2,-0.7212121212121211,10,True,0.1075781410601102,True,-1.0,-1.0,-1.0,-1.0,2,-1.0,2,-1.0,2,-1.0,3.0
"1-(4-Methoxyphenyl)-4,6-dimethyl-2(1H)-pyrimidinone",-1.0,CSF,"2,5-Dimethoxybenzhydrazide",-1.0,CSF,,1,0.7714285714285715,6,0.7,5,2,0.7202797202797203,12,True,0.0686090453507622,True,1.0,1.0,1.0,1.0,2,1.0,2,1.0,2,1.0,3.0
"1-(4-Methoxyphenyl)-4,6-dimethyl-2(1H)-pyrimidinone",-1.0,CSF,"2,5-Dimethoxybenzonitrile",-1.0,CSF,,2,0.8857142857142858,6,0.4999999999999999,5,2,0.7142857142857143,13,True,0.0596385986133624,True,1.0,1.0,1.0,1.0,2,1.0,2,1.0,2,1.0,3.0
"1-(4-Methoxyphenyl)-4,6-dimethyl-2(1H)-pyrimidinone",-1.0,CSF,"2',5'-Dimethoxypropiophenone",-1.0,CSF,,2,0.942857142857143,6,0.7,5,2,0.8131868131868131,13,True,0.0202350805028827,True,1.0,1.0,1.0,1.0,2,1.0,2,1.0,2,1.0,3.0
"1-(4-Methoxyphenyl)-4,6-dimethyl-2(1H)-pyrimidinone",-1.0,CSF,2-Amino-4-methylbenzophenone,-1.0,CSF,,2,0.8999999999999998,5,1.0,5,2,0.8601398601398602,12,True,0.013548043884126,True,1.0,1.0,1.0,1.0,2,1.0,2,1.0,2,1.0,3.0
"1-(4-Methoxyphenyl)-4,6-dimethyl-2(1H)-pyrimidinone",-1.0,CSF,"2-Butenoic acid, 3-[(tert-butyldimethylsilyl)oxy]",-1.0,CSF,,2,0.8857142857142858,6,0.8207826816681233,5,2,0.7537833815965993,13,True,0.0420140132520634,True,1.0,1.0,1.0,1.0,2,1.0,2,1.0,2,1.0,3.0
"1-(4-Methoxyphenyl)-4,6-dimethyl-2(1H)-pyrimidinone",-1.0,CSF,"3-(4,7-Dimethoxy-2H-1,3-benzodioxol-5-yl)-2-methylprop-2-enal",-1.0,CSF,,2,0.7714285714285715,6,0.4999999999999999,5,2,0.6428571428571429,13,True,0.1043660867840691,True,1.0,1.0,1.0,1.0,2,1.0,2,1.0,2,1.0,3.0
"1-(4-Methoxyphenyl)-4,6-dimethyl-2(1H)-pyrimidinone",-1.0,CSF,Cholesterol,1.0,CSF,,2,-0.7714285714285715,6,-0.8999999999999998,5,2,-0.5934065934065934,13,True,0.1410955432145841,True,-1.0,-1.0,-1.0,-1.0,2,-1.0,2,-1.0,2,-1.0,3.0
"1-(4-Methoxyphenyl)-4,6-dimethyl-2(1H)-pyrimidinone",-1.0,CSF,"Cyclohexanone, 3,3,5-trimethyl",-1.0,CSF,,2,0.6,5,0.4999999999999999,5,2,0.6223776223776225,12,True,0.1359210134372988,True,1.0,1.0,1.0,1.0,2,1.0,2,1.0,2,1.0,3.0
"1-(4-Methoxyphenyl)-4,6-dimethyl-2(1H)-pyrimidinone",-1.0,CSF,Cyclooctylamine,-1.0,CSF,,2,0.8285714285714287,6,0.6155870112510925,5,2,0.7537833815965993,13,True,0.0420140132520634,True,1.0,1.0,1.0,1.0,2,1.0,2,1.0,2,1.0,3.0
"1-(4-Methoxyphenyl)-4,6-dimethyl-2(1H)-pyrimidinone",-1.0,CSF,Hydracrylic acid,-1.0,CSF,,2,1.0,6,0.0999999999999999,5,2,0.6868131868131868,13,True,0.0744163371967603,True,1.0,1.0,1.0,1.0,2,1.0,2,1.0,2,1.0,3.0
"1-(4-Methoxyphenyl)-4,6-dimethyl-2(1H)-pyrimidinone",-1.0,CSF,N-Acetylaminoethanol,-1.0,CSF,,2,0.8986451052612952,6,0.3590924232298039,5,2,0.675867855254921,13,True,0.0804957408060389,True,1.0,1.0,1.0,1.0,2,1.0,2,1.0,2,1.0,3.0
1-(tert-Butyldimethylsilyl)-4-methyl-1H-pyrazole,-1.0,CSF,"1-Octanol, 2-butyl-",-1.0,CSF,0.5,3,0.3751832396884334,6,0.8999999999999998,5,3,0.7721257834568298,14,True,0.0261270863468683,True,1.0,1.0,1.0,1.0,2,1.0,2,1.0,2,1.0,3.0
1-(tert-Butyldimethylsilyl)-4-methyl-1H-pyrazole,-1.0,CSF,2-(Methylamino)ethanol,-1.0,CSF,0.5,3,0.5236349380886428,6,0.7,5,3,0.6033182319703334,14,True,0.1164356279361411,True,1.0,1.0,1.0,1.0,2,1.0,2,1.0,2,1.0,3.0
1-(tert-Butyldimethylsilyl)-4-methyl-1H-pyrazole,-1.0,CSF,"2,4,4'-Trihydroxybenzophenone",-1.0,CSF,0.5,3,0.6375355777548621,6,0.8720815992723809,5,3,0.8596732316353835,14,True,0.0058463075265235,True,1.0,1.0,1.0,1.0,2,1.0,2,1.0,2,1.0,3.0
1-(tert-Butyldimethylsilyl)-4-methyl-1H-pyrazole,-1.0,CSF,2-Pentadecanone,-1.0,CSF,0.8660254037844387,3,0.3548387096774194,6,0.8999999999999998,5,3,0.6415098290775859,14,True,0.088470545617508,True,1.0,1.0,1.0,1.0,2,1.0,2,1.0,2,1.0,3.0
1-(tert-Butyldimethylsilyl)-4-methyl-1H-pyrazole,-1.0,CSF,3-Amino-5-methylisoxazole,-1.0,CSF,,2,0.2125118592516207,6,0.8720815992723809,5,2,0.6141131705360954,13,True,0.124304845496866,True,1.0,1.0,1.0,1.0,2,1.0,2,1.0,2,1.0,3.0
1-(tert-Butyldimethylsilyl)-4-methyl-1H-pyrazole,-1.0,CSF,"6-Aminocaproic acid, N-(tert.-butyldimethylsilyl)",-1.0,CSF,0.8660254037844387,3,1.0,4,0.7181848464596079,5,3,0.8350928599287796,12,True,0.0202350805028827,True,1.0,1.0,1.0,1.0,2,1.0,2,1.0,2,1.0,3.0
1-(tert-Butyldimethylsilyl)-4-methyl-1H-pyrazole,-1.0,CSF,Adenine,-1.0,CSF,,1,0.819688599970537,6,0.8999999999999998,5,2,0.7535398122682787,12,True,0.0527664308451105,True,1.0,1.0,1.0,1.0,2,1.0,2,1.0,2,1.0,3.0
1-(tert-Butyldimethylsilyl)-4-methyl-1H-pyrazole,-1.0,CSF,Azelaic acid,-1.0,CSF,0.5,3,0.4312287725435882,6,0.8999999999999998,5,3,0.5679589216717058,14,True,0.14423326221882,True,1.0,1.0,1.0,1.0,2,1.0,2,1.0,2,1.0,3.0
1-(tert-Butyldimethylsilyl)-4-methyl-1H-pyrazole,-1.0,CSF,Curcumin,-1.0,CSF,1.0,3,0.2732295333235123,6,0.3999999999999999,5,3,0.8013323132632415,14,True,0.0180754204020079,True,1.0,1.0,1.0,1.0,2,1.0,2,1.0,2,1.0,3.0
1-(tert-Butyldimethylsilyl)-4-methyl-1H-pyrazole,-1.0,CSF,Glycerol,-1.0,CSF,0.8660254037844387,3,0.6982532518267538,6,0.7,5,3,0.5812186630336913,14,True,0.1328322605880593,True,1.0,1.0,1.0,1.0,2,1.0,2,1.0,2,1.0,3.0
1-(tert-Butyldimethylsilyl)-4-methyl-1H-pyrazole,-1.0,CSF,Leucylglycine,1.0,CSF,,1,-0.6375355777548621,6,-0.7,5,2,-0.6479033899876788,12,True,0.1174055731788019,True,-1.0,-1.0,-1.0,-1.0,2,-1.0,2,-1.0,2,-1.0,3.0
1-(tert-Butyldimethylsilyl)-4-methyl-1H-pyrazole,-1.0,CSF,L-Tryptophan,-1.0,CSF,0.8660254037844387,3,0.9411239481143202,6,0.8999999999999998,5,3,0.5878485337146838,14,True,0.1274249740950452,True,1.0,1.0,1.0,1.0,2,1.0,2,1.0,2,1.0,3.0
1-(tert-Butyldimethylsilyl)-4-methyl-1H-pyrazole,-1.0,CSF,Synephrine,-1.0,CSF,1.0,3,0.6776452139970672,6,0.632455532033676,4,3,0.706373901271692,13,True,0.0638523210907788,True,1.0,1.0,1.0,1.0,2,1.0,2,1.0,2,1.0,3.0
1-(tert-Butyldimethylsilyl)-4-methyl-1H-pyrazole,-1.0,CSF,Tetrahydro-solasodine triacetate,-1.0,CSF,0.8660254037844387,3,0.2125118592516207,6,0.7,5,3,0.8663031023163762,14,True,0.005099253675901,True,1.0,1.0,1.0,1.0,2,1.0,2,1.0,2,1.0,3.0
1-(tert-Butyldimethylsilyl)-4-methyl-1H-pyrazole,-1.0,CSF,Yangonin,-1.0,CSF,1.0,3,0.739249324360437,6,1.0,4,3,0.9128709291752768,13,True,0.0025356586131364,True,1.0,1.0,1.0,1.0,2,1.0,2,1.0,2,1.0,3.0
"1,2-Cyclohexanediol, (Z)",1.0,CSF,"2-Methylcyclohexanol, (Z)",1.0,CSF,,2,0.6617647058823529,6,0.6578947368421054,5,2,0.6270718232044199,13,True,0.1149069082322128,True,1.0,1.0,1.0,1.0,2,1.0,2,1.0,2,1.0,3.0
"1,2-Cyclohexanediol, (Z)",1.0,CSF,Butylmethylamine,-1.0,CSF,,2,-0.6957252427829381,6,-0.2631578947368421,5,2,-0.6013798824068189,13,True,0.1343050846569123,True,-1.0,-1.0,-1.0,-1.0,2,-1.0,2,-1.0,2,-1.0,3.0
"1,2-Cyclohexanediol, (Z)",1.0,CSF,Cyclobutylamine,-1.0,CSF,,2,-0.6764705882352942,6,-0.4103913408340617,5,2,-0.6372419854861247,13,True,0.1082557224173712,True,-1.0,-1.0,-1.0,-1.0,2,-1.0,2,-1.0,2,-1.0,3.0
"1,2-Cyclohexanediol, (Z)",1.0,CSF,Isopropylamine,-1.0,CSF,,2,-0.3768511731740915,6,-0.7181848464596079,5,2,-0.7162561613790812,13,True,0.058796048314464,True,-1.0,-1.0,-1.0,-1.0,2,-1.0,2,-1.0,2,-1.0,3.0
"1,3-Oxazolidine, 2,5-diphenyl-4-methyl-, trans-",-1.0,CSF,"1-Octanol, 2-butyl-",-1.0,CSF,1.0,3,0.4848484848484847,6,0.4103913408340617,5,3,0.693923075561361,14,True,0.0588432230224317,True,1.0,1.0,1.0,1.0,2,1.0,2,1.0,2,1.0,3.0
"1,3-Oxazolidine, 2,5-diphenyl-4-methyl-, trans-",-1.0,CSF,2-Butenedioic acid,-1.0,CSF,,2,0.7944613465542746,6,0.4616902584383193,5,2,0.6537987007976175,13,True,0.095923626229884,True,1.0,1.0,1.0,1.0,2,1.0,2,1.0,2,1.0,3.0
"1,3-Oxazolidine, 2,5-diphenyl-4-methyl-, trans-",-1.0,CSF,3-Amino-5-methylisoxazole,-1.0,CSF,,2,0.4413674147523747,6,0.5000000000000001,5,2,0.6754169417074809,13,True,0.080685210575563,True,1.0,1.0,1.0,1.0,2,1.0,2,1.0,2,1.0,3.0
"1,3-Oxazolidine, 2,5-diphenyl-4-methyl-, trans-",-1.0,CSF,"Benzoic acid, 2-hydroxy-3-[(2-hydroxy-4-methoxy-6-propylbenzoyl)oxy]-4-methoxy-6-propyl-, methyl ester ",-1.0,CSF,1.0,3,0.985184366143778,6,0.4616902584383193,5,3,0.8940419134711506,14,True,0.0026871698574345,True,1.0,1.0,1.0,1.0,2,1.0,2,1.0,2,1.0,3.0
"1,3-Oxazolidine, 2,5-diphenyl-4-methyl-, trans-",-1.0,CSF,Butylmethylamine,-1.0,CSF,0.5,3,0.5590653920196746,6,0.7631578947368421,5,3,0.7406199060977061,14,True,0.0388070131475901,True,1.0,1.0,1.0,1.0,2,1.0,2,1.0,2,1.0,3.0
"1,3-Oxazolidine, 2,5-diphenyl-4-methyl-, trans-",-1.0,CSF,Curcumin,-1.0,CSF,0.5,3,0.2648204488514248,6,0.0512989176042577,5,3,0.5755268527378272,14,True,0.1375550342045775,True,1.0,1.0,1.0,1.0,2,1.0,2,1.0,2,1.0,3.0
"1,3-Oxazolidine, 2,5-diphenyl-4-methyl-, trans-",-1.0,CSF,Cyclobutylamine,-1.0,CSF,1.0,3,0.6866436491305119,6,0.5642880936468347,5,3,0.8763818262914734,14,True,0.0040314556228969,True,1.0,1.0,1.0,1.0,2,1.0,2,1.0,2,1.0,3.0
"1,3-Oxazolidine, 2,5-diphenyl-4-methyl-, trans-",-1.0,CSF,Methyl lactate,-1.0,CSF,,2,0.2648204488514248,6,0.6308932681440449,5,2,0.5880726876804354,13,True,0.1450511611792121,True,1.0,1.0,1.0,1.0,2,1.0,2,1.0,2,1.0,3.0
"1,3-Oxazolidine, 2,5-diphenyl-4-methyl-, trans-",-1.0,CSF,Mevalonolactone,-1.0,CSF,1.0,3,0.2942449431682498,6,0.5526315789473686,5,3,0.6633570246866192,14,True,0.0750138606216379,True,1.0,1.0,1.0,1.0,2,1.0,2,1.0,2,1.0,3.0
"1,3-Oxazolidine, 2,5-diphenyl-4-methyl-, trans-",-1.0,CSF,Synephrine,-1.0,CSF,0.5,3,0.1343433226559697,6,0.5000000000000001,4,3,0.6417710149726933,13,True,0.1050876019776897,True,1.0,1.0,1.0,1.0,2,1.0,2,1.0,2,1.0,3.0
"1,3-Oxazolidine, 2,5-diphenyl-4-methyl-, trans-",-1.0,CSF,Tetrahydro-solasodine triacetate,-1.0,CSF,0.8660254037844387,3,0.4119429204355497,6,0.2051956704170308,5,3,0.6887434000074047,14,True,0.0616723866254659,True,1.0,1.0,1.0,1.0,2,1.0,2,1.0,2,1.0,3.0
"1-Octanol, 2-butyl-",-1.0,CSF,3-Amino-5-methylisoxazole,-1.0,CSF,,2,0.5002164033860248,6,0.9746794344808964,5,2,0.9351733033757416,13,True,0.0011867206210943,True,1.0,1.0,1.0,1.0,2,1.0,2,1.0,2,1.0,3.0
"1-Octanol, 2-butyl-",-1.0,CSF,"6-Aminocaproic acid, N-(tert.-butyldimethylsilyl)",-1.0,CSF,0.8660254037844387,3,0.632455532033676,4,0.8207826816681233,5,3,0.6994738394593226,12,True,0.0808210362570805,True,1.0,1.0,1.0,1.0,2,1.0,2,1.0,2,1.0,3.0
"1-Octanol, 2-butyl-",-1.0,CSF,"Benzoic acid, 2-hydroxy-3-[(2-hydroxy-4-methoxy-6-propylbenzoyl)oxy]-4-methoxy-6-propyl-, methyl ester ",-1.0,CSF,1.0,3,0.3731758962665825,6,0.7,5,3,0.6030874668829903,14,True,0.1165564818810759,True,1.0,1.0,1.0,1.0,2,1.0,2,1.0,2,1.0,3.0
"1-Octanol, 2-butyl-",-1.0,CSF,"Benzoic acid, methyl ester",-1.0,CSF,1.0,3,0.6179143806533246,6,0.3,5,3,0.629957475300897,14,True,0.0971818610566369,True,1.0,1.0,1.0,1.0,2,1.0,2,1.0,2,1.0,3.0
"1-Octanol, 2-butyl-",-1.0,CSF,Curcumin,-1.0,CSF,0.5,3,0.5002164033860248,6,0.1999999999999999,5,3,0.7533057921430307,14,True,0.0327292247173107,True,1.0,1.0,1.0,1.0,2,1.0,2,1.0,2,1.0,3.0
"1-Octanol, 2-butyl-",-1.0,CSF,Cyclobutylamine,-1.0,CSF,1.0,3,0.1940514660586229,6,0.3,5,3,0.6097026858981602,14,True,0.1124556448972877,True,1.0,1.0,1.0,1.0,2,1.0,2,1.0,2,1.0,3.0
"1-Octanol, 2-butyl-",-1.0,CSF,Leucylglycine,1.0,CSF,,1,-0.7356123579206245,6,-0.8999999999999998,5,2,-0.729829054055404,12,True,0.0643331133820981,True,-1.0,-1.0,-1.0,-1.0,2,-1.0,2,-1.0,2,-1.0,3.0
"1-Octanol, 2-butyl-",-1.0,CSF,Propylene glycol,-1.0,CSF,0.5,3,0.5523003264745422,6,0.3999999999999999,4,3,0.6551730370257774,13,True,0.0946758730297195,True,1.0,1.0,1.0,1.0,2,1.0,2,1.0,2,1.0,3.0
"1-Octanol, 2-butyl-",-1.0,CSF,Synephrine,-1.0,CSF,0.5,3,0.7314247566825018,6,0.948683298050514,4,3,0.6422651933701657,13,True,0.1047973339185724,True,1.0,1.0,1.0,1.0,2,1.0,2,1.0,2,1.0,3.0
"1-Octanol, 2-butyl-",-1.0,CSF,Tetrahydro-solasodine triacetate,-1.0,CSF,0.8660254037844387,3,0.7356123579206245,6,0.6,5,3,0.7916212088153328,14,True,0.0205851756989978,True,1.0,1.0,1.0,1.0,2,1.0,2,1.0,2,1.0,3.0
"1-Octanol, 2-butyl-",-1.0,CSF,Yangonin,-1.0,CSF,0.5,3,0.7015706849811753,6,0.7999999999999999,4,3,0.6910351401050834,13,True,0.0720818132562484,True,1.0,1.0,1.0,1.0,2,1.0,2,1.0,2,1.0,3.0
"2-(Ethylamino)ethanol, N-acetyl",-1.0,CSF,Benzyl alcohol,-1.0,CSF,0.8660254037844387,3,0.9411239481143202,6,0.8944271909999159,5,3,0.8013718341920176,14,True,0.0180754204020079,True,1.0,1.0,1.0,1.0,2,1.0,2,1.0,2,1.0,3.0
"2-(Ethylamino)ethanol, N-acetyl",-1.0,CSF,Butyric Acid,-1.0,CSF,0.8660254037844387,3,0.924061655450546,6,0.6708203932499368,5,3,0.7155838260923117,14,True,0.0491315858707418,True,1.0,1.0,1.0,1.0,2,1.0,2,1.0,2,1.0,3.0
"2-(Ethylamino)ethanol, N-acetyl",-1.0,CSF,Diacetyl monoxime,-1.0,CSF,1.0,3,0.6982532518267538,6,0.6708203932499368,5,3,0.7200284461301523,14,True,0.0473847093603678,True,1.0,1.0,1.0,1.0,2,1.0,2,1.0,2,1.0,3.0
"2-(Ethylamino)ethanol, N-acetyl",-1.0,CSF,Phenoxyethanol,-1.0,CSF,0.8660254037844387,3,0.7084472691787521,6,0.8944271909999159,5,3,0.777808506622078,14,True,0.0245890603852568,True,1.0,1.0,1.0,1.0,2,1.0,2,1.0,2,1.0,3.0
2-(Methylamino)ethanol,-1.0,CSF,Propylene glycol,-1.0,CSF,0.5,3,0.3529411764705882,6,1.0,4,3,0.628099173553719,13,True,0.1144397756381391,True,1.0,1.0,1.0,1.0,2,1.0,2,1.0,2,1.0,3.0
2-(Methylamino)ethanol,-1.0,CSF,Synephrine,-1.0,CSF,0.5,3,0.9558823529411764,6,0.316227766016838,4,3,0.660690283653363,13,True,0.0905334600998565,True,1.0,1.0,1.0,1.0,2,1.0,2,1.0,2,1.0,3.0
"2,2'-Bipyridine",1.0,CSF,"l-Norvaline, n-propargyloxycarbonyl-, isohexyl ester",-1.0,CSF,,1,-0.9746794344808964,5,-1.0,4,2,-0.8267515394048879,10,True,0.0436762839772062,True,-1.0,-1.0,-1.0,-1.0,2,-1.0,2,-1.0,2,-1.0,3.0
"2,3-Butanediol, O-(trimethylsilyl)-, monoacetate",-1.0,CSF,Butachlor ESA,-1.0,CSF,,2,0.948683298050514,4,0.2108185106778919,4,2,0.7073302226501608,10,True,0.1159453898690672,True,1.0,1.0,1.0,1.0,2,1.0,2,1.0,2,1.0,3.0
"2,3-Butanediol, O-(trimethylsilyl)-, monoacetate",-1.0,CSF,Hydracrylic acid,-1.0,CSF,0.5,3,0.9746794344808964,5,0.6155870112510925,5,3,0.8044107658565066,13,True,0.022881147156436,True,1.0,1.0,1.0,1.0,2,1.0,2,1.0,2,1.0,3.0
"2,3-Butanediol, O-(trimethylsilyl)-, monoacetate",-1.0,CSF,N-Acetylaspartic acid,-1.0,CSF,1.0,3,0.3999999999999999,4,0.9746794344808964,5,3,0.6935212036549628,12,True,0.0846178268873584,True,1.0,1.0,1.0,1.0,2,1.0,2,1.0,2,1.0,3.0
"2,3-Dihydroxybutanoic acid",-1.0,CSF,2-Pyrrolidone-5-carboxylic acid,-1.0,CSF,,2,0.7999999999999999,4,0.8333333333333335,4,2,0.7347560975609757,10,True,0.0964071020280867,True,1.0,1.0,1.0,1.0,2,1.0,2,1.0,2,1.0,3.0
"2,3-Dihydroxybutanoic acid",-1.0,CSF,"l-Norvaline, n-propargyloxycarbonyl-, isohexyl ester",-1.0,CSF,,0,1.0,3,0.5,3,2,0.8857142857142858,6,True,0.1077950462966916,True,1.0,1.0,1.0,1.0,2,1.0,2,1.0,2,1.0,3.0
"2,3-Dihydroxybutanoic acid",-1.0,CSF,N-Acetylaminoethanol,-1.0,CSF,,2,0.948683298050514,4,0.8333333333333335,4,2,0.7883583944787655,10,True,0.0627875968465279,True,1.0,1.0,1.0,1.0,2,1.0,2,1.0,2,1.0,3.0
"2,3-Dihydroxybutanoic acid",-1.0,CSF,Oxalic acid,-1.0,CSF,,2,0.948683298050514,4,1.0,4,2,0.6993996651406948,10,True,0.1218704330227451,True,1.0,1.0,1.0,1.0,2,1.0,2,1.0,2,1.0,3.0
"2,3-Dihydroxybutanoic acid",-1.0,CSF,Picolinic acid,-1.0,CSF,,2,0.948683298050514,4,0.8333333333333335,4,2,0.6819603753984879,10,True,0.1344149398186585,True,1.0,1.0,1.0,1.0,2,1.0,2,1.0,2,1.0,3.0
"2,4,4'-Trihydroxybenzophenone",-1.0,CSF,2-Butoxyethanol,-1.0,CSF,1.0,3,0.8285714285714287,6,0.9746794344808964,5,3,0.5896593227119474,14,True,0.1258571481754292,True,1.0,1.0,1.0,1.0,2,1.0,2,1.0,2,1.0,3.0
"2,4,4'-Trihydroxybenzophenone",-1.0,CSF,2-Methyl-3-pentanol,-1.0,CSF,,0,0.7,5,0.8660254037844387,3,2,0.7784570702436183,8,True,0.1178401657978767,True,1.0,1.0,1.0,1.0,2,1.0,2,1.0,2,1.0,3.0
"2,4,4'-Trihydroxybenzophenone",-1.0,CSF,"2-Methylcyclohexylamine, tert.-butyldimethylsilyl ether",-1.0,CSF,,0,1.0,4,1.0,3,2,0.8909090909090909,7,True,0.0646813610221407,True,1.0,1.0,1.0,1.0,2,1.0,2,1.0,2,1.0,3.0
"2,4,4'-Trihydroxybenzophenone",-1.0,CSF,2-Pentadecanone,-1.0,CSF,0.8660254037844387,3,0.7589709258986453,6,0.9746794344808964,5,3,0.756644575223968,14,True,0.0314595417590981,True,1.0,1.0,1.0,1.0,2,1.0,2,1.0,2,1.0,3.0
"2,4,4'-Trihydroxybenzophenone",-1.0,CSF,3-Amino-5-methylisoxazole,-1.0,CSF,,2,0.6571428571428573,6,0.605263157894737,5,2,0.7148760330578512,13,True,0.0593800723025646,True,1.0,1.0,1.0,1.0,2,1.0,2,1.0,2,1.0,3.0
"2,4,4'-Trihydroxybenzophenone",-1.0,CSF,"5-Nonanol, tert-butyldimethylsilyl ether",-1.0,CSF,0.5,3,0.5002164033860247,6,0.8720815992723809,5,3,0.8313125229063522,14,True,0.0110911521316616,True,1.0,1.0,1.0,1.0,2,1.0,2,1.0,2,1.0,3.0
"2,4,4'-Trihydroxybenzophenone",-1.0,CSF,6-Methyluracil,-1.0,CSF,0.5,3,0.2608969660436018,6,0.9746794344808964,5,3,0.6740088105726872,14,True,0.0686090453507622,True,1.0,1.0,1.0,1.0,2,1.0,2,1.0,2,1.0,3.0
"2,4,4'-Trihydroxybenzophenone",-1.0,CSF,Adenine,-1.0,CSF,,1,0.942857142857143,6,0.9746794344808964,5,2,0.8686528207395494,12,True,0.0115274967104718,True,1.0,1.0,1.0,1.0,2,1.0,2,1.0,2,1.0,3.0
"2,4,4'-Trihydroxybenzophenone",-1.0,CSF,Curcumin,-1.0,CSF,0.5,3,0.7714285714285715,6,0.6668859288553503,5,3,0.906491197601949,14,True,0.0016157504013046,True,1.0,1.0,1.0,1.0,2,1.0,2,1.0,2,1.0,3.0
"2,4,4'-Trihydroxybenzophenone",-1.0,CSF,Glycerol,-1.0,CSF,0.8660254037844387,3,0.8857142857142858,6,0.8207826816681234,5,3,0.7731277533039648,14,True,0.0257902867201983,True,1.0,1.0,1.0,1.0,2,1.0,2,1.0,2,1.0,3.0
"2,4,4'-Trihydroxybenzophenone",-1.0,CSF,Heptylamine,-1.0,CSF,,1,0.7,5,0.948683298050514,4,2,0.7112494861056755,10,True,0.112938506890358,True,1.0,1.0,1.0,1.0,2,1.0,2,1.0,2,1.0,3.0
"2,4,4'-Trihydroxybenzophenone",-1.0,CSF,"Hymexazole, tert-butyldimethylsilyl ether",-1.0,CSF,0.5,3,0.2,6,0.9746794344808964,5,3,0.5940597654187529,14,True,0.1228383094311973,True,1.0,1.0,1.0,1.0,2,1.0,2,1.0,2,1.0,3.0
"2,4,4'-Trihydroxybenzophenone",-1.0,CSF,Leucylglycine,1.0,CSF,,1,-1.0,6,-0.5642880936468347,5,2,-0.7880922768806397,12,True,0.0376936171040087,True,-1.0,-1.0,-1.0,-1.0,2,-1.0,2,-1.0,2,-1.0,3.0
"2,4,4'-Trihydroxybenzophenone",-1.0,CSF,Niacin,-1.0,CSF,0.5,3,0.8207826816681233,5,0.8207826816681234,5,3,0.5840220385674931,13,True,0.1480131225358509,True,1.0,1.0,1.0,1.0,2,1.0,2,1.0,2,1.0,3.0
"2,4,4'-Trihydroxybenzophenone",-1.0,CSF,Norketamine,-1.0,CSF,0.8660254037844387,3,0.9710083124552245,6,0.9746794344808964,5,3,0.7461386833413551,14,True,0.0364098942081014,True,1.0,1.0,1.0,1.0,2,1.0,2,1.0,2,1.0,3.0
"2,4,4'-Trihydroxybenzophenone",-1.0,CSF,Synephrine,-1.0,CSF,0.5,3,0.4928053803045811,6,0.5000000000000001,4,3,0.7324144898119745,13,True,0.0516117821126383,True,1.0,1.0,1.0,1.0,2,1.0,2,1.0,2,1.0,3.0
"2,4,4'-Trihydroxybenzophenone",-1.0,CSF,Triethyl citrate,-1.0,CSF,,3,1.0,4,0.9746794344808964,5,2,0.6948950883227197,12,True,0.0836852752809703,True,1.0,1.0,1.0,1.0,2,1.0,2,1.0,2,1.0,3.0
"2,4,4'-Trihydroxybenzophenone",-1.0,CSF,Xylazine,-1.0,CSF,0.5,3,0.6571428571428573,6,0.9473684210526316,5,3,0.7731277533039648,14,True,0.0257902867201983,True,1.0,1.0,1.0,1.0,2,1.0,2,1.0,2,1.0,3.0
"2,4,4'-Trihydroxybenzophenone",-1.0,CSF,Yangonin,-1.0,CSF,0.5,3,0.9856107606091624,6,0.948683298050514,4,3,0.928374655647383,13,True,0.001326998160613,True,1.0,1.0,1.0,1.0,2,1.0,2,1.0,2,1.0,3.0
"2,4,6-Cycloheptatrien-1-one",-1.0,CSF,"2-Cyclohexen-1-one, 3-methyl-6-(1-methylethyl)",-1.0,CSF,1.0,3,0.5,3,1.0,3,3,0.7333333333333334,9,True,0.1220978195395835,True,1.0,1.0,1.0,1.0,2,1.0,2,1.0,2,1.0,3.0
"2,4-Di-tert-butylphenol",-1.0,CSF,"2-Methyl-1,3-butanediol",-1.0,CSF,0.5,3,,1,0.8999999999999998,5,2,0.7833333333333333,9,True,0.0850130977352022,True,1.0,1.0,1.0,1.0,2,1.0,2,1.0,2,1.0,3.0
"2,4-Di-tert-butylphenol",-1.0,CSF,"5-Nonanol, tert-butyldimethylsilyl ether",-1.0,CSF,1.0,3,,1,0.8999999999999998,5,2,0.7666666666666667,9,True,0.0974305155698217,True,1.0,1.0,1.0,1.0,2,1.0,2,1.0,2,1.0,3.0
"2,4-Di-tert-butylphenol",-1.0,CSF,8-Methylnonanoic acid,-1.0,CSF,1.0,3,,1,0.8999999999999998,5,2,0.9,9,True,0.0230651167363605,True,1.0,1.0,1.0,1.0,2,1.0,2,1.0,2,1.0,3.0
"2,4-Di-tert-butylphenol",-1.0,CSF,Azelaic acid,-1.0,CSF,0.5,3,,1,0.7,5,2,0.7666666666666667,9,True,0.0974305155698217,True,1.0,1.0,1.0,1.0,2,1.0,2,1.0,2,1.0,3.0
"2,4-Di-tert-butylphenol",-1.0,CSF,"Benzaldehyde, 2,5-dimethoxy",1.0,CSF,-0.8660254037844387,3,,1,-0.3535533905932737,5,2,-0.7082411344924523,9,True,0.1415939363950721,True,-1.0,-1.0,-1.0,-1.0,2,-1.0,2,-1.0,2,-1.0,3.0
"2,4-Di-tert-butylphenol",-1.0,CSF,Benzyl alcohol,-1.0,CSF,0.5,3,,1,0.7,5,2,0.7333333333333334,9,True,0.1220978195395835,True,1.0,1.0,1.0,1.0,2,1.0,2,1.0,2,1.0,3.0
"2,4-Di-tert-butylphenol",-1.0,CSF,Lignoceric acid,-1.0,CSF,0.5,3,,1,0.8999999999999998,5,2,0.8499999999999999,9,True,0.0473847093603678,True,1.0,1.0,1.0,1.0,2,1.0,2,1.0,2,1.0,3.0
"2,4-Di-tert-butylphenol",-1.0,CSF,Myristic acid,-1.0,CSF,0.5,3,,1,0.4999999999999999,5,2,0.8499999999999999,9,True,0.0473847093603678,True,1.0,1.0,1.0,1.0,2,1.0,2,1.0,2,1.0,3.0
"2,4-Di-tert-butylphenol",-1.0,CSF,N-Acetyl-L-alanine,-1.0,CSF,0.5,3,,1,0.6668859288553501,5,2,0.7949860383179369,9,True,0.0772399309677287,True,1.0,1.0,1.0,1.0,2,1.0,2,1.0,2,1.0,3.0
"2,4-Di-tert-butylphenol",-1.0,CSF,Oleamide,-1.0,CSF,0.5,3,,1,0.6,5,2,0.8499999999999999,9,True,0.0473847093603678,True,1.0,1.0,1.0,1.0,2,1.0,2,1.0,2,1.0,3.0
"2,4-Di-tert-butylphenol",-1.0,CSF,Pentanedioic acid,-1.0,CSF,1.0,3,,1,1.0,4,2,0.7380952380952381,8,True,0.1487661146241105,True,1.0,1.0,1.0,1.0,2,1.0,2,1.0,2,1.0,3.0
"2,4-Di-tert-butylphenol",-1.0,CSF,Pipecolic acid,-1.0,CSF,0.5,3,,1,0.5797509043642028,5,2,0.8907877552249789,9,True,0.0270389174672081,True,1.0,1.0,1.0,1.0,2,1.0,2,1.0,2,1.0,3.0
"2,4-Di-tert-butylphenol",-1.0,CSF,Xylazine,-1.0,CSF,1.0,3,,1,0.9746794344808964,5,2,0.728039845617479,9,True,0.1253381751327834,True,1.0,1.0,1.0,1.0,2,1.0,2,1.0,2,1.0,3.0
"2,5-Dimethoxybenzhydrazide",-1.0,CSF,"2,5-Dimethoxybenzonitrile",-1.0,CSF,,2,0.7714285714285715,6,0.8999999999999998,5,2,0.8076923076923077,13,True,0.0218967437989738,True,1.0,1.0,1.0,1.0,2,1.0,2,1.0,2,1.0,3.0
"2,5-Dimethoxybenzhydrazide",-1.0,CSF,"2,5-Dimethoxyphenol",-1.0,CSF,,2,0.8285714285714287,6,0.8999999999999998,5,2,0.8461538461538461,13,True,0.0120992023903981,True,1.0,1.0,1.0,1.0,2,1.0,2,1.0,2,1.0,3.0
"2,5-Dimethoxybenzhydrazide",-1.0,CSF,"2',5'-Dimethoxypropiophenone",-1.0,CSF,,2,0.8857142857142858,6,1.0,5,2,0.8516483516483516,13,True,0.0109436425835069,True,1.0,1.0,1.0,1.0,2,1.0,2,1.0,2,1.0,3.0
"2,5-Dimethoxybenzhydrazide",-1.0,CSF,2-Amino-4-methylbenzophenone,-1.0,CSF,,2,0.8999999999999998,5,0.7,5,2,0.6573426573426573,12,True,0.1110629473722719,True,1.0,1.0,1.0,1.0,2,1.0,2,1.0,2,1.0,3.0
"2,5-Dimethoxybenzhydrazide",-1.0,CSF,"2-Butenoic acid, 3-[(tert-butyldimethylsilyl)oxy]",-1.0,CSF,,2,0.7714285714285715,6,0.9746794344808964,5,2,0.7950488951876541,13,True,0.0257902867201983,True,1.0,1.0,1.0,1.0,2,1.0,2,1.0,2,1.0,3.0
"2,5-Dimethoxybenzhydrazide",-1.0,CSF,"2-Cyclohexen-1-one, 3-methyl-",-1.0,CSF,,2,0.7714285714285715,6,0.7,5,2,0.7582417582417583,13,True,0.0404683761320903,True,1.0,1.0,1.0,1.0,2,1.0,2,1.0,2,1.0,3.0
"2,5-Dimethoxybenzhydrazide",-1.0,CSF,"3-(4,7-Dimethoxy-2H-1,3-benzodioxol-5-yl)-2-methylprop-2-enal",-1.0,CSF,,2,1.0,6,0.8999999999999998,5,2,0.9615384615384616,13,True,0.0001591381821063,True,1.0,1.0,1.0,1.0,2,1.0,2,1.0,2,1.0,3.0
"2,5-Dimethoxybenzhydrazide",-1.0,CSF,"6-Methoxy-1-methyl-1,2,3,4-tetrahydroisoquinolin-7-ol ",-1.0,CSF,,0,0.7999999999999999,4,0.948683298050514,4,2,0.7784570702436182,8,True,0.1178401657978767,True,1.0,1.0,1.0,1.0,2,1.0,2,1.0,2,1.0,3.0
"2,5-Dimethoxybenzhydrazide",-1.0,CSF,"Benzene, 1,4-dimethoxy",-1.0,CSF,,2,0.6,6,0.6668859288553501,5,2,0.6446305452411731,13,True,0.102709220337267,True,1.0,1.0,1.0,1.0,2,1.0,2,1.0,2,1.0,3.0
"2,5-Dimethoxybenzhydrazide",-1.0,CSF,Butanedioic acid,-1.0,CSF,,2,0.8857142857142858,6,0.6,5,2,0.7637362637362637,13,True,0.0382316467077965,True,1.0,1.0,1.0,1.0,2,1.0,2,1.0,2,1.0,3.0
"2,5-Dimethoxybenzhydrazide",-1.0,CSF,Cholesterol,1.0,CSF,,2,-0.8857142857142858,6,-0.6,5,2,-0.5934065934065934,13,True,0.1410955432145841,True,-1.0,-1.0,-1.0,-1.0,2,-1.0,2,-1.0,2,-1.0,3.0
"2,5-Dimethoxybenzhydrazide",-1.0,CSF,"Cyclohexanone, 3,3,5-trimethyl",-1.0,CSF,,2,0.4999999999999999,5,0.8999999999999998,5,2,0.8461538461538463,12,True,0.0169411880464698,True,1.0,1.0,1.0,1.0,2,1.0,2,1.0,2,1.0,3.0
"2,5-Dimethoxybenzhydrazide",-1.0,CSF,Cyclooctylamine,-1.0,CSF,,2,0.942857142857143,6,0.8720815992723809,5,2,0.8775799223697635,13,True,0.0058463075265235,True,1.0,1.0,1.0,1.0,2,1.0,2,1.0,2,1.0,3.0
"2,5-Dimethoxybenzhydrazide",-1.0,CSF,Diethylamine,-1.0,CSF,,2,0.9276336570439176,6,0.6,5,2,0.8198082033422869,13,True,0.0183341532345695,True,1.0,1.0,1.0,1.0,2,1.0,2,1.0,2,1.0,3.0
"2,5-Dimethoxybenzhydrazide",-1.0,CSF,"Erythrono-1,4-lactone",-1.0,CSF,,2,0.7714285714285715,6,0.4999999999999999,5,2,0.8131868131868131,13,True,0.0202350805028827,True,1.0,1.0,1.0,1.0,2,1.0,2,1.0,2,1.0,3.0
"2,5-Dimethoxybenzhydrazide",-1.0,CSF,Hydracrylic acid,-1.0,CSF,,2,0.7714285714285715,6,0.3999999999999999,5,2,0.7637362637362637,13,True,0.0382316467077965,True,1.0,1.0,1.0,1.0,2,1.0,2,1.0,2,1.0,3.0
"2,5-Dimethoxybenzhydrazide",-1.0,CSF,Mevalonolactone,-1.0,CSF,,2,0.4857142857142857,6,0.6668859288553501,5,2,0.7235220049631592,13,True,0.0553909087824605,True,1.0,1.0,1.0,1.0,2,1.0,2,1.0,2,1.0,3.0
"2,5-Dimethoxybenzhydrazide",-1.0,CSF,N-Acetylaminoethanol,-1.0,CSF,,2,0.5507824838698261,6,0.8207826816681233,5,2,0.6666691963605293,13,True,0.0861131752100228,True,1.0,1.0,1.0,1.0,2,1.0,2,1.0,2,1.0,3.0
"2,5-Dimethoxybenzhydrazide",-1.0,CSF,Trimethylolpropane,-1.0,CSF,,0,0.9746794344808964,5,1.0,3,2,0.8024095954818835,8,True,0.0996861030216116,True,1.0,1.0,1.0,1.0,2,1.0,2,1.0,2,1.0,3.0
"2,5-Dimethoxybenzonitrile",-1.0,CSF,"2,5-Dimethoxyphenol",-1.0,CSF,1.0,3,0.3714285714285715,6,1.0,5,3,0.6879120879120879,14,True,0.0616723866254659,True,1.0,1.0,1.0,1.0,2,1.0,2,1.0,2,1.0,3.0
"2,5-Dimethoxybenzonitrile",-1.0,CSF,"2',5'-Dimethoxypropiophenone",-1.0,CSF,0.5,3,0.7714285714285715,6,0.8999999999999998,5,3,0.8417582417582418,14,True,0.0089791156963453,True,1.0,1.0,1.0,1.0,2,1.0,2,1.0,2,1.0,3.0
"2,5-Dimethoxybenzonitrile",-1.0,CSF,2-Methyl-3-pentanol,-1.0,CSF,,0,0.7999999999999999,5,1.0,3,2,0.880952380952381,8,True,0.0482918401552428,True,1.0,1.0,1.0,1.0,2,1.0,2,1.0,2,1.0,3.0
"2,5-Dimethoxybenzonitrile",-1.0,CSF,"3-(4,7-Dimethoxy-2H-1,3-benzodioxol-5-yl)-2-methylprop-2-enal",-1.0,CSF,0.5,3,0.7714285714285715,6,1.0,5,3,0.8153846153846154,14,True,0.0142614588538661,True,1.0,1.0,1.0,1.0,2,1.0,2,1.0,2,1.0,3.0
"2,5-Dimethoxybenzonitrile",-1.0,CSF,alpha-Hydroxyisobutyric acid,-1.0,CSF,,0,0.942857142857143,6,1.0,3,2,0.7999999999999999,9,True,0.0748243580730714,True,1.0,1.0,1.0,1.0,2,1.0,2,1.0,2,1.0,3.0
"2,5-Dimethoxybenzonitrile",-1.0,CSF,"Benzene, 1,4-dimethoxy",-1.0,CSF,0.8660254037844387,3,0.8285714285714287,6,0.8720815992723809,5,3,0.7334819555076878,14,True,0.0415249710333166,True,1.0,1.0,1.0,1.0,2,1.0,2,1.0,2,1.0,3.0
"2,5-Dimethoxybenzonitrile",-1.0,CSF,"Cyclohexanone, 3,3,5-trimethyl",-1.0,CSF,1.0,3,0.6,5,1.0,5,3,0.8351648351648352,13,True,0.0142614588538661,True,1.0,1.0,1.0,1.0,2,1.0,2,1.0,2,1.0,3.0
"2,5-Dimethoxybenzonitrile",-1.0,CSF,Cyclooctylamine,-1.0,CSF,1.0,3,0.7142857142857143,6,0.9746794344808964,5,3,0.8602865491804904,14,True,0.0058463075265235,True,1.0,1.0,1.0,1.0,2,1.0,2,1.0,2,1.0,3.0
"2,5-Dimethoxybenzonitrile",-1.0,CSF,Diethylamine,-1.0,CSF,1.0,3,0.8116794499134279,6,0.7999999999999999,5,3,0.8404845569998652,14,True,0.0091180892654039,True,1.0,1.0,1.0,1.0,2,1.0,2,1.0,2,1.0,3.0
"2,5-Dimethoxybenzonitrile",-1.0,CSF,Trimethylolpropane,-1.0,CSF,,1,0.6668859288553501,5,1.0,3,2,0.7531446678801508,9,True,0.1082557224173712,True,1.0,1.0,1.0,1.0,2,1.0,2,1.0,2,1.0,3.0
"2,5-Dimethoxyphenol",-1.0,CSF,"2',5'-Dimethoxypropiophenone",-1.0,CSF,0.5,3,0.5428571428571429,6,0.8999999999999998,5,3,0.6791208791208792,14,True,0.0659414733744929,True,1.0,1.0,1.0,1.0,2,1.0,2,1.0,2,1.0,3.0
"2,5-Dimethoxyphenol",-1.0,CSF,"3-(4,7-Dimethoxy-2H-1,3-benzodioxol-5-yl)-2-methylprop-2-enal",-1.0,CSF,0.5,3,0.8285714285714287,6,1.0,5,3,0.8813186813186813,14,True,0.0035677066011058,True,1.0,1.0,1.0,1.0,2,1.0,2,1.0,2,1.0,3.0
"2,5-Dimethoxyphenol",-1.0,CSF,"3,4-Methylenedioxyamphetamine",1.0,CSF,-1.0,3,-1.0,4,,2,2,-0.8166666666666667,9,True,0.064946844184985,True,-1.0,-1.0,-1.0,-1.0,2,-1.0,2,-1.0,2,-1.0,3.0
"2,5-Dimethoxyphenol",-1.0,CSF,"5-Ethyl-1,3-dioxane-5-methanol, tert-butyldimethylsilyl ether",1.0,CSF,-0.5,3,-0.7999999999999999,4,-0.3999999999999999,4,3,-0.6727272727272727,11,True,0.1192710405105025,True,-1.0,-1.0,-1.0,-1.0,2,-1.0,2,-1.0,2,-1.0,3.0
"2,5-Dimethoxyphenol",-1.0,CSF,"6-Methoxy-1-methyl-1,2,3,4-tetrahydroisoquinolin-7-ol ",-1.0,CSF,,1,0.7999999999999999,4,0.948683298050514,4,2,0.8284591346681658,9,True,0.0584007432282308,True,1.0,1.0,1.0,1.0,2,1.0,2,1.0,2,1.0,3.0
"2,5-Dimethoxyphenol",-1.0,CSF,"Benzene, 1,4-dimethoxy",-1.0,CSF,0.8660254037844387,3,0.1428571428571428,6,0.8720815992723809,5,3,0.5947150990602874,14,True,0.1225634827788127,True,1.0,1.0,1.0,1.0,2,1.0,2,1.0,2,1.0,3.0
"2,5-Dimethoxyphenol",-1.0,CSF,"Benzoic acid, methyl ester",-1.0,CSF,1.0,3,0.4857142857142857,6,0.7,5,3,0.6395604395604396,14,True,0.0897541877178576,True,1.0,1.0,1.0,1.0,2,1.0,2,1.0,2,1.0,3.0
"2,5-Dimethoxyphenol",-1.0,CSF,"Cyclohexanone, 3,3,5-trimethyl",-1.0,CSF,1.0,3,0.4999999999999999,5,1.0,5,3,0.7857142857142857,13,True,0.0286504729524983,True,1.0,1.0,1.0,1.0,2,1.0,2,1.0,2,1.0,3.0
"2,5-Dimethoxyphenol",-1.0,CSF,Cyclooctylamine,-1.0,CSF,1.0,3,0.7142857142857143,6,0.9746794344808964,5,3,0.7612765882773649,14,True,0.0297972164469903,True,1.0,1.0,1.0,1.0,2,1.0,2,1.0,2,1.0,3.0
"2,5-Dimethoxyphenol",-1.0,CSF,Diethylamine,-1.0,CSF,1.0,3,0.753702346348183,6,0.7999999999999999,5,3,0.7612765882773649,14,True,0.0297972164469903,True,1.0,1.0,1.0,1.0,2,1.0,2,1.0,2,1.0,3.0
"2,5-Dimethoxyphenol",-1.0,CSF,Mevalonolactone,-1.0,CSF,1.0,3,0.6571428571428573,6,0.8207826816681233,5,3,0.7634768096307677,14,True,0.0290438017561727,True,1.0,1.0,1.0,1.0,2,1.0,2,1.0,2,1.0,3.0
"2,5-Dimethoxyphenol",-1.0,CSF,Trimethylolpropane,-1.0,CSF,,1,0.8720815992723809,5,1.0,3,2,0.8786687791935092,9,True,0.0324184048609694,True,1.0,1.0,1.0,1.0,2,1.0,2,1.0,2,1.0,3.0
"2',5'-Dimethoxypropiophenone",-1.0,CSF,2-Amino-4-methylbenzophenone,-1.0,CSF,0.5,3,1.0,5,0.7,5,3,0.6153846153846153,13,True,0.1230287238959388,True,1.0,1.0,1.0,1.0,2,1.0,2,1.0,2,1.0,3.0
"2',5'-Dimethoxypropiophenone",-1.0,CSF,"2-Cyclohexen-1-one, 3-methyl-",-1.0,CSF,0.5,3,0.7714285714285715,6,0.7,5,3,0.6747252747252748,14,True,0.0685436637594264,True,1.0,1.0,1.0,1.0,2,1.0,2,1.0,2,1.0,3.0
"2',5'-Dimethoxypropiophenone",-1.0,CSF,2-Methyl-3-pentanol,-1.0,CSF,,0,0.4999999999999999,5,1.0,3,2,0.880952380952381,8,True,0.0482918401552428,True,1.0,1.0,1.0,1.0,2,1.0,2,1.0,2,1.0,3.0
"2',5'-Dimethoxypropiophenone",-1.0,CSF,"6-Methoxy-1-methyl-1,2,3,4-tetrahydroisoquinolin-7-ol ",-1.0,CSF,,1,1.0,4,0.948683298050514,4,2,0.8033543124054942,9,True,0.0731466441312865,True,1.0,1.0,1.0,1.0,2,1.0,2,1.0,2,1.0,3.0
"2',5'-Dimethoxypropiophenone",-1.0,CSF,Aceturic acid,-1.0,CSF,1.0,3,0.6,6,0.6000000000000001,4,3,0.5934065934065934,13,True,0.1410955432145841,True,1.0,1.0,1.0,1.0,2,1.0,2,1.0,2,1.0,3.0
"2',5'-Dimethoxypropiophenone",-1.0,CSF,alpha-Hydroxyisobutyric acid,-1.0,CSF,,0,0.7142857142857143,6,1.0,3,2,0.7,9,True,0.1472632519767695,True,1.0,1.0,1.0,1.0,2,1.0,2,1.0,2,1.0,3.0
"2',5'-Dimethoxypropiophenone",-1.0,CSF,Cholesterol,1.0,CSF,-0.5,3,-0.8285714285714287,6,-0.6,5,3,-0.6395604395604396,14,True,0.0897541877178576,True,-1.0,-1.0,-1.0,-1.0,2,-1.0,2,-1.0,2,-1.0,3.0
"2',5'-Dimethoxypropiophenone",-1.0,CSF,"Cyclohexanone, 3,3,5-trimethyl",-1.0,CSF,0.5,3,0.6,5,0.8999999999999998,5,3,0.7967032967032966,13,True,0.0253919014554337,True,1.0,1.0,1.0,1.0,2,1.0,2,1.0,2,1.0,3.0
"2',5'-Dimethoxypropiophenone",-1.0,CSF,Cyclooctylamine,-1.0,CSF,0.5,3,0.942857142857143,6,0.8720815992723809,5,3,0.9086914189553515,14,True,0.0015998310686161,True,1.0,1.0,1.0,1.0,2,1.0,2,1.0,2,1.0,3.0
"2',5'-Dimethoxypropiophenone",-1.0,CSF,Diethylamine,-1.0,CSF,0.5,3,0.7247137945655605,6,0.6,5,3,0.7128717185025035,14,True,0.0502647545594312,True,1.0,1.0,1.0,1.0,2,1.0,2,1.0,2,1.0,3.0
"2',5'-Dimethoxypropiophenone",-1.0,CSF,"Erythrono-1,4-lactone",-1.0,CSF,0.5,3,0.7714285714285715,6,0.4999999999999999,5,3,0.7230769230769231,14,True,0.0461126677047138,True,1.0,1.0,1.0,1.0,2,1.0,2,1.0,2,1.0,3.0
"2',5'-Dimethoxypropiophenone",-1.0,CSF,Hydracrylic acid,-1.0,CSF,0.5,3,0.942857142857143,6,0.3999999999999999,5,3,0.6615384615384616,14,True,0.075799437986845,True,1.0,1.0,1.0,1.0,2,1.0,2,1.0,2,1.0,3.0
"2',5'-Dimethoxypropiophenone",-1.0,CSF,Trimethylolpropane,-1.0,CSF,,1,0.7181848464596079,5,1.0,3,2,0.7531446678801508,9,True,0.1082557224173712,True,1.0,1.0,1.0,1.0,2,1.0,2,1.0,2,1.0,3.0
"2,6-di-tert-Butyl-4-(dimethylaminomethyl)phenol",-1.0,CSF,"2-Methyl-1,3-butanediol",-1.0,CSF,1.0,3,0.7999999999999999,4,0.5,3,3,0.7939393939393938,10,True,0.0596385986133624,True,1.0,1.0,1.0,1.0,2,1.0,2,1.0,2,1.0,3.0
"2,6-di-tert-Butyl-4-(dimethylaminomethyl)phenol",-1.0,CSF,4-Aminobutanoic acid,-1.0,CSF,1.0,3,0.7999999999999999,4,1.0,3,3,0.8303030303030302,10,True,0.0420140132520634,True,1.0,1.0,1.0,1.0,2,1.0,2,1.0,2,1.0,3.0
"2,6-di-tert-Butyl-4-(dimethylaminomethyl)phenol",-1.0,CSF,N-Acetylaspartic acid,-1.0,CSF,0.5,3,0.6000000000000001,4,0.5,3,3,0.6727272727272726,10,True,0.1422110507044768,True,1.0,1.0,1.0,1.0,2,1.0,2,1.0,2,1.0,3.0
2-Amino-4-methylbenzophenone,-1.0,CSF,"3-(4,7-Dimethoxy-2H-1,3-benzodioxol-5-yl)-2-methylprop-2-enal",-1.0,CSF,0.5,3,0.8999999999999998,5,0.4999999999999999,5,3,0.6758241758241759,13,True,0.0804957408060389,True,1.0,1.0,1.0,1.0,2,1.0,2,1.0,2,1.0,3.0
2-Amino-4-methylbenzophenone,-1.0,CSF,"4-[2-(4,7-Dimethoxy-2H-1,3-benzodioxol-5-yl)ethenyl]-2-methoxyphenol",1.0,CSF,-0.5,3,-0.9746794344808964,5,-0.3590924232298039,5,3,-0.6473853766310926,13,True,0.1005412186928709,True,-1.0,-1.0,-1.0,-1.0,2,-1.0,2,-1.0,2,-1.0,3.0
2-Amino-4-methylbenzophenone,-1.0,CSF,Cyclooctylamine,-1.0,CSF,1.0,3,0.8999999999999998,5,0.6155870112510925,5,3,0.7042647652873337,13,True,0.064946844184985,True,1.0,1.0,1.0,1.0,2,1.0,2,1.0,2,1.0,3.0
2-Butenedioic acid,-1.0,CSF,Cyclobutylamine,-1.0,CSF,,2,0.8986451052612952,6,0.6,5,2,0.6960116625691227,13,True,0.0686090453507622,True,1.0,1.0,1.0,1.0,2,1.0,2,1.0,2,1.0,3.0
2-Butenedioic acid,-1.0,CSF,L-Glutamic acid,1.0,CSF,,0,-1.0,3,-0.5,3,2,-0.942857142857143,6,True,0.053035530821631,True,-1.0,-1.0,-1.0,-1.0,2,-1.0,2,-1.0,2,-1.0,3.0
2-Butenedioic acid,-1.0,CSF,"L-Histidine, N,1-bis(tert-butyldimethylsilyl)-",-1.0,CSF,,2,0.3768511731740915,6,0.5797509043642028,5,2,0.6096603918830104,13,True,0.1270532053708498,True,1.0,1.0,1.0,1.0,2,1.0,2,1.0,2,1.0,3.0
"2-Butenoic acid, 3-[(tert-butyldimethylsilyl)oxy]",-1.0,CSF,2-Methyl-3-pentanol,-1.0,CSF,,0,0.6,5,0.8660254037844387,3,2,0.7545045450053531,8,True,0.1357243705689149,True,1.0,1.0,1.0,1.0,2,1.0,2,1.0,2,1.0,3.0
"2-Butenoic acid, 3-[(tert-butyldimethylsilyl)oxy]",-1.0,CSF,"6-Methoxy-1-methyl-1,2,3,4-tetrahydroisoquinolin-7-ol ",-1.0,CSF,,1,1.0,4,0.8333333333333335,4,2,0.8949579831932775,9,True,0.0253919014554337,True,1.0,1.0,1.0,1.0,2,1.0,2,1.0,2,1.0,3.0
"2-Butenoic acid, 3-[(tert-butyldimethylsilyl)oxy]",-1.0,CSF,Butanedioic acid,-1.0,CSF,0.8660254037844387,3,0.942857142857143,6,0.4616902584383193,5,3,0.6035256931204397,14,True,0.1164356279361411,True,1.0,1.0,1.0,1.0,2,1.0,2,1.0,2,1.0,3.0
"2-Butenoic acid, 3-[(tert-butyldimethylsilyl)oxy]",-1.0,CSF,N-Acetylaminoethanol,-1.0,CSF,0.5000000000000001,3,0.9276336570439176,6,0.7631578947368421,5,3,0.9149176856127498,14,True,0.001326998160613,True,1.0,1.0,1.0,1.0,2,1.0,2,1.0,2,1.0,3.0
"2-Butenoic acid, 3-[(tert-butyldimethylsilyl)oxy]",-1.0,CSF,Picolinic acid,-1.0,CSF,0.5000000000000001,3,0.7944613465542746,6,0.6882472016116853,5,3,0.7735968174893455,14,True,0.0257902867201983,True,1.0,1.0,1.0,1.0,2,1.0,2,1.0,2,1.0,3.0
"2-Butenoic acid, 3-[(tert-butyldimethylsilyl)oxy]",-1.0,CSF,Trimethylolpropane,-1.0,CSF,,1,0.7181848464596079,5,0.8660254037844387,3,2,0.6974789915966387,9,True,0.1490592198105615,True,1.0,1.0,1.0,1.0,2,1.0,2,1.0,2,1.0,3.0
2-Butoxyethanol,-1.0,CSF,2-Methyl-3-pentanol,-1.0,CSF,,0,0.7,5,1.0,3,2,0.7619047619047621,8,True,0.1295934372907866,True,1.0,1.0,1.0,1.0,2,1.0,2,1.0,2,1.0,3.0
2-Butoxyethanol,-1.0,CSF,"2-Methylcyclohexylamine, tert.-butyldimethylsilyl ether",-1.0,CSF,,0,1.0,4,0.8660254037844387,3,2,0.8468812149338255,7,True,0.0984957042122636,True,1.0,1.0,1.0,1.0,2,1.0,2,1.0,2,1.0,3.0
2-Butoxyethanol,-1.0,CSF,2-Pentadecanone,-1.0,CSF,0.8660254037844387,3,0.7589709258986453,6,1.0,5,3,0.8154820592821088,14,True,0.0142614588538661,True,1.0,1.0,1.0,1.0,2,1.0,2,1.0,2,1.0,3.0
2-Butoxyethanol,-1.0,CSF,Adenine,-1.0,CSF,,1,0.7714285714285715,6,1.0,5,2,0.8811188811188813,12,True,0.0087585518574031,True,1.0,1.0,1.0,1.0,2,1.0,2,1.0,2,1.0,3.0
2-Butoxyethanol,-1.0,CSF,Butachlor ESA,-1.0,CSF,,2,0.6000000000000001,4,1.0,4,2,0.8060606060606059,10,True,0.0533527436252149,True,1.0,1.0,1.0,1.0,2,1.0,2,1.0,2,1.0,3.0
2-Butoxyethanol,-1.0,CSF,Glycerol,-1.0,CSF,0.8660254037844387,3,0.7142857142857143,6,0.8999999999999998,5,3,0.6094613148925725,14,True,0.1124556448972877,True,1.0,1.0,1.0,1.0,2,1.0,2,1.0,2,1.0,3.0
2-Butoxyethanol,-1.0,CSF,Iminodiacetic acid,-1.0,CSF,1.0,3,0.6377481392176932,6,0.8720815992723809,5,3,0.8502223268047072,14,True,0.0076137992387643,True,1.0,1.0,1.0,1.0,2,1.0,2,1.0,2,1.0,3.0
2-Butoxyethanol,-1.0,CSF,Leucylglycine,1.0,CSF,,1,-0.8285714285714287,6,-0.6,5,2,-0.7762237762237763,12,True,0.0423060623830812,True,-1.0,-1.0,-1.0,-1.0,2,-1.0,2,-1.0,2,-1.0,3.0
2-Butoxyethanol,-1.0,CSF,L-Tyrosine,-1.0,CSF,0.5,3,0.6668859288553501,5,0.6000000000000001,4,3,0.7495633211220306,12,True,0.0539994353138527,True,1.0,1.0,1.0,1.0,2,1.0,2,1.0,2,1.0,3.0
2-Butoxyethanol,-1.0,CSF,N-Caffeoyl-O-methyltyramine,-1.0,CSF,,1,0.5217939320872036,6,0.8999999999999998,5,2,0.8371291296643238,12,True,0.0198906073488292,True,1.0,1.0,1.0,1.0,2,1.0,2,1.0,2,1.0,3.0
2-Butoxyethanol,-1.0,CSF,Niacin,-1.0,CSF,0.5,3,0.6668859288553501,5,0.8999999999999998,5,3,0.7427792446389849,13,True,0.0472668294159842,True,1.0,1.0,1.0,1.0,2,1.0,2,1.0,2,1.0,3.0
2-Butoxyethanol,-1.0,CSF,Norketamine,-1.0,CSF,0.8660254037844387,3,0.8827348295047495,6,1.0,5,3,0.8842385745129069,14,True,0.0032353503282486,True,1.0,1.0,1.0,1.0,2,1.0,2,1.0,2,1.0,3.0
2-Butoxyethanol,-1.0,CSF,Suberic acid,-1.0,CSF,,2,0.5428571428571429,6,0.7999999999999999,5,2,0.6373626373626374,13,True,0.1082557224173712,True,1.0,1.0,1.0,1.0,2,1.0,2,1.0,2,1.0,3.0
2-Butoxyethanol,-1.0,CSF,Triethyl citrate,-1.0,CSF,,3,0.7999999999999999,4,1.0,5,2,0.7253700996601186,12,True,0.0659414733744929,True,1.0,1.0,1.0,1.0,2,1.0,2,1.0,2,1.0,3.0
2-Butoxyethanol,-1.0,CSF,Trimethylolpropane,-1.0,CSF,,1,0.5642880936468347,5,1.0,3,2,0.7196715715299219,9,True,0.1315490870680259,True,1.0,1.0,1.0,1.0,2,1.0,2,1.0,2,1.0,3.0
"2-Cyclohexen-1-one, 3-methyl-6-(1-methylethyl)",-1.0,CSF,Lactic acid,-1.0,CSF,1.0,3,0.3590924232298039,5,0.316227766016838,4,3,0.7087762928807289,12,True,0.0755053034760686,True,1.0,1.0,1.0,1.0,2,1.0,2,1.0,2,1.0,3.0
"2-Cyclohexen-1-one, 3-methyl-",-1.0,CSF,2-Methyl-3-pentanol,-1.0,CSF,,0,0.8999999999999998,5,1.0,3,2,0.9523809523809524,8,True,0.0119508293545231,True,1.0,1.0,1.0,1.0,2,1.0,2,1.0,2,1.0,3.0
"2-Cyclohexen-1-one, 3-methyl-",-1.0,CSF,2-Pyrrolidone-5-carboxylic acid,-1.0,CSF,1.0,3,0.3714285714285715,6,0.8944271909999157,5,3,0.766011880722713,14,True,0.0283352795234329,True,1.0,1.0,1.0,1.0,2,1.0,2,1.0,2,1.0,3.0
"2-Cyclohexen-1-one, 3-methyl-",-1.0,CSF,"6-Methoxy-1-methyl-1,2,3,4-tetrahydroisoquinolin-7-ol ",-1.0,CSF,,1,0.7999999999999999,4,0.7378647873726218,4,2,0.7364081197050363,9,True,0.1199214182013826,True,1.0,1.0,1.0,1.0,2,1.0,2,1.0,2,1.0,3.0
"2-Cyclohexen-1-one, 3-methyl-",-1.0,CSF,8-Methylnonanoic acid,-1.0,CSF,0.5,3,0.9276336570439176,6,0.3,5,3,0.6050608721857669,14,True,0.1151450159404954,True,1.0,1.0,1.0,1.0,2,1.0,2,1.0,2,1.0,3.0
"2-Cyclohexen-1-one, 3-methyl-",-1.0,CSF,alpha-Hydroxyisobutyric acid,-1.0,CSF,,0,0.942857142857143,6,1.0,3,2,0.8666666666666667,9,True,0.0393315099541324,True,1.0,1.0,1.0,1.0,2,1.0,2,1.0,2,1.0,3.0
"2-Cyclohexen-1-one, 3-methyl-",-1.0,CSF,Butanedioic acid,-1.0,CSF,0.5,3,0.7714285714285715,6,0.8999999999999998,5,3,0.6791208791208792,14,True,0.0659414733744929,True,1.0,1.0,1.0,1.0,2,1.0,2,1.0,2,1.0,3.0
"2-Cyclohexen-1-one, 3-methyl-",-1.0,CSF,"Erythrono-1,4-lactone",-1.0,CSF,1.0,3,0.6571428571428573,6,0.7999999999999999,5,3,0.6791208791208792,14,True,0.0659414733744929,True,1.0,1.0,1.0,1.0,2,1.0,2,1.0,2,1.0,3.0
"2-Cyclohexen-1-one, 3-methyl-",-1.0,CSF,Hydracrylic acid,-1.0,CSF,1.0,3,0.8285714285714287,6,0.8999999999999998,5,3,0.8241758241758241,14,True,0.0125836169593157,True,1.0,1.0,1.0,1.0,2,1.0,2,1.0,2,1.0,3.0
"2-Cyclohexen-1-one, 3-methyl-",-1.0,CSF,"L-Histidine, N,1-bis(tert-butyldimethylsilyl)-",-1.0,CSF,0.5,3,0.5797710356524484,6,0.7378647873726218,5,3,0.7188572949905427,14,True,0.0479448753644717,True,1.0,1.0,1.0,1.0,2,1.0,2,1.0,2,1.0,3.0
"2-Cyclohexen-1-one, 3-methyl-",-1.0,CSF,N-Acetylaspartic acid,-1.0,CSF,0.5,3,0.7,5,0.3999999999999999,5,3,0.6373626373626374,13,True,0.1082557224173712,True,1.0,1.0,1.0,1.0,2,1.0,2,1.0,2,1.0,3.0
"2-Cyclohexen-1-one, 3-methyl-",-1.0,CSF,Norephedrine,-1.0,CSF,0.5,3,0.5,3,0.5,3,3,0.7,9,True,0.1472632519767695,True,1.0,1.0,1.0,1.0,2,1.0,2,1.0,2,1.0,3.0
"2-Cyclohexen-1-one, 3-methyl-",-1.0,CSF,Picolinic acid,-1.0,CSF,0.8660254037844387,3,0.2942449431682498,6,0.8944271909999157,5,3,0.7796469031321676,14,True,0.0239228324891041,True,1.0,1.0,1.0,1.0,2,1.0,2,1.0,2,1.0,3.0
"2-Cyclohexen-1-one, 3-methyl-",-1.0,CSF,Trimethylolpropane,-1.0,CSF,,1,0.7181848464596079,5,1.0,3,2,0.7447763937925935,9,True,0.1136955015845136,True,1.0,1.0,1.0,1.0,2,1.0,2,1.0,2,1.0,3.0
2-Furoic acid,1.0,CSF,"2-Methylcyclohexanol, (Z)",1.0,CSF,0.5,3,0.7999999999999999,4,0.9746794344808964,5,3,0.6760080419465042,12,True,0.0971818610566369,True,1.0,1.0,1.0,1.0,2,1.0,2,1.0,2,1.0,3.0
2-Furoic acid,1.0,CSF,"3,5-Dimethylphenol",1.0,CSF,0.5,3,0.7999999999999999,4,1.0,5,3,0.7762237762237763,12,True,0.0423060623830812,True,1.0,1.0,1.0,1.0,2,1.0,2,1.0,2,1.0,3.0
2-Furoic acid,1.0,CSF,Benzophenone,1.0,CSF,,2,0.3999999999999999,4,0.8207826816681233,5,2,0.6560381485126154,11,True,0.1307718335012685,True,1.0,1.0,1.0,1.0,2,1.0,2,1.0,2,1.0,3.0
2-Furoic acid,1.0,CSF,N-Methyl-1-[(trimethylsilyl)oxy]-1-{4-[(trimethylsilyl)oxy]phenyl}propan-2-amine,1.0,CSF,0.5,3,,2,1.0,4,2,0.8666666666666667,9,True,0.0393315099541324,True,1.0,1.0,1.0,1.0,2,1.0,2,1.0,2,1.0,3.0
2-Furoic acid,1.0,CSF,Salsoline,1.0,CSF,1.0,3,0.5,3,0.8720815992723809,5,3,0.6514823280368335,11,True,0.1344149398186585,True,1.0,1.0,1.0,1.0,2,1.0,2,1.0,2,1.0,3.0
"2-Methyl-1,3-butanediol",-1.0,CSF,4-Aminobutanoic acid,-1.0,CSF,1.0,3,0.550782483869826,6,0.0999999999999999,5,3,0.572057551884725,14,True,0.1410955432145841,True,1.0,1.0,1.0,1.0,2,1.0,2,1.0,2,1.0,3.0
"2-Methyl-1,3-butanediol",-1.0,CSF,6-Methyluracil,-1.0,CSF,0.5,3,0.088235294117647,6,1.0,5,3,0.5748898678414096,14,True,0.1382605757438145,True,1.0,1.0,1.0,1.0,2,1.0,2,1.0,2,1.0,3.0
"2-Methyl-1,3-butanediol",-1.0,CSF,"Hymexazole, tert-butyldimethylsilyl ether",-1.0,CSF,0.5,3,0.1449427589131121,6,1.0,5,3,0.5852588800051418,14,True,0.1295934372907866,True,1.0,1.0,1.0,1.0,2,1.0,2,1.0,2,1.0,3.0
"2-Methyl-1,3-butanediol",-1.0,CSF,Oleamide,-1.0,CSF,1.0,3,0.1159542071304896,6,0.7,5,3,0.5698573305313223,14,True,0.1425828023298933,True,1.0,1.0,1.0,1.0,2,1.0,2,1.0,2,1.0,3.0
"2-Methyl-1,3-butanediol",-1.0,CSF,Suberic acid,-1.0,CSF,,2,0.0869656553478672,6,0.8999999999999998,5,2,0.5832192587535732,13,True,0.1487661146241105,True,1.0,1.0,1.0,1.0,2,1.0,2,1.0,2,1.0,3.0
2-Methyl-3-pentanol,-1.0,CSF,2-Pentadecanone,-1.0,CSF,,0,0.9746794344808964,5,1.0,3,2,0.9700772721497396,8,True,0.0052173830066443,True,1.0,1.0,1.0,1.0,2,1.0,2,1.0,2,1.0,3.0
2-Methyl-3-pentanol,-1.0,CSF,"3-(4,7-Dimethoxy-2H-1,3-benzodioxol-5-yl)-2-methylprop-2-enal",-1.0,CSF,,0,0.6,5,1.0,3,2,0.7380952380952381,8,True,0.1487661146241105,True,1.0,1.0,1.0,1.0,2,1.0,2,1.0,2,1.0,3.0
2-Methyl-3-pentanol,-1.0,CSF,"5-Nonanol, tert-butyldimethylsilyl ether",-1.0,CSF,,0,0.6668859288553501,5,1.0,3,2,0.7545045450053531,8,True,0.1357243705689149,True,1.0,1.0,1.0,1.0,2,1.0,2,1.0,2,1.0,3.0
2-Methyl-3-pentanol,-1.0,CSF,8-Methylnonanoic acid,-1.0,CSF,,0,0.9746794344808964,5,1.0,3,2,0.9700772721497396,8,True,0.0052173830066443,True,1.0,1.0,1.0,1.0,2,1.0,2,1.0,2,1.0,3.0
2-Methyl-3-pentanol,-1.0,CSF,"Benzene, 1,4-dimethoxy",-1.0,CSF,,0,0.8999999999999998,5,1.0,3,2,0.9285714285714288,8,True,0.0222642174821213,True,1.0,1.0,1.0,1.0,2,1.0,2,1.0,2,1.0,3.0
2-Methyl-3-pentanol,-1.0,CSF,"Benzoic acid, methyl ester",-1.0,CSF,,0,0.7999999999999999,5,1.0,3,2,0.7619047619047621,8,True,0.1295934372907866,True,1.0,1.0,1.0,1.0,2,1.0,2,1.0,2,1.0,3.0
2-Methyl-3-pentanol,-1.0,CSF,Butachlor ESA,-1.0,CSF,,0,0.7999999999999999,4,1.0,3,2,0.9285714285714288,7,True,0.0393926326541191,True,1.0,1.0,1.0,1.0,2,1.0,2,1.0,2,1.0,3.0
2-Methyl-3-pentanol,-1.0,CSF,"Cyclohexanone, 3,3,5-trimethyl",-1.0,CSF,,0,1.0,4,1.0,3,2,0.9642857142857144,7,True,0.0157667539499647,True,1.0,1.0,1.0,1.0,2,1.0,2,1.0,2,1.0,3.0
2-Methyl-3-pentanol,-1.0,CSF,Cyclooctylamine,-1.0,CSF,,0,0.6,5,0.8660254037844387,3,2,0.8982196964349441,8,True,0.0387525307645105,True,1.0,1.0,1.0,1.0,2,1.0,2,1.0,2,1.0,3.0
2-Methyl-3-pentanol,-1.0,CSF,Diethylamine,-1.0,CSF,,0,0.7999999999999999,5,1.0,3,2,0.880952380952381,8,True,0.0482918401552428,True,1.0,1.0,1.0,1.0,2,1.0,2,1.0,2,1.0,3.0
2-Methyl-3-pentanol,-1.0,CSF,Hydracrylic acid,-1.0,CSF,,0,0.6,5,1.0,3,2,0.7619047619047621,8,True,0.1295934372907866,True,1.0,1.0,1.0,1.0,2,1.0,2,1.0,2,1.0,3.0
2-Methyl-3-pentanol,-1.0,CSF,Iminodiacetic acid,-1.0,CSF,,0,0.7999999999999999,5,0.8660254037844387,3,2,0.9461247469114746,8,True,0.0142614588538661,True,1.0,1.0,1.0,1.0,2,1.0,2,1.0,2,1.0,3.0
2-Methyl-3-pentanol,-1.0,CSF,"L-Histidine, N,1-bis(tert-butyldimethylsilyl)-",-1.0,CSF,,0,0.6155870112510925,5,0.8660254037844387,3,2,0.807287510292399,8,True,0.0960047448676158,True,1.0,1.0,1.0,1.0,2,1.0,2,1.0,2,1.0,3.0
2-Methyl-3-pentanol,-1.0,CSF,N-Acetyl-L-alanine,-1.0,CSF,,0,0.7999999999999999,5,0.8660254037844387,3,2,0.8982196964349441,8,True,0.0387525307645105,True,1.0,1.0,1.0,1.0,2,1.0,2,1.0,2,1.0,3.0
2-Methyl-3-pentanol,-1.0,CSF,N-Methylacetamide,-1.0,CSF,,0,0.8207826816681233,5,0.8660254037844387,3,2,0.9518763181059628,8,True,0.0120992023903981,True,1.0,1.0,1.0,1.0,2,1.0,2,1.0,2,1.0,3.0
2-Methyl-3-pentanol,-1.0,CSF,Propylene glycol,-1.0,CSF,,0,0.7181848464596079,5,0.5,3,2,0.7664808076244857,8,True,0.1258571481754292,True,1.0,1.0,1.0,1.0,2,1.0,2,1.0,2,1.0,3.0
2-Methyl-3-pentanol,-1.0,CSF,Suberic acid,-1.0,CSF,,0,0.7999999999999999,5,0.5,3,2,0.7619047619047621,8,True,0.1295934372907866,True,1.0,1.0,1.0,1.0,2,1.0,2,1.0,2,1.0,3.0
2-Methyl-3-pentanol,-1.0,CSF,Trimethylolpropane,-1.0,CSF,,0,0.632455532033676,4,1.0,3,2,0.9369749612033814,7,True,0.0325998591255957,True,1.0,1.0,1.0,1.0,2,1.0,2,1.0,2,1.0,3.0
"2-Methylcyclohexanol, (Z)",1.0,CSF,"3,5-Dimethylphenol",1.0,CSF,1.0,3,0.8999999999999998,5,0.9746794344808964,5,3,0.6217337381052244,13,True,0.1192710405105025,True,1.0,1.0,1.0,1.0,2,1.0,2,1.0,2,1.0,3.0
"2-Methylcyclohexanol, (Z)",1.0,CSF,Butylmethylamine,-1.0,CSF,-1.0,3,-0.9276336570439174,6,-0.3421052631578947,5,3,-0.7353918471863886,14,True,0.0407965561498108,True,-1.0,-1.0,-1.0,-1.0,2,-1.0,2,-1.0,2,-1.0,3.0
"2-Methylcyclohexanol, (Z)",1.0,CSF,"l-Norvaline, n-propargyloxycarbonyl-, isohexyl ester",-1.0,CSF,,1,-0.9746794344808964,5,-0.7999999999999999,4,2,-0.8267515394048879,10,True,0.0436762839772062,True,-1.0,-1.0,-1.0,-1.0,2,-1.0,2,-1.0,2,-1.0,3.0
"2-Methylcyclohexanol, (Z)",1.0,CSF,Mevalonolactone,-1.0,CSF,-0.5,3,-0.7826908981308054,6,-0.1578947368421052,5,3,-0.5821392733349523,14,True,0.1317657494893095,True,-1.0,-1.0,-1.0,-1.0,2,-1.0,2,-1.0,2,-1.0,3.0
"2-Methylcyclohexylamine, tert.-butyldimethylsilyl ether",-1.0,CSF,2-Naphthol,-1.0,CSF,,0,0.7378647873726218,4,0.8660254037844387,3,2,0.8,7,True,0.1360017787899166,True,1.0,1.0,1.0,1.0,2,1.0,2,1.0,2,1.0,3.0
"2-Methylcyclohexylamine, tert.-butyldimethylsilyl ether",-1.0,CSF,Adenine,-1.0,CSF,,0,1.0,4,0.8660254037844387,3,2,0.8468812149338255,7,True,0.0984957042122636,True,1.0,1.0,1.0,1.0,2,1.0,2,1.0,2,1.0,3.0
"2-Methylcyclohexylamine, tert.-butyldimethylsilyl ether",-1.0,CSF,Heptylamine,-1.0,CSF,,0,0.5,3,0.8660254037844387,3,2,0.8406680016960504,6,True,0.1479858933918628,True,1.0,1.0,1.0,1.0,2,1.0,2,1.0,2,1.0,3.0
"2-Methylcyclohexylamine, tert.-butyldimethylsilyl ether",-1.0,CSF,Yangonin,-1.0,CSF,,0,1.0,4,0.8660254037844387,3,2,0.792824967172092,7,True,0.1425828023298933,True,1.0,1.0,1.0,1.0,2,1.0,2,1.0,2,1.0,3.0
2-Naphthol,-1.0,CSF,"6-Aminocaproic acid, N-(tert.-butyldimethylsilyl)",-1.0,CSF,0.5000000000000001,3,0.7999999999999999,4,0.8720815992723809,5,3,0.8172244606748368,12,True,0.0257902867201983,True,1.0,1.0,1.0,1.0,2,1.0,2,1.0,2,1.0,3.0
2-Naphthol,-1.0,CSF,Adenine,-1.0,CSF,,1,0.7944613465542746,6,1.0,5,2,0.943865459331268,12,True,0.001326998160613,True,1.0,1.0,1.0,1.0,2,1.0,2,1.0,2,1.0,3.0
2-Naphthol,-1.0,CSF,Diacetyl monoxime,-1.0,CSF,0.5000000000000001,3,0.1471224715841249,6,1.0,5,3,0.6501119593018613,14,True,0.0826476559255812,True,1.0,1.0,1.0,1.0,2,1.0,2,1.0,2,1.0,3.0
2-Naphthol,-1.0,CSF,Heptylamine,-1.0,CSF,,1,0.9746794344808964,5,1.0,4,2,0.978727925324904,10,True,0.0006095898358746,True,1.0,1.0,1.0,1.0,2,1.0,2,1.0,2,1.0,3.0
2-Naphthol,-1.0,CSF,Leucylglycine,1.0,CSF,,1,-0.7944613465542746,6,-0.6,5,2,-0.7122850864098416,12,True,0.0739539286196976,True,-1.0,-1.0,-1.0,-1.0,2,-1.0,2,-1.0,2,-1.0,3.0
2-Naphthol,-1.0,CSF,L-Tryptophan,-1.0,CSF,0.5000000000000001,3,0.8827348295047495,6,1.0,5,3,0.8532029618681474,14,True,0.0071516978329675,True,1.0,1.0,1.0,1.0,2,1.0,2,1.0,2,1.0,3.0
2-Naphthol,-1.0,CSF,N-Caffeoyl-O-methyltyramine,-1.0,CSF,,1,0.2239055377599495,6,0.8999999999999998,5,2,0.6695968161658341,12,True,0.1021843653231915,True,1.0,1.0,1.0,1.0,2,1.0,2,1.0,2,1.0,3.0
2-Naphthol,-1.0,CSF,"Oxymorphone, bis(trimethylsilyl) ether",-1.0,CSF,0.5000000000000001,3,0.4545454545454545,6,0.3999999999999999,4,3,0.5914127423822715,13,True,0.1425828023298933,True,1.0,1.0,1.0,1.0,2,1.0,2,1.0,2,1.0,3.0
2-Naphthol,-1.0,CSF,Propylene glycol,-1.0,CSF,0.8660254037844387,3,0.5373732906238788,6,0.7999999999999999,4,3,0.6602235135709118,13,True,0.0909763314227721,True,1.0,1.0,1.0,1.0,2,1.0,2,1.0,2,1.0,3.0
2-Naphthol,-1.0,CSF,Tetrahydro-solasodine triacetate,-1.0,CSF,0.5000000000000001,3,0.2648204488514248,6,0.8999999999999998,5,3,0.7339973734053272,14,True,0.0414073614188508,True,1.0,1.0,1.0,1.0,2,1.0,2,1.0,2,1.0,3.0
2-Naphthol,-1.0,CSF,Triethyl citrate,-1.0,CSF,,3,0.948683298050514,4,1.0,5,2,0.826860285824938,12,True,0.022881147156436,True,1.0,1.0,1.0,1.0,2,1.0,2,1.0,2,1.0,3.0
2-Pentadecanone,-1.0,CSF,"6-Aminocaproic acid, N-(tert.-butyldimethylsilyl)",-1.0,CSF,0.5000000000000001,3,0.7378647873726218,4,0.8720815992723809,5,3,0.7341549295774649,12,True,0.0616988467222,True,1.0,1.0,1.0,1.0,2,1.0,2,1.0,2,1.0,3.0
2-Pentadecanone,-1.0,CSF,Adenine,-1.0,CSF,,1,0.7589709258986453,6,1.0,5,2,0.8662186627009184,12,True,0.0120992023903981,True,1.0,1.0,1.0,1.0,2,1.0,2,1.0,2,1.0,3.0
2-Pentadecanone,-1.0,CSF,"Benzene, 1,4-dimethoxy",-1.0,CSF,0.5000000000000001,3,0.819688599970537,6,0.0512989176042577,5,3,0.5703242991755403,14,True,0.142572317367762,True,1.0,1.0,1.0,1.0,2,1.0,2,1.0,2,1.0,3.0
2-Pentadecanone,-1.0,CSF,Butachlor ESA,-1.0,CSF,,2,0.948683298050514,4,1.0,4,2,0.8936211492096949,10,True,0.0165413504089525,True,1.0,1.0,1.0,1.0,2,1.0,2,1.0,2,1.0,3.0
2-Pentadecanone,-1.0,CSF,Curcumin,-1.0,CSF,0.8660254037844387,3,0.5161002296110789,6,0.7,5,3,0.6431037378078419,14,True,0.0869933473844746,True,1.0,1.0,1.0,1.0,2,1.0,2,1.0,2,1.0,3.0
2-Pentadecanone,-1.0,CSF,Glycerol,-1.0,CSF,1.0,3,0.8804062740424288,6,0.8999999999999998,5,3,0.6548736674453056,14,True,0.0797586893834903,True,1.0,1.0,1.0,1.0,2,1.0,2,1.0,2,1.0,3.0
2-Pentadecanone,-1.0,CSF,Iminodiacetic acid,-1.0,CSF,0.8660254037844387,3,0.5236349380886428,6,0.8720815992723809,5,3,0.768553521607427,14,True,0.0275303143641528,True,1.0,1.0,1.0,1.0,2,1.0,2,1.0,2,1.0,3.0
2-Pentadecanone,-1.0,CSF,Leucylglycine,1.0,CSF,,1,-0.7589709258986453,6,-0.6,5,2,-0.6690306744437988,12,True,0.102709220337267,True,-1.0,-1.0,-1.0,-1.0,2,-1.0,2,-1.0,2,-1.0,3.0
2-Pentadecanone,-1.0,CSF,L-Tryptophan,-1.0,CSF,0.5000000000000001,3,0.4553825555391872,6,1.0,5,3,0.7356266703566355,14,True,0.0407965561498108,True,1.0,1.0,1.0,1.0,2,1.0,2,1.0,2,1.0,3.0
2-Pentadecanone,-1.0,CSF,N-Caffeoyl-O-methyltyramine,-1.0,CSF,,1,0.0308020551816848,6,0.8999999999999998,5,2,0.6490390672658904,12,True,0.1164782147592447,True,1.0,1.0,1.0,1.0,2,1.0,2,1.0,2,1.0,3.0
2-Pentadecanone,-1.0,CSF,Norketamine,-1.0,CSF,0.5000000000000001,3,0.7503664793768668,6,1.0,5,3,0.8170751792670229,14,True,0.0141218667430755,True,1.0,1.0,1.0,1.0,2,1.0,2,1.0,2,1.0,3.0
2-Pentadecanone,-1.0,CSF,Tetrahydro-solasodine triacetate,-1.0,CSF,0.5000000000000001,3,0.819688599970537,6,0.8999999999999998,5,3,0.7090777378926366,14,True,0.0520576734963542,True,1.0,1.0,1.0,1.0,2,1.0,2,1.0,2,1.0,3.0
2-Pentadecanone,-1.0,CSF,Triethyl citrate,-1.0,CSF,,3,0.948683298050514,4,1.0,5,2,0.8586626045105124,12,True,0.013878426170457,True,1.0,1.0,1.0,1.0,2,1.0,2,1.0,2,1.0,3.0
2-Pentadecanone,-1.0,CSF,Trimethylolpropane,-1.0,CSF,,1,0.3441236008058426,5,1.0,3,2,0.7915538639660273,9,True,0.0797586893834903,True,1.0,1.0,1.0,1.0,2,1.0,2,1.0,2,1.0,3.0
2-Pentadecanone,-1.0,CSF,Yangonin,-1.0,CSF,0.8660254037844387,3,0.7700513795421218,6,1.0,4,3,0.7396235392486973,13,True,0.0482918401552428,True,1.0,1.0,1.0,1.0,2,1.0,2,1.0,2,1.0,3.0
2-Propyl-1-pentanol,-1.0,CSF,3-Amino-5-methylisoxazole,-1.0,CSF,,1,0.942857142857143,6,0.7999999999999999,4,2,0.7000000000000001,11,True,0.0996861030216116,True,1.0,1.0,1.0,1.0,2,1.0,2,1.0,2,1.0,3.0
2-Propyl-1-pentanol,-1.0,CSF,"Benzoic acid, methyl ester",-1.0,CSF,,2,0.8285714285714287,6,0.6000000000000001,4,2,0.7552447552447553,12,True,0.0520337480006854,True,1.0,1.0,1.0,1.0,2,1.0,2,1.0,2,1.0,3.0
2-Propyl-1-pentanol,-1.0,CSF,N-Ethyldiethanolamine,-1.0,CSF,,2,0.6,6,0.3999999999999999,4,2,0.6223776223776225,12,True,0.1359210134372988,True,1.0,1.0,1.0,1.0,2,1.0,2,1.0,2,1.0,3.0
2-Propyl-1-pentanol,-1.0,CSF,Niacin,-1.0,CSF,,2,0.5642880936468347,5,0.7999999999999999,4,2,0.7699336604071668,11,True,0.0576239389659943,True,1.0,1.0,1.0,1.0,2,1.0,2,1.0,2,1.0,3.0
2-Propyl-1-pentanol,-1.0,CSF,Triethyl citrate,-1.0,CSF,,2,1.0,4,0.6000000000000001,4,2,0.7051704306688749,10,True,0.1174055731788019,True,1.0,1.0,1.0,1.0,2,1.0,2,1.0,2,1.0,3.0
2-Pyrrolidone-5-carboxylic acid,-1.0,CSF,Hydracrylic acid,-1.0,CSF,1.0,3,0.7714285714285715,6,0.8944271909999159,5,3,0.6556355290335613,14,True,0.0791875062665264,True,1.0,1.0,1.0,1.0,2,1.0,2,1.0,2,1.0,3.0
2-Pyrrolidone-5-carboxylic acid,-1.0,CSF,"L-Histidine, N,1-bis(tert-butyldimethylsilyl)-",-1.0,CSF,0.5,3,0.3768511731740915,6,0.8249579113843054,5,3,0.6644522346775903,14,True,0.0744983003032704,True,1.0,1.0,1.0,1.0,2,1.0,2,1.0,2,1.0,3.0
2-Pyrrolidone-5-carboxylic acid,-1.0,CSF,N-Acetylaspartic acid,-1.0,CSF,0.5,3,0.8999999999999998,5,0.6708203932499368,5,3,0.5856442973164196,13,True,0.1467857811532222,True,1.0,1.0,1.0,1.0,2,1.0,2,1.0,2,1.0,3.0
2-Pyrrolidone-5-carboxylic acid,-1.0,CSF,Oxalic acid,-1.0,CSF,0.8660254037844387,3,0.8116794499134279,6,0.8249579113843054,5,3,0.7006651884700666,14,True,0.0555147416512883,True,1.0,1.0,1.0,1.0,2,1.0,2,1.0,2,1.0,3.0
2-Pyrrolidone-5-carboxylic acid,-1.0,CSF,Picolinic acid,-1.0,CSF,0.8660254037844387,3,0.6179143806533246,6,1.0,5,3,0.8031190434628972,14,True,0.0174770481349083,True,1.0,1.0,1.0,1.0,2,1.0,2,1.0,2,1.0,3.0
"3-(4,7-Dimethoxy-2H-1,3-benzodioxol-5-yl)-2-methylprop-2-enal",-1.0,CSF,"6-Methoxy-1-methyl-1,2,3,4-tetrahydroisoquinolin-7-ol ",-1.0,CSF,,1,0.7999999999999999,4,0.948683298050514,4,2,0.8033543124054942,9,True,0.0731466441312865,True,1.0,1.0,1.0,1.0,2,1.0,2,1.0,2,1.0,3.0
"3-(4,7-Dimethoxy-2H-1,3-benzodioxol-5-yl)-2-methylprop-2-enal",-1.0,CSF,"Benzene, 1,4-dimethoxy",-1.0,CSF,0.8660254037844387,3,0.6,6,0.8720815992723809,5,3,0.7004422277821163,14,True,0.0555147416512883,True,1.0,1.0,1.0,1.0,2,1.0,2,1.0,2,1.0,3.0
"3-(4,7-Dimethoxy-2H-1,3-benzodioxol-5-yl)-2-methylprop-2-enal",-1.0,CSF,"Cyclohexanone, 3,3,5-trimethyl",-1.0,CSF,0.5,3,0.4999999999999999,5,1.0,5,3,0.7802197802197801,13,True,0.0306065603106034,True,1.0,1.0,1.0,1.0,2,1.0,2,1.0,2,1.0,3.0
"3-(4,7-Dimethoxy-2H-1,3-benzodioxol-5-yl)-2-methylprop-2-enal",-1.0,CSF,Cyclooctylamine,-1.0,CSF,0.5,3,0.942857142857143,6,0.9746794344808964,5,3,0.8932898694815322,14,True,0.0026871698574345,True,1.0,1.0,1.0,1.0,2,1.0,2,1.0,2,1.0,3.0
"3-(4,7-Dimethoxy-2H-1,3-benzodioxol-5-yl)-2-methylprop-2-enal",-1.0,CSF,Diethylamine,-1.0,CSF,0.5,3,0.9276336570439176,6,0.7999999999999999,5,3,0.8118816794056289,14,True,0.0152057452750258,True,1.0,1.0,1.0,1.0,2,1.0,2,1.0,2,1.0,3.0
"3-(4,7-Dimethoxy-2H-1,3-benzodioxol-5-yl)-2-methylprop-2-enal",-1.0,CSF,Mevalonolactone,-1.0,CSF,0.5,3,0.4857142857142857,6,0.8207826816681233,5,3,0.8008805726386151,14,True,0.0181566052424173,True,1.0,1.0,1.0,1.0,2,1.0,2,1.0,2,1.0,3.0
"3-(4,7-Dimethoxy-2H-1,3-benzodioxol-5-yl)-2-methylprop-2-enal",-1.0,CSF,N-Acetylaminoethanol,-1.0,CSF,0.8660254037844387,3,0.5507824838698261,6,0.9746794344808964,5,3,0.7563437183489453,14,True,0.0315847752869698,True,1.0,1.0,1.0,1.0,2,1.0,2,1.0,2,1.0,3.0
"3-(4,7-Dimethoxy-2H-1,3-benzodioxol-5-yl)-2-methylprop-2-enal",-1.0,CSF,Trimethylolpropane,-1.0,CSF,,1,0.9746794344808964,5,1.0,3,2,0.8870370532810664,9,True,0.0283352795234329,True,1.0,1.0,1.0,1.0,2,1.0,2,1.0,2,1.0,3.0
"3,4-Methylenedioxyamphetamine",1.0,CSF,3-Heptanol,1.0,CSF,1.0,3,0.948683298050514,4,,1,2,0.8503146459584139,8,True,0.0658666407016004,True,1.0,1.0,1.0,1.0,2,1.0,2,1.0,2,1.0,3.0
"3,4-Methylenedioxyamphetamine",1.0,CSF,"Propanoic acid, 3-[(tert-butyldimethylsilyl)oxy]-2-methyl-",1.0,CSF,1.0,3,0.632455532033676,4,,2,2,0.7029350233548073,9,True,0.1451159719146653,True,1.0,1.0,1.0,1.0,2,1.0,2,1.0,2,1.0,3.0
"3,5-Dimethylphenol",1.0,CSF,4-Oxohexanoic acid,1.0,CSF,0.5,3,1.0,3,0.8999999999999998,5,3,0.8363636363636365,11,True,0.0276635904089791,True,1.0,1.0,1.0,1.0,2,1.0,2,1.0,2,1.0,3.0
"3,5-Dimethylphenol",1.0,CSF,Butylmethylamine,-1.0,CSF,-1.0,3,-1.0,5,-0.2051956704170308,5,3,-0.6107296011476098,13,True,0.1260302413037101,True,-1.0,-1.0,-1.0,-1.0,2,-1.0,2,-1.0,2,-1.0,3.0
3-Amino-5-methylisoxazole,-1.0,CSF,6-Methyluracil,-1.0,CSF,,2,0.3188740696088466,6,0.4616902584383193,5,2,0.6446280991735538,13,True,0.102709220337267,True,1.0,1.0,1.0,1.0,2,1.0,2,1.0,2,1.0,3.0
3-Amino-5-methylisoxazole,-1.0,CSF,Azelaic acid,-1.0,CSF,,2,0.4928053803045811,6,0.9746794344808964,5,2,0.6088154269972452,13,True,0.1277903871860531,True,1.0,1.0,1.0,1.0,2,1.0,2,1.0,2,1.0,3.0
3-Amino-5-methylisoxazole,-1.0,CSF,"Benzoic acid, methyl ester",-1.0,CSF,,2,0.7142857142857143,6,0.4616902584383193,5,2,0.7207709707237556,13,True,0.0565986937201208,True,1.0,1.0,1.0,1.0,2,1.0,2,1.0,2,1.0,3.0
3-Amino-5-methylisoxazole,-1.0,CSF,Curcumin,-1.0,CSF,,2,0.8857142857142858,6,0.1538967528127731,5,2,0.7235220049631592,13,True,0.0553909087824605,True,1.0,1.0,1.0,1.0,2,1.0,2,1.0,2,1.0,3.0
3-Amino-5-methylisoxazole,-1.0,CSF,Leucylglycine,1.0,CSF,,0,-0.6571428571428573,6,-0.8207826816681234,5,2,-0.7198196351735643,11,True,0.0850130977352022,True,-1.0,-1.0,-1.0,-1.0,2,-1.0,2,-1.0,2,-1.0,3.0
3-Amino-5-methylisoxazole,-1.0,CSF,Monocaproin,-1.0,CSF,,2,1.0,3,0.632455532033676,4,2,0.7531446678801508,9,True,0.1082557224173712,True,1.0,1.0,1.0,1.0,2,1.0,2,1.0,2,1.0,3.0
3-Amino-5-methylisoxazole,-1.0,CSF,N-Ethyldiethanolamine,-1.0,CSF,,2,0.4857142857142857,6,0.1538967528127731,5,2,0.756534415836003,13,True,0.0411151145046708,True,1.0,1.0,1.0,1.0,2,1.0,2,1.0,2,1.0,3.0
3-Amino-5-methylisoxazole,-1.0,CSF,N-Methylacetamide,-1.0,CSF,,2,0.5507824838698261,6,0.1351845176089688,5,2,0.6754169417074809,13,True,0.080685210575563,True,1.0,1.0,1.0,1.0,2,1.0,2,1.0,2,1.0,3.0
3-Amino-5-methylisoxazole,-1.0,CSF,"Oxymorphone, bis(trimethylsilyl) ether",-1.0,CSF,,2,0.1765469659009499,6,0.3999999999999999,4,2,0.6807059446478289,12,True,0.093730208244914,True,1.0,1.0,1.0,1.0,2,1.0,2,1.0,2,1.0,3.0
3-Amino-5-methylisoxazole,-1.0,CSF,Phenoxyethanol,-1.0,CSF,,2,0.0579771035652448,6,0.6155870112510925,5,2,0.6143250688705235,13,True,0.1241850971229196,True,1.0,1.0,1.0,1.0,2,1.0,2,1.0,2,1.0,3.0
3-Amino-5-methylisoxazole,-1.0,CSF,Tetrahydro-solasodine triacetate,-1.0,CSF,,2,0.6,6,0.5642880936468347,5,2,0.7493112947658401,13,True,0.043798707869185,True,1.0,1.0,1.0,1.0,2,1.0,2,1.0,2,1.0,3.0
3-Amino-5-methylisoxazole,-1.0,CSF,Yangonin,-1.0,CSF,,2,0.5507824838698261,6,0.7999999999999999,4,2,0.6549922478963537,12,True,0.1124556448972877,True,1.0,1.0,1.0,1.0,2,1.0,2,1.0,2,1.0,3.0
3-Heptanol,1.0,CSF,"Benzoic acid, methyl ester",-1.0,CSF,-1.0,3,-0.9276336570439174,6,-0.3999999999999999,4,3,-0.6354889093022426,13,True,0.1094703238116557,True,-1.0,-1.0,-1.0,-1.0,2,-1.0,2,-1.0,2,-1.0,3.0
3-Heptanol,1.0,CSF,Propylene glycol,-1.0,CSF,-0.5,3,-0.6470588235294118,6,-0.7999999999999999,4,3,-0.6088154269972452,13,True,0.1277903871860531,True,-1.0,-1.0,-1.0,-1.0,2,-1.0,2,-1.0,2,-1.0,3.0
"4-[2-(4,7-Dimethoxy-2H-1,3-benzodioxol-5-yl)ethenyl]-2-methoxyphenol",1.0,CSF,"6-Methoxy-1-methyl-1,2,3,4-tetrahydroisoquinolin-7-ol ",-1.0,CSF,,1,-0.7999999999999999,4,-1.0,4,2,-0.7815126050420169,9,True,0.0862413893023272,True,-1.0,-1.0,-1.0,-1.0,2,-1.0,2,-1.0,2,-1.0,3.0
4-Aminobutanoic acid,-1.0,CSF,N-Acetylaspartic acid,-1.0,CSF,0.5,3,0.7999999999999999,5,0.7999999999999999,5,3,0.9285714285714284,13,True,0.001326998160613,True,1.0,1.0,1.0,1.0,2,1.0,2,1.0,2,1.0,3.0
4-Aminobutanoic acid,-1.0,CSF,Pentanoic acid,-1.0,CSF,0.5,3,0.3142857142857143,6,0.6155870112510925,5,3,0.5874591013585445,14,True,0.1277903871860531,True,1.0,1.0,1.0,1.0,2,1.0,2,1.0,2,1.0,3.0
4-Methoxyphenol,-1.0,CSF,Synephrine,-1.0,CSF,0.5,3,0.1999999999999999,4,,2,2,0.75,9,True,0.1101901332024118,True,1.0,1.0,1.0,1.0,2,1.0,2,1.0,2,1.0,3.0
4-Oxohexanoic acid,1.0,CSF,"Propanoic acid, 3-[(tert-butyldimethylsilyl)oxy]-2-methyl-",1.0,CSF,1.0,3,0.7999999999999999,4,1.0,4,3,0.7636363636363637,11,True,0.0604103505008105,True,1.0,1.0,1.0,1.0,2,1.0,2,1.0,2,1.0,3.0
"5-Nonanol, tert-butyldimethylsilyl ether",-1.0,CSF,6-Methyluracil,-1.0,CSF,1.0,3,0.0447811075519899,6,0.7999999999999999,5,3,0.6515990729942364,14,True,0.081683823846893,True,1.0,1.0,1.0,1.0,2,1.0,2,1.0,2,1.0,3.0
"5-Nonanol, tert-butyldimethylsilyl ether",-1.0,CSF,8-Methylnonanoic acid,-1.0,CSF,1.0,3,0.4030299679679092,6,1.0,5,3,0.7464172122116718,14,True,0.0362724801540115,True,1.0,1.0,1.0,1.0,2,1.0,2,1.0,2,1.0,3.0
"5-Nonanol, tert-butyldimethylsilyl ether",-1.0,CSF,Adenine,-1.0,CSF,,1,0.5002164033860248,6,0.8999999999999998,5,2,0.6771971511187163,12,True,0.096545221587376,True,1.0,1.0,1.0,1.0,2,1.0,2,1.0,2,1.0,3.0
"5-Nonanol, tert-butyldimethylsilyl ether",-1.0,CSF,alpha-Hydroxyisobutyric acid,-1.0,CSF,,0,0.4413674147523747,6,1.0,3,2,0.747925568066256,9,True,0.112241866669062,True,1.0,1.0,1.0,1.0,2,1.0,2,1.0,2,1.0,3.0
"5-Nonanol, tert-butyldimethylsilyl ether",-1.0,CSF,Benzyl alcohol,-1.0,CSF,0.5,3,0.5590653920196746,6,0.4999999999999999,5,3,0.7621163862031831,14,True,0.0295216346138029,True,1.0,1.0,1.0,1.0,2,1.0,2,1.0,2,1.0,3.0
"5-Nonanol, tert-butyldimethylsilyl ether",-1.0,CSF,Butachlor ESA,-1.0,CSF,,2,0.7378647873726218,4,1.0,4,2,0.7477238187264794,10,True,0.0862413893023272,True,1.0,1.0,1.0,1.0,2,1.0,2,1.0,2,1.0,3.0
"5-Nonanol, tert-butyldimethylsilyl ether",-1.0,CSF,Butyric Acid,-1.0,CSF,0.5,3,0.5075192189225523,6,0.6,5,3,0.601984930380462,14,True,0.1174055731788019,True,1.0,1.0,1.0,1.0,2,1.0,2,1.0,2,1.0,3.0
"5-Nonanol, tert-butyldimethylsilyl ether",-1.0,CSF,"Hymexazole, tert-butyldimethylsilyl ether",-1.0,CSF,1.0,3,0.0882734829504749,6,0.7999999999999999,5,3,0.5947150990602874,14,True,0.1225634827788127,True,1.0,1.0,1.0,1.0,2,1.0,2,1.0,2,1.0,3.0
"5-Nonanol, tert-butyldimethylsilyl ether",-1.0,CSF,Iminodiacetic acid,-1.0,CSF,0.5,3,0.2239055377599495,6,0.9746794344808964,5,3,0.5949227373068433,14,True,0.1225588777008458,True,1.0,1.0,1.0,1.0,2,1.0,2,1.0,2,1.0,3.0
"5-Nonanol, tert-butyldimethylsilyl ether",-1.0,CSF,Leucylglycine,1.0,CSF,,1,-0.5002164033860248,6,-0.7,5,2,-0.6175476611238034,12,True,0.1409910583222313,True,-1.0,-1.0,-1.0,-1.0,2,-1.0,2,-1.0,2,-1.0,3.0
"5-Nonanol, tert-butyldimethylsilyl ether",-1.0,CSF,Lignoceric acid,-1.0,CSF,0.5,3,0.8209869717864816,6,0.7999999999999999,5,3,0.5854468828425372,14,True,0.1295934372907866,True,1.0,1.0,1.0,1.0,2,1.0,2,1.0,2,1.0,3.0
"5-Nonanol, tert-butyldimethylsilyl ether",-1.0,CSF,L-Tyrosine,-1.0,CSF,1.0,3,0.4596273598704938,5,0.7999999999999999,4,3,0.6449922087476669,12,True,0.11963829295529,True,1.0,1.0,1.0,1.0,2,1.0,2,1.0,2,1.0,3.0
"5-Nonanol, tert-butyldimethylsilyl ether",-1.0,CSF,Myristic acid,-1.0,CSF,0.5,3,0.6666666666666665,6,0.7,5,3,0.7615894039735099,14,True,0.0297972164469903,True,1.0,1.0,1.0,1.0,2,1.0,2,1.0,2,1.0,3.0
"5-Nonanol, tert-butyldimethylsilyl ether",-1.0,CSF,N-Ethyldiethanolamine,-1.0,CSF,0.5,3,0.5296408977028497,6,0.3,5,3,0.6960369307520401,14,True,0.0578469199140608,True,1.0,1.0,1.0,1.0,2,1.0,2,1.0,2,1.0,3.0
"5-Nonanol, tert-butyldimethylsilyl ether",-1.0,CSF,Norketamine,-1.0,CSF,0.8660254037844387,3,0.6515151515151513,6,0.8999999999999998,5,3,0.6950280486116179,14,True,0.0584007432282308,True,1.0,1.0,1.0,1.0,2,1.0,2,1.0,2,1.0,3.0
"5-Nonanol, tert-butyldimethylsilyl ether",-1.0,CSF,Pentanedioic acid,-1.0,CSF,1.0,3,0.6866436491305119,6,1.0,4,3,0.6068971290344045,13,True,0.1295934372907866,True,1.0,1.0,1.0,1.0,2,1.0,2,1.0,2,1.0,3.0
"5-Nonanol, tert-butyldimethylsilyl ether",-1.0,CSF,Pentanoic acid,-1.0,CSF,1.0,3,0.6767633692869747,6,0.6668859288553501,5,3,0.6968030695978974,14,True,0.0576239389659943,True,1.0,1.0,1.0,1.0,2,1.0,2,1.0,2,1.0,3.0
"5-Nonanol, tert-butyldimethylsilyl ether",-1.0,CSF,Phenoxyethanol,-1.0,CSF,0.5,3,0.5224462547732155,6,0.8999999999999998,5,3,0.7662628692571816,14,True,0.0283352795234329,True,1.0,1.0,1.0,1.0,2,1.0,2,1.0,2,1.0,3.0
"5-Nonanol, tert-butyldimethylsilyl ether",-1.0,CSF,Pipecolic acid,-1.0,CSF,0.5,3,0.4413674147523747,6,0.7905694150420948,5,3,0.6247240618101545,14,True,0.101282592676921,True,1.0,1.0,1.0,1.0,2,1.0,2,1.0,2,1.0,3.0
"5-Nonanol, tert-butyldimethylsilyl ether",-1.0,CSF,Suberic acid,-1.0,CSF,,2,0.4413674147523747,6,0.8999999999999998,5,2,0.741049643888357,13,True,0.0478305863419935,True,1.0,1.0,1.0,1.0,2,1.0,2,1.0,2,1.0,3.0
"5-Nonanol, tert-butyldimethylsilyl ether",-1.0,CSF,Uracil,-1.0,CSF,1.0,3,0.2686866453119394,6,0.8720815992723809,5,3,0.6379690949227372,14,True,0.0909782222878043,True,1.0,1.0,1.0,1.0,2,1.0,2,1.0,2,1.0,3.0
"5-Nonanol, tert-butyldimethylsilyl ether",-1.0,CSF,Xylazine,-1.0,CSF,1.0,3,0.5590653920196746,6,0.8720815992723809,5,3,0.8092617928557859,14,True,0.0157667539499647,True,1.0,1.0,1.0,1.0,2,1.0,2,1.0,2,1.0,3.0
"6-Aminocaproic acid, N-(tert.-butyldimethylsilyl)",-1.0,CSF,Adenine,-1.0,CSF,,1,1.0,4,0.8720815992723809,5,2,0.8267515394048879,10,True,0.0436762839772062,True,1.0,1.0,1.0,1.0,2,1.0,2,1.0,2,1.0,3.0
"6-Aminocaproic acid, N-(tert.-butyldimethylsilyl)",-1.0,CSF,Curcumin,-1.0,CSF,0.8660254037844387,3,0.7999999999999999,4,0.6155870112510925,5,3,0.8000049246376544,12,True,0.0319917535485514,True,1.0,1.0,1.0,1.0,2,1.0,2,1.0,2,1.0,3.0
"6-Aminocaproic acid, N-(tert.-butyldimethylsilyl)",-1.0,CSF,Glycerol,-1.0,CSF,0.5000000000000001,3,1.0,4,0.8720815992723809,5,3,0.7258359188359303,12,True,0.0659414733744929,True,1.0,1.0,1.0,1.0,2,1.0,2,1.0,2,1.0,3.0
"6-Aminocaproic acid, N-(tert.-butyldimethylsilyl)",-1.0,CSF,Heptylamine,-1.0,CSF,,1,0.5,3,0.7378647873726218,4,2,0.7545045450053531,8,True,0.1357243705689149,True,1.0,1.0,1.0,1.0,2,1.0,2,1.0,2,1.0,3.0
"6-Aminocaproic acid, N-(tert.-butyldimethylsilyl)",-1.0,CSF,Leucylglycine,1.0,CSF,,1,-1.0,4,-0.6668859288553503,5,2,-0.8328305948416885,10,True,0.0411254119591812,True,-1.0,-1.0,-1.0,-1.0,2,-1.0,2,-1.0,2,-1.0,3.0
"6-Aminocaproic acid, N-(tert.-butyldimethylsilyl)",-1.0,CSF,L-Tryptophan,-1.0,CSF,1.0,3,1.0,4,0.8720815992723809,5,3,0.7311083347112519,12,True,0.0634185876616366,True,1.0,1.0,1.0,1.0,2,1.0,2,1.0,2,1.0,3.0
"6-Aminocaproic acid, N-(tert.-butyldimethylsilyl)",-1.0,CSF,N-Caffeoyl-O-methyltyramine,-1.0,CSF,,1,0.316227766016838,4,0.9746794344808964,5,2,0.7256097560975611,10,True,0.1033068990268606,True,1.0,1.0,1.0,1.0,2,1.0,2,1.0,2,1.0,3.0
"6-Aminocaproic acid, N-(tert.-butyldimethylsilyl)",-1.0,CSF,Tetrahydro-solasodine triacetate,-1.0,CSF,1.0,3,0.7999999999999999,4,0.8720815992723809,5,3,0.7662577738800621,12,True,0.0473693965270261,True,1.0,1.0,1.0,1.0,2,1.0,2,1.0,2,1.0,3.0
"6-Aminocaproic acid, N-(tert.-butyldimethylsilyl)",-1.0,CSF,Yangonin,-1.0,CSF,0.8660254037844387,3,1.0,4,0.7378647873726218,4,3,0.8630226958069518,11,True,0.0185700016469881,True,1.0,1.0,1.0,1.0,2,1.0,2,1.0,2,1.0,3.0
"6-Methoxy-1-methyl-1,2,3,4-tetrahydroisoquinolin-7-ol ",-1.0,CSF,"Cyclohexanone, 3,3,5-trimethyl",-1.0,CSF,,1,0.7999999999999999,4,0.948683298050514,4,2,0.8117225864930513,9,True,0.0672702738365518,True,1.0,1.0,1.0,1.0,2,1.0,2,1.0,2,1.0,3.0
"6-Methoxy-1-methyl-1,2,3,4-tetrahydroisoquinolin-7-ol ",-1.0,CSF,Cyclooctylamine,-1.0,CSF,,1,1.0,4,0.8333333333333335,4,2,0.8277310924369748,9,True,0.058796048314464,True,1.0,1.0,1.0,1.0,2,1.0,2,1.0,2,1.0,3.0
"6-Methoxy-1-methyl-1,2,3,4-tetrahydroisoquinolin-7-ol ",-1.0,CSF,DL-Glyceraldehyde,-1.0,CSF,,1,0.7999999999999999,4,0.7378647873726218,4,2,0.728039845617479,9,True,0.1253381751327834,True,1.0,1.0,1.0,1.0,2,1.0,2,1.0,2,1.0,3.0
"6-Methoxy-1-methyl-1,2,3,4-tetrahydroisoquinolin-7-ol ",-1.0,CSF,Mevalonolactone,-1.0,CSF,,1,1.0,4,0.7378647873726218,4,2,0.8451956828432803,9,True,0.0494212331308024,True,1.0,1.0,1.0,1.0,2,1.0,2,1.0,2,1.0,3.0
"6-Methoxy-1-methyl-1,2,3,4-tetrahydroisoquinolin-7-ol ",-1.0,CSF,N-Acetylaminoethanol,-1.0,CSF,,1,0.948683298050514,4,0.888888888888889,4,2,0.784817112825633,9,True,0.0840738256879952,True,1.0,1.0,1.0,1.0,2,1.0,2,1.0,2,1.0,3.0
6-Methyluracil,-1.0,CSF,Benzyl alcohol,-1.0,CSF,0.5,3,0.2898855178262242,6,0.8999999999999998,5,3,0.7326737106831287,14,True,0.0420140132520634,True,1.0,1.0,1.0,1.0,2,1.0,2,1.0,2,1.0,3.0
6-Methyluracil,-1.0,CSF,Butyric Acid,-1.0,CSF,0.5,3,0.3823529411764706,6,0.3999999999999999,5,3,0.5682819383259913,14,True,0.1441395453565646,True,1.0,1.0,1.0,1.0,2,1.0,2,1.0,2,1.0,3.0
6-Methyluracil,-1.0,CSF,"Hymexazole, tert-butyldimethylsilyl ether",-1.0,CSF,1.0,3,0.9856107606091624,6,1.0,5,3,0.957096288730213,14,True,0.000124748767058,True,1.0,1.0,1.0,1.0,2,1.0,2,1.0,2,1.0,3.0
6-Methyluracil,-1.0,CSF,Monocaproin,-1.0,CSF,1.0,3,1.0,3,0.7999999999999999,4,3,0.7696969696969697,10,True,0.0734930287423171,True,1.0,1.0,1.0,1.0,2,1.0,2,1.0,2,1.0,3.0
6-Methyluracil,-1.0,CSF,"N,N-Dimethyl-2-aminoethanol",-1.0,CSF,1.0,3,0.5217939320872036,6,1.0,4,3,0.6657502859356826,13,True,0.08647489039371,True,1.0,1.0,1.0,1.0,2,1.0,2,1.0,2,1.0,3.0
6-Methyluracil,-1.0,CSF,N-Ethyldiethanolamine,-1.0,CSF,0.5,3,0.0579771035652448,6,0.3,5,3,0.6336637497800032,14,True,0.094249795745686,True,1.0,1.0,1.0,1.0,2,1.0,2,1.0,2,1.0,3.0
6-Methyluracil,-1.0,CSF,Oleamide,-1.0,CSF,0.5,3,0.4058397249567139,6,0.7,5,3,0.5698573305313223,14,True,0.1425828023298933,True,1.0,1.0,1.0,1.0,2,1.0,2,1.0,2,1.0,3.0
6-Methyluracil,-1.0,CSF,Phenoxyethanol,-1.0,CSF,0.5,3,0.7500000000000001,6,0.8999999999999998,5,3,0.8733480176211453,14,True,0.0044524428640862,True,1.0,1.0,1.0,1.0,2,1.0,2,1.0,2,1.0,3.0
6-Methyluracil,-1.0,CSF,Uracil,-1.0,CSF,1.0,3,0.5441176470588235,6,0.8207826816681233,5,3,0.7133411171358222,14,True,0.0499063638699764,True,1.0,1.0,1.0,1.0,2,1.0,2,1.0,2,1.0,3.0
6-Methyluracil,-1.0,CSF,Xylazine,-1.0,CSF,1.0,3,0.4928053803045812,6,0.9746794344808964,5,3,0.7731277533039648,14,True,0.0257902867201983,True,1.0,1.0,1.0,1.0,2,1.0,2,1.0,2,1.0,3.0
8-Methylnonanoic acid,-1.0,CSF,Butachlor ESA,-1.0,CSF,,2,0.632455532033676,4,1.0,4,2,0.6747751534848716,10,True,0.1407817932655523,True,1.0,1.0,1.0,1.0,2,1.0,2,1.0,2,1.0,3.0
8-Methylnonanoic acid,-1.0,CSF,Butanedioic acid,-1.0,CSF,1.0,3,0.753702346348183,6,0.4999999999999999,5,3,0.6204624216595864,14,True,0.1047397856132503,True,1.0,1.0,1.0,1.0,2,1.0,2,1.0,2,1.0,3.0
8-Methylnonanoic acid,-1.0,CSF,Hydracrylic acid,-1.0,CSF,0.5,3,0.753702346348183,6,0.3999999999999999,5,3,0.5940597654187529,14,True,0.1228383094311973,True,1.0,1.0,1.0,1.0,2,1.0,2,1.0,2,1.0,3.0
8-Methylnonanoic acid,-1.0,CSF,Iminodiacetic acid,-1.0,CSF,0.5,3,0.7941176470588236,6,0.9746794344808964,5,3,0.6857777045726142,14,True,0.062802378219224,True,1.0,1.0,1.0,1.0,2,1.0,2,1.0,2,1.0,3.0
8-Methylnonanoic acid,-1.0,CSF,"L-Histidine, N,1-bis(tert-butyldimethylsilyl)-",-1.0,CSF,1.0,3,0.8088235294117647,6,0.5270462766947299,5,3,0.6854321336612154,14,True,0.0628660387815158,True,1.0,1.0,1.0,1.0,2,1.0,2,1.0,2,1.0,3.0
8-Methylnonanoic acid,-1.0,CSF,L-Tyrosine,-1.0,CSF,1.0,3,0.4616902584383193,5,0.7999999999999999,4,3,0.6234685568211282,12,True,0.1352377375930549,True,1.0,1.0,1.0,1.0,2,1.0,2,1.0,2,1.0,3.0
8-Methylnonanoic acid,-1.0,CSF,Myristic acid,-1.0,CSF,0.5,3,0.6120084698771954,6,0.7,5,3,0.7662628692571815,14,True,0.0283352795234329,True,1.0,1.0,1.0,1.0,2,1.0,2,1.0,2,1.0,3.0
8-Methylnonanoic acid,-1.0,CSF,N-Acetyl-L-alanine,-1.0,CSF,0.5,3,0.6667366910003157,6,0.6668859288553501,5,3,0.7180616740088106,14,True,0.048277780087779,True,1.0,1.0,1.0,1.0,2,1.0,2,1.0,2,1.0,3.0
8-Methylnonanoic acid,-1.0,CSF,Norketamine,-1.0,CSF,0.8660254037844387,3,0.0149270358506633,6,0.8999999999999998,5,3,0.5772640996856935,14,True,0.1359210134372988,True,1.0,1.0,1.0,1.0,2,1.0,2,1.0,2,1.0,3.0
8-Methylnonanoic acid,-1.0,CSF,Pentanedioic acid,-1.0,CSF,1.0,3,0.8676470588235294,6,1.0,4,3,0.7589531680440772,13,True,0.0403616442536904,True,1.0,1.0,1.0,1.0,2,1.0,2,1.0,2,1.0,3.0
8-Methylnonanoic acid,-1.0,CSF,Pentanoic acid,-1.0,CSF,1.0,3,0.2898855178262242,6,0.6668859288553501,5,3,0.6101321585903084,14,True,0.112241866669062,True,1.0,1.0,1.0,1.0,2,1.0,2,1.0,2,1.0,3.0
8-Methylnonanoic acid,-1.0,CSF,Pipecolic acid,-1.0,CSF,0.5,3,0.8406680016960504,6,0.7905694150420948,5,3,0.7210588726535205,14,True,0.0472668294159842,True,1.0,1.0,1.0,1.0,2,1.0,2,1.0,2,1.0,3.0
8-Methylnonanoic acid,-1.0,CSF,Suberic acid,-1.0,CSF,,2,0.8406680016960504,6,0.8999999999999998,5,2,0.7950488951876541,13,True,0.0257902867201983,True,1.0,1.0,1.0,1.0,2,1.0,2,1.0,2,1.0,3.0
8-Methylnonanoic acid,-1.0,CSF,Trimethylolpropane,-1.0,CSF,,1,0.8157894736842107,5,1.0,3,2,0.7521008403361346,9,True,0.1091557459055979,True,1.0,1.0,1.0,1.0,2,1.0,2,1.0,2,1.0,3.0
Aceturic acid,-1.0,CSF,Cyclooctylamine,-1.0,CSF,0.5,3,0.4857142857142857,6,0.7999999999999999,4,3,0.6208791208791209,13,True,0.11963829295529,True,1.0,1.0,1.0,1.0,2,1.0,2,1.0,2,1.0,3.0
Aceturic acid,-1.0,CSF,Diethylamine,-1.0,CSF,0.5,3,0.5217939320872036,6,1.0,4,3,0.7372771761601775,13,True,0.0491315858707418,True,1.0,1.0,1.0,1.0,2,1.0,2,1.0,2,1.0,3.0
Aceturic acid,-1.0,CSF,N-Acetyl-L-alanine,-1.0,CSF,0.5,3,0.6571428571428573,6,0.7999999999999999,4,3,0.7362637362637362,13,True,0.0494212331308024,True,1.0,1.0,1.0,1.0,2,1.0,2,1.0,2,1.0,3.0
Aceturic acid,-1.0,CSF,N-Methylacetamide,-1.0,CSF,0.5,3,0.6377481392176932,6,0.7378647873726218,4,3,0.7162561613790811,13,True,0.058796048314464,True,1.0,1.0,1.0,1.0,2,1.0,2,1.0,2,1.0,3.0
Aceturic acid,-1.0,CSF,Pipecolic acid,-1.0,CSF,0.5,3,0.3714285714285715,6,0.2108185106778919,4,3,0.6244847723446278,13,True,0.116705957697828,True,1.0,1.0,1.0,1.0,2,1.0,2,1.0,2,1.0,3.0
Aconitic acid,1.0,CSF,Niacin,-1.0,CSF,-0.5,3,-0.2894736842105264,5,-0.7181848464596079,5,3,-0.704828256674047,13,True,0.0647438927516842,True,-1.0,-1.0,-1.0,-1.0,2,-1.0,2,-1.0,2,-1.0,3.0
Adenine,-1.0,CSF,Butachlor ESA,-1.0,CSF,,0,0.7999999999999999,4,1.0,4,2,0.7619047619047621,8,True,0.1295934372907866,True,1.0,1.0,1.0,1.0,2,1.0,2,1.0,2,1.0,3.0
Adenine,-1.0,CSF,Curcumin,-1.0,CSF,,1,0.6,6,0.7,5,2,0.6573426573426573,12,True,0.1110629473722719,True,1.0,1.0,1.0,1.0,2,1.0,2,1.0,2,1.0,3.0
Adenine,-1.0,CSF,Diacetyl monoxime,-1.0,CSF,,1,0.4857142857142857,6,1.0,5,2,0.6993006993006995,12,True,0.0808210362570805,True,1.0,1.0,1.0,1.0,2,1.0,2,1.0,2,1.0,3.0
Adenine,-1.0,CSF,Glycerol,-1.0,CSF,,1,0.942857142857143,6,0.8999999999999998,5,2,0.8041958041958043,12,True,0.030504667383335,True,1.0,1.0,1.0,1.0,2,1.0,2,1.0,2,1.0,3.0
Adenine,-1.0,CSF,Heptylamine,-1.0,CSF,,1,0.6,5,1.0,4,2,0.8787878787878788,10,True,0.0216715092004594,True,1.0,1.0,1.0,1.0,2,1.0,2,1.0,2,1.0,3.0
Adenine,-1.0,CSF,Leucylglycine,1.0,CSF,,1,-0.942857142857143,6,-0.6,5,2,-0.7832167832167832,12,True,0.0399557388710776,True,-1.0,-1.0,-1.0,-1.0,2,-1.0,2,-1.0,2,-1.0,3.0
Adenine,-1.0,CSF,L-Tryptophan,-1.0,CSF,,1,0.8857142857142858,6,1.0,5,2,0.9370629370629372,12,True,0.0015998310686161,True,1.0,1.0,1.0,1.0,2,1.0,2,1.0,2,1.0,3.0
Adenine,-1.0,CSF,L-Tyrosine,-1.0,CSF,,1,0.3590924232298039,5,0.6000000000000001,4,2,0.7659609850368815,10,True,0.0751559894944798,True,1.0,1.0,1.0,1.0,2,1.0,2,1.0,2,1.0,3.0
Adenine,-1.0,CSF,N-Caffeoyl-O-methyltyramine,-1.0,CSF,,0,0.1159542071304896,6,0.8999999999999998,5,2,0.7562661989798207,11,True,0.0644029182282111,True,1.0,1.0,1.0,1.0,2,1.0,2,1.0,2,1.0,3.0
Adenine,-1.0,CSF,Niacin,-1.0,CSF,,1,0.8207826816681233,5,0.8999999999999998,5,2,0.7881569423102951,11,True,0.0489163428849968,True,1.0,1.0,1.0,1.0,2,1.0,2,1.0,2,1.0,3.0
Adenine,-1.0,CSF,Norketamine,-1.0,CSF,,1,0.8827348295047495,6,1.0,5,2,0.9017599369819176,12,True,0.005099253675901,True,1.0,1.0,1.0,1.0,2,1.0,2,1.0,2,1.0,3.0
Adenine,-1.0,CSF,Phenoxyethanol,-1.0,CSF,,1,0.6377481392176932,6,0.7999999999999999,5,2,0.6900185713132712,12,True,0.08647489039371,True,1.0,1.0,1.0,1.0,2,1.0,2,1.0,2,1.0,3.0
Adenine,-1.0,CSF,Propylene glycol,-1.0,CSF,,1,0.8986451052612952,6,0.7999999999999999,4,2,0.7517103785040387,11,True,0.0659414733744929,True,1.0,1.0,1.0,1.0,2,1.0,2,1.0,2,1.0,3.0
Adenine,-1.0,CSF,Synephrine,-1.0,CSF,,1,0.6377481392176932,6,0.632455532033676,4,2,0.7625650275119625,11,True,0.0611688413366106,True,1.0,1.0,1.0,1.0,2,1.0,2,1.0,2,1.0,3.0
Adenine,-1.0,CSF,Tetrahydro-solasodine triacetate,-1.0,CSF,,1,0.6,6,0.8999999999999998,5,2,0.7342657342657343,12,True,0.0616723866254659,True,1.0,1.0,1.0,1.0,2,1.0,2,1.0,2,1.0,3.0
Adenine,-1.0,CSF,Triethyl citrate,-1.0,CSF,,1,1.0,4,1.0,5,2,0.9151515151515152,10,True,0.0104267562926335,True,1.0,1.0,1.0,1.0,2,1.0,2,1.0,2,1.0,3.0
Adenine,-1.0,CSF,Uracil,-1.0,CSF,,1,0.2898855178262242,6,0.9746794344808964,5,2,0.6982499122933913,12,True,0.081560938650213,True,1.0,1.0,1.0,1.0,2,1.0,2,1.0,2,1.0,3.0
Adenine,-1.0,CSF,Xylazine,-1.0,CSF,,1,0.8285714285714287,6,0.8720815992723809,5,2,0.6374790861878952,12,True,0.1247849186397706,True,1.0,1.0,1.0,1.0,2,1.0,2,1.0,2,1.0,3.0
Adenine,-1.0,CSF,Yangonin,-1.0,CSF,,1,0.9856107606091624,6,1.0,4,2,0.9066082746806284,11,True,0.0076579669630442,True,1.0,1.0,1.0,1.0,2,1.0,2,1.0,2,1.0,3.0
Adipoyl-L-carnitine,1.0,CSF,L-Lysine,1.0,CSF,,1,0.5,3,0.5,3,2,0.7857142857142859,7,True,0.1484160030593234,True,1.0,1.0,1.0,1.0,2,1.0,2,1.0,2,1.0,3.0
alpha-Hydroxyisobutyric acid,-1.0,CSF,Azelaic acid,-1.0,CSF,,0,0.2319084142609793,6,1.0,3,2,0.7196715715299219,9,True,0.1315490870680259,True,1.0,1.0,1.0,1.0,2,1.0,2,1.0,2,1.0,3.0
alpha-Hydroxyisobutyric acid,-1.0,CSF,Cyclooctylamine,-1.0,CSF,,0,0.7714285714285715,6,0.8660254037844387,3,2,0.7196715715299219,9,True,0.1315490870680259,True,1.0,1.0,1.0,1.0,2,1.0,2,1.0,2,1.0,3.0
alpha-Hydroxyisobutyric acid,-1.0,CSF,Diethylamine,-1.0,CSF,,0,0.9276336570439176,6,1.0,3,2,0.912141875543738,9,True,0.0183341532345695,True,1.0,1.0,1.0,1.0,2,1.0,2,1.0,2,1.0,3.0
alpha-Hydroxyisobutyric acid,-1.0,CSF,Iminodiacetic acid,-1.0,CSF,,0,0.9276336570439176,6,0.8660254037844387,3,2,0.7815402003388966,9,True,0.0862413893023272,True,1.0,1.0,1.0,1.0,2,1.0,2,1.0,2,1.0,3.0
alpha-Hydroxyisobutyric acid,-1.0,CSF,Myristic acid,-1.0,CSF,,0,0.7944613465542746,6,0.5,3,2,0.7731365422707365,9,True,0.0923800726956741,True,1.0,1.0,1.0,1.0,2,1.0,2,1.0,2,1.0,3.0
alpha-Hydroxyisobutyric acid,-1.0,CSF,Pipecolic acid,-1.0,CSF,,0,0.8857142857142858,6,0.8660254037844387,3,2,0.8117225864930513,9,True,0.0672702738365518,True,1.0,1.0,1.0,1.0,2,1.0,2,1.0,2,1.0,3.0
alpha-Hydroxyisobutyric acid,-1.0,CSF,Suberic acid,-1.0,CSF,,0,0.8857142857142858,6,0.5,3,2,0.8166666666666667,9,True,0.064946844184985,True,1.0,1.0,1.0,1.0,2,1.0,2,1.0,2,1.0,3.0
Allylescaline,1.0,CSF,L-Glutamic acid,1.0,CSF,,0,0.8660254037844387,3,0.5,3,2,0.9276336570439174,6,True,0.0659414733744929,True,1.0,1.0,1.0,1.0,2,1.0,2,1.0,2,1.0,3.0
"Benzene, 1,4-dimethoxy",-1.0,CSF,Butachlor ESA,-1.0,CSF,,2,1.0,4,0.7999999999999999,4,2,0.8024353176576853,10,True,0.0554746869428727,True,1.0,1.0,1.0,1.0,2,1.0,2,1.0,2,1.0,3.0
"Benzene, 1,4-dimethoxy",-1.0,CSF,"Cyclohexanone, 3,3,5-trimethyl",-1.0,CSF,0.8660254037844387,3,0.8999999999999998,5,0.8720815992723809,5,3,0.7906366089069088,13,True,0.0272820074635193,True,1.0,1.0,1.0,1.0,2,1.0,2,1.0,2,1.0,3.0
"Benzene, 1,4-dimethoxy",-1.0,CSF,Cyclooctylamine,-1.0,CSF,0.8660254037844387,3,0.5428571428571429,6,0.7631578947368421,5,3,0.5678062988020841,14,True,0.1443069928124443,True,1.0,1.0,1.0,1.0,2,1.0,2,1.0,2,1.0,3.0
"Benzene, 1,4-dimethoxy",-1.0,CSF,Diethylamine,-1.0,CSF,0.8660254037844387,3,0.7247137945655605,6,0.9746794344808964,5,3,0.8070567198507294,14,True,0.0163678539402999,True,1.0,1.0,1.0,1.0,2,1.0,2,1.0,2,1.0,3.0
"Benzene, 1,4-dimethoxy",-1.0,CSF,Trimethylolpropane,-1.0,CSF,,1,0.6668859288553501,5,1.0,3,2,0.8535639569308375,9,True,0.0457992369138024,True,1.0,1.0,1.0,1.0,2,1.0,2,1.0,2,1.0,3.0
"Benzene, 1,4-dimethoxy",-1.0,CSF,Yangonin,-1.0,CSF,0.8660254037844387,3,0.4058397249567139,6,0.7999999999999999,4,3,0.6804407713498623,13,True,0.0773417462776868,True,1.0,1.0,1.0,1.0,2,1.0,2,1.0,2,1.0,3.0
"Benzoic acid, 2-hydroxy-3-[(2-hydroxy-4-methoxy-6-propylbenzoyl)oxy]-4-methoxy-6-propyl-, methyl ester ",-1.0,CSF,Butylmethylamine,-1.0,CSF,0.5,3,0.6377481392176932,6,0.3590924232298039,5,3,0.7158590308370044,14,True,0.0490482783390861,True,1.0,1.0,1.0,1.0,2,1.0,2,1.0,2,1.0,3.0
"Benzoic acid, 2-hydroxy-3-[(2-hydroxy-4-methoxy-6-propylbenzoyl)oxy]-4-methoxy-6-propyl-, methyl ester ",-1.0,CSF,Heptylamine,-1.0,CSF,,1,0.3,5,0.7999999999999999,4,2,0.709090909090909,10,True,0.1147163354883697,True,1.0,1.0,1.0,1.0,2,1.0,2,1.0,2,1.0,3.0
"Benzoic acid, 2-hydroxy-3-[(2-hydroxy-4-methoxy-6-propylbenzoyl)oxy]-4-methoxy-6-propyl-, methyl ester ",-1.0,CSF,"l-Norvaline, n-propargyloxycarbonyl-, isohexyl ester",-1.0,CSF,,1,0.4103913408340617,5,0.6000000000000001,4,2,0.7234075969792768,10,True,0.1050876019776897,True,1.0,1.0,1.0,1.0,2,1.0,2,1.0,2,1.0,3.0
"Benzoic acid, 2-hydroxy-3-[(2-hydroxy-4-methoxy-6-propylbenzoyl)oxy]-4-methoxy-6-propyl-, methyl ester ",-1.0,CSF,Methyl lactate,-1.0,CSF,,2,0.3188740696088466,6,0.7826237921249264,5,2,0.7081665389965783,13,True,0.0627875968465279,True,1.0,1.0,1.0,1.0,2,1.0,2,1.0,2,1.0,3.0
"Benzoic acid, 2-hydroxy-3-[(2-hydroxy-4-methoxy-6-propylbenzoyl)oxy]-4-methoxy-6-propyl-, methyl ester ",-1.0,CSF,Mevalonolactone,-1.0,CSF,1.0,3,0.3188740696088466,6,0.8720815992723809,5,3,0.6718061674008812,14,True,0.0701328849823874,True,1.0,1.0,1.0,1.0,2,1.0,2,1.0,2,1.0,3.0
"Benzoic acid, 2-hydroxy-3-[(2-hydroxy-4-methoxy-6-propylbenzoyl)oxy]-4-methoxy-6-propyl-, methyl ester ",-1.0,CSF,Synephrine,-1.0,CSF,0.5,3,0.0735294117647058,6,0.948683298050514,4,3,0.7875869560878295,13,True,0.0283352795234329,True,1.0,1.0,1.0,1.0,2,1.0,2,1.0,2,1.0,3.0
"Benzoic acid, methyl ester",-1.0,CSF,Propylene glycol,-1.0,CSF,0.5,3,0.8116794499134279,6,0.7999999999999999,4,3,0.5914723614717842,13,True,0.1425828023298933,True,1.0,1.0,1.0,1.0,2,1.0,2,1.0,2,1.0,3.0
"Benzoic acid, methyl ester",-1.0,CSF,Yangonin,-1.0,CSF,0.5,3,0.7826908981308054,6,1.0,4,3,0.5887213272323806,13,True,0.1443984870726343,True,1.0,1.0,1.0,1.0,2,1.0,2,1.0,2,1.0,3.0
Benzophenone,1.0,CSF,Salsoline,1.0,CSF,,2,0.7999999999999999,4,0.9210526315789476,5,2,0.6461187214611872,11,True,0.1386494434446579,True,1.0,1.0,1.0,1.0,2,1.0,2,1.0,2,1.0,3.0
Benzyl alcohol,-1.0,CSF,Butyric Acid,-1.0,CSF,1.0,3,0.9856107606091624,6,0.3,5,3,0.7106714971491007,14,True,0.0514763134996527,True,1.0,1.0,1.0,1.0,2,1.0,2,1.0,2,1.0,3.0
Benzyl alcohol,-1.0,CSF,Diacetyl monoxime,-1.0,CSF,0.8660254037844387,3,0.7142857142857143,6,0.7,5,3,0.8162821221124346,14,True,0.0142614588538661,True,1.0,1.0,1.0,1.0,2,1.0,2,1.0,2,1.0,3.0
Benzyl alcohol,-1.0,CSF,"Hymexazole, tert-butyldimethylsilyl ether",-1.0,CSF,0.5,3,0.4285714285714286,6,0.8999999999999998,5,3,0.7054945054945055,14,True,0.053035530821631,True,1.0,1.0,1.0,1.0,2,1.0,2,1.0,2,1.0,3.0
Benzyl alcohol,-1.0,CSF,Levulinic acid,-1.0,CSF,0.8660254037844387,3,0.5884898863364996,6,0.6668859288553501,5,3,0.8256151106348548,14,True,0.012292475012084,True,1.0,1.0,1.0,1.0,2,1.0,2,1.0,2,1.0,3.0
Benzyl alcohol,-1.0,CSF,Myristic acid,-1.0,CSF,1.0,3,0.1765469659009499,6,0.6,5,3,0.5704859653948683,14,True,0.142466518669738,True,1.0,1.0,1.0,1.0,2,1.0,2,1.0,2,1.0,3.0
Benzyl alcohol,-1.0,CSF,N-Ethyldiethanolamine,-1.0,CSF,1.0,3,0.2571428571428572,6,0.3999999999999999,5,3,0.6131868131868132,14,True,0.109820572633539,True,1.0,1.0,1.0,1.0,2,1.0,2,1.0,2,1.0,3.0
Benzyl alcohol,-1.0,CSF,Pentanoic acid,-1.0,CSF,0.5,3,0.942857142857143,6,0.4616902584383193,5,3,0.7810785804579901,14,True,0.0235113150641284,True,1.0,1.0,1.0,1.0,2,1.0,2,1.0,2,1.0,3.0
Benzyl alcohol,-1.0,CSF,Phenoxyethanol,-1.0,CSF,1.0,3,0.6667366910003157,6,0.7,5,3,0.8140819007590319,14,True,0.0145103235570242,True,1.0,1.0,1.0,1.0,2,1.0,2,1.0,2,1.0,3.0
Benzyl alcohol,-1.0,CSF,Propylene glycol,-1.0,CSF,0.5,3,0.0579771035652448,6,0.7999999999999999,4,3,0.6244847723446278,13,True,0.116705957697828,True,1.0,1.0,1.0,1.0,2,1.0,2,1.0,2,1.0,3.0
Benzyl alcohol,-1.0,CSF,Uracil,-1.0,CSF,0.5,3,0.6667366910003157,6,0.5642880936468347,5,3,0.671807797086621,14,True,0.0701328849823874,True,1.0,1.0,1.0,1.0,2,1.0,2,1.0,2,1.0,3.0
Benzyl alcohol,-1.0,CSF,Xylazine,-1.0,CSF,0.5,3,0.2,6,0.8207826816681233,5,3,0.635863971133406,14,True,0.0922976561984045,True,1.0,1.0,1.0,1.0,2,1.0,2,1.0,2,1.0,3.0
Butachlor ESA,-1.0,CSF,Iminodiacetic acid,-1.0,CSF,,2,0.3999999999999999,4,0.948683298050514,4,2,0.8449887057152898,10,True,0.035071948997022,True,1.0,1.0,1.0,1.0,2,1.0,2,1.0,2,1.0,3.0
Butachlor ESA,-1.0,CSF,N-Acetylaspartic acid,-1.0,CSF,,2,1.0,3,0.3999999999999999,4,2,0.7666666666666667,9,True,0.0974305155698217,True,1.0,1.0,1.0,1.0,2,1.0,2,1.0,2,1.0,3.0
Butachlor ESA,-1.0,CSF,Norketamine,-1.0,CSF,,2,0.6000000000000001,4,1.0,4,2,0.8303030303030302,10,True,0.0420140132520634,True,1.0,1.0,1.0,1.0,2,1.0,2,1.0,2,1.0,3.0
Butachlor ESA,-1.0,CSF,Pentanedioic acid,-1.0,CSF,,2,0.948683298050514,4,1.0,3,2,0.7531446678801508,9,True,0.1082557224173712,True,1.0,1.0,1.0,1.0,2,1.0,2,1.0,2,1.0,3.0
Butachlor ESA,-1.0,CSF,Suberic acid,-1.0,CSF,,1,1.0,4,0.7999999999999999,4,2,0.9,9,True,0.0230651167363605,True,1.0,1.0,1.0,1.0,2,1.0,2,1.0,2,1.0,3.0
Butanedioic acid,-1.0,CSF,"Erythrono-1,4-lactone",-1.0,CSF,0.5,3,0.7714285714285715,6,0.8999999999999998,5,3,0.8857142857142857,14,True,0.0031864613917896,True,1.0,1.0,1.0,1.0,2,1.0,2,1.0,2,1.0,3.0
Butanedioic acid,-1.0,CSF,Hydracrylic acid,-1.0,CSF,0.5,3,0.942857142857143,6,0.7,5,3,0.7010989010989012,14,True,0.0554746869428727,True,1.0,1.0,1.0,1.0,2,1.0,2,1.0,2,1.0,3.0
Butanedioic acid,-1.0,CSF,L-Tyrosine,-1.0,CSF,1.0,3,0.8720815992723809,5,0.7999999999999999,4,3,0.6304738215045116,12,True,0.1295934372907866,True,1.0,1.0,1.0,1.0,2,1.0,2,1.0,2,1.0,3.0
Butanedioic acid,-1.0,CSF,N-Acetyl-L-alanine,-1.0,CSF,0.5,3,0.6571428571428573,6,0.4616902584383193,5,3,0.6534657419606282,14,True,0.0806779461416379,True,1.0,1.0,1.0,1.0,2,1.0,2,1.0,2,1.0,3.0
Butanedioic acid,-1.0,CSF,Pentanedioic acid,-1.0,CSF,1.0,3,0.5217939320872036,6,0.3999999999999999,4,3,0.6024764984293989,13,True,0.1328418855001033,True,1.0,1.0,1.0,1.0,2,1.0,2,1.0,2,1.0,3.0
Butanedioic acid,-1.0,CSF,Pipecolic acid,-1.0,CSF,0.5,3,0.8285714285714287,6,0.2635231383473649,5,3,0.585904505000135,14,True,0.129491187010301,True,1.0,1.0,1.0,1.0,2,1.0,2,1.0,2,1.0,3.0
Butylmethylamine,-1.0,CSF,Cyclobutylamine,-1.0,CSF,0.5,3,0.5217939320872036,6,0.6668859288553503,5,3,0.6762114537444934,14,True,0.0675135821596677,True,1.0,1.0,1.0,1.0,2,1.0,2,1.0,2,1.0,3.0
Butylmethylamine,-1.0,CSF,"l-Norvaline, n-propargyloxycarbonyl-, isohexyl ester",-1.0,CSF,,1,0.7999999999999999,5,0.316227766016838,4,2,0.7781190959104828,10,True,0.0679767316114567,True,1.0,1.0,1.0,1.0,2,1.0,2,1.0,2,1.0,3.0
Butylmethylamine,-1.0,CSF,Mevalonolactone,-1.0,CSF,0.5,3,0.5428571428571429,6,0.5526315789473686,5,3,0.6618942731277534,14,True,0.0757383034668879,True,1.0,1.0,1.0,1.0,2,1.0,2,1.0,2,1.0,3.0
Butyric Acid,-1.0,CSF,Diacetyl monoxime,-1.0,CSF,0.8660254037844387,3,0.753702346348183,6,0.3,5,3,0.5770925110132158,14,True,0.1359210134372988,True,1.0,1.0,1.0,1.0,2,1.0,2,1.0,2,1.0,3.0
Butyric Acid,-1.0,CSF,"Hymexazole, tert-butyldimethylsilyl ether",-1.0,CSF,0.5,3,0.5217939320872036,6,0.3999999999999999,5,3,0.5984602081255584,14,True,0.1202916257844265,True,1.0,1.0,1.0,1.0,2,1.0,2,1.0,2,1.0,3.0
Butyric Acid,-1.0,CSF,Levulinic acid,-1.0,CSF,0.8660254037844387,3,0.5373732906238788,6,0.8207826816681233,5,3,0.6453074129499538,14,True,0.0858170433223508,True,1.0,1.0,1.0,1.0,2,1.0,2,1.0,2,1.0,3.0
Butyric Acid,-1.0,CSF,"L-Histidine, N,1-bis(tert-butyldimethylsilyl)-",-1.0,CSF,0.5,3,0.0147058823529411,6,0.9486832980505138,5,3,0.5971316977628301,14,True,0.1212643608721958,True,1.0,1.0,1.0,1.0,2,1.0,2,1.0,2,1.0,3.0
Butyric Acid,-1.0,CSF,N-Acetylaspartic acid,-1.0,CSF,0.5,3,0.4103913408340617,5,0.7999999999999999,5,3,0.6024764984293989,13,True,0.1328418855001033,True,1.0,1.0,1.0,1.0,2,1.0,2,1.0,2,1.0,3.0
Butyric Acid,-1.0,CSF,Pentanoic acid,-1.0,CSF,0.5,3,0.898645105261295,6,0.9746794344808964,5,3,0.9559471365638768,14,True,0.000124748767058,True,1.0,1.0,1.0,1.0,2,1.0,2,1.0,2,1.0,3.0
Butyric Acid,-1.0,CSF,Phenoxyethanol,-1.0,CSF,1.0,3,0.7058823529411765,6,0.7,5,3,0.669603524229075,14,True,0.0716270664526634,True,1.0,1.0,1.0,1.0,2,1.0,2,1.0,2,1.0,3.0
Butyric Acid,-1.0,CSF,Uracil,-1.0,CSF,0.5,3,0.6323529411764706,6,0.1538967528127731,5,3,0.61631790491333,14,True,0.1079649035992189,True,1.0,1.0,1.0,1.0,2,1.0,2,1.0,2,1.0,3.0
Butyric Acid,-1.0,CSF,Urea,-1.0,CSF,0.5,3,0.9411764705882354,6,0.2051956704170308,5,3,0.7254690186636337,14,True,0.0450611740859723,True,1.0,1.0,1.0,1.0,2,1.0,2,1.0,2,1.0,3.0
Curcumin,-1.0,CSF,Glycerol,-1.0,CSF,0.8660254037844387,3,0.6571428571428573,6,0.8999999999999998,5,3,0.7150719398559063,14,True,0.0492311923060067,True,1.0,1.0,1.0,1.0,2,1.0,2,1.0,2,1.0,3.0
Curcumin,-1.0,CSF,Tetrahydro-solasodine triacetate,-1.0,CSF,0.8660254037844387,3,0.8285714285714287,6,0.8999999999999998,5,3,0.9350940751961851,14,True,0.0006095898358746,True,1.0,1.0,1.0,1.0,2,1.0,2,1.0,2,1.0,3.0
Curcumin,-1.0,CSF,Yangonin,-1.0,CSF,1.0,3,0.6957252427829382,6,0.3999999999999999,4,3,0.8693268196515527,13,True,0.0075724783312497,True,1.0,1.0,1.0,1.0,2,1.0,2,1.0,2,1.0,3.0
"Cyclohexanone, 3,3,5-trimethyl",-1.0,CSF,Cyclooctylamine,-1.0,CSF,1.0,3,0.6,5,0.9746794344808964,5,3,0.7427792446389849,13,True,0.0472668294159842,True,1.0,1.0,1.0,1.0,2,1.0,2,1.0,2,1.0,3.0
"Cyclohexanone, 3,3,5-trimethyl",-1.0,CSF,Diethylamine,-1.0,CSF,1.0,3,0.6668859288553501,5,0.7999999999999999,5,3,0.7290240734419666,13,True,0.0528464496270619,True,1.0,1.0,1.0,1.0,2,1.0,2,1.0,2,1.0,3.0
"Cyclohexanone, 3,3,5-trimethyl",-1.0,CSF,Mevalonolactone,-1.0,CSF,1.0,3,0.7999999999999999,5,0.8207826816681233,5,3,0.6327378750628389,13,True,0.1115584229067938,True,1.0,1.0,1.0,1.0,2,1.0,2,1.0,2,1.0,3.0
"Cyclohexanone, 3,3,5-trimethyl",-1.0,CSF,Trimethylolpropane,-1.0,CSF,,1,0.7378647873726218,4,1.0,3,2,0.8263621207201486,8,True,0.0810131148180955,True,1.0,1.0,1.0,1.0,2,1.0,2,1.0,2,1.0,3.0
Cyclooctylamine,-1.0,CSF,Diethylamine,-1.0,CSF,1.0,3,0.8406680016960503,6,0.6668859288553503,5,3,0.7951541850220265,14,True,0.0198764468655565,True,1.0,1.0,1.0,1.0,2,1.0,2,1.0,2,1.0,3.0
Cyclooctylamine,-1.0,CSF,Mevalonolactone,-1.0,CSF,1.0,3,0.6,6,0.7105263157894738,5,3,0.7125550660792952,14,True,0.0503881054937083,True,1.0,1.0,1.0,1.0,2,1.0,2,1.0,2,1.0,3.0
Cyclooctylamine,-1.0,CSF,Trimethylolpropane,-1.0,CSF,,1,0.8720815992723809,5,0.8660254037844387,3,2,0.8067226890756304,9,True,0.0705209922827929,True,1.0,1.0,1.0,1.0,2,1.0,2,1.0,2,1.0,3.0
Diacetyl monoxime,-1.0,CSF,Levulinic acid,-1.0,CSF,1.0,3,0.1471224715841249,6,0.6668859288553501,5,3,0.7226559042282016,14,True,0.0463303376415462,True,1.0,1.0,1.0,1.0,2,1.0,2,1.0,2,1.0,3.0
Diacetyl monoxime,-1.0,CSF,Myristic acid,-1.0,CSF,0.8660254037844387,3,0.3236694374850748,6,0.8999999999999998,5,3,0.626240733436085,14,True,0.0996861030216116,True,1.0,1.0,1.0,1.0,2,1.0,2,1.0,2,1.0,3.0
Diacetyl monoxime,-1.0,CSF,N-Ethyldiethanolamine,-1.0,CSF,0.8660254037844387,3,0.6,6,0.4999999999999999,5,3,0.822882786172643,14,True,0.0128940169922032,True,1.0,1.0,1.0,1.0,2,1.0,2,1.0,2,1.0,3.0
Diacetyl monoxime,-1.0,CSF,"Oxymorphone, bis(trimethylsilyl) ether",-1.0,CSF,1.0,3,0.6179143806533246,6,0.3999999999999999,4,3,0.8342573267716124,13,True,0.0144629967578928,True,1.0,1.0,1.0,1.0,2,1.0,2,1.0,2,1.0,3.0
Diacetyl monoxime,-1.0,CSF,Phenoxyethanol,-1.0,CSF,0.8660254037844387,3,0.8116794499134279,6,0.7999999999999999,5,3,0.8788546255506609,14,True,0.0037905890569645,True,1.0,1.0,1.0,1.0,2,1.0,2,1.0,2,1.0,3.0
Diacetyl monoxime,-1.0,CSF,Propylene glycol,-1.0,CSF,0.8660254037844387,3,0.6377481392176932,6,0.7999999999999999,4,3,0.8457300275482094,13,True,0.0120992023903981,True,1.0,1.0,1.0,1.0,2,1.0,2,1.0,2,1.0,3.0
Diethylamine,-1.0,CSF,Mevalonolactone,-1.0,CSF,1.0,3,0.4058397249567139,6,0.8720815992723809,5,3,0.6123348017621146,14,True,0.1101901332024118,True,1.0,1.0,1.0,1.0,2,1.0,2,1.0,2,1.0,3.0
Diethylamine,-1.0,CSF,Trimethylolpropane,-1.0,CSF,,1,0.9746794344808964,5,1.0,3,2,0.836827408755723,9,True,0.0536197895458219,True,1.0,1.0,1.0,1.0,2,1.0,2,1.0,2,1.0,3.0
DL-Glyceraldehyde,-1.0,CSF,Mevalonolactone,-1.0,CSF,0.8660254037844387,3,0.6,6,1.0,5,3,0.7585451137394833,14,True,0.0306065603106034,True,1.0,1.0,1.0,1.0,2,1.0,2,1.0,2,1.0,3.0
DL-Glyceraldehyde,-1.0,CSF,Norephedrine,-1.0,CSF,0.8660254037844387,3,1.0,3,0.8660254037844387,3,3,0.8655767810204985,9,True,0.0397014585580795,True,1.0,1.0,1.0,1.0,2,1.0,2,1.0,2,1.0,3.0
"Erythrono-1,4-lactone",-1.0,CSF,Hydracrylic acid,-1.0,CSF,1.0,3,0.6571428571428573,6,0.6,5,3,0.6395604395604396,14,True,0.0897541877178576,True,1.0,1.0,1.0,1.0,2,1.0,2,1.0,2,1.0,3.0
"Erythrono-1,4-lactone",-1.0,CSF,Oxalic acid,-1.0,CSF,0.8660254037844387,3,0.3188740696088466,6,0.7905694150420948,5,3,0.5651269206484568,14,True,0.1463368825115822,True,1.0,1.0,1.0,1.0,2,1.0,2,1.0,2,1.0,3.0
"Erythrono-1,4-lactone",-1.0,CSF,Picolinic acid,-1.0,CSF,0.8660254037844387,3,0.7944613465542746,6,0.4472135954999578,5,3,0.5891649892987403,14,True,0.1260302413037101,True,1.0,1.0,1.0,1.0,2,1.0,2,1.0,2,1.0,3.0
Glycerol,-1.0,CSF,Heptylamine,-1.0,CSF,,1,0.3,5,0.7999999999999999,4,2,0.6727272727272726,10,True,0.1422110507044768,True,1.0,1.0,1.0,1.0,2,1.0,2,1.0,2,1.0,3.0
Glycerol,-1.0,CSF,L-Tryptophan,-1.0,CSF,0.5000000000000001,3,0.7142857142857143,6,0.8999999999999998,5,3,0.657488986784141,14,True,0.0779929646573604,True,1.0,1.0,1.0,1.0,2,1.0,2,1.0,2,1.0,3.0
Glycerol,-1.0,CSF,Norketamine,-1.0,CSF,0.5000000000000001,3,0.7944613465542746,6,0.8999999999999998,5,3,0.6810171118662962,14,True,0.0652267563648122,True,1.0,1.0,1.0,1.0,2,1.0,2,1.0,2,1.0,3.0
Glycerol,-1.0,CSF,Synephrine,-1.0,CSF,0.8660254037844387,3,0.5797710356524484,6,0.316227766016838,4,3,0.678621335193016,13,True,0.0785152115911133,True,1.0,1.0,1.0,1.0,2,1.0,2,1.0,2,1.0,3.0
Glycerol,-1.0,CSF,Tetrahydro-solasodine triacetate,-1.0,CSF,0.5000000000000001,3,0.7714285714285715,6,1.0,5,3,0.683920704845815,14,True,0.0640834899451842,True,1.0,1.0,1.0,1.0,2,1.0,2,1.0,2,1.0,3.0
Glycerol,-1.0,CSF,Triethyl citrate,-1.0,CSF,,3,1.0,4,0.8999999999999998,5,2,0.7548606543201118,12,True,0.0522517689168944,True,1.0,1.0,1.0,1.0,2,1.0,2,1.0,2,1.0,3.0
Glycerol,-1.0,CSF,Yangonin,-1.0,CSF,0.8660254037844387,3,0.9276336570439176,6,0.7999999999999999,4,3,0.7217630853994491,13,True,0.0559921395910109,True,1.0,1.0,1.0,1.0,2,1.0,2,1.0,2,1.0,3.0
Heptylamine,-1.0,CSF,Leucylglycine,1.0,CSF,,1,-0.7,5,-0.3999999999999999,4,2,-0.6969696969696969,10,True,0.1228383094311973,True,-1.0,-1.0,-1.0,-1.0,2,-1.0,2,-1.0,2,-1.0,3.0
Heptylamine,-1.0,CSF,L-Tryptophan,-1.0,CSF,,1,0.7,5,1.0,4,2,0.8545454545454544,10,True,0.0306065603106034,True,1.0,1.0,1.0,1.0,2,1.0,2,1.0,2,1.0,3.0
Heptylamine,-1.0,CSF,Norketamine,-1.0,CSF,,1,0.6155870112510925,5,1.0,4,2,0.7173285415424762,10,True,0.1093877186645915,True,1.0,1.0,1.0,1.0,2,1.0,2,1.0,2,1.0,3.0
Heptylamine,-1.0,CSF,Synephrine,-1.0,CSF,,1,0.4616902584383193,5,0.632455532033676,4,2,0.7134278969833519,10,True,0.1122777387539874,True,1.0,1.0,1.0,1.0,2,1.0,2,1.0,2,1.0,3.0
Heptylamine,-1.0,CSF,Triethyl citrate,-1.0,CSF,,1,1.0,3,1.0,4,2,0.9047619047619048,8,True,0.0342857012983811,True,1.0,1.0,1.0,1.0,2,1.0,2,1.0,2,1.0,3.0
Heptylamine,-1.0,CSF,Uracil,-1.0,CSF,,1,0.1999999999999999,5,0.948683298050514,4,2,0.6930123197952736,10,True,0.1255428614143436,True,1.0,1.0,1.0,1.0,2,1.0,2,1.0,2,1.0,3.0
Heptylamine,-1.0,CSF,Yangonin,-1.0,CSF,,1,0.6668859288553501,5,1.0,4,2,0.8449887057152898,10,True,0.035071948997022,True,1.0,1.0,1.0,1.0,2,1.0,2,1.0,2,1.0,3.0
Hydracrylic acid,-1.0,CSF,N-Acetylaspartic acid,-1.0,CSF,0.5,3,0.7,5,0.7,5,3,0.6153846153846153,13,True,0.1230287238959388,True,1.0,1.0,1.0,1.0,2,1.0,2,1.0,2,1.0,3.0
Hydracrylic acid,-1.0,CSF,N-Acetyl-L-alanine,-1.0,CSF,1.0,3,0.7714285714285715,6,0.0512989176042577,5,3,0.6160619789527808,14,True,0.1082089026482148,True,1.0,1.0,1.0,1.0,2,1.0,2,1.0,2,1.0,3.0
Hydracrylic acid,-1.0,CSF,Picolinic acid,-1.0,CSF,0.8660254037844387,3,0.4413674147523747,6,0.8944271909999157,5,3,0.6334631087948861,14,True,0.0944364341517599,True,1.0,1.0,1.0,1.0,2,1.0,2,1.0,2,1.0,3.0
"Hymexazole, tert-butyldimethylsilyl ether",-1.0,CSF,Monocaproin,-1.0,CSF,1.0,3,1.0,3,0.7999999999999999,4,3,0.8303030303030302,10,True,0.0420140132520634,True,1.0,1.0,1.0,1.0,2,1.0,2,1.0,2,1.0,3.0
"Hymexazole, tert-butyldimethylsilyl ether",-1.0,CSF,"N,N-Dimethyl-2-aminoethanol",-1.0,CSF,1.0,3,0.6,6,1.0,4,3,0.7582417582417583,13,True,0.0404683761320903,True,1.0,1.0,1.0,1.0,2,1.0,2,1.0,2,1.0,3.0
"Hymexazole, tert-butyldimethylsilyl ether",-1.0,CSF,Pentanoic acid,-1.0,CSF,1.0,3,0.2,6,0.5642880936468347,5,3,0.5698573305313223,14,True,0.1425828023298933,True,1.0,1.0,1.0,1.0,2,1.0,2,1.0,2,1.0,3.0
"Hymexazole, tert-butyldimethylsilyl ether",-1.0,CSF,Phenoxyethanol,-1.0,CSF,0.5,3,0.7826908981308054,6,0.8999999999999998,5,3,0.8338838929396569,14,True,0.0106367210604531,True,1.0,1.0,1.0,1.0,2,1.0,2,1.0,2,1.0,3.0
"Hymexazole, tert-butyldimethylsilyl ether",-1.0,CSF,Uracil,-1.0,CSF,1.0,3,0.5797710356524484,6,0.8207826816681233,5,3,0.7885481683836404,14,True,0.0216277379216143,True,1.0,1.0,1.0,1.0,2,1.0,2,1.0,2,1.0,3.0
"Hymexazole, tert-butyldimethylsilyl ether",-1.0,CSF,Xylazine,-1.0,CSF,1.0,3,0.4285714285714286,6,0.9746794344808964,5,3,0.7084712757956979,14,True,0.0523960251011589,True,1.0,1.0,1.0,1.0,2,1.0,2,1.0,2,1.0,3.0
Iminodiacetic acid,-1.0,CSF,L-Tyrosine,-1.0,CSF,0.5,3,0.7631578947368421,5,0.7999999999999999,4,3,0.692982456140351,12,True,0.0850065093318929,True,1.0,1.0,1.0,1.0,2,1.0,2,1.0,2,1.0,3.0
Iminodiacetic acid,-1.0,CSF,N-Caffeoyl-O-methyltyramine,-1.0,CSF,,1,0.7205882352941176,6,0.7181848464596079,5,2,0.7820750215060266,12,True,0.0404683761320903,True,1.0,1.0,1.0,1.0,2,1.0,2,1.0,2,1.0,3.0
Iminodiacetic acid,-1.0,CSF,Niacin,-1.0,CSF,0.5,3,0.5263157894736843,5,0.6155870112510925,5,3,0.645517855427503,13,True,0.1019827563888387,True,1.0,1.0,1.0,1.0,2,1.0,2,1.0,2,1.0,3.0
Iminodiacetic acid,-1.0,CSF,Norketamine,-1.0,CSF,0.8660254037844387,3,0.3433218245652559,6,0.8720815992723809,5,3,0.7392269706218958,14,True,0.0393926326541191,True,1.0,1.0,1.0,1.0,2,1.0,2,1.0,2,1.0,3.0
Iminodiacetic acid,-1.0,CSF,Pentanedioic acid,-1.0,CSF,0.5,3,0.4705882352941177,6,1.0,4,3,0.6804407713498623,13,True,0.0773417462776868,True,1.0,1.0,1.0,1.0,2,1.0,2,1.0,2,1.0,3.0
Iminodiacetic acid,-1.0,CSF,"Propanoic acid, dimethyl(isopropyl)silyl ester",-1.0,CSF,,1,0.5217939320872036,6,0.8720815992723809,5,2,0.6982499122933914,12,True,0.081560938650213,True,1.0,1.0,1.0,1.0,2,1.0,2,1.0,2,1.0,3.0
Iminodiacetic acid,-1.0,CSF,Suberic acid,-1.0,CSF,,2,0.7247137945655605,6,0.9746794344808964,5,2,0.796146271686748,13,True,0.0253919014554337,True,1.0,1.0,1.0,1.0,2,1.0,2,1.0,2,1.0,3.0
Iminodiacetic acid,-1.0,CSF,Triethyl citrate,-1.0,CSF,,3,0.3999999999999999,4,0.8720815992723809,5,2,0.631402136090187,12,True,0.129491187010301,True,1.0,1.0,1.0,1.0,2,1.0,2,1.0,2,1.0,3.0
Isopropylamine,-1.0,CSF,Salsoline,1.0,CSF,-1.0,3,-0.3999999999999999,4,-0.5642880936468347,5,3,-0.612960659796053,12,True,0.1441395453565646,True,-1.0,-1.0,-1.0,-1.0,2,-1.0,2,-1.0,2,-1.0,3.0
Leucylglycine,1.0,CSF,L-Tryptophan,-1.0,CSF,,1,-0.7714285714285715,6,-0.6,5,2,-0.7202797202797203,12,True,0.0686090453507622,True,-1.0,-1.0,-1.0,-1.0,2,-1.0,2,-1.0,2,-1.0,3.0
Leucylglycine,1.0,CSF,L-Tyrosine,-1.0,CSF,,1,-0.2051956704170308,5,-1.0,4,2,-0.7781190959104827,10,True,0.0679767316114567,True,-1.0,-1.0,-1.0,-1.0,2,-1.0,2,-1.0,2,-1.0,3.0
Leucylglycine,1.0,CSF,N-Caffeoyl-O-methyltyramine,-1.0,CSF,,0,-0.3188740696088466,6,-0.7999999999999999,5,2,-0.6970405327946539,11,True,0.1018840989804915,True,-1.0,-1.0,-1.0,-1.0,2,-1.0,2,-1.0,2,-1.0,3.0
Leucylglycine,1.0,CSF,N-Isobutyrylglycine,1.0,CSF,,1,0.8116794499134279,6,0.3590924232298039,5,2,0.6596531834731535,12,True,0.1094703238116557,True,1.0,1.0,1.0,1.0,2,1.0,2,1.0,2,1.0,3.0
Leucylglycine,1.0,CSF,Norketamine,-1.0,CSF,,1,-0.9710083124552245,6,-0.6,5,2,-0.715793879938954,12,True,0.0717750494797408,True,-1.0,-1.0,-1.0,-1.0,2,-1.0,2,-1.0,2,-1.0,3.0
Leucylglycine,1.0,CSF,Xylazine,-1.0,CSF,,1,-0.6571428571428573,6,-0.5642880936468347,5,2,-0.7180396300468049,12,True,0.0702782762224018,True,-1.0,-1.0,-1.0,-1.0,2,-1.0,2,-1.0,2,-1.0,3.0
Leucylglycine,1.0,CSF,Yangonin,-1.0,CSF,,1,-0.9856107606091624,6,-0.3999999999999999,4,2,-0.7243754556493464,11,True,0.0822131692174401,True,-1.0,-1.0,-1.0,-1.0,2,-1.0,2,-1.0,2,-1.0,3.0
Levulinic acid,-1.0,CSF,m-Toluic acid,-1.0,CSF,0.8660254037844387,3,0.492592183071889,6,0.6668859288553503,5,3,0.6309426931411363,14,True,0.096545221587376,True,1.0,1.0,1.0,1.0,2,1.0,2,1.0,2,1.0,3.0
Levulinic acid,-1.0,CSF,Myristic acid,-1.0,CSF,0.8660254037844387,3,0.5606060606060606,6,0.3590924232298039,5,3,0.6957981630291489,14,True,0.05800918999266,True,1.0,1.0,1.0,1.0,2,1.0,2,1.0,2,1.0,3.0
Levulinic acid,-1.0,CSF,N-Ethyldiethanolamine,-1.0,CSF,0.8660254037844387,3,0.4119429204355497,6,0.0512989176042577,5,3,0.6490129479322122,14,True,0.0833381152618007,True,1.0,1.0,1.0,1.0,2,1.0,2,1.0,2,1.0,3.0
Levulinic acid,-1.0,CSF,Phenoxyethanol,-1.0,CSF,0.8660254037844387,3,0.1194162868053064,6,0.9746794344808964,5,3,0.6895065508232381,14,True,0.061249784219684,True,1.0,1.0,1.0,1.0,2,1.0,2,1.0,2,1.0,3.0
Levulinic acid,-1.0,CSF,Pipecolic acid,-1.0,CSF,0.8660254037844387,3,0.4707919090691997,6,0.4055535528269063,5,3,0.5873908180738919,14,True,0.1277903871860531,True,1.0,1.0,1.0,1.0,2,1.0,2,1.0,2,1.0,3.0
Levulinic acid,-1.0,CSF,Propylene glycol,-1.0,CSF,0.8660254037844387,3,0.0149270358506633,6,1.0,4,3,0.6864667076249857,13,True,0.0745897860786344,True,1.0,1.0,1.0,1.0,2,1.0,2,1.0,2,1.0,3.0
Levulinic acid,-1.0,CSF,Suberic acid,-1.0,CSF,,2,0.4707919090691997,6,0.9746794344808964,5,2,0.6906182751372874,13,True,0.0724117989253315,True,1.0,1.0,1.0,1.0,2,1.0,2,1.0,2,1.0,3.0
"L-Histidine, N,1-bis(tert-butyldimethylsilyl)-",-1.0,CSF,Methyl lactate,-1.0,CSF,,2,0.3188740696088466,6,0.6481812160876685,5,2,0.7434126429167769,13,True,0.0471706863531236,True,1.0,1.0,1.0,1.0,2,1.0,2,1.0,2,1.0,3.0
"L-Histidine, N,1-bis(tert-butyldimethylsilyl)-",-1.0,CSF,N-Methylacetamide,-1.0,CSF,0.5,3,0.3823529411764706,6,0.3611111111111111,5,3,0.6803097345132744,14,True,0.0656857390327632,True,1.0,1.0,1.0,1.0,2,1.0,2,1.0,2,1.0,3.0
"L-Histidine, N,1-bis(tert-butyldimethylsilyl)-",-1.0,CSF,Pentanoic acid,-1.0,CSF,1.0,3,0.2319084142609793,6,0.8651809126974003,5,3,0.65783824744297,14,True,0.0777324031072737,True,1.0,1.0,1.0,1.0,2,1.0,2,1.0,2,1.0,3.0
"L-Histidine, N,1-bis(tert-butyldimethylsilyl)-",-1.0,CSF,Phytanic acid,-1.0,CSF,0.8660254037844387,3,0.0895622151039798,6,0.5797509043642028,5,3,0.65929203539823,14,True,0.0766226999675183,True,1.0,1.0,1.0,1.0,2,1.0,2,1.0,2,1.0,3.0
"L-Histidine, N,1-bis(tert-butyldimethylsilyl)-",-1.0,CSF,Picolinic acid,-1.0,CSF,0.8660254037844387,3,0.8508410434878082,6,0.8249579113843054,5,3,0.8388971743339958,14,True,0.0095742410114126,True,1.0,1.0,1.0,1.0,2,1.0,2,1.0,2,1.0,3.0
"L-Histidine, N,1-bis(tert-butyldimethylsilyl)-",-1.0,CSF,Trimethylolpropane,-1.0,CSF,,1,0.7894736842105264,5,0.8660254037844387,3,2,0.8607671560023074,9,True,0.0420140132520634,True,1.0,1.0,1.0,1.0,2,1.0,2,1.0,2,1.0,3.0
Lignoceric acid,-1.0,CSF,Myristic acid,-1.0,CSF,1.0,3,0.5075192189225523,6,0.7,5,3,0.7872110628052195,14,True,0.0218733916891888,True,1.0,1.0,1.0,1.0,2,1.0,2,1.0,2,1.0,3.0
Lignoceric acid,-1.0,CSF,N-Acetyl-L-alanine,-1.0,CSF,1.0,3,0.4638168285219587,6,0.5642880936468347,5,3,0.7136563876651983,14,True,0.0496917104287449,True,1.0,1.0,1.0,1.0,2,1.0,2,1.0,2,1.0,3.0
Lignoceric acid,-1.0,CSF,Pentanedioic acid,-1.0,CSF,0.5,3,0.8823529411764706,6,0.7999999999999999,4,3,0.6198347107438017,13,True,0.120474293335005,True,1.0,1.0,1.0,1.0,2,1.0,2,1.0,2,1.0,3.0
Lignoceric acid,-1.0,CSF,Pipecolic acid,-1.0,CSF,1.0,3,0.6957252427829381,6,0.7378647873726218,5,3,0.8445429609366921,14,True,0.0085675441577341,True,1.0,1.0,1.0,1.0,2,1.0,2,1.0,2,1.0,3.0
Lignoceric acid,-1.0,CSF,Suberic acid,-1.0,CSF,,2,0.6957252427829381,6,0.8999999999999998,5,2,0.8280613060604979,13,True,0.0161144524270008,True,1.0,1.0,1.0,1.0,2,1.0,2,1.0,2,1.0,3.0
"l-Norvaline, n-propargyloxycarbonyl-, isohexyl ester",-1.0,CSF,Mevalonolactone,-1.0,CSF,,1,0.8999999999999998,5,0.7999999999999999,4,2,0.8060606060606059,10,True,0.0533527436252149,True,1.0,1.0,1.0,1.0,2,1.0,2,1.0,2,1.0,3.0
"l-Norvaline, n-propargyloxycarbonyl-, isohexyl ester",-1.0,CSF,Picolinic acid,-1.0,CSF,,1,0.8207826816681233,5,0.7745966692414834,4,2,0.7508580949739296,10,True,0.0843998302533251,True,1.0,1.0,1.0,1.0,2,1.0,2,1.0,2,1.0,3.0
L-Tryptophan,-1.0,CSF,Synephrine,-1.0,CSF,0.8660254037844387,3,0.753702346348183,6,0.632455532033676,4,3,0.5848281425240623,13,True,0.1472632519767695,True,1.0,1.0,1.0,1.0,2,1.0,2,1.0,2,1.0,3.0
L-Tryptophan,-1.0,CSF,Triethyl citrate,-1.0,CSF,,3,0.7999999999999999,4,1.0,5,2,0.8818465587851773,12,True,0.0085675441577341,True,1.0,1.0,1.0,1.0,2,1.0,2,1.0,2,1.0,3.0
L-Tryptophan,-1.0,CSF,Yangonin,-1.0,CSF,0.8660254037844387,3,0.8406680016960503,6,1.0,4,3,0.6391184573002755,13,True,0.1077560686260262,True,1.0,1.0,1.0,1.0,2,1.0,2,1.0,2,1.0,3.0
L-Tyrosine,-1.0,CSF,Myristic acid,-1.0,CSF,0.5,3,0.7105263157894738,5,0.6000000000000001,4,3,0.6508771929824562,12,True,0.115165451027482,True,1.0,1.0,1.0,1.0,2,1.0,2,1.0,2,1.0,3.0
L-Tyrosine,-1.0,CSF,N-Acetyl-L-alanine,-1.0,CSF,0.5,3,0.8207826816681234,5,1.0,4,3,0.6584948802380455,12,True,0.1101901332024118,True,1.0,1.0,1.0,1.0,2,1.0,2,1.0,2,1.0,3.0
L-Tyrosine,-1.0,CSF,N-Caffeoyl-O-methyltyramine,-1.0,CSF,,1,0.5263157894736843,5,0.7999999999999999,4,2,0.8048780487804879,10,True,0.0539994353138527,True,1.0,1.0,1.0,1.0,2,1.0,2,1.0,2,1.0,3.0
L-Tyrosine,-1.0,CSF,Norketamine,-1.0,CSF,0.8660254037844387,3,0.2894736842105264,5,0.6000000000000001,4,3,0.8101945728410748,12,True,0.0283352795234329,True,1.0,1.0,1.0,1.0,2,1.0,2,1.0,2,1.0,3.0
L-Tyrosine,-1.0,CSF,Suberic acid,-1.0,CSF,,2,0.8720815992723809,5,0.7999999999999999,4,2,0.6423706870852695,11,True,0.1422110507044768,True,1.0,1.0,1.0,1.0,2,1.0,2,1.0,2,1.0,3.0
L-Tyrosine,-1.0,CSF,Triethyl citrate,-1.0,CSF,,3,0.5,3,0.6000000000000001,4,2,0.803741486073202,10,True,0.0546309579414029,True,1.0,1.0,1.0,1.0,2,1.0,2,1.0,2,1.0,3.0
L-Tyrosine,-1.0,CSF,Xylazine,-1.0,CSF,1.0,3,0.6668859288553503,5,0.7378647873726218,4,3,0.6701754385964913,12,True,0.1018840989804915,True,1.0,1.0,1.0,1.0,2,1.0,2,1.0,2,1.0,3.0
Methyl lactate,-1.0,CSF,Norephedrine,-1.0,CSF,,2,1.0,3,1.0,3,2,0.9047619047619048,8,True,0.0342857012983811,True,1.0,1.0,1.0,1.0,2,1.0,2,1.0,2,1.0,3.0
Methyl lactate,-1.0,CSF,Phytanic acid,-1.0,CSF,,2,0.7061878636037996,6,0.8944271909999159,5,2,0.6934819430193814,13,True,0.0704588791607767,True,1.0,1.0,1.0,1.0,2,1.0,2,1.0,2,1.0,3.0
Methyl lactate,-1.0,CSF,Propylene glycol,-1.0,CSF,,2,0.8406680016960503,6,0.2108185106778919,4,2,0.6280701754385966,12,True,0.1315490870680259,True,1.0,1.0,1.0,1.0,2,1.0,2,1.0,2,1.0,3.0
Methyl lactate,-1.0,CSF,Synephrine,-1.0,CSF,,2,0.3188740696088466,6,0.5000000000000001,4,2,0.7785600775891456,12,True,0.0417466071713085,True,1.0,1.0,1.0,1.0,2,1.0,2,1.0,2,1.0,3.0
Methyl lactate,-1.0,CSF,Yangonin,-1.0,CSF,,2,0.5217939320872036,6,0.7378647873726218,4,2,0.6070175438596492,12,True,0.1487580146891406,True,1.0,1.0,1.0,1.0,2,1.0,2,1.0,2,1.0,3.0
Monocaproin,-1.0,CSF,"N,N-Dimethyl-2-aminoethanol",-1.0,CSF,1.0,3,0.5,3,0.7999999999999999,4,3,0.8303030303030302,10,True,0.0420140132520634,True,1.0,1.0,1.0,1.0,2,1.0,2,1.0,2,1.0,3.0
Monocaproin,-1.0,CSF,Phenoxyethanol,-1.0,CSF,0.5,3,0.5,3,1.0,4,3,0.6969696969696969,10,True,0.1228383094311973,True,1.0,1.0,1.0,1.0,2,1.0,2,1.0,2,1.0,3.0
Myristic acid,-1.0,CSF,N-Acetyl-L-alanine,-1.0,CSF,1.0,3,0.9710083124552246,6,0.2051956704170308,5,3,0.8048516468456727,14,True,0.0168499210679356,True,1.0,1.0,1.0,1.0,2,1.0,2,1.0,2,1.0,3.0
Myristic acid,-1.0,CSF,N-Ethyldiethanolamine,-1.0,CSF,1.0,3,0.6767633692869747,6,0.7999999999999999,5,3,0.651983960451278,14,True,0.0814420853639463,True,1.0,1.0,1.0,1.0,2,1.0,2,1.0,2,1.0,3.0
Myristic acid,-1.0,CSF,Pipecolic acid,-1.0,CSF,1.0,3,0.7356123579206245,6,0.9486832980505138,5,3,0.9072847682119204,14,True,0.0015998310686161,True,1.0,1.0,1.0,1.0,2,1.0,2,1.0,2,1.0,3.0
Myristic acid,-1.0,CSF,Suberic acid,-1.0,CSF,,2,0.7356123579206245,6,0.4999999999999999,5,2,0.8677718878246561,13,True,0.0077261893393374,True,1.0,1.0,1.0,1.0,2,1.0,2,1.0,2,1.0,3.0
Myristic acid,-1.0,CSF,Xylazine,-1.0,CSF,0.5,3,0.4413674147523747,6,0.6155870112510925,5,3,0.7497248217192568,14,True,0.0343792353950363,True,1.0,1.0,1.0,1.0,2,1.0,2,1.0,2,1.0,3.0
"N,N-Dimethyl-2-aminoethanol",-1.0,CSF,Phenoxyethanol,-1.0,CSF,0.5,3,0.2608969660436018,6,0.7999999999999999,4,3,0.6107296011476098,13,True,0.1260302413037101,True,1.0,1.0,1.0,1.0,2,1.0,2,1.0,2,1.0,3.0
"N,N-Dimethyl-2-aminoethanol",-1.0,CSF,Uracil,-1.0,CSF,1.0,3,0.3478626213914691,6,0.7999999999999999,4,3,0.7015137310479301,13,True,0.0659414733744929,True,1.0,1.0,1.0,1.0,2,1.0,2,1.0,2,1.0,3.0
N-Acetylaspartic acid,-1.0,CSF,Pentanoic acid,-1.0,CSF,1.0,3,0.6,5,0.7181848464596079,5,3,0.7317751076813702,13,True,0.0518410229614668,True,1.0,1.0,1.0,1.0,2,1.0,2,1.0,2,1.0,3.0
N-Acetylaspartic acid,-1.0,CSF,Picolinic acid,-1.0,CSF,0.8660254037844387,3,0.5642880936468347,5,0.6708203932499368,5,3,0.6122095056847435,13,True,0.1253381751327834,True,1.0,1.0,1.0,1.0,2,1.0,2,1.0,2,1.0,3.0
N-Acetyl-L-alanine,-1.0,CSF,Pentanedioic acid,-1.0,CSF,0.5,3,0.5797710356524484,6,0.7999999999999999,4,3,0.6107296011476098,13,True,0.1260302413037101,True,1.0,1.0,1.0,1.0,2,1.0,2,1.0,2,1.0,3.0
N-Acetyl-L-alanine,-1.0,CSF,Pipecolic acid,-1.0,CSF,1.0,3,0.8285714285714287,6,0.4866642633922876,5,3,0.8467480339417487,14,True,0.0081896046397307,True,1.0,1.0,1.0,1.0,2,1.0,2,1.0,2,1.0,3.0
N-Acetyl-L-alanine,-1.0,CSF,Suberic acid,-1.0,CSF,,2,0.8285714285714287,6,0.6668859288553503,5,2,0.8143061348634796,13,True,0.0200534096149262,True,1.0,1.0,1.0,1.0,2,1.0,2,1.0,2,1.0,3.0
N-Caffeoyl-O-methyltyramine,-1.0,CSF,Norketamine,-1.0,CSF,,1,0.3433218245652559,6,0.8999999999999998,5,2,0.7855899654229077,12,True,0.0389036473200654,True,1.0,1.0,1.0,1.0,2,1.0,2,1.0,2,1.0,3.0
N-Caffeoyl-O-methyltyramine,-1.0,CSF,Triethyl citrate,-1.0,CSF,,1,0.3999999999999999,4,0.8999999999999998,5,2,0.7818181818181817,10,True,0.0659414733744929,True,1.0,1.0,1.0,1.0,2,1.0,2,1.0,2,1.0,3.0
N-Caffeoyl-O-methyltyramine,-1.0,CSF,Trimethylolpropane,-1.0,CSF,,0,0.9473684210526316,5,1.0,3,2,0.9879518072289156,8,True,0.001326998160613,True,1.0,1.0,1.0,1.0,2,1.0,2,1.0,2,1.0,3.0
N-Ethyldiethanolamine,-1.0,CSF,Niacin,-1.0,CSF,0.5,3,0.8720815992723809,5,0.7999999999999999,5,3,0.6244847723446278,13,True,0.116705957697828,True,1.0,1.0,1.0,1.0,2,1.0,2,1.0,2,1.0,3.0
N-Ethyldiethanolamine,-1.0,CSF,"Oxymorphone, bis(trimethylsilyl) ether",-1.0,CSF,0.8660254037844387,3,0.4413674147523747,6,0.1999999999999999,4,3,0.7337993857053428,13,True,0.0508406334598441,True,1.0,1.0,1.0,1.0,2,1.0,2,1.0,2,1.0,3.0
N-Ethyldiethanolamine,-1.0,CSF,Phenoxyethanol,-1.0,CSF,1.0,3,0.4928053803045811,6,0.0999999999999999,5,3,0.6908695049684758,14,True,0.0603734579086719,True,1.0,1.0,1.0,1.0,2,1.0,2,1.0,2,1.0,3.0
N-Ethyldiethanolamine,-1.0,CSF,Propylene glycol,-1.0,CSF,0.5,3,0.8406680016960503,6,0.1999999999999999,4,3,0.7345261419207739,13,True,0.0503881054937083,True,1.0,1.0,1.0,1.0,2,1.0,2,1.0,2,1.0,3.0
N-Ethyldiethanolamine,-1.0,CSF,Xylazine,-1.0,CSF,0.5,3,0.3714285714285715,6,0.2051956704170308,5,3,0.5720575518847251,14,True,0.1410955432145841,True,1.0,1.0,1.0,1.0,2,1.0,2,1.0,2,1.0,3.0
Niacin,-1.0,CSF,Norketamine,-1.0,CSF,0.8660254037844387,3,0.7105263157894738,5,0.8999999999999998,5,3,0.7020696333602542,13,True,0.0658666407016004,True,1.0,1.0,1.0,1.0,2,1.0,2,1.0,2,1.0,3.0
Niacin,-1.0,CSF,"Propanoic acid, dimethyl(isopropyl)silyl ester",-1.0,CSF,,1,0.8207826816681234,5,0.8999999999999998,5,2,0.7334870966009104,11,True,0.0761992403514576,True,1.0,1.0,1.0,1.0,2,1.0,2,1.0,2,1.0,3.0
Niacin,-1.0,CSF,Triethyl citrate,-1.0,CSF,,3,1.0,3,0.8999999999999998,5,2,0.6881023532039754,11,True,0.1087437182734599,True,1.0,1.0,1.0,1.0,2,1.0,2,1.0,2,1.0,3.0
N-Isobutyrylglycine,1.0,CSF,"Propanoic acid, 3-[(tert-butyldimethylsilyl)oxy]-2-methyl-",1.0,CSF,0.5,3,0.5882352941176471,6,0.948683298050514,4,3,0.6703454652516377,13,True,0.0836852752809703,True,1.0,1.0,1.0,1.0,2,1.0,2,1.0,2,1.0,3.0
N-Methylacetamide,-1.0,CSF,"Oxymorphone, bis(trimethylsilyl) ether",-1.0,CSF,0.8660254037844387,3,0.5373732906238788,6,0.1054092553389459,4,3,0.6058097080992234,13,True,0.1300979767482825,True,1.0,1.0,1.0,1.0,2,1.0,2,1.0,2,1.0,3.0
N-Methylacetamide,-1.0,CSF,Trimethylolpropane,-1.0,CSF,,1,0.368421052631579,5,0.8660254037844387,3,2,0.8270115812571187,9,True,0.0592297044036083,True,1.0,1.0,1.0,1.0,2,1.0,2,1.0,2,1.0,3.0
Norephedrine,-1.0,CSF,"Oxymorphone, bis(trimethylsilyl) ether",-1.0,CSF,0.8660254037844387,3,0.5,3,,2,2,0.8263621207201486,8,True,0.0810131148180955,True,1.0,1.0,1.0,1.0,2,1.0,2,1.0,2,1.0,3.0
Norephedrine,-1.0,CSF,Phenoxyethanol,-1.0,CSF,0.5,3,1.0,3,0.5,3,3,0.7666666666666667,9,True,0.0974305155698217,True,1.0,1.0,1.0,1.0,2,1.0,2,1.0,2,1.0,3.0
Norketamine,-1.0,CSF,Triethyl citrate,-1.0,CSF,,3,0.8944271909999159,4,1.0,5,2,0.8318597100170123,12,True,0.0215368809042991,True,1.0,1.0,1.0,1.0,2,1.0,2,1.0,2,1.0,3.0
Norketamine,-1.0,CSF,Xylazine,-1.0,CSF,0.8660254037844387,3,0.6473388749701496,6,0.8720815992723809,5,3,0.5695378115445848,14,True,0.1426794316487538,True,1.0,1.0,1.0,1.0,2,1.0,2,1.0,2,1.0,3.0
Oxalic acid,-1.0,CSF,Picolinic acid,-1.0,CSF,0.5000000000000001,3,0.7164977208318385,6,0.8249579113843054,5,3,0.6440525293144287,14,True,0.0863311198731697,True,1.0,1.0,1.0,1.0,2,1.0,2,1.0,2,1.0,3.0
"Oxymorphone, bis(trimethylsilyl) ether",-1.0,CSF,Phenoxyethanol,-1.0,CSF,0.8660254037844387,3,0.4030299679679092,6,0.7999999999999999,4,3,0.8936498185782007,13,True,0.0039945607713762,True,1.0,1.0,1.0,1.0,2,1.0,2,1.0,2,1.0,3.0
"Oxymorphone, bis(trimethylsilyl) ether",-1.0,CSF,Propylene glycol,-1.0,CSF,0.8660254037844387,3,0.8060599359358184,6,1.0,3,3,0.9225409302704684,12,True,0.0028951649604833,True,1.0,1.0,1.0,1.0,2,1.0,2,1.0,2,1.0,3.0
Pentanedioic acid,-1.0,CSF,Pipecolic acid,-1.0,CSF,0.5,3,0.8116794499134278,6,0.7378647873726218,4,3,0.603305785123967,13,True,0.1320289448777067,True,1.0,1.0,1.0,1.0,2,1.0,2,1.0,2,1.0,3.0
Pentanedioic acid,-1.0,CSF,Suberic acid,-1.0,CSF,,2,0.8116794499134278,6,1.0,4,2,0.6584948802380455,12,True,0.1101901332024118,True,1.0,1.0,1.0,1.0,2,1.0,2,1.0,2,1.0,3.0
Pentanoic acid,-1.0,CSF,Phenoxyethanol,-1.0,CSF,0.5,3,0.4638168285219587,6,0.8207826816681234,5,3,0.6740088105726872,14,True,0.0686090453507622,True,1.0,1.0,1.0,1.0,2,1.0,2,1.0,2,1.0,3.0
Pentanoic acid,-1.0,CSF,Picolinic acid,-1.0,CSF,0.8660254037844387,3,0.3530939318018998,6,0.5735393346764044,5,3,0.5853788045966373,14,True,0.1295934372907866,True,1.0,1.0,1.0,1.0,2,1.0,2,1.0,2,1.0,3.0
Pentanoic acid,-1.0,CSF,Uracil,-1.0,CSF,1.0,3,0.4638168285219587,6,0.2631578947368421,5,3,0.5887544923501222,14,True,0.1265786617856312,True,1.0,1.0,1.0,1.0,2,1.0,2,1.0,2,1.0,3.0
Pentanoic acid,-1.0,CSF,Urea,-1.0,CSF,1.0,3,0.7826908981308054,6,0.0263157894736842,5,3,0.6560092190043496,14,True,0.0789286811715527,True,1.0,1.0,1.0,1.0,2,1.0,2,1.0,2,1.0,3.0
Pentanoic acid,-1.0,CSF,Xylazine,-1.0,CSF,1.0,3,0.0857142857142857,6,0.7105263157894738,5,3,0.5914096916299559,14,True,0.1251582843256121,True,1.0,1.0,1.0,1.0,2,1.0,2,1.0,2,1.0,3.0
Phenoxyethanol,-1.0,CSF,Propylene glycol,-1.0,CSF,0.5,3,0.5147058823529411,6,1.0,4,3,0.8140495867768596,13,True,0.0201219324915198,True,1.0,1.0,1.0,1.0,2,1.0,2,1.0,2,1.0,3.0
Phenoxyethanol,-1.0,CSF,Uracil,-1.0,CSF,0.5,3,0.7941176470588236,6,0.7181848464596079,5,3,0.8114668658608425,14,True,0.0152520430726244,True,1.0,1.0,1.0,1.0,2,1.0,2,1.0,2,1.0,3.0
Phenoxyethanol,-1.0,CSF,Xylazine,-1.0,CSF,0.5,3,0.753702346348183,6,0.9746794344808964,5,3,0.8348017621145375,14,True,0.0104267562926335,True,1.0,1.0,1.0,1.0,2,1.0,2,1.0,2,1.0,3.0
Pipecolic acid,-1.0,CSF,Suberic acid,-1.0,CSF,,2,1.0,6,0.5797509043642028,5,2,0.9146040214532885,13,True,0.0023351014085091,True,1.0,1.0,1.0,1.0,2,1.0,2,1.0,2,1.0,3.0
Pipecolic acid,-1.0,CSF,Xylazine,-1.0,CSF,0.5,3,0.1428571428571428,6,0.675922588044844,5,3,0.5788316638273673,14,True,0.1347975066988672,True,1.0,1.0,1.0,1.0,2,1.0,2,1.0,2,1.0,3.0
Suberic acid,-1.0,CSF,Xylazine,-1.0,CSF,,2,0.1428571428571428,6,0.9746794344808964,5,2,0.6299868408234353,13,True,0.112938506890358,True,1.0,1.0,1.0,1.0,2,1.0,2,1.0,2,1.0,3.0
Synephrine,-1.0,CSF,Tetrahydro-solasodine triacetate,-1.0,CSF,0.8660254037844387,3,0.2898855178262242,6,0.316227766016838,4,3,0.6068971290344045,13,True,0.1295934372907866,True,1.0,1.0,1.0,1.0,2,1.0,2,1.0,2,1.0,3.0
Synephrine,-1.0,CSF,Yangonin,-1.0,CSF,1.0,3,0.5735294117647058,6,0.632455532033676,4,3,0.704828256674047,13,True,0.0647438927516842,True,1.0,1.0,1.0,1.0,2,1.0,2,1.0,2,1.0,3.0
Tetrahydro-solasodine triacetate,-1.0,CSF,Triethyl citrate,-1.0,CSF,,3,1.0,4,0.8999999999999998,5,2,0.6419842947956091,12,True,0.1218704330227451,True,1.0,1.0,1.0,1.0,2,1.0,2,1.0,2,1.0,3.0
Tetrahydro-solasodine triacetate,-1.0,CSF,Yangonin,-1.0,CSF,0.8660254037844387,3,0.6667366910003157,6,0.7999999999999999,4,3,0.9118457300275482,13,True,0.0026344474805701,True,1.0,1.0,1.0,1.0,2,1.0,2,1.0,2,1.0,3.0
Uracil,-1.0,CSF,Xylazine,-1.0,CSF,1.0,3,0.6377481392176932,6,0.7894736842105264,5,3,0.6879827775776708,14,True,0.0616723866254659,True,1.0,1.0,1.0,1.0,2,1.0,2,1.0,2,1.0,3.0
