node1,node2
"(2S,3R)-3-[(4E,7E)-Nona-4,7-dienoyl]-N,N-bis(trimethylsilyl)oxirane-2-carboxamide ",1-Aminocyclopropanecarboxylic acid
"(2S,3R)-3-[(4E,7E)-Nona-4,7-dienoyl]-N,N-bis(trimethylsilyl)oxirane-2-carboxamide ","1-Propanamine, N,N-diethyl- "
"(2S,3R)-3-[(4E,7E)-Nona-4,7-dienoyl]-N,N-bis(trimethylsilyl)oxirane-2-carboxamide ","1,2-Benzenedicarboxylic acid"
"(2S,3R)-3-[(4E,7E)-Nona-4,7-dienoyl]-N,N-bis(trimethylsilyl)oxirane-2-carboxamide ",2-Butenedioic acid
"(2S,3R)-3-[(4E,7E)-Nona-4,7-dienoyl]-N,N-bis(trimethylsilyl)oxirane-2-carboxamide ","2,2-Diallylpyrrolidine"
"(2S,3R)-3-[(4E,7E)-Nona-4,7-dienoyl]-N,N-bis(trimethylsilyl)oxirane-2-carboxamide ","2,5-di-tert-Butyl-1,4-benzoquinone"
"(2S,3R)-3-[(4E,7E)-Nona-4,7-dienoyl]-N,N-bis(trimethylsilyl)oxirane-2-carboxamide ","2,5-Dimethoxybenzhydrazide"
"(2S,3R)-3-[(4E,7E)-Nona-4,7-dienoyl]-N,N-bis(trimethylsilyl)oxirane-2-carboxamide ",3-Amino-5-morpholinomethyl-2-oxazolidinone
"(2S,3R)-3-[(4E,7E)-Nona-4,7-dienoyl]-N,N-bis(trimethylsilyl)oxirane-2-carboxamide ","3-Buten-2-one, 4-(4-methoxyphenyl)-"
"(2S,3R)-3-[(4E,7E)-Nona-4,7-dienoyl]-N,N-bis(trimethylsilyl)oxirane-2-carboxamide ",3-Methylvaleric acid
"(2S,3R)-3-[(4E,7E)-Nona-4,7-dienoyl]-N,N-bis(trimethylsilyl)oxirane-2-carboxamide ","3,4-Dihydrocoumarin, 4,4-dimethyl-6-dimethylamino-"
"(2S,3R)-3-[(4E,7E)-Nona-4,7-dienoyl]-N,N-bis(trimethylsilyl)oxirane-2-carboxamide ","3,5-di-tert-Butyl-4-hydroxyacetophenone"
"(2S,3R)-3-[(4E,7E)-Nona-4,7-dienoyl]-N,N-bis(trimethylsilyl)oxirane-2-carboxamide ",4-Hydroxybenzaldehyde
"(2S,3R)-3-[(4E,7E)-Nona-4,7-dienoyl]-N,N-bis(trimethylsilyl)oxirane-2-carboxamide ",4-Hydroxyphenyllactic acid
"(2S,3R)-3-[(4E,7E)-Nona-4,7-dienoyl]-N,N-bis(trimethylsilyl)oxirane-2-carboxamide ","6-Methoxy-1-methyl-1,2,3,4-tetrahydroisoquinolin-7-ol "
"(2S,3R)-3-[(4E,7E)-Nona-4,7-dienoyl]-N,N-bis(trimethylsilyl)oxirane-2-carboxamide ","9(E),11(E)-Conjugated linoleic acid"
"(2S,3R)-3-[(4E,7E)-Nona-4,7-dienoyl]-N,N-bis(trimethylsilyl)oxirane-2-carboxamide ",Benzyl alcohol
"(2S,3R)-3-[(4E,7E)-Nona-4,7-dienoyl]-N,N-bis(trimethylsilyl)oxirane-2-carboxamide ",beta-Methylphenethylamine
"(2S,3R)-3-[(4E,7E)-Nona-4,7-dienoyl]-N,N-bis(trimethylsilyl)oxirane-2-carboxamide ",Boric acid
"(2S,3R)-3-[(4E,7E)-Nona-4,7-dienoyl]-N,N-bis(trimethylsilyl)oxirane-2-carboxamide ",Cadaverine
"(2S,3R)-3-[(4E,7E)-Nona-4,7-dienoyl]-N,N-bis(trimethylsilyl)oxirane-2-carboxamide ","Cholest-7-en-3-ol, (3beta,5alpha)-"
"(2S,3R)-3-[(4E,7E)-Nona-4,7-dienoyl]-N,N-bis(trimethylsilyl)oxirane-2-carboxamide ","Cyclohexanone, 3,3,5-trimethyl-"
"(2S,3R)-3-[(4E,7E)-Nona-4,7-dienoyl]-N,N-bis(trimethylsilyl)oxirane-2-carboxamide ","D-Psicofuranose, pentakis"
"(2S,3R)-3-[(4E,7E)-Nona-4,7-dienoyl]-N,N-bis(trimethylsilyl)oxirane-2-carboxamide ",Decanoic acid
"(2S,3R)-3-[(4E,7E)-Nona-4,7-dienoyl]-N,N-bis(trimethylsilyl)oxirane-2-carboxamide ",Ethanolamine
"(2S,3R)-3-[(4E,7E)-Nona-4,7-dienoyl]-N,N-bis(trimethylsilyl)oxirane-2-carboxamide ","Guanidine, N,N-dimethyl-"
"(2S,3R)-3-[(4E,7E)-Nona-4,7-dienoyl]-N,N-bis(trimethylsilyl)oxirane-2-carboxamide ",Heptanoic acid
"(2S,3R)-3-[(4E,7E)-Nona-4,7-dienoyl]-N,N-bis(trimethylsilyl)oxirane-2-carboxamide ",Hexanoylglycine
"(2S,3R)-3-[(4E,7E)-Nona-4,7-dienoyl]-N,N-bis(trimethylsilyl)oxirane-2-carboxamide ",Hippuric acid
"(2S,3R)-3-[(4E,7E)-Nona-4,7-dienoyl]-N,N-bis(trimethylsilyl)oxirane-2-carboxamide ",L-Proline
"(2S,3R)-3-[(4E,7E)-Nona-4,7-dienoyl]-N,N-bis(trimethylsilyl)oxirane-2-carboxamide ",Methyl alpha-Lyxofuranoside
"(2S,3R)-3-[(4E,7E)-Nona-4,7-dienoyl]-N,N-bis(trimethylsilyl)oxirane-2-carboxamide ",N-alpha-Acetyl-L-Lysine
"(2S,3R)-3-[(4E,7E)-Nona-4,7-dienoyl]-N,N-bis(trimethylsilyl)oxirane-2-carboxamide ",N-Valerylglycine
"(2S,3R)-3-[(4E,7E)-Nona-4,7-dienoyl]-N,N-bis(trimethylsilyl)oxirane-2-carboxamide ","N,9-bis(Trimethylsilyl)-6-[(trimethylsilyl)oxy]-9H-purin-2-amine"
"(2S,3R)-3-[(4E,7E)-Nona-4,7-dienoyl]-N,N-bis(trimethylsilyl)oxirane-2-carboxamide ","N,O-Bis(trimethylsilyl)carbamate"
"(2S,3R)-3-[(4E,7E)-Nona-4,7-dienoyl]-N,N-bis(trimethylsilyl)oxirane-2-carboxamide ",Niacinamide
"(2S,3R)-3-[(4E,7E)-Nona-4,7-dienoyl]-N,N-bis(trimethylsilyl)oxirane-2-carboxamide ",p-Toluic acid
"(2S,3R)-3-[(4E,7E)-Nona-4,7-dienoyl]-N,N-bis(trimethylsilyl)oxirane-2-carboxamide ","Quinolin-4-one, 1-[2-(3,4-dimethoxyphenyl)ethyl]-octahydro-"
"(2S,3R)-3-[(4E,7E)-Nona-4,7-dienoyl]-N,N-bis(trimethylsilyl)oxirane-2-carboxamide ","Ribonic acid, 2,3,4,5-tetrakis-"
"(7a-Isopropenyl-4,5-dimethyloctahydroinden-4-yl)methanol",(CH3)2C=NC2H558
"(7a-Isopropenyl-4,5-dimethyloctahydroinden-4-yl)methanol",(pm)-alpha-Tocopherol acetate
"(7a-Isopropenyl-4,5-dimethyloctahydroinden-4-yl)methanol","(R*,S*)-2,3-Dihydroxybutanoic acid"
"(7a-Isopropenyl-4,5-dimethyloctahydroinden-4-yl)methanol",1-Cyclopentylethanol
"(7a-Isopropenyl-4,5-dimethyloctahydroinden-4-yl)methanol",1-Deoxypentitol
"(7a-Isopropenyl-4,5-dimethyloctahydroinden-4-yl)methanol",1-Monoacetin
"(7a-Isopropenyl-4,5-dimethyloctahydroinden-4-yl)methanol","1-Octanol, 2-butyl-"
"(7a-Isopropenyl-4,5-dimethyloctahydroinden-4-yl)methanol",1-Octanol
"(7a-Isopropenyl-4,5-dimethyloctahydroinden-4-yl)methanol",1-Phenylethanol
"(7a-Isopropenyl-4,5-dimethyloctahydroinden-4-yl)methanol","1,1'-Biphenyl, 3,4-diethyl-"
"(7a-Isopropenyl-4,5-dimethyloctahydroinden-4-yl)methanol","1,2,2-Trimethyl-1-aza-spiro[2.3]hexane"
"(7a-Isopropenyl-4,5-dimethyloctahydroinden-4-yl)methanol","1,4-Butanediol"
"(7a-Isopropenyl-4,5-dimethyloctahydroinden-4-yl)methanol",10-Heptadecenoic acid
"(7a-Isopropenyl-4,5-dimethyloctahydroinden-4-yl)methanol",12-Hydroxyoctadecanoic acid
"(7a-Isopropenyl-4,5-dimethyloctahydroinden-4-yl)methanol","15-Oxo-11Z,13E-eicosadienoic acid"
"(7a-Isopropenyl-4,5-dimethyloctahydroinden-4-yl)methanol","2-(2,5-Dimethoxy-phenyl)-propionaldehyde"
"(7a-Isopropenyl-4,5-dimethyloctahydroinden-4-yl)methanol","2-(Decanoyloxy)propane-1,3-diyl dioctanoate"
"(7a-Isopropenyl-4,5-dimethyloctahydroinden-4-yl)methanol",2-Ethyl-3-hydroxypropionic acid
"(7a-Isopropenyl-4,5-dimethyloctahydroinden-4-yl)methanol","2-Hexenoic acid, 2-[(trimethylsilyl)oxy]-"
"(7a-Isopropenyl-4,5-dimethyloctahydroinden-4-yl)methanol",2-Hydroxy-2-methylbutyric acid
"(7a-Isopropenyl-4,5-dimethyloctahydroinden-4-yl)methanol",2-Hydroxy-5-methoxybenzaldehyde
"(7a-Isopropenyl-4,5-dimethyloctahydroinden-4-yl)methanol",2-Methyl-4-pentenoic acid
"(7a-Isopropenyl-4,5-dimethyloctahydroinden-4-yl)methanol",2-Naphthol
"(7a-Isopropenyl-4,5-dimethyloctahydroinden-4-yl)methanol","2-Propanone, bis(1-methylethyl)hydrazone"
"(7a-Isopropenyl-4,5-dimethyloctahydroinden-4-yl)methanol","2,2,4-Trimethyl-1,3-pentanediol diisobutyrate"
"(7a-Isopropenyl-4,5-dimethyloctahydroinden-4-yl)methanol","2,4-Diamino-6,7-dimethylpteridine"
"(7a-Isopropenyl-4,5-dimethyloctahydroinden-4-yl)methanol","2,5-Piperazinedione, 3-methyl-6-(phenylmethyl)-"
"(7a-Isopropenyl-4,5-dimethyloctahydroinden-4-yl)methanol","2,6-Bis[2-[2-S-thiosulfuroethylamino]ethoxy]pyrazine"
"(7a-Isopropenyl-4,5-dimethyloctahydroinden-4-yl)methanol",3-Hexenedinitrile
"(7a-Isopropenyl-4,5-dimethyloctahydroinden-4-yl)methanol",3-Nonen-1-ol
"(7a-Isopropenyl-4,5-dimethyloctahydroinden-4-yl)methanol","3beta-TRIMETHYLSILOXY-5alpha,6alpha-EPOXYCHOLESTANE"
"(7a-Isopropenyl-4,5-dimethyloctahydroinden-4-yl)methanol","3beta,4beta-Bis(trimethylsiloxy)cholest-5-ene"
"(7a-Isopropenyl-4,5-dimethyloctahydroinden-4-yl)methanol",4-(Trimethylsilyoxy)-3-penten-2-one
"(7a-Isopropenyl-4,5-dimethyloctahydroinden-4-yl)methanol",4-Cumylphenol
"(7a-Isopropenyl-4,5-dimethyloctahydroinden-4-yl)methanol","4-Fluoroaniline, N-trimethylsilyl-"
"(7a-Isopropenyl-4,5-dimethyloctahydroinden-4-yl)methanol",4-Hydroxybenzeneacetic acid
"(7a-Isopropenyl-4,5-dimethyloctahydroinden-4-yl)methanol",5-Hydroxyquinoline
"(7a-Isopropenyl-4,5-dimethyloctahydroinden-4-yl)methanol",5-Hydroxytryptophan
"(7a-Isopropenyl-4,5-dimethyloctahydroinden-4-yl)methanol","5,10-Diethoxy-2,3,7,8-tetrahydro-1H,6H-dipyrrolo[1,2-a:1',2'-d]pyrazine "
"(7a-Isopropenyl-4,5-dimethyloctahydroinden-4-yl)methanol","7,9-Di-tert-butyl-1-oxaspiro(4,5)deca-6,9-diene-2,8-dione"
"(7a-Isopropenyl-4,5-dimethyloctahydroinden-4-yl)methanol","9H-Purine, 9-(trimethylsilyl)-2,6,8-tris[(trimethylsilyl)oxy]-"
"(7a-Isopropenyl-4,5-dimethyloctahydroinden-4-yl)methanol","Acetohydrazide, 2-(2-isopropyl-5-methylphenoxy)-N2-benzylideno-"
"(7a-Isopropenyl-4,5-dimethyloctahydroinden-4-yl)methanol",Aceturic acid
"(7a-Isopropenyl-4,5-dimethyloctahydroinden-4-yl)methanol",alpha-Tocopherol
"(7a-Isopropenyl-4,5-dimethyloctahydroinden-4-yl)methanol","Benzimidazole, 5-trifluoromethyl-2-methyl-"
"(7a-Isopropenyl-4,5-dimethyloctahydroinden-4-yl)methanol","Benzoic acid, pentadecyl ester"
"(7a-Isopropenyl-4,5-dimethyloctahydroinden-4-yl)methanol",Benzophenone
"(7a-Isopropenyl-4,5-dimethyloctahydroinden-4-yl)methanol", 5-Hydroxyhexanoic acid
"(7a-Isopropenyl-4,5-dimethyloctahydroinden-4-yl)methanol","Butanoic acid, 2,4-bis[(trimethylsilyl)oxy]-"
"(7a-Isopropenyl-4,5-dimethyloctahydroinden-4-yl)methanol",Butylated Hydroxytoluene
"(7a-Isopropenyl-4,5-dimethyloctahydroinden-4-yl)methanol","Carbonic acid, eicosyl vinyl ester "
"(7a-Isopropenyl-4,5-dimethyloctahydroinden-4-yl)methanol",Carfentrazone-ethyl
"(7a-Isopropenyl-4,5-dimethyloctahydroinden-4-yl)methanol","Cholest-7-en-3-ol, (3beta,5alpha)-"
"(7a-Isopropenyl-4,5-dimethyloctahydroinden-4-yl)methanol",Cyclohexanol
"(7a-Isopropenyl-4,5-dimethyloctahydroinden-4-yl)methanol","Cyclopentaneacetic acid, 3-oxo-2-pentyl-"
"(7a-Isopropenyl-4,5-dimethyloctahydroinden-4-yl)methanol",D-Fructose
"(7a-Isopropenyl-4,5-dimethyloctahydroinden-4-yl)methanol",Dinoseb 
"(7a-Isopropenyl-4,5-dimethyloctahydroinden-4-yl)methanol",Diphenyl ether
"(7a-Isopropenyl-4,5-dimethyloctahydroinden-4-yl)methanol",DL-Glyceraldehyde
"(7a-Isopropenyl-4,5-dimethyloctahydroinden-4-yl)methanol","DL-Proline, 5-oxo-"
"(7a-Isopropenyl-4,5-dimethyloctahydroinden-4-yl)methanol",Doconexent
"(7a-Isopropenyl-4,5-dimethyloctahydroinden-4-yl)methanol","Dodecanoic acid, 1-methylethyl ester"
"(7a-Isopropenyl-4,5-dimethyloctahydroinden-4-yl)methanol","Ethanamine, N,N-diethyl-2,2-dimethyl-2-[(3,5-dimethoxy)phenyl]-"
"(7a-Isopropenyl-4,5-dimethyloctahydroinden-4-yl)methanol","Ethanol, 2-(9-octadecenyloxy)-"
"(7a-Isopropenyl-4,5-dimethyloctahydroinden-4-yl)methanol","Furan, 2-pentyl-"
"(7a-Isopropenyl-4,5-dimethyloctahydroinden-4-yl)methanol",Glyoxime
"(7a-Isopropenyl-4,5-dimethyloctahydroinden-4-yl)methanol",Isofucosterol
"(7a-Isopropenyl-4,5-dimethyloctahydroinden-4-yl)methanol",Isopropyl palmitate
"(7a-Isopropenyl-4,5-dimethyloctahydroinden-4-yl)methanol",Itaconic acid
"(7a-Isopropenyl-4,5-dimethyloctahydroinden-4-yl)methanol",L-Glutamic acid
"(7a-Isopropenyl-4,5-dimethyloctahydroinden-4-yl)methanol",Levulinic acid
"(7a-Isopropenyl-4,5-dimethyloctahydroinden-4-yl)methanol",Methyl aminoacetate
"(7a-Isopropenyl-4,5-dimethyloctahydroinden-4-yl)methanol",Methyl-3-methoxy-5-methyl benzoate
"(7a-Isopropenyl-4,5-dimethyloctahydroinden-4-yl)methanol",N-Acetyltyrosine
"(7a-Isopropenyl-4,5-dimethyloctahydroinden-4-yl)methanol","N-isobutyl-2-(trimethylsilyloxy]-4,5-dihydro-1H-imidazole-1-carboxamide"
"(7a-Isopropenyl-4,5-dimethyloctahydroinden-4-yl)methanol","N,N-Diethyl-2-aminoethanol"
"(7a-Isopropenyl-4,5-dimethyloctahydroinden-4-yl)methanol",Niclosamide
"(7a-Isopropenyl-4,5-dimethyloctahydroinden-4-yl)methanol",Nonadecanoic acid
"(7a-Isopropenyl-4,5-dimethyloctahydroinden-4-yl)methanol",Nonanal
"(7a-Isopropenyl-4,5-dimethyloctahydroinden-4-yl)methanol",p-Hydroxydiisopropylbenzene
"(7a-Isopropenyl-4,5-dimethyloctahydroinden-4-yl)methanol",Pantolactone
"(7a-Isopropenyl-4,5-dimethyloctahydroinden-4-yl)methanol","Pentanedioic acid, 3-methyl-3-[(trimethylsilyl)oxy]-"
"(7a-Isopropenyl-4,5-dimethyloctahydroinden-4-yl)methanol",Phenoxyacetic acid
"(7a-Isopropenyl-4,5-dimethyloctahydroinden-4-yl)methanol",phenoxyethanol
"(7a-Isopropenyl-4,5-dimethyloctahydroinden-4-yl)methanol",Phenylpropanolamine
"(7a-Isopropenyl-4,5-dimethyloctahydroinden-4-yl)methanol",Phloroglucinol
"(7a-Isopropenyl-4,5-dimethyloctahydroinden-4-yl)methanol",Pimelic acid
"(7a-Isopropenyl-4,5-dimethyloctahydroinden-4-yl)methanol","Propanetriol, 2-methyl-"
"(7a-Isopropenyl-4,5-dimethyloctahydroinden-4-yl)methanol","Propanoic acid, 2-methyl-"
"(7a-Isopropenyl-4,5-dimethyloctahydroinden-4-yl)methanol","Stigmast-5-ene, 3beta-"
"(7a-Isopropenyl-4,5-dimethyloctahydroinden-4-yl)methanol",Tartronic acid
"(7a-Isopropenyl-4,5-dimethyloctahydroinden-4-yl)methanol",Thymidine
"(7a-Isopropenyl-4,5-dimethyloctahydroinden-4-yl)methanol","Thymine, 1,3-dimethyl-6-(trimethylsilyloxymethyl)-"
"(7a-Isopropenyl-4,5-dimethyloctahydroinden-4-yl)methanol",Triethanolamine
"(7a-Isopropenyl-4,5-dimethyloctahydroinden-4-yl)methanol","Trimethylsilyl (5-benzyl-3,6-dioxopiperazin-2-yl)acetate"
"(9H-fluoren-9-yl)methanol, O-methoxycarbonyl-",(CH3)2C=NC2H558
"(9H-fluoren-9-yl)methanol, O-methoxycarbonyl-","1-(2,4-Dimethoxyphenyl)-propan-2-one"
"(9H-fluoren-9-yl)methanol, O-methoxycarbonyl-","1-Butanamine, N,N-diethyl-"
"(9H-fluoren-9-yl)methanol, O-methoxycarbonyl-",1-Octanol
"(9H-fluoren-9-yl)methanol, O-methoxycarbonyl-","1-Octene, 2-methyl-"
"(9H-fluoren-9-yl)methanol, O-methoxycarbonyl-","1-Propanamine, N,N-diethyl- "
"(9H-fluoren-9-yl)methanol, O-methoxycarbonyl-","1,2-Benzenedicarboxylic acid"
"(9H-fluoren-9-yl)methanol, O-methoxycarbonyl-","1,3-Cyclohexanebis(methylamine)"
"(9H-fluoren-9-yl)methanol, O-methoxycarbonyl-",2-(Bis[2-(trimethylsilyl)oxyethyl]amino)acetic acid
"(9H-fluoren-9-yl)methanol, O-methoxycarbonyl-",2-Hydroxy-5-methoxybenzaldehyde
"(9H-fluoren-9-yl)methanol, O-methoxycarbonyl-",2-Naphthol
"(9H-fluoren-9-yl)methanol, O-methoxycarbonyl-","2-Propanone, bis(1-methylethyl)hydrazone"
"(9H-fluoren-9-yl)methanol, O-methoxycarbonyl-","2,4-Diamino-6,7-dimethylpteridine"
"(9H-fluoren-9-yl)methanol, O-methoxycarbonyl-","2,5-Cyclohexadiene-1,4-dione, 2,6-bis(1,1-dimethylethyl)-"
"(9H-fluoren-9-yl)methanol, O-methoxycarbonyl-","2,5-Dimethyl-1-aza-bicyclo[2.2.1]heptane"
"(9H-fluoren-9-yl)methanol, O-methoxycarbonyl-",3-Aminobutanoic acid
"(9H-fluoren-9-yl)methanol, O-methoxycarbonyl-","3-Buten-2-one, 3-trimethylsilyloxy-"
"(9H-fluoren-9-yl)methanol, O-methoxycarbonyl-",3-Hexenedinitrile
"(9H-fluoren-9-yl)methanol, O-methoxycarbonyl-",3-Hydroxyisovaleric acid
"(9H-fluoren-9-yl)methanol, O-methoxycarbonyl-",4-(Trimethylsilyoxy)-3-penten-2-one
"(9H-fluoren-9-yl)methanol, O-methoxycarbonyl-",4-Methoxyphenol
"(9H-fluoren-9-yl)methanol, O-methoxycarbonyl-",5-Henicosylresorcinol
"(9H-fluoren-9-yl)methanol, O-methoxycarbonyl-","5,10-Diethoxy-2,3,7,8-tetrahydro-1H,6H-dipyrrolo[1,2-a:1',2'-d]pyrazine "
"(9H-fluoren-9-yl)methanol, O-methoxycarbonyl-","7,9-Di-tert-butyl-1-oxaspiro(4,5)deca-6,9-diene-2,8-dione"
"(9H-fluoren-9-yl)methanol, O-methoxycarbonyl-","Acetamide, N,N-diethyl-"
"(9H-fluoren-9-yl)methanol, O-methoxycarbonyl-","Acetic acid, bis[(trimethylsilyl)oxyl]-"
"(9H-fluoren-9-yl)methanol, O-methoxycarbonyl-",Arabinaric acid
"(9H-fluoren-9-yl)methanol, O-methoxycarbonyl-","Benzene, 3-cyclohexen-1-yl-"
"(9H-fluoren-9-yl)methanol, O-methoxycarbonyl-","Benzenemethanamine, 2,3-dimethoxy-"
"(9H-fluoren-9-yl)methanol, O-methoxycarbonyl-",Benzyl alcohol
"(9H-fluoren-9-yl)methanol, O-methoxycarbonyl-",Butylmethylamine
"(9H-fluoren-9-yl)methanol, O-methoxycarbonyl-",Cyclohexanol
"(9H-fluoren-9-yl)methanol, O-methoxycarbonyl-","Cyclohexanone, 3,3,5-trimethyl-"
"(9H-fluoren-9-yl)methanol, O-methoxycarbonyl-",D-Ornithine
"(9H-fluoren-9-yl)methanol, O-methoxycarbonyl-",Decanoic acid
"(9H-fluoren-9-yl)methanol, O-methoxycarbonyl-",Dodecanoic acid
"(9H-fluoren-9-yl)methanol, O-methoxycarbonyl-","Ethanamine, N,N-diethyl-2,2-dimethyl-2-[(3,5-dimethoxy)phenyl]-"
"(9H-fluoren-9-yl)methanol, O-methoxycarbonyl-","Ethanone, 1-(2,5-dimethoxyphenyl)-"
"(9H-fluoren-9-yl)methanol, O-methoxycarbonyl-",Fenitrothion
"(9H-fluoren-9-yl)methanol, O-methoxycarbonyl-","Guanidine, N,N-dimethyl-"
"(9H-fluoren-9-yl)methanol, O-methoxycarbonyl-",Heptadecanoic acid
"(9H-fluoren-9-yl)methanol, O-methoxycarbonyl-",Hexanoic acid
"(9H-fluoren-9-yl)methanol, O-methoxycarbonyl-",Lactic Acid
"(9H-fluoren-9-yl)methanol, O-methoxycarbonyl-",Levulinic acid
"(9H-fluoren-9-yl)methanol, O-methoxycarbonyl-",Myristic acid
"(9H-fluoren-9-yl)methanol, O-methoxycarbonyl-",Octanoic acid
"(9H-fluoren-9-yl)methanol, O-methoxycarbonyl-",Pantolactone
"(9H-fluoren-9-yl)methanol, O-methoxycarbonyl-",Pentadecanoic acid
"(9H-fluoren-9-yl)methanol, O-methoxycarbonyl-",Phenol
"(9H-fluoren-9-yl)methanol, O-methoxycarbonyl-",Pyrrole-2-carboxylic acid
"(9H-fluoren-9-yl)methanol, O-methoxycarbonyl-",Stearic acid
"(9H-fluoren-9-yl)methanol, O-methoxycarbonyl-",Supraene
"(9H-fluoren-9-yl)methanol, O-methoxycarbonyl-",Tris(trimethylsilyl)carbamate
"(9H-fluoren-9-yl)methanol, O-methoxycarbonyl-",L-Tyrosine
"(9H-fluoren-9-yl)methanol, O-methoxycarbonyl-",Valylglycine
(CH3)2C=NC2H558,(pm)-alpha-Tocopherol acetate
(CH3)2C=NC2H558,"1-(2,4-Dimethoxyphenyl)-propan-2-one"
(CH3)2C=NC2H558,1-(4-Hydroxybenzylidene)acetone
(CH3)2C=NC2H558,1-Cyclopentylethanol
(CH3)2C=NC2H558,1-Deoxypentitol
(CH3)2C=NC2H558,1-Octadecanol
(CH3)2C=NC2H558,1-Octanol
(CH3)2C=NC2H558,"1-Propanamine, N,N-diethyl- "
(CH3)2C=NC2H558,"1,2-Benzenedicarboxylic acid"
(CH3)2C=NC2H558,"1,2-Butadiene, 1,1,4-triphenyl-3-trimethylsilyl-4-trimethylsilyloxy-"
(CH3)2C=NC2H558,"1,3,5-Trimethyl-1H-pyrazol-4-amine"
(CH3)2C=NC2H558,12-Oxooctadecanoate
(CH3)2C=NC2H558,"2-(2,5-Dimethoxy-phenyl)-propionaldehyde"
(CH3)2C=NC2H558,2-Ethyl-3-hydroxypropionic acid
(CH3)2C=NC2H558,"2-Hexenoic acid, 2-[(trimethylsilyl)oxy]-"
(CH3)2C=NC2H558,2-Hydroxy-5-methoxybenzaldehyde
(CH3)2C=NC2H558,2-Methyl-4-pentenoic acid
(CH3)2C=NC2H558,2-Methylglutaconic acid
(CH3)2C=NC2H558,2-Naphthol
(CH3)2C=NC2H558,2-Pentenoic acid
(CH3)2C=NC2H558,"2-Propanone, bis(1-methylethyl)hydrazone"
(CH3)2C=NC2H558,"2,2,4-Trimethyl-1,3-pentanediol diisobutyrate"
(CH3)2C=NC2H558,"2,3,4,5-Tetrahydroxypentanoic acid-1,4-lactone"
(CH3)2C=NC2H558,"2,4-Diamino-6,7-dimethylpteridine"
(CH3)2C=NC2H558,"2,5-Cyclohexadiene-1,4-dione, 2,6-bis(1,1-dimethylethyl)-"
(CH3)2C=NC2H558,3-Amino-5-morpholinomethyl-2-oxazolidinone
(CH3)2C=NC2H558,3-Aminobutanoic acid
(CH3)2C=NC2H558,"3-Buten-2-one, 3-trimethylsilyloxy-"
(CH3)2C=NC2H558,3-Hexenedinitrile
(CH3)2C=NC2H558,3-Hydroxyisovaleric acid
(CH3)2C=NC2H558,3-Nonen-1-ol
(CH3)2C=NC2H558,"3,5-Dimethylpyrazole"
(CH3)2C=NC2H558,4-(Trimethylsilyoxy)-3-penten-2-one
(CH3)2C=NC2H558,4-Cumylphenol
(CH3)2C=NC2H558,4-Methoxyphenol
(CH3)2C=NC2H558,4-Methylvaleric acid
(CH3)2C=NC2H558,5-Henicosylresorcinol
(CH3)2C=NC2H558,5-Hydroxytryptophan
(CH3)2C=NC2H558,"9H-Fluorene, 9-methylene-"
(CH3)2C=NC2H558,"Acetamide, N,N-diethyl-"
(CH3)2C=NC2H558,"Acetic acid, bis[(trimethylsilyl)oxyl]-"
(CH3)2C=NC2H558,Allylescaline 
(CH3)2C=NC2H558,"Benzenemethanamine, 2,3-dimethoxy-"
(CH3)2C=NC2H558,"Benzimidazole, 5-trifluoromethyl-2-methyl-"
(CH3)2C=NC2H558,"Benzoic acid, methyl ester"
(CH3)2C=NC2H558,"Benzoic acid, pentadecyl ester"
(CH3)2C=NC2H558,Benzoic Acid
(CH3)2C=NC2H558,Benzophenone
(CH3)2C=NC2H558,Butylated Hydroxytoluene
(CH3)2C=NC2H558,Butylmethylamine
(CH3)2C=NC2H558,Cholesterol
(CH3)2C=NC2H558,Cyclohexanol
(CH3)2C=NC2H558,"Cyclohexanone, 3,3,5-trimethyl-"
(CH3)2C=NC2H558,"Cyclopentaneacetic acid, 3-oxo-2-pentyl-"
(CH3)2C=NC2H558,Diphenyl ether
(CH3)2C=NC2H558,"Dodecanoic acid, 1-methylethyl ester"
(CH3)2C=NC2H558,Dodecanoic acid
(CH3)2C=NC2H558,Dodecylcyclohexane
(CH3)2C=NC2H558,Eicosapentaenoic acid
(CH3)2C=NC2H558,"Ethanamine, N,N-diethyl-2,2-dimethyl-2-[(3,5-dimethoxy)phenyl]-"
(CH3)2C=NC2H558,Fenitrothion
(CH3)2C=NC2H558,"Furan, 2-pentyl-"
(CH3)2C=NC2H558,Glyoxime
(CH3)2C=NC2H558,"Guanidine, N,N-dimethyl-"
(CH3)2C=NC2H558,Heptadecanoic acid
(CH3)2C=NC2H558,Hexanoic acid
(CH3)2C=NC2H558,Hydantoic acid
(CH3)2C=NC2H558,L-5-Oxoproline
(CH3)2C=NC2H558,L-Glutamic acid
(CH3)2C=NC2H558,Levulinic acid
(CH3)2C=NC2H558,Myristic acid
(CH3)2C=NC2H558,Naphthofluorescein
(CH3)2C=NC2H558,Niclosamide
(CH3)2C=NC2H558,Nonanal
(CH3)2C=NC2H558,Octanoic acid
(CH3)2C=NC2H558,Pantolactone
(CH3)2C=NC2H558,Pentanoic acid
(CH3)2C=NC2H558,"Phenol, 3,5-bis(1,1-dimethylethyl)-"
(CH3)2C=NC2H558,Phenol
(CH3)2C=NC2H558,Phenoxyacetic acid
(CH3)2C=NC2H558,phenoxyethanol
(CH3)2C=NC2H558,Phlorizin
(CH3)2C=NC2H558,Phloroglucinol
(CH3)2C=NC2H558,"Pyrimidine, 5-methyl-2,4-bis[(trimethylsilyl)oxy]-"
(CH3)2C=NC2H558,Salsoline
(CH3)2C=NC2H558,Ser-Leu
(CH3)2C=NC2H558,Sinomenin
(CH3)2C=NC2H558,Supraene
(CH3)2C=NC2H558,Tris(trimethylsilyl)carbamate
(CH3)2C=NC2H558,L-Tyrosine
(CH3)2C=NC2H558,Valylglycine
(pm)-alpha-Tocopherol acetate,"(R*,S*)-2,3-Dihydroxybutanoic acid"
(pm)-alpha-Tocopherol acetate,"1-(2,4-Dimethoxyphenyl)-propan-2-one"
(pm)-alpha-Tocopherol acetate,"1-(4-Methoxyphenyl)-4,6-dimethyl-2(1H)-pyrimidinone"
(pm)-alpha-Tocopherol acetate,1-Aminocyclopropanecarboxylic acid
(pm)-alpha-Tocopherol acetate,1-Deoxypentitol
(pm)-alpha-Tocopherol acetate,1-Octadecanol
(pm)-alpha-Tocopherol acetate,1-Octanol
(pm)-alpha-Tocopherol acetate,"1,2,2-Trimethyl-1-aza-spiro[2.3]hexane"
(pm)-alpha-Tocopherol acetate,"1,2,3,10,11,11a-Hexahydro-6,7,8-trimethoxy-3-oxo-5H-dibenzo(a,d)cycloheptene"
(pm)-alpha-Tocopherol acetate,"1,3,5-Benzetriol"
(pm)-alpha-Tocopherol acetate,12-Hydroxyoctadecanoic acid
(pm)-alpha-Tocopherol acetate,12-Oxooctadecanoate
(pm)-alpha-Tocopherol acetate,"15-Oxo-11Z,13E-eicosadienoic acid"
(pm)-alpha-Tocopherol acetate,"2-(2,5-Dimethoxy-phenyl)-propionaldehyde"
(pm)-alpha-Tocopherol acetate,"2-(Decanoyloxy)propane-1,3-diyl dioctanoate"
(pm)-alpha-Tocopherol acetate,2-Acetyl-5-chloro-3-methylbenzo(b)thiophene
(pm)-alpha-Tocopherol acetate,"2-Allyl-1,4-dimethoxybenzene"
(pm)-alpha-Tocopherol acetate,2-Amino-4-methylphenol
(pm)-alpha-Tocopherol acetate,2-Butenedioic acid
(pm)-alpha-Tocopherol acetate,2-Ethyl-3-hydroxypropionic acid
(pm)-alpha-Tocopherol acetate,2-Hexen-1-ol
(pm)-alpha-Tocopherol acetate,"2-Hexenoic acid, 2-[(trimethylsilyl)oxy]-"
(pm)-alpha-Tocopherol acetate,2-Hydroxy-5-methoxybenzaldehyde
(pm)-alpha-Tocopherol acetate,2-Ketoisocaproic acid
(pm)-alpha-Tocopherol acetate,2-Methyl-4-pentenoic acid
(pm)-alpha-Tocopherol acetate,2-Naphthol
(pm)-alpha-Tocopherol acetate,2-Pyrrolidinone
(pm)-alpha-Tocopherol acetate,"2,2,4-Trimethyl-1,3-pentanediol diisobutyrate"
(pm)-alpha-Tocopherol acetate,"2,3,4-Trihydroxybutyric acid tetrakis"
(pm)-alpha-Tocopherol acetate,"2,4-Decadienal"
(pm)-alpha-Tocopherol acetate,"2,4-Diamino-6,7-dimethylpteridine"
(pm)-alpha-Tocopherol acetate,"2,5-Di-tert-butyl-4-((trimethylsilyl)oxy)phenol"
(pm)-alpha-Tocopherol acetate,"2,6-Dimethoxybenzylamine"
(pm)-alpha-Tocopherol acetate,3-Amino-2-piperidone
(pm)-alpha-Tocopherol acetate,"3-Buten-2-one, 3-trimethylsilyloxy-"
(pm)-alpha-Tocopherol acetate,"3-Cyclohexyl-L-alanine amide, N,N,N'N'-tetramethyl-"
(pm)-alpha-Tocopherol acetate,3-Hexenedinitrile
(pm)-alpha-Tocopherol acetate,3-Hydroxybutyric acid
(pm)-alpha-Tocopherol acetate,3-Hydroxyisovaleric acid
(pm)-alpha-Tocopherol acetate,3-Methyladenine
(pm)-alpha-Tocopherol acetate,"3-Methylpiperazine-2,5-dione, (R)-"
(pm)-alpha-Tocopherol acetate,"3beta,4beta-Bis(trimethylsiloxy)cholest-5-ene"
(pm)-alpha-Tocopherol acetate,4-(Trimethylsilyoxy)-3-penten-2-one
(pm)-alpha-Tocopherol acetate,4-Cumylphenol
(pm)-alpha-Tocopherol acetate,"4-Fluoroaniline, N-trimethylsilyl-"
(pm)-alpha-Tocopherol acetate,4-Hydroxybenzaldehyde
(pm)-alpha-Tocopherol acetate,4-Hydroxybenzeneacetic acid
(pm)-alpha-Tocopherol acetate,4-Methylvaleric acid
(pm)-alpha-Tocopherol acetate,4-Pyridinol
(pm)-alpha-Tocopherol acetate,5-Hydroxyquinoline
(pm)-alpha-Tocopherol acetate,5-Hydroxytryptophan
(pm)-alpha-Tocopherol acetate,"6,7,4'-Trihydroxyisoflavone"
(pm)-alpha-Tocopherol acetate,"7,9-Di-tert-butyl-1-oxaspiro(4,5)deca-6,9-diene-2,8-dione"
(pm)-alpha-Tocopherol acetate,9-Octadecenoic acid
(pm)-alpha-Tocopherol acetate,Allylescaline 
(pm)-alpha-Tocopherol acetate,alpha-Linolenic acid
(pm)-alpha-Tocopherol acetate,Arachidonic acid
(pm)-alpha-Tocopherol acetate,Azatadine
(pm)-alpha-Tocopherol acetate,Benzeneacetic acid
(pm)-alpha-Tocopherol acetate,"Benzeneethanamine, N-[(pentafluorophenyl)methylene]-4-[(trimethylsilyl)oxy]-"
(pm)-alpha-Tocopherol acetate,"Benzimidazole, 5-trifluoromethyl-2-methyl-"
(pm)-alpha-Tocopherol acetate,"Benzoic acid, pentadecyl ester"
(pm)-alpha-Tocopherol acetate,Benzophenone
(pm)-alpha-Tocopherol acetate,"beta-D-Galactofuranose, 1,2,3,5,6-pentakis-O-(trimethylsilyl)-"
(pm)-alpha-Tocopherol acetate, 5-Hydroxyhexanoic acid
(pm)-alpha-Tocopherol acetate,"Butanoic acid, 2,4-bis[(trimethylsilyl)oxy]-"
(pm)-alpha-Tocopherol acetate,Campesterol
(pm)-alpha-Tocopherol acetate,"Carbonic acid, eicosyl vinyl ester "
(pm)-alpha-Tocopherol acetate,"Cholesta-3,5-dien-7-one"
(pm)-alpha-Tocopherol acetate,Citric acid
(pm)-alpha-Tocopherol acetate,Cyclohexanol
(pm)-alpha-Tocopherol acetate,"Cyclopentaneacetic acid, 3-oxo-2-pentyl-"
(pm)-alpha-Tocopherol acetate,"D-(-)-Lyxose, tetrakis"
(pm)-alpha-Tocopherol acetate,D-Fructose
(pm)-alpha-Tocopherol acetate,Desmosterol
(pm)-alpha-Tocopherol acetate,Dinoseb 
(pm)-alpha-Tocopherol acetate,Diphenyl ether
(pm)-alpha-Tocopherol acetate,DL-Glyceraldehyde
(pm)-alpha-Tocopherol acetate,Doconexent
(pm)-alpha-Tocopherol acetate,"Dodecanoic acid, 1-methylethyl ester"
(pm)-alpha-Tocopherol acetate,"Erythrono-1,4-lactone, (Z)-"
(pm)-alpha-Tocopherol acetate,"Ethanol, 2-(9-octadecenyloxy)-"
(pm)-alpha-Tocopherol acetate,Glycolic acid
(pm)-alpha-Tocopherol acetate,Glyoxime
(pm)-alpha-Tocopherol acetate,Hexanedioic acid
(pm)-alpha-Tocopherol acetate,Hydantoic acid
(pm)-alpha-Tocopherol acetate,Hydracrylic acid
(pm)-alpha-Tocopherol acetate,Isofucosterol
(pm)-alpha-Tocopherol acetate,Isopropyl palmitate
(pm)-alpha-Tocopherol acetate,Itaconic acid
(pm)-alpha-Tocopherol acetate,L-5-Oxoproline
(pm)-alpha-Tocopherol acetate,L-Glutamic acid
(pm)-alpha-Tocopherol acetate,L-Glutamine
(pm)-alpha-Tocopherol acetate,L-Proline
(pm)-alpha-Tocopherol acetate,L-Threitol
(pm)-alpha-Tocopherol acetate,Luteolin 
(pm)-alpha-Tocopherol acetate,Methyl aminoacetate
(pm)-alpha-Tocopherol acetate,"N-(Trifluoroacetyl)-N,O,O'-tris(trimethylsilyl)normetanephrine"
(pm)-alpha-Tocopherol acetate,Niacin
(pm)-alpha-Tocopherol acetate,Niclosamide
(pm)-alpha-Tocopherol acetate,Nonanal
(pm)-alpha-Tocopherol acetate,p-Hydroxydiisopropylbenzene
(pm)-alpha-Tocopherol acetate,Pantolactone
(pm)-alpha-Tocopherol acetate,Pentadecanoic acid
(pm)-alpha-Tocopherol acetate,"Pentanedioic acid, 3-methyl-3-[(trimethylsilyl)oxy]-"
(pm)-alpha-Tocopherol acetate,"Pentenoic acid, 4-[(trimethylsilyl)oxy]-"
(pm)-alpha-Tocopherol acetate,Phenol
(pm)-alpha-Tocopherol acetate,Phenoxyacetic acid
(pm)-alpha-Tocopherol acetate,phenoxyethanol
(pm)-alpha-Tocopherol acetate,Phenylalanine
(pm)-alpha-Tocopherol acetate,Phloroglucinol
(pm)-alpha-Tocopherol acetate,Picolinic acid
(pm)-alpha-Tocopherol acetate,Pimelic acid
(pm)-alpha-Tocopherol acetate,"Propanetriol, 2-methyl-"
(pm)-alpha-Tocopherol acetate,Propylamine
(pm)-alpha-Tocopherol acetate,Pyrrole-2-carboxylic acid
(pm)-alpha-Tocopherol acetate,Salsoline
(pm)-alpha-Tocopherol acetate,Stearic acid
(pm)-alpha-Tocopherol acetate,"Stigmast-5-ene, 3beta-"
(pm)-alpha-Tocopherol acetate,Suberic acid
(pm)-alpha-Tocopherol acetate,Tartronic acid
(pm)-alpha-Tocopherol acetate,"Thymine, 1,3-dimethyl-6-(trimethylsilyloxymethyl)-"
(pm)-alpha-Tocopherol acetate,Triethanolamine
(pm)-alpha-Tocopherol acetate,L-Tyrosine
(pm)-alpha-Tocopherol acetate,Uridine
(pm)-N-Propylamphetamine,"(R*,S*)-2,3-Dihydroxybutanoic acid"
(pm)-N-Propylamphetamine,"1-Pentene, 3,3-dimethyl-"
(pm)-N-Propylamphetamine,"1,2,2-Trimethyl-1-aza-spiro[2.3]hexane"
(pm)-N-Propylamphetamine,"1,3-Cyclohexanebis(methylamine)"
(pm)-N-Propylamphetamine,"1H-Inden-1-one, 2,3-dihydro-7-hydroxy-3-methyl- "
(pm)-N-Propylamphetamine,2-Pentenoic acid
(pm)-N-Propylamphetamine,"2,5-Cyclohexadiene-1,4-dione, 2,6-bis(1,1-dimethylethyl)-"
(pm)-N-Propylamphetamine,"2,5-Dimethoxy-4-methylamphetamine"
(pm)-N-Propylamphetamine,"2,5-Dimethoxyphenol"
(pm)-N-Propylamphetamine,"2',2,3,6'-Tetramethoxychalcone"
(pm)-N-Propylamphetamine,3-Indolepropionic acid
(pm)-N-Propylamphetamine,"5alpha-Pregnane-3,20-dione"
(pm)-N-Propylamphetamine,"9H-Fluorene, 9-methylene-"
(pm)-N-Propylamphetamine,Arsenous acid
(pm)-N-Propylamphetamine,Benzoic Acid
(pm)-N-Propylamphetamine,Butylmethylamine
(pm)-N-Propylamphetamine,"D-(-)-Lyxose, tetrakis"
(pm)-N-Propylamphetamine,Dehydronorketamine
(pm)-N-Propylamphetamine,Erythritol
(pm)-N-Propylamphetamine,"Ethanone, 1-(5-methoxy-2-methyl-3(1H)-indolyl)-"
(pm)-N-Propylamphetamine,L-Alanine
(pm)-N-Propylamphetamine,Metanephrine
(pm)-N-Propylamphetamine,Nitrosothymol
(pm)-N-Propylamphetamine,Trimethylsilyl oct-2-enoate 
(pm)-N-Propylamphetamine,Trimidox
(pm)-N-Propylamphetamine,Uridine
(pm)-Norketamine,"3-Buten-2-one, 3-trimethylsilyloxy-"
(pm)-Norketamine,Arsenous acid
(pm)-Norketamine,Butyrovanillone
(pm)-Norketamine,"cis-4,5-Dihydroxy-o-dithiane, 2O-"
(pm)-Norketamine,Dodecanoic acid
(pm)-Norketamine,Heptanoic acid
(pm)-Norketamine,L-Leucine
(pm)-Norketamine,Methyl isovanillate
(pm)-Norketamine,"Morpholine, 4-[2,3,4,6-tetrakis-O-(trimethylsilyl)-alpha-d-mannopyranosyl]-"
(pm)-Norketamine,n-Butylamine
(pm)-Norketamine,Naphthofluorescein
(pm)-Norketamine,Octanoic acid
(pm)-Norketamine,Phenol
(pm)-Norketamine,"Spiro[cyclopenta[d]-1,3,2-dioxaborin-4(5H),1'-cyclopentane], 2-ethyl-6,7-dihydro-"
(pm)-Phenylpropanolamine,"1-Pentene, 3,3-dimethyl-"
(pm)-Phenylpropanolamine,"1-Phenyl-1,2-ethanediol"
(pm)-Phenylpropanolamine,2-Aminoadipic acid
(pm)-Phenylpropanolamine,"2-Propanone, bis(1-methylethyl)hydrazone"
(pm)-Phenylpropanolamine,3-(2-Hydroxyethyl)imidazole-2-thione
(pm)-Phenylpropanolamine,3-Indolepropionic acid
(pm)-Phenylpropanolamine,3-Methylvaleric acid
(pm)-Phenylpropanolamine,"9(E),11(E)-Conjugated linoleic acid"
(pm)-Phenylpropanolamine,"9H-Fluorene, 9-methylene-"
(pm)-Phenylpropanolamine,"Acetohydrazide, 2-(2-isopropyl-5-methylphenoxy)-N2-benzylideno-"
(pm)-Phenylpropanolamine,"Arabinofuranose, 1,2,3,5-tetrakis-O-"
(pm)-Phenylpropanolamine,Bis(trimethylsilyl)histidine
(pm)-Phenylpropanolamine,Butylmethylamine
(pm)-Phenylpropanolamine,"cis-4,5-Dihydroxy-o-dithiane, 2O-"
(pm)-Phenylpropanolamine,Cyclo-(l-leucyl-l-phenylalanyl) 
(pm)-Phenylpropanolamine,"Cyclohexene, 3,3-dimethyl-1-(trimethylsilyloxy)-"
(pm)-Phenylpropanolamine,"D-Isoleucine, N-acetyl-"
(pm)-Phenylpropanolamine,Decanoic acid
(pm)-Phenylpropanolamine,Dodecylcyclohexane
(pm)-Phenylpropanolamine,Heptanoic acid
(pm)-Phenylpropanolamine,Indole-3-carboxaldehyde
(pm)-Phenylpropanolamine,L-Proline
(pm)-Phenylpropanolamine,n-Butylamine
(pm)-Phenylpropanolamine,n-Pentadecanol
(pm)-Phenylpropanolamine,"N,O-Bis(trimethylsilyl)carbamate"
(pm)-Phenylpropanolamine,Pipecolic acid
(pm)-Phenylpropanolamine,Pyroglutamic acid
(pm)-Phenylpropanolamine,Vanillylmandelic acid
"(R*,S*)-2,3-Dihydroxybutanoic acid",1-(4-Hydroxybenzylidene)acetone
"(R*,S*)-2,3-Dihydroxybutanoic acid","1-Butanamine, N,N-diethyl-"
"(R*,S*)-2,3-Dihydroxybutanoic acid",1-Cyclopentylethanol
"(R*,S*)-2,3-Dihydroxybutanoic acid",1-Octanol
"(R*,S*)-2,3-Dihydroxybutanoic acid",1-Phenethylamine
"(R*,S*)-2,3-Dihydroxybutanoic acid","1,2-Benzenedicarboxylic acid"
"(R*,S*)-2,3-Dihydroxybutanoic acid","1,2-Butadiene, 1,1,4-triphenyl-3-trimethylsilyl-4-trimethylsilyloxy-"
"(R*,S*)-2,3-Dihydroxybutanoic acid","1,3,5-Trimethyl-1H-pyrazol-4-amine"
"(R*,S*)-2,3-Dihydroxybutanoic acid",2-Ethyl-3-hydroxypropionic acid
"(R*,S*)-2,3-Dihydroxybutanoic acid","2-Hexenoic acid, 2-[(trimethylsilyl)oxy]-"
"(R*,S*)-2,3-Dihydroxybutanoic acid",2-Pentenoic acid
"(R*,S*)-2,3-Dihydroxybutanoic acid","2,2,4-Trimethyl-1,3-pentanediol diisobutyrate"
"(R*,S*)-2,3-Dihydroxybutanoic acid","2,4-Imidazolidinedione, 5,5-dimethyl-"
"(R*,S*)-2,3-Dihydroxybutanoic acid","2,6-Bis[2-[2-S-thiosulfuroethylamino]ethoxy]pyrazine"
"(R*,S*)-2,3-Dihydroxybutanoic acid","3-(3-Cyclohexylaminopropionylamino)-5-ethylthiophene-2-carboxylic acid, ethyl ester"
"(R*,S*)-2,3-Dihydroxybutanoic acid",3-Hydroxyisovaleric acid
"(R*,S*)-2,3-Dihydroxybutanoic acid","3-Methyl-2-butenoic acid, tridec-2-ynyl ester"
"(R*,S*)-2,3-Dihydroxybutanoic acid","3,4-dimethyl-5-(3,4-methylenedioxy)phenyloxazolidine"
"(R*,S*)-2,3-Dihydroxybutanoic acid","3beta-TRIMETHYLSILOXY-5alpha,6alpha-EPOXYCHOLESTANE"
"(R*,S*)-2,3-Dihydroxybutanoic acid","3beta,4beta-Bis(trimethylsiloxy)cholest-5-ene"
"(R*,S*)-2,3-Dihydroxybutanoic acid",5-Henicosylresorcinol
"(R*,S*)-2,3-Dihydroxybutanoic acid",5-Hydroxyquinoline
"(R*,S*)-2,3-Dihydroxybutanoic acid",5-Hydroxytryptophan
"(R*,S*)-2,3-Dihydroxybutanoic acid","5,6-Dihydro-5-methyluracil"
"(R*,S*)-2,3-Dihydroxybutanoic acid","6-Methoxy-1-methyl-1,2,3,4-tetrahydroisoquinolin-7-ol "
"(R*,S*)-2,3-Dihydroxybutanoic acid","9(E),11(E)-Conjugated linoleic acid"
"(R*,S*)-2,3-Dihydroxybutanoic acid","Acetic acid, bis[(trimethylsilyl)oxyl]-"
"(R*,S*)-2,3-Dihydroxybutanoic acid",Acetoacetic acid
"(R*,S*)-2,3-Dihydroxybutanoic acid",alpha-Tocopherol
"(R*,S*)-2,3-Dihydroxybutanoic acid",Arachidonic acid
"(R*,S*)-2,3-Dihydroxybutanoic acid",Azatadine
"(R*,S*)-2,3-Dihydroxybutanoic acid",Benzeneacetamide
"(R*,S*)-2,3-Dihydroxybutanoic acid","Benzenemethanamine, 2,3-dimethoxy-"
"(R*,S*)-2,3-Dihydroxybutanoic acid","Benzimidazole, 5-trifluoromethyl-2-methyl-"
"(R*,S*)-2,3-Dihydroxybutanoic acid","Benzoic acid, pentadecyl ester"
"(R*,S*)-2,3-Dihydroxybutanoic acid",Benzophenone
"(R*,S*)-2,3-Dihydroxybutanoic acid", 5-Hydroxyhexanoic acid
"(R*,S*)-2,3-Dihydroxybutanoic acid","Butanoic acid, 2,4-bis[(trimethylsilyl)oxy]-"
"(R*,S*)-2,3-Dihydroxybutanoic acid",Butylmethylamine
"(R*,S*)-2,3-Dihydroxybutanoic acid","Cetaben, N,O-bis(trimethylsilyl)-"
"(R*,S*)-2,3-Dihydroxybutanoic acid",Cyclohexanol
"(R*,S*)-2,3-Dihydroxybutanoic acid","Cyclohexanone, 3,3,5-trimethyl-"
"(R*,S*)-2,3-Dihydroxybutanoic acid",Dinoseb 
"(R*,S*)-2,3-Dihydroxybutanoic acid",Diphenyl ether
"(R*,S*)-2,3-Dihydroxybutanoic acid",DL-Glyceraldehyde
"(R*,S*)-2,3-Dihydroxybutanoic acid",Isofucosterol
"(R*,S*)-2,3-Dihydroxybutanoic acid",Isopropyl palmitate
"(R*,S*)-2,3-Dihydroxybutanoic acid",Itaconic acid
"(R*,S*)-2,3-Dihydroxybutanoic acid",L-Isoleucine
"(R*,S*)-2,3-Dihydroxybutanoic acid",Lactic Acid
"(R*,S*)-2,3-Dihydroxybutanoic acid",Levulinic acid
"(R*,S*)-2,3-Dihydroxybutanoic acid",Methyl aminoacetate
"(R*,S*)-2,3-Dihydroxybutanoic acid",Niacin
"(R*,S*)-2,3-Dihydroxybutanoic acid",Nitrosothymol
"(R*,S*)-2,3-Dihydroxybutanoic acid",Nonadecanoic acid
"(R*,S*)-2,3-Dihydroxybutanoic acid",Nonanal
"(R*,S*)-2,3-Dihydroxybutanoic acid",Pantolactone
"(R*,S*)-2,3-Dihydroxybutanoic acid",Phenol
"(R*,S*)-2,3-Dihydroxybutanoic acid",Phenoxyacetic acid
"(R*,S*)-2,3-Dihydroxybutanoic acid","Pyrazine, 3,6-dimethyl-2,5-bis(trimethylsilyloxy)-"
"(R*,S*)-2,3-Dihydroxybutanoic acid",S-Methyl-L-cysteine
"(R*,S*)-2,3-Dihydroxybutanoic acid","Stigmast-5-ene, 3beta-"
"(R*,S*)-2,3-Dihydroxybutanoic acid",Tartronic acid
"(R*,S*)-2,3-Dihydroxybutanoic acid",Triethanolamine
"(S,S)-(-)-Hydrobenzoin",1-(4-Hydroxybenzylidene)acetone
"(S,S)-(-)-Hydrobenzoin","1-Butanamine, N,N-diethyl-"
"(S,S)-(-)-Hydrobenzoin","1-Octene, 2-methyl-"
"(S,S)-(-)-Hydrobenzoin","1-Propanamine, N,N-diethyl- "
"(S,S)-(-)-Hydrobenzoin","1,2-Butadiene, 1,1,4-triphenyl-3-trimethylsilyl-4-trimethylsilyloxy-"
"(S,S)-(-)-Hydrobenzoin","1,3-Cyclohexanebis(methylamine)"
"(S,S)-(-)-Hydrobenzoin",2-Heptenoic acid
"(S,S)-(-)-Hydrobenzoin",2-Hexen-1-ol
"(S,S)-(-)-Hydrobenzoin","2-Hexenoic acid, 2-[(trimethylsilyl)oxy]-"
"(S,S)-(-)-Hydrobenzoin","2,2'-Biphenyldiol"
"(S,S)-(-)-Hydrobenzoin","2,5-di-tert-Butyl-1,4-benzoquinone"
"(S,S)-(-)-Hydrobenzoin","3-Hydroxy-2,3-dihydromaltol"
"(S,S)-(-)-Hydrobenzoin",3-Methoxysalicylic acid
"(S,S)-(-)-Hydrobenzoin","Acetamide, 2,2,2-trifluoro-"
"(S,S)-(-)-Hydrobenzoin","Acetic acid, bis[(trimethylsilyl)oxyl]-"
"(S,S)-(-)-Hydrobenzoin",Alloxanic acid
"(S,S)-(-)-Hydrobenzoin","Benzenemethanamine, 2,3-dimethoxy-"
"(S,S)-(-)-Hydrobenzoin",Butylmethylamine
"(S,S)-(-)-Hydrobenzoin","Cephalotaxine, 3-deoxy-3,11-epoxy-, (3alpha,11alpha)-"
"(S,S)-(-)-Hydrobenzoin","Cyclohexanone, 3,3,5-trimethyl-"
"(S,S)-(-)-Hydrobenzoin",Fenitrothion
"(S,S)-(-)-Hydrobenzoin",Glucose
"(S,S)-(-)-Hydrobenzoin",Lactic Acid
"(S,S)-(-)-Hydrobenzoin",Levulinic acid
"(S,S)-(-)-Hydrobenzoin","Methyl (3,4-dimethoxyphenyl)(hydroxy)acetate"
"(S,S)-(-)-Hydrobenzoin",Myristic acid
"(S,S)-(-)-Hydrobenzoin",N-Acetyltyrosine
"(S,S)-(-)-Hydrobenzoin",Octanoic acid
"(S,S)-(-)-Hydrobenzoin","Pentanedioic acid, 2-[(trimethylsilyl)oxy]-"
"(S,S)-(-)-Hydrobenzoin","Spiro[cyclopenta[d]-1,3,2-dioxaborin-4(5H),1'-cyclopentane], 2-ethyl-6,7-dihydro-"
"(S,S)-(-)-Hydrobenzoin",Tris(trimethylsilyl)carbamate
"(S,S)-(-)-Hydrobenzoin",Uridine
"1-(1-Hydroxybutyl)-2,5-dimethoxybenzene ",1-Hydroxy-3-methoxy-6-methylanthraquinone
"1-(1-Hydroxybutyl)-2,5-dimethoxybenzene ","1,3-Cyclohexanebis(methylamine)"
"1-(1-Hydroxybutyl)-2,5-dimethoxybenzene ",2-Hydroxy-5-methoxybenzaldehyde
"1-(1-Hydroxybutyl)-2,5-dimethoxybenzene ","2,2,8,8-Tetramethyl-3,7-dioxa-4-aza-2,8-disilanon-4-ene"
"1-(1-Hydroxybutyl)-2,5-dimethoxybenzene ","3-(3-Cyclohexylaminopropionylamino)-5-ethylthiophene-2-carboxylic acid, ethyl ester"
"1-(1-Hydroxybutyl)-2,5-dimethoxybenzene ",3-Hexenedinitrile
"1-(1-Hydroxybutyl)-2,5-dimethoxybenzene ",4-Methoxyphenol
"1-(1-Hydroxybutyl)-2,5-dimethoxybenzene ",4-Methylvaleric acid
"1-(1-Hydroxybutyl)-2,5-dimethoxybenzene ","5-Cholesten-3beta, 7alpha-bis[(trimethylsilyl)oxy]- "
"1-(1-Hydroxybutyl)-2,5-dimethoxybenzene ",5-Henicosylresorcinol
"1-(1-Hydroxybutyl)-2,5-dimethoxybenzene ","7-Isoquinolinol, 1,2,3,4-tetrahydro-1-[(4-hydroxyphenyl)methyl]-6-methoxy-"
"1-(1-Hydroxybutyl)-2,5-dimethoxybenzene ","Benzene, 1,3-bis(1,1-dimethylethyl)-"
"1-(1-Hydroxybutyl)-2,5-dimethoxybenzene ","Benzo[b]fluorene, 5-amino-7-methyl-1,2,3,4,6,7,8,9-octahydro-11-thia-10-aza-"
"1-(1-Hydroxybutyl)-2,5-dimethoxybenzene ","Cholesta-3,5-dien-7-one"
"1-(1-Hydroxybutyl)-2,5-dimethoxybenzene ",Cinnamic acid
"1-(1-Hydroxybutyl)-2,5-dimethoxybenzene ",D-Fucitol
"1-(1-Hydroxybutyl)-2,5-dimethoxybenzene ",Desmosterol
"1-(1-Hydroxybutyl)-2,5-dimethoxybenzene ",DL-Phenylalanine
"1-(1-Hydroxybutyl)-2,5-dimethoxybenzene ",L-Methionine
"1-(1-Hydroxybutyl)-2,5-dimethoxybenzene ",Norketamine
"1-(1-Hydroxybutyl)-2,5-dimethoxybenzene ","Pentanedioic acid, 2-[(trimethylsilyl)oxy]-"
"1-(1-Hydroxybutyl)-2,5-dimethoxybenzene ","Pentanedioic acid, 2,4-bis[(trimethylsilyl)oxy]"
"1-(1-Hydroxybutyl)-2,5-dimethoxybenzene ",Phlorizin
"1-(1-Hydroxybutyl)-2,5-dimethoxybenzene ","Propiophenone, 3',4'-dimethoxy-"
"1-(1-Hydroxybutyl)-2,5-dimethoxybenzene ",Supraene
"1-(1-Hydroxybutyl)-2,5-dimethoxybenzene ",Syringaldehyde
"1-(1-Hydroxybutyl)-2,5-dimethoxybenzene ",Xylazine
"1-(2,4-Dimethoxyphenyl)-propan-2-one","1-(4-Methoxyphenyl)-4,6-dimethyl-2(1H)-pyrimidinone"
"1-(2,4-Dimethoxyphenyl)-propan-2-one","1-Butanamine, N,N-diethyl-"
"1-(2,4-Dimethoxyphenyl)-propan-2-one",1-Cyclopentylethanol
"1-(2,4-Dimethoxyphenyl)-propan-2-one",1-Octanol
"1-(2,4-Dimethoxyphenyl)-propan-2-one","1-Propanamine, N,N-diethyl- "
"1-(2,4-Dimethoxyphenyl)-propan-2-one","1,3-Cyclohexanebis(methylamine)"
"1-(2,4-Dimethoxyphenyl)-propan-2-one",10-Heptadecenoic acid
"1-(2,4-Dimethoxyphenyl)-propan-2-one",2-(Bis[2-(trimethylsilyl)oxyethyl]amino)acetic acid
"1-(2,4-Dimethoxyphenyl)-propan-2-one",2-Ethyl-3-hydroxypropionic acid
"1-(2,4-Dimethoxyphenyl)-propan-2-one",2-Heptenoic acid
"1-(2,4-Dimethoxyphenyl)-propan-2-one",2-Hydroxy-5-methoxybenzaldehyde
"1-(2,4-Dimethoxyphenyl)-propan-2-one",2-Methyl-4-pentenoic acid
"1-(2,4-Dimethoxyphenyl)-propan-2-one","2-Pentenedioic acid, 3-methyl-"
"1-(2,4-Dimethoxyphenyl)-propan-2-one","2-Propanone, bis(1-methylethyl)hydrazone"
"1-(2,4-Dimethoxyphenyl)-propan-2-one","2,2,4-Trimethyl-1,3-pentanediol diisobutyrate"
"1-(2,4-Dimethoxyphenyl)-propan-2-one","2,4-Decadienal"
"1-(2,4-Dimethoxyphenyl)-propan-2-one","2,5-Dimethoxybenzonitrile"
"1-(2,4-Dimethoxyphenyl)-propan-2-one","3-Buten-2-one, 3-trimethylsilyloxy-"
"1-(2,4-Dimethoxyphenyl)-propan-2-one",3-Hydroxyisovaleric acid
"1-(2,4-Dimethoxyphenyl)-propan-2-one","3-Methyl-2-butenoic acid, tridec-2-ynyl ester"
"1-(2,4-Dimethoxyphenyl)-propan-2-one",3-Methyladenine
"1-(2,4-Dimethoxyphenyl)-propan-2-one","3beta,4beta-Bis(trimethylsiloxy)cholest-5-ene"
"1-(2,4-Dimethoxyphenyl)-propan-2-one",4-(Trimethylsilyoxy)-3-penten-2-one
"1-(2,4-Dimethoxyphenyl)-propan-2-one",5-Henicosylresorcinol
"1-(2,4-Dimethoxyphenyl)-propan-2-one",5-Hydroxytryptophan
"1-(2,4-Dimethoxyphenyl)-propan-2-one","Acetic acid, bis[(trimethylsilyl)oxyl]-"
"1-(2,4-Dimethoxyphenyl)-propan-2-one",Acetoacetic acid
"1-(2,4-Dimethoxyphenyl)-propan-2-one",alpha-Tocopherol
"1-(2,4-Dimethoxyphenyl)-propan-2-one","Benzoic acid, methyl ester"
"1-(2,4-Dimethoxyphenyl)-propan-2-one",Cyclohexanol
"1-(2,4-Dimethoxyphenyl)-propan-2-one","Cyclohexanone, 3,3,5-trimethyl-"
"1-(2,4-Dimethoxyphenyl)-propan-2-one",D-Fructose
"1-(2,4-Dimethoxyphenyl)-propan-2-one",Dimethyl fumarate
"1-(2,4-Dimethoxyphenyl)-propan-2-one",Diphenyl ether
"1-(2,4-Dimethoxyphenyl)-propan-2-one",Doconexent
"1-(2,4-Dimethoxyphenyl)-propan-2-one",Ethyl alpha-D-glucopyranoside
"1-(2,4-Dimethoxyphenyl)-propan-2-one",Fenitrothion
"1-(2,4-Dimethoxyphenyl)-propan-2-one",Glyoxime
"1-(2,4-Dimethoxyphenyl)-propan-2-one",Heptadecanoic acid
"1-(2,4-Dimethoxyphenyl)-propan-2-one",Hexanoic acid
"1-(2,4-Dimethoxyphenyl)-propan-2-one",Isofucosterol
"1-(2,4-Dimethoxyphenyl)-propan-2-one",Itaconic acid
"1-(2,4-Dimethoxyphenyl)-propan-2-one",Myristic acid
"1-(2,4-Dimethoxyphenyl)-propan-2-one","N,N-Diethyl-2-aminoethanol"
"1-(2,4-Dimethoxyphenyl)-propan-2-one",Nonanal
"1-(2,4-Dimethoxyphenyl)-propan-2-one",Palmitelaidic acid
"1-(2,4-Dimethoxyphenyl)-propan-2-one",Pantolactone
"1-(2,4-Dimethoxyphenyl)-propan-2-one","Pentanedioic acid, 2,4-bis[(trimethylsilyl)oxy]"
"1-(2,4-Dimethoxyphenyl)-propan-2-one","Pentenoic acid, 4-[(trimethylsilyl)oxy]-"
"1-(2,4-Dimethoxyphenyl)-propan-2-one",Petroselinic acid
"1-(2,4-Dimethoxyphenyl)-propan-2-one","Phenol, 3,5-bis(1,1-dimethylethyl)-"
"1-(2,4-Dimethoxyphenyl)-propan-2-one",phenoxyethanol
"1-(2,4-Dimethoxyphenyl)-propan-2-one",Phlorizin
"1-(2,4-Dimethoxyphenyl)-propan-2-one",Picolinic acid
"1-(2,4-Dimethoxyphenyl)-propan-2-one","Propanoic acid, 2-methyl-"
"1-(2,4-Dimethoxyphenyl)-propan-2-one","Pyrimidine, 5-methyl-2,4-bis[(trimethylsilyl)oxy]-"
"1-(2,4-Dimethoxyphenyl)-propan-2-one",Salsoline
"1-(2,4-Dimethoxyphenyl)-propan-2-one",Tris(trimethylsilyl)carbamate
"1-(2,4-Dimethoxyphenyl)-propan-2-one",L-Tyrosine
1-(3-Methylphenyl)piperazine,1-(4-Hydroxybenzylidene)acetone
1-(3-Methylphenyl)piperazine,"1-Cyclohexanone, 3-butyl-3-methyl-"
1-(3-Methylphenyl)piperazine,1-Tetradecanol
1-(3-Methylphenyl)piperazine,"1,2-Butadiene, 1,1,4-triphenyl-3-trimethylsilyl-4-trimethylsilyloxy-"
1-(3-Methylphenyl)piperazine,"1,3-Dioxane-4-methanol, 4,5-dimethyl-"
1-(3-Methylphenyl)piperazine,"1,3,5-Benzetriol"
1-(3-Methylphenyl)piperazine,12-Hydroxyoctadecanoic acid
1-(3-Methylphenyl)piperazine,2-Methyl-4-pentenoic acid
1-(3-Methylphenyl)piperazine,"2,2,4-Trimethyl-1,3-pentanediol diisobutyrate"
1-(3-Methylphenyl)piperazine,"2,4-Imidazolidinedione, 5,5-dimethyl-"
1-(3-Methylphenyl)piperazine,"2,5-Piperazinedione, 3-benzyl-6-isopropyl-"
1-(3-Methylphenyl)piperazine,3-Hydroxyisovaleric acid
1-(3-Methylphenyl)piperazine,3-Methyladenine
1-(3-Methylphenyl)piperazine,"3,5-Dimethylpyrazole"
1-(3-Methylphenyl)piperazine,4-Cumylphenol
1-(3-Methylphenyl)piperazine,4-Hydroxy-5-(hydroxymethyl)oxolan-2-one
1-(3-Methylphenyl)piperazine,5-(2-Aminopropyl)-2-methylphenol
1-(3-Methylphenyl)piperazine,5-Henicosylresorcinol
1-(3-Methylphenyl)piperazine,7-(Trimethylsilyl)amino-4-methylcoumarin
1-(3-Methylphenyl)piperazine,Benzenepropanoic acid
1-(3-Methylphenyl)piperazine,"Benzimidazole, 5-trifluoromethyl-2-methyl-"
1-(3-Methylphenyl)piperazine,Benzophenone
1-(3-Methylphenyl)piperazine,Butylmethylamine
1-(3-Methylphenyl)piperazine,"Cholest-22-ene-21-ol, 3,5-dehydro-6-methoxy-, pivalate"
1-(3-Methylphenyl)piperazine,"Cholest-7-en-3-ol, (3beta,5alpha)-"
1-(3-Methylphenyl)piperazine,Cyclo(L-prolyl-L-valine) 
1-(3-Methylphenyl)piperazine,"D-(+)-Ribono-1,4-lactone (R,S,R)-"
1-(3-Methylphenyl)piperazine,Dimethyl fumarate
1-(3-Methylphenyl)piperazine,Diphenyl ether
1-(3-Methylphenyl)piperazine,"DL-Proline, 5-oxo-"
1-(3-Methylphenyl)piperazine,Dopamine
1-(3-Methylphenyl)piperazine,Guanabenz
1-(3-Methylphenyl)piperazine,l-Histidine ethyl ester
1-(3-Methylphenyl)piperazine,Methyl isovanillate
1-(3-Methylphenyl)piperazine,"N,N-Diethyl-2-aminoethanol"
1-(3-Methylphenyl)piperazine,Neostigmine 
1-(3-Methylphenyl)piperazine,"O-Methyl-N,N'-diisopropylisourea "
1-(3-Methylphenyl)piperazine,Ornithine
1-(3-Methylphenyl)piperazine,"Pentanedioic acid, 3-methyl-3-[(trimethylsilyl)oxy]-"
1-(3-Methylphenyl)piperazine,Petroselinic acid
1-(3-Methylphenyl)piperazine,Phenylpropanolamine
1-(3-Methylphenyl)piperazine,Phlorizin
1-(3-Methylphenyl)piperazine,Pimelic acid
1-(3-Methylphenyl)piperazine,Salsoline
1-(3-Methylphenyl)piperazine,Suberic acid
1-(3-Methylphenyl)piperazine,"Thymine, 1,3-dimethyl-6-(trimethylsilyloxymethyl)-"
1-(3-Methylphenyl)piperazine,Tributyl acetylcitrate
1-(3-Methylphenyl)piperazine,"Trimethylsilyl (5-benzyl-3,6-dioxopiperazin-2-yl)acetate"
1-(4-Hydroxybenzylidene)acetone,"1-Butanamine, N,N-diethyl-"
1-(4-Hydroxybenzylidene)acetone,1-Cyclopentylethanol
1-(4-Hydroxybenzylidene)acetone,1-Deoxypentitol
1-(4-Hydroxybenzylidene)acetone,1-Monoacetin
1-(4-Hydroxybenzylidene)acetone,"1-Propanamine, N,N-diethyl- "
1-(4-Hydroxybenzylidene)acetone,"1,2-Butadiene, 1,1,4-triphenyl-3-trimethylsilyl-4-trimethylsilyloxy-"
1-(4-Hydroxybenzylidene)acetone,"1,3-bis[(Trimethylsilyl)ethynyl]benzene"
1-(4-Hydroxybenzylidene)acetone,"1,3,5-Benzetriol"
1-(4-Hydroxybenzylidene)acetone,"1,3,5-Trimethyl-1H-pyrazol-4-amine"
1-(4-Hydroxybenzylidene)acetone,"1,5-Anhydroglucitol"
1-(4-Hydroxybenzylidene)acetone,10-Heptadecenoic acid
1-(4-Hydroxybenzylidene)acetone,12-Oxooctadecanoate
1-(4-Hydroxybenzylidene)acetone,"15-Oxo-11Z,13E-eicosadienoic acid"
1-(4-Hydroxybenzylidene)acetone,2-Acetyl-5-chloro-3-methylbenzo(b)thiophene
1-(4-Hydroxybenzylidene)acetone,"2-Allyl-1,4-dimethoxybenzene"
1-(4-Hydroxybenzylidene)acetone,2-Amino-4-methylphenol
1-(4-Hydroxybenzylidene)acetone,2-Ethyl-3-hydroxypropionic acid
1-(4-Hydroxybenzylidene)acetone,2-Heptenoic acid
1-(4-Hydroxybenzylidene)acetone,2-Hexen-1-ol
1-(4-Hydroxybenzylidene)acetone,"2-Hexenoic acid, 2-[(trimethylsilyl)oxy]-"
1-(4-Hydroxybenzylidene)acetone,2-Hydroxybutyric acid
1-(4-Hydroxybenzylidene)acetone,2-Ketoisocaproic acid
1-(4-Hydroxybenzylidene)acetone,2-Methyl-4-pentenoic acid
1-(4-Hydroxybenzylidene)acetone,2-Methylglutaconic acid
1-(4-Hydroxybenzylidene)acetone,2-Naphthol
1-(4-Hydroxybenzylidene)acetone,"2,2,4-Trimethyl-1,3-pentanediol diisobutyrate"
1-(4-Hydroxybenzylidene)acetone,"2,4-Decadienal"
1-(4-Hydroxybenzylidene)acetone,"2,4-Diamino-6,7-dimethylpteridine"
1-(4-Hydroxybenzylidene)acetone,"2,5-Dimethoxymandelic acid"
1-(4-Hydroxybenzylidene)acetone,"2,5-Dimethoxyphenol"
1-(4-Hydroxybenzylidene)acetone,"2,5-Piperazinedione, 3-benzyl-6-isopropyl-"
1-(4-Hydroxybenzylidene)acetone,"3-(3-Cyclohexylaminopropionylamino)-5-ethylthiophene-2-carboxylic acid, ethyl ester"
1-(4-Hydroxybenzylidene)acetone,3-Amino-5-morpholinomethyl-2-oxazolidinone
1-(4-Hydroxybenzylidene)acetone,"3-Buten-2-one, 3-trimethylsilyloxy-"
1-(4-Hydroxybenzylidene)acetone,3-Hexenedinitrile
1-(4-Hydroxybenzylidene)acetone,3-Hydroxyisovaleric acid
1-(4-Hydroxybenzylidene)acetone,3-Methyladenine
1-(4-Hydroxybenzylidene)acetone,"3,5-Dimethylpyrazole"
1-(4-Hydroxybenzylidene)acetone,"3beta-TRIMETHYLSILOXY-5alpha,6alpha-EPOXYCHOLESTANE"
1-(4-Hydroxybenzylidene)acetone,"3beta,4beta-Bis(trimethylsiloxy)cholest-5-ene"
1-(4-Hydroxybenzylidene)acetone,4-(Trimethylsilyoxy)-3-penten-2-one
1-(4-Hydroxybenzylidene)acetone,"4-Fluoroaniline, N-trimethylsilyl-"
1-(4-Hydroxybenzylidene)acetone,4-Hydroxy-5-(hydroxymethyl)oxolan-2-one
1-(4-Hydroxybenzylidene)acetone,4-Hydroxyphenyllactic acid
1-(4-Hydroxybenzylidene)acetone,4-Methoxyphenol
1-(4-Hydroxybenzylidene)acetone,5-Henicosylresorcinol
1-(4-Hydroxybenzylidene)acetone,5-Hydroxytryptophan
1-(4-Hydroxybenzylidene)acetone,9-Octadecenoic acid
1-(4-Hydroxybenzylidene)acetone,"Acetamide, N,N-diethyl-"
1-(4-Hydroxybenzylidene)acetone,"Acetic acid, bis[(trimethylsilyl)oxyl]-"
1-(4-Hydroxybenzylidene)acetone,"Acetin, bis-1,3-trimethylsilyl ether"
1-(4-Hydroxybenzylidene)acetone,Allylescaline 
1-(4-Hydroxybenzylidene)acetone,alpha-Tocopherol
1-(4-Hydroxybenzylidene)acetone,Arachidonic acid
1-(4-Hydroxybenzylidene)acetone,Azatadine
1-(4-Hydroxybenzylidene)acetone,Benzeneacetic acid
1-(4-Hydroxybenzylidene)acetone,"Benzimidazole, 5-trifluoromethyl-2-methyl-"
1-(4-Hydroxybenzylidene)acetone,"Benzoic acid, methyl ester"
1-(4-Hydroxybenzylidene)acetone,"Benzoic acid, pentadecyl ester"
1-(4-Hydroxybenzylidene)acetone,Benzophenone
1-(4-Hydroxybenzylidene)acetone,"beta-D-Galactofuranose, 1,2,3,5,6-pentakis-O-(trimethylsilyl)-"
1-(4-Hydroxybenzylidene)acetone,"Butanoic acid, 2,4-bis[(trimethylsilyl)oxy]-"
1-(4-Hydroxybenzylidene)acetone,Butylated Hydroxytoluene
1-(4-Hydroxybenzylidene)acetone,Cholesterol
1-(4-Hydroxybenzylidene)acetone,Cyclohexanol
1-(4-Hydroxybenzylidene)acetone,"Cyclohexanone, 3,3,5-trimethyl-"
1-(4-Hydroxybenzylidene)acetone,"Cyclopentaneacetic acid, 3-oxo-2-pentyl-"
1-(4-Hydroxybenzylidene)acetone,"D-(+)-Ribono-1,4-lactone (R,S,R)-"
1-(4-Hydroxybenzylidene)acetone,D-Arabinose
1-(4-Hydroxybenzylidene)acetone,"D-Erythro-Pentofuranose, 2-deoxy-1,3-bis-O-"
1-(4-Hydroxybenzylidene)acetone,D-Fructose
1-(4-Hydroxybenzylidene)acetone,D-Threitol
1-(4-Hydroxybenzylidene)acetone,Deoxycholic Acid
1-(4-Hydroxybenzylidene)acetone,Dinoseb 
1-(4-Hydroxybenzylidene)acetone,Diphenyl ether
1-(4-Hydroxybenzylidene)acetone,DL-Glyceraldehyde
1-(4-Hydroxybenzylidene)acetone,Dobutamine
1-(4-Hydroxybenzylidene)acetone,"Dodecanoic acid, 1-methylethyl ester"
1-(4-Hydroxybenzylidene)acetone,"Ethanone, 1-(2,5-dimethoxyphenyl)-"
1-(4-Hydroxybenzylidene)acetone,Ethyl cis-2-trimethylsilyl-cyclopropane-1-carboxylate
1-(4-Hydroxybenzylidene)acetone,Glycine
1-(4-Hydroxybenzylidene)acetone,Glyoxime
1-(4-Hydroxybenzylidene)acetone,Guanabenz
1-(4-Hydroxybenzylidene)acetone,Heptadecanoic acid
1-(4-Hydroxybenzylidene)acetone,Hydantoic acid
1-(4-Hydroxybenzylidene)acetone,Isofucosterol
1-(4-Hydroxybenzylidene)acetone,Isopropyl palmitate
1-(4-Hydroxybenzylidene)acetone,Itaconic acid
1-(4-Hydroxybenzylidene)acetone,L-5-Oxoproline
1-(4-Hydroxybenzylidene)acetone,L-Cysteine
1-(4-Hydroxybenzylidene)acetone,L-Isoleucine
1-(4-Hydroxybenzylidene)acetone,L-Threitol
1-(4-Hydroxybenzylidene)acetone,Lactic Acid
1-(4-Hydroxybenzylidene)acetone,Levulinic acid
1-(4-Hydroxybenzylidene)acetone,Methyl aminoacetate
1-(4-Hydroxybenzylidene)acetone,Myristic acid
1-(4-Hydroxybenzylidene)acetone,N-Isovaleroylglycine
1-(4-Hydroxybenzylidene)acetone,N-Methyl-N-(tetrahydro-2-furanylmethyl)-4-piperidinamine
1-(4-Hydroxybenzylidene)acetone,"N,N-Diethyl-2-aminoethanol"
1-(4-Hydroxybenzylidene)acetone,"N,O-Bis(trimethylsilyl)carbamate"
1-(4-Hydroxybenzylidene)acetone,Neostigmine 
1-(4-Hydroxybenzylidene)acetone,Niclosamide
1-(4-Hydroxybenzylidene)acetone,Nonadecanoic acid
1-(4-Hydroxybenzylidene)acetone,Nonanal
1-(4-Hydroxybenzylidene)acetone,p-Toluic acid
1-(4-Hydroxybenzylidene)acetone,Pantolactone
1-(4-Hydroxybenzylidene)acetone,Pentadecanoic acid
1-(4-Hydroxybenzylidene)acetone,"Pentanedioic acid, 3-methyl-3-[(trimethylsilyl)oxy]-"
1-(4-Hydroxybenzylidene)acetone,Pentanoic acid
1-(4-Hydroxybenzylidene)acetone,"Pentenoic acid, 4-[(trimethylsilyl)oxy]-"
1-(4-Hydroxybenzylidene)acetone,Phenol
1-(4-Hydroxybenzylidene)acetone,Phenoxyacetic acid
1-(4-Hydroxybenzylidene)acetone,phenoxyethanol
1-(4-Hydroxybenzylidene)acetone,Phloroglucinol
1-(4-Hydroxybenzylidene)acetone,Pimelic acid
1-(4-Hydroxybenzylidene)acetone,"Propanetriol, 2-methyl-"
1-(4-Hydroxybenzylidene)acetone,Propylamine
1-(4-Hydroxybenzylidene)acetone,"Pyrimidine, 5-methyl-2,4-bis[(trimethylsilyl)oxy]-"
1-(4-Hydroxybenzylidene)acetone,Pyrrole-2-carboxylic acid
1-(4-Hydroxybenzylidene)acetone,Ribitol
1-(4-Hydroxybenzylidene)acetone,S-Methyl-L-cysteine
1-(4-Hydroxybenzylidene)acetone,Salsoline
1-(4-Hydroxybenzylidene)acetone,"Stigmast-5-ene, 3beta-"
1-(4-Hydroxybenzylidene)acetone,Suberic acid
1-(4-Hydroxybenzylidene)acetone,Succinic anhydride
1-(4-Hydroxybenzylidene)acetone,Tartronic acid
1-(4-Hydroxybenzylidene)acetone,Triethanolamine
1-(4-Hydroxybenzylidene)acetone,Trimethylsilyl 3-((trimethylsilyl)thio)propanoate
1-(4-Hydroxybenzylidene)acetone,Tris(trimethylsilyl)carbamate
1-(4-Hydroxybenzylidene)acetone,L-Tyrosine
1-(4-Hydroxybenzylidene)acetone,Urea
1-(4-Hydroxybenzylidene)acetone,Xylazine
"1-(4-Methoxyphenyl)-4,6-dimethyl-2(1H)-pyrimidinone",1-Cyclopentylethanol
"1-(4-Methoxyphenyl)-4,6-dimethyl-2(1H)-pyrimidinone","1-Methyl-N,N-bis(trimethylsilyl)-4-[(trimethylsilyl)oxy]-1H-imidazol-2-amine"
"1-(4-Methoxyphenyl)-4,6-dimethyl-2(1H)-pyrimidinone",1-Phenylethanol
"1-(4-Methoxyphenyl)-4,6-dimethyl-2(1H)-pyrimidinone","1,2,2-Trimethyl-1-aza-spiro[2.3]hexane"
"1-(4-Methoxyphenyl)-4,6-dimethyl-2(1H)-pyrimidinone","1,5-Anhydroglucitol"
"1-(4-Methoxyphenyl)-4,6-dimethyl-2(1H)-pyrimidinone",10-Heptadecenoic acid
"1-(4-Methoxyphenyl)-4,6-dimethyl-2(1H)-pyrimidinone",12-Hydroxyoctadecanoic acid
"1-(4-Methoxyphenyl)-4,6-dimethyl-2(1H)-pyrimidinone","2,4-Decadienal"
"1-(4-Methoxyphenyl)-4,6-dimethyl-2(1H)-pyrimidinone","2,5-Di-tert-butyl-4-((trimethylsilyl)oxy)phenol"
"1-(4-Methoxyphenyl)-4,6-dimethyl-2(1H)-pyrimidinone","2,6-Bis[2-[2-S-thiosulfuroethylamino]ethoxy]pyrazine"
"1-(4-Methoxyphenyl)-4,6-dimethyl-2(1H)-pyrimidinone","3,4-Dihydrocoumarin, 4,4-dimethyl-6-dimethylamino-"
"1-(4-Methoxyphenyl)-4,6-dimethyl-2(1H)-pyrimidinone","3,4,5-Trihydroxypentanoic acid, tetrakis(trimethylsilyl)-"
"1-(4-Methoxyphenyl)-4,6-dimethyl-2(1H)-pyrimidinone",3'-Hydroxyacetophenone
"1-(4-Methoxyphenyl)-4,6-dimethyl-2(1H)-pyrimidinone","3beta,4beta-Bis(trimethylsiloxy)cholest-5-ene"
"1-(4-Methoxyphenyl)-4,6-dimethyl-2(1H)-pyrimidinone",4-Hydroxybenzaldehyde
"1-(4-Methoxyphenyl)-4,6-dimethyl-2(1H)-pyrimidinone",Aceturic acid
"1-(4-Methoxyphenyl)-4,6-dimethyl-2(1H)-pyrimidinone",Arsenous acid
"1-(4-Methoxyphenyl)-4,6-dimethyl-2(1H)-pyrimidinone","Benzo[b]fluorene, 5-amino-7-methyl-1,2,3,4,6,7,8,9-octahydro-11-thia-10-aza-"
"1-(4-Methoxyphenyl)-4,6-dimethyl-2(1H)-pyrimidinone", 5-Hydroxyhexanoic acid
"1-(4-Methoxyphenyl)-4,6-dimethyl-2(1H)-pyrimidinone",D-Leucylglycylglycine
"1-(4-Methoxyphenyl)-4,6-dimethyl-2(1H)-pyrimidinone",D-Threitol
"1-(4-Methoxyphenyl)-4,6-dimethyl-2(1H)-pyrimidinone",Diphenyl ether
"1-(4-Methoxyphenyl)-4,6-dimethyl-2(1H)-pyrimidinone",Ethanolamine
"1-(4-Methoxyphenyl)-4,6-dimethyl-2(1H)-pyrimidinone","Ethanone, 1-(5-methoxy-2-methyl-3(1H)-indolyl)-"
"1-(4-Methoxyphenyl)-4,6-dimethyl-2(1H)-pyrimidinone","Glycine, N-[4-[(trimethylsilyl)oxy]benzoyl]-"
"1-(4-Methoxyphenyl)-4,6-dimethyl-2(1H)-pyrimidinone",Glyoxime
"1-(4-Methoxyphenyl)-4,6-dimethyl-2(1H)-pyrimidinone",Hydantoic acid
"1-(4-Methoxyphenyl)-4,6-dimethyl-2(1H)-pyrimidinone",Isoxaben
"1-(4-Methoxyphenyl)-4,6-dimethyl-2(1H)-pyrimidinone",Itaconic acid
"1-(4-Methoxyphenyl)-4,6-dimethyl-2(1H)-pyrimidinone",L-Asparagine
"1-(4-Methoxyphenyl)-4,6-dimethyl-2(1H)-pyrimidinone",L-Aspartic acid
"1-(4-Methoxyphenyl)-4,6-dimethyl-2(1H)-pyrimidinone",L-Glutamic acid
"1-(4-Methoxyphenyl)-4,6-dimethyl-2(1H)-pyrimidinone",L-Ornithine
"1-(4-Methoxyphenyl)-4,6-dimethyl-2(1H)-pyrimidinone",Methyl aminoacetate
"1-(4-Methoxyphenyl)-4,6-dimethyl-2(1H)-pyrimidinone","N-(Trifluoroacetyl)-N,O,O'-tris(trimethylsilyl)normetanephrine"
"1-(4-Methoxyphenyl)-4,6-dimethyl-2(1H)-pyrimidinone",N-Valerylglycine
"1-(4-Methoxyphenyl)-4,6-dimethyl-2(1H)-pyrimidinone",Niacin
"1-(4-Methoxyphenyl)-4,6-dimethyl-2(1H)-pyrimidinone",Niacinamide
"1-(4-Methoxyphenyl)-4,6-dimethyl-2(1H)-pyrimidinone",Niclosamide
"1-(4-Methoxyphenyl)-4,6-dimethyl-2(1H)-pyrimidinone",Petroselinic acid
"1-(4-Methoxyphenyl)-4,6-dimethyl-2(1H)-pyrimidinone",Phlorizin
"1-(4-Methoxyphenyl)-4,6-dimethyl-2(1H)-pyrimidinone",Picolinic acid
"1-(4-Methoxyphenyl)-4,6-dimethyl-2(1H)-pyrimidinone","Propanoic acid, 2-methyl-"
"1-(4-Methoxyphenyl)-4,6-dimethyl-2(1H)-pyrimidinone","Pyrimidine, 5-methyl-2,4-bis[(trimethylsilyl)oxy]-"
"1-(4-Methoxyphenyl)-4,6-dimethyl-2(1H)-pyrimidinone",Sinomenin
"1-(4-Methoxyphenyl)-4,6-dimethyl-2(1H)-pyrimidinone",Triethanolamine
1-Aminocyclopropanecarboxylic acid,"1-Methyl-N,N-bis(trimethylsilyl)-4-[(trimethylsilyl)oxy]-1H-imidazol-2-amine"
1-Aminocyclopropanecarboxylic acid,1-Monoacetin
1-Aminocyclopropanecarboxylic acid,1-Phenylethanol
1-Aminocyclopropanecarboxylic acid,"1-Piperazineethanol, 4-dibenzo[b,f][1,4]thiazepin-11-yl-"
1-Aminocyclopropanecarboxylic acid,"1,2-Butadiene, 1,1,4-triphenyl-3-trimethylsilyl-4-trimethylsilyloxy-"
1-Aminocyclopropanecarboxylic acid,"1,3-bis[(Trimethylsilyl)ethynyl]benzene"
1-Aminocyclopropanecarboxylic acid,"1,4-Butanediol"
1-Aminocyclopropanecarboxylic acid,10-Heptadecenoic acid
1-Aminocyclopropanecarboxylic acid,2-Butenedioic acid
1-Aminocyclopropanecarboxylic acid,2-Hydroxy-5-methoxybenzaldehyde
1-Aminocyclopropanecarboxylic acid,2-Naphthol
1-Aminocyclopropanecarboxylic acid,"2,2-Diallylpyrrolidine"
1-Aminocyclopropanecarboxylic acid,"2,2,4-Trimethyl-1,3-pentanediol diisobutyrate"
1-Aminocyclopropanecarboxylic acid,"2,4-Decadienal"
1-Aminocyclopropanecarboxylic acid,3-Amino-2-piperidone
1-Aminocyclopropanecarboxylic acid,"3-Cyclohexyl-L-alanine amide, N,N,N'N'-tetramethyl-"
1-Aminocyclopropanecarboxylic acid,3-Methyladenine
1-Aminocyclopropanecarboxylic acid,"3-Methylpiperazine-2,5-dione, (R)-"
1-Aminocyclopropanecarboxylic acid,"3,5-Di-tert-butyl-2-trimethylsilyloxybenzaldehyde"
1-Aminocyclopropanecarboxylic acid,"3beta,4beta-Bis(trimethylsiloxy)cholest-5-ene"
1-Aminocyclopropanecarboxylic acid,4-(Trimethylsilyoxy)-3-penten-2-one
1-Aminocyclopropanecarboxylic acid,"4-[2-(4,7-Dimethoxy-2H-1,3-benzodioxol-5-yl)ethenyl]-2-methoxyphenol"
1-Aminocyclopropanecarboxylic acid,4-Cumylphenol
1-Aminocyclopropanecarboxylic acid,"4-Fluoroaniline, N-trimethylsilyl-"
1-Aminocyclopropanecarboxylic acid,5-(2-Aminopropyl)-2-methylphenol
1-Aminocyclopropanecarboxylic acid,"5-Androsten-17alpha-methyl-3beta,17beta-diol"
1-Aminocyclopropanecarboxylic acid,5-Hydroxyquinoline
1-Aminocyclopropanecarboxylic acid,alpha-Tocopherol
1-Aminocyclopropanecarboxylic acid,Cyclohexanol
1-Aminocyclopropanecarboxylic acid,"Cyclohexanone, 3,3,5-trimethyl-"
1-Aminocyclopropanecarboxylic acid,D-Fucitol
1-Aminocyclopropanecarboxylic acid,D-Ribose
1-Aminocyclopropanecarboxylic acid,Doconexent
1-Aminocyclopropanecarboxylic acid,Dodecanoic acid
1-Aminocyclopropanecarboxylic acid,Dodecylcyclohexane
1-Aminocyclopropanecarboxylic acid,Dopamine
1-Aminocyclopropanecarboxylic acid,"Ethanamine, N,N-diethyl-2,2-dimethyl-2-[(3,5-dimethoxy)phenyl]-"
1-Aminocyclopropanecarboxylic acid,Glycine
1-Aminocyclopropanecarboxylic acid,"Guanidine, N,N-dimethyl-"
1-Aminocyclopropanecarboxylic acid,"L-Lysine, ethyl ester "
1-Aminocyclopropanecarboxylic acid,Methyl aminoacetate
1-Aminocyclopropanecarboxylic acid,"N-(Trifluoroacetyl)-N,O,O'-tris(trimethylsilyl)normetanephrine"
1-Aminocyclopropanecarboxylic acid,N-Isobutyrylglycine
1-Aminocyclopropanecarboxylic acid,"N,N-Diethyl-2-aminoethanol"
1-Aminocyclopropanecarboxylic acid,Neostigmine 
1-Aminocyclopropanecarboxylic acid,Nonanal
1-Aminocyclopropanecarboxylic acid,Pantolactone
1-Aminocyclopropanecarboxylic acid,Phloroglucinol
1-Aminocyclopropanecarboxylic acid,Pipecolic acid
1-Aminocyclopropanecarboxylic acid,Propylamine
1-Aminocyclopropanecarboxylic acid,"Pyrazine, 3,6-dihydro-3,6-dimethyl-"
1-Aminocyclopropanecarboxylic acid,Tris(trimethylsilyl)carbamate
"1-Butanamine, N,N-diethyl-",1-Cyclopentylethanol
"1-Butanamine, N,N-diethyl-","1-Octanol, 2-butyl-"
"1-Butanamine, N,N-diethyl-",1-Octanol
"1-Butanamine, N,N-diethyl-","1-Octene, 2-methyl-"
"1-Butanamine, N,N-diethyl-","1-Propanamine, N,N-diethyl- "
"1-Butanamine, N,N-diethyl-","1,2-Benzenedicarboxylic acid"
"1-Butanamine, N,N-diethyl-","1,2-Butadiene, 1,1,4-triphenyl-3-trimethylsilyl-4-trimethylsilyloxy-"
"1-Butanamine, N,N-diethyl-","1,3-bis[(Trimethylsilyl)ethynyl]benzene"
"1-Butanamine, N,N-diethyl-","1,3,5-Trimethyl-1H-pyrazol-4-amine"
"1-Butanamine, N,N-diethyl-",12-Oxooctadecanoate
"1-Butanamine, N,N-diethyl-",2-Ethyl-3-hydroxypropionic acid
"1-Butanamine, N,N-diethyl-",2-Furoic acid
"1-Butanamine, N,N-diethyl-",2-Hydroxy-5-methoxybenzaldehyde
"1-Butanamine, N,N-diethyl-",2-Methyl-4-pentenoic acid
"1-Butanamine, N,N-diethyl-","2-Propanone, bis(1-methylethyl)hydrazone"
"1-Butanamine, N,N-diethyl-","2,2,4-Trimethyl-1,3-pentanediol diisobutyrate"
"1-Butanamine, N,N-diethyl-","2,5-Piperazinedione, 3-benzyl-6-isopropyl-"
"1-Butanamine, N,N-diethyl-",3-Amino-5-morpholinomethyl-2-oxazolidinone
"1-Butanamine, N,N-diethyl-",3-Aminobenzoic acid
"1-Butanamine, N,N-diethyl-",3-Aminobutanoic acid
"1-Butanamine, N,N-diethyl-","3-Buten-2-one, 3-trimethylsilyloxy-"
"1-Butanamine, N,N-diethyl-","3-Buten-2-one, 4-(4-methoxyphenyl)-"
"1-Butanamine, N,N-diethyl-",3-Hexenedinitrile
"1-Butanamine, N,N-diethyl-",3-Hydroxyisovaleric acid
"1-Butanamine, N,N-diethyl-","3beta,4beta-Bis(trimethylsiloxy)cholest-5-ene"
"1-Butanamine, N,N-diethyl-",4-(Trimethylsilyoxy)-3-penten-2-one
"1-Butanamine, N,N-diethyl-",5-Henicosylresorcinol
"1-Butanamine, N,N-diethyl-",9-Octadecenoic acid
"1-Butanamine, N,N-diethyl-","9H-Fluorene, 9-methylene-"
"1-Butanamine, N,N-diethyl-","Acetamide, N,N-diethyl-"
"1-Butanamine, N,N-diethyl-","Acetic acid, bis[(trimethylsilyl)oxyl]-"
"1-Butanamine, N,N-diethyl-","Acetohydrazide, 2-(2-isopropyl-5-methylphenoxy)-N2-benzylideno-"
"1-Butanamine, N,N-diethyl-",Arachidonic acid
"1-Butanamine, N,N-diethyl-",Azatadine
"1-Butanamine, N,N-diethyl-","Benzenemethanamine, 2,3-dimethoxy-"
"1-Butanamine, N,N-diethyl-","Benzimidazole, 5-trifluoromethyl-2-methyl-"
"1-Butanamine, N,N-diethyl-",Benzyl alcohol
"1-Butanamine, N,N-diethyl-","Butanal, 2,3,4-tris[(trimethylsilyl)oxy]-, O-methyloxime, [R-(R*,R*)]-"
"1-Butanamine, N,N-diethyl-","Butanoic acid, 2,4-bis[(trimethylsilyl)oxy]-"
"1-Butanamine, N,N-diethyl-",Butylmethylamine
"1-Butanamine, N,N-diethyl-","Cholest-22-ene-21-ol, 3,5-dehydro-6-methoxy-, pivalate"
"1-Butanamine, N,N-diethyl-",Cyclohexanol
"1-Butanamine, N,N-diethyl-","Cyclohexanone, 3,3,5-trimethyl-"
"1-Butanamine, N,N-diethyl-",D-Ornithine
"1-Butanamine, N,N-diethyl-",Dinoseb 
"1-Butanamine, N,N-diethyl-",Diphenyl ether
"1-Butanamine, N,N-diethyl-","DL-Proline, 5-oxo-"
"1-Butanamine, N,N-diethyl-",Dodecanoic acid
"1-Butanamine, N,N-diethyl-",Dodecylcyclohexane
"1-Butanamine, N,N-diethyl-",Dopamine
"1-Butanamine, N,N-diethyl-",Eicosapentaenoic acid
"1-Butanamine, N,N-diethyl-",Ethyl alpha-D-glucopyranoside
"1-Butanamine, N,N-diethyl-",Fenitrothion
"1-Butanamine, N,N-diethyl-","Glycine, N-(N-DL-leucylglycyl)-"
"1-Butanamine, N,N-diethyl-","Guanidine, N,N-dimethyl-"
"1-Butanamine, N,N-diethyl-",Heptadecanoic acid
"1-Butanamine, N,N-diethyl-",Heptanoic acid
"1-Butanamine, N,N-diethyl-",Hexanoic acid
"1-Butanamine, N,N-diethyl-",Isofucosterol
"1-Butanamine, N,N-diethyl-",Lactic Acid
"1-Butanamine, N,N-diethyl-",Levulinic acid
"1-Butanamine, N,N-diethyl-",Methyl-3-methoxy-5-methyl benzoate
"1-Butanamine, N,N-diethyl-",Myristic acid
"1-Butanamine, N,N-diethyl-","N-(Trifluoroacetyl)-N,O,O'-tris(trimethylsilyl)normetanephrine"
"1-Butanamine, N,N-diethyl-",n-Butylamine
"1-Butanamine, N,N-diethyl-",N-Methyl-N-(tetrahydro-2-furanylmethyl)-4-piperidinamine
"1-Butanamine, N,N-diethyl-",Nonanal
"1-Butanamine, N,N-diethyl-",Octanoic acid
"1-Butanamine, N,N-diethyl-",p-Hydroxydiisopropylbenzene
"1-Butanamine, N,N-diethyl-",Pantolactone
"1-Butanamine, N,N-diethyl-",Pentadecanoic acid
"1-Butanamine, N,N-diethyl-","Phenol, 3,5-bis(1,1-dimethylethyl)-"
"1-Butanamine, N,N-diethyl-",Phenol
"1-Butanamine, N,N-diethyl-",Phenoxyacetic acid
"1-Butanamine, N,N-diethyl-",Phlorizin
"1-Butanamine, N,N-diethyl-","Piperidine, 1-(1-methylpentyl)-"
"1-Butanamine, N,N-diethyl-","Propanetriol, 2-methyl-"
"1-Butanamine, N,N-diethyl-",Propylamine
"1-Butanamine, N,N-diethyl-",Supraene
"1-Butanamine, N,N-diethyl-",Triethanolamine
"1-Butanamine, N,N-diethyl-",Tris(trimethylsilyl)carbamate
"1-Butanamine, N,N-diethyl-",Trisaminol
"1-Butanamine, N,N-diethyl-",Valylglycine
"1-Cyclohexanone, 3-butyl-3-methyl-","1-Octene, 2-methyl-"
"1-Cyclohexanone, 3-butyl-3-methyl-","2-Amino-4,6-dihydroxypyrimidine"
"1-Cyclohexanone, 3-butyl-3-methyl-",2-Furoic acid
"1-Cyclohexanone, 3-butyl-3-methyl-","2-Heptanone, 4,6-dimethyl-"
"1-Cyclohexanone, 3-butyl-3-methyl-","3-(3-Cyclohexylaminopropionylamino)-5-ethylthiophene-2-carboxylic acid, ethyl ester"
"1-Cyclohexanone, 3-butyl-3-methyl-",3-Amino-5-morpholinomethyl-2-oxazolidinone
"1-Cyclohexanone, 3-butyl-3-methyl-",3-Ethylphenol
"1-Cyclohexanone, 3-butyl-3-methyl-",4-Hydroxybenzoic acid
"1-Cyclohexanone, 3-butyl-3-methyl-",4-Hydroxybutanoic acid
"1-Cyclohexanone, 3-butyl-3-methyl-","5,6-Dimethyl-4-phenyl-3-cyanopyridine-2(1H)-thione"
"1-Cyclohexanone, 3-butyl-3-methyl-",6-Hydroxyflavone-beta-D-glucoside
"1-Cyclohexanone, 3-butyl-3-methyl-","alpha-L-Galactopyranoside, methyl 6-deoxy-, (R,R,R,S,S)-"
"1-Cyclohexanone, 3-butyl-3-methyl-",Arachidonic acid
"1-Cyclohexanone, 3-butyl-3-methyl-","Azetidine, 1-acetyl-2-methyl-"
"1-Cyclohexanone, 3-butyl-3-methyl-","Benzene, 3-cyclohexen-1-yl-"
"1-Cyclohexanone, 3-butyl-3-methyl-","Benzeneethanamine, N-[(pentafluorophenyl)methylene]-4-[(trimethylsilyl)oxy]-"
"1-Cyclohexanone, 3-butyl-3-methyl-",Benzenepropanoic acid
"1-Cyclohexanone, 3-butyl-3-methyl-",Butylmethylamine
"1-Cyclohexanone, 3-butyl-3-methyl-","Cyclopentanone, 2,2,4-trimethyl-"
"1-Cyclohexanone, 3-butyl-3-methyl-",Dehydronorketamine
"1-Cyclohexanone, 3-butyl-3-methyl-",DL-Phenylalanine
"1-Cyclohexanone, 3-butyl-3-methyl-",Dobutamine
"1-Cyclohexanone, 3-butyl-3-methyl-",N-Isovaleroylglycine
"1-Cyclohexanone, 3-butyl-3-methyl-",Nonadecanoic acid
"1-Cyclohexanone, 3-butyl-3-methyl-",Sertraline carbamoyl glucuronide
"1-Cyclohexanone, 3-butyl-3-methyl-",Succinic anhydride
"1-Cyclohexanone, 3-butyl-3-methyl-",Trimidox
1-Cyclopentylethanol,1-Deoxypentitol
1-Cyclopentylethanol,"1-Methyl-N,N-bis(trimethylsilyl)-4-[(trimethylsilyl)oxy]-1H-imidazol-2-amine"
1-Cyclopentylethanol,1-Monoacetin
1-Cyclopentylethanol,1-Phenylethanol
1-Cyclopentylethanol,"1-Propanamine, N,N-diethyl- "
1-Cyclopentylethanol,1-Tetradecanol
1-Cyclopentylethanol,"1,2-Butadiene, 1,1,4-triphenyl-3-trimethylsilyl-4-trimethylsilyloxy-"
1-Cyclopentylethanol,"1,2-Dimethoxy-4-(1-methoxyethenyl)benzene"
1-Cyclopentylethanol,"1,3-Dioxane-4-methanol, 4,5-dimethyl-"
1-Cyclopentylethanol,10-Heptadecenoic acid
1-Cyclopentylethanol,12-Oxooctadecanoate
1-Cyclopentylethanol,2-(Bis[2-(trimethylsilyl)oxyethyl]amino)acetic acid
1-Cyclopentylethanol,"2-(Decanoyloxy)propane-1,3-diyl dioctanoate"
1-Cyclopentylethanol,2-Acetyl-5-chloro-3-methylbenzo(b)thiophene
1-Cyclopentylethanol,"2-Allyl-1,4-dimethoxybenzene"
1-Cyclopentylethanol,2-Butenedioic acid
1-Cyclopentylethanol,2-Ethyl-3-hydroxypropionic acid
1-Cyclopentylethanol,2-Heptenoic acid
1-Cyclopentylethanol,"2-Hexenoic acid, 2-[(trimethylsilyl)oxy]-"
1-Cyclopentylethanol,2-Hydroxy-5-methoxybenzaldehyde
1-Cyclopentylethanol,2-Methyl-4-pentenoic acid
1-Cyclopentylethanol,2-Naphthol
1-Cyclopentylethanol,"2-Propanone, bis(1-methylethyl)hydrazone"
1-Cyclopentylethanol,"2,2,4-Trimethyl-1,3-pentanediol diisobutyrate"
1-Cyclopentylethanol,"2,4-Decadienal"
1-Cyclopentylethanol,"2,4-Diamino-6,7-dimethylpteridine"
1-Cyclopentylethanol,"2,4-Imidazolidinedione, 5,5-dimethyl-"
1-Cyclopentylethanol,"2,5-di-tert-Butyl-1,4-benzoquinone"
1-Cyclopentylethanol,"2,5-Piperazinedione, 3-benzyl-6-isopropyl-"
1-Cyclopentylethanol,"2,6-Bis[2-[2-S-thiosulfuroethylamino]ethoxy]pyrazine"
1-Cyclopentylethanol,3-Amino-5-morpholinomethyl-2-oxazolidinone
1-Cyclopentylethanol,3-Ethylphenol
1-Cyclopentylethanol,3-Hexenedinitrile
1-Cyclopentylethanol,3-Hydroxyisovaleric acid
1-Cyclopentylethanol,3-Methyladenine
1-Cyclopentylethanol,"3-Methylpiperazine-2,5-dione, (R)-"
1-Cyclopentylethanol,"3,5-Di-tert-butyl-2-trimethylsilyloxybenzaldehyde"
1-Cyclopentylethanol,"3,5-Dimethylpyrazole"
1-Cyclopentylethanol,3'-Hydroxyacetophenone
1-Cyclopentylethanol,"3beta-TRIMETHYLSILOXY-5alpha,6alpha-EPOXYCHOLESTANE"
1-Cyclopentylethanol,"3beta,4beta-Bis(trimethylsiloxy)cholest-5-ene"
1-Cyclopentylethanol,4-(Trimethylsilyoxy)-3-penten-2-one
1-Cyclopentylethanol,4-Hydroxybenzeneacetic acid
1-Cyclopentylethanol,4-Methylvaleric acid
1-Cyclopentylethanol,5-Hydroxyquinoline
1-Cyclopentylethanol,5-Hydroxytryptophan
1-Cyclopentylethanol,7-(Trimethylsilyl)amino-4-methylcoumarin
1-Cyclopentylethanol,9-Octadecenoic acid
1-Cyclopentylethanol,"Acetin, bis-1,3-trimethylsilyl ether"
1-Cyclopentylethanol,Acetoacetic acid
1-Cyclopentylethanol,"Acetohydrazide, 2-(2-isopropyl-5-methylphenoxy)-N2-benzylideno-"
1-Cyclopentylethanol,Aceturic acid
1-Cyclopentylethanol,alpha-Tocopherol
1-Cyclopentylethanol,Arachidonic acid
1-Cyclopentylethanol,"Benzaldehyde, 2,5-dimethyl-"
1-Cyclopentylethanol,"Benzene, 1-acetoxy-2,6-dimethoxy-4-(2-propenyl)-"
1-Cyclopentylethanol,Benzeneacetic acid
1-Cyclopentylethanol,"Benzimidazole, 5-trifluoromethyl-2-methyl-"
1-Cyclopentylethanol,"Benzoic acid, methyl ester"
1-Cyclopentylethanol,"Benzoic acid, pentadecyl ester"
1-Cyclopentylethanol,Benzoic Acid
1-Cyclopentylethanol,Benzophenone
1-Cyclopentylethanol,beta-Lyxopyranose
1-Cyclopentylethanol,"Butanoic acid, 2,4-bis[(trimethylsilyl)oxy]-"
1-Cyclopentylethanol,Butylmethylamine
1-Cyclopentylethanol,"Cholest-7-en-3-ol, (3beta,5alpha)-"
1-Cyclopentylethanol,Cyclohexanol
1-Cyclopentylethanol,"Cyclohexanone, 3,3,5-trimethyl-"
1-Cyclopentylethanol,"Cyclopentanone, 2,2,4-trimethyl-"
1-Cyclopentylethanol,D-(-)-Citramalic acid
1-Cyclopentylethanol,"D-Erythro-Pentofuranose, 2-deoxy-1,3-bis-O-"
1-Cyclopentylethanol,D-Ornithine
1-Cyclopentylethanol,Dehydronorketamine
1-Cyclopentylethanol,Dinoseb 
1-Cyclopentylethanol,Diphenyl ether
1-Cyclopentylethanol,DL-Glyceraldehyde
1-Cyclopentylethanol,Doconexent
1-Cyclopentylethanol,"Dodecanoic acid, 1-methylethyl ester"
1-Cyclopentylethanol,Dodecanoic acid
1-Cyclopentylethanol,Eicosapentaenoic acid
1-Cyclopentylethanol,"Furan, 2-pentyl-"
1-Cyclopentylethanol,Glycine
1-Cyclopentylethanol,Heptadecanoic acid
1-Cyclopentylethanol,Hexanoic acid
1-Cyclopentylethanol,Isofucosterol
1-Cyclopentylethanol,Isopropyl palmitate
1-Cyclopentylethanol,Itaconic acid
1-Cyclopentylethanol,L-5-Oxoproline
1-Cyclopentylethanol,L-Aspartic acid
1-Cyclopentylethanol,L-Glutamic acid
1-Cyclopentylethanol,"L-Tryptophan, N-acetyl-1"
1-Cyclopentylethanol,Levulinic acid
1-Cyclopentylethanol,Metanephrine
1-Cyclopentylethanol,Methyl aminoacetate
1-Cyclopentylethanol,Myristic acid
1-Cyclopentylethanol,N-Isovaleroylglycine
1-Cyclopentylethanol,N-Methyl-N-(tetrahydro-2-furanylmethyl)-4-piperidinamine
1-Cyclopentylethanol,"N,O-Bis(trimethylsilyl)carbamate"
1-Cyclopentylethanol,Neostigmine 
1-Cyclopentylethanol,Niclosamide
1-Cyclopentylethanol,Nonadecanoic acid
1-Cyclopentylethanol,Nonanal
1-Cyclopentylethanol,"Octane, 1-propoxy-"
1-Cyclopentylethanol,"Oxalic acid, allyl octyl ester"
1-Cyclopentylethanol,p-Toluic acid
1-Cyclopentylethanol,Pantolactone
1-Cyclopentylethanol,Pentadecanoic acid
1-Cyclopentylethanol,"Pentanedioic acid, 3-methyl-3-[(trimethylsilyl)oxy]-"
1-Cyclopentylethanol,Pentanoic acid
1-Cyclopentylethanol,"Pentenoic acid, 4-[(trimethylsilyl)oxy]-"
1-Cyclopentylethanol,Phenol
1-Cyclopentylethanol,Phenoxyacetic acid
1-Cyclopentylethanol,phenoxyethanol
1-Cyclopentylethanol,Phlorizin
1-Cyclopentylethanol,Phloroglucinol
1-Cyclopentylethanol,Picolinic acid
1-Cyclopentylethanol,Pimelic acid
1-Cyclopentylethanol,"Propanetriol, 2-methyl-"
1-Cyclopentylethanol,"Propanoic acid, 2-methyl-"
1-Cyclopentylethanol,"Propanoic acid, 2-oxo-"
1-Cyclopentylethanol,Propylamine
1-Cyclopentylethanol,S-Methyl-L-cysteine
1-Cyclopentylethanol,Salsoline
1-Cyclopentylethanol,"Stigmast-5-ene, 3beta-"
1-Cyclopentylethanol,Suberic acid
1-Cyclopentylethanol,Supraene
1-Cyclopentylethanol,Tartronic acid
1-Cyclopentylethanol,Triethanolamine
1-Cyclopentylethanol,L-Tyrosine
"1-Decene, 8-methyl-","1-Piperazineethanol, 4-dibenzo[b,f][1,4]thiazepin-11-yl-"
"1-Decene, 8-methyl-",2-(Bis[2-(trimethylsilyl)oxyethyl]amino)acetic acid
"1-Decene, 8-methyl-","2-(Decanoyloxy)propane-1,3-diyl dioctanoate"
"1-Decene, 8-methyl-","2-Hexenoic acid, 2-[(trimethylsilyl)oxy]-"
"1-Decene, 8-methyl-","2,5-Dimethoxy-4-methylamphetamine"
"1-Decene, 8-methyl-","9H-Fluorene, 9-methylene-"
"1-Decene, 8-methyl-",Acetoacetic acid
"1-Decene, 8-methyl-","Acetohydrazide, 2-(2-isopropyl-5-methylphenoxy)-N2-benzylideno-"
"1-Decene, 8-methyl-",Bis(trimethylsilyl)acetylene
"1-Decene, 8-methyl-",Butylmethylamine
"1-Decene, 8-methyl-",cyclobutanecarboxylic acid
"1-Decene, 8-methyl-","Cyclohexene, 3-butyl-3-methyl-1-trimethylsilyloxy-"
"1-Decene, 8-methyl-",Metanephrine
"1-Decene, 8-methyl-",p-Toluic acid
"1-Decene, 8-methyl-","Thymine, 1,3-dimethyl-6-(trimethylsilyloxymethyl)-"
1-Deoxypentitol,1-Monoacetin
1-Deoxypentitol,1-Phenethylamine
1-Deoxypentitol,1-Tetradecanol
1-Deoxypentitol,"1,1'-Biphenyl, 3,4-diethyl-"
1-Deoxypentitol,"1,2-Butadiene, 1,1,4-triphenyl-3-trimethylsilyl-4-trimethylsilyloxy-"
1-Deoxypentitol,"1,3,5-Benzetriol"
1-Deoxypentitol,"1,4-diazabicyclo[4.3.0]nonan-2,5-dione, 3-methyl "
1-Deoxypentitol,"15-Oxo-11Z,13E-eicosadienoic acid"
1-Deoxypentitol,"1H-Pyrazole, 3,4-bis(trimethylsilyl)-"
1-Deoxypentitol,"2-(Decanoyloxy)propane-1,3-diyl dioctanoate"
1-Deoxypentitol,2-Acetyl-5-chloro-3-methylbenzo(b)thiophene
1-Deoxypentitol,"2-Allyl-1,4-dimethoxybenzene"
1-Deoxypentitol,2-Amino-4-methylphenol
1-Deoxypentitol,"2-Hexenoic acid, 2-[(trimethylsilyl)oxy]-"
1-Deoxypentitol,2-Hydroxybutyric acid
1-Deoxypentitol,2-Naphthol
1-Deoxypentitol,"2-Pentenedioic acid, 3-methyl-"
1-Deoxypentitol,"2,2,4-Trimethyl-1,3-pentanediol diisobutyrate"
1-Deoxypentitol,"2,2'-Biphenyldiol"
1-Deoxypentitol,"2,3,4,5-Tetrahydroxypentanoic acid-1,4-lactone"
1-Deoxypentitol,"2,4-Diamino-6,7-dimethylpteridine"
1-Deoxypentitol,"2,5-Piperazinedione, 3-benzyl-6-isopropyl-"
1-Deoxypentitol,"2,6-Bis[2-[2-S-thiosulfuroethylamino]ethoxy]pyrazine"
1-Deoxypentitol,3-Amino-5-morpholinomethyl-2-oxazolidinone
1-Deoxypentitol,3-Hydroxyisovaleric acid
1-Deoxypentitol,3-Methoxysalicylic acid
1-Deoxypentitol,3-Methyladenine
1-Deoxypentitol,"3-Methylpiperazine-2,5-dione, (R)-"
1-Deoxypentitol,"3,5-Dimethylpyrazole"
1-Deoxypentitol,"3beta-TRIMETHYLSILOXY-5alpha,6alpha-EPOXYCHOLESTANE"
1-Deoxypentitol,"3beta,4beta-Bis(trimethylsiloxy)cholest-5-ene"
1-Deoxypentitol,4-Cumylphenol
1-Deoxypentitol,4-Hydroxybenzeneacetic acid
1-Deoxypentitol,4-Hydroxyphenyllactic acid
1-Deoxypentitol,5-Aminovaleric acid
1-Deoxypentitol,5-Hydroxyquinoline
1-Deoxypentitol,"6,8-Dioxapentadecane"
1-Deoxypentitol,9-Octadecenoic acid
1-Deoxypentitol,"Acetin, bis-1,3-trimethylsilyl ether"
1-Deoxypentitol,alpha-Linolenic acid
1-Deoxypentitol,alpha-Tocopherol
1-Deoxypentitol,Arachidonic acid
1-Deoxypentitol,Azatadine
1-Deoxypentitol,"Azetidine, 1-acetyl-2-methyl-"
1-Deoxypentitol,"Benzaldehyde, 2,5-dimethyl-"
1-Deoxypentitol,"Benzene, 1-acetoxy-2,6-dimethoxy-4-(2-propenyl)-"
1-Deoxypentitol,"Benzimidazole, 5-trifluoromethyl-2-methyl-"
1-Deoxypentitol,"Benzoic acid, pentadecyl ester"
1-Deoxypentitol,Benzophenone
1-Deoxypentitol,"beta-d-Fructopyranose, 1-deoxy-1-(4-morpholinyl)-2,3,4,5-tetrakis-O-(trimethylsilyl)-"
1-Deoxypentitol,"beta-D-Galactofuranose, 1,2,3,5,6-pentakis-O-(trimethylsilyl)-"
1-Deoxypentitol,beta-Lyxopyranose
1-Deoxypentitol,Butanedioic acid
1-Deoxypentitol,"Butanoic acid, 2,4-bis[(trimethylsilyl)oxy]-"
1-Deoxypentitol,Butylated Hydroxytoluene
1-Deoxypentitol,Cadaverine
1-Deoxypentitol,Carfentrazone-ethyl
1-Deoxypentitol,"Cholest-22-ene-21-ol, 3,5-dehydro-6-methoxy-, pivalate"
1-Deoxypentitol,"Cholest-7-en-3-ol, (3beta,5alpha)-"
1-Deoxypentitol,Cyclo-(l-leucyl-l-phenylalanyl) 
1-Deoxypentitol,Cyclohexanol
1-Deoxypentitol,"Cyclopentaneacetic acid, 3-oxo-2-pentyl-"
1-Deoxypentitol,D-(-)-Citramalic acid
1-Deoxypentitol,D-Fructose
1-Deoxypentitol,Desmosterol
1-Deoxypentitol,Dinoseb 
1-Deoxypentitol,Diphenyl ether
1-Deoxypentitol,DL-Glyceraldehyde
1-Deoxypentitol,"Dodecane, 4,6-dimethyl-"
1-Deoxypentitol,"Furan, 2-pentyl-"
1-Deoxypentitol,Hexanoylglycine
1-Deoxypentitol,Indole-3-carboxaldehyde
1-Deoxypentitol,Isofucosterol
1-Deoxypentitol,Isopropyl palmitate
1-Deoxypentitol,L-Norleucine
1-Deoxypentitol,L-Threitol
1-Deoxypentitol,"Methanone, [1-(4-chloropentyl)-1H-indol-3-yl](2,2,3,3-tetramethylcyclopropyl)-"
1-Deoxypentitol,Methyl aminoacetate
1-Deoxypentitol,Methyl-3-methoxy-5-methyl benzoate
1-Deoxypentitol,N-Isovaleroylglycine
1-Deoxypentitol,N-Methyl-N-(tetrahydro-2-furanylmethyl)-4-piperidinamine
1-Deoxypentitol,N-Valerylglycine
1-Deoxypentitol,Nonadecanoic acid
1-Deoxypentitol,Nonanal
1-Deoxypentitol,p-Toluic acid
1-Deoxypentitol,Pantolactone
1-Deoxypentitol,"Pentanedioic acid, 3-methyl-3-[(trimethylsilyl)oxy]-"
1-Deoxypentitol,"Pentenoic acid, 4-[(trimethylsilyl)oxy]-"
1-Deoxypentitol,Phenoxyacetic acid
1-Deoxypentitol,Phloroglucinol
1-Deoxypentitol,"Propanetriol, 2-methyl-"
1-Deoxypentitol,Propylamine
1-Deoxypentitol,Ribitol
1-Deoxypentitol,S-Methyl-L-cysteine
1-Deoxypentitol,Sertraline carbamoyl glucuronide
1-Deoxypentitol,"Stigmast-5-ene, 3beta-"
1-Deoxypentitol,Tartronic acid
1-Deoxypentitol,Triethanolamine
1-Deoxypentitol,"Trimethylsilyl (5-benzyl-3,6-dioxopiperazin-2-yl)acetate"
1-Hexadecanol,1-Hexanol
1-Hexadecanol,1-Octadecanol
1-Hexadecanol,"1-Octanol, 2-butyl-"
1-Hexadecanol,"1-Phenyl-1,2-ethanediol"
1-Hexadecanol,"1,3-bis[(Trimethylsilyl)ethynyl]benzene"
1-Hexadecanol,"2-Amino-4,6-dihydroxypyrimidine"
1-Hexadecanol,"7-Acetyl-6-ethyl-1,1,4,4-tetramethyltetralin "
1-Hexadecanol,"7,9-Di-tert-butyl-1-oxaspiro(4,5)deca-6,9-diene-2,8-dione"
1-Hexadecanol,9-Hexadecenoic acid
1-Hexadecanol,"Arabinofuranose, 1,2,3,5-tetrakis-O-"
1-Hexadecanol,"Benzene, 1,1'-(1,2-cyclobutanediyl)bis-"
1-Hexadecanol,"Benzene, 3-cyclohexen-1-yl-"
1-Hexadecanol,"Cholesta-3,5-diene "
1-Hexadecanol,"D-Isoleucine, N-acetyl-"
1-Hexadecanol,Decanoic acid
1-Hexadecanol,Ethanolamine
1-Hexadecanol,Glucose
1-Hexadecanol,Heptanoic acid
1-Hexadecanol,Hydroquinidine
1-Hexadecanol,L-5-Oxoproline
1-Hexadecanol,L-Methionine
1-Hexadecanol,Methyl isovanillate
1-Hexadecanol,"N,N-Dimethyl-2-cyclohexyloxyethylamine"
1-Hexadecanol,"Octane, 1-propoxy-"
1-Hexadecanol,Octanoic acid
1-Hexadecanol,Phloroglucinol
1-Hexadecanol,Picolinic acid
1-Hexadecanol,"Pyrimidine, 5-methyl-2,4-bis[(trimethylsilyl)oxy]-"
1-Hexadecanol,"Quinolin-4-one, 1-[2-(3,4-dimethoxyphenyl)ethyl]-octahydro-"
1-Hexadecanol,S-Methyl-L-cysteine
1-Hexadecanol,Syringaldehyde
1-Hexadecanol,Trisaminol
1-Hexadecanol,Uracil
1-Hexadecanol,Xylitol
1-Hexanol,"2,2'-Biphenyldiol"
1-Hexanol,"3-Hydroxy-2,3-dihydromaltol"
1-Hexanol,3-Hydroxybutyric acid
1-Hexanol,3-Methoxysalicylic acid
1-Hexanol,3-Ureidopropionic acid
1-Hexanol,"3,5-Di-tert-butyl-2-trimethylsilyloxybenzaldehyde"
1-Hexanol,"4-[2-(4,7-Dimethoxy-2H-1,3-benzodioxol-5-yl)ethenyl]-2-methoxyphenol"
1-Hexanol,"4,4,5,8-Tetramethyl-chroman-2-one"
1-Hexanol,7-(Trimethylsilyl)amino-4-methylcoumarin
1-Hexanol,Indole-3-carboxaldehyde
1-Hexanol,Isofucosterol
1-Hexanol,Isopropyl palmitate
1-Hexanol,Latanoprost lactone diol
1-Hexanol,N-Acetyltyrosine
1-Hexanol,"O-Methyl-N,N'-diisopropylisourea "
1-Hexanol,"Octane, 1-propoxy-"
1-Hexanol,"Propanoic acid, 2-oxo-"
1-Hexanol,Quazodine
1-Hydroxy-3-methoxy-6-methylanthraquinone,"1,4-Butanediol"
1-Hydroxy-3-methoxy-6-methylanthraquinone,"2,5-Dimethoxy-4-methylamphetamine"
1-Hydroxy-3-methoxy-6-methylanthraquinone,4-Cumylphenol
1-Hydroxy-3-methoxy-6-methylanthraquinone,4-Hydroxy-5-(hydroxymethyl)oxolan-2-one
1-Hydroxy-3-methoxy-6-methylanthraquinone,4-Pyridinol
1-Hydroxy-3-methoxy-6-methylanthraquinone,5-Ethyluracil
1-Hydroxy-3-methoxy-6-methylanthraquinone,7-(Trimethylsilyl)amino-4-methylcoumarin
1-Hydroxy-3-methoxy-6-methylanthraquinone,Acetoacetic acid
1-Hydroxy-3-methoxy-6-methylanthraquinone,Butylated Hydroxytoluene
1-Hydroxy-3-methoxy-6-methylanthraquinone,Glyoxime
1-Hydroxy-3-methoxy-6-methylanthraquinone,Indole-3-lactic acid
1-Hydroxy-3-methoxy-6-methylanthraquinone,"Octane, 1-propoxy-"
"1-Methyl-N,N-bis(trimethylsilyl)-4-[(trimethylsilyl)oxy]-1H-imidazol-2-amine",1-Monoacetin
"1-Methyl-N,N-bis(trimethylsilyl)-4-[(trimethylsilyl)oxy]-1H-imidazol-2-amine",1-Tetradecanol
"1-Methyl-N,N-bis(trimethylsilyl)-4-[(trimethylsilyl)oxy]-1H-imidazol-2-amine","1,5-Anhydroglucitol"
"1-Methyl-N,N-bis(trimethylsilyl)-4-[(trimethylsilyl)oxy]-1H-imidazol-2-amine",10-Heptadecenoic acid
"1-Methyl-N,N-bis(trimethylsilyl)-4-[(trimethylsilyl)oxy]-1H-imidazol-2-amine",2-Butenedioic acid
"1-Methyl-N,N-bis(trimethylsilyl)-4-[(trimethylsilyl)oxy]-1H-imidazol-2-amine",2-Heptenoic acid
"1-Methyl-N,N-bis(trimethylsilyl)-4-[(trimethylsilyl)oxy]-1H-imidazol-2-amine",2-Hydroxy-5-methoxybenzaldehyde
"1-Methyl-N,N-bis(trimethylsilyl)-4-[(trimethylsilyl)oxy]-1H-imidazol-2-amine",2-Naphthol
"1-Methyl-N,N-bis(trimethylsilyl)-4-[(trimethylsilyl)oxy]-1H-imidazol-2-amine",2-Pyrrolidinone
"1-Methyl-N,N-bis(trimethylsilyl)-4-[(trimethylsilyl)oxy]-1H-imidazol-2-amine","2,2,4-Trimethyl-1,3-pentanediol diisobutyrate"
"1-Methyl-N,N-bis(trimethylsilyl)-4-[(trimethylsilyl)oxy]-1H-imidazol-2-amine","2,4-Diamino-6,7-dimethylpteridine"
"1-Methyl-N,N-bis(trimethylsilyl)-4-[(trimethylsilyl)oxy]-1H-imidazol-2-amine","2,4-Imidazolidinedione, 5,5-dimethyl-"
"1-Methyl-N,N-bis(trimethylsilyl)-4-[(trimethylsilyl)oxy]-1H-imidazol-2-amine","2,6-Bis[2-[2-S-thiosulfuroethylamino]ethoxy]pyrazine"
"1-Methyl-N,N-bis(trimethylsilyl)-4-[(trimethylsilyl)oxy]-1H-imidazol-2-amine","3-Cyclohexyl-L-alanine amide, N,N,N'N'-tetramethyl-"
"1-Methyl-N,N-bis(trimethylsilyl)-4-[(trimethylsilyl)oxy]-1H-imidazol-2-amine","3-Methylpiperazine-2,5-dione, (R)-"
"1-Methyl-N,N-bis(trimethylsilyl)-4-[(trimethylsilyl)oxy]-1H-imidazol-2-amine","3,5-Dimethylpyrazole"
"1-Methyl-N,N-bis(trimethylsilyl)-4-[(trimethylsilyl)oxy]-1H-imidazol-2-amine",3'-Hydroxyacetophenone
"1-Methyl-N,N-bis(trimethylsilyl)-4-[(trimethylsilyl)oxy]-1H-imidazol-2-amine","3beta,4beta-Bis(trimethylsiloxy)cholest-5-ene"
"1-Methyl-N,N-bis(trimethylsilyl)-4-[(trimethylsilyl)oxy]-1H-imidazol-2-amine",4-(Trimethylsilyoxy)-3-penten-2-one
"1-Methyl-N,N-bis(trimethylsilyl)-4-[(trimethylsilyl)oxy]-1H-imidazol-2-amine",4-Cumylphenol
"1-Methyl-N,N-bis(trimethylsilyl)-4-[(trimethylsilyl)oxy]-1H-imidazol-2-amine",4-Hydroxybenzaldehyde
"1-Methyl-N,N-bis(trimethylsilyl)-4-[(trimethylsilyl)oxy]-1H-imidazol-2-amine",5-Hydroxytryptophan
"1-Methyl-N,N-bis(trimethylsilyl)-4-[(trimethylsilyl)oxy]-1H-imidazol-2-amine",Acetoacetic acid
"1-Methyl-N,N-bis(trimethylsilyl)-4-[(trimethylsilyl)oxy]-1H-imidazol-2-amine",Benzophenone
"1-Methyl-N,N-bis(trimethylsilyl)-4-[(trimethylsilyl)oxy]-1H-imidazol-2-amine",Cholesterol
"1-Methyl-N,N-bis(trimethylsilyl)-4-[(trimethylsilyl)oxy]-1H-imidazol-2-amine",Cyclohexanol
"1-Methyl-N,N-bis(trimethylsilyl)-4-[(trimethylsilyl)oxy]-1H-imidazol-2-amine","D-Isoleucine, N-acetyl-"
"1-Methyl-N,N-bis(trimethylsilyl)-4-[(trimethylsilyl)oxy]-1H-imidazol-2-amine",Diphenyl ether
"1-Methyl-N,N-bis(trimethylsilyl)-4-[(trimethylsilyl)oxy]-1H-imidazol-2-amine",Dodecylcyclohexane
"1-Methyl-N,N-bis(trimethylsilyl)-4-[(trimethylsilyl)oxy]-1H-imidazol-2-amine","Erythrono-1,4-lactone, (Z)-"
"1-Methyl-N,N-bis(trimethylsilyl)-4-[(trimethylsilyl)oxy]-1H-imidazol-2-amine",Glycine
"1-Methyl-N,N-bis(trimethylsilyl)-4-[(trimethylsilyl)oxy]-1H-imidazol-2-amine",Glycolic acid
"1-Methyl-N,N-bis(trimethylsilyl)-4-[(trimethylsilyl)oxy]-1H-imidazol-2-amine",Glyoxime
"1-Methyl-N,N-bis(trimethylsilyl)-4-[(trimethylsilyl)oxy]-1H-imidazol-2-amine",Heptadecanoic acid
"1-Methyl-N,N-bis(trimethylsilyl)-4-[(trimethylsilyl)oxy]-1H-imidazol-2-amine",Hexanoic acid
"1-Methyl-N,N-bis(trimethylsilyl)-4-[(trimethylsilyl)oxy]-1H-imidazol-2-amine",Hydantoic acid
"1-Methyl-N,N-bis(trimethylsilyl)-4-[(trimethylsilyl)oxy]-1H-imidazol-2-amine",Hydracrylic acid
"1-Methyl-N,N-bis(trimethylsilyl)-4-[(trimethylsilyl)oxy]-1H-imidazol-2-amine","Inosose-2, 1,3,4,5,6-pentakis-"
"1-Methyl-N,N-bis(trimethylsilyl)-4-[(trimethylsilyl)oxy]-1H-imidazol-2-amine",Isofucosterol
"1-Methyl-N,N-bis(trimethylsilyl)-4-[(trimethylsilyl)oxy]-1H-imidazol-2-amine",L-Aspartic acid
"1-Methyl-N,N-bis(trimethylsilyl)-4-[(trimethylsilyl)oxy]-1H-imidazol-2-amine",L-Glutamic acid
"1-Methyl-N,N-bis(trimethylsilyl)-4-[(trimethylsilyl)oxy]-1H-imidazol-2-amine",Malic acid
"1-Methyl-N,N-bis(trimethylsilyl)-4-[(trimethylsilyl)oxy]-1H-imidazol-2-amine",Methyl aminoacetate
"1-Methyl-N,N-bis(trimethylsilyl)-4-[(trimethylsilyl)oxy]-1H-imidazol-2-amine","N,9-bis(Trimethylsilyl)-6-[(trimethylsilyl)oxy]-9H-purin-2-amine"
"1-Methyl-N,N-bis(trimethylsilyl)-4-[(trimethylsilyl)oxy]-1H-imidazol-2-amine",Neostigmine 
"1-Methyl-N,N-bis(trimethylsilyl)-4-[(trimethylsilyl)oxy]-1H-imidazol-2-amine",Niacin
"1-Methyl-N,N-bis(trimethylsilyl)-4-[(trimethylsilyl)oxy]-1H-imidazol-2-amine",Niacinamide
"1-Methyl-N,N-bis(trimethylsilyl)-4-[(trimethylsilyl)oxy]-1H-imidazol-2-amine",Niclosamide
"1-Methyl-N,N-bis(trimethylsilyl)-4-[(trimethylsilyl)oxy]-1H-imidazol-2-amine",Nonadecanoic acid
"1-Methyl-N,N-bis(trimethylsilyl)-4-[(trimethylsilyl)oxy]-1H-imidazol-2-amine",Nonanal
"1-Methyl-N,N-bis(trimethylsilyl)-4-[(trimethylsilyl)oxy]-1H-imidazol-2-amine",p-Hydroxydiisopropylbenzene
"1-Methyl-N,N-bis(trimethylsilyl)-4-[(trimethylsilyl)oxy]-1H-imidazol-2-amine",Pantolactone
"1-Methyl-N,N-bis(trimethylsilyl)-4-[(trimethylsilyl)oxy]-1H-imidazol-2-amine",Pentadecanoic acid
"1-Methyl-N,N-bis(trimethylsilyl)-4-[(trimethylsilyl)oxy]-1H-imidazol-2-amine",Phenoxyacetic acid
"1-Methyl-N,N-bis(trimethylsilyl)-4-[(trimethylsilyl)oxy]-1H-imidazol-2-amine",Phlorizin
"1-Methyl-N,N-bis(trimethylsilyl)-4-[(trimethylsilyl)oxy]-1H-imidazol-2-amine",Phloroglucinol
"1-Methyl-N,N-bis(trimethylsilyl)-4-[(trimethylsilyl)oxy]-1H-imidazol-2-amine",Picolinic acid
"1-Methyl-N,N-bis(trimethylsilyl)-4-[(trimethylsilyl)oxy]-1H-imidazol-2-amine","Propanetriol, 2-methyl-"
"1-Methyl-N,N-bis(trimethylsilyl)-4-[(trimethylsilyl)oxy]-1H-imidazol-2-amine","Propanoic acid, 2-methyl-"
"1-Methyl-N,N-bis(trimethylsilyl)-4-[(trimethylsilyl)oxy]-1H-imidazol-2-amine",S-Methyl-L-cysteine
"1-Methyl-N,N-bis(trimethylsilyl)-4-[(trimethylsilyl)oxy]-1H-imidazol-2-amine",Salsoline
"1-Methyl-N,N-bis(trimethylsilyl)-4-[(trimethylsilyl)oxy]-1H-imidazol-2-amine",Serine
"1-Methyl-N,N-bis(trimethylsilyl)-4-[(trimethylsilyl)oxy]-1H-imidazol-2-amine",Triethanolamine
1-Monoacetin,1-Phenethylamine
1-Monoacetin,1-Phenylethanol
1-Monoacetin,"1-Piperazineethanol, 4-dibenzo[b,f][1,4]thiazepin-11-yl-"
1-Monoacetin,1-Tetradecanol
1-Monoacetin,"1,2-Butadiene, 1,1,4-triphenyl-3-trimethylsilyl-4-trimethylsilyloxy-"
1-Monoacetin,"1,2,3,10,11,11a-Hexahydro-6,7,8-trimethoxy-3-oxo-5H-dibenzo(a,d)cycloheptene"
1-Monoacetin,"1,3,5-Benzetriol"
1-Monoacetin,"1,4-Butanediol"
1-Monoacetin,10-Heptadecenoic acid
1-Monoacetin,"1H-Pyrazole, 3,4-bis(trimethylsilyl)-"
1-Monoacetin,"2-(Decanoyloxy)propane-1,3-diyl dioctanoate"
1-Monoacetin,2-Acetyl-5-chloro-3-methylbenzo(b)thiophene
1-Monoacetin,2-Butenedioic acid
1-Monoacetin,2-Heptenoic acid
1-Monoacetin,2-Hydroxy-5-methoxybenzaldehyde
1-Monoacetin,2-Hydroxybutyric acid
1-Monoacetin,2-Ketoisocaproic acid
1-Monoacetin,2-Methyl-4-pentenoic acid
1-Monoacetin,2-Naphthol
1-Monoacetin,2-Pyrrolidinone
1-Monoacetin,"2,2,4-Trimethyl-1,3-pentanediol diisobutyrate"
1-Monoacetin,"2,4-Decadienal"
1-Monoacetin,"2,4-Diamino-6,7-dimethylpteridine"
1-Monoacetin,"2,5-Piperazinedione, 3-benzyl-6-isopropyl-"
1-Monoacetin,3-Amino-2-piperidone
1-Monoacetin,"3-Cyclohexyl-L-alanine amide, N,N,N'N'-tetramethyl-"
1-Monoacetin,3-Hexenedinitrile
1-Monoacetin,3-Methyladenine
1-Monoacetin,"3-Methylpiperazine-2,5-dione, (R)-"
1-Monoacetin,"3beta-TRIMETHYLSILOXY-5alpha,6alpha-EPOXYCHOLESTANE"
1-Monoacetin,"3beta,4beta-Bis(trimethylsiloxy)cholest-5-ene"
1-Monoacetin,4-(Methoxycarbonyl)phenol
1-Monoacetin,4-Cumylphenol
1-Monoacetin,4-Hydroxy-5-(hydroxymethyl)oxolan-2-one
1-Monoacetin,5-Aminovaleric acid
1-Monoacetin,5-Hydroxyquinoline
1-Monoacetin,5-Hydroxytryptophan
1-Monoacetin,"5,10-Diethoxy-2,3,7,8-tetrahydro-1H,6H-dipyrrolo[1,2-a:1',2'-d]pyrazine "
1-Monoacetin,9-Octadecenoic acid
1-Monoacetin,"9H-Fluorene, 9-methylene-"
1-Monoacetin,alpha-Tocopherol
1-Monoacetin,"Benzimidazole, 5-trifluoromethyl-2-methyl-"
1-Monoacetin,"Benzo[b]fluorene, 5-amino-7-methyl-1,2,3,4,6,7,8,9-octahydro-11-thia-10-aza-"
1-Monoacetin,"Benzoic acid, pentadecyl ester"
1-Monoacetin,Benzophenone
1-Monoacetin,"Butanal, 2,3,4-tris[(trimethylsilyl)oxy]-, O-methyloxime, [R-(R*,R*)]-"
1-Monoacetin,Cadaverine
1-Monoacetin,Campesterol
1-Monoacetin,"Cholest-22-ene-21-ol, 3,5-dehydro-6-methoxy-, pivalate"
1-Monoacetin,"Cholest-7-en-3-ol, (3beta,5alpha)-"
1-Monoacetin,Cyclohexanol
1-Monoacetin,Dinoseb 
1-Monoacetin,Diphenyl ether
1-Monoacetin,DL-Glyceraldehyde
1-Monoacetin,Doconexent
1-Monoacetin,"Ethanamine, N,N-diethyl-2,2-dimethyl-2-[(3,5-dimethoxy)phenyl]-"
1-Monoacetin,"Furan, 2-pentyl-"
1-Monoacetin,Glycine
1-Monoacetin,Glyoxime
1-Monoacetin,Hydantoic acid
1-Monoacetin,Isofucosterol
1-Monoacetin,Isopropyl palmitate
1-Monoacetin,L-5-Oxoproline
1-Monoacetin,L-Aspartic acid
1-Monoacetin,L-Glutamic acid
1-Monoacetin,L-Hydroxyproline
1-Monoacetin,L-Methionine
1-Monoacetin,"Methyl (3,4-dimethoxyphenyl)(hydroxy)acetate"
1-Monoacetin,Methyl aminoacetate
1-Monoacetin,N-Isovaleroylglycine
1-Monoacetin,Neostigmine 
1-Monoacetin,Niclosamide
1-Monoacetin,Nonadecanoic acid
1-Monoacetin,Nonanal
1-Monoacetin,p-Hydroxydiisopropylbenzene
1-Monoacetin,Pantolactone
1-Monoacetin,Pentadecanoic acid
1-Monoacetin,"Pentanedioic acid, 3-methyl-3-[(trimethylsilyl)oxy]-"
1-Monoacetin,Phenoxyacetic acid
1-Monoacetin,phenoxyethanol
1-Monoacetin,Phlorizin
1-Monoacetin,Phloroglucinol
1-Monoacetin,Pimelic acid
1-Monoacetin,"Propanetriol, 2-methyl-"
1-Monoacetin,"Propanoic acid, 2-methyl-"
1-Monoacetin,Propylamine
1-Monoacetin,"Pyrimidine, 5-methyl-2,4-bis[(trimethylsilyl)oxy]-"
1-Monoacetin,Salsoline
1-Monoacetin,"Stigmast-5-ene, 3beta-"
1-Monoacetin,Supraene
1-Monoacetin,Tartronic acid
1-Monoacetin,Triethanolamine
1-Monoacetin,"Trimethylsilyl (5-benzyl-3,6-dioxopiperazin-2-yl)acetate"
1-Monoacetin,L-Tyrosine
1-Octadecanol,"1,2-Butadiene, 1,1,4-triphenyl-3-trimethylsilyl-4-trimethylsilyloxy-"
1-Octadecanol,2-Hydroxy-5-methoxybenzaldehyde
1-Octadecanol,3-Aminobenzoic acid
1-Octadecanol,"3-Buten-2-one, 3-trimethylsilyloxy-"
1-Octadecanol,3-Hexenedinitrile
1-Octadecanol,4-(Trimethylsilyoxy)-3-penten-2-one
1-Octadecanol,4-Cumylphenol
1-Octadecanol,"4-Fluoroaniline, N-trimethylsilyl-"
1-Octadecanol,4-Methoxyphenol
1-Octadecanol,"Acetamide, 2,2,2-trifluoro-"
1-Octadecanol,"Acetamide, N,N-diethyl-"
1-Octadecanol,"Acetohydrazide, 2-(2-isopropyl-5-methylphenoxy)-N2-benzylideno-"
1-Octadecanol,Azatadine
1-Octadecanol,Butylated Hydroxytoluene
1-Octadecanol,"Cholest-22-ene-21-ol, 3,5-dehydro-6-methoxy-, pivalate"
1-Octadecanol,Citric acid
1-Octadecanol,Dodecanoic acid
1-Octadecanol,Dodecylcyclohexane
1-Octadecanol,"Furan, 2-pentyl-"
1-Octadecanol,Glucose
1-Octadecanol,Glyoxime
1-Octadecanol,Heptanoic acid
1-Octadecanol,Isopropyl palmitate
1-Octadecanol,Latanoprost lactone diol
1-Octadecanol,Myristic acid
1-Octadecanol,"N-isobutyl-2-(trimethylsilyloxy]-4,5-dihydro-1H-imidazole-1-carboxamide"
1-Octadecanol,Naphthofluorescein
1-Octadecanol,Nonanal
1-Octadecanol,Octanoic acid
1-Octadecanol,p-Hydroxydiisopropylbenzene
1-Octadecanol,phenoxyethanol
1-Octadecanol,Picolinic acid
1-Octadecanol,"Pyrazine, 3,6-dihydro-3,6-dimethyl-"
1-Octadecanol,Pyrrole-2-carboxylic acid
1-Octadecanol,Ser-Leu
1-Octadecanol,Sertraline carbamoyl glucuronide
1-Octadecanol,"Spiro[cyclopenta[d]-1,3,2-dioxaborin-4(5H),1'-cyclopentane], 2-ethyl-6,7-dihydro-"
1-Octadecanol,Supraene
1-Octadecanol,Syringaldehyde
1-Octadecanol,Triethanolamine
1-Octadecanol,Tris(trimethylsilyl)carbamate
"1-Octanol, 2-butyl-","1-Octene, 2-methyl-"
"1-Octanol, 2-butyl-","1-Propanamine, N,N-diethyl- "
"1-Octanol, 2-butyl-","1,3,5-Trimethyl-1H-pyrazol-4-amine"
"1-Octanol, 2-butyl-",2-Hexen-1-ol
"1-Octanol, 2-butyl-","2-Propanone, bis(1-methylethyl)hydrazone"
"1-Octanol, 2-butyl-","2,5-di-tert-Butyl-1,4-benzoquinone"
"1-Octanol, 2-butyl-",3-Methoxysalicylic acid
"1-Octanol, 2-butyl-","3,5-di-tert-Butyl-4-hydroxyacetophenone"
"1-Octanol, 2-butyl-",5-Hydroxytryptophan
"1-Octanol, 2-butyl-","7-Acetyl-6-ethyl-1,1,4,4-tetramethyltetralin "
"1-Octanol, 2-butyl-","Acetic acid, bis[(trimethylsilyl)oxyl]-"
"1-Octanol, 2-butyl-","Benzene, 1-acetoxy-2,6-dimethoxy-4-(2-propenyl)-"
"1-Octanol, 2-butyl-","Benzene, 1,1'-(1,2-cyclobutanediyl)bis-"
"1-Octanol, 2-butyl-","Benzenemethanamine, 2,3-dimethoxy-"
"1-Octanol, 2-butyl-","Benzoic acid, pentadecyl ester"
"1-Octanol, 2-butyl-",Benzyl alcohol
"1-Octanol, 2-butyl-","Cyclohexanone, 3,3,5-trimethyl-"
"1-Octanol, 2-butyl-","D-Erythro-Pentofuranose, 2-deoxy-1,3-bis-O-"
"1-Octanol, 2-butyl-",Diphenyl ether
"1-Octanol, 2-butyl-",L-Hydroxyproline
"1-Octanol, 2-butyl-",L-Threonine
"1-Octanol, 2-butyl-",Methyl alpha-Lyxofuranoside
"1-Octanol, 2-butyl-",Naphthofluorescein
"1-Octanol, 2-butyl-",Octan-2-yl palmitate
"1-Octanol, 2-butyl-",Palmitelaidic acid
"1-Octanol, 2-butyl-",Phenoxyacetic acid
"1-Octanol, 2-butyl-",Supraene
1-Octanol,"1-Octene, 2-methyl-"
1-Octanol,"1-Propanamine, N,N-diethyl- "
1-Octanol,"1,2-Benzenedicarboxylic acid"
1-Octanol,"1,2-Dimethoxy-4-(1-methoxyethenyl)benzene"
1-Octanol,"1,3,5-Trimethyl-1H-pyrazol-4-amine"
1-Octanol,12-Oxooctadecanoate
1-Octanol,2-(Bis[2-(trimethylsilyl)oxyethyl]amino)acetic acid
1-Octanol,2-Ethyl-3-hydroxypropionic acid
1-Octanol,2-Hydroxy-5-methoxybenzaldehyde
1-Octanol,2-Methyl-4-pentenoic acid
1-Octanol,"2,2,4-Trimethyl-1,3-pentanediol diisobutyrate"
1-Octanol,"2,4-Diamino-6,7-dimethylpteridine"
1-Octanol,"2,5-Cyclohexadiene-1,4-dione, 2,6-bis(1,1-dimethylethyl)-"
1-Octanol,3-Amino-5-morpholinomethyl-2-oxazolidinone
1-Octanol,3-Aminobenzoic acid
1-Octanol,3-Aminobutanoic acid
1-Octanol,3-Hexenedinitrile
1-Octanol,3-Hydroxyisovaleric acid
1-Octanol,"3,5-Dimethylpyrazole"
1-Octanol,"3beta,4beta-Bis(trimethylsiloxy)cholest-5-ene"
1-Octanol,4-(Trimethylsilyoxy)-3-penten-2-one
1-Octanol,4-Cumylphenol
1-Octanol,4-Methoxyphenol
1-Octanol,4-Methylvaleric acid
1-Octanol,"4,4,5,8-Tetramethyl-chroman-2-one"
1-Octanol,5-Henicosylresorcinol
1-Octanol,5-Hydroxytryptophan
1-Octanol,"5,10-Diethoxy-2,3,7,8-tetrahydro-1H,6H-dipyrrolo[1,2-a:1',2'-d]pyrazine "
1-Octanol,"6-Methoxy-1-methyl-1,2,3,4-tetrahydroisoquinolin-7-ol "
1-Octanol,"9H-Purine, 9-(trimethylsilyl)-2,6,8-tris[(trimethylsilyl)oxy]-"
1-Octanol,"Acetamide, N,N-diethyl-"
1-Octanol,"Acetic acid, bis[(trimethylsilyl)oxyl]-"
1-Octanol,"Acetohydrazide, 2-(2-isopropyl-5-methylphenoxy)-N2-benzylideno-"
1-Octanol,Adipoyl-L-carnitine
1-Octanol,alpha-Tocopherol
1-Octanol,Arachidonic acid
1-Octanol,Azatadine
1-Octanol,"Benzenemethanamine, 2,3-dimethoxy-"
1-Octanol,"Benzimidazole, 5-trifluoromethyl-2-methyl-"
1-Octanol,"Benzoic acid, pentadecyl ester"
1-Octanol,Benzoic Acid
1-Octanol,Benzophenone
1-Octanol,"beta-d-Fructopyranose, 1-deoxy-1-(4-morpholinyl)-2,3,4,5-tetrakis-O-(trimethylsilyl)-"
1-Octanol,Boric acid
1-Octanol,"Butanoic acid, 2-methyl-3-[(trimethylsilyl)oxy]-"
1-Octanol,"Butanoic acid, 2,4-bis[(trimethylsilyl)oxy]-"
1-Octanol,Butylmethylamine
1-Octanol,Cinnamic acid
1-Octanol,Cyclohexanol
1-Octanol,"Cyclohexanone, 3,3,5-trimethyl-"
1-Octanol,"Cyclohexene, 3,3-dimethyl-1-(trimethylsilyloxy)-"
1-Octanol,"Cyclopentaneacetic acid, 3-oxo-2-pentyl-"
1-Octanol,D-Ornithine
1-Octanol,Diphenyl ether
1-Octanol,"Dodecanoic acid, 1-methylethyl ester"
1-Octanol,Dodecanoic acid
1-Octanol,Dodecylcyclohexane
1-Octanol,Ecgonine
1-Octanol,"Glycine, N-(N-DL-leucylglycyl)-"
1-Octanol,"Guanidine, N,N-dimethyl-"
1-Octanol,Heptanoic acid
1-Octanol,Hexanoic acid
1-Octanol,Isofucosterol
1-Octanol,Levulinic acid
1-Octanol,Methyl aminoacetate
1-Octanol,Myristic acid
1-Octanol,N-Isobutyl-sec-butylamine
1-Octanol,Nitrosothymol
1-Octanol,Nonadecanoic acid
1-Octanol,Nonanal
1-Octanol,"Octane, 1-propoxy-"
1-Octanol,Octanoic acid
1-Octanol,Pantolactone
1-Octanol,"Pentanedioic acid, 2,4-bis[(trimethylsilyl)oxy]"
1-Octanol,Pentanoic acid
1-Octanol,Phenol
1-Octanol,Phenoxyacetic acid
1-Octanol,phenoxyethanol
1-Octanol,Pimelic acid
1-Octanol,"Propanetriol, 2-methyl-"
1-Octanol,Salsoline
1-Octanol,Supraene
1-Octanol,Tartronic acid
1-Octanol,Tris(trimethylsilyl)carbamate
"1-Octene, 2-methyl-","1-Phenyl-1,2-ethanediol"
"1-Octene, 2-methyl-","1-Propanamine, N,N-diethyl- "
"1-Octene, 2-methyl-","1,2-Benzenedicarboxylic acid"
"1-Octene, 2-methyl-","1,2-Butadiene, 1,1,4-triphenyl-3-trimethylsilyl-4-trimethylsilyloxy-"
"1-Octene, 2-methyl-",2-Ethyl-3-hydroxypropionic acid
"1-Octene, 2-methyl-",2-Furoic acid
"1-Octene, 2-methyl-",2-Methyl-4-pentenoic acid
"1-Octene, 2-methyl-","2,2,4-Trimethyl-1,3-pentanediol diisobutyrate"
"1-Octene, 2-methyl-",3-Aminobutanoic acid
"1-Octene, 2-methyl-",3-Hexenedinitrile
"1-Octene, 2-methyl-",3-Hydroxyisovaleric acid
"1-Octene, 2-methyl-","3beta,4beta-Bis(trimethylsiloxy)cholest-5-ene"
"1-Octene, 2-methyl-","4-Fluoroaniline, N-trimethylsilyl-"
"1-Octene, 2-methyl-",4-Methoxyphenol
"1-Octene, 2-methyl-",5-(2-Aminopropyl)-2-methylphenol
"1-Octene, 2-methyl-",5-Henicosylresorcinol
"1-Octene, 2-methyl-","Acetic acid, bis[(trimethylsilyl)oxyl]-"
"1-Octene, 2-methyl-","Acetohydrazide, 2-(2-isopropyl-5-methylphenoxy)-N2-benzylideno-"
"1-Octene, 2-methyl-",alpha-Tocopherol
"1-Octene, 2-methyl-",Atrazine desethyl
"1-Octene, 2-methyl-","Benzene, 3-cyclohexen-1-yl-"
"1-Octene, 2-methyl-",Benzeneacetamide
"1-Octene, 2-methyl-","Benzenemethanamine, 2,3-dimethoxy-"
"1-Octene, 2-methyl-","Benzimidazole, 5-trifluoromethyl-2-methyl-"
"1-Octene, 2-methyl-","Benzoic acid, pentadecyl ester"
"1-Octene, 2-methyl-",Butylmethylamine
"1-Octene, 2-methyl-","Cetaben, N,O-bis(trimethylsilyl)-"
"1-Octene, 2-methyl-",cis-4-Trimethylsilyloxy-cyclohexyl(trimethylsilyl)carboxylate
"1-Octene, 2-methyl-",Cyclobutanol
"1-Octene, 2-methyl-",Cyclohexanol
"1-Octene, 2-methyl-","Cyclohexanone, 3,3,5-trimethyl-"
"1-Octene, 2-methyl-",D-Ribose
"1-Octene, 2-methyl-",Decanoic acid
"1-Octene, 2-methyl-",Dinoseb 
"1-Octene, 2-methyl-",Diphenyl ether
"1-Octene, 2-methyl-",Dodecylcyclohexane
"1-Octene, 2-methyl-",Dopamine
"1-Octene, 2-methyl-",Ecgonine
"1-Octene, 2-methyl-","Ethanone, 1-(2,5-dimethoxyphenyl)-"
"1-Octene, 2-methyl-","Glycine, N-(N-DL-leucylglycyl)-"
"1-Octene, 2-methyl-","Guanidine, N,N-dimethyl-"
"1-Octene, 2-methyl-",L-Valine
"1-Octene, 2-methyl-",Lactic Acid
"1-Octene, 2-methyl-",Levulinic acid
"1-Octene, 2-methyl-",Myristic acid
"1-Octene, 2-methyl-",Octanoic acid
"1-Octene, 2-methyl-",Pantolactone
"1-Octene, 2-methyl-",Phenoxyacetic acid
"1-Octene, 2-methyl-","Piperidine, 1-(1-methylpentyl)-"
"1-Octene, 2-methyl-","Propanetriol, 2-methyl-"
"1-Octene, 2-methyl-","Propanoic acid, 2-oxo-"
"1-Octene, 2-methyl-","Pyrazine, 3,6-dihydro-3,6-dimethyl-"
"1-Octene, 2-methyl-",Supraene
"1-Octene, 2-methyl-",Tris(trimethylsilyl)carbamate
"1-Octene, 2-methyl-",Trisaminol
"1-Pentene, 3,3-dimethyl-",2-Acetyl-5-chloro-3-methylbenzo(b)thiophene
"1-Pentene, 3,3-dimethyl-","2-Allyl-1,4-dimethoxybenzene"
"1-Pentene, 3,3-dimethyl-",2-Aminobutanoic acid
"1-Pentene, 3,3-dimethyl-","2,2'-Biphenyldiol"
"1-Pentene, 3,3-dimethyl-","2,3,4-Trihydroxybutyric acid tetrakis"
"1-Pentene, 3,3-dimethyl-","2,3,4,5-Tetrahydroxypentanoic acid-1,4-lactone"
"1-Pentene, 3,3-dimethyl-","2,5-Dimethoxymandelic acid"
"1-Pentene, 3,3-dimethyl-",3-Hexenedinitrile
"1-Pentene, 3,3-dimethyl-",3-Ureidopropionic acid
"1-Pentene, 3,3-dimethyl-","3,4-Dihydrocoumarin, 4,4-dimethyl-6-dimethylamino-"
"1-Pentene, 3,3-dimethyl-",4-Hydroxyphenyllactic acid
"1-Pentene, 3,3-dimethyl-","5alpha-Pregnane-3,20-dione"
"1-Pentene, 3,3-dimethyl-","6,7,4'-Trihydroxyisoflavone"
"1-Pentene, 3,3-dimethyl-",9-Hexadecenoic acid
"1-Pentene, 3,3-dimethyl-",Ammeline
"1-Pentene, 3,3-dimethyl-",Benzeneacetamide
"1-Pentene, 3,3-dimethyl-","Benzeneethanamine, N-[(pentafluorophenyl)methylene]-4-[(trimethylsilyl)oxy]-"
"1-Pentene, 3,3-dimethyl-","Benzo[b]fluorene, 5-amino-7-methyl-1,2,3,4,6,7,8,9-octahydro-11-thia-10-aza-"
"1-Pentene, 3,3-dimethyl-",Benzophenone
"1-Pentene, 3,3-dimethyl-","beta-d-Fructopyranose, 1-deoxy-1-(4-morpholinyl)-2,3,4,5-tetrakis-O-(trimethylsilyl)-"
"1-Pentene, 3,3-dimethyl-","Carbonic acid, eicosyl vinyl ester "
"1-Pentene, 3,3-dimethyl-","Cyclopentaneacetic acid, 3-oxo-2-pentyl-"
"1-Pentene, 3,3-dimethyl-",Delorazepam
"1-Pentene, 3,3-dimethyl-","Dimethyl hexopyranosiduronate, alpha-D-"
"1-Pentene, 3,3-dimethyl-","Erythrono-1,4-lactone, (Z)-"
"1-Pentene, 3,3-dimethyl-",Hexanedioic acid
"1-Pentene, 3,3-dimethyl-",Hydroquinidine
"1-Pentene, 3,3-dimethyl-",Hydroquinone
"1-Pentene, 3,3-dimethyl-","Inosose-2, 1,3,4,5,6-pentakis-"
"1-Pentene, 3,3-dimethyl-",Isofucosterol
"1-Pentene, 3,3-dimethyl-",L-Norleucine
"1-Pentene, 3,3-dimethyl-",Norketamine
"1-Pentene, 3,3-dimethyl-","Pentenoic acid, 4-[(trimethylsilyl)oxy]-"
"1-Pentene, 3,3-dimethyl-","Pregn-16-en-20-one, 3,18-bis(acetyloxy)-14,15-epoxy-, (3beta,5alpha,14beta,15beta)-"
"1-Pentene, 3,3-dimethyl-","Ribonic acid, 2,3,4,5-tetrakis-"
"1-Pentene, 3,3-dimethyl-",Suberic acid
"1-Pentene, 3,3-dimethyl-",Tributyl acetylcitrate
"1-Pentene, 3,3-dimethyl-",Triethanolamine
"1-Pentene, 3,3-dimethyl-",Trimethylsilyl 3-((trimethylsilyl)thio)propanoate
"1-Pentene, 3,3-dimethyl-",L-Tyrosine
"1-Pentene, 3,3-dimethyl-",Urea
"1-Pentene, 3,3-dimethyl-",Uridine
1-Phenethylamine,"1,2-Butadiene, 1,1,4-triphenyl-3-trimethylsilyl-4-trimethylsilyloxy-"
1-Phenethylamine,"1,4-Butanediol"
1-Phenethylamine,10-Heptadecenoic acid
1-Phenethylamine,"1H-Inden-1-one, 2,3-dihydro-7-hydroxy-3-methyl- "
1-Phenethylamine,"2-(2,5-Dimethoxy-phenyl)-propionaldehyde"
1-Phenethylamine,"2-(Decanoyloxy)propane-1,3-diyl dioctanoate"
1-Phenethylamine,2-Heptenoic acid
1-Phenethylamine,2-Hydroxy-5-methoxybenzaldehyde
1-Phenethylamine,3-Amino-2-piperidone
1-Phenethylamine,"3-Methylpiperazine-2,5-dione, (R)-"
1-Phenethylamine,4-(Methoxycarbonyl)phenol
1-Phenethylamine,"4-Fluoroaniline, N-trimethylsilyl-"
1-Phenethylamine,5-Hydroxytryptophan
1-Phenethylamine,"5alpha-Pregnane-3,20-dione"
1-Phenethylamine,Aspartic acid
1-Phenethylamine,Atrazine desethyl
1-Phenethylamine,"Benzoic acid, pentadecyl ester"
1-Phenethylamine,"beta-d-Fructopyranose, 1-deoxy-1-(4-morpholinyl)-2,3,4,5-tetrakis-O-(trimethylsilyl)-"
1-Phenethylamine,Cadaverine
1-Phenethylamine,"Cetaben, N,O-bis(trimethylsilyl)-"
1-Phenethylamine,"Cholesta-3,5-diene "
1-Phenethylamine,D-(-)-Citramalic acid
1-Phenethylamine,"D-Isoleucine, N-acetyl-"
1-Phenethylamine,Dehydronorketamine
1-Phenethylamine,Dinoseb 
1-Phenethylamine,Diphenyl ether
1-Phenethylamine,Doconexent
1-Phenethylamine,"Dodecanoic acid, 1-methylethyl ester"
1-Phenethylamine,Dopamine
1-Phenethylamine,"Ethanol, 2-(9-octadecenyloxy)-"
1-Phenethylamine,"Furan, 2-pentyl-"
1-Phenethylamine,Hexanoylglycine
1-Phenethylamine,L-Methionine
1-Phenethylamine,"L-Tryptophan, N-acetyl-1"
1-Phenethylamine,Latanoprost lactone diol
1-Phenethylamine,"Methanone, [1-(4-chloropentyl)-1H-indol-3-yl](2,2,3,3-tetramethylcyclopropyl)-"
1-Phenethylamine,Neostigmine 
1-Phenethylamine,Nonadecanoic acid
1-Phenethylamine,Octocrylene
1-Phenethylamine,"Propanoic acid, 2-methyl-"
1-Phenethylamine,"Propiophenone, 3',4'-dimethoxy-"
1-Phenethylamine,"Stigmast-5-ene, 3beta-"
1-Phenethylamine,"Thymine, 1,3-dimethyl-6-(trimethylsilyloxymethyl)-"
"1-Phenyl-1,2-ethanediol","1,4-diazabicyclo[4.3.0]nonan-2,5-dione, 3-methyl "
"1-Phenyl-1,2-ethanediol","15-Oxo-11Z,13E-eicosadienoic acid"
"1-Phenyl-1,2-ethanediol","2-Pentenedioic acid, 3-methyl-"
"1-Phenyl-1,2-ethanediol","5,10-Diethoxy-2,3,7,8-tetrahydro-1H,6H-dipyrrolo[1,2-a:1',2'-d]pyrazine "
"1-Phenyl-1,2-ethanediol","Acetamide, 2,2,2-trifluoro-"
"1-Phenyl-1,2-ethanediol",Arabinaric acid
"1-Phenyl-1,2-ethanediol",Benzeneacetamide
"1-Phenyl-1,2-ethanediol",Cyclobutanol
"1-Phenyl-1,2-ethanediol",Decanoic acid
"1-Phenyl-1,2-ethanediol",L-Hydroxyproline
"1-Phenyl-1,2-ethanediol",Levulinic acid
"1-Phenyl-1,2-ethanediol",Octocrylene
"1-Phenyl-1,2-ethanediol","Thymine, 1,3-dimethyl-6-(trimethylsilyloxymethyl)-"
"1-Phenyl-1,2-ethanediol",Tricine
1-Phenylethanol,"2-(2,5-Dimethoxy-phenyl)-propionaldehyde"
1-Phenylethanol,2-Butenedioic acid
1-Phenylethanol,2-Hydroxy-5-methoxybenzaldehyde
1-Phenylethanol,2-Hydroxybutyric acid
1-Phenylethanol,2-Methyl-4-pentenoic acid
1-Phenylethanol,2-Pyrrolidinone
1-Phenylethanol,"2,2,4-Trimethyl-1,3-pentanediol diisobutyrate"
1-Phenylethanol,"2,4-Diamino-6,7-dimethylpteridine"
1-Phenylethanol,"2,5-Dimethoxybenzonitrile"
1-Phenylethanol,"2,5-Dimethoxymandelic acid"
1-Phenylethanol,3-(2-Hydroxyethyl)imidazole-2-thione
1-Phenylethanol,"3-Cyclohexyl-L-alanine amide, N,N,N'N'-tetramethyl-"
1-Phenylethanol,3-Hydroxybutyric acid
1-Phenylethanol,3-Hydroxyisovaleric acid
1-Phenylethanol,3-Methyladenine
1-Phenylethanol,"3-Methylpiperazine-2,5-dione, (R)-"
1-Phenylethanol,"3beta,4beta-Bis(trimethylsiloxy)cholest-5-ene"
1-Phenylethanol,"4-Fluoroaniline, N-trimethylsilyl-"
1-Phenylethanol,4-Hydroxybenzaldehyde
1-Phenylethanol,4-Methoxyphenol
1-Phenylethanol,5-Hydroxyquinoline
1-Phenylethanol,"9,12-Octadecadienoic acid"
1-Phenylethanol,alpha-Tocopherol
1-Phenylethanol,"Benzaldehyde, 2,5-dimethyl-"
1-Phenylethanol,Benzeneacetic acid
1-Phenylethanol,"Benzimidazole, 5-trifluoromethyl-2-methyl-"
1-Phenylethanol,Benzophenone
1-Phenylethanol, 5-Hydroxyhexanoic acid
1-Phenylethanol,Campesterol
1-Phenylethanol,"Cholesta-3,5-diene "
1-Phenylethanol,Cyclohexanol
1-Phenylethanol,"Cyclopentaneacetic acid, 3-oxo-2-pentyl-"
1-Phenylethanol,Deoxycholic Acid
1-Phenylethanol,Dihydrouracil
1-Phenylethanol,Diphenyl ether
1-Phenylethanol,Doconexent
1-Phenylethanol,"Ethanol, 2-(9-octadecenyloxy)-"
1-Phenylethanol,Glyoxime
1-Phenylethanol,Indole-3-lactic acid
1-Phenylethanol,Itaconic acid
1-Phenylethanol,L-Glutamic acid
1-Phenylethanol,L-Lysine
1-Phenylethanol,"Methyl (3,4-dimethoxyphenyl)(hydroxy)acetate"
1-Phenylethanol,Methyl aminoacetate
1-Phenylethanol,Neostigmine 
1-Phenylethanol,Niclosamide
1-Phenylethanol,Nonadecanoic acid
1-Phenylethanol,Nonanal
1-Phenylethanol,Palmitelaidic acid
1-Phenylethanol,Pantolactone
1-Phenylethanol,"Pentanedioic acid, 3-methyl-3-[(trimethylsilyl)oxy]-"
1-Phenylethanol,"Pentenoic acid, 4-[(trimethylsilyl)oxy]-"
1-Phenylethanol,phenoxyethanol
1-Phenylethanol,Picolinic acid
1-Phenylethanol,Pimelic acid
1-Phenylethanol,Pipecolic acid
1-Phenylethanol,"Propanetriol, 2-methyl-"
1-Phenylethanol,"Pyrimidine, 5-methyl-2,4-bis[(trimethylsilyl)oxy]-"
1-Phenylethanol,"Ribonic acid, 2,3,4,5-tetrakis-"
1-Phenylethanol,Tartronic acid
1-Phenylethanol,Triethanolamine
1-Phenylethanol,Uridine
"1-Piperazineethanol, 4-dibenzo[b,f][1,4]thiazepin-11-yl-",1-Tetradecanol
"1-Piperazineethanol, 4-dibenzo[b,f][1,4]thiazepin-11-yl-","2-(Decanoyloxy)propane-1,3-diyl dioctanoate"
"1-Piperazineethanol, 4-dibenzo[b,f][1,4]thiazepin-11-yl-",2-Oxooctanoic acid
"1-Piperazineethanol, 4-dibenzo[b,f][1,4]thiazepin-11-yl-","2,4-Imidazolidinedione, 5,5-dimethyl-"
"1-Piperazineethanol, 4-dibenzo[b,f][1,4]thiazepin-11-yl-","2,6-Dimethoxybenzylamine"
"1-Piperazineethanol, 4-dibenzo[b,f][1,4]thiazepin-11-yl-",3-Amino-2-piperidone
"1-Piperazineethanol, 4-dibenzo[b,f][1,4]thiazepin-11-yl-",3-Aminobutanoic acid
"1-Piperazineethanol, 4-dibenzo[b,f][1,4]thiazepin-11-yl-","3-Cyclohexyl-L-alanine amide, N,N,N'N'-tetramethyl-"
"1-Piperazineethanol, 4-dibenzo[b,f][1,4]thiazepin-11-yl-",3-Hexenedinitrile
"1-Piperazineethanol, 4-dibenzo[b,f][1,4]thiazepin-11-yl-",3-Indoleacetic acid
"1-Piperazineethanol, 4-dibenzo[b,f][1,4]thiazepin-11-yl-",3-Indolepropionic acid
"1-Piperazineethanol, 4-dibenzo[b,f][1,4]thiazepin-11-yl-",3-Methyladenine
"1-Piperazineethanol, 4-dibenzo[b,f][1,4]thiazepin-11-yl-","3-Methylpiperazine-2,5-dione, (R)-"
"1-Piperazineethanol, 4-dibenzo[b,f][1,4]thiazepin-11-yl-",5-(2-Aminopropyl)-2-methylphenol
"1-Piperazineethanol, 4-dibenzo[b,f][1,4]thiazepin-11-yl-",5-Ethyluracil
"1-Piperazineethanol, 4-dibenzo[b,f][1,4]thiazepin-11-yl-",7-(Trimethylsilyl)amino-4-methylcoumarin
"1-Piperazineethanol, 4-dibenzo[b,f][1,4]thiazepin-11-yl-","7-Acetyl-6-ethyl-1,1,4,4-tetramethyltetralin "
"1-Piperazineethanol, 4-dibenzo[b,f][1,4]thiazepin-11-yl-","alpha-L-Galactopyranoside, methyl 6-deoxy-, (R,R,R,S,S)-"
"1-Piperazineethanol, 4-dibenzo[b,f][1,4]thiazepin-11-yl-",Arsenous acid
"1-Piperazineethanol, 4-dibenzo[b,f][1,4]thiazepin-11-yl-","Benzene, 1-acetoxy-2,6-dimethoxy-4-(2-propenyl)-"
"1-Piperazineethanol, 4-dibenzo[b,f][1,4]thiazepin-11-yl-","Benzenemethanamine, 2,3-dimethoxy-"
"1-Piperazineethanol, 4-dibenzo[b,f][1,4]thiazepin-11-yl-","Benzenepropanoic acid, 3,5-bis(1,1-dimethylethyl)-4-hydroxy-"
"1-Piperazineethanol, 4-dibenzo[b,f][1,4]thiazepin-11-yl-",Benzophenone
"1-Piperazineethanol, 4-dibenzo[b,f][1,4]thiazepin-11-yl-",beta-Hydroxypyruvic acid
"1-Piperazineethanol, 4-dibenzo[b,f][1,4]thiazepin-11-yl-","Butanoic acid, 2-methyl-3-[(trimethylsilyl)oxy]-"
"1-Piperazineethanol, 4-dibenzo[b,f][1,4]thiazepin-11-yl-","Cholesta-3,5-diene "
"1-Piperazineethanol, 4-dibenzo[b,f][1,4]thiazepin-11-yl-",Cyclohexanol
"1-Piperazineethanol, 4-dibenzo[b,f][1,4]thiazepin-11-yl-","D-Xylofuranose, 1,2,3,5-tetrakis-O-"
"1-Piperazineethanol, 4-dibenzo[b,f][1,4]thiazepin-11-yl-",Delorazepam
"1-Piperazineethanol, 4-dibenzo[b,f][1,4]thiazepin-11-yl-",Diphenyl ether
"1-Piperazineethanol, 4-dibenzo[b,f][1,4]thiazepin-11-yl-",DL-Ornithine
"1-Piperazineethanol, 4-dibenzo[b,f][1,4]thiazepin-11-yl-",DL-Phenylalanine
"1-Piperazineethanol, 4-dibenzo[b,f][1,4]thiazepin-11-yl-",Glycine
"1-Piperazineethanol, 4-dibenzo[b,f][1,4]thiazepin-11-yl-","Glycine, N-(N-DL-leucylglycyl)-"
"1-Piperazineethanol, 4-dibenzo[b,f][1,4]thiazepin-11-yl-",Guanabenz
"1-Piperazineethanol, 4-dibenzo[b,f][1,4]thiazepin-11-yl-","Isoquinoline, 3,4-dihydro-6,7-dimethoxy-1-[4-hydroxybenzyl]-"
"1-Piperazineethanol, 4-dibenzo[b,f][1,4]thiazepin-11-yl-",L-Asparagine
"1-Piperazineethanol, 4-dibenzo[b,f][1,4]thiazepin-11-yl-",L-Lysine
"1-Piperazineethanol, 4-dibenzo[b,f][1,4]thiazepin-11-yl-","L-Lysine, ethyl ester "
"1-Piperazineethanol, 4-dibenzo[b,f][1,4]thiazepin-11-yl-",L-Methionine
"1-Piperazineethanol, 4-dibenzo[b,f][1,4]thiazepin-11-yl-",L-Ornithine
"1-Piperazineethanol, 4-dibenzo[b,f][1,4]thiazepin-11-yl-",Lactic Acid
"1-Piperazineethanol, 4-dibenzo[b,f][1,4]thiazepin-11-yl-",Mirin
"1-Piperazineethanol, 4-dibenzo[b,f][1,4]thiazepin-11-yl-",N-(Trimethylsilyl)hexanamide
"1-Piperazineethanol, 4-dibenzo[b,f][1,4]thiazepin-11-yl-",Naphthofluorescein
"1-Piperazineethanol, 4-dibenzo[b,f][1,4]thiazepin-11-yl-",Niclosamide
"1-Piperazineethanol, 4-dibenzo[b,f][1,4]thiazepin-11-yl-",Pantolactone
"1-Piperazineethanol, 4-dibenzo[b,f][1,4]thiazepin-11-yl-","Propanoic acid, 2-oxo-"
"1-Piperazineethanol, 4-dibenzo[b,f][1,4]thiazepin-11-yl-","Pyrazine, 3,6-dihydro-3,6-dimethyl-"
"1-Piperazineethanol, 4-dibenzo[b,f][1,4]thiazepin-11-yl-","Ribonic acid, 2,3,4,5-tetrakis-"
"1-Piperazineethanol, 4-dibenzo[b,f][1,4]thiazepin-11-yl-",Salsoline
"1-Piperazineethanol, 4-dibenzo[b,f][1,4]thiazepin-11-yl-","Tacrine, N-trimethylsilyl-"
"1-Piperazineethanol, 4-dibenzo[b,f][1,4]thiazepin-11-yl-",Urea
"1-Piperazineethanol, 4-dibenzo[b,f][1,4]thiazepin-11-yl-",Valylglycine
"1-Propanamine, N,N-diethyl- ","1,2-Benzenedicarboxylic acid"
"1-Propanamine, N,N-diethyl- ","1,2-Butadiene, 1,1,4-triphenyl-3-trimethylsilyl-4-trimethylsilyloxy-"
"1-Propanamine, N,N-diethyl- ","1,3-bis[(Trimethylsilyl)ethynyl]benzene"
"1-Propanamine, N,N-diethyl- ","1,3,5-Trimethyl-1H-pyrazol-4-amine"
"1-Propanamine, N,N-diethyl- ",12-Oxooctadecanoate
"1-Propanamine, N,N-diethyl- ","2-(Decanoyloxy)propane-1,3-diyl dioctanoate"
"1-Propanamine, N,N-diethyl- ",2-Ethyl-3-hydroxypropionic acid
"1-Propanamine, N,N-diethyl- ",2-Furoic acid
"1-Propanamine, N,N-diethyl- ",2-Naphthol
"1-Propanamine, N,N-diethyl- ","2,4-Diamino-6,7-dimethylpteridine"
"1-Propanamine, N,N-diethyl- ","2,5-Cyclohexadiene-1,4-dione, 2,6-bis(1,1-dimethylethyl)-"
"1-Propanamine, N,N-diethyl- ","2,5-Dimethoxybenzhydrazide"
"1-Propanamine, N,N-diethyl- ","2,5-Piperazinedione, 3-benzyl-6-isopropyl-"
"1-Propanamine, N,N-diethyl- ",3-Amino-5-morpholinomethyl-2-oxazolidinone
"1-Propanamine, N,N-diethyl- ",3-Aminobutanoic acid
"1-Propanamine, N,N-diethyl- ","3-Buten-2-one, 3-trimethylsilyloxy-"
"1-Propanamine, N,N-diethyl- ","3-Buten-2-one, 4-(4-methoxyphenyl)-"
"1-Propanamine, N,N-diethyl- ",3-Hydroxyisovaleric acid
"1-Propanamine, N,N-diethyl- ","3-Methyl-2-butenoic acid, tridec-2-ynyl ester"
"1-Propanamine, N,N-diethyl- ","3,5-di-tert-Butyl-4-hydroxyacetophenone"
"1-Propanamine, N,N-diethyl- ",4-(Trimethylsilyoxy)-3-penten-2-one
"1-Propanamine, N,N-diethyl- ",4-Cumylphenol
"1-Propanamine, N,N-diethyl- ",5-Henicosylresorcinol
"1-Propanamine, N,N-diethyl- ","5,6-Dimethyl-4-phenyl-3-cyanopyridine-2(1H)-thione"
"1-Propanamine, N,N-diethyl- ","9H-Fluorene, 9-methylene-"
"1-Propanamine, N,N-diethyl- ","Acetamide, N,N-diethyl-"
"1-Propanamine, N,N-diethyl- ","Acetic acid, bis[(trimethylsilyl)oxyl]-"
"1-Propanamine, N,N-diethyl- ","Acetohydrazide, 2-(2-isopropyl-5-methylphenoxy)-N2-benzylideno-"
"1-Propanamine, N,N-diethyl- ",Arachidonic acid
"1-Propanamine, N,N-diethyl- ",Azatadine
"1-Propanamine, N,N-diethyl- ","Benzenemethanamine, 2,3-dimethoxy-"
"1-Propanamine, N,N-diethyl- ","Benzimidazole, 5-trifluoromethyl-2-methyl-"
"1-Propanamine, N,N-diethyl- ",Benzoic Acid
"1-Propanamine, N,N-diethyl- ",Benzyl alcohol
"1-Propanamine, N,N-diethyl- ","Butanoic acid, 2,4-bis[(trimethylsilyl)oxy]-"
"1-Propanamine, N,N-diethyl- ",Butylmethylamine
"1-Propanamine, N,N-diethyl- ","Cyclohexanone, 3,3,5-trimethyl-"
"1-Propanamine, N,N-diethyl- ",Decanoic acid
"1-Propanamine, N,N-diethyl- ",Dinoseb 
"1-Propanamine, N,N-diethyl- ","Dodecanoic acid, 1-methylethyl ester"
"1-Propanamine, N,N-diethyl- ",Dodecanoic acid
"1-Propanamine, N,N-diethyl- ",Dodecylcyclohexane
"1-Propanamine, N,N-diethyl- ",Fenitrothion
"1-Propanamine, N,N-diethyl- ","Glycine, N-(N-DL-leucylglycyl)-"
"1-Propanamine, N,N-diethyl- ","Guanidine, N,N-dimethyl-"
"1-Propanamine, N,N-diethyl- ",Heptadecanoic acid
"1-Propanamine, N,N-diethyl- ",Heptanoic acid
"1-Propanamine, N,N-diethyl- ",Hexanoic acid
"1-Propanamine, N,N-diethyl- ",Isonicotinic Acid
"1-Propanamine, N,N-diethyl- ",Lactic Acid
"1-Propanamine, N,N-diethyl- ",Levulinic acid
"1-Propanamine, N,N-diethyl- ",Myristic acid
"1-Propanamine, N,N-diethyl- ",N-Acetyltyrosine
"1-Propanamine, N,N-diethyl- ",n-Butylamine
"1-Propanamine, N,N-diethyl- ",Nonanal
"1-Propanamine, N,N-diethyl- ",Octanoic acid
"1-Propanamine, N,N-diethyl- ",Pantolactone
"1-Propanamine, N,N-diethyl- ",Pentadecanoic acid
"1-Propanamine, N,N-diethyl- ",Pentanoic acid
"1-Propanamine, N,N-diethyl- ",Phenol
"1-Propanamine, N,N-diethyl- ",Phenoxyacetic acid
"1-Propanamine, N,N-diethyl- ",Phlorizin
"1-Propanamine, N,N-diethyl- ","Quinolin-4-one, 1-[2-(3,4-dimethoxyphenyl)ethyl]-octahydro-"
"1-Propanamine, N,N-diethyl- ","Spiro[cyclopenta[d]-1,3,2-dioxaborin-4(5H),1'-cyclopentane], 2-ethyl-6,7-dihydro-"
"1-Propanamine, N,N-diethyl- ",Stearic acid
"1-Propanamine, N,N-diethyl- ",Supraene
"1-Propanamine, N,N-diethyl- ",Tris(trimethylsilyl)carbamate
"1-Propanamine, N,N-diethyl- ",L-Tyrosine
"1-Propanamine, N,N-diethyl- ",Valylglycine
1-Tetradecanol,"1,1'-Biphenyl, 3,4-diethyl-"
1-Tetradecanol,"1,4-Butanediol"
1-Tetradecanol,2-Acetyl-5-chloro-3-methylbenzo(b)thiophene
1-Tetradecanol,"2-Allyl-1,4-dimethoxybenzene"
1-Tetradecanol,2-Butenedioic acid
1-Tetradecanol,2-Ethyl-3-hydroxypropionic acid
1-Tetradecanol,2-Hexen-1-ol
1-Tetradecanol,2-Ketoisocaproic acid
1-Tetradecanol,"2,4-Diamino-6,7-dimethylpteridine"
1-Tetradecanol,3-Hydroxybutyric acid
1-Tetradecanol,3-Methyladenine
1-Tetradecanol,"3-Methylpiperazine-2,5-dione, (R)-"
1-Tetradecanol,4-Hydroxybutanoic acid
1-Tetradecanol,"9,12-Octadecadienoic acid"
1-Tetradecanol,"Benzaldehyde, 2,5-dimethyl-"
1-Tetradecanol,"Benzene, 4-ethenyl-1,2-dimethoxy-"
1-Tetradecanol,"Benzeneethanamine, N-[(pentafluorophenyl)methylene]-4-[(trimethylsilyl)oxy]-"
1-Tetradecanol,"Benzimidazole, 5-trifluoromethyl-2-methyl-"
1-Tetradecanol,Benzophenone
1-Tetradecanol,Butyrovanillone
1-Tetradecanol,Cholesterol
1-Tetradecanol,Citric acid
1-Tetradecanol,Cyclohexanol
1-Tetradecanol,"D-Erythro-Pentofuranose, 2-deoxy-1,3-bis-O-"
1-Tetradecanol,"D-Isoleucine, N-acetyl-"
1-Tetradecanol,Dinoseb 
1-Tetradecanol,Diphenyl ether
1-Tetradecanol,"Ethanol, 2-(9-octadecenyloxy)-"
1-Tetradecanol,Ethyl alpha-D-glucopyranoside
1-Tetradecanol,Glyoxime
1-Tetradecanol,Hexanedioic acid
1-Tetradecanol,Hydantoic acid
1-Tetradecanol,Isonicotinic Acid
1-Tetradecanol,L-Glutamic acid
1-Tetradecanol,Metanephrine
1-Tetradecanol,N-Isovaleroylglycine
1-Tetradecanol,"N,O-Bis(trimethylsilyl)carbamate"
1-Tetradecanol,Nonadecanoic acid
1-Tetradecanol,"Octane, 1-propoxy-"
1-Tetradecanol,p-Hydroxydiisopropylbenzene
1-Tetradecanol,Phloroglucinol
1-Tetradecanol,"Propanetriol, 2-methyl-"
1-Tetradecanol,"Propanoic acid, 2-methyl-"
1-Tetradecanol,S-Methyl-L-cysteine
1-Tetradecanol,Serine
1-Tetradecanol,Tartronic acid
1-Tetradecanol,"Thymine, 1,3-dimethyl-6-(trimethylsilyloxymethyl)-"
"1,1'-Biphenyl, 3,4-diethyl-",10-Heptadecenoic acid
"1,1'-Biphenyl, 3,4-diethyl-","2-(Decanoyloxy)propane-1,3-diyl dioctanoate"
"1,1'-Biphenyl, 3,4-diethyl-",2-Hydroxy-2-methylbutyric acid
"1,1'-Biphenyl, 3,4-diethyl-",2-Naphthol
"1,1'-Biphenyl, 3,4-diethyl-","2,2,4-Trimethyl-1,3-pentanediol diisobutyrate"
"1,1'-Biphenyl, 3,4-diethyl-","2,3,4,5-Tetrahydroxypentanoic acid-1,4-lactone"
"1,1'-Biphenyl, 3,4-diethyl-","2,4-Diamino-6,7-dimethylpteridine"
"1,1'-Biphenyl, 3,4-diethyl-","3beta-TRIMETHYLSILOXY-5alpha,6alpha-EPOXYCHOLESTANE"
"1,1'-Biphenyl, 3,4-diethyl-",4-Cumylphenol
"1,1'-Biphenyl, 3,4-diethyl-",4-Hydroxybenzeneacetic acid
"1,1'-Biphenyl, 3,4-diethyl-","5-Androsten-17alpha-methyl-3beta,17beta-diol"
"1,1'-Biphenyl, 3,4-diethyl-","5alpha-Pregnane-3,20-dione"
"1,1'-Biphenyl, 3,4-diethyl-",alpha-Tocopherol
"1,1'-Biphenyl, 3,4-diethyl-","Benzaldehyde, 2,5-dimethyl-"
"1,1'-Biphenyl, 3,4-diethyl-","Benzimidazole, 5-trifluoromethyl-2-methyl-"
"1,1'-Biphenyl, 3,4-diethyl-",Benzoic Acid
"1,1'-Biphenyl, 3,4-diethyl-", 5-Hydroxyhexanoic acid
"1,1'-Biphenyl, 3,4-diethyl-",Butylmethylamine
"1,1'-Biphenyl, 3,4-diethyl-",Cadaverine
"1,1'-Biphenyl, 3,4-diethyl-",Carfentrazone-ethyl
"1,1'-Biphenyl, 3,4-diethyl-","Cephalotaxine, 3-deoxy-3,11-epoxy-, (3alpha,11alpha)-"
"1,1'-Biphenyl, 3,4-diethyl-","Cetaben, N,O-bis(trimethylsilyl)-"
"1,1'-Biphenyl, 3,4-diethyl-","Cholest-22-ene-21-ol, 3,5-dehydro-6-methoxy-, pivalate"
"1,1'-Biphenyl, 3,4-diethyl-","Cholest-7-en-3-ol, (3beta,5alpha)-"
"1,1'-Biphenyl, 3,4-diethyl-",Cholesterol
"1,1'-Biphenyl, 3,4-diethyl-",Cyclobutanol
"1,1'-Biphenyl, 3,4-diethyl-","Cyclopentaneacetic acid, 3-oxo-2-pentyl-"
"1,1'-Biphenyl, 3,4-diethyl-",D-(-)-Citramalic acid
"1,1'-Biphenyl, 3,4-diethyl-",DL-Glyceraldehyde
"1,1'-Biphenyl, 3,4-diethyl-",Ethyl cis-2-trimethylsilyl-cyclopropane-1-carboxylate
"1,1'-Biphenyl, 3,4-diethyl-","Furan, 2-pentyl-"
"1,1'-Biphenyl, 3,4-diethyl-",Galactopyranose
"1,1'-Biphenyl, 3,4-diethyl-",Indole-5-carboxylic acid
"1,1'-Biphenyl, 3,4-diethyl-",Isofucosterol
"1,1'-Biphenyl, 3,4-diethyl-",L-Asparagine
"1,1'-Biphenyl, 3,4-diethyl-",Metanephrine
"1,1'-Biphenyl, 3,4-diethyl-",Methyl aminoacetate
"1,1'-Biphenyl, 3,4-diethyl-",N-Valerylglycine
"1,1'-Biphenyl, 3,4-diethyl-","N,9-bis(Trimethylsilyl)-6-[(trimethylsilyl)oxy]-9H-purin-2-amine"
"1,1'-Biphenyl, 3,4-diethyl-","N,O-Bis(trimethylsilyl)carbamate"
"1,1'-Biphenyl, 3,4-diethyl-",Nonadecanoic acid
"1,1'-Biphenyl, 3,4-diethyl-","Octane, 1-propoxy-"
"1,1'-Biphenyl, 3,4-diethyl-",Pantolactone
"1,1'-Biphenyl, 3,4-diethyl-","Pentanedioic acid, 3-methyl-3-[(trimethylsilyl)oxy]-"
"1,1'-Biphenyl, 3,4-diethyl-",Pentylone
"1,1'-Biphenyl, 3,4-diethyl-","Propanetriol, 2-methyl-"
"1,1'-Biphenyl, 3,4-diethyl-",Quazodine
"1,1'-Biphenyl, 3,4-diethyl-","Stigmast-5-ene, 3beta-"
"1,1'-Biphenyl, 3,4-diethyl-",Succinic anhydride
"1,1'-Biphenyl, 3,4-diethyl-",Tartronic acid
"1,1'-Biphenyl, 3,4-diethyl-","Thymine, 1,3-dimethyl-6-(trimethylsilyloxymethyl)-"
"1,1'-Biphenyl, 3,4-diethyl-",Triethanolamine
"1,1'-Biphenyl, 3,4-diethyl-","Trimethylsilyl (5-benzyl-3,6-dioxopiperazin-2-yl)acetate"
"1,2-Benzenedicarboxylic acid","2,5-Cyclohexadiene-1,4-dione, 2,6-bis(1,1-dimethylethyl)-"
"1,2-Benzenedicarboxylic acid","2,5-di-tert-Butyl-1,4-benzoquinone"
"1,2-Benzenedicarboxylic acid",3-Amino-5-morpholinomethyl-2-oxazolidinone
"1,2-Benzenedicarboxylic acid",3-Aminobutanoic acid
"1,2-Benzenedicarboxylic acid","3-Buten-2-one, 3-trimethylsilyloxy-"
"1,2-Benzenedicarboxylic acid",3-Hydroxyisovaleric acid
"1,2-Benzenedicarboxylic acid",5-Henicosylresorcinol
"1,2-Benzenedicarboxylic acid","5,10-Diethoxy-2,3,7,8-tetrahydro-1H,6H-dipyrrolo[1,2-a:1',2'-d]pyrazine "
"1,2-Benzenedicarboxylic acid","Acetamide, N,N-diethyl-"
"1,2-Benzenedicarboxylic acid","Acetic acid, bis[(trimethylsilyl)oxyl]-"
"1,2-Benzenedicarboxylic acid","Benzenemethanamine, 2,3-dimethoxy-"
"1,2-Benzenedicarboxylic acid",Benzyl alcohol
"1,2-Benzenedicarboxylic acid",Boric acid
"1,2-Benzenedicarboxylic acid","Cyclohexanone, 3,3,5-trimethyl-"
"1,2-Benzenedicarboxylic acid",D-Ornithine
"1,2-Benzenedicarboxylic acid",Decanoic acid
"1,2-Benzenedicarboxylic acid",Dodecanoic acid
"1,2-Benzenedicarboxylic acid",Dodecylcyclohexane
"1,2-Benzenedicarboxylic acid",Dopamine
"1,2-Benzenedicarboxylic acid",Eicosapentaenoic acid
"1,2-Benzenedicarboxylic acid",Ethyl cis-2-trimethylsilyl-cyclopropane-1-carboxylate
"1,2-Benzenedicarboxylic acid",Fenitrothion
"1,2-Benzenedicarboxylic acid","Glycine, N-(N-DL-leucylglycyl)-"
"1,2-Benzenedicarboxylic acid","Guanidine, N,N-dimethyl-"
"1,2-Benzenedicarboxylic acid",L-Asparagine
"1,2-Benzenedicarboxylic acid",Lactic Acid
"1,2-Benzenedicarboxylic acid",Levulinic acid
"1,2-Benzenedicarboxylic acid",Myristic acid
"1,2-Benzenedicarboxylic acid",N-Valerylglycine
"1,2-Benzenedicarboxylic acid",Octanoic acid
"1,2-Benzenedicarboxylic acid",Phenol
"1,2-Benzenedicarboxylic acid",Phenoxyacetic acid
"1,2-Benzenedicarboxylic acid",Phlorizin
"1,2-Benzenedicarboxylic acid",Supraene
"1,2-Benzenedicarboxylic acid",Tris(trimethylsilyl)carbamate
"1,2-Benzenedicarboxylic acid",Trisaminol
"1,2-Benzenedicarboxylic acid",Valylglycine
"1,2-Butadiene, 1,1,4-triphenyl-3-trimethylsilyl-4-trimethylsilyloxy-",12-Oxooctadecanoate
"1,2-Butadiene, 1,1,4-triphenyl-3-trimethylsilyl-4-trimethylsilyloxy-","1H-Pyrazole, 3,4-bis(trimethylsilyl)-"
"1,2-Butadiene, 1,1,4-triphenyl-3-trimethylsilyl-4-trimethylsilyloxy-","2-(2,5-Dimethoxy-phenyl)-propionaldehyde"
"1,2-Butadiene, 1,1,4-triphenyl-3-trimethylsilyl-4-trimethylsilyloxy-",2-(Bis[2-(trimethylsilyl)oxyethyl]amino)acetic acid
"1,2-Butadiene, 1,1,4-triphenyl-3-trimethylsilyl-4-trimethylsilyloxy-",2-Acetyl-5-chloro-3-methylbenzo(b)thiophene
"1,2-Butadiene, 1,1,4-triphenyl-3-trimethylsilyl-4-trimethylsilyloxy-",2-Butenedioic acid
"1,2-Butadiene, 1,1,4-triphenyl-3-trimethylsilyl-4-trimethylsilyloxy-",2-Ethyl-3-hydroxypropionic acid
"1,2-Butadiene, 1,1,4-triphenyl-3-trimethylsilyl-4-trimethylsilyloxy-",2-Heptenoic acid
"1,2-Butadiene, 1,1,4-triphenyl-3-trimethylsilyl-4-trimethylsilyloxy-","2-Hexenoic acid, 2-[(trimethylsilyl)oxy]-"
"1,2-Butadiene, 1,1,4-triphenyl-3-trimethylsilyl-4-trimethylsilyloxy-",2-Hydroxy-5-methoxybenzaldehyde
"1,2-Butadiene, 1,1,4-triphenyl-3-trimethylsilyl-4-trimethylsilyloxy-",2-Hydroxybutyric acid
"1,2-Butadiene, 1,1,4-triphenyl-3-trimethylsilyl-4-trimethylsilyloxy-",2-Methyl-4-pentenoic acid
"1,2-Butadiene, 1,1,4-triphenyl-3-trimethylsilyl-4-trimethylsilyloxy-",2-Naphthol
"1,2-Butadiene, 1,1,4-triphenyl-3-trimethylsilyl-4-trimethylsilyloxy-",2-Pentenoic acid
"1,2-Butadiene, 1,1,4-triphenyl-3-trimethylsilyl-4-trimethylsilyloxy-","2,2,4-Trimethyl-1,3-pentanediol diisobutyrate"
"1,2-Butadiene, 1,1,4-triphenyl-3-trimethylsilyl-4-trimethylsilyloxy-","2,4-Decadienal"
"1,2-Butadiene, 1,1,4-triphenyl-3-trimethylsilyl-4-trimethylsilyloxy-","2,4-Diamino-6,7-dimethylpteridine"
"1,2-Butadiene, 1,1,4-triphenyl-3-trimethylsilyl-4-trimethylsilyloxy-","2,5-Piperazinedione, 3-benzyl-6-isopropyl-"
"1,2-Butadiene, 1,1,4-triphenyl-3-trimethylsilyl-4-trimethylsilyloxy-",3-Amino-5-morpholinomethyl-2-oxazolidinone
"1,2-Butadiene, 1,1,4-triphenyl-3-trimethylsilyl-4-trimethylsilyloxy-",3-Hexenedinitrile
"1,2-Butadiene, 1,1,4-triphenyl-3-trimethylsilyl-4-trimethylsilyloxy-",3-Hydroxyisovaleric acid
"1,2-Butadiene, 1,1,4-triphenyl-3-trimethylsilyl-4-trimethylsilyloxy-",3-Methyladenine
"1,2-Butadiene, 1,1,4-triphenyl-3-trimethylsilyl-4-trimethylsilyloxy-","3,5-Dimethylpyrazole"
"1,2-Butadiene, 1,1,4-triphenyl-3-trimethylsilyl-4-trimethylsilyloxy-","3beta,4beta-Bis(trimethylsiloxy)cholest-5-ene"
"1,2-Butadiene, 1,1,4-triphenyl-3-trimethylsilyl-4-trimethylsilyloxy-",4-Hydroxybenzeneacetic acid
"1,2-Butadiene, 1,1,4-triphenyl-3-trimethylsilyl-4-trimethylsilyloxy-",5-Henicosylresorcinol
"1,2-Butadiene, 1,1,4-triphenyl-3-trimethylsilyl-4-trimethylsilyloxy-",5-Hydroxytryptophan
"1,2-Butadiene, 1,1,4-triphenyl-3-trimethylsilyl-4-trimethylsilyloxy-",7-(Trimethylsilyl)amino-4-methylcoumarin
"1,2-Butadiene, 1,1,4-triphenyl-3-trimethylsilyl-4-trimethylsilyloxy-","Acetin, bis-1,3-trimethylsilyl ether"
"1,2-Butadiene, 1,1,4-triphenyl-3-trimethylsilyl-4-trimethylsilyloxy-",alpha-Tocopherol
"1,2-Butadiene, 1,1,4-triphenyl-3-trimethylsilyl-4-trimethylsilyloxy-",Arachidonic acid
"1,2-Butadiene, 1,1,4-triphenyl-3-trimethylsilyl-4-trimethylsilyloxy-","Benzenemethanamine, 2,3-dimethoxy-"
"1,2-Butadiene, 1,1,4-triphenyl-3-trimethylsilyl-4-trimethylsilyloxy-","Benzimidazole, 5-trifluoromethyl-2-methyl-"
"1,2-Butadiene, 1,1,4-triphenyl-3-trimethylsilyl-4-trimethylsilyloxy-","Benzoic acid, pentadecyl ester"
"1,2-Butadiene, 1,1,4-triphenyl-3-trimethylsilyl-4-trimethylsilyloxy-",Benzophenone
"1,2-Butadiene, 1,1,4-triphenyl-3-trimethylsilyl-4-trimethylsilyloxy-","beta-D-Galactofuranose, 1,2,3,5,6-pentakis-O-(trimethylsilyl)-"
"1,2-Butadiene, 1,1,4-triphenyl-3-trimethylsilyl-4-trimethylsilyloxy-","Butanoic acid, 2,4-bis[(trimethylsilyl)oxy]-"
"1,2-Butadiene, 1,1,4-triphenyl-3-trimethylsilyl-4-trimethylsilyloxy-",Butylmethylamine
"1,2-Butadiene, 1,1,4-triphenyl-3-trimethylsilyl-4-trimethylsilyloxy-",Cyclohexanol
"1,2-Butadiene, 1,1,4-triphenyl-3-trimethylsilyl-4-trimethylsilyloxy-","Cyclohexanone, 3,3,5-trimethyl-"
"1,2-Butadiene, 1,1,4-triphenyl-3-trimethylsilyl-4-trimethylsilyloxy-",Dinoseb 
"1,2-Butadiene, 1,1,4-triphenyl-3-trimethylsilyl-4-trimethylsilyloxy-",Diphenyl ether
"1,2-Butadiene, 1,1,4-triphenyl-3-trimethylsilyl-4-trimethylsilyloxy-",DL-Glyceraldehyde
"1,2-Butadiene, 1,1,4-triphenyl-3-trimethylsilyl-4-trimethylsilyloxy-","DL-Proline, 5-oxo-"
"1,2-Butadiene, 1,1,4-triphenyl-3-trimethylsilyl-4-trimethylsilyloxy-",Dobutamine
"1,2-Butadiene, 1,1,4-triphenyl-3-trimethylsilyl-4-trimethylsilyloxy-",Fenitrothion
"1,2-Butadiene, 1,1,4-triphenyl-3-trimethylsilyl-4-trimethylsilyloxy-","Furan, 2-pentyl-"
"1,2-Butadiene, 1,1,4-triphenyl-3-trimethylsilyl-4-trimethylsilyloxy-",Glycine
"1,2-Butadiene, 1,1,4-triphenyl-3-trimethylsilyl-4-trimethylsilyloxy-",Glyoxime
"1,2-Butadiene, 1,1,4-triphenyl-3-trimethylsilyl-4-trimethylsilyloxy-",Hydantoic acid
"1,2-Butadiene, 1,1,4-triphenyl-3-trimethylsilyl-4-trimethylsilyloxy-",Indole-3-lactic acid
"1,2-Butadiene, 1,1,4-triphenyl-3-trimethylsilyl-4-trimethylsilyloxy-",Isofucosterol
"1,2-Butadiene, 1,1,4-triphenyl-3-trimethylsilyl-4-trimethylsilyloxy-",Isopropyl palmitate
"1,2-Butadiene, 1,1,4-triphenyl-3-trimethylsilyl-4-trimethylsilyloxy-",L-5-Oxoproline
"1,2-Butadiene, 1,1,4-triphenyl-3-trimethylsilyl-4-trimethylsilyloxy-",L-Glutamic acid
"1,2-Butadiene, 1,1,4-triphenyl-3-trimethylsilyl-4-trimethylsilyloxy-",L-Hydroxyproline
"1,2-Butadiene, 1,1,4-triphenyl-3-trimethylsilyl-4-trimethylsilyloxy-",L-Isoleucine
"1,2-Butadiene, 1,1,4-triphenyl-3-trimethylsilyl-4-trimethylsilyloxy-",Levulinic acid
"1,2-Butadiene, 1,1,4-triphenyl-3-trimethylsilyl-4-trimethylsilyloxy-",Methyl aminoacetate
"1,2-Butadiene, 1,1,4-triphenyl-3-trimethylsilyl-4-trimethylsilyloxy-",N-Isovaleroylglycine
"1,2-Butadiene, 1,1,4-triphenyl-3-trimethylsilyl-4-trimethylsilyloxy-",N-Methyl-N-(tetrahydro-2-furanylmethyl)-4-piperidinamine
"1,2-Butadiene, 1,1,4-triphenyl-3-trimethylsilyl-4-trimethylsilyloxy-","N,N-Diethyl-2-aminoethanol"
"1,2-Butadiene, 1,1,4-triphenyl-3-trimethylsilyl-4-trimethylsilyloxy-",Neostigmine 
"1,2-Butadiene, 1,1,4-triphenyl-3-trimethylsilyl-4-trimethylsilyloxy-",Niclosamide
"1,2-Butadiene, 1,1,4-triphenyl-3-trimethylsilyl-4-trimethylsilyloxy-",Nonadecanoic acid
"1,2-Butadiene, 1,1,4-triphenyl-3-trimethylsilyl-4-trimethylsilyloxy-",Nonanal
"1,2-Butadiene, 1,1,4-triphenyl-3-trimethylsilyl-4-trimethylsilyloxy-","Octane, 1-propoxy-"
"1,2-Butadiene, 1,1,4-triphenyl-3-trimethylsilyl-4-trimethylsilyloxy-",Pantolactone
"1,2-Butadiene, 1,1,4-triphenyl-3-trimethylsilyl-4-trimethylsilyloxy-",Pentadecanoic acid
"1,2-Butadiene, 1,1,4-triphenyl-3-trimethylsilyl-4-trimethylsilyloxy-","Pentanedioic acid, 3-methyl-3-[(trimethylsilyl)oxy]-"
"1,2-Butadiene, 1,1,4-triphenyl-3-trimethylsilyl-4-trimethylsilyloxy-",Pentanoic acid
"1,2-Butadiene, 1,1,4-triphenyl-3-trimethylsilyl-4-trimethylsilyloxy-",Phenoxyacetic acid
"1,2-Butadiene, 1,1,4-triphenyl-3-trimethylsilyl-4-trimethylsilyloxy-",Phlorizin
"1,2-Butadiene, 1,1,4-triphenyl-3-trimethylsilyl-4-trimethylsilyloxy-",Phloroglucinol
"1,2-Butadiene, 1,1,4-triphenyl-3-trimethylsilyl-4-trimethylsilyloxy-",Pimelic acid
"1,2-Butadiene, 1,1,4-triphenyl-3-trimethylsilyl-4-trimethylsilyloxy-","Propanetriol, 2-methyl-"
"1,2-Butadiene, 1,1,4-triphenyl-3-trimethylsilyl-4-trimethylsilyloxy-","Propanoic acid, 2-methyl-"
"1,2-Butadiene, 1,1,4-triphenyl-3-trimethylsilyl-4-trimethylsilyloxy-",Propylamine
"1,2-Butadiene, 1,1,4-triphenyl-3-trimethylsilyl-4-trimethylsilyloxy-",S-Methyl-L-cysteine
"1,2-Butadiene, 1,1,4-triphenyl-3-trimethylsilyl-4-trimethylsilyloxy-",Salsoline
"1,2-Butadiene, 1,1,4-triphenyl-3-trimethylsilyl-4-trimethylsilyloxy-","Spiro[cyclopenta[d]-1,3,2-dioxaborin-4(5H),1'-cyclopentane], 2-ethyl-6,7-dihydro-"
"1,2-Butadiene, 1,1,4-triphenyl-3-trimethylsilyl-4-trimethylsilyloxy-","Stigmast-5-ene, 3beta-"
"1,2-Butadiene, 1,1,4-triphenyl-3-trimethylsilyl-4-trimethylsilyloxy-",Triethanolamine
"1,2-Butadiene, 1,1,4-triphenyl-3-trimethylsilyl-4-trimethylsilyloxy-",L-Tyrosine
"1,2-Butanediol","1H-Inden-1-one, 2,3-dihydro-7-hydroxy-3-methyl- "
"1,2-Butanediol","2,5-Di-tert-butyl-4-((trimethylsilyl)oxy)phenol"
"1,2-Butanediol","2,5-Dimethoxymandelic acid"
"1,2-Butanediol","3-Methyl-2-butenoic acid, tridec-2-ynyl ester"
"1,2-Butanediol",3-Nonen-1-ol
"1,2-Butanediol","7,9-Di-tert-butyl-1-oxaspiro(4,5)deca-6,9-diene-2,8-dione"
"1,2-Butanediol",Albizziin
"1,2-Butanediol","alpha-L-Galactopyranoside, methyl 6-deoxy-, (R,R,R,S,S)-"
"1,2-Butanediol",alpha-Linolenic acid
"1,2-Butanediol","Arabinofuranose, 1,2,3,5-tetrakis-O-"
"1,2-Butanediol",Campesterol
"1,2-Butanediol","Cholesta-3,5-diene "
"1,2-Butanediol",Heptadecanoic acid
"1,2-Butanediol",Hexanoic acid
"1,2-Butanediol",L-Asparagine
"1,2-Butanediol",L-Isoleucine
"1,2-Butanediol",L-Threitol
"1,2-Butanediol",Nitrosothymol
"1,2-Butanediol",Nonadecanoic acid
"1,2-Butanediol",Pantolactone
"1,2-Butanediol",Pentadecanoic acid
"1,2-Butanediol",Ser-Leu
"1,2-Dimethoxy-4-(1-methoxyethenyl)benzene","1H-Indole, 1-(trimethysilyl)-2,5-bis[(trimethylsilyl)oxy]-"
"1,2-Dimethoxy-4-(1-methoxyethenyl)benzene",2-(Bis[2-(trimethylsilyl)oxyethyl]amino)acetic acid
"1,2-Dimethoxy-4-(1-methoxyethenyl)benzene","2-(Decanoyloxy)propane-1,3-diyl dioctanoate"
"1,2-Dimethoxy-4-(1-methoxyethenyl)benzene",2-Methyl-4-pentenoic acid
"1,2-Dimethoxy-4-(1-methoxyethenyl)benzene","2,5-Di-tert-butylhydroquinone"
"1,2-Dimethoxy-4-(1-methoxyethenyl)benzene","2,5-Dimethoxymandelic acid"
"1,2-Dimethoxy-4-(1-methoxyethenyl)benzene","2,6-Bis[2-[2-S-thiosulfuroethylamino]ethoxy]pyrazine"
"1,2-Dimethoxy-4-(1-methoxyethenyl)benzene",3-Hydroxyisovaleric acid
"1,2-Dimethoxy-4-(1-methoxyethenyl)benzene","3beta-TRIMETHYLSILOXY-5alpha,6alpha-EPOXYCHOLESTANE"
"1,2-Dimethoxy-4-(1-methoxyethenyl)benzene","3beta,4beta-Bis(trimethylsiloxy)cholest-5-ene"
"1,2-Dimethoxy-4-(1-methoxyethenyl)benzene",4-(Methoxycarbonyl)phenol
"1,2-Dimethoxy-4-(1-methoxyethenyl)benzene","5-Androsten-17alpha-methyl-3beta,17beta-diol"
"1,2-Dimethoxy-4-(1-methoxyethenyl)benzene",7-(Trimethylsilyl)amino-4-methylcoumarin
"1,2-Dimethoxy-4-(1-methoxyethenyl)benzene","9(E),11(E)-Conjugated linoleic acid"
"1,2-Dimethoxy-4-(1-methoxyethenyl)benzene",Azatadine
"1,2-Dimethoxy-4-(1-methoxyethenyl)benzene", 5-Hydroxyhexanoic acid
"1,2-Dimethoxy-4-(1-methoxyethenyl)benzene","Butanoic acid, 2,4-bis[(trimethylsilyl)oxy]-"
"1,2-Dimethoxy-4-(1-methoxyethenyl)benzene",Cyclohexanol
"1,2-Dimethoxy-4-(1-methoxyethenyl)benzene","Cyclopentanone, 2,2,4-trimethyl-"
"1,2-Dimethoxy-4-(1-methoxyethenyl)benzene",D-Fructose
"1,2-Dimethoxy-4-(1-methoxyethenyl)benzene",Docosyl octyl ether
"1,2-Dimethoxy-4-(1-methoxyethenyl)benzene","Ethanone, 1-(2,5-dimethoxyphenyl)-"
"1,2-Dimethoxy-4-(1-methoxyethenyl)benzene",Ethyl alpha-D-glucopyranoside
"1,2-Dimethoxy-4-(1-methoxyethenyl)benzene",Hydroquinone
"1,2-Dimethoxy-4-(1-methoxyethenyl)benzene",Indole-5-carboxylic acid
"1,2-Dimethoxy-4-(1-methoxyethenyl)benzene",Itaconic acid
"1,2-Dimethoxy-4-(1-methoxyethenyl)benzene",Lactic Acid
"1,2-Dimethoxy-4-(1-methoxyethenyl)benzene",Methyl-3-methoxy-5-methyl benzoate
"1,2-Dimethoxy-4-(1-methoxyethenyl)benzene",N-(Trimethylsilyl)hexanamide
"1,2-Dimethoxy-4-(1-methoxyethenyl)benzene",n-Pentadecanol
"1,2-Dimethoxy-4-(1-methoxyethenyl)benzene","N,O-Bis(trimethylsilyl)carbamate"
"1,2-Dimethoxy-4-(1-methoxyethenyl)benzene",Nonadecanoic acid
"1,2-Dimethoxy-4-(1-methoxyethenyl)benzene",Nonanal
"1,2-Dimethoxy-4-(1-methoxyethenyl)benzene",Pentadecanoic acid
"1,2-Dimethoxy-4-(1-methoxyethenyl)benzene",Tartronic acid
"1,2,2-Trimethyl-1-aza-spiro[2.3]hexane","1,3-Cyclohexanebis(methylamine)"
"1,2,2-Trimethyl-1-aza-spiro[2.3]hexane","2-Propanone, bis(1-methylethyl)hydrazone"
"1,2,2-Trimethyl-1-aza-spiro[2.3]hexane","3,5-Di-tert-butyl-2-trimethylsilyloxybenzaldehyde"
"1,2,2-Trimethyl-1-aza-spiro[2.3]hexane", 5-Hydroxyhexanoic acid
"1,2,2-Trimethyl-1-aza-spiro[2.3]hexane",Dimethyl fumarate
"1,2,2-Trimethyl-1-aza-spiro[2.3]hexane",Galactopyranose
"1,2,2-Trimethyl-1-aza-spiro[2.3]hexane",L-Hydroxyproline
"1,2,2-Trimethyl-1-aza-spiro[2.3]hexane","Pentanedioic acid, 2-[(trimethylsilyl)oxy]-"
"1,2,2-Trimethyl-1-aza-spiro[2.3]hexane","Phenol, 3,5-bis(1,1-dimethylethyl)-"
"1,2,2-Trimethyl-1-aza-spiro[2.3]hexane","Piperidine, 1-(1-methylpentyl)-"
"1,2,3,10,11,11a-Hexahydro-6,7,8-trimethoxy-3-oxo-5H-dibenzo(a,d)cycloheptene","1,3-Dioxane-4-methanol, 4,5-dimethyl-"
"1,2,3,10,11,11a-Hexahydro-6,7,8-trimethoxy-3-oxo-5H-dibenzo(a,d)cycloheptene","1,4-Butanediol"
"1,2,3,10,11,11a-Hexahydro-6,7,8-trimethoxy-3-oxo-5H-dibenzo(a,d)cycloheptene",10-Heptadecenoic acid
"1,2,3,10,11,11a-Hexahydro-6,7,8-trimethoxy-3-oxo-5H-dibenzo(a,d)cycloheptene",2-Ethyl-3-hydroxypropionic acid
"1,2,3,10,11,11a-Hexahydro-6,7,8-trimethoxy-3-oxo-5H-dibenzo(a,d)cycloheptene",2-Hydroxybutyric acid
"1,2,3,10,11,11a-Hexahydro-6,7,8-trimethoxy-3-oxo-5H-dibenzo(a,d)cycloheptene",2-Methyl-4-pentenoic acid
"1,2,3,10,11,11a-Hexahydro-6,7,8-trimethoxy-3-oxo-5H-dibenzo(a,d)cycloheptene","2-Pentenedioic acid, 3-methyl-"
"1,2,3,10,11,11a-Hexahydro-6,7,8-trimethoxy-3-oxo-5H-dibenzo(a,d)cycloheptene","2,2,4-Trimethyl-1,3-pentanediol diisobutyrate"
"1,2,3,10,11,11a-Hexahydro-6,7,8-trimethoxy-3-oxo-5H-dibenzo(a,d)cycloheptene","2,4-Diamino-6,7-dimethylpteridine"
"1,2,3,10,11,11a-Hexahydro-6,7,8-trimethoxy-3-oxo-5H-dibenzo(a,d)cycloheptene",3-Ethylphenol
"1,2,3,10,11,11a-Hexahydro-6,7,8-trimethoxy-3-oxo-5H-dibenzo(a,d)cycloheptene","3,5-Di-tert-butyl-2-trimethylsilyloxybenzaldehyde"
"1,2,3,10,11,11a-Hexahydro-6,7,8-trimethoxy-3-oxo-5H-dibenzo(a,d)cycloheptene",3'-Hydroxyacetophenone
"1,2,3,10,11,11a-Hexahydro-6,7,8-trimethoxy-3-oxo-5H-dibenzo(a,d)cycloheptene","3beta,4beta-Bis(trimethylsiloxy)cholest-5-ene"
"1,2,3,10,11,11a-Hexahydro-6,7,8-trimethoxy-3-oxo-5H-dibenzo(a,d)cycloheptene",4-Cumylphenol
"1,2,3,10,11,11a-Hexahydro-6,7,8-trimethoxy-3-oxo-5H-dibenzo(a,d)cycloheptene",5-Aminovaleric acid
"1,2,3,10,11,11a-Hexahydro-6,7,8-trimethoxy-3-oxo-5H-dibenzo(a,d)cycloheptene",5-Henicosylresorcinol
"1,2,3,10,11,11a-Hexahydro-6,7,8-trimethoxy-3-oxo-5H-dibenzo(a,d)cycloheptene","6,7,4'-Trihydroxyisoflavone"
"1,2,3,10,11,11a-Hexahydro-6,7,8-trimethoxy-3-oxo-5H-dibenzo(a,d)cycloheptene",9-Hexadecenoic acid
"1,2,3,10,11,11a-Hexahydro-6,7,8-trimethoxy-3-oxo-5H-dibenzo(a,d)cycloheptene","9H-Purine, 9-(trimethylsilyl)-2,6,8-tris[(trimethylsilyl)oxy]-"
"1,2,3,10,11,11a-Hexahydro-6,7,8-trimethoxy-3-oxo-5H-dibenzo(a,d)cycloheptene","Acetohydrazide, 2-(2-isopropyl-5-methylphenoxy)-N2-benzylideno-"
"1,2,3,10,11,11a-Hexahydro-6,7,8-trimethoxy-3-oxo-5H-dibenzo(a,d)cycloheptene",Arsenous acid
"1,2,3,10,11,11a-Hexahydro-6,7,8-trimethoxy-3-oxo-5H-dibenzo(a,d)cycloheptene","Benzaldehyde, 2,5-dimethyl-"
"1,2,3,10,11,11a-Hexahydro-6,7,8-trimethoxy-3-oxo-5H-dibenzo(a,d)cycloheptene",Benzeneacetic acid
"1,2,3,10,11,11a-Hexahydro-6,7,8-trimethoxy-3-oxo-5H-dibenzo(a,d)cycloheptene","Benzimidazole, 5-trifluoromethyl-2-methyl-"
"1,2,3,10,11,11a-Hexahydro-6,7,8-trimethoxy-3-oxo-5H-dibenzo(a,d)cycloheptene","Benzoic acid, pentadecyl ester"
"1,2,3,10,11,11a-Hexahydro-6,7,8-trimethoxy-3-oxo-5H-dibenzo(a,d)cycloheptene",Benzophenone
"1,2,3,10,11,11a-Hexahydro-6,7,8-trimethoxy-3-oxo-5H-dibenzo(a,d)cycloheptene",beta-Lyxopyranose
"1,2,3,10,11,11a-Hexahydro-6,7,8-trimethoxy-3-oxo-5H-dibenzo(a,d)cycloheptene",Carfentrazone-ethyl
"1,2,3,10,11,11a-Hexahydro-6,7,8-trimethoxy-3-oxo-5H-dibenzo(a,d)cycloheptene","Cetaben, N,O-bis(trimethylsilyl)-"
"1,2,3,10,11,11a-Hexahydro-6,7,8-trimethoxy-3-oxo-5H-dibenzo(a,d)cycloheptene",Cinnamic acid
"1,2,3,10,11,11a-Hexahydro-6,7,8-trimethoxy-3-oxo-5H-dibenzo(a,d)cycloheptene",Cyclohexanol
"1,2,3,10,11,11a-Hexahydro-6,7,8-trimethoxy-3-oxo-5H-dibenzo(a,d)cycloheptene","D-Erythro-Pentofuranose, 2-deoxy-1,3-bis-O-"
"1,2,3,10,11,11a-Hexahydro-6,7,8-trimethoxy-3-oxo-5H-dibenzo(a,d)cycloheptene",D-Fructose
"1,2,3,10,11,11a-Hexahydro-6,7,8-trimethoxy-3-oxo-5H-dibenzo(a,d)cycloheptene",Delorazepam
"1,2,3,10,11,11a-Hexahydro-6,7,8-trimethoxy-3-oxo-5H-dibenzo(a,d)cycloheptene",Deoxycholic Acid
"1,2,3,10,11,11a-Hexahydro-6,7,8-trimethoxy-3-oxo-5H-dibenzo(a,d)cycloheptene",Desmosterol
"1,2,3,10,11,11a-Hexahydro-6,7,8-trimethoxy-3-oxo-5H-dibenzo(a,d)cycloheptene",Diphenyl ether
"1,2,3,10,11,11a-Hexahydro-6,7,8-trimethoxy-3-oxo-5H-dibenzo(a,d)cycloheptene",DL-Phenylalanine
"1,2,3,10,11,11a-Hexahydro-6,7,8-trimethoxy-3-oxo-5H-dibenzo(a,d)cycloheptene",Dobutamine
"1,2,3,10,11,11a-Hexahydro-6,7,8-trimethoxy-3-oxo-5H-dibenzo(a,d)cycloheptene",Doconexent
"1,2,3,10,11,11a-Hexahydro-6,7,8-trimethoxy-3-oxo-5H-dibenzo(a,d)cycloheptene","Dodecanoic acid, 1-methylethyl ester"
"1,2,3,10,11,11a-Hexahydro-6,7,8-trimethoxy-3-oxo-5H-dibenzo(a,d)cycloheptene",Eicosapentaenoic acid
"1,2,3,10,11,11a-Hexahydro-6,7,8-trimethoxy-3-oxo-5H-dibenzo(a,d)cycloheptene","Ethanol, 2-(9-octadecenyloxy)-"
"1,2,3,10,11,11a-Hexahydro-6,7,8-trimethoxy-3-oxo-5H-dibenzo(a,d)cycloheptene",Glyoxime
"1,2,3,10,11,11a-Hexahydro-6,7,8-trimethoxy-3-oxo-5H-dibenzo(a,d)cycloheptene",Heptanoic acid
"1,2,3,10,11,11a-Hexahydro-6,7,8-trimethoxy-3-oxo-5H-dibenzo(a,d)cycloheptene",Hydantoic acid
"1,2,3,10,11,11a-Hexahydro-6,7,8-trimethoxy-3-oxo-5H-dibenzo(a,d)cycloheptene",Hydracrylic acid
"1,2,3,10,11,11a-Hexahydro-6,7,8-trimethoxy-3-oxo-5H-dibenzo(a,d)cycloheptene",Isofucosterol
"1,2,3,10,11,11a-Hexahydro-6,7,8-trimethoxy-3-oxo-5H-dibenzo(a,d)cycloheptene",Isopropyl palmitate
"1,2,3,10,11,11a-Hexahydro-6,7,8-trimethoxy-3-oxo-5H-dibenzo(a,d)cycloheptene",L-Norleucine
"1,2,3,10,11,11a-Hexahydro-6,7,8-trimethoxy-3-oxo-5H-dibenzo(a,d)cycloheptene",L-Threonine
"1,2,3,10,11,11a-Hexahydro-6,7,8-trimethoxy-3-oxo-5H-dibenzo(a,d)cycloheptene",Levulinic acid
"1,2,3,10,11,11a-Hexahydro-6,7,8-trimethoxy-3-oxo-5H-dibenzo(a,d)cycloheptene",meso-Erythritol
"1,2,3,10,11,11a-Hexahydro-6,7,8-trimethoxy-3-oxo-5H-dibenzo(a,d)cycloheptene",Methyl aminoacetate
"1,2,3,10,11,11a-Hexahydro-6,7,8-trimethoxy-3-oxo-5H-dibenzo(a,d)cycloheptene","N,O-Bis(trimethylsilyl)carbamate"
"1,2,3,10,11,11a-Hexahydro-6,7,8-trimethoxy-3-oxo-5H-dibenzo(a,d)cycloheptene",Neostigmine 
"1,2,3,10,11,11a-Hexahydro-6,7,8-trimethoxy-3-oxo-5H-dibenzo(a,d)cycloheptene",Niclosamide
"1,2,3,10,11,11a-Hexahydro-6,7,8-trimethoxy-3-oxo-5H-dibenzo(a,d)cycloheptene",Nonadecanoic acid
"1,2,3,10,11,11a-Hexahydro-6,7,8-trimethoxy-3-oxo-5H-dibenzo(a,d)cycloheptene",Nonanal
"1,2,3,10,11,11a-Hexahydro-6,7,8-trimethoxy-3-oxo-5H-dibenzo(a,d)cycloheptene",Ornithine
"1,2,3,10,11,11a-Hexahydro-6,7,8-trimethoxy-3-oxo-5H-dibenzo(a,d)cycloheptene",p-Hydroxydiisopropylbenzene
"1,2,3,10,11,11a-Hexahydro-6,7,8-trimethoxy-3-oxo-5H-dibenzo(a,d)cycloheptene",Pantolactone
"1,2,3,10,11,11a-Hexahydro-6,7,8-trimethoxy-3-oxo-5H-dibenzo(a,d)cycloheptene",phenoxyethanol
"1,2,3,10,11,11a-Hexahydro-6,7,8-trimethoxy-3-oxo-5H-dibenzo(a,d)cycloheptene",Phenylalanine
"1,2,3,10,11,11a-Hexahydro-6,7,8-trimethoxy-3-oxo-5H-dibenzo(a,d)cycloheptene",Phloroglucinol
"1,2,3,10,11,11a-Hexahydro-6,7,8-trimethoxy-3-oxo-5H-dibenzo(a,d)cycloheptene",Pimelic acid
"1,2,3,10,11,11a-Hexahydro-6,7,8-trimethoxy-3-oxo-5H-dibenzo(a,d)cycloheptene","Propanetriol, 2-methyl-"
"1,2,3,10,11,11a-Hexahydro-6,7,8-trimethoxy-3-oxo-5H-dibenzo(a,d)cycloheptene",Propylamine
"1,2,3,10,11,11a-Hexahydro-6,7,8-trimethoxy-3-oxo-5H-dibenzo(a,d)cycloheptene",Tartronic acid
"1,2,3,10,11,11a-Hexahydro-6,7,8-trimethoxy-3-oxo-5H-dibenzo(a,d)cycloheptene",Tricine
"1,2,3,10,11,11a-Hexahydro-6,7,8-trimethoxy-3-oxo-5H-dibenzo(a,d)cycloheptene",Triethanolamine
"1,2,3,10,11,11a-Hexahydro-6,7,8-trimethoxy-3-oxo-5H-dibenzo(a,d)cycloheptene",Xylitol
"1,3-bis[(Trimethylsilyl)ethynyl]benzene","2-Acetyl-3-(1-methyl-2-pyrrolyl)-1,4-benzenediol"
"1,3-bis[(Trimethylsilyl)ethynyl]benzene",2-Furoic acid
"1,3-bis[(Trimethylsilyl)ethynyl]benzene",2-Naphthol
"1,3-bis[(Trimethylsilyl)ethynyl]benzene","2,3,4,5-Tetrahydroxypentanoic acid-1,4-lactone"
"1,3-bis[(Trimethylsilyl)ethynyl]benzene",3-Amino-5-morpholinomethyl-2-oxazolidinone
"1,3-bis[(Trimethylsilyl)ethynyl]benzene",3-Aminobutanoic acid
"1,3-bis[(Trimethylsilyl)ethynyl]benzene",3-Methoxysalicylic acid
"1,3-bis[(Trimethylsilyl)ethynyl]benzene","3-Methylpiperazine-2,5-dione, (R)-"
"1,3-bis[(Trimethylsilyl)ethynyl]benzene",4-Cumylphenol
"1,3-bis[(Trimethylsilyl)ethynyl]benzene",4-Hydroxybenzoic acid
"1,3-bis[(Trimethylsilyl)ethynyl]benzene","4,4,5,8-Tetramethyl-chroman-2-one"
"1,3-bis[(Trimethylsilyl)ethynyl]benzene","5,6-Dimethyl-4-phenyl-3-cyanopyridine-2(1H)-thione"
"1,3-bis[(Trimethylsilyl)ethynyl]benzene","9H-Fluorene, 9-methylene-"
"1,3-bis[(Trimethylsilyl)ethynyl]benzene","Acetamide, 2,2,2-trifluoro-"
"1,3-bis[(Trimethylsilyl)ethynyl]benzene","Acetohydrazide, 2-(2-isopropyl-5-methylphenoxy)-N2-benzylideno-"
"1,3-bis[(Trimethylsilyl)ethynyl]benzene","Benzene, 4-ethenyl-1,2-dimethoxy-"
"1,3-bis[(Trimethylsilyl)ethynyl]benzene","Benzenemethanamine, 2,3-dimethoxy-"
"1,3-bis[(Trimethylsilyl)ethynyl]benzene",Benzyl alcohol
"1,3-bis[(Trimethylsilyl)ethynyl]benzene",Butylmethylamine
"1,3-bis[(Trimethylsilyl)ethynyl]benzene",Campesterol
"1,3-bis[(Trimethylsilyl)ethynyl]benzene","Cyclohexanone, 3,3,5-trimethyl-"
"1,3-bis[(Trimethylsilyl)ethynyl]benzene",D-(-)-Citramalic acid
"1,3-bis[(Trimethylsilyl)ethynyl]benzene",Dodecanoic acid
"1,3-bis[(Trimethylsilyl)ethynyl]benzene",Glycine
"1,3-bis[(Trimethylsilyl)ethynyl]benzene",L-Asparagine
"1,3-bis[(Trimethylsilyl)ethynyl]benzene","N,N-Diethyl-2-aminoethanol"
"1,3-bis[(Trimethylsilyl)ethynyl]benzene",Naphthofluorescein
"1,3-bis[(Trimethylsilyl)ethynyl]benzene",Phlorizin
"1,3-bis[(Trimethylsilyl)ethynyl]benzene","Piperidine, 1-(1-methylpentyl)-"
"1,3-bis[(Trimethylsilyl)ethynyl]benzene",S-Methyl-L-cysteine
"1,3-bis[(Trimethylsilyl)ethynyl]benzene","Spiro[cyclopenta[d]-1,3,2-dioxaborin-4(5H),1'-cyclopentane], 2-ethyl-6,7-dihydro-"
"1,3-bis[(Trimethylsilyl)ethynyl]benzene",Succinic anhydride
"1,3-bis[(Trimethylsilyl)ethynyl]benzene",Tributyl acetylcitrate
"1,3-bis[(Trimethylsilyl)ethynyl]benzene",Tricine
"1,3-bis[(Trimethylsilyl)ethynyl]benzene",Tris(trimethylsilyl)carbamate
"1,3-bis[(Trimethylsilyl)ethynyl]benzene",Valylglycine
"1,3-Cyclohexanebis(methylamine)","1H-Indole, 1-(trimethysilyl)-2,5-bis[(trimethylsilyl)oxy]-"
"1,3-Cyclohexanebis(methylamine)",2-Aminobutanoic acid
"1,3-Cyclohexanebis(methylamine)",2-Hydroxy-2-methylbutyric acid
"1,3-Cyclohexanebis(methylamine)","2,3,4,5-Tetrahydroxypentanoic acid-1,4-lactone"
"1,3-Cyclohexanebis(methylamine)","2,5-Piperazinedione, 3-methyl-6-(phenylmethyl)-"
"1,3-Cyclohexanebis(methylamine)","2,6-Dimethoxybenzylamine"
"1,3-Cyclohexanebis(methylamine)","3-Methoxyamphetamine, 4-Trimethylsilyloxy, N,N-bis(Trimethylsilyloxy)-"
"1,3-Cyclohexanebis(methylamine)",4-Hydroxyphenyllactic acid
"1,3-Cyclohexanebis(methylamine)",6-Hydroxyflavone-beta-D-glucoside
"1,3-Cyclohexanebis(methylamine)","7,9-Di-tert-butyl-1-oxaspiro(4,5)deca-6,9-diene-2,8-dione"
"1,3-Cyclohexanebis(methylamine)",Allylescaline 
"1,3-Cyclohexanebis(methylamine)",beta-D-Glucopyranose
"1,3-Cyclohexanebis(methylamine)",Butanedioic acid
"1,3-Cyclohexanebis(methylamine)",cyclobutanecarboxylic acid
"1,3-Cyclohexanebis(methylamine)","Cyclopentaneacetic acid, 3-oxo-2-pentyl-"
"1,3-Cyclohexanebis(methylamine)",DL-Phenylalanine
"1,3-Cyclohexanebis(methylamine)","DL-Proline, 5-oxo-"
"1,3-Cyclohexanebis(methylamine)",Glucopyranose
"1,3-Cyclohexanebis(methylamine)",Glycine
"1,3-Cyclohexanebis(methylamine)",Hydracrylic acid
"1,3-Cyclohexanebis(methylamine)",Hydroquinidine
"1,3-Cyclohexanebis(methylamine)",L-Methionine
"1,3-Cyclohexanebis(methylamine)",Malic acid
"1,3-Cyclohexanebis(methylamine)",Methyl-3-methoxy-5-methyl benzoate
"1,3-Cyclohexanebis(methylamine)","N-(Trifluoroacetyl)-N,O,O'-tris(trimethylsilyl)normetanephrine"
"1,3-Cyclohexanebis(methylamine)",Niacin
"1,3-Cyclohexanebis(methylamine)",Niclosamide
"1,3-Cyclohexanebis(methylamine)",Oxalic acid
"1,3-Cyclohexanebis(methylamine)",Phlorizin
"1,3-Cyclohexanebis(methylamine)",Pimelic acid
"1,3-Cyclohexanebis(methylamine)",Serine
"1,3-Cyclohexanebis(methylamine)",Uracil
"1,3-Dioxane-4-methanol, 4,5-dimethyl-",10-Heptadecenoic acid
"1,3-Dioxane-4-methanol, 4,5-dimethyl-","2-Amino-4,6-dihydroxypyrimidine"
"1,3-Dioxane-4-methanol, 4,5-dimethyl-",2-Heptenoic acid
"1,3-Dioxane-4-methanol, 4,5-dimethyl-","2,4-Decadienal"
"1,3-Dioxane-4-methanol, 4,5-dimethyl-","3beta,4beta-Bis(trimethylsiloxy)cholest-5-ene"
"1,3-Dioxane-4-methanol, 4,5-dimethyl-",4-(Methoxycarbonyl)phenol
"1,3-Dioxane-4-methanol, 4,5-dimethyl-","9,12-Octadecadienoic acid"
"1,3-Dioxane-4-methanol, 4,5-dimethyl-",Benzeneacetic acid
"1,3-Dioxane-4-methanol, 4,5-dimethyl-","Benzimidazole, 5-trifluoromethyl-2-methyl-"
"1,3-Dioxane-4-methanol, 4,5-dimethyl-","Benzo[b]fluorene, 5-amino-7-methyl-1,2,3,4,6,7,8,9-octahydro-11-thia-10-aza-"
"1,3-Dioxane-4-methanol, 4,5-dimethyl-", 5-Hydroxyhexanoic acid
"1,3-Dioxane-4-methanol, 4,5-dimethyl-",Citric acid
"1,3-Dioxane-4-methanol, 4,5-dimethyl-",Cyclohexanol
"1,3-Dioxane-4-methanol, 4,5-dimethyl-",D-Fructose
"1,3-Dioxane-4-methanol, 4,5-dimethyl-",Dehydronorketamine
"1,3-Dioxane-4-methanol, 4,5-dimethyl-",Doconexent
"1,3-Dioxane-4-methanol, 4,5-dimethyl-",Glycolic acid
"1,3-Dioxane-4-methanol, 4,5-dimethyl-",Heptadecanoic acid
"1,3-Dioxane-4-methanol, 4,5-dimethyl-",Hexanedioic acid
"1,3-Dioxane-4-methanol, 4,5-dimethyl-",Hydantoic acid
"1,3-Dioxane-4-methanol, 4,5-dimethyl-",Itaconic acid
"1,3-Dioxane-4-methanol, 4,5-dimethyl-",L-Asparagine
"1,3-Dioxane-4-methanol, 4,5-dimethyl-",Pantolactone
"1,3-Dioxane-4-methanol, 4,5-dimethyl-",Pentadecanoic acid
"1,3-Dioxane-4-methanol, 4,5-dimethyl-","Phenol, 3,5-bis(1,1-dimethylethyl)-"
"1,3-Dioxane-4-methanol, 4,5-dimethyl-",S-Methyl-L-cysteine
"1,3-Dioxane-4-methanol, 4,5-dimethyl-",Tributyl acetylcitrate
"1,3-Dioxane-4-methanol, 4,5-dimethyl-",Triethanolamine
"1,3-Dioxane-4-methanol, 4,5-dimethyl-",Xylazine
"1,3,5-Benzetriol",12-Oxooctadecanoate
"1,3,5-Benzetriol","15-Oxo-11Z,13E-eicosadienoic acid"
"1,3,5-Benzetriol",2-Acetyl-5-chloro-3-methylbenzo(b)thiophene
"1,3,5-Benzetriol",2-Ethyl-3-hydroxypropionic acid
"1,3,5-Benzetriol","2-Hexenoic acid, 2-[(trimethylsilyl)oxy]-"
"1,3,5-Benzetriol",2-Ketoisocaproic acid
"1,3,5-Benzetriol",2-Methyl-4-pentenoic acid
"1,3,5-Benzetriol","2,2,4-Trimethyl-1,3-pentanediol diisobutyrate"
"1,3,5-Benzetriol","2,3,4-Trihydroxybutyric acid tetrakis"
"1,3,5-Benzetriol","2,4-Decadienal"
"1,3,5-Benzetriol","2,5-Piperazinedione, 3-benzyl-6-isopropyl-"
"1,3,5-Benzetriol","2,5-Piperazinedione, 3-methyl-6-(phenylmethyl)-"
"1,3,5-Benzetriol",3-Amino-5-morpholinomethyl-2-oxazolidinone
"1,3,5-Benzetriol",3-Aminobenzoic acid
"1,3,5-Benzetriol",3-Hydroxyisovaleric acid
"1,3,5-Benzetriol",3-Indoleacetic acid
"1,3,5-Benzetriol",3-Methyladenine
"1,3,5-Benzetriol","3-Methylpiperazine-2,5-dione, (R)-"
"1,3,5-Benzetriol",3-Ureidopropionic acid
"1,3,5-Benzetriol","3,4,5-Trihydroxypentanoic acid, tetrakis(trimethylsilyl)-"
"1,3,5-Benzetriol","3,5-Dimethylpyrazole"
"1,3,5-Benzetriol","3beta-TRIMETHYLSILOXY-5alpha,6alpha-EPOXYCHOLESTANE"
"1,3,5-Benzetriol","3beta,4beta-Bis(trimethylsiloxy)cholest-5-ene"
"1,3,5-Benzetriol",4-Cumylphenol
"1,3,5-Benzetriol",4-Hydroxybenzeneacetic acid
"1,3,5-Benzetriol","4,4,5,8-Tetramethyl-chroman-2-one"
"1,3,5-Benzetriol",5-(2-Aminopropyl)-2-methylphenol
"1,3,5-Benzetriol",5-Henicosylresorcinol
"1,3,5-Benzetriol",5-Hydroxyquinoline
"1,3,5-Benzetriol","6-Methoxy-1-methyl-1,2,3,4-tetrahydroisoquinolin-7-ol "
"1,3,5-Benzetriol","6,8-Dioxapentadecane"
"1,3,5-Benzetriol",7-(Trimethylsilyl)amino-4-methylcoumarin
"1,3,5-Benzetriol",9-Octadecenoic acid
"1,3,5-Benzetriol","Acetamide, 2,2,2-trifluoro-"
"1,3,5-Benzetriol","Acetin, bis-1,3-trimethylsilyl ether"
"1,3,5-Benzetriol",Aceturic acid
"1,3,5-Benzetriol",alpha-Tocopherol
"1,3,5-Benzetriol",Arsenous acid
"1,3,5-Benzetriol","Benzaldehyde, 2,5-dimethyl-"
"1,3,5-Benzetriol","Benzene, 1,3-bis(1,1-dimethylethyl)-"
"1,3,5-Benzetriol",Benzeneacetic acid
"1,3,5-Benzetriol","Benzimidazole, 5-trifluoromethyl-2-methyl-"
"1,3,5-Benzetriol",Benzophenone
"1,3,5-Benzetriol",Bis(trimethylsilyl)histidine
"1,3,5-Benzetriol",Butylmethylamine
"1,3,5-Benzetriol","Cholest-7-en-3-ol, (3beta,5alpha)-"
"1,3,5-Benzetriol",Cyclobutanol
"1,3,5-Benzetriol","D-(+)-Ribono-1,4-lactone (R,S,R)-"
"1,3,5-Benzetriol",D-Fructose
"1,3,5-Benzetriol",Deoxycholic Acid
"1,3,5-Benzetriol",Dihydrouracil
"1,3,5-Benzetriol",Dimethyl fumarate
"1,3,5-Benzetriol",Dinoseb 
"1,3,5-Benzetriol",Diphenyl ether
"1,3,5-Benzetriol",DL-Glyceraldehyde
"1,3,5-Benzetriol",Glycine
"1,3,5-Benzetriol",Glyoxime
"1,3,5-Benzetriol",Guanabenz
"1,3,5-Benzetriol",Hexanoic acid
"1,3,5-Benzetriol",Indole-3-lactic acid
"1,3,5-Benzetriol",Isofucosterol
"1,3,5-Benzetriol",Isopropyl palmitate
"1,3,5-Benzetriol",Isoxaben
"1,3,5-Benzetriol","Methanone, [1-(4-chloropentyl)-1H-indol-3-yl](2,2,3,3-tetramethylcyclopropyl)-"
"1,3,5-Benzetriol",Methyl aminoacetate
"1,3,5-Benzetriol",Methyl-3-methoxy-5-methyl benzoate
"1,3,5-Benzetriol",Methylmalonic monoamide
"1,3,5-Benzetriol","N-(Trifluoroacetyl)-N,O,O'-tris(trimethylsilyl)normetanephrine"
"1,3,5-Benzetriol",N-Methyl-N-(tetrahydro-2-furanylmethyl)-4-piperidinamine
"1,3,5-Benzetriol","N,O-Bis(trimethylsilyl)carbamate"
"1,3,5-Benzetriol",Niclosamide
"1,3,5-Benzetriol",Nitrosothymol
"1,3,5-Benzetriol",Nonadecanoic acid
"1,3,5-Benzetriol",Nonanal
"1,3,5-Benzetriol","Octane, 1-propoxy-"
"1,3,5-Benzetriol",Pentadecanoic acid
"1,3,5-Benzetriol","Pentanedioic acid, 3-methyl-3-[(trimethylsilyl)oxy]-"
"1,3,5-Benzetriol",Petroselinic acid
"1,3,5-Benzetriol",Phenoxyacetic acid
"1,3,5-Benzetriol","Pregn-16-en-20-one, 3,18-bis(acetyloxy)-14,15-epoxy-, (3beta,5alpha,14beta,15beta)-"
"1,3,5-Benzetriol","Propanetriol, 2-methyl-"
"1,3,5-Benzetriol",Propylamine
"1,3,5-Benzetriol",Salsoline
"1,3,5-Benzetriol","Stigmast-5-ene, 3beta-"
"1,3,5-Benzetriol",Tartronic acid
"1,3,5-Benzetriol","Thymine, 1,3-dimethyl-6-(trimethylsilyloxymethyl)-"
"1,3,5-Benzetriol",Triethanolamine
"1,3,5-Benzetriol","Trimethylsilyl (5-benzyl-3,6-dioxopiperazin-2-yl)acetate"
"1,3,5-Benzetriol",L-Tyrosine
"1,3,5-Trimethyl-1H-pyrazol-4-amine","2-(Decanoyloxy)propane-1,3-diyl dioctanoate"
"1,3,5-Trimethyl-1H-pyrazol-4-amine","2-Amino-4,6-dihydroxypyrimidine"
"1,3,5-Trimethyl-1H-pyrazol-4-amine",2-Ethyl-3-hydroxypropionic acid
"1,3,5-Trimethyl-1H-pyrazol-4-amine","2-Hexenoic acid, 2-[(trimethylsilyl)oxy]-"
"1,3,5-Trimethyl-1H-pyrazol-4-amine",2-Ketoisocaproic acid
"1,3,5-Trimethyl-1H-pyrazol-4-amine",2-Naphthol
"1,3,5-Trimethyl-1H-pyrazol-4-amine","2,2,4-Trimethyl-1,3-pentanediol diisobutyrate"
"1,3,5-Trimethyl-1H-pyrazol-4-amine","2,5-Piperazinedione, 3-benzyl-6-isopropyl-"
"1,3,5-Trimethyl-1H-pyrazol-4-amine",3-Hydroxyisovaleric acid
"1,3,5-Trimethyl-1H-pyrazol-4-amine","3beta,4beta-Bis(trimethylsiloxy)cholest-5-ene"
"1,3,5-Trimethyl-1H-pyrazol-4-amine",4-Cumylphenol
"1,3,5-Trimethyl-1H-pyrazol-4-amine",5-Aminovaleric acid
"1,3,5-Trimethyl-1H-pyrazol-4-amine","Acetohydrazide, 2-(2-isopropyl-5-methylphenoxy)-N2-benzylideno-"
"1,3,5-Trimethyl-1H-pyrazol-4-amine",Alloxanic acid
"1,3,5-Trimethyl-1H-pyrazol-4-amine",alpha-Tocopherol
"1,3,5-Trimethyl-1H-pyrazol-4-amine",Arabinaric acid
"1,3,5-Trimethyl-1H-pyrazol-4-amine",Arachidonic acid
"1,3,5-Trimethyl-1H-pyrazol-4-amine",Azatadine
"1,3,5-Trimethyl-1H-pyrazol-4-amine","Benzimidazole, 5-trifluoromethyl-2-methyl-"
"1,3,5-Trimethyl-1H-pyrazol-4-amine",Benzophenone
"1,3,5-Trimethyl-1H-pyrazol-4-amine","Butanoic acid, 2,4-bis[(trimethylsilyl)oxy]-"
"1,3,5-Trimethyl-1H-pyrazol-4-amine",Butylmethylamine
"1,3,5-Trimethyl-1H-pyrazol-4-amine","Cyclohexanone, 3,3,5-trimethyl-"
"1,3,5-Trimethyl-1H-pyrazol-4-amine",D-(-)-Citramalic acid
"1,3,5-Trimethyl-1H-pyrazol-4-amine",D-Ribose
"1,3,5-Trimethyl-1H-pyrazol-4-amine",Dinoseb 
"1,3,5-Trimethyl-1H-pyrazol-4-amine",Diphenyl ether
"1,3,5-Trimethyl-1H-pyrazol-4-amine","Dodecanoic acid, 1-methylethyl ester"
"1,3,5-Trimethyl-1H-pyrazol-4-amine",Eicosapentaenoic acid
"1,3,5-Trimethyl-1H-pyrazol-4-amine",Heptanoic acid
"1,3,5-Trimethyl-1H-pyrazol-4-amine",Hydantoic acid
"1,3,5-Trimethyl-1H-pyrazol-4-amine",Isofucosterol
"1,3,5-Trimethyl-1H-pyrazol-4-amine",L-Threitol
"1,3,5-Trimethyl-1H-pyrazol-4-amine",Levulinic acid
"1,3,5-Trimethyl-1H-pyrazol-4-amine",Methyl aminoacetate
"1,3,5-Trimethyl-1H-pyrazol-4-amine",N-Methyl-N-(tetrahydro-2-furanylmethyl)-4-piperidinamine
"1,3,5-Trimethyl-1H-pyrazol-4-amine",Niclosamide
"1,3,5-Trimethyl-1H-pyrazol-4-amine",Nonadecanoic acid
"1,3,5-Trimethyl-1H-pyrazol-4-amine",Nonanal
"1,3,5-Trimethyl-1H-pyrazol-4-amine",p-Hydroxydiisopropylbenzene
"1,3,5-Trimethyl-1H-pyrazol-4-amine",Phenol
"1,3,5-Trimethyl-1H-pyrazol-4-amine",Phenoxyacetic acid
"1,3,5-Trimethyl-1H-pyrazol-4-amine","Propanetriol, 2-methyl-"
"1,3,5-Trimethyl-1H-pyrazol-4-amine","Propanoic acid, 2-methyl-"
"1,3,5-Trimethyl-1H-pyrazol-4-amine",Propylamine
"1,3,5-Trimethyl-1H-pyrazol-4-amine",Quazodine
"1,3,5-Trimethyl-1H-pyrazol-4-amine","Spiro[cyclopenta[d]-1,3,2-dioxaborin-4(5H),1'-cyclopentane], 2-ethyl-6,7-dihydro-"
"1,3,5-Trimethyl-1H-pyrazol-4-amine","Stigmast-5-ene, 3beta-"
"1,3,5-Trimethyl-1H-pyrazol-4-amine",Supraene
"1,3,5-Trimethyl-1H-pyrazol-4-amine",L-Tyrosine
"1,4-Butanediol","15-Oxo-11Z,13E-eicosadienoic acid"
"1,4-Butanediol","1H-Pyrazole, 3,4-bis(trimethylsilyl)-"
"1,4-Butanediol",2-Hydroxy-5-methoxybenzaldehyde
"1,4-Butanediol",2-Ketoisocaproic acid
"1,4-Butanediol",2-Methyl-4-pentenoic acid
"1,4-Butanediol","2-Propanone, bis(1-methylethyl)hydrazone"
"1,4-Butanediol","2,2,4-Trimethyl-1,3-pentanediol diisobutyrate"
"1,4-Butanediol","2,5-Dimethoxybenzonitrile"
"1,4-Butanediol","2,5-Piperazinedione, 3-benzyl-6-isopropyl-"
"1,4-Butanediol","2,5-Piperazinedione, 3-methyl-6-(phenylmethyl)-"
"1,4-Butanediol",3-Hexenedinitrile
"1,4-Butanediol",3-Methyladenine
"1,4-Butanediol","3-Methylpiperazine-2,5-dione, (R)-"
"1,4-Butanediol","3,5-Dimethylpyrazole"
"1,4-Butanediol","3beta-TRIMETHYLSILOXY-5alpha,6alpha-EPOXYCHOLESTANE"
"1,4-Butanediol","3beta,4beta-Bis(trimethylsiloxy)cholest-5-ene"
"1,4-Butanediol",4-(Trimethylsilyoxy)-3-penten-2-one
"1,4-Butanediol","4-[2-(4,7-Dimethoxy-2H-1,3-benzodioxol-5-yl)ethenyl]-2-methoxyphenol"
"1,4-Butanediol",4-Cumylphenol
"1,4-Butanediol","4-Fluoroaniline, N-trimethylsilyl-"
"1,4-Butanediol",4-Hydroxybenzeneacetic acid
"1,4-Butanediol",5-Henicosylresorcinol
"1,4-Butanediol",9-Octadecenoic acid
"1,4-Butanediol","Acetin, bis-1,3-trimethylsilyl ether"
"1,4-Butanediol",Acetoacetic acid
"1,4-Butanediol",Aceturic acid
"1,4-Butanediol",alpha-Tocopherol
"1,4-Butanediol",Benzenepropanoic acid
"1,4-Butanediol","Benzoic acid, pentadecyl ester"
"1,4-Butanediol",Benzophenone
"1,4-Butanediol", 5-Hydroxyhexanoic acid
"1,4-Butanediol",Bis(trimethylsilyl)acetylene
"1,4-Butanediol","Butanoic acid, 2,4-bis[(trimethylsilyl)oxy]-"
"1,4-Butanediol",Cadaverine
"1,4-Butanediol","Cholest-7-en-3-ol, (3beta,5alpha)-"
"1,4-Butanediol",Cyclo-(l-leucyl-l-phenylalanyl) 
"1,4-Butanediol",Cyclohexanol
"1,4-Butanediol","Cyclohexene, 3,3-dimethyl-1-(trimethylsilyloxy)-"
"1,4-Butanediol",D-Fructose
"1,4-Butanediol",D-Mannose
"1,4-Butanediol",D-Threitol
"1,4-Butanediol",Delorazepam
"1,4-Butanediol",Dinoseb 
"1,4-Butanediol",Diphenyl ether
"1,4-Butanediol",Doconexent
"1,4-Butanediol","Ethanone, 1-(2,5-dimethoxyphenyl)-"
"1,4-Butanediol",Glycine
"1,4-Butanediol",Glyoxime
"1,4-Butanediol",Hexanoic acid
"1,4-Butanediol",Hydroquinidine
"1,4-Butanediol",Indole-3-carboxaldehyde
"1,4-Butanediol",Indole-3-lactic acid
"1,4-Butanediol",Indole-5-carboxylic acid
"1,4-Butanediol",Isopropyl palmitate
"1,4-Butanediol",Itaconic acid
"1,4-Butanediol",Methyl aminoacetate
"1,4-Butanediol",N-Acetyl-L-glutamic acid
"1,4-Butanediol",N-Acetyltyrosine
"1,4-Butanediol","N-isobutyl-2-(trimethylsilyloxy]-4,5-dihydro-1H-imidazole-1-carboxamide"
"1,4-Butanediol","N,N-Diethyl-2-aminoethanol"
"1,4-Butanediol","N,N-Dimethyl-2-cyclohexyloxyethylamine"
"1,4-Butanediol",Neostigmine 
"1,4-Butanediol",Niclosamide
"1,4-Butanediol",Nonadecanoic acid
"1,4-Butanediol",Nonanal
"1,4-Butanediol","Pentanedioic acid, 2,4-bis[(trimethylsilyl)oxy]"
"1,4-Butanediol",Phenoxyacetic acid
"1,4-Butanediol",Pimelic acid
"1,4-Butanediol","Propanetriol, 2-methyl-"
"1,4-Butanediol","Pyrimidine, 5-methyl-2,4-bis[(trimethylsilyl)oxy]-"
"1,4-Butanediol",Salsoline
"1,4-Butanediol",Suberic acid
"1,4-Butanediol","Tacrine, N-trimethylsilyl-"
"1,4-Butanediol",Tartronic acid
"1,4-Butanediol","Thymine, 1,3-dimethyl-6-(trimethylsilyloxymethyl)-"
"1,4-Butanediol",Triethanolamine
"1,4-Butanediol",Xylitol
"1,4-diazabicyclo[4.3.0]nonan-2,5-dione, 3-methyl ","1,5-Anhydroglucitol"
"1,4-diazabicyclo[4.3.0]nonan-2,5-dione, 3-methyl ","15-Oxo-11Z,13E-eicosadienoic acid"
"1,4-diazabicyclo[4.3.0]nonan-2,5-dione, 3-methyl ",2-Acetyl-5-chloro-3-methylbenzo(b)thiophene
"1,4-diazabicyclo[4.3.0]nonan-2,5-dione, 3-methyl ",2-Butenedioic acid
"1,4-diazabicyclo[4.3.0]nonan-2,5-dione, 3-methyl ",2-Hydroxybutyric acid
"1,4-diazabicyclo[4.3.0]nonan-2,5-dione, 3-methyl ",2-Isopropyl-5-methyl-1-heptanol 
"1,4-diazabicyclo[4.3.0]nonan-2,5-dione, 3-methyl ","2,2,8,8-Tetramethyl-3,7-dioxa-4-aza-2,8-disilanon-4-ene"
"1,4-diazabicyclo[4.3.0]nonan-2,5-dione, 3-methyl ","3-Hydroxy-2,3-dihydromaltol"
"1,4-diazabicyclo[4.3.0]nonan-2,5-dione, 3-methyl ","3-Methylpiperazine-2,5-dione, (R)-"
"1,4-diazabicyclo[4.3.0]nonan-2,5-dione, 3-methyl ",3-Ureidopropionic acid
"1,4-diazabicyclo[4.3.0]nonan-2,5-dione, 3-methyl ","3beta,4beta-Bis(trimethylsiloxy)cholest-5-ene"
"1,4-diazabicyclo[4.3.0]nonan-2,5-dione, 3-methyl ",4-Hydroxybenzeneacetic acid
"1,4-diazabicyclo[4.3.0]nonan-2,5-dione, 3-methyl ",4-Hydroxybenzoic acid
"1,4-diazabicyclo[4.3.0]nonan-2,5-dione, 3-methyl ","4,4,5,8-Tetramethyl-chroman-2-one"
"1,4-diazabicyclo[4.3.0]nonan-2,5-dione, 3-methyl ","5-Androsten-17alpha-methyl-3beta,17beta-diol"
"1,4-diazabicyclo[4.3.0]nonan-2,5-dione, 3-methyl ",5-Hydroxyquinoline
"1,4-diazabicyclo[4.3.0]nonan-2,5-dione, 3-methyl ",7-(Trimethylsilyl)amino-4-methylcoumarin
"1,4-diazabicyclo[4.3.0]nonan-2,5-dione, 3-methyl ",9-Octadecenoic acid
"1,4-diazabicyclo[4.3.0]nonan-2,5-dione, 3-methyl ","Acetohydrazide, 2-(2-isopropyl-5-methylphenoxy)-N2-benzylideno-"
"1,4-diazabicyclo[4.3.0]nonan-2,5-dione, 3-methyl ",Arsenous acid
"1,4-diazabicyclo[4.3.0]nonan-2,5-dione, 3-methyl ",Benzeneacetic acid
"1,4-diazabicyclo[4.3.0]nonan-2,5-dione, 3-methyl ",beta-Lyxopyranose
"1,4-diazabicyclo[4.3.0]nonan-2,5-dione, 3-methyl ", 5-Hydroxyhexanoic acid
"1,4-diazabicyclo[4.3.0]nonan-2,5-dione, 3-methyl ",Butanedioic acid
"1,4-diazabicyclo[4.3.0]nonan-2,5-dione, 3-methyl ",Carfentrazone-ethyl
"1,4-diazabicyclo[4.3.0]nonan-2,5-dione, 3-methyl ","Cholesta-3,5-dien-7-one"
"1,4-diazabicyclo[4.3.0]nonan-2,5-dione, 3-methyl ",Cholesterol
"1,4-diazabicyclo[4.3.0]nonan-2,5-dione, 3-methyl ",cis-4-Trimethylsilyloxy-cyclohexyl(trimethylsilyl)carboxylate
"1,4-diazabicyclo[4.3.0]nonan-2,5-dione, 3-methyl ",Citric acid
"1,4-diazabicyclo[4.3.0]nonan-2,5-dione, 3-methyl ","D-(+)-Talofuranose, pentakis"
"1,4-diazabicyclo[4.3.0]nonan-2,5-dione, 3-methyl ",D-Fructose
"1,4-diazabicyclo[4.3.0]nonan-2,5-dione, 3-methyl ",Decanoic acid
"1,4-diazabicyclo[4.3.0]nonan-2,5-dione, 3-methyl ",Dihydrouracil
"1,4-diazabicyclo[4.3.0]nonan-2,5-dione, 3-methyl ",DL-Phenylalanine
"1,4-diazabicyclo[4.3.0]nonan-2,5-dione, 3-methyl ","Dodecanamide, N-(2-hydroxyethyl)-"
"1,4-diazabicyclo[4.3.0]nonan-2,5-dione, 3-methyl ",Erythritol
"1,4-diazabicyclo[4.3.0]nonan-2,5-dione, 3-methyl ",Galactopyranose
"1,4-diazabicyclo[4.3.0]nonan-2,5-dione, 3-methyl ",Glyceric acid
"1,4-diazabicyclo[4.3.0]nonan-2,5-dione, 3-methyl ",Glycolic acid
"1,4-diazabicyclo[4.3.0]nonan-2,5-dione, 3-methyl ",Hexanoylglycine
"1,4-diazabicyclo[4.3.0]nonan-2,5-dione, 3-methyl ",Hydracrylic acid
"1,4-diazabicyclo[4.3.0]nonan-2,5-dione, 3-methyl ",Hydroquinidine
"1,4-diazabicyclo[4.3.0]nonan-2,5-dione, 3-methyl ",L-5-Oxoproline
"1,4-diazabicyclo[4.3.0]nonan-2,5-dione, 3-methyl ",L-Glutamic acid
"1,4-diazabicyclo[4.3.0]nonan-2,5-dione, 3-methyl ",L-Isoleucine
"1,4-diazabicyclo[4.3.0]nonan-2,5-dione, 3-methyl ",L-Methionine
"1,4-diazabicyclo[4.3.0]nonan-2,5-dione, 3-methyl ",L-Proline
"1,4-diazabicyclo[4.3.0]nonan-2,5-dione, 3-methyl ",Malic acid
"1,4-diazabicyclo[4.3.0]nonan-2,5-dione, 3-methyl ",meso-Erythritol
"1,4-diazabicyclo[4.3.0]nonan-2,5-dione, 3-methyl ",Methyl-3-methoxy-5-methyl benzoate
"1,4-diazabicyclo[4.3.0]nonan-2,5-dione, 3-methyl ",n-Butylamine
"1,4-diazabicyclo[4.3.0]nonan-2,5-dione, 3-methyl ",Phenylalanine
"1,4-diazabicyclo[4.3.0]nonan-2,5-dione, 3-methyl ",Phosalone
"1,4-diazabicyclo[4.3.0]nonan-2,5-dione, 3-methyl ",Pimelic acid
"1,4-diazabicyclo[4.3.0]nonan-2,5-dione, 3-methyl ",Pipecolic acid
"1,4-diazabicyclo[4.3.0]nonan-2,5-dione, 3-methyl ",Propylamine
"1,4-diazabicyclo[4.3.0]nonan-2,5-dione, 3-methyl ","Pyrimidine, 5-methyl-2,4-bis[(trimethylsilyl)oxy]-"
"1,4-diazabicyclo[4.3.0]nonan-2,5-dione, 3-methyl ",Pyroglutamic acid
"1,4-diazabicyclo[4.3.0]nonan-2,5-dione, 3-methyl ",Tartronic acid
"1,4-diazabicyclo[4.3.0]nonan-2,5-dione, 3-methyl ",Uracil
"1,4-diazabicyclo[4.3.0]nonan-2,5-dione, 3-methyl ",Uridine
"1,4-diazabicyclo[4.3.0]nonan-2,5-dione, 3-methyl ",Xylazine
"1,4-Dioxaspiro[4.5]decane","N,O-Bis(trimethylsilyl)carbamate"
"1,5-Anhydroglucitol","15-Oxo-11Z,13E-eicosadienoic acid"
"1,5-Anhydroglucitol",2-Hydroxy-5-methoxybenzaldehyde
"1,5-Anhydroglucitol",2-Naphthol
"1,5-Anhydroglucitol","2-Propanone, bis(1-methylethyl)hydrazone"
"1,5-Anhydroglucitol","2,2,4-Trimethyl-1,3-pentanediol diisobutyrate"
"1,5-Anhydroglucitol","2,2,8,8-Tetramethyl-3,7-dioxa-4-aza-2,8-disilanon-4-ene"
"1,5-Anhydroglucitol","2,4-Diamino-6,7-dimethylpteridine"
"1,5-Anhydroglucitol","2,5-Di-tert-butylhydroquinone"
"1,5-Anhydroglucitol","2,5-Dimethoxyphenol"
"1,5-Anhydroglucitol",3-Ureidopropionic acid
"1,5-Anhydroglucitol",3'-Hydroxyacetophenone
"1,5-Anhydroglucitol","3beta-TRIMETHYLSILOXY-5alpha,6alpha-EPOXYCHOLESTANE"
"1,5-Anhydroglucitol","3beta,4beta-Bis(trimethylsiloxy)cholest-5-ene"
"1,5-Anhydroglucitol",4-(Trimethylsilyoxy)-3-penten-2-one
"1,5-Anhydroglucitol","4,4,5,8-Tetramethyl-chroman-2-one"
"1,5-Anhydroglucitol","5-Androsten-17alpha-methyl-3beta,17beta-diol"
"1,5-Anhydroglucitol",5-Hydroxyquinoline
"1,5-Anhydroglucitol","6,7,4'-Trihydroxyisoflavone"
"1,5-Anhydroglucitol","Benzene, 1-acetoxy-2,6-dimethoxy-4-(2-propenyl)-"
"1,5-Anhydroglucitol","Benzimidazole, 5-trifluoromethyl-2-methyl-"
"1,5-Anhydroglucitol","Butanoic acid, 2,4-bis[(trimethylsilyl)oxy]-"
"1,5-Anhydroglucitol","Cholesta-3,5-dien-7-one"
"1,5-Anhydroglucitol",Cholesterol
"1,5-Anhydroglucitol",cis-4-Trimethylsilyloxy-cyclohexyl(trimethylsilyl)carboxylate
"1,5-Anhydroglucitol","cis-4,5-Dihydroxy-o-dithiane, 2O-"
"1,5-Anhydroglucitol","Cyclohexene, 3-butyl-3-methyl-1-trimethylsilyloxy-"
"1,5-Anhydroglucitol","Cyclopentaneacetic acid, 3-oxo-2-pentyl-"
"1,5-Anhydroglucitol",D-Fructose
"1,5-Anhydroglucitol",Deoxycholic Acid
"1,5-Anhydroglucitol",Erythritol
"1,5-Anhydroglucitol",Glycolic acid
"1,5-Anhydroglucitol",Glyoxime
"1,5-Anhydroglucitol",Hydantoic acid
"1,5-Anhydroglucitol",Hydracrylic acid
"1,5-Anhydroglucitol",Indole-5-carboxylic acid
"1,5-Anhydroglucitol",Isopropyl palmitate
"1,5-Anhydroglucitol",Malic acid
"1,5-Anhydroglucitol",Methyl aminoacetate
"1,5-Anhydroglucitol","N-(Trifluoroacetyl)-N,O,O'-tris(trimethylsilyl)normetanephrine"
"1,5-Anhydroglucitol",Nitrosothymol
"1,5-Anhydroglucitol",Nonanal
"1,5-Anhydroglucitol",Ornithine
"1,5-Anhydroglucitol",p-Hydroxydiisopropylbenzene
"1,5-Anhydroglucitol","Propanetriol, 2-methyl-"
"1,5-Anhydroglucitol",Propylamine
"1,5-Anhydroglucitol",Sertraline carbamoyl glucuronide
"1,5-Anhydroglucitol","Stigmast-5-ene, 3beta-"
"1,5-Anhydroglucitol",Tartronic acid
"1,5-Anhydroglucitol",Triethanolamine
"1,5-Anhydroglucitol","Trimethylsilyl (5-benzyl-3,6-dioxopiperazin-2-yl)acetate"
"1,5-Anhydroglucitol",Vanillylmandelic acid
"1,5-Anhydroglucitol",Xylose
10-Heptadecenoic acid,"15-Oxo-11Z,13E-eicosadienoic acid"
10-Heptadecenoic acid,"2-(2,5-Dimethoxy-phenyl)-propionaldehyde"
10-Heptadecenoic acid,"2-Amino-4,6-dihydroxypyrimidine"
10-Heptadecenoic acid,2-Hydroxy-5-methoxybenzaldehyde
10-Heptadecenoic acid,2-Hydroxybutyric acid
10-Heptadecenoic acid,2-Methyl-4-pentenoic acid
10-Heptadecenoic acid,2-Naphthol
10-Heptadecenoic acid,"2,2,4-Trimethyl-1,3-pentanediol diisobutyrate"
10-Heptadecenoic acid,"2,4-Decadienal"
10-Heptadecenoic acid,"2,4-Diamino-6,7-dimethylpteridine"
10-Heptadecenoic acid,3-Methyladenine
10-Heptadecenoic acid,"3-Methylpiperazine-2,5-dione, (R)-"
10-Heptadecenoic acid,3'-Hydroxyacetophenone
10-Heptadecenoic acid,"3beta-TRIMETHYLSILOXY-5alpha,6alpha-EPOXYCHOLESTANE"
10-Heptadecenoic acid,"3beta,4beta-Bis(trimethylsiloxy)cholest-5-ene"
10-Heptadecenoic acid,4-(Trimethylsilyoxy)-3-penten-2-one
10-Heptadecenoic acid,4-Cumylphenol
10-Heptadecenoic acid,5-Ethyluracil
10-Heptadecenoic acid,5-Hydroxyquinoline
10-Heptadecenoic acid,Acetoacetic acid
10-Heptadecenoic acid,"Acetohydrazide, 2-(2-isopropyl-5-methylphenoxy)-N2-benzylideno-"
10-Heptadecenoic acid,Aceturic acid
10-Heptadecenoic acid,"Benzaldehyde, 2,5-dimethyl-"
10-Heptadecenoic acid,Benzeneacetic acid
10-Heptadecenoic acid,"Benzimidazole, 5-trifluoromethyl-2-methyl-"
10-Heptadecenoic acid,Benzoic Acid
10-Heptadecenoic acid,Benzophenone
10-Heptadecenoic acid, 5-Hydroxyhexanoic acid
10-Heptadecenoic acid,"Cetaben, N,O-bis(trimethylsilyl)-"
10-Heptadecenoic acid,Cyclohexanol
10-Heptadecenoic acid,D-Fructose
10-Heptadecenoic acid,"D-Isoleucine, N-acetyl-"
10-Heptadecenoic acid,Diphenyl ether
10-Heptadecenoic acid,DL-Glyceraldehyde
10-Heptadecenoic acid,Doconexent
10-Heptadecenoic acid,"Erythrono-1,4-lactone, (Z)-"
10-Heptadecenoic acid,"Ethanol, 2-(9-octadecenyloxy)-"
10-Heptadecenoic acid,"Ethanone, 1-(2,5-dimethoxyphenyl)-"
10-Heptadecenoic acid,Glycine
10-Heptadecenoic acid,Glyoxime
10-Heptadecenoic acid,Heptadecanoic acid
10-Heptadecenoic acid,Hexanoylglycine
10-Heptadecenoic acid,Isofucosterol
10-Heptadecenoic acid,Itaconic acid
10-Heptadecenoic acid,L-Hydroxyproline
10-Heptadecenoic acid,L-Norleucine
10-Heptadecenoic acid,Methyl aminoacetate
10-Heptadecenoic acid,Methylmalonic monoamide
10-Heptadecenoic acid,"N-(Trifluoroacetyl)-N,O,O'-tris(trimethylsilyl)normetanephrine"
10-Heptadecenoic acid,N-Isovaleroylglycine
10-Heptadecenoic acid,Neostigmine 
10-Heptadecenoic acid,Niclosamide
10-Heptadecenoic acid,Nonadecanoic acid
10-Heptadecenoic acid,Nonanal
10-Heptadecenoic acid,p-Toluic acid
10-Heptadecenoic acid,Palmitelaidic acid
10-Heptadecenoic acid,Pantolactone
10-Heptadecenoic acid,Pentadecanoic acid
10-Heptadecenoic acid,Phenoxyacetic acid
10-Heptadecenoic acid,Phloroglucinol
10-Heptadecenoic acid,Picolinic acid
10-Heptadecenoic acid,Pimelic acid
10-Heptadecenoic acid,"Propanetriol, 2-methyl-"
10-Heptadecenoic acid,"Propanoic acid, 2-methyl-"
10-Heptadecenoic acid,"Pyrimidine, 5-methyl-2,4-bis[(trimethylsilyl)oxy]-"
10-Heptadecenoic acid,"Stigmast-5-ene, 3beta-"
10-Heptadecenoic acid,Tartronic acid
10-Heptadecenoic acid,Triethanolamine
10-Heptadecenoic acid,"Trimethylsilyl (5-benzyl-3,6-dioxopiperazin-2-yl)acetate"
12-Hydroxyoctadecanoic acid,"2-Acetyl-3-(1-methyl-2-pyrrolyl)-1,4-benzenediol"
12-Hydroxyoctadecanoic acid,"2-Allyl-1,4-dimethoxybenzene"
12-Hydroxyoctadecanoic acid,"2-Amino-4,6-dihydroxypyrimidine"
12-Hydroxyoctadecanoic acid,"2-Propanone, bis(1-methylethyl)hydrazone"
12-Hydroxyoctadecanoic acid,3-Ureidopropionic acid
12-Hydroxyoctadecanoic acid,"3beta-TRIMETHYLSILOXY-5alpha,6alpha-EPOXYCHOLESTANE"
12-Hydroxyoctadecanoic acid,"3beta,4beta-Bis(trimethylsiloxy)cholest-5-ene"
12-Hydroxyoctadecanoic acid,"4-[2-(4,7-Dimethoxy-2H-1,3-benzodioxol-5-yl)ethenyl]-2-methoxyphenol"
12-Hydroxyoctadecanoic acid,5-Hydroxyquinoline
12-Hydroxyoctadecanoic acid,9-Octadecenoic acid
12-Hydroxyoctadecanoic acid,"9H-Fluorene, 9-methylene-"
12-Hydroxyoctadecanoic acid,"Arabinofuranose, 1,2,3,5-tetrakis-O-"
12-Hydroxyoctadecanoic acid,"Butanoic acid, 2,4-bis[(trimethylsilyl)oxy]-"
12-Hydroxyoctadecanoic acid,Citric acid
12-Hydroxyoctadecanoic acid,D-Threitol
12-Hydroxyoctadecanoic acid,Dicyclohexylamine
12-Hydroxyoctadecanoic acid,Hydroquinone
12-Hydroxyoctadecanoic acid,Isoxaben
12-Hydroxyoctadecanoic acid,L-Asparagine
12-Hydroxyoctadecanoic acid,L-Aspartic acid
12-Hydroxyoctadecanoic acid,L-Threitol
12-Hydroxyoctadecanoic acid,"N-(Trifluoroacetyl)-N,O,O'-tris(trimethylsilyl)normetanephrine"
12-Hydroxyoctadecanoic acid,"N,N-Dimethyl-2-cyclohexyloxyethylamine"
12-Hydroxyoctadecanoic acid,Niclosamide
12-Hydroxyoctadecanoic acid,Nonadecanoic acid
12-Hydroxyoctadecanoic acid,S-Methyl-L-cysteine
12-Oxooctadecanoate,2-Ethyl-3-hydroxypropionic acid
12-Oxooctadecanoate,2-Hydroxy-5-methoxybenzaldehyde
12-Oxooctadecanoate,2-Hydroxybutyric acid
12-Oxooctadecanoate,2-Methyl-4-pentenoic acid
12-Oxooctadecanoate,2-Naphthol
12-Oxooctadecanoate,"2,2,4-Trimethyl-1,3-pentanediol diisobutyrate"
12-Oxooctadecanoate,"2,3,4-Trihydroxybutyric acid tetrakis"
12-Oxooctadecanoate,"2,4-Decadienal"
12-Oxooctadecanoate,"2,4-Diamino-6,7-dimethylpteridine"
12-Oxooctadecanoate,"2,5-Piperazinedione, 3-benzyl-6-isopropyl-"
12-Oxooctadecanoate,3-Amino-5-morpholinomethyl-2-oxazolidinone
12-Oxooctadecanoate,3-Hexenedinitrile
12-Oxooctadecanoate,3-Hydroxyisovaleric acid
12-Oxooctadecanoate,"3,5-Dimethylpyrazole"
12-Oxooctadecanoate,"3beta,4beta-Bis(trimethylsiloxy)cholest-5-ene"
12-Oxooctadecanoate,4-(Trimethylsilyoxy)-3-penten-2-one
12-Oxooctadecanoate,4-Hydroxyphenyllactic acid
12-Oxooctadecanoate,"4,4,5,8-Tetramethyl-chroman-2-one"
12-Oxooctadecanoate,5-Henicosylresorcinol
12-Oxooctadecanoate,5-Hydroxytryptophan
12-Oxooctadecanoate,"Acetohydrazide, 2-(2-isopropyl-5-methylphenoxy)-N2-benzylideno-"
12-Oxooctadecanoate,alpha-Tocopherol
12-Oxooctadecanoate,Arachidonic acid
12-Oxooctadecanoate,"Benzaldehyde, 2,5-dimethyl-"
12-Oxooctadecanoate,"Benzenemethanamine, 2,3-dimethoxy-"
12-Oxooctadecanoate,"Benzimidazole, 5-trifluoromethyl-2-methyl-"
12-Oxooctadecanoate,"Benzoic acid, pentadecyl ester"
12-Oxooctadecanoate,Benzoic Acid
12-Oxooctadecanoate,Benzophenone
12-Oxooctadecanoate,Cyclohexanol
12-Oxooctadecanoate,"Cyclohexanone, 3,3,5-trimethyl-"
12-Oxooctadecanoate,"Cyclopentanone, 2,2,4-trimethyl-"
12-Oxooctadecanoate,D-Ornithine
12-Oxooctadecanoate,Dinoseb 
12-Oxooctadecanoate,Diphenyl ether
12-Oxooctadecanoate,"Dodecanoic acid, 1-methylethyl ester"
12-Oxooctadecanoate,Dodecanoic acid
12-Oxooctadecanoate,Dodecylcyclohexane
12-Oxooctadecanoate,Eicosapentaenoic acid
12-Oxooctadecanoate,"Furan, 2-pentyl-"
12-Oxooctadecanoate,Glyoxime
12-Oxooctadecanoate,Heptadecanoic acid
12-Oxooctadecanoate,Heptanoic acid
12-Oxooctadecanoate,Hexanoic acid
12-Oxooctadecanoate,Indole-3-lactic acid
12-Oxooctadecanoate,Isofucosterol
12-Oxooctadecanoate,Isopropyl palmitate
12-Oxooctadecanoate,Levulinic acid
12-Oxooctadecanoate,Methyl aminoacetate
12-Oxooctadecanoate,Myristic acid
12-Oxooctadecanoate,Niclosamide
12-Oxooctadecanoate,Nonadecanoic acid
12-Oxooctadecanoate,Nonanal
12-Oxooctadecanoate,"Oxalic acid, allyl octyl ester"
12-Oxooctadecanoate,Pantolactone
12-Oxooctadecanoate,Pentadecanoic acid
12-Oxooctadecanoate,Phenoxyacetic acid
12-Oxooctadecanoate,Phlorizin
12-Oxooctadecanoate,Phloroglucinol
12-Oxooctadecanoate,Pimelic acid
12-Oxooctadecanoate,"Propanetriol, 2-methyl-"
12-Oxooctadecanoate,"Propanoic acid, 2-methyl-"
12-Oxooctadecanoate,Propylamine
12-Oxooctadecanoate,S-Methyl-L-cysteine
12-Oxooctadecanoate,Salsoline
12-Oxooctadecanoate,Suberic acid
12-Oxooctadecanoate,Supraene
12-Oxooctadecanoate,Triethanolamine
12-Oxooctadecanoate,L-Tyrosine
13-Docosenamide,"2-Acetyl-3-(1-methyl-2-pyrrolyl)-1,4-benzenediol"
13-Docosenamide,2-Hydroxy-2-methylbutyric acid
13-Docosenamide,2-Methylglutaconic acid
13-Docosenamide,"2,5-Dimethoxybenzhydrazide"
13-Docosenamide,"2,5-Dimethoxyphenol"
13-Docosenamide,3-Aminobutanoic acid
13-Docosenamide,"4,4,5,8-Tetramethyl-chroman-2-one"
13-Docosenamide,"7-Acetyl-6-ethyl-1,1,4,4-tetramethyltetralin "
13-Docosenamide,"Acetamide, 2,2,2-trifluoro-"
13-Docosenamide,Alloxanic acid
13-Docosenamide,"Benzene, 1-acetoxy-2,6-dimethoxy-4-(2-propenyl)-"
13-Docosenamide,"Benzene, 1,1'-(1,2-cyclobutanediyl)bis-"
13-Docosenamide,"Benzenemethanamine, 2,3-dimethoxy-"
13-Docosenamide,Bis(trimethylsilyl)acetylene
13-Docosenamide,"DL-Proline, 5-oxo-"
13-Docosenamide,Isonicotinic Acid
13-Docosenamide,N-Acetyl-L-glutamic acid
13-Docosenamide,"Pentanedioic acid, 2,4-bis[(trimethylsilyl)oxy]"
13-Docosenamide,"Piperidine, 1-(1-methylpentyl)-"
13-Docosenamide,"Pyrazine, 3,6-dihydro-3,6-dimethyl-"
13-Docosenamide,"Ribonic acid, 2,3,4,5-tetrakis-"
13-Docosenamide,Tricine
13-Docosenamide,Tris(trimethylsilyl)carbamate
"15-Oxo-11Z,13E-eicosadienoic acid","2-(Decanoyloxy)propane-1,3-diyl dioctanoate"
"15-Oxo-11Z,13E-eicosadienoic acid",2-Acetyl-5-chloro-3-methylbenzo(b)thiophene
"15-Oxo-11Z,13E-eicosadienoic acid","2-Allyl-1,4-dimethoxybenzene"
"15-Oxo-11Z,13E-eicosadienoic acid",2-Amino-4-methylphenol
"15-Oxo-11Z,13E-eicosadienoic acid",2-Butenedioic acid
"15-Oxo-11Z,13E-eicosadienoic acid",2-Ethyl-3-hydroxypropionic acid
"15-Oxo-11Z,13E-eicosadienoic acid","2-Heptanone, 4,6-dimethyl-"
"15-Oxo-11Z,13E-eicosadienoic acid",2-Hexen-1-ol
"15-Oxo-11Z,13E-eicosadienoic acid","2-Hexenoic acid, 2-[(trimethylsilyl)oxy]-"
"15-Oxo-11Z,13E-eicosadienoic acid",2-Hydroxy-5-methoxybenzaldehyde
"15-Oxo-11Z,13E-eicosadienoic acid",2-Hydroxybutyric acid
"15-Oxo-11Z,13E-eicosadienoic acid",2-Ketoisocaproic acid
"15-Oxo-11Z,13E-eicosadienoic acid",2-Methylglutaconic acid
"15-Oxo-11Z,13E-eicosadienoic acid","2,2,4-Trimethyl-1,3-pentanediol diisobutyrate"
"15-Oxo-11Z,13E-eicosadienoic acid","2,3,4-Trihydroxybutyric acid tetrakis"
"15-Oxo-11Z,13E-eicosadienoic acid","2,3,4,5-Tetrahydroxypentanoic acid-1,4-lactone"
"15-Oxo-11Z,13E-eicosadienoic acid","2,5-Piperazinedione, 3-benzyl-6-isopropyl-"
"15-Oxo-11Z,13E-eicosadienoic acid","2,6-Bis[2-[2-S-thiosulfuroethylamino]ethoxy]pyrazine"
"15-Oxo-11Z,13E-eicosadienoic acid",3-Amino-5-morpholinomethyl-2-oxazolidinone
"15-Oxo-11Z,13E-eicosadienoic acid","3-Methylpiperazine-2,5-dione, (R)-"
"15-Oxo-11Z,13E-eicosadienoic acid",3-Nonen-1-ol
"15-Oxo-11Z,13E-eicosadienoic acid",3-Ureidopropionic acid
"15-Oxo-11Z,13E-eicosadienoic acid","3,4,5-Trihydroxypentanoic acid, tetrakis(trimethylsilyl)-"
"15-Oxo-11Z,13E-eicosadienoic acid","3,5-Di-tert-butyl-2-trimethylsilyloxybenzaldehyde"
"15-Oxo-11Z,13E-eicosadienoic acid","3beta-TRIMETHYLSILOXY-5alpha,6alpha-EPOXYCHOLESTANE"
"15-Oxo-11Z,13E-eicosadienoic acid","3beta,4beta-Bis(trimethylsiloxy)cholest-5-ene"
"15-Oxo-11Z,13E-eicosadienoic acid",4-(Trimethylsilyoxy)-3-penten-2-one
"15-Oxo-11Z,13E-eicosadienoic acid","4-[2-(4,7-Dimethoxy-2H-1,3-benzodioxol-5-yl)ethenyl]-2-methoxyphenol"
"15-Oxo-11Z,13E-eicosadienoic acid",4-Cumylphenol
"15-Oxo-11Z,13E-eicosadienoic acid",4-Hydroxybenzeneacetic acid
"15-Oxo-11Z,13E-eicosadienoic acid",5-Hydroxyquinoline
"15-Oxo-11Z,13E-eicosadienoic acid","5,10-Diethoxy-2,3,7,8-tetrahydro-1H,6H-dipyrrolo[1,2-a:1',2'-d]pyrazine "
"15-Oxo-11Z,13E-eicosadienoic acid","6,8-Dioxapentadecane"
"15-Oxo-11Z,13E-eicosadienoic acid",9-Octadecenoic acid
"15-Oxo-11Z,13E-eicosadienoic acid",Aceturic acid
"15-Oxo-11Z,13E-eicosadienoic acid",Arachidonic acid
"15-Oxo-11Z,13E-eicosadienoic acid","Benzaldehyde, 2,5-dimethyl-"
"15-Oxo-11Z,13E-eicosadienoic acid",Benzeneacetic acid
"15-Oxo-11Z,13E-eicosadienoic acid","Benzimidazole, 5-trifluoromethyl-2-methyl-"
"15-Oxo-11Z,13E-eicosadienoic acid","Benzo[b]fluorene, 5-amino-7-methyl-1,2,3,4,6,7,8,9-octahydro-11-thia-10-aza-"
"15-Oxo-11Z,13E-eicosadienoic acid", 5-Hydroxyhexanoic acid
"15-Oxo-11Z,13E-eicosadienoic acid",Butanedioic acid
"15-Oxo-11Z,13E-eicosadienoic acid",Carfentrazone-ethyl
"15-Oxo-11Z,13E-eicosadienoic acid","Cholest-7-en-3-ol, (3beta,5alpha)-"
"15-Oxo-11Z,13E-eicosadienoic acid",cis-4-Trimethylsilyloxy-cyclohexyl(trimethylsilyl)carboxylate
"15-Oxo-11Z,13E-eicosadienoic acid",Citric acid
"15-Oxo-11Z,13E-eicosadienoic acid",Cyclohexanol
"15-Oxo-11Z,13E-eicosadienoic acid","D-(+)-Ribono-1,4-lactone (R,S,R)-"
"15-Oxo-11Z,13E-eicosadienoic acid",D-Fructose
"15-Oxo-11Z,13E-eicosadienoic acid",Deoxycholic Acid
"15-Oxo-11Z,13E-eicosadienoic acid",Dihydrouracil
"15-Oxo-11Z,13E-eicosadienoic acid",Dinoseb 
"15-Oxo-11Z,13E-eicosadienoic acid",DL-Glyceraldehyde
"15-Oxo-11Z,13E-eicosadienoic acid",Glyoxime
"15-Oxo-11Z,13E-eicosadienoic acid",Hydantoic acid
"15-Oxo-11Z,13E-eicosadienoic acid",Hydracrylic acid
"15-Oxo-11Z,13E-eicosadienoic acid",Isofucosterol
"15-Oxo-11Z,13E-eicosadienoic acid",Isopropyl palmitate
"15-Oxo-11Z,13E-eicosadienoic acid",L-Asparagine
"15-Oxo-11Z,13E-eicosadienoic acid",L-Glutamic acid
"15-Oxo-11Z,13E-eicosadienoic acid",L-Threitol
"15-Oxo-11Z,13E-eicosadienoic acid",Methyl aminoacetate
"15-Oxo-11Z,13E-eicosadienoic acid",Methyl-3-methoxy-5-methyl benzoate
"15-Oxo-11Z,13E-eicosadienoic acid","N-(Trifluoroacetyl)-N,O,O'-tris(trimethylsilyl)normetanephrine"
"15-Oxo-11Z,13E-eicosadienoic acid",N-Isovaleroylglycine
"15-Oxo-11Z,13E-eicosadienoic acid",N-Methyl-N-(tetrahydro-2-furanylmethyl)-4-piperidinamine
"15-Oxo-11Z,13E-eicosadienoic acid",Nonanal
"15-Oxo-11Z,13E-eicosadienoic acid",p-Hydroxydiisopropylbenzene
"15-Oxo-11Z,13E-eicosadienoic acid",p-Toluic acid
"15-Oxo-11Z,13E-eicosadienoic acid","Pentanedioic acid, 2-[(trimethylsilyl)oxy]-"
"15-Oxo-11Z,13E-eicosadienoic acid","Pentanedioic acid, 2,4-bis[(trimethylsilyl)oxy]"
"15-Oxo-11Z,13E-eicosadienoic acid","Pentanedioic acid, 3-methyl-3-[(trimethylsilyl)oxy]-"
"15-Oxo-11Z,13E-eicosadienoic acid",Phenylalanine
"15-Oxo-11Z,13E-eicosadienoic acid",Pimelic acid
"15-Oxo-11Z,13E-eicosadienoic acid","Propanetriol, 2-methyl-"
"15-Oxo-11Z,13E-eicosadienoic acid","Propanoic acid, 2-oxo-"
"15-Oxo-11Z,13E-eicosadienoic acid",Propylamine
"15-Oxo-11Z,13E-eicosadienoic acid","Pyrimidine, 5-methyl-2,4-bis[(trimethylsilyl)oxy]-"
"15-Oxo-11Z,13E-eicosadienoic acid",Ser-Leu
"15-Oxo-11Z,13E-eicosadienoic acid",Sertraline carbamoyl glucuronide
"15-Oxo-11Z,13E-eicosadienoic acid",Supraene
"15-Oxo-11Z,13E-eicosadienoic acid",Tartronic acid
"15-Oxo-11Z,13E-eicosadienoic acid","Thymine, 1,3-dimethyl-6-(trimethylsilyloxymethyl)-"
"15-Oxo-11Z,13E-eicosadienoic acid",Triethanolamine
"15-Oxo-11Z,13E-eicosadienoic acid",L-Tyrosine
"15-Oxo-11Z,13E-eicosadienoic acid",Uridine
"15-Oxo-11Z,13E-eicosadienoic acid",Xylose
"1H-Inden-1-one, 2,3-dihydro-7-hydroxy-3-methyl- ","2-(Decanoyloxy)propane-1,3-diyl dioctanoate"
"1H-Inden-1-one, 2,3-dihydro-7-hydroxy-3-methyl- ",3'-Hydroxyacetophenone
"1H-Inden-1-one, 2,3-dihydro-7-hydroxy-3-methyl- ",Delorazepam
"1H-Inden-1-one, 2,3-dihydro-7-hydroxy-3-methyl- ",Dimethyl fumarate
"1H-Inden-1-one, 2,3-dihydro-7-hydroxy-3-methyl- ",Ecgonine
"1H-Inden-1-one, 2,3-dihydro-7-hydroxy-3-methyl- ",Ethyl cis-2-trimethylsilyl-cyclopropane-1-carboxylate
"1H-Inden-1-one, 2,3-dihydro-7-hydroxy-3-methyl- ",L-Threonine
"1H-Inden-1-one, 2,3-dihydro-7-hydroxy-3-methyl- ","Pyrimidine, 5-methyl-2,4-bis[(trimethylsilyl)oxy]-"
"1H-Indole, 1-(trimethysilyl)-2,5-bis[(trimethylsilyl)oxy]-","2-(Decanoyloxy)propane-1,3-diyl dioctanoate"
"1H-Indole, 1-(trimethysilyl)-2,5-bis[(trimethylsilyl)oxy]-","2,5-di-tert-Butyl-1,4-benzoquinone"
"1H-Indole, 1-(trimethysilyl)-2,5-bis[(trimethylsilyl)oxy]-","2,5-Di-tert-butyl-4-((trimethylsilyl)oxy)phenol"
"1H-Indole, 1-(trimethysilyl)-2,5-bis[(trimethylsilyl)oxy]-",3-Methoxysalicylic acid
"1H-Indole, 1-(trimethysilyl)-2,5-bis[(trimethylsilyl)oxy]-",3'-(Trimethylsilyl)oxy-beta-naphthoflavone
"1H-Indole, 1-(trimethysilyl)-2,5-bis[(trimethylsilyl)oxy]-","6,8-Dioxapentadecane"
"1H-Indole, 1-(trimethysilyl)-2,5-bis[(trimethylsilyl)oxy]-",Bis(trimethylsilyl)histidine
"1H-Indole, 1-(trimethysilyl)-2,5-bis[(trimethylsilyl)oxy]-","Butanal, 2,3,4-tris[(trimethylsilyl)oxy]-, O-methyloxime, [R-(R*,R*)]-"
"1H-Indole, 1-(trimethysilyl)-2,5-bis[(trimethylsilyl)oxy]-","cis-4,5-Dihydroxy-o-dithiane, 2O-"
"1H-Indole, 1-(trimethysilyl)-2,5-bis[(trimethylsilyl)oxy]-",D-Fucitol
"1H-Indole, 1-(trimethysilyl)-2,5-bis[(trimethylsilyl)oxy]-",D-Ornithine
"1H-Indole, 1-(trimethysilyl)-2,5-bis[(trimethylsilyl)oxy]-",D-Threitol
"1H-Indole, 1-(trimethysilyl)-2,5-bis[(trimethylsilyl)oxy]-","Dodecanoic acid, 1-methylethyl ester"
"1H-Indole, 1-(trimethysilyl)-2,5-bis[(trimethylsilyl)oxy]-","Inosose-2, 1,3,4,5,6-pentakis-"
"1H-Indole, 1-(trimethysilyl)-2,5-bis[(trimethylsilyl)oxy]-","Spiro[cyclopenta[d]-1,3,2-dioxaborin-4(5H),1'-cyclopentane], 2-ethyl-6,7-dihydro-"
"1H-Pyrazole, 3,4-bis(trimethylsilyl)-","2-Allyl-1,4-dimethoxybenzene"
"1H-Pyrazole, 3,4-bis(trimethylsilyl)-",2-Hydroxy-2-methylbutyric acid
"1H-Pyrazole, 3,4-bis(trimethylsilyl)-",2-Hydroxybutyric acid
"1H-Pyrazole, 3,4-bis(trimethylsilyl)-",2-Isopropyl-5-methyl-1-heptanol 
"1H-Pyrazole, 3,4-bis(trimethylsilyl)-","2,2,4-Trimethyl-1,3-pentanediol diisobutyrate"
"1H-Pyrazole, 3,4-bis(trimethylsilyl)-","2,3,4,5-Tetrahydroxypentanoic acid-1,4-lactone"
"1H-Pyrazole, 3,4-bis(trimethylsilyl)-",5-(2-Aminopropyl)-2-methylphenol
"1H-Pyrazole, 3,4-bis(trimethylsilyl)-","5-Cholesten-3beta, 7alpha-bis[(trimethylsilyl)oxy]- "
"1H-Pyrazole, 3,4-bis(trimethylsilyl)-",5-Hydroxytryptophan
"1H-Pyrazole, 3,4-bis(trimethylsilyl)-","6,7,4'-Trihydroxyisoflavone"
"1H-Pyrazole, 3,4-bis(trimethylsilyl)-",9-Octadecenoic acid
"1H-Pyrazole, 3,4-bis(trimethylsilyl)-","Acetin, bis-1,3-trimethylsilyl ether"
"1H-Pyrazole, 3,4-bis(trimethylsilyl)-","Benzaldehyde, 2,5-dimethyl-"
"1H-Pyrazole, 3,4-bis(trimethylsilyl)-","Benzo[b]fluorene, 5-amino-7-methyl-1,2,3,4,6,7,8,9-octahydro-11-thia-10-aza-"
"1H-Pyrazole, 3,4-bis(trimethylsilyl)-",Benzoin
"1H-Pyrazole, 3,4-bis(trimethylsilyl)-",beta-Lyxopyranose
"1H-Pyrazole, 3,4-bis(trimethylsilyl)-",Campesterol
"1H-Pyrazole, 3,4-bis(trimethylsilyl)-",Carfentrazone-ethyl
"1H-Pyrazole, 3,4-bis(trimethylsilyl)-",Citric acid
"1H-Pyrazole, 3,4-bis(trimethylsilyl)-",cyclobutanecarboxylic acid
"1H-Pyrazole, 3,4-bis(trimethylsilyl)-",D-(-)-Citramalic acid
"1H-Pyrazole, 3,4-bis(trimethylsilyl)-",Dinoseb 
"1H-Pyrazole, 3,4-bis(trimethylsilyl)-","Erythrono-1,4-lactone, (Z)-"
"1H-Pyrazole, 3,4-bis(trimethylsilyl)-",Glyoxime
"1H-Pyrazole, 3,4-bis(trimethylsilyl)-",Isofucosterol
"1H-Pyrazole, 3,4-bis(trimethylsilyl)-",N-Isobutyrylglycine
"1H-Pyrazole, 3,4-bis(trimethylsilyl)-",Nonanal
"1H-Pyrazole, 3,4-bis(trimethylsilyl)-",Palmitic Acid
"1H-Pyrazole, 3,4-bis(trimethylsilyl)-","Pentanedioic acid, 2,4-bis[(trimethylsilyl)oxy]"
"1H-Pyrazole, 3,4-bis(trimethylsilyl)-","Propanetriol, 2-methyl-"
"1H-Pyrazole, 3,4-bis(trimethylsilyl)-","Propiophenone, 3',4'-dimethoxy-"
"1H-Pyrazole, 3,4-bis(trimethylsilyl)-","Pyrimidine, 5-methyl-2,4-bis[(trimethylsilyl)oxy]-"
"1H-Pyrazole, 3,4-bis(trimethylsilyl)-",Quazodine
"1H-Pyrazole, 3,4-bis(trimethylsilyl)-",Salsoline
"1H-Pyrazole, 3,4-bis(trimethylsilyl)-","Stigmast-5-ene, 3beta-"
"1H-Pyrazole, 3,4-bis(trimethylsilyl)-",Trimidox
"2-(2,5-Dimethoxy-phenyl)-propionaldehyde",2-Acetyl-5-chloro-3-methylbenzo(b)thiophene
"2-(2,5-Dimethoxy-phenyl)-propionaldehyde","2-Hexenoic acid, 2-[(trimethylsilyl)oxy]-"
"2-(2,5-Dimethoxy-phenyl)-propionaldehyde",2-Hydroxy-5-methoxybenzaldehyde
"2-(2,5-Dimethoxy-phenyl)-propionaldehyde",2-Naphthol
"2-(2,5-Dimethoxy-phenyl)-propionaldehyde","2,2,4-Trimethyl-1,3-pentanediol diisobutyrate"
"2-(2,5-Dimethoxy-phenyl)-propionaldehyde","2,4-Diamino-6,7-dimethylpteridine"
"2-(2,5-Dimethoxy-phenyl)-propionaldehyde",3-Ethylphenol
"2-(2,5-Dimethoxy-phenyl)-propionaldehyde",3-Hexenedinitrile
"2-(2,5-Dimethoxy-phenyl)-propionaldehyde","3-Methylpiperazine-2,5-dione, (R)-"
"2-(2,5-Dimethoxy-phenyl)-propionaldehyde",3-Nonen-1-ol
"2-(2,5-Dimethoxy-phenyl)-propionaldehyde","3,5-Di-tert-butyl-2-trimethylsilyloxybenzaldehyde"
"2-(2,5-Dimethoxy-phenyl)-propionaldehyde","3,5-Dimethylpyrazole"
"2-(2,5-Dimethoxy-phenyl)-propionaldehyde",4-Cumylphenol
"2-(2,5-Dimethoxy-phenyl)-propionaldehyde","4-Fluoroaniline, N-trimethylsilyl-"
"2-(2,5-Dimethoxy-phenyl)-propionaldehyde",4-Hydroxybutanoic acid
"2-(2,5-Dimethoxy-phenyl)-propionaldehyde",4-Methylvaleric acid
"2-(2,5-Dimethoxy-phenyl)-propionaldehyde",5-Hydroxytryptophan
"2-(2,5-Dimethoxy-phenyl)-propionaldehyde","Benzaldehyde, 2,5-dimethyl-"
"2-(2,5-Dimethoxy-phenyl)-propionaldehyde","Benzimidazole, 5-trifluoromethyl-2-methyl-"
"2-(2,5-Dimethoxy-phenyl)-propionaldehyde","Benzoic acid, pentadecyl ester"
"2-(2,5-Dimethoxy-phenyl)-propionaldehyde",Benzophenone
"2-(2,5-Dimethoxy-phenyl)-propionaldehyde","beta-d-Fructopyranose, 1-deoxy-1-(4-morpholinyl)-2,3,4,5-tetrakis-O-(trimethylsilyl)-"
"2-(2,5-Dimethoxy-phenyl)-propionaldehyde",Butylated Hydroxytoluene
"2-(2,5-Dimethoxy-phenyl)-propionaldehyde",Cyclohexanol
"2-(2,5-Dimethoxy-phenyl)-propionaldehyde","D-Isoleucine, N-acetyl-"
"2-(2,5-Dimethoxy-phenyl)-propionaldehyde",Diphenyl ether
"2-(2,5-Dimethoxy-phenyl)-propionaldehyde","Ethanol, 2-(9-octadecenyloxy)-"
"2-(2,5-Dimethoxy-phenyl)-propionaldehyde","Furan, 2-pentyl-"
"2-(2,5-Dimethoxy-phenyl)-propionaldehyde",Glyoxime
"2-(2,5-Dimethoxy-phenyl)-propionaldehyde",Isofucosterol
"2-(2,5-Dimethoxy-phenyl)-propionaldehyde",Naphthofluorescein
"2-(2,5-Dimethoxy-phenyl)-propionaldehyde",Nonanal
"2-(2,5-Dimethoxy-phenyl)-propionaldehyde",Pantolactone
"2-(2,5-Dimethoxy-phenyl)-propionaldehyde",Phloroglucinol
"2-(2,5-Dimethoxy-phenyl)-propionaldehyde",Phthalazin-1-one
"2-(2,5-Dimethoxy-phenyl)-propionaldehyde",Picolinic acid
"2-(2,5-Dimethoxy-phenyl)-propionaldehyde","Propanoic acid, 2-methyl-"
"2-(2,5-Dimethoxy-phenyl)-propionaldehyde","Spiro[cyclopenta[d]-1,3,2-dioxaborin-4(5H),1'-cyclopentane], 2-ethyl-6,7-dihydro-"
"2-(2,5-Dimethoxy-phenyl)-propionaldehyde","Stigmast-5-ene, 3beta-"
"2-(2,5-Dimethoxy-phenyl)-propionaldehyde",Thymidine
"2-(2,5-Dimethoxy-phenyl)-propionaldehyde","Thymine, 1,3-dimethyl-6-(trimethylsilyloxymethyl)-"
2-(Bis[2-(trimethylsilyl)oxyethyl]amino)acetic acid,2-Heptenoic acid
2-(Bis[2-(trimethylsilyl)oxyethyl]amino)acetic acid,2-Pentenoic acid
2-(Bis[2-(trimethylsilyl)oxyethyl]amino)acetic acid,3-Hydroxyisovaleric acid
2-(Bis[2-(trimethylsilyl)oxyethyl]amino)acetic acid,"3,5-di-tert-Butyl-4-hydroxyacetophenone"
2-(Bis[2-(trimethylsilyl)oxyethyl]amino)acetic acid,4-Hydroxy-5-(hydroxymethyl)oxolan-2-one
2-(Bis[2-(trimethylsilyl)oxyethyl]amino)acetic acid,5-Hydroxytryptophan
2-(Bis[2-(trimethylsilyl)oxyethyl]amino)acetic acid,"9H-Fluorene, 9-methylene-"
2-(Bis[2-(trimethylsilyl)oxyethyl]amino)acetic acid,"Benzoic acid, methyl ester"
2-(Bis[2-(trimethylsilyl)oxyethyl]amino)acetic acid,beta-Methylphenethylamine
2-(Bis[2-(trimethylsilyl)oxyethyl]amino)acetic acid,"Cholesta-3,5-diene "
2-(Bis[2-(trimethylsilyl)oxyethyl]amino)acetic acid,Cyclo-(l-leucyl-l-phenylalanyl) 
2-(Bis[2-(trimethylsilyl)oxyethyl]amino)acetic acid,Cyclohexanol
2-(Bis[2-(trimethylsilyl)oxyethyl]amino)acetic acid,"Erythrono-1,4-lactone, (Z)-"
2-(Bis[2-(trimethylsilyl)oxyethyl]amino)acetic acid,Glucose
2-(Bis[2-(trimethylsilyl)oxyethyl]amino)acetic acid,"N-isobutyl-2-(trimethylsilyloxy]-4,5-dihydro-1H-imidazole-1-carboxamide"
2-(Bis[2-(trimethylsilyl)oxyethyl]amino)acetic acid,Neostigmine 
2-(Bis[2-(trimethylsilyl)oxyethyl]amino)acetic acid,Nonadecanoic acid
2-(Bis[2-(trimethylsilyl)oxyethyl]amino)acetic acid,Nonanal
2-(Bis[2-(trimethylsilyl)oxyethyl]amino)acetic acid,p-Toluic acid
2-(Bis[2-(trimethylsilyl)oxyethyl]amino)acetic acid,Pantolactone
2-(Bis[2-(trimethylsilyl)oxyethyl]amino)acetic acid,"Pyrazine, 3,6-dimethyl-2,5-bis(trimethylsilyloxy)-"
2-(Bis[2-(trimethylsilyl)oxyethyl]amino)acetic acid,"Talonic acid, gamma-lactone"
2-(Bis[2-(trimethylsilyl)oxyethyl]amino)acetic acid,Urea
"2-(Decanoyloxy)propane-1,3-diyl dioctanoate",2-Acetyl-5-chloro-3-methylbenzo(b)thiophene
"2-(Decanoyloxy)propane-1,3-diyl dioctanoate","2-Allyl-1,4-dimethoxybenzene"
"2-(Decanoyloxy)propane-1,3-diyl dioctanoate",2-Aminobutanoic acid
"2-(Decanoyloxy)propane-1,3-diyl dioctanoate",2-Ethyl-3-hydroxypropionic acid
"2-(Decanoyloxy)propane-1,3-diyl dioctanoate","2-Heptanone, 4,6-dimethyl-"
"2-(Decanoyloxy)propane-1,3-diyl dioctanoate","2-Hexenoic acid, 2-[(trimethylsilyl)oxy]-"
"2-(Decanoyloxy)propane-1,3-diyl dioctanoate",2-Ketoisocaproic acid
"2-(Decanoyloxy)propane-1,3-diyl dioctanoate",2-Methyl-4-pentenoic acid
"2-(Decanoyloxy)propane-1,3-diyl dioctanoate",2-Naphthol
"2-(Decanoyloxy)propane-1,3-diyl dioctanoate","2,2,4-Trimethyl-1,3-pentanediol diisobutyrate"
"2-(Decanoyloxy)propane-1,3-diyl dioctanoate","2,5-Piperazinedione, 3-benzyl-6-isopropyl-"
"2-(Decanoyloxy)propane-1,3-diyl dioctanoate",3-Amino-5-morpholinomethyl-2-oxazolidinone
"2-(Decanoyloxy)propane-1,3-diyl dioctanoate","3-Buten-2-one, 4-(4-methoxyphenyl)-"
"2-(Decanoyloxy)propane-1,3-diyl dioctanoate",3-Hexenedinitrile
"2-(Decanoyloxy)propane-1,3-diyl dioctanoate","3-Hydroxy-2,3-dihydromaltol"
"2-(Decanoyloxy)propane-1,3-diyl dioctanoate",3-Hydroxyisovaleric acid
"2-(Decanoyloxy)propane-1,3-diyl dioctanoate",3-Ureidopropionic acid
"2-(Decanoyloxy)propane-1,3-diyl dioctanoate","3,5-Dimethylpyrazole"
"2-(Decanoyloxy)propane-1,3-diyl dioctanoate","3beta-TRIMETHYLSILOXY-5alpha,6alpha-EPOXYCHOLESTANE"
"2-(Decanoyloxy)propane-1,3-diyl dioctanoate","3beta,4beta-Bis(trimethylsiloxy)cholest-5-ene"
"2-(Decanoyloxy)propane-1,3-diyl dioctanoate",4-Cumylphenol
"2-(Decanoyloxy)propane-1,3-diyl dioctanoate",4-Hydroxybenzeneacetic acid
"2-(Decanoyloxy)propane-1,3-diyl dioctanoate",5-Henicosylresorcinol
"2-(Decanoyloxy)propane-1,3-diyl dioctanoate",5-Hydroxyquinoline
"2-(Decanoyloxy)propane-1,3-diyl dioctanoate",9-Octadecenoic acid
"2-(Decanoyloxy)propane-1,3-diyl dioctanoate","9,12-Octadecadienoic acid"
"2-(Decanoyloxy)propane-1,3-diyl dioctanoate",Aceturic acid
"2-(Decanoyloxy)propane-1,3-diyl dioctanoate",alpha-Linolenic acid
"2-(Decanoyloxy)propane-1,3-diyl dioctanoate",alpha-Tocopherol
"2-(Decanoyloxy)propane-1,3-diyl dioctanoate",Arachidonic acid
"2-(Decanoyloxy)propane-1,3-diyl dioctanoate",Azatadine
"2-(Decanoyloxy)propane-1,3-diyl dioctanoate","Aziridine, 1-(2-buten-2-yl)-"
"2-(Decanoyloxy)propane-1,3-diyl dioctanoate","Benzene, 4-ethenyl-1,2-dimethoxy-"
"2-(Decanoyloxy)propane-1,3-diyl dioctanoate",Benzeneacetic acid
"2-(Decanoyloxy)propane-1,3-diyl dioctanoate","Benzimidazole, 5-trifluoromethyl-2-methyl-"
"2-(Decanoyloxy)propane-1,3-diyl dioctanoate","Benzoic acid, pentadecyl ester"
"2-(Decanoyloxy)propane-1,3-diyl dioctanoate","beta-D-Galactofuranose, 1,2,3,5,6-pentakis-O-(trimethylsilyl)-"
"2-(Decanoyloxy)propane-1,3-diyl dioctanoate",beta-D-Glucopyranose
"2-(Decanoyloxy)propane-1,3-diyl dioctanoate", 5-Hydroxyhexanoic acid
"2-(Decanoyloxy)propane-1,3-diyl dioctanoate",Boric acid
"2-(Decanoyloxy)propane-1,3-diyl dioctanoate",Butanedioic acid
"2-(Decanoyloxy)propane-1,3-diyl dioctanoate","Butanoic acid, 2,4-bis[(trimethylsilyl)oxy]-"
"2-(Decanoyloxy)propane-1,3-diyl dioctanoate",cis-4-Trimethylsilyloxy-cyclohexyl(trimethylsilyl)carboxylate
"2-(Decanoyloxy)propane-1,3-diyl dioctanoate",Cyclohexanol
"2-(Decanoyloxy)propane-1,3-diyl dioctanoate","Cyclohexene, 3-butyl-3-methyl-1-trimethylsilyloxy-"
"2-(Decanoyloxy)propane-1,3-diyl dioctanoate","Cyclohexene, 3,3-dimethyl-1-(trimethylsilyloxy)-"
"2-(Decanoyloxy)propane-1,3-diyl dioctanoate","Cyclopentaneacetic acid, 3-oxo-2-pentyl-"
"2-(Decanoyloxy)propane-1,3-diyl dioctanoate","Cyclopentanone, 2,2,4-trimethyl-"
"2-(Decanoyloxy)propane-1,3-diyl dioctanoate","D-(-)-Fructofuranose, pentakis"
"2-(Decanoyloxy)propane-1,3-diyl dioctanoate","D-Erythro-Pentofuranose, 2-deoxy-1,3-bis-O-"
"2-(Decanoyloxy)propane-1,3-diyl dioctanoate",D-Fructose
"2-(Decanoyloxy)propane-1,3-diyl dioctanoate",Delorazepam
"2-(Decanoyloxy)propane-1,3-diyl dioctanoate",Desmosterol
"2-(Decanoyloxy)propane-1,3-diyl dioctanoate","Dimethyl hexopyranosiduronate, alpha-D-"
"2-(Decanoyloxy)propane-1,3-diyl dioctanoate",Dinoseb 
"2-(Decanoyloxy)propane-1,3-diyl dioctanoate",Diphenyl ether
"2-(Decanoyloxy)propane-1,3-diyl dioctanoate",DL-Glyceraldehyde
"2-(Decanoyloxy)propane-1,3-diyl dioctanoate",Galactopyranose
"2-(Decanoyloxy)propane-1,3-diyl dioctanoate",Glucopyranose
"2-(Decanoyloxy)propane-1,3-diyl dioctanoate","Glycine, N-(1-oxobutyl)-"
"2-(Decanoyloxy)propane-1,3-diyl dioctanoate","Guanidine, N,N-dimethyl-"
"2-(Decanoyloxy)propane-1,3-diyl dioctanoate",Hydantoic acid
"2-(Decanoyloxy)propane-1,3-diyl dioctanoate",Hydracrylic acid
"2-(Decanoyloxy)propane-1,3-diyl dioctanoate",Isofucosterol
"2-(Decanoyloxy)propane-1,3-diyl dioctanoate",Isopropyl palmitate
"2-(Decanoyloxy)propane-1,3-diyl dioctanoate","Isoquinoline, 3,4-dihydro-6,7-dimethoxy-1-[4-hydroxybenzyl]-"
"2-(Decanoyloxy)propane-1,3-diyl dioctanoate",Itaconic acid
"2-(Decanoyloxy)propane-1,3-diyl dioctanoate",L-Alanine
"2-(Decanoyloxy)propane-1,3-diyl dioctanoate",L-Cysteine
"2-(Decanoyloxy)propane-1,3-diyl dioctanoate","L-Lysine, ethyl ester "
"2-(Decanoyloxy)propane-1,3-diyl dioctanoate",L-Threitol
"2-(Decanoyloxy)propane-1,3-diyl dioctanoate",Metanephrine
"2-(Decanoyloxy)propane-1,3-diyl dioctanoate",Methyl-3-methoxy-5-methyl benzoate
"2-(Decanoyloxy)propane-1,3-diyl dioctanoate",Mirin
"2-(Decanoyloxy)propane-1,3-diyl dioctanoate",Myristic acid
"2-(Decanoyloxy)propane-1,3-diyl dioctanoate",N-Methyl-N-(tetrahydro-2-furanylmethyl)-4-piperidinamine
"2-(Decanoyloxy)propane-1,3-diyl dioctanoate","N,N-Diethyl-2-aminoethanol"
"2-(Decanoyloxy)propane-1,3-diyl dioctanoate",Neostigmine 
"2-(Decanoyloxy)propane-1,3-diyl dioctanoate",Niclosamide
"2-(Decanoyloxy)propane-1,3-diyl dioctanoate",Nitrosothymol
"2-(Decanoyloxy)propane-1,3-diyl dioctanoate",Nonadecanoic acid
"2-(Decanoyloxy)propane-1,3-diyl dioctanoate",Nonanal
"2-(Decanoyloxy)propane-1,3-diyl dioctanoate","Pentanedioic acid, 3-methyl-3-[(trimethylsilyl)oxy]-"
"2-(Decanoyloxy)propane-1,3-diyl dioctanoate","Pentenoic acid, 4-[(trimethylsilyl)oxy]-"
"2-(Decanoyloxy)propane-1,3-diyl dioctanoate",Phenoxyacetic acid
"2-(Decanoyloxy)propane-1,3-diyl dioctanoate",Phloroglucinol
"2-(Decanoyloxy)propane-1,3-diyl dioctanoate","Propanetriol, 2-methyl-"
"2-(Decanoyloxy)propane-1,3-diyl dioctanoate",Propylamine
"2-(Decanoyloxy)propane-1,3-diyl dioctanoate","Pyrazine, 3,6-dimethyl-2,5-bis(trimethylsilyloxy)-"
"2-(Decanoyloxy)propane-1,3-diyl dioctanoate","Ribonic acid, 2,3,4,5-tetrakis-"
"2-(Decanoyloxy)propane-1,3-diyl dioctanoate",S-Methyl-L-cysteine
"2-(Decanoyloxy)propane-1,3-diyl dioctanoate",Salsoline
"2-(Decanoyloxy)propane-1,3-diyl dioctanoate","Stigmast-5-ene, 3beta-"
"2-(Decanoyloxy)propane-1,3-diyl dioctanoate",Suberic acid
"2-(Decanoyloxy)propane-1,3-diyl dioctanoate",Tartronic acid
"2-(Decanoyloxy)propane-1,3-diyl dioctanoate",Triethanolamine
"2-(Decanoyloxy)propane-1,3-diyl dioctanoate",Xylitol
"2-Acetyl-3-(1-methyl-2-pyrrolyl)-1,4-benzenediol","2,6-Dimethyl-N-[3-(trimethylsilyl)-1,3-thiazinan-2-ylidene]aniline"
"2-Acetyl-3-(1-methyl-2-pyrrolyl)-1,4-benzenediol","3-Methoxyamphetamine, 4-Trimethylsilyloxy, N,N-bis(Trimethylsilyloxy)-"
"2-Acetyl-3-(1-methyl-2-pyrrolyl)-1,4-benzenediol","7-Acetyl-6-ethyl-1,1,4,4-tetramethyltetralin "
"2-Acetyl-3-(1-methyl-2-pyrrolyl)-1,4-benzenediol",alpha-Linolenic acid
"2-Acetyl-3-(1-methyl-2-pyrrolyl)-1,4-benzenediol","Benzene, 1,1'-(1,2-cyclobutanediyl)bis-"
"2-Acetyl-3-(1-methyl-2-pyrrolyl)-1,4-benzenediol",Campesterol
"2-Acetyl-3-(1-methyl-2-pyrrolyl)-1,4-benzenediol","D-(-)-Lyxose, tetrakis"
"2-Acetyl-3-(1-methyl-2-pyrrolyl)-1,4-benzenediol","D-(-)-Ribofuranose, tetrakis"
"2-Acetyl-3-(1-methyl-2-pyrrolyl)-1,4-benzenediol",D-Fructose
"2-Acetyl-3-(1-methyl-2-pyrrolyl)-1,4-benzenediol",Deoxycholic Acid
"2-Acetyl-3-(1-methyl-2-pyrrolyl)-1,4-benzenediol",Docosyl octyl ether
"2-Acetyl-3-(1-methyl-2-pyrrolyl)-1,4-benzenediol","Dodecanoic acid, 1-methylethyl ester"
"2-Acetyl-3-(1-methyl-2-pyrrolyl)-1,4-benzenediol",Glycolic acid
"2-Acetyl-3-(1-methyl-2-pyrrolyl)-1,4-benzenediol",Isonicotinic Acid
"2-Acetyl-3-(1-methyl-2-pyrrolyl)-1,4-benzenediol",L-5-Oxoproline
"2-Acetyl-3-(1-methyl-2-pyrrolyl)-1,4-benzenediol",L-Alanine
"2-Acetyl-3-(1-methyl-2-pyrrolyl)-1,4-benzenediol",L-Cysteine
"2-Acetyl-3-(1-methyl-2-pyrrolyl)-1,4-benzenediol",L-Glutamine
"2-Acetyl-3-(1-methyl-2-pyrrolyl)-1,4-benzenediol",l-Histidine ethyl ester
"2-Acetyl-3-(1-methyl-2-pyrrolyl)-1,4-benzenediol",n-Pentadecanol
"2-Acetyl-3-(1-methyl-2-pyrrolyl)-1,4-benzenediol",Norketamine
"2-Acetyl-3-(1-methyl-2-pyrrolyl)-1,4-benzenediol","Quinolin-4-one, 1-[2-(3,4-dimethoxyphenyl)ethyl]-octahydro-"
"2-Acetyl-3-(1-methyl-2-pyrrolyl)-1,4-benzenediol","Ribonic acid, 2,3,4,5-tetrakis-"
"2-Acetyl-3-(1-methyl-2-pyrrolyl)-1,4-benzenediol",Trimethylsilyl oct-2-enoate 
2-Acetyl-5-chloro-3-methylbenzo(b)thiophene,"2-Allyl-1,4-dimethoxybenzene"
2-Acetyl-5-chloro-3-methylbenzo(b)thiophene,2-Amino-4-methylphenol
2-Acetyl-5-chloro-3-methylbenzo(b)thiophene,2-Ethyl-3-hydroxypropionic acid
2-Acetyl-5-chloro-3-methylbenzo(b)thiophene,2-Furoic acid
2-Acetyl-5-chloro-3-methylbenzo(b)thiophene,2-Heptenoic acid
2-Acetyl-5-chloro-3-methylbenzo(b)thiophene,"2-Hexenoic acid, 2-[(trimethylsilyl)oxy]-"
2-Acetyl-5-chloro-3-methylbenzo(b)thiophene,2-Methyl-4-pentenoic acid
2-Acetyl-5-chloro-3-methylbenzo(b)thiophene,2-Naphthol
2-Acetyl-5-chloro-3-methylbenzo(b)thiophene,"2,2,4-Trimethyl-1,3-pentanediol diisobutyrate"
2-Acetyl-5-chloro-3-methylbenzo(b)thiophene,"2,3,4-Trihydroxybutyric acid tetrakis"
2-Acetyl-5-chloro-3-methylbenzo(b)thiophene,"2,3,4,5-Tetrahydroxypentanoic acid-1,4-lactone"
2-Acetyl-5-chloro-3-methylbenzo(b)thiophene,"2,4-Diamino-6,7-dimethylpteridine"
2-Acetyl-5-chloro-3-methylbenzo(b)thiophene,"2,5-di-tert-Butyl-1,4-benzoquinone"
2-Acetyl-5-chloro-3-methylbenzo(b)thiophene,"2,5-Piperazinedione, 3-benzyl-6-isopropyl-"
2-Acetyl-5-chloro-3-methylbenzo(b)thiophene,"2,6-Bis[2-[2-S-thiosulfuroethylamino]ethoxy]pyrazine"
2-Acetyl-5-chloro-3-methylbenzo(b)thiophene,"2,6-Dimethyl-N-[3-(trimethylsilyl)-1,3-thiazinan-2-ylidene]aniline"
2-Acetyl-5-chloro-3-methylbenzo(b)thiophene,3-Amino-5-morpholinomethyl-2-oxazolidinone
2-Acetyl-5-chloro-3-methylbenzo(b)thiophene,3-Hexenedinitrile
2-Acetyl-5-chloro-3-methylbenzo(b)thiophene,"3-Hydroxy-2,3-dihydromaltol"
2-Acetyl-5-chloro-3-methylbenzo(b)thiophene,3-Methoxysalicylic acid
2-Acetyl-5-chloro-3-methylbenzo(b)thiophene,"3-Methylpiperazine-2,5-dione, (R)-"
2-Acetyl-5-chloro-3-methylbenzo(b)thiophene,3-Nonen-1-ol
2-Acetyl-5-chloro-3-methylbenzo(b)thiophene,3-Ureidopropionic acid
2-Acetyl-5-chloro-3-methylbenzo(b)thiophene,"3,4,5-Trihydroxypentanoic acid, tetrakis(trimethylsilyl)-"
2-Acetyl-5-chloro-3-methylbenzo(b)thiophene,"3,5-Dimethylpyrazole"
2-Acetyl-5-chloro-3-methylbenzo(b)thiophene,"3beta-TRIMETHYLSILOXY-5alpha,6alpha-EPOXYCHOLESTANE"
2-Acetyl-5-chloro-3-methylbenzo(b)thiophene,"3beta,4beta-Bis(trimethylsiloxy)cholest-5-ene"
2-Acetyl-5-chloro-3-methylbenzo(b)thiophene,4-Cumylphenol
2-Acetyl-5-chloro-3-methylbenzo(b)thiophene,4-Hydroxybenzeneacetic acid
2-Acetyl-5-chloro-3-methylbenzo(b)thiophene,"5-Androsten-17alpha-methyl-3beta,17beta-diol"
2-Acetyl-5-chloro-3-methylbenzo(b)thiophene,5-Hydroxyquinoline
2-Acetyl-5-chloro-3-methylbenzo(b)thiophene,5-Hydroxytryptophan
2-Acetyl-5-chloro-3-methylbenzo(b)thiophene,"5,10-Diethoxy-2,3,7,8-tetrahydro-1H,6H-dipyrrolo[1,2-a:1',2'-d]pyrazine "
2-Acetyl-5-chloro-3-methylbenzo(b)thiophene,"6,7,4'-Trihydroxyisoflavone"
2-Acetyl-5-chloro-3-methylbenzo(b)thiophene,"6,8-Dioxapentadecane"
2-Acetyl-5-chloro-3-methylbenzo(b)thiophene,9-Octadecenoic acid
2-Acetyl-5-chloro-3-methylbenzo(b)thiophene,"Acetamide, N,N-diethyl-"
2-Acetyl-5-chloro-3-methylbenzo(b)thiophene,"Acetin, bis-1,3-trimethylsilyl ether"
2-Acetyl-5-chloro-3-methylbenzo(b)thiophene,alpha-Linolenic acid
2-Acetyl-5-chloro-3-methylbenzo(b)thiophene,alpha-Tocopherol
2-Acetyl-5-chloro-3-methylbenzo(b)thiophene,Ammeline
2-Acetyl-5-chloro-3-methylbenzo(b)thiophene,Arachidonic acid
2-Acetyl-5-chloro-3-methylbenzo(b)thiophene,Arsenous acid
2-Acetyl-5-chloro-3-methylbenzo(b)thiophene,"Benzaldehyde, 2,5-dimethyl-"
2-Acetyl-5-chloro-3-methylbenzo(b)thiophene,"Benzene, 1-acetoxy-2,6-dimethoxy-4-(2-propenyl)-"
2-Acetyl-5-chloro-3-methylbenzo(b)thiophene,Benzeneacetic acid
2-Acetyl-5-chloro-3-methylbenzo(b)thiophene,"Benzimidazole, 5-trifluoromethyl-2-methyl-"
2-Acetyl-5-chloro-3-methylbenzo(b)thiophene,"Benzoic acid, pentadecyl ester"
2-Acetyl-5-chloro-3-methylbenzo(b)thiophene,Benzophenone
2-Acetyl-5-chloro-3-methylbenzo(b)thiophene,"beta-D-Galactofuranose, 1,2,3,5,6-pentakis-O-(trimethylsilyl)-"
2-Acetyl-5-chloro-3-methylbenzo(b)thiophene,beta-Lyxopyranose
2-Acetyl-5-chloro-3-methylbenzo(b)thiophene, 5-Hydroxyhexanoic acid
2-Acetyl-5-chloro-3-methylbenzo(b)thiophene,"Butanal, 2,3,4-tris[(trimethylsilyl)oxy]-, O-methyloxime, [R-(R*,R*)]-"
2-Acetyl-5-chloro-3-methylbenzo(b)thiophene,Butanedioic acid
2-Acetyl-5-chloro-3-methylbenzo(b)thiophene,"Butanoic acid, 2,4-bis[(trimethylsilyl)oxy]-"
2-Acetyl-5-chloro-3-methylbenzo(b)thiophene,Butylated Hydroxytoluene
2-Acetyl-5-chloro-3-methylbenzo(b)thiophene,Butyrovanillone
2-Acetyl-5-chloro-3-methylbenzo(b)thiophene,Carfentrazone-ethyl
2-Acetyl-5-chloro-3-methylbenzo(b)thiophene,"Cholesta-3,5-dien-7-one"
2-Acetyl-5-chloro-3-methylbenzo(b)thiophene,cis-4-Trimethylsilyloxy-cyclohexyl(trimethylsilyl)carboxylate
2-Acetyl-5-chloro-3-methylbenzo(b)thiophene,Cyclo-(l-leucyl-l-phenylalanyl) 
2-Acetyl-5-chloro-3-methylbenzo(b)thiophene,Cyclohexanol
2-Acetyl-5-chloro-3-methylbenzo(b)thiophene,"Cyclopentaneacetic acid, 3-oxo-2-pentyl-"
2-Acetyl-5-chloro-3-methylbenzo(b)thiophene,D-(-)-Citramalic acid
2-Acetyl-5-chloro-3-methylbenzo(b)thiophene,D-Fructose
2-Acetyl-5-chloro-3-methylbenzo(b)thiophene,Deoxycholic Acid
2-Acetyl-5-chloro-3-methylbenzo(b)thiophene,Dihydrouracil
2-Acetyl-5-chloro-3-methylbenzo(b)thiophene,Dinoseb 
2-Acetyl-5-chloro-3-methylbenzo(b)thiophene,Diphenyl ether
2-Acetyl-5-chloro-3-methylbenzo(b)thiophene,DL-Glyceraldehyde
2-Acetyl-5-chloro-3-methylbenzo(b)thiophene,"DL-Proline, 5-oxo-"
2-Acetyl-5-chloro-3-methylbenzo(b)thiophene,"Dodecane, 4,6-dimethyl-"
2-Acetyl-5-chloro-3-methylbenzo(b)thiophene,"Furan, 2-pentyl-"
2-Acetyl-5-chloro-3-methylbenzo(b)thiophene,Glyoxime
2-Acetyl-5-chloro-3-methylbenzo(b)thiophene,Guanabenz
2-Acetyl-5-chloro-3-methylbenzo(b)thiophene,Hydantoic acid
2-Acetyl-5-chloro-3-methylbenzo(b)thiophene,Hydroquinone
2-Acetyl-5-chloro-3-methylbenzo(b)thiophene,Indole-5-carboxylic acid
2-Acetyl-5-chloro-3-methylbenzo(b)thiophene,"Inosose-2, 1,3,4,5,6-pentakis-"
2-Acetyl-5-chloro-3-methylbenzo(b)thiophene,Isofucosterol
2-Acetyl-5-chloro-3-methylbenzo(b)thiophene,Isopropyl palmitate
2-Acetyl-5-chloro-3-methylbenzo(b)thiophene,L-Aspartic acid
2-Acetyl-5-chloro-3-methylbenzo(b)thiophene,L-Glutamic acid
2-Acetyl-5-chloro-3-methylbenzo(b)thiophene,"L-Lysine, ethyl ester "
2-Acetyl-5-chloro-3-methylbenzo(b)thiophene,L-Threitol
2-Acetyl-5-chloro-3-methylbenzo(b)thiophene,Methyl aminoacetate
2-Acetyl-5-chloro-3-methylbenzo(b)thiophene,Methyl-3-methoxy-5-methyl benzoate
2-Acetyl-5-chloro-3-methylbenzo(b)thiophene,"N-(Trifluoroacetyl)-N,O,O'-tris(trimethylsilyl)normetanephrine"
2-Acetyl-5-chloro-3-methylbenzo(b)thiophene,N-Isobutyrylglycine
2-Acetyl-5-chloro-3-methylbenzo(b)thiophene,N-Isovaleroylglycine
2-Acetyl-5-chloro-3-methylbenzo(b)thiophene,N-Methyl-N-(tetrahydro-2-furanylmethyl)-4-piperidinamine
2-Acetyl-5-chloro-3-methylbenzo(b)thiophene,Neostigmine 
2-Acetyl-5-chloro-3-methylbenzo(b)thiophene,Nonadecanoic acid
2-Acetyl-5-chloro-3-methylbenzo(b)thiophene,Nonanal
2-Acetyl-5-chloro-3-methylbenzo(b)thiophene,"Oxalic acid, allyl octyl ester"
2-Acetyl-5-chloro-3-methylbenzo(b)thiophene,p-Hydroxydiisopropylbenzene
2-Acetyl-5-chloro-3-methylbenzo(b)thiophene,p-Toluic acid
2-Acetyl-5-chloro-3-methylbenzo(b)thiophene,Pantolactone
2-Acetyl-5-chloro-3-methylbenzo(b)thiophene,"Pentanedioic acid, 3-methyl-3-[(trimethylsilyl)oxy]-"
2-Acetyl-5-chloro-3-methylbenzo(b)thiophene,"Pentenoic acid, 4-[(trimethylsilyl)oxy]-"
2-Acetyl-5-chloro-3-methylbenzo(b)thiophene,Phenoxyacetic acid
2-Acetyl-5-chloro-3-methylbenzo(b)thiophene,Phloroglucinol
2-Acetyl-5-chloro-3-methylbenzo(b)thiophene,Pimelic acid
2-Acetyl-5-chloro-3-methylbenzo(b)thiophene,"Propanetriol, 2-methyl-"
2-Acetyl-5-chloro-3-methylbenzo(b)thiophene,Propylamine
2-Acetyl-5-chloro-3-methylbenzo(b)thiophene,"Pyrimidine, 5-methyl-2,4-bis[(trimethylsilyl)oxy]-"
2-Acetyl-5-chloro-3-methylbenzo(b)thiophene,S-Methyl-L-cysteine
2-Acetyl-5-chloro-3-methylbenzo(b)thiophene,Salsoline
2-Acetyl-5-chloro-3-methylbenzo(b)thiophene,Sertraline carbamoyl glucuronide
2-Acetyl-5-chloro-3-methylbenzo(b)thiophene,"Stigmast-5-ene, 3beta-"
2-Acetyl-5-chloro-3-methylbenzo(b)thiophene,Supraene
2-Acetyl-5-chloro-3-methylbenzo(b)thiophene,Tartronic acid
2-Acetyl-5-chloro-3-methylbenzo(b)thiophene,Triethanolamine
2-Acetyl-5-chloro-3-methylbenzo(b)thiophene,L-Tyrosine
"2-Allyl-1,4-dimethoxybenzene",2-Amino-4-methylphenol
"2-Allyl-1,4-dimethoxybenzene",2-Ethyl-3-hydroxypropionic acid
"2-Allyl-1,4-dimethoxybenzene","2-Hexenoic acid, 2-[(trimethylsilyl)oxy]-"
"2-Allyl-1,4-dimethoxybenzene",2-Pentenoic acid
"2-Allyl-1,4-dimethoxybenzene","2,2,4-Trimethyl-1,3-pentanediol diisobutyrate"
"2-Allyl-1,4-dimethoxybenzene","2,3,4-Trihydroxybutyric acid tetrakis"
"2-Allyl-1,4-dimethoxybenzene","2,5-Piperazinedione, 3-benzyl-6-isopropyl-"
"2-Allyl-1,4-dimethoxybenzene","2,6-Bis[2-[2-S-thiosulfuroethylamino]ethoxy]pyrazine"
"2-Allyl-1,4-dimethoxybenzene",3-Amino-5-morpholinomethyl-2-oxazolidinone
"2-Allyl-1,4-dimethoxybenzene",3-Methoxysalicylic acid
"2-Allyl-1,4-dimethoxybenzene","3-Methylpiperazine-2,5-dione, (R)-"
"2-Allyl-1,4-dimethoxybenzene",3-Ureidopropionic acid
"2-Allyl-1,4-dimethoxybenzene","3,5-Di-tert-butyl-2-trimethylsilyloxybenzaldehyde"
"2-Allyl-1,4-dimethoxybenzene","3,5-Dimethylpyrazole"
"2-Allyl-1,4-dimethoxybenzene","3beta-TRIMETHYLSILOXY-5alpha,6alpha-EPOXYCHOLESTANE"
"2-Allyl-1,4-dimethoxybenzene","3beta,4beta-Bis(trimethylsiloxy)cholest-5-ene"
"2-Allyl-1,4-dimethoxybenzene",5-Hydroxyquinoline
"2-Allyl-1,4-dimethoxybenzene","5,10-Diethoxy-2,3,7,8-tetrahydro-1H,6H-dipyrrolo[1,2-a:1',2'-d]pyrazine "
"2-Allyl-1,4-dimethoxybenzene",9-Octadecenoic acid
"2-Allyl-1,4-dimethoxybenzene","Acetin, bis-1,3-trimethylsilyl ether"
"2-Allyl-1,4-dimethoxybenzene",alpha-Linolenic acid
"2-Allyl-1,4-dimethoxybenzene",Ammeline
"2-Allyl-1,4-dimethoxybenzene",Arachidonic acid
"2-Allyl-1,4-dimethoxybenzene",Arsenous acid
"2-Allyl-1,4-dimethoxybenzene","Benzaldehyde, 2,5-dimethyl-"
"2-Allyl-1,4-dimethoxybenzene","Benzene, 1-acetoxy-2,6-dimethoxy-4-(2-propenyl)-"
"2-Allyl-1,4-dimethoxybenzene",Benzeneacetic acid
"2-Allyl-1,4-dimethoxybenzene","Benzimidazole, 5-trifluoromethyl-2-methyl-"
"2-Allyl-1,4-dimethoxybenzene","Benzoic acid, pentadecyl ester"
"2-Allyl-1,4-dimethoxybenzene",Benzophenone
"2-Allyl-1,4-dimethoxybenzene","beta-D-Galactofuranose, 1,2,3,5,6-pentakis-O-(trimethylsilyl)-"
"2-Allyl-1,4-dimethoxybenzene",beta-Lyxopyranose
"2-Allyl-1,4-dimethoxybenzene", 5-Hydroxyhexanoic acid
"2-Allyl-1,4-dimethoxybenzene","Butanoic acid, 2,4-bis[(trimethylsilyl)oxy]-"
"2-Allyl-1,4-dimethoxybenzene","Cetaben, N,O-bis(trimethylsilyl)-"
"2-Allyl-1,4-dimethoxybenzene",cis-4-Trimethylsilyloxy-cyclohexyl(trimethylsilyl)carboxylate
"2-Allyl-1,4-dimethoxybenzene","Cyclohexene, 3-butyl-3-methyl-1-trimethylsilyloxy-"
"2-Allyl-1,4-dimethoxybenzene","Cyclopentaneacetic acid, 3-oxo-2-pentyl-"
"2-Allyl-1,4-dimethoxybenzene",D-(-)-Citramalic acid
"2-Allyl-1,4-dimethoxybenzene",D-Fructose
"2-Allyl-1,4-dimethoxybenzene",Decanoic acid
"2-Allyl-1,4-dimethoxybenzene",Dihydrouracil
"2-Allyl-1,4-dimethoxybenzene",Dinoseb 
"2-Allyl-1,4-dimethoxybenzene",Diphenyl ether
"2-Allyl-1,4-dimethoxybenzene",DL-Glyceraldehyde
"2-Allyl-1,4-dimethoxybenzene",Glyceric acid
"2-Allyl-1,4-dimethoxybenzene",Glyoxime
"2-Allyl-1,4-dimethoxybenzene",Hydantoic acid
"2-Allyl-1,4-dimethoxybenzene","Inosose-2, 1,3,4,5,6-pentakis-"
"2-Allyl-1,4-dimethoxybenzene",Isofucosterol
"2-Allyl-1,4-dimethoxybenzene",Isopropyl palmitate
"2-Allyl-1,4-dimethoxybenzene",Isoxaben
"2-Allyl-1,4-dimethoxybenzene",Itaconic acid
"2-Allyl-1,4-dimethoxybenzene",L-5-Oxoproline
"2-Allyl-1,4-dimethoxybenzene",L-Glutamic acid
"2-Allyl-1,4-dimethoxybenzene",L-Threitol
"2-Allyl-1,4-dimethoxybenzene","Methanone, [1-(4-chloropentyl)-1H-indol-3-yl](2,2,3,3-tetramethylcyclopropyl)-"
"2-Allyl-1,4-dimethoxybenzene",Methyl aminoacetate
"2-Allyl-1,4-dimethoxybenzene",Methyl-3-methoxy-5-methyl benzoate
"2-Allyl-1,4-dimethoxybenzene","N-(Trifluoroacetyl)-N,O,O'-tris(trimethylsilyl)normetanephrine"
"2-Allyl-1,4-dimethoxybenzene",N-Isobutyrylglycine
"2-Allyl-1,4-dimethoxybenzene",N-Methyl-N-(tetrahydro-2-furanylmethyl)-4-piperidinamine
"2-Allyl-1,4-dimethoxybenzene",p-Toluic acid
"2-Allyl-1,4-dimethoxybenzene","Pentanedioic acid, 3-methyl-3-[(trimethylsilyl)oxy]-"
"2-Allyl-1,4-dimethoxybenzene",Petroselinic acid
"2-Allyl-1,4-dimethoxybenzene","Propanetriol, 2-methyl-"
"2-Allyl-1,4-dimethoxybenzene",Propylamine
"2-Allyl-1,4-dimethoxybenzene","Pyrimidine, 5-methyl-2,4-bis[(trimethylsilyl)oxy]-"
"2-Allyl-1,4-dimethoxybenzene","Stigmast-5-ene, 3beta-"
"2-Allyl-1,4-dimethoxybenzene",Supraene
"2-Allyl-1,4-dimethoxybenzene",Tartronic acid
"2-Allyl-1,4-dimethoxybenzene",Triethanolamine
"2-Allyl-1,4-dimethoxybenzene",Trimethylsilyl oct-2-enoate 
"2-Allyl-1,4-dimethoxybenzene",Uridine
2-Amino-4-methylphenol,2-Methylglutaconic acid
2-Amino-4-methylphenol,"2,3,4,5-Tetrahydroxypentanoic acid-1,4-lactone"
2-Amino-4-methylphenol,"6,8-Dioxapentadecane"
2-Amino-4-methylphenol,Alloxanic acid
2-Amino-4-methylphenol,Azatadine
2-Amino-4-methylphenol,"Benzene, 1-acetoxy-2,6-dimethoxy-4-(2-propenyl)-"
2-Amino-4-methylphenol,Butylmethylamine
2-Amino-4-methylphenol,Ethyl cis-2-trimethylsilyl-cyclopropane-1-carboxylate
2-Amino-4-methylphenol,Ribitol
2-Amino-4-methylphenol,Triethanolamine
"2-Amino-4,6-dihydroxypyrimidine","2-Hexenoic acid, 2-[(trimethylsilyl)oxy]-"
"2-Amino-4,6-dihydroxypyrimidine","2-Pentenedioic acid, 3-methyl-"
"2-Amino-4,6-dihydroxypyrimidine","2,2,4-Trimethyl-1,3-pentanediol diisobutyrate"
"2-Amino-4,6-dihydroxypyrimidine","2,5-Di-tert-butylhydroquinone"
"2-Amino-4,6-dihydroxypyrimidine","2,5-Dimethyl-1-aza-bicyclo[2.2.1]heptane"
"2-Amino-4,6-dihydroxypyrimidine","2,5-Piperazinedione, 3-methyl-6-(phenylmethyl)-"
"2-Amino-4,6-dihydroxypyrimidine",3-Aminobutanoic acid
"2-Amino-4,6-dihydroxypyrimidine","3beta,4beta-Bis(trimethylsiloxy)cholest-5-ene"
"2-Amino-4,6-dihydroxypyrimidine",4-Hydroxy-5-(hydroxymethyl)oxolan-2-one
"2-Amino-4,6-dihydroxypyrimidine","Benzeneethanamine, N-[(pentafluorophenyl)methylene]-4-[(trimethylsilyl)oxy]-"
"2-Amino-4,6-dihydroxypyrimidine", 5-Hydroxyhexanoic acid
"2-Amino-4,6-dihydroxypyrimidine","Carbonic acid, eicosyl vinyl ester "
"2-Amino-4,6-dihydroxypyrimidine",D-(-)-Citramalic acid
"2-Amino-4,6-dihydroxypyrimidine",Dehydronorketamine
"2-Amino-4,6-dihydroxypyrimidine",Dinoseb 
"2-Amino-4,6-dihydroxypyrimidine",Isofucosterol
"2-Amino-4,6-dihydroxypyrimidine",Isopropyl palmitate
"2-Amino-4,6-dihydroxypyrimidine",Isoxaben
"2-Amino-4,6-dihydroxypyrimidine",L-Hydroxyproline
"2-Amino-4,6-dihydroxypyrimidine","N,N-Diethyl-2-aminoethanol"
"2-Amino-4,6-dihydroxypyrimidine",Phenoxyacetic acid
"2-Amino-4,6-dihydroxypyrimidine","Propanoic acid, 2-methyl-"
"2-Amino-4,6-dihydroxypyrimidine",Propylamine
"2-Amino-4,6-dihydroxypyrimidine",Triethanolamine
"2-Amino-4,6-dihydroxypyrimidine",L-Tyrosine
2-Aminoadipic acid,"2,5-Dimethoxymandelic acid"
2-Aminoadipic acid,"2,5-Piperazinedione, 3-methyl-6-(phenylmethyl)-"
2-Aminoadipic acid,"2,6-Dimethoxybenzylamine"
2-Aminoadipic acid,3-Methylvaleric acid
2-Aminoadipic acid,4-Hydroxyphenyllactic acid
2-Aminoadipic acid,"7-Isoquinolinol, 1,2,3,4-tetrahydro-1-[(4-hydroxyphenyl)methyl]-6-methoxy-"
2-Aminoadipic acid,Adipoyl-L-carnitine
2-Aminoadipic acid,Allylescaline 
2-Aminoadipic acid,"Cholest-7-en-3-ol, (3beta,5alpha)-"
2-Aminoadipic acid,"D-(-)-Lyxose, tetrakis"
2-Aminoadipic acid,D-Threitol
2-Aminoadipic acid,DL-Phenylalanine
2-Aminoadipic acid,Docosyl octyl ether
2-Aminoadipic acid,Ethanolamine
2-Aminoadipic acid,Hydantoic acid
2-Aminoadipic acid,Hydracrylic acid
2-Aminoadipic acid,"Inosose-2, 1,3,4,5,6-pentakis-"
2-Aminoadipic acid,L-Aspartic acid
2-Aminoadipic acid,L-Glutamine
2-Aminoadipic acid,L-Tryptophan
2-Aminoadipic acid,Luteolin 
2-Aminoadipic acid,Methyl isovanillate
2-Aminoadipic acid,"N,N-Diethyl-2-aminoethanol"
2-Aminoadipic acid,Octan-2-yl palmitate
2-Aminoadipic acid,Phenylpropanolamine
2-Aminoadipic acid,Supraene
2-Aminobutanoic acid,"2,4-Imidazolidinedione, 5,5-dimethyl-"
2-Aminobutanoic acid,"4-Fluoroaniline, N-trimethylsilyl-"
2-Aminobutanoic acid,"Benzene, 1,3-bis(1,1-dimethylethyl)-"
2-Aminobutanoic acid,"Benzenemethanamine, 2,3-dimethoxy-"
2-Aminobutanoic acid,Butyrovanillone
2-Aminobutanoic acid,Doconexent
2-Aminobutanoic acid,Glycine
2-Aminobutanoic acid,L-Methionine
2-Aminobutanoic acid,Nonanoic acid
2-Butenedioic acid,2-Heptenoic acid
2-Butenedioic acid,2-Pyrrolidinone
2-Butenedioic acid,"3-Methylpiperazine-2,5-dione, (R)-"
2-Butenedioic acid,"3,5-Di-tert-butyl-2-trimethylsilyloxybenzaldehyde"
2-Butenedioic acid,4-Cumylphenol
2-Butenedioic acid,5-Hydroxytryptophan
2-Butenedioic acid,Bis(trimethylsilyl)histidine
2-Butenedioic acid,Butanedioic acid
2-Butenedioic acid,"D-Isoleucine, N-acetyl-"
2-Butenedioic acid,Dihydrouracil
2-Butenedioic acid,"Erythrono-1,4-lactone, (Z)-"
2-Butenedioic acid,Ethanolamine
2-Butenedioic acid,"Furan, 2-pentyl-"
2-Butenedioic acid,Glycolic acid
2-Butenedioic acid,Hydracrylic acid
2-Butenedioic acid,Hydroquinidine
2-Butenedioic acid,L-5-Oxoproline
2-Butenedioic acid,L-Glutamic acid
2-Butenedioic acid,L-Proline
2-Butenedioic acid,Malic acid
2-Butenedioic acid,N-Isovaleroylglycine
2-Butenedioic acid,N-Methyl-N-(tetrahydro-2-furanylmethyl)-4-piperidinamine
2-Butenedioic acid,Naphthofluorescein
2-Butenedioic acid,Neostigmine 
2-Butenedioic acid,"Pentanedioic acid, 3-methyl-3-[(trimethylsilyl)oxy]-"
2-Butenedioic acid,Phenylalanine
2-Butenedioic acid,Phloroglucinol
2-Butenedioic acid,Phosalone
2-Butenedioic acid,Pipecolic acid
2-Butenedioic acid,"Pyrimidine, 5-methyl-2,4-bis[(trimethylsilyl)oxy]-"
2-Butenedioic acid,Pyroglutamic acid
2-Butenedioic acid,S-Methyl-L-cysteine
2-Butenedioic acid,Uracil
2-Ethyl-3-hydroxypropionic acid,2-Heptenoic acid
2-Ethyl-3-hydroxypropionic acid,2-Hexen-1-ol
2-Ethyl-3-hydroxypropionic acid,"2-Hexenoic acid, 2-[(trimethylsilyl)oxy]-"
2-Ethyl-3-hydroxypropionic acid,2-Hydroxy-5-methoxybenzaldehyde
2-Ethyl-3-hydroxypropionic acid,2-Ketoisocaproic acid
2-Ethyl-3-hydroxypropionic acid,2-Methyl-4-pentenoic acid
2-Ethyl-3-hydroxypropionic acid,2-Naphthol
2-Ethyl-3-hydroxypropionic acid,"2,2,4-Trimethyl-1,3-pentanediol diisobutyrate"
2-Ethyl-3-hydroxypropionic acid,"2,4-Decadienal"
2-Ethyl-3-hydroxypropionic acid,"2,4-Diamino-6,7-dimethylpteridine"
2-Ethyl-3-hydroxypropionic acid,"2,5-Piperazinedione, 3-benzyl-6-isopropyl-"
2-Ethyl-3-hydroxypropionic acid,"2,6-Bis[2-[2-S-thiosulfuroethylamino]ethoxy]pyrazine"
2-Ethyl-3-hydroxypropionic acid,3-Amino-5-morpholinomethyl-2-oxazolidinone
2-Ethyl-3-hydroxypropionic acid,"3-Buten-2-one, 3-trimethylsilyloxy-"
2-Ethyl-3-hydroxypropionic acid,3-Hexenedinitrile
2-Ethyl-3-hydroxypropionic acid,3-Hydroxyisovaleric acid
2-Ethyl-3-hydroxypropionic acid,3-Ureidopropionic acid
2-Ethyl-3-hydroxypropionic acid,"3,5-Dimethylpyrazole"
2-Ethyl-3-hydroxypropionic acid,"3beta-TRIMETHYLSILOXY-5alpha,6alpha-EPOXYCHOLESTANE"
2-Ethyl-3-hydroxypropionic acid,"3beta,4beta-Bis(trimethylsiloxy)cholest-5-ene"
2-Ethyl-3-hydroxypropionic acid,4-(Trimethylsilyoxy)-3-penten-2-one
2-Ethyl-3-hydroxypropionic acid,4-Cumylphenol
2-Ethyl-3-hydroxypropionic acid,"4-Fluoroaniline, N-trimethylsilyl-"
2-Ethyl-3-hydroxypropionic acid,4-Hydroxy-5-(hydroxymethyl)oxolan-2-one
2-Ethyl-3-hydroxypropionic acid,"5-Androsten-17alpha-methyl-3beta,17beta-diol"
2-Ethyl-3-hydroxypropionic acid,5-Henicosylresorcinol
2-Ethyl-3-hydroxypropionic acid,5-Hydroxyquinoline
2-Ethyl-3-hydroxypropionic acid,5-Hydroxytryptophan
2-Ethyl-3-hydroxypropionic acid,9-Octadecenoic acid
2-Ethyl-3-hydroxypropionic acid,"Acetamide, N,N-diethyl-"
2-Ethyl-3-hydroxypropionic acid,"Acetic acid, bis[(trimethylsilyl)oxyl]-"
2-Ethyl-3-hydroxypropionic acid,"Acetin, bis-1,3-trimethylsilyl ether"
2-Ethyl-3-hydroxypropionic acid,Acetoacetic acid
2-Ethyl-3-hydroxypropionic acid,"Acetohydrazide, 2-(2-isopropyl-5-methylphenoxy)-N2-benzylideno-"
2-Ethyl-3-hydroxypropionic acid,Aceturic acid
2-Ethyl-3-hydroxypropionic acid,alpha-Tocopherol
2-Ethyl-3-hydroxypropionic acid,Arachidonic acid
2-Ethyl-3-hydroxypropionic acid,Arsenous acid
2-Ethyl-3-hydroxypropionic acid,Azatadine
2-Ethyl-3-hydroxypropionic acid,"Benzaldehyde, 2,5-dimethyl-"
2-Ethyl-3-hydroxypropionic acid,Benzeneacetamide
2-Ethyl-3-hydroxypropionic acid,Benzeneacetic acid
2-Ethyl-3-hydroxypropionic acid,"Benzenemethanamine, 2,3-dimethoxy-"
2-Ethyl-3-hydroxypropionic acid,"Benzimidazole, 5-trifluoromethyl-2-methyl-"
2-Ethyl-3-hydroxypropionic acid,"Benzoic acid, pentadecyl ester"
2-Ethyl-3-hydroxypropionic acid,Benzoic Acid
2-Ethyl-3-hydroxypropionic acid,Benzophenone
2-Ethyl-3-hydroxypropionic acid,"beta-D-Galactofuranose, 1,2,3,5,6-pentakis-O-(trimethylsilyl)-"
2-Ethyl-3-hydroxypropionic acid,beta-Lyxopyranose
2-Ethyl-3-hydroxypropionic acid,"Butanal, 2,3,4-tris[(trimethylsilyl)oxy]-, O-methyloxime, [R-(R*,R*)]-"
2-Ethyl-3-hydroxypropionic acid,"Butanoic acid, 2,4-bis[(trimethylsilyl)oxy]-"
2-Ethyl-3-hydroxypropionic acid,Butylmethylamine
2-Ethyl-3-hydroxypropionic acid,cis-4-Trimethylsilyloxy-cyclohexyl(trimethylsilyl)carboxylate
2-Ethyl-3-hydroxypropionic acid,Cyclohexanol
2-Ethyl-3-hydroxypropionic acid,"Cyclohexanone, 3,3,5-trimethyl-"
2-Ethyl-3-hydroxypropionic acid,"Cyclopentaneacetic acid, 3-oxo-2-pentyl-"
2-Ethyl-3-hydroxypropionic acid,"Cyclopentanone, 2,2,4-trimethyl-"
2-Ethyl-3-hydroxypropionic acid,"D-Erythro-Pentofuranose, 2-deoxy-1,3-bis-O-"
2-Ethyl-3-hydroxypropionic acid,D-Fructose
2-Ethyl-3-hydroxypropionic acid,D-Fucitol
2-Ethyl-3-hydroxypropionic acid,Deoxycholic Acid
2-Ethyl-3-hydroxypropionic acid,Dinoseb 
2-Ethyl-3-hydroxypropionic acid,Diphenyl ether
2-Ethyl-3-hydroxypropionic acid,DL-Glyceraldehyde
2-Ethyl-3-hydroxypropionic acid,Doconexent
2-Ethyl-3-hydroxypropionic acid,"Dodecanoic acid, 1-methylethyl ester"
2-Ethyl-3-hydroxypropionic acid,Dodecanoic acid
2-Ethyl-3-hydroxypropionic acid,Dopamine
2-Ethyl-3-hydroxypropionic acid,"Ethanone, 1-(2,5-dimethoxyphenyl)-"
2-Ethyl-3-hydroxypropionic acid,Ethyl alpha-D-glucopyranoside
2-Ethyl-3-hydroxypropionic acid,Ethyl cis-2-trimethylsilyl-cyclopropane-1-carboxylate
2-Ethyl-3-hydroxypropionic acid,"Furan, 2-pentyl-"
2-Ethyl-3-hydroxypropionic acid,Glyoxime
2-Ethyl-3-hydroxypropionic acid,Hexanoic acid
2-Ethyl-3-hydroxypropionic acid,Hydantoic acid
2-Ethyl-3-hydroxypropionic acid,Indole-5-carboxylic acid
2-Ethyl-3-hydroxypropionic acid,Isofucosterol
2-Ethyl-3-hydroxypropionic acid,Isopropyl palmitate
2-Ethyl-3-hydroxypropionic acid,Itaconic acid
2-Ethyl-3-hydroxypropionic acid,Levulinic acid
2-Ethyl-3-hydroxypropionic acid,Metanephrine
2-Ethyl-3-hydroxypropionic acid,Methyl aminoacetate
2-Ethyl-3-hydroxypropionic acid,Methylmalonic monoamide
2-Ethyl-3-hydroxypropionic acid,Myristic acid
2-Ethyl-3-hydroxypropionic acid,"N-(Trifluoroacetyl)-N,O,O'-tris(trimethylsilyl)normetanephrine"
2-Ethyl-3-hydroxypropionic acid,N-Methyl-N-(tetrahydro-2-furanylmethyl)-4-piperidinamine
2-Ethyl-3-hydroxypropionic acid,"N,N-Diethyl-2-aminoethanol"
2-Ethyl-3-hydroxypropionic acid,Niclosamide
2-Ethyl-3-hydroxypropionic acid,Nonadecanoic acid
2-Ethyl-3-hydroxypropionic acid,Nonanal
2-Ethyl-3-hydroxypropionic acid,"Octane, 1-propoxy-"
2-Ethyl-3-hydroxypropionic acid,p-Hydroxydiisopropylbenzene
2-Ethyl-3-hydroxypropionic acid,Pantolactone
2-Ethyl-3-hydroxypropionic acid,Pentadecanoic acid
2-Ethyl-3-hydroxypropionic acid,"Pentanedioic acid, 3-methyl-3-[(trimethylsilyl)oxy]-"
2-Ethyl-3-hydroxypropionic acid,Pentanoic acid
2-Ethyl-3-hydroxypropionic acid,"Pentenoic acid, 4-[(trimethylsilyl)oxy]-"
2-Ethyl-3-hydroxypropionic acid,Phenol
2-Ethyl-3-hydroxypropionic acid,Phenoxyacetic acid
2-Ethyl-3-hydroxypropionic acid,phenoxyethanol
2-Ethyl-3-hydroxypropionic acid,Phlorizin
2-Ethyl-3-hydroxypropionic acid,Phloroglucinol
2-Ethyl-3-hydroxypropionic acid,Picolinic acid
2-Ethyl-3-hydroxypropionic acid,Pimelic acid
2-Ethyl-3-hydroxypropionic acid,"Propanetriol, 2-methyl-"
2-Ethyl-3-hydroxypropionic acid,"Propanoic acid, 2-methyl-"
2-Ethyl-3-hydroxypropionic acid,Propylamine
2-Ethyl-3-hydroxypropionic acid,Salsoline
2-Ethyl-3-hydroxypropionic acid,Sertraline carbamoyl glucuronide
2-Ethyl-3-hydroxypropionic acid,"Stigmast-5-ene, 3beta-"
2-Ethyl-3-hydroxypropionic acid,Tartronic acid
2-Ethyl-3-hydroxypropionic acid,Triethanolamine
2-Ethyl-3-hydroxypropionic acid,Tris(trimethylsilyl)carbamate
2-Ethyl-3-hydroxypropionic acid,L-Tyrosine
2-Furoic acid,"2-Heptanone, 4,6-dimethyl-"
2-Furoic acid,2-Naphthol
2-Furoic acid,"2-Propenamide, 3-phenyl-N-2-propenyl-"
2-Furoic acid,"2,2-Diallylpyrrolidine"
2-Furoic acid,"3,5-Dimethylpyrazole"
2-Furoic acid,4-Cumylphenol
2-Furoic acid,4-Hydroxybenzoic acid
2-Furoic acid,"Cyclohexene, 3-butyl-3-methyl-1-trimethylsilyloxy-"
2-Furoic acid,"D-(+)-Ribono-1,4-lactone (R,S,R)-"
2-Furoic acid,"Dodecanoic acid, 1-methylethyl ester"
2-Furoic acid,Hydroquinone
2-Furoic acid,Itaconic acid
2-Furoic acid,"Tacrine, N-trimethylsilyl-"
"2-Heptanone, 4,6-dimethyl-","2,2,8,8-Tetramethyl-3,7-dioxa-4-aza-2,8-disilanon-4-ene"
"2-Heptanone, 4,6-dimethyl-","3-(3-Cyclohexylaminopropionylamino)-5-ethylthiophene-2-carboxylic acid, ethyl ester"
"2-Heptanone, 4,6-dimethyl-",3-Amino-5-morpholinomethyl-2-oxazolidinone
"2-Heptanone, 4,6-dimethyl-",3-Ethylphenol
"2-Heptanone, 4,6-dimethyl-","7-Isoquinolinol, 1,2,3,4-tetrahydro-1-[(4-hydroxyphenyl)methyl]-6-methoxy-"
"2-Heptanone, 4,6-dimethyl-",Arsenous acid
"2-Heptanone, 4,6-dimethyl-","Cyclopentanone, 2,2,4-trimethyl-"
"2-Heptanone, 4,6-dimethyl-",Pyrrole-2-carboxylic acid
"2-Heptanone, 4,6-dimethyl-",Ribitol
2-Heptenoic acid,2-Hydroxybutyric acid
2-Heptenoic acid,"2,2,4-Trimethyl-1,3-pentanediol diisobutyrate"
2-Heptenoic acid,"2,5-Piperazinedione, 3-benzyl-6-isopropyl-"
2-Heptenoic acid,3-Methyladenine
2-Heptenoic acid,"3-Methylpiperazine-2,5-dione, (R)-"
2-Heptenoic acid,"3beta-TRIMETHYLSILOXY-5alpha,6alpha-EPOXYCHOLESTANE"
2-Heptenoic acid,"3beta,4beta-Bis(trimethylsiloxy)cholest-5-ene"
2-Heptenoic acid,4-(Trimethylsilyoxy)-3-penten-2-one
2-Heptenoic acid,4-Hydroxy-5-(hydroxymethyl)oxolan-2-one
2-Heptenoic acid,4-Hydroxybenzaldehyde
2-Heptenoic acid,5-Hydroxyquinoline
2-Heptenoic acid,5-Hydroxytryptophan
2-Heptenoic acid,"6,7,4'-Trihydroxyisoflavone"
2-Heptenoic acid,"Acetic acid, bis[(trimethylsilyl)oxyl]-"
2-Heptenoic acid,"Acetin, bis-1,3-trimethylsilyl ether"
2-Heptenoic acid,"alpha-L-Galactopyranoside, methyl 6-deoxy-, (R,R,R,S,S)-"
2-Heptenoic acid,Arsenous acid
2-Heptenoic acid,"Benzaldehyde, 2,5-dimethyl-"
2-Heptenoic acid,"Benzoic acid, pentadecyl ester"
2-Heptenoic acid,Benzophenone
2-Heptenoic acid,"beta-d-Fructopyranose, 1-deoxy-1-(4-morpholinyl)-2,3,4,5-tetrakis-O-(trimethylsilyl)-"
2-Heptenoic acid,"Butanal, 2,3,4-tris[(trimethylsilyl)oxy]-, O-methyloxime, [R-(R*,R*)]-"
2-Heptenoic acid,Cadaverine
2-Heptenoic acid,cyclobutanecarboxylic acid
2-Heptenoic acid,Cyclohexanol
2-Heptenoic acid,Dinoseb 
2-Heptenoic acid,Diphenyl ether
2-Heptenoic acid,DL-Glyceraldehyde
2-Heptenoic acid,"DL-Proline, 5-oxo-"
2-Heptenoic acid,"Furan, 2-pentyl-"
2-Heptenoic acid,Glyoxime
2-Heptenoic acid,Hydantoic acid
2-Heptenoic acid,Isofucosterol
2-Heptenoic acid,Isopropyl palmitate
2-Heptenoic acid,Itaconic acid
2-Heptenoic acid,Methyl aminoacetate
2-Heptenoic acid,Mirin
2-Heptenoic acid,N-Isovaleroylglycine
2-Heptenoic acid,N-Methyl-N-(tetrahydro-2-furanylmethyl)-4-piperidinamine
2-Heptenoic acid,"N,N-Diethyl-2-aminoethanol"
2-Heptenoic acid,Neostigmine 
2-Heptenoic acid,Niclosamide
2-Heptenoic acid,Nonadecanoic acid
2-Heptenoic acid,Nonanal
2-Heptenoic acid,Pentadecanoic acid
2-Heptenoic acid,"Pentanedioic acid, 3-methyl-3-[(trimethylsilyl)oxy]-"
2-Heptenoic acid,Phenoxyacetic acid
2-Heptenoic acid,Phlorizin
2-Heptenoic acid,Picolinic acid
2-Heptenoic acid,Pimelic acid
2-Heptenoic acid,"Propanoic acid, 2-methyl-"
2-Heptenoic acid,S-Methyl-L-cysteine
2-Heptenoic acid,Salsoline
2-Heptenoic acid,"Stigmast-5-ene, 3beta-"
2-Heptenoic acid,Suberic acid
2-Heptenoic acid,Triethanolamine
2-Heptenoic acid,L-Tyrosine
2-Hexen-1-ol,2-Hydroxy-5-methoxybenzaldehyde
2-Hexen-1-ol,3-Hexenedinitrile
2-Hexen-1-ol,4-(Trimethylsilyoxy)-3-penten-2-one
2-Hexen-1-ol,"4-Fluoroaniline, N-trimethylsilyl-"
2-Hexen-1-ol,Aspartic acid
2-Hexen-1-ol,"D-(-)-Ribofuranose, tetrakis"
2-Hexen-1-ol,D-Ribose
2-Hexen-1-ol,Diphenyl ether
2-Hexen-1-ol,DL-Glyceraldehyde
2-Hexen-1-ol,"Ethanone, 1-(2,5-dimethoxyphenyl)-"
2-Hexen-1-ol,Hydantoic acid
2-Hexen-1-ol,L-Hydroxyproline
2-Hexen-1-ol,Nonanal
2-Hexen-1-ol,Pentanoic acid
2-Hexen-1-ol,Picolinic acid
2-Hexen-1-ol,"Propanoic acid, 2-methyl-"
2-Hexen-1-ol,"Propiophenone, 3',4'-dimethoxy-"
2-Hexen-1-ol,Pyrrole-2-carboxylic acid
2-Hexen-1-ol,Ser-Leu
2-Hexen-1-ol,Sinomenin
2-Hexen-1-ol,Syringaldehyde
2-Hexen-1-ol,"Trimethylsilyl (5-benzyl-3,6-dioxopiperazin-2-yl)acetate"
2-Hexen-1-ol,Tris(trimethylsilyl)carbamate
"2-Hexenoic acid, 2-[(trimethylsilyl)oxy]-",2-Hydroxy-5-methoxybenzaldehyde
"2-Hexenoic acid, 2-[(trimethylsilyl)oxy]-",2-Ketoisocaproic acid
"2-Hexenoic acid, 2-[(trimethylsilyl)oxy]-",2-Methyl-4-pentenoic acid
"2-Hexenoic acid, 2-[(trimethylsilyl)oxy]-","2-Propanone, bis(1-methylethyl)hydrazone"
"2-Hexenoic acid, 2-[(trimethylsilyl)oxy]-","2,2,4-Trimethyl-1,3-pentanediol diisobutyrate"
"2-Hexenoic acid, 2-[(trimethylsilyl)oxy]-","2,3,4,5-Tetrahydroxypentanoic acid-1,4-lactone"
"2-Hexenoic acid, 2-[(trimethylsilyl)oxy]-","2,4-Diamino-6,7-dimethylpteridine"
"2-Hexenoic acid, 2-[(trimethylsilyl)oxy]-","2,5-Piperazinedione, 3-benzyl-6-isopropyl-"
"2-Hexenoic acid, 2-[(trimethylsilyl)oxy]-","2,6-Bis[2-[2-S-thiosulfuroethylamino]ethoxy]pyrazine"
"2-Hexenoic acid, 2-[(trimethylsilyl)oxy]-","3-(3-Cyclohexylaminopropionylamino)-5-ethylthiophene-2-carboxylic acid, ethyl ester"
"2-Hexenoic acid, 2-[(trimethylsilyl)oxy]-",3-Amino-5-morpholinomethyl-2-oxazolidinone
"2-Hexenoic acid, 2-[(trimethylsilyl)oxy]-",3-Hexenedinitrile
"2-Hexenoic acid, 2-[(trimethylsilyl)oxy]-",3-Hydroxyisovaleric acid
"2-Hexenoic acid, 2-[(trimethylsilyl)oxy]-","3,5-Dimethylpyrazole"
"2-Hexenoic acid, 2-[(trimethylsilyl)oxy]-",3'-(Trimethylsilyl)oxy-beta-naphthoflavone
"2-Hexenoic acid, 2-[(trimethylsilyl)oxy]-","3beta-TRIMETHYLSILOXY-5alpha,6alpha-EPOXYCHOLESTANE"
"2-Hexenoic acid, 2-[(trimethylsilyl)oxy]-","3beta,4beta-Bis(trimethylsiloxy)cholest-5-ene"
"2-Hexenoic acid, 2-[(trimethylsilyl)oxy]-",4-Cumylphenol
"2-Hexenoic acid, 2-[(trimethylsilyl)oxy]-",4-Hydroxybenzeneacetic acid
"2-Hexenoic acid, 2-[(trimethylsilyl)oxy]-","4,4,5,8-Tetramethyl-chroman-2-one"
"2-Hexenoic acid, 2-[(trimethylsilyl)oxy]-",5-Henicosylresorcinol
"2-Hexenoic acid, 2-[(trimethylsilyl)oxy]-",5-Hydroxytryptophan
"2-Hexenoic acid, 2-[(trimethylsilyl)oxy]-","5,10-Diethoxy-2,3,7,8-tetrahydro-1H,6H-dipyrrolo[1,2-a:1',2'-d]pyrazine "
"2-Hexenoic acid, 2-[(trimethylsilyl)oxy]-","6,8-Dioxapentadecane"
"2-Hexenoic acid, 2-[(trimethylsilyl)oxy]-",9-Hexadecenoic acid
"2-Hexenoic acid, 2-[(trimethylsilyl)oxy]-",9-Octadecenoic acid
"2-Hexenoic acid, 2-[(trimethylsilyl)oxy]-","9(E),11(E)-Conjugated linoleic acid"
"2-Hexenoic acid, 2-[(trimethylsilyl)oxy]-","Acetin, bis-1,3-trimethylsilyl ether"
"2-Hexenoic acid, 2-[(trimethylsilyl)oxy]-",Aceturic acid
"2-Hexenoic acid, 2-[(trimethylsilyl)oxy]-",alpha-Tocopherol
"2-Hexenoic acid, 2-[(trimethylsilyl)oxy]-",Arsenous acid
"2-Hexenoic acid, 2-[(trimethylsilyl)oxy]-",Azatadine
"2-Hexenoic acid, 2-[(trimethylsilyl)oxy]-","Benzene, 1-acetoxy-2,6-dimethoxy-4-(2-propenyl)-"
"2-Hexenoic acid, 2-[(trimethylsilyl)oxy]-","Benzimidazole, 5-trifluoromethyl-2-methyl-"
"2-Hexenoic acid, 2-[(trimethylsilyl)oxy]-","beta-D-Galactofuranose, 1,2,3,5,6-pentakis-O-(trimethylsilyl)-"
"2-Hexenoic acid, 2-[(trimethylsilyl)oxy]-",Butanedioic acid
"2-Hexenoic acid, 2-[(trimethylsilyl)oxy]-","Butanoic acid, 2,4-bis[(trimethylsilyl)oxy]-"
"2-Hexenoic acid, 2-[(trimethylsilyl)oxy]-",Carfentrazone-ethyl
"2-Hexenoic acid, 2-[(trimethylsilyl)oxy]-","Cholest-7-en-3-ol, (3beta,5alpha)-"
"2-Hexenoic acid, 2-[(trimethylsilyl)oxy]-",Cyclo(L-prolyl-L-valine) 
"2-Hexenoic acid, 2-[(trimethylsilyl)oxy]-",Cyclobutanol
"2-Hexenoic acid, 2-[(trimethylsilyl)oxy]-",Cyclohexanol
"2-Hexenoic acid, 2-[(trimethylsilyl)oxy]-",D-(-)-Citramalic acid
"2-Hexenoic acid, 2-[(trimethylsilyl)oxy]-",D-Fructose
"2-Hexenoic acid, 2-[(trimethylsilyl)oxy]-",Dehydronorketamine
"2-Hexenoic acid, 2-[(trimethylsilyl)oxy]-",Dimethyl fumarate
"2-Hexenoic acid, 2-[(trimethylsilyl)oxy]-",Dinoseb 
"2-Hexenoic acid, 2-[(trimethylsilyl)oxy]-",Diphenyl ether
"2-Hexenoic acid, 2-[(trimethylsilyl)oxy]-",DL-Glyceraldehyde
"2-Hexenoic acid, 2-[(trimethylsilyl)oxy]-","Dodecane, 4,6-dimethyl-"
"2-Hexenoic acid, 2-[(trimethylsilyl)oxy]-","Dodecanoic acid, 1-methylethyl ester"
"2-Hexenoic acid, 2-[(trimethylsilyl)oxy]-",Dopamine
"2-Hexenoic acid, 2-[(trimethylsilyl)oxy]-",Ecgonine
"2-Hexenoic acid, 2-[(trimethylsilyl)oxy]-",Ethyl alpha-D-glucopyranoside
"2-Hexenoic acid, 2-[(trimethylsilyl)oxy]-",Hydantoic acid
"2-Hexenoic acid, 2-[(trimethylsilyl)oxy]-",Indole-5-carboxylic acid
"2-Hexenoic acid, 2-[(trimethylsilyl)oxy]-",Isofucosterol
"2-Hexenoic acid, 2-[(trimethylsilyl)oxy]-",Isopropyl palmitate
"2-Hexenoic acid, 2-[(trimethylsilyl)oxy]-",Itaconic acid
"2-Hexenoic acid, 2-[(trimethylsilyl)oxy]-",L-Glutamine
"2-Hexenoic acid, 2-[(trimethylsilyl)oxy]-",L-Threitol
"2-Hexenoic acid, 2-[(trimethylsilyl)oxy]-",Levulinic acid
"2-Hexenoic acid, 2-[(trimethylsilyl)oxy]-",Metanephrine
"2-Hexenoic acid, 2-[(trimethylsilyl)oxy]-",Methyl-3-methoxy-5-methyl benzoate
"2-Hexenoic acid, 2-[(trimethylsilyl)oxy]-",N-Methyl-N-(tetrahydro-2-furanylmethyl)-4-piperidinamine
"2-Hexenoic acid, 2-[(trimethylsilyl)oxy]-","N,N-Diethyl-2-aminoethanol"
"2-Hexenoic acid, 2-[(trimethylsilyl)oxy]-",Niclosamide
"2-Hexenoic acid, 2-[(trimethylsilyl)oxy]-",Nitrosothymol
"2-Hexenoic acid, 2-[(trimethylsilyl)oxy]-",Nonadecanoic acid
"2-Hexenoic acid, 2-[(trimethylsilyl)oxy]-",Nonanal
"2-Hexenoic acid, 2-[(trimethylsilyl)oxy]-","Oxalic acid, allyl octyl ester"
"2-Hexenoic acid, 2-[(trimethylsilyl)oxy]-",Pantolactone
"2-Hexenoic acid, 2-[(trimethylsilyl)oxy]-","Pentanedioic acid, 3-methyl-3-[(trimethylsilyl)oxy]-"
"2-Hexenoic acid, 2-[(trimethylsilyl)oxy]-",Pentanoic acid
"2-Hexenoic acid, 2-[(trimethylsilyl)oxy]-","Pentenoic acid, 4-[(trimethylsilyl)oxy]-"
"2-Hexenoic acid, 2-[(trimethylsilyl)oxy]-",Phenoxyacetic acid
"2-Hexenoic acid, 2-[(trimethylsilyl)oxy]-",Phlorizin
"2-Hexenoic acid, 2-[(trimethylsilyl)oxy]-",Phloroglucinol
"2-Hexenoic acid, 2-[(trimethylsilyl)oxy]-","Propanetriol, 2-methyl-"
"2-Hexenoic acid, 2-[(trimethylsilyl)oxy]-","Propanoic acid, 2-methyl-"
"2-Hexenoic acid, 2-[(trimethylsilyl)oxy]-",Ribitol
"2-Hexenoic acid, 2-[(trimethylsilyl)oxy]-",S-Methyl-L-cysteine
"2-Hexenoic acid, 2-[(trimethylsilyl)oxy]-",Salsoline
"2-Hexenoic acid, 2-[(trimethylsilyl)oxy]-",Sertraline carbamoyl glucuronide
"2-Hexenoic acid, 2-[(trimethylsilyl)oxy]-","Stigmast-5-ene, 3beta-"
"2-Hexenoic acid, 2-[(trimethylsilyl)oxy]-",Tartronic acid
"2-Hexenoic acid, 2-[(trimethylsilyl)oxy]-",Tetradecanenitrile
"2-Hexenoic acid, 2-[(trimethylsilyl)oxy]-",Triethanolamine
"2-Hexenoic acid, 2-[(trimethylsilyl)oxy]-",L-Tyrosine
2-Hydroxy-2-methylbutyric acid,"2-Propanone, bis(1-methylethyl)hydrazone"
2-Hydroxy-2-methylbutyric acid,"2,2,8,8-Tetramethyl-3,7-dioxa-4-aza-2,8-disilanon-4-ene"
2-Hydroxy-2-methylbutyric acid,"2,6-Bis[2-[2-S-thiosulfuroethylamino]ethoxy]pyrazine"
2-Hydroxy-2-methylbutyric acid,3-Methoxysalicylic acid
2-Hydroxy-2-methylbutyric acid,4-Hydroxybenzeneacetic acid
2-Hydroxy-2-methylbutyric acid,Albizziin
2-Hydroxy-2-methylbutyric acid,"Benzene, 1-acetoxy-2,6-dimethoxy-4-(2-propenyl)-"
2-Hydroxy-2-methylbutyric acid,"Benzenepropanoic acid, 3,5-bis(1,1-dimethylethyl)-4-hydroxy-"
2-Hydroxy-2-methylbutyric acid,Benzoin
2-Hydroxy-2-methylbutyric acid,Bis(trimethylsilyl)acetylene
2-Hydroxy-2-methylbutyric acid,Butylmethylamine
2-Hydroxy-2-methylbutyric acid,"Cholest-7-en-3-ol, (3beta,5alpha)-"
2-Hydroxy-2-methylbutyric acid,Cyclo(L-prolyl-L-valine) 
2-Hydroxy-2-methylbutyric acid,Ethyl alpha-D-glucopyranoside
2-Hydroxy-2-methylbutyric acid,"Glycine, N-[4-[(trimethylsilyl)oxy]benzoyl]-"
2-Hydroxy-2-methylbutyric acid,Lactic Acid
2-Hydroxy-2-methylbutyric acid,Methyl isovanillate
2-Hydroxy-2-methylbutyric acid,N-alpha-Acetyl-L-Lysine
2-Hydroxy-2-methylbutyric acid,Naphthofluorescein
2-Hydroxy-2-methylbutyric acid,"Pentanedioic acid, 2,4-bis[(trimethylsilyl)oxy]"
2-Hydroxy-2-methylbutyric acid,"Pentanedioic acid, 3-methyl-3-[(trimethylsilyl)oxy]-"
2-Hydroxy-2-methylbutyric acid,Phlorizin
2-Hydroxy-2-methylbutyric acid,Valylglycine
2-Hydroxy-3-methylbutyric acid,"2,2-Diallylpyrrolidine"
2-Hydroxy-3-methylbutyric acid,"2,5-Di-tert-butyl-4-((trimethylsilyl)oxy)phenol"
2-Hydroxy-3-methylbutyric acid,3-Ureidopropionic acid
2-Hydroxy-3-methylbutyric acid,"3,4-Dihydrocoumarin, 4,4-dimethyl-6-dimethylamino-"
2-Hydroxy-3-methylbutyric acid,4-Hydroxybenzeneacetic acid
2-Hydroxy-3-methylbutyric acid,beta-Methylphenethylamine
2-Hydroxy-3-methylbutyric acid,"Carbonic acid, eicosyl vinyl ester "
2-Hydroxy-3-methylbutyric acid,Citric acid
2-Hydroxy-3-methylbutyric acid,Dehydronorketamine
2-Hydroxy-3-methylbutyric acid,DL-Ornithine
2-Hydroxy-3-methylbutyric acid,Docosyl octyl ether
2-Hydroxy-3-methylbutyric acid,Ethyl alpha-D-glucopyranoside
2-Hydroxy-3-methylbutyric acid,Glucopyranose
2-Hydroxy-3-methylbutyric acid,Glycolic acid
2-Hydroxy-3-methylbutyric acid,Heptadecanoic acid
2-Hydroxy-3-methylbutyric acid,"N,O-Bis(trimethylsilyl)carbamate"
2-Hydroxy-3-methylbutyric acid,Pentadecanoic acid
2-Hydroxy-3-methylbutyric acid,Phenylpropanolamine
2-Hydroxy-3-methylbutyric acid,Trimidox
2-Hydroxy-3-methylbutyric acid,Urea
2-Hydroxy-5-methoxybenzaldehyde,2-Hydroxybutyric acid
2-Hydroxy-5-methoxybenzaldehyde,2-Methyl-4-pentenoic acid
2-Hydroxy-5-methoxybenzaldehyde,2-Naphthol
2-Hydroxy-5-methoxybenzaldehyde,"2-Propanone, bis(1-methylethyl)hydrazone"
2-Hydroxy-5-methoxybenzaldehyde,"2,2-Diallylpyrrolidine"
2-Hydroxy-5-methoxybenzaldehyde,"2,2,4-Trimethyl-1,3-pentanediol diisobutyrate"
2-Hydroxy-5-methoxybenzaldehyde,"2,4-Decadienal"
2-Hydroxy-5-methoxybenzaldehyde,"2,4-Diamino-6,7-dimethylpteridine"
2-Hydroxy-5-methoxybenzaldehyde,"2,5-Dimethoxyphenol"
2-Hydroxy-5-methoxybenzaldehyde,"2,5-Piperazinedione, 3-benzyl-6-isopropyl-"
2-Hydroxy-5-methoxybenzaldehyde,"2,5-Piperazinedione, 3-methyl-6-(phenylmethyl)-"
2-Hydroxy-5-methoxybenzaldehyde,3-Aminobenzoic acid
2-Hydroxy-5-methoxybenzaldehyde,"3-Buten-2-one, 3-trimethylsilyloxy-"
2-Hydroxy-5-methoxybenzaldehyde,3-Ethylphenol
2-Hydroxy-5-methoxybenzaldehyde,3-Hexenedinitrile
2-Hydroxy-5-methoxybenzaldehyde,3-Hydroxyisovaleric acid
2-Hydroxy-5-methoxybenzaldehyde,3-Methyladenine
2-Hydroxy-5-methoxybenzaldehyde,"3-Methylpiperazine-2,5-dione, (R)-"
2-Hydroxy-5-methoxybenzaldehyde,3-Nonen-1-ol
2-Hydroxy-5-methoxybenzaldehyde,"3,5-Di-tert-butyl-2-trimethylsilyloxybenzaldehyde"
2-Hydroxy-5-methoxybenzaldehyde,"3,5-Dimethylpyrazole"
2-Hydroxy-5-methoxybenzaldehyde,3'-Hydroxyacetophenone
2-Hydroxy-5-methoxybenzaldehyde,"3beta,4beta-Bis(trimethylsiloxy)cholest-5-ene"
2-Hydroxy-5-methoxybenzaldehyde,4-(Trimethylsilyoxy)-3-penten-2-one
2-Hydroxy-5-methoxybenzaldehyde,4-Cumylphenol
2-Hydroxy-5-methoxybenzaldehyde,"4-Fluoroaniline, N-trimethylsilyl-"
2-Hydroxy-5-methoxybenzaldehyde,4-Hydroxybutanoic acid
2-Hydroxy-5-methoxybenzaldehyde,4-Methoxyphenol
2-Hydroxy-5-methoxybenzaldehyde,4-Methylvaleric acid
2-Hydroxy-5-methoxybenzaldehyde,5-Henicosylresorcinol
2-Hydroxy-5-methoxybenzaldehyde,5-Hydroxytryptophan
2-Hydroxy-5-methoxybenzaldehyde,"7,9-Di-tert-butyl-1-oxaspiro(4,5)deca-6,9-diene-2,8-dione"
2-Hydroxy-5-methoxybenzaldehyde,"Acetamide, N,N-diethyl-"
2-Hydroxy-5-methoxybenzaldehyde,Acetoacetic acid
2-Hydroxy-5-methoxybenzaldehyde,"Acetohydrazide, 2-(2-isopropyl-5-methylphenoxy)-N2-benzylideno-"
2-Hydroxy-5-methoxybenzaldehyde,Azatadine
2-Hydroxy-5-methoxybenzaldehyde,"Benzaldehyde, 2,5-dimethyl-"
2-Hydroxy-5-methoxybenzaldehyde,"Benzimidazole, 5-trifluoromethyl-2-methyl-"
2-Hydroxy-5-methoxybenzaldehyde,"Benzoic acid, methyl ester"
2-Hydroxy-5-methoxybenzaldehyde,"Benzoic acid, pentadecyl ester"
2-Hydroxy-5-methoxybenzaldehyde,Benzoic Acid
2-Hydroxy-5-methoxybenzaldehyde,Benzoin
2-Hydroxy-5-methoxybenzaldehyde,Benzophenone
2-Hydroxy-5-methoxybenzaldehyde,Butylated Hydroxytoluene
2-Hydroxy-5-methoxybenzaldehyde,Cinnamic acid
2-Hydroxy-5-methoxybenzaldehyde,Cyclohexanol
2-Hydroxy-5-methoxybenzaldehyde,"Cyclohexanone, 3,3,5-trimethyl-"
2-Hydroxy-5-methoxybenzaldehyde,"Cyclopentaneacetic acid, 3-oxo-2-pentyl-"
2-Hydroxy-5-methoxybenzaldehyde,"D-Isoleucine, N-acetyl-"
2-Hydroxy-5-methoxybenzaldehyde,Desmosterol
2-Hydroxy-5-methoxybenzaldehyde,Diphenyl ether
2-Hydroxy-5-methoxybenzaldehyde,"Dodecanoic acid, 1-methylethyl ester"
2-Hydroxy-5-methoxybenzaldehyde,Dodecanoic acid
2-Hydroxy-5-methoxybenzaldehyde,Dodecylcyclohexane
2-Hydroxy-5-methoxybenzaldehyde,"Erythrono-1,4-lactone, (Z)-"
2-Hydroxy-5-methoxybenzaldehyde,"Ethanol, 2-(9-octadecenyloxy)-"
2-Hydroxy-5-methoxybenzaldehyde,"Ethanone, 1-(2,5-dimethoxyphenyl)-"
2-Hydroxy-5-methoxybenzaldehyde,"Furan, 2-pentyl-"
2-Hydroxy-5-methoxybenzaldehyde,Glycine
2-Hydroxy-5-methoxybenzaldehyde,"Glycine, N-[4-[(trimethylsilyl)oxy]benzoyl]-"
2-Hydroxy-5-methoxybenzaldehyde,Glyoxime
2-Hydroxy-5-methoxybenzaldehyde,Heptadecanoic acid
2-Hydroxy-5-methoxybenzaldehyde,Hexanoic acid
2-Hydroxy-5-methoxybenzaldehyde,Hydantoic acid
2-Hydroxy-5-methoxybenzaldehyde,Hydracrylic acid
2-Hydroxy-5-methoxybenzaldehyde,Isofucosterol
2-Hydroxy-5-methoxybenzaldehyde,Isopropyl palmitate
2-Hydroxy-5-methoxybenzaldehyde,L-5-Oxoproline
2-Hydroxy-5-methoxybenzaldehyde,Levulinic acid
2-Hydroxy-5-methoxybenzaldehyde,"Methyl (3,4-dimethoxyphenyl)(hydroxy)acetate"
2-Hydroxy-5-methoxybenzaldehyde,Myristic acid
2-Hydroxy-5-methoxybenzaldehyde,Neostigmine 
2-Hydroxy-5-methoxybenzaldehyde,Niclosamide
2-Hydroxy-5-methoxybenzaldehyde,Nonanal
2-Hydroxy-5-methoxybenzaldehyde,Nonanoic acid
2-Hydroxy-5-methoxybenzaldehyde,Octanoic acid
2-Hydroxy-5-methoxybenzaldehyde,Octopamine
2-Hydroxy-5-methoxybenzaldehyde,p-Hydroxydiisopropylbenzene
2-Hydroxy-5-methoxybenzaldehyde,Pantolactone
2-Hydroxy-5-methoxybenzaldehyde,Pentadecanoic acid
2-Hydroxy-5-methoxybenzaldehyde,"Pentanedioic acid, 2,4-bis[(trimethylsilyl)oxy]"
2-Hydroxy-5-methoxybenzaldehyde,"Pentenoic acid, 4-[(trimethylsilyl)oxy]-"
2-Hydroxy-5-methoxybenzaldehyde,Phenol
2-Hydroxy-5-methoxybenzaldehyde,Phenoxyacetic acid
2-Hydroxy-5-methoxybenzaldehyde,phenoxyethanol
2-Hydroxy-5-methoxybenzaldehyde,Phenylalanine
2-Hydroxy-5-methoxybenzaldehyde,Phlorizin
2-Hydroxy-5-methoxybenzaldehyde,Phloroglucinol
2-Hydroxy-5-methoxybenzaldehyde,Picolinic acid
2-Hydroxy-5-methoxybenzaldehyde,Pimelic acid
2-Hydroxy-5-methoxybenzaldehyde,"Propanetriol, 2-methyl-"
2-Hydroxy-5-methoxybenzaldehyde,"Propanoic acid, 2-methyl-"
2-Hydroxy-5-methoxybenzaldehyde,"Propiophenone, 3',4'-dimethoxy-"
2-Hydroxy-5-methoxybenzaldehyde,Propylamine
2-Hydroxy-5-methoxybenzaldehyde,"Pyrimidine, 5-methyl-2,4-bis[(trimethylsilyl)oxy]-"
2-Hydroxy-5-methoxybenzaldehyde,Salsoline
2-Hydroxy-5-methoxybenzaldehyde,Ser-Leu
2-Hydroxy-5-methoxybenzaldehyde,Sinomenin
2-Hydroxy-5-methoxybenzaldehyde,Syringaldehyde
2-Hydroxy-5-methoxybenzaldehyde,Thymidine
2-Hydroxy-5-methoxybenzaldehyde,"Thymine, 1,3-dimethyl-6-(trimethylsilyloxymethyl)-"
2-Hydroxy-5-methoxybenzaldehyde,Triethanolamine
2-Hydroxybutyric acid,2-Naphthol
2-Hydroxybutyric acid,"2,2,4-Trimethyl-1,3-pentanediol diisobutyrate"
2-Hydroxybutyric acid,3-Amino-5-morpholinomethyl-2-oxazolidinone
2-Hydroxybutyric acid,3-Methyladenine
2-Hydroxybutyric acid,"3-Methylpiperazine-2,5-dione, (R)-"
2-Hydroxybutyric acid,"3,5-di-tert-Butyl-4-hydroxyacetophenone"
2-Hydroxybutyric acid,4-(Trimethylsilyoxy)-3-penten-2-one
2-Hydroxybutyric acid,5-Aminovaleric acid
2-Hydroxybutyric acid,"5,10-Diethoxy-2,3,7,8-tetrahydro-1H,6H-dipyrrolo[1,2-a:1',2'-d]pyrazine "
2-Hydroxybutyric acid,"6,7,4'-Trihydroxyisoflavone"
2-Hydroxybutyric acid,"9(E),11(E)-Conjugated linoleic acid"
2-Hydroxybutyric acid,"Acetohydrazide, 2-(2-isopropyl-5-methylphenoxy)-N2-benzylideno-"
2-Hydroxybutyric acid,Arachidonic acid
2-Hydroxybutyric acid,Arsenous acid
2-Hydroxybutyric acid,"Benzaldehyde, 2,5-dimethyl-"
2-Hydroxybutyric acid,"Benzimidazole, 5-trifluoromethyl-2-methyl-"
2-Hydroxybutyric acid,Benzoin
2-Hydroxybutyric acid,Carfentrazone-ethyl
2-Hydroxybutyric acid,Cyclohexanol
2-Hydroxybutyric acid,Deoxycholic Acid
2-Hydroxybutyric acid,Ecgonine
2-Hydroxybutyric acid,Glyoxime
2-Hydroxybutyric acid,Hexanoylglycine
2-Hydroxybutyric acid,Hydantoic acid
2-Hydroxybutyric acid,Hydracrylic acid
2-Hydroxybutyric acid,Indole-3-carboxaldehyde
2-Hydroxybutyric acid,L-Valine
2-Hydroxybutyric acid,Neostigmine 
2-Hydroxybutyric acid,Nonanal
2-Hydroxybutyric acid,Octopamine
2-Hydroxybutyric acid,p-Toluic acid
2-Hydroxybutyric acid,Palmitelaidic acid
2-Hydroxybutyric acid,"Pentanedioic acid, 2-[(trimethylsilyl)oxy]-"
2-Hydroxybutyric acid,"Pentanedioic acid, 3-methyl-3-[(trimethylsilyl)oxy]-"
2-Hydroxybutyric acid,Phenylalanine
2-Hydroxybutyric acid,Picolinic acid
2-Hydroxybutyric acid,"Propanoic acid, 2-methyl-"
2-Hydroxybutyric acid,Propylamine
2-Hydroxybutyric acid,Ribitol
2-Hydroxybutyric acid,Ser-Leu
2-Hydroxybutyric acid,Tricine
2-Hydroxybutyric acid,Triethanolamine
2-Hydroxybutyric acid,L-Tyrosine
2-Isopropyl-5-methyl-1-heptanol ,"2,3-Butanediol"
2-Isopropyl-5-methyl-1-heptanol ,"3-Buten-2-one, 4-(4-methoxyphenyl)-"
2-Isopropyl-5-methyl-1-heptanol ,"6,7,4'-Trihydroxyisoflavone"
2-Isopropyl-5-methyl-1-heptanol ,"9,12-Octadecadienoic acid"
2-Isopropyl-5-methyl-1-heptanol ,"9H-Fluorene, 9-methylene-"
2-Isopropyl-5-methyl-1-heptanol ,Alloxanic acid
2-Isopropyl-5-methyl-1-heptanol ,Arsenous acid
2-Isopropyl-5-methyl-1-heptanol ,"Benzaldehyde, 2,5-dimethyl-"
2-Isopropyl-5-methyl-1-heptanol ,Bis(trimethylsilyl)acetylene
2-Isopropyl-5-methyl-1-heptanol ,Dodecylcyclohexane
2-Isopropyl-5-methyl-1-heptanol ,Glucose
2-Isopropyl-5-methyl-1-heptanol ,Isopropyl palmitate
2-Isopropyl-5-methyl-1-heptanol ,Methylmalonic monoamide
2-Isopropyl-5-methyl-1-heptanol ,Sinomenin
2-Ketoisocaproic acid,"2,4-Imidazolidinedione, 5,5-dimethyl-"
2-Ketoisocaproic acid,"2,5-Di-tert-butylhydroquinone"
2-Ketoisocaproic acid,"2,5-Dimethoxybenzonitrile"
2-Ketoisocaproic acid,"2,5-Piperazinedione, 3-benzyl-6-isopropyl-"
2-Ketoisocaproic acid,3-Aminobenzoic acid
2-Ketoisocaproic acid,"3,5-Dimethylpyrazole"
2-Ketoisocaproic acid,"3beta-TRIMETHYLSILOXY-5alpha,6alpha-EPOXYCHOLESTANE"
2-Ketoisocaproic acid,5-Hydroxytryptophan
2-Ketoisocaproic acid,"Acetin, bis-1,3-trimethylsilyl ether"
2-Ketoisocaproic acid,"Arabinofuranose, 1,2,3,5-tetrakis-O-"
2-Ketoisocaproic acid,Benzophenone
2-Ketoisocaproic acid,Butyrovanillone
2-Ketoisocaproic acid,"Cetaben, N,O-bis(trimethylsilyl)-"
2-Ketoisocaproic acid,"Cholest-7-en-3-ol, (3beta,5alpha)-"
2-Ketoisocaproic acid,Dinoseb 
2-Ketoisocaproic acid,Diphenyl ether
2-Ketoisocaproic acid,Hydantoic acid
2-Ketoisocaproic acid,Isoxaben
2-Ketoisocaproic acid,L-Aspartic acid
2-Ketoisocaproic acid,Methyl aminoacetate
2-Ketoisocaproic acid,Methyl-3-methoxy-5-methyl benzoate
2-Ketoisocaproic acid,Nonanal
2-Ketoisocaproic acid,Octan-2-yl palmitate
2-Ketoisocaproic acid,"Pentanedioic acid, 2-[(trimethylsilyl)oxy]-"
2-Ketoisocaproic acid,"Pentanedioic acid, 3-methyl-3-[(trimethylsilyl)oxy]-"
2-Ketoisocaproic acid,"Pentenoic acid, 4-[(trimethylsilyl)oxy]-"
2-Ketoisocaproic acid,Phloroglucinol
2-Ketoisocaproic acid,Ribitol
2-Ketoisocaproic acid,S-Methyl-L-cysteine
2-Ketoisocaproic acid,Salsoline
2-Methyl-4-pentenoic acid,2-Naphthol
2-Methyl-4-pentenoic acid,"2,2,4-Trimethyl-1,3-pentanediol diisobutyrate"
2-Methyl-4-pentenoic acid,"2,4-Decadienal"
2-Methyl-4-pentenoic acid,"2,4-Diamino-6,7-dimethylpteridine"
2-Methyl-4-pentenoic acid,"2,4-Imidazolidinedione, 5,5-dimethyl-"
2-Methyl-4-pentenoic acid,"2,5-Piperazinedione, 3-benzyl-6-isopropyl-"
2-Methyl-4-pentenoic acid,"2,6-Bis[2-[2-S-thiosulfuroethylamino]ethoxy]pyrazine"
2-Methyl-4-pentenoic acid,3-Hexenedinitrile
2-Methyl-4-pentenoic acid,3-Hydroxyisovaleric acid
2-Methyl-4-pentenoic acid,"3-Methylpiperazine-2,5-dione, (R)-"
2-Methyl-4-pentenoic acid,3-Ureidopropionic acid
2-Methyl-4-pentenoic acid,"3,5-Dimethylpyrazole"
2-Methyl-4-pentenoic acid,3'-Hydroxyacetophenone
2-Methyl-4-pentenoic acid,"3beta-TRIMETHYLSILOXY-5alpha,6alpha-EPOXYCHOLESTANE"
2-Methyl-4-pentenoic acid,"3beta,4beta-Bis(trimethylsiloxy)cholest-5-ene"
2-Methyl-4-pentenoic acid,4-(Trimethylsilyoxy)-3-penten-2-one
2-Methyl-4-pentenoic acid,4-Cumylphenol
2-Methyl-4-pentenoic acid,"4-Fluoroaniline, N-trimethylsilyl-"
2-Methyl-4-pentenoic acid,4-Methoxyphenol
2-Methyl-4-pentenoic acid,4-Methylvaleric acid
2-Methyl-4-pentenoic acid,5-(2-Aminopropyl)-2-methylphenol
2-Methyl-4-pentenoic acid,5-Henicosylresorcinol
2-Methyl-4-pentenoic acid,5-Hydroxyquinoline
2-Methyl-4-pentenoic acid,5-Hydroxytryptophan
2-Methyl-4-pentenoic acid,"5,10-Diethoxy-2,3,7,8-tetrahydro-1H,6H-dipyrrolo[1,2-a:1',2'-d]pyrazine "
2-Methyl-4-pentenoic acid,"7,9-Di-tert-butyl-1-oxaspiro(4,5)deca-6,9-diene-2,8-dione"
2-Methyl-4-pentenoic acid,"9(E),11(E)-Conjugated linoleic acid"
2-Methyl-4-pentenoic acid,"Acetohydrazide, 2-(2-isopropyl-5-methylphenoxy)-N2-benzylideno-"
2-Methyl-4-pentenoic acid,Aceturic acid
2-Methyl-4-pentenoic acid,alpha-Tocopherol
2-Methyl-4-pentenoic acid,Arachidonic acid
2-Methyl-4-pentenoic acid,"Benzaldehyde, 2,5-dimethyl-"
2-Methyl-4-pentenoic acid,"Benzene, 1,3-bis(1,1-dimethylethyl)-"
2-Methyl-4-pentenoic acid,"Benzimidazole, 5-trifluoromethyl-2-methyl-"
2-Methyl-4-pentenoic acid,"Benzoic acid, pentadecyl ester"
2-Methyl-4-pentenoic acid,Benzophenone
2-Methyl-4-pentenoic acid,"Butanoic acid, 2,4-bis[(trimethylsilyl)oxy]-"
2-Methyl-4-pentenoic acid,Butylmethylamine
2-Methyl-4-pentenoic acid,"Cholest-7-en-3-ol, (3beta,5alpha)-"
2-Methyl-4-pentenoic acid,Cyclohexanol
2-Methyl-4-pentenoic acid,D-Fructose
2-Methyl-4-pentenoic acid,Deoxycholic Acid
2-Methyl-4-pentenoic acid,Dinoseb 
2-Methyl-4-pentenoic acid,Diphenyl ether
2-Methyl-4-pentenoic acid,DL-Glyceraldehyde
2-Methyl-4-pentenoic acid,Doconexent
2-Methyl-4-pentenoic acid,Dodecanoic acid
2-Methyl-4-pentenoic acid,Dopamine
2-Methyl-4-pentenoic acid,"Ethanone, 1-(2,5-dimethoxyphenyl)-"
2-Methyl-4-pentenoic acid,"Furan, 2-pentyl-"
2-Methyl-4-pentenoic acid,Glycine
2-Methyl-4-pentenoic acid,Heptadecanoic acid
2-Methyl-4-pentenoic acid,Hexanoic acid
2-Methyl-4-pentenoic acid,Hydantoic acid
2-Methyl-4-pentenoic acid,Hydracrylic acid
2-Methyl-4-pentenoic acid,Indole-5-carboxylic acid
2-Methyl-4-pentenoic acid,Isofucosterol
2-Methyl-4-pentenoic acid,Isopropyl palmitate
2-Methyl-4-pentenoic acid,Itaconic acid
2-Methyl-4-pentenoic acid,L-Aspartic acid
2-Methyl-4-pentenoic acid,L-Hydroxyproline
2-Methyl-4-pentenoic acid,Levulinic acid
2-Methyl-4-pentenoic acid,Metanephrine
2-Methyl-4-pentenoic acid,"Methyl (3,4-dimethoxyphenyl)(hydroxy)acetate"
2-Methyl-4-pentenoic acid,Methyl aminoacetate
2-Methyl-4-pentenoic acid,Methyl-3-methoxy-5-methyl benzoate
2-Methyl-4-pentenoic acid,"N,O-Bis(trimethylsilyl)carbamate"
2-Methyl-4-pentenoic acid,Neostigmine 
2-Methyl-4-pentenoic acid,Niclosamide
2-Methyl-4-pentenoic acid,Nonadecanoic acid
2-Methyl-4-pentenoic acid,Nonanal
2-Methyl-4-pentenoic acid,Pantolactone
2-Methyl-4-pentenoic acid,Pentadecanoic acid
2-Methyl-4-pentenoic acid,"Pentanedioic acid, 3-methyl-3-[(trimethylsilyl)oxy]-"
2-Methyl-4-pentenoic acid,"Pentenoic acid, 4-[(trimethylsilyl)oxy]-"
2-Methyl-4-pentenoic acid,Phenoxyacetic acid
2-Methyl-4-pentenoic acid,phenoxyethanol
2-Methyl-4-pentenoic acid,Phlorizin
2-Methyl-4-pentenoic acid,Phloroglucinol
2-Methyl-4-pentenoic acid,Picolinic acid
2-Methyl-4-pentenoic acid,Pimelic acid
2-Methyl-4-pentenoic acid,"Propanetriol, 2-methyl-"
2-Methyl-4-pentenoic acid,"Propanoic acid, 2-methyl-"
2-Methyl-4-pentenoic acid,Propylamine
2-Methyl-4-pentenoic acid,Salsoline
2-Methyl-4-pentenoic acid,"Stigmast-5-ene, 3beta-"
2-Methyl-4-pentenoic acid,Suberic acid
2-Methyl-4-pentenoic acid,Supraene
2-Methyl-4-pentenoic acid,Tartronic acid
2-Methyl-4-pentenoic acid,"Thymine, 1,3-dimethyl-6-(trimethylsilyloxymethyl)-"
2-Methyl-4-pentenoic acid,Triethanolamine
2-Methyl-4-pentenoic acid,L-Tyrosine
2-Methylglutaconic acid,"2,6-Dimethyl-N-[3-(trimethylsilyl)-1,3-thiazinan-2-ylidene]aniline"
2-Methylglutaconic acid,5-(2-Aminopropyl)-2-methylphenol
2-Methylglutaconic acid,"Acetamide, N,N-diethyl-"
2-Methylglutaconic acid,Alloxanic acid
2-Methylglutaconic acid,"Benzene, 1,3-bis(1,1-dimethylethyl)-"
2-Methylglutaconic acid,"Butanoic acid, 2-methyl-3-[(trimethylsilyl)oxy]-"
2-Methylglutaconic acid,"Cholest-7-en-3-ol, (3beta,5alpha)-"
2-Methylglutaconic acid,Delorazepam
2-Methylglutaconic acid,Dodecanoic acid
2-Methylglutaconic acid,Dopamine
2-Methylglutaconic acid,Eicosapentaenoic acid
2-Methylglutaconic acid,"Ethanamine, N,N-diethyl-2,2-dimethyl-2-[(3,5-dimethoxy)phenyl]-"
2-Methylglutaconic acid,L-Glutamic acid
2-Methylglutaconic acid,Nonanal
2-Methylglutaconic acid,Octanoic acid
2-Methylglutaconic acid,p-Hydroxydiisopropylbenzene
2-Methylglutaconic acid,"Pentanedioic acid, 2,4-bis[(trimethylsilyl)oxy]"
2-Methylglutaconic acid,"Piperidine, 1-(1-methylpentyl)-"
2-Methylglutaconic acid,Stearic acid
2-Methylglutaconic acid,Tricine
2-Methylglutaconic acid,L-Tyrosine
2-Naphthol,"2-Propanone, bis(1-methylethyl)hydrazone"
2-Naphthol,"2,2,4-Trimethyl-1,3-pentanediol diisobutyrate"
2-Naphthol,"2,3,4,5-Tetrahydroxypentanoic acid-1,4-lactone"
2-Naphthol,"2,4-Diamino-6,7-dimethylpteridine"
2-Naphthol,"2,5-Piperazinedione, 3-benzyl-6-isopropyl-"
2-Naphthol,3-Amino-5-morpholinomethyl-2-oxazolidinone
2-Naphthol,3-Hexenedinitrile
2-Naphthol,3-Hydroxyisovaleric acid
2-Naphthol,"3-Methylpiperazine-2,5-dione, (R)-"
2-Naphthol,3-Nonen-1-ol
2-Naphthol,"3,5-Di-tert-butyl-2-trimethylsilyloxybenzaldehyde"
2-Naphthol,"3,5-Dimethylpyrazole"
2-Naphthol,3'-Hydroxyacetophenone
2-Naphthol,"3beta-TRIMETHYLSILOXY-5alpha,6alpha-EPOXYCHOLESTANE"
2-Naphthol,4-(Trimethylsilyoxy)-3-penten-2-one
2-Naphthol,4-Cumylphenol
2-Naphthol,"4-Fluoroaniline, N-trimethylsilyl-"
2-Naphthol,4-Methoxyphenol
2-Naphthol,4-Methylvaleric acid
2-Naphthol,5-Henicosylresorcinol
2-Naphthol,5-Hydroxytryptophan
2-Naphthol,"9H-Fluorene, 9-methylene-"
2-Naphthol,"Acetamide, N,N-diethyl-"
2-Naphthol,"Acetohydrazide, 2-(2-isopropyl-5-methylphenoxy)-N2-benzylideno-"
2-Naphthol,Allylescaline 
2-Naphthol,Arachidonic acid
2-Naphthol,Arsenous acid
2-Naphthol,"Benzaldehyde, 2,5-dimethyl-"
2-Naphthol,"Benzene, 1,3-bis(1,1-dimethylethyl)-"
2-Naphthol,"Benzenemethanamine, 2,3-dimethoxy-"
2-Naphthol,"Benzimidazole, 5-trifluoromethyl-2-methyl-"
2-Naphthol,"Benzoic acid, methyl ester"
2-Naphthol,"Benzoic acid, pentadecyl ester"
2-Naphthol,Benzoic Acid
2-Naphthol,Benzophenone
2-Naphthol,"Butanoic acid, 2,4-bis[(trimethylsilyl)oxy]-"
2-Naphthol,Butylated Hydroxytoluene
2-Naphthol,Butylmethylamine
2-Naphthol,Campesterol
2-Naphthol,"Cholest-7-en-3-ol, (3beta,5alpha)-"
2-Naphthol,Cholesterol
2-Naphthol,Cyclohexanol
2-Naphthol,"Cyclohexanone, 3,3,5-trimethyl-"
2-Naphthol,"Cyclopentaneacetic acid, 3-oxo-2-pentyl-"
2-Naphthol,D-(-)-Citramalic acid
2-Naphthol,D-Ornithine
2-Naphthol,D-Ribose
2-Naphthol,Diphenyl ether
2-Naphthol,"Dodecanoic acid, 1-methylethyl ester"
2-Naphthol,Dodecanoic acid
2-Naphthol,"Furan, 2-pentyl-"
2-Naphthol,"Glycine, N-(N-DL-leucylglycyl)-"
2-Naphthol,Glyoxime
2-Naphthol,"Guanidine, N,N-dimethyl-"
2-Naphthol,Heptadecanoic acid
2-Naphthol,Indole-5-carboxylic acid
2-Naphthol,Isofucosterol
2-Naphthol,L-Threitol
2-Naphthol,Levulinic acid
2-Naphthol,Methyl aminoacetate
2-Naphthol,Myristic acid
2-Naphthol,"N,O-Bis(trimethylsilyl)carbamate"
2-Naphthol,Naphthofluorescein
2-Naphthol,Neostigmine 
2-Naphthol,Niclosamide
2-Naphthol,Nonadecanoic acid
2-Naphthol,Nonanal
2-Naphthol,Octanoic acid
2-Naphthol,Pantolactone
2-Naphthol,Phenol
2-Naphthol,phenoxyethanol
2-Naphthol,Phlorizin
2-Naphthol,Phloroglucinol
2-Naphthol,Picolinic acid
2-Naphthol,"Propanetriol, 2-methyl-"
2-Naphthol,"Propanoic acid, 2-methyl-"
2-Naphthol,"Pyrimidine, 5-methyl-2,4-bis[(trimethylsilyl)oxy]-"
2-Naphthol,Salsoline
2-Naphthol,"Stigmast-5-ene, 3beta-"
2-Naphthol,Supraene
2-Naphthol,Tartronic acid
2-Naphthol,"Thymine, 1,3-dimethyl-6-(trimethylsilyloxymethyl)-"
2-Naphthol,Tris(trimethylsilyl)carbamate
2-Naphthol,L-Tyrosine
2-Oxooctanoic acid,2-Pentenoic acid
2-Oxooctanoic acid,"2,3,4,5-Tetrahydroxypentanoic acid-1,4-lactone"
2-Oxooctanoic acid,3-Aminobutanoic acid
2-Oxooctanoic acid,3-Ethylphenol
2-Oxooctanoic acid,4-Hydroxybenzeneacetic acid
2-Oxooctanoic acid,5-Ethyluracil
2-Oxooctanoic acid,"6,7,4'-Trihydroxyisoflavone"
2-Oxooctanoic acid,"Acetamide, 2,2,2-trifluoro-"
2-Oxooctanoic acid,"Ethanol, 2-(9-octadecenyloxy)-"
2-Oxooctanoic acid,Pentylone
2-Oxooctanoic acid,Phlorizin
2-Oxooctanoic acid,Pyroglutamic acid
2-Oxooctanoic acid,Stearic acid
2-Oxooctanoic acid,Vanillylmandelic acid
"2-Pentenedioic acid, 3-methyl-","2,2,4-Trimethyl-1,3-pentanediol diisobutyrate"
"2-Pentenedioic acid, 3-methyl-","2',2,3,6'-Tetramethoxychalcone"
"2-Pentenedioic acid, 3-methyl-","3,5-Dimethylpyrazole"
"2-Pentenedioic acid, 3-methyl-",5-Aminovaleric acid
"2-Pentenedioic acid, 3-methyl-","6,8-Dioxapentadecane"
"2-Pentenedioic acid, 3-methyl-", 5-Hydroxyhexanoic acid
"2-Pentenedioic acid, 3-methyl-","Butanoic acid, 2,4-bis[(trimethylsilyl)oxy]-"
"2-Pentenedioic acid, 3-methyl-",Cinnamic acid
"2-Pentenedioic acid, 3-methyl-",Cyclobutanol
"2-Pentenedioic acid, 3-methyl-","D-(-)-Ribofuranose, tetrakis"
"2-Pentenedioic acid, 3-methyl-","D-(+)-Talofuranose, pentakis"
"2-Pentenedioic acid, 3-methyl-",D-Fructose
"2-Pentenedioic acid, 3-methyl-",Deoxycholic Acid
"2-Pentenedioic acid, 3-methyl-",DL-Glyceraldehyde
"2-Pentenedioic acid, 3-methyl-","Ethanol, 2-(9-octadecenyloxy)-"
"2-Pentenedioic acid, 3-methyl-",Ethanolamine
"2-Pentenedioic acid, 3-methyl-","Furan, 2-pentyl-"
"2-Pentenedioic acid, 3-methyl-","Methyl (3,4-dimethoxyphenyl)(hydroxy)acetate"
"2-Pentenedioic acid, 3-methyl-",Methyl aminoacetate
"2-Pentenedioic acid, 3-methyl-","Pentenoic acid, 4-[(trimethylsilyl)oxy]-"
"2-Pentenedioic acid, 3-methyl-","Propanoic acid, 2-methyl-"
"2-Pentenedioic acid, 3-methyl-",Ribitol
"2-Pentenedioic acid, 3-methyl-","Thiazolo[4,5-f]quinoline, 2,9-dimethyl-"
2-Pentenoic acid,"2,5-Cyclohexadiene-1,4-dione, 2,6-bis(1,1-dimethylethyl)-"
2-Pentenoic acid,"3-(3-Cyclohexylaminopropionylamino)-5-ethylthiophene-2-carboxylic acid, ethyl ester"
2-Pentenoic acid,4-Hydroxy-5-(hydroxymethyl)oxolan-2-one
2-Pentenoic acid,4-Methylvaleric acid
2-Pentenoic acid,5-(2-Aminopropyl)-2-methylphenol
2-Pentenoic acid,5-Hydroxytryptophan
2-Pentenoic acid,"9H-Fluorene, 9-methylene-"
2-Pentenoic acid,Aspartic acid
2-Pentenoic acid,Benzenepropanoic acid
2-Pentenoic acid,Butylmethylamine
2-Pentenoic acid,"Cephalotaxine, 3-deoxy-3,11-epoxy-, (3alpha,11alpha)-"
2-Pentenoic acid,cyclobutanecarboxylic acid
2-Pentenoic acid,Dehydronorketamine
2-Pentenoic acid,"Dimethyl hexopyranosiduronate, alpha-D-"
2-Pentenoic acid,Hippuric acid
2-Pentenoic acid,Hydroquinone
2-Pentenoic acid,L-Isoleucine
2-Pentenoic acid,Methylmalonic monoamide
2-Pentenoic acid,"N-isobutyl-2-(trimethylsilyloxy]-4,5-dihydro-1H-imidazole-1-carboxamide"
2-Pentenoic acid,Phenol
2-Pentenoic acid,"Pregn-16-en-20-one, 3,18-bis(acetyloxy)-14,15-epoxy-, (3beta,5alpha,14beta,15beta)-"
2-Pentenoic acid,Pyroglutamic acid
2-Pentenoic acid,"Ribonic acid, 2,3,4,5-tetrakis-"
2-Pentenoic acid,Ser-Leu
2-Pentenoic acid,Sinomenin
2-Pentenoic acid,"Stigmast-5-ene, 3beta-"
2-Pentenoic acid,Tributyl acetylcitrate
"2-Propanone, bis(1-methylethyl)hydrazone","2,2,4-Trimethyl-1,3-pentanediol diisobutyrate"
"2-Propanone, bis(1-methylethyl)hydrazone","2,3-Butanediol"
"2-Propanone, bis(1-methylethyl)hydrazone","2,3,4-Trihydroxybutyric acid tetrakis"
"2-Propanone, bis(1-methylethyl)hydrazone","2,4-Decadienal"
"2-Propanone, bis(1-methylethyl)hydrazone","2,4-Diamino-6,7-dimethylpteridine"
"2-Propanone, bis(1-methylethyl)hydrazone","2,5-Cyclohexadiene-1,4-dione, 2,6-bis(1,1-dimethylethyl)-"
"2-Propanone, bis(1-methylethyl)hydrazone","2,6-Dimethyl-N-[3-(trimethylsilyl)-1,3-thiazinan-2-ylidene]aniline"
"2-Propanone, bis(1-methylethyl)hydrazone",3-Amino-5-morpholinomethyl-2-oxazolidinone
"2-Propanone, bis(1-methylethyl)hydrazone","3-Buten-2-one, 3-trimethylsilyloxy-"
"2-Propanone, bis(1-methylethyl)hydrazone",3-Indolepropionic acid
"2-Propanone, bis(1-methylethyl)hydrazone",3-Nonen-1-ol
"2-Propanone, bis(1-methylethyl)hydrazone",3-Ureidopropionic acid
"2-Propanone, bis(1-methylethyl)hydrazone","3,5-Di-tert-butyl-2-trimethylsilyloxybenzaldehyde"
"2-Propanone, bis(1-methylethyl)hydrazone","3,5-di-tert-Butyl-4-hydroxyacetophenone"
"2-Propanone, bis(1-methylethyl)hydrazone","3beta,4beta-Bis(trimethylsiloxy)cholest-5-ene"
"2-Propanone, bis(1-methylethyl)hydrazone",4-(Trimethylsilyoxy)-3-penten-2-one
"2-Propanone, bis(1-methylethyl)hydrazone",4-Methoxyphenol
"2-Propanone, bis(1-methylethyl)hydrazone",4-Methylvaleric acid
"2-Propanone, bis(1-methylethyl)hydrazone",5-Henicosylresorcinol
"2-Propanone, bis(1-methylethyl)hydrazone",5-Hydroxyquinoline
"2-Propanone, bis(1-methylethyl)hydrazone",5-Hydroxytryptophan
"2-Propanone, bis(1-methylethyl)hydrazone","5,6-Dimethyl-4-phenyl-3-cyanopyridine-2(1H)-thione"
"2-Propanone, bis(1-methylethyl)hydrazone",9-Octadecenoic acid
"2-Propanone, bis(1-methylethyl)hydrazone","9,12-Octadecadienoic acid"
"2-Propanone, bis(1-methylethyl)hydrazone","Acetamide, N,N-diethyl-"
"2-Propanone, bis(1-methylethyl)hydrazone",Acetoacetic acid
"2-Propanone, bis(1-methylethyl)hydrazone",Aceturic acid
"2-Propanone, bis(1-methylethyl)hydrazone",alpha-Tocopherol
"2-Propanone, bis(1-methylethyl)hydrazone","Arabinofuranose, 1,2,3,5-tetrakis-O-"
"2-Propanone, bis(1-methylethyl)hydrazone","Benzene, 1,3-bis(1,1-dimethylethyl)-"
"2-Propanone, bis(1-methylethyl)hydrazone","Benzene, 3-cyclohexen-1-yl-"
"2-Propanone, bis(1-methylethyl)hydrazone","Benzimidazole, 5-trifluoromethyl-2-methyl-"
"2-Propanone, bis(1-methylethyl)hydrazone","Benzoic acid, methyl ester"
"2-Propanone, bis(1-methylethyl)hydrazone",Benzophenone
"2-Propanone, bis(1-methylethyl)hydrazone", 5-Hydroxyhexanoic acid
"2-Propanone, bis(1-methylethyl)hydrazone","Butanoic acid, 2,4-bis[(trimethylsilyl)oxy]-"
"2-Propanone, bis(1-methylethyl)hydrazone",Butylated Hydroxytoluene
"2-Propanone, bis(1-methylethyl)hydrazone",Cholesterol
"2-Propanone, bis(1-methylethyl)hydrazone",cis-4-Trimethylsilyloxy-cyclohexyl(trimethylsilyl)carboxylate
"2-Propanone, bis(1-methylethyl)hydrazone","cis-4,5-Dihydroxy-o-dithiane, 2O-"
"2-Propanone, bis(1-methylethyl)hydrazone",Cyclohexanol
"2-Propanone, bis(1-methylethyl)hydrazone",Deoxycholic Acid
"2-Propanone, bis(1-methylethyl)hydrazone",Dinoseb 
"2-Propanone, bis(1-methylethyl)hydrazone",Diphenyl ether
"2-Propanone, bis(1-methylethyl)hydrazone",DL-Glyceraldehyde
"2-Propanone, bis(1-methylethyl)hydrazone",Dodecanoic acid
"2-Propanone, bis(1-methylethyl)hydrazone",Dodecylcyclohexane
"2-Propanone, bis(1-methylethyl)hydrazone",Erythritol
"2-Propanone, bis(1-methylethyl)hydrazone","Erythrono-1,4-lactone, (Z)-"
"2-Propanone, bis(1-methylethyl)hydrazone","Ethanol, 2-(9-octadecenyloxy)-"
"2-Propanone, bis(1-methylethyl)hydrazone",Ethyl alpha-D-glucopyranoside
"2-Propanone, bis(1-methylethyl)hydrazone","Furan, 2-pentyl-"
"2-Propanone, bis(1-methylethyl)hydrazone",Glycolic acid
"2-Propanone, bis(1-methylethyl)hydrazone",Heptadecanoic acid
"2-Propanone, bis(1-methylethyl)hydrazone",Heptanoic acid
"2-Propanone, bis(1-methylethyl)hydrazone",Hydracrylic acid
"2-Propanone, bis(1-methylethyl)hydrazone",Indole-5-carboxylic acid
"2-Propanone, bis(1-methylethyl)hydrazone",L-Glutamic acid
"2-Propanone, bis(1-methylethyl)hydrazone",L-Lysine
"2-Propanone, bis(1-methylethyl)hydrazone",L-Methionine
"2-Propanone, bis(1-methylethyl)hydrazone",L-Ornithine
"2-Propanone, bis(1-methylethyl)hydrazone",Levulinic acid
"2-Propanone, bis(1-methylethyl)hydrazone",Methylmalonic monoamide
"2-Propanone, bis(1-methylethyl)hydrazone",N-Acetyl-L-glutamic acid
"2-Propanone, bis(1-methylethyl)hydrazone",Nonadecanoic acid
"2-Propanone, bis(1-methylethyl)hydrazone",Nonanal
"2-Propanone, bis(1-methylethyl)hydrazone",Norketamine
"2-Propanone, bis(1-methylethyl)hydrazone",p-Hydroxydiisopropylbenzene
"2-Propanone, bis(1-methylethyl)hydrazone",Pantolactone
"2-Propanone, bis(1-methylethyl)hydrazone","Phenol, 3,5-bis(1,1-dimethylethyl)-"
"2-Propanone, bis(1-methylethyl)hydrazone",Phenoxyacetic acid
"2-Propanone, bis(1-methylethyl)hydrazone",phenoxyethanol
"2-Propanone, bis(1-methylethyl)hydrazone",Phloroglucinol
"2-Propanone, bis(1-methylethyl)hydrazone",Picolinic acid
"2-Propanone, bis(1-methylethyl)hydrazone","Propanetriol, 2-methyl-"
"2-Propanone, bis(1-methylethyl)hydrazone","Propanoic acid, 2-methyl-"
"2-Propanone, bis(1-methylethyl)hydrazone",Ser-Leu
"2-Propanone, bis(1-methylethyl)hydrazone",Succinic anhydride
"2-Propanone, bis(1-methylethyl)hydrazone",Triethanolamine
"2-Propanone, bis(1-methylethyl)hydrazone",Xylazine
"2-Propenamide, 3-phenyl-N-2-propenyl-","Acetamide, 2,2,2-trifluoro-"
"2-Propenamide, 3-phenyl-N-2-propenyl-","Benzoic acid, methyl ester"
"2-Propenamide, 3-phenyl-N-2-propenyl-","Cephalotaxine, 3-deoxy-3,11-epoxy-, (3alpha,11alpha)-"
"2-Propenamide, 3-phenyl-N-2-propenyl-",Cyclobutanol
"2-Propenamide, 3-phenyl-N-2-propenyl-",D-Threitol
"2-Propenamide, 3-phenyl-N-2-propenyl-",Dicyclohexylamine
"2-Propenamide, 3-phenyl-N-2-propenyl-",Ethyl cis-2-trimethylsilyl-cyclopropane-1-carboxylate
"2-Propenamide, 3-phenyl-N-2-propenyl-",L-Aspartic acid
"2-Propenamide, 3-phenyl-N-2-propenyl-",Methyl isovanillate
"2-Propenamide, 3-phenyl-N-2-propenyl-",Methyl-3-methoxy-5-methyl benzoate
"2-Propenamide, 3-phenyl-N-2-propenyl-",N-Acetyltyrosine
"2-Propenamide, 3-phenyl-N-2-propenyl-",N-Isobutyrylglycine
"2-Propenamide, 3-phenyl-N-2-propenyl-",Phlorizin
"2-Propenamide, 3-phenyl-N-2-propenyl-","Tacrine, N-trimethylsilyl-"
"2-Propenamide, 3-phenyl-N-2-propenyl-","Thymine, 1,3-dimethyl-6-(trimethylsilyloxymethyl)-"
2-Pyrrolidinone,"2,4-Decadienal"
2-Pyrrolidinone,"3-Cyclohexyl-L-alanine amide, N,N,N'N'-tetramethyl-"
2-Pyrrolidinone,4-Hydroxybenzaldehyde
2-Pyrrolidinone,5-Aminovaleric acid
2-Pyrrolidinone,Bis(trimethylsilyl)histidine
2-Pyrrolidinone,D-Arabinose
2-Pyrrolidinone,"Glycine, N-[4-[(trimethylsilyl)oxy]benzoyl]-"
2-Pyrrolidinone,L-Glutamic acid
2-Pyrrolidinone,L-Hydroxyproline
2-Pyrrolidinone,L-Norleucine
2-Pyrrolidinone,L-Ornithine
2-Pyrrolidinone,"Methyl (3,4-dimethoxyphenyl)(hydroxy)acetate"
2-Pyrrolidinone,"Pentanedioic acid, 2-[(trimethylsilyl)oxy]-"
2-Pyrrolidinone,Picolinic acid
2-Pyrrolidinone,"Propanoic acid, 2-methyl-"
"2,2-Diallylpyrrolidine","3-Methylpiperazine-2,5-dione, (R)-"
"2,2-Diallylpyrrolidine",3-Ureidopropionic acid
"2,2-Diallylpyrrolidine","3,5-Di-tert-butyl-2-trimethylsilyloxybenzaldehyde"
"2,2-Diallylpyrrolidine","4-[2-(4,7-Dimethoxy-2H-1,3-benzodioxol-5-yl)ethenyl]-2-methoxyphenol"
"2,2-Diallylpyrrolidine",4-Cumylphenol
"2,2-Diallylpyrrolidine",4-Methoxyphenol
"2,2-Diallylpyrrolidine",Carfentrazone-ethyl
"2,2-Diallylpyrrolidine","D-(+)-Talofuranose, pentakis"
"2,2-Diallylpyrrolidine",Delorazepam
"2,2-Diallylpyrrolidine",DL-Phenylalanine
"2,2-Diallylpyrrolidine",Glycine
"2,2-Diallylpyrrolidine",Hippuric acid
"2,2-Diallylpyrrolidine",L-5-Oxoproline
"2,2-Diallylpyrrolidine","N-(Trifluoroacetyl)-N,O,O'-tris(trimethylsilyl)normetanephrine"
"2,2-Diallylpyrrolidine","N-isobutyl-2-(trimethylsilyloxy]-4,5-dihydro-1H-imidazole-1-carboxamide"
"2,2-Diallylpyrrolidine",Phenylalanine
"2,2-Diallylpyrrolidine",Pipecolic acid
"2,2-Diallylpyrrolidine",Sinomenin
"2,2-Diallylpyrrolidine","Thymine, 1,3-dimethyl-6-(trimethylsilyloxymethyl)-"
"2,2-Diallylpyrrolidine","Trimethylsilyl (5-benzyl-3,6-dioxopiperazin-2-yl)acetate"
"2,2-Diallylpyrrolidine",Trimidox
"2,2,4-Trimethyl-1,3-pentanediol diisobutyrate","2,4-Decadienal"
"2,2,4-Trimethyl-1,3-pentanediol diisobutyrate","2,4-Diamino-6,7-dimethylpteridine"
"2,2,4-Trimethyl-1,3-pentanediol diisobutyrate","2,4-Imidazolidinedione, 5,5-dimethyl-"
"2,2,4-Trimethyl-1,3-pentanediol diisobutyrate","2,5-Piperazinedione, 3-benzyl-6-isopropyl-"
"2,2,4-Trimethyl-1,3-pentanediol diisobutyrate","2,6-Bis[2-[2-S-thiosulfuroethylamino]ethoxy]pyrazine"
"2,2,4-Trimethyl-1,3-pentanediol diisobutyrate","2,6-Dimethyl-N-[3-(trimethylsilyl)-1,3-thiazinan-2-ylidene]aniline"
"2,2,4-Trimethyl-1,3-pentanediol diisobutyrate","3-Cyclohexyl-L-alanine amide, N,N,N'N'-tetramethyl-"
"2,2,4-Trimethyl-1,3-pentanediol diisobutyrate",3-Hexenedinitrile
"2,2,4-Trimethyl-1,3-pentanediol diisobutyrate",3-Hydroxyisovaleric acid
"2,2,4-Trimethyl-1,3-pentanediol diisobutyrate",3-Methyladenine
"2,2,4-Trimethyl-1,3-pentanediol diisobutyrate","3-Methylpiperazine-2,5-dione, (R)-"
"2,2,4-Trimethyl-1,3-pentanediol diisobutyrate","3,5-Di-tert-butyl-2-trimethylsilyloxybenzaldehyde"
"2,2,4-Trimethyl-1,3-pentanediol diisobutyrate","3,5-Dimethylpyrazole"
"2,2,4-Trimethyl-1,3-pentanediol diisobutyrate",3'-Hydroxyacetophenone
"2,2,4-Trimethyl-1,3-pentanediol diisobutyrate","3beta-TRIMETHYLSILOXY-5alpha,6alpha-EPOXYCHOLESTANE"
"2,2,4-Trimethyl-1,3-pentanediol diisobutyrate","3beta,4beta-Bis(trimethylsiloxy)cholest-5-ene"
"2,2,4-Trimethyl-1,3-pentanediol diisobutyrate",4-(Trimethylsilyoxy)-3-penten-2-one
"2,2,4-Trimethyl-1,3-pentanediol diisobutyrate","4-Fluoroaniline, N-trimethylsilyl-"
"2,2,4-Trimethyl-1,3-pentanediol diisobutyrate",4-Hydroxybenzeneacetic acid
"2,2,4-Trimethyl-1,3-pentanediol diisobutyrate",5-(2-Aminopropyl)-2-methylphenol
"2,2,4-Trimethyl-1,3-pentanediol diisobutyrate",5-Aminovaleric acid
"2,2,4-Trimethyl-1,3-pentanediol diisobutyrate",5-Henicosylresorcinol
"2,2,4-Trimethyl-1,3-pentanediol diisobutyrate",5-Hydroxyquinoline
"2,2,4-Trimethyl-1,3-pentanediol diisobutyrate",5-Hydroxytryptophan
"2,2,4-Trimethyl-1,3-pentanediol diisobutyrate","6,7,4'-Trihydroxyisoflavone"
"2,2,4-Trimethyl-1,3-pentanediol diisobutyrate","6,8-Dioxapentadecane"
"2,2,4-Trimethyl-1,3-pentanediol diisobutyrate",7-(Trimethylsilyl)amino-4-methylcoumarin
"2,2,4-Trimethyl-1,3-pentanediol diisobutyrate",9-Octadecenoic acid
"2,2,4-Trimethyl-1,3-pentanediol diisobutyrate","Acetamide, N,N-diethyl-"
"2,2,4-Trimethyl-1,3-pentanediol diisobutyrate","Acetin, bis-1,3-trimethylsilyl ether"
"2,2,4-Trimethyl-1,3-pentanediol diisobutyrate",Acetoacetic acid
"2,2,4-Trimethyl-1,3-pentanediol diisobutyrate",Aceturic acid
"2,2,4-Trimethyl-1,3-pentanediol diisobutyrate",alpha-Tocopherol
"2,2,4-Trimethyl-1,3-pentanediol diisobutyrate",Arabinaric acid
"2,2,4-Trimethyl-1,3-pentanediol diisobutyrate",Arachidonic acid
"2,2,4-Trimethyl-1,3-pentanediol diisobutyrate","Benzaldehyde, 2,5-dimethyl-"
"2,2,4-Trimethyl-1,3-pentanediol diisobutyrate","Benzene, 1,3-bis(1,1-dimethylethyl)-"
"2,2,4-Trimethyl-1,3-pentanediol diisobutyrate",Benzeneacetic acid
"2,2,4-Trimethyl-1,3-pentanediol diisobutyrate","Benzimidazole, 5-trifluoromethyl-2-methyl-"
"2,2,4-Trimethyl-1,3-pentanediol diisobutyrate","Benzoic acid, pentadecyl ester"
"2,2,4-Trimethyl-1,3-pentanediol diisobutyrate",Benzophenone
"2,2,4-Trimethyl-1,3-pentanediol diisobutyrate","beta-D-Galactofuranose, 1,2,3,5,6-pentakis-O-(trimethylsilyl)-"
"2,2,4-Trimethyl-1,3-pentanediol diisobutyrate", 5-Hydroxyhexanoic acid
"2,2,4-Trimethyl-1,3-pentanediol diisobutyrate","Butanoic acid, 2,4-bis[(trimethylsilyl)oxy]-"
"2,2,4-Trimethyl-1,3-pentanediol diisobutyrate",Butylmethylamine
"2,2,4-Trimethyl-1,3-pentanediol diisobutyrate",Campesterol
"2,2,4-Trimethyl-1,3-pentanediol diisobutyrate",Carfentrazone-ethyl
"2,2,4-Trimethyl-1,3-pentanediol diisobutyrate","Cholest-7-en-3-ol, (3beta,5alpha)-"
"2,2,4-Trimethyl-1,3-pentanediol diisobutyrate",Cholesterol
"2,2,4-Trimethyl-1,3-pentanediol diisobutyrate",cis-4-Trimethylsilyloxy-cyclohexyl(trimethylsilyl)carboxylate
"2,2,4-Trimethyl-1,3-pentanediol diisobutyrate",Cyclobutanol
"2,2,4-Trimethyl-1,3-pentanediol diisobutyrate",Cyclohexanol
"2,2,4-Trimethyl-1,3-pentanediol diisobutyrate","Cyclopentaneacetic acid, 3-oxo-2-pentyl-"
"2,2,4-Trimethyl-1,3-pentanediol diisobutyrate","Cyclopentanone, 2,2,4-trimethyl-"
"2,2,4-Trimethyl-1,3-pentanediol diisobutyrate",D-(-)-Citramalic acid
"2,2,4-Trimethyl-1,3-pentanediol diisobutyrate","D-(+)-Ribono-1,4-lactone (R,S,R)-"
"2,2,4-Trimethyl-1,3-pentanediol diisobutyrate",D-Fructose
"2,2,4-Trimethyl-1,3-pentanediol diisobutyrate",Dinoseb 
"2,2,4-Trimethyl-1,3-pentanediol diisobutyrate",Diphenyl ether
"2,2,4-Trimethyl-1,3-pentanediol diisobutyrate",DL-Glyceraldehyde
"2,2,4-Trimethyl-1,3-pentanediol diisobutyrate",Doconexent
"2,2,4-Trimethyl-1,3-pentanediol diisobutyrate","Dodecanoic acid, 1-methylethyl ester"
"2,2,4-Trimethyl-1,3-pentanediol diisobutyrate",Dodecanoic acid
"2,2,4-Trimethyl-1,3-pentanediol diisobutyrate",Dodecylcyclohexane
"2,2,4-Trimethyl-1,3-pentanediol diisobutyrate",Dopamine
"2,2,4-Trimethyl-1,3-pentanediol diisobutyrate",Ethyl alpha-D-glucopyranoside
"2,2,4-Trimethyl-1,3-pentanediol diisobutyrate","Furan, 2-pentyl-"
"2,2,4-Trimethyl-1,3-pentanediol diisobutyrate",Glycine
"2,2,4-Trimethyl-1,3-pentanediol diisobutyrate",Glyoxime
"2,2,4-Trimethyl-1,3-pentanediol diisobutyrate",Hydantoic acid
"2,2,4-Trimethyl-1,3-pentanediol diisobutyrate",Indole-3-lactic acid
"2,2,4-Trimethyl-1,3-pentanediol diisobutyrate",Indole-5-carboxylic acid
"2,2,4-Trimethyl-1,3-pentanediol diisobutyrate",Isofucosterol
"2,2,4-Trimethyl-1,3-pentanediol diisobutyrate",Isopropyl palmitate
"2,2,4-Trimethyl-1,3-pentanediol diisobutyrate",Itaconic acid
"2,2,4-Trimethyl-1,3-pentanediol diisobutyrate",L-5-Oxoproline
"2,2,4-Trimethyl-1,3-pentanediol diisobutyrate",L-Glutamic acid
"2,2,4-Trimethyl-1,3-pentanediol diisobutyrate",L-Threitol
"2,2,4-Trimethyl-1,3-pentanediol diisobutyrate",Levulinic acid
"2,2,4-Trimethyl-1,3-pentanediol diisobutyrate",Metanephrine
"2,2,4-Trimethyl-1,3-pentanediol diisobutyrate",Methyl aminoacetate
"2,2,4-Trimethyl-1,3-pentanediol diisobutyrate",Methyl-3-methoxy-5-methyl benzoate
"2,2,4-Trimethyl-1,3-pentanediol diisobutyrate",Methylmalonic monoamide
"2,2,4-Trimethyl-1,3-pentanediol diisobutyrate",N-Methyl-N-(tetrahydro-2-furanylmethyl)-4-piperidinamine
"2,2,4-Trimethyl-1,3-pentanediol diisobutyrate",Neostigmine 
"2,2,4-Trimethyl-1,3-pentanediol diisobutyrate",Niclosamide
"2,2,4-Trimethyl-1,3-pentanediol diisobutyrate",Nonadecanoic acid
"2,2,4-Trimethyl-1,3-pentanediol diisobutyrate",Nonanal
"2,2,4-Trimethyl-1,3-pentanediol diisobutyrate","Octane, 1-propoxy-"
"2,2,4-Trimethyl-1,3-pentanediol diisobutyrate",p-Hydroxydiisopropylbenzene
"2,2,4-Trimethyl-1,3-pentanediol diisobutyrate",p-Toluic acid
"2,2,4-Trimethyl-1,3-pentanediol diisobutyrate",Pantolactone
"2,2,4-Trimethyl-1,3-pentanediol diisobutyrate","Pentanedioic acid, 3-methyl-3-[(trimethylsilyl)oxy]-"
"2,2,4-Trimethyl-1,3-pentanediol diisobutyrate","Pentenoic acid, 4-[(trimethylsilyl)oxy]-"
"2,2,4-Trimethyl-1,3-pentanediol diisobutyrate",Phenol
"2,2,4-Trimethyl-1,3-pentanediol diisobutyrate",Phenoxyacetic acid
"2,2,4-Trimethyl-1,3-pentanediol diisobutyrate",phenoxyethanol
"2,2,4-Trimethyl-1,3-pentanediol diisobutyrate",Phlorizin
"2,2,4-Trimethyl-1,3-pentanediol diisobutyrate",Phloroglucinol
"2,2,4-Trimethyl-1,3-pentanediol diisobutyrate",Picolinic acid
"2,2,4-Trimethyl-1,3-pentanediol diisobutyrate",Pimelic acid
"2,2,4-Trimethyl-1,3-pentanediol diisobutyrate","Propanetriol, 2-methyl-"
"2,2,4-Trimethyl-1,3-pentanediol diisobutyrate","Propanoic acid, 2-methyl-"
"2,2,4-Trimethyl-1,3-pentanediol diisobutyrate",Propylamine
"2,2,4-Trimethyl-1,3-pentanediol diisobutyrate",Salsoline
"2,2,4-Trimethyl-1,3-pentanediol diisobutyrate",Ser-Leu
"2,2,4-Trimethyl-1,3-pentanediol diisobutyrate",Sinomenin
"2,2,4-Trimethyl-1,3-pentanediol diisobutyrate","Stigmast-5-ene, 3beta-"
"2,2,4-Trimethyl-1,3-pentanediol diisobutyrate",Tartronic acid
"2,2,4-Trimethyl-1,3-pentanediol diisobutyrate",Thymidine
"2,2,4-Trimethyl-1,3-pentanediol diisobutyrate","Thymine, 1,3-dimethyl-6-(trimethylsilyloxymethyl)-"
"2,2,4-Trimethyl-1,3-pentanediol diisobutyrate",Triethanolamine
"2,2,4-Trimethyl-1,3-pentanediol diisobutyrate","Trimethylsilyl (5-benzyl-3,6-dioxopiperazin-2-yl)acetate"
"2,2,4-Trimethyl-1,3-pentanediol diisobutyrate",L-Tyrosine
"2,2,8,8-Tetramethyl-3,7-dioxa-4-aza-2,8-disilanon-4-ene","3,5-Dimethyl-1,4-diallylpyrazole"
"2,2,8,8-Tetramethyl-3,7-dioxa-4-aza-2,8-disilanon-4-ene",5-Aminovaleric acid
"2,2,8,8-Tetramethyl-3,7-dioxa-4-aza-2,8-disilanon-4-ene","5alpha-Pregnane-3,20-dione"
"2,2,8,8-Tetramethyl-3,7-dioxa-4-aza-2,8-disilanon-4-ene","9H-Fluorene, 9-methylene-"
"2,2,8,8-Tetramethyl-3,7-dioxa-4-aza-2,8-disilanon-4-ene",Benzeneacetamide
"2,2,8,8-Tetramethyl-3,7-dioxa-4-aza-2,8-disilanon-4-ene",Benzeneacetic acid
"2,2,8,8-Tetramethyl-3,7-dioxa-4-aza-2,8-disilanon-4-ene",Benzoin
"2,2,8,8-Tetramethyl-3,7-dioxa-4-aza-2,8-disilanon-4-ene","beta-d-Fructopyranose, 1-deoxy-1-(4-morpholinyl)-2,3,4,5-tetrakis-O-(trimethylsilyl)-"
"2,2,8,8-Tetramethyl-3,7-dioxa-4-aza-2,8-disilanon-4-ene",beta-Hydroxypyruvic acid
"2,2,8,8-Tetramethyl-3,7-dioxa-4-aza-2,8-disilanon-4-ene",Cadaverine
"2,2,8,8-Tetramethyl-3,7-dioxa-4-aza-2,8-disilanon-4-ene","Cephalotaxine, 3-deoxy-3,11-epoxy-, (3alpha,11alpha)-"
"2,2,8,8-Tetramethyl-3,7-dioxa-4-aza-2,8-disilanon-4-ene","Cholesta-3,5-dien-7-one"
"2,2,8,8-Tetramethyl-3,7-dioxa-4-aza-2,8-disilanon-4-ene","Cyclohexene, 3,3-dimethyl-1-(trimethylsilyloxy)-"
"2,2,8,8-Tetramethyl-3,7-dioxa-4-aza-2,8-disilanon-4-ene","Cyclopentaneacetic acid, 3-oxo-2-pentyl-"
"2,2,8,8-Tetramethyl-3,7-dioxa-4-aza-2,8-disilanon-4-ene",Dimethyl fumarate
"2,2,8,8-Tetramethyl-3,7-dioxa-4-aza-2,8-disilanon-4-ene",Ethyl cis-2-trimethylsilyl-cyclopropane-1-carboxylate
"2,2,8,8-Tetramethyl-3,7-dioxa-4-aza-2,8-disilanon-4-ene",Methyl alpha-Lyxofuranoside
"2,2,8,8-Tetramethyl-3,7-dioxa-4-aza-2,8-disilanon-4-ene",N-(Trimethylsilyl)hexanamide
"2,2,8,8-Tetramethyl-3,7-dioxa-4-aza-2,8-disilanon-4-ene",n-Pentadecanol
"2,2,8,8-Tetramethyl-3,7-dioxa-4-aza-2,8-disilanon-4-ene","Pentanedioic acid, 2,4-bis[(trimethylsilyl)oxy]"
"2,2,8,8-Tetramethyl-3,7-dioxa-4-aza-2,8-disilanon-4-ene",Stearic acid
"2,2'-Biphenyldiol","2',2,3,6'-Tetramethoxychalcone"
"2,2'-Biphenyldiol","3-Buten-2-one, 4-(4-methoxyphenyl)-"
"2,2'-Biphenyldiol",3-Indolepropionic acid
"2,2'-Biphenyldiol","3-Methyl-2-butenoic acid, tridec-2-ynyl ester"
"2,2'-Biphenyldiol",3-Methylvaleric acid
"2,2'-Biphenyldiol","3,5-Dimethyl-1,4-diallylpyrazole"
"2,2'-Biphenyldiol","6,7,4'-Trihydroxyisoflavone"
"2,2'-Biphenyldiol",Aspartic acid
"2,2'-Biphenyldiol","Benzeneethanamine, N-[(pentafluorophenyl)methylene]-4-[(trimethylsilyl)oxy]-"
"2,2'-Biphenyldiol",Cyclo-(l-leucyl-l-phenylalanyl) 
"2,2'-Biphenyldiol","D-Xylofuranose, 1,2,3,5-tetrakis-O-"
"2,2'-Biphenyldiol",n-Butylamine
"2,2'-Biphenyldiol",Octan-2-yl palmitate
"2,2'-Biphenyldiol",Phenylpropanolamine
"2,2'-Biphenyldiol",Pipecolic acid
"2,2'-Biphenyldiol","Pyrazine, 3,6-dimethyl-2,5-bis(trimethylsilyloxy)-"
"2,2'-Biphenyldiol",Ribitol
"2,2'-Biphenyldiol",Salsoline
"2,2'-Biphenyldiol","Spiro[cyclopenta[d]-1,3,2-dioxaborin-4(5H),1'-cyclopentane], 2-ethyl-6,7-dihydro-"
"2,2'-Biphenyldiol",Uridine
"2,3-Butanediol","2,5-di-tert-Butyl-1,4-benzoquinone"
"2,3-Butanediol",3-Aminobenzoic acid
"2,3-Butanediol",Arabinaric acid
"2,3-Butanediol",D-Ribose
"2,3-Butanediol","Ethanone, 1-(2,5-dimethoxyphenyl)-"
"2,3-Butanediol",Ethyl alpha-D-glucopyranoside
"2,3-Butanediol",L-Isoleucine
"2,3-Butanediol","N-isobutyl-2-(trimethylsilyloxy]-4,5-dihydro-1H-imidazole-1-carboxamide"
"2,3-Butanediol",Ser-Leu
"2,3,4-Trihydroxybutyric acid tetrakis","2,5-Piperazinedione, 3-benzyl-6-isopropyl-"
"2,3,4-Trihydroxybutyric acid tetrakis",3-Amino-5-morpholinomethyl-2-oxazolidinone
"2,3,4-Trihydroxybutyric acid tetrakis",3-Indoleacetic acid
"2,3,4-Trihydroxybutyric acid tetrakis","3-Methylpiperazine-2,5-dione, (R)-"
"2,3,4-Trihydroxybutyric acid tetrakis",3-Ureidopropionic acid
"2,3,4-Trihydroxybutyric acid tetrakis","3,4,5-Trihydroxypentanoic acid, tetrakis(trimethylsilyl)-"
"2,3,4-Trihydroxybutyric acid tetrakis","3beta,4beta-Bis(trimethylsiloxy)cholest-5-ene"
"2,3,4-Trihydroxybutyric acid tetrakis",4-Hydroxybenzeneacetic acid
"2,3,4-Trihydroxybutyric acid tetrakis",5-(2-Aminopropyl)-2-methylphenol
"2,3,4-Trihydroxybutyric acid tetrakis","6,7,4'-Trihydroxyisoflavone"
"2,3,4-Trihydroxybutyric acid tetrakis","6,8-Dioxapentadecane"
"2,3,4-Trihydroxybutyric acid tetrakis",9-Octadecenoic acid
"2,3,4-Trihydroxybutyric acid tetrakis","9H-Purine, 9-(trimethylsilyl)-2,6,8-tris[(trimethylsilyl)oxy]-"
"2,3,4-Trihydroxybutyric acid tetrakis","Acetin, bis-1,3-trimethylsilyl ether"
"2,3,4-Trihydroxybutyric acid tetrakis",Aceturic acid
"2,3,4-Trihydroxybutyric acid tetrakis",Arachidonic acid
"2,3,4-Trihydroxybutyric acid tetrakis",Benzeneacetic acid
"2,3,4-Trihydroxybutyric acid tetrakis",beta-Lyxopyranose
"2,3,4-Trihydroxybutyric acid tetrakis",Bis(trimethylsilyl)histidine
"2,3,4-Trihydroxybutyric acid tetrakis","Cholest-7-en-3-ol, (3beta,5alpha)-"
"2,3,4-Trihydroxybutyric acid tetrakis",Cinnamic acid
"2,3,4-Trihydroxybutyric acid tetrakis",Cyclobutanol
"2,3,4-Trihydroxybutyric acid tetrakis","Cyclopentanone, 2,2,4-trimethyl-"
"2,3,4-Trihydroxybutyric acid tetrakis","D-(+)-Ribono-1,4-lactone (R,S,R)-"
"2,3,4-Trihydroxybutyric acid tetrakis",D-Arabinose
"2,3,4-Trihydroxybutyric acid tetrakis",D-Fructose
"2,3,4-Trihydroxybutyric acid tetrakis",Deoxycholic Acid
"2,3,4-Trihydroxybutyric acid tetrakis",Glyceric acid
"2,3,4-Trihydroxybutyric acid tetrakis",Hydroquinidine
"2,3,4-Trihydroxybutyric acid tetrakis",Indole-3-lactic acid
"2,3,4-Trihydroxybutyric acid tetrakis",Isopropyl palmitate
"2,3,4-Trihydroxybutyric acid tetrakis",L-Threonine
"2,3,4-Trihydroxybutyric acid tetrakis",L-Tryptophan
"2,3,4-Trihydroxybutyric acid tetrakis",Methyl aminoacetate
"2,3,4-Trihydroxybutyric acid tetrakis",Methyl-3-methoxy-5-methyl benzoate
"2,3,4-Trihydroxybutyric acid tetrakis",Methylmalonic monoamide
"2,3,4-Trihydroxybutyric acid tetrakis","N-(Trifluoroacetyl)-N,O,O'-tris(trimethylsilyl)normetanephrine"
"2,3,4-Trihydroxybutyric acid tetrakis",Nonadecanoic acid
"2,3,4-Trihydroxybutyric acid tetrakis",Pimelic acid
"2,3,4-Trihydroxybutyric acid tetrakis","Propanetriol, 2-methyl-"
"2,3,4-Trihydroxybutyric acid tetrakis",Propylamine
"2,3,4-Trihydroxybutyric acid tetrakis",Suberic acid
"2,3,4-Trihydroxybutyric acid tetrakis",Tartronic acid
"2,3,4-Trihydroxybutyric acid tetrakis",Tributyl acetylcitrate
"2,3,4-Trihydroxybutyric acid tetrakis",Triethanolamine
"2,3,4-Trihydroxybutyric acid tetrakis",L-Tyrosine
"2,3,4,5-Tetrahydroxypentanoic acid-1,4-lactone","2,4-Diamino-6,7-dimethylpteridine"
"2,3,4,5-Tetrahydroxypentanoic acid-1,4-lactone","2,5-Cyclohexadiene-1,4-dione, 2,6-bis(1,1-dimethylethyl)-"
"2,3,4,5-Tetrahydroxypentanoic acid-1,4-lactone",3-Hydroxyisovaleric acid
"2,3,4,5-Tetrahydroxypentanoic acid-1,4-lactone",3-Nonen-1-ol
"2,3,4,5-Tetrahydroxypentanoic acid-1,4-lactone","3,4-Dihydrocoumarin, 4,4-dimethyl-6-dimethylamino-"
"2,3,4,5-Tetrahydroxypentanoic acid-1,4-lactone","3,5-Dimethyl-1,4-diallylpyrazole"
"2,3,4,5-Tetrahydroxypentanoic acid-1,4-lactone",4-Hydroxybenzoic acid
"2,3,4,5-Tetrahydroxypentanoic acid-1,4-lactone","5-Cholesten-3beta, 7alpha-bis[(trimethylsilyl)oxy]- "
"2,3,4,5-Tetrahydroxypentanoic acid-1,4-lactone",5-Hydroxytryptophan
"2,3,4,5-Tetrahydroxypentanoic acid-1,4-lactone","5alpha-Pregnane-3,20-dione"
"2,3,4,5-Tetrahydroxypentanoic acid-1,4-lactone","Acetamide, 2,2,2-trifluoro-"
"2,3,4,5-Tetrahydroxypentanoic acid-1,4-lactone",Allylescaline 
"2,3,4,5-Tetrahydroxypentanoic acid-1,4-lactone","Azetidine, 1-acetyl-2-methyl-"
"2,3,4,5-Tetrahydroxypentanoic acid-1,4-lactone","Benzene, 1,1'-(1,2-cyclobutanediyl)bis-"
"2,3,4,5-Tetrahydroxypentanoic acid-1,4-lactone","Benzeneethanamine, N-[(pentafluorophenyl)methylene]-4-[(trimethylsilyl)oxy]-"
"2,3,4,5-Tetrahydroxypentanoic acid-1,4-lactone","Benzimidazole, 5-trifluoromethyl-2-methyl-"
"2,3,4,5-Tetrahydroxypentanoic acid-1,4-lactone","Benzo[b]fluorene, 5-amino-7-methyl-1,2,3,4,6,7,8,9-octahydro-11-thia-10-aza-"
"2,3,4,5-Tetrahydroxypentanoic acid-1,4-lactone","Benzoic acid, pentadecyl ester"
"2,3,4,5-Tetrahydroxypentanoic acid-1,4-lactone",Benzoic Acid
"2,3,4,5-Tetrahydroxypentanoic acid-1,4-lactone",Benzophenone
"2,3,4,5-Tetrahydroxypentanoic acid-1,4-lactone",Campesterol
"2,3,4,5-Tetrahydroxypentanoic acid-1,4-lactone","Cephalotaxine, 3-deoxy-3,11-epoxy-, (3alpha,11alpha)-"
"2,3,4,5-Tetrahydroxypentanoic acid-1,4-lactone","Cholest-7-en-3-ol, (3beta,5alpha)-"
"2,3,4,5-Tetrahydroxypentanoic acid-1,4-lactone",Cholesterol
"2,3,4,5-Tetrahydroxypentanoic acid-1,4-lactone",cis-4-Trimethylsilyloxy-cyclohexyl(trimethylsilyl)carboxylate
"2,3,4,5-Tetrahydroxypentanoic acid-1,4-lactone",cyclobutanecarboxylic acid
"2,3,4,5-Tetrahydroxypentanoic acid-1,4-lactone","Cyclopentaneacetic acid, 3-oxo-2-pentyl-"
"2,3,4,5-Tetrahydroxypentanoic acid-1,4-lactone","D-(+)-Ribono-1,4-lactone (R,S,R)-"
"2,3,4,5-Tetrahydroxypentanoic acid-1,4-lactone","D-Xylofuranose, 1,2,3,5-tetrakis-O-"
"2,3,4,5-Tetrahydroxypentanoic acid-1,4-lactone",Dimethyl fumarate
"2,3,4,5-Tetrahydroxypentanoic acid-1,4-lactone","Dimethyl hexopyranosiduronate, alpha-D-"
"2,3,4,5-Tetrahydroxypentanoic acid-1,4-lactone",Diphenyl ether
"2,3,4,5-Tetrahydroxypentanoic acid-1,4-lactone",Docosyl octyl ether
"2,3,4,5-Tetrahydroxypentanoic acid-1,4-lactone","Furan, 2-pentyl-"
"2,3,4,5-Tetrahydroxypentanoic acid-1,4-lactone",Glucose
"2,3,4,5-Tetrahydroxypentanoic acid-1,4-lactone",Glyceric acid
"2,3,4,5-Tetrahydroxypentanoic acid-1,4-lactone","Glycine, N-[4-[(trimethylsilyl)oxy]benzoyl]-"
"2,3,4,5-Tetrahydroxypentanoic acid-1,4-lactone",Glycolic acid
"2,3,4,5-Tetrahydroxypentanoic acid-1,4-lactone",Hexanoylglycine
"2,3,4,5-Tetrahydroxypentanoic acid-1,4-lactone",Hippuric acid
"2,3,4,5-Tetrahydroxypentanoic acid-1,4-lactone",Hydracrylic acid
"2,3,4,5-Tetrahydroxypentanoic acid-1,4-lactone",Isonicotinic Acid
"2,3,4,5-Tetrahydroxypentanoic acid-1,4-lactone",L-Cysteine
"2,3,4,5-Tetrahydroxypentanoic acid-1,4-lactone",L-Threitol
"2,3,4,5-Tetrahydroxypentanoic acid-1,4-lactone",L-Threonine
"2,3,4,5-Tetrahydroxypentanoic acid-1,4-lactone",L-Valine
"2,3,4,5-Tetrahydroxypentanoic acid-1,4-lactone",Methylmalonic monoamide
"2,3,4,5-Tetrahydroxypentanoic acid-1,4-lactone",N-alpha-Acetyl-L-Lysine
"2,3,4,5-Tetrahydroxypentanoic acid-1,4-lactone","N,N-Diethyl-2-aminoethanol"
"2,3,4,5-Tetrahydroxypentanoic acid-1,4-lactone","Pentanedioic acid, 3-methyl-3-[(trimethylsilyl)oxy]-"
"2,3,4,5-Tetrahydroxypentanoic acid-1,4-lactone",Pentanoic acid
"2,3,4,5-Tetrahydroxypentanoic acid-1,4-lactone",Pentylone
"2,3,4,5-Tetrahydroxypentanoic acid-1,4-lactone",Phenol
"2,3,4,5-Tetrahydroxypentanoic acid-1,4-lactone",Phenoxyacetic acid
"2,3,4,5-Tetrahydroxypentanoic acid-1,4-lactone",Phosalone
"2,3,4,5-Tetrahydroxypentanoic acid-1,4-lactone","Pregn-16-en-20-one, 3,18-bis(acetyloxy)-14,15-epoxy-, (3beta,5alpha,14beta,15beta)-"
"2,3,4,5-Tetrahydroxypentanoic acid-1,4-lactone","Ribonic acid, 2,3,4,5-tetrakis-"
"2,3,4,5-Tetrahydroxypentanoic acid-1,4-lactone",S-Methyl-L-cysteine
"2,3,4,5-Tetrahydroxypentanoic acid-1,4-lactone",Salsoline
"2,3,4,5-Tetrahydroxypentanoic acid-1,4-lactone",Supraene
"2,3,4,5-Tetrahydroxypentanoic acid-1,4-lactone",Tributyl acetylcitrate
"2,3,4,5-Tetrahydroxypentanoic acid-1,4-lactone",Triethanolamine
"2,4-Decadienal","2,5-Di-tert-butyl-4-((trimethylsilyl)oxy)phenol"
"2,4-Decadienal","2,5-Dimethoxy-4-methylamphetamine"
"2,4-Decadienal","2,5-Dimethyl-1-aza-bicyclo[2.2.1]heptane"
"2,4-Decadienal","3-Buten-2-one, 3-trimethylsilyloxy-"
"2,4-Decadienal","3-Methyl-2-butenoic acid, tridec-2-ynyl ester"
"2,4-Decadienal",3'-Hydroxyacetophenone
"2,4-Decadienal","3beta,4beta-Bis(trimethylsiloxy)cholest-5-ene"
"2,4-Decadienal",4-(Trimethylsilyoxy)-3-penten-2-one
"2,4-Decadienal",4-Hydroxybenzaldehyde
"2,4-Decadienal",4-Hydroxyphenyllactic acid
"2,4-Decadienal",5-(2-Aminopropyl)-2-methylphenol
"2,4-Decadienal","6-Methoxy-1-methyl-1,2,3,4-tetrahydroisoquinolin-7-ol "
"2,4-Decadienal","7,9-Di-tert-butyl-1-oxaspiro(4,5)deca-6,9-diene-2,8-dione"
"2,4-Decadienal",alpha-Tocopherol
"2,4-Decadienal","Benzene, 1-acetoxy-2,6-dimethoxy-4-(2-propenyl)-"
"2,4-Decadienal","Benzene, 1,3-bis(1,1-dimethylethyl)-"
"2,4-Decadienal","Benzimidazole, 5-trifluoromethyl-2-methyl-"
"2,4-Decadienal",Benzophenone
"2,4-Decadienal",Butylmethylamine
"2,4-Decadienal","Cholest-7-en-3-ol, (3beta,5alpha)-"
"2,4-Decadienal",Cyclobutanol
"2,4-Decadienal",Cyclohexanol
"2,4-Decadienal","D-(+)-Ribono-1,4-lactone (R,S,R)-"
"2,4-Decadienal",D-Fucitol
"2,4-Decadienal",D-Ornithine
"2,4-Decadienal",Dimethyl fumarate
"2,4-Decadienal",Diphenyl ether
"2,4-Decadienal",Doconexent
"2,4-Decadienal",Dodecanoic acid
"2,4-Decadienal",Dopamine
"2,4-Decadienal","Ethanone, 1-(2,5-dimethoxyphenyl)-"
"2,4-Decadienal",Glycine
"2,4-Decadienal","Glycine, N-[4-[(trimethylsilyl)oxy]benzoyl]-"
"2,4-Decadienal",Glyoxime
"2,4-Decadienal",Heptadecanoic acid
"2,4-Decadienal",Hydantoic acid
"2,4-Decadienal",Hydracrylic acid
"2,4-Decadienal",Indole-5-carboxylic acid
"2,4-Decadienal",Itaconic acid
"2,4-Decadienal",L-Glutamine
"2,4-Decadienal",L-Tryptophan
"2,4-Decadienal","Methyl (3,4-dimethoxyphenyl)(hydroxy)acetate"
"2,4-Decadienal",Methyl aminoacetate
"2,4-Decadienal",Neostigmine 
"2,4-Decadienal",Niclosamide
"2,4-Decadienal",Nonadecanoic acid
"2,4-Decadienal",Nonanal
"2,4-Decadienal",Ornithine
"2,4-Decadienal",Pantolactone
"2,4-Decadienal",Pentadecanoic acid
"2,4-Decadienal",Petroselinic acid
"2,4-Decadienal",Phloroglucinol
"2,4-Decadienal",Picolinic acid
"2,4-Decadienal","Propanetriol, 2-methyl-"
"2,4-Decadienal","Propanoic acid, 2-methyl-"
"2,4-Decadienal",Salsoline
"2,4-Decadienal",Ser-Leu
"2,4-Decadienal",Sinomenin
"2,4-Decadienal","Stigmast-5-ene, 3beta-"
"2,4-Decadienal",Supraene
"2,4-Decadienal",Triethanolamine
"2,4-Decadienal",L-Tyrosine
"2,4-Diamino-6,7-dimethylpteridine","2,5-Cyclohexadiene-1,4-dione, 2,6-bis(1,1-dimethylethyl)-"
"2,4-Diamino-6,7-dimethylpteridine",3-Amino-5-morpholinomethyl-2-oxazolidinone
"2,4-Diamino-6,7-dimethylpteridine",3-Hexenedinitrile
"2,4-Diamino-6,7-dimethylpteridine",3-Hydroxyisovaleric acid
"2,4-Diamino-6,7-dimethylpteridine",3-Nonen-1-ol
"2,4-Diamino-6,7-dimethylpteridine","3,5-Di-tert-butyl-2-trimethylsilyloxybenzaldehyde"
"2,4-Diamino-6,7-dimethylpteridine","3,5-di-tert-Butyl-4-hydroxyacetophenone"
"2,4-Diamino-6,7-dimethylpteridine","3,5-Dimethylpyrazole"
"2,4-Diamino-6,7-dimethylpteridine",3'-Hydroxyacetophenone
"2,4-Diamino-6,7-dimethylpteridine",4-(Trimethylsilyoxy)-3-penten-2-one
"2,4-Diamino-6,7-dimethylpteridine",4-Cumylphenol
"2,4-Diamino-6,7-dimethylpteridine","4-Fluoroaniline, N-trimethylsilyl-"
"2,4-Diamino-6,7-dimethylpteridine",4-Methoxyphenol
"2,4-Diamino-6,7-dimethylpteridine",4-Methylvaleric acid
"2,4-Diamino-6,7-dimethylpteridine",5-Henicosylresorcinol
"2,4-Diamino-6,7-dimethylpteridine",5-Hydroxytryptophan
"2,4-Diamino-6,7-dimethylpteridine","7,9-Di-tert-butyl-1-oxaspiro(4,5)deca-6,9-diene-2,8-dione"
"2,4-Diamino-6,7-dimethylpteridine",9-Hexadecenoic acid
"2,4-Diamino-6,7-dimethylpteridine","9H-Fluorene, 9-methylene-"
"2,4-Diamino-6,7-dimethylpteridine","Acetamide, N,N-diethyl-"
"2,4-Diamino-6,7-dimethylpteridine","Acetohydrazide, 2-(2-isopropyl-5-methylphenoxy)-N2-benzylideno-"
"2,4-Diamino-6,7-dimethylpteridine","Benzaldehyde, 2,5-dimethyl-"
"2,4-Diamino-6,7-dimethylpteridine","Benzene, 1,3-bis(1,1-dimethylethyl)-"
"2,4-Diamino-6,7-dimethylpteridine","Benzimidazole, 5-trifluoromethyl-2-methyl-"
"2,4-Diamino-6,7-dimethylpteridine","Benzoic acid, methyl ester"
"2,4-Diamino-6,7-dimethylpteridine","Benzoic acid, pentadecyl ester"
"2,4-Diamino-6,7-dimethylpteridine",Benzoic Acid
"2,4-Diamino-6,7-dimethylpteridine",Benzophenone
"2,4-Diamino-6,7-dimethylpteridine",Butylated Hydroxytoluene
"2,4-Diamino-6,7-dimethylpteridine",Butylmethylamine
"2,4-Diamino-6,7-dimethylpteridine",Campesterol
"2,4-Diamino-6,7-dimethylpteridine",Cholesterol
"2,4-Diamino-6,7-dimethylpteridine",Cinnamic acid
"2,4-Diamino-6,7-dimethylpteridine",Cyclohexanol
"2,4-Diamino-6,7-dimethylpteridine","Cyclohexanone, 3,3,5-trimethyl-"
"2,4-Diamino-6,7-dimethylpteridine","Cyclopentaneacetic acid, 3-oxo-2-pentyl-"
"2,4-Diamino-6,7-dimethylpteridine",D-(-)-Citramalic acid
"2,4-Diamino-6,7-dimethylpteridine",D-Ornithine
"2,4-Diamino-6,7-dimethylpteridine",Desmosterol
"2,4-Diamino-6,7-dimethylpteridine",Diphenyl ether
"2,4-Diamino-6,7-dimethylpteridine","Dodecanoic acid, 1-methylethyl ester"
"2,4-Diamino-6,7-dimethylpteridine",Dodecanoic acid
"2,4-Diamino-6,7-dimethylpteridine",Dodecylcyclohexane
"2,4-Diamino-6,7-dimethylpteridine",Eicosapentaenoic acid
"2,4-Diamino-6,7-dimethylpteridine","Erythrono-1,4-lactone, (Z)-"
"2,4-Diamino-6,7-dimethylpteridine","Ethanamine, N,N-diethyl-2,2-dimethyl-2-[(3,5-dimethoxy)phenyl]-"
"2,4-Diamino-6,7-dimethylpteridine","Ethanol, 2-(9-octadecenyloxy)-"
"2,4-Diamino-6,7-dimethylpteridine","Furan, 2-pentyl-"
"2,4-Diamino-6,7-dimethylpteridine",Glycine
"2,4-Diamino-6,7-dimethylpteridine","Glycine, N-(N-DL-leucylglycyl)-"
"2,4-Diamino-6,7-dimethylpteridine",Glyoxime
"2,4-Diamino-6,7-dimethylpteridine",Heptadecanoic acid
"2,4-Diamino-6,7-dimethylpteridine",Hexanoic acid
"2,4-Diamino-6,7-dimethylpteridine",Hydantoic acid
"2,4-Diamino-6,7-dimethylpteridine",Indole-5-carboxylic acid
"2,4-Diamino-6,7-dimethylpteridine",Isofucosterol
"2,4-Diamino-6,7-dimethylpteridine",L-5-Oxoproline
"2,4-Diamino-6,7-dimethylpteridine",L-Glutamic acid
"2,4-Diamino-6,7-dimethylpteridine",L-Hydroxyproline
"2,4-Diamino-6,7-dimethylpteridine",Levulinic acid
"2,4-Diamino-6,7-dimethylpteridine",Metanephrine
"2,4-Diamino-6,7-dimethylpteridine",Myristic acid
"2,4-Diamino-6,7-dimethylpteridine","N,O-Bis(trimethylsilyl)carbamate"
"2,4-Diamino-6,7-dimethylpteridine",Naphthofluorescein
"2,4-Diamino-6,7-dimethylpteridine",Neostigmine 
"2,4-Diamino-6,7-dimethylpteridine",Niclosamide
"2,4-Diamino-6,7-dimethylpteridine",Nonanal
"2,4-Diamino-6,7-dimethylpteridine",Norketamine
"2,4-Diamino-6,7-dimethylpteridine",Octanoic acid
"2,4-Diamino-6,7-dimethylpteridine",Octopamine
"2,4-Diamino-6,7-dimethylpteridine",p-Toluic acid
"2,4-Diamino-6,7-dimethylpteridine",Pantolactone
"2,4-Diamino-6,7-dimethylpteridine",Pentanoic acid
"2,4-Diamino-6,7-dimethylpteridine",Phenol
"2,4-Diamino-6,7-dimethylpteridine",Phenoxyacetic acid
"2,4-Diamino-6,7-dimethylpteridine",phenoxyethanol
"2,4-Diamino-6,7-dimethylpteridine",Phlorizin
"2,4-Diamino-6,7-dimethylpteridine",Phloroglucinol
"2,4-Diamino-6,7-dimethylpteridine",Picolinic acid
"2,4-Diamino-6,7-dimethylpteridine","Propanoic acid, 2-methyl-"
"2,4-Diamino-6,7-dimethylpteridine","Pyrimidine, 5-methyl-2,4-bis[(trimethylsilyl)oxy]-"
"2,4-Diamino-6,7-dimethylpteridine",Salsoline
"2,4-Diamino-6,7-dimethylpteridine","Stigmast-5-ene, 3beta-"
"2,4-Diamino-6,7-dimethylpteridine",Supraene
"2,4-Diamino-6,7-dimethylpteridine","Thymine, 1,3-dimethyl-6-(trimethylsilyloxymethyl)-"
"2,4-Diamino-6,7-dimethylpteridine",L-Tyrosine
"2,4-Imidazolidinedione, 5,5-dimethyl-","2,5-Dimethoxymandelic acid"
"2,4-Imidazolidinedione, 5,5-dimethyl-","2,6-Bis[2-[2-S-thiosulfuroethylamino]ethoxy]pyrazine"
"2,4-Imidazolidinedione, 5,5-dimethyl-",3-Amino-5-morpholinomethyl-2-oxazolidinone
"2,4-Imidazolidinedione, 5,5-dimethyl-",3-Hydroxyisovaleric acid
"2,4-Imidazolidinedione, 5,5-dimethyl-","3,5-Dimethylpyrazole"
"2,4-Imidazolidinedione, 5,5-dimethyl-","3beta-TRIMETHYLSILOXY-5alpha,6alpha-EPOXYCHOLESTANE"
"2,4-Imidazolidinedione, 5,5-dimethyl-",4-Hydroxy-5-(hydroxymethyl)oxolan-2-one
"2,4-Imidazolidinedione, 5,5-dimethyl-",4-Hydroxybenzaldehyde
"2,4-Imidazolidinedione, 5,5-dimethyl-",4-Hydroxyphenyllactic acid
"2,4-Imidazolidinedione, 5,5-dimethyl-","6,8-Dioxapentadecane"
"2,4-Imidazolidinedione, 5,5-dimethyl-","9(E),11(E)-Conjugated linoleic acid"
"2,4-Imidazolidinedione, 5,5-dimethyl-","Benzenemethanamine, 2,3-dimethoxy-"
"2,4-Imidazolidinedione, 5,5-dimethyl-","Benzoic acid, pentadecyl ester"
"2,4-Imidazolidinedione, 5,5-dimethyl-",Benzophenone
"2,4-Imidazolidinedione, 5,5-dimethyl-","beta-D-Galactofuranose, 1,2,3,5,6-pentakis-O-(trimethylsilyl)-"
"2,4-Imidazolidinedione, 5,5-dimethyl-","Cholesta-3,5-diene "
"2,4-Imidazolidinedione, 5,5-dimethyl-","Cyclopentanone, 2,2,4-trimethyl-"
"2,4-Imidazolidinedione, 5,5-dimethyl-",D-Arabinose
"2,4-Imidazolidinedione, 5,5-dimethyl-",Dimethyl fumarate
"2,4-Imidazolidinedione, 5,5-dimethyl-",Diphenyl ether
"2,4-Imidazolidinedione, 5,5-dimethyl-","Dodecanoic acid, 1-methylethyl ester"
"2,4-Imidazolidinedione, 5,5-dimethyl-",Erythritol
"2,4-Imidazolidinedione, 5,5-dimethyl-","Ethanone, 1-(5-methoxy-2-methyl-3(1H)-indolyl)-"
"2,4-Imidazolidinedione, 5,5-dimethyl-","Inosose-2, 1,3,4,5,6-pentakis-"
"2,4-Imidazolidinedione, 5,5-dimethyl-",Itaconic acid
"2,4-Imidazolidinedione, 5,5-dimethyl-",L-Aspartic acid
"2,4-Imidazolidinedione, 5,5-dimethyl-",L-Threonine
"2,4-Imidazolidinedione, 5,5-dimethyl-",Methyl isovanillate
"2,4-Imidazolidinedione, 5,5-dimethyl-",N-alpha-Acetyl-L-Lysine
"2,4-Imidazolidinedione, 5,5-dimethyl-","N,N-Diethyl-2-aminoethanol"
"2,4-Imidazolidinedione, 5,5-dimethyl-",Octocrylene
"2,4-Imidazolidinedione, 5,5-dimethyl-","Oxalic acid, allyl octyl ester"
"2,4-Imidazolidinedione, 5,5-dimethyl-",p-Toluic acid
"2,4-Imidazolidinedione, 5,5-dimethyl-",Pentanoic acid
"2,4-Imidazolidinedione, 5,5-dimethyl-",Phenoxyacetic acid
"2,4-Imidazolidinedione, 5,5-dimethyl-",Phloroglucinol
"2,4-Imidazolidinedione, 5,5-dimethyl-",Ribitol
"2,4-Imidazolidinedione, 5,5-dimethyl-","Ribonic acid, 2,3,4,5-tetrakis-"
"2,4-Imidazolidinedione, 5,5-dimethyl-",S-Methyl-L-cysteine
"2,4-Imidazolidinedione, 5,5-dimethyl-",Salsoline
"2,4-Imidazolidinedione, 5,5-dimethyl-",Supraene
"2,4-Imidazolidinedione, 5,5-dimethyl-",Tartronic acid
"2,4-Imidazolidinedione, 5,5-dimethyl-","Thymine, 1,3-dimethyl-6-(trimethylsilyloxymethyl)-"
"2,5-Cyclohexadiene-1,4-dione, 2,6-bis(1,1-dimethylethyl)-","2,5-Dimethoxy-4-methylamphetamine"
"2,5-Cyclohexadiene-1,4-dione, 2,6-bis(1,1-dimethylethyl)-","3-Buten-2-one, 3-trimethylsilyloxy-"
"2,5-Cyclohexadiene-1,4-dione, 2,6-bis(1,1-dimethylethyl)-",3-Hydroxyisovaleric acid
"2,5-Cyclohexadiene-1,4-dione, 2,6-bis(1,1-dimethylethyl)-",4-Cumylphenol
"2,5-Cyclohexadiene-1,4-dione, 2,6-bis(1,1-dimethylethyl)-","5,10-Diethoxy-2,3,7,8-tetrahydro-1H,6H-dipyrrolo[1,2-a:1',2'-d]pyrazine "
"2,5-Cyclohexadiene-1,4-dione, 2,6-bis(1,1-dimethylethyl)-","Acetamide, N,N-diethyl-"
"2,5-Cyclohexadiene-1,4-dione, 2,6-bis(1,1-dimethylethyl)-",Arabinaric acid
"2,5-Cyclohexadiene-1,4-dione, 2,6-bis(1,1-dimethylethyl)-","Benzenemethanamine, 2,3-dimethoxy-"
"2,5-Cyclohexadiene-1,4-dione, 2,6-bis(1,1-dimethylethyl)-",Boric acid
"2,5-Cyclohexadiene-1,4-dione, 2,6-bis(1,1-dimethylethyl)-",Butylated Hydroxytoluene
"2,5-Cyclohexadiene-1,4-dione, 2,6-bis(1,1-dimethylethyl)-",Butylmethylamine
"2,5-Cyclohexadiene-1,4-dione, 2,6-bis(1,1-dimethylethyl)-","Cyclohexanone, 3,3,5-trimethyl-"
"2,5-Cyclohexadiene-1,4-dione, 2,6-bis(1,1-dimethylethyl)-","Cyclohexene, 3-butyl-3-methyl-1-trimethylsilyloxy-"
"2,5-Cyclohexadiene-1,4-dione, 2,6-bis(1,1-dimethylethyl)-","D-(-)-Fructofuranose, pentakis"
"2,5-Cyclohexadiene-1,4-dione, 2,6-bis(1,1-dimethylethyl)-",D-Fucitol
"2,5-Cyclohexadiene-1,4-dione, 2,6-bis(1,1-dimethylethyl)-",D-Ornithine
"2,5-Cyclohexadiene-1,4-dione, 2,6-bis(1,1-dimethylethyl)-",Decanoic acid
"2,5-Cyclohexadiene-1,4-dione, 2,6-bis(1,1-dimethylethyl)-",Dodecanoic acid
"2,5-Cyclohexadiene-1,4-dione, 2,6-bis(1,1-dimethylethyl)-",Dodecylcyclohexane
"2,5-Cyclohexadiene-1,4-dione, 2,6-bis(1,1-dimethylethyl)-","Ethanamine, N,N-diethyl-2,2-dimethyl-2-[(3,5-dimethoxy)phenyl]-"
"2,5-Cyclohexadiene-1,4-dione, 2,6-bis(1,1-dimethylethyl)-",Glucose
"2,5-Cyclohexadiene-1,4-dione, 2,6-bis(1,1-dimethylethyl)-","Guanidine, N,N-dimethyl-"
"2,5-Cyclohexadiene-1,4-dione, 2,6-bis(1,1-dimethylethyl)-",Hexanedioic acid
"2,5-Cyclohexadiene-1,4-dione, 2,6-bis(1,1-dimethylethyl)-",Levulinic acid
"2,5-Cyclohexadiene-1,4-dione, 2,6-bis(1,1-dimethylethyl)-",Myristic acid
"2,5-Cyclohexadiene-1,4-dione, 2,6-bis(1,1-dimethylethyl)-",n-Butylamine
"2,5-Cyclohexadiene-1,4-dione, 2,6-bis(1,1-dimethylethyl)-",N-Isobutyl-sec-butylamine
"2,5-Cyclohexadiene-1,4-dione, 2,6-bis(1,1-dimethylethyl)-",Naphthofluorescein
"2,5-Cyclohexadiene-1,4-dione, 2,6-bis(1,1-dimethylethyl)-",Octanoic acid
"2,5-Cyclohexadiene-1,4-dione, 2,6-bis(1,1-dimethylethyl)-",Pantolactone
"2,5-Cyclohexadiene-1,4-dione, 2,6-bis(1,1-dimethylethyl)-","Pentanedioic acid, 2,4-bis[(trimethylsilyl)oxy]"
"2,5-Cyclohexadiene-1,4-dione, 2,6-bis(1,1-dimethylethyl)-",Pentanoic acid
"2,5-Cyclohexadiene-1,4-dione, 2,6-bis(1,1-dimethylethyl)-","Phenol, 3,5-bis(1,1-dimethylethyl)-"
"2,5-Cyclohexadiene-1,4-dione, 2,6-bis(1,1-dimethylethyl)-",Phenol
"2,5-Cyclohexadiene-1,4-dione, 2,6-bis(1,1-dimethylethyl)-",phenoxyethanol
"2,5-Cyclohexadiene-1,4-dione, 2,6-bis(1,1-dimethylethyl)-","Piperidine, 1-(1-methylpentyl)-"
"2,5-Cyclohexadiene-1,4-dione, 2,6-bis(1,1-dimethylethyl)-",Sertraline carbamoyl glucuronide
"2,5-Cyclohexadiene-1,4-dione, 2,6-bis(1,1-dimethylethyl)-",Supraene
"2,5-Cyclohexadiene-1,4-dione, 2,6-bis(1,1-dimethylethyl)-",Tricine
"2,5-Cyclohexadiene-1,4-dione, 2,6-bis(1,1-dimethylethyl)-",Tris(trimethylsilyl)carbamate
"2,5-di-tert-Butyl-1,4-benzoquinone",3-Amino-5-morpholinomethyl-2-oxazolidinone
"2,5-di-tert-Butyl-1,4-benzoquinone","3-Buten-2-one, 3-trimethylsilyloxy-"
"2,5-di-tert-Butyl-1,4-benzoquinone","3-Hydroxy-2,3-dihydromaltol"
"2,5-di-tert-Butyl-1,4-benzoquinone","3,4-dimethyl-5-(3,4-methylenedioxy)phenyloxazolidine"
"2,5-di-tert-Butyl-1,4-benzoquinone","3beta-TRIMETHYLSILOXY-5alpha,6alpha-EPOXYCHOLESTANE"
"2,5-di-tert-Butyl-1,4-benzoquinone",4-Hydroxy-5-(hydroxymethyl)oxolan-2-one
"2,5-di-tert-Butyl-1,4-benzoquinone",4-Hydroxyphenyllactic acid
"2,5-di-tert-Butyl-1,4-benzoquinone",9-Octadecenoic acid
"2,5-di-tert-Butyl-1,4-benzoquinone","9(E),11(E)-Conjugated linoleic acid"
"2,5-di-tert-Butyl-1,4-benzoquinone",Atrazine desethyl
"2,5-di-tert-Butyl-1,4-benzoquinone","Benzene, 3-cyclohexen-1-yl-"
"2,5-di-tert-Butyl-1,4-benzoquinone",Benzophenone
"2,5-di-tert-Butyl-1,4-benzoquinone","beta-D-Galactofuranose, 1,2,3,5,6-pentakis-O-(trimethylsilyl)-"
"2,5-di-tert-Butyl-1,4-benzoquinone",beta-Lyxopyranose
"2,5-di-tert-Butyl-1,4-benzoquinone", 5-Hydroxyhexanoic acid
"2,5-di-tert-Butyl-1,4-benzoquinone",Boric acid
"2,5-di-tert-Butyl-1,4-benzoquinone","Butanoic acid, 2,4-bis[(trimethylsilyl)oxy]-"
"2,5-di-tert-Butyl-1,4-benzoquinone",Cadaverine
"2,5-di-tert-Butyl-1,4-benzoquinone","Cholesta-3,5-diene "
"2,5-di-tert-Butyl-1,4-benzoquinone","D-Psicofuranose, pentakis"
"2,5-di-tert-Butyl-1,4-benzoquinone",D-Threitol
"2,5-di-tert-Butyl-1,4-benzoquinone",Dehydronorketamine
"2,5-di-tert-Butyl-1,4-benzoquinone",DL-Glyceraldehyde
"2,5-di-tert-Butyl-1,4-benzoquinone","DL-Proline, 5-oxo-"
"2,5-di-tert-Butyl-1,4-benzoquinone","Dodecane, 4,6-dimethyl-"
"2,5-di-tert-Butyl-1,4-benzoquinone",Dodecanoic acid
"2,5-di-tert-Butyl-1,4-benzoquinone",Ethanolamine
"2,5-di-tert-Butyl-1,4-benzoquinone","Ethanone, 1-(5-methoxy-2-methyl-3(1H)-indolyl)-"
"2,5-di-tert-Butyl-1,4-benzoquinone",Guanabenz
"2,5-di-tert-Butyl-1,4-benzoquinone","Guanidine, N,N-dimethyl-"
"2,5-di-tert-Butyl-1,4-benzoquinone",Isofucosterol
"2,5-di-tert-Butyl-1,4-benzoquinone",Itaconic acid
"2,5-di-tert-Butyl-1,4-benzoquinone",Methyl aminoacetate
"2,5-di-tert-Butyl-1,4-benzoquinone",N-alpha-Acetyl-L-Lysine
"2,5-di-tert-Butyl-1,4-benzoquinone","N,O-Bis(trimethylsilyl)carbamate"
"2,5-di-tert-Butyl-1,4-benzoquinone",Niacin
"2,5-di-tert-Butyl-1,4-benzoquinone",Oxalic acid
"2,5-di-tert-Butyl-1,4-benzoquinone",Palmitic Acid
"2,5-di-tert-Butyl-1,4-benzoquinone",Phenoxyacetic acid
"2,5-di-tert-Butyl-1,4-benzoquinone","Spiro[cyclopenta[d]-1,3,2-dioxaborin-4(5H),1'-cyclopentane], 2-ethyl-6,7-dihydro-"
"2,5-di-tert-Butyl-1,4-benzoquinone","Stigmast-5-ene, 3beta-"
"2,5-di-tert-Butyl-1,4-benzoquinone",Tartronic acid
"2,5-di-tert-Butyl-1,4-benzoquinone",Triethanolamine
"2,5-di-tert-Butyl-1,4-benzoquinone",Tris(trimethylsilyl)carbamate
"2,5-di-tert-Butyl-1,4-benzoquinone",Valylglycine
"2,5-di-tert-Butyl-1,4-benzoquinone",Xylazine
"2,5-Di-tert-butyl-4-((trimethylsilyl)oxy)phenol","3-Methyl-2-butenoic acid, tridec-2-ynyl ester"
"2,5-Di-tert-butyl-4-((trimethylsilyl)oxy)phenol",3'-Hydroxyacetophenone
"2,5-Di-tert-butyl-4-((trimethylsilyl)oxy)phenol",5-(2-Aminopropyl)-2-methylphenol
"2,5-Di-tert-butyl-4-((trimethylsilyl)oxy)phenol","7,9-Di-tert-butyl-1-oxaspiro(4,5)deca-6,9-diene-2,8-dione"
"2,5-Di-tert-butyl-4-((trimethylsilyl)oxy)phenol","Arabinofuranose, 1,2,3,5-tetrakis-O-"
"2,5-Di-tert-butyl-4-((trimethylsilyl)oxy)phenol","Benzene, 1,3-bis(1,1-dimethylethyl)-"
"2,5-Di-tert-butyl-4-((trimethylsilyl)oxy)phenol",Bis(trimethylsilyl)histidine
"2,5-Di-tert-butyl-4-((trimethylsilyl)oxy)phenol",Butylmethylamine
"2,5-Di-tert-butyl-4-((trimethylsilyl)oxy)phenol","cis-4,5-Dihydroxy-o-dithiane, 2O-"
"2,5-Di-tert-butyl-4-((trimethylsilyl)oxy)phenol",D-Fucitol
"2,5-Di-tert-butyl-4-((trimethylsilyl)oxy)phenol",Heptadecanoic acid
"2,5-Di-tert-butyl-4-((trimethylsilyl)oxy)phenol",l-Histidine ethyl ester
"2,5-Di-tert-butyl-4-((trimethylsilyl)oxy)phenol",L-Leucine
"2,5-Di-tert-butyl-4-((trimethylsilyl)oxy)phenol","N-(Trifluoroacetyl)-N,O,O'-tris(trimethylsilyl)normetanephrine"
"2,5-Di-tert-butyl-4-((trimethylsilyl)oxy)phenol",Niacin
"2,5-Di-tert-butyl-4-((trimethylsilyl)oxy)phenol",Oxalic acid
"2,5-Di-tert-butyl-4-((trimethylsilyl)oxy)phenol",Pentadecanoic acid
"2,5-Di-tert-butyl-4-((trimethylsilyl)oxy)phenol",Phenanthridin-6-ol 
"2,5-Di-tert-butyl-4-((trimethylsilyl)oxy)phenol",Picolinic acid
"2,5-Di-tert-butyl-4-((trimethylsilyl)oxy)phenol","Propanoic acid, 2-oxo-"
"2,5-Di-tert-butyl-4-((trimethylsilyl)oxy)phenol","Pyrazine, 3,6-dihydro-3,6-dimethyl-"
"2,5-Di-tert-butyl-4-((trimethylsilyl)oxy)phenol",Sinomenin
"2,5-Di-tert-butyl-4-((trimethylsilyl)oxy)phenol",Tricine
"2,5-Di-tert-butyl-4-((trimethylsilyl)oxy)phenol",Trimethylsilyl 3-((trimethylsilyl)thio)propanoate
"2,5-Di-tert-butylhydroquinone","3,4-dimethyl-5-(3,4-methylenedioxy)phenyloxazolidine"
"2,5-Di-tert-butylhydroquinone","Cholesta-3,5-dien-7-one"
"2,5-Di-tert-butylhydroquinone","Cyclopentanone, 2,2,4-trimethyl-"
"2,5-Di-tert-butylhydroquinone","Isoquinoline, 3,4-dihydro-6,7-dimethoxy-1-[4-hydroxybenzyl]-"
"2,5-Di-tert-butylhydroquinone",Octan-2-yl palmitate
"2,5-Di-tert-butylhydroquinone","Tacrine, N-trimethylsilyl-"
"2,5-Dimethoxy-4-methylamphetamine",4-Pyridinol
"2,5-Dimethoxy-4-methylamphetamine",5-(2-Aminopropyl)-2-methylphenol
"2,5-Dimethoxy-4-methylamphetamine","5,10-Diethoxy-2,3,7,8-tetrahydro-1H,6H-dipyrrolo[1,2-a:1',2'-d]pyrazine "
"2,5-Dimethoxy-4-methylamphetamine",alpha-Linolenic acid
"2,5-Dimethoxy-4-methylamphetamine",Arabinaric acid
"2,5-Dimethoxy-4-methylamphetamine","Cyclohexene, 3-butyl-3-methyl-1-trimethylsilyloxy-"
"2,5-Dimethoxy-4-methylamphetamine",D-Ribose
"2,5-Dimethoxy-4-methylamphetamine",L-Alanine
"2,5-Dimethoxy-4-methylamphetamine",L-Threitol
"2,5-Dimethoxy-4-methylamphetamine",L-Tryptophan
"2,5-Dimethoxy-4-methylamphetamine",Metanephrine
"2,5-Dimethoxy-4-methylamphetamine",N-alpha-Acetyl-L-Lysine
"2,5-Dimethoxy-4-methylamphetamine",Ornithine
"2,5-Dimethoxybenzhydrazide","2,5-Dimethoxyphenol"
"2,5-Dimethoxybenzhydrazide","3-Buten-2-one, 4-(4-methoxyphenyl)-"
"2,5-Dimethoxybenzhydrazide",3-Indoleacetic acid
"2,5-Dimethoxybenzhydrazide","3,4-Dihydrocoumarin, 4,4-dimethyl-6-dimethylamino-"
"2,5-Dimethoxybenzhydrazide","7-Isoquinolinol, 1,2,3,4-tetrahydro-1-[(4-hydroxyphenyl)methyl]-6-methoxy-"
"2,5-Dimethoxybenzhydrazide","Acetic acid, bis[(trimethylsilyl)oxyl]-"
"2,5-Dimethoxybenzhydrazide",alpha-Linolenic acid
"2,5-Dimethoxybenzhydrazide","Benzene, 1-acetoxy-2,6-dimethoxy-4-(2-propenyl)-"
"2,5-Dimethoxybenzhydrazide",D-Ribose
"2,5-Dimethoxybenzhydrazide",Fenitrothion
"2,5-Dimethoxybenzhydrazide","Isoquinoline, 3,4-dihydro-6,7-dimethoxy-1-[4-hydroxybenzyl]-"
"2,5-Dimethoxybenzhydrazide",Ketamine 
"2,5-Dimethoxybenzhydrazide",Niacinamide
"2,5-Dimethoxybenzhydrazide","Piperidine, 1-(1-methylpentyl)-"
"2,5-Dimethoxybenzhydrazide","Quinolin-4-one, 1-[2-(3,4-dimethoxyphenyl)ethyl]-octahydro-"
"2,5-Dimethoxybenzhydrazide",Tricine
"2,5-Dimethoxybenzhydrazide",Tris(trimethylsilyl)carbamate
"2,5-Dimethoxybenzhydrazide",Trisaminol
"2,5-Dimethoxybenzhydrazide",Valylglycine
"2,5-Dimethoxybenzonitrile","2,5-Piperazinedione, 3-benzyl-6-isopropyl-"
"2,5-Dimethoxybenzonitrile",4-(Trimethylsilyoxy)-3-penten-2-one
"2,5-Dimethoxybenzonitrile",4-Pyridinol
"2,5-Dimethoxybenzonitrile",5-Ethyluracil
"2,5-Dimethoxybenzonitrile","6,7,4'-Trihydroxyisoflavone"
"2,5-Dimethoxybenzonitrile",Acetoacetic acid
"2,5-Dimethoxybenzonitrile","Benzo[b]fluorene, 5-amino-7-methyl-1,2,3,4,6,7,8,9-octahydro-11-thia-10-aza-"
"2,5-Dimethoxybenzonitrile","Cephalotaxine, 3-deoxy-3,11-epoxy-, (3alpha,11alpha)-"
"2,5-Dimethoxybenzonitrile",Ethyl alpha-D-glucopyranoside
"2,5-Dimethoxybenzonitrile",Hexanedioic acid
"2,5-Dimethoxybenzonitrile",meso-Erythritol
"2,5-Dimethoxybenzonitrile",Pimelic acid
"2,5-Dimethoxybenzonitrile","Pyrimidine, 5-methyl-2,4-bis[(trimethylsilyl)oxy]-"
"2,5-Dimethoxymandelic acid","4-[2-(4,7-Dimethoxy-2H-1,3-benzodioxol-5-yl)ethenyl]-2-methoxyphenol"
"2,5-Dimethoxymandelic acid","Acetohydrazide, 2-(2-isopropyl-5-methylphenoxy)-N2-benzylideno-"
"2,5-Dimethoxymandelic acid",Arachidonic acid
"2,5-Dimethoxymandelic acid","Benzeneethanamine, N-[(pentafluorophenyl)methylene]-4-[(trimethylsilyl)oxy]-"
"2,5-Dimethoxymandelic acid",Benzoin
"2,5-Dimethoxymandelic acid",D-Fucitol
"2,5-Dimethoxymandelic acid","Dodecanoic acid, 1-methylethyl ester"
"2,5-Dimethoxymandelic acid",Ornithine
"2,5-Dimethoxymandelic acid",Tricine
"2,5-Dimethoxyphenol","2',2,3,6'-Tetramethoxychalcone"
"2,5-Dimethoxyphenol","3-Buten-2-one, 4-(4-methoxyphenyl)-"
"2,5-Dimethoxyphenol",3-Hexenedinitrile
"2,5-Dimethoxyphenol",3-Methoxysalicylic acid
"2,5-Dimethoxyphenol","3,4-Dihydrocoumarin, 4,4-dimethyl-6-dimethylamino-"
"2,5-Dimethoxyphenol",4-Cumylphenol
"2,5-Dimethoxyphenol",4-Methoxyphenol
"2,5-Dimethoxyphenol",4-Methylvaleric acid
"2,5-Dimethoxyphenol",5-Henicosylresorcinol
"2,5-Dimethoxyphenol",5-Hydroxytryptophan
"2,5-Dimethoxyphenol","Acetohydrazide, 2-(2-isopropyl-5-methylphenoxy)-N2-benzylideno-"
"2,5-Dimethoxyphenol",Bis(trimethylsilyl)acetylene
"2,5-Dimethoxyphenol",Citric acid
"2,5-Dimethoxyphenol","D-Isoleucine, N-acetyl-"
"2,5-Dimethoxyphenol","Erythrono-1,4-lactone, (Z)-"
"2,5-Dimethoxyphenol",Glyoxime
"2,5-Dimethoxyphenol",Hydracrylic acid
"2,5-Dimethoxyphenol",Malic acid
"2,5-Dimethoxyphenol",Norketamine
"2,5-Dimethoxyphenol","Pentanedioic acid, 2,4-bis[(trimethylsilyl)oxy]"
"2,5-Dimethoxyphenol",phenoxyethanol
"2,5-Dimethoxyphenol",Phlorizin
"2,5-Dimethoxyphenol","Pyrimidine, 5-methyl-2,4-bis[(trimethylsilyl)oxy]-"
"2,5-Dimethoxyphenol","Quinolin-4-one, 1-[2-(3,4-dimethoxyphenyl)ethyl]-octahydro-"
"2,5-Dimethyl-1-aza-bicyclo[2.2.1]heptane",3-Hydroxybutyric acid
"2,5-Dimethyl-1-aza-bicyclo[2.2.1]heptane","3,4-dimethyl-5-(3,4-methylenedioxy)phenyloxazolidine"
"2,5-Dimethyl-1-aza-bicyclo[2.2.1]heptane",4-Hydroxybenzeneacetic acid
"2,5-Dimethyl-1-aza-bicyclo[2.2.1]heptane",4-Hydroxybenzoic acid
"2,5-Dimethyl-1-aza-bicyclo[2.2.1]heptane",4-Methylvaleric acid
"2,5-Dimethyl-1-aza-bicyclo[2.2.1]heptane","6-Methoxy-1-methyl-1,2,3,4-tetrahydroisoquinolin-7-ol "
"2,5-Dimethyl-1-aza-bicyclo[2.2.1]heptane","7-Isoquinolinol, 1,2,3,4-tetrahydro-1-[(4-hydroxyphenyl)methyl]-6-methoxy-"
"2,5-Dimethyl-1-aza-bicyclo[2.2.1]heptane",alpha-Tocopherol
"2,5-Dimethyl-1-aza-bicyclo[2.2.1]heptane",Arsenous acid
"2,5-Dimethyl-1-aza-bicyclo[2.2.1]heptane","Benzene, 3-cyclohexen-1-yl-"
"2,5-Dimethyl-1-aza-bicyclo[2.2.1]heptane",Butanedioic acid
"2,5-Dimethyl-1-aza-bicyclo[2.2.1]heptane",Campesterol
"2,5-Dimethyl-1-aza-bicyclo[2.2.1]heptane","D-(+)-Ribono-1,4-lactone (R,S,R)-"
"2,5-Dimethyl-1-aza-bicyclo[2.2.1]heptane","D-(+)-Talofuranose, pentakis"
"2,5-Dimethyl-1-aza-bicyclo[2.2.1]heptane",DL-Glyceraldehyde
"2,5-Dimethyl-1-aza-bicyclo[2.2.1]heptane","Dodecanamide, N-(2-hydroxyethyl)-"
"2,5-Dimethyl-1-aza-bicyclo[2.2.1]heptane","Dodecane, 4,6-dimethyl-"
"2,5-Dimethyl-1-aza-bicyclo[2.2.1]heptane","Erythrono-1,4-lactone, (Z)-"
"2,5-Dimethyl-1-aza-bicyclo[2.2.1]heptane","Glycine, N-(1-oxobutyl)-"
"2,5-Dimethyl-1-aza-bicyclo[2.2.1]heptane","Guanidine, N,N-dimethyl-"
"2,5-Dimethyl-1-aza-bicyclo[2.2.1]heptane",Hydroquinidine
"2,5-Dimethyl-1-aza-bicyclo[2.2.1]heptane",Indole-3-lactic acid
"2,5-Dimethyl-1-aza-bicyclo[2.2.1]heptane",Isofucosterol
"2,5-Dimethyl-1-aza-bicyclo[2.2.1]heptane",Itaconic acid
"2,5-Dimethyl-1-aza-bicyclo[2.2.1]heptane",L-Glutamic acid
"2,5-Dimethyl-1-aza-bicyclo[2.2.1]heptane",l-Histidine ethyl ester
"2,5-Dimethyl-1-aza-bicyclo[2.2.1]heptane",Malic acid
"2,5-Dimethyl-1-aza-bicyclo[2.2.1]heptane",Methyl aminoacetate
"2,5-Dimethyl-1-aza-bicyclo[2.2.1]heptane",Methylmalonic monoamide
"2,5-Dimethyl-1-aza-bicyclo[2.2.1]heptane",Niacinamide
"2,5-Dimethyl-1-aza-bicyclo[2.2.1]heptane",Niclosamide
"2,5-Dimethyl-1-aza-bicyclo[2.2.1]heptane",Palmitic Acid
"2,5-Dimethyl-1-aza-bicyclo[2.2.1]heptane","Propanetriol, 2-methyl-"
"2,5-Dimethyl-1-aza-bicyclo[2.2.1]heptane","Ribonic acid, 2,3,4,5-tetrakis-"
"2,5-Dimethyl-1-aza-bicyclo[2.2.1]heptane","Stigmast-5-ene, 3beta-"
"2,5-Dimethyl-1-aza-bicyclo[2.2.1]heptane",Succinic anhydride
"2,5-Dimethyl-1-aza-bicyclo[2.2.1]heptane",Trimethylsilyl 3-((trimethylsilyl)thio)propanoate
"2,5-Dimethyl-1-aza-bicyclo[2.2.1]heptane",Uracil
"2,5-Dimethyl-1-aza-bicyclo[2.2.1]heptane",Xylazine
"2,5-Piperazinedione, 3-benzyl-6-isopropyl-","2,6-Bis[2-[2-S-thiosulfuroethylamino]ethoxy]pyrazine"
"2,5-Piperazinedione, 3-benzyl-6-isopropyl-",3-Amino-5-morpholinomethyl-2-oxazolidinone
"2,5-Piperazinedione, 3-benzyl-6-isopropyl-",3-Aminobenzoic acid
"2,5-Piperazinedione, 3-benzyl-6-isopropyl-","3-Hydroxy-2,3-dihydromaltol"
"2,5-Piperazinedione, 3-benzyl-6-isopropyl-",3-Hydroxyisovaleric acid
"2,5-Piperazinedione, 3-benzyl-6-isopropyl-",3-Methyladenine
"2,5-Piperazinedione, 3-benzyl-6-isopropyl-",3-Ureidopropionic acid
"2,5-Piperazinedione, 3-benzyl-6-isopropyl-","3,5-Dimethylpyrazole"
"2,5-Piperazinedione, 3-benzyl-6-isopropyl-","3beta-TRIMETHYLSILOXY-5alpha,6alpha-EPOXYCHOLESTANE"
"2,5-Piperazinedione, 3-benzyl-6-isopropyl-","3beta,4beta-Bis(trimethylsiloxy)cholest-5-ene"
"2,5-Piperazinedione, 3-benzyl-6-isopropyl-",4-Hydroxybenzeneacetic acid
"2,5-Piperazinedione, 3-benzyl-6-isopropyl-","5-Androsten-17alpha-methyl-3beta,17beta-diol"
"2,5-Piperazinedione, 3-benzyl-6-isopropyl-",5-Henicosylresorcinol
"2,5-Piperazinedione, 3-benzyl-6-isopropyl-",5-Hydroxyquinoline
"2,5-Piperazinedione, 3-benzyl-6-isopropyl-",5-Hydroxytryptophan
"2,5-Piperazinedione, 3-benzyl-6-isopropyl-",7-(Trimethylsilyl)amino-4-methylcoumarin
"2,5-Piperazinedione, 3-benzyl-6-isopropyl-",9-Octadecenoic acid
"2,5-Piperazinedione, 3-benzyl-6-isopropyl-","Acetin, bis-1,3-trimethylsilyl ether"
"2,5-Piperazinedione, 3-benzyl-6-isopropyl-",Aceturic acid
"2,5-Piperazinedione, 3-benzyl-6-isopropyl-",alpha-Tocopherol
"2,5-Piperazinedione, 3-benzyl-6-isopropyl-",Arachidonic acid
"2,5-Piperazinedione, 3-benzyl-6-isopropyl-",Azatadine
"2,5-Piperazinedione, 3-benzyl-6-isopropyl-",Benzeneacetic acid
"2,5-Piperazinedione, 3-benzyl-6-isopropyl-","Benzimidazole, 5-trifluoromethyl-2-methyl-"
"2,5-Piperazinedione, 3-benzyl-6-isopropyl-","Benzoic acid, pentadecyl ester"
"2,5-Piperazinedione, 3-benzyl-6-isopropyl-",Benzophenone
"2,5-Piperazinedione, 3-benzyl-6-isopropyl-","beta-D-Galactofuranose, 1,2,3,5,6-pentakis-O-(trimethylsilyl)-"
"2,5-Piperazinedione, 3-benzyl-6-isopropyl-",beta-Lyxopyranose
"2,5-Piperazinedione, 3-benzyl-6-isopropyl-", 5-Hydroxyhexanoic acid
"2,5-Piperazinedione, 3-benzyl-6-isopropyl-","Butanal, 2,3,4-tris[(trimethylsilyl)oxy]-, O-methyloxime, [R-(R*,R*)]-"
"2,5-Piperazinedione, 3-benzyl-6-isopropyl-","Butanoic acid, 2,4-bis[(trimethylsilyl)oxy]-"
"2,5-Piperazinedione, 3-benzyl-6-isopropyl-",Butylmethylamine
"2,5-Piperazinedione, 3-benzyl-6-isopropyl-","Cholesta-3,5-dien-7-one"
"2,5-Piperazinedione, 3-benzyl-6-isopropyl-",cis-4-Trimethylsilyloxy-cyclohexyl(trimethylsilyl)carboxylate
"2,5-Piperazinedione, 3-benzyl-6-isopropyl-",Cyclohexanol
"2,5-Piperazinedione, 3-benzyl-6-isopropyl-","Cyclopentaneacetic acid, 3-oxo-2-pentyl-"
"2,5-Piperazinedione, 3-benzyl-6-isopropyl-",D-(-)-Citramalic acid
"2,5-Piperazinedione, 3-benzyl-6-isopropyl-","D-(+)-Ribono-1,4-lactone (R,S,R)-"
"2,5-Piperazinedione, 3-benzyl-6-isopropyl-",D-Fructose
"2,5-Piperazinedione, 3-benzyl-6-isopropyl-",Dinoseb 
"2,5-Piperazinedione, 3-benzyl-6-isopropyl-",Diphenyl ether
"2,5-Piperazinedione, 3-benzyl-6-isopropyl-",DL-Glyceraldehyde
"2,5-Piperazinedione, 3-benzyl-6-isopropyl-","Dodecane, 4,6-dimethyl-"
"2,5-Piperazinedione, 3-benzyl-6-isopropyl-",Dopamine
"2,5-Piperazinedione, 3-benzyl-6-isopropyl-",Ethyl alpha-D-glucopyranoside
"2,5-Piperazinedione, 3-benzyl-6-isopropyl-","Furan, 2-pentyl-"
"2,5-Piperazinedione, 3-benzyl-6-isopropyl-",Glycine
"2,5-Piperazinedione, 3-benzyl-6-isopropyl-",Glyoxime
"2,5-Piperazinedione, 3-benzyl-6-isopropyl-",Hydantoic acid
"2,5-Piperazinedione, 3-benzyl-6-isopropyl-",Indole-3-lactic acid
"2,5-Piperazinedione, 3-benzyl-6-isopropyl-",Indole-5-carboxylic acid
"2,5-Piperazinedione, 3-benzyl-6-isopropyl-",Isofucosterol
"2,5-Piperazinedione, 3-benzyl-6-isopropyl-",Isopropyl palmitate
"2,5-Piperazinedione, 3-benzyl-6-isopropyl-",Itaconic acid
"2,5-Piperazinedione, 3-benzyl-6-isopropyl-",L-Threitol
"2,5-Piperazinedione, 3-benzyl-6-isopropyl-",Methyl aminoacetate
"2,5-Piperazinedione, 3-benzyl-6-isopropyl-",Methyl-3-methoxy-5-methyl benzoate
"2,5-Piperazinedione, 3-benzyl-6-isopropyl-",Methylmalonic monoamide
"2,5-Piperazinedione, 3-benzyl-6-isopropyl-",N-Methyl-N-(tetrahydro-2-furanylmethyl)-4-piperidinamine
"2,5-Piperazinedione, 3-benzyl-6-isopropyl-","N,N-Diethyl-2-aminoethanol"
"2,5-Piperazinedione, 3-benzyl-6-isopropyl-","N,O-Bis(trimethylsilyl)carbamate"
"2,5-Piperazinedione, 3-benzyl-6-isopropyl-",Neostigmine 
"2,5-Piperazinedione, 3-benzyl-6-isopropyl-",Niclosamide
"2,5-Piperazinedione, 3-benzyl-6-isopropyl-",Nonadecanoic acid
"2,5-Piperazinedione, 3-benzyl-6-isopropyl-",Nonanal
"2,5-Piperazinedione, 3-benzyl-6-isopropyl-","Octane, 1-propoxy-"
"2,5-Piperazinedione, 3-benzyl-6-isopropyl-",Pantolactone
"2,5-Piperazinedione, 3-benzyl-6-isopropyl-","Pentanedioic acid, 3-methyl-3-[(trimethylsilyl)oxy]-"
"2,5-Piperazinedione, 3-benzyl-6-isopropyl-","Pentenoic acid, 4-[(trimethylsilyl)oxy]-"
"2,5-Piperazinedione, 3-benzyl-6-isopropyl-",Phenoxyacetic acid
"2,5-Piperazinedione, 3-benzyl-6-isopropyl-",Phlorizin
"2,5-Piperazinedione, 3-benzyl-6-isopropyl-",Phloroglucinol
"2,5-Piperazinedione, 3-benzyl-6-isopropyl-",Pimelic acid
"2,5-Piperazinedione, 3-benzyl-6-isopropyl-","Propanetriol, 2-methyl-"
"2,5-Piperazinedione, 3-benzyl-6-isopropyl-",Propylamine
"2,5-Piperazinedione, 3-benzyl-6-isopropyl-",S-Methyl-L-cysteine
"2,5-Piperazinedione, 3-benzyl-6-isopropyl-",Salsoline
"2,5-Piperazinedione, 3-benzyl-6-isopropyl-",Sertraline carbamoyl glucuronide
"2,5-Piperazinedione, 3-benzyl-6-isopropyl-","Spiro[cyclopenta[d]-1,3,2-dioxaborin-4(5H),1'-cyclopentane], 2-ethyl-6,7-dihydro-"
"2,5-Piperazinedione, 3-benzyl-6-isopropyl-","Stigmast-5-ene, 3beta-"
"2,5-Piperazinedione, 3-benzyl-6-isopropyl-",Tartronic acid
"2,5-Piperazinedione, 3-benzyl-6-isopropyl-",Triethanolamine
"2,5-Piperazinedione, 3-benzyl-6-isopropyl-",Tris(trimethylsilyl)carbamate
"2,5-Piperazinedione, 3-methyl-6-(phenylmethyl)-",3-Methyladenine
"2,5-Piperazinedione, 3-methyl-6-(phenylmethyl)-",4-Hydroxyphenyllactic acid
"2,5-Piperazinedione, 3-methyl-6-(phenylmethyl)-","5,10-Diethoxy-2,3,7,8-tetrahydro-1H,6H-dipyrrolo[1,2-a:1',2'-d]pyrazine "
"2,5-Piperazinedione, 3-methyl-6-(phenylmethyl)-","7,9-Di-tert-butyl-1-oxaspiro(4,5)deca-6,9-diene-2,8-dione"
"2,5-Piperazinedione, 3-methyl-6-(phenylmethyl)-",alpha-Linolenic acid
"2,5-Piperazinedione, 3-methyl-6-(phenylmethyl)-","Arabinofuranose, 1,2,3,5-tetrakis-O-"
"2,5-Piperazinedione, 3-methyl-6-(phenylmethyl)-",Cadaverine
"2,5-Piperazinedione, 3-methyl-6-(phenylmethyl)-",Citric acid
"2,5-Piperazinedione, 3-methyl-6-(phenylmethyl)-",D-Proline
"2,5-Piperazinedione, 3-methyl-6-(phenylmethyl)-",DL-Phenylalanine
"2,5-Piperazinedione, 3-methyl-6-(phenylmethyl)-",Docosyl octyl ether
"2,5-Piperazinedione, 3-methyl-6-(phenylmethyl)-",L-Alanine
"2,5-Piperazinedione, 3-methyl-6-(phenylmethyl)-",L-Glutamine
"2,5-Piperazinedione, 3-methyl-6-(phenylmethyl)-",L-Ornithine
"2,5-Piperazinedione, 3-methyl-6-(phenylmethyl)-",Methyl isovanillate
"2,5-Piperazinedione, 3-methyl-6-(phenylmethyl)-",Octocrylene
"2,5-Piperazinedione, 3-methyl-6-(phenylmethyl)-",Picolinic acid
"2,5-Piperazinedione, 3-methyl-6-(phenylmethyl)-","Piperidine, 1-(1-methylpentyl)-"
"2,5-Piperazinedione, 3-methyl-6-(phenylmethyl)-","Spiro[cyclopenta[d]-1,3,2-dioxaborin-4(5H),1'-cyclopentane], 2-ethyl-6,7-dihydro-"
"2,5-Piperazinedione, 3-methyl-6-(phenylmethyl)-","Thymine, 1,3-dimethyl-6-(trimethylsilyloxymethyl)-"
"2,5-Piperazinedione, 3-methyl-6-(phenylmethyl)-",Trimethylsilyl 3-((trimethylsilyl)thio)propanoate
"2,5-Piperazinedione, 3-methyl-6-(phenylmethyl)-",Uracil
"2,6-Bis[2-[2-S-thiosulfuroethylamino]ethoxy]pyrazine","3-Hydroxy-2,3-dihydromaltol"
"2,6-Bis[2-[2-S-thiosulfuroethylamino]ethoxy]pyrazine","3-Methylpiperazine-2,5-dione, (R)-"
"2,6-Bis[2-[2-S-thiosulfuroethylamino]ethoxy]pyrazine",3-Ureidopropionic acid
"2,6-Bis[2-[2-S-thiosulfuroethylamino]ethoxy]pyrazine","3,5-Dimethylpyrazole"
"2,6-Bis[2-[2-S-thiosulfuroethylamino]ethoxy]pyrazine","3beta-TRIMETHYLSILOXY-5alpha,6alpha-EPOXYCHOLESTANE"
"2,6-Bis[2-[2-S-thiosulfuroethylamino]ethoxy]pyrazine","3beta,4beta-Bis(trimethylsiloxy)cholest-5-ene"
"2,6-Bis[2-[2-S-thiosulfuroethylamino]ethoxy]pyrazine",4-Hydroxybenzeneacetic acid
"2,6-Bis[2-[2-S-thiosulfuroethylamino]ethoxy]pyrazine",5-Hydroxyquinoline
"2,6-Bis[2-[2-S-thiosulfuroethylamino]ethoxy]pyrazine","6,8-Dioxapentadecane"
"2,6-Bis[2-[2-S-thiosulfuroethylamino]ethoxy]pyrazine",9-Octadecenoic acid
"2,6-Bis[2-[2-S-thiosulfuroethylamino]ethoxy]pyrazine",Aceturic acid
"2,6-Bis[2-[2-S-thiosulfuroethylamino]ethoxy]pyrazine",alpha-Tocopherol
"2,6-Bis[2-[2-S-thiosulfuroethylamino]ethoxy]pyrazine",Benzeneacetic acid
"2,6-Bis[2-[2-S-thiosulfuroethylamino]ethoxy]pyrazine","Benzimidazole, 5-trifluoromethyl-2-methyl-"
"2,6-Bis[2-[2-S-thiosulfuroethylamino]ethoxy]pyrazine","Benzo[b]fluorene, 5-amino-7-methyl-1,2,3,4,6,7,8,9-octahydro-11-thia-10-aza-"
"2,6-Bis[2-[2-S-thiosulfuroethylamino]ethoxy]pyrazine","Benzoic acid, pentadecyl ester"
"2,6-Bis[2-[2-S-thiosulfuroethylamino]ethoxy]pyrazine",Benzophenone
"2,6-Bis[2-[2-S-thiosulfuroethylamino]ethoxy]pyrazine","beta-D-Galactofuranose, 1,2,3,5,6-pentakis-O-(trimethylsilyl)-"
"2,6-Bis[2-[2-S-thiosulfuroethylamino]ethoxy]pyrazine", 5-Hydroxyhexanoic acid
"2,6-Bis[2-[2-S-thiosulfuroethylamino]ethoxy]pyrazine","Butanoic acid, 2,4-bis[(trimethylsilyl)oxy]-"
"2,6-Bis[2-[2-S-thiosulfuroethylamino]ethoxy]pyrazine",Cadaverine
"2,6-Bis[2-[2-S-thiosulfuroethylamino]ethoxy]pyrazine",Carfentrazone-ethyl
"2,6-Bis[2-[2-S-thiosulfuroethylamino]ethoxy]pyrazine","Cephalotaxine, 3-deoxy-3,11-epoxy-, (3alpha,11alpha)-"
"2,6-Bis[2-[2-S-thiosulfuroethylamino]ethoxy]pyrazine","Cholest-22-ene-21-ol, 3,5-dehydro-6-methoxy-, pivalate"
"2,6-Bis[2-[2-S-thiosulfuroethylamino]ethoxy]pyrazine","Cholesta-3,5-dien-7-one"
"2,6-Bis[2-[2-S-thiosulfuroethylamino]ethoxy]pyrazine",cis-4-Trimethylsilyloxy-cyclohexyl(trimethylsilyl)carboxylate
"2,6-Bis[2-[2-S-thiosulfuroethylamino]ethoxy]pyrazine",Cyclo-(l-leucyl-l-phenylalanyl) 
"2,6-Bis[2-[2-S-thiosulfuroethylamino]ethoxy]pyrazine",Cyclo(L-prolyl-L-valine) 
"2,6-Bis[2-[2-S-thiosulfuroethylamino]ethoxy]pyrazine",Cyclohexanol
"2,6-Bis[2-[2-S-thiosulfuroethylamino]ethoxy]pyrazine","Cyclohexene, 3-butyl-3-methyl-1-trimethylsilyloxy-"
"2,6-Bis[2-[2-S-thiosulfuroethylamino]ethoxy]pyrazine","Cyclohexene, 3,3-dimethyl-1-(trimethylsilyloxy)-"
"2,6-Bis[2-[2-S-thiosulfuroethylamino]ethoxy]pyrazine","Cyclopentaneacetic acid, 3-oxo-2-pentyl-"
"2,6-Bis[2-[2-S-thiosulfuroethylamino]ethoxy]pyrazine",D-(-)-Citramalic acid
"2,6-Bis[2-[2-S-thiosulfuroethylamino]ethoxy]pyrazine","D-(+)-Ribono-1,4-lactone (R,S,R)-"
"2,6-Bis[2-[2-S-thiosulfuroethylamino]ethoxy]pyrazine",D-Fructose
"2,6-Bis[2-[2-S-thiosulfuroethylamino]ethoxy]pyrazine",Dinoseb 
"2,6-Bis[2-[2-S-thiosulfuroethylamino]ethoxy]pyrazine",Diphenyl ether
"2,6-Bis[2-[2-S-thiosulfuroethylamino]ethoxy]pyrazine",DL-Glyceraldehyde
"2,6-Bis[2-[2-S-thiosulfuroethylamino]ethoxy]pyrazine",Docosyl octyl ether
"2,6-Bis[2-[2-S-thiosulfuroethylamino]ethoxy]pyrazine","Dodecane, 4,6-dimethyl-"
"2,6-Bis[2-[2-S-thiosulfuroethylamino]ethoxy]pyrazine",Indole-5-carboxylic acid
"2,6-Bis[2-[2-S-thiosulfuroethylamino]ethoxy]pyrazine",Isofucosterol
"2,6-Bis[2-[2-S-thiosulfuroethylamino]ethoxy]pyrazine",Isopropyl palmitate
"2,6-Bis[2-[2-S-thiosulfuroethylamino]ethoxy]pyrazine",Isoxaben
"2,6-Bis[2-[2-S-thiosulfuroethylamino]ethoxy]pyrazine",L-Asparagine
"2,6-Bis[2-[2-S-thiosulfuroethylamino]ethoxy]pyrazine",L-Glutamic acid
"2,6-Bis[2-[2-S-thiosulfuroethylamino]ethoxy]pyrazine",L-Threitol
"2,6-Bis[2-[2-S-thiosulfuroethylamino]ethoxy]pyrazine",Latanoprost lactone diol
"2,6-Bis[2-[2-S-thiosulfuroethylamino]ethoxy]pyrazine",Methyl aminoacetate
"2,6-Bis[2-[2-S-thiosulfuroethylamino]ethoxy]pyrazine",Methyl-3-methoxy-5-methyl benzoate
"2,6-Bis[2-[2-S-thiosulfuroethylamino]ethoxy]pyrazine",Methylmalonic monoamide
"2,6-Bis[2-[2-S-thiosulfuroethylamino]ethoxy]pyrazine","N-(Trifluoroacetyl)-N,O,O'-tris(trimethylsilyl)normetanephrine"
"2,6-Bis[2-[2-S-thiosulfuroethylamino]ethoxy]pyrazine",N-alpha-Acetyl-L-Lysine
"2,6-Bis[2-[2-S-thiosulfuroethylamino]ethoxy]pyrazine",N-Methyl-N-(tetrahydro-2-furanylmethyl)-4-piperidinamine
"2,6-Bis[2-[2-S-thiosulfuroethylamino]ethoxy]pyrazine","N,N-Diethyl-2-aminoethanol"
"2,6-Bis[2-[2-S-thiosulfuroethylamino]ethoxy]pyrazine",Niclosamide
"2,6-Bis[2-[2-S-thiosulfuroethylamino]ethoxy]pyrazine",Nonadecanoic acid
"2,6-Bis[2-[2-S-thiosulfuroethylamino]ethoxy]pyrazine",Nonanal
"2,6-Bis[2-[2-S-thiosulfuroethylamino]ethoxy]pyrazine",p-Toluic acid
"2,6-Bis[2-[2-S-thiosulfuroethylamino]ethoxy]pyrazine","Pentanedioic acid, 2,4-bis[(trimethylsilyl)oxy]"
"2,6-Bis[2-[2-S-thiosulfuroethylamino]ethoxy]pyrazine","Pentanedioic acid, 3-methyl-3-[(trimethylsilyl)oxy]-"
"2,6-Bis[2-[2-S-thiosulfuroethylamino]ethoxy]pyrazine",Phenoxyacetic acid
"2,6-Bis[2-[2-S-thiosulfuroethylamino]ethoxy]pyrazine",Phloroglucinol
"2,6-Bis[2-[2-S-thiosulfuroethylamino]ethoxy]pyrazine",Pimelic acid
"2,6-Bis[2-[2-S-thiosulfuroethylamino]ethoxy]pyrazine","Propanetriol, 2-methyl-"
"2,6-Bis[2-[2-S-thiosulfuroethylamino]ethoxy]pyrazine",Propylamine
"2,6-Bis[2-[2-S-thiosulfuroethylamino]ethoxy]pyrazine","Stigmast-5-ene, 3beta-"
"2,6-Bis[2-[2-S-thiosulfuroethylamino]ethoxy]pyrazine",Tartronic acid
"2,6-Bis[2-[2-S-thiosulfuroethylamino]ethoxy]pyrazine","Thymine, 1,3-dimethyl-6-(trimethylsilyloxymethyl)-"
"2,6-Bis[2-[2-S-thiosulfuroethylamino]ethoxy]pyrazine",Triethanolamine
"2,6-Dimethoxybenzylamine","5,6-Dihydro-5-methyluracil"
"2,6-Dimethoxybenzylamine",Aspartic acid
"2,6-Dimethoxybenzylamine","Benzenepropanoic acid, 3,5-bis(1,1-dimethylethyl)-4-hydroxy-"
"2,6-Dimethoxybenzylamine",DL-Phenylalanine
"2,6-Dimethoxybenzylamine",Indole-5-carboxylic acid
"2,6-Dimethoxybenzylamine",Sinomenin
"2,6-Dimethyl-N-[3-(trimethylsilyl)-1,3-thiazinan-2-ylidene]aniline",3-Ureidopropionic acid
"2,6-Dimethyl-N-[3-(trimethylsilyl)-1,3-thiazinan-2-ylidene]aniline","3beta-TRIMETHYLSILOXY-5alpha,6alpha-EPOXYCHOLESTANE"
"2,6-Dimethyl-N-[3-(trimethylsilyl)-1,3-thiazinan-2-ylidene]aniline",4-(Methoxycarbonyl)phenol
"2,6-Dimethyl-N-[3-(trimethylsilyl)-1,3-thiazinan-2-ylidene]aniline",4-Cumylphenol
"2,6-Dimethyl-N-[3-(trimethylsilyl)-1,3-thiazinan-2-ylidene]aniline",5-(2-Aminopropyl)-2-methylphenol
"2,6-Dimethyl-N-[3-(trimethylsilyl)-1,3-thiazinan-2-ylidene]aniline","Acetamide, N,N-diethyl-"
"2,6-Dimethyl-N-[3-(trimethylsilyl)-1,3-thiazinan-2-ylidene]aniline",Alloxanic acid
"2,6-Dimethyl-N-[3-(trimethylsilyl)-1,3-thiazinan-2-ylidene]aniline",Bis(trimethylsilyl)histidine
"2,6-Dimethyl-N-[3-(trimethylsilyl)-1,3-thiazinan-2-ylidene]aniline",Butanedioic acid
"2,6-Dimethyl-N-[3-(trimethylsilyl)-1,3-thiazinan-2-ylidene]aniline","Cetaben, N,O-bis(trimethylsilyl)-"
"2,6-Dimethyl-N-[3-(trimethylsilyl)-1,3-thiazinan-2-ylidene]aniline",Cyclobutanol
"2,6-Dimethyl-N-[3-(trimethylsilyl)-1,3-thiazinan-2-ylidene]aniline","D-(-)-Fructofuranose, pentakis"
"2,6-Dimethyl-N-[3-(trimethylsilyl)-1,3-thiazinan-2-ylidene]aniline","D-(+)-Talofuranose, pentakis"
"2,6-Dimethyl-N-[3-(trimethylsilyl)-1,3-thiazinan-2-ylidene]aniline",D-Fucitol
"2,6-Dimethyl-N-[3-(trimethylsilyl)-1,3-thiazinan-2-ylidene]aniline",Deoxycholic Acid
"2,6-Dimethyl-N-[3-(trimethylsilyl)-1,3-thiazinan-2-ylidene]aniline",Dinoseb 
"2,6-Dimethyl-N-[3-(trimethylsilyl)-1,3-thiazinan-2-ylidene]aniline",Dodecanoic acid
"2,6-Dimethyl-N-[3-(trimethylsilyl)-1,3-thiazinan-2-ylidene]aniline",Dopamine
"2,6-Dimethyl-N-[3-(trimethylsilyl)-1,3-thiazinan-2-ylidene]aniline",Eicosapentaenoic acid
"2,6-Dimethyl-N-[3-(trimethylsilyl)-1,3-thiazinan-2-ylidene]aniline",Glycolic acid
"2,6-Dimethyl-N-[3-(trimethylsilyl)-1,3-thiazinan-2-ylidene]aniline",Hydracrylic acid
"2,6-Dimethyl-N-[3-(trimethylsilyl)-1,3-thiazinan-2-ylidene]aniline",Indole-5-carboxylic acid
"2,6-Dimethyl-N-[3-(trimethylsilyl)-1,3-thiazinan-2-ylidene]aniline",Isopropyl palmitate
"2,6-Dimethyl-N-[3-(trimethylsilyl)-1,3-thiazinan-2-ylidene]aniline",L-Glutamine
"2,6-Dimethyl-N-[3-(trimethylsilyl)-1,3-thiazinan-2-ylidene]aniline",Methyl aminoacetate
"2,6-Dimethyl-N-[3-(trimethylsilyl)-1,3-thiazinan-2-ylidene]aniline",n-Butylamine
"2,6-Dimethyl-N-[3-(trimethylsilyl)-1,3-thiazinan-2-ylidene]aniline","N-isobutyl-2-(trimethylsilyloxy]-4,5-dihydro-1H-imidazole-1-carboxamide"
"2,6-Dimethyl-N-[3-(trimethylsilyl)-1,3-thiazinan-2-ylidene]aniline",Octanoic acid
"2,6-Dimethyl-N-[3-(trimethylsilyl)-1,3-thiazinan-2-ylidene]aniline",p-Hydroxydiisopropylbenzene
"2,6-Dimethyl-N-[3-(trimethylsilyl)-1,3-thiazinan-2-ylidene]aniline","Pentanedioic acid, 2,4-bis[(trimethylsilyl)oxy]"
"2,6-Dimethyl-N-[3-(trimethylsilyl)-1,3-thiazinan-2-ylidene]aniline",Propylamine
"2,6-Dimethyl-N-[3-(trimethylsilyl)-1,3-thiazinan-2-ylidene]aniline",Sertraline carbamoyl glucuronide
"2,6-Dimethyl-N-[3-(trimethylsilyl)-1,3-thiazinan-2-ylidene]aniline",Xylazine
"2',2,3,6'-Tetramethoxychalcone","4-Fluoroaniline, N-trimethylsilyl-"
"2',2,3,6'-Tetramethoxychalcone",4-Methoxyphenol
"2',2,3,6'-Tetramethoxychalcone",9-Hexadecenoic acid
"2',2,3,6'-Tetramethoxychalcone","Acetohydrazide, 2-(2-isopropyl-5-methylphenoxy)-N2-benzylideno-"
"2',2,3,6'-Tetramethoxychalcone",Cinnamic acid
"2',2,3,6'-Tetramethoxychalcone",Desmosterol
"2',2,3,6'-Tetramethoxychalcone",l-Histidine ethyl ester
"2',2,3,6'-Tetramethoxychalcone","Morpholine, 4-[2,3,4,6-tetrakis-O-(trimethylsilyl)-alpha-d-mannopyranosyl]-"
"2',2,3,6'-Tetramethoxychalcone",N-alpha-Acetyl-L-Lysine
"2',2,3,6'-Tetramethoxychalcone",p-Hydroxydiisopropylbenzene
"2',2,3,6'-Tetramethoxychalcone",Pyrrole-2-carboxylic acid
"2',2,3,6'-Tetramethoxychalcone",Syringaldehyde
3-(2-Hydroxyethyl)imidazole-2-thione,3-Hydroxybutyric acid
3-(2-Hydroxyethyl)imidazole-2-thione,3-Methylvaleric acid
3-(2-Hydroxyethyl)imidazole-2-thione,"5alpha-Pregnane-3,20-dione"
3-(2-Hydroxyethyl)imidazole-2-thione,"9H-Fluorene, 9-methylene-"
3-(2-Hydroxyethyl)imidazole-2-thione,"Arabinofuranose, 1,2,3,5-tetrakis-O-"
3-(2-Hydroxyethyl)imidazole-2-thione,Bis(trimethylsilyl)histidine
3-(2-Hydroxyethyl)imidazole-2-thione,Butylmethylamine
3-(2-Hydroxyethyl)imidazole-2-thione,"cis-4,5-Dihydroxy-o-dithiane, 2O-"
3-(2-Hydroxyethyl)imidazole-2-thione,"D-Isoleucine, N-acetyl-"
3-(2-Hydroxyethyl)imidazole-2-thione,D-Ribose
3-(2-Hydroxyethyl)imidazole-2-thione,"Ethanamine, N,N-diethyl-2,2-dimethyl-2-[(3,5-dimethoxy)phenyl]-"
3-(2-Hydroxyethyl)imidazole-2-thione,Ethyl cis-2-trimethylsilyl-cyclopropane-1-carboxylate
3-(2-Hydroxyethyl)imidazole-2-thione,Isonicotinic Acid
3-(2-Hydroxyethyl)imidazole-2-thione,L-Proline
3-(2-Hydroxyethyl)imidazole-2-thione,n-Butylamine
3-(2-Hydroxyethyl)imidazole-2-thione,"Pentanedioic acid, 2-[(trimethylsilyl)oxy]-"
3-(2-Hydroxyethyl)imidazole-2-thione,Phlorizin
3-(2-Hydroxyethyl)imidazole-2-thione,Pipecolic acid
3-(2-Hydroxyethyl)imidazole-2-thione,Pyroglutamic acid
3-(2-Hydroxyethyl)imidazole-2-thione,Stearic acid
"3-(3-Cyclohexylaminopropionylamino)-5-ethylthiophene-2-carboxylic acid, ethyl ester",Allylescaline 
"3-(3-Cyclohexylaminopropionylamino)-5-ethylthiophene-2-carboxylic acid, ethyl ester","Benzene, 1,3-bis(1,1-dimethylethyl)-"
"3-(3-Cyclohexylaminopropionylamino)-5-ethylthiophene-2-carboxylic acid, ethyl ester",D-(-)-Citramalic acid
"3-(3-Cyclohexylaminopropionylamino)-5-ethylthiophene-2-carboxylic acid, ethyl ester",DL-Ornithine
"3-(3-Cyclohexylaminopropionylamino)-5-ethylthiophene-2-carboxylic acid, ethyl ester",DL-Phenylalanine
"3-(3-Cyclohexylaminopropionylamino)-5-ethylthiophene-2-carboxylic acid, ethyl ester",Erythritol
"3-(3-Cyclohexylaminopropionylamino)-5-ethylthiophene-2-carboxylic acid, ethyl ester","Ethanone, 1-(2,5-dimethoxyphenyl)-"
"3-(3-Cyclohexylaminopropionylamino)-5-ethylthiophene-2-carboxylic acid, ethyl ester",Hydroquinidine
"3-(3-Cyclohexylaminopropionylamino)-5-ethylthiophene-2-carboxylic acid, ethyl ester",Indole-3-carboxaldehyde
"3-(3-Cyclohexylaminopropionylamino)-5-ethylthiophene-2-carboxylic acid, ethyl ester",L-Norleucine
"3-(3-Cyclohexylaminopropionylamino)-5-ethylthiophene-2-carboxylic acid, ethyl ester",Latanoprost lactone diol
"3-(3-Cyclohexylaminopropionylamino)-5-ethylthiophene-2-carboxylic acid, ethyl ester",N-(Trimethylsilyl)hexanamide
"3-(3-Cyclohexylaminopropionylamino)-5-ethylthiophene-2-carboxylic acid, ethyl ester","N-isobutyl-2-(trimethylsilyloxy]-4,5-dihydro-1H-imidazole-1-carboxamide"
"3-(3-Cyclohexylaminopropionylamino)-5-ethylthiophene-2-carboxylic acid, ethyl ester",Octopamine
"3-(3-Cyclohexylaminopropionylamino)-5-ethylthiophene-2-carboxylic acid, ethyl ester",Ornithine
"3-(3-Cyclohexylaminopropionylamino)-5-ethylthiophene-2-carboxylic acid, ethyl ester","Pyrazine, 3,6-dimethyl-2,5-bis(trimethylsilyloxy)-"
"3-(3-Cyclohexylaminopropionylamino)-5-ethylthiophene-2-carboxylic acid, ethyl ester",Succinic anhydride
"3-(3-Cyclohexylaminopropionylamino)-5-ethylthiophene-2-carboxylic acid, ethyl ester",Thymidine
3-Amino-2-piperidone,"3-Cyclohexyl-L-alanine amide, N,N,N'N'-tetramethyl-"
3-Amino-2-piperidone,3-Indoleacetic acid
3-Amino-2-piperidone,"3-Methylpiperazine-2,5-dione, (R)-"
3-Amino-2-piperidone,"4-Fluoroaniline, N-trimethylsilyl-"
3-Amino-2-piperidone,4-Hydroxybenzaldehyde
3-Amino-2-piperidone,5-(2-Aminopropyl)-2-methylphenol
3-Amino-2-piperidone,"5alpha-Pregnane-3,20-dione"
3-Amino-2-piperidone,"Benzene, 1-acetoxy-2,6-dimethoxy-4-(2-propenyl)-"
3-Amino-2-piperidone,Benzoin
3-Amino-2-piperidone,Campesterol
3-Amino-2-piperidone,"Cyclohexene, 3-butyl-3-methyl-1-trimethylsilyloxy-"
3-Amino-2-piperidone,D-Arabinose
3-Amino-2-piperidone,D-Fucitol
3-Amino-2-piperidone,D-Ribose
3-Amino-2-piperidone,Delorazepam
3-Amino-2-piperidone,Doconexent
3-Amino-2-piperidone,"Ethanamine, N,N-diethyl-2,2-dimethyl-2-[(3,5-dimethoxy)phenyl]-"
3-Amino-2-piperidone,Glycine
3-Amino-2-piperidone,L-Cysteine
3-Amino-2-piperidone,L-Methionine
3-Amino-2-piperidone,L-Proline
3-Amino-2-piperidone,L-Tryptophan
3-Amino-2-piperidone,N-(Trimethylsilyl)hexanamide
3-Amino-2-piperidone,Neostigmine 
3-Amino-2-piperidone,"Pentanedioic acid, 2-[(trimethylsilyl)oxy]-"
3-Amino-2-piperidone,Phloroglucinol
3-Amino-2-piperidone,Salsoline
3-Amino-2-piperidone,"Thymine, 1,3-dimethyl-6-(trimethylsilyloxymethyl)-"
3-Amino-2-piperidone,"Trimethylsilyl (5-benzyl-3,6-dioxopiperazin-2-yl)acetate"
3-Amino-5-morpholinomethyl-2-oxazolidinone,3-Hexenedinitrile
3-Amino-5-morpholinomethyl-2-oxazolidinone,3-Hydroxyisovaleric acid
3-Amino-5-morpholinomethyl-2-oxazolidinone,3-Indoleacetic acid
3-Amino-5-morpholinomethyl-2-oxazolidinone,"3-Methyl-2-butenoic acid, tridec-2-ynyl ester"
3-Amino-5-morpholinomethyl-2-oxazolidinone,3-Ureidopropionic acid
3-Amino-5-morpholinomethyl-2-oxazolidinone,4-(Trimethylsilyoxy)-3-penten-2-one
3-Amino-5-morpholinomethyl-2-oxazolidinone,4-Cumylphenol
3-Amino-5-morpholinomethyl-2-oxazolidinone,5-Aminovaleric acid
3-Amino-5-morpholinomethyl-2-oxazolidinone,"5-Androsten-17alpha-methyl-3beta,17beta-diol"
3-Amino-5-morpholinomethyl-2-oxazolidinone,5-Henicosylresorcinol
3-Amino-5-morpholinomethyl-2-oxazolidinone,5-Hydroxytryptophan
3-Amino-5-morpholinomethyl-2-oxazolidinone,9-Octadecenoic acid
3-Amino-5-morpholinomethyl-2-oxazolidinone,"9H-Fluorene, 9-methylene-"
3-Amino-5-morpholinomethyl-2-oxazolidinone,"Acetamide, N,N-diethyl-"
3-Amino-5-morpholinomethyl-2-oxazolidinone,"Acetic acid, bis[(trimethylsilyl)oxyl]-"
3-Amino-5-morpholinomethyl-2-oxazolidinone,"Acetin, bis-1,3-trimethylsilyl ether"
3-Amino-5-morpholinomethyl-2-oxazolidinone,alpha-Tocopherol
3-Amino-5-morpholinomethyl-2-oxazolidinone,Arachidonic acid
3-Amino-5-morpholinomethyl-2-oxazolidinone,Azatadine
3-Amino-5-morpholinomethyl-2-oxazolidinone,"Benzenemethanamine, 2,3-dimethoxy-"
3-Amino-5-morpholinomethyl-2-oxazolidinone,"Benzimidazole, 5-trifluoromethyl-2-methyl-"
3-Amino-5-morpholinomethyl-2-oxazolidinone,"Benzoic acid, pentadecyl ester"
3-Amino-5-morpholinomethyl-2-oxazolidinone,Benzyl alcohol
3-Amino-5-morpholinomethyl-2-oxazolidinone,"beta-D-Galactofuranose, 1,2,3,5,6-pentakis-O-(trimethylsilyl)-"
3-Amino-5-morpholinomethyl-2-oxazolidinone,beta-Lyxopyranose
3-Amino-5-morpholinomethyl-2-oxazolidinone,"Butanal, 2,3,4-tris[(trimethylsilyl)oxy]-, O-methyloxime, [R-(R*,R*)]-"
3-Amino-5-morpholinomethyl-2-oxazolidinone,Carfentrazone-ethyl
3-Amino-5-morpholinomethyl-2-oxazolidinone,"Cholest-7-en-3-ol, (3beta,5alpha)-"
3-Amino-5-morpholinomethyl-2-oxazolidinone,Cyclohexanol
3-Amino-5-morpholinomethyl-2-oxazolidinone,"Cyclohexanone, 3,3,5-trimethyl-"
3-Amino-5-morpholinomethyl-2-oxazolidinone,"Cyclohexene, 3,3-dimethyl-1-(trimethylsilyloxy)-"
3-Amino-5-morpholinomethyl-2-oxazolidinone,D-Fucitol
3-Amino-5-morpholinomethyl-2-oxazolidinone,Deoxycholic Acid
3-Amino-5-morpholinomethyl-2-oxazolidinone,Dinoseb 
3-Amino-5-morpholinomethyl-2-oxazolidinone,Diphenyl ether
3-Amino-5-morpholinomethyl-2-oxazolidinone,DL-Ornithine
3-Amino-5-morpholinomethyl-2-oxazolidinone,"DL-Proline, 5-oxo-"
3-Amino-5-morpholinomethyl-2-oxazolidinone,Dodecanoic acid
3-Amino-5-morpholinomethyl-2-oxazolidinone,Ethyl alpha-D-glucopyranoside
3-Amino-5-morpholinomethyl-2-oxazolidinone,Ethyl cis-2-trimethylsilyl-cyclopropane-1-carboxylate
3-Amino-5-morpholinomethyl-2-oxazolidinone,Fenitrothion
3-Amino-5-morpholinomethyl-2-oxazolidinone,Guanabenz
3-Amino-5-morpholinomethyl-2-oxazolidinone,Heptanoic acid
3-Amino-5-morpholinomethyl-2-oxazolidinone,Hexanoic acid
3-Amino-5-morpholinomethyl-2-oxazolidinone,Hydantoic acid
3-Amino-5-morpholinomethyl-2-oxazolidinone,Indole-3-carboxaldehyde
3-Amino-5-morpholinomethyl-2-oxazolidinone,Indole-3-lactic acid
3-Amino-5-morpholinomethyl-2-oxazolidinone,Isopropyl palmitate
3-Amino-5-morpholinomethyl-2-oxazolidinone,L-Threitol
3-Amino-5-morpholinomethyl-2-oxazolidinone,Levulinic acid
3-Amino-5-morpholinomethyl-2-oxazolidinone,Myristic acid
3-Amino-5-morpholinomethyl-2-oxazolidinone,"N-(Trifluoroacetyl)-N,O,O'-tris(trimethylsilyl)normetanephrine"
3-Amino-5-morpholinomethyl-2-oxazolidinone,N-Methyl-N-(tetrahydro-2-furanylmethyl)-4-piperidinamine
3-Amino-5-morpholinomethyl-2-oxazolidinone,Nonadecanoic acid
3-Amino-5-morpholinomethyl-2-oxazolidinone,"Octane, 1-propoxy-"
3-Amino-5-morpholinomethyl-2-oxazolidinone,Pantolactone
3-Amino-5-morpholinomethyl-2-oxazolidinone,Pentanoic acid
3-Amino-5-morpholinomethyl-2-oxazolidinone,Phenol
3-Amino-5-morpholinomethyl-2-oxazolidinone,Phenoxyacetic acid
3-Amino-5-morpholinomethyl-2-oxazolidinone,Phlorizin
3-Amino-5-morpholinomethyl-2-oxazolidinone,"Piperidine, 1-(1-methylpentyl)-"
3-Amino-5-morpholinomethyl-2-oxazolidinone,"Pyrazine, 3,6-dimethyl-2,5-bis(trimethylsilyloxy)-"
3-Amino-5-morpholinomethyl-2-oxazolidinone,S-Methyl-L-cysteine
3-Amino-5-morpholinomethyl-2-oxazolidinone,Salsoline
3-Amino-5-morpholinomethyl-2-oxazolidinone,Sertraline carbamoyl glucuronide
3-Amino-5-morpholinomethyl-2-oxazolidinone,"Thymine, 1,3-dimethyl-6-(trimethylsilyloxymethyl)-"
3-Amino-5-morpholinomethyl-2-oxazolidinone,Tris(trimethylsilyl)carbamate
3-Amino-5-morpholinomethyl-2-oxazolidinone,L-Tyrosine
3-Amino-5-morpholinomethyl-2-oxazolidinone,Valylglycine
3-Aminobenzoic acid,"3-Buten-2-one, 3-trimethylsilyloxy-"
3-Aminobenzoic acid,3-Methyladenine
3-Aminobenzoic acid,3-Methylvaleric acid
3-Aminobenzoic acid,"3beta,4beta-Bis(trimethylsiloxy)cholest-5-ene"
3-Aminobenzoic acid,4-(Trimethylsilyoxy)-3-penten-2-one
3-Aminobenzoic acid,4-Methoxyphenol
3-Aminobenzoic acid,5-Henicosylresorcinol
3-Aminobenzoic acid,"5,6-Dihydro-5-methyluracil"
3-Aminobenzoic acid,"Acetic acid, bis[(trimethylsilyl)oxyl]-"
3-Aminobenzoic acid,Acetoacetic acid
3-Aminobenzoic acid,alpha-Tocopherol
3-Aminobenzoic acid,"Benzene, 1,3-bis(1,1-dimethylethyl)-"
3-Aminobenzoic acid,"Benzene, 4-ethenyl-1,2-dimethoxy-"
3-Aminobenzoic acid,"Benzoic acid, methyl ester"
3-Aminobenzoic acid,Benzyl alcohol
3-Aminobenzoic acid,"beta-d-Fructopyranose, 1-deoxy-1-(4-morpholinyl)-2,3,4,5-tetrakis-O-(trimethylsilyl)-"
3-Aminobenzoic acid,"Carbonic acid, eicosyl vinyl ester "
3-Aminobenzoic acid,D-Leucylglycylglycine
3-Aminobenzoic acid,Dicyclohexylamine
3-Aminobenzoic acid,Dinoseb 
3-Aminobenzoic acid,Dodecylcyclohexane
3-Aminobenzoic acid,Ethyl alpha-D-glucopyranoside
3-Aminobenzoic acid,Glycine
3-Aminobenzoic acid,Glyoxime
3-Aminobenzoic acid,Guanabenz
3-Aminobenzoic acid,Heptadecanoic acid
3-Aminobenzoic acid,Hexanedioic acid
3-Aminobenzoic acid,Hexanoic acid
3-Aminobenzoic acid,Hydantoic acid
3-Aminobenzoic acid,Isopropyl palmitate
3-Aminobenzoic acid,Itaconic acid
3-Aminobenzoic acid,Levulinic acid
3-Aminobenzoic acid,Methyl aminoacetate
3-Aminobenzoic acid,Methyl isovanillate
3-Aminobenzoic acid,Myristic acid
3-Aminobenzoic acid,N-alpha-Acetyl-L-Lysine
3-Aminobenzoic acid,"Octane, 1-propoxy-"
3-Aminobenzoic acid,Octanoic acid
3-Aminobenzoic acid,Pentadecanoic acid
3-Aminobenzoic acid,Phlorizin
3-Aminobenzoic acid,Pimelic acid
3-Aminobenzoic acid,"Propanetriol, 2-methyl-"
3-Aminobenzoic acid,Pyrrole-2-carboxylic acid
3-Aminobenzoic acid,"Quinolin-4-one, 1-[2-(3,4-dimethoxyphenyl)ethyl]-octahydro-"
3-Aminobenzoic acid,"Ribonic acid, 2,3,4,5-tetrakis-"
3-Aminobenzoic acid,Ser-Leu
3-Aminobenzoic acid,Stearic acid
3-Aminobenzoic acid,Suberic acid
3-Aminobenzoic acid,Supraene
3-Aminobenzoic acid,Syringaldehyde
3-Aminobenzoic acid,"Tacrine, N-trimethylsilyl-"
3-Aminobenzoic acid,Tris(trimethylsilyl)carbamate
3-Aminobenzoic acid,L-Tyrosine
3-Aminobutanoic acid,"5,10-Diethoxy-2,3,7,8-tetrahydro-1H,6H-dipyrrolo[1,2-a:1',2'-d]pyrazine "
3-Aminobutanoic acid,"5,6-Dimethyl-4-phenyl-3-cyanopyridine-2(1H)-thione"
3-Aminobutanoic acid,"Benzenemethanamine, 2,3-dimethoxy-"
3-Aminobutanoic acid,Benzenepropanoic acid
3-Aminobutanoic acid,Campesterol
3-Aminobutanoic acid,"Cyclohexanone, 3,3,5-trimethyl-"
3-Aminobutanoic acid,DL-Phenylalanine
3-Aminobutanoic acid,Dodecanoic acid
3-Aminobutanoic acid,"Glycine, N-(N-DL-leucylglycyl)-"
3-Aminobutanoic acid,"Guanidine, N,N-dimethyl-"
3-Aminobutanoic acid,Hexanoic acid
3-Aminobutanoic acid,L-Asparagine
3-Aminobutanoic acid,L-Ornithine
3-Aminobutanoic acid,meso-Erythritol
3-Aminobutanoic acid,Phenol
3-Aminobutanoic acid,Phlorizin
3-Aminobutanoic acid,"Propiophenone, 3',4'-dimethoxy-"
3-Aminobutanoic acid,Ribitol
3-Aminobutanoic acid,S-Methyl-L-cysteine
3-Aminobutanoic acid,Salsoline
3-Aminobutanoic acid,Tributyl acetylcitrate
3-Aminobutanoic acid,Valylglycine
"3-Buten-2-one, 3-trimethylsilyloxy-","3-Methyl-2-butenoic acid, tridec-2-ynyl ester"
"3-Buten-2-one, 3-trimethylsilyloxy-",4-(Trimethylsilyoxy)-3-penten-2-one
"3-Buten-2-one, 3-trimethylsilyloxy-",4-Cumylphenol
"3-Buten-2-one, 3-trimethylsilyloxy-","4-Fluoroaniline, N-trimethylsilyl-"
"3-Buten-2-one, 3-trimethylsilyloxy-","Acetamide, N,N-diethyl-"
"3-Buten-2-one, 3-trimethylsilyloxy-","Acetic acid, bis[(trimethylsilyl)oxyl]-"
"3-Buten-2-one, 3-trimethylsilyloxy-","Benzene, 1,3-bis(1,1-dimethylethyl)-"
"3-Buten-2-one, 3-trimethylsilyloxy-","Benzene, 3-cyclohexen-1-yl-"
"3-Buten-2-one, 3-trimethylsilyloxy-",Butylmethylamine
"3-Buten-2-one, 3-trimethylsilyloxy-",Cyclobutanol
"3-Buten-2-one, 3-trimethylsilyloxy-","Cyclohexanone, 3,3,5-trimethyl-"
"3-Buten-2-one, 3-trimethylsilyloxy-","Cyclohexene, 3-butyl-3-methyl-1-trimethylsilyloxy-"
"3-Buten-2-one, 3-trimethylsilyloxy-","D-Erythro-Pentofuranose, 2-deoxy-1,3-bis-O-"
"3-Buten-2-one, 3-trimethylsilyloxy-",D-Fucitol
"3-Buten-2-one, 3-trimethylsilyloxy-",D-Leucylglycylglycine
"3-Buten-2-one, 3-trimethylsilyloxy-",Dicyclohexylamine
"3-Buten-2-one, 3-trimethylsilyloxy-","Guanidine, N,N-dimethyl-"
"3-Buten-2-one, 3-trimethylsilyloxy-",Heptadecanoic acid
"3-Buten-2-one, 3-trimethylsilyloxy-",Heptanoic acid
"3-Buten-2-one, 3-trimethylsilyloxy-",Hexanoic acid
"3-Buten-2-one, 3-trimethylsilyloxy-",Myristic acid
"3-Buten-2-one, 3-trimethylsilyloxy-",Octanoic acid
"3-Buten-2-one, 3-trimethylsilyloxy-",p-Hydroxydiisopropylbenzene
"3-Buten-2-one, 3-trimethylsilyloxy-",Pentadecanoic acid
"3-Buten-2-one, 3-trimethylsilyloxy-",Picolinic acid
"3-Buten-2-one, 3-trimethylsilyloxy-",Propylamine
"3-Buten-2-one, 3-trimethylsilyloxy-",Pyrrole-2-carboxylic acid
"3-Buten-2-one, 3-trimethylsilyloxy-",Ser-Leu
"3-Buten-2-one, 3-trimethylsilyloxy-","Spiro[cyclopenta[d]-1,3,2-dioxaborin-4(5H),1'-cyclopentane], 2-ethyl-6,7-dihydro-"
"3-Buten-2-one, 3-trimethylsilyloxy-",Supraene
"3-Buten-2-one, 3-trimethylsilyloxy-",Tris(trimethylsilyl)carbamate
"3-Buten-2-one, 3-trimethylsilyloxy-",Valylglycine
"3-Buten-2-one, 4-(4-methoxyphenyl)-","3,4-Dihydrocoumarin, 4,4-dimethyl-6-dimethylamino-"
"3-Buten-2-one, 4-(4-methoxyphenyl)-",4-Hydroxybenzoic acid
"3-Buten-2-one, 4-(4-methoxyphenyl)-","7-Isoquinolinol, 1,2,3,4-tetrahydro-1-[(4-hydroxyphenyl)methyl]-6-methoxy-"
"3-Buten-2-one, 4-(4-methoxyphenyl)-",D-Leucylglycylglycine
"3-Buten-2-one, 4-(4-methoxyphenyl)-",Fenitrothion
"3-Buten-2-one, 4-(4-methoxyphenyl)-","Isoquinoline, 3,4-dihydro-6,7-dimethoxy-1-[4-hydroxybenzyl]-"
"3-Buten-2-one, 4-(4-methoxyphenyl)-",Naphthofluorescein
"3-Buten-2-one, 4-(4-methoxyphenyl)-",Niacinamide
"3-Buten-2-one, 4-(4-methoxyphenyl)-","Octane, 1-propoxy-"
"3-Buten-2-one, 4-(4-methoxyphenyl)-","Piperidine, 1-(1-methylpentyl)-"
"3-Buten-2-one, 4-(4-methoxyphenyl)-","Pyrazine, 3,6-dihydro-3,6-dimethyl-"
"3-Buten-2-one, 4-(4-methoxyphenyl)-",Pyroglutamic acid
"3-Buten-2-one, 4-(4-methoxyphenyl)-","Quinolin-4-one, 1-[2-(3,4-dimethoxyphenyl)ethyl]-octahydro-"
"3-Buten-2-one, 4-(4-methoxyphenyl)-",Tris(trimethylsilyl)carbamate
"3-Cyclohexyl-L-alanine amide, N,N,N'N'-tetramethyl-","3-Methylpiperazine-2,5-dione, (R)-"
"3-Cyclohexyl-L-alanine amide, N,N,N'N'-tetramethyl-","3,5-Di-tert-butyl-2-trimethylsilyloxybenzaldehyde"
"3-Cyclohexyl-L-alanine amide, N,N,N'N'-tetramethyl-","4-Fluoroaniline, N-trimethylsilyl-"
"3-Cyclohexyl-L-alanine amide, N,N,N'N'-tetramethyl-",4-Hydroxybenzaldehyde
"3-Cyclohexyl-L-alanine amide, N,N,N'N'-tetramethyl-","4,4,5,8-Tetramethyl-chroman-2-one"
"3-Cyclohexyl-L-alanine amide, N,N,N'N'-tetramethyl-",5-(2-Aminopropyl)-2-methylphenol
"3-Cyclohexyl-L-alanine amide, N,N,N'N'-tetramethyl-","5alpha-Pregnane-3,20-dione"
"3-Cyclohexyl-L-alanine amide, N,N,N'N'-tetramethyl-",7-(Trimethylsilyl)amino-4-methylcoumarin
"3-Cyclohexyl-L-alanine amide, N,N,N'N'-tetramethyl-",alpha-Tocopherol
"3-Cyclohexyl-L-alanine amide, N,N,N'N'-tetramethyl-",D-Fucitol
"3-Cyclohexyl-L-alanine amide, N,N,N'N'-tetramethyl-",Delorazepam
"3-Cyclohexyl-L-alanine amide, N,N,N'N'-tetramethyl-",Doconexent
"3-Cyclohexyl-L-alanine amide, N,N,N'N'-tetramethyl-",Glycine
"3-Cyclohexyl-L-alanine amide, N,N,N'N'-tetramethyl-",L-5-Oxoproline
"3-Cyclohexyl-L-alanine amide, N,N,N'N'-tetramethyl-",L-Tryptophan
"3-Cyclohexyl-L-alanine amide, N,N,N'N'-tetramethyl-",N-(Trimethylsilyl)hexanamide
"3-Cyclohexyl-L-alanine amide, N,N,N'N'-tetramethyl-",Neostigmine 
"3-Cyclohexyl-L-alanine amide, N,N,N'N'-tetramethyl-",Niclosamide
"3-Cyclohexyl-L-alanine amide, N,N,N'N'-tetramethyl-",Pentadecanoic acid
"3-Cyclohexyl-L-alanine amide, N,N,N'N'-tetramethyl-","Pentanedioic acid, 2,4-bis[(trimethylsilyl)oxy]"
"3-Cyclohexyl-L-alanine amide, N,N,N'N'-tetramethyl-","Propanoic acid, 2-methyl-"
"3-Cyclohexyl-L-alanine amide, N,N,N'N'-tetramethyl-",Propylamine
"3-Cyclohexyl-L-alanine amide, N,N,N'N'-tetramethyl-",S-Methyl-L-cysteine
"3-Cyclohexyl-L-alanine amide, N,N,N'N'-tetramethyl-",Ser-Leu
"3-Cyclohexyl-L-alanine amide, N,N,N'N'-tetramethyl-",Tricine
3-Ethylphenol,3-Nonen-1-ol
3-Ethylphenol,"9,12-Octadecadienoic acid"
3-Ethylphenol,Aceturic acid
3-Ethylphenol,Azatadine
3-Ethylphenol,"Benzoic acid, methyl ester"
3-Ethylphenol,"Cyclopentanone, 2,2,4-trimethyl-"
3-Ethylphenol,D-Fructose
3-Ethylphenol,D-Threitol
3-Ethylphenol,"Dimethyl hexopyranosiduronate, alpha-D-"
3-Ethylphenol,Doconexent
3-Ethylphenol,"Dodecane, 4,6-dimethyl-"
3-Ethylphenol,Glycolic acid
3-Ethylphenol,L-Asparagine
3-Hexenedinitrile,3-Hydroxyisovaleric acid
3-Hexenedinitrile,3-Methyladenine
3-Hexenedinitrile,"3,5-Dimethylpyrazole"
3-Hexenedinitrile,"3beta,4beta-Bis(trimethylsiloxy)cholest-5-ene"
3-Hexenedinitrile,4-(Trimethylsilyoxy)-3-penten-2-one
3-Hexenedinitrile,4-Cumylphenol
3-Hexenedinitrile,"4-Fluoroaniline, N-trimethylsilyl-"
3-Hexenedinitrile,4-Hydroxybutanoic acid
3-Hexenedinitrile,4-Methoxyphenol
3-Hexenedinitrile,4-Methylvaleric acid
3-Hexenedinitrile,5-Henicosylresorcinol
3-Hexenedinitrile,5-Hydroxytryptophan
3-Hexenedinitrile,"Acetamide, N,N-diethyl-"
3-Hexenedinitrile,alpha-Tocopherol
3-Hexenedinitrile,Atrazine desethyl
3-Hexenedinitrile,"Benzaldehyde, 2,5-dimethyl-"
3-Hexenedinitrile,"Benzene, 1,3-bis(1,1-dimethylethyl)-"
3-Hexenedinitrile,"Benzenemethanamine, 2,3-dimethoxy-"
3-Hexenedinitrile,"Benzimidazole, 5-trifluoromethyl-2-methyl-"
3-Hexenedinitrile,"Benzoic acid, pentadecyl ester"
3-Hexenedinitrile,Benzoic Acid
3-Hexenedinitrile,Benzophenone
3-Hexenedinitrile,"Butanal, 2,3,4-tris[(trimethylsilyl)oxy]-, O-methyloxime, [R-(R*,R*)]-"
3-Hexenedinitrile,Butylated Hydroxytoluene
3-Hexenedinitrile,Butylmethylamine
3-Hexenedinitrile,Cinnamic acid
3-Hexenedinitrile,cyclobutanecarboxylic acid
3-Hexenedinitrile,Cyclohexanol
3-Hexenedinitrile,D-Fucitol
3-Hexenedinitrile,"D-Isoleucine, N-acetyl-"
3-Hexenedinitrile,D-Mannose
3-Hexenedinitrile,Desmosterol
3-Hexenedinitrile,Dinoseb 
3-Hexenedinitrile,Diphenyl ether
3-Hexenedinitrile,Dodecanoic acid
3-Hexenedinitrile,Dopamine
3-Hexenedinitrile,"Ethanone, 1-(2,5-dimethoxyphenyl)-"
3-Hexenedinitrile,"Furan, 2-pentyl-"
3-Hexenedinitrile,Glyoxime
3-Hexenedinitrile,Hexanoic acid
3-Hexenedinitrile,Hydantoic acid
3-Hexenedinitrile,Isofucosterol
3-Hexenedinitrile,Isopropyl palmitate
3-Hexenedinitrile,L-5-Oxoproline
3-Hexenedinitrile,L-Asparagine
3-Hexenedinitrile,Levulinic acid
3-Hexenedinitrile,Methyl aminoacetate
3-Hexenedinitrile,N-Methyl-N-(tetrahydro-2-furanylmethyl)-4-piperidinamine
3-Hexenedinitrile,Niclosamide
3-Hexenedinitrile,Nitrosothymol
3-Hexenedinitrile,Nonanal
3-Hexenedinitrile,Norketamine
3-Hexenedinitrile,p-Toluic acid
3-Hexenedinitrile,Pantolactone
3-Hexenedinitrile,Pentanoic acid
3-Hexenedinitrile,Phenol
3-Hexenedinitrile,Phenoxyacetic acid
3-Hexenedinitrile,phenoxyethanol
3-Hexenedinitrile,Phlorizin
3-Hexenedinitrile,Phloroglucinol
3-Hexenedinitrile,Pimelic acid
3-Hexenedinitrile,"Piperidine, 1-(1-methylpentyl)-"
3-Hexenedinitrile,"Propanetriol, 2-methyl-"
3-Hexenedinitrile,"Propanoic acid, 2-methyl-"
3-Hexenedinitrile,Pyrrole-2-carboxylic acid
3-Hexenedinitrile,Salsoline
3-Hexenedinitrile,Supraene
3-Hexenedinitrile,Syringaldehyde
3-Hexenedinitrile,"Thymine, 1,3-dimethyl-6-(trimethylsilyloxymethyl)-"
3-Hexenedinitrile,Tricine
3-Hexenedinitrile,Triethanolamine
3-Hexenedinitrile,"Trimethylsilyl (5-benzyl-3,6-dioxopiperazin-2-yl)acetate"
3-Hexenedinitrile,Tris(trimethylsilyl)carbamate
3-Hexenedinitrile,L-Tyrosine
"3-Hydroxy-2,3-dihydromaltol",3-Methoxysalicylic acid
"3-Hydroxy-2,3-dihydromaltol","3beta-TRIMETHYLSILOXY-5alpha,6alpha-EPOXYCHOLESTANE"
"3-Hydroxy-2,3-dihydromaltol",5-(2-Aminopropyl)-2-methylphenol
"3-Hydroxy-2,3-dihydromaltol","5,10-Diethoxy-2,3,7,8-tetrahydro-1H,6H-dipyrrolo[1,2-a:1',2'-d]pyrazine "
"3-Hydroxy-2,3-dihydromaltol",9-Octadecenoic acid
"3-Hydroxy-2,3-dihydromaltol",Allylescaline 
"3-Hydroxy-2,3-dihydromaltol",beta-Lyxopyranose
"3-Hydroxy-2,3-dihydromaltol",Carfentrazone-ethyl
"3-Hydroxy-2,3-dihydromaltol",cis-4-Trimethylsilyloxy-cyclohexyl(trimethylsilyl)carboxylate
"3-Hydroxy-2,3-dihydromaltol",DL-Glyceraldehyde
"3-Hydroxy-2,3-dihydromaltol","Inosose-2, 1,3,4,5,6-pentakis-"
"3-Hydroxy-2,3-dihydromaltol",L-Aspartic acid
"3-Hydroxy-2,3-dihydromaltol",L-Norleucine
"3-Hydroxy-2,3-dihydromaltol",Methyl-3-methoxy-5-methyl benzoate
"3-Hydroxy-2,3-dihydromaltol",Nitrosothymol
"3-Hydroxy-2,3-dihydromaltol","Pentanedioic acid, 3-methyl-3-[(trimethylsilyl)oxy]-"
"3-Hydroxy-2,3-dihydromaltol","Piperidine, 1-(1-methylpentyl)-"
"3-Hydroxy-2,3-dihydromaltol",Pyroglutamic acid
"3-Hydroxy-2,3-dihydromaltol",Pyrrole-2-carboxylic acid
"3-Hydroxy-2,3-dihydromaltol","Spiro[cyclopenta[d]-1,3,2-dioxaborin-4(5H),1'-cyclopentane], 2-ethyl-6,7-dihydro-"
"3-Hydroxy-2,3-dihydromaltol",Tricine
"3-Hydroxy-2,3-dihydromaltol",Vanillylmandelic acid
3-Hydroxybutyric acid,4-Cumylphenol
3-Hydroxybutyric acid,4-Hydroxybutanoic acid
3-Hydroxybutyric acid,"5-Androsten-17alpha-methyl-3beta,17beta-diol"
3-Hydroxybutyric acid,"5,6-Dimethyl-4-phenyl-3-cyanopyridine-2(1H)-thione"
3-Hydroxybutyric acid,"Benzeneethanamine, N-[(pentafluorophenyl)methylene]-4-[(trimethylsilyl)oxy]-"
3-Hydroxybutyric acid,Butanedioic acid
3-Hydroxybutyric acid,"Butanoic acid, 2-methyl-3-[(trimethylsilyl)oxy]-"
3-Hydroxybutyric acid,"D-Isoleucine, N-acetyl-"
3-Hydroxybutyric acid,Deoxycholic Acid
3-Hydroxybutyric acid,"Erythrono-1,4-lactone, (Z)-"
3-Hydroxybutyric acid,Hexanoylglycine
3-Hydroxybutyric acid,Hydantoic acid
3-Hydroxybutyric acid,"N-(Trifluoroacetyl)-N,O,O'-tris(trimethylsilyl)normetanephrine"
3-Hydroxybutyric acid,Octopamine
3-Hydroxybutyric acid,Phenylalanine
3-Hydroxybutyric acid,"Pyrimidine, 5-methyl-2,4-bis[(trimethylsilyl)oxy]-"
3-Hydroxybutyric acid,Uridine
3-Hydroxyisovaleric acid,"3,5-Dimethylpyrazole"
3-Hydroxyisovaleric acid,"3beta-TRIMETHYLSILOXY-5alpha,6alpha-EPOXYCHOLESTANE"
3-Hydroxyisovaleric acid,"3beta,4beta-Bis(trimethylsiloxy)cholest-5-ene"
3-Hydroxyisovaleric acid,4-(Trimethylsilyoxy)-3-penten-2-one
3-Hydroxyisovaleric acid,4-Cumylphenol
3-Hydroxyisovaleric acid,4-Hydroxybenzeneacetic acid
3-Hydroxyisovaleric acid,4-Methoxyphenol
3-Hydroxyisovaleric acid,"4,4,5,8-Tetramethyl-chroman-2-one"
3-Hydroxyisovaleric acid,5-Henicosylresorcinol
3-Hydroxyisovaleric acid,5-Hydroxyquinoline
3-Hydroxyisovaleric acid,5-Hydroxytryptophan
3-Hydroxyisovaleric acid,9-Hexadecenoic acid
3-Hydroxyisovaleric acid,9-Octadecenoic acid
3-Hydroxyisovaleric acid,"Acetamide, N,N-diethyl-"
3-Hydroxyisovaleric acid,"Acetic acid, bis[(trimethylsilyl)oxyl]-"
3-Hydroxyisovaleric acid,"Acetin, bis-1,3-trimethylsilyl ether"
3-Hydroxyisovaleric acid,"Acetohydrazide, 2-(2-isopropyl-5-methylphenoxy)-N2-benzylideno-"
3-Hydroxyisovaleric acid,alpha-Tocopherol
3-Hydroxyisovaleric acid,Arachidonic acid
3-Hydroxyisovaleric acid,Arsenous acid
3-Hydroxyisovaleric acid,Azatadine
3-Hydroxyisovaleric acid,"Benzaldehyde, 2,5-dimethyl-"
3-Hydroxyisovaleric acid,"Benzenemethanamine, 2,3-dimethoxy-"
3-Hydroxyisovaleric acid,"Benzimidazole, 5-trifluoromethyl-2-methyl-"
3-Hydroxyisovaleric acid,"Benzoic acid, pentadecyl ester"
3-Hydroxyisovaleric acid,Benzoic Acid
3-Hydroxyisovaleric acid,Benzophenone
3-Hydroxyisovaleric acid,"beta-D-Galactofuranose, 1,2,3,5,6-pentakis-O-(trimethylsilyl)-"
3-Hydroxyisovaleric acid,Boric acid
3-Hydroxyisovaleric acid,"Butanal, 2,3,4-tris[(trimethylsilyl)oxy]-, O-methyloxime, [R-(R*,R*)]-"
3-Hydroxyisovaleric acid,"Butanoic acid, 2,4-bis[(trimethylsilyl)oxy]-"
3-Hydroxyisovaleric acid,Butylated Hydroxytoluene
3-Hydroxyisovaleric acid,Butylmethylamine
3-Hydroxyisovaleric acid,cis-4-Trimethylsilyloxy-cyclohexyl(trimethylsilyl)carboxylate
3-Hydroxyisovaleric acid,Cyclohexanol
3-Hydroxyisovaleric acid,"Cyclohexanone, 3,3,5-trimethyl-"
3-Hydroxyisovaleric acid,"Cyclohexene, 3-butyl-3-methyl-1-trimethylsilyloxy-"
3-Hydroxyisovaleric acid,"Cyclopentaneacetic acid, 3-oxo-2-pentyl-"
3-Hydroxyisovaleric acid,"Cyclopentanone, 2,2,4-trimethyl-"
3-Hydroxyisovaleric acid,D-(-)-Citramalic acid
3-Hydroxyisovaleric acid,D-Fructose
3-Hydroxyisovaleric acid,Dinoseb 
3-Hydroxyisovaleric acid,Diphenyl ether
3-Hydroxyisovaleric acid,"Dodecane, 4,6-dimethyl-"
3-Hydroxyisovaleric acid,"Dodecanoic acid, 1-methylethyl ester"
3-Hydroxyisovaleric acid,Dodecanoic acid
3-Hydroxyisovaleric acid,Dodecylcyclohexane
3-Hydroxyisovaleric acid,Dopamine
3-Hydroxyisovaleric acid,"Ethanamine, N,N-diethyl-2,2-dimethyl-2-[(3,5-dimethoxy)phenyl]-"
3-Hydroxyisovaleric acid,Ethyl cis-2-trimethylsilyl-cyclopropane-1-carboxylate
3-Hydroxyisovaleric acid,"Furan, 2-pentyl-"
3-Hydroxyisovaleric acid,"Glycine, N-(N-DL-leucylglycyl)-"
3-Hydroxyisovaleric acid,Glyoxime
3-Hydroxyisovaleric acid,"Guanidine, N,N-dimethyl-"
3-Hydroxyisovaleric acid,Heptanoic acid
3-Hydroxyisovaleric acid,Hexanoic acid
3-Hydroxyisovaleric acid,Hydantoic acid
3-Hydroxyisovaleric acid,Isofucosterol
3-Hydroxyisovaleric acid,Isopropyl palmitate
3-Hydroxyisovaleric acid,L-Hydroxyproline
3-Hydroxyisovaleric acid,L-Threitol
3-Hydroxyisovaleric acid,Levulinic acid
3-Hydroxyisovaleric acid,Metanephrine
3-Hydroxyisovaleric acid,Methyl aminoacetate
3-Hydroxyisovaleric acid,Methyl-3-methoxy-5-methyl benzoate
3-Hydroxyisovaleric acid,Myristic acid
3-Hydroxyisovaleric acid,N-Methyl-N-(tetrahydro-2-furanylmethyl)-4-piperidinamine
3-Hydroxyisovaleric acid,"N,N-Diethyl-2-aminoethanol"
3-Hydroxyisovaleric acid,"N,O-Bis(trimethylsilyl)carbamate"
3-Hydroxyisovaleric acid,Niclosamide
3-Hydroxyisovaleric acid,Nitrosothymol
3-Hydroxyisovaleric acid,Nonadecanoic acid
3-Hydroxyisovaleric acid,Nonanal
3-Hydroxyisovaleric acid,"Octane, 1-propoxy-"
3-Hydroxyisovaleric acid,Octanoic acid
3-Hydroxyisovaleric acid,"Oxalic acid, allyl octyl ester"
3-Hydroxyisovaleric acid,p-Hydroxydiisopropylbenzene
3-Hydroxyisovaleric acid,Pantolactone
3-Hydroxyisovaleric acid,Pentanoic acid
3-Hydroxyisovaleric acid,"Pentenoic acid, 4-[(trimethylsilyl)oxy]-"
3-Hydroxyisovaleric acid,Phenol
3-Hydroxyisovaleric acid,Phenoxyacetic acid
3-Hydroxyisovaleric acid,phenoxyethanol
3-Hydroxyisovaleric acid,Phlorizin
3-Hydroxyisovaleric acid,Phloroglucinol
3-Hydroxyisovaleric acid,Pimelic acid
3-Hydroxyisovaleric acid,"Piperidine, 1-(1-methylpentyl)-"
3-Hydroxyisovaleric acid,"Propanetriol, 2-methyl-"
3-Hydroxyisovaleric acid,Propylamine
3-Hydroxyisovaleric acid,Salsoline
3-Hydroxyisovaleric acid,Sertraline carbamoyl glucuronide
3-Hydroxyisovaleric acid,"Stigmast-5-ene, 3beta-"
3-Hydroxyisovaleric acid,Supraene
3-Hydroxyisovaleric acid,Tartronic acid
3-Hydroxyisovaleric acid,Triethanolamine
3-Hydroxyisovaleric acid,Tris(trimethylsilyl)carbamate
3-Indoleacetic acid,3-Indolepropionic acid
3-Indoleacetic acid,"3-Methylpiperazine-2,5-dione, (R)-"
3-Indoleacetic acid,3-Ureidopropionic acid
3-Indoleacetic acid,"4,4,5,8-Tetramethyl-chroman-2-one"
3-Indoleacetic acid,5-(2-Aminopropyl)-2-methylphenol
3-Indoleacetic acid,7-(Trimethylsilyl)amino-4-methylcoumarin
3-Indoleacetic acid,alpha-Tocopherol
3-Indoleacetic acid,"D-(+)-Ribono-1,4-lactone (R,S,R)-"
3-Indoleacetic acid,Delorazepam
3-Indoleacetic acid,Dinoseb 
3-Indoleacetic acid,DL-Glyceraldehyde
3-Indoleacetic acid,"Dodecane, 4,6-dimethyl-"
3-Indoleacetic acid,Ethyl alpha-D-glucopyranoside
3-Indoleacetic acid,Glycine
3-Indoleacetic acid,Hexanedioic acid
3-Indoleacetic acid,Indole-3-lactic acid
3-Indoleacetic acid,Ketamine 
3-Indoleacetic acid,L-Threonine
3-Indoleacetic acid,L-Tryptophan
3-Indoleacetic acid,"L-Tryptophan, N-acetyl-1"
3-Indoleacetic acid,meso-Erythritol
3-Indoleacetic acid,Metanephrine
3-Indoleacetic acid,Methyl-3-methoxy-5-methyl benzoate
3-Indoleacetic acid,N-Acetyltyrosine
3-Indoleacetic acid,Naphthofluorescein
3-Indoleacetic acid,Niacinamide
3-Indoleacetic acid,Ornithine
3-Indoleacetic acid,Petroselinic acid
3-Indoleacetic acid,"Quinolin-4-one, 1-[2-(3,4-dimethoxyphenyl)ethyl]-octahydro-"
3-Indoleacetic acid,"Tacrine, N-trimethylsilyl-"
3-Indoleacetic acid,L-Tyrosine
3-Indolepropionic acid,7-(Trimethylsilyl)amino-4-methylcoumarin
3-Indolepropionic acid,Benzeneacetamide
3-Indolepropionic acid,"Butanoic acid, 2-methyl-3-[(trimethylsilyl)oxy]-"
3-Indolepropionic acid,Campesterol
3-Indolepropionic acid,"cis-4,5-Dihydroxy-o-dithiane, 2O-"
3-Indolepropionic acid,Cyclo-(l-leucyl-l-phenylalanyl) 
3-Indolepropionic acid,"D-Isoleucine, N-acetyl-"
3-Indolepropionic acid,DL-Phenylalanine
3-Indolepropionic acid,Glycine
3-Indolepropionic acid,Hydroquinone
3-Indolepropionic acid,Indole-3-lactic acid
3-Indolepropionic acid,Ketamine 
3-Indolepropionic acid,L-Methionine
3-Indolepropionic acid,L-Tryptophan
3-Indolepropionic acid,Niacinamide
3-Indolepropionic acid,Pipecolic acid
3-Indolepropionic acid,S-Methyl-L-cysteine
3-Indolepropionic acid,"Tacrine, N-trimethylsilyl-"
3-Indolepropionic acid,"Thymine, 1,3-dimethyl-6-(trimethylsilyloxymethyl)-"
"3-Methoxyamphetamine, 4-Trimethylsilyloxy, N,N-bis(Trimethylsilyloxy)-",3-Methylvaleric acid
"3-Methoxyamphetamine, 4-Trimethylsilyloxy, N,N-bis(Trimethylsilyloxy)-","D-(-)-Ribofuranose, tetrakis"
"3-Methoxyamphetamine, 4-Trimethylsilyloxy, N,N-bis(Trimethylsilyloxy)-",N-alpha-Acetyl-L-Lysine
"3-Methoxyamphetamine, 4-Trimethylsilyloxy, N,N-bis(Trimethylsilyloxy)-","Piperidine, 1-(1-methylpentyl)-"
"3-Methoxyamphetamine, 4-Trimethylsilyloxy, N,N-bis(Trimethylsilyloxy)-","Propanoic acid, 2-oxo-"
"3-Methoxyamphetamine, 4-Trimethylsilyloxy, N,N-bis(Trimethylsilyloxy)-","Trimethylsilyl (5-benzyl-3,6-dioxopiperazin-2-yl)acetate"
3-Methoxysalicylic acid,"3,4-Dihydroxymandelic acid, ethyl ester"
3-Methoxysalicylic acid,"3,4-dimethyl-5-(3,4-methylenedioxy)phenyloxazolidine"
3-Methoxysalicylic acid,4-Hydroxy-5-(hydroxymethyl)oxolan-2-one
3-Methoxysalicylic acid,"5,10-Diethoxy-2,3,7,8-tetrahydro-1H,6H-dipyrrolo[1,2-a:1',2'-d]pyrazine "
3-Methoxysalicylic acid,"Benzene, 1,3-bis(1,1-dimethylethyl)-"
3-Methoxysalicylic acid,"beta-D-Galactofuranose, 1,2,3,5,6-pentakis-O-(trimethylsilyl)-"
3-Methoxysalicylic acid,"Carbonic acid, eicosyl vinyl ester "
3-Methoxysalicylic acid,"Cholesta-3,5-diene "
3-Methoxysalicylic acid,Citric acid
3-Methoxysalicylic acid,"Dodecanoic acid, 1-methylethyl ester"
3-Methoxysalicylic acid,Ecgonine
3-Methoxysalicylic acid,Hydracrylic acid
3-Methoxysalicylic acid,"Inosose-2, 1,3,4,5,6-pentakis-"
3-Methoxysalicylic acid,L-Methionine
3-Methoxysalicylic acid,N-Valerylglycine
3-Methoxysalicylic acid,"Pentanedioic acid, 2-[(trimethylsilyl)oxy]-"
3-Methoxysalicylic acid,Picolinic acid
3-Methoxysalicylic acid,"Spiro[cyclopenta[d]-1,3,2-dioxaborin-4(5H),1'-cyclopentane], 2-ethyl-6,7-dihydro-"
3-Methoxysalicylic acid,"Stigmast-5-ene, 3beta-"
3-Methoxysalicylic acid,Thymidine
"3-Methyl-2-butenoic acid, tridec-2-ynyl ester",3'-Hydroxyacetophenone
"3-Methyl-2-butenoic acid, tridec-2-ynyl ester",4-Hydroxybenzaldehyde
"3-Methyl-2-butenoic acid, tridec-2-ynyl ester","7,9-Di-tert-butyl-1-oxaspiro(4,5)deca-6,9-diene-2,8-dione"
"3-Methyl-2-butenoic acid, tridec-2-ynyl ester",9-Octadecenoic acid
"3-Methyl-2-butenoic acid, tridec-2-ynyl ester","Acetic acid, bis[(trimethylsilyl)oxyl]-"
"3-Methyl-2-butenoic acid, tridec-2-ynyl ester",alpha-Tocopherol
"3-Methyl-2-butenoic acid, tridec-2-ynyl ester",Benzyl alcohol
"3-Methyl-2-butenoic acid, tridec-2-ynyl ester",Cyclobutanol
"3-Methyl-2-butenoic acid, tridec-2-ynyl ester","Cyclohexanone, 3,3,5-trimethyl-"
"3-Methyl-2-butenoic acid, tridec-2-ynyl ester",Doconexent
"3-Methyl-2-butenoic acid, tridec-2-ynyl ester",Heptanoic acid
"3-Methyl-2-butenoic acid, tridec-2-ynyl ester",Hexanoic acid
"3-Methyl-2-butenoic acid, tridec-2-ynyl ester",Isopropyl palmitate
"3-Methyl-2-butenoic acid, tridec-2-ynyl ester",Itaconic acid
"3-Methyl-2-butenoic acid, tridec-2-ynyl ester",L-Asparagine
"3-Methyl-2-butenoic acid, tridec-2-ynyl ester",Myristic acid
"3-Methyl-2-butenoic acid, tridec-2-ynyl ester",Niacin
"3-Methyl-2-butenoic acid, tridec-2-ynyl ester",Nonadecanoic acid
"3-Methyl-2-butenoic acid, tridec-2-ynyl ester",Oxalic acid
"3-Methyl-2-butenoic acid, tridec-2-ynyl ester",Picolinic acid
"3-Methyl-2-butenoic acid, tridec-2-ynyl ester",Pyrrole-2-carboxylic acid
"3-Methyl-2-butenoic acid, tridec-2-ynyl ester",S-Methyl-L-cysteine
3-Methyladenine,"3-Methylpiperazine-2,5-dione, (R)-"
3-Methyladenine,"3beta-TRIMETHYLSILOXY-5alpha,6alpha-EPOXYCHOLESTANE"
3-Methyladenine,"3beta,4beta-Bis(trimethylsiloxy)cholest-5-ene"
3-Methyladenine,4-Cumylphenol
3-Methyladenine,4-Hydroxybenzeneacetic acid
3-Methyladenine,5-(2-Aminopropyl)-2-methylphenol
3-Methyladenine,5-Henicosylresorcinol
3-Methyladenine,5-Hydroxytryptophan
3-Methyladenine,7-(Trimethylsilyl)amino-4-methylcoumarin
3-Methyladenine,9-Octadecenoic acid
3-Methyladenine,"Acetin, bis-1,3-trimethylsilyl ether"
3-Methyladenine,Acetoacetic acid
3-Methyladenine,Aceturic acid
3-Methyladenine,"Benzaldehyde, 2,5-dimethyl-"
3-Methyladenine,Benzeneacetic acid
3-Methyladenine,"Benzimidazole, 5-trifluoromethyl-2-methyl-"
3-Methyladenine,"Benzoic acid, pentadecyl ester"
3-Methyladenine,Benzophenone
3-Methyladenine,Bis(trimethylsilyl)acetylene
3-Methyladenine,Cyclohexanol
3-Methyladenine,"Cyclopentaneacetic acid, 3-oxo-2-pentyl-"
3-Methyladenine,D-Fructose
3-Methyladenine,Dinoseb 
3-Methyladenine,Diphenyl ether
3-Methyladenine,DL-Glyceraldehyde
3-Methyladenine,Doconexent
3-Methyladenine,"Ethanone, 1-(2,5-dimethoxyphenyl)-"
3-Methyladenine,Ethyl alpha-D-glucopyranoside
3-Methyladenine,"Furan, 2-pentyl-"
3-Methyladenine,Glyoxime
3-Methyladenine,Indole-3-lactic acid
3-Methyladenine,Isofucosterol
3-Methyladenine,Isopropyl palmitate
3-Methyladenine,Itaconic acid
3-Methyladenine,Methyl aminoacetate
3-Methyladenine,Methylmalonic monoamide
3-Methyladenine,"N-(Trifluoroacetyl)-N,O,O'-tris(trimethylsilyl)normetanephrine"
3-Methyladenine,N-Acetyl-L-glutamic acid
3-Methyladenine,"N,N-Diethyl-2-aminoethanol"
3-Methyladenine,Neostigmine 
3-Methyladenine,Niclosamide
3-Methyladenine,Nonadecanoic acid
3-Methyladenine,Nonanal
3-Methyladenine,"Octane, 1-propoxy-"
3-Methyladenine,Pantolactone
3-Methyladenine,"Pentanedioic acid, 3-methyl-3-[(trimethylsilyl)oxy]-"
3-Methyladenine,"Pentenoic acid, 4-[(trimethylsilyl)oxy]-"
3-Methyladenine,Phenoxyacetic acid
3-Methyladenine,Phloroglucinol
3-Methyladenine,Pimelic acid
3-Methyladenine,"Propanetriol, 2-methyl-"
3-Methyladenine,"Propanoic acid, 2-methyl-"
3-Methyladenine,Propylamine
3-Methyladenine,"Pyrimidine, 5-methyl-2,4-bis[(trimethylsilyl)oxy]-"
3-Methyladenine,Salsoline
3-Methyladenine,Suberic acid
3-Methyladenine,Tartronic acid
3-Methyladenine,"Thymine, 1,3-dimethyl-6-(trimethylsilyloxymethyl)-"
3-Methyladenine,Triethanolamine
3-Methyladenine,"Trimethylsilyl (5-benzyl-3,6-dioxopiperazin-2-yl)acetate"
3-Methyladenine,L-Tyrosine
"3-Methylpiperazine-2,5-dione, (R)-",3-Ureidopropionic acid
"3-Methylpiperazine-2,5-dione, (R)-","3,5-Di-tert-butyl-2-trimethylsilyloxybenzaldehyde"
"3-Methylpiperazine-2,5-dione, (R)-","3beta-TRIMETHYLSILOXY-5alpha,6alpha-EPOXYCHOLESTANE"
"3-Methylpiperazine-2,5-dione, (R)-","3beta,4beta-Bis(trimethylsiloxy)cholest-5-ene"
"3-Methylpiperazine-2,5-dione, (R)-",4-(Methoxycarbonyl)phenol
"3-Methylpiperazine-2,5-dione, (R)-",4-(Trimethylsilyoxy)-3-penten-2-one
"3-Methylpiperazine-2,5-dione, (R)-","4-[2-(4,7-Dimethoxy-2H-1,3-benzodioxol-5-yl)ethenyl]-2-methoxyphenol"
"3-Methylpiperazine-2,5-dione, (R)-",4-Cumylphenol
"3-Methylpiperazine-2,5-dione, (R)-","4-Fluoroaniline, N-trimethylsilyl-"
"3-Methylpiperazine-2,5-dione, (R)-",4-Hydroxybenzeneacetic acid
"3-Methylpiperazine-2,5-dione, (R)-",5-Hydroxyquinoline
"3-Methylpiperazine-2,5-dione, (R)-",5-Hydroxytryptophan
"3-Methylpiperazine-2,5-dione, (R)-","6,8-Dioxapentadecane"
"3-Methylpiperazine-2,5-dione, (R)-",7-(Trimethylsilyl)amino-4-methylcoumarin
"3-Methylpiperazine-2,5-dione, (R)-",9-Octadecenoic acid
"3-Methylpiperazine-2,5-dione, (R)-",Aceturic acid
"3-Methylpiperazine-2,5-dione, (R)-",alpha-Tocopherol
"3-Methylpiperazine-2,5-dione, (R)-","Benzaldehyde, 2,5-dimethyl-"
"3-Methylpiperazine-2,5-dione, (R)-",Benzeneacetic acid
"3-Methylpiperazine-2,5-dione, (R)-","Benzoic acid, pentadecyl ester"
"3-Methylpiperazine-2,5-dione, (R)-",Benzophenone
"3-Methylpiperazine-2,5-dione, (R)-", 5-Hydroxyhexanoic acid
"3-Methylpiperazine-2,5-dione, (R)-",Carfentrazone-ethyl
"3-Methylpiperazine-2,5-dione, (R)-","Cholesta-3,5-dien-7-one"
"3-Methylpiperazine-2,5-dione, (R)-",Cholesterol
"3-Methylpiperazine-2,5-dione, (R)-",Cyclohexanol
"3-Methylpiperazine-2,5-dione, (R)-",D-Fructose
"3-Methylpiperazine-2,5-dione, (R)-","D-Isoleucine, N-acetyl-"
"3-Methylpiperazine-2,5-dione, (R)-",D-Proline
"3-Methylpiperazine-2,5-dione, (R)-",Dihydrouracil
"3-Methylpiperazine-2,5-dione, (R)-",Dinoseb 
"3-Methylpiperazine-2,5-dione, (R)-",Diphenyl ether
"3-Methylpiperazine-2,5-dione, (R)-",DL-Glyceraldehyde
"3-Methylpiperazine-2,5-dione, (R)-",Doconexent
"3-Methylpiperazine-2,5-dione, (R)-","Dodecane, 4,6-dimethyl-"
"3-Methylpiperazine-2,5-dione, (R)-","Furan, 2-pentyl-"
"3-Methylpiperazine-2,5-dione, (R)-",Galactopyranose
"3-Methylpiperazine-2,5-dione, (R)-",Glycine
"3-Methylpiperazine-2,5-dione, (R)-",Glyoxime
"3-Methylpiperazine-2,5-dione, (R)-",Hexanoylglycine
"3-Methylpiperazine-2,5-dione, (R)-",Hydantoic acid
"3-Methylpiperazine-2,5-dione, (R)-",Indole-3-lactic acid
"3-Methylpiperazine-2,5-dione, (R)-",Isofucosterol
"3-Methylpiperazine-2,5-dione, (R)-",Isopropyl palmitate
"3-Methylpiperazine-2,5-dione, (R)-",Isoxaben
"3-Methylpiperazine-2,5-dione, (R)-",L-5-Oxoproline
"3-Methylpiperazine-2,5-dione, (R)-",L-Aspartic acid
"3-Methylpiperazine-2,5-dione, (R)-",L-Glutamic acid
"3-Methylpiperazine-2,5-dione, (R)-",L-Hydroxyproline
"3-Methylpiperazine-2,5-dione, (R)-",L-Norleucine
"3-Methylpiperazine-2,5-dione, (R)-",L-Tryptophan
"3-Methylpiperazine-2,5-dione, (R)-","L-Tryptophan, N-acetyl-1"
"3-Methylpiperazine-2,5-dione, (R)-",Methyl alpha-Lyxofuranoside
"3-Methylpiperazine-2,5-dione, (R)-",Methyl aminoacetate
"3-Methylpiperazine-2,5-dione, (R)-",Methylmalonic monoamide
"3-Methylpiperazine-2,5-dione, (R)-","N-(Trifluoroacetyl)-N,O,O'-tris(trimethylsilyl)normetanephrine"
"3-Methylpiperazine-2,5-dione, (R)-",N-Isovaleroylglycine
"3-Methylpiperazine-2,5-dione, (R)-","N,N-Diethyl-2-aminoethanol"
"3-Methylpiperazine-2,5-dione, (R)-",Neostigmine 
"3-Methylpiperazine-2,5-dione, (R)-",Niclosamide
"3-Methylpiperazine-2,5-dione, (R)-",Nonadecanoic acid
"3-Methylpiperazine-2,5-dione, (R)-",Nonanal
"3-Methylpiperazine-2,5-dione, (R)-",Ornithine
"3-Methylpiperazine-2,5-dione, (R)-","Pentanedioic acid, 3-methyl-3-[(trimethylsilyl)oxy]-"
"3-Methylpiperazine-2,5-dione, (R)-",Phenylalanine
"3-Methylpiperazine-2,5-dione, (R)-",Phloroglucinol
"3-Methylpiperazine-2,5-dione, (R)-",Picolinic acid
"3-Methylpiperazine-2,5-dione, (R)-",Pimelic acid
"3-Methylpiperazine-2,5-dione, (R)-","Propanetriol, 2-methyl-"
"3-Methylpiperazine-2,5-dione, (R)-","Propanoic acid, 2-methyl-"
"3-Methylpiperazine-2,5-dione, (R)-",Propylamine
"3-Methylpiperazine-2,5-dione, (R)-","Pyrimidine, 5-methyl-2,4-bis[(trimethylsilyl)oxy]-"
"3-Methylpiperazine-2,5-dione, (R)-",S-Methyl-L-cysteine
"3-Methylpiperazine-2,5-dione, (R)-",Salsoline
"3-Methylpiperazine-2,5-dione, (R)-",Ser-Leu
"3-Methylpiperazine-2,5-dione, (R)-","Spiro[cyclopenta[d]-1,3,2-dioxaborin-4(5H),1'-cyclopentane], 2-ethyl-6,7-dihydro-"
"3-Methylpiperazine-2,5-dione, (R)-","Stigmast-5-ene, 3beta-"
"3-Methylpiperazine-2,5-dione, (R)-","Tacrine, N-trimethylsilyl-"
"3-Methylpiperazine-2,5-dione, (R)-",Tartronic acid
"3-Methylpiperazine-2,5-dione, (R)-","Thymine, 1,3-dimethyl-6-(trimethylsilyloxymethyl)-"
"3-Methylpiperazine-2,5-dione, (R)-",Tricine
"3-Methylpiperazine-2,5-dione, (R)-",Triethanolamine
3-Methylvaleric acid,4-Cumylphenol
3-Methylvaleric acid,"4,4,5,8-Tetramethyl-chroman-2-one"
3-Methylvaleric acid,"5alpha-Pregnane-3,20-dione"
3-Methylvaleric acid,Benzoic Acid
3-Methylvaleric acid,"Cholest-22-ene-21-ol, 3,5-dehydro-6-methoxy-, pivalate"
3-Methylvaleric acid,"D-(-)-Fructofuranose, pentakis"
3-Methylvaleric acid,D-Ribose
3-Methylvaleric acid,Delorazepam
3-Methylvaleric acid,"Dodecanoic acid, 1-methylethyl ester"
3-Methylvaleric acid,"Ethanamine, N,N-diethyl-2,2-dimethyl-2-[(3,5-dimethoxy)phenyl]-"
3-Methylvaleric acid,Hippuric acid
3-Methylvaleric acid,L-Proline
3-Methylvaleric acid,L-Tryptophan
3-Methylvaleric acid,n-Butylamine
3-Methylvaleric acid,Nonanoic acid
3-Methylvaleric acid,"Propanoic acid, 2-oxo-"
3-Methylvaleric acid,Sinomenin
3-Methylvaleric acid,Vanillylmandelic acid
3-Nonen-1-ol,4-Methoxyphenol
3-Nonen-1-ol,"5,6-Dimethyl-4-phenyl-3-cyanopyridine-2(1H)-thione"
3-Nonen-1-ol,Benzeneacetamide
3-Nonen-1-ol,"Benzimidazole, 5-trifluoromethyl-2-methyl-"
3-Nonen-1-ol,cyclobutanecarboxylic acid
3-Nonen-1-ol,"D-Isoleucine, N-acetyl-"
3-Nonen-1-ol,"Furan, 2-pentyl-"
3-Nonen-1-ol,Glyoxime
3-Nonen-1-ol,L-5-Oxoproline
3-Nonen-1-ol,Naphthofluorescein
3-Nonen-1-ol,Pantolactone
3-Nonen-1-ol,Phloroglucinol
3-Ureidopropionic acid,"3,4,5-Trihydroxypentanoic acid, tetrakis(trimethylsilyl)-"
3-Ureidopropionic acid,"3,5-Di-tert-butyl-2-trimethylsilyloxybenzaldehyde"
3-Ureidopropionic acid,"3beta-TRIMETHYLSILOXY-5alpha,6alpha-EPOXYCHOLESTANE"
3-Ureidopropionic acid,"3beta,4beta-Bis(trimethylsiloxy)cholest-5-ene"
3-Ureidopropionic acid,4-Hydroxybenzeneacetic acid
3-Ureidopropionic acid,5-(2-Aminopropyl)-2-methylphenol
3-Ureidopropionic acid,"5-Androsten-17alpha-methyl-3beta,17beta-diol"
3-Ureidopropionic acid,5-Hydroxyquinoline
3-Ureidopropionic acid,"5,6-Dimethyl-4-phenyl-3-cyanopyridine-2(1H)-thione"
3-Ureidopropionic acid,"6,7,4'-Trihydroxyisoflavone"
3-Ureidopropionic acid,"6,8-Dioxapentadecane"
3-Ureidopropionic acid,7-(Trimethylsilyl)amino-4-methylcoumarin
3-Ureidopropionic acid,9-Octadecenoic acid
3-Ureidopropionic acid,"Acetamide, N,N-diethyl-"
3-Ureidopropionic acid,"Acetin, bis-1,3-trimethylsilyl ether"
3-Ureidopropionic acid,Aceturic acid
3-Ureidopropionic acid,Alloxanic acid
3-Ureidopropionic acid,alpha-Tocopherol
3-Ureidopropionic acid,Arachidonic acid
3-Ureidopropionic acid,Azatadine
3-Ureidopropionic acid,"Benzaldehyde, 2,5-dimethyl-"
3-Ureidopropionic acid,Benzeneacetic acid
3-Ureidopropionic acid,"beta-D-Galactofuranose, 1,2,3,5,6-pentakis-O-(trimethylsilyl)-"
3-Ureidopropionic acid, 5-Hydroxyhexanoic acid
3-Ureidopropionic acid,Bis(trimethylsilyl)acetylene
3-Ureidopropionic acid,Butanedioic acid
3-Ureidopropionic acid,"Butanoic acid, 2,4-bis[(trimethylsilyl)oxy]-"
3-Ureidopropionic acid,Carfentrazone-ethyl
3-Ureidopropionic acid,"Cetaben, N,O-bis(trimethylsilyl)-"
3-Ureidopropionic acid,"Cholesta-3,5-dien-7-one"
3-Ureidopropionic acid,cis-4-Trimethylsilyloxy-cyclohexyl(trimethylsilyl)carboxylate
3-Ureidopropionic acid,Citric acid
3-Ureidopropionic acid,"Cyclopentaneacetic acid, 3-oxo-2-pentyl-"
3-Ureidopropionic acid,"Cyclopentanone, 2,2,4-trimethyl-"
3-Ureidopropionic acid,D-Arabinose
3-Ureidopropionic acid,D-Fructose
3-Ureidopropionic acid,Deoxycholic Acid
3-Ureidopropionic acid,Dihydrouracil
3-Ureidopropionic acid,Dinoseb 
3-Ureidopropionic acid,DL-Glyceraldehyde
3-Ureidopropionic acid,"DL-Proline, 5-oxo-"
3-Ureidopropionic acid,"Dodecane, 4,6-dimethyl-"
3-Ureidopropionic acid,Glyceric acid
3-Ureidopropionic acid,Glycine
3-Ureidopropionic acid,Glycolic acid
3-Ureidopropionic acid,Guanabenz
3-Ureidopropionic acid,Hydantoic acid
3-Ureidopropionic acid,Hydroquinidine
3-Ureidopropionic acid,Indole-3-lactic acid
3-Ureidopropionic acid,Indole-5-carboxylic acid
3-Ureidopropionic acid,Isopropyl palmitate
3-Ureidopropionic acid,Itaconic acid
3-Ureidopropionic acid,L-Threitol
3-Ureidopropionic acid,Methyl aminoacetate
3-Ureidopropionic acid,Methyl-3-methoxy-5-methyl benzoate
3-Ureidopropionic acid,Methylmalonic monoamide
3-Ureidopropionic acid,"N-(Trifluoroacetyl)-N,O,O'-tris(trimethylsilyl)normetanephrine"
3-Ureidopropionic acid,N-Isovaleroylglycine
3-Ureidopropionic acid,N-Methyl-N-(tetrahydro-2-furanylmethyl)-4-piperidinamine
3-Ureidopropionic acid,Niclosamide
3-Ureidopropionic acid,p-Hydroxydiisopropylbenzene
3-Ureidopropionic acid,p-Toluic acid
3-Ureidopropionic acid,"Pentanedioic acid, 3-methyl-3-[(trimethylsilyl)oxy]-"
3-Ureidopropionic acid,Phenylalanine
3-Ureidopropionic acid,Pimelic acid
3-Ureidopropionic acid,"Propanetriol, 2-methyl-"
3-Ureidopropionic acid,Propylamine
3-Ureidopropionic acid,"Pyrimidine, 5-methyl-2,4-bis[(trimethylsilyl)oxy]-"
3-Ureidopropionic acid,Suberic acid
3-Ureidopropionic acid,Tartronic acid
3-Ureidopropionic acid,Triethanolamine
3-Ureidopropionic acid,Uridine
3-Ureidopropionic acid,Xylose
"3,4-Dihydrocoumarin, 4,4-dimethyl-6-dimethylamino-",4-Hydroxy-5-(hydroxymethyl)oxolan-2-one
"3,4-Dihydrocoumarin, 4,4-dimethyl-6-dimethylamino-","7-Isoquinolinol, 1,2,3,4-tetrahydro-1-[(4-hydroxyphenyl)methyl]-6-methoxy-"
"3,4-Dihydrocoumarin, 4,4-dimethyl-6-dimethylamino-","9,12-Octadecadienoic acid"
"3,4-Dihydrocoumarin, 4,4-dimethyl-6-dimethylamino-","Benzo[b]fluorene, 5-amino-7-methyl-1,2,3,4,6,7,8,9-octahydro-11-thia-10-aza-"
"3,4-Dihydrocoumarin, 4,4-dimethyl-6-dimethylamino-","beta-d-Fructopyranose, 1-deoxy-1-(4-morpholinyl)-2,3,4,5-tetrakis-O-(trimethylsilyl)-"
"3,4-Dihydrocoumarin, 4,4-dimethyl-6-dimethylamino-",Dicyclohexylamine
"3,4-Dihydrocoumarin, 4,4-dimethyl-6-dimethylamino-",Niacinamide
"3,4-Dihydrocoumarin, 4,4-dimethyl-6-dimethylamino-","Pentanedioic acid, 2,4-bis[(trimethylsilyl)oxy]"
"3,4-Dihydrocoumarin, 4,4-dimethyl-6-dimethylamino-",Phlorizin
"3,4-Dihydrocoumarin, 4,4-dimethyl-6-dimethylamino-","Piperidine, 1-(1-methylpentyl)-"
"3,4-Dihydrocoumarin, 4,4-dimethyl-6-dimethylamino-","Quinolin-4-one, 1-[2-(3,4-dimethoxyphenyl)ethyl]-octahydro-"
"3,4-Dihydroxymandelic acid, ethyl ester",4-Cumylphenol
"3,4-Dihydroxymandelic acid, ethyl ester",Benzeneacetamide
"3,4-Dihydroxymandelic acid, ethyl ester",Cyclobutanol
"3,4-Dihydroxymandelic acid, ethyl ester",D-(-)-Citramalic acid
"3,4-Dihydroxymandelic acid, ethyl ester","Ethanol, 2-(9-octadecenyloxy)-"
"3,4-Dihydroxymandelic acid, ethyl ester",L-Tryptophan
"3,4-Dihydroxymandelic acid, ethyl ester",Sertraline carbamoyl glucuronide
"3,4-dimethyl-5-(3,4-methylenedioxy)phenyloxazolidine",5-Aminovaleric acid
"3,4-dimethyl-5-(3,4-methylenedioxy)phenyloxazolidine",Cadaverine
"3,4-dimethyl-5-(3,4-methylenedioxy)phenyloxazolidine","D-(+)-Ribono-1,4-lactone (R,S,R)-"
"3,4-dimethyl-5-(3,4-methylenedioxy)phenyloxazolidine","N-(Trifluoroacetyl)-N,O,O'-tris(trimethylsilyl)normetanephrine"
"3,4,5-Trihydroxypentanoic acid, tetrakis(trimethylsilyl)-",4-Hydroxy-5-(hydroxymethyl)oxolan-2-one
"3,4,5-Trihydroxypentanoic acid, tetrakis(trimethylsilyl)-",4-Hydroxybenzeneacetic acid
"3,4,5-Trihydroxypentanoic acid, tetrakis(trimethylsilyl)-","5-Androsten-17alpha-methyl-3beta,17beta-diol"
"3,4,5-Trihydroxypentanoic acid, tetrakis(trimethylsilyl)-","5,6-Dihydro-5-methyluracil"
"3,4,5-Trihydroxypentanoic acid, tetrakis(trimethylsilyl)-","6,7,4'-Trihydroxyisoflavone"
"3,4,5-Trihydroxypentanoic acid, tetrakis(trimethylsilyl)-",9-Octadecenoic acid
"3,4,5-Trihydroxypentanoic acid, tetrakis(trimethylsilyl)-",Aceturic acid
"3,4,5-Trihydroxypentanoic acid, tetrakis(trimethylsilyl)-",Benzeneacetic acid
"3,4,5-Trihydroxypentanoic acid, tetrakis(trimethylsilyl)-","Benzeneethanamine, N-[(pentafluorophenyl)methylene]-4-[(trimethylsilyl)oxy]-"
"3,4,5-Trihydroxypentanoic acid, tetrakis(trimethylsilyl)-","Benzoic acid, methyl ester"
"3,4,5-Trihydroxypentanoic acid, tetrakis(trimethylsilyl)-",beta-Lyxopyranose
"3,4,5-Trihydroxypentanoic acid, tetrakis(trimethylsilyl)-", 5-Hydroxyhexanoic acid
"3,4,5-Trihydroxypentanoic acid, tetrakis(trimethylsilyl)-",Bis(trimethylsilyl)histidine
"3,4,5-Trihydroxypentanoic acid, tetrakis(trimethylsilyl)-",Cadaverine
"3,4,5-Trihydroxypentanoic acid, tetrakis(trimethylsilyl)-",cis-4-Trimethylsilyloxy-cyclohexyl(trimethylsilyl)carboxylate
"3,4,5-Trihydroxypentanoic acid, tetrakis(trimethylsilyl)-","Cyclopentanone, 2,2,4-trimethyl-"
"3,4,5-Trihydroxypentanoic acid, tetrakis(trimethylsilyl)-",D-Fructose
"3,4,5-Trihydroxypentanoic acid, tetrakis(trimethylsilyl)-",D-Ornithine
"3,4,5-Trihydroxypentanoic acid, tetrakis(trimethylsilyl)-",D-Threitol
"3,4,5-Trihydroxypentanoic acid, tetrakis(trimethylsilyl)-",Deoxycholic Acid
"3,4,5-Trihydroxypentanoic acid, tetrakis(trimethylsilyl)-",Dicyclohexylamine
"3,4,5-Trihydroxypentanoic acid, tetrakis(trimethylsilyl)-",Fenitrothion
"3,4,5-Trihydroxypentanoic acid, tetrakis(trimethylsilyl)-","Glycine, N-[4-[(trimethylsilyl)oxy]benzoyl]-"
"3,4,5-Trihydroxypentanoic acid, tetrakis(trimethylsilyl)-",Indole-5-carboxylic acid
"3,4,5-Trihydroxypentanoic acid, tetrakis(trimethylsilyl)-",Methyl isovanillate
"3,4,5-Trihydroxypentanoic acid, tetrakis(trimethylsilyl)-",Methylmalonic monoamide
"3,4,5-Trihydroxypentanoic acid, tetrakis(trimethylsilyl)-","N-(Trifluoroacetyl)-N,O,O'-tris(trimethylsilyl)normetanephrine"
"3,4,5-Trihydroxypentanoic acid, tetrakis(trimethylsilyl)-","N-isobutyl-2-(trimethylsilyloxy]-4,5-dihydro-1H-imidazole-1-carboxamide"
"3,4,5-Trihydroxypentanoic acid, tetrakis(trimethylsilyl)-","Propanetriol, 2-methyl-"
"3,4,5-Trihydroxypentanoic acid, tetrakis(trimethylsilyl)-",Tartronic acid
"3,4,5-Trihydroxypentanoic acid, tetrakis(trimethylsilyl)-",Tributyl acetylcitrate
"3,5-Di-tert-butyl-2-trimethylsilyloxybenzaldehyde","3beta,4beta-Bis(trimethylsiloxy)cholest-5-ene"
"3,5-Di-tert-butyl-2-trimethylsilyloxybenzaldehyde",4-(Trimethylsilyoxy)-3-penten-2-one
"3,5-Di-tert-butyl-2-trimethylsilyloxybenzaldehyde","4-Fluoroaniline, N-trimethylsilyl-"
"3,5-Di-tert-butyl-2-trimethylsilyloxybenzaldehyde",4-Methylvaleric acid
"3,5-Di-tert-butyl-2-trimethylsilyloxybenzaldehyde",5-Hydroxyquinoline
"3,5-Di-tert-butyl-2-trimethylsilyloxybenzaldehyde","5,6-Dimethyl-4-phenyl-3-cyanopyridine-2(1H)-thione"
"3,5-Di-tert-butyl-2-trimethylsilyloxybenzaldehyde","5alpha-Pregnane-3,20-dione"
"3,5-Di-tert-butyl-2-trimethylsilyloxybenzaldehyde",7-(Trimethylsilyl)amino-4-methylcoumarin
"3,5-Di-tert-butyl-2-trimethylsilyloxybenzaldehyde",9-Octadecenoic acid
"3,5-Di-tert-butyl-2-trimethylsilyloxybenzaldehyde","Acetohydrazide, 2-(2-isopropyl-5-methylphenoxy)-N2-benzylideno-"
"3,5-Di-tert-butyl-2-trimethylsilyloxybenzaldehyde",alpha-Tocopherol
"3,5-Di-tert-butyl-2-trimethylsilyloxybenzaldehyde",Atrazine desethyl
"3,5-Di-tert-butyl-2-trimethylsilyloxybenzaldehyde","Benzaldehyde, 2,5-dimethyl-"
"3,5-Di-tert-butyl-2-trimethylsilyloxybenzaldehyde",Benzeneacetamide
"3,5-Di-tert-butyl-2-trimethylsilyloxybenzaldehyde",Benzophenone
"3,5-Di-tert-butyl-2-trimethylsilyloxybenzaldehyde", 5-Hydroxyhexanoic acid
"3,5-Di-tert-butyl-2-trimethylsilyloxybenzaldehyde",Campesterol
"3,5-Di-tert-butyl-2-trimethylsilyloxybenzaldehyde",Cyclohexanol
"3,5-Di-tert-butyl-2-trimethylsilyloxybenzaldehyde",D-Threitol
"3,5-Di-tert-butyl-2-trimethylsilyloxybenzaldehyde",Dinoseb 
"3,5-Di-tert-butyl-2-trimethylsilyloxybenzaldehyde",DL-Glyceraldehyde
"3,5-Di-tert-butyl-2-trimethylsilyloxybenzaldehyde",Doconexent
"3,5-Di-tert-butyl-2-trimethylsilyloxybenzaldehyde",Docosyl octyl ether
"3,5-Di-tert-butyl-2-trimethylsilyloxybenzaldehyde",Dodecanoic acid
"3,5-Di-tert-butyl-2-trimethylsilyloxybenzaldehyde",Glycine
"3,5-Di-tert-butyl-2-trimethylsilyloxybenzaldehyde",Glyoxime
"3,5-Di-tert-butyl-2-trimethylsilyloxybenzaldehyde",Guanabenz
"3,5-Di-tert-butyl-2-trimethylsilyloxybenzaldehyde",Indole-5-carboxylic acid
"3,5-Di-tert-butyl-2-trimethylsilyloxybenzaldehyde",Isofucosterol
"3,5-Di-tert-butyl-2-trimethylsilyloxybenzaldehyde",Isopropyl palmitate
"3,5-Di-tert-butyl-2-trimethylsilyloxybenzaldehyde",L-5-Oxoproline
"3,5-Di-tert-butyl-2-trimethylsilyloxybenzaldehyde",L-Asparagine
"3,5-Di-tert-butyl-2-trimethylsilyloxybenzaldehyde",L-Glutamic acid
"3,5-Di-tert-butyl-2-trimethylsilyloxybenzaldehyde",Methyl aminoacetate
"3,5-Di-tert-butyl-2-trimethylsilyloxybenzaldehyde",N-Isobutyrylglycine
"3,5-Di-tert-butyl-2-trimethylsilyloxybenzaldehyde",n-Pentadecanol
"3,5-Di-tert-butyl-2-trimethylsilyloxybenzaldehyde",Nonanal
"3,5-Di-tert-butyl-2-trimethylsilyloxybenzaldehyde",p-Hydroxydiisopropylbenzene
"3,5-Di-tert-butyl-2-trimethylsilyloxybenzaldehyde",Pantolactone
"3,5-Di-tert-butyl-2-trimethylsilyloxybenzaldehyde","Pentanedioic acid, 3-methyl-3-[(trimethylsilyl)oxy]-"
"3,5-Di-tert-butyl-2-trimethylsilyloxybenzaldehyde",Phenylalanine
"3,5-Di-tert-butyl-2-trimethylsilyloxybenzaldehyde",Phloroglucinol
"3,5-Di-tert-butyl-2-trimethylsilyloxybenzaldehyde","Propanetriol, 2-methyl-"
"3,5-Di-tert-butyl-2-trimethylsilyloxybenzaldehyde","Propanoic acid, 2-methyl-"
"3,5-Di-tert-butyl-2-trimethylsilyloxybenzaldehyde",Propylamine
"3,5-Di-tert-butyl-2-trimethylsilyloxybenzaldehyde","Pyrazine, 3,6-dihydro-3,6-dimethyl-"
"3,5-Di-tert-butyl-2-trimethylsilyloxybenzaldehyde","Pyrimidine, 5-methyl-2,4-bis[(trimethylsilyl)oxy]-"
"3,5-Di-tert-butyl-2-trimethylsilyloxybenzaldehyde",Ser-Leu
"3,5-Di-tert-butyl-2-trimethylsilyloxybenzaldehyde","Stigmast-5-ene, 3beta-"
"3,5-Di-tert-butyl-2-trimethylsilyloxybenzaldehyde",Triethanolamine
"3,5-di-tert-Butyl-4-hydroxyacetophenone",4-Cumylphenol
"3,5-di-tert-Butyl-4-hydroxyacetophenone","4-Fluoroaniline, N-trimethylsilyl-"
"3,5-di-tert-Butyl-4-hydroxyacetophenone",4-Methoxyphenol
"3,5-di-tert-Butyl-4-hydroxyacetophenone",5-Hydroxytryptophan
"3,5-di-tert-Butyl-4-hydroxyacetophenone","7-Acetyl-6-ethyl-1,1,4,4-tetramethyltetralin "
"3,5-di-tert-Butyl-4-hydroxyacetophenone","9H-Fluorene, 9-methylene-"
"3,5-di-tert-Butyl-4-hydroxyacetophenone","Acetamide, 2,2,2-trifluoro-"
"3,5-di-tert-Butyl-4-hydroxyacetophenone","Acetohydrazide, 2-(2-isopropyl-5-methylphenoxy)-N2-benzylideno-"
"3,5-di-tert-Butyl-4-hydroxyacetophenone","Benzaldehyde, 2,5-dimethyl-"
"3,5-di-tert-Butyl-4-hydroxyacetophenone","Benzene, 1,1'-(1,2-cyclobutanediyl)bis-"
"3,5-di-tert-Butyl-4-hydroxyacetophenone",Campesterol
"3,5-di-tert-Butyl-4-hydroxyacetophenone","D-(-)-Fructofuranose, pentakis"
"3,5-di-tert-Butyl-4-hydroxyacetophenone",D-Ornithine
"3,5-di-tert-Butyl-4-hydroxyacetophenone","Dimethyl hexopyranosiduronate, alpha-D-"
"3,5-di-tert-Butyl-4-hydroxyacetophenone",Diphenyl ether
"3,5-di-tert-Butyl-4-hydroxyacetophenone",Dodecanoic acid
"3,5-di-tert-Butyl-4-hydroxyacetophenone",Glucose
"3,5-di-tert-Butyl-4-hydroxyacetophenone",Latanoprost lactone diol
"3,5-di-tert-Butyl-4-hydroxyacetophenone",Methyl alpha-Lyxofuranoside
"3,5-di-tert-Butyl-4-hydroxyacetophenone",N-Acetyltyrosine
"3,5-di-tert-Butyl-4-hydroxyacetophenone",Naphthofluorescein
"3,5-di-tert-Butyl-4-hydroxyacetophenone",Nonadecanoic acid
"3,5-di-tert-Butyl-4-hydroxyacetophenone",Pantolactone
"3,5-di-tert-Butyl-4-hydroxyacetophenone",Phenol
"3,5-di-tert-Butyl-4-hydroxyacetophenone",phenoxyethanol
"3,5-di-tert-Butyl-4-hydroxyacetophenone","Ribonic acid, 2,3,4,5-tetrakis-"
"3,5-di-tert-Butyl-4-hydroxyacetophenone",S-Methyl-L-cysteine
"3,5-di-tert-Butyl-4-hydroxyacetophenone",Salsoline
"3,5-di-tert-Butyl-4-hydroxyacetophenone","Stigmast-5-ene, 3beta-"
"3,5-di-tert-Butyl-4-hydroxyacetophenone",Supraene
"3,5-di-tert-Butyl-4-hydroxyacetophenone",Tributyl acetylcitrate
"3,5-Dimethyl-1,4-diallylpyrazole","9H-Purine, 9-(trimethylsilyl)-2,6,8-tris[(trimethylsilyl)oxy]-"
"3,5-Dimethyl-1,4-diallylpyrazole",Arsenous acid
"3,5-Dimethyl-1,4-diallylpyrazole",Atrazine desethyl
"3,5-Dimethyl-1,4-diallylpyrazole",Cadaverine
"3,5-Dimethyl-1,4-diallylpyrazole",DL-Ornithine
"3,5-Dimethyl-1,4-diallylpyrazole",DL-Phenylalanine
"3,5-Dimethyl-1,4-diallylpyrazole",Ethyl cis-2-trimethylsilyl-cyclopropane-1-carboxylate
"3,5-Dimethyl-1,4-diallylpyrazole",Gln-Ala
"3,5-Dimethyl-1,4-diallylpyrazole",L-Glutamic acid
"3,5-Dimethyl-1,4-diallylpyrazole","N,N-Dimethyl-2-cyclohexyloxyethylamine"
"3,5-Dimethyl-1,4-diallylpyrazole",Naphthofluorescein
"3,5-Dimethyl-1,4-diallylpyrazole",Ornithine
"3,5-Dimethyl-1,4-diallylpyrazole",Sinomenin
"3,5-Dimethylpyrazole",3'-Hydroxyacetophenone
"3,5-Dimethylpyrazole","3beta-TRIMETHYLSILOXY-5alpha,6alpha-EPOXYCHOLESTANE"
"3,5-Dimethylpyrazole","3beta,4beta-Bis(trimethylsiloxy)cholest-5-ene"
"3,5-Dimethylpyrazole",4-Cumylphenol
"3,5-Dimethylpyrazole",4-Hydroxybenzeneacetic acid
"3,5-Dimethylpyrazole",5-Henicosylresorcinol
"3,5-Dimethylpyrazole",5-Hydroxytryptophan
"3,5-Dimethylpyrazole",9-Octadecenoic acid
"3,5-Dimethylpyrazole",Acetoacetic acid
"3,5-Dimethylpyrazole",Allylescaline 
"3,5-Dimethylpyrazole",alpha-Tocopherol
"3,5-Dimethylpyrazole",Arabinaric acid
"3,5-Dimethylpyrazole","Benzimidazole, 5-trifluoromethyl-2-methyl-"
"3,5-Dimethylpyrazole","Benzoic acid, pentadecyl ester"
"3,5-Dimethylpyrazole",Benzophenone
"3,5-Dimethylpyrazole","Butanoic acid, 2,4-bis[(trimethylsilyl)oxy]-"
"3,5-Dimethylpyrazole",Butylmethylamine
"3,5-Dimethylpyrazole",Cholesterol
"3,5-Dimethylpyrazole",Cinnamic acid
"3,5-Dimethylpyrazole","cis-4,5-Dihydroxy-o-dithiane, 2O-"
"3,5-Dimethylpyrazole",Cyclohexanol
"3,5-Dimethylpyrazole","Cyclohexene, 3-butyl-3-methyl-1-trimethylsilyloxy-"
"3,5-Dimethylpyrazole","Cyclohexene, 3,3-dimethyl-1-(trimethylsilyloxy)-"
"3,5-Dimethylpyrazole","Cyclopentaneacetic acid, 3-oxo-2-pentyl-"
"3,5-Dimethylpyrazole",D-Fructose
"3,5-Dimethylpyrazole",D-Threitol
"3,5-Dimethylpyrazole",Diphenyl ether
"3,5-Dimethylpyrazole",DL-Glyceraldehyde
"3,5-Dimethylpyrazole","Furan, 2-pentyl-"
"3,5-Dimethylpyrazole",Glyoxime
"3,5-Dimethylpyrazole",Hydantoic acid
"3,5-Dimethylpyrazole",Indole-3-carboxaldehyde
"3,5-Dimethylpyrazole",Indole-5-carboxylic acid
"3,5-Dimethylpyrazole","Inosose-2, 1,3,4,5,6-pentakis-"
"3,5-Dimethylpyrazole",Isofucosterol
"3,5-Dimethylpyrazole",Isopropyl palmitate
"3,5-Dimethylpyrazole","Isoquinoline, 3,4-dihydro-6,7-dimethoxy-1-[4-hydroxybenzyl]-"
"3,5-Dimethylpyrazole",Levulinic acid
"3,5-Dimethylpyrazole",Metanephrine
"3,5-Dimethylpyrazole",Methyl aminoacetate
"3,5-Dimethylpyrazole",N-Acetyl-L-glutamic acid
"3,5-Dimethylpyrazole",N-Isobutyl-sec-butylamine
"3,5-Dimethylpyrazole","N,N-Diethyl-2-aminoethanol"
"3,5-Dimethylpyrazole","N,O-Bis(trimethylsilyl)carbamate"
"3,5-Dimethylpyrazole",Neostigmine 
"3,5-Dimethylpyrazole",Niclosamide
"3,5-Dimethylpyrazole",Nonadecanoic acid
"3,5-Dimethylpyrazole",Nonanal
"3,5-Dimethylpyrazole",p-Toluic acid
"3,5-Dimethylpyrazole",Pantolactone
"3,5-Dimethylpyrazole","Pentanedioic acid, 3-methyl-3-[(trimethylsilyl)oxy]-"
"3,5-Dimethylpyrazole","Pentenoic acid, 4-[(trimethylsilyl)oxy]-"
"3,5-Dimethylpyrazole",Phenoxyacetic acid
"3,5-Dimethylpyrazole",Phloroglucinol
"3,5-Dimethylpyrazole",Pimelic acid
"3,5-Dimethylpyrazole","Propanetriol, 2-methyl-"
"3,5-Dimethylpyrazole",Propylamine
"3,5-Dimethylpyrazole",Salsoline
"3,5-Dimethylpyrazole","Stigmast-5-ene, 3beta-"
"3,5-Dimethylpyrazole",Supraene
"3,5-Dimethylpyrazole",Tartronic acid
"3,5-Dimethylpyrazole",Triethanolamine
"3,5-Dimethylpyrazole","Trimethylsilyl (5-benzyl-3,6-dioxopiperazin-2-yl)acetate"
3'-(Trimethylsilyl)oxy-beta-naphthoflavone,"4-Fluoroaniline, N-trimethylsilyl-"
3'-(Trimethylsilyl)oxy-beta-naphthoflavone,5-Ethyluracil
3'-(Trimethylsilyl)oxy-beta-naphthoflavone,D-Arabinose
3'-(Trimethylsilyl)oxy-beta-naphthoflavone,D-Threitol
3'-(Trimethylsilyl)oxy-beta-naphthoflavone,DL-Ornithine
3'-(Trimethylsilyl)oxy-beta-naphthoflavone,"DL-Proline, 5-oxo-"
3'-(Trimethylsilyl)oxy-beta-naphthoflavone,Itaconic acid
3'-(Trimethylsilyl)oxy-beta-naphthoflavone,L-Methionine
3'-(Trimethylsilyl)oxy-beta-naphthoflavone,N-Acetyl-L-glutamic acid
3'-(Trimethylsilyl)oxy-beta-naphthoflavone,"O-Methyl-N,N'-diisopropylisourea "
3'-(Trimethylsilyl)oxy-beta-naphthoflavone,S-Methyl-L-cysteine
3'-Hydroxyacetophenone,"3beta-TRIMETHYLSILOXY-5alpha,6alpha-EPOXYCHOLESTANE"
3'-Hydroxyacetophenone,"3beta,4beta-Bis(trimethylsiloxy)cholest-5-ene"
3'-Hydroxyacetophenone,4-(Trimethylsilyoxy)-3-penten-2-one
3'-Hydroxyacetophenone,"4-Fluoroaniline, N-trimethylsilyl-"
3'-Hydroxyacetophenone,4-Hydroxybenzaldehyde
3'-Hydroxyacetophenone,4-Methoxyphenol
3'-Hydroxyacetophenone,5-Hydroxytryptophan
3'-Hydroxyacetophenone,"9H-Fluorene, 9-methylene-"
3'-Hydroxyacetophenone,"Acetohydrazide, 2-(2-isopropyl-5-methylphenoxy)-N2-benzylideno-"
3'-Hydroxyacetophenone,"Benzene, 1,3-bis(1,1-dimethylethyl)-"
3'-Hydroxyacetophenone,Benzenepropanoic acid
3'-Hydroxyacetophenone,Benzoic Acid
3'-Hydroxyacetophenone, 5-Hydroxyhexanoic acid
3'-Hydroxyacetophenone,Cholesterol
3'-Hydroxyacetophenone,"cis-4,5-Dihydroxy-o-dithiane, 2O-"
3'-Hydroxyacetophenone,cyclobutanecarboxylic acid
3'-Hydroxyacetophenone,Cyclobutanol
3'-Hydroxyacetophenone,Cyclohexanol
3'-Hydroxyacetophenone,D-Leucylglycylglycine
3'-Hydroxyacetophenone,Diphenyl ether
3'-Hydroxyacetophenone,"Erythrono-1,4-lactone, (Z)-"
3'-Hydroxyacetophenone,Glyoxime
3'-Hydroxyacetophenone,Heptadecanoic acid
3'-Hydroxyacetophenone,Hexanedioic acid
3'-Hydroxyacetophenone,Hydracrylic acid
3'-Hydroxyacetophenone,"Inosose-2, 1,3,4,5,6-pentakis-"
3'-Hydroxyacetophenone,Isoxaben
3'-Hydroxyacetophenone,L-Leucine
3'-Hydroxyacetophenone,L-Ornithine
3'-Hydroxyacetophenone,"Methyl (3,4-dimethoxyphenyl)(hydroxy)acetate"
3'-Hydroxyacetophenone,Methyl aminoacetate
3'-Hydroxyacetophenone,"N-(Trifluoroacetyl)-N,O,O'-tris(trimethylsilyl)normetanephrine"
3'-Hydroxyacetophenone,N-Isobutyl-sec-butylamine
3'-Hydroxyacetophenone,"N,N-Dimethyl-2-cyclohexyloxyethylamine"
3'-Hydroxyacetophenone,Neostigmine 
3'-Hydroxyacetophenone,Niacin
3'-Hydroxyacetophenone,Niacinamide
3'-Hydroxyacetophenone,Niclosamide
3'-Hydroxyacetophenone,Nonadecanoic acid
3'-Hydroxyacetophenone,Nonanal
3'-Hydroxyacetophenone,p-Hydroxydiisopropylbenzene
3'-Hydroxyacetophenone,Pantolactone
3'-Hydroxyacetophenone,Pentadecanoic acid
3'-Hydroxyacetophenone,Picolinic acid
3'-Hydroxyacetophenone,Pimelic acid
3'-Hydroxyacetophenone,"Propanetriol, 2-methyl-"
3'-Hydroxyacetophenone,"Stigmast-5-ene, 3beta-"
3'-Hydroxyacetophenone,Supraene
3'-Hydroxyacetophenone,Tartronic acid
3'-Hydroxyacetophenone,Triethanolamine
3'-Hydroxyacetophenone,Trimethylsilyl 3-((trimethylsilyl)thio)propanoate
"3beta-TRIMETHYLSILOXY-5alpha,6alpha-EPOXYCHOLESTANE","3beta,4beta-Bis(trimethylsiloxy)cholest-5-ene"
"3beta-TRIMETHYLSILOXY-5alpha,6alpha-EPOXYCHOLESTANE",4-(Trimethylsilyoxy)-3-penten-2-one
"3beta-TRIMETHYLSILOXY-5alpha,6alpha-EPOXYCHOLESTANE","5-Androsten-17alpha-methyl-3beta,17beta-diol"
"3beta-TRIMETHYLSILOXY-5alpha,6alpha-EPOXYCHOLESTANE",5-Hydroxyquinoline
"3beta-TRIMETHYLSILOXY-5alpha,6alpha-EPOXYCHOLESTANE",5-Hydroxytryptophan
"3beta-TRIMETHYLSILOXY-5alpha,6alpha-EPOXYCHOLESTANE","6,7,4'-Trihydroxyisoflavone"
"3beta-TRIMETHYLSILOXY-5alpha,6alpha-EPOXYCHOLESTANE","6,8-Dioxapentadecane"
"3beta-TRIMETHYLSILOXY-5alpha,6alpha-EPOXYCHOLESTANE",7-(Trimethylsilyl)amino-4-methylcoumarin
"3beta-TRIMETHYLSILOXY-5alpha,6alpha-EPOXYCHOLESTANE",9-Octadecenoic acid
"3beta-TRIMETHYLSILOXY-5alpha,6alpha-EPOXYCHOLESTANE","Acetin, bis-1,3-trimethylsilyl ether"
"3beta-TRIMETHYLSILOXY-5alpha,6alpha-EPOXYCHOLESTANE",Acetoacetic acid
"3beta-TRIMETHYLSILOXY-5alpha,6alpha-EPOXYCHOLESTANE","Acetohydrazide, 2-(2-isopropyl-5-methylphenoxy)-N2-benzylideno-"
"3beta-TRIMETHYLSILOXY-5alpha,6alpha-EPOXYCHOLESTANE",Aceturic acid
"3beta-TRIMETHYLSILOXY-5alpha,6alpha-EPOXYCHOLESTANE",Albizziin
"3beta-TRIMETHYLSILOXY-5alpha,6alpha-EPOXYCHOLESTANE",alpha-Tocopherol
"3beta-TRIMETHYLSILOXY-5alpha,6alpha-EPOXYCHOLESTANE",Arachidonic acid
"3beta-TRIMETHYLSILOXY-5alpha,6alpha-EPOXYCHOLESTANE","Benzaldehyde, 2,5-dimethyl-"
"3beta-TRIMETHYLSILOXY-5alpha,6alpha-EPOXYCHOLESTANE",Benzeneacetic acid
"3beta-TRIMETHYLSILOXY-5alpha,6alpha-EPOXYCHOLESTANE","Benzimidazole, 5-trifluoromethyl-2-methyl-"
"3beta-TRIMETHYLSILOXY-5alpha,6alpha-EPOXYCHOLESTANE","Benzo[b]fluorene, 5-amino-7-methyl-1,2,3,4,6,7,8,9-octahydro-11-thia-10-aza-"
"3beta-TRIMETHYLSILOXY-5alpha,6alpha-EPOXYCHOLESTANE","Benzoic acid, pentadecyl ester"
"3beta-TRIMETHYLSILOXY-5alpha,6alpha-EPOXYCHOLESTANE",Benzophenone
"3beta-TRIMETHYLSILOXY-5alpha,6alpha-EPOXYCHOLESTANE","beta-d-Fructopyranose, 1-deoxy-1-(4-morpholinyl)-2,3,4,5-tetrakis-O-(trimethylsilyl)-"
"3beta-TRIMETHYLSILOXY-5alpha,6alpha-EPOXYCHOLESTANE","beta-D-Galactofuranose, 1,2,3,5,6-pentakis-O-(trimethylsilyl)-"
"3beta-TRIMETHYLSILOXY-5alpha,6alpha-EPOXYCHOLESTANE", 5-Hydroxyhexanoic acid
"3beta-TRIMETHYLSILOXY-5alpha,6alpha-EPOXYCHOLESTANE",Butanedioic acid
"3beta-TRIMETHYLSILOXY-5alpha,6alpha-EPOXYCHOLESTANE","Butanoic acid, 2,4-bis[(trimethylsilyl)oxy]-"
"3beta-TRIMETHYLSILOXY-5alpha,6alpha-EPOXYCHOLESTANE",Cadaverine
"3beta-TRIMETHYLSILOXY-5alpha,6alpha-EPOXYCHOLESTANE",Carfentrazone-ethyl
"3beta-TRIMETHYLSILOXY-5alpha,6alpha-EPOXYCHOLESTANE","Cholest-7-en-3-ol, (3beta,5alpha)-"
"3beta-TRIMETHYLSILOXY-5alpha,6alpha-EPOXYCHOLESTANE","Cholesta-3,5-dien-7-one"
"3beta-TRIMETHYLSILOXY-5alpha,6alpha-EPOXYCHOLESTANE",cis-4-Trimethylsilyloxy-cyclohexyl(trimethylsilyl)carboxylate
"3beta-TRIMETHYLSILOXY-5alpha,6alpha-EPOXYCHOLESTANE",Cyclobutanol
"3beta-TRIMETHYLSILOXY-5alpha,6alpha-EPOXYCHOLESTANE",Cyclohexanol
"3beta-TRIMETHYLSILOXY-5alpha,6alpha-EPOXYCHOLESTANE","Cyclohexene, 3,3-dimethyl-1-(trimethylsilyloxy)-"
"3beta-TRIMETHYLSILOXY-5alpha,6alpha-EPOXYCHOLESTANE","Cyclopentaneacetic acid, 3-oxo-2-pentyl-"
"3beta-TRIMETHYLSILOXY-5alpha,6alpha-EPOXYCHOLESTANE",D-(-)-Citramalic acid
"3beta-TRIMETHYLSILOXY-5alpha,6alpha-EPOXYCHOLESTANE","D-(+)-Ribono-1,4-lactone (R,S,R)-"
"3beta-TRIMETHYLSILOXY-5alpha,6alpha-EPOXYCHOLESTANE",D-Fructose
"3beta-TRIMETHYLSILOXY-5alpha,6alpha-EPOXYCHOLESTANE",Desmosterol
"3beta-TRIMETHYLSILOXY-5alpha,6alpha-EPOXYCHOLESTANE",Dinoseb 
"3beta-TRIMETHYLSILOXY-5alpha,6alpha-EPOXYCHOLESTANE",Diphenyl ether
"3beta-TRIMETHYLSILOXY-5alpha,6alpha-EPOXYCHOLESTANE",DL-Glyceraldehyde
"3beta-TRIMETHYLSILOXY-5alpha,6alpha-EPOXYCHOLESTANE","DL-Proline, 5-oxo-"
"3beta-TRIMETHYLSILOXY-5alpha,6alpha-EPOXYCHOLESTANE",Docosyl octyl ether
"3beta-TRIMETHYLSILOXY-5alpha,6alpha-EPOXYCHOLESTANE","Ethanamine, N,N-diethyl-2,2-dimethyl-2-[(3,5-dimethoxy)phenyl]-"
"3beta-TRIMETHYLSILOXY-5alpha,6alpha-EPOXYCHOLESTANE","Ethanone, 1-(2,5-dimethoxyphenyl)-"
"3beta-TRIMETHYLSILOXY-5alpha,6alpha-EPOXYCHOLESTANE","Furan, 2-pentyl-"
"3beta-TRIMETHYLSILOXY-5alpha,6alpha-EPOXYCHOLESTANE",Glycine
"3beta-TRIMETHYLSILOXY-5alpha,6alpha-EPOXYCHOLESTANE",Indole-5-carboxylic acid
"3beta-TRIMETHYLSILOXY-5alpha,6alpha-EPOXYCHOLESTANE",Isofucosterol
"3beta-TRIMETHYLSILOXY-5alpha,6alpha-EPOXYCHOLESTANE",Isopropyl palmitate
"3beta-TRIMETHYLSILOXY-5alpha,6alpha-EPOXYCHOLESTANE",Isoxaben
"3beta-TRIMETHYLSILOXY-5alpha,6alpha-EPOXYCHOLESTANE",Itaconic acid
"3beta-TRIMETHYLSILOXY-5alpha,6alpha-EPOXYCHOLESTANE",L-Aspartic acid
"3beta-TRIMETHYLSILOXY-5alpha,6alpha-EPOXYCHOLESTANE",L-Threitol
"3beta-TRIMETHYLSILOXY-5alpha,6alpha-EPOXYCHOLESTANE",Methyl aminoacetate
"3beta-TRIMETHYLSILOXY-5alpha,6alpha-EPOXYCHOLESTANE",Methyl-3-methoxy-5-methyl benzoate
"3beta-TRIMETHYLSILOXY-5alpha,6alpha-EPOXYCHOLESTANE",Methylmalonic monoamide
"3beta-TRIMETHYLSILOXY-5alpha,6alpha-EPOXYCHOLESTANE","N-(Trifluoroacetyl)-N,O,O'-tris(trimethylsilyl)normetanephrine"
"3beta-TRIMETHYLSILOXY-5alpha,6alpha-EPOXYCHOLESTANE",N-Methyl-N-(tetrahydro-2-furanylmethyl)-4-piperidinamine
"3beta-TRIMETHYLSILOXY-5alpha,6alpha-EPOXYCHOLESTANE","N,O-Bis(trimethylsilyl)carbamate"
"3beta-TRIMETHYLSILOXY-5alpha,6alpha-EPOXYCHOLESTANE",Neostigmine 
"3beta-TRIMETHYLSILOXY-5alpha,6alpha-EPOXYCHOLESTANE",Niclosamide
"3beta-TRIMETHYLSILOXY-5alpha,6alpha-EPOXYCHOLESTANE",Nonadecanoic acid
"3beta-TRIMETHYLSILOXY-5alpha,6alpha-EPOXYCHOLESTANE",Nonanal
"3beta-TRIMETHYLSILOXY-5alpha,6alpha-EPOXYCHOLESTANE",p-Hydroxydiisopropylbenzene
"3beta-TRIMETHYLSILOXY-5alpha,6alpha-EPOXYCHOLESTANE",p-Toluic acid
"3beta-TRIMETHYLSILOXY-5alpha,6alpha-EPOXYCHOLESTANE",Pantolactone
"3beta-TRIMETHYLSILOXY-5alpha,6alpha-EPOXYCHOLESTANE","Pentanedioic acid, 3-methyl-3-[(trimethylsilyl)oxy]-"
"3beta-TRIMETHYLSILOXY-5alpha,6alpha-EPOXYCHOLESTANE","Pentenoic acid, 4-[(trimethylsilyl)oxy]-"
"3beta-TRIMETHYLSILOXY-5alpha,6alpha-EPOXYCHOLESTANE",Phenoxyacetic acid
"3beta-TRIMETHYLSILOXY-5alpha,6alpha-EPOXYCHOLESTANE",Phenylpropanolamine
"3beta-TRIMETHYLSILOXY-5alpha,6alpha-EPOXYCHOLESTANE",Phloroglucinol
"3beta-TRIMETHYLSILOXY-5alpha,6alpha-EPOXYCHOLESTANE",Pimelic acid
"3beta-TRIMETHYLSILOXY-5alpha,6alpha-EPOXYCHOLESTANE","Propanetriol, 2-methyl-"
"3beta-TRIMETHYLSILOXY-5alpha,6alpha-EPOXYCHOLESTANE",Propylamine
"3beta-TRIMETHYLSILOXY-5alpha,6alpha-EPOXYCHOLESTANE",Salsoline
"3beta-TRIMETHYLSILOXY-5alpha,6alpha-EPOXYCHOLESTANE",Sertraline carbamoyl glucuronide
"3beta-TRIMETHYLSILOXY-5alpha,6alpha-EPOXYCHOLESTANE",Sinomenin
"3beta-TRIMETHYLSILOXY-5alpha,6alpha-EPOXYCHOLESTANE","Stigmast-5-ene, 3beta-"
"3beta-TRIMETHYLSILOXY-5alpha,6alpha-EPOXYCHOLESTANE",Supraene
"3beta-TRIMETHYLSILOXY-5alpha,6alpha-EPOXYCHOLESTANE",Tartronic acid
"3beta-TRIMETHYLSILOXY-5alpha,6alpha-EPOXYCHOLESTANE",Triethanolamine
"3beta-TRIMETHYLSILOXY-5alpha,6alpha-EPOXYCHOLESTANE",L-Tyrosine
"3beta-TRIMETHYLSILOXY-5alpha,6alpha-EPOXYCHOLESTANE",Xylose
"3beta,4beta-Bis(trimethylsiloxy)cholest-5-ene",4-(Trimethylsilyoxy)-3-penten-2-one
"3beta,4beta-Bis(trimethylsiloxy)cholest-5-ene",4-Hydroxybenzeneacetic acid
"3beta,4beta-Bis(trimethylsiloxy)cholest-5-ene",5-(2-Aminopropyl)-2-methylphenol
"3beta,4beta-Bis(trimethylsiloxy)cholest-5-ene","5-Androsten-17alpha-methyl-3beta,17beta-diol"
"3beta,4beta-Bis(trimethylsiloxy)cholest-5-ene",5-Henicosylresorcinol
"3beta,4beta-Bis(trimethylsiloxy)cholest-5-ene",5-Hydroxyquinoline
"3beta,4beta-Bis(trimethylsiloxy)cholest-5-ene",5-Hydroxytryptophan
"3beta,4beta-Bis(trimethylsiloxy)cholest-5-ene","5,6-Dihydro-5-methyluracil"
"3beta,4beta-Bis(trimethylsiloxy)cholest-5-ene","6,7,4'-Trihydroxyisoflavone"
"3beta,4beta-Bis(trimethylsiloxy)cholest-5-ene","6,8-Dioxapentadecane"
"3beta,4beta-Bis(trimethylsiloxy)cholest-5-ene",7-(Trimethylsilyl)amino-4-methylcoumarin
"3beta,4beta-Bis(trimethylsiloxy)cholest-5-ene",9-Octadecenoic acid
"3beta,4beta-Bis(trimethylsiloxy)cholest-5-ene","Acetamide, N,N-diethyl-"
"3beta,4beta-Bis(trimethylsiloxy)cholest-5-ene","Acetin, bis-1,3-trimethylsilyl ether"
"3beta,4beta-Bis(trimethylsiloxy)cholest-5-ene",Acetoacetic acid
"3beta,4beta-Bis(trimethylsiloxy)cholest-5-ene","Acetohydrazide, 2-(2-isopropyl-5-methylphenoxy)-N2-benzylideno-"
"3beta,4beta-Bis(trimethylsiloxy)cholest-5-ene",Aceturic acid
"3beta,4beta-Bis(trimethylsiloxy)cholest-5-ene",alpha-Tocopherol
"3beta,4beta-Bis(trimethylsiloxy)cholest-5-ene",Arachidonic acid
"3beta,4beta-Bis(trimethylsiloxy)cholest-5-ene","Benzaldehyde, 2,5-dimethyl-"
"3beta,4beta-Bis(trimethylsiloxy)cholest-5-ene",Benzeneacetic acid
"3beta,4beta-Bis(trimethylsiloxy)cholest-5-ene","Benzimidazole, 5-trifluoromethyl-2-methyl-"
"3beta,4beta-Bis(trimethylsiloxy)cholest-5-ene","Benzoic acid, pentadecyl ester"
"3beta,4beta-Bis(trimethylsiloxy)cholest-5-ene",Benzophenone
"3beta,4beta-Bis(trimethylsiloxy)cholest-5-ene","beta-d-Fructopyranose, 1-deoxy-1-(4-morpholinyl)-2,3,4,5-tetrakis-O-(trimethylsilyl)-"
"3beta,4beta-Bis(trimethylsiloxy)cholest-5-ene","beta-D-Galactofuranose, 1,2,3,5,6-pentakis-O-(trimethylsilyl)-"
"3beta,4beta-Bis(trimethylsiloxy)cholest-5-ene", 5-Hydroxyhexanoic acid
"3beta,4beta-Bis(trimethylsiloxy)cholest-5-ene","Butanoic acid, 2,4-bis[(trimethylsilyl)oxy]-"
"3beta,4beta-Bis(trimethylsiloxy)cholest-5-ene",Butylmethylamine
"3beta,4beta-Bis(trimethylsiloxy)cholest-5-ene",Carfentrazone-ethyl
"3beta,4beta-Bis(trimethylsiloxy)cholest-5-ene","Cholest-7-en-3-ol, (3beta,5alpha)-"
"3beta,4beta-Bis(trimethylsiloxy)cholest-5-ene","Cholesta-3,5-dien-7-one"
"3beta,4beta-Bis(trimethylsiloxy)cholest-5-ene",cis-4-Trimethylsilyloxy-cyclohexyl(trimethylsilyl)carboxylate
"3beta,4beta-Bis(trimethylsiloxy)cholest-5-ene",Cyclohexanol
"3beta,4beta-Bis(trimethylsiloxy)cholest-5-ene","Cyclopentaneacetic acid, 3-oxo-2-pentyl-"
"3beta,4beta-Bis(trimethylsiloxy)cholest-5-ene","Cyclopentanone, 2,2,4-trimethyl-"
"3beta,4beta-Bis(trimethylsiloxy)cholest-5-ene","D-(+)-Ribono-1,4-lactone (R,S,R)-"
"3beta,4beta-Bis(trimethylsiloxy)cholest-5-ene",D-Fructose
"3beta,4beta-Bis(trimethylsiloxy)cholest-5-ene",D-Ornithine
"3beta,4beta-Bis(trimethylsiloxy)cholest-5-ene",Deoxycholic Acid
"3beta,4beta-Bis(trimethylsiloxy)cholest-5-ene",Desmosterol
"3beta,4beta-Bis(trimethylsiloxy)cholest-5-ene",Dihydrouracil
"3beta,4beta-Bis(trimethylsiloxy)cholest-5-ene",Dinoseb 
"3beta,4beta-Bis(trimethylsiloxy)cholest-5-ene",Diphenyl ether
"3beta,4beta-Bis(trimethylsiloxy)cholest-5-ene",DL-Glyceraldehyde
"3beta,4beta-Bis(trimethylsiloxy)cholest-5-ene",Doconexent
"3beta,4beta-Bis(trimethylsiloxy)cholest-5-ene","Dodecanoic acid, 1-methylethyl ester"
"3beta,4beta-Bis(trimethylsiloxy)cholest-5-ene",Dodecanoic acid
"3beta,4beta-Bis(trimethylsiloxy)cholest-5-ene",Dopamine
"3beta,4beta-Bis(trimethylsiloxy)cholest-5-ene",Eicosapentaenoic acid
"3beta,4beta-Bis(trimethylsiloxy)cholest-5-ene","Ethanamine, N,N-diethyl-2,2-dimethyl-2-[(3,5-dimethoxy)phenyl]-"
"3beta,4beta-Bis(trimethylsiloxy)cholest-5-ene","Ethanone, 1-(2,5-dimethoxyphenyl)-"
"3beta,4beta-Bis(trimethylsiloxy)cholest-5-ene",Ethyl alpha-D-glucopyranoside
"3beta,4beta-Bis(trimethylsiloxy)cholest-5-ene",Glycine
"3beta,4beta-Bis(trimethylsiloxy)cholest-5-ene",Glyoxime
"3beta,4beta-Bis(trimethylsiloxy)cholest-5-ene",Heptadecanoic acid
"3beta,4beta-Bis(trimethylsiloxy)cholest-5-ene",Hexanoic acid
"3beta,4beta-Bis(trimethylsiloxy)cholest-5-ene",Hydantoic acid
"3beta,4beta-Bis(trimethylsiloxy)cholest-5-ene",Hydracrylic acid
"3beta,4beta-Bis(trimethylsiloxy)cholest-5-ene",Indole-3-lactic acid
"3beta,4beta-Bis(trimethylsiloxy)cholest-5-ene",Indole-5-carboxylic acid
"3beta,4beta-Bis(trimethylsiloxy)cholest-5-ene",Isofucosterol
"3beta,4beta-Bis(trimethylsiloxy)cholest-5-ene",Isopropyl palmitate
"3beta,4beta-Bis(trimethylsiloxy)cholest-5-ene",Isoxaben
"3beta,4beta-Bis(trimethylsiloxy)cholest-5-ene",Itaconic acid
"3beta,4beta-Bis(trimethylsiloxy)cholest-5-ene",L-Threitol
"3beta,4beta-Bis(trimethylsiloxy)cholest-5-ene",Levulinic acid
"3beta,4beta-Bis(trimethylsiloxy)cholest-5-ene",Metanephrine
"3beta,4beta-Bis(trimethylsiloxy)cholest-5-ene",Methyl aminoacetate
"3beta,4beta-Bis(trimethylsiloxy)cholest-5-ene",Methyl-3-methoxy-5-methyl benzoate
"3beta,4beta-Bis(trimethylsiloxy)cholest-5-ene",Methylmalonic monoamide
"3beta,4beta-Bis(trimethylsiloxy)cholest-5-ene","N-(Trifluoroacetyl)-N,O,O'-tris(trimethylsilyl)normetanephrine"
"3beta,4beta-Bis(trimethylsiloxy)cholest-5-ene",N-Isovaleroylglycine
"3beta,4beta-Bis(trimethylsiloxy)cholest-5-ene",N-Methyl-N-(tetrahydro-2-furanylmethyl)-4-piperidinamine
"3beta,4beta-Bis(trimethylsiloxy)cholest-5-ene","N,O-Bis(trimethylsilyl)carbamate"
"3beta,4beta-Bis(trimethylsiloxy)cholest-5-ene",Neostigmine 
"3beta,4beta-Bis(trimethylsiloxy)cholest-5-ene",Niclosamide
"3beta,4beta-Bis(trimethylsiloxy)cholest-5-ene",Nonadecanoic acid
"3beta,4beta-Bis(trimethylsiloxy)cholest-5-ene",Nonanal
"3beta,4beta-Bis(trimethylsiloxy)cholest-5-ene","Octane, 1-propoxy-"
"3beta,4beta-Bis(trimethylsiloxy)cholest-5-ene",p-Hydroxydiisopropylbenzene
"3beta,4beta-Bis(trimethylsiloxy)cholest-5-ene",p-Toluic acid
"3beta,4beta-Bis(trimethylsiloxy)cholest-5-ene",Pantolactone
"3beta,4beta-Bis(trimethylsiloxy)cholest-5-ene",Pentadecanoic acid
"3beta,4beta-Bis(trimethylsiloxy)cholest-5-ene","Pentanedioic acid, 3-methyl-3-[(trimethylsilyl)oxy]-"
"3beta,4beta-Bis(trimethylsiloxy)cholest-5-ene","Pentenoic acid, 4-[(trimethylsilyl)oxy]-"
"3beta,4beta-Bis(trimethylsiloxy)cholest-5-ene",Phenol
"3beta,4beta-Bis(trimethylsiloxy)cholest-5-ene",Phenoxyacetic acid
"3beta,4beta-Bis(trimethylsiloxy)cholest-5-ene",Phlorizin
"3beta,4beta-Bis(trimethylsiloxy)cholest-5-ene",Phloroglucinol
"3beta,4beta-Bis(trimethylsiloxy)cholest-5-ene",Picolinic acid
"3beta,4beta-Bis(trimethylsiloxy)cholest-5-ene",Pimelic acid
"3beta,4beta-Bis(trimethylsiloxy)cholest-5-ene","Propanetriol, 2-methyl-"
"3beta,4beta-Bis(trimethylsiloxy)cholest-5-ene","Propanoic acid, 2-methyl-"
"3beta,4beta-Bis(trimethylsiloxy)cholest-5-ene",Propylamine
"3beta,4beta-Bis(trimethylsiloxy)cholest-5-ene","Pyrimidine, 5-methyl-2,4-bis[(trimethylsilyl)oxy]-"
"3beta,4beta-Bis(trimethylsiloxy)cholest-5-ene",Salsoline
"3beta,4beta-Bis(trimethylsiloxy)cholest-5-ene",Sinomenin
"3beta,4beta-Bis(trimethylsiloxy)cholest-5-ene","Stigmast-5-ene, 3beta-"
"3beta,4beta-Bis(trimethylsiloxy)cholest-5-ene",Supraene
"3beta,4beta-Bis(trimethylsiloxy)cholest-5-ene",Tartronic acid
"3beta,4beta-Bis(trimethylsiloxy)cholest-5-ene",Thymidine
"3beta,4beta-Bis(trimethylsiloxy)cholest-5-ene","Thymine, 1,3-dimethyl-6-(trimethylsilyloxymethyl)-"
"3beta,4beta-Bis(trimethylsiloxy)cholest-5-ene",Triethanolamine
"3beta,4beta-Bis(trimethylsiloxy)cholest-5-ene",L-Tyrosine
"3beta,4beta-Bis(trimethylsiloxy)cholest-5-ene",Xylose
4-(Methoxycarbonyl)phenol,"5alpha-Pregnane-3,20-dione"
4-(Methoxycarbonyl)phenol,"6,8-Dioxapentadecane"
4-(Methoxycarbonyl)phenol,"9(E),11(E)-Conjugated linoleic acid"
4-(Methoxycarbonyl)phenol,"Acetohydrazide, 2-(2-isopropyl-5-methylphenoxy)-N2-benzylideno-"
4-(Methoxycarbonyl)phenol,Bis(trimethylsilyl)histidine
4-(Methoxycarbonyl)phenol,"Cetaben, N,O-bis(trimethylsilyl)-"
4-(Methoxycarbonyl)phenol,Doconexent
4-(Methoxycarbonyl)phenol,Dodecylcyclohexane
4-(Methoxycarbonyl)phenol,Dopamine
4-(Methoxycarbonyl)phenol,"Glycine, N-[4-[(trimethylsilyl)oxy]benzoyl]-"
4-(Methoxycarbonyl)phenol,L-Alanine
4-(Methoxycarbonyl)phenol,Latanoprost lactone diol
4-(Methoxycarbonyl)phenol,N-(Trimethylsilyl)hexanamide
4-(Methoxycarbonyl)phenol,"Pregn-16-en-20-one, 3,18-bis(acetyloxy)-14,15-epoxy-, (3beta,5alpha,14beta,15beta)-"
4-(Methoxycarbonyl)phenol,"Trimethylsilyl (5-benzyl-3,6-dioxopiperazin-2-yl)acetate"
4-(Methoxycarbonyl)phenol,Xylazine
4-(Trimethylsilyoxy)-3-penten-2-one,4-Cumylphenol
4-(Trimethylsilyoxy)-3-penten-2-one,"4-Fluoroaniline, N-trimethylsilyl-"
4-(Trimethylsilyoxy)-3-penten-2-one,4-Hydroxybenzeneacetic acid
4-(Trimethylsilyoxy)-3-penten-2-one,4-Methylvaleric acid
4-(Trimethylsilyoxy)-3-penten-2-one,5-Hydroxytryptophan
4-(Trimethylsilyoxy)-3-penten-2-one,"6,7,4'-Trihydroxyisoflavone"
4-(Trimethylsilyoxy)-3-penten-2-one,"7,9-Di-tert-butyl-1-oxaspiro(4,5)deca-6,9-diene-2,8-dione"
4-(Trimethylsilyoxy)-3-penten-2-one,9-Octadecenoic acid
4-(Trimethylsilyoxy)-3-penten-2-one,"Acetamide, N,N-diethyl-"
4-(Trimethylsilyoxy)-3-penten-2-one,"Acetohydrazide, 2-(2-isopropyl-5-methylphenoxy)-N2-benzylideno-"
4-(Trimethylsilyoxy)-3-penten-2-one,alpha-Tocopherol
4-(Trimethylsilyoxy)-3-penten-2-one,Arachidonic acid
4-(Trimethylsilyoxy)-3-penten-2-one,Azatadine
4-(Trimethylsilyoxy)-3-penten-2-one,"Benzaldehyde, 2,5-dimethyl-"
4-(Trimethylsilyoxy)-3-penten-2-one,"Benzene, 1,3-bis(1,1-dimethylethyl)-"
4-(Trimethylsilyoxy)-3-penten-2-one,"Benzimidazole, 5-trifluoromethyl-2-methyl-"
4-(Trimethylsilyoxy)-3-penten-2-one,"Benzoic acid, methyl ester"
4-(Trimethylsilyoxy)-3-penten-2-one,"Benzoic acid, pentadecyl ester"
4-(Trimethylsilyoxy)-3-penten-2-one,Benzoic Acid
4-(Trimethylsilyoxy)-3-penten-2-one,Benzophenone
4-(Trimethylsilyoxy)-3-penten-2-one,Benzyl alcohol
4-(Trimethylsilyoxy)-3-penten-2-one,"Butanoic acid, 2,4-bis[(trimethylsilyl)oxy]-"
4-(Trimethylsilyoxy)-3-penten-2-one,Butylmethylamine
4-(Trimethylsilyoxy)-3-penten-2-one,Cyclohexanol
4-(Trimethylsilyoxy)-3-penten-2-one,"Cyclohexanone, 3,3,5-trimethyl-"
4-(Trimethylsilyoxy)-3-penten-2-one,"D-Erythro-Pentofuranose, 2-deoxy-1,3-bis-O-"
4-(Trimethylsilyoxy)-3-penten-2-one,D-Fructose
4-(Trimethylsilyoxy)-3-penten-2-one,Dinoseb 
4-(Trimethylsilyoxy)-3-penten-2-one,Diphenyl ether
4-(Trimethylsilyoxy)-3-penten-2-one,"Dodecanoic acid, 1-methylethyl ester"
4-(Trimethylsilyoxy)-3-penten-2-one,Dodecanoic acid
4-(Trimethylsilyoxy)-3-penten-2-one,Dodecylcyclohexane
4-(Trimethylsilyoxy)-3-penten-2-one,Eicosapentaenoic acid
4-(Trimethylsilyoxy)-3-penten-2-one,"Erythrono-1,4-lactone, (Z)-"
4-(Trimethylsilyoxy)-3-penten-2-one,Fenitrothion
4-(Trimethylsilyoxy)-3-penten-2-one,"Furan, 2-pentyl-"
4-(Trimethylsilyoxy)-3-penten-2-one,Glycine
4-(Trimethylsilyoxy)-3-penten-2-one,Glycolic acid
4-(Trimethylsilyoxy)-3-penten-2-one,Glyoxime
4-(Trimethylsilyoxy)-3-penten-2-one,"Guanidine, N,N-dimethyl-"
4-(Trimethylsilyoxy)-3-penten-2-one,Heptadecanoic acid
4-(Trimethylsilyoxy)-3-penten-2-one,Heptanoic acid
4-(Trimethylsilyoxy)-3-penten-2-one,Hexanoic acid
4-(Trimethylsilyoxy)-3-penten-2-one,Hydantoic acid
4-(Trimethylsilyoxy)-3-penten-2-one,Hydracrylic acid
4-(Trimethylsilyoxy)-3-penten-2-one,Isofucosterol
4-(Trimethylsilyoxy)-3-penten-2-one,Isopropyl palmitate
4-(Trimethylsilyoxy)-3-penten-2-one,Itaconic acid
4-(Trimethylsilyoxy)-3-penten-2-one,L-Glutamic acid
4-(Trimethylsilyoxy)-3-penten-2-one,Levulinic acid
4-(Trimethylsilyoxy)-3-penten-2-one,Methyl aminoacetate
4-(Trimethylsilyoxy)-3-penten-2-one,Myristic acid
4-(Trimethylsilyoxy)-3-penten-2-one,N-Methyl-N-(tetrahydro-2-furanylmethyl)-4-piperidinamine
4-(Trimethylsilyoxy)-3-penten-2-one,Neostigmine 
4-(Trimethylsilyoxy)-3-penten-2-one,Niclosamide
4-(Trimethylsilyoxy)-3-penten-2-one,Nonanal
4-(Trimethylsilyoxy)-3-penten-2-one,Octanoic acid
4-(Trimethylsilyoxy)-3-penten-2-one,p-Hydroxydiisopropylbenzene
4-(Trimethylsilyoxy)-3-penten-2-one,Pantolactone
4-(Trimethylsilyoxy)-3-penten-2-one,Pentadecanoic acid
4-(Trimethylsilyoxy)-3-penten-2-one,Phenol
4-(Trimethylsilyoxy)-3-penten-2-one,Phenoxyacetic acid
4-(Trimethylsilyoxy)-3-penten-2-one,phenoxyethanol
4-(Trimethylsilyoxy)-3-penten-2-one,Phloroglucinol
4-(Trimethylsilyoxy)-3-penten-2-one,Picolinic acid
4-(Trimethylsilyoxy)-3-penten-2-one,Pimelic acid
4-(Trimethylsilyoxy)-3-penten-2-one,"Propanetriol, 2-methyl-"
4-(Trimethylsilyoxy)-3-penten-2-one,"Propanoic acid, 2-methyl-"
4-(Trimethylsilyoxy)-3-penten-2-one,Propylamine
4-(Trimethylsilyoxy)-3-penten-2-one,Pyrrole-2-carboxylic acid
4-(Trimethylsilyoxy)-3-penten-2-one,Salsoline
4-(Trimethylsilyoxy)-3-penten-2-one,Ser-Leu
4-(Trimethylsilyoxy)-3-penten-2-one,"Spiro[cyclopenta[d]-1,3,2-dioxaborin-4(5H),1'-cyclopentane], 2-ethyl-6,7-dihydro-"
4-(Trimethylsilyoxy)-3-penten-2-one,Supraene
4-(Trimethylsilyoxy)-3-penten-2-one,Tartronic acid
4-(Trimethylsilyoxy)-3-penten-2-one,Triethanolamine
4-(Trimethylsilyoxy)-3-penten-2-one,Tris(trimethylsilyl)carbamate
4-(Trimethylsilyoxy)-3-penten-2-one,L-Tyrosine
"4-[2-(4,7-Dimethoxy-2H-1,3-benzodioxol-5-yl)ethenyl]-2-methoxyphenol",4-Hydroxybenzoic acid
"4-[2-(4,7-Dimethoxy-2H-1,3-benzodioxol-5-yl)ethenyl]-2-methoxyphenol",5-Hydroxytryptophan
"4-[2-(4,7-Dimethoxy-2H-1,3-benzodioxol-5-yl)ethenyl]-2-methoxyphenol","7,9-Di-tert-butyl-1-oxaspiro(4,5)deca-6,9-diene-2,8-dione"
"4-[2-(4,7-Dimethoxy-2H-1,3-benzodioxol-5-yl)ethenyl]-2-methoxyphenol","Benzene, 1,1'-(1,2-cyclobutanediyl)bis-"
"4-[2-(4,7-Dimethoxy-2H-1,3-benzodioxol-5-yl)ethenyl]-2-methoxyphenol",Benzyl alcohol
"4-[2-(4,7-Dimethoxy-2H-1,3-benzodioxol-5-yl)ethenyl]-2-methoxyphenol",Bis(trimethylsilyl)acetylene
"4-[2-(4,7-Dimethoxy-2H-1,3-benzodioxol-5-yl)ethenyl]-2-methoxyphenol","Cholesta-3,5-diene "
"4-[2-(4,7-Dimethoxy-2H-1,3-benzodioxol-5-yl)ethenyl]-2-methoxyphenol",Cholesterol
"4-[2-(4,7-Dimethoxy-2H-1,3-benzodioxol-5-yl)ethenyl]-2-methoxyphenol",L-5-Oxoproline
"4-[2-(4,7-Dimethoxy-2H-1,3-benzodioxol-5-yl)ethenyl]-2-methoxyphenol",l-Histidine ethyl ester
"4-[2-(4,7-Dimethoxy-2H-1,3-benzodioxol-5-yl)ethenyl]-2-methoxyphenol",L-Isoleucine
"4-[2-(4,7-Dimethoxy-2H-1,3-benzodioxol-5-yl)ethenyl]-2-methoxyphenol","L-Tryptophan, N-acetyl-1"
"4-[2-(4,7-Dimethoxy-2H-1,3-benzodioxol-5-yl)ethenyl]-2-methoxyphenol",N-Isovaleroylglycine
"4-[2-(4,7-Dimethoxy-2H-1,3-benzodioxol-5-yl)ethenyl]-2-methoxyphenol",Norketamine
"4-[2-(4,7-Dimethoxy-2H-1,3-benzodioxol-5-yl)ethenyl]-2-methoxyphenol",Octan-2-yl palmitate
"4-[2-(4,7-Dimethoxy-2H-1,3-benzodioxol-5-yl)ethenyl]-2-methoxyphenol",S-Methyl-L-cysteine
"4-[2-(4,7-Dimethoxy-2H-1,3-benzodioxol-5-yl)ethenyl]-2-methoxyphenol",Ser-Leu
"4-[2-(4,7-Dimethoxy-2H-1,3-benzodioxol-5-yl)ethenyl]-2-methoxyphenol",Serine
"4-[2-(4,7-Dimethoxy-2H-1,3-benzodioxol-5-yl)ethenyl]-2-methoxyphenol",Suberic acid
"4-[2-(4,7-Dimethoxy-2H-1,3-benzodioxol-5-yl)ethenyl]-2-methoxyphenol",Trimethylsilyl oct-2-enoate 
4-Cumylphenol,4-Hydroxybutanoic acid
4-Cumylphenol,4-Methoxyphenol
4-Cumylphenol,4-Methylvaleric acid
4-Cumylphenol,"5-Androsten-17alpha-methyl-3beta,17beta-diol"
4-Cumylphenol,5-Henicosylresorcinol
4-Cumylphenol,5-Hydroxytryptophan
4-Cumylphenol,"5,10-Diethoxy-2,3,7,8-tetrahydro-1H,6H-dipyrrolo[1,2-a:1',2'-d]pyrazine "
4-Cumylphenol,"6,7,4'-Trihydroxyisoflavone"
4-Cumylphenol,9-Hexadecenoic acid
4-Cumylphenol,"Acetamide, 2,2,2-trifluoro-"
4-Cumylphenol,"Acetamide, N,N-diethyl-"
4-Cumylphenol,Allylescaline 
4-Cumylphenol,Azatadine
4-Cumylphenol,"Benzaldehyde, 2,5-dimethyl-"
4-Cumylphenol,"Benzimidazole, 5-trifluoromethyl-2-methyl-"
4-Cumylphenol,"Benzoic acid, pentadecyl ester"
4-Cumylphenol,Benzophenone
4-Cumylphenol,Bis(trimethylsilyl)histidine
4-Cumylphenol,Butylated Hydroxytoluene
4-Cumylphenol,Butylmethylamine
4-Cumylphenol,"Cholest-7-en-3-ol, (3beta,5alpha)-"
4-Cumylphenol,Cholesterol
4-Cumylphenol,Citric acid
4-Cumylphenol,Cyclohexanol
4-Cumylphenol,"Cyclohexanone, 3,3,5-trimethyl-"
4-Cumylphenol,"Cyclohexene, 3-butyl-3-methyl-1-trimethylsilyloxy-"
4-Cumylphenol,"Cyclopentaneacetic acid, 3-oxo-2-pentyl-"
4-Cumylphenol,"D-Isoleucine, N-acetyl-"
4-Cumylphenol,Diphenyl ether
4-Cumylphenol,Dodecanoic acid
4-Cumylphenol,Dodecylcyclohexane
4-Cumylphenol,Ecgonine
4-Cumylphenol,"Erythrono-1,4-lactone, (Z)-"
4-Cumylphenol,Glyoxime
4-Cumylphenol,Hexanedioic acid
4-Cumylphenol,Hydracrylic acid
4-Cumylphenol,Hydroquinidine
4-Cumylphenol,"Inosose-2, 1,3,4,5,6-pentakis-"
4-Cumylphenol,Isopropyl palmitate
4-Cumylphenol,L-5-Oxoproline
4-Cumylphenol,L-Glutamic acid
4-Cumylphenol,L-Threitol
4-Cumylphenol,Levulinic acid
4-Cumylphenol,Methyl-3-methoxy-5-methyl benzoate
4-Cumylphenol,Myristic acid
4-Cumylphenol,N-Acetyltyrosine
4-Cumylphenol,"N-isobutyl-2-(trimethylsilyloxy]-4,5-dihydro-1H-imidazole-1-carboxamide"
4-Cumylphenol,N-Isobutyl-sec-butylamine
4-Cumylphenol,"N,N-Diethyl-2-aminoethanol"
4-Cumylphenol,"N,O-Bis(trimethylsilyl)carbamate"
4-Cumylphenol,Neostigmine 
4-Cumylphenol,Nitrosothymol
4-Cumylphenol,Nonadecanoic acid
4-Cumylphenol,Nonanal
4-Cumylphenol,Octanoic acid
4-Cumylphenol,Octopamine
4-Cumylphenol,"Oxalic acid, allyl octyl ester"
4-Cumylphenol,p-Hydroxydiisopropylbenzene
4-Cumylphenol,"Pentanedioic acid, 3-methyl-3-[(trimethylsilyl)oxy]-"
4-Cumylphenol,Pentanoic acid
4-Cumylphenol,Petroselinic acid
4-Cumylphenol,Phenol
4-Cumylphenol,Phenoxyacetic acid
4-Cumylphenol,phenoxyethanol
4-Cumylphenol,Phenylalanine
4-Cumylphenol,Phloroglucinol
4-Cumylphenol,Phosalone
4-Cumylphenol,Pimelic acid
4-Cumylphenol,"Pregn-16-en-20-one, 3,18-bis(acetyloxy)-14,15-epoxy-, (3beta,5alpha,14beta,15beta)-"
4-Cumylphenol,Propylamine
4-Cumylphenol,"Pyrimidine, 5-methyl-2,4-bis[(trimethylsilyl)oxy]-"
4-Cumylphenol,S-Methyl-L-cysteine
4-Cumylphenol,Salsoline
4-Cumylphenol,Ser-Leu
4-Cumylphenol,Supraene
4-Cumylphenol,Triethanolamine
4-Cumylphenol,"Trimethylsilyl (5-benzyl-3,6-dioxopiperazin-2-yl)acetate"
4-Cumylphenol,Tris(trimethylsilyl)carbamate
"4-Fluoroaniline, N-trimethylsilyl-",4-Methoxyphenol
"4-Fluoroaniline, N-trimethylsilyl-",4-Methylvaleric acid
"4-Fluoroaniline, N-trimethylsilyl-",5-Henicosylresorcinol
"4-Fluoroaniline, N-trimethylsilyl-",5-Hydroxytryptophan
"4-Fluoroaniline, N-trimethylsilyl-","6,7,4'-Trihydroxyisoflavone"
"4-Fluoroaniline, N-trimethylsilyl-","7,9-Di-tert-butyl-1-oxaspiro(4,5)deca-6,9-diene-2,8-dione"
"4-Fluoroaniline, N-trimethylsilyl-",Albizziin
"4-Fluoroaniline, N-trimethylsilyl-",alpha-Tocopherol
"4-Fluoroaniline, N-trimethylsilyl-",Atrazine desethyl
"4-Fluoroaniline, N-trimethylsilyl-","Azetidine, 1-acetyl-2-methyl-"
"4-Fluoroaniline, N-trimethylsilyl-","Benzaldehyde, 2,5-dimethyl-"
"4-Fluoroaniline, N-trimethylsilyl-","Benzene, 1,3-bis(1,1-dimethylethyl)-"
"4-Fluoroaniline, N-trimethylsilyl-","Benzimidazole, 5-trifluoromethyl-2-methyl-"
"4-Fluoroaniline, N-trimethylsilyl-","Benzoic acid, pentadecyl ester"
"4-Fluoroaniline, N-trimethylsilyl-",Benzophenone
"4-Fluoroaniline, N-trimethylsilyl-",cyclobutanecarboxylic acid
"4-Fluoroaniline, N-trimethylsilyl-",Cyclobutanol
"4-Fluoroaniline, N-trimethylsilyl-",Cyclohexanol
"4-Fluoroaniline, N-trimethylsilyl-","D-(-)-Ribofuranose, tetrakis"
"4-Fluoroaniline, N-trimethylsilyl-","D-Erythro-Pentofuranose, 2-deoxy-1,3-bis-O-"
"4-Fluoroaniline, N-trimethylsilyl-",Diphenyl ether
"4-Fluoroaniline, N-trimethylsilyl-",Doconexent
"4-Fluoroaniline, N-trimethylsilyl-","Dodecanoic acid, 1-methylethyl ester"
"4-Fluoroaniline, N-trimethylsilyl-",Eicosapentaenoic acid
"4-Fluoroaniline, N-trimethylsilyl-","Ethanol, 2-(9-octadecenyloxy)-"
"4-Fluoroaniline, N-trimethylsilyl-","Furan, 2-pentyl-"
"4-Fluoroaniline, N-trimethylsilyl-",Glycine
"4-Fluoroaniline, N-trimethylsilyl-","Glycine, N-(N-DL-leucylglycyl)-"
"4-Fluoroaniline, N-trimethylsilyl-",Glyoxime
"4-Fluoroaniline, N-trimethylsilyl-",Heptadecanoic acid
"4-Fluoroaniline, N-trimethylsilyl-",Hexanoic acid
"4-Fluoroaniline, N-trimethylsilyl-",Hydantoic acid
"4-Fluoroaniline, N-trimethylsilyl-",Hydracrylic acid
"4-Fluoroaniline, N-trimethylsilyl-",Isopropyl palmitate
"4-Fluoroaniline, N-trimethylsilyl-",L-Hydroxyproline
"4-Fluoroaniline, N-trimethylsilyl-",Levulinic acid
"4-Fluoroaniline, N-trimethylsilyl-",N-(Trimethylsilyl)hexanamide
"4-Fluoroaniline, N-trimethylsilyl-",Neostigmine 
"4-Fluoroaniline, N-trimethylsilyl-",Niclosamide
"4-Fluoroaniline, N-trimethylsilyl-",Nonanal
"4-Fluoroaniline, N-trimethylsilyl-",Norketamine
"4-Fluoroaniline, N-trimethylsilyl-",Pantolactone
"4-Fluoroaniline, N-trimethylsilyl-","Pentanedioic acid, 2-[(trimethylsilyl)oxy]-"
"4-Fluoroaniline, N-trimethylsilyl-",Phenol
"4-Fluoroaniline, N-trimethylsilyl-",Phenoxyacetic acid
"4-Fluoroaniline, N-trimethylsilyl-",phenoxyethanol
"4-Fluoroaniline, N-trimethylsilyl-",Phlorizin
"4-Fluoroaniline, N-trimethylsilyl-",Phloroglucinol
"4-Fluoroaniline, N-trimethylsilyl-",Picolinic acid
"4-Fluoroaniline, N-trimethylsilyl-","Propanoic acid, 2-methyl-"
"4-Fluoroaniline, N-trimethylsilyl-",Pyrrole-2-carboxylic acid
"4-Fluoroaniline, N-trimethylsilyl-",Salsoline
"4-Fluoroaniline, N-trimethylsilyl-",Ser-Leu
"4-Fluoroaniline, N-trimethylsilyl-","Spiro[cyclopenta[d]-1,3,2-dioxaborin-4(5H),1'-cyclopentane], 2-ethyl-6,7-dihydro-"
"4-Fluoroaniline, N-trimethylsilyl-",Supraene
"4-Fluoroaniline, N-trimethylsilyl-",Syringaldehyde
4-Hydroxy-5-(hydroxymethyl)oxolan-2-one,5-Aminovaleric acid
4-Hydroxy-5-(hydroxymethyl)oxolan-2-one,9-Octadecenamide
4-Hydroxy-5-(hydroxymethyl)oxolan-2-one,Adipoyl-L-carnitine
4-Hydroxy-5-(hydroxymethyl)oxolan-2-one,"beta-D-Galactofuranose, 1,2,3,5,6-pentakis-O-(trimethylsilyl)-"
4-Hydroxy-5-(hydroxymethyl)oxolan-2-one,Bis(trimethylsilyl)histidine
4-Hydroxy-5-(hydroxymethyl)oxolan-2-one,Butylmethylamine
4-Hydroxy-5-(hydroxymethyl)oxolan-2-one,Carfentrazone-ethyl
4-Hydroxy-5-(hydroxymethyl)oxolan-2-one,Cyclo(L-prolyl-L-valine) 
4-Hydroxy-5-(hydroxymethyl)oxolan-2-one,"D-(+)-Ribono-1,4-lactone (R,S,R)-"
4-Hydroxy-5-(hydroxymethyl)oxolan-2-one,D-Arabinose
4-Hydroxy-5-(hydroxymethyl)oxolan-2-one,"D-Psicofuranose, pentakis"
4-Hydroxy-5-(hydroxymethyl)oxolan-2-one,Dimethyl fumarate
4-Hydroxy-5-(hydroxymethyl)oxolan-2-one,Itaconic acid
4-Hydroxy-5-(hydroxymethyl)oxolan-2-one,L-Hydroxyproline
4-Hydroxy-5-(hydroxymethyl)oxolan-2-one,meso-Erythritol
4-Hydroxy-5-(hydroxymethyl)oxolan-2-one,Methyl alpha-Lyxofuranoside
4-Hydroxy-5-(hydroxymethyl)oxolan-2-one,Naphthofluorescein
4-Hydroxy-5-(hydroxymethyl)oxolan-2-one,Niclosamide
4-Hydroxy-5-(hydroxymethyl)oxolan-2-one,Octocrylene
4-Hydroxy-5-(hydroxymethyl)oxolan-2-one,Octopamine
4-Hydroxy-5-(hydroxymethyl)oxolan-2-one,"Oxalic acid, allyl octyl ester"
4-Hydroxy-5-(hydroxymethyl)oxolan-2-one,"Propanoic acid, 2-oxo-"
4-Hydroxybenzaldehyde,5-Hydroxytryptophan
4-Hydroxybenzaldehyde,Acetoacetic acid
4-Hydroxybenzaldehyde,Alloxanic acid
4-Hydroxybenzaldehyde,Arsenous acid
4-Hydroxybenzaldehyde,Campesterol
4-Hydroxybenzaldehyde,cyclobutanecarboxylic acid
4-Hydroxybenzaldehyde,Cyclobutanol
4-Hydroxybenzaldehyde,D-Leucylglycylglycine
4-Hydroxybenzaldehyde,Dimethyl fumarate
4-Hydroxybenzaldehyde,"Glycine, N-[4-[(trimethylsilyl)oxy]benzoyl]-"
4-Hydroxybenzaldehyde,Hexanedioic acid
4-Hydroxybenzaldehyde,Hippuric acid
4-Hydroxybenzaldehyde,Hydantoic acid
4-Hydroxybenzaldehyde,Itaconic acid
4-Hydroxybenzaldehyde,L-Glutamic acid
4-Hydroxybenzaldehyde,L-Glutamine
4-Hydroxybenzaldehyde,L-Ornithine
4-Hydroxybenzaldehyde,Niacin
4-Hydroxybenzaldehyde,Oxalic acid
4-Hydroxybenzaldehyde,Picolinic acid
4-Hydroxybenzaldehyde,Pimelic acid
4-Hydroxybenzaldehyde,"Propanoic acid, 2-methyl-"
4-Hydroxybenzaldehyde,"Propanoic acid, 2-oxo-"
4-Hydroxybenzeneacetic acid,"5-Androsten-17alpha-methyl-3beta,17beta-diol"
4-Hydroxybenzeneacetic acid,5-Henicosylresorcinol
4-Hydroxybenzeneacetic acid,5-Hydroxyquinoline
4-Hydroxybenzeneacetic acid,"5alpha-Pregnane-3,20-dione"
4-Hydroxybenzeneacetic acid,7-(Trimethylsilyl)amino-4-methylcoumarin
4-Hydroxybenzeneacetic acid,9-Octadecenoic acid
4-Hydroxybenzeneacetic acid,"9H-Purine, 9-(trimethylsilyl)-2,6,8-tris[(trimethylsilyl)oxy]-"
4-Hydroxybenzeneacetic acid,"Acetin, bis-1,3-trimethylsilyl ether"
4-Hydroxybenzeneacetic acid,Alloxanic acid
4-Hydroxybenzeneacetic acid,alpha-Linolenic acid
4-Hydroxybenzeneacetic acid,Arsenous acid
4-Hydroxybenzeneacetic acid,"Azetidine, 1-acetyl-2-methyl-"
4-Hydroxybenzeneacetic acid,"Benzaldehyde, 2,5-dimethyl-"
4-Hydroxybenzeneacetic acid,Benzeneacetic acid
4-Hydroxybenzeneacetic acid,"Benzimidazole, 5-trifluoromethyl-2-methyl-"
4-Hydroxybenzeneacetic acid,beta-Lyxopyranose
4-Hydroxybenzeneacetic acid, 5-Hydroxyhexanoic acid
4-Hydroxybenzeneacetic acid,"Butanoic acid, 2,4-bis[(trimethylsilyl)oxy]-"
4-Hydroxybenzeneacetic acid,"Cholest-7-en-3-ol, (3beta,5alpha)-"
4-Hydroxybenzeneacetic acid,cis-4-Trimethylsilyloxy-cyclohexyl(trimethylsilyl)carboxylate
4-Hydroxybenzeneacetic acid,Citric acid
4-Hydroxybenzeneacetic acid,D-(-)-Citramalic acid
4-Hydroxybenzeneacetic acid,D-Fructose
4-Hydroxybenzeneacetic acid,Deoxycholic Acid
4-Hydroxybenzeneacetic acid,Dihydrouracil
4-Hydroxybenzeneacetic acid,Dinoseb 
4-Hydroxybenzeneacetic acid,DL-Glyceraldehyde
4-Hydroxybenzeneacetic acid,"Dodecanamide, N-(2-hydroxyethyl)-"
4-Hydroxybenzeneacetic acid,Glyceric acid
4-Hydroxybenzeneacetic acid,Hexanoic acid
4-Hydroxybenzeneacetic acid,Hydroquinidine
4-Hydroxybenzeneacetic acid,Isopropyl palmitate
4-Hydroxybenzeneacetic acid,L-Proline
4-Hydroxybenzeneacetic acid,L-Threitol
4-Hydroxybenzeneacetic acid,Malic acid
4-Hydroxybenzeneacetic acid,Methyl aminoacetate
4-Hydroxybenzeneacetic acid,Methyl-3-methoxy-5-methyl benzoate
4-Hydroxybenzeneacetic acid,"N-(Trifluoroacetyl)-N,O,O'-tris(trimethylsilyl)normetanephrine"
4-Hydroxybenzeneacetic acid,N-Methyl-N-(tetrahydro-2-furanylmethyl)-4-piperidinamine
4-Hydroxybenzeneacetic acid,Nonadecanoic acid
4-Hydroxybenzeneacetic acid,Nonanal
4-Hydroxybenzeneacetic acid,"Pentanedioic acid, 3-methyl-3-[(trimethylsilyl)oxy]-"
4-Hydroxybenzeneacetic acid,Pimelic acid
4-Hydroxybenzeneacetic acid,"Propanetriol, 2-methyl-"
4-Hydroxybenzeneacetic acid,Propylamine
4-Hydroxybenzeneacetic acid,"Pyrimidine, 5-methyl-2,4-bis[(trimethylsilyl)oxy]-"
4-Hydroxybenzeneacetic acid,Suberic acid
4-Hydroxybenzeneacetic acid,Tartronic acid
4-Hydroxybenzeneacetic acid,Triethanolamine
4-Hydroxybenzeneacetic acid,Uridine
4-Hydroxybenzoic acid,5-(2-Aminopropyl)-2-methylphenol
4-Hydroxybenzoic acid,"5,10-Diethoxy-2,3,7,8-tetrahydro-1H,6H-dipyrrolo[1,2-a:1',2'-d]pyrazine "
4-Hydroxybenzoic acid,"Benzenepropanoic acid, 3,5-bis(1,1-dimethylethyl)-4-hydroxy-"
4-Hydroxybenzoic acid,D-(-)-Citramalic acid
4-Hydroxybenzoic acid,D-Leucylglycylglycine
4-Hydroxybenzoic acid,Dehydronorketamine
4-Hydroxybenzoic acid,"Dimethyl hexopyranosiduronate, alpha-D-"
4-Hydroxybenzoic acid,Dopamine
4-Hydroxybenzoic acid,Erythritol
4-Hydroxybenzoic acid,Glycolic acid
4-Hydroxybenzoic acid,Hexanedioic acid
4-Hydroxybenzoic acid,Hydroquinidine
4-Hydroxybenzoic acid,L-Proline
4-Hydroxybenzoic acid,Malic acid
4-Hydroxybenzoic acid,Pentanoic acid
4-Hydroxybenzoic acid,Petroselinic acid
4-Hydroxybenzoic acid,Phenol
4-Hydroxybenzoic acid,Pyroglutamic acid
4-Hydroxybenzoic acid,Thymidine
4-Hydroxybutanoic acid,"Acetohydrazide, 2-(2-isopropyl-5-methylphenoxy)-N2-benzylideno-"
4-Hydroxybutanoic acid,Bis(trimethylsilyl)histidine
4-Hydroxybutanoic acid,"D-Isoleucine, N-acetyl-"
4-Hydroxybutanoic acid,"Erythrono-1,4-lactone, (Z)-"
4-Hydroxybutanoic acid,"Ethanol, 2-(9-octadecenyloxy)-"
4-Hydroxybutanoic acid,Glyoxime
4-Hydroxybutanoic acid,Hexanoylglycine
4-Hydroxybutanoic acid,L-Hydroxyproline
4-Hydroxybutanoic acid,"N,O-Bis(trimethylsilyl)carbamate"
4-Hydroxybutanoic acid,Pentylone
4-Hydroxybutanoic acid,Phenylalanine
4-Hydroxybutanoic acid,"Propanoic acid, 2-methyl-"
4-Hydroxybutanoic acid,"Thymine, 1,3-dimethyl-6-(trimethylsilyloxymethyl)-"
4-Hydroxybutanoic acid,"Trimethylsilyl (5-benzyl-3,6-dioxopiperazin-2-yl)acetate"
4-Hydroxybutanoic acid,Uracil
4-Hydroxyphenyllactic acid,6-Hydroxyflavone-beta-D-glucoside
4-Hydroxyphenyllactic acid,"6-Methoxy-1-methyl-1,2,3,4-tetrahydroisoquinolin-7-ol "
4-Hydroxyphenyllactic acid,"Cholesta-3,5-diene "
4-Hydroxyphenyllactic acid,Cyclobutanol
4-Hydroxyphenyllactic acid,D-Leucylglycylglycine
4-Hydroxyphenyllactic acid,Dinoseb 
4-Hydroxyphenyllactic acid,Indole-3-lactic acid
4-Hydroxyphenyllactic acid,L-Tryptophan
4-Hydroxyphenyllactic acid,Methyl aminoacetate
4-Hydroxyphenyllactic acid,Octocrylene
4-Hydroxyphenyllactic acid,Picolinic acid
4-Hydroxyphenyllactic acid,Pimelic acid
4-Hydroxyphenyllactic acid,S-Methyl-L-cysteine
4-Hydroxyphenyllactic acid,L-Tyrosine
4-Methoxyphenol,4-Methylvaleric acid
4-Methoxyphenol,5-Henicosylresorcinol
4-Methoxyphenol,5-Hydroxytryptophan
4-Methoxyphenol,"6,7,4'-Trihydroxyisoflavone"
4-Methoxyphenol,"7,9-Di-tert-butyl-1-oxaspiro(4,5)deca-6,9-diene-2,8-dione"
4-Methoxyphenol,Atrazine desethyl
4-Methoxyphenol,"Benzaldehyde, 2,5-dimethyl-"
4-Methoxyphenol,"Benzene, 1,3-bis(1,1-dimethylethyl)-"
4-Methoxyphenol,"Benzimidazole, 5-trifluoromethyl-2-methyl-"
4-Methoxyphenol,"Benzoic acid, pentadecyl ester"
4-Methoxyphenol,Benzoic Acid
4-Methoxyphenol,Benzophenone
4-Methoxyphenol,Boric acid
4-Methoxyphenol,Butylated Hydroxytoluene
4-Methoxyphenol,Butylmethylamine
4-Methoxyphenol,Cinnamic acid
4-Methoxyphenol,Cyclobutanol
4-Methoxyphenol,Cyclohexanol
4-Methoxyphenol,D-Fucitol
4-Methoxyphenol,"D-Isoleucine, N-acetyl-"
4-Methoxyphenol,"Dodecanoic acid, 1-methylethyl ester"
4-Methoxyphenol,Dodecanoic acid
4-Methoxyphenol,Dodecylcyclohexane
4-Methoxyphenol,"Erythrono-1,4-lactone, (Z)-"
4-Methoxyphenol,"Ethanone, 1-(2,5-dimethoxyphenyl)-"
4-Methoxyphenol,"Furan, 2-pentyl-"
4-Methoxyphenol,Glyoxime
4-Methoxyphenol,Isopropyl palmitate
4-Methoxyphenol,L-5-Oxoproline
4-Methoxyphenol,L-Methionine
4-Methoxyphenol,Levulinic acid
4-Methoxyphenol,"Methyl (3,4-dimethoxyphenyl)(hydroxy)acetate"
4-Methoxyphenol,N-(Trimethylsilyl)hexanamide
4-Methoxyphenol,Neostigmine 
4-Methoxyphenol,Nonanal
4-Methoxyphenol,Norketamine
4-Methoxyphenol,Octanoic acid
4-Methoxyphenol,Octopamine
4-Methoxyphenol,Pantolactone
4-Methoxyphenol,"Pentanedioic acid, 2-[(trimethylsilyl)oxy]-"
4-Methoxyphenol,phenoxyethanol
4-Methoxyphenol,Phlorizin
4-Methoxyphenol,Phloroglucinol
4-Methoxyphenol,Pimelic acid
4-Methoxyphenol,"Propanoic acid, 2-methyl-"
4-Methoxyphenol,Salsoline
4-Methoxyphenol,Supraene
4-Methoxyphenol,Syringaldehyde
4-Methoxyphenol,Thymidine
4-Methylvaleric acid,5-Henicosylresorcinol
4-Methylvaleric acid,5-Hydroxytryptophan
4-Methylvaleric acid,"Acetamide, N,N-diethyl-"
4-Methylvaleric acid,"Benzene, 1,3-bis(1,1-dimethylethyl)-"
4-Methylvaleric acid,"Benzoic acid, pentadecyl ester"
4-Methylvaleric acid,Benzoic Acid
4-Methylvaleric acid,Butylated Hydroxytoluene
4-Methylvaleric acid,cyclobutanecarboxylic acid
4-Methylvaleric acid,Cyclohexanol
4-Methylvaleric acid,"D-(-)-Ribofuranose, tetrakis"
4-Methylvaleric acid,D-Ornithine
4-Methylvaleric acid,"Dodecanoic acid, 1-methylethyl ester"
4-Methylvaleric acid,Dodecanoic acid
4-Methylvaleric acid,"Ethanone, 1-(2,5-dimethoxyphenyl)-"
4-Methylvaleric acid,"Furan, 2-pentyl-"
4-Methylvaleric acid,Hexanoylglycine
4-Methylvaleric acid,L-5-Oxoproline
4-Methylvaleric acid,Levulinic acid
4-Methylvaleric acid,Norketamine
4-Methylvaleric acid,Pantolactone
4-Methylvaleric acid,phenoxyethanol
4-Methylvaleric acid,Phlorizin
4-Methylvaleric acid,Phloroglucinol
4-Methylvaleric acid,"Propanoic acid, 2-methyl-"
4-Methylvaleric acid,"Propanoic acid, 2-oxo-"
4-Methylvaleric acid,"Pyrazine, 3,6-dihydro-3,6-dimethyl-"
4-Methylvaleric acid,Salsoline
4-Pyridinol,5-(2-Aminopropyl)-2-methylphenol
4-Pyridinol,"5-Cholesten-3beta, 7alpha-bis[(trimethylsilyl)oxy]- "
4-Pyridinol,"5,10-Diethoxy-2,3,7,8-tetrahydro-1H,6H-dipyrrolo[1,2-a:1',2'-d]pyrazine "
4-Pyridinol,alpha-Linolenic acid
4-Pyridinol,D-(-)-Citramalic acid
4-Pyridinol,Hippuric acid
4-Pyridinol,Hydantoic acid
4-Pyridinol,Naphthofluorescein
4-Pyridinol,Norketamine
4-Pyridinol,phenoxyethanol
4-Pyridinol,Pyrrole-2-carboxylic acid
4-Pyridinol,"Quinolin-4-one, 1-[2-(3,4-dimethoxyphenyl)ethyl]-octahydro-"
4-Pyridinol,Sinomenin
4-Pyridinol,Syringaldehyde
"4,4,5,8-Tetramethyl-chroman-2-one",Ammeline
"4,4,5,8-Tetramethyl-chroman-2-one","Benzene, 3-cyclohexen-1-yl-"
"4,4,5,8-Tetramethyl-chroman-2-one","Benzeneethanamine, N-[(pentafluorophenyl)methylene]-4-[(trimethylsilyl)oxy]-"
"4,4,5,8-Tetramethyl-chroman-2-one",Benzenepropanoic acid
"4,4,5,8-Tetramethyl-chroman-2-one","Benzoic acid, pentadecyl ester"
"4,4,5,8-Tetramethyl-chroman-2-one",Boric acid
"4,4,5,8-Tetramethyl-chroman-2-one",Cyclobutanol
"4,4,5,8-Tetramethyl-chroman-2-one",Deoxycholic Acid
"4,4,5,8-Tetramethyl-chroman-2-one",Desmosterol
"4,4,5,8-Tetramethyl-chroman-2-one",Hexanedioic acid
"4,4,5,8-Tetramethyl-chroman-2-one",Indole-5-carboxylic acid
"4,4,5,8-Tetramethyl-chroman-2-one",Isofucosterol
"4,4,5,8-Tetramethyl-chroman-2-one",Isopropyl palmitate
"4,4,5,8-Tetramethyl-chroman-2-one",L-Methionine
"4,4,5,8-Tetramethyl-chroman-2-one",n-Pentadecanol
"4,4,5,8-Tetramethyl-chroman-2-one",Phenylpropanolamine
"4,4,5,8-Tetramethyl-chroman-2-one",Trimethylsilyl 3-((trimethylsilyl)thio)propanoate
"4,4,5,8-Tetramethyl-chroman-2-one",Trisaminol
5-(2-Aminopropyl)-2-methylphenol,"5-Cholesten-3beta, 7alpha-bis[(trimethylsilyl)oxy]- "
5-(2-Aminopropyl)-2-methylphenol,"6,7,4'-Trihydroxyisoflavone"
5-(2-Aminopropyl)-2-methylphenol,"Acetamide, 2,2,2-trifluoro-"
5-(2-Aminopropyl)-2-methylphenol,"Acetamide, N,N-diethyl-"
5-(2-Aminopropyl)-2-methylphenol,Acetoacetic acid
5-(2-Aminopropyl)-2-methylphenol,alpha-Tocopherol
5-(2-Aminopropyl)-2-methylphenol,Atrazine desethyl
5-(2-Aminopropyl)-2-methylphenol,"Benzene, 1,1'-(1,2-cyclobutanediyl)bis-"
5-(2-Aminopropyl)-2-methylphenol,Benzeneacetic acid
5-(2-Aminopropyl)-2-methylphenol,"Benzimidazole, 5-trifluoromethyl-2-methyl-"
5-(2-Aminopropyl)-2-methylphenol,Benzoic Acid
5-(2-Aminopropyl)-2-methylphenol,Benzophenone
5-(2-Aminopropyl)-2-methylphenol,beta-Lyxopyranose
5-(2-Aminopropyl)-2-methylphenol,cis-4-Trimethylsilyloxy-cyclohexyl(trimethylsilyl)carboxylate
5-(2-Aminopropyl)-2-methylphenol,Cyclohexanol
5-(2-Aminopropyl)-2-methylphenol,D-Fructose
5-(2-Aminopropyl)-2-methylphenol,"D-Xylofuranose, 1,2,3,5-tetrakis-O-"
5-(2-Aminopropyl)-2-methylphenol,Dihydrouracil
5-(2-Aminopropyl)-2-methylphenol,Dimethyl fumarate
5-(2-Aminopropyl)-2-methylphenol,Diphenyl ether
5-(2-Aminopropyl)-2-methylphenol,DL-Glyceraldehyde
5-(2-Aminopropyl)-2-methylphenol,"Ethanone, 1-(2,5-dimethoxyphenyl)-"
5-(2-Aminopropyl)-2-methylphenol,Glucose
5-(2-Aminopropyl)-2-methylphenol,Glycine
5-(2-Aminopropyl)-2-methylphenol,Guanabenz
5-(2-Aminopropyl)-2-methylphenol,Hydantoic acid
5-(2-Aminopropyl)-2-methylphenol,Hydracrylic acid
5-(2-Aminopropyl)-2-methylphenol,Isofucosterol
5-(2-Aminopropyl)-2-methylphenol,Isopropyl palmitate
5-(2-Aminopropyl)-2-methylphenol,L-Glutamine
5-(2-Aminopropyl)-2-methylphenol,l-Histidine ethyl ester
5-(2-Aminopropyl)-2-methylphenol,L-Tryptophan
5-(2-Aminopropyl)-2-methylphenol,Latanoprost lactone diol
5-(2-Aminopropyl)-2-methylphenol,"Methyl (3,4-dimethoxyphenyl)(hydroxy)acetate"
5-(2-Aminopropyl)-2-methylphenol,Methyl alpha-Lyxofuranoside
5-(2-Aminopropyl)-2-methylphenol,Methyl aminoacetate
5-(2-Aminopropyl)-2-methylphenol,"N,N-Diethyl-2-aminoethanol"
5-(2-Aminopropyl)-2-methylphenol,Neostigmine 
5-(2-Aminopropyl)-2-methylphenol,Niclosamide
5-(2-Aminopropyl)-2-methylphenol,p-Hydroxydiisopropylbenzene
5-(2-Aminopropyl)-2-methylphenol,Pentadecanoic acid
5-(2-Aminopropyl)-2-methylphenol,"Pentanedioic acid, 3-methyl-3-[(trimethylsilyl)oxy]-"
5-(2-Aminopropyl)-2-methylphenol,"Pentenoic acid, 4-[(trimethylsilyl)oxy]-"
5-(2-Aminopropyl)-2-methylphenol,phenoxyethanol
5-(2-Aminopropyl)-2-methylphenol,"Propanetriol, 2-methyl-"
5-(2-Aminopropyl)-2-methylphenol,Propylamine
5-(2-Aminopropyl)-2-methylphenol,Salsoline
5-(2-Aminopropyl)-2-methylphenol,Suberic acid
5-(2-Aminopropyl)-2-methylphenol,Triethanolamine
5-(2-Aminopropyl)-2-methylphenol,Trimidox
5-(2-Aminopropyl)-2-methylphenol,Uridine
5-(2-Aminopropyl)-2-methylphenol,Xylazine
5-Aminovaleric acid,"7,9-Di-tert-butyl-1-oxaspiro(4,5)deca-6,9-diene-2,8-dione"
5-Aminovaleric acid,"9,12-Octadecadienoic acid"
5-Aminovaleric acid,alpha-Tocopherol
5-Aminovaleric acid,Arachidonic acid
5-Aminovaleric acid,Benzeneacetamide
5-Aminovaleric acid,"Benzoic acid, pentadecyl ester"
5-Aminovaleric acid, 5-Hydroxyhexanoic acid
5-Aminovaleric acid,Butanedioic acid
5-Aminovaleric acid,Butylated Hydroxytoluene
5-Aminovaleric acid,"Cephalotaxine, 3-deoxy-3,11-epoxy-, (3alpha,11alpha)-"
5-Aminovaleric acid,"D-(-)-Lyxose, tetrakis"
5-Aminovaleric acid,"D-(+)-Talofuranose, pentakis"
5-Aminovaleric acid,D-Fructose
5-Aminovaleric acid,Deoxycholic Acid
5-Aminovaleric acid,Diphenyl ether
5-Aminovaleric acid,"Ethanol, 2-(9-octadecenyloxy)-"
5-Aminovaleric acid,Ketamine 
5-Aminovaleric acid,L-Norleucine
5-Aminovaleric acid,"L-Tryptophan, N-acetyl-1"
5-Aminovaleric acid,Lactic Acid
5-Aminovaleric acid,"Methyl (3,4-dimethoxyphenyl)(hydroxy)acetate"
5-Aminovaleric acid,Methyl alpha-Lyxofuranoside
5-Aminovaleric acid,Methyl aminoacetate
5-Aminovaleric acid,N-Isovaleroylglycine
5-Aminovaleric acid,Nonanoic acid
5-Aminovaleric acid,Palmitelaidic acid
5-Aminovaleric acid,"Propanoic acid, 2-methyl-"
5-Aminovaleric acid,Ribitol
5-Aminovaleric acid,Thymidine
5-Aminovaleric acid,"Trimethylsilyl (5-benzyl-3,6-dioxopiperazin-2-yl)acetate"
"5-Androsten-17alpha-methyl-3beta,17beta-diol",5-Ethyluracil
"5-Androsten-17alpha-methyl-3beta,17beta-diol",5-Hydroxyquinoline
"5-Androsten-17alpha-methyl-3beta,17beta-diol","5,6-Dihydro-5-methyluracil"
"5-Androsten-17alpha-methyl-3beta,17beta-diol",7-(Trimethylsilyl)amino-4-methylcoumarin
"5-Androsten-17alpha-methyl-3beta,17beta-diol",9-Octadecenoic acid
"5-Androsten-17alpha-methyl-3beta,17beta-diol","Acetin, bis-1,3-trimethylsilyl ether"
"5-Androsten-17alpha-methyl-3beta,17beta-diol",alpha-Tocopherol
"5-Androsten-17alpha-methyl-3beta,17beta-diol",Arachidonic acid
"5-Androsten-17alpha-methyl-3beta,17beta-diol","Benzaldehyde, 2,5-dimethyl-"
"5-Androsten-17alpha-methyl-3beta,17beta-diol",Benzeneacetic acid
"5-Androsten-17alpha-methyl-3beta,17beta-diol",beta-Lyxopyranose
"5-Androsten-17alpha-methyl-3beta,17beta-diol", 5-Hydroxyhexanoic acid
"5-Androsten-17alpha-methyl-3beta,17beta-diol",Butanedioic acid
"5-Androsten-17alpha-methyl-3beta,17beta-diol","Butanoic acid, 2-methyl-3-[(trimethylsilyl)oxy]-"
"5-Androsten-17alpha-methyl-3beta,17beta-diol","Butanoic acid, 2,4-bis[(trimethylsilyl)oxy]-"
"5-Androsten-17alpha-methyl-3beta,17beta-diol",Carfentrazone-ethyl
"5-Androsten-17alpha-methyl-3beta,17beta-diol",Cinnamic acid
"5-Androsten-17alpha-methyl-3beta,17beta-diol",cis-4-Trimethylsilyloxy-cyclohexyl(trimethylsilyl)carboxylate
"5-Androsten-17alpha-methyl-3beta,17beta-diol",Cyclo-(l-leucyl-l-phenylalanyl) 
"5-Androsten-17alpha-methyl-3beta,17beta-diol","Cyclopentaneacetic acid, 3-oxo-2-pentyl-"
"5-Androsten-17alpha-methyl-3beta,17beta-diol","Cyclopentanone, 2,2,4-trimethyl-"
"5-Androsten-17alpha-methyl-3beta,17beta-diol",D-Fructose
"5-Androsten-17alpha-methyl-3beta,17beta-diol",Dehydronorketamine
"5-Androsten-17alpha-methyl-3beta,17beta-diol",Delorazepam
"5-Androsten-17alpha-methyl-3beta,17beta-diol",Deoxycholic Acid
"5-Androsten-17alpha-methyl-3beta,17beta-diol",Desmosterol
"5-Androsten-17alpha-methyl-3beta,17beta-diol",Dihydrouracil
"5-Androsten-17alpha-methyl-3beta,17beta-diol",Dinoseb 
"5-Androsten-17alpha-methyl-3beta,17beta-diol",DL-Phenylalanine
"5-Androsten-17alpha-methyl-3beta,17beta-diol","DL-Proline, 5-oxo-"
"5-Androsten-17alpha-methyl-3beta,17beta-diol","Ethanone, 1-(2,5-dimethoxyphenyl)-"
"5-Androsten-17alpha-methyl-3beta,17beta-diol",Glycine
"5-Androsten-17alpha-methyl-3beta,17beta-diol",Guanabenz
"5-Androsten-17alpha-methyl-3beta,17beta-diol",Hydantoic acid
"5-Androsten-17alpha-methyl-3beta,17beta-diol",Indole-5-carboxylic acid
"5-Androsten-17alpha-methyl-3beta,17beta-diol",Isopropyl palmitate
"5-Androsten-17alpha-methyl-3beta,17beta-diol",L-Threitol
"5-Androsten-17alpha-methyl-3beta,17beta-diol",meso-Erythritol
"5-Androsten-17alpha-methyl-3beta,17beta-diol",Metanephrine
"5-Androsten-17alpha-methyl-3beta,17beta-diol",Methyl aminoacetate
"5-Androsten-17alpha-methyl-3beta,17beta-diol",Methyl-3-methoxy-5-methyl benzoate
"5-Androsten-17alpha-methyl-3beta,17beta-diol","N-(Trifluoroacetyl)-N,O,O'-tris(trimethylsilyl)normetanephrine"
"5-Androsten-17alpha-methyl-3beta,17beta-diol",N-Methyl-N-(tetrahydro-2-furanylmethyl)-4-piperidinamine
"5-Androsten-17alpha-methyl-3beta,17beta-diol","Pentanedioic acid, 3-methyl-3-[(trimethylsilyl)oxy]-"
"5-Androsten-17alpha-methyl-3beta,17beta-diol",Phenylalanine
"5-Androsten-17alpha-methyl-3beta,17beta-diol",Pimelic acid
"5-Androsten-17alpha-methyl-3beta,17beta-diol","Propanetriol, 2-methyl-"
"5-Androsten-17alpha-methyl-3beta,17beta-diol",Propylamine
"5-Androsten-17alpha-methyl-3beta,17beta-diol","Pyrimidine, 5-methyl-2,4-bis[(trimethylsilyl)oxy]-"
"5-Androsten-17alpha-methyl-3beta,17beta-diol",Tartronic acid
"5-Androsten-17alpha-methyl-3beta,17beta-diol","Thymine, 1,3-dimethyl-6-(trimethylsilyloxymethyl)-"
"5-Androsten-17alpha-methyl-3beta,17beta-diol",Triethanolamine
"5-Androsten-17alpha-methyl-3beta,17beta-diol",Uridine
"5-Androsten-17alpha-methyl-3beta,17beta-diol",Xylose
"5-Cholesten-3beta, 7alpha-bis[(trimethylsilyl)oxy]- ",5-Hydroxytryptophan
"5-Cholesten-3beta, 7alpha-bis[(trimethylsilyl)oxy]- ","Acetohydrazide, 2-(2-isopropyl-5-methylphenoxy)-N2-benzylideno-"
"5-Cholesten-3beta, 7alpha-bis[(trimethylsilyl)oxy]- ",Butyrovanillone
"5-Cholesten-3beta, 7alpha-bis[(trimethylsilyl)oxy]- ",cyclobutanecarboxylic acid
"5-Cholesten-3beta, 7alpha-bis[(trimethylsilyl)oxy]- ","D-(+)-Ribono-1,4-lactone (R,S,R)-"
"5-Cholesten-3beta, 7alpha-bis[(trimethylsilyl)oxy]- ",L-5-Oxoproline
"5-Cholesten-3beta, 7alpha-bis[(trimethylsilyl)oxy]- ",L-Norleucine
"5-Cholesten-3beta, 7alpha-bis[(trimethylsilyl)oxy]- ",L-Threonine
"5-Cholesten-3beta, 7alpha-bis[(trimethylsilyl)oxy]- ",Lactic Acid
"5-Cholesten-3beta, 7alpha-bis[(trimethylsilyl)oxy]- ",Latanoprost lactone diol
"5-Cholesten-3beta, 7alpha-bis[(trimethylsilyl)oxy]- ",Naphthofluorescein
"5-Cholesten-3beta, 7alpha-bis[(trimethylsilyl)oxy]- ","Pentanedioic acid, 2-[(trimethylsilyl)oxy]-"
"5-Cholesten-3beta, 7alpha-bis[(trimethylsilyl)oxy]- ","Pentanedioic acid, 2,4-bis[(trimethylsilyl)oxy]"
5-Ethyluracil,"5,6-Dimethyl-4-phenyl-3-cyanopyridine-2(1H)-thione"
5-Ethyluracil,Allylescaline 
5-Ethyluracil,Ammeline
5-Ethyluracil,"Aziridine, 1-(2-buten-2-yl)-"
5-Ethyluracil,beta-D-Glucopyranose
5-Ethyluracil,Carfentrazone-ethyl
5-Ethyluracil,D-Mannose
5-Ethyluracil,Dodecanoic acid
5-Ethyluracil,Guanabenz
5-Ethyluracil,L-5-Oxoproline
5-Ethyluracil,L-Glutamic acid
5-Ethyluracil,Latanoprost lactone diol
5-Ethyluracil,N-(Trimethylsilyl)hexanamide
5-Ethyluracil,Neostigmine 
5-Henicosylresorcinol,5-Hydroxytryptophan
5-Henicosylresorcinol,"Acetamide, 2,2,2-trifluoro-"
5-Henicosylresorcinol,"Acetohydrazide, 2-(2-isopropyl-5-methylphenoxy)-N2-benzylideno-"
5-Henicosylresorcinol,Atrazine desethyl
5-Henicosylresorcinol,"Benzenemethanamine, 2,3-dimethoxy-"
5-Henicosylresorcinol,"Benzimidazole, 5-trifluoromethyl-2-methyl-"
5-Henicosylresorcinol,"Benzoic acid, pentadecyl ester"
5-Henicosylresorcinol,Benzoic Acid
5-Henicosylresorcinol,Benzophenone
5-Henicosylresorcinol,Butylmethylamine
5-Henicosylresorcinol,Cinnamic acid
5-Henicosylresorcinol,Cyclohexanol
5-Henicosylresorcinol,"Cyclohexanone, 3,3,5-trimethyl-"
5-Henicosylresorcinol,"Cyclopentaneacetic acid, 3-oxo-2-pentyl-"
5-Henicosylresorcinol,"Cyclopentanone, 2,2,4-trimethyl-"
5-Henicosylresorcinol,Dinoseb 
5-Henicosylresorcinol,Diphenyl ether
5-Henicosylresorcinol,"Dodecanoic acid, 1-methylethyl ester"
5-Henicosylresorcinol,Dodecanoic acid
5-Henicosylresorcinol,Dopamine
5-Henicosylresorcinol,"Ethanone, 1-(2,5-dimethoxyphenyl)-"
5-Henicosylresorcinol,"Furan, 2-pentyl-"
5-Henicosylresorcinol,Glycine
5-Henicosylresorcinol,"Glycine, N-(N-DL-leucylglycyl)-"
5-Henicosylresorcinol,Glyoxime
5-Henicosylresorcinol,"Guanidine, N,N-dimethyl-"
5-Henicosylresorcinol,Hexanoic acid
5-Henicosylresorcinol,Isofucosterol
5-Henicosylresorcinol,Isopropyl palmitate
5-Henicosylresorcinol,Levulinic acid
5-Henicosylresorcinol,Metanephrine
5-Henicosylresorcinol,Methyl aminoacetate
5-Henicosylresorcinol,"N,N-Diethyl-2-aminoethanol"
5-Henicosylresorcinol,Niclosamide
5-Henicosylresorcinol,Nitrosothymol
5-Henicosylresorcinol,Nonanal
5-Henicosylresorcinol,Octocrylene
5-Henicosylresorcinol,Pantolactone
5-Henicosylresorcinol,"Pentanedioic acid, 2-[(trimethylsilyl)oxy]-"
5-Henicosylresorcinol,Pentanoic acid
5-Henicosylresorcinol,Phenol
5-Henicosylresorcinol,Phenoxyacetic acid
5-Henicosylresorcinol,phenoxyethanol
5-Henicosylresorcinol,Phlorizin
5-Henicosylresorcinol,Pimelic acid
5-Henicosylresorcinol,"Propanetriol, 2-methyl-"
5-Henicosylresorcinol,S-Methyl-L-cysteine
5-Henicosylresorcinol,Salsoline
5-Henicosylresorcinol,"Spiro[cyclopenta[d]-1,3,2-dioxaborin-4(5H),1'-cyclopentane], 2-ethyl-6,7-dihydro-"
5-Henicosylresorcinol,"Stigmast-5-ene, 3beta-"
5-Henicosylresorcinol,Supraene
5-Henicosylresorcinol,Tartronic acid
5-Henicosylresorcinol,Triethanolamine
5-Henicosylresorcinol,Tris(trimethylsilyl)carbamate
5-Henicosylresorcinol,Xylazine
5-Henicosylresorcinol,Xylitol
5-Hydroxyquinoline,"5,10-Diethoxy-2,3,7,8-tetrahydro-1H,6H-dipyrrolo[1,2-a:1',2'-d]pyrazine "
5-Hydroxyquinoline,"6-Methoxy-1-methyl-1,2,3,4-tetrahydroisoquinolin-7-ol "
5-Hydroxyquinoline,"6,7,4'-Trihydroxyisoflavone"
5-Hydroxyquinoline,"6,8-Dioxapentadecane"
5-Hydroxyquinoline,7-(Trimethylsilyl)amino-4-methylcoumarin
5-Hydroxyquinoline,9-Octadecenoic acid
5-Hydroxyquinoline,Acetoacetic acid
5-Hydroxyquinoline,"Acetohydrazide, 2-(2-isopropyl-5-methylphenoxy)-N2-benzylideno-"
5-Hydroxyquinoline,Aceturic acid
5-Hydroxyquinoline,alpha-Tocopherol
5-Hydroxyquinoline,"Benzaldehyde, 2,5-dimethyl-"
5-Hydroxyquinoline,Benzeneacetic acid
5-Hydroxyquinoline,"Benzimidazole, 5-trifluoromethyl-2-methyl-"
5-Hydroxyquinoline,"beta-D-Galactofuranose, 1,2,3,5,6-pentakis-O-(trimethylsilyl)-"
5-Hydroxyquinoline, 5-Hydroxyhexanoic acid
5-Hydroxyquinoline,"Butanoic acid, 2,4-bis[(trimethylsilyl)oxy]-"
5-Hydroxyquinoline,Butyrovanillone
5-Hydroxyquinoline,Carfentrazone-ethyl
5-Hydroxyquinoline,"Cholesta-3,5-dien-7-one"
5-Hydroxyquinoline,cis-4-Trimethylsilyloxy-cyclohexyl(trimethylsilyl)carboxylate
5-Hydroxyquinoline,Cyclobutanol
5-Hydroxyquinoline,"Cyclopentaneacetic acid, 3-oxo-2-pentyl-"
5-Hydroxyquinoline,D-(-)-Citramalic acid
5-Hydroxyquinoline,"D-(+)-Talofuranose, pentakis"
5-Hydroxyquinoline,D-Fructose
5-Hydroxyquinoline,D-Ribose
5-Hydroxyquinoline,Dihydrouracil
5-Hydroxyquinoline,Dinoseb 
5-Hydroxyquinoline,DL-Glyceraldehyde
5-Hydroxyquinoline,"Dodecane, 4,6-dimethyl-"
5-Hydroxyquinoline,"Ethanamine, N,N-diethyl-2,2-dimethyl-2-[(3,5-dimethoxy)phenyl]-"
5-Hydroxyquinoline,Glycine
5-Hydroxyquinoline,Indole-3-lactic acid
5-Hydroxyquinoline,Indole-5-carboxylic acid
5-Hydroxyquinoline,Isofucosterol
5-Hydroxyquinoline,Isopropyl palmitate
5-Hydroxyquinoline,Isoxaben
5-Hydroxyquinoline,Itaconic acid
5-Hydroxyquinoline,L-Glutamic acid
5-Hydroxyquinoline,L-Threitol
5-Hydroxyquinoline,Metanephrine
5-Hydroxyquinoline,Methyl aminoacetate
5-Hydroxyquinoline,Methylmalonic monoamide
5-Hydroxyquinoline,"N-(Trifluoroacetyl)-N,O,O'-tris(trimethylsilyl)normetanephrine"
5-Hydroxyquinoline,N-Acetyltyrosine
5-Hydroxyquinoline,N-Isovaleroylglycine
5-Hydroxyquinoline,N-Methyl-N-(tetrahydro-2-furanylmethyl)-4-piperidinamine
5-Hydroxyquinoline,"N,O-Bis(trimethylsilyl)carbamate"
5-Hydroxyquinoline,Niclosamide
5-Hydroxyquinoline,Nonadecanoic acid
5-Hydroxyquinoline,p-Hydroxydiisopropylbenzene
5-Hydroxyquinoline,p-Toluic acid
5-Hydroxyquinoline,"Pentanedioic acid, 3-methyl-3-[(trimethylsilyl)oxy]-"
5-Hydroxyquinoline,Pimelic acid
5-Hydroxyquinoline,"Propanetriol, 2-methyl-"
5-Hydroxyquinoline,Propylamine
5-Hydroxyquinoline,"Stigmast-5-ene, 3beta-"
5-Hydroxyquinoline,Tartronic acid
5-Hydroxyquinoline,"Thymine, 1,3-dimethyl-6-(trimethylsilyloxymethyl)-"
5-Hydroxyquinoline,Triethanolamine
5-Hydroxytryptophan,"5,10-Diethoxy-2,3,7,8-tetrahydro-1H,6H-dipyrrolo[1,2-a:1',2'-d]pyrazine "
5-Hydroxytryptophan,9-Octadecenoic acid
5-Hydroxytryptophan,"9,12-Octadecadienoic acid"
5-Hydroxytryptophan,"Acetamide, 2,2,2-trifluoro-"
5-Hydroxytryptophan,"Acetic acid, bis[(trimethylsilyl)oxyl]-"
5-Hydroxytryptophan,"Acetin, bis-1,3-trimethylsilyl ether"
5-Hydroxytryptophan,alpha-Tocopherol
5-Hydroxytryptophan,Arachidonic acid
5-Hydroxytryptophan,"Benzaldehyde, 2,5-dimethyl-"
5-Hydroxytryptophan,"Benzene, 1,3-bis(1,1-dimethylethyl)-"
5-Hydroxytryptophan,"Benzimidazole, 5-trifluoromethyl-2-methyl-"
5-Hydroxytryptophan,"Benzoic acid, pentadecyl ester"
5-Hydroxytryptophan,Benzophenone
5-Hydroxytryptophan,beta-Lyxopyranose
5-Hydroxytryptophan,"Butanoic acid, 2,4-bis[(trimethylsilyl)oxy]-"
5-Hydroxytryptophan,Butylated Hydroxytoluene
5-Hydroxytryptophan,Butylmethylamine
5-Hydroxytryptophan,Butyrovanillone
5-Hydroxytryptophan,Campesterol
5-Hydroxytryptophan,"Cholest-7-en-3-ol, (3beta,5alpha)-"
5-Hydroxytryptophan,Cholesterol
5-Hydroxytryptophan,cyclobutanecarboxylic acid
5-Hydroxytryptophan,Cyclohexanol
5-Hydroxytryptophan,D-(-)-Citramalic acid
5-Hydroxytryptophan,"D-Isoleucine, N-acetyl-"
5-Hydroxytryptophan,Dinoseb 
5-Hydroxytryptophan,Diphenyl ether
5-Hydroxytryptophan,Doconexent
5-Hydroxytryptophan,"Dodecanoic acid, 1-methylethyl ester"
5-Hydroxytryptophan,Dodecanoic acid
5-Hydroxytryptophan,"Furan, 2-pentyl-"
5-Hydroxytryptophan,Glycine
5-Hydroxytryptophan,"Glycine, N-(N-DL-leucylglycyl)-"
5-Hydroxytryptophan,Glyoxime
5-Hydroxytryptophan,Hexanoic acid
5-Hydroxytryptophan,Isofucosterol
5-Hydroxytryptophan,Isopropyl palmitate
5-Hydroxytryptophan,L-5-Oxoproline
5-Hydroxytryptophan,L-Aspartic acid
5-Hydroxytryptophan,L-Glutamic acid
5-Hydroxytryptophan,L-Threonine
5-Hydroxytryptophan,Levulinic acid
5-Hydroxytryptophan,Methyl aminoacetate
5-Hydroxytryptophan,Myristic acid
5-Hydroxytryptophan,Naphthofluorescein
5-Hydroxytryptophan,Neostigmine 
5-Hydroxytryptophan,Niclosamide
5-Hydroxytryptophan,Nitrosothymol
5-Hydroxytryptophan,Nonadecanoic acid
5-Hydroxytryptophan,Nonanal
5-Hydroxytryptophan,"Octane, 1-propoxy-"
5-Hydroxytryptophan,Pantolactone
5-Hydroxytryptophan,"Pentanedioic acid, 2-[(trimethylsilyl)oxy]-"
5-Hydroxytryptophan,"Pentanedioic acid, 2,4-bis[(trimethylsilyl)oxy]"
5-Hydroxytryptophan,"Pentanedioic acid, 3-methyl-3-[(trimethylsilyl)oxy]-"
5-Hydroxytryptophan,Pentanoic acid
5-Hydroxytryptophan,Phenoxyacetic acid
5-Hydroxytryptophan,phenoxyethanol
5-Hydroxytryptophan,Phlorizin
5-Hydroxytryptophan,Phloroglucinol
5-Hydroxytryptophan,Picolinic acid
5-Hydroxytryptophan,"Propanetriol, 2-methyl-"
5-Hydroxytryptophan,"Propanoic acid, 2-methyl-"
5-Hydroxytryptophan,"Pyrimidine, 5-methyl-2,4-bis[(trimethylsilyl)oxy]-"
5-Hydroxytryptophan,S-Methyl-L-cysteine
5-Hydroxytryptophan,Salsoline
5-Hydroxytryptophan,"Stigmast-5-ene, 3beta-"
5-Hydroxytryptophan,Supraene
5-Hydroxytryptophan,Tartronic acid
5-Hydroxytryptophan,Triethanolamine
5-Hydroxytryptophan,"Trimethylsilyl (5-benzyl-3,6-dioxopiperazin-2-yl)acetate"
5-Hydroxytryptophan,Tris(trimethylsilyl)carbamate
5-Hydroxytryptophan,L-Tyrosine
"5,10-Diethoxy-2,3,7,8-tetrahydro-1H,6H-dipyrrolo[1,2-a:1',2'-d]pyrazine ",9-Octadecenoic acid
"5,10-Diethoxy-2,3,7,8-tetrahydro-1H,6H-dipyrrolo[1,2-a:1',2'-d]pyrazine ","alpha-L-Galactopyranoside, methyl 6-deoxy-, (R,R,R,S,S)-"
"5,10-Diethoxy-2,3,7,8-tetrahydro-1H,6H-dipyrrolo[1,2-a:1',2'-d]pyrazine ","Benzene, 3-cyclohexen-1-yl-"
"5,10-Diethoxy-2,3,7,8-tetrahydro-1H,6H-dipyrrolo[1,2-a:1',2'-d]pyrazine ","Benzenemethanamine, 2,3-dimethoxy-"
"5,10-Diethoxy-2,3,7,8-tetrahydro-1H,6H-dipyrrolo[1,2-a:1',2'-d]pyrazine ",Benzenepropanoic acid
"5,10-Diethoxy-2,3,7,8-tetrahydro-1H,6H-dipyrrolo[1,2-a:1',2'-d]pyrazine ","Benzimidazole, 5-trifluoromethyl-2-methyl-"
"5,10-Diethoxy-2,3,7,8-tetrahydro-1H,6H-dipyrrolo[1,2-a:1',2'-d]pyrazine ","Benzoic acid, pentadecyl ester"
"5,10-Diethoxy-2,3,7,8-tetrahydro-1H,6H-dipyrrolo[1,2-a:1',2'-d]pyrazine ", 5-Hydroxyhexanoic acid
"5,10-Diethoxy-2,3,7,8-tetrahydro-1H,6H-dipyrrolo[1,2-a:1',2'-d]pyrazine ",Boric acid
"5,10-Diethoxy-2,3,7,8-tetrahydro-1H,6H-dipyrrolo[1,2-a:1',2'-d]pyrazine ","Cholesta-3,5-diene "
"5,10-Diethoxy-2,3,7,8-tetrahydro-1H,6H-dipyrrolo[1,2-a:1',2'-d]pyrazine ",cis-4-Trimethylsilyloxy-cyclohexyl(trimethylsilyl)carboxylate
"5,10-Diethoxy-2,3,7,8-tetrahydro-1H,6H-dipyrrolo[1,2-a:1',2'-d]pyrazine ","Cyclohexanone, 3,3,5-trimethyl-"
"5,10-Diethoxy-2,3,7,8-tetrahydro-1H,6H-dipyrrolo[1,2-a:1',2'-d]pyrazine ","D-(+)-Ribono-1,4-lactone (R,S,R)-"
"5,10-Diethoxy-2,3,7,8-tetrahydro-1H,6H-dipyrrolo[1,2-a:1',2'-d]pyrazine ","D-(+)-Talofuranose, pentakis"
"5,10-Diethoxy-2,3,7,8-tetrahydro-1H,6H-dipyrrolo[1,2-a:1',2'-d]pyrazine ",Dinoseb 
"5,10-Diethoxy-2,3,7,8-tetrahydro-1H,6H-dipyrrolo[1,2-a:1',2'-d]pyrazine ",DL-Glyceraldehyde
"5,10-Diethoxy-2,3,7,8-tetrahydro-1H,6H-dipyrrolo[1,2-a:1',2'-d]pyrazine ",Galactopyranose
"5,10-Diethoxy-2,3,7,8-tetrahydro-1H,6H-dipyrrolo[1,2-a:1',2'-d]pyrazine ",Glycine
"5,10-Diethoxy-2,3,7,8-tetrahydro-1H,6H-dipyrrolo[1,2-a:1',2'-d]pyrazine ","Glycine, N-(1-oxobutyl)-"
"5,10-Diethoxy-2,3,7,8-tetrahydro-1H,6H-dipyrrolo[1,2-a:1',2'-d]pyrazine ","Guanidine, N,N-dimethyl-"
"5,10-Diethoxy-2,3,7,8-tetrahydro-1H,6H-dipyrrolo[1,2-a:1',2'-d]pyrazine ",Heptanoic acid
"5,10-Diethoxy-2,3,7,8-tetrahydro-1H,6H-dipyrrolo[1,2-a:1',2'-d]pyrazine ",Hydantoic acid
"5,10-Diethoxy-2,3,7,8-tetrahydro-1H,6H-dipyrrolo[1,2-a:1',2'-d]pyrazine ",Hydroquinidine
"5,10-Diethoxy-2,3,7,8-tetrahydro-1H,6H-dipyrrolo[1,2-a:1',2'-d]pyrazine ",Isofucosterol
"5,10-Diethoxy-2,3,7,8-tetrahydro-1H,6H-dipyrrolo[1,2-a:1',2'-d]pyrazine ",Isopropyl palmitate
"5,10-Diethoxy-2,3,7,8-tetrahydro-1H,6H-dipyrrolo[1,2-a:1',2'-d]pyrazine ",L-Aspartic acid
"5,10-Diethoxy-2,3,7,8-tetrahydro-1H,6H-dipyrrolo[1,2-a:1',2'-d]pyrazine ",l-Histidine ethyl ester
"5,10-Diethoxy-2,3,7,8-tetrahydro-1H,6H-dipyrrolo[1,2-a:1',2'-d]pyrazine ",Lactic Acid
"5,10-Diethoxy-2,3,7,8-tetrahydro-1H,6H-dipyrrolo[1,2-a:1',2'-d]pyrazine ",Levulinic acid
"5,10-Diethoxy-2,3,7,8-tetrahydro-1H,6H-dipyrrolo[1,2-a:1',2'-d]pyrazine ",Malic acid
"5,10-Diethoxy-2,3,7,8-tetrahydro-1H,6H-dipyrrolo[1,2-a:1',2'-d]pyrazine ",Methyl-3-methoxy-5-methyl benzoate
"5,10-Diethoxy-2,3,7,8-tetrahydro-1H,6H-dipyrrolo[1,2-a:1',2'-d]pyrazine ",Methylmalonic monoamide
"5,10-Diethoxy-2,3,7,8-tetrahydro-1H,6H-dipyrrolo[1,2-a:1',2'-d]pyrazine ",Myristic acid
"5,10-Diethoxy-2,3,7,8-tetrahydro-1H,6H-dipyrrolo[1,2-a:1',2'-d]pyrazine ",Nonadecanoic acid
"5,10-Diethoxy-2,3,7,8-tetrahydro-1H,6H-dipyrrolo[1,2-a:1',2'-d]pyrazine ",Oxalic acid
"5,10-Diethoxy-2,3,7,8-tetrahydro-1H,6H-dipyrrolo[1,2-a:1',2'-d]pyrazine ","Pentanedioic acid, 3-methyl-3-[(trimethylsilyl)oxy]-"
"5,10-Diethoxy-2,3,7,8-tetrahydro-1H,6H-dipyrrolo[1,2-a:1',2'-d]pyrazine ",Pentanoic acid
"5,10-Diethoxy-2,3,7,8-tetrahydro-1H,6H-dipyrrolo[1,2-a:1',2'-d]pyrazine ","Pregn-16-en-20-one, 3,18-bis(acetyloxy)-14,15-epoxy-, (3beta,5alpha,14beta,15beta)-"
"5,10-Diethoxy-2,3,7,8-tetrahydro-1H,6H-dipyrrolo[1,2-a:1',2'-d]pyrazine ","Propanetriol, 2-methyl-"
"5,10-Diethoxy-2,3,7,8-tetrahydro-1H,6H-dipyrrolo[1,2-a:1',2'-d]pyrazine ",Pyrrole-2-carboxylic acid
"5,10-Diethoxy-2,3,7,8-tetrahydro-1H,6H-dipyrrolo[1,2-a:1',2'-d]pyrazine ",Stearic acid
"5,10-Diethoxy-2,3,7,8-tetrahydro-1H,6H-dipyrrolo[1,2-a:1',2'-d]pyrazine ",Triethanolamine
"5,6-Dihydro-5-methyluracil","5alpha-Pregnane-3,20-dione"
"5,6-Dihydro-5-methyluracil","Acetic acid, bis[(trimethylsilyl)oxyl]-"
"5,6-Dihydro-5-methyluracil",Aceturic acid
"5,6-Dihydro-5-methyluracil", 5-Hydroxyhexanoic acid
"5,6-Dihydro-5-methyluracil","Cholest-22-ene-21-ol, 3,5-dehydro-6-methoxy-, pivalate"
"5,6-Dihydro-5-methyluracil",Cinnamic acid
"5,6-Dihydro-5-methyluracil",D-Mannose
"5,6-Dihydro-5-methyluracil",Deoxycholic Acid
"5,6-Dihydro-5-methyluracil",Ethyl alpha-D-glucopyranoside
"5,6-Dihydro-5-methyluracil",Ethyl cis-2-trimethylsilyl-cyclopropane-1-carboxylate
"5,6-Dihydro-5-methyluracil",Glyoxime
"5,6-Dihydro-5-methyluracil","Pyrazine, 3,6-dimethyl-2,5-bis(trimethylsilyloxy)-"
"5,6-Dihydro-5-methyluracil",Pyrrole-2-carboxylic acid
"5,6-Dihydro-5-methyluracil",Salsoline
"5,6-Dihydro-5-methyluracil",Trimethylsilyl oct-2-enoate 
"5,6-Dimethyl-4-phenyl-3-cyanopyridine-2(1H)-thione","6,7,4'-Trihydroxyisoflavone"
"5,6-Dimethyl-4-phenyl-3-cyanopyridine-2(1H)-thione",Albizziin
"5,6-Dimethyl-4-phenyl-3-cyanopyridine-2(1H)-thione","Benzene, 4-ethenyl-1,2-dimethoxy-"
"5,6-Dimethyl-4-phenyl-3-cyanopyridine-2(1H)-thione","Benzeneethanamine, N-[(pentafluorophenyl)methylene]-4-[(trimethylsilyl)oxy]-"
"5,6-Dimethyl-4-phenyl-3-cyanopyridine-2(1H)-thione","Cholest-22-ene-21-ol, 3,5-dehydro-6-methoxy-, pivalate"
"5,6-Dimethyl-4-phenyl-3-cyanopyridine-2(1H)-thione",cis-4-Trimethylsilyloxy-cyclohexyl(trimethylsilyl)carboxylate
"5,6-Dimethyl-4-phenyl-3-cyanopyridine-2(1H)-thione","Cyclopentanone, 2,2,4-trimethyl-"
"5,6-Dimethyl-4-phenyl-3-cyanopyridine-2(1H)-thione",D-Fucitol
"5,6-Dimethyl-4-phenyl-3-cyanopyridine-2(1H)-thione",D-Threitol
"5,6-Dimethyl-4-phenyl-3-cyanopyridine-2(1H)-thione",Deoxycholic Acid
"5,6-Dimethyl-4-phenyl-3-cyanopyridine-2(1H)-thione","Ethanol, 2-(9-octadecenyloxy)-"
"5,6-Dimethyl-4-phenyl-3-cyanopyridine-2(1H)-thione","Ethanone, 1-(2,5-dimethoxyphenyl)-"
"5,6-Dimethyl-4-phenyl-3-cyanopyridine-2(1H)-thione",Ethyl alpha-D-glucopyranoside
"5,6-Dimethyl-4-phenyl-3-cyanopyridine-2(1H)-thione",Glycolic acid
"5,6-Dimethyl-4-phenyl-3-cyanopyridine-2(1H)-thione",Indole-5-carboxylic acid
"5,6-Dimethyl-4-phenyl-3-cyanopyridine-2(1H)-thione",Itaconic acid
"5,6-Dimethyl-4-phenyl-3-cyanopyridine-2(1H)-thione",L-Asparagine
"5,6-Dimethyl-4-phenyl-3-cyanopyridine-2(1H)-thione",L-Threonine
"5,6-Dimethyl-4-phenyl-3-cyanopyridine-2(1H)-thione",Methyl alpha-Lyxofuranoside
"5,6-Dimethyl-4-phenyl-3-cyanopyridine-2(1H)-thione",p-Hydroxydiisopropylbenzene
"5,6-Dimethyl-4-phenyl-3-cyanopyridine-2(1H)-thione",Phenylpropanolamine
"5,6-Dimethyl-4-phenyl-3-cyanopyridine-2(1H)-thione",Supraene
"5,6-Dimethyl-4-phenyl-3-cyanopyridine-2(1H)-thione",Trimidox
"5alpha-Pregnane-3,20-dione","Acetamide, 2,2,2-trifluoro-"
"5alpha-Pregnane-3,20-dione",Alloxanic acid
"5alpha-Pregnane-3,20-dione","Benzaldehyde, 2,5-dimethyl-"
"5alpha-Pregnane-3,20-dione",cyclobutanecarboxylic acid
"5alpha-Pregnane-3,20-dione",Delorazepam
"5alpha-Pregnane-3,20-dione","Dimethyl hexopyranosiduronate, alpha-D-"
"5alpha-Pregnane-3,20-dione",Glycine
"5alpha-Pregnane-3,20-dione",Itaconic acid
"5alpha-Pregnane-3,20-dione","N,N-Diethyl-2-aminoethanol"
"5alpha-Pregnane-3,20-dione",Syringaldehyde
"5alpha-Pregnane-3,20-dione",Trimidox
6-Hydroxyflavone-beta-D-glucoside,"Acetohydrazide, 2-(2-isopropyl-5-methylphenoxy)-N2-benzylideno-"
6-Hydroxyflavone-beta-D-glucoside,"Cholest-7-en-3-ol, (3beta,5alpha)-"
6-Hydroxyflavone-beta-D-glucoside,Delorazepam
6-Hydroxyflavone-beta-D-glucoside,"Ethanone, 1-(2,5-dimethoxyphenyl)-"
6-Hydroxyflavone-beta-D-glucoside,L-Norleucine
6-Hydroxyflavone-beta-D-glucoside,Methyl alpha-Lyxofuranoside
6-Hydroxyflavone-beta-D-glucoside,N-Acetyl-L-glutamic acid
6-Hydroxyflavone-beta-D-glucoside,Quazodine
"6-Methoxy-1-methyl-1,2,3,4-tetrahydroisoquinolin-7-ol ", 5-Hydroxyhexanoic acid
"6-Methoxy-1-methyl-1,2,3,4-tetrahydroisoquinolin-7-ol ",Cadaverine
"6-Methoxy-1-methyl-1,2,3,4-tetrahydroisoquinolin-7-ol ",Cyclobutanol
"6-Methoxy-1-methyl-1,2,3,4-tetrahydroisoquinolin-7-ol ",D-Leucylglycylglycine
"6-Methoxy-1-methyl-1,2,3,4-tetrahydroisoquinolin-7-ol ",Doconexent
"6-Methoxy-1-methyl-1,2,3,4-tetrahydroisoquinolin-7-ol ",Docosyl octyl ether
"6-Methoxy-1-methyl-1,2,3,4-tetrahydroisoquinolin-7-ol ",Glyoxime
"6-Methoxy-1-methyl-1,2,3,4-tetrahydroisoquinolin-7-ol ","Guanidine, N,N-dimethyl-"
"6-Methoxy-1-methyl-1,2,3,4-tetrahydroisoquinolin-7-ol ",Methyl isovanillate
"6-Methoxy-1-methyl-1,2,3,4-tetrahydroisoquinolin-7-ol ",Methylmalonic monoamide
"6-Methoxy-1-methyl-1,2,3,4-tetrahydroisoquinolin-7-ol ",Octocrylene
"6-Methoxy-1-methyl-1,2,3,4-tetrahydroisoquinolin-7-ol ","Ribonic acid, 2,3,4,5-tetrakis-"
"6-Methoxy-1-methyl-1,2,3,4-tetrahydroisoquinolin-7-ol ","Stigmast-5-ene, 3beta-"
"6,7,4'-Trihydroxyisoflavone","6,8-Dioxapentadecane"
"6,7,4'-Trihydroxyisoflavone",9-Hexadecenoic acid
"6,7,4'-Trihydroxyisoflavone",9-Octadecenoic acid
"6,7,4'-Trihydroxyisoflavone","Acetin, bis-1,3-trimethylsilyl ether"
"6,7,4'-Trihydroxyisoflavone",Acetoacetic acid
"6,7,4'-Trihydroxyisoflavone",Arsenous acid
"6,7,4'-Trihydroxyisoflavone","Benzaldehyde, 2,5-dimethyl-"
"6,7,4'-Trihydroxyisoflavone","Benzene, 1-acetoxy-2,6-dimethoxy-4-(2-propenyl)-"
"6,7,4'-Trihydroxyisoflavone",Benzeneacetic acid
"6,7,4'-Trihydroxyisoflavone","beta-d-Fructopyranose, 1-deoxy-1-(4-morpholinyl)-2,3,4,5-tetrakis-O-(trimethylsilyl)-"
"6,7,4'-Trihydroxyisoflavone","beta-D-Galactofuranose, 1,2,3,5,6-pentakis-O-(trimethylsilyl)-"
"6,7,4'-Trihydroxyisoflavone", 5-Hydroxyhexanoic acid
"6,7,4'-Trihydroxyisoflavone",Bis(trimethylsilyl)histidine
"6,7,4'-Trihydroxyisoflavone",Cinnamic acid
"6,7,4'-Trihydroxyisoflavone",Cyclobutanol
"6,7,4'-Trihydroxyisoflavone",D-Fructose
"6,7,4'-Trihydroxyisoflavone",D-Leucylglycylglycine
"6,7,4'-Trihydroxyisoflavone",Deoxycholic Acid
"6,7,4'-Trihydroxyisoflavone",Desmosterol
"6,7,4'-Trihydroxyisoflavone",Dihydrouracil
"6,7,4'-Trihydroxyisoflavone",Dinoseb 
"6,7,4'-Trihydroxyisoflavone",DL-Glyceraldehyde
"6,7,4'-Trihydroxyisoflavone",Ecgonine
"6,7,4'-Trihydroxyisoflavone",Eicosapentaenoic acid
"6,7,4'-Trihydroxyisoflavone",Hydracrylic acid
"6,7,4'-Trihydroxyisoflavone",Isofucosterol
"6,7,4'-Trihydroxyisoflavone",Isopropyl palmitate
"6,7,4'-Trihydroxyisoflavone",Isoxaben
"6,7,4'-Trihydroxyisoflavone",L-Threonine
"6,7,4'-Trihydroxyisoflavone",Methyl aminoacetate
"6,7,4'-Trihydroxyisoflavone",Nonadecanoic acid
"6,7,4'-Trihydroxyisoflavone",Nonanal
"6,7,4'-Trihydroxyisoflavone",p-Hydroxydiisopropylbenzene
"6,7,4'-Trihydroxyisoflavone",p-Toluic acid
"6,7,4'-Trihydroxyisoflavone",Petroselinic acid
"6,7,4'-Trihydroxyisoflavone",Phlorizin
"6,7,4'-Trihydroxyisoflavone","Propanetriol, 2-methyl-"
"6,7,4'-Trihydroxyisoflavone",Pyrrole-2-carboxylic acid
"6,7,4'-Trihydroxyisoflavone",Quazodine
"6,7,4'-Trihydroxyisoflavone",Ribitol
"6,7,4'-Trihydroxyisoflavone",Sertraline carbamoyl glucuronide
"6,7,4'-Trihydroxyisoflavone",Stearic acid
"6,7,4'-Trihydroxyisoflavone","Stigmast-5-ene, 3beta-"
"6,7,4'-Trihydroxyisoflavone",Supraene
"6,7,4'-Trihydroxyisoflavone",Tartronic acid
"6,7,4'-Trihydroxyisoflavone",Triethanolamine
"6,7,4'-Trihydroxyisoflavone",L-Tyrosine
"6,7,4'-Trihydroxyisoflavone",Xylose
"6,8-Dioxapentadecane",9-Octadecenoic acid
"6,8-Dioxapentadecane","9H-Purine, 9-(trimethylsilyl)-2,6,8-tris[(trimethylsilyl)oxy]-"
"6,8-Dioxapentadecane",Aceturic acid
"6,8-Dioxapentadecane",alpha-Tocopherol
"6,8-Dioxapentadecane",Arachidonic acid
"6,8-Dioxapentadecane","Benzaldehyde, 2,5-dimethyl-"
"6,8-Dioxapentadecane",Benzeneacetic acid
"6,8-Dioxapentadecane","beta-D-Galactofuranose, 1,2,3,5,6-pentakis-O-(trimethylsilyl)-"
"6,8-Dioxapentadecane",beta-Lyxopyranose
"6,8-Dioxapentadecane", 5-Hydroxyhexanoic acid
"6,8-Dioxapentadecane",Boric acid
"6,8-Dioxapentadecane","Butanoic acid, 2,4-bis[(trimethylsilyl)oxy]-"
"6,8-Dioxapentadecane",Cadaverine
"6,8-Dioxapentadecane",Carfentrazone-ethyl
"6,8-Dioxapentadecane",cis-4-Trimethylsilyloxy-cyclohexyl(trimethylsilyl)carboxylate
"6,8-Dioxapentadecane","Cyclohexene, 3,3-dimethyl-1-(trimethylsilyloxy)-"
"6,8-Dioxapentadecane","D-(+)-Ribono-1,4-lactone (R,S,R)-"
"6,8-Dioxapentadecane","D-(+)-Talofuranose, pentakis"
"6,8-Dioxapentadecane",D-Fructose
"6,8-Dioxapentadecane",D-Leucylglycylglycine
"6,8-Dioxapentadecane",D-Mannose
"6,8-Dioxapentadecane",D-Threitol
"6,8-Dioxapentadecane",Dinoseb 
"6,8-Dioxapentadecane",DL-Glyceraldehyde
"6,8-Dioxapentadecane","DL-Proline, 5-oxo-"
"6,8-Dioxapentadecane","Ethanol, 2-(9-octadecenyloxy)-"
"6,8-Dioxapentadecane","Ethanone, 1-(5-methoxy-2-methyl-3(1H)-indolyl)-"
"6,8-Dioxapentadecane",Ethyl alpha-D-glucopyranoside
"6,8-Dioxapentadecane",Hexanoylglycine
"6,8-Dioxapentadecane",Hydantoic acid
"6,8-Dioxapentadecane",Indole-5-carboxylic acid
"6,8-Dioxapentadecane",Isofucosterol
"6,8-Dioxapentadecane",Isopropyl palmitate
"6,8-Dioxapentadecane",Itaconic acid
"6,8-Dioxapentadecane",Methyl aminoacetate
"6,8-Dioxapentadecane",Methyl-3-methoxy-5-methyl benzoate
"6,8-Dioxapentadecane",Methylmalonic monoamide
"6,8-Dioxapentadecane",N-alpha-Acetyl-L-Lysine
"6,8-Dioxapentadecane",Nitrosothymol
"6,8-Dioxapentadecane",Nonadecanoic acid
"6,8-Dioxapentadecane",p-Hydroxydiisopropylbenzene
"6,8-Dioxapentadecane",p-Toluic acid
"6,8-Dioxapentadecane",Palmitic Acid
"6,8-Dioxapentadecane","Pentanedioic acid, 3-methyl-3-[(trimethylsilyl)oxy]-"
"6,8-Dioxapentadecane",Propylamine
"6,8-Dioxapentadecane",Ribitol
"6,8-Dioxapentadecane","Stigmast-5-ene, 3beta-"
"6,8-Dioxapentadecane",Tartronic acid
"6,8-Dioxapentadecane",Triethanolamine
"6,8-Dioxapentadecane",Urea
7-(Trimethylsilyl)amino-4-methylcoumarin,"7,9-Di-tert-butyl-1-oxaspiro(4,5)deca-6,9-diene-2,8-dione"
7-(Trimethylsilyl)amino-4-methylcoumarin,9-Octadecenoic acid
7-(Trimethylsilyl)amino-4-methylcoumarin,"9H-Fluorene, 9-methylene-"
7-(Trimethylsilyl)amino-4-methylcoumarin,"Acetin, bis-1,3-trimethylsilyl ether"
7-(Trimethylsilyl)amino-4-methylcoumarin,Acetoacetic acid
7-(Trimethylsilyl)amino-4-methylcoumarin,Aceturic acid
7-(Trimethylsilyl)amino-4-methylcoumarin,alpha-Tocopherol
7-(Trimethylsilyl)amino-4-methylcoumarin,"Benzaldehyde, 2,5-dimethyl-"
7-(Trimethylsilyl)amino-4-methylcoumarin,Benzeneacetic acid
7-(Trimethylsilyl)amino-4-methylcoumarin,"Benzenepropanoic acid, 3,5-bis(1,1-dimethylethyl)-4-hydroxy-"
7-(Trimethylsilyl)amino-4-methylcoumarin,"Benzimidazole, 5-trifluoromethyl-2-methyl-"
7-(Trimethylsilyl)amino-4-methylcoumarin,Benzophenone
7-(Trimethylsilyl)amino-4-methylcoumarin, 5-Hydroxyhexanoic acid
7-(Trimethylsilyl)amino-4-methylcoumarin,Campesterol
7-(Trimethylsilyl)amino-4-methylcoumarin,"Cephalotaxine, 3-deoxy-3,11-epoxy-, (3alpha,11alpha)-"
7-(Trimethylsilyl)amino-4-methylcoumarin,Cyclobutanol
7-(Trimethylsilyl)amino-4-methylcoumarin,Cyclohexanol
7-(Trimethylsilyl)amino-4-methylcoumarin,D-(-)-Citramalic acid
7-(Trimethylsilyl)amino-4-methylcoumarin,D-Fructose
7-(Trimethylsilyl)amino-4-methylcoumarin,D-Ornithine
7-(Trimethylsilyl)amino-4-methylcoumarin,D-Threitol
7-(Trimethylsilyl)amino-4-methylcoumarin,Dihydrouracil
7-(Trimethylsilyl)amino-4-methylcoumarin,Dinoseb 
7-(Trimethylsilyl)amino-4-methylcoumarin,Diphenyl ether
7-(Trimethylsilyl)amino-4-methylcoumarin,DL-Glyceraldehyde
7-(Trimethylsilyl)amino-4-methylcoumarin,Doconexent
7-(Trimethylsilyl)amino-4-methylcoumarin,Ethyl alpha-D-glucopyranoside
7-(Trimethylsilyl)amino-4-methylcoumarin,Glycine
7-(Trimethylsilyl)amino-4-methylcoumarin,"Glycine, N-(N-DL-leucylglycyl)-"
7-(Trimethylsilyl)amino-4-methylcoumarin,Indole-3-lactic acid
7-(Trimethylsilyl)amino-4-methylcoumarin,Isofucosterol
7-(Trimethylsilyl)amino-4-methylcoumarin,Isopropyl palmitate
7-(Trimethylsilyl)amino-4-methylcoumarin,Itaconic acid
7-(Trimethylsilyl)amino-4-methylcoumarin,L-Tryptophan
7-(Trimethylsilyl)amino-4-methylcoumarin,Latanoprost lactone diol
7-(Trimethylsilyl)amino-4-methylcoumarin,Methyl aminoacetate
7-(Trimethylsilyl)amino-4-methylcoumarin,Methyl-3-methoxy-5-methyl benzoate
7-(Trimethylsilyl)amino-4-methylcoumarin,Methylmalonic monoamide
7-(Trimethylsilyl)amino-4-methylcoumarin,"N-(Trifluoroacetyl)-N,O,O'-tris(trimethylsilyl)normetanephrine"
7-(Trimethylsilyl)amino-4-methylcoumarin,N-Isovaleroylglycine
7-(Trimethylsilyl)amino-4-methylcoumarin,N-Methyl-N-(tetrahydro-2-furanylmethyl)-4-piperidinamine
7-(Trimethylsilyl)amino-4-methylcoumarin,Niclosamide
7-(Trimethylsilyl)amino-4-methylcoumarin,Nonadecanoic acid
7-(Trimethylsilyl)amino-4-methylcoumarin,"Octane, 1-propoxy-"
7-(Trimethylsilyl)amino-4-methylcoumarin,Pantolactone
7-(Trimethylsilyl)amino-4-methylcoumarin,"Pentanedioic acid, 3-methyl-3-[(trimethylsilyl)oxy]-"
7-(Trimethylsilyl)amino-4-methylcoumarin,Phloroglucinol
7-(Trimethylsilyl)amino-4-methylcoumarin,Picolinic acid
7-(Trimethylsilyl)amino-4-methylcoumarin,Pimelic acid
7-(Trimethylsilyl)amino-4-methylcoumarin,"Propanetriol, 2-methyl-"
7-(Trimethylsilyl)amino-4-methylcoumarin,"Propanoic acid, 2-methyl-"
7-(Trimethylsilyl)amino-4-methylcoumarin,Propylamine
7-(Trimethylsilyl)amino-4-methylcoumarin,Salsoline
7-(Trimethylsilyl)amino-4-methylcoumarin,"Stigmast-5-ene, 3beta-"
7-(Trimethylsilyl)amino-4-methylcoumarin,"Tacrine, N-trimethylsilyl-"
7-(Trimethylsilyl)amino-4-methylcoumarin,Tartronic acid
7-(Trimethylsilyl)amino-4-methylcoumarin,Thymidine
7-(Trimethylsilyl)amino-4-methylcoumarin,Triethanolamine
7-(Trimethylsilyl)amino-4-methylcoumarin,Urea
"7-Acetyl-6-ethyl-1,1,4,4-tetramethyltetralin ",Alloxanic acid
"7-Acetyl-6-ethyl-1,1,4,4-tetramethyltetralin ","Benzene, 1-acetoxy-2,6-dimethoxy-4-(2-propenyl)-"
"7-Acetyl-6-ethyl-1,1,4,4-tetramethyltetralin ","Benzene, 1,1'-(1,2-cyclobutanediyl)bis-"
"7-Acetyl-6-ethyl-1,1,4,4-tetramethyltetralin ","Benzo[b]fluorene, 5-amino-7-methyl-1,2,3,4,6,7,8,9-octahydro-11-thia-10-aza-"
"7-Acetyl-6-ethyl-1,1,4,4-tetramethyltetralin ",Butyrovanillone
"7-Acetyl-6-ethyl-1,1,4,4-tetramethyltetralin ",D-(-)-Citramalic acid
"7-Acetyl-6-ethyl-1,1,4,4-tetramethyltetralin ",D-Ribose
"7-Acetyl-6-ethyl-1,1,4,4-tetramethyltetralin ",Dinoseb 
"7-Acetyl-6-ethyl-1,1,4,4-tetramethyltetralin ",Isofucosterol
"7-Acetyl-6-ethyl-1,1,4,4-tetramethyltetralin ","N-isobutyl-2-(trimethylsilyloxy]-4,5-dihydro-1H-imidazole-1-carboxamide"
"7-Acetyl-6-ethyl-1,1,4,4-tetramethyltetralin ",Tributyl acetylcitrate
"7-Acetyl-6-ethyl-1,1,4,4-tetramethyltetralin ",L-Tyrosine
"7-Isoquinolinol, 1,2,3,4-tetrahydro-1-[(4-hydroxyphenyl)methyl]-6-methoxy-","Benzo[b]fluorene, 5-amino-7-methyl-1,2,3,4,6,7,8,9-octahydro-11-thia-10-aza-"
"7-Isoquinolinol, 1,2,3,4-tetrahydro-1-[(4-hydroxyphenyl)methyl]-6-methoxy-",Bis(trimethylsilyl)histidine
"7-Isoquinolinol, 1,2,3,4-tetrahydro-1-[(4-hydroxyphenyl)methyl]-6-methoxy-",Hexanedioic acid
"7-Isoquinolinol, 1,2,3,4-tetrahydro-1-[(4-hydroxyphenyl)methyl]-6-methoxy-",Indole-3-carboxaldehyde
"7-Isoquinolinol, 1,2,3,4-tetrahydro-1-[(4-hydroxyphenyl)methyl]-6-methoxy-",L-5-Oxoproline
"7-Isoquinolinol, 1,2,3,4-tetrahydro-1-[(4-hydroxyphenyl)methyl]-6-methoxy-",L-Methionine
"7-Isoquinolinol, 1,2,3,4-tetrahydro-1-[(4-hydroxyphenyl)methyl]-6-methoxy-",L-Proline
"7-Isoquinolinol, 1,2,3,4-tetrahydro-1-[(4-hydroxyphenyl)methyl]-6-methoxy-",Naphthofluorescein
"7-Isoquinolinol, 1,2,3,4-tetrahydro-1-[(4-hydroxyphenyl)methyl]-6-methoxy-","Quinolin-4-one, 1-[2-(3,4-dimethoxyphenyl)ethyl]-octahydro-"
"7-Isoquinolinol, 1,2,3,4-tetrahydro-1-[(4-hydroxyphenyl)methyl]-6-methoxy-",Sinomenin
"7-Isoquinolinol, 1,2,3,4-tetrahydro-1-[(4-hydroxyphenyl)methyl]-6-methoxy-",Thymidine
"7-Isoquinolinol, 1,2,3,4-tetrahydro-1-[(4-hydroxyphenyl)methyl]-6-methoxy-",Xylose
"7,9-Di-tert-butyl-1-oxaspiro(4,5)deca-6,9-diene-2,8-dione",Alloxanic acid
"7,9-Di-tert-butyl-1-oxaspiro(4,5)deca-6,9-diene-2,8-dione",alpha-Tocopherol
"7,9-Di-tert-butyl-1-oxaspiro(4,5)deca-6,9-diene-2,8-dione","Arabinofuranose, 1,2,3,5-tetrakis-O-"
"7,9-Di-tert-butyl-1-oxaspiro(4,5)deca-6,9-diene-2,8-dione","Benzaldehyde, 2,5-dimethyl-"
"7,9-Di-tert-butyl-1-oxaspiro(4,5)deca-6,9-diene-2,8-dione","Benzimidazole, 5-trifluoromethyl-2-methyl-"
"7,9-Di-tert-butyl-1-oxaspiro(4,5)deca-6,9-diene-2,8-dione",Cyclohexanol
"7,9-Di-tert-butyl-1-oxaspiro(4,5)deca-6,9-diene-2,8-dione",D-Ornithine
"7,9-Di-tert-butyl-1-oxaspiro(4,5)deca-6,9-diene-2,8-dione",Decanoic acid
"7,9-Di-tert-butyl-1-oxaspiro(4,5)deca-6,9-diene-2,8-dione",Diphenyl ether
"7,9-Di-tert-butyl-1-oxaspiro(4,5)deca-6,9-diene-2,8-dione","Dodecanoic acid, 1-methylethyl ester"
"7,9-Di-tert-butyl-1-oxaspiro(4,5)deca-6,9-diene-2,8-dione",Dodecylcyclohexane
"7,9-Di-tert-butyl-1-oxaspiro(4,5)deca-6,9-diene-2,8-dione","Ethanamine, N,N-diethyl-2,2-dimethyl-2-[(3,5-dimethoxy)phenyl]-"
"7,9-Di-tert-butyl-1-oxaspiro(4,5)deca-6,9-diene-2,8-dione","Ethanol, 2-(9-octadecenyloxy)-"
"7,9-Di-tert-butyl-1-oxaspiro(4,5)deca-6,9-diene-2,8-dione","Ethanone, 1-(2,5-dimethoxyphenyl)-"
"7,9-Di-tert-butyl-1-oxaspiro(4,5)deca-6,9-diene-2,8-dione",Glycine
"7,9-Di-tert-butyl-1-oxaspiro(4,5)deca-6,9-diene-2,8-dione","Glycine, N-(N-DL-leucylglycyl)-"
"7,9-Di-tert-butyl-1-oxaspiro(4,5)deca-6,9-diene-2,8-dione",Glyoxime
"7,9-Di-tert-butyl-1-oxaspiro(4,5)deca-6,9-diene-2,8-dione",Heptadecanoic acid
"7,9-Di-tert-butyl-1-oxaspiro(4,5)deca-6,9-diene-2,8-dione",Hexanoic acid
"7,9-Di-tert-butyl-1-oxaspiro(4,5)deca-6,9-diene-2,8-dione","Methyl (3,4-dimethoxyphenyl)(hydroxy)acetate"
"7,9-Di-tert-butyl-1-oxaspiro(4,5)deca-6,9-diene-2,8-dione",Methyl alpha-Lyxofuranoside
"7,9-Di-tert-butyl-1-oxaspiro(4,5)deca-6,9-diene-2,8-dione","N,N-Dimethyl-2-cyclohexyloxyethylamine"
"7,9-Di-tert-butyl-1-oxaspiro(4,5)deca-6,9-diene-2,8-dione",Niclosamide
"7,9-Di-tert-butyl-1-oxaspiro(4,5)deca-6,9-diene-2,8-dione",Nonadecanoic acid
"7,9-Di-tert-butyl-1-oxaspiro(4,5)deca-6,9-diene-2,8-dione",Nonanal
"7,9-Di-tert-butyl-1-oxaspiro(4,5)deca-6,9-diene-2,8-dione",Octanoic acid
"7,9-Di-tert-butyl-1-oxaspiro(4,5)deca-6,9-diene-2,8-dione",Pantolactone
"7,9-Di-tert-butyl-1-oxaspiro(4,5)deca-6,9-diene-2,8-dione",Pentadecanoic acid
"7,9-Di-tert-butyl-1-oxaspiro(4,5)deca-6,9-diene-2,8-dione",Phenanthridin-6-ol 
"7,9-Di-tert-butyl-1-oxaspiro(4,5)deca-6,9-diene-2,8-dione",Phloroglucinol
"7,9-Di-tert-butyl-1-oxaspiro(4,5)deca-6,9-diene-2,8-dione",Picolinic acid
"7,9-Di-tert-butyl-1-oxaspiro(4,5)deca-6,9-diene-2,8-dione",Pimelic acid
"7,9-Di-tert-butyl-1-oxaspiro(4,5)deca-6,9-diene-2,8-dione","Propanetriol, 2-methyl-"
"7,9-Di-tert-butyl-1-oxaspiro(4,5)deca-6,9-diene-2,8-dione","Propanoic acid, 2-methyl-"
"7,9-Di-tert-butyl-1-oxaspiro(4,5)deca-6,9-diene-2,8-dione",Vanillylmandelic acid
9-Hexadecenoic acid,"9H-Purine, 9-(trimethylsilyl)-2,6,8-tris[(trimethylsilyl)oxy]-"
9-Hexadecenoic acid,"Acetohydrazide, 2-(2-isopropyl-5-methylphenoxy)-N2-benzylideno-"
9-Hexadecenoic acid,alpha-Linolenic acid
9-Hexadecenoic acid,"Aziridine, 1-(2-buten-2-yl)-"
9-Hexadecenoic acid,"Benzene, 1-acetoxy-2,6-dimethoxy-4-(2-propenyl)-"
9-Hexadecenoic acid,"Benzoic acid, methyl ester"
9-Hexadecenoic acid,beta-Lyxopyranose
9-Hexadecenoic acid,Butylated Hydroxytoluene
9-Hexadecenoic acid,"Cholesta-3,5-dien-7-one"
9-Hexadecenoic acid,Cinnamic acid
9-Hexadecenoic acid,"D-Isoleucine, N-acetyl-"
9-Hexadecenoic acid,Desmosterol
9-Hexadecenoic acid,Docosyl octyl ether
9-Hexadecenoic acid,Glyoxime
9-Hexadecenoic acid,Isonicotinic Acid
9-Hexadecenoic acid,l-Histidine ethyl ester
9-Hexadecenoic acid,Levulinic acid
9-Hexadecenoic acid,N-Isovaleroylglycine
9-Hexadecenoic acid,Nonanal
9-Hexadecenoic acid,"Oxalic acid, allyl octyl ester"
9-Hexadecenoic acid,Pentanoic acid
9-Hexadecenoic acid,Phenol
9-Hexadecenoic acid,phenoxyethanol
9-Hexadecenoic acid,"Pyrazine, 3,6-dihydro-3,6-dimethyl-"
9-Hexadecenoic acid,Sertraline carbamoyl glucuronide
9-Hexadecenoic acid,Supraene
9-Hexadecenoic acid,Tartronic acid
9-Hexadecenoic acid,Xylitol
9-Octadecenamide,"9,12-Octadecadienoic acid"
9-Octadecenamide,"9H-Purine, 9-(trimethylsilyl)-2,6,8-tris[(trimethylsilyl)oxy]-"
9-Octadecenamide,"Acetohydrazide, 2-(2-isopropyl-5-methylphenoxy)-N2-benzylideno-"
9-Octadecenamide,Arachidonic acid
9-Octadecenamide,"Cetaben, N,O-bis(trimethylsilyl)-"
9-Octadecenamide,D-Ribose
9-Octadecenamide,Indole-5-carboxylic acid
9-Octadecenamide,Ketamine 
9-Octadecenamide,L-Alanine
9-Octadecenamide,Sertraline carbamoyl glucuronide
9-Octadecenoic acid,"9H-Fluorene, 9-methylene-"
9-Octadecenoic acid,"Acetamide, N,N-diethyl-"
9-Octadecenoic acid,"Acetin, bis-1,3-trimethylsilyl ether"
9-Octadecenoic acid,Aceturic acid
9-Octadecenoic acid,Alloxanic acid
9-Octadecenoic acid,"alpha-L-Galactopyranoside, methyl 6-deoxy-, (R,R,R,S,S)-"
9-Octadecenoic acid,alpha-Tocopherol
9-Octadecenoic acid,Ammeline
9-Octadecenoic acid,Arachidonic acid
9-Octadecenoic acid,Arsenous acid
9-Octadecenoic acid,"Benzaldehyde, 2,5-dimethyl-"
9-Octadecenoic acid,Benzeneacetic acid
9-Octadecenoic acid,"Benzimidazole, 5-trifluoromethyl-2-methyl-"
9-Octadecenoic acid,"Benzo[b]fluorene, 5-amino-7-methyl-1,2,3,4,6,7,8,9-octahydro-11-thia-10-aza-"
9-Octadecenoic acid,"Benzoic acid, pentadecyl ester"
9-Octadecenoic acid,Benzophenone
9-Octadecenoic acid,"beta-d-Fructopyranose, 1-deoxy-1-(4-morpholinyl)-2,3,4,5-tetrakis-O-(trimethylsilyl)-"
9-Octadecenoic acid,"beta-D-Galactofuranose, 1,2,3,5,6-pentakis-O-(trimethylsilyl)-"
9-Octadecenoic acid,beta-Lyxopyranose
9-Octadecenoic acid, 5-Hydroxyhexanoic acid
9-Octadecenoic acid,Butanedioic acid
9-Octadecenoic acid,"Butanoic acid, 2,4-bis[(trimethylsilyl)oxy]-"
9-Octadecenoic acid,Cadaverine
9-Octadecenoic acid,Carfentrazone-ethyl
9-Octadecenoic acid,"Cholest-7-en-3-ol, (3beta,5alpha)-"
9-Octadecenoic acid,"Cholesta-3,5-dien-7-one"
9-Octadecenoic acid,Cinnamic acid
9-Octadecenoic acid,cis-4-Trimethylsilyloxy-cyclohexyl(trimethylsilyl)carboxylate
9-Octadecenoic acid,Cyclohexanol
9-Octadecenoic acid,"Cyclopentaneacetic acid, 3-oxo-2-pentyl-"
9-Octadecenoic acid,"Cyclopentanone, 2,2,4-trimethyl-"
9-Octadecenoic acid,D-(-)-Citramalic acid
9-Octadecenoic acid,"D-(+)-Ribono-1,4-lactone (R,S,R)-"
9-Octadecenoic acid,D-Fructose
9-Octadecenoic acid,D-Proline
9-Octadecenoic acid,Deoxycholic Acid
9-Octadecenoic acid,Desmosterol
9-Octadecenoic acid,Dihydrouracil
9-Octadecenoic acid,Dinoseb 
9-Octadecenoic acid,Diphenyl ether
9-Octadecenoic acid,DL-Glyceraldehyde
9-Octadecenoic acid,"DL-Proline, 5-oxo-"
9-Octadecenoic acid,"Dodecane, 4,6-dimethyl-"
9-Octadecenoic acid,Ethyl alpha-D-glucopyranoside
9-Octadecenoic acid,"Furan, 2-pentyl-"
9-Octadecenoic acid,Glycine
9-Octadecenoic acid,Hexanoic acid
9-Octadecenoic acid,Hydantoic acid
9-Octadecenoic acid,Hydroquinidine
9-Octadecenoic acid,Indole-3-lactic acid
9-Octadecenoic acid,Indole-5-carboxylic acid
9-Octadecenoic acid,Isofucosterol
9-Octadecenoic acid,Isopropyl palmitate
9-Octadecenoic acid,Itaconic acid
9-Octadecenoic acid,L-Threitol
9-Octadecenoic acid,Methyl aminoacetate
9-Octadecenoic acid,Methyl-3-methoxy-5-methyl benzoate
9-Octadecenoic acid,Methylmalonic monoamide
9-Octadecenoic acid,Myristic acid
9-Octadecenoic acid,"N-(Trifluoroacetyl)-N,O,O'-tris(trimethylsilyl)normetanephrine"
9-Octadecenoic acid,N-Isovaleroylglycine
9-Octadecenoic acid,N-Methyl-N-(tetrahydro-2-furanylmethyl)-4-piperidinamine
9-Octadecenoic acid,"N,O-Bis(trimethylsilyl)carbamate"
9-Octadecenoic acid,Neostigmine 
9-Octadecenoic acid,Niclosamide
9-Octadecenoic acid,Nonadecanoic acid
9-Octadecenoic acid,Nonanal
9-Octadecenoic acid,"Octane, 1-propoxy-"
9-Octadecenoic acid,"Oxalic acid, allyl octyl ester"
9-Octadecenoic acid,p-Toluic acid
9-Octadecenoic acid,"Pentanedioic acid, 3-methyl-3-[(trimethylsilyl)oxy]-"
9-Octadecenoic acid,"Pentenoic acid, 4-[(trimethylsilyl)oxy]-"
9-Octadecenoic acid,Petroselinic acid
9-Octadecenoic acid,Phenoxyacetic acid
9-Octadecenoic acid,Phenylalanine
9-Octadecenoic acid,Phloroglucinol
9-Octadecenoic acid,"Propanetriol, 2-methyl-"
9-Octadecenoic acid,Propylamine
9-Octadecenoic acid,"Pyrimidine, 5-methyl-2,4-bis[(trimethylsilyl)oxy]-"
9-Octadecenoic acid,S-Methyl-L-cysteine
9-Octadecenoic acid,Salsoline
9-Octadecenoic acid,Sertraline carbamoyl glucuronide
9-Octadecenoic acid,"Stigmast-5-ene, 3beta-"
9-Octadecenoic acid,Supraene
9-Octadecenoic acid,Tartronic acid
9-Octadecenoic acid,Triethanolamine
9-Octadecenoic acid,L-Tyrosine
"9,12-Octadecadienoic acid","Acetin, bis-1,3-trimethylsilyl ether"
"9,12-Octadecadienoic acid","Acetohydrazide, 2-(2-isopropyl-5-methylphenoxy)-N2-benzylideno-"
"9,12-Octadecadienoic acid",Arsenous acid
"9,12-Octadecadienoic acid","Benzene, 4-ethenyl-1,2-dimethoxy-"
"9,12-Octadecadienoic acid",Butyrovanillone
"9,12-Octadecadienoic acid",Hydantoic acid
"9,12-Octadecadienoic acid",Ketamine 
"9,12-Octadecadienoic acid",L-5-Oxoproline
"9,12-Octadecadienoic acid","Pentenoic acid, 4-[(trimethylsilyl)oxy]-"
"9,12-Octadecadienoic acid",Vanillylmandelic acid
"9(E),11(E)-Conjugated linoleic acid",alpha-Tocopherol
"9(E),11(E)-Conjugated linoleic acid",Atrazine desethyl
"9(E),11(E)-Conjugated linoleic acid","Benzene, 1,1'-(1,2-cyclobutanediyl)bis-"
"9(E),11(E)-Conjugated linoleic acid",Benzeneacetic acid
"9(E),11(E)-Conjugated linoleic acid",Benzenepropanoic acid
"9(E),11(E)-Conjugated linoleic acid", 5-Hydroxyhexanoic acid
"9(E),11(E)-Conjugated linoleic acid","Cyclopentanone, 2,2,4-trimethyl-"
"9(E),11(E)-Conjugated linoleic acid",Dimethyl fumarate
"9(E),11(E)-Conjugated linoleic acid",DL-Ornithine
"9(E),11(E)-Conjugated linoleic acid",DL-Phenylalanine
"9(E),11(E)-Conjugated linoleic acid",Erythritol
"9(E),11(E)-Conjugated linoleic acid","Ethanone, 1-(5-methoxy-2-methyl-3(1H)-indolyl)-"
"9(E),11(E)-Conjugated linoleic acid",Indole-5-carboxylic acid
"9(E),11(E)-Conjugated linoleic acid",Itaconic acid
"9(E),11(E)-Conjugated linoleic acid",L-Isoleucine
"9(E),11(E)-Conjugated linoleic acid",L-Proline
"9(E),11(E)-Conjugated linoleic acid",Methyl-3-methoxy-5-methyl benzoate
"9(E),11(E)-Conjugated linoleic acid",Nonanoic acid
"9(E),11(E)-Conjugated linoleic acid","Propanetriol, 2-methyl-"
"9(E),11(E)-Conjugated linoleic acid",Pyroglutamic acid
"9(E),11(E)-Conjugated linoleic acid",Tartronic acid
"9H-Fluorene, 9-methylene-","Acetic acid, bis[(trimethylsilyl)oxyl]-"
"9H-Fluorene, 9-methylene-",Acetoacetic acid
"9H-Fluorene, 9-methylene-","Benzeneethanamine, N-[(pentafluorophenyl)methylene]-4-[(trimethylsilyl)oxy]-"
"9H-Fluorene, 9-methylene-",Butylmethylamine
"9H-Fluorene, 9-methylene-","Cholest-7-en-3-ol, (3beta,5alpha)-"
"9H-Fluorene, 9-methylene-","Cyclohexanone, 3,3,5-trimethyl-"
"9H-Fluorene, 9-methylene-",D-Arabinose
"9H-Fluorene, 9-methylene-","D-Isoleucine, N-acetyl-"
"9H-Fluorene, 9-methylene-","D-Xylofuranose, 1,2,3,5-tetrakis-O-"
"9H-Fluorene, 9-methylene-",Diphenyl ether
"9H-Fluorene, 9-methylene-","Glycine, N-(1-oxobutyl)-"
"9H-Fluorene, 9-methylene-",Hydantoic acid
"9H-Fluorene, 9-methylene-",Isonicotinic Acid
"9H-Fluorene, 9-methylene-","Isoquinoline, 3,4-dihydro-6,7-dimethoxy-1-[4-hydroxybenzyl]-"
"9H-Fluorene, 9-methylene-",Itaconic acid
"9H-Fluorene, 9-methylene-","Methyl (3,4-dimethoxyphenyl)(hydroxy)acetate"
"9H-Fluorene, 9-methylene-","N,N-Diethyl-2-aminoethanol"
"9H-Fluorene, 9-methylene-",Niacin
"9H-Fluorene, 9-methylene-",Niclosamide
"9H-Fluorene, 9-methylene-",Stearic acid
"9H-Fluorene, 9-methylene-","Talonic acid, gamma-lactone"
"9H-Fluorene, 9-methylene-",L-Tyrosine
"9H-Purine, 9-(trimethylsilyl)-2,6,8-tris[(trimethylsilyl)oxy]-",Arsenous acid
"9H-Purine, 9-(trimethylsilyl)-2,6,8-tris[(trimethylsilyl)oxy]-",Deoxycholic Acid
"9H-Purine, 9-(trimethylsilyl)-2,6,8-tris[(trimethylsilyl)oxy]-",Glyceric acid
"9H-Purine, 9-(trimethylsilyl)-2,6,8-tris[(trimethylsilyl)oxy]-",Luteolin 
"9H-Purine, 9-(trimethylsilyl)-2,6,8-tris[(trimethylsilyl)oxy]-",Pimelic acid
"9H-Purine, 9-(trimethylsilyl)-2,6,8-tris[(trimethylsilyl)oxy]-",Ribitol
"9H-Purine, 9-(trimethylsilyl)-2,6,8-tris[(trimethylsilyl)oxy]-",Xylitol
"Acetamide, 2,2,2-trifluoro-",Alloxanic acid
"Acetamide, 2,2,2-trifluoro-","Benzeneethanamine, N-[(pentafluorophenyl)methylene]-4-[(trimethylsilyl)oxy]-"
"Acetamide, 2,2,2-trifluoro-",D-Ornithine
"Acetamide, 2,2,2-trifluoro-",Decanoic acid
"Acetamide, 2,2,2-trifluoro-",Deoxycholic Acid
"Acetamide, 2,2,2-trifluoro-",Dopamine
"Acetamide, 2,2,2-trifluoro-",Glucose
"Acetamide, 2,2,2-trifluoro-",Isofucosterol
"Acetamide, 2,2,2-trifluoro-",Isopropyl palmitate
"Acetamide, 2,2,2-trifluoro-",Latanoprost lactone diol
"Acetamide, 2,2,2-trifluoro-",Methyl isovanillate
"Acetamide, 2,2,2-trifluoro-",Naphthofluorescein
"Acetamide, 2,2,2-trifluoro-",Octanoic acid
"Acetamide, 2,2,2-trifluoro-",Phenol
"Acetamide, 2,2,2-trifluoro-",Phlorizin
"Acetamide, 2,2,2-trifluoro-",S-Methyl-L-cysteine
"Acetamide, 2,2,2-trifluoro-",Ser-Leu
"Acetamide, 2,2,2-trifluoro-",Stearic acid
"Acetamide, 2,2,2-trifluoro-",Supraene
"Acetamide, 2,2,2-trifluoro-",L-Tyrosine
"Acetamide, N,N-diethyl-","Acetic acid, bis[(trimethylsilyl)oxyl]-"
"Acetamide, N,N-diethyl-",Arabinaric acid
"Acetamide, N,N-diethyl-",Arachidonic acid
"Acetamide, N,N-diethyl-",Azatadine
"Acetamide, N,N-diethyl-","Benzimidazole, 5-trifluoromethyl-2-methyl-"
"Acetamide, N,N-diethyl-","Benzoic acid, pentadecyl ester"
"Acetamide, N,N-diethyl-",beta-Lyxopyranose
"Acetamide, N,N-diethyl-",Butanedioic acid
"Acetamide, N,N-diethyl-",Butylated Hydroxytoluene
"Acetamide, N,N-diethyl-",Butyrovanillone
"Acetamide, N,N-diethyl-","Cetaben, N,O-bis(trimethylsilyl)-"
"Acetamide, N,N-diethyl-",Cyclohexanol
"Acetamide, N,N-diethyl-","Cyclohexanone, 3,3,5-trimethyl-"
"Acetamide, N,N-diethyl-",D-Fructose
"Acetamide, N,N-diethyl-",D-Ornithine
"Acetamide, N,N-diethyl-",D-Ribose
"Acetamide, N,N-diethyl-",Dodecanoic acid
"Acetamide, N,N-diethyl-",Dodecylcyclohexane
"Acetamide, N,N-diethyl-",Eicosapentaenoic acid
"Acetamide, N,N-diethyl-",Ethyl alpha-D-glucopyranoside
"Acetamide, N,N-diethyl-","Furan, 2-pentyl-"
"Acetamide, N,N-diethyl-","Guanidine, N,N-dimethyl-"
"Acetamide, N,N-diethyl-",Heptanoic acid
"Acetamide, N,N-diethyl-",Hexanoic acid
"Acetamide, N,N-diethyl-",Isopropyl palmitate
"Acetamide, N,N-diethyl-",Levulinic acid
"Acetamide, N,N-diethyl-","Morpholine, 4-[2,3,4,6-tetrakis-O-(trimethylsilyl)-alpha-d-mannopyranosyl]-"
"Acetamide, N,N-diethyl-",Myristic acid
"Acetamide, N,N-diethyl-",N-Methyl-N-(tetrahydro-2-furanylmethyl)-4-piperidinamine
"Acetamide, N,N-diethyl-",Nonanal
"Acetamide, N,N-diethyl-",Octanoic acid
"Acetamide, N,N-diethyl-",p-Hydroxydiisopropylbenzene
"Acetamide, N,N-diethyl-",Pentadecanoic acid
"Acetamide, N,N-diethyl-",Pentanoic acid
"Acetamide, N,N-diethyl-",Phenol
"Acetamide, N,N-diethyl-",Phenylalanine
"Acetamide, N,N-diethyl-",Propylamine
"Acetamide, N,N-diethyl-",Pyrrole-2-carboxylic acid
"Acetamide, N,N-diethyl-",Ser-Leu
"Acetamide, N,N-diethyl-",Sertraline carbamoyl glucuronide
"Acetamide, N,N-diethyl-",Supraene
"Acetamide, N,N-diethyl-",Triethanolamine
"Acetamide, N,N-diethyl-",Tris(trimethylsilyl)carbamate
"Acetamide, N,N-diethyl-",L-Tyrosine
"Acetamide, N,N-diethyl-",Valylglycine
"Acetic acid, bis[(trimethylsilyl)oxyl]-","Acetin, bis-1,3-trimethylsilyl ether"
"Acetic acid, bis[(trimethylsilyl)oxyl]-",Arachidonic acid
"Acetic acid, bis[(trimethylsilyl)oxyl]-",Azatadine
"Acetic acid, bis[(trimethylsilyl)oxyl]-","Benzene, 1-acetoxy-2,6-dimethoxy-4-(2-propenyl)-"
"Acetic acid, bis[(trimethylsilyl)oxyl]-",Benzyl alcohol
"Acetic acid, bis[(trimethylsilyl)oxyl]-","Butanoic acid, 2,4-bis[(trimethylsilyl)oxy]-"
"Acetic acid, bis[(trimethylsilyl)oxyl]-",Butylmethylamine
"Acetic acid, bis[(trimethylsilyl)oxyl]-","Cyclohexanone, 3,3,5-trimethyl-"
"Acetic acid, bis[(trimethylsilyl)oxyl]-",Dicyclohexylamine
"Acetic acid, bis[(trimethylsilyl)oxyl]-",DL-Ornithine
"Acetic acid, bis[(trimethylsilyl)oxyl]-",Dodecylcyclohexane
"Acetic acid, bis[(trimethylsilyl)oxyl]-",Ethyl alpha-D-glucopyranoside
"Acetic acid, bis[(trimethylsilyl)oxyl]-",Fenitrothion
"Acetic acid, bis[(trimethylsilyl)oxyl]-","Guanidine, N,N-dimethyl-"
"Acetic acid, bis[(trimethylsilyl)oxyl]-",Heptanoic acid
"Acetic acid, bis[(trimethylsilyl)oxyl]-",Hexanoic acid
"Acetic acid, bis[(trimethylsilyl)oxyl]-",Lactic Acid
"Acetic acid, bis[(trimethylsilyl)oxyl]-",Myristic acid
"Acetic acid, bis[(trimethylsilyl)oxyl]-","N,N-Diethyl-2-aminoethanol"
"Acetic acid, bis[(trimethylsilyl)oxyl]-","Octane, 1-propoxy-"
"Acetic acid, bis[(trimethylsilyl)oxyl]-",Phenol
"Acetic acid, bis[(trimethylsilyl)oxyl]-",Phenoxyacetic acid
"Acetic acid, bis[(trimethylsilyl)oxyl]-","Piperidine, 1-(1-methylpentyl)-"
"Acetic acid, bis[(trimethylsilyl)oxyl]-",Pyrrole-2-carboxylic acid
"Acetic acid, bis[(trimethylsilyl)oxyl]-",S-Methyl-L-cysteine
"Acetic acid, bis[(trimethylsilyl)oxyl]-","Spiro[cyclopenta[d]-1,3,2-dioxaborin-4(5H),1'-cyclopentane], 2-ethyl-6,7-dihydro-"
"Acetic acid, bis[(trimethylsilyl)oxyl]-",Trimethylsilyl oct-2-enoate 
"Acetic acid, bis[(trimethylsilyl)oxyl]-",Tris(trimethylsilyl)carbamate
"Acetic acid, bis[(trimethylsilyl)oxyl]-",Valylglycine
"Acetin, bis-1,3-trimethylsilyl ether",Arachidonic acid
"Acetin, bis-1,3-trimethylsilyl ether",Azatadine
"Acetin, bis-1,3-trimethylsilyl ether",Benzeneacetamide
"Acetin, bis-1,3-trimethylsilyl ether","Benzenemethanamine, 2,3-dimethoxy-"
"Acetin, bis-1,3-trimethylsilyl ether", 5-Hydroxyhexanoic acid
"Acetin, bis-1,3-trimethylsilyl ether","Butanoic acid, 2,4-bis[(trimethylsilyl)oxy]-"
"Acetin, bis-1,3-trimethylsilyl ether",Butylmethylamine
"Acetin, bis-1,3-trimethylsilyl ether",Cadaverine
"Acetin, bis-1,3-trimethylsilyl ether",Cyclobutanol
"Acetin, bis-1,3-trimethylsilyl ether",D-(-)-Citramalic acid
"Acetin, bis-1,3-trimethylsilyl ether",D-Fructose
"Acetin, bis-1,3-trimethylsilyl ether",Dinoseb 
"Acetin, bis-1,3-trimethylsilyl ether",Diphenyl ether
"Acetin, bis-1,3-trimethylsilyl ether","Dodecane, 4,6-dimethyl-"
"Acetin, bis-1,3-trimethylsilyl ether",Ethyl alpha-D-glucopyranoside
"Acetin, bis-1,3-trimethylsilyl ether",Indole-5-carboxylic acid
"Acetin, bis-1,3-trimethylsilyl ether",Isofucosterol
"Acetin, bis-1,3-trimethylsilyl ether",L-Threitol
"Acetin, bis-1,3-trimethylsilyl ether",Methyl aminoacetate
"Acetin, bis-1,3-trimethylsilyl ether","N-(Trifluoroacetyl)-N,O,O'-tris(trimethylsilyl)normetanephrine"
"Acetin, bis-1,3-trimethylsilyl ether",N-Methyl-N-(tetrahydro-2-furanylmethyl)-4-piperidinamine
"Acetin, bis-1,3-trimethylsilyl ether","N,N-Diethyl-2-aminoethanol"
"Acetin, bis-1,3-trimethylsilyl ether",Neostigmine 
"Acetin, bis-1,3-trimethylsilyl ether",Nonadecanoic acid
"Acetin, bis-1,3-trimethylsilyl ether",Nonanal
"Acetin, bis-1,3-trimethylsilyl ether","Octane, 1-propoxy-"
"Acetin, bis-1,3-trimethylsilyl ether","Pentanedioic acid, 3-methyl-3-[(trimethylsilyl)oxy]-"
"Acetin, bis-1,3-trimethylsilyl ether",Phenoxyacetic acid
"Acetin, bis-1,3-trimethylsilyl ether","Propanetriol, 2-methyl-"
"Acetin, bis-1,3-trimethylsilyl ether",Quazodine
"Acetin, bis-1,3-trimethylsilyl ether",S-Methyl-L-cysteine
"Acetin, bis-1,3-trimethylsilyl ether",Salsoline
"Acetin, bis-1,3-trimethylsilyl ether","Stigmast-5-ene, 3beta-"
"Acetin, bis-1,3-trimethylsilyl ether",Tartronic acid
"Acetin, bis-1,3-trimethylsilyl ether",L-Tyrosine
Acetoacetic acid,"Acetohydrazide, 2-(2-isopropyl-5-methylphenoxy)-N2-benzylideno-"
Acetoacetic acid,Aceturic acid
Acetoacetic acid,alpha-Tocopherol
Acetoacetic acid,"Benzaldehyde, 2,5-dimethyl-"
Acetoacetic acid,Benzeneacetic acid
Acetoacetic acid,"Benzimidazole, 5-trifluoromethyl-2-methyl-"
Acetoacetic acid,Benzophenone
Acetoacetic acid,"beta-D-Galactofuranose, 1,2,3,5,6-pentakis-O-(trimethylsilyl)-"
Acetoacetic acid, 5-Hydroxyhexanoic acid
Acetoacetic acid,"Butanoic acid, 2,4-bis[(trimethylsilyl)oxy]-"
Acetoacetic acid,Butylmethylamine
Acetoacetic acid,"Cephalotaxine, 3-deoxy-3,11-epoxy-, (3alpha,11alpha)-"
Acetoacetic acid,cis-4-Trimethylsilyloxy-cyclohexyl(trimethylsilyl)carboxylate
Acetoacetic acid,Cyclohexanol
Acetoacetic acid,"Cyclohexene, 3,3-dimethyl-1-(trimethylsilyloxy)-"
Acetoacetic acid,"Cyclopentaneacetic acid, 3-oxo-2-pentyl-"
Acetoacetic acid,D-Fructose
Acetoacetic acid,D-Leucylglycylglycine
Acetoacetic acid,Dihydrouracil
Acetoacetic acid,Dinoseb 
Acetoacetic acid,Diphenyl ether
Acetoacetic acid,Doconexent
Acetoacetic acid,"Ethanamine, N,N-diethyl-2,2-dimethyl-2-[(3,5-dimethoxy)phenyl]-"
Acetoacetic acid,Hydantoic acid
Acetoacetic acid,Hydroquinone
Acetoacetic acid,Indole-5-carboxylic acid
Acetoacetic acid,Isofucosterol
Acetoacetic acid,Isopropyl palmitate
Acetoacetic acid,Isoxaben
Acetoacetic acid,Itaconic acid
Acetoacetic acid,L-Ornithine
Acetoacetic acid,Methyl aminoacetate
Acetoacetic acid,Methylmalonic monoamide
Acetoacetic acid,Neostigmine 
Acetoacetic acid,Niclosamide
Acetoacetic acid,Nonadecanoic acid
Acetoacetic acid,Nonanal
Acetoacetic acid,p-Toluic acid
Acetoacetic acid,Pantolactone
Acetoacetic acid,Pentadecanoic acid
Acetoacetic acid,"Pentenoic acid, 4-[(trimethylsilyl)oxy]-"
Acetoacetic acid,Picolinic acid
Acetoacetic acid,Pimelic acid
Acetoacetic acid,"Propanetriol, 2-methyl-"
Acetoacetic acid,"Propanoic acid, 2-methyl-"
Acetoacetic acid,Quazodine
Acetoacetic acid,Suberic acid
Acetoacetic acid,Thymidine
Acetoacetic acid,Triethanolamine
"Acetohydrazide, 2-(2-isopropyl-5-methylphenoxy)-N2-benzylideno-",Albizziin
"Acetohydrazide, 2-(2-isopropyl-5-methylphenoxy)-N2-benzylideno-",Alloxanic acid
"Acetohydrazide, 2-(2-isopropyl-5-methylphenoxy)-N2-benzylideno-",Ammeline
"Acetohydrazide, 2-(2-isopropyl-5-methylphenoxy)-N2-benzylideno-","Arabinofuranose, 1,2,3,5-tetrakis-O-"
"Acetohydrazide, 2-(2-isopropyl-5-methylphenoxy)-N2-benzylideno-",Azatadine
"Acetohydrazide, 2-(2-isopropyl-5-methylphenoxy)-N2-benzylideno-","Aziridine, 1-(2-buten-2-yl)-"
"Acetohydrazide, 2-(2-isopropyl-5-methylphenoxy)-N2-benzylideno-","Benzene, 4-ethenyl-1,2-dimethoxy-"
"Acetohydrazide, 2-(2-isopropyl-5-methylphenoxy)-N2-benzylideno-","Benzimidazole, 5-trifluoromethyl-2-methyl-"
"Acetohydrazide, 2-(2-isopropyl-5-methylphenoxy)-N2-benzylideno-",Benzoic Acid
"Acetohydrazide, 2-(2-isopropyl-5-methylphenoxy)-N2-benzylideno-","beta-D-Galactofuranose, 1,2,3,5,6-pentakis-O-(trimethylsilyl)-"
"Acetohydrazide, 2-(2-isopropyl-5-methylphenoxy)-N2-benzylideno-", 5-Hydroxyhexanoic acid
"Acetohydrazide, 2-(2-isopropyl-5-methylphenoxy)-N2-benzylideno-","Butanoic acid, 2,4-bis[(trimethylsilyl)oxy]-"
"Acetohydrazide, 2-(2-isopropyl-5-methylphenoxy)-N2-benzylideno-",Butylated Hydroxytoluene
"Acetohydrazide, 2-(2-isopropyl-5-methylphenoxy)-N2-benzylideno-",Cyclohexanol
"Acetohydrazide, 2-(2-isopropyl-5-methylphenoxy)-N2-benzylideno-","Cyclohexanone, 3,3,5-trimethyl-"
"Acetohydrazide, 2-(2-isopropyl-5-methylphenoxy)-N2-benzylideno-","Cyclohexene, 3-butyl-3-methyl-1-trimethylsilyloxy-"
"Acetohydrazide, 2-(2-isopropyl-5-methylphenoxy)-N2-benzylideno-","D-(+)-Ribono-1,4-lactone (R,S,R)-"
"Acetohydrazide, 2-(2-isopropyl-5-methylphenoxy)-N2-benzylideno-","D-Erythro-Pentofuranose, 2-deoxy-1,3-bis-O-"
"Acetohydrazide, 2-(2-isopropyl-5-methylphenoxy)-N2-benzylideno-",Dopamine
"Acetohydrazide, 2-(2-isopropyl-5-methylphenoxy)-N2-benzylideno-","Erythrono-1,4-lactone, (Z)-"
"Acetohydrazide, 2-(2-isopropyl-5-methylphenoxy)-N2-benzylideno-",Ethanolamine
"Acetohydrazide, 2-(2-isopropyl-5-methylphenoxy)-N2-benzylideno-",Glyoxime
"Acetohydrazide, 2-(2-isopropyl-5-methylphenoxy)-N2-benzylideno-",Heptadecanoic acid
"Acetohydrazide, 2-(2-isopropyl-5-methylphenoxy)-N2-benzylideno-",Heptanoic acid
"Acetohydrazide, 2-(2-isopropyl-5-methylphenoxy)-N2-benzylideno-",Hexanedioic acid
"Acetohydrazide, 2-(2-isopropyl-5-methylphenoxy)-N2-benzylideno-",Hexanoic acid
"Acetohydrazide, 2-(2-isopropyl-5-methylphenoxy)-N2-benzylideno-",L-Lysine
"Acetohydrazide, 2-(2-isopropyl-5-methylphenoxy)-N2-benzylideno-",L-Threitol
"Acetohydrazide, 2-(2-isopropyl-5-methylphenoxy)-N2-benzylideno-",Levulinic acid
"Acetohydrazide, 2-(2-isopropyl-5-methylphenoxy)-N2-benzylideno-",Methyl aminoacetate
"Acetohydrazide, 2-(2-isopropyl-5-methylphenoxy)-N2-benzylideno-",N-Isobutyl-sec-butylamine
"Acetohydrazide, 2-(2-isopropyl-5-methylphenoxy)-N2-benzylideno-",N-Isovaleroylglycine
"Acetohydrazide, 2-(2-isopropyl-5-methylphenoxy)-N2-benzylideno-",N-Valerylglycine
"Acetohydrazide, 2-(2-isopropyl-5-methylphenoxy)-N2-benzylideno-","N,O-Bis(trimethylsilyl)carbamate"
"Acetohydrazide, 2-(2-isopropyl-5-methylphenoxy)-N2-benzylideno-",Niclosamide
"Acetohydrazide, 2-(2-isopropyl-5-methylphenoxy)-N2-benzylideno-",Nonadecanoic acid
"Acetohydrazide, 2-(2-isopropyl-5-methylphenoxy)-N2-benzylideno-",Nonanal
"Acetohydrazide, 2-(2-isopropyl-5-methylphenoxy)-N2-benzylideno-",Octanoic acid
"Acetohydrazide, 2-(2-isopropyl-5-methylphenoxy)-N2-benzylideno-",p-Toluic acid
"Acetohydrazide, 2-(2-isopropyl-5-methylphenoxy)-N2-benzylideno-",Pantolactone
"Acetohydrazide, 2-(2-isopropyl-5-methylphenoxy)-N2-benzylideno-","Pentenoic acid, 4-[(trimethylsilyl)oxy]-"
"Acetohydrazide, 2-(2-isopropyl-5-methylphenoxy)-N2-benzylideno-",Phenol
"Acetohydrazide, 2-(2-isopropyl-5-methylphenoxy)-N2-benzylideno-",Picolinic acid
"Acetohydrazide, 2-(2-isopropyl-5-methylphenoxy)-N2-benzylideno-",Pimelic acid
"Acetohydrazide, 2-(2-isopropyl-5-methylphenoxy)-N2-benzylideno-",Suberic acid
"Acetohydrazide, 2-(2-isopropyl-5-methylphenoxy)-N2-benzylideno-",Tartronic acid
"Acetohydrazide, 2-(2-isopropyl-5-methylphenoxy)-N2-benzylideno-",Tributyl acetylcitrate
"Acetohydrazide, 2-(2-isopropyl-5-methylphenoxy)-N2-benzylideno-",Triethanolamine
Aceturic acid,alpha-Tocopherol
Aceturic acid,Benzeneacetic acid
Aceturic acid,"Benzimidazole, 5-trifluoromethyl-2-methyl-"
Aceturic acid,Benzophenone
Aceturic acid, 5-Hydroxyhexanoic acid
Aceturic acid,"Butanoic acid, 2,4-bis[(trimethylsilyl)oxy]-"
Aceturic acid,Carfentrazone-ethyl
Aceturic acid,"Cephalotaxine, 3-deoxy-3,11-epoxy-, (3alpha,11alpha)-"
Aceturic acid,cis-4-Trimethylsilyloxy-cyclohexyl(trimethylsilyl)carboxylate
Aceturic acid,Cyclo(L-prolyl-L-valine) 
Aceturic acid,Cyclohexanol
Aceturic acid,"D-(+)-Ribono-1,4-lactone (R,S,R)-"
Aceturic acid,D-Fructose
Aceturic acid,D-Ornithine
Aceturic acid,Deoxycholic Acid
Aceturic acid,Dihydrouracil
Aceturic acid,Diphenyl ether
Aceturic acid,DL-Glyceraldehyde
Aceturic acid,Doconexent
Aceturic acid,Eicosapentaenoic acid
Aceturic acid,"Ethanone, 1-(2,5-dimethoxyphenyl)-"
Aceturic acid,Glycine
Aceturic acid,"Glycine, N-[4-[(trimethylsilyl)oxy]benzoyl]-"
Aceturic acid,Hydantoic acid
Aceturic acid,Indole-5-carboxylic acid
Aceturic acid,Isofucosterol
Aceturic acid,Isopropyl palmitate
Aceturic acid,Isoxaben
Aceturic acid,Itaconic acid
Aceturic acid,L-Asparagine
Aceturic acid,L-Threonine
Aceturic acid,"L-Tryptophan, N-acetyl-1"
Aceturic acid,Methyl aminoacetate
Aceturic acid,Methylmalonic monoamide
Aceturic acid,"N-(Trifluoroacetyl)-N,O,O'-tris(trimethylsilyl)normetanephrine"
Aceturic acid,Niclosamide
Aceturic acid,Nonadecanoic acid
Aceturic acid,Nonanal
Aceturic acid,"Pentanedioic acid, 3-methyl-3-[(trimethylsilyl)oxy]-"
Aceturic acid,Picolinic acid
Aceturic acid,"Propanetriol, 2-methyl-"
Aceturic acid,Tartronic acid
Aceturic acid,"Thymine, 1,3-dimethyl-6-(trimethylsilyloxymethyl)-"
Aceturic acid,Triethanolamine
Aceturic acid,L-Tyrosine
Adipoyl-L-carnitine,Ammeline
Adipoyl-L-carnitine,Cyclo-(l-leucyl-l-phenylalanyl) 
Adipoyl-L-carnitine,"Methanone, [1-(4-chloropentyl)-1H-indol-3-yl](2,2,3,3-tetramethylcyclopropyl)-"
Adipoyl-L-carnitine,Sertraline carbamoyl glucuronide
Adipoyl-L-carnitine,Tetradecanenitrile
Albizziin,"Cyclopentanone, 2,2,4-trimethyl-"
Albizziin,Dinoseb 
Albizziin,Methyl isovanillate
Albizziin,N-Acetyl-L-glutamic acid
Albizziin,N-Isobutyl-sec-butylamine
Albizziin,"Oxalic acid, allyl octyl ester"
Albizziin,Tetradecanenitrile
Albizziin,"Thymine, 1,3-dimethyl-6-(trimethylsilyloxymethyl)-"
Alloxanic acid,"Arabinofuranose, 1,2,3,5-tetrakis-O-"
Alloxanic acid,Bis(trimethylsilyl)acetylene
Alloxanic acid,Butanedioic acid
Alloxanic acid,"Cholest-7-en-3-ol, (3beta,5alpha)-"
Alloxanic acid,Cholesterol
Alloxanic acid,cis-4-Trimethylsilyloxy-cyclohexyl(trimethylsilyl)carboxylate
Alloxanic acid,"D-(-)-Fructofuranose, pentakis"
Alloxanic acid,Dihydrouracil
Alloxanic acid,Dinoseb 
Alloxanic acid,Gln-Ala
Alloxanic acid,Glucose
Alloxanic acid,Guanabenz
Alloxanic acid,L-Alanine
Alloxanic acid,L-Asparagine
Alloxanic acid,L-Glutamic acid
Alloxanic acid,meso-Erythritol
Alloxanic acid,Nonanoic acid
Alloxanic acid,p-Hydroxydiisopropylbenzene
Alloxanic acid,Picolinic acid
Alloxanic acid,Pimelic acid
Alloxanic acid,"Propanoic acid, 2-methyl-"
Alloxanic acid,"Pyrazine, 3,6-dimethyl-2,5-bis(trimethylsilyloxy)-"
Alloxanic acid,S-Methyl-L-cysteine
Alloxanic acid,Suberic acid
Alloxanic acid,"Thiazolo[4,5-f]quinoline, 2,9-dimethyl-"
Alloxanic acid,"Thymine, 1,3-dimethyl-6-(trimethylsilyloxymethyl)-"
Allylescaline ,Arachidonic acid
Allylescaline ,"Benzenemethanamine, 2,3-dimethoxy-"
Allylescaline ,"Benzimidazole, 5-trifluoromethyl-2-methyl-"
Allylescaline ,Benzoin
Allylescaline ,Benzophenone
Allylescaline ,Cadaverine
Allylescaline ,Cholesterol
Allylescaline ,D-Fucitol
Allylescaline ,"Ethanamine, N,N-diethyl-2,2-dimethyl-2-[(3,5-dimethoxy)phenyl]-"
Allylescaline ,Isofucosterol
Allylescaline ,L-Aspartic acid
Allylescaline ,Luteolin 
Allylescaline ,"N,O-Bis(trimethylsilyl)carbamate"
Allylescaline ,Salsoline
"alpha-L-Galactopyranoside, methyl 6-deoxy-, (R,R,R,S,S)-",alpha-Linolenic acid
"alpha-L-Galactopyranoside, methyl 6-deoxy-, (R,R,R,S,S)-","Arabinofuranose, 1,2,3,5-tetrakis-O-"
"alpha-L-Galactopyranoside, methyl 6-deoxy-, (R,R,R,S,S)-",Azatadine
"alpha-L-Galactopyranoside, methyl 6-deoxy-, (R,R,R,S,S)-",D-Threitol
"alpha-L-Galactopyranoside, methyl 6-deoxy-, (R,R,R,S,S)-",Hydroquinone
"alpha-L-Galactopyranoside, methyl 6-deoxy-, (R,R,R,S,S)-",Mirin
"alpha-L-Galactopyranoside, methyl 6-deoxy-, (R,R,R,S,S)-",N-Isobutyl-sec-butylamine
"alpha-L-Galactopyranoside, methyl 6-deoxy-, (R,R,R,S,S)-",p-Toluic acid
alpha-Linolenic acid,Azatadine
alpha-Linolenic acid,"Aziridine, 1-(2-buten-2-yl)-"
alpha-Linolenic acid,"Benzene, 1-acetoxy-2,6-dimethoxy-4-(2-propenyl)-"
alpha-Linolenic acid,Benzeneacetic acid
alpha-Linolenic acid,"Benzo[b]fluorene, 5-amino-7-methyl-1,2,3,4,6,7,8,9-octahydro-11-thia-10-aza-"
alpha-Linolenic acid,"Benzoic acid, methyl ester"
alpha-Linolenic acid,Bis(trimethylsilyl)histidine
alpha-Linolenic acid,Citric acid
alpha-Linolenic acid,"D-(-)-Lyxose, tetrakis"
alpha-Linolenic acid,"Erythrono-1,4-lactone, (Z)-"
alpha-Linolenic acid,"Ethanamine, N,N-diethyl-2,2-dimethyl-2-[(3,5-dimethoxy)phenyl]-"
alpha-Linolenic acid,Hydracrylic acid
alpha-Linolenic acid,L-Proline
alpha-Linolenic acid,L-Threitol
alpha-Linolenic acid,Mirin
alpha-Linolenic acid,N-Acetyltyrosine
alpha-Linolenic acid,N-Isovaleroylglycine
alpha-Linolenic acid,"Quinolin-4-one, 1-[2-(3,4-dimethoxyphenyl)ethyl]-octahydro-"
alpha-Linolenic acid,Tetradecanenitrile
alpha-Linolenic acid,Triethanolamine
alpha-Tocopherol,Arabinaric acid
alpha-Tocopherol,Arachidonic acid
alpha-Tocopherol,"Benzaldehyde, 2,5-dimethyl-"
alpha-Tocopherol,"Benzene, 1,3-bis(1,1-dimethylethyl)-"
alpha-Tocopherol,"Benzimidazole, 5-trifluoromethyl-2-methyl-"
alpha-Tocopherol,"Benzoic acid, pentadecyl ester"
alpha-Tocopherol,Benzophenone
alpha-Tocopherol, 5-Hydroxyhexanoic acid
alpha-Tocopherol,"Butanoic acid, 2-methyl-3-[(trimethylsilyl)oxy]-"
alpha-Tocopherol,"Butanoic acid, 2,4-bis[(trimethylsilyl)oxy]-"
alpha-Tocopherol,Butylmethylamine
alpha-Tocopherol,Campesterol
alpha-Tocopherol,Carfentrazone-ethyl
alpha-Tocopherol,"Cholest-7-en-3-ol, (3beta,5alpha)-"
alpha-Tocopherol,Cyclohexanol
alpha-Tocopherol,"Cyclohexene, 3,3-dimethyl-1-(trimethylsilyloxy)-"
alpha-Tocopherol,D-(-)-Citramalic acid
alpha-Tocopherol,D-Fructose
alpha-Tocopherol,D-Ornithine
alpha-Tocopherol,Delorazepam
alpha-Tocopherol,Deoxycholic Acid
alpha-Tocopherol,Dinoseb 
alpha-Tocopherol,Diphenyl ether
alpha-Tocopherol,DL-Glyceraldehyde
alpha-Tocopherol,Doconexent
alpha-Tocopherol,"Dodecanoic acid, 1-methylethyl ester"
alpha-Tocopherol,Dodecanoic acid
alpha-Tocopherol,Dodecylcyclohexane
alpha-Tocopherol,Dopamine
alpha-Tocopherol,Eicosapentaenoic acid
alpha-Tocopherol,"Ethanamine, N,N-diethyl-2,2-dimethyl-2-[(3,5-dimethoxy)phenyl]-"
alpha-Tocopherol,Glycine
alpha-Tocopherol,"Glycine, N-(N-DL-leucylglycyl)-"
alpha-Tocopherol,Hydantoic acid
alpha-Tocopherol,Indole-3-lactic acid
alpha-Tocopherol,Indole-5-carboxylic acid
alpha-Tocopherol,Isofucosterol
alpha-Tocopherol,Isopropyl palmitate
alpha-Tocopherol,Itaconic acid
alpha-Tocopherol,Levulinic acid
alpha-Tocopherol,Methyl aminoacetate
alpha-Tocopherol,Methyl-3-methoxy-5-methyl benzoate
alpha-Tocopherol,Myristic acid
alpha-Tocopherol,"N-(Trifluoroacetyl)-N,O,O'-tris(trimethylsilyl)normetanephrine"
alpha-Tocopherol,N-Methyl-N-(tetrahydro-2-furanylmethyl)-4-piperidinamine
alpha-Tocopherol,Neostigmine 
alpha-Tocopherol,Niclosamide
alpha-Tocopherol,Nonadecanoic acid
alpha-Tocopherol,Nonanal
alpha-Tocopherol,p-Hydroxydiisopropylbenzene
alpha-Tocopherol,Palmitelaidic acid
alpha-Tocopherol,Pantolactone
alpha-Tocopherol,"Pentanedioic acid, 3-methyl-3-[(trimethylsilyl)oxy]-"
alpha-Tocopherol,Petroselinic acid
alpha-Tocopherol,Phlorizin
alpha-Tocopherol,Phloroglucinol
alpha-Tocopherol,Picolinic acid
alpha-Tocopherol,"Propanetriol, 2-methyl-"
alpha-Tocopherol,"Propanoic acid, 2-methyl-"
alpha-Tocopherol,Propylamine
alpha-Tocopherol,Salsoline
alpha-Tocopherol,Sinomenin
alpha-Tocopherol,"Stigmast-5-ene, 3beta-"
alpha-Tocopherol,Tartronic acid
alpha-Tocopherol,Triethanolamine
alpha-Tocopherol,L-Tyrosine
alpha-Tocopherol,Xylose
Ammeline,"Benzeneethanamine, N-[(pentafluorophenyl)methylene]-4-[(trimethylsilyl)oxy]-"
Ammeline,Phenanthridin-6-ol 
Ammeline,Phenoxyacetic acid
Ammeline,Valylglycine
Arabinaric acid,Atrazine desethyl
Arabinaric acid,Benzeneacetamide
Arabinaric acid,Benzenepropanoic acid
Arabinaric acid,Benzophenone
Arabinaric acid,"beta-D-Galactofuranose, 1,2,3,5,6-pentakis-O-(trimethylsilyl)-"
Arabinaric acid,Butylated Hydroxytoluene
Arabinaric acid,Campesterol
Arabinaric acid,"Cholesta-3,5-diene "
Arabinaric acid,"Cyclopentanone, 2,2,4-trimethyl-"
Arabinaric acid,"D-Psicofuranose, pentakis"
Arabinaric acid,Dimethyl fumarate
Arabinaric acid,Dinoseb 
Arabinaric acid,Diphenyl ether
Arabinaric acid,DL-Glyceraldehyde
Arabinaric acid,Doconexent
Arabinaric acid,"Dodecanamide, N-(2-hydroxyethyl)-"
Arabinaric acid,Ethyl alpha-D-glucopyranoside
Arabinaric acid,Heptanoic acid
Arabinaric acid,Indole-3-lactic acid
Arabinaric acid,Isofucosterol
Arabinaric acid,Isopropyl palmitate
Arabinaric acid,Itaconic acid
Arabinaric acid,L-Alanine
Arabinaric acid,Methyl aminoacetate
Arabinaric acid,Methylmalonic monoamide
Arabinaric acid,N-Acetyl-L-glutamic acid
Arabinaric acid,Niclosamide
Arabinaric acid,Nonadecanoic acid
Arabinaric acid,Oxalic acid
Arabinaric acid,p-Hydroxydiisopropylbenzene
Arabinaric acid,Palmitelaidic acid
Arabinaric acid,"Pentanedioic acid, 3-methyl-3-[(trimethylsilyl)oxy]-"
Arabinaric acid,Pentanoic acid
Arabinaric acid,"Pentenoic acid, 4-[(trimethylsilyl)oxy]-"
Arabinaric acid,"Stigmast-5-ene, 3beta-"
Arabinaric acid,Triethanolamine
Arabinaric acid,Trimethylsilyl 3-((trimethylsilyl)thio)propanoate
Arabinaric acid,L-Tyrosine
Arabinaric acid,Valylglycine
Arabinaric acid,Xylazine
"Arabinofuranose, 1,2,3,5-tetrakis-O-","Benzene, 1,3-bis(1,1-dimethylethyl)-"
"Arabinofuranose, 1,2,3,5-tetrakis-O-","Benzene, 4-ethenyl-1,2-dimethoxy-"
"Arabinofuranose, 1,2,3,5-tetrakis-O-","cis-4,5-Dihydroxy-o-dithiane, 2O-"
"Arabinofuranose, 1,2,3,5-tetrakis-O-",D-Ornithine
"Arabinofuranose, 1,2,3,5-tetrakis-O-",Eicosapentaenoic acid
"Arabinofuranose, 1,2,3,5-tetrakis-O-",Hydroquinone
"Arabinofuranose, 1,2,3,5-tetrakis-O-",Indole-5-carboxylic acid
"Arabinofuranose, 1,2,3,5-tetrakis-O-","Inosose-2, 1,3,4,5,6-pentakis-"
"Arabinofuranose, 1,2,3,5-tetrakis-O-",L-Alanine
"Arabinofuranose, 1,2,3,5-tetrakis-O-",L-Aspartic acid
"Arabinofuranose, 1,2,3,5-tetrakis-O-",L-Ornithine
"Arabinofuranose, 1,2,3,5-tetrakis-O-",N-Acetyl-L-glutamic acid
"Arabinofuranose, 1,2,3,5-tetrakis-O-","N,N-Dimethyl-2-cyclohexyloxyethylamine"
"Arabinofuranose, 1,2,3,5-tetrakis-O-","Piperidine, 1-(1-methylpentyl)-"
"Arabinofuranose, 1,2,3,5-tetrakis-O-",Trimethylsilyl 3-((trimethylsilyl)thio)propanoate
Arachidonic acid,Azatadine
Arachidonic acid,"Benzimidazole, 5-trifluoromethyl-2-methyl-"
Arachidonic acid,"Benzoic acid, pentadecyl ester"
Arachidonic acid,Benzophenone
Arachidonic acid,"beta-d-Fructopyranose, 1-deoxy-1-(4-morpholinyl)-2,3,4,5-tetrakis-O-(trimethylsilyl)-"
Arachidonic acid,"beta-D-Galactofuranose, 1,2,3,5,6-pentakis-O-(trimethylsilyl)-"
Arachidonic acid,beta-Lyxopyranose
Arachidonic acid, 5-Hydroxyhexanoic acid
Arachidonic acid,"Butanal, 2,3,4-tris[(trimethylsilyl)oxy]-, O-methyloxime, [R-(R*,R*)]-"
Arachidonic acid,"Butanoic acid, 2,4-bis[(trimethylsilyl)oxy]-"
Arachidonic acid,Carfentrazone-ethyl
Arachidonic acid,cis-4-Trimethylsilyloxy-cyclohexyl(trimethylsilyl)carboxylate
Arachidonic acid,Cyclohexanol
Arachidonic acid,"Cyclohexanone, 3,3,5-trimethyl-"
Arachidonic acid,"Cyclopentaneacetic acid, 3-oxo-2-pentyl-"
Arachidonic acid,"Cyclopentanone, 2,2,4-trimethyl-"
Arachidonic acid,D-(-)-Citramalic acid
Arachidonic acid,"D-(+)-Ribono-1,4-lactone (R,S,R)-"
Arachidonic acid,D-Fructose
Arachidonic acid,D-Ornithine
Arachidonic acid,D-Ribose
Arachidonic acid,Deoxycholic Acid
Arachidonic acid,Dinoseb 
Arachidonic acid,Diphenyl ether
Arachidonic acid,Eicosapentaenoic acid
Arachidonic acid,Ethyl alpha-D-glucopyranoside
Arachidonic acid,"Glycine, N-[4-[(trimethylsilyl)oxy]benzoyl]-"
Arachidonic acid,Glyoxime
Arachidonic acid,Heptanoic acid
Arachidonic acid,Hydantoic acid
Arachidonic acid,Isofucosterol
Arachidonic acid,Isopropyl palmitate
Arachidonic acid,L-Threitol
Arachidonic acid,Levulinic acid
Arachidonic acid,Luteolin 
Arachidonic acid,Metanephrine
Arachidonic acid,Methyl aminoacetate
Arachidonic acid,Myristic acid
Arachidonic acid,N-Methyl-N-(tetrahydro-2-furanylmethyl)-4-piperidinamine
Arachidonic acid,Niclosamide
Arachidonic acid,Nonadecanoic acid
Arachidonic acid,Nonanal
Arachidonic acid,p-Hydroxydiisopropylbenzene
Arachidonic acid,Phenol
Arachidonic acid,Phenoxyacetic acid
Arachidonic acid,"Piperidine, 1-(1-methylpentyl)-"
Arachidonic acid,"Propanetriol, 2-methyl-"
Arachidonic acid,Propylamine
Arachidonic acid,S-Methyl-L-cysteine
Arachidonic acid,Sertraline carbamoyl glucuronide
Arachidonic acid,"Stigmast-5-ene, 3beta-"
Arachidonic acid,Tartronic acid
Arachidonic acid,Triethanolamine
Arachidonic acid,Tris(trimethylsilyl)carbamate
Arsenous acid,Azatadine
Arsenous acid,"Benzene, 1,3-bis(1,1-dimethylethyl)-"
Arsenous acid,Benzoic Acid
Arsenous acid,Benzophenone
Arsenous acid,"beta-D-Galactofuranose, 1,2,3,5,6-pentakis-O-(trimethylsilyl)-"
Arsenous acid,beta-Hydroxypyruvic acid
Arsenous acid,"cis-4,5-Dihydroxy-o-dithiane, 2O-"
Arsenous acid,Cyclohexanol
Arsenous acid,"D-Psicofuranose, pentakis"
Arsenous acid,D-Threitol
Arsenous acid,Dicyclohexylamine
Arsenous acid,Glyoxime
Arsenous acid,Heptanoic acid
Arsenous acid,Hippuric acid
Arsenous acid,Isopropyl palmitate
Arsenous acid,L-5-Oxoproline
Arsenous acid,Luteolin 
Arsenous acid,N-Acetyl-L-glutamic acid
Arsenous acid,"N,9-bis(Trimethylsilyl)-6-[(trimethylsilyl)oxy]-9H-purin-2-amine"
Arsenous acid,"N,N-Dimethyl-2-cyclohexyloxyethylamine"
Arsenous acid,Nonanal
Arsenous acid,p-Hydroxydiisopropylbenzene
Arsenous acid,"Pentenoic acid, 4-[(trimethylsilyl)oxy]-"
Arsenous acid,Phlorizin
Arsenous acid,Phloroglucinol
Arsenous acid,Picolinic acid
Arsenous acid,"Propanoic acid, 2-methyl-"
Arsenous acid,Propylamine
Arsenous acid,S-Methyl-L-cysteine
Arsenous acid,Ser-Leu
Arsenous acid,L-Tyrosine
Aspartic acid,"Cholest-22-ene-21-ol, 3,5-dehydro-6-methoxy-, pivalate"
Aspartic acid,cyclobutanecarboxylic acid
Aspartic acid,"Cyclopentanone, 2,2,4-trimethyl-"
Aspartic acid,"Ethanone, 1-(2,5-dimethoxyphenyl)-"
Aspartic acid,"Inosose-2, 1,3,4,5,6-pentakis-"
Aspartic acid,Pyroglutamic acid
Aspartic acid,Pyrrole-2-carboxylic acid
Aspartic acid,Sinomenin
Aspartic acid,"Spiro[cyclopenta[d]-1,3,2-dioxaborin-4(5H),1'-cyclopentane], 2-ethyl-6,7-dihydro-"
Atrazine desethyl,"Benzene, 1,3-bis(1,1-dimethylethyl)-"
Atrazine desethyl,Butylmethylamine
Atrazine desethyl,DL-Ornithine
Atrazine desethyl,"Ethanone, 1-(2,5-dimethoxyphenyl)-"
Atrazine desethyl,"Glycine, N-(N-DL-leucylglycyl)-"
Atrazine desethyl,L-Asparagine
Atrazine desethyl,L-Methionine
Atrazine desethyl,Nitrosothymol
Atrazine desethyl,"Pentanedioic acid, 2-[(trimethylsilyl)oxy]-"
Atrazine desethyl,"Propanoic acid, 2-oxo-"
Atrazine desethyl,Salsoline
Atrazine desethyl,Supraene
Azatadine,"Benzimidazole, 5-trifluoromethyl-2-methyl-"
Azatadine,"Butanoic acid, 2,4-bis[(trimethylsilyl)oxy]-"
Azatadine,Cinnamic acid
Azatadine,cis-4-Trimethylsilyloxy-cyclohexyl(trimethylsilyl)carboxylate
Azatadine,"Cyclohexanone, 3,3,5-trimethyl-"
Azatadine,"Cyclohexene, 3-butyl-3-methyl-1-trimethylsilyloxy-"
Azatadine,"Cyclopentaneacetic acid, 3-oxo-2-pentyl-"
Azatadine,"Cyclopentanone, 2,2,4-trimethyl-"
Azatadine,Dinoseb 
Azatadine,Dodecylcyclohexane
Azatadine,Dopamine
Azatadine,"Glycine, N-[4-[(trimethylsilyl)oxy]benzoyl]-"
Azatadine,Heptanoic acid
Azatadine,Hydantoic acid
Azatadine,Isopropyl palmitate
Azatadine,L-Threitol
Azatadine,Lactic Acid
Azatadine,Levulinic acid
Azatadine,Metanephrine
Azatadine,Myristic acid
Azatadine,"N-(Trifluoroacetyl)-N,O,O'-tris(trimethylsilyl)normetanephrine"
Azatadine,N-Methyl-N-(tetrahydro-2-furanylmethyl)-4-piperidinamine
Azatadine,Nonanal
Azatadine,Octanoic acid
Azatadine,p-Hydroxydiisopropylbenzene
Azatadine,Pentanoic acid
Azatadine,Phenol
Azatadine,Phenoxyacetic acid
Azatadine,"Pyrazine, 3,6-dihydro-3,6-dimethyl-"
Azatadine,S-Methyl-L-cysteine
Azatadine,Sertraline carbamoyl glucuronide
Azatadine,Tris(trimethylsilyl)carbamate
Azatadine,Xylitol
"Azetidine, 1-acetyl-2-methyl-","Ethanol, 2-(9-octadecenyloxy)-"
"Azetidine, 1-acetyl-2-methyl-","Ethanone, 1-(5-methoxy-2-methyl-3(1H)-indolyl)-"
"Azetidine, 1-acetyl-2-methyl-",Glycolic acid
"Azetidine, 1-acetyl-2-methyl-",Guanabenz
"Azetidine, 1-acetyl-2-methyl-",L-Threonine
"Azetidine, 1-acetyl-2-methyl-",Phenylpropanolamine
"Azetidine, 1-acetyl-2-methyl-","Pregn-16-en-20-one, 3,18-bis(acetyloxy)-14,15-epoxy-, (3beta,5alpha,14beta,15beta)-"
"Azetidine, 1-acetyl-2-methyl-",S-Methyl-L-cysteine
"Aziridine, 1-(2-buten-2-yl)-","Benzoic acid, methyl ester"
"Aziridine, 1-(2-buten-2-yl)-", 5-Hydroxyhexanoic acid
"Aziridine, 1-(2-buten-2-yl)-","Cetaben, N,O-bis(trimethylsilyl)-"
"Aziridine, 1-(2-buten-2-yl)-",D-(-)-Citramalic acid
"Aziridine, 1-(2-buten-2-yl)-","DL-Proline, 5-oxo-"
"Aziridine, 1-(2-buten-2-yl)-","L-Lysine, ethyl ester "
"Aziridine, 1-(2-buten-2-yl)-",Metanephrine
"Aziridine, 1-(2-buten-2-yl)-",N-(Trimethylsilyl)hexanamide
"Aziridine, 1-(2-buten-2-yl)-",Octocrylene
"Aziridine, 1-(2-buten-2-yl)-",Ornithine
"Aziridine, 1-(2-buten-2-yl)-","Tacrine, N-trimethylsilyl-"
"Aziridine, 1-(2-buten-2-yl)-",Tartronic acid
"Benzaldehyde, 2,5-dimethyl-",Benzeneacetic acid
"Benzaldehyde, 2,5-dimethyl-","Benzimidazole, 5-trifluoromethyl-2-methyl-"
"Benzaldehyde, 2,5-dimethyl-","Benzoic acid, pentadecyl ester"
"Benzaldehyde, 2,5-dimethyl-",Benzophenone
"Benzaldehyde, 2,5-dimethyl-","beta-d-Fructopyranose, 1-deoxy-1-(4-morpholinyl)-2,3,4,5-tetrakis-O-(trimethylsilyl)-"
"Benzaldehyde, 2,5-dimethyl-",beta-Lyxopyranose
"Benzaldehyde, 2,5-dimethyl-", 5-Hydroxyhexanoic acid
"Benzaldehyde, 2,5-dimethyl-",Butylated Hydroxytoluene
"Benzaldehyde, 2,5-dimethyl-",Butyrovanillone
"Benzaldehyde, 2,5-dimethyl-",Carfentrazone-ethyl
"Benzaldehyde, 2,5-dimethyl-","Cetaben, N,O-bis(trimethylsilyl)-"
"Benzaldehyde, 2,5-dimethyl-","Cholesta-3,5-dien-7-one"
"Benzaldehyde, 2,5-dimethyl-",cis-4-Trimethylsilyloxy-cyclohexyl(trimethylsilyl)carboxylate
"Benzaldehyde, 2,5-dimethyl-",Cyclobutanol
"Benzaldehyde, 2,5-dimethyl-",Cyclohexanol
"Benzaldehyde, 2,5-dimethyl-","Cyclopentaneacetic acid, 3-oxo-2-pentyl-"
"Benzaldehyde, 2,5-dimethyl-",D-Fructose
"Benzaldehyde, 2,5-dimethyl-",D-Fucitol
"Benzaldehyde, 2,5-dimethyl-",Deoxycholic Acid
"Benzaldehyde, 2,5-dimethyl-",Dihydrouracil
"Benzaldehyde, 2,5-dimethyl-",Dinoseb 
"Benzaldehyde, 2,5-dimethyl-",Diphenyl ether
"Benzaldehyde, 2,5-dimethyl-",DL-Glyceraldehyde
"Benzaldehyde, 2,5-dimethyl-",Doconexent
"Benzaldehyde, 2,5-dimethyl-","Dodecanoic acid, 1-methylethyl ester"
"Benzaldehyde, 2,5-dimethyl-",Dodecylcyclohexane
"Benzaldehyde, 2,5-dimethyl-","Ethanol, 2-(9-octadecenyloxy)-"
"Benzaldehyde, 2,5-dimethyl-",Ethanolamine
"Benzaldehyde, 2,5-dimethyl-","Furan, 2-pentyl-"
"Benzaldehyde, 2,5-dimethyl-",Glycine
"Benzaldehyde, 2,5-dimethyl-",Glyoxime
"Benzaldehyde, 2,5-dimethyl-",Hexanoic acid
"Benzaldehyde, 2,5-dimethyl-",Hexanoylglycine
"Benzaldehyde, 2,5-dimethyl-",Hydantoic acid
"Benzaldehyde, 2,5-dimethyl-",Hydracrylic acid
"Benzaldehyde, 2,5-dimethyl-",Indole-3-carboxaldehyde
"Benzaldehyde, 2,5-dimethyl-",Indole-3-lactic acid
"Benzaldehyde, 2,5-dimethyl-",Isofucosterol
"Benzaldehyde, 2,5-dimethyl-",Isopropyl palmitate
"Benzaldehyde, 2,5-dimethyl-",L-5-Oxoproline
"Benzaldehyde, 2,5-dimethyl-",L-Glutamic acid
"Benzaldehyde, 2,5-dimethyl-",Levulinic acid
"Benzaldehyde, 2,5-dimethyl-",Metanephrine
"Benzaldehyde, 2,5-dimethyl-",Methyl aminoacetate
"Benzaldehyde, 2,5-dimethyl-",Methylmalonic monoamide
"Benzaldehyde, 2,5-dimethyl-",Mirin
"Benzaldehyde, 2,5-dimethyl-","N-(Trifluoroacetyl)-N,O,O'-tris(trimethylsilyl)normetanephrine"
"Benzaldehyde, 2,5-dimethyl-",N-Isovaleroylglycine
"Benzaldehyde, 2,5-dimethyl-",Neostigmine 
"Benzaldehyde, 2,5-dimethyl-",Niclosamide
"Benzaldehyde, 2,5-dimethyl-",Nonadecanoic acid
"Benzaldehyde, 2,5-dimethyl-",Nonanal
"Benzaldehyde, 2,5-dimethyl-","Octane, 1-propoxy-"
"Benzaldehyde, 2,5-dimethyl-",p-Toluic acid
"Benzaldehyde, 2,5-dimethyl-",Palmitelaidic acid
"Benzaldehyde, 2,5-dimethyl-",Pantolactone
"Benzaldehyde, 2,5-dimethyl-",Pentadecanoic acid
"Benzaldehyde, 2,5-dimethyl-","Pentanedioic acid, 3-methyl-3-[(trimethylsilyl)oxy]-"
"Benzaldehyde, 2,5-dimethyl-",Phenoxyacetic acid
"Benzaldehyde, 2,5-dimethyl-",Phenylalanine
"Benzaldehyde, 2,5-dimethyl-",Phlorizin
"Benzaldehyde, 2,5-dimethyl-",Phloroglucinol
"Benzaldehyde, 2,5-dimethyl-",Pimelic acid
"Benzaldehyde, 2,5-dimethyl-","Propanetriol, 2-methyl-"
"Benzaldehyde, 2,5-dimethyl-","Propanoic acid, 2-methyl-"
"Benzaldehyde, 2,5-dimethyl-",Propylamine
"Benzaldehyde, 2,5-dimethyl-","Pyrimidine, 5-methyl-2,4-bis[(trimethylsilyl)oxy]-"
"Benzaldehyde, 2,5-dimethyl-",Quazodine
"Benzaldehyde, 2,5-dimethyl-",S-Methyl-L-cysteine
"Benzaldehyde, 2,5-dimethyl-",Salsoline
"Benzaldehyde, 2,5-dimethyl-",Ser-Leu
"Benzaldehyde, 2,5-dimethyl-","Stigmast-5-ene, 3beta-"
"Benzaldehyde, 2,5-dimethyl-",Suberic acid
"Benzaldehyde, 2,5-dimethyl-",Supraene
"Benzaldehyde, 2,5-dimethyl-",Syringaldehyde
"Benzaldehyde, 2,5-dimethyl-",Tartronic acid
"Benzaldehyde, 2,5-dimethyl-",Triethanolamine
"Benzaldehyde, 2,5-dimethyl-",Uridine
"Benzene, 1-acetoxy-2,6-dimethoxy-4-(2-propenyl)-","Benzene, 1,1'-(1,2-cyclobutanediyl)bis-"
"Benzene, 1-acetoxy-2,6-dimethoxy-4-(2-propenyl)-",beta-Lyxopyranose
"Benzene, 1-acetoxy-2,6-dimethoxy-4-(2-propenyl)-",Butanedioic acid
"Benzene, 1-acetoxy-2,6-dimethoxy-4-(2-propenyl)-",cyclobutanecarboxylic acid
"Benzene, 1-acetoxy-2,6-dimethoxy-4-(2-propenyl)-","Cyclopentaneacetic acid, 3-oxo-2-pentyl-"
"Benzene, 1-acetoxy-2,6-dimethoxy-4-(2-propenyl)-",Dehydronorketamine
"Benzene, 1-acetoxy-2,6-dimethoxy-4-(2-propenyl)-",Desmosterol
"Benzene, 1-acetoxy-2,6-dimethoxy-4-(2-propenyl)-",Dihydrouracil
"Benzene, 1-acetoxy-2,6-dimethoxy-4-(2-propenyl)-","Dimethyl hexopyranosiduronate, alpha-D-"
"Benzene, 1-acetoxy-2,6-dimethoxy-4-(2-propenyl)-",Doconexent
"Benzene, 1-acetoxy-2,6-dimethoxy-4-(2-propenyl)-",Docosyl octyl ether
"Benzene, 1-acetoxy-2,6-dimethoxy-4-(2-propenyl)-","Dodecanamide, N-(2-hydroxyethyl)-"
"Benzene, 1-acetoxy-2,6-dimethoxy-4-(2-propenyl)-",Erythritol
"Benzene, 1-acetoxy-2,6-dimethoxy-4-(2-propenyl)-",Galactopyranose
"Benzene, 1-acetoxy-2,6-dimethoxy-4-(2-propenyl)-",Glycine
"Benzene, 1-acetoxy-2,6-dimethoxy-4-(2-propenyl)-",Heptadecanoic acid
"Benzene, 1-acetoxy-2,6-dimethoxy-4-(2-propenyl)-",Isonicotinic Acid
"Benzene, 1-acetoxy-2,6-dimethoxy-4-(2-propenyl)-",Isopropyl palmitate
"Benzene, 1-acetoxy-2,6-dimethoxy-4-(2-propenyl)-",L-Threitol
"Benzene, 1-acetoxy-2,6-dimethoxy-4-(2-propenyl)-","L-Tryptophan, N-acetyl-1"
"Benzene, 1-acetoxy-2,6-dimethoxy-4-(2-propenyl)-",Malic acid
"Benzene, 1-acetoxy-2,6-dimethoxy-4-(2-propenyl)-",Niacin
"Benzene, 1-acetoxy-2,6-dimethoxy-4-(2-propenyl)-",Niclosamide
"Benzene, 1-acetoxy-2,6-dimethoxy-4-(2-propenyl)-",Oxalic acid
"Benzene, 1-acetoxy-2,6-dimethoxy-4-(2-propenyl)-",p-Hydroxydiisopropylbenzene
"Benzene, 1-acetoxy-2,6-dimethoxy-4-(2-propenyl)-","Pentanedioic acid, 3-methyl-3-[(trimethylsilyl)oxy]-"
"Benzene, 1-acetoxy-2,6-dimethoxy-4-(2-propenyl)-",Phenylalanine
"Benzene, 1-acetoxy-2,6-dimethoxy-4-(2-propenyl)-",Propylamine
"Benzene, 1-acetoxy-2,6-dimethoxy-4-(2-propenyl)-",Ribitol
"Benzene, 1-acetoxy-2,6-dimethoxy-4-(2-propenyl)-",Supraene
"Benzene, 1-acetoxy-2,6-dimethoxy-4-(2-propenyl)-",Tartronic acid
"Benzene, 1-acetoxy-2,6-dimethoxy-4-(2-propenyl)-",Tributyl acetylcitrate
"Benzene, 1-acetoxy-2,6-dimethoxy-4-(2-propenyl)-",Triethanolamine
"Benzene, 1-acetoxy-2,6-dimethoxy-4-(2-propenyl)-",Uracil
"Benzene, 1-acetoxy-2,6-dimethoxy-4-(2-propenyl)-",Uridine
"Benzene, 1-acetoxy-2,6-dimethoxy-4-(2-propenyl)-",Xylitol
"Benzene, 1,1'-(1,2-cyclobutanediyl)bis-",Cyclobutanol
"Benzene, 1,1'-(1,2-cyclobutanediyl)bis-",D-Leucylglycylglycine
"Benzene, 1,1'-(1,2-cyclobutanediyl)bis-",l-Histidine ethyl ester
"Benzene, 1,1'-(1,2-cyclobutanediyl)bis-",Nitrosothymol
"Benzene, 1,1'-(1,2-cyclobutanediyl)bis-","Pentanedioic acid, 2-[(trimethylsilyl)oxy]-"
"Benzene, 1,1'-(1,2-cyclobutanediyl)bis-",Trimethylsilyl oct-2-enoate 
"Benzene, 1,3-bis(1,1-dimethylethyl)-","Benzene, 4-ethenyl-1,2-dimethoxy-"
"Benzene, 1,3-bis(1,1-dimethylethyl)-","Benzoic acid, pentadecyl ester"
"Benzene, 1,3-bis(1,1-dimethylethyl)-",Benzophenone
"Benzene, 1,3-bis(1,1-dimethylethyl)-",Boric acid
"Benzene, 1,3-bis(1,1-dimethylethyl)-","cis-4,5-Dihydroxy-o-dithiane, 2O-"
"Benzene, 1,3-bis(1,1-dimethylethyl)-",Cyclobutanol
"Benzene, 1,3-bis(1,1-dimethylethyl)-",Cyclohexanol
"Benzene, 1,3-bis(1,1-dimethylethyl)-",Decanoic acid
"Benzene, 1,3-bis(1,1-dimethylethyl)-",Diphenyl ether
"Benzene, 1,3-bis(1,1-dimethylethyl)-",Dodecanoic acid
"Benzene, 1,3-bis(1,1-dimethylethyl)-",Glycine
"Benzene, 1,3-bis(1,1-dimethylethyl)-",Glyoxime
"Benzene, 1,3-bis(1,1-dimethylethyl)-",Heptadecanoic acid
"Benzene, 1,3-bis(1,1-dimethylethyl)-",Heptanoic acid
"Benzene, 1,3-bis(1,1-dimethylethyl)-",Hexanedioic acid
"Benzene, 1,3-bis(1,1-dimethylethyl)-",Hexanoic acid
"Benzene, 1,3-bis(1,1-dimethylethyl)-",Hippuric acid
"Benzene, 1,3-bis(1,1-dimethylethyl)-",Isofucosterol
"Benzene, 1,3-bis(1,1-dimethylethyl)-",Isopropyl palmitate
"Benzene, 1,3-bis(1,1-dimethylethyl)-","Methyl (3,4-dimethoxyphenyl)(hydroxy)acetate"
"Benzene, 1,3-bis(1,1-dimethylethyl)-",Methyl aminoacetate
"Benzene, 1,3-bis(1,1-dimethylethyl)-","Morpholine, 4-[2,3,4,6-tetrakis-O-(trimethylsilyl)-alpha-d-mannopyranosyl]-"
"Benzene, 1,3-bis(1,1-dimethylethyl)-",Niacin
"Benzene, 1,3-bis(1,1-dimethylethyl)-",Nonanal
"Benzene, 1,3-bis(1,1-dimethylethyl)-",Norketamine
"Benzene, 1,3-bis(1,1-dimethylethyl)-",Pentadecanoic acid
"Benzene, 1,3-bis(1,1-dimethylethyl)-",phenoxyethanol
"Benzene, 1,3-bis(1,1-dimethylethyl)-",Phlorizin
"Benzene, 1,3-bis(1,1-dimethylethyl)-",Picolinic acid
"Benzene, 1,3-bis(1,1-dimethylethyl)-",Pimelic acid
"Benzene, 1,3-bis(1,1-dimethylethyl)-",Pyrrole-2-carboxylic acid
"Benzene, 1,3-bis(1,1-dimethylethyl)-","Ribonic acid, 2,3,4,5-tetrakis-"
"Benzene, 1,3-bis(1,1-dimethylethyl)-",Salsoline
"Benzene, 1,3-bis(1,1-dimethylethyl)-",Ser-Leu
"Benzene, 1,3-bis(1,1-dimethylethyl)-",Syringaldehyde
"Benzene, 1,3-bis(1,1-dimethylethyl)-",Trimethylsilyl 3-((trimethylsilyl)thio)propanoate
"Benzene, 3-cyclohexen-1-yl-","Benzo[b]fluorene, 5-amino-7-methyl-1,2,3,4,6,7,8,9-octahydro-11-thia-10-aza-"
"Benzene, 3-cyclohexen-1-yl-",Bis(trimethylsilyl)acetylene
"Benzene, 3-cyclohexen-1-yl-",Cadaverine
"Benzene, 3-cyclohexen-1-yl-",Cyclo-(l-leucyl-l-phenylalanyl) 
"Benzene, 3-cyclohexen-1-yl-",D-Threitol
"Benzene, 3-cyclohexen-1-yl-",N-alpha-Acetyl-L-Lysine
"Benzene, 3-cyclohexen-1-yl-","N-isobutyl-2-(trimethylsilyloxy]-4,5-dihydro-1H-imidazole-1-carboxamide"
"Benzene, 3-cyclohexen-1-yl-",Pyrrole-2-carboxylic acid
"Benzene, 3-cyclohexen-1-yl-",Sinomenin
"Benzene, 3-cyclohexen-1-yl-",Trisaminol
"Benzene, 4-ethenyl-1,2-dimethoxy-",Cyclobutanol
"Benzene, 4-ethenyl-1,2-dimethoxy-",D-Ribose
"Benzene, 4-ethenyl-1,2-dimethoxy-","Ethanol, 2-(9-octadecenyloxy)-"
"Benzene, 4-ethenyl-1,2-dimethoxy-",Hippuric acid
"Benzene, 4-ethenyl-1,2-dimethoxy-",Indole-3-carboxaldehyde
"Benzene, 4-ethenyl-1,2-dimethoxy-",Ornithine
"Benzene, 4-ethenyl-1,2-dimethoxy-","Pentanedioic acid, 2-[(trimethylsilyl)oxy]-"
"Benzene, 4-ethenyl-1,2-dimethoxy-",Phlorizin
"Benzene, 4-ethenyl-1,2-dimethoxy-",Ribitol
"Benzene, 4-ethenyl-1,2-dimethoxy-",Sinomenin
"Benzene, 4-ethenyl-1,2-dimethoxy-",Syringaldehyde
"Benzene, 4-ethenyl-1,2-dimethoxy-","Trimethylsilyl (5-benzyl-3,6-dioxopiperazin-2-yl)acetate"
"Benzene, 4-ethenyl-1,2-dimethoxy-",Vanillylmandelic acid
"Benzene, 4-ethenyl-1,2-dimethoxy-",Xylose
Benzeneacetamide,"Cyclohexene, 3-butyl-3-methyl-1-trimethylsilyloxy-"
Benzeneacetamide,"Cyclopentanone, 2,2,4-trimethyl-"
Benzeneacetamide,Dicyclohexylamine
Benzeneacetamide,Dinoseb 
Benzeneacetamide,"Dodecanoic acid, 1-methylethyl ester"
Benzeneacetamide,Dopamine
Benzeneacetamide,"Ethanone, 1-(2,5-dimethoxyphenyl)-"
Benzeneacetamide,"Ethanone, 1-(5-methoxy-2-methyl-3(1H)-indolyl)-"
Benzeneacetamide,Heptanoic acid
Benzeneacetamide,Hexanoylglycine
Benzeneacetamide,Hydantoic acid
Benzeneacetamide,L-Norleucine
Benzeneacetamide,Luteolin 
Benzeneacetamide,"N-(Trifluoroacetyl)-N,O,O'-tris(trimethylsilyl)normetanephrine"
Benzeneacetamide,"O-Methyl-N,N'-diisopropylisourea "
Benzeneacetamide,Octan-2-yl palmitate
Benzeneacetamide,Phenylpropanolamine
Benzeneacetamide,Pyroglutamic acid
Benzeneacetamide,Sertraline carbamoyl glucuronide
Benzeneacetamide,Trimidox
Benzeneacetic acid,"Benzimidazole, 5-trifluoromethyl-2-methyl-"
Benzeneacetic acid,"beta-D-Galactofuranose, 1,2,3,5,6-pentakis-O-(trimethylsilyl)-"
Benzeneacetic acid,beta-Lyxopyranose
Benzeneacetic acid, 5-Hydroxyhexanoic acid
Benzeneacetic acid,Butanedioic acid
Benzeneacetic acid,"Butanoic acid, 2,4-bis[(trimethylsilyl)oxy]-"
Benzeneacetic acid,Carfentrazone-ethyl
Benzeneacetic acid,cis-4-Trimethylsilyloxy-cyclohexyl(trimethylsilyl)carboxylate
Benzeneacetic acid,"Cyclopentaneacetic acid, 3-oxo-2-pentyl-"
Benzeneacetic acid,D-(-)-Citramalic acid
Benzeneacetic acid,D-Fructose
Benzeneacetic acid,Deoxycholic Acid
Benzeneacetic acid,Dihydrouracil
Benzeneacetic acid,Dinoseb 
Benzeneacetic acid,DL-Glyceraldehyde
Benzeneacetic acid,"Ethanamine, N,N-diethyl-2,2-dimethyl-2-[(3,5-dimethoxy)phenyl]-"
Benzeneacetic acid,Ethanolamine
Benzeneacetic acid,Glyceric acid
Benzeneacetic acid,Glycine
Benzeneacetic acid,Glycolic acid
Benzeneacetic acid,Hexanoic acid
Benzeneacetic acid,Hydracrylic acid
Benzeneacetic acid,Hydroquinidine
Benzeneacetic acid,Isofucosterol
Benzeneacetic acid,Isopropyl palmitate
Benzeneacetic acid,Itaconic acid
Benzeneacetic acid,L-Proline
Benzeneacetic acid,L-Tryptophan
Benzeneacetic acid,L-Valine
Benzeneacetic acid,Malic acid
Benzeneacetic acid,Metanephrine
Benzeneacetic acid,Methyl aminoacetate
Benzeneacetic acid,Methylmalonic monoamide
Benzeneacetic acid,"N-(Trifluoroacetyl)-N,O,O'-tris(trimethylsilyl)normetanephrine"
Benzeneacetic acid,N-Isovaleroylglycine
Benzeneacetic acid,N-Methyl-N-(tetrahydro-2-furanylmethyl)-4-piperidinamine
Benzeneacetic acid,Niclosamide
Benzeneacetic acid,Nonadecanoic acid
Benzeneacetic acid,Pentadecanoic acid
Benzeneacetic acid,"Pentanedioic acid, 3-methyl-3-[(trimethylsilyl)oxy]-"
Benzeneacetic acid,Phenylalanine
Benzeneacetic acid,"Propanetriol, 2-methyl-"
Benzeneacetic acid,Propylamine
Benzeneacetic acid,Serine
Benzeneacetic acid,"Stigmast-5-ene, 3beta-"
Benzeneacetic acid,Tartronic acid
Benzeneacetic acid,Triethanolamine
Benzeneacetic acid,Urea
Benzeneacetic acid,Uridine
"Benzeneethanamine, N-[(pentafluorophenyl)methylene]-4-[(trimethylsilyl)oxy]-",Benzoin
"Benzeneethanamine, N-[(pentafluorophenyl)methylene]-4-[(trimethylsilyl)oxy]-","Cyclohexene, 3,3-dimethyl-1-(trimethylsilyloxy)-"
"Benzeneethanamine, N-[(pentafluorophenyl)methylene]-4-[(trimethylsilyl)oxy]-",D-Ribose
"Benzeneethanamine, N-[(pentafluorophenyl)methylene]-4-[(trimethylsilyl)oxy]-","N-(Trifluoroacetyl)-N,O,O'-tris(trimethylsilyl)normetanephrine"
"Benzeneethanamine, N-[(pentafluorophenyl)methylene]-4-[(trimethylsilyl)oxy]-",Nonanoic acid
"Benzeneethanamine, N-[(pentafluorophenyl)methylene]-4-[(trimethylsilyl)oxy]-","Piperidine, 1-(1-methylpentyl)-"
"Benzeneethanamine, N-[(pentafluorophenyl)methylene]-4-[(trimethylsilyl)oxy]-",Stearic acid
"Benzenemethanamine, 2,3-dimethoxy-","Benzimidazole, 5-trifluoromethyl-2-methyl-"
"Benzenemethanamine, 2,3-dimethoxy-","Butanal, 2,3,4-tris[(trimethylsilyl)oxy]-, O-methyloxime, [R-(R*,R*)]-"
"Benzenemethanamine, 2,3-dimethoxy-",Butylmethylamine
"Benzenemethanamine, 2,3-dimethoxy-",Cyclo-(l-leucyl-l-phenylalanyl) 
"Benzenemethanamine, 2,3-dimethoxy-",Cyclo(L-prolyl-L-valine) 
"Benzenemethanamine, 2,3-dimethoxy-","Cyclohexanone, 3,3,5-trimethyl-"
"Benzenemethanamine, 2,3-dimethoxy-","Cyclopentaneacetic acid, 3-oxo-2-pentyl-"
"Benzenemethanamine, 2,3-dimethoxy-",Diphenyl ether
"Benzenemethanamine, 2,3-dimethoxy-","Furan, 2-pentyl-"
"Benzenemethanamine, 2,3-dimethoxy-",Glucose
"Benzenemethanamine, 2,3-dimethoxy-","Glycine, N-(N-DL-leucylglycyl)-"
"Benzenemethanamine, 2,3-dimethoxy-",L-Glutamine
"Benzenemethanamine, 2,3-dimethoxy-",L-Isoleucine
"Benzenemethanamine, 2,3-dimethoxy-",L-Threonine
"Benzenemethanamine, 2,3-dimethoxy-",Levulinic acid
"Benzenemethanamine, 2,3-dimethoxy-",Myristic acid
"Benzenemethanamine, 2,3-dimethoxy-",N-Valerylglycine
"Benzenemethanamine, 2,3-dimethoxy-","N,N-Diethyl-2-aminoethanol"
"Benzenemethanamine, 2,3-dimethoxy-",Octan-2-yl palmitate
"Benzenemethanamine, 2,3-dimethoxy-","Octane, 1-propoxy-"
"Benzenemethanamine, 2,3-dimethoxy-",Pentanoic acid
"Benzenemethanamine, 2,3-dimethoxy-",Phenol
"Benzenemethanamine, 2,3-dimethoxy-",Phenoxyacetic acid
"Benzenemethanamine, 2,3-dimethoxy-",phenoxyethanol
"Benzenemethanamine, 2,3-dimethoxy-",Phlorizin
"Benzenemethanamine, 2,3-dimethoxy-","Piperidine, 1-(1-methylpentyl)-"
"Benzenemethanamine, 2,3-dimethoxy-",S-Methyl-L-cysteine
"Benzenemethanamine, 2,3-dimethoxy-",Supraene
"Benzenemethanamine, 2,3-dimethoxy-",Tris(trimethylsilyl)carbamate
"Benzenemethanamine, 2,3-dimethoxy-",Trisaminol
"Benzenemethanamine, 2,3-dimethoxy-",Valylglycine
"Benzenepropanoic acid, 3,5-bis(1,1-dimethylethyl)-4-hydroxy-",Cyclo(L-prolyl-L-valine) 
"Benzenepropanoic acid, 3,5-bis(1,1-dimethylethyl)-4-hydroxy-","N-(Trifluoroacetyl)-N,O,O'-tris(trimethylsilyl)normetanephrine"
Benzenepropanoic acid,D-(-)-Citramalic acid
Benzenepropanoic acid,"Ethanone, 1-(5-methoxy-2-methyl-3(1H)-indolyl)-"
Benzenepropanoic acid,L-Alanine
Benzenepropanoic acid,N-(Trimethylsilyl)hexanamide
Benzenepropanoic acid,N-Acetyl-L-glutamic acid
Benzenepropanoic acid,"N-isobutyl-2-(trimethylsilyloxy]-4,5-dihydro-1H-imidazole-1-carboxamide"
Benzenepropanoic acid,"Piperidine, 1-(1-methylpentyl)-"
Benzenepropanoic acid,"Propiophenone, 3',4'-dimethoxy-"
Benzenepropanoic acid,Tetradecanenitrile
Benzenepropanoic acid,Trimethylsilyl 3-((trimethylsilyl)thio)propanoate
"Benzimidazole, 5-trifluoromethyl-2-methyl-","Benzoic acid, pentadecyl ester"
"Benzimidazole, 5-trifluoromethyl-2-methyl-",Benzoic Acid
"Benzimidazole, 5-trifluoromethyl-2-methyl-",Benzophenone
"Benzimidazole, 5-trifluoromethyl-2-methyl-","beta-D-Galactofuranose, 1,2,3,5,6-pentakis-O-(trimethylsilyl)-"
"Benzimidazole, 5-trifluoromethyl-2-methyl-",beta-Lyxopyranose
"Benzimidazole, 5-trifluoromethyl-2-methyl-","Butanoic acid, 2,4-bis[(trimethylsilyl)oxy]-"
"Benzimidazole, 5-trifluoromethyl-2-methyl-",Butylated Hydroxytoluene
"Benzimidazole, 5-trifluoromethyl-2-methyl-",Butylmethylamine
"Benzimidazole, 5-trifluoromethyl-2-methyl-",Cinnamic acid
"Benzimidazole, 5-trifluoromethyl-2-methyl-",Cyclohexanol
"Benzimidazole, 5-trifluoromethyl-2-methyl-","Cyclohexanone, 3,3,5-trimethyl-"
"Benzimidazole, 5-trifluoromethyl-2-methyl-","Cyclopentaneacetic acid, 3-oxo-2-pentyl-"
"Benzimidazole, 5-trifluoromethyl-2-methyl-","Cyclopentanone, 2,2,4-trimethyl-"
"Benzimidazole, 5-trifluoromethyl-2-methyl-",D-(-)-Citramalic acid
"Benzimidazole, 5-trifluoromethyl-2-methyl-","D-(+)-Ribono-1,4-lactone (R,S,R)-"
"Benzimidazole, 5-trifluoromethyl-2-methyl-",D-Fructose
"Benzimidazole, 5-trifluoromethyl-2-methyl-",Dinoseb 
"Benzimidazole, 5-trifluoromethyl-2-methyl-",Diphenyl ether
"Benzimidazole, 5-trifluoromethyl-2-methyl-",DL-Glyceraldehyde
"Benzimidazole, 5-trifluoromethyl-2-methyl-",Doconexent
"Benzimidazole, 5-trifluoromethyl-2-methyl-","Dodecanoic acid, 1-methylethyl ester"
"Benzimidazole, 5-trifluoromethyl-2-methyl-",Dodecanoic acid
"Benzimidazole, 5-trifluoromethyl-2-methyl-",Dodecylcyclohexane
"Benzimidazole, 5-trifluoromethyl-2-methyl-",Dopamine
"Benzimidazole, 5-trifluoromethyl-2-methyl-",Eicosapentaenoic acid
"Benzimidazole, 5-trifluoromethyl-2-methyl-",Ethyl alpha-D-glucopyranoside
"Benzimidazole, 5-trifluoromethyl-2-methyl-","Furan, 2-pentyl-"
"Benzimidazole, 5-trifluoromethyl-2-methyl-",Glycine
"Benzimidazole, 5-trifluoromethyl-2-methyl-","Glycine, N-(N-DL-leucylglycyl)-"
"Benzimidazole, 5-trifluoromethyl-2-methyl-",Glyoxime
"Benzimidazole, 5-trifluoromethyl-2-methyl-",Heptadecanoic acid
"Benzimidazole, 5-trifluoromethyl-2-methyl-",Heptanoic acid
"Benzimidazole, 5-trifluoromethyl-2-methyl-",Hexanoic acid
"Benzimidazole, 5-trifluoromethyl-2-methyl-",Hydantoic acid
"Benzimidazole, 5-trifluoromethyl-2-methyl-",Indole-3-carboxaldehyde
"Benzimidazole, 5-trifluoromethyl-2-methyl-",Indole-3-lactic acid
"Benzimidazole, 5-trifluoromethyl-2-methyl-",Indole-5-carboxylic acid
"Benzimidazole, 5-trifluoromethyl-2-methyl-",Isofucosterol
"Benzimidazole, 5-trifluoromethyl-2-methyl-",Isopropyl palmitate
"Benzimidazole, 5-trifluoromethyl-2-methyl-",Itaconic acid
"Benzimidazole, 5-trifluoromethyl-2-methyl-",L-5-Oxoproline
"Benzimidazole, 5-trifluoromethyl-2-methyl-",L-Threitol
"Benzimidazole, 5-trifluoromethyl-2-methyl-",Levulinic acid
"Benzimidazole, 5-trifluoromethyl-2-methyl-",Metanephrine
"Benzimidazole, 5-trifluoromethyl-2-methyl-",Methyl aminoacetate
"Benzimidazole, 5-trifluoromethyl-2-methyl-",Methyl-3-methoxy-5-methyl benzoate
"Benzimidazole, 5-trifluoromethyl-2-methyl-",Myristic acid
"Benzimidazole, 5-trifluoromethyl-2-methyl-",N-Methyl-N-(tetrahydro-2-furanylmethyl)-4-piperidinamine
"Benzimidazole, 5-trifluoromethyl-2-methyl-","N,O-Bis(trimethylsilyl)carbamate"
"Benzimidazole, 5-trifluoromethyl-2-methyl-",Neostigmine 
"Benzimidazole, 5-trifluoromethyl-2-methyl-",Niclosamide
"Benzimidazole, 5-trifluoromethyl-2-methyl-",Nonadecanoic acid
"Benzimidazole, 5-trifluoromethyl-2-methyl-",Nonanal
"Benzimidazole, 5-trifluoromethyl-2-methyl-",Octanoic acid
"Benzimidazole, 5-trifluoromethyl-2-methyl-",p-Hydroxydiisopropylbenzene
"Benzimidazole, 5-trifluoromethyl-2-methyl-",p-Toluic acid
"Benzimidazole, 5-trifluoromethyl-2-methyl-",Pantolactone
"Benzimidazole, 5-trifluoromethyl-2-methyl-",Pentadecanoic acid
"Benzimidazole, 5-trifluoromethyl-2-methyl-","Pentanedioic acid, 3-methyl-3-[(trimethylsilyl)oxy]-"
"Benzimidazole, 5-trifluoromethyl-2-methyl-",Pentanoic acid
"Benzimidazole, 5-trifluoromethyl-2-methyl-","Pentenoic acid, 4-[(trimethylsilyl)oxy]-"
"Benzimidazole, 5-trifluoromethyl-2-methyl-",Phenol
"Benzimidazole, 5-trifluoromethyl-2-methyl-",Phenoxyacetic acid
"Benzimidazole, 5-trifluoromethyl-2-methyl-",phenoxyethanol
"Benzimidazole, 5-trifluoromethyl-2-methyl-",Phlorizin
"Benzimidazole, 5-trifluoromethyl-2-methyl-",Phloroglucinol
"Benzimidazole, 5-trifluoromethyl-2-methyl-",Picolinic acid
"Benzimidazole, 5-trifluoromethyl-2-methyl-",Pimelic acid
"Benzimidazole, 5-trifluoromethyl-2-methyl-","Propanetriol, 2-methyl-"
"Benzimidazole, 5-trifluoromethyl-2-methyl-","Propanoic acid, 2-methyl-"
"Benzimidazole, 5-trifluoromethyl-2-methyl-",Propylamine
"Benzimidazole, 5-trifluoromethyl-2-methyl-","Pyrimidine, 5-methyl-2,4-bis[(trimethylsilyl)oxy]-"
"Benzimidazole, 5-trifluoromethyl-2-methyl-",Salsoline
"Benzimidazole, 5-trifluoromethyl-2-methyl-",Ser-Leu
"Benzimidazole, 5-trifluoromethyl-2-methyl-",Sertraline carbamoyl glucuronide
"Benzimidazole, 5-trifluoromethyl-2-methyl-","Stigmast-5-ene, 3beta-"
"Benzimidazole, 5-trifluoromethyl-2-methyl-",Supraene
"Benzimidazole, 5-trifluoromethyl-2-methyl-",Tartronic acid
"Benzimidazole, 5-trifluoromethyl-2-methyl-","Thymine, 1,3-dimethyl-6-(trimethylsilyloxymethyl)-"
"Benzimidazole, 5-trifluoromethyl-2-methyl-",Triethanolamine
"Benzimidazole, 5-trifluoromethyl-2-methyl-",L-Tyrosine
"Benzo[b]fluorene, 5-amino-7-methyl-1,2,3,4,6,7,8,9-octahydro-11-thia-10-aza-","Benzoic acid, methyl ester"
"Benzo[b]fluorene, 5-amino-7-methyl-1,2,3,4,6,7,8,9-octahydro-11-thia-10-aza-","Benzoic acid, pentadecyl ester"
"Benzo[b]fluorene, 5-amino-7-methyl-1,2,3,4,6,7,8,9-octahydro-11-thia-10-aza-",Benzoin
"Benzo[b]fluorene, 5-amino-7-methyl-1,2,3,4,6,7,8,9-octahydro-11-thia-10-aza-",Benzophenone
"Benzo[b]fluorene, 5-amino-7-methyl-1,2,3,4,6,7,8,9-octahydro-11-thia-10-aza-","beta-d-Fructopyranose, 1-deoxy-1-(4-morpholinyl)-2,3,4,5-tetrakis-O-(trimethylsilyl)-"
"Benzo[b]fluorene, 5-amino-7-methyl-1,2,3,4,6,7,8,9-octahydro-11-thia-10-aza-",Bis(trimethylsilyl)histidine
"Benzo[b]fluorene, 5-amino-7-methyl-1,2,3,4,6,7,8,9-octahydro-11-thia-10-aza-",Cadaverine
"Benzo[b]fluorene, 5-amino-7-methyl-1,2,3,4,6,7,8,9-octahydro-11-thia-10-aza-","Cholesta-3,5-dien-7-one"
"Benzo[b]fluorene, 5-amino-7-methyl-1,2,3,4,6,7,8,9-octahydro-11-thia-10-aza-",Cinnamic acid
"Benzo[b]fluorene, 5-amino-7-methyl-1,2,3,4,6,7,8,9-octahydro-11-thia-10-aza-",Citric acid
"Benzo[b]fluorene, 5-amino-7-methyl-1,2,3,4,6,7,8,9-octahydro-11-thia-10-aza-",Cyclo(L-prolyl-L-valine) 
"Benzo[b]fluorene, 5-amino-7-methyl-1,2,3,4,6,7,8,9-octahydro-11-thia-10-aza-","Cyclopentaneacetic acid, 3-oxo-2-pentyl-"
"Benzo[b]fluorene, 5-amino-7-methyl-1,2,3,4,6,7,8,9-octahydro-11-thia-10-aza-",Diphenyl ether
"Benzo[b]fluorene, 5-amino-7-methyl-1,2,3,4,6,7,8,9-octahydro-11-thia-10-aza-","DL-Proline, 5-oxo-"
"Benzo[b]fluorene, 5-amino-7-methyl-1,2,3,4,6,7,8,9-octahydro-11-thia-10-aza-",Hydantoic acid
"Benzo[b]fluorene, 5-amino-7-methyl-1,2,3,4,6,7,8,9-octahydro-11-thia-10-aza-",Indole-3-carboxaldehyde
"Benzo[b]fluorene, 5-amino-7-methyl-1,2,3,4,6,7,8,9-octahydro-11-thia-10-aza-",Isopropyl palmitate
"Benzo[b]fluorene, 5-amino-7-methyl-1,2,3,4,6,7,8,9-octahydro-11-thia-10-aza-",L-5-Oxoproline
"Benzo[b]fluorene, 5-amino-7-methyl-1,2,3,4,6,7,8,9-octahydro-11-thia-10-aza-",Methyl isovanillate
"Benzo[b]fluorene, 5-amino-7-methyl-1,2,3,4,6,7,8,9-octahydro-11-thia-10-aza-",Methyl-3-methoxy-5-methyl benzoate
"Benzo[b]fluorene, 5-amino-7-methyl-1,2,3,4,6,7,8,9-octahydro-11-thia-10-aza-",N-Isovaleroylglycine
"Benzo[b]fluorene, 5-amino-7-methyl-1,2,3,4,6,7,8,9-octahydro-11-thia-10-aza-","Pyrimidine, 5-methyl-2,4-bis[(trimethylsilyl)oxy]-"
"Benzo[b]fluorene, 5-amino-7-methyl-1,2,3,4,6,7,8,9-octahydro-11-thia-10-aza-",Triethanolamine
"Benzoic acid, methyl ester", 5-Hydroxyhexanoic acid
"Benzoic acid, methyl ester","Butanoic acid, 2,4-bis[(trimethylsilyl)oxy]-"
"Benzoic acid, methyl ester","Cholesta-3,5-dien-7-one"
"Benzoic acid, methyl ester",Citric acid
"Benzoic acid, methyl ester","Cyclohexene, 3-butyl-3-methyl-1-trimethylsilyloxy-"
"Benzoic acid, methyl ester","Cyclohexene, 3,3-dimethyl-1-(trimethylsilyloxy)-"
"Benzoic acid, methyl ester",D-Fructose
"Benzoic acid, methyl ester",Dehydronorketamine
"Benzoic acid, methyl ester",Eicosapentaenoic acid
"Benzoic acid, methyl ester","Erythrono-1,4-lactone, (Z)-"
"Benzoic acid, methyl ester",Levulinic acid
"Benzoic acid, methyl ester",Octan-2-yl palmitate
"Benzoic acid, methyl ester",Pantolactone
"Benzoic acid, methyl ester",Phenol
"Benzoic acid, methyl ester",Phloroglucinol
"Benzoic acid, methyl ester","Propiophenone, 3',4'-dimethoxy-"
"Benzoic acid, methyl ester","Pyrazine, 3,6-dihydro-3,6-dimethyl-"
"Benzoic acid, methyl ester","Pyrimidine, 5-methyl-2,4-bis[(trimethylsilyl)oxy]-"
"Benzoic acid, methyl ester",Sinomenin
"Benzoic acid, methyl ester",Tartronic acid
"Benzoic acid, methyl ester",Thymidine
"Benzoic acid, methyl ester",Urea
"Benzoic acid, pentadecyl ester",Benzoic Acid
"Benzoic acid, pentadecyl ester",Benzophenone
"Benzoic acid, pentadecyl ester","beta-D-Galactofuranose, 1,2,3,5,6-pentakis-O-(trimethylsilyl)-"
"Benzoic acid, pentadecyl ester",beta-Lyxopyranose
"Benzoic acid, pentadecyl ester","Butanoic acid, 2,4-bis[(trimethylsilyl)oxy]-"
"Benzoic acid, pentadecyl ester",Butylated Hydroxytoluene
"Benzoic acid, pentadecyl ester",Butylmethylamine
"Benzoic acid, pentadecyl ester","Cetaben, N,O-bis(trimethylsilyl)-"
"Benzoic acid, pentadecyl ester",Cyclohexanol
"Benzoic acid, pentadecyl ester","Cyclopentaneacetic acid, 3-oxo-2-pentyl-"
"Benzoic acid, pentadecyl ester",D-(-)-Citramalic acid
"Benzoic acid, pentadecyl ester","D-(-)-Fructofuranose, pentakis"
"Benzoic acid, pentadecyl ester",Dinoseb 
"Benzoic acid, pentadecyl ester",Diphenyl ether
"Benzoic acid, pentadecyl ester",DL-Glyceraldehyde
"Benzoic acid, pentadecyl ester","Dodecanoic acid, 1-methylethyl ester"
"Benzoic acid, pentadecyl ester","Ethanol, 2-(9-octadecenyloxy)-"
"Benzoic acid, pentadecyl ester","Furan, 2-pentyl-"
"Benzoic acid, pentadecyl ester","Glycine, N-(N-DL-leucylglycyl)-"
"Benzoic acid, pentadecyl ester",Glyoxime
"Benzoic acid, pentadecyl ester",Hydantoic acid
"Benzoic acid, pentadecyl ester",Isofucosterol
"Benzoic acid, pentadecyl ester",Isopropyl palmitate
"Benzoic acid, pentadecyl ester",L-5-Oxoproline
"Benzoic acid, pentadecyl ester",L-Norleucine
"Benzoic acid, pentadecyl ester",Levulinic acid
"Benzoic acid, pentadecyl ester",Methyl aminoacetate
"Benzoic acid, pentadecyl ester",Niclosamide
"Benzoic acid, pentadecyl ester",Nitrosothymol
"Benzoic acid, pentadecyl ester",Nonadecanoic acid
"Benzoic acid, pentadecyl ester",Nonanal
"Benzoic acid, pentadecyl ester",p-Toluic acid
"Benzoic acid, pentadecyl ester",Pantolactone
"Benzoic acid, pentadecyl ester","Pentanedioic acid, 3-methyl-3-[(trimethylsilyl)oxy]-"
"Benzoic acid, pentadecyl ester","Pentenoic acid, 4-[(trimethylsilyl)oxy]-"
"Benzoic acid, pentadecyl ester",Phenol
"Benzoic acid, pentadecyl ester",Phenoxyacetic acid
"Benzoic acid, pentadecyl ester",phenoxyethanol
"Benzoic acid, pentadecyl ester",Phlorizin
"Benzoic acid, pentadecyl ester",Phloroglucinol
"Benzoic acid, pentadecyl ester",Pimelic acid
"Benzoic acid, pentadecyl ester","Propanetriol, 2-methyl-"
"Benzoic acid, pentadecyl ester",Propylamine
"Benzoic acid, pentadecyl ester",S-Methyl-L-cysteine
"Benzoic acid, pentadecyl ester",Salsoline
"Benzoic acid, pentadecyl ester","Stigmast-5-ene, 3beta-"
"Benzoic acid, pentadecyl ester",Supraene
"Benzoic acid, pentadecyl ester",Tartronic acid
"Benzoic acid, pentadecyl ester",Thymidine
"Benzoic acid, pentadecyl ester","Thymine, 1,3-dimethyl-6-(trimethylsilyloxymethyl)-"
"Benzoic acid, pentadecyl ester",Triethanolamine
Benzoic Acid,Butylated Hydroxytoluene
Benzoic Acid,Cyclohexanol
Benzoic Acid,"Cyclohexanone, 3,3,5-trimethyl-"
Benzoic Acid,"Cyclopentaneacetic acid, 3-oxo-2-pentyl-"
Benzoic Acid,D-Ornithine
Benzoic Acid,Dodecanoic acid
Benzoic Acid,"Furan, 2-pentyl-"
Benzoic Acid,"Glycine, N-(N-DL-leucylglycyl)-"
Benzoic Acid,Glyoxime
Benzoic Acid,"Guanidine, N,N-dimethyl-"
Benzoic Acid,L-Threonine
Benzoic Acid,Levulinic acid
Benzoic Acid,Myristic acid
Benzoic Acid,Nonanal
Benzoic Acid,Norketamine
Benzoic Acid,Octan-2-yl palmitate
Benzoic Acid,Octanoic acid
Benzoic Acid,Pantolactone
Benzoic Acid,"Pentanedioic acid, 2,4-bis[(trimethylsilyl)oxy]"
Benzoic Acid,Pentanoic acid
Benzoic Acid,Phenol
Benzoic Acid,phenoxyethanol
Benzoic Acid,Phlorizin
Benzoic Acid,Pyroglutamic acid
Benzoic Acid,Sinomenin
Benzoic Acid,Supraene
Benzoin,"Cholesta-3,5-dien-7-one"
Benzoin,Dimethyl fumarate
Benzoin,Docosyl octyl ether
Benzoin,"Dodecane, 4,6-dimethyl-"
Benzoin,Glucose
Benzoin,Glyoxime
Benzoin,"Pentanedioic acid, 2,4-bis[(trimethylsilyl)oxy]"
Benzoin,"Propiophenone, 3',4'-dimethoxy-"
Benzoin,Trimidox
Benzophenone,"beta-D-Galactofuranose, 1,2,3,5,6-pentakis-O-(trimethylsilyl)-"
Benzophenone,"Butanoic acid, 2,4-bis[(trimethylsilyl)oxy]-"
Benzophenone,Butylmethylamine
Benzophenone,Campesterol
Benzophenone,"Cholest-7-en-3-ol, (3beta,5alpha)-"
Benzophenone,Cholesterol
Benzophenone,Cyclobutanol
Benzophenone,Cyclohexanol
Benzophenone,"Cyclopentaneacetic acid, 3-oxo-2-pentyl-"
Benzophenone,"Cyclopentanone, 2,2,4-trimethyl-"
Benzophenone,D-(-)-Citramalic acid
Benzophenone,Dinoseb 
Benzophenone,Diphenyl ether
Benzophenone,DL-Glyceraldehyde
Benzophenone,Doconexent
Benzophenone,"Dodecanoic acid, 1-methylethyl ester"
Benzophenone,Dodecanoic acid
Benzophenone,Dopamine
Benzophenone,"Ethanone, 1-(2,5-dimethoxyphenyl)-"
Benzophenone,"Furan, 2-pentyl-"
Benzophenone,Glycine
Benzophenone,"Glycine, N-(N-DL-leucylglycyl)-"
Benzophenone,Glyoxime
Benzophenone,Hydantoic acid
Benzophenone,Indole-3-lactic acid
Benzophenone,Indole-5-carboxylic acid
Benzophenone,Isofucosterol
Benzophenone,Isopropyl palmitate
Benzophenone,Itaconic acid
Benzophenone,L-5-Oxoproline
Benzophenone,L-Aspartic acid
Benzophenone,L-Glutamic acid
Benzophenone,Levulinic acid
Benzophenone,Methyl aminoacetate
Benzophenone,Methyl-3-methoxy-5-methyl benzoate
Benzophenone,N-Isovaleroylglycine
Benzophenone,N-Methyl-N-(tetrahydro-2-furanylmethyl)-4-piperidinamine
Benzophenone,"N,O-Bis(trimethylsilyl)carbamate"
Benzophenone,Neostigmine 
Benzophenone,Niclosamide
Benzophenone,Nitrosothymol
Benzophenone,Nonadecanoic acid
Benzophenone,Nonanal
Benzophenone,"Octane, 1-propoxy-"
Benzophenone,p-Hydroxydiisopropylbenzene
Benzophenone,p-Toluic acid
Benzophenone,Pantolactone
Benzophenone,"Pentanedioic acid, 3-methyl-3-[(trimethylsilyl)oxy]-"
Benzophenone,"Pentenoic acid, 4-[(trimethylsilyl)oxy]-"
Benzophenone,Phenoxyacetic acid
Benzophenone,phenoxyethanol
Benzophenone,Phlorizin
Benzophenone,Phloroglucinol
Benzophenone,Picolinic acid
Benzophenone,Pimelic acid
Benzophenone,"Propanetriol, 2-methyl-"
Benzophenone,"Propanoic acid, 2-methyl-"
Benzophenone,Propylamine
Benzophenone,Salsoline
Benzophenone,Ser-Leu
Benzophenone,Sinomenin
Benzophenone,"Stigmast-5-ene, 3beta-"
Benzophenone,Supraene
Benzophenone,Tartronic acid
Benzophenone,Thymidine
Benzophenone,"Thymine, 1,3-dimethyl-6-(trimethylsilyloxymethyl)-"
Benzophenone,Triethanolamine
Benzophenone,"Trimethylsilyl (5-benzyl-3,6-dioxopiperazin-2-yl)acetate"
Benzophenone,L-Tyrosine
Benzyl alcohol,Butylmethylamine
Benzyl alcohol,"Cyclohexanone, 3,3,5-trimethyl-"
Benzyl alcohol,Decanoic acid
Benzyl alcohol,Dodecanoic acid
Benzyl alcohol,"Guanidine, N,N-dimethyl-"
Benzyl alcohol,Heptadecanoic acid
Benzyl alcohol,Heptanoic acid
Benzyl alcohol,Hexanoic acid
Benzyl alcohol,Isonicotinic Acid
Benzyl alcohol,Luteolin 
Benzyl alcohol,Myristic acid
Benzyl alcohol,N-Acetyltyrosine
Benzyl alcohol,n-Butylamine
Benzyl alcohol,N-Valerylglycine
Benzyl alcohol,Pentadecanoic acid
Benzyl alcohol,Phenol
Benzyl alcohol,Phlorizin
Benzyl alcohol,Supraene
Benzyl alcohol,Tricine
Benzyl alcohol,Tris(trimethylsilyl)carbamate
Benzyl alcohol,L-Tyrosine
Benzyl alcohol,Valylglycine
"beta-d-Fructopyranose, 1-deoxy-1-(4-morpholinyl)-2,3,4,5-tetrakis-O-(trimethylsilyl)-", 5-Hydroxyhexanoic acid
"beta-d-Fructopyranose, 1-deoxy-1-(4-morpholinyl)-2,3,4,5-tetrakis-O-(trimethylsilyl)-",Butylmethylamine
"beta-d-Fructopyranose, 1-deoxy-1-(4-morpholinyl)-2,3,4,5-tetrakis-O-(trimethylsilyl)-",Citric acid
"beta-d-Fructopyranose, 1-deoxy-1-(4-morpholinyl)-2,3,4,5-tetrakis-O-(trimethylsilyl)-",Dinoseb 
"beta-d-Fructopyranose, 1-deoxy-1-(4-morpholinyl)-2,3,4,5-tetrakis-O-(trimethylsilyl)-",Ethanolamine
"beta-d-Fructopyranose, 1-deoxy-1-(4-morpholinyl)-2,3,4,5-tetrakis-O-(trimethylsilyl)-",Glucopyranose
"beta-d-Fructopyranose, 1-deoxy-1-(4-morpholinyl)-2,3,4,5-tetrakis-O-(trimethylsilyl)-",Glyoxime
"beta-d-Fructopyranose, 1-deoxy-1-(4-morpholinyl)-2,3,4,5-tetrakis-O-(trimethylsilyl)-",Hexanoylglycine
"beta-d-Fructopyranose, 1-deoxy-1-(4-morpholinyl)-2,3,4,5-tetrakis-O-(trimethylsilyl)-",Hydantoic acid
"beta-d-Fructopyranose, 1-deoxy-1-(4-morpholinyl)-2,3,4,5-tetrakis-O-(trimethylsilyl)-",Isoxaben
"beta-d-Fructopyranose, 1-deoxy-1-(4-morpholinyl)-2,3,4,5-tetrakis-O-(trimethylsilyl)-",L-Proline
"beta-d-Fructopyranose, 1-deoxy-1-(4-morpholinyl)-2,3,4,5-tetrakis-O-(trimethylsilyl)-",Methyl aminoacetate
"beta-d-Fructopyranose, 1-deoxy-1-(4-morpholinyl)-2,3,4,5-tetrakis-O-(trimethylsilyl)-",N-Acetyl-L-glutamic acid
"beta-d-Fructopyranose, 1-deoxy-1-(4-morpholinyl)-2,3,4,5-tetrakis-O-(trimethylsilyl)-",N-Acetyltyrosine
"beta-d-Fructopyranose, 1-deoxy-1-(4-morpholinyl)-2,3,4,5-tetrakis-O-(trimethylsilyl)-",N-Isovaleroylglycine
"beta-d-Fructopyranose, 1-deoxy-1-(4-morpholinyl)-2,3,4,5-tetrakis-O-(trimethylsilyl)-",Nonanal
"beta-d-Fructopyranose, 1-deoxy-1-(4-morpholinyl)-2,3,4,5-tetrakis-O-(trimethylsilyl)-",Picolinic acid
"beta-d-Fructopyranose, 1-deoxy-1-(4-morpholinyl)-2,3,4,5-tetrakis-O-(trimethylsilyl)-","Tacrine, N-trimethylsilyl-"
"beta-d-Fructopyranose, 1-deoxy-1-(4-morpholinyl)-2,3,4,5-tetrakis-O-(trimethylsilyl)-",Triethanolamine
"beta-d-Fructopyranose, 1-deoxy-1-(4-morpholinyl)-2,3,4,5-tetrakis-O-(trimethylsilyl)-",Trimidox
"beta-D-Galactofuranose, 1,2,3,5,6-pentakis-O-(trimethylsilyl)-",beta-Lyxopyranose
"beta-D-Galactofuranose, 1,2,3,5,6-pentakis-O-(trimethylsilyl)-", 5-Hydroxyhexanoic acid
"beta-D-Galactofuranose, 1,2,3,5,6-pentakis-O-(trimethylsilyl)-","Butanoic acid, 2,4-bis[(trimethylsilyl)oxy]-"
"beta-D-Galactofuranose, 1,2,3,5,6-pentakis-O-(trimethylsilyl)-",cis-4-Trimethylsilyloxy-cyclohexyl(trimethylsilyl)carboxylate
"beta-D-Galactofuranose, 1,2,3,5,6-pentakis-O-(trimethylsilyl)-","Cyclopentaneacetic acid, 3-oxo-2-pentyl-"
"beta-D-Galactofuranose, 1,2,3,5,6-pentakis-O-(trimethylsilyl)-",D-Fucitol
"beta-D-Galactofuranose, 1,2,3,5,6-pentakis-O-(trimethylsilyl)-",Dinoseb 
"beta-D-Galactofuranose, 1,2,3,5,6-pentakis-O-(trimethylsilyl)-",Diphenyl ether
"beta-D-Galactofuranose, 1,2,3,5,6-pentakis-O-(trimethylsilyl)-",DL-Glyceraldehyde
"beta-D-Galactofuranose, 1,2,3,5,6-pentakis-O-(trimethylsilyl)-",Dobutamine
"beta-D-Galactofuranose, 1,2,3,5,6-pentakis-O-(trimethylsilyl)-","Ethanamine, N,N-diethyl-2,2-dimethyl-2-[(3,5-dimethoxy)phenyl]-"
"beta-D-Galactofuranose, 1,2,3,5,6-pentakis-O-(trimethylsilyl)-",Isofucosterol
"beta-D-Galactofuranose, 1,2,3,5,6-pentakis-O-(trimethylsilyl)-",Isopropyl palmitate
"beta-D-Galactofuranose, 1,2,3,5,6-pentakis-O-(trimethylsilyl)-",Itaconic acid
"beta-D-Galactofuranose, 1,2,3,5,6-pentakis-O-(trimethylsilyl)-",L-Alanine
"beta-D-Galactofuranose, 1,2,3,5,6-pentakis-O-(trimethylsilyl)-",Metanephrine
"beta-D-Galactofuranose, 1,2,3,5,6-pentakis-O-(trimethylsilyl)-",Methyl aminoacetate
"beta-D-Galactofuranose, 1,2,3,5,6-pentakis-O-(trimethylsilyl)-",N-Methyl-N-(tetrahydro-2-furanylmethyl)-4-piperidinamine
"beta-D-Galactofuranose, 1,2,3,5,6-pentakis-O-(trimethylsilyl)-","N,N-Diethyl-2-aminoethanol"
"beta-D-Galactofuranose, 1,2,3,5,6-pentakis-O-(trimethylsilyl)-",Neostigmine 
"beta-D-Galactofuranose, 1,2,3,5,6-pentakis-O-(trimethylsilyl)-","Oxalic acid, allyl octyl ester"
"beta-D-Galactofuranose, 1,2,3,5,6-pentakis-O-(trimethylsilyl)-",p-Hydroxydiisopropylbenzene
"beta-D-Galactofuranose, 1,2,3,5,6-pentakis-O-(trimethylsilyl)-",p-Toluic acid
"beta-D-Galactofuranose, 1,2,3,5,6-pentakis-O-(trimethylsilyl)-","Pentanedioic acid, 3-methyl-3-[(trimethylsilyl)oxy]-"
"beta-D-Galactofuranose, 1,2,3,5,6-pentakis-O-(trimethylsilyl)-",Pentanoic acid
"beta-D-Galactofuranose, 1,2,3,5,6-pentakis-O-(trimethylsilyl)-","Pentenoic acid, 4-[(trimethylsilyl)oxy]-"
"beta-D-Galactofuranose, 1,2,3,5,6-pentakis-O-(trimethylsilyl)-","Phenol, 3,5-bis(1,1-dimethylethyl)-"
"beta-D-Galactofuranose, 1,2,3,5,6-pentakis-O-(trimethylsilyl)-",Pimelic acid
"beta-D-Galactofuranose, 1,2,3,5,6-pentakis-O-(trimethylsilyl)-",Propylamine
"beta-D-Galactofuranose, 1,2,3,5,6-pentakis-O-(trimethylsilyl)-",Sertraline carbamoyl glucuronide
"beta-D-Galactofuranose, 1,2,3,5,6-pentakis-O-(trimethylsilyl)-","Stigmast-5-ene, 3beta-"
"beta-D-Galactofuranose, 1,2,3,5,6-pentakis-O-(trimethylsilyl)-",Tartronic acid
"beta-D-Galactofuranose, 1,2,3,5,6-pentakis-O-(trimethylsilyl)-",Triethanolamine
beta-D-Glucopyranose,Bis(trimethylsilyl)acetylene
beta-D-Glucopyranose,n-Pentadecanol
beta-D-Glucopyranose,"Pentanedioic acid, 3-methyl-3-[(trimethylsilyl)oxy]-"
beta-D-Glucopyranose,S-Methyl-L-cysteine
beta-Hydroxypyruvic acid,Bis(trimethylsilyl)acetylene
beta-Hydroxypyruvic acid,Carfentrazone-ethyl
beta-Hydroxypyruvic acid,"Cetaben, N,O-bis(trimethylsilyl)-"
beta-Hydroxypyruvic acid,"Ethanamine, N,N-diethyl-2,2-dimethyl-2-[(3,5-dimethoxy)phenyl]-"
beta-Hydroxypyruvic acid,N-alpha-Acetyl-L-Lysine
beta-Hydroxypyruvic acid,"N,9-bis(Trimethylsilyl)-6-[(trimethylsilyl)oxy]-9H-purin-2-amine"
beta-Hydroxypyruvic acid,"Propanoic acid, 2-oxo-"
beta-Lyxopyranose,"Butanoic acid, 2-methyl-3-[(trimethylsilyl)oxy]-"
beta-Lyxopyranose,"Butanoic acid, 2,4-bis[(trimethylsilyl)oxy]-"
beta-Lyxopyranose,"Cephalotaxine, 3-deoxy-3,11-epoxy-, (3alpha,11alpha)-"
beta-Lyxopyranose,"Cetaben, N,O-bis(trimethylsilyl)-"
beta-Lyxopyranose,"Cyclopentaneacetic acid, 3-oxo-2-pentyl-"
beta-Lyxopyranose,D-(-)-Citramalic acid
beta-Lyxopyranose,D-Fructose
beta-Lyxopyranose,Deoxycholic Acid
beta-Lyxopyranose,"Glycine, N-[4-[(trimethylsilyl)oxy]benzoyl]-"
beta-Lyxopyranose,Isofucosterol
beta-Lyxopyranose,L-Alanine
beta-Lyxopyranose,L-Threitol
beta-Lyxopyranose,Methyl-3-methoxy-5-methyl benzoate
beta-Lyxopyranose,"Morpholine, 4-[2,3,4,6-tetrakis-O-(trimethylsilyl)-alpha-d-mannopyranosyl]-"
beta-Lyxopyranose,Nonadecanoic acid
beta-Lyxopyranose,Ornithine
beta-Lyxopyranose,"Pentanedioic acid, 3-methyl-3-[(trimethylsilyl)oxy]-"
beta-Lyxopyranose,Pentanoic acid
beta-Lyxopyranose,Sertraline carbamoyl glucuronide
beta-Lyxopyranose,Tartronic acid
beta-Lyxopyranose,Triethanolamine
beta-Methylphenethylamine,"Erythrono-1,4-lactone, (Z)-"
beta-Methylphenethylamine,"N-isobutyl-2-(trimethylsilyloxy]-4,5-dihydro-1H-imidazole-1-carboxamide"
beta-Methylphenethylamine,Nonadecanoic acid
beta-Methylphenethylamine,Pyroglutamic acid
 5-Hydroxyhexanoic acid,"Butanal, 2,3,4-tris[(trimethylsilyl)oxy]-, O-methyloxime, [R-(R*,R*)]-"
 5-Hydroxyhexanoic acid,"Butanoic acid, 2,4-bis[(trimethylsilyl)oxy]-"
 5-Hydroxyhexanoic acid,Carfentrazone-ethyl
 5-Hydroxyhexanoic acid,"Cholesta-3,5-dien-7-one"
 5-Hydroxyhexanoic acid,cis-4-Trimethylsilyloxy-cyclohexyl(trimethylsilyl)carboxylate
 5-Hydroxyhexanoic acid,Cyclo-(l-leucyl-l-phenylalanyl) 
 5-Hydroxyhexanoic acid,Cyclobutanol
 5-Hydroxyhexanoic acid,"Cyclopentaneacetic acid, 3-oxo-2-pentyl-"
 5-Hydroxyhexanoic acid,"Cyclopentanone, 2,2,4-trimethyl-"
 5-Hydroxyhexanoic acid,D-(-)-Citramalic acid
 5-Hydroxyhexanoic acid,"D-(+)-Talofuranose, pentakis"
 5-Hydroxyhexanoic acid,D-Fructose
 5-Hydroxyhexanoic acid,D-Leucylglycylglycine
 5-Hydroxyhexanoic acid,Deoxycholic Acid
 5-Hydroxyhexanoic acid,Dinoseb 
 5-Hydroxyhexanoic acid,DL-Glyceraldehyde
 5-Hydroxyhexanoic acid,Ethyl alpha-D-glucopyranoside
 5-Hydroxyhexanoic acid,Glycine
 5-Hydroxyhexanoic acid,Indole-5-carboxylic acid
 5-Hydroxyhexanoic acid,Isofucosterol
 5-Hydroxyhexanoic acid,Isopropyl palmitate
 5-Hydroxyhexanoic acid,Isoxaben
 5-Hydroxyhexanoic acid,Itaconic acid
 5-Hydroxyhexanoic acid,L-Proline
 5-Hydroxyhexanoic acid,Metanephrine
 5-Hydroxyhexanoic acid,Methyl aminoacetate
 5-Hydroxyhexanoic acid,Methyl-3-methoxy-5-methyl benzoate
 5-Hydroxyhexanoic acid,Methylmalonic monoamide
 5-Hydroxyhexanoic acid,"N-(Trifluoroacetyl)-N,O,O'-tris(trimethylsilyl)normetanephrine"
 5-Hydroxyhexanoic acid,N-Isovaleroylglycine
 5-Hydroxyhexanoic acid,N-Methyl-N-(tetrahydro-2-furanylmethyl)-4-piperidinamine
 5-Hydroxyhexanoic acid,Nonadecanoic acid
 5-Hydroxyhexanoic acid,p-Hydroxydiisopropylbenzene
 5-Hydroxyhexanoic acid,"Pentanedioic acid, 2,4-bis[(trimethylsilyl)oxy]"
 5-Hydroxyhexanoic acid,"Pentanedioic acid, 3-methyl-3-[(trimethylsilyl)oxy]-"
 5-Hydroxyhexanoic acid,"Propanetriol, 2-methyl-"
 5-Hydroxyhexanoic acid,Propylamine
 5-Hydroxyhexanoic acid,Ribitol
 5-Hydroxyhexanoic acid,"Stigmast-5-ene, 3beta-"
 5-Hydroxyhexanoic acid,Tartronic acid
 5-Hydroxyhexanoic acid,"Thymine, 1,3-dimethyl-6-(trimethylsilyloxymethyl)-"
 5-Hydroxyhexanoic acid,Triethanolamine
 5-Hydroxyhexanoic acid,Uridine
Bis(trimethylsilyl)acetylene,"Cyclohexene, 3-butyl-3-methyl-1-trimethylsilyloxy-"
Bis(trimethylsilyl)acetylene,"Dimethyl hexopyranosiduronate, alpha-D-"
Bis(trimethylsilyl)acetylene,Glyoxime
Bis(trimethylsilyl)acetylene,Isonicotinic Acid
Bis(trimethylsilyl)acetylene,N-Acetyltyrosine
Bis(trimethylsilyl)acetylene,"N-isobutyl-2-(trimethylsilyloxy]-4,5-dihydro-1H-imidazole-1-carboxamide"
Bis(trimethylsilyl)acetylene,"Piperidine, 1-(1-methylpentyl)-"
Bis(trimethylsilyl)acetylene,"Pyrazine, 3,6-dihydro-3,6-dimethyl-"
Bis(trimethylsilyl)acetylene,"Ribonic acid, 2,3,4,5-tetrakis-"
Bis(trimethylsilyl)acetylene,Stearic acid
Bis(trimethylsilyl)acetylene,L-Tyrosine
Bis(trimethylsilyl)histidine,Ethyl cis-2-trimethylsilyl-cyclopropane-1-carboxylate
Bis(trimethylsilyl)histidine,Galactopyranose
Bis(trimethylsilyl)histidine,Heptanoic acid
Bis(trimethylsilyl)histidine,Hydantoic acid
Bis(trimethylsilyl)histidine,L-5-Oxoproline
Bis(trimethylsilyl)histidine,l-Histidine ethyl ester
Bis(trimethylsilyl)histidine,L-Methionine
Bis(trimethylsilyl)histidine,n-Butylamine
Bis(trimethylsilyl)histidine,Naphthofluorescein
Bis(trimethylsilyl)histidine,Octan-2-yl palmitate
Bis(trimethylsilyl)histidine,Pentadecanoic acid
Bis(trimethylsilyl)histidine,Pipecolic acid
Bis(trimethylsilyl)histidine,"Pyrazine, 3,6-dimethyl-2,5-bis(trimethylsilyloxy)-"
Bis(trimethylsilyl)histidine,Pyroglutamic acid
Bis(trimethylsilyl)histidine,Stearic acid
Bis(trimethylsilyl)histidine,Trimethylsilyl 3-((trimethylsilyl)thio)propanoate
Boric acid,Citric acid
Boric acid,"D-(+)-Ribono-1,4-lactone (R,S,R)-"
Boric acid,D-Ornithine
Boric acid,D-Ribose
Boric acid,Decanoic acid
Boric acid,Dodecanoic acid
Boric acid,Dopamine
Boric acid,"Guanidine, N,N-dimethyl-"
Boric acid,Hexanedioic acid
Boric acid,Ornithine
Boric acid,Phenol
Boric acid,phenoxyethanol
Boric acid,Phlorizin
Boric acid,Supraene
"Butanal, 2,3,4-tris[(trimethylsilyl)oxy]-, O-methyloxime, [R-(R*,R*)]-","Butanoic acid, 2,4-bis[(trimethylsilyl)oxy]-"
"Butanal, 2,3,4-tris[(trimethylsilyl)oxy]-, O-methyloxime, [R-(R*,R*)]-",Campesterol
"Butanal, 2,3,4-tris[(trimethylsilyl)oxy]-, O-methyloxime, [R-(R*,R*)]-","Cholesta-3,5-diene "
"Butanal, 2,3,4-tris[(trimethylsilyl)oxy]-, O-methyloxime, [R-(R*,R*)]-",Cholesterol
"Butanal, 2,3,4-tris[(trimethylsilyl)oxy]-, O-methyloxime, [R-(R*,R*)]-","cis-4,5-Dihydroxy-o-dithiane, 2O-"
"Butanal, 2,3,4-tris[(trimethylsilyl)oxy]-, O-methyloxime, [R-(R*,R*)]-",Cyclohexanol
"Butanal, 2,3,4-tris[(trimethylsilyl)oxy]-, O-methyloxime, [R-(R*,R*)]-","Cyclopentaneacetic acid, 3-oxo-2-pentyl-"
"Butanal, 2,3,4-tris[(trimethylsilyl)oxy]-, O-methyloxime, [R-(R*,R*)]-",Diphenyl ether
"Butanal, 2,3,4-tris[(trimethylsilyl)oxy]-, O-methyloxime, [R-(R*,R*)]-","DL-Proline, 5-oxo-"
"Butanal, 2,3,4-tris[(trimethylsilyl)oxy]-, O-methyloxime, [R-(R*,R*)]-","Dodecane, 4,6-dimethyl-"
"Butanal, 2,3,4-tris[(trimethylsilyl)oxy]-, O-methyloxime, [R-(R*,R*)]-","Erythrono-1,4-lactone, (Z)-"
"Butanal, 2,3,4-tris[(trimethylsilyl)oxy]-, O-methyloxime, [R-(R*,R*)]-",Hydantoic acid
"Butanal, 2,3,4-tris[(trimethylsilyl)oxy]-, O-methyloxime, [R-(R*,R*)]-",Indole-3-lactic acid
"Butanal, 2,3,4-tris[(trimethylsilyl)oxy]-, O-methyloxime, [R-(R*,R*)]-",L-Glutamic acid
"Butanal, 2,3,4-tris[(trimethylsilyl)oxy]-, O-methyloxime, [R-(R*,R*)]-",L-Ornithine
"Butanal, 2,3,4-tris[(trimethylsilyl)oxy]-, O-methyloxime, [R-(R*,R*)]-",L-Threitol
"Butanal, 2,3,4-tris[(trimethylsilyl)oxy]-, O-methyloxime, [R-(R*,R*)]-",Methyl aminoacetate
"Butanal, 2,3,4-tris[(trimethylsilyl)oxy]-, O-methyloxime, [R-(R*,R*)]-",N-Isovaleroylglycine
"Butanal, 2,3,4-tris[(trimethylsilyl)oxy]-, O-methyloxime, [R-(R*,R*)]-","N,9-bis(Trimethylsilyl)-6-[(trimethylsilyl)oxy]-9H-purin-2-amine"
"Butanal, 2,3,4-tris[(trimethylsilyl)oxy]-, O-methyloxime, [R-(R*,R*)]-",Niclosamide
"Butanal, 2,3,4-tris[(trimethylsilyl)oxy]-, O-methyloxime, [R-(R*,R*)]-",Phosalone
"Butanal, 2,3,4-tris[(trimethylsilyl)oxy]-, O-methyloxime, [R-(R*,R*)]-",Propylamine
"Butanal, 2,3,4-tris[(trimethylsilyl)oxy]-, O-methyloxime, [R-(R*,R*)]-","Pyrimidine, 5-methyl-2,4-bis[(trimethylsilyl)oxy]-"
"Butanal, 2,3,4-tris[(trimethylsilyl)oxy]-, O-methyloxime, [R-(R*,R*)]-","Ribonic acid, 2,3,4,5-tetrakis-"
"Butanal, 2,3,4-tris[(trimethylsilyl)oxy]-, O-methyloxime, [R-(R*,R*)]-",Syringaldehyde
"Butanal, 2,3,4-tris[(trimethylsilyl)oxy]-, O-methyloxime, [R-(R*,R*)]-",Triethanolamine
"Butanal, 2,3,4-tris[(trimethylsilyl)oxy]-, O-methyloxime, [R-(R*,R*)]-",Trisaminol
Butanedioic acid,cis-4-Trimethylsilyloxy-cyclohexyl(trimethylsilyl)carboxylate
Butanedioic acid,"D-Isoleucine, N-acetyl-"
Butanedioic acid,Dehydronorketamine
Butanedioic acid,Deoxycholic Acid
Butanedioic acid,Dihydrouracil
Butanedioic acid,"Dodecanamide, N-(2-hydroxyethyl)-"
Butanedioic acid,"Erythrono-1,4-lactone, (Z)-"
Butanedioic acid,Ethyl alpha-D-glucopyranoside
Butanedioic acid,Hydantoic acid
Butanedioic acid,Hydracrylic acid
Butanedioic acid,Hydroquinidine
Butanedioic acid,L-5-Oxoproline
Butanedioic acid,L-Alanine
Butanedioic acid,L-Glutamic acid
Butanedioic acid,L-Norleucine
Butanedioic acid,L-Proline
Butanedioic acid,L-Threonine
Butanedioic acid,Malic acid
Butanedioic acid,Methyl aminoacetate
Butanedioic acid,Methyl-3-methoxy-5-methyl benzoate
Butanedioic acid,"Pentanedioic acid, 3-methyl-3-[(trimethylsilyl)oxy]-"
Butanedioic acid,Phenylalanine
Butanedioic acid,Phloroglucinol
Butanedioic acid,Pimelic acid
Butanedioic acid,Propylamine
Butanedioic acid,S-Methyl-L-cysteine
Butanedioic acid,Sertraline carbamoyl glucuronide
Butanedioic acid,Tartronic acid
Butanedioic acid,Triethanolamine
Butanedioic acid,Uracil
Butanedioic acid,Uridine
Butanedioic acid,Xylazine
"Butanoic acid, 2-methyl-3-[(trimethylsilyl)oxy]-",Dodecanoic acid
"Butanoic acid, 2-methyl-3-[(trimethylsilyl)oxy]-",Glycine
"Butanoic acid, 2-methyl-3-[(trimethylsilyl)oxy]-","Glycine, N-(N-DL-leucylglycyl)-"
"Butanoic acid, 2-methyl-3-[(trimethylsilyl)oxy]-","N-(Trifluoroacetyl)-N,O,O'-tris(trimethylsilyl)normetanephrine"
"Butanoic acid, 2-methyl-3-[(trimethylsilyl)oxy]-","Propiophenone, 3',4'-dimethoxy-"
"Butanoic acid, 2-methyl-3-[(trimethylsilyl)oxy]-","Pyrimidine, 5-methyl-2,4-bis[(trimethylsilyl)oxy]-"
"Butanoic acid, 2-methyl-3-[(trimethylsilyl)oxy]-",Salsoline
"Butanoic acid, 2-methyl-3-[(trimethylsilyl)oxy]-","Tacrine, N-trimethylsilyl-"
"Butanoic acid, 2,4-bis[(trimethylsilyl)oxy]-",Cadaverine
"Butanoic acid, 2,4-bis[(trimethylsilyl)oxy]-",Carfentrazone-ethyl
"Butanoic acid, 2,4-bis[(trimethylsilyl)oxy]-","Cholesta-3,5-dien-7-one"
"Butanoic acid, 2,4-bis[(trimethylsilyl)oxy]-",cis-4-Trimethylsilyloxy-cyclohexyl(trimethylsilyl)carboxylate
"Butanoic acid, 2,4-bis[(trimethylsilyl)oxy]-",Cyclohexanol
"Butanoic acid, 2,4-bis[(trimethylsilyl)oxy]-","Cyclohexene, 3-butyl-3-methyl-1-trimethylsilyloxy-"
"Butanoic acid, 2,4-bis[(trimethylsilyl)oxy]-","Cyclopentaneacetic acid, 3-oxo-2-pentyl-"
"Butanoic acid, 2,4-bis[(trimethylsilyl)oxy]-","Cyclopentanone, 2,2,4-trimethyl-"
"Butanoic acid, 2,4-bis[(trimethylsilyl)oxy]-",D-(-)-Citramalic acid
"Butanoic acid, 2,4-bis[(trimethylsilyl)oxy]-","D-(+)-Ribono-1,4-lactone (R,S,R)-"
"Butanoic acid, 2,4-bis[(trimethylsilyl)oxy]-",D-Fructose
"Butanoic acid, 2,4-bis[(trimethylsilyl)oxy]-",Deoxycholic Acid
"Butanoic acid, 2,4-bis[(trimethylsilyl)oxy]-",Desmosterol
"Butanoic acid, 2,4-bis[(trimethylsilyl)oxy]-",Dinoseb 
"Butanoic acid, 2,4-bis[(trimethylsilyl)oxy]-",Diphenyl ether
"Butanoic acid, 2,4-bis[(trimethylsilyl)oxy]-",DL-Glyceraldehyde
"Butanoic acid, 2,4-bis[(trimethylsilyl)oxy]-",Docosyl octyl ether
"Butanoic acid, 2,4-bis[(trimethylsilyl)oxy]-","Dodecane, 4,6-dimethyl-"
"Butanoic acid, 2,4-bis[(trimethylsilyl)oxy]-","Ethanamine, N,N-diethyl-2,2-dimethyl-2-[(3,5-dimethoxy)phenyl]-"
"Butanoic acid, 2,4-bis[(trimethylsilyl)oxy]-",Ethyl alpha-D-glucopyranoside
"Butanoic acid, 2,4-bis[(trimethylsilyl)oxy]-","Furan, 2-pentyl-"
"Butanoic acid, 2,4-bis[(trimethylsilyl)oxy]-",Hydantoic acid
"Butanoic acid, 2,4-bis[(trimethylsilyl)oxy]-",Indole-5-carboxylic acid
"Butanoic acid, 2,4-bis[(trimethylsilyl)oxy]-",Isofucosterol
"Butanoic acid, 2,4-bis[(trimethylsilyl)oxy]-",Isopropyl palmitate
"Butanoic acid, 2,4-bis[(trimethylsilyl)oxy]-",Itaconic acid
"Butanoic acid, 2,4-bis[(trimethylsilyl)oxy]-",L-Threitol
"Butanoic acid, 2,4-bis[(trimethylsilyl)oxy]-",Levulinic acid
"Butanoic acid, 2,4-bis[(trimethylsilyl)oxy]-",Metanephrine
"Butanoic acid, 2,4-bis[(trimethylsilyl)oxy]-",Methyl aminoacetate
"Butanoic acid, 2,4-bis[(trimethylsilyl)oxy]-",Methyl-3-methoxy-5-methyl benzoate
"Butanoic acid, 2,4-bis[(trimethylsilyl)oxy]-",Methylmalonic monoamide
"Butanoic acid, 2,4-bis[(trimethylsilyl)oxy]-",Myristic acid
"Butanoic acid, 2,4-bis[(trimethylsilyl)oxy]-","N-(Trifluoroacetyl)-N,O,O'-tris(trimethylsilyl)normetanephrine"
"Butanoic acid, 2,4-bis[(trimethylsilyl)oxy]-",N-(Trimethylsilyl)hexanamide
"Butanoic acid, 2,4-bis[(trimethylsilyl)oxy]-",N-Isovaleroylglycine
"Butanoic acid, 2,4-bis[(trimethylsilyl)oxy]-",N-Methyl-N-(tetrahydro-2-furanylmethyl)-4-piperidinamine
"Butanoic acid, 2,4-bis[(trimethylsilyl)oxy]-","N,N-Diethyl-2-aminoethanol"
"Butanoic acid, 2,4-bis[(trimethylsilyl)oxy]-","N,O-Bis(trimethylsilyl)carbamate"
"Butanoic acid, 2,4-bis[(trimethylsilyl)oxy]-",Niclosamide
"Butanoic acid, 2,4-bis[(trimethylsilyl)oxy]-",Nitrosothymol
"Butanoic acid, 2,4-bis[(trimethylsilyl)oxy]-",Nonadecanoic acid
"Butanoic acid, 2,4-bis[(trimethylsilyl)oxy]-",Nonanal
"Butanoic acid, 2,4-bis[(trimethylsilyl)oxy]-",p-Toluic acid
"Butanoic acid, 2,4-bis[(trimethylsilyl)oxy]-",Pantolactone
"Butanoic acid, 2,4-bis[(trimethylsilyl)oxy]-","Pentanedioic acid, 3-methyl-3-[(trimethylsilyl)oxy]-"
"Butanoic acid, 2,4-bis[(trimethylsilyl)oxy]-","Pentenoic acid, 4-[(trimethylsilyl)oxy]-"
"Butanoic acid, 2,4-bis[(trimethylsilyl)oxy]-",Phenol
"Butanoic acid, 2,4-bis[(trimethylsilyl)oxy]-",Phenoxyacetic acid
"Butanoic acid, 2,4-bis[(trimethylsilyl)oxy]-",Phloroglucinol
"Butanoic acid, 2,4-bis[(trimethylsilyl)oxy]-",Pimelic acid
"Butanoic acid, 2,4-bis[(trimethylsilyl)oxy]-","Piperidine, 1-(1-methylpentyl)-"
"Butanoic acid, 2,4-bis[(trimethylsilyl)oxy]-","Propanetriol, 2-methyl-"
"Butanoic acid, 2,4-bis[(trimethylsilyl)oxy]-",Salsoline
"Butanoic acid, 2,4-bis[(trimethylsilyl)oxy]-",Sertraline carbamoyl glucuronide
"Butanoic acid, 2,4-bis[(trimethylsilyl)oxy]-",Sinomenin
"Butanoic acid, 2,4-bis[(trimethylsilyl)oxy]-","Stigmast-5-ene, 3beta-"
"Butanoic acid, 2,4-bis[(trimethylsilyl)oxy]-",Tartronic acid
"Butanoic acid, 2,4-bis[(trimethylsilyl)oxy]-",Triethanolamine
"Butanoic acid, 2,4-bis[(trimethylsilyl)oxy]-",Tris(trimethylsilyl)carbamate
Butylated Hydroxytoluene,Cinnamic acid
Butylated Hydroxytoluene,"Cyclopentaneacetic acid, 3-oxo-2-pentyl-"
Butylated Hydroxytoluene,Desmosterol
Butylated Hydroxytoluene,Dodecanoic acid
Butylated Hydroxytoluene,"Furan, 2-pentyl-"
Butylated Hydroxytoluene,Glyoxime
Butylated Hydroxytoluene,L-Norleucine
Butylated Hydroxytoluene,N-Methyl-N-(tetrahydro-2-furanylmethyl)-4-piperidinamine
Butylated Hydroxytoluene,Naphthofluorescein
Butylated Hydroxytoluene,Nonanal
Butylated Hydroxytoluene,"Oxalic acid, allyl octyl ester"
Butylated Hydroxytoluene,p-Hydroxydiisopropylbenzene
Butylated Hydroxytoluene,Pantolactone
Butylated Hydroxytoluene,Pentanoic acid
Butylated Hydroxytoluene,Phenol
Butylated Hydroxytoluene,phenoxyethanol
Butylated Hydroxytoluene,"Propanoic acid, 2-methyl-"
Butylated Hydroxytoluene,"Pyrazine, 3,6-dihydro-3,6-dimethyl-"
Butylated Hydroxytoluene,Sertraline carbamoyl glucuronide
Butylated Hydroxytoluene,Supraene
Butylated Hydroxytoluene,Triethanolamine
Butylmethylamine,Cholesterol
Butylmethylamine,"cis-4,5-Dihydroxy-o-dithiane, 2O-"
Butylmethylamine,Cyclobutanol
Butylmethylamine,Cyclohexanol
Butylmethylamine,"Cyclohexanone, 3,3,5-trimethyl-"
Butylmethylamine,"D-(-)-Fructofuranose, pentakis"
Butylmethylamine,D-Arabinose
Butylmethylamine,"Dimethyl hexopyranosiduronate, alpha-D-"
Butylmethylamine,Dinoseb 
Butylmethylamine,Diphenyl ether
Butylmethylamine,Dobutamine
Butylmethylamine,Dodecanoic acid
Butylmethylamine,Ethyl cis-2-trimethylsilyl-cyclopropane-1-carboxylate
Butylmethylamine,Glucose
Butylmethylamine,"Glycine, N-(1-oxobutyl)-"
Butylmethylamine,"Glycine, N-(N-DL-leucylglycyl)-"
Butylmethylamine,Glyoxime
Butylmethylamine,Guanabenz
Butylmethylamine,Heptadecanoic acid
Butylmethylamine,Hexanoic acid
Butylmethylamine,Isofucosterol
Butylmethylamine,Isopropyl palmitate
Butylmethylamine,L-Asparagine
Butylmethylamine,l-Histidine ethyl ester
Butylmethylamine,Levulinic acid
Butylmethylamine,"Methyl (3,4-dimethoxyphenyl)(hydroxy)acetate"
Butylmethylamine,Methyl aminoacetate
Butylmethylamine,"N,N-Diethyl-2-aminoethanol"
Butylmethylamine,"N,N-Dimethyl-2-cyclohexyloxyethylamine"
Butylmethylamine,Neostigmine 
Butylmethylamine,Niacin
Butylmethylamine,Niclosamide
Butylmethylamine,Nonadecanoic acid
Butylmethylamine,Nonanal
Butylmethylamine,"Octane, 1-propoxy-"
Butylmethylamine,Oxalic acid
Butylmethylamine,Palmitic Acid
Butylmethylamine,Pantolactone
Butylmethylamine,Pentadecanoic acid
Butylmethylamine,Phenol
Butylmethylamine,Phenoxyacetic acid
Butylmethylamine,Phloroglucinol
Butylmethylamine,"Propanetriol, 2-methyl-"
Butylmethylamine,"Propiophenone, 3',4'-dimethoxy-"
Butylmethylamine,Pyroglutamic acid
Butylmethylamine,Salsoline
Butylmethylamine,"Stigmast-5-ene, 3beta-"
Butylmethylamine,Supraene
Butylmethylamine,Tartronic acid
Butylmethylamine,Triethanolamine
Butylmethylamine,Tris(trimethylsilyl)carbamate
Butyrovanillone,"Cholesta-3,5-dien-7-one"
Butyrovanillone,Cholesterol
Butyrovanillone,"cis-4,5-Dihydroxy-o-dithiane, 2O-"
Butyrovanillone,cyclobutanecarboxylic acid
Butyrovanillone,"Erythrono-1,4-lactone, (Z)-"
Butyrovanillone,Glycine
Butyrovanillone,"Glycine, N-(1-oxobutyl)-"
Butyrovanillone,Hippuric acid
Butyrovanillone,Luteolin 
Butyrovanillone,"Methyl (3,4-dimethoxyphenyl)(hydroxy)acetate"
Butyrovanillone,"N,O-Bis(trimethylsilyl)carbamate"
Butyrovanillone,Norketamine
Butyrovanillone,p-Hydroxydiisopropylbenzene
Butyrovanillone,Propylamine
Butyrovanillone,Ser-Leu
Butyrovanillone,Suberic acid
Butyrovanillone,Succinic anhydride
Butyrovanillone,"Tacrine, N-trimethylsilyl-"
Butyrovanillone,Urea
Cadaverine,Campesterol
Cadaverine,Carfentrazone-ethyl
Cadaverine,"Cholest-7-en-3-ol, (3beta,5alpha)-"
Cadaverine,"Cholesta-3,5-dien-7-one"
Cadaverine,"Cholesta-3,5-diene "
Cadaverine,Dehydronorketamine
Cadaverine,DL-Glyceraldehyde
Cadaverine,"DL-Proline, 5-oxo-"
Cadaverine,"Dodecane, 4,6-dimethyl-"
Cadaverine,"Ethanone, 1-(5-methoxy-2-methyl-3(1H)-indolyl)-"
Cadaverine,Hexanoylglycine
Cadaverine,Isofucosterol
Cadaverine,Isoxaben
Cadaverine,L-Lysine
Cadaverine,Latanoprost lactone diol
Cadaverine,Methyl aminoacetate
Cadaverine,Methyl-3-methoxy-5-methyl benzoate
Cadaverine,"N,N-Diethyl-2-aminoethanol"
Cadaverine,Nonadecanoic acid
Cadaverine,Octocrylene
Cadaverine,p-Toluic acid
Cadaverine,"Pentanedioic acid, 3-methyl-3-[(trimethylsilyl)oxy]-"
Cadaverine,Pimelic acid
Cadaverine,Ribitol
Cadaverine,S-Methyl-L-cysteine
Cadaverine,Serine
Cadaverine,"Stigmast-5-ene, 3beta-"
Cadaverine,Tartronic acid
Campesterol,"Cholest-7-en-3-ol, (3beta,5alpha)-"
Campesterol,Cyclobutanol
Campesterol,Cyclohexanol
Campesterol,D-(-)-Citramalic acid
Campesterol,Delorazepam
Campesterol,Diphenyl ether
Campesterol,Eicosapentaenoic acid
Campesterol,"Ethanamine, N,N-diethyl-2,2-dimethyl-2-[(3,5-dimethoxy)phenyl]-"
Campesterol,"Glycine, N-(N-DL-leucylglycyl)-"
Campesterol,Isofucosterol
Campesterol,L-Methionine
Campesterol,Methyl aminoacetate
Campesterol,Nonadecanoic acid
Campesterol,Nonanal
Campesterol,"Octane, 1-propoxy-"
Campesterol,"Oxalic acid, allyl octyl ester"
Campesterol,Pantolactone
Campesterol,phenoxyethanol
Campesterol,Phlorizin
Campesterol,Phloroglucinol
Campesterol,"Propanoic acid, 2-methyl-"
Campesterol,S-Methyl-L-cysteine
Campesterol,Salsoline
Campesterol,"Stigmast-5-ene, 3beta-"
Campesterol,Supraene
Campesterol,L-Tyrosine
"Carbonic acid, eicosyl vinyl ester ","Cholest-22-ene-21-ol, 3,5-dehydro-6-methoxy-, pivalate"
"Carbonic acid, eicosyl vinyl ester ",Cyclo(L-prolyl-L-valine) 
"Carbonic acid, eicosyl vinyl ester ",Docosyl octyl ether
"Carbonic acid, eicosyl vinyl ester ","Dodecanoic acid, 1-methylethyl ester"
"Carbonic acid, eicosyl vinyl ester ","Ethanone, 1-(2,5-dimethoxyphenyl)-"
"Carbonic acid, eicosyl vinyl ester ",L-Ornithine
"Carbonic acid, eicosyl vinyl ester ",N-(Trimethylsilyl)hexanamide
"Carbonic acid, eicosyl vinyl ester ",Naphthofluorescein
"Carbonic acid, eicosyl vinyl ester ",Pentylone
Carfentrazone-ethyl,"Cephalotaxine, 3-deoxy-3,11-epoxy-, (3alpha,11alpha)-"
Carfentrazone-ethyl,Cinnamic acid
Carfentrazone-ethyl,cis-4-Trimethylsilyloxy-cyclohexyl(trimethylsilyl)carboxylate
Carfentrazone-ethyl,Cyclobutanol
Carfentrazone-ethyl,"Cyclopentanone, 2,2,4-trimethyl-"
Carfentrazone-ethyl,"D-(+)-Talofuranose, pentakis"
Carfentrazone-ethyl,Deoxycholic Acid
Carfentrazone-ethyl,Dinoseb 
Carfentrazone-ethyl,DL-Glyceraldehyde
Carfentrazone-ethyl,"Ethanol, 2-(9-octadecenyloxy)-"
Carfentrazone-ethyl,Glyceric acid
Carfentrazone-ethyl,Isofucosterol
Carfentrazone-ethyl,Isopropyl palmitate
Carfentrazone-ethyl,Isoxaben
Carfentrazone-ethyl,"Methanone, [1-(4-chloropentyl)-1H-indol-3-yl](2,2,3,3-tetramethylcyclopropyl)-"
Carfentrazone-ethyl,Methyl aminoacetate
Carfentrazone-ethyl,Methyl-3-methoxy-5-methyl benzoate
Carfentrazone-ethyl,N-alpha-Acetyl-L-Lysine
Carfentrazone-ethyl,N-Methyl-N-(tetrahydro-2-furanylmethyl)-4-piperidinamine
Carfentrazone-ethyl,"Pentanedioic acid, 3-methyl-3-[(trimethylsilyl)oxy]-"
Carfentrazone-ethyl,Propylamine
Carfentrazone-ethyl,Tartronic acid
Carfentrazone-ethyl,Triethanolamine
"Cephalotaxine, 3-deoxy-3,11-epoxy-, (3alpha,11alpha)-",cis-4-Trimethylsilyloxy-cyclohexyl(trimethylsilyl)carboxylate
"Cephalotaxine, 3-deoxy-3,11-epoxy-, (3alpha,11alpha)-",Fenitrothion
"Cephalotaxine, 3-deoxy-3,11-epoxy-, (3alpha,11alpha)-",Guanabenz
"Cephalotaxine, 3-deoxy-3,11-epoxy-, (3alpha,11alpha)-","N-(Trifluoroacetyl)-N,O,O'-tris(trimethylsilyl)normetanephrine"
"Cephalotaxine, 3-deoxy-3,11-epoxy-, (3alpha,11alpha)-",Sertraline carbamoyl glucuronide
"Cetaben, N,O-bis(trimethylsilyl)-",cis-4-Trimethylsilyloxy-cyclohexyl(trimethylsilyl)carboxylate
"Cetaben, N,O-bis(trimethylsilyl)-",D-Fructose
"Cetaben, N,O-bis(trimethylsilyl)-",Dicyclohexylamine
"Cetaben, N,O-bis(trimethylsilyl)-",Itaconic acid
"Cetaben, N,O-bis(trimethylsilyl)-",L-Asparagine
"Cetaben, N,O-bis(trimethylsilyl)-",L-Hydroxyproline
"Cetaben, N,O-bis(trimethylsilyl)-",L-Valine
"Cetaben, N,O-bis(trimethylsilyl)-",n-Pentadecanol
"Cetaben, N,O-bis(trimethylsilyl)-",Octan-2-yl palmitate
"Cetaben, N,O-bis(trimethylsilyl)-",p-Hydroxydiisopropylbenzene
"Cetaben, N,O-bis(trimethylsilyl)-",Tartronic acid
"Cetaben, N,O-bis(trimethylsilyl)-","Thiazolo[4,5-f]quinoline, 2,9-dimethyl-"
"Cetaben, N,O-bis(trimethylsilyl)-",Uridine
"Cholest-22-ene-21-ol, 3,5-dehydro-6-methoxy-, pivalate",Citric acid
"Cholest-22-ene-21-ol, 3,5-dehydro-6-methoxy-, pivalate","Cyclopentaneacetic acid, 3-oxo-2-pentyl-"
"Cholest-22-ene-21-ol, 3,5-dehydro-6-methoxy-, pivalate",Deoxycholic Acid
"Cholest-22-ene-21-ol, 3,5-dehydro-6-methoxy-, pivalate",Dopamine
"Cholest-22-ene-21-ol, 3,5-dehydro-6-methoxy-, pivalate",N-Acetyl-L-glutamic acid
"Cholest-22-ene-21-ol, 3,5-dehydro-6-methoxy-, pivalate",n-Pentadecanol
"Cholest-22-ene-21-ol, 3,5-dehydro-6-methoxy-, pivalate","Phenol, 3,5-bis(1,1-dimethylethyl)-"
"Cholest-22-ene-21-ol, 3,5-dehydro-6-methoxy-, pivalate",Sertraline carbamoyl glucuronide
"Cholest-22-ene-21-ol, 3,5-dehydro-6-methoxy-, pivalate",Tris(trimethylsilyl)carbamate
"Cholest-7-en-3-ol, (3beta,5alpha)-",Cholesterol
"Cholest-7-en-3-ol, (3beta,5alpha)-",Cyclo-(l-leucyl-l-phenylalanyl) 
"Cholest-7-en-3-ol, (3beta,5alpha)-",Cyclohexanol
"Cholest-7-en-3-ol, (3beta,5alpha)-",D-Ornithine
"Cholest-7-en-3-ol, (3beta,5alpha)-",Dicyclohexylamine
"Cholest-7-en-3-ol, (3beta,5alpha)-",Dinoseb 
"Cholest-7-en-3-ol, (3beta,5alpha)-",Diphenyl ether
"Cholest-7-en-3-ol, (3beta,5alpha)-",DL-Glyceraldehyde
"Cholest-7-en-3-ol, (3beta,5alpha)-","Ethanone, 1-(5-methoxy-2-methyl-3(1H)-indolyl)-"
"Cholest-7-en-3-ol, (3beta,5alpha)-",Isofucosterol
"Cholest-7-en-3-ol, (3beta,5alpha)-",L-Aspartic acid
"Cholest-7-en-3-ol, (3beta,5alpha)-",L-Glutamic acid
"Cholest-7-en-3-ol, (3beta,5alpha)-","Methyl (3,4-dimethoxyphenyl)(hydroxy)acetate"
"Cholest-7-en-3-ol, (3beta,5alpha)-",Methyl aminoacetate
"Cholest-7-en-3-ol, (3beta,5alpha)-","N,N-Diethyl-2-aminoethanol"
"Cholest-7-en-3-ol, (3beta,5alpha)-",Nonadecanoic acid
"Cholest-7-en-3-ol, (3beta,5alpha)-",Nonanal
"Cholest-7-en-3-ol, (3beta,5alpha)-",Ornithine
"Cholest-7-en-3-ol, (3beta,5alpha)-",p-Toluic acid
"Cholest-7-en-3-ol, (3beta,5alpha)-","Pentanedioic acid, 3-methyl-3-[(trimethylsilyl)oxy]-"
"Cholest-7-en-3-ol, (3beta,5alpha)-",Phloroglucinol
"Cholest-7-en-3-ol, (3beta,5alpha)-",Picolinic acid
"Cholest-7-en-3-ol, (3beta,5alpha)-","Pregn-16-en-20-one, 3,18-bis(acetyloxy)-14,15-epoxy-, (3beta,5alpha,14beta,15beta)-"
"Cholest-7-en-3-ol, (3beta,5alpha)-","Propanetriol, 2-methyl-"
"Cholest-7-en-3-ol, (3beta,5alpha)-",Salsoline
"Cholest-7-en-3-ol, (3beta,5alpha)-",Ser-Leu
"Cholest-7-en-3-ol, (3beta,5alpha)-",Sinomenin
"Cholest-7-en-3-ol, (3beta,5alpha)-","Stigmast-5-ene, 3beta-"
"Cholest-7-en-3-ol, (3beta,5alpha)-",Supraene
"Cholest-7-en-3-ol, (3beta,5alpha)-",Tartronic acid
"Cholest-7-en-3-ol, (3beta,5alpha)-","Thymine, 1,3-dimethyl-6-(trimethylsilyloxymethyl)-"
"Cholest-7-en-3-ol, (3beta,5alpha)-",Triethanolamine
"Cholesta-3,5-dien-7-one",Cinnamic acid
"Cholesta-3,5-dien-7-one","Cyclohexene, 3-butyl-3-methyl-1-trimethylsilyloxy-"
"Cholesta-3,5-dien-7-one","Cyclohexene, 3,3-dimethyl-1-(trimethylsilyloxy)-"
"Cholesta-3,5-dien-7-one","Cyclopentaneacetic acid, 3-oxo-2-pentyl-"
"Cholesta-3,5-dien-7-one",Ethanolamine
"Cholesta-3,5-dien-7-one","Furan, 2-pentyl-"
"Cholesta-3,5-dien-7-one",Glyoxime
"Cholesta-3,5-dien-7-one",Hydantoic acid
"Cholesta-3,5-dien-7-one",Isofucosterol
"Cholesta-3,5-dien-7-one",Isopropyl palmitate
"Cholesta-3,5-dien-7-one",N-Isovaleroylglycine
"Cholesta-3,5-dien-7-one",N-Methyl-N-(tetrahydro-2-furanylmethyl)-4-piperidinamine
"Cholesta-3,5-dien-7-one",Nonanal
"Cholesta-3,5-dien-7-one","Pentanedioic acid, 3-methyl-3-[(trimethylsilyl)oxy]-"
"Cholesta-3,5-dien-7-one",Pimelic acid
"Cholesta-3,5-dien-7-one",Sertraline carbamoyl glucuronide
"Cholesta-3,5-dien-7-one",Triethanolamine
"Cholesta-3,5-diene ",Cyclobutanol
"Cholesta-3,5-diene ","Cyclohexene, 3,3-dimethyl-1-(trimethylsilyloxy)-"
"Cholesta-3,5-diene ","D-Xylofuranose, 1,2,3,5-tetrakis-O-"
"Cholesta-3,5-diene ","Ethanamine, N,N-diethyl-2,2-dimethyl-2-[(3,5-dimethoxy)phenyl]-"
"Cholesta-3,5-diene ",L-Hydroxyproline
"Cholesta-3,5-diene ",N-Isobutyl-sec-butylamine
"Cholesta-3,5-diene ",Nonadecanoic acid
Cholesterol,"cis-4,5-Dihydroxy-o-dithiane, 2O-"
Cholesterol,Cyclobutanol
Cholesterol,Cyclohexanol
Cholesterol,"D-(+)-Talofuranose, pentakis"
Cholesterol,D-Ornithine
Cholesterol,Diphenyl ether
Cholesterol,"Ethanamine, N,N-diethyl-2,2-dimethyl-2-[(3,5-dimethoxy)phenyl]-"
Cholesterol,Glyoxime
Cholesterol,Hydantoic acid
Cholesterol,Hydracrylic acid
Cholesterol,"Inosose-2, 1,3,4,5,6-pentakis-"
Cholesterol,Isofucosterol
Cholesterol,L-Aspartic acid
Cholesterol,L-Glutamic acid
Cholesterol,Malic acid
Cholesterol,Methyl aminoacetate
Cholesterol,"N,N-Dimethyl-2-cyclohexyloxyethylamine"
Cholesterol,Naphthofluorescein
Cholesterol,Nonanal
Cholesterol,Octanoic acid
Cholesterol,Oxalic acid
Cholesterol,p-Hydroxydiisopropylbenzene
Cholesterol,p-Toluic acid
Cholesterol,Pantolactone
Cholesterol,Petroselinic acid
Cholesterol,Phloroglucinol
Cholesterol,Picolinic acid
Cholesterol,Ser-Leu
Cholesterol,"Stigmast-5-ene, 3beta-"
Cholesterol,Succinic anhydride
Cholesterol,Triethanolamine
Cinnamic acid,Cyclohexanol
Cinnamic acid,"Cyclopentaneacetic acid, 3-oxo-2-pentyl-"
Cinnamic acid,D-Fructose
Cinnamic acid,Desmosterol
Cinnamic acid,Glyoxime
Cinnamic acid,Indole-5-carboxylic acid
Cinnamic acid,"Isoquinoline, 3,4-dihydro-6,7-dimethoxy-1-[4-hydroxybenzyl]-"
Cinnamic acid,meso-Erythritol
Cinnamic acid,Methyl isovanillate
Cinnamic acid,N-Acetyl-L-glutamic acid
Cinnamic acid,"N-isobutyl-2-(trimethylsilyloxy]-4,5-dihydro-1H-imidazole-1-carboxamide"
Cinnamic acid,Nonanal
Cinnamic acid,Octopamine
Cinnamic acid,phenoxyethanol
cis-4-Trimethylsilyloxy-cyclohexyl(trimethylsilyl)carboxylate,Cyclo(L-prolyl-L-valine) 
cis-4-Trimethylsilyloxy-cyclohexyl(trimethylsilyl)carboxylate,"Cyclohexene, 3,3-dimethyl-1-(trimethylsilyloxy)-"
cis-4-Trimethylsilyloxy-cyclohexyl(trimethylsilyl)carboxylate,"Cyclopentaneacetic acid, 3-oxo-2-pentyl-"
cis-4-Trimethylsilyloxy-cyclohexyl(trimethylsilyl)carboxylate,"Cyclopentanone, 2,2,4-trimethyl-"
cis-4-Trimethylsilyloxy-cyclohexyl(trimethylsilyl)carboxylate,D-Fructose
cis-4-Trimethylsilyloxy-cyclohexyl(trimethylsilyl)carboxylate,Deoxycholic Acid
cis-4-Trimethylsilyloxy-cyclohexyl(trimethylsilyl)carboxylate,Dihydrouracil
cis-4-Trimethylsilyloxy-cyclohexyl(trimethylsilyl)carboxylate,Dinoseb 
cis-4-Trimethylsilyloxy-cyclohexyl(trimethylsilyl)carboxylate,Gln-Ala
cis-4-Trimethylsilyloxy-cyclohexyl(trimethylsilyl)carboxylate,Isofucosterol
cis-4-Trimethylsilyloxy-cyclohexyl(trimethylsilyl)carboxylate,Isopropyl palmitate
cis-4-Trimethylsilyloxy-cyclohexyl(trimethylsilyl)carboxylate,L-Threitol
cis-4-Trimethylsilyloxy-cyclohexyl(trimethylsilyl)carboxylate,L-Threonine
cis-4-Trimethylsilyloxy-cyclohexyl(trimethylsilyl)carboxylate,meso-Erythritol
cis-4-Trimethylsilyloxy-cyclohexyl(trimethylsilyl)carboxylate,Metanephrine
cis-4-Trimethylsilyloxy-cyclohexyl(trimethylsilyl)carboxylate,Methyl aminoacetate
cis-4-Trimethylsilyloxy-cyclohexyl(trimethylsilyl)carboxylate,Methyl-3-methoxy-5-methyl benzoate
cis-4-Trimethylsilyloxy-cyclohexyl(trimethylsilyl)carboxylate,Methylmalonic monoamide
cis-4-Trimethylsilyloxy-cyclohexyl(trimethylsilyl)carboxylate,"N-(Trifluoroacetyl)-N,O,O'-tris(trimethylsilyl)normetanephrine"
cis-4-Trimethylsilyloxy-cyclohexyl(trimethylsilyl)carboxylate,N-Methyl-N-(tetrahydro-2-furanylmethyl)-4-piperidinamine
cis-4-Trimethylsilyloxy-cyclohexyl(trimethylsilyl)carboxylate,p-Toluic acid
cis-4-Trimethylsilyloxy-cyclohexyl(trimethylsilyl)carboxylate,"Pentanedioic acid, 3-methyl-3-[(trimethylsilyl)oxy]-"
cis-4-Trimethylsilyloxy-cyclohexyl(trimethylsilyl)carboxylate,Pimelic acid
cis-4-Trimethylsilyloxy-cyclohexyl(trimethylsilyl)carboxylate,"Propanetriol, 2-methyl-"
cis-4-Trimethylsilyloxy-cyclohexyl(trimethylsilyl)carboxylate,Propylamine
cis-4-Trimethylsilyloxy-cyclohexyl(trimethylsilyl)carboxylate,Quazodine
cis-4-Trimethylsilyloxy-cyclohexyl(trimethylsilyl)carboxylate,Ribitol
cis-4-Trimethylsilyloxy-cyclohexyl(trimethylsilyl)carboxylate,"Talonic acid, gamma-lactone"
cis-4-Trimethylsilyloxy-cyclohexyl(trimethylsilyl)carboxylate,Tartronic acid
cis-4-Trimethylsilyloxy-cyclohexyl(trimethylsilyl)carboxylate,Triethanolamine
"cis-4,5-Dihydroxy-o-dithiane, 2O-",D-Fucitol
"cis-4,5-Dihydroxy-o-dithiane, 2O-",D-Ornithine
"cis-4,5-Dihydroxy-o-dithiane, 2O-","Ethanamine, N,N-diethyl-2,2-dimethyl-2-[(3,5-dimethoxy)phenyl]-"
"cis-4,5-Dihydroxy-o-dithiane, 2O-","Glycine, N-[4-[(trimethylsilyl)oxy]benzoyl]-"
"cis-4,5-Dihydroxy-o-dithiane, 2O-",Heptadecanoic acid
"cis-4,5-Dihydroxy-o-dithiane, 2O-",Hexanedioic acid
"cis-4,5-Dihydroxy-o-dithiane, 2O-",Hydroquinone
"cis-4,5-Dihydroxy-o-dithiane, 2O-",Indole-5-carboxylic acid
"cis-4,5-Dihydroxy-o-dithiane, 2O-","Inosose-2, 1,3,4,5,6-pentakis-"
"cis-4,5-Dihydroxy-o-dithiane, 2O-",Ketamine 
"cis-4,5-Dihydroxy-o-dithiane, 2O-",L-Aspartic acid
"cis-4,5-Dihydroxy-o-dithiane, 2O-",l-Histidine ethyl ester
"cis-4,5-Dihydroxy-o-dithiane, 2O-",L-Leucine
"cis-4,5-Dihydroxy-o-dithiane, 2O-",L-Lysine
"cis-4,5-Dihydroxy-o-dithiane, 2O-",L-Ornithine
"cis-4,5-Dihydroxy-o-dithiane, 2O-",N-Acetyl-L-glutamic acid
"cis-4,5-Dihydroxy-o-dithiane, 2O-",n-Butylamine
"cis-4,5-Dihydroxy-o-dithiane, 2O-","N-isobutyl-2-(trimethylsilyloxy]-4,5-dihydro-1H-imidazole-1-carboxamide"
"cis-4,5-Dihydroxy-o-dithiane, 2O-",Naphthofluorescein
"cis-4,5-Dihydroxy-o-dithiane, 2O-",Niacin
"cis-4,5-Dihydroxy-o-dithiane, 2O-",Niacinamide
"cis-4,5-Dihydroxy-o-dithiane, 2O-",Octanoic acid
"cis-4,5-Dihydroxy-o-dithiane, 2O-",Octopamine
"cis-4,5-Dihydroxy-o-dithiane, 2O-",Oxalic acid
"cis-4,5-Dihydroxy-o-dithiane, 2O-","Pentanedioic acid, 2,4-bis[(trimethylsilyl)oxy]"
"cis-4,5-Dihydroxy-o-dithiane, 2O-",Phlorizin
"cis-4,5-Dihydroxy-o-dithiane, 2O-",Stearic acid
"cis-4,5-Dihydroxy-o-dithiane, 2O-",Supraene
"cis-4,5-Dihydroxy-o-dithiane, 2O-",Trisaminol
Citric acid,"Cyclopentaneacetic acid, 3-oxo-2-pentyl-"
Citric acid,D-Arabinose
Citric acid,D-Proline
Citric acid,Deoxycholic Acid
Citric acid,"Dodecanamide, N-(2-hydroxyethyl)-"
Citric acid,Glycolic acid
Citric acid,Indole-3-carboxaldehyde
Citric acid,L-Alanine
Citric acid,L-Isoleucine
Citric acid,L-Threitol
Citric acid,Malic acid
Citric acid,"N-(Trifluoroacetyl)-N,O,O'-tris(trimethylsilyl)normetanephrine"
Citric acid,N-Valerylglycine
Citric acid,"N,9-bis(Trimethylsilyl)-6-[(trimethylsilyl)oxy]-9H-purin-2-amine"
Citric acid,Octopamine
Citric acid,Phenylalanine
Citric acid,"Pyrazine, 3,6-dimethyl-2,5-bis(trimethylsilyloxy)-"
Citric acid,"Pyrimidine, 5-methyl-2,4-bis[(trimethylsilyl)oxy]-"
Citric acid,Sertraline carbamoyl glucuronide
Citric acid,Tetradecanenitrile
Citric acid,Uridine
Cyclo-(l-leucyl-l-phenylalanyl) ,"D-(+)-Talofuranose, pentakis"
Cyclo-(l-leucyl-l-phenylalanyl) ,DL-Glyceraldehyde
Cyclo-(l-leucyl-l-phenylalanyl) ,Indole-3-carboxaldehyde
Cyclo-(l-leucyl-l-phenylalanyl) ,Isonicotinic Acid
Cyclo-(l-leucyl-l-phenylalanyl) ,Isoxaben
Cyclo-(l-leucyl-l-phenylalanyl) ,L-Glutamine
Cyclo-(l-leucyl-l-phenylalanyl) ,"Methanone, [1-(4-chloropentyl)-1H-indol-3-yl](2,2,3,3-tetramethylcyclopropyl)-"
Cyclo-(l-leucyl-l-phenylalanyl) ,Methyl aminoacetate
Cyclo-(l-leucyl-l-phenylalanyl) ,Methylmalonic monoamide
Cyclo-(l-leucyl-l-phenylalanyl) ,N-alpha-Acetyl-L-Lysine
Cyclo-(l-leucyl-l-phenylalanyl) ,"Pentanedioic acid, 3-methyl-3-[(trimethylsilyl)oxy]-"
Cyclo-(l-leucyl-l-phenylalanyl) ,Pentylone
Cyclo-(l-leucyl-l-phenylalanyl) ,"Propanoic acid, 2-oxo-"
Cyclo-(l-leucyl-l-phenylalanyl) ,"Quinolin-4-one, 1-[2-(3,4-dimethoxyphenyl)ethyl]-octahydro-"
Cyclo-(l-leucyl-l-phenylalanyl) ,Ribitol
Cyclo-(l-leucyl-l-phenylalanyl) ,"Thymine, 1,3-dimethyl-6-(trimethylsilyloxymethyl)-"
Cyclo(L-prolyl-L-valine) ,Ecgonine
Cyclo(L-prolyl-L-valine) ,Fenitrothion
Cyclo(L-prolyl-L-valine) ,"L-Tryptophan, N-acetyl-1"
Cyclo(L-prolyl-L-valine) ,N-Acetyltyrosine
Cyclo(L-prolyl-L-valine) ,p-Toluic acid
Cyclo(L-prolyl-L-valine) ,Phlorizin
Cyclo(L-prolyl-L-valine) ,"Pyrazine, 3,6-dihydro-3,6-dimethyl-"
Cyclo(L-prolyl-L-valine) ,Ribitol
Cyclo(L-prolyl-L-valine) ,Stearic acid
Cyclo(L-prolyl-L-valine) ,"Talonic acid, gamma-lactone"
cyclobutanecarboxylic acid,L-Ornithine
cyclobutanecarboxylic acid,L-Threonine
cyclobutanecarboxylic acid,Luteolin 
cyclobutanecarboxylic acid,Methyl alpha-Lyxofuranoside
cyclobutanecarboxylic acid,N-Isobutyrylglycine
cyclobutanecarboxylic acid,Norketamine
cyclobutanecarboxylic acid,Picolinic acid
cyclobutanecarboxylic acid,Quazodine
Cyclobutanol,"D-(-)-Ribofuranose, tetrakis"
Cyclobutanol,"D-Xylofuranose, 1,2,3,5-tetrakis-O-"
Cyclobutanol,Deoxycholic Acid
Cyclobutanol,Dinoseb 
Cyclobutanol,Diphenyl ether
Cyclobutanol,DL-Glyceraldehyde
Cyclobutanol,"Dodecanamide, N-(2-hydroxyethyl)-"
Cyclobutanol,"Dodecanoic acid, 1-methylethyl ester"
Cyclobutanol,Ecgonine
Cyclobutanol,"Ethanol, 2-(9-octadecenyloxy)-"
Cyclobutanol,"Ethanone, 1-(2,5-dimethoxyphenyl)-"
Cyclobutanol,Glucose
Cyclobutanol,Glyoxime
Cyclobutanol,Guanabenz
Cyclobutanol,Heptanoic acid
Cyclobutanol,Hexanoylglycine
Cyclobutanol,Hippuric acid
Cyclobutanol,Indole-3-lactic acid
Cyclobutanol,Indole-5-carboxylic acid
Cyclobutanol,Isofucosterol
Cyclobutanol,Isopropyl palmitate
Cyclobutanol,Itaconic acid
Cyclobutanol,L-Threonine
Cyclobutanol,Luteolin 
Cyclobutanol,"Methyl (3,4-dimethoxyphenyl)(hydroxy)acetate"
Cyclobutanol,Methyl aminoacetate
Cyclobutanol,N-Acetyltyrosine
Cyclobutanol,"N,N-Dimethyl-2-cyclohexyloxyethylamine"
Cyclobutanol,"N,O-Bis(trimethylsilyl)carbamate"
Cyclobutanol,Niclosamide
Cyclobutanol,Nonadecanoic acid
Cyclobutanol,Norketamine
Cyclobutanol,"Octane, 1-propoxy-"
Cyclobutanol,Octanoic acid
Cyclobutanol,p-Toluic acid
Cyclobutanol,Palmitelaidic acid
Cyclobutanol,"Propanoic acid, 2-methyl-"
Cyclobutanol,Pyrrole-2-carboxylic acid
Cyclobutanol,Sinomenin
Cyclobutanol,"Stigmast-5-ene, 3beta-"
Cyclobutanol,Syringaldehyde
Cyclobutanol,Triethanolamine
Cyclohexanol,"Cyclohexanone, 3,3,5-trimethyl-"
Cyclohexanol,"Cyclopentaneacetic acid, 3-oxo-2-pentyl-"
Cyclohexanol,"Cyclopentanone, 2,2,4-trimethyl-"
Cyclohexanol,D-Fructose
Cyclohexanol,Dinoseb 
Cyclohexanol,Diphenyl ether
Cyclohexanol,DL-Glyceraldehyde
Cyclohexanol,Doconexent
Cyclohexanol,"Dodecanoic acid, 1-methylethyl ester"
Cyclohexanol,Dodecanoic acid
Cyclohexanol,Dodecylcyclohexane
Cyclohexanol,Dopamine
Cyclohexanol,Eicosapentaenoic acid
Cyclohexanol,"Ethanamine, N,N-diethyl-2,2-dimethyl-2-[(3,5-dimethoxy)phenyl]-"
Cyclohexanol,"Ethanol, 2-(9-octadecenyloxy)-"
Cyclohexanol,"Ethanone, 1-(2,5-dimethoxyphenyl)-"
Cyclohexanol,"Furan, 2-pentyl-"
Cyclohexanol,Glycine
Cyclohexanol,"Glycine, N-(N-DL-leucylglycyl)-"
Cyclohexanol,Glyoxime
Cyclohexanol,Heptadecanoic acid
Cyclohexanol,Heptanoic acid
Cyclohexanol,Hexanoic acid
Cyclohexanol,Hydantoic acid
Cyclohexanol,Hydracrylic acid
Cyclohexanol,Isofucosterol
Cyclohexanol,Isopropyl palmitate
Cyclohexanol,Itaconic acid
Cyclohexanol,L-5-Oxoproline
Cyclohexanol,L-Glutamic acid
Cyclohexanol,L-Hydroxyproline
Cyclohexanol,Levulinic acid
Cyclohexanol,Metanephrine
Cyclohexanol,Methyl aminoacetate
Cyclohexanol,Methyl-3-methoxy-5-methyl benzoate
Cyclohexanol,Myristic acid
Cyclohexanol,N-Isovaleroylglycine
Cyclohexanol,N-Methyl-N-(tetrahydro-2-furanylmethyl)-4-piperidinamine
Cyclohexanol,Neostigmine 
Cyclohexanol,Niclosamide
Cyclohexanol,Nonadecanoic acid
Cyclohexanol,Nonanal
Cyclohexanol,"Octane, 1-propoxy-"
Cyclohexanol,Octanoic acid
Cyclohexanol,p-Hydroxydiisopropylbenzene
Cyclohexanol,p-Toluic acid
Cyclohexanol,Pantolactone
Cyclohexanol,Pentadecanoic acid
Cyclohexanol,"Pentanedioic acid, 3-methyl-3-[(trimethylsilyl)oxy]-"
Cyclohexanol,Pentanoic acid
Cyclohexanol,"Pentenoic acid, 4-[(trimethylsilyl)oxy]-"
Cyclohexanol,Phenol
Cyclohexanol,Phenoxyacetic acid
Cyclohexanol,phenoxyethanol
Cyclohexanol,Phlorizin
Cyclohexanol,Phloroglucinol
Cyclohexanol,Picolinic acid
Cyclohexanol,Pimelic acid
Cyclohexanol,"Propanetriol, 2-methyl-"
Cyclohexanol,"Propanoic acid, 2-methyl-"
Cyclohexanol,Propylamine
Cyclohexanol,"Pyrimidine, 5-methyl-2,4-bis[(trimethylsilyl)oxy]-"
Cyclohexanol,Salsoline
Cyclohexanol,Ser-Leu
Cyclohexanol,"Stigmast-5-ene, 3beta-"
Cyclohexanol,Suberic acid
Cyclohexanol,Supraene
Cyclohexanol,Tartronic acid
Cyclohexanol,Thymidine
Cyclohexanol,"Thymine, 1,3-dimethyl-6-(trimethylsilyloxymethyl)-"
Cyclohexanol,Triethanolamine
Cyclohexanol,"Trimethylsilyl (5-benzyl-3,6-dioxopiperazin-2-yl)acetate"
Cyclohexanol,L-Tyrosine
"Cyclohexanone, 3,3,5-trimethyl-","D-Erythro-Pentofuranose, 2-deoxy-1,3-bis-O-"
"Cyclohexanone, 3,3,5-trimethyl-",Decanoic acid
"Cyclohexanone, 3,3,5-trimethyl-",Dinoseb 
"Cyclohexanone, 3,3,5-trimethyl-","Dodecanoic acid, 1-methylethyl ester"
"Cyclohexanone, 3,3,5-trimethyl-",Dodecanoic acid
"Cyclohexanone, 3,3,5-trimethyl-",Dodecylcyclohexane
"Cyclohexanone, 3,3,5-trimethyl-",Dopamine
"Cyclohexanone, 3,3,5-trimethyl-",Eicosapentaenoic acid
"Cyclohexanone, 3,3,5-trimethyl-",Fenitrothion
"Cyclohexanone, 3,3,5-trimethyl-","Glycine, N-(N-DL-leucylglycyl)-"
"Cyclohexanone, 3,3,5-trimethyl-","Guanidine, N,N-dimethyl-"
"Cyclohexanone, 3,3,5-trimethyl-",Heptadecanoic acid
"Cyclohexanone, 3,3,5-trimethyl-",Heptanoic acid
"Cyclohexanone, 3,3,5-trimethyl-",Hexanoic acid
"Cyclohexanone, 3,3,5-trimethyl-",Lactic Acid
"Cyclohexanone, 3,3,5-trimethyl-",Levulinic acid
"Cyclohexanone, 3,3,5-trimethyl-",Myristic acid
"Cyclohexanone, 3,3,5-trimethyl-",N-Acetyltyrosine
"Cyclohexanone, 3,3,5-trimethyl-",N-Valerylglycine
"Cyclohexanone, 3,3,5-trimethyl-",Octanoic acid
"Cyclohexanone, 3,3,5-trimethyl-","Oxalic acid, allyl octyl ester"
"Cyclohexanone, 3,3,5-trimethyl-",p-Hydroxydiisopropylbenzene
"Cyclohexanone, 3,3,5-trimethyl-",Pantolactone
"Cyclohexanone, 3,3,5-trimethyl-",Pentadecanoic acid
"Cyclohexanone, 3,3,5-trimethyl-",Pentanoic acid
"Cyclohexanone, 3,3,5-trimethyl-",Phenol
"Cyclohexanone, 3,3,5-trimethyl-",phenoxyethanol
"Cyclohexanone, 3,3,5-trimethyl-",Phlorizin
"Cyclohexanone, 3,3,5-trimethyl-","Spiro[cyclopenta[d]-1,3,2-dioxaborin-4(5H),1'-cyclopentane], 2-ethyl-6,7-dihydro-"
"Cyclohexanone, 3,3,5-trimethyl-",Supraene
"Cyclohexanone, 3,3,5-trimethyl-",Tris(trimethylsilyl)carbamate
"Cyclohexanone, 3,3,5-trimethyl-",L-Tyrosine
"Cyclohexanone, 3,3,5-trimethyl-",Valylglycine
"Cyclohexene, 3-butyl-3-methyl-1-trimethylsilyloxy-",Ethyl cis-2-trimethylsilyl-cyclopropane-1-carboxylate
"Cyclohexene, 3-butyl-3-methyl-1-trimethylsilyloxy-","Furan, 2-pentyl-"
"Cyclohexene, 3-butyl-3-methyl-1-trimethylsilyloxy-",Hydantoic acid
"Cyclohexene, 3-butyl-3-methyl-1-trimethylsilyloxy-",Hydracrylic acid
"Cyclohexene, 3-butyl-3-methyl-1-trimethylsilyloxy-",L-Asparagine
"Cyclohexene, 3-butyl-3-methyl-1-trimethylsilyloxy-",L-Threitol
"Cyclohexene, 3-butyl-3-methyl-1-trimethylsilyloxy-",L-Threonine
"Cyclohexene, 3-butyl-3-methyl-1-trimethylsilyloxy-",Metanephrine
"Cyclohexene, 3-butyl-3-methyl-1-trimethylsilyloxy-","N-(Trifluoroacetyl)-N,O,O'-tris(trimethylsilyl)normetanephrine"
"Cyclohexene, 3-butyl-3-methyl-1-trimethylsilyloxy-",N-alpha-Acetyl-L-Lysine
"Cyclohexene, 3-butyl-3-methyl-1-trimethylsilyloxy-","N,N-Dimethyl-2-cyclohexyloxyethylamine"
"Cyclohexene, 3-butyl-3-methyl-1-trimethylsilyloxy-",Nonanoic acid
"Cyclohexene, 3-butyl-3-methyl-1-trimethylsilyloxy-","O-Methyl-N,N'-diisopropylisourea "
"Cyclohexene, 3-butyl-3-methyl-1-trimethylsilyloxy-",Petroselinic acid
"Cyclohexene, 3-butyl-3-methyl-1-trimethylsilyloxy-",Phenanthridin-6-ol 
"Cyclohexene, 3-butyl-3-methyl-1-trimethylsilyloxy-",Phenol
"Cyclohexene, 3-butyl-3-methyl-1-trimethylsilyloxy-",Quazodine
"Cyclohexene, 3-butyl-3-methyl-1-trimethylsilyloxy-",Sertraline carbamoyl glucuronide
"Cyclohexene, 3-butyl-3-methyl-1-trimethylsilyloxy-","Tacrine, N-trimethylsilyl-"
"Cyclohexene, 3-butyl-3-methyl-1-trimethylsilyloxy-","Trimethylsilyl (5-benzyl-3,6-dioxopiperazin-2-yl)acetate"
"Cyclohexene, 3,3-dimethyl-1-(trimethylsilyloxy)-",Delorazepam
"Cyclohexene, 3,3-dimethyl-1-(trimethylsilyloxy)-",Docosyl octyl ether
"Cyclohexene, 3,3-dimethyl-1-(trimethylsilyloxy)-",Heptanoic acid
"Cyclohexene, 3,3-dimethyl-1-(trimethylsilyloxy)-",L-Lysine
"Cyclohexene, 3,3-dimethyl-1-(trimethylsilyloxy)-",N-Isovaleroylglycine
"Cyclohexene, 3,3-dimethyl-1-(trimethylsilyloxy)-",Nitrosothymol
"Cyclohexene, 3,3-dimethyl-1-(trimethylsilyloxy)-",S-Methyl-L-cysteine
"Cyclohexene, 3,3-dimethyl-1-(trimethylsilyloxy)-",Salsoline
"Cyclopentaneacetic acid, 3-oxo-2-pentyl-",D-Fructose
"Cyclopentaneacetic acid, 3-oxo-2-pentyl-",Desmosterol
"Cyclopentaneacetic acid, 3-oxo-2-pentyl-",Diphenyl ether
"Cyclopentaneacetic acid, 3-oxo-2-pentyl-",DL-Phenylalanine
"Cyclopentaneacetic acid, 3-oxo-2-pentyl-",Dodecylcyclohexane
"Cyclopentaneacetic acid, 3-oxo-2-pentyl-","Furan, 2-pentyl-"
"Cyclopentaneacetic acid, 3-oxo-2-pentyl-",Glyoxime
"Cyclopentaneacetic acid, 3-oxo-2-pentyl-",Isofucosterol
"Cyclopentaneacetic acid, 3-oxo-2-pentyl-",Isopropyl palmitate
"Cyclopentaneacetic acid, 3-oxo-2-pentyl-",Levulinic acid
"Cyclopentaneacetic acid, 3-oxo-2-pentyl-",Methyl aminoacetate
"Cyclopentaneacetic acid, 3-oxo-2-pentyl-",Methyl-3-methoxy-5-methyl benzoate
"Cyclopentaneacetic acid, 3-oxo-2-pentyl-",Methylmalonic monoamide
"Cyclopentaneacetic acid, 3-oxo-2-pentyl-","N-(Trifluoroacetyl)-N,O,O'-tris(trimethylsilyl)normetanephrine"
"Cyclopentaneacetic acid, 3-oxo-2-pentyl-",N-Methyl-N-(tetrahydro-2-furanylmethyl)-4-piperidinamine
"Cyclopentaneacetic acid, 3-oxo-2-pentyl-","N,O-Bis(trimethylsilyl)carbamate"
"Cyclopentaneacetic acid, 3-oxo-2-pentyl-",Nonanal
"Cyclopentaneacetic acid, 3-oxo-2-pentyl-",Pantolactone
"Cyclopentaneacetic acid, 3-oxo-2-pentyl-","Pentanedioic acid, 2-[(trimethylsilyl)oxy]-"
"Cyclopentaneacetic acid, 3-oxo-2-pentyl-","Pentanedioic acid, 3-methyl-3-[(trimethylsilyl)oxy]-"
"Cyclopentaneacetic acid, 3-oxo-2-pentyl-","Pentenoic acid, 4-[(trimethylsilyl)oxy]-"
"Cyclopentaneacetic acid, 3-oxo-2-pentyl-",Phenoxyacetic acid
"Cyclopentaneacetic acid, 3-oxo-2-pentyl-",phenoxyethanol
"Cyclopentaneacetic acid, 3-oxo-2-pentyl-",Phloroglucinol
"Cyclopentaneacetic acid, 3-oxo-2-pentyl-","Propanetriol, 2-methyl-"
"Cyclopentaneacetic acid, 3-oxo-2-pentyl-",Propylamine
"Cyclopentaneacetic acid, 3-oxo-2-pentyl-",Sertraline carbamoyl glucuronide
"Cyclopentaneacetic acid, 3-oxo-2-pentyl-","Stigmast-5-ene, 3beta-"
"Cyclopentaneacetic acid, 3-oxo-2-pentyl-",Supraene
"Cyclopentaneacetic acid, 3-oxo-2-pentyl-",Tartronic acid
"Cyclopentaneacetic acid, 3-oxo-2-pentyl-",Thymidine
"Cyclopentaneacetic acid, 3-oxo-2-pentyl-",Tricine
"Cyclopentaneacetic acid, 3-oxo-2-pentyl-",Triethanolamine
"Cyclopentanone, 2,2,4-trimethyl-",D-Fructose
"Cyclopentanone, 2,2,4-trimethyl-","Dodecanoic acid, 1-methylethyl ester"
"Cyclopentanone, 2,2,4-trimethyl-",Dodecylcyclohexane
"Cyclopentanone, 2,2,4-trimethyl-","Ethanamine, N,N-diethyl-2,2-dimethyl-2-[(3,5-dimethoxy)phenyl]-"
"Cyclopentanone, 2,2,4-trimethyl-",Isofucosterol
"Cyclopentanone, 2,2,4-trimethyl-",Isopropyl palmitate
"Cyclopentanone, 2,2,4-trimethyl-",Itaconic acid
"Cyclopentanone, 2,2,4-trimethyl-","L-Lysine, ethyl ester "
"Cyclopentanone, 2,2,4-trimethyl-","N-(Trifluoroacetyl)-N,O,O'-tris(trimethylsilyl)normetanephrine"
"Cyclopentanone, 2,2,4-trimethyl-",Niclosamide
"Cyclopentanone, 2,2,4-trimethyl-",Nonadecanoic acid
"Cyclopentanone, 2,2,4-trimethyl-",Nonanal
"Cyclopentanone, 2,2,4-trimethyl-",Pantolactone
"Cyclopentanone, 2,2,4-trimethyl-","Pentenoic acid, 4-[(trimethylsilyl)oxy]-"
"Cyclopentanone, 2,2,4-trimethyl-",Phenoxyacetic acid
"Cyclopentanone, 2,2,4-trimethyl-","Propanetriol, 2-methyl-"
"Cyclopentanone, 2,2,4-trimethyl-",Quazodine
"Cyclopentanone, 2,2,4-trimethyl-",Tartronic acid
"Cyclopentanone, 2,2,4-trimethyl-",Triethanolamine
D-(-)-Citramalic acid,Dinoseb 
D-(-)-Citramalic acid,Diphenyl ether
D-(-)-Citramalic acid,DL-Glyceraldehyde
D-(-)-Citramalic acid,"Dodecane, 4,6-dimethyl-"
D-(-)-Citramalic acid,"Ethanone, 1-(5-methoxy-2-methyl-3(1H)-indolyl)-"
D-(-)-Citramalic acid,"Furan, 2-pentyl-"
D-(-)-Citramalic acid,Galactopyranose
D-(-)-Citramalic acid,"Glycine, N-(N-DL-leucylglycyl)-"
D-(-)-Citramalic acid,Hexanoylglycine
D-(-)-Citramalic acid,Indole-3-lactic acid
D-(-)-Citramalic acid,Isofucosterol
D-(-)-Citramalic acid,L-Threitol
D-(-)-Citramalic acid,Methyl aminoacetate
D-(-)-Citramalic acid,Methyl-3-methoxy-5-methyl benzoate
D-(-)-Citramalic acid,"N,N-Diethyl-2-aminoethanol"
D-(-)-Citramalic acid,Palmitelaidic acid
D-(-)-Citramalic acid,Pantolactone
D-(-)-Citramalic acid,"Pentanedioic acid, 3-methyl-3-[(trimethylsilyl)oxy]-"
D-(-)-Citramalic acid,Phenoxyacetic acid
D-(-)-Citramalic acid,Phloroglucinol
D-(-)-Citramalic acid,"Propanetriol, 2-methyl-"
D-(-)-Citramalic acid,S-Methyl-L-cysteine
D-(-)-Citramalic acid,Salsoline
D-(-)-Citramalic acid,"Stigmast-5-ene, 3beta-"
D-(-)-Citramalic acid,Succinic anhydride
D-(-)-Citramalic acid,Tartronic acid
D-(-)-Citramalic acid,Triethanolamine
D-(-)-Citramalic acid,Urea
"D-(-)-Fructofuranose, pentakis",Dimethyl fumarate
"D-(-)-Fructofuranose, pentakis",Dodecanoic acid
"D-(-)-Fructofuranose, pentakis","Glycine, N-[4-[(trimethylsilyl)oxy]benzoyl]-"
"D-(-)-Fructofuranose, pentakis",L-Hydroxyproline
"D-(-)-Fructofuranose, pentakis",Levulinic acid
"D-(-)-Fructofuranose, pentakis",n-Butylamine
"D-(-)-Fructofuranose, pentakis",phenoxyethanol
"D-(-)-Fructofuranose, pentakis","Thiazolo[4,5-f]quinoline, 2,9-dimethyl-"
"D-(-)-Lyxose, tetrakis",Deoxycholic Acid
"D-(-)-Lyxose, tetrakis",Hydantoic acid
"D-(-)-Lyxose, tetrakis",L-Norleucine
"D-(-)-Lyxose, tetrakis",L-Threitol
"D-(-)-Lyxose, tetrakis",Methyl alpha-Lyxofuranoside
"D-(-)-Lyxose, tetrakis","N,9-bis(Trimethylsilyl)-6-[(trimethylsilyl)oxy]-9H-purin-2-amine"
"D-(-)-Lyxose, tetrakis",Serine
"D-(-)-Lyxose, tetrakis",Trimethylsilyl oct-2-enoate 
"D-(-)-Ribofuranose, tetrakis",Diphenyl ether
"D-(-)-Ribofuranose, tetrakis",Hexanoylglycine
"D-(-)-Ribofuranose, tetrakis",Hippuric acid
"D-(-)-Ribofuranose, tetrakis",Methyl alpha-Lyxofuranoside
"D-(-)-Ribofuranose, tetrakis",N-Acetyltyrosine
"D-(-)-Ribofuranose, tetrakis",n-Pentadecanol
"D-(-)-Ribofuranose, tetrakis",Picolinic acid
"D-(-)-Ribofuranose, tetrakis","Propanoic acid, 2-methyl-"
"D-(-)-Ribofuranose, tetrakis",Pyrrole-2-carboxylic acid
"D-(-)-Ribofuranose, tetrakis",Trimethylsilyl oct-2-enoate 
"D-(+)-Ribono-1,4-lactone (R,S,R)-",D-Fructose
"D-(+)-Ribono-1,4-lactone (R,S,R)-",Deoxycholic Acid
"D-(+)-Ribono-1,4-lactone (R,S,R)-",DL-Glyceraldehyde
"D-(+)-Ribono-1,4-lactone (R,S,R)-","Dodecane, 4,6-dimethyl-"
"D-(+)-Ribono-1,4-lactone (R,S,R)-",Ethyl alpha-D-glucopyranoside
"D-(+)-Ribono-1,4-lactone (R,S,R)-",Indole-3-lactic acid
"D-(+)-Ribono-1,4-lactone (R,S,R)-",Isofucosterol
"D-(+)-Ribono-1,4-lactone (R,S,R)-",Methyl aminoacetate
"D-(+)-Ribono-1,4-lactone (R,S,R)-",Methyl-3-methoxy-5-methyl benzoate
"D-(+)-Ribono-1,4-lactone (R,S,R)-",Methylmalonic monoamide
"D-(+)-Ribono-1,4-lactone (R,S,R)-",Niclosamide
"D-(+)-Ribono-1,4-lactone (R,S,R)-",Nonadecanoic acid
"D-(+)-Ribono-1,4-lactone (R,S,R)-","Pentanedioic acid, 2-[(trimethylsilyl)oxy]-"
"D-(+)-Ribono-1,4-lactone (R,S,R)-","Pentanedioic acid, 3-methyl-3-[(trimethylsilyl)oxy]-"
"D-(+)-Ribono-1,4-lactone (R,S,R)-","Propanetriol, 2-methyl-"
"D-(+)-Ribono-1,4-lactone (R,S,R)-",Propylamine
"D-(+)-Ribono-1,4-lactone (R,S,R)-",Sertraline carbamoyl glucuronide
"D-(+)-Ribono-1,4-lactone (R,S,R)-",Tartronic acid
"D-(+)-Ribono-1,4-lactone (R,S,R)-",Thymidine
"D-(+)-Talofuranose, pentakis",D-Leucylglycylglycine
"D-(+)-Talofuranose, pentakis",Deoxycholic Acid
"D-(+)-Talofuranose, pentakis",Dihydrouracil
"D-(+)-Talofuranose, pentakis",Eicosapentaenoic acid
"D-(+)-Talofuranose, pentakis",Hydantoic acid
"D-(+)-Talofuranose, pentakis",Malic acid
"D-(+)-Talofuranose, pentakis","Morpholine, 4-[2,3,4,6-tetrakis-O-(trimethylsilyl)-alpha-d-mannopyranosyl]-"
D-Arabinose,D-Fructose
D-Arabinose,D-Ornithine
D-Arabinose,Deoxycholic Acid
D-Arabinose,"Dimethyl hexopyranosiduronate, alpha-D-"
D-Arabinose,DL-Phenylalanine
D-Arabinose,Glucose
D-Arabinose,Glyceric acid
D-Arabinose,"Morpholine, 4-[2,3,4,6-tetrakis-O-(trimethylsilyl)-alpha-d-mannopyranosyl]-"
D-Arabinose,"N-(Trifluoroacetyl)-N,O,O'-tris(trimethylsilyl)normetanephrine"
D-Arabinose,Palmitelaidic acid
D-Arabinose,Phlorizin
D-Arabinose,Ribitol
D-Arabinose,Xylazine
"D-Erythro-Pentofuranose, 2-deoxy-1,3-bis-O-",D-Fucitol
"D-Erythro-Pentofuranose, 2-deoxy-1,3-bis-O-",Deoxycholic Acid
"D-Erythro-Pentofuranose, 2-deoxy-1,3-bis-O-",Dinoseb 
"D-Erythro-Pentofuranose, 2-deoxy-1,3-bis-O-",Doconexent
"D-Erythro-Pentofuranose, 2-deoxy-1,3-bis-O-",Eicosapentaenoic acid
"D-Erythro-Pentofuranose, 2-deoxy-1,3-bis-O-",Hexanoic acid
"D-Erythro-Pentofuranose, 2-deoxy-1,3-bis-O-",Phlorizin
"D-Erythro-Pentofuranose, 2-deoxy-1,3-bis-O-",Sinomenin
"D-Erythro-Pentofuranose, 2-deoxy-1,3-bis-O-",Supraene
"D-Erythro-Pentofuranose, 2-deoxy-1,3-bis-O-",L-Tyrosine
"D-Erythro-Pentofuranose, 2-deoxy-1,3-bis-O-",Xylose
D-Fructose,D-Leucylglycylglycine
D-Fructose,D-Ornithine
D-Fructose,Deoxycholic Acid
D-Fructose,Desmosterol
D-Fructose,Dihydrouracil
D-Fructose,Dinoseb 
D-Fructose,DL-Glyceraldehyde
D-Fructose,Dopamine
D-Fructose,"Ethanamine, N,N-diethyl-2,2-dimethyl-2-[(3,5-dimethoxy)phenyl]-"
D-Fructose,"Ethanone, 1-(2,5-dimethoxyphenyl)-"
D-Fructose,Ethyl alpha-D-glucopyranoside
D-Fructose,Glycine
D-Fructose,Heptadecanoic acid
D-Fructose,Hydantoic acid
D-Fructose,Hydracrylic acid
D-Fructose,Indole-3-lactic acid
D-Fructose,Indole-5-carboxylic acid
D-Fructose,Isofucosterol
D-Fructose,Isopropyl palmitate
D-Fructose,Itaconic acid
D-Fructose,L-Threitol
D-Fructose,L-Threonine
D-Fructose,Levulinic acid
D-Fructose,Methyl aminoacetate
D-Fructose,Methyl-3-methoxy-5-methyl benzoate
D-Fructose,Methylmalonic monoamide
D-Fructose,"N-(Trifluoroacetyl)-N,O,O'-tris(trimethylsilyl)normetanephrine"
D-Fructose,N-Isovaleroylglycine
D-Fructose,N-Methyl-N-(tetrahydro-2-furanylmethyl)-4-piperidinamine
D-Fructose,Neostigmine 
D-Fructose,Niclosamide
D-Fructose,Nonanal
D-Fructose,"Pentanedioic acid, 2-[(trimethylsilyl)oxy]-"
D-Fructose,"Pentanedioic acid, 2,4-bis[(trimethylsilyl)oxy]"
D-Fructose,"Pentanedioic acid, 3-methyl-3-[(trimethylsilyl)oxy]-"
D-Fructose,"Pentenoic acid, 4-[(trimethylsilyl)oxy]-"
D-Fructose,Phenylalanine
D-Fructose,Pimelic acid
D-Fructose,"Propanetriol, 2-methyl-"
D-Fructose,Propylamine
D-Fructose,"Pyrimidine, 5-methyl-2,4-bis[(trimethylsilyl)oxy]-"
D-Fructose,Quazodine
D-Fructose,Sinomenin
D-Fructose,Tartronic acid
D-Fructose,Thymidine
D-Fructose,"Thymine, 1,3-dimethyl-6-(trimethylsilyloxymethyl)-"
D-Fructose,Triethanolamine
D-Fructose,Xylose
D-Fucitol,Delorazepam
D-Fucitol,Deoxycholic Acid
D-Fucitol,Docosyl octyl ether
D-Fucitol,Dodecanoic acid
D-Fucitol,Glycolic acid
D-Fucitol,Hydracrylic acid
D-Fucitol,Indole-3-lactic acid
D-Fucitol,Isofucosterol
D-Fucitol,Isonicotinic Acid
D-Fucitol,L-5-Oxoproline
D-Fucitol,L-Cysteine
D-Fucitol,L-Glutamine
D-Fucitol,L-Threitol
D-Fucitol,L-Tryptophan
D-Fucitol,n-Butylamine
D-Fucitol,Oxalic acid
D-Fucitol,p-Hydroxydiisopropylbenzene
D-Fucitol,"Pentanedioic acid, 3-methyl-3-[(trimethylsilyl)oxy]-"
D-Fucitol,Pentanoic acid
D-Fucitol,"Pentenoic acid, 4-[(trimethylsilyl)oxy]-"
D-Fucitol,Phenol
D-Fucitol,Phenylalanine
D-Fucitol,"Propanetriol, 2-methyl-"
D-Fucitol,"Quinolin-4-one, 1-[2-(3,4-dimethoxyphenyl)ethyl]-octahydro-"
D-Fucitol,Salsoline
D-Fucitol,Sinomenin
D-Fucitol,Tris(trimethylsilyl)carbamate
"D-Isoleucine, N-acetyl-",DL-Phenylalanine
"D-Isoleucine, N-acetyl-","Erythrono-1,4-lactone, (Z)-"
"D-Isoleucine, N-acetyl-",Galactopyranose
"D-Isoleucine, N-acetyl-",Hexanoylglycine
"D-Isoleucine, N-acetyl-",Hydantoic acid
"D-Isoleucine, N-acetyl-",Isonicotinic Acid
"D-Isoleucine, N-acetyl-",L-5-Oxoproline
"D-Isoleucine, N-acetyl-",L-Methionine
"D-Isoleucine, N-acetyl-",Malic acid
"D-Isoleucine, N-acetyl-",N-Isovaleroylglycine
"D-Isoleucine, N-acetyl-",Naphthofluorescein
"D-Isoleucine, N-acetyl-",Pantolactone
"D-Isoleucine, N-acetyl-",phenoxyethanol
"D-Isoleucine, N-acetyl-",Phenylalanine
"D-Isoleucine, N-acetyl-",Phloroglucinol
"D-Isoleucine, N-acetyl-",Pipecolic acid
"D-Isoleucine, N-acetyl-","Pyrimidine, 5-methyl-2,4-bis[(trimethylsilyl)oxy]-"
"D-Isoleucine, N-acetyl-",Pyroglutamic acid
"D-Isoleucine, N-acetyl-",S-Methyl-L-cysteine
"D-Isoleucine, N-acetyl-",Sinomenin
"D-Isoleucine, N-acetyl-","Thymine, 1,3-dimethyl-6-(trimethylsilyloxymethyl)-"
"D-Isoleucine, N-acetyl-","Trimethylsilyl (5-benzyl-3,6-dioxopiperazin-2-yl)acetate"
"D-Isoleucine, N-acetyl-",Uracil
D-Leucylglycylglycine,Hippuric acid
D-Leucylglycylglycine,Hydracrylic acid
D-Leucylglycylglycine,L-Cysteine
D-Leucylglycylglycine,L-Valine
D-Leucylglycylglycine,Latanoprost lactone diol
D-Leucylglycylglycine,N-(Trimethylsilyl)hexanamide
D-Leucylglycylglycine,Nonadecanoic acid
D-Leucylglycylglycine,p-Toluic acid
D-Leucylglycylglycine,Pentadecanoic acid
D-Leucylglycylglycine,Phlorizin
D-Leucylglycylglycine,"Propanetriol, 2-methyl-"
D-Leucylglycylglycine,"Propiophenone, 3',4'-dimethoxy-"
D-Leucylglycylglycine,Ribitol
D-Leucylglycylglycine,"Ribonic acid, 2,3,4,5-tetrakis-"
D-Leucylglycylglycine,Tartronic acid
D-Mannose,D-Threitol
D-Mannose,Palmitic Acid
D-Mannose,"Pentanedioic acid, 2,4-bis[(trimethylsilyl)oxy]"
D-Mannose,Phlorizin
D-Mannose,"Pyrazine, 3,6-dihydro-3,6-dimethyl-"
D-Mannose,Ribitol
D-Ornithine,D-Threitol
D-Ornithine,Docosyl octyl ether
D-Ornithine,Dodecanoic acid
D-Ornithine,Dopamine
D-Ornithine,Heptanoic acid
D-Ornithine,Indole-5-carboxylic acid
D-Ornithine,Isonicotinic Acid
D-Ornithine,l-Histidine ethyl ester
D-Ornithine,L-Lysine
D-Ornithine,Levulinic acid
D-Ornithine,n-Butylamine
D-Ornithine,Neostigmine 
D-Ornithine,Nonanal
D-Ornithine,p-Hydroxydiisopropylbenzene
D-Ornithine,Pantolactone
D-Ornithine,"Phenol, 3,5-bis(1,1-dimethylethyl)-"
D-Ornithine,Phlorizin
D-Ornithine,Phloroglucinol
D-Ornithine,Picolinic acid
D-Ornithine,"Pyrimidine, 5-methyl-2,4-bis[(trimethylsilyl)oxy]-"
D-Ornithine,Salsoline
D-Ornithine,Ser-Leu
D-Ornithine,Supraene
D-Ornithine,Trimethylsilyl 3-((trimethylsilyl)thio)propanoate
D-Ornithine,L-Tyrosine
D-Ornithine,Valylglycine
D-Proline,Docosyl octyl ether
D-Proline,Heptadecanoic acid
D-Proline,Hydroquinone
D-Proline,Methyl alpha-Lyxofuranoside
D-Proline,p-Hydroxydiisopropylbenzene
D-Proline,Pyroglutamic acid
D-Proline,Sertraline carbamoyl glucuronide
D-Proline,Thymidine
D-Proline,Tricine
"D-Psicofuranose, pentakis",D-Ribose
"D-Psicofuranose, pentakis","Ethanamine, N,N-diethyl-2,2-dimethyl-2-[(3,5-dimethoxy)phenyl]-"
"D-Psicofuranose, pentakis","Glycine, N-[4-[(trimethylsilyl)oxy]benzoyl]-"
"D-Psicofuranose, pentakis",Hydracrylic acid
"D-Psicofuranose, pentakis",N-Isovaleroylglycine
"D-Psicofuranose, pentakis",Petroselinic acid
"D-Psicofuranose, pentakis","Propanoic acid, 2-oxo-"
D-Ribose,Doconexent
D-Ribose,Ethyl alpha-D-glucopyranoside
D-Ribose,"Furan, 2-pentyl-"
D-Ribose,Indole-5-carboxylic acid
D-Ribose,L-Cysteine
D-Ribose,L-Methionine
D-Ribose,L-Threitol
D-Ribose,Metanephrine
D-Ribose,Myristic acid
D-Ribose,Phenol
D-Ribose,Picolinic acid
D-Ribose,"Spiro[cyclopenta[d]-1,3,2-dioxaborin-4(5H),1'-cyclopentane], 2-ethyl-6,7-dihydro-"
D-Threitol,"Dodecanoic acid, 1-methylethyl ester"
D-Threitol,Indole-5-carboxylic acid
D-Threitol,Itaconic acid
D-Threitol,Methyl isovanillate
D-Threitol,"Pentenoic acid, 4-[(trimethylsilyl)oxy]-"
D-Threitol,"Pregn-16-en-20-one, 3,18-bis(acetyloxy)-14,15-epoxy-, (3beta,5alpha,14beta,15beta)-"
D-Threitol,"Propiophenone, 3',4'-dimethoxy-"
"D-Xylofuranose, 1,2,3,5-tetrakis-O-","Ethanamine, N,N-diethyl-2,2-dimethyl-2-[(3,5-dimethoxy)phenyl]-"
"D-Xylofuranose, 1,2,3,5-tetrakis-O-",Sinomenin
Decanoic acid,"Dimethyl hexopyranosiduronate, alpha-D-"
Decanoic acid,Dodecanoic acid
Decanoic acid,Dodecylcyclohexane
Decanoic acid,"Ethanamine, N,N-diethyl-2,2-dimethyl-2-[(3,5-dimethoxy)phenyl]-"
Decanoic acid,Glucose
Decanoic acid,"Guanidine, N,N-dimethyl-"
Decanoic acid,Heptanoic acid
Decanoic acid,L-Asparagine
Decanoic acid,Lactic Acid
Decanoic acid,Levulinic acid
Decanoic acid,Myristic acid
Decanoic acid,N-Acetyltyrosine
Decanoic acid,N-Isobutyl-sec-butylamine
Decanoic acid,"N,N-Dimethyl-2-cyclohexyloxyethylamine"
Decanoic acid,Octanoic acid
Decanoic acid,Supraene
Decanoic acid,Tricine
Dehydronorketamine,"Dodecanamide, N-(2-hydroxyethyl)-"
Dehydronorketamine,L-Hydroxyproline
Dehydronorketamine,L-Threonine
Dehydronorketamine,Malic acid
Dehydronorketamine,"Pentanedioic acid, 2,4-bis[(trimethylsilyl)oxy]"
Dehydronorketamine,Phenol
Dehydronorketamine,Trimethylsilyl 3-((trimethylsilyl)thio)propanoate
Dehydronorketamine,Vanillylmandelic acid
Dehydronorketamine,Xylazine
Delorazepam,Deoxycholic Acid
Delorazepam,Dodecanoic acid
Delorazepam,Dodecylcyclohexane
Delorazepam,Ketamine 
Delorazepam,L-Tryptophan
Delorazepam,Latanoprost lactone diol
Delorazepam,Mirin
Delorazepam,Naphthofluorescein
Delorazepam,Tricine
Deoxycholic Acid,Desmosterol
Deoxycholic Acid,Dihydrouracil
Deoxycholic Acid,Dinoseb 
Deoxycholic Acid,DL-Phenylalanine
Deoxycholic Acid,"Ethanol, 2-(9-octadecenyloxy)-"
Deoxycholic Acid,Ethyl alpha-D-glucopyranoside
Deoxycholic Acid,Glycine
Deoxycholic Acid,Glycolic acid
Deoxycholic Acid,Glyoxime
Deoxycholic Acid,Hydantoic acid
Deoxycholic Acid,Hydracrylic acid
Deoxycholic Acid,Indole-5-carboxylic acid
Deoxycholic Acid,Isopropyl palmitate
Deoxycholic Acid,Itaconic acid
Deoxycholic Acid,L-Tryptophan
Deoxycholic Acid,Levulinic acid
Deoxycholic Acid,Malic acid
Deoxycholic Acid,Methyl aminoacetate
Deoxycholic Acid,Methyl-3-methoxy-5-methyl benzoate
Deoxycholic Acid,Methylmalonic monoamide
Deoxycholic Acid,Myristic acid
Deoxycholic Acid,"N-(Trifluoroacetyl)-N,O,O'-tris(trimethylsilyl)normetanephrine"
Deoxycholic Acid,Nonadecanoic acid
Deoxycholic Acid,p-Hydroxydiisopropylbenzene
Deoxycholic Acid,"Pentanedioic acid, 3-methyl-3-[(trimethylsilyl)oxy]-"
Deoxycholic Acid,Phenylalanine
Deoxycholic Acid,Pimelic acid
Deoxycholic Acid,"Propanetriol, 2-methyl-"
Deoxycholic Acid,Propylamine
Deoxycholic Acid,"Pyrimidine, 5-methyl-2,4-bis[(trimethylsilyl)oxy]-"
Deoxycholic Acid,Suberic acid
Deoxycholic Acid,Tartronic acid
Deoxycholic Acid,Triethanolamine
Deoxycholic Acid,"Trimethylsilyl (5-benzyl-3,6-dioxopiperazin-2-yl)acetate"
Deoxycholic Acid,Trimethylsilyl oct-2-enoate 
Deoxycholic Acid,Uracil
Deoxycholic Acid,Uridine
Desmosterol,DL-Ornithine
Desmosterol,DL-Phenylalanine
Desmosterol,"Ethanone, 1-(2,5-dimethoxyphenyl)-"
Desmosterol,L-Methionine
Desmosterol,L-Threonine
Desmosterol,Levulinic acid
Desmosterol,N-Isovaleroylglycine
Desmosterol,"Pentanedioic acid, 2-[(trimethylsilyl)oxy]-"
Desmosterol,phenoxyethanol
Desmosterol,Sinomenin
Desmosterol,Tartronic acid
Desmosterol,Xylitol
Dicyclohexylamine,"Dimethyl hexopyranosiduronate, alpha-D-"
Dicyclohexylamine,Hexanoic acid
Dicyclohexylamine,Hippuric acid
Dicyclohexylamine,L-Asparagine
Dicyclohexylamine,N-(Trimethylsilyl)hexanamide
Dicyclohexylamine,N-Valerylglycine
Dicyclohexylamine,Nonadecanoic acid
Dicyclohexylamine,Picolinic acid
Dihydrouracil,Ecgonine
Dihydrouracil,Glycine
Dihydrouracil,Glycolic acid
Dihydrouracil,Hydantoic acid
Dihydrouracil,Hydracrylic acid
Dihydrouracil,Hydroquinidine
Dihydrouracil,Isoxaben
Dihydrouracil,L-5-Oxoproline
Dihydrouracil,L-Asparagine
Dihydrouracil,L-Glutamic acid
Dihydrouracil,L-Tryptophan
Dihydrouracil,L-Valine
Dihydrouracil,Malic acid
Dihydrouracil,"N-(Trifluoroacetyl)-N,O,O'-tris(trimethylsilyl)normetanephrine"
Dihydrouracil,N-Acetyltyrosine
Dihydrouracil,N-Methyl-N-(tetrahydro-2-furanylmethyl)-4-piperidinamine
Dihydrouracil,Ornithine
Dihydrouracil,"Pentanedioic acid, 2,4-bis[(trimethylsilyl)oxy]"
Dihydrouracil,"Pentanedioic acid, 3-methyl-3-[(trimethylsilyl)oxy]-"
Dihydrouracil,Phenylalanine
Dihydrouracil,Pimelic acid
Dihydrouracil,"Propanetriol, 2-methyl-"
Dihydrouracil,Propylamine
Dihydrouracil,"Pyrimidine, 5-methyl-2,4-bis[(trimethylsilyl)oxy]-"
Dihydrouracil,Serine
Dihydrouracil,Stearic acid
Dihydrouracil,Suberic acid
Dihydrouracil,"Tacrine, N-trimethylsilyl-"
Dihydrouracil,Triethanolamine
Dihydrouracil,Uridine
Dimethyl fumarate,"Glycine, N-[4-[(trimethylsilyl)oxy]benzoyl]-"
Dimethyl fumarate,Itaconic acid
Dimethyl fumarate,L-Hydroxyproline
Dimethyl fumarate,N-Acetyltyrosine
Dimethyl fumarate,"Pentenoic acid, 4-[(trimethylsilyl)oxy]-"
Dimethyl fumarate,Petroselinic acid
Dimethyl fumarate,Picolinic acid
Dimethyl fumarate,Pimelic acid
Dimethyl fumarate,"Propanoic acid, 2-oxo-"
Dimethyl fumarate,"Pyrazine, 3,6-dihydro-3,6-dimethyl-"
Dimethyl fumarate,Salsoline
"Dimethyl hexopyranosiduronate, alpha-D-",Fenitrothion
"Dimethyl hexopyranosiduronate, alpha-D-",N-alpha-Acetyl-L-Lysine
"Dimethyl hexopyranosiduronate, alpha-D-","N,N-Diethyl-2-aminoethanol"
"Dimethyl hexopyranosiduronate, alpha-D-","Pentanedioic acid, 3-methyl-3-[(trimethylsilyl)oxy]-"
"Dimethyl hexopyranosiduronate, alpha-D-","Propanoic acid, 2-oxo-"
"Dimethyl hexopyranosiduronate, alpha-D-",Tributyl acetylcitrate
Dinoseb ,Diphenyl ether
Dinoseb ,DL-Glyceraldehyde
Dinoseb ,Doconexent
Dinoseb ,"Dodecane, 4,6-dimethyl-"
Dinoseb ,"Dodecanoic acid, 1-methylethyl ester"
Dinoseb ,Dodecanoic acid
Dinoseb ,Dodecylcyclohexane
Dinoseb ,"Ethanol, 2-(9-octadecenyloxy)-"
Dinoseb ,Ethyl alpha-D-glucopyranoside
Dinoseb ,Glycine
Dinoseb ,Heptanoic acid
Dinoseb ,Hexanoic acid
Dinoseb ,Hydantoic acid
Dinoseb ,Indole-3-lactic acid
Dinoseb ,Indole-5-carboxylic acid
Dinoseb ,Isofucosterol
Dinoseb ,Isopropyl palmitate
Dinoseb ,Itaconic acid
Dinoseb ,Levulinic acid
Dinoseb ,Methyl aminoacetate
Dinoseb ,Methyl-3-methoxy-5-methyl benzoate
Dinoseb ,Myristic acid
Dinoseb ,"N-(Trifluoroacetyl)-N,O,O'-tris(trimethylsilyl)normetanephrine"
Dinoseb ,N-Methyl-N-(tetrahydro-2-furanylmethyl)-4-piperidinamine
Dinoseb ,Niclosamide
Dinoseb ,Nonadecanoic acid
Dinoseb ,Nonanal
Dinoseb ,"Octane, 1-propoxy-"
Dinoseb ,"Oxalic acid, allyl octyl ester"
Dinoseb ,p-Hydroxydiisopropylbenzene
Dinoseb ,Pantolactone
Dinoseb ,"Pentanedioic acid, 3-methyl-3-[(trimethylsilyl)oxy]-"
Dinoseb ,"Pentenoic acid, 4-[(trimethylsilyl)oxy]-"
Dinoseb ,Phenoxyacetic acid
Dinoseb ,Phlorizin
Dinoseb ,Phloroglucinol
Dinoseb ,Picolinic acid
Dinoseb ,Pimelic acid
Dinoseb ,"Propanetriol, 2-methyl-"
Dinoseb ,"Propanoic acid, 2-methyl-"
Dinoseb ,Propylamine
Dinoseb ,S-Methyl-L-cysteine
Dinoseb ,Salsoline
Dinoseb ,Sertraline carbamoyl glucuronide
Dinoseb ,"Spiro[cyclopenta[d]-1,3,2-dioxaborin-4(5H),1'-cyclopentane], 2-ethyl-6,7-dihydro-"
Dinoseb ,"Stigmast-5-ene, 3beta-"
Dinoseb ,Tartronic acid
Dinoseb ,Tetradecanenitrile
Dinoseb ,"Thymine, 1,3-dimethyl-6-(trimethylsilyloxymethyl)-"
Dinoseb ,Triethanolamine
Dinoseb ,Tris(trimethylsilyl)carbamate
Dinoseb ,L-Tyrosine
Diphenyl ether,DL-Glyceraldehyde
Diphenyl ether,Doconexent
Diphenyl ether,"Dodecanoic acid, 1-methylethyl ester"
Diphenyl ether,Dodecanoic acid
Diphenyl ether,Dopamine
Diphenyl ether,"Ethanamine, N,N-diethyl-2,2-dimethyl-2-[(3,5-dimethoxy)phenyl]-"
Diphenyl ether,"Ethanol, 2-(9-octadecenyloxy)-"
Diphenyl ether,"Ethanone, 1-(2,5-dimethoxyphenyl)-"
Diphenyl ether,"Ethanone, 1-(5-methoxy-2-methyl-3(1H)-indolyl)-"
Diphenyl ether,"Furan, 2-pentyl-"
Diphenyl ether,Glycine
Diphenyl ether,"Glycine, N-(N-DL-leucylglycyl)-"
Diphenyl ether,Glyoxime
Diphenyl ether,Hexanoic acid
Diphenyl ether,Hydantoic acid
Diphenyl ether,Indole-3-lactic acid
Diphenyl ether,Indole-5-carboxylic acid
Diphenyl ether,Isofucosterol
Diphenyl ether,Isopropyl palmitate
Diphenyl ether,Itaconic acid
Diphenyl ether,L-5-Oxoproline
Diphenyl ether,L-Glutamic acid
Diphenyl ether,L-Hydroxyproline
Diphenyl ether,Levulinic acid
Diphenyl ether,Metanephrine
Diphenyl ether,Methyl aminoacetate
Diphenyl ether,Methyl-3-methoxy-5-methyl benzoate
Diphenyl ether,N-Isovaleroylglycine
Diphenyl ether,N-Methyl-N-(tetrahydro-2-furanylmethyl)-4-piperidinamine
Diphenyl ether,Neostigmine 
Diphenyl ether,Niclosamide
Diphenyl ether,Nitrosothymol
Diphenyl ether,Nonadecanoic acid
Diphenyl ether,Nonanal
Diphenyl ether,p-Hydroxydiisopropylbenzene
Diphenyl ether,p-Toluic acid
Diphenyl ether,Pantolactone
Diphenyl ether,"Pentanedioic acid, 3-methyl-3-[(trimethylsilyl)oxy]-"
Diphenyl ether,Pentanoic acid
Diphenyl ether,"Pentenoic acid, 4-[(trimethylsilyl)oxy]-"
Diphenyl ether,Phenol
Diphenyl ether,Phenoxyacetic acid
Diphenyl ether,phenoxyethanol
Diphenyl ether,Phlorizin
Diphenyl ether,Phloroglucinol
Diphenyl ether,Picolinic acid
Diphenyl ether,Pimelic acid
Diphenyl ether,"Propanetriol, 2-methyl-"
Diphenyl ether,"Propanoic acid, 2-methyl-"
Diphenyl ether,Propylamine
Diphenyl ether,Salsoline
Diphenyl ether,Ser-Leu
Diphenyl ether,Sinomenin
Diphenyl ether,"Stigmast-5-ene, 3beta-"
Diphenyl ether,Supraene
Diphenyl ether,Tartronic acid
Diphenyl ether,"Thymine, 1,3-dimethyl-6-(trimethylsilyloxymethyl)-"
Diphenyl ether,Triethanolamine
Diphenyl ether,L-Tyrosine
DL-Glyceraldehyde,"Dodecane, 4,6-dimethyl-"
DL-Glyceraldehyde,Dopamine
DL-Glyceraldehyde,Glycine
DL-Glyceraldehyde,Glyoxime
DL-Glyceraldehyde,Indole-3-lactic acid
DL-Glyceraldehyde,Indole-5-carboxylic acid
DL-Glyceraldehyde,Isofucosterol
DL-Glyceraldehyde,Isopropyl palmitate
DL-Glyceraldehyde,Isoxaben
DL-Glyceraldehyde,Itaconic acid
DL-Glyceraldehyde,L-Glutamic acid
DL-Glyceraldehyde,L-Threitol
DL-Glyceraldehyde,Methyl aminoacetate
DL-Glyceraldehyde,Methyl-3-methoxy-5-methyl benzoate
DL-Glyceraldehyde,Methylmalonic monoamide
DL-Glyceraldehyde,"N-(Trifluoroacetyl)-N,O,O'-tris(trimethylsilyl)normetanephrine"
DL-Glyceraldehyde,N-Acetyltyrosine
DL-Glyceraldehyde,N-alpha-Acetyl-L-Lysine
DL-Glyceraldehyde,N-Isovaleroylglycine
DL-Glyceraldehyde,N-Methyl-N-(tetrahydro-2-furanylmethyl)-4-piperidinamine
DL-Glyceraldehyde,"N,N-Diethyl-2-aminoethanol"
DL-Glyceraldehyde,Niclosamide
DL-Glyceraldehyde,Nonadecanoic acid
DL-Glyceraldehyde,Nonanal
DL-Glyceraldehyde,p-Toluic acid
DL-Glyceraldehyde,"Pentanedioic acid, 3-methyl-3-[(trimethylsilyl)oxy]-"
DL-Glyceraldehyde,Phenoxyacetic acid
DL-Glyceraldehyde,Phloroglucinol
DL-Glyceraldehyde,Pimelic acid
DL-Glyceraldehyde,"Propanetriol, 2-methyl-"
DL-Glyceraldehyde,"Propanoic acid, 2-methyl-"
DL-Glyceraldehyde,Propylamine
DL-Glyceraldehyde,S-Methyl-L-cysteine
DL-Glyceraldehyde,Salsoline
DL-Glyceraldehyde,Sinomenin
DL-Glyceraldehyde,"Stigmast-5-ene, 3beta-"
DL-Glyceraldehyde,Tartronic acid
DL-Glyceraldehyde,"Thymine, 1,3-dimethyl-6-(trimethylsilyloxymethyl)-"
DL-Glyceraldehyde,Triethanolamine
DL-Glyceraldehyde,"Trimethylsilyl (5-benzyl-3,6-dioxopiperazin-2-yl)acetate"
DL-Ornithine,DL-Phenylalanine
DL-Ornithine,Eicosapentaenoic acid
DL-Ornithine,Erythritol
DL-Ornithine,"Ethanone, 1-(2,5-dimethoxyphenyl)-"
DL-Ornithine,Ketamine 
DL-Ornithine,L-Methionine
DL-Ornithine,L-Threonine
DL-Ornithine,"Pentanedioic acid, 2-[(trimethylsilyl)oxy]-"
DL-Ornithine,L-Tyrosine
DL-Ornithine,Vanillylmandelic acid
DL-Phenylalanine,"Glycine, N-(N-DL-leucylglycyl)-"
DL-Phenylalanine,Hydroquinidine
DL-Phenylalanine,L-Methionine
DL-Phenylalanine,L-Threonine
DL-Phenylalanine,Pipecolic acid
DL-Phenylalanine,"Piperidine, 1-(1-methylpentyl)-"
DL-Phenylalanine,"Pyrazine, 3,6-dimethyl-2,5-bis(trimethylsilyloxy)-"
DL-Phenylalanine,Sinomenin
DL-Phenylalanine,"Trimethylsilyl (5-benzyl-3,6-dioxopiperazin-2-yl)acetate"
DL-Phenylalanine,Xylose
"DL-Proline, 5-oxo-",Isofucosterol
"DL-Proline, 5-oxo-",Isonicotinic Acid
"DL-Proline, 5-oxo-",N-(Trimethylsilyl)hexanamide
"DL-Proline, 5-oxo-",N-Acetyltyrosine
"DL-Proline, 5-oxo-",Phlorizin
"DL-Proline, 5-oxo-","Pyrazine, 3,6-dimethyl-2,5-bis(trimethylsilyloxy)-"
"DL-Proline, 5-oxo-",Salsoline
"DL-Proline, 5-oxo-",Valylglycine
Dobutamine,L-Threonine
Dobutamine,Methyl isovanillate
Dobutamine,n-Butylamine
Dobutamine,Tetradecanenitrile
Dobutamine,"Trimethylsilyl (5-benzyl-3,6-dioxopiperazin-2-yl)acetate"
Doconexent,"Dodecanoic acid, 1-methylethyl ester"
Doconexent,Eicosapentaenoic acid
Doconexent,"Ethanamine, N,N-diethyl-2,2-dimethyl-2-[(3,5-dimethoxy)phenyl]-"
Doconexent,"Ethanol, 2-(9-octadecenyloxy)-"
Doconexent,Glycine
Doconexent,"Glycine, N-(N-DL-leucylglycyl)-"
Doconexent,Heptadecanoic acid
Doconexent,Hexanoic acid
Doconexent,Indole-3-lactic acid
Doconexent,Isofucosterol
Doconexent,Isopropyl palmitate
Doconexent,Itaconic acid
Doconexent,"L-Tryptophan, N-acetyl-1"
Doconexent,Levulinic acid
Doconexent,Methyl aminoacetate
Doconexent,Neostigmine 
Doconexent,Niclosamide
Doconexent,Nonadecanoic acid
Doconexent,Nonanal
Doconexent,Palmitelaidic acid
Doconexent,Pantolactone
Doconexent,Pentadecanoic acid
Doconexent,Phenoxyacetic acid
Doconexent,Phlorizin
Doconexent,Phloroglucinol
Doconexent,Picolinic acid
Doconexent,"Propanetriol, 2-methyl-"
Doconexent,"Propanoic acid, 2-methyl-"
Doconexent,Salsoline
Doconexent,Stearic acid
Doconexent,L-Tyrosine
Docosyl octyl ether,Ethyl alpha-D-glucopyranoside
Docosyl octyl ether,Isofucosterol
Docosyl octyl ether,Isopropyl palmitate
Docosyl octyl ether,Latanoprost lactone diol
Docosyl octyl ether,N-(Trimethylsilyl)hexanamide
Docosyl octyl ether,Naphthofluorescein
Docosyl octyl ether,"Piperidine, 1-(1-methylpentyl)-"
Docosyl octyl ether,Quazodine
Docosyl octyl ether,Supraene
Docosyl octyl ether,Tricine
"Dodecanamide, N-(2-hydroxyethyl)-","Dodecanoic acid, 1-methylethyl ester"
"Dodecanamide, N-(2-hydroxyethyl)-",Hydroquinidine
"Dodecanamide, N-(2-hydroxyethyl)-","Methyl (3,4-dimethoxyphenyl)(hydroxy)acetate"
"Dodecanamide, N-(2-hydroxyethyl)-",Methyl isovanillate
"Dodecanamide, N-(2-hydroxyethyl)-",Petroselinic acid
"Dodecanamide, N-(2-hydroxyethyl)-",Uracil
"Dodecanamide, N-(2-hydroxyethyl)-",Uridine
"Dodecanamide, N-(2-hydroxyethyl)-",Xylazine
"Dodecane, 4,6-dimethyl-",Glycine
"Dodecane, 4,6-dimethyl-",L-Threitol
"Dodecane, 4,6-dimethyl-",Methyl-3-methoxy-5-methyl benzoate
"Dodecane, 4,6-dimethyl-",Methylmalonic monoamide
"Dodecane, 4,6-dimethyl-",N-Methyl-N-(tetrahydro-2-furanylmethyl)-4-piperidinamine
"Dodecane, 4,6-dimethyl-","N,N-Diethyl-2-aminoethanol"
"Dodecane, 4,6-dimethyl-",Phenoxyacetic acid
"Dodecane, 4,6-dimethyl-",Propylamine
"Dodecane, 4,6-dimethyl-",Sertraline carbamoyl glucuronide
"Dodecane, 4,6-dimethyl-",Supraene
"Dodecanoic acid, 1-methylethyl ester","Ethanol, 2-(9-octadecenyloxy)-"
"Dodecanoic acid, 1-methylethyl ester","Ethanone, 1-(2,5-dimethoxyphenyl)-"
"Dodecanoic acid, 1-methylethyl ester",Ethyl cis-2-trimethylsilyl-cyclopropane-1-carboxylate
"Dodecanoic acid, 1-methylethyl ester",Glyoxime
"Dodecanoic acid, 1-methylethyl ester","Inosose-2, 1,3,4,5,6-pentakis-"
"Dodecanoic acid, 1-methylethyl ester",Isofucosterol
"Dodecanoic acid, 1-methylethyl ester",Isopropyl palmitate
"Dodecanoic acid, 1-methylethyl ester",L-Hydroxyproline
"Dodecanoic acid, 1-methylethyl ester",L-Methionine
"Dodecanoic acid, 1-methylethyl ester",L-Threonine
"Dodecanoic acid, 1-methylethyl ester",Levulinic acid
"Dodecanoic acid, 1-methylethyl ester",Methyl aminoacetate
"Dodecanoic acid, 1-methylethyl ester",Niacin
"Dodecanoic acid, 1-methylethyl ester",Niclosamide
"Dodecanoic acid, 1-methylethyl ester",Nitrosothymol
"Dodecanoic acid, 1-methylethyl ester",Nonadecanoic acid
"Dodecanoic acid, 1-methylethyl ester",Nonanal
"Dodecanoic acid, 1-methylethyl ester",Norketamine
"Dodecanoic acid, 1-methylethyl ester","Oxalic acid, allyl octyl ester"
"Dodecanoic acid, 1-methylethyl ester",Pantolactone
"Dodecanoic acid, 1-methylethyl ester",Pentadecanoic acid
"Dodecanoic acid, 1-methylethyl ester","Pentenoic acid, 4-[(trimethylsilyl)oxy]-"
"Dodecanoic acid, 1-methylethyl ester",Phenol
"Dodecanoic acid, 1-methylethyl ester",phenoxyethanol
"Dodecanoic acid, 1-methylethyl ester",Phloroglucinol
"Dodecanoic acid, 1-methylethyl ester",Pimelic acid
"Dodecanoic acid, 1-methylethyl ester","Propanetriol, 2-methyl-"
"Dodecanoic acid, 1-methylethyl ester","Propanoic acid, 2-methyl-"
"Dodecanoic acid, 1-methylethyl ester",Salsoline
"Dodecanoic acid, 1-methylethyl ester","Stigmast-5-ene, 3beta-"
"Dodecanoic acid, 1-methylethyl ester",Supraene
"Dodecanoic acid, 1-methylethyl ester",Vanillylmandelic acid
Dodecanoic acid,Dodecylcyclohexane
Dodecanoic acid,Eicosapentaenoic acid
Dodecanoic acid,"Ethanamine, N,N-diethyl-2,2-dimethyl-2-[(3,5-dimethoxy)phenyl]-"
Dodecanoic acid,"Glycine, N-(N-DL-leucylglycyl)-"
Dodecanoic acid,"Glycine, N-[4-[(trimethylsilyl)oxy]benzoyl]-"
Dodecanoic acid,Glyoxime
Dodecanoic acid,"Guanidine, N,N-dimethyl-"
Dodecanoic acid,Heptadecanoic acid
Dodecanoic acid,Heptanoic acid
Dodecanoic acid,Hexanoic acid
Dodecanoic acid,L-5-Oxoproline
Dodecanoic acid,Levulinic acid
Dodecanoic acid,Myristic acid
Dodecanoic acid,n-Butylamine
Dodecanoic acid,Nonanal
Dodecanoic acid,"Octane, 1-propoxy-"
Dodecanoic acid,Octanoic acid
Dodecanoic acid,"Oxalic acid, allyl octyl ester"
Dodecanoic acid,Pantolactone
Dodecanoic acid,Pentadecanoic acid
Dodecanoic acid,"Pentanedioic acid, 2-[(trimethylsilyl)oxy]-"
Dodecanoic acid,Pentanoic acid
Dodecanoic acid,Phenol
Dodecanoic acid,Phenoxyacetic acid
Dodecanoic acid,phenoxyethanol
Dodecanoic acid,Phlorizin
Dodecanoic acid,Phloroglucinol
Dodecanoic acid,"Propanetriol, 2-methyl-"
Dodecanoic acid,Propylamine
Dodecanoic acid,"Pyrimidine, 5-methyl-2,4-bis[(trimethylsilyl)oxy]-"
Dodecanoic acid,S-Methyl-L-cysteine
Dodecanoic acid,Salsoline
Dodecanoic acid,Ser-Leu
Dodecanoic acid,Stearic acid
Dodecanoic acid,Supraene
Dodecanoic acid,Tris(trimethylsilyl)carbamate
Dodecanoic acid,L-Tyrosine
Dodecanoic acid,Valylglycine
Dodecylcyclohexane,Ethyl alpha-D-glucopyranoside
Dodecylcyclohexane,"Glycine, N-(N-DL-leucylglycyl)-"
Dodecylcyclohexane,"Guanidine, N,N-dimethyl-"
Dodecylcyclohexane,Heptadecanoic acid
Dodecylcyclohexane,Heptanoic acid
Dodecylcyclohexane,Hexanoic acid
Dodecylcyclohexane,"Inosose-2, 1,3,4,5,6-pentakis-"
Dodecylcyclohexane,Isopropyl palmitate
Dodecylcyclohexane,Levulinic acid
Dodecylcyclohexane,Myristic acid
Dodecylcyclohexane,N-Acetyltyrosine
Dodecylcyclohexane,N-Isobutyl-sec-butylamine
Dodecylcyclohexane,Neostigmine 
Dodecylcyclohexane,Nonadecanoic acid
Dodecylcyclohexane,Nonanal
Dodecylcyclohexane,Octanoic acid
Dodecylcyclohexane,Octopamine
Dodecylcyclohexane,Pantolactone
Dodecylcyclohexane,Pentadecanoic acid
Dodecylcyclohexane,"Pentanedioic acid, 2-[(trimethylsilyl)oxy]-"
Dodecylcyclohexane,"Pentanedioic acid, 2,4-bis[(trimethylsilyl)oxy]"
Dodecylcyclohexane,"Phenol, 3,5-bis(1,1-dimethylethyl)-"
Dodecylcyclohexane,Phloroglucinol
Dodecylcyclohexane,Propylamine
Dodecylcyclohexane,"Pyrazine, 3,6-dihydro-3,6-dimethyl-"
Dodecylcyclohexane,S-Methyl-L-cysteine
Dodecylcyclohexane,Salsoline
Dodecylcyclohexane,Ser-Leu
Dodecylcyclohexane,Supraene
Dodecylcyclohexane,Valylglycine
Dopamine,"Ethanamine, N,N-diethyl-2,2-dimethyl-2-[(3,5-dimethoxy)phenyl]-"
Dopamine,"Ethanone, 1-(2,5-dimethoxyphenyl)-"
Dopamine,Fenitrothion
Dopamine,Hydantoic acid
Dopamine,Isofucosterol
Dopamine,Levulinic acid
Dopamine,Methyl aminoacetate
Dopamine,Myristic acid
Dopamine,N-Valerylglycine
Dopamine,"N,N-Diethyl-2-aminoethanol"
Dopamine,Niclosamide
Dopamine,Nonanal
Dopamine,p-Hydroxydiisopropylbenzene
Dopamine,Palmitic Acid
Dopamine,"Pentanedioic acid, 3-methyl-3-[(trimethylsilyl)oxy]-"
Dopamine,"Propanetriol, 2-methyl-"
Dopamine,Supraene
Dopamine,Triethanolamine
Dopamine,Tris(trimethylsilyl)carbamate
Ecgonine,L-Proline
Ecgonine,"L-Tryptophan, N-acetyl-1"
Ecgonine,N-Valerylglycine
Ecgonine,p-Toluic acid
Ecgonine,Palmitic Acid
Ecgonine,S-Methyl-L-cysteine
Ecgonine,Sertraline carbamoyl glucuronide
Ecgonine,Trimethylsilyl oct-2-enoate 
Eicosapentaenoic acid,Galactopyranose
Eicosapentaenoic acid,Glyoxime
Eicosapentaenoic acid,"Guanidine, N,N-dimethyl-"
Eicosapentaenoic acid,Heptadecanoic acid
Eicosapentaenoic acid,Hexanoic acid
Eicosapentaenoic acid,Indole-5-carboxylic acid
Eicosapentaenoic acid,L-Cysteine
Eicosapentaenoic acid,L-Isoleucine
Eicosapentaenoic acid,Levulinic acid
Eicosapentaenoic acid,"Methyl (3,4-dimethoxyphenyl)(hydroxy)acetate"
Eicosapentaenoic acid,Myristic acid
Eicosapentaenoic acid,Niclosamide
Eicosapentaenoic acid,Nonadecanoic acid
Eicosapentaenoic acid,Pentadecanoic acid
Eicosapentaenoic acid,"Propanoic acid, 2-methyl-"
Eicosapentaenoic acid,Ser-Leu
Eicosapentaenoic acid,"Stigmast-5-ene, 3beta-"
Eicosapentaenoic acid,Triethanolamine
Erythritol,Glycolic acid
Erythritol,Hydracrylic acid
Erythritol,L-Threonine
Erythritol,"Pentanedioic acid, 2-[(trimethylsilyl)oxy]-"
Erythritol,"Piperidine, 1-(1-methylpentyl)-"
Erythritol,Stearic acid
Erythritol,L-Tyrosine
"Erythrono-1,4-lactone, (Z)-","Glycine, N-[4-[(trimethylsilyl)oxy]benzoyl]-"
"Erythrono-1,4-lactone, (Z)-",Glycolic acid
"Erythrono-1,4-lactone, (Z)-",Hexanoylglycine
"Erythrono-1,4-lactone, (Z)-",Hydroquinidine
"Erythrono-1,4-lactone, (Z)-","Inosose-2, 1,3,4,5,6-pentakis-"
"Erythrono-1,4-lactone, (Z)-",L-5-Oxoproline
"Erythrono-1,4-lactone, (Z)-",L-Glutamic acid
"Erythrono-1,4-lactone, (Z)-",Malic acid
"Erythrono-1,4-lactone, (Z)-",Pantolactone
"Erythrono-1,4-lactone, (Z)-",phenoxyethanol
"Erythrono-1,4-lactone, (Z)-",Phlorizin
"Erythrono-1,4-lactone, (Z)-",Phloroglucinol
"Erythrono-1,4-lactone, (Z)-","Pyrimidine, 5-methyl-2,4-bis[(trimethylsilyl)oxy]-"
"Erythrono-1,4-lactone, (Z)-",Sinomenin
"Erythrono-1,4-lactone, (Z)-","Thymine, 1,3-dimethyl-6-(trimethylsilyloxymethyl)-"
"Erythrono-1,4-lactone, (Z)-",Uridine
"Ethanamine, N,N-diethyl-2,2-dimethyl-2-[(3,5-dimethoxy)phenyl]-",Glycolic acid
"Ethanamine, N,N-diethyl-2,2-dimethyl-2-[(3,5-dimethoxy)phenyl]-",Hydracrylic acid
"Ethanamine, N,N-diethyl-2,2-dimethyl-2-[(3,5-dimethoxy)phenyl]-",Itaconic acid
"Ethanamine, N,N-diethyl-2,2-dimethyl-2-[(3,5-dimethoxy)phenyl]-",Ketamine 
"Ethanamine, N,N-diethyl-2,2-dimethyl-2-[(3,5-dimethoxy)phenyl]-",L-Tryptophan
"Ethanamine, N,N-diethyl-2,2-dimethyl-2-[(3,5-dimethoxy)phenyl]-",Myristic acid
"Ethanamine, N,N-diethyl-2,2-dimethyl-2-[(3,5-dimethoxy)phenyl]-",Nonadecanoic acid
"Ethanamine, N,N-diethyl-2,2-dimethyl-2-[(3,5-dimethoxy)phenyl]-",Nonanal
"Ethanamine, N,N-diethyl-2,2-dimethyl-2-[(3,5-dimethoxy)phenyl]-",Pantolactone
"Ethanamine, N,N-diethyl-2,2-dimethyl-2-[(3,5-dimethoxy)phenyl]-","Pentenoic acid, 4-[(trimethylsilyl)oxy]-"
"Ethanamine, N,N-diethyl-2,2-dimethyl-2-[(3,5-dimethoxy)phenyl]-",phenoxyethanol
"Ethanamine, N,N-diethyl-2,2-dimethyl-2-[(3,5-dimethoxy)phenyl]-",Phloroglucinol
"Ethanamine, N,N-diethyl-2,2-dimethyl-2-[(3,5-dimethoxy)phenyl]-","Propiophenone, 3',4'-dimethoxy-"
"Ethanamine, N,N-diethyl-2,2-dimethyl-2-[(3,5-dimethoxy)phenyl]-","Pyrazine, 3,6-dimethyl-2,5-bis(trimethylsilyloxy)-"
"Ethanamine, N,N-diethyl-2,2-dimethyl-2-[(3,5-dimethoxy)phenyl]-","Ribonic acid, 2,3,4,5-tetrakis-"
"Ethanamine, N,N-diethyl-2,2-dimethyl-2-[(3,5-dimethoxy)phenyl]-",Ser-Leu
"Ethanamine, N,N-diethyl-2,2-dimethyl-2-[(3,5-dimethoxy)phenyl]-",Triethanolamine
"Ethanol, 2-(9-octadecenyloxy)-",Glyoxime
"Ethanol, 2-(9-octadecenyloxy)-",Indole-3-carboxaldehyde
"Ethanol, 2-(9-octadecenyloxy)-",Itaconic acid
"Ethanol, 2-(9-octadecenyloxy)-",L-Hydroxyproline
"Ethanol, 2-(9-octadecenyloxy)-",L-Norleucine
"Ethanol, 2-(9-octadecenyloxy)-",Metanephrine
"Ethanol, 2-(9-octadecenyloxy)-",Nonadecanoic acid
"Ethanol, 2-(9-octadecenyloxy)-",Norketamine
"Ethanol, 2-(9-octadecenyloxy)-",Phenoxyacetic acid
"Ethanol, 2-(9-octadecenyloxy)-","Propanoic acid, 2-methyl-"
"Ethanol, 2-(9-octadecenyloxy)-",Sinomenin
"Ethanol, 2-(9-octadecenyloxy)-",Syringaldehyde
"Ethanol, 2-(9-octadecenyloxy)-","Thymine, 1,3-dimethyl-6-(trimethylsilyloxymethyl)-"
Ethanolamine,Glyceric acid
Ethanolamine,Glycolic acid
Ethanolamine,Hexanoylglycine
Ethanolamine,L-Proline
Ethanolamine,L-Valine
Ethanolamine,Malic acid
Ethanolamine,N-Acetyltyrosine
Ethanolamine,Phenylalanine
Ethanolamine,Sinomenin
"Ethanone, 1-(2,5-dimethoxyphenyl)-","Glycine, N-[4-[(trimethylsilyl)oxy]benzoyl]-"
"Ethanone, 1-(2,5-dimethoxyphenyl)-",Heptadecanoic acid
"Ethanone, 1-(2,5-dimethoxyphenyl)-",Indole-5-carboxylic acid
"Ethanone, 1-(2,5-dimethoxyphenyl)-",Itaconic acid
"Ethanone, 1-(2,5-dimethoxyphenyl)-",Levulinic acid
"Ethanone, 1-(2,5-dimethoxyphenyl)-",Methyl aminoacetate
"Ethanone, 1-(2,5-dimethoxyphenyl)-",Methylmalonic monoamide
"Ethanone, 1-(2,5-dimethoxyphenyl)-","N-(Trifluoroacetyl)-N,O,O'-tris(trimethylsilyl)normetanephrine"
"Ethanone, 1-(2,5-dimethoxyphenyl)-","N,O-Bis(trimethylsilyl)carbamate"
"Ethanone, 1-(2,5-dimethoxyphenyl)-",Niclosamide
"Ethanone, 1-(2,5-dimethoxyphenyl)-",Nonadecanoic acid
"Ethanone, 1-(2,5-dimethoxyphenyl)-",Nonanal
"Ethanone, 1-(2,5-dimethoxyphenyl)-",p-Toluic acid
"Ethanone, 1-(2,5-dimethoxyphenyl)-",Pantolactone
"Ethanone, 1-(2,5-dimethoxyphenyl)-",Phlorizin
"Ethanone, 1-(2,5-dimethoxyphenyl)-","Propanetriol, 2-methyl-"
"Ethanone, 1-(2,5-dimethoxyphenyl)-",Syringaldehyde
"Ethanone, 1-(2,5-dimethoxyphenyl)-","Thymine, 1,3-dimethyl-6-(trimethylsilyloxymethyl)-"
"Ethanone, 1-(2,5-dimethoxyphenyl)-",Triethanolamine
"Ethanone, 1-(5-methoxy-2-methyl-3(1H)-indolyl)-",Ethyl alpha-D-glucopyranoside
"Ethanone, 1-(5-methoxy-2-methyl-3(1H)-indolyl)-",Hippuric acid
"Ethanone, 1-(5-methoxy-2-methyl-3(1H)-indolyl)-",Luteolin 
"Ethanone, 1-(5-methoxy-2-methyl-3(1H)-indolyl)-",Nonadecanoic acid
"Ethanone, 1-(5-methoxy-2-methyl-3(1H)-indolyl)-","Oxalic acid, allyl octyl ester"
"Ethanone, 1-(5-methoxy-2-methyl-3(1H)-indolyl)-",p-Toluic acid
"Ethanone, 1-(5-methoxy-2-methyl-3(1H)-indolyl)-",Tartronic acid
"Ethanone, 1-(5-methoxy-2-methyl-3(1H)-indolyl)-","Thiazolo[4,5-f]quinoline, 2,9-dimethyl-"
"Ethanone, 1-(5-methoxy-2-methyl-3(1H)-indolyl)-",Triethanolamine
Ethyl alpha-D-glucopyranoside,Guanabenz
Ethyl alpha-D-glucopyranoside,Hexanoic acid
Ethyl alpha-D-glucopyranoside,Itaconic acid
Ethyl alpha-D-glucopyranoside,"L-Lysine, ethyl ester "
Ethyl alpha-D-glucopyranoside,Methyl aminoacetate
Ethyl alpha-D-glucopyranoside,Methyl-3-methoxy-5-methyl benzoate
Ethyl alpha-D-glucopyranoside,Myristic acid
Ethyl alpha-D-glucopyranoside,"N,N-Diethyl-2-aminoethanol"
Ethyl alpha-D-glucopyranoside,Nonadecanoic acid
Ethyl alpha-D-glucopyranoside,"Octane, 1-propoxy-"
Ethyl alpha-D-glucopyranoside,"Pentanedioic acid, 3-methyl-3-[(trimethylsilyl)oxy]-"
Ethyl alpha-D-glucopyranoside,Phenanthridin-6-ol 
Ethyl alpha-D-glucopyranoside,"Pyrazine, 3,6-dihydro-3,6-dimethyl-"
Ethyl alpha-D-glucopyranoside,Pyrrole-2-carboxylic acid
Ethyl alpha-D-glucopyranoside,Triethanolamine
Ethyl cis-2-trimethylsilyl-cyclopropane-1-carboxylate,Latanoprost lactone diol
Ethyl cis-2-trimethylsilyl-cyclopropane-1-carboxylate,n-Butylamine
Ethyl cis-2-trimethylsilyl-cyclopropane-1-carboxylate,Nonanal
Ethyl cis-2-trimethylsilyl-cyclopropane-1-carboxylate,Pyroglutamic acid
Ethyl cis-2-trimethylsilyl-cyclopropane-1-carboxylate,Sertraline carbamoyl glucuronide
Ethyl cis-2-trimethylsilyl-cyclopropane-1-carboxylate,L-Tyrosine
Fenitrothion,Glucose
Fenitrothion,"Guanidine, N,N-dimethyl-"
Fenitrothion,Hexanoic acid
Fenitrothion,L-Norleucine
Fenitrothion,Lactic Acid
Fenitrothion,Myristic acid
Fenitrothion,Pentanoic acid
Fenitrothion,Phenoxyacetic acid
Fenitrothion,Pyrrole-2-carboxylic acid
Fenitrothion,"Spiro[cyclopenta[d]-1,3,2-dioxaborin-4(5H),1'-cyclopentane], 2-ethyl-6,7-dihydro-"
Fenitrothion,Supraene
Fenitrothion,Thymidine
Fenitrothion,Tris(trimethylsilyl)carbamate
Fenitrothion,Valylglycine
"Furan, 2-pentyl-","Glycine, N-(N-DL-leucylglycyl)-"
"Furan, 2-pentyl-",Glyoxime
"Furan, 2-pentyl-",Indole-3-carboxaldehyde
"Furan, 2-pentyl-",Isofucosterol
"Furan, 2-pentyl-",L-5-Oxoproline
"Furan, 2-pentyl-",Levulinic acid
"Furan, 2-pentyl-",Metanephrine
"Furan, 2-pentyl-",Methyl aminoacetate
"Furan, 2-pentyl-",N-Acetyl-L-glutamic acid
"Furan, 2-pentyl-",N-Methyl-N-(tetrahydro-2-furanylmethyl)-4-piperidinamine
"Furan, 2-pentyl-","N,N-Diethyl-2-aminoethanol"
"Furan, 2-pentyl-","N,O-Bis(trimethylsilyl)carbamate"
"Furan, 2-pentyl-",Naphthofluorescein
"Furan, 2-pentyl-",Neostigmine 
"Furan, 2-pentyl-",Nonadecanoic acid
"Furan, 2-pentyl-",Nonanal
"Furan, 2-pentyl-",Pantolactone
"Furan, 2-pentyl-","Pentanedioic acid, 3-methyl-3-[(trimethylsilyl)oxy]-"
"Furan, 2-pentyl-",Phenol
"Furan, 2-pentyl-",Phenoxyacetic acid
"Furan, 2-pentyl-",phenoxyethanol
"Furan, 2-pentyl-",Phlorizin
"Furan, 2-pentyl-",Phloroglucinol
"Furan, 2-pentyl-","Propanetriol, 2-methyl-"
"Furan, 2-pentyl-","Propanoic acid, 2-methyl-"
"Furan, 2-pentyl-",S-Methyl-L-cysteine
"Furan, 2-pentyl-",Sertraline carbamoyl glucuronide
"Furan, 2-pentyl-","Stigmast-5-ene, 3beta-"
"Furan, 2-pentyl-",Supraene
"Furan, 2-pentyl-","Thymine, 1,3-dimethyl-6-(trimethylsilyloxymethyl)-"
"Furan, 2-pentyl-",Triethanolamine
Galactopyranose,Heptanoic acid
Galactopyranose,Niacin
Galactopyranose,Pipecolic acid
Galactopyranose,Thymidine
Gln-Ala,Luteolin 
Gln-Ala,p-Toluic acid
Gln-Ala,Ribitol
Gln-Ala,Tartronic acid
Glucopyranose,Glucose
Glucopyranose,N-Acetyltyrosine
Glucopyranose,N-Valerylglycine
Glucopyranose,"Piperidine, 1-(1-methylpentyl)-"
Glucopyranose,Trimethylsilyl oct-2-enoate 
Glucose,Latanoprost lactone diol
Glucose,"Methyl (3,4-dimethoxyphenyl)(hydroxy)acetate"
Glucose,N-Isobutyl-sec-butylamine
Glucose,Naphthofluorescein
Glucose,Octanoic acid
Glucose,Phenol
Glucose,Thymidine
Glyceric acid,Hydroquinidine
Glyceric acid,L-Threitol
Glyceric acid,L-Threonine
Glyceric acid,Lactic Acid
Glyceric acid,"N-(Trifluoroacetyl)-N,O,O'-tris(trimethylsilyl)normetanephrine"
Glyceric acid,N-Acetyltyrosine
Glyceric acid,Naphthofluorescein
Glyceric acid,"Propiophenone, 3',4'-dimethoxy-"
Glycine,"Glycine, N-(N-DL-leucylglycyl)-"
Glycine,Hexanoic acid
Glycine,Hydantoic acid
Glycine,Indole-3-lactic acid
Glycine,Isofucosterol
Glycine,Isopropyl palmitate
Glycine,L-Aspartic acid
Glycine,L-Tryptophan
Glycine,"L-Tryptophan, N-acetyl-1"
Glycine,Methyl aminoacetate
Glycine,"N-(Trifluoroacetyl)-N,O,O'-tris(trimethylsilyl)normetanephrine"
Glycine,N-(Trimethylsilyl)hexanamide
Glycine,"N,N-Diethyl-2-aminoethanol"
Glycine,Neostigmine 
Glycine,Niclosamide
Glycine,Nonadecanoic acid
Glycine,Nonanal
Glycine,Ornithine
Glycine,Pantolactone
Glycine,Pentadecanoic acid
Glycine,"Pentanedioic acid, 3-methyl-3-[(trimethylsilyl)oxy]-"
Glycine,Phloroglucinol
Glycine,Picolinic acid
Glycine,Pimelic acid
Glycine,"Propanetriol, 2-methyl-"
Glycine,"Propanoic acid, 2-methyl-"
Glycine,Propylamine
Glycine,S-Methyl-L-cysteine
Glycine,Salsoline
Glycine,"Tacrine, N-trimethylsilyl-"
Glycine,Tartronic acid
Glycine,"Thymine, 1,3-dimethyl-6-(trimethylsilyloxymethyl)-"
Glycine,Tricine
Glycine,Triethanolamine
Glycine,Xylose
"Glycine, N-(1-oxobutyl)-","Glycine, N-[4-[(trimethylsilyl)oxy]benzoyl]-"
"Glycine, N-(1-oxobutyl)-",Heptanoic acid
"Glycine, N-(1-oxobutyl)-",Hexanoylglycine
"Glycine, N-(1-oxobutyl)-",Malic acid
"Glycine, N-(1-oxobutyl)-",N-Valerylglycine
"Glycine, N-(1-oxobutyl)-",Phenol
"Glycine, N-(1-oxobutyl)-",Supraene
"Glycine, N-(1-oxobutyl)-",Uracil
"Glycine, N-(N-DL-leucylglycyl)-",Hexanoic acid
"Glycine, N-(N-DL-leucylglycyl)-",L-Lysine
"Glycine, N-(N-DL-leucylglycyl)-",Lactic Acid
"Glycine, N-(N-DL-leucylglycyl)-",Levulinic acid
"Glycine, N-(N-DL-leucylglycyl)-",Niclosamide
"Glycine, N-(N-DL-leucylglycyl)-","Octane, 1-propoxy-"
"Glycine, N-(N-DL-leucylglycyl)-",Pantolactone
"Glycine, N-(N-DL-leucylglycyl)-","Pentanedioic acid, 2,4-bis[(trimethylsilyl)oxy]"
"Glycine, N-(N-DL-leucylglycyl)-",Phenol
"Glycine, N-(N-DL-leucylglycyl)-",Phenoxyacetic acid
"Glycine, N-(N-DL-leucylglycyl)-",phenoxyethanol
"Glycine, N-(N-DL-leucylglycyl)-",Phlorizin
"Glycine, N-(N-DL-leucylglycyl)-",Phloroglucinol
"Glycine, N-(N-DL-leucylglycyl)-","Propanetriol, 2-methyl-"
"Glycine, N-(N-DL-leucylglycyl)-",S-Methyl-L-cysteine
"Glycine, N-(N-DL-leucylglycyl)-",Salsoline
"Glycine, N-(N-DL-leucylglycyl)-",Supraene
"Glycine, N-(N-DL-leucylglycyl)-",Trisaminol
"Glycine, N-[4-[(trimethylsilyl)oxy]benzoyl]-",Heptadecanoic acid
"Glycine, N-[4-[(trimethylsilyl)oxy]benzoyl]-",Hydantoic acid
"Glycine, N-[4-[(trimethylsilyl)oxy]benzoyl]-",Isoxaben
"Glycine, N-[4-[(trimethylsilyl)oxy]benzoyl]-",L-Glutamic acid
"Glycine, N-[4-[(trimethylsilyl)oxy]benzoyl]-",L-Glutamine
"Glycine, N-[4-[(trimethylsilyl)oxy]benzoyl]-",L-Ornithine
"Glycine, N-[4-[(trimethylsilyl)oxy]benzoyl]-","Methyl (3,4-dimethoxyphenyl)(hydroxy)acetate"
"Glycine, N-[4-[(trimethylsilyl)oxy]benzoyl]-","N-(Trifluoroacetyl)-N,O,O'-tris(trimethylsilyl)normetanephrine"
"Glycine, N-[4-[(trimethylsilyl)oxy]benzoyl]-",N-(Trimethylsilyl)hexanamide
"Glycine, N-[4-[(trimethylsilyl)oxy]benzoyl]-","N,9-bis(Trimethylsilyl)-6-[(trimethylsilyl)oxy]-9H-purin-2-amine"
"Glycine, N-[4-[(trimethylsilyl)oxy]benzoyl]-",Petroselinic acid
"Glycine, N-[4-[(trimethylsilyl)oxy]benzoyl]-","Phenol, 3,5-bis(1,1-dimethylethyl)-"
"Glycine, N-[4-[(trimethylsilyl)oxy]benzoyl]-",Picolinic acid
"Glycine, N-[4-[(trimethylsilyl)oxy]benzoyl]-",Suberic acid
Glycolic acid,Hydantoic acid
Glycolic acid,Hydracrylic acid
Glycolic acid,L-Proline
Glycolic acid,L-Threonine
Glycolic acid,Malic acid
Glycolic acid,"N-(Trifluoroacetyl)-N,O,O'-tris(trimethylsilyl)normetanephrine"
Glycolic acid,Nonanoic acid
Glycolic acid,Phenylalanine
Glycolic acid,Serine
Glycolic acid,Uridine
Glyoxime,Hexanoic acid
Glyoxime,Hexanoylglycine
Glyoxime,Hydantoic acid
Glyoxime,Hydracrylic acid
Glyoxime,Isofucosterol
Glyoxime,Isopropyl palmitate
Glyoxime,L-5-Oxoproline
Glyoxime,L-Hydroxyproline
Glyoxime,L-Threitol
Glyoxime,Levulinic acid
Glyoxime,Methyl aminoacetate
Glyoxime,Methylmalonic monoamide
Glyoxime,N-Isovaleroylglycine
Glyoxime,Naphthofluorescein
Glyoxime,Neostigmine 
Glyoxime,Niclosamide
Glyoxime,Nonanal
Glyoxime,Norketamine
Glyoxime,Octopamine
Glyoxime,p-Hydroxydiisopropylbenzene
Glyoxime,p-Toluic acid
Glyoxime,"Pentanedioic acid, 3-methyl-3-[(trimethylsilyl)oxy]-"
Glyoxime,"Pentenoic acid, 4-[(trimethylsilyl)oxy]-"
Glyoxime,Phenol
Glyoxime,Phenoxyacetic acid
Glyoxime,phenoxyethanol
Glyoxime,Phenylalanine
Glyoxime,Phlorizin
Glyoxime,Phloroglucinol
Glyoxime,Picolinic acid
Glyoxime,"Propanoic acid, 2-methyl-"
Glyoxime,Propylamine
Glyoxime,Pyrrole-2-carboxylic acid
Glyoxime,Ribitol
Glyoxime,Salsoline
Glyoxime,Ser-Leu
Glyoxime,Suberic acid
Glyoxime,Supraene
Glyoxime,Syringaldehyde
Glyoxime,"Thymine, 1,3-dimethyl-6-(trimethylsilyloxymethyl)-"
Glyoxime,Triethanolamine
Guanabenz,"L-Lysine, ethyl ester "
Guanabenz,N-Acetyltyrosine
Guanabenz,Nitrosothymol
Guanabenz,"Pentanedioic acid, 2,4-bis[(trimethylsilyl)oxy]"
Guanabenz,Pimelic acid
Guanabenz,"Ribonic acid, 2,3,4,5-tetrakis-"
"Guanidine, N,N-dimethyl-",Hexanoic acid
"Guanidine, N,N-dimethyl-",Lactic Acid
"Guanidine, N,N-dimethyl-",Levulinic acid
"Guanidine, N,N-dimethyl-",Myristic acid
"Guanidine, N,N-dimethyl-",N-Acetyltyrosine
"Guanidine, N,N-dimethyl-",Octanoic acid
"Guanidine, N,N-dimethyl-",Pantolactone
"Guanidine, N,N-dimethyl-",Phenol
"Guanidine, N,N-dimethyl-",Phenoxyacetic acid
"Guanidine, N,N-dimethyl-",Phlorizin
"Guanidine, N,N-dimethyl-","Piperidine, 1-(1-methylpentyl)-"
"Guanidine, N,N-dimethyl-","Pyrazine, 3,6-dihydro-3,6-dimethyl-"
"Guanidine, N,N-dimethyl-",Sertraline carbamoyl glucuronide
"Guanidine, N,N-dimethyl-",Tris(trimethylsilyl)carbamate
"Guanidine, N,N-dimethyl-",L-Tyrosine
"Guanidine, N,N-dimethyl-",Valylglycine
Heptadecanoic acid,Hexanoic acid
Heptadecanoic acid,Isonicotinic Acid
Heptadecanoic acid,Levulinic acid
Heptadecanoic acid,Myristic acid
Heptadecanoic acid,"N,O-Bis(trimethylsilyl)carbamate"
Heptadecanoic acid,Neostigmine 
Heptadecanoic acid,Niclosamide
Heptadecanoic acid,Nonadecanoic acid
Heptadecanoic acid,Nonanal
Heptadecanoic acid,Octanoic acid
Heptadecanoic acid,p-Hydroxydiisopropylbenzene
Heptadecanoic acid,Pantolactone
Heptadecanoic acid,Pentadecanoic acid
Heptadecanoic acid,Phloroglucinol
Heptadecanoic acid,Picolinic acid
Heptadecanoic acid,"Propanetriol, 2-methyl-"
Heptadecanoic acid,"Propanoic acid, 2-methyl-"
Heptadecanoic acid,Supraene
Heptadecanoic acid,L-Tyrosine
Heptanoic acid,Hexanoic acid
Heptanoic acid,Levulinic acid
Heptanoic acid,Myristic acid
Heptanoic acid,n-Butylamine
Heptanoic acid,Octanoic acid
Heptanoic acid,p-Hydroxydiisopropylbenzene
Heptanoic acid,Pentadecanoic acid
Heptanoic acid,"Phenol, 3,5-bis(1,1-dimethylethyl)-"
Heptanoic acid,Phlorizin
Heptanoic acid,Picolinic acid
Heptanoic acid,Ribitol
Heptanoic acid,Sertraline carbamoyl glucuronide
Heptanoic acid,Stearic acid
Heptanoic acid,Supraene
Heptanoic acid,Tricine
Heptanoic acid,Tris(trimethylsilyl)carbamate
Heptanoic acid,L-Tyrosine
Hexanedioic acid,Hydantoic acid
Hexanedioic acid,"Inosose-2, 1,3,4,5,6-pentakis-"
Hexanedioic acid,Levulinic acid
Hexanedioic acid,p-Hydroxydiisopropylbenzene
Hexanedioic acid,p-Toluic acid
Hexanedioic acid,"Phenol, 3,5-bis(1,1-dimethylethyl)-"
Hexanedioic acid,phenoxyethanol
Hexanedioic acid,Phosalone
Hexanedioic acid,Pimelic acid
Hexanedioic acid,Suberic acid
Hexanedioic acid,Supraene
Hexanedioic acid,Uridine
Hexanoic acid,Hydracrylic acid
Hexanoic acid,Isopropyl palmitate
Hexanoic acid,Lactic Acid
Hexanoic acid,Levulinic acid
Hexanoic acid,Methyl aminoacetate
Hexanoic acid,Myristic acid
Hexanoic acid,"N-(Trifluoroacetyl)-N,O,O'-tris(trimethylsilyl)normetanephrine"
Hexanoic acid,Niacin
Hexanoic acid,Nonadecanoic acid
Hexanoic acid,Nonanal
Hexanoic acid,"Octane, 1-propoxy-"
Hexanoic acid,Octanoic acid
Hexanoic acid,p-Hydroxydiisopropylbenzene
Hexanoic acid,Pantolactone
Hexanoic acid,Pentadecanoic acid
Hexanoic acid,Phenol
Hexanoic acid,Phenoxyacetic acid
Hexanoic acid,Phlorizin
Hexanoic acid,Picolinic acid
Hexanoic acid,Pimelic acid
Hexanoic acid,"Propanetriol, 2-methyl-"
Hexanoic acid,S-Methyl-L-cysteine
Hexanoic acid,Salsoline
Hexanoic acid,Supraene
Hexanoic acid,Triethanolamine
Hexanoic acid,Tris(trimethylsilyl)carbamate
Hexanoylglycine,L-Proline
Hexanoylglycine,N-Isobutyrylglycine
Hexanoylglycine,N-Isovaleroylglycine
Hexanoylglycine,Nonanoic acid
Hexanoylglycine,Phenylalanine
Hexanoylglycine,"Pyrimidine, 5-methyl-2,4-bis[(trimethylsilyl)oxy]-"
Hexanoylglycine,Syringaldehyde
Hexanoylglycine,"Thymine, 1,3-dimethyl-6-(trimethylsilyloxymethyl)-"
Hexanoylglycine,Uracil
Hippuric acid,L-Proline
Hippuric acid,L-Threonine
Hippuric acid,Picolinic acid
Hippuric acid,"Pyrazine, 3,6-dihydro-3,6-dimethyl-"
Hippuric acid,Pyrrole-2-carboxylic acid
Hippuric acid,Sinomenin
Hippuric acid,Supraene
Hydantoic acid,Hydracrylic acid
Hydantoic acid,Isopropyl palmitate
Hydantoic acid,Isoxaben
Hydantoic acid,L-5-Oxoproline
Hydantoic acid,L-Aspartic acid
Hydantoic acid,L-Glutamic acid
Hydantoic acid,L-Hydroxyproline
Hydantoic acid,L-Threitol
Hydantoic acid,Malic acid
Hydantoic acid,"Methyl (3,4-dimethoxyphenyl)(hydroxy)acetate"
Hydantoic acid,Methyl aminoacetate
Hydantoic acid,N-Isovaleroylglycine
Hydantoic acid,N-Methyl-N-(tetrahydro-2-furanylmethyl)-4-piperidinamine
Hydantoic acid,"N,N-Diethyl-2-aminoethanol"
Hydantoic acid,Neostigmine 
Hydantoic acid,Niclosamide
Hydantoic acid,Nonanal
Hydantoic acid,Nonanoic acid
Hydantoic acid,p-Toluic acid
Hydantoic acid,"Pentanedioic acid, 3-methyl-3-[(trimethylsilyl)oxy]-"
Hydantoic acid,"Pentenoic acid, 4-[(trimethylsilyl)oxy]-"
Hydantoic acid,Phenoxyacetic acid
Hydantoic acid,phenoxyethanol
Hydantoic acid,Phloroglucinol
Hydantoic acid,Picolinic acid
Hydantoic acid,Pimelic acid
Hydantoic acid,"Propanetriol, 2-methyl-"
Hydantoic acid,"Propanoic acid, 2-methyl-"
Hydantoic acid,"Propiophenone, 3',4'-dimethoxy-"
Hydantoic acid,Propylamine
Hydantoic acid,"Pyrimidine, 5-methyl-2,4-bis[(trimethylsilyl)oxy]-"
Hydantoic acid,Salsoline
Hydantoic acid,Ser-Leu
Hydantoic acid,"Spiro[cyclopenta[d]-1,3,2-dioxaborin-4(5H),1'-cyclopentane], 2-ethyl-6,7-dihydro-"
Hydantoic acid,Syringaldehyde
Hydantoic acid,Triethanolamine
Hydantoic acid,"Trimethylsilyl (5-benzyl-3,6-dioxopiperazin-2-yl)acetate"
Hydantoic acid,Trimethylsilyl oct-2-enoate 
Hydantoic acid,Uridine
Hydantoic acid,Xylazine
Hydracrylic acid,Hydroquinidine
Hydracrylic acid,Isopropyl palmitate
Hydracrylic acid,L-5-Oxoproline
Hydracrylic acid,L-Glutamine
Hydracrylic acid,L-Proline
Hydracrylic acid,Malic acid
Hydracrylic acid,Methyl aminoacetate
Hydracrylic acid,"N-(Trifluoroacetyl)-N,O,O'-tris(trimethylsilyl)normetanephrine"
Hydracrylic acid,Neostigmine 
Hydracrylic acid,Nonanal
Hydracrylic acid,Pentadecanoic acid
Hydracrylic acid,Phenylalanine
Hydracrylic acid,Picolinic acid
Hydracrylic acid,Pimelic acid
Hydracrylic acid,"Propanoic acid, 2-methyl-"
Hydracrylic acid,Propylamine
Hydracrylic acid,"Pyrimidine, 5-methyl-2,4-bis[(trimethylsilyl)oxy]-"
Hydracrylic acid,Suberic acid
Hydracrylic acid,Triethanolamine
Hydracrylic acid,Uridine
Hydracrylic acid,Xylazine
Hydroquinidine,L-5-Oxoproline
Hydroquinidine,Malic acid
Hydroquinidine,Methyl isovanillate
Hydroquinidine,Phenylalanine
Hydroquinidine,Pimelic acid
Hydroquinidine,"Pyrimidine, 5-methyl-2,4-bis[(trimethylsilyl)oxy]-"
Hydroquinidine,Pyroglutamic acid
Hydroquinidine,Suberic acid
Hydroquinidine,Uridine
Hydroquinone,Indole-5-carboxylic acid
Hydroquinone,"Inosose-2, 1,3,4,5,6-pentakis-"
Hydroquinone,Isopropyl palmitate
Hydroquinone,"Isoquinoline, 3,4-dihydro-6,7-dimethoxy-1-[4-hydroxybenzyl]-"
Hydroquinone,Itaconic acid
Hydroquinone,L-Ornithine
Hydroquinone,"N,N-Dimethyl-2-cyclohexyloxyethylamine"
Hydroquinone,Niacin
Hydroquinone,"Pentenoic acid, 4-[(trimethylsilyl)oxy]-"
Hydroquinone,Vanillylmandelic acid
Indole-3-carboxaldehyde,L-Lysine
Indole-3-carboxaldehyde,Latanoprost lactone diol
Indole-3-carboxaldehyde,Octan-2-yl palmitate
Indole-3-carboxaldehyde,Pimelic acid
Indole-3-carboxaldehyde,Propylamine
Indole-3-carboxaldehyde,Uridine
Indole-3-carboxaldehyde,Xylitol
Indole-3-lactic acid,Isofucosterol
Indole-3-lactic acid,Isopropyl palmitate
Indole-3-lactic acid,L-Tryptophan
Indole-3-lactic acid,"L-Tryptophan, N-acetyl-1"
Indole-3-lactic acid,Methyl aminoacetate
Indole-3-lactic acid,Methyl-3-methoxy-5-methyl benzoate
Indole-3-lactic acid,Methylmalonic monoamide
Indole-3-lactic acid,"N-(Trifluoroacetyl)-N,O,O'-tris(trimethylsilyl)normetanephrine"
Indole-3-lactic acid,N-Acetyltyrosine
Indole-3-lactic acid,"N,N-Diethyl-2-aminoethanol"
Indole-3-lactic acid,Naphthofluorescein
Indole-3-lactic acid,Neostigmine 
Indole-3-lactic acid,Niclosamide
Indole-3-lactic acid,Nonadecanoic acid
Indole-3-lactic acid,Nonanal
Indole-3-lactic acid,Palmitelaidic acid
Indole-3-lactic acid,"Pentanedioic acid, 3-methyl-3-[(trimethylsilyl)oxy]-"
Indole-3-lactic acid,"Propanetriol, 2-methyl-"
Indole-3-lactic acid,Propylamine
Indole-3-lactic acid,"Quinolin-4-one, 1-[2-(3,4-dimethoxyphenyl)ethyl]-octahydro-"
Indole-3-lactic acid,"Stigmast-5-ene, 3beta-"
Indole-3-lactic acid,"Tacrine, N-trimethylsilyl-"
Indole-3-lactic acid,"Thymine, 1,3-dimethyl-6-(trimethylsilyloxymethyl)-"
Indole-3-lactic acid,Tricine
Indole-3-lactic acid,Triethanolamine
Indole-3-lactic acid,"Trimethylsilyl (5-benzyl-3,6-dioxopiperazin-2-yl)acetate"
Indole-3-lactic acid,Xylose
Indole-5-carboxylic acid,Isofucosterol
Indole-5-carboxylic acid,Isopropyl palmitate
Indole-5-carboxylic acid,"Isoquinoline, 3,4-dihydro-6,7-dimethoxy-1-[4-hydroxybenzyl]-"
Indole-5-carboxylic acid,Isoxaben
Indole-5-carboxylic acid,Itaconic acid
Indole-5-carboxylic acid,Methyl aminoacetate
Indole-5-carboxylic acid,Methylmalonic monoamide
Indole-5-carboxylic acid,"N-(Trifluoroacetyl)-N,O,O'-tris(trimethylsilyl)normetanephrine"
Indole-5-carboxylic acid,N-alpha-Acetyl-L-Lysine
Indole-5-carboxylic acid,N-Methyl-N-(tetrahydro-2-furanylmethyl)-4-piperidinamine
Indole-5-carboxylic acid,"N,O-Bis(trimethylsilyl)carbamate"
Indole-5-carboxylic acid,Nonadecanoic acid
Indole-5-carboxylic acid,Nonanal
Indole-5-carboxylic acid,p-Hydroxydiisopropylbenzene
Indole-5-carboxylic acid,Pantolactone
Indole-5-carboxylic acid,"Pentanedioic acid, 3-methyl-3-[(trimethylsilyl)oxy]-"
Indole-5-carboxylic acid,"Pentenoic acid, 4-[(trimethylsilyl)oxy]-"
Indole-5-carboxylic acid,Phlorizin
Indole-5-carboxylic acid,Phloroglucinol
Indole-5-carboxylic acid,Picolinic acid
Indole-5-carboxylic acid,"Propanetriol, 2-methyl-"
Indole-5-carboxylic acid,"Propanoic acid, 2-methyl-"
Indole-5-carboxylic acid,Propylamine
Indole-5-carboxylic acid,Sinomenin
Indole-5-carboxylic acid,"Stigmast-5-ene, 3beta-"
Indole-5-carboxylic acid,Tartronic acid
Indole-5-carboxylic acid,Thymidine
Indole-5-carboxylic acid,Triethanolamine
Indole-5-carboxylic acid,"Trimethylsilyl (5-benzyl-3,6-dioxopiperazin-2-yl)acetate"
"Inosose-2, 1,3,4,5,6-pentakis-",L-Aspartic acid
"Inosose-2, 1,3,4,5,6-pentakis-",L-Glutamic acid
"Inosose-2, 1,3,4,5,6-pentakis-",l-Histidine ethyl ester
"Inosose-2, 1,3,4,5,6-pentakis-",L-Lysine
"Inosose-2, 1,3,4,5,6-pentakis-",L-Ornithine
"Inosose-2, 1,3,4,5,6-pentakis-",L-Valine
"Inosose-2, 1,3,4,5,6-pentakis-",N-Acetyl-L-glutamic acid
"Inosose-2, 1,3,4,5,6-pentakis-","N,9-bis(Trimethylsilyl)-6-[(trimethylsilyl)oxy]-9H-purin-2-amine"
"Inosose-2, 1,3,4,5,6-pentakis-","N,N-Dimethyl-2-cyclohexyloxyethylamine"
"Inosose-2, 1,3,4,5,6-pentakis-",Naphthofluorescein
"Inosose-2, 1,3,4,5,6-pentakis-",Niacinamide
"Inosose-2, 1,3,4,5,6-pentakis-","Pentenoic acid, 4-[(trimethylsilyl)oxy]-"
"Inosose-2, 1,3,4,5,6-pentakis-",Phlorizin
"Inosose-2, 1,3,4,5,6-pentakis-","Piperidine, 1-(1-methylpentyl)-"
"Inosose-2, 1,3,4,5,6-pentakis-",Stearic acid
"Inosose-2, 1,3,4,5,6-pentakis-",Suberic acid
"Inosose-2, 1,3,4,5,6-pentakis-",Supraene
"Inosose-2, 1,3,4,5,6-pentakis-","Thiazolo[4,5-f]quinoline, 2,9-dimethyl-"
"Inosose-2, 1,3,4,5,6-pentakis-",Trisaminol
"Inosose-2, 1,3,4,5,6-pentakis-",L-Tyrosine
Isofucosterol,Isopropyl palmitate
Isofucosterol,Itaconic acid
Isofucosterol,L-Aspartic acid
Isofucosterol,L-Glutamic acid
Isofucosterol,L-Threitol
Isofucosterol,Levulinic acid
Isofucosterol,Metanephrine
Isofucosterol,Methyl aminoacetate
Isofucosterol,Methyl-3-methoxy-5-methyl benzoate
Isofucosterol,Methylmalonic monoamide
Isofucosterol,N-Isovaleroylglycine
Isofucosterol,N-Methyl-N-(tetrahydro-2-furanylmethyl)-4-piperidinamine
Isofucosterol,"N,O-Bis(trimethylsilyl)carbamate"
Isofucosterol,Neostigmine 
Isofucosterol,Niclosamide
Isofucosterol,Nitrosothymol
Isofucosterol,Nonadecanoic acid
Isofucosterol,Nonanal
Isofucosterol,"Octane, 1-propoxy-"
Isofucosterol,"Oxalic acid, allyl octyl ester"
Isofucosterol,p-Hydroxydiisopropylbenzene
Isofucosterol,p-Toluic acid
Isofucosterol,Pantolactone
Isofucosterol,"Pentanedioic acid, 3-methyl-3-[(trimethylsilyl)oxy]-"
Isofucosterol,"Pentenoic acid, 4-[(trimethylsilyl)oxy]-"
Isofucosterol,Phenol
Isofucosterol,Phenoxyacetic acid
Isofucosterol,Phlorizin
Isofucosterol,Phloroglucinol
Isofucosterol,Picolinic acid
Isofucosterol,Pimelic acid
Isofucosterol,"Propanetriol, 2-methyl-"
Isofucosterol,"Propanoic acid, 2-methyl-"
Isofucosterol,Propylamine
Isofucosterol,Quazodine
Isofucosterol,Salsoline
Isofucosterol,Ser-Leu
Isofucosterol,"Stigmast-5-ene, 3beta-"
Isofucosterol,Supraene
Isofucosterol,Tartronic acid
Isofucosterol,Triethanolamine
Isofucosterol,L-Tyrosine
Isonicotinic Acid,Pentadecanoic acid
Isonicotinic Acid,"Pentanedioic acid, 2-[(trimethylsilyl)oxy]-"
Isonicotinic Acid,"Pyrazine, 3,6-dimethyl-2,5-bis(trimethylsilyloxy)-"
Isonicotinic Acid,"Thymine, 1,3-dimethyl-6-(trimethylsilyloxymethyl)-"
Isopropyl palmitate,Itaconic acid
Isopropyl palmitate,L-Hydroxyproline
Isopropyl palmitate,L-Threonine
Isopropyl palmitate,Levulinic acid
Isopropyl palmitate,Metanephrine
Isopropyl palmitate,Methyl aminoacetate
Isopropyl palmitate,Methylmalonic monoamide
Isopropyl palmitate,"N-(Trifluoroacetyl)-N,O,O'-tris(trimethylsilyl)normetanephrine"
Isopropyl palmitate,N-Isovaleroylglycine
Isopropyl palmitate,N-Methyl-N-(tetrahydro-2-furanylmethyl)-4-piperidinamine
Isopropyl palmitate,"N,O-Bis(trimethylsilyl)carbamate"
Isopropyl palmitate,Neostigmine 
Isopropyl palmitate,Niclosamide
Isopropyl palmitate,Nonadecanoic acid
Isopropyl palmitate,Nonanal
Isopropyl palmitate,"Octane, 1-propoxy-"
Isopropyl palmitate,p-Hydroxydiisopropylbenzene
Isopropyl palmitate,p-Toluic acid
Isopropyl palmitate,"Pentanedioic acid, 3-methyl-3-[(trimethylsilyl)oxy]-"
Isopropyl palmitate,"Pentenoic acid, 4-[(trimethylsilyl)oxy]-"
Isopropyl palmitate,Phenoxyacetic acid
Isopropyl palmitate,Phloroglucinol
Isopropyl palmitate,Pimelic acid
Isopropyl palmitate,"Propanetriol, 2-methyl-"
Isopropyl palmitate,"Propanoic acid, 2-methyl-"
Isopropyl palmitate,Propylamine
Isopropyl palmitate,S-Methyl-L-cysteine
Isopropyl palmitate,Salsoline
Isopropyl palmitate,Ser-Leu
Isopropyl palmitate,Sertraline carbamoyl glucuronide
Isopropyl palmitate,"Stigmast-5-ene, 3beta-"
Isopropyl palmitate,Supraene
Isopropyl palmitate,Tartronic acid
Isopropyl palmitate,"Thymine, 1,3-dimethyl-6-(trimethylsilyloxymethyl)-"
Isopropyl palmitate,Triethanolamine
Isopropyl palmitate,L-Tyrosine
Isopropyl palmitate,Xylazine
Isopropyl palmitate,Xylose
"Isoquinoline, 3,4-dihydro-6,7-dimethoxy-1-[4-hydroxybenzyl]-",Isoxaben
"Isoquinoline, 3,4-dihydro-6,7-dimethoxy-1-[4-hydroxybenzyl]-",L-Asparagine
"Isoquinoline, 3,4-dihydro-6,7-dimethoxy-1-[4-hydroxybenzyl]-",Octan-2-yl palmitate
"Isoquinoline, 3,4-dihydro-6,7-dimethoxy-1-[4-hydroxybenzyl]-","Pentenoic acid, 4-[(trimethylsilyl)oxy]-"
"Isoquinoline, 3,4-dihydro-6,7-dimethoxy-1-[4-hydroxybenzyl]-","Propiophenone, 3',4'-dimethoxy-"
Isoxaben,L-Asparagine
Isoxaben,L-Glutamic acid
Isoxaben,L-Threonine
Isoxaben,Methyl aminoacetate
Isoxaben,Methylmalonic monoamide
Isoxaben,N-Isovaleroylglycine
Isoxaben,N-Methyl-N-(tetrahydro-2-furanylmethyl)-4-piperidinamine
Isoxaben,Nonanal
Isoxaben,"Pentanedioic acid, 3-methyl-3-[(trimethylsilyl)oxy]-"
Isoxaben,Petroselinic acid
Isoxaben,"Propanetriol, 2-methyl-"
Isoxaben,Quazodine
Isoxaben,Triethanolamine
Isoxaben,"Trimethylsilyl (5-benzyl-3,6-dioxopiperazin-2-yl)acetate"
Itaconic acid,Metanephrine
Itaconic acid,Methyl aminoacetate
Itaconic acid,Methylmalonic monoamide
Itaconic acid,"N-(Trifluoroacetyl)-N,O,O'-tris(trimethylsilyl)normetanephrine"
Itaconic acid,Niacin
Itaconic acid,Niclosamide
Itaconic acid,Nonadecanoic acid
Itaconic acid,Nonanal
Itaconic acid,Pantolactone
Itaconic acid,"Pentanedioic acid, 3-methyl-3-[(trimethylsilyl)oxy]-"
Itaconic acid,"Pentenoic acid, 4-[(trimethylsilyl)oxy]-"
Itaconic acid,Picolinic acid
Itaconic acid,"Propanetriol, 2-methyl-"
Itaconic acid,"Propanoic acid, 2-methyl-"
Itaconic acid,Propylamine
Itaconic acid,Sinomenin
Itaconic acid,"Stigmast-5-ene, 3beta-"
Itaconic acid,Tartronic acid
Itaconic acid,Triethanolamine
Itaconic acid,L-Tyrosine
Ketamine ,Lactic Acid
Ketamine ,Norketamine
Ketamine ,Xylazine
L-5-Oxoproline,L-Glutamic acid
L-5-Oxoproline,L-Methionine
L-5-Oxoproline,Malic acid
L-5-Oxoproline,Neostigmine 
L-5-Oxoproline,Nitrosothymol
L-5-Oxoproline,"Oxalic acid, allyl octyl ester"
L-5-Oxoproline,Pantolactone
L-5-Oxoproline,Phenoxyacetic acid
L-5-Oxoproline,Phenylalanine
L-5-Oxoproline,Phlorizin
L-5-Oxoproline,Phloroglucinol
L-5-Oxoproline,Pimelic acid
L-5-Oxoproline,Pipecolic acid
L-5-Oxoproline,"Propanoic acid, 2-methyl-"
L-5-Oxoproline,"Propanoic acid, 2-oxo-"
L-5-Oxoproline,Propylamine
L-5-Oxoproline,"Pyrimidine, 5-methyl-2,4-bis[(trimethylsilyl)oxy]-"
L-5-Oxoproline,Pyroglutamic acid
L-5-Oxoproline,S-Methyl-L-cysteine
L-5-Oxoproline,Salsoline
L-5-Oxoproline,Suberic acid
L-5-Oxoproline,"Thiazolo[4,5-f]quinoline, 2,9-dimethyl-"
L-5-Oxoproline,Triethanolamine
L-5-Oxoproline,Trimethylsilyl oct-2-enoate 
L-Alanine,N-Acetyl-L-glutamic acid
L-Alanine,Trimethylsilyl 3-((trimethylsilyl)thio)propanoate
L-Asparagine,L-Glutamic acid
L-Asparagine,L-Glutamine
L-Asparagine,l-Histidine ethyl ester
L-Asparagine,L-Isoleucine
L-Asparagine,L-Lysine
L-Asparagine,L-Ornithine
L-Asparagine,L-Threitol
L-Asparagine,L-Valine
L-Asparagine,Methylmalonic monoamide
L-Asparagine,N-Valerylglycine
L-Asparagine,Octopamine
L-Asparagine,"Thymine, 1,3-dimethyl-6-(trimethylsilyloxymethyl)-"
L-Asparagine,Trimethylsilyl oct-2-enoate 
L-Aspartic acid,L-Glutamic acid
L-Aspartic acid,l-Histidine ethyl ester
L-Aspartic acid,"L-Lysine, ethyl ester "
L-Aspartic acid,L-Ornithine
L-Aspartic acid,Niclosamide
L-Aspartic acid,Nonadecanoic acid
L-Aspartic acid,Ornithine
L-Aspartic acid,Phlorizin
L-Aspartic acid,"Piperidine, 1-(1-methylpentyl)-"
L-Aspartic acid,"Pregn-16-en-20-one, 3,18-bis(acetyloxy)-14,15-epoxy-, (3beta,5alpha,14beta,15beta)-"
L-Aspartic acid,"Pyrazine, 3,6-dihydro-3,6-dimethyl-"
L-Aspartic acid,Supraene
L-Aspartic acid,Tricine
L-Aspartic acid,Urea
L-Cysteine,"Morpholine, 4-[2,3,4,6-tetrakis-O-(trimethylsilyl)-alpha-d-mannopyranosyl]-"
L-Cysteine,"Pentanedioic acid, 2-[(trimethylsilyl)oxy]-"
L-Cysteine,S-Methyl-L-cysteine
L-Glutamic acid,L-Ornithine
L-Glutamic acid,N-Methyl-N-(tetrahydro-2-furanylmethyl)-4-piperidinamine
L-Glutamic acid,N-Valerylglycine
L-Glutamic acid,"N,9-bis(Trimethylsilyl)-6-[(trimethylsilyl)oxy]-9H-purin-2-amine"
L-Glutamic acid,Nonadecanoic acid
L-Glutamic acid,Nonanal
L-Glutamic acid,Octopamine
L-Glutamic acid,Pantolactone
L-Glutamic acid,"Pentanedioic acid, 2-[(trimethylsilyl)oxy]-"
L-Glutamic acid,"Pentanedioic acid, 3-methyl-3-[(trimethylsilyl)oxy]-"
L-Glutamic acid,Phlorizin
L-Glutamic acid,Phloroglucinol
L-Glutamic acid,Phosalone
L-Glutamic acid,Picolinic acid
L-Glutamic acid,Pimelic acid
L-Glutamic acid,"Propanoic acid, 2-methyl-"
L-Glutamic acid,"Pyrimidine, 5-methyl-2,4-bis[(trimethylsilyl)oxy]-"
L-Glutamic acid,S-Methyl-L-cysteine
L-Glutamic acid,Salsoline
L-Glutamic acid,Tartronic acid
L-Glutamic acid,Triethanolamine
L-Glutamic acid,"Trimethylsilyl (5-benzyl-3,6-dioxopiperazin-2-yl)acetate"
L-Glutamic acid,Urea
L-Glutamic acid,Uridine
L-Glutamine,L-Tryptophan
L-Glutamine,Neostigmine 
L-Glutamine,Picolinic acid
L-Glutamine,Ser-Leu
l-Histidine ethyl ester,Ornithine
l-Histidine ethyl ester,Oxalic acid
l-Histidine ethyl ester,"Pentanedioic acid, 2-[(trimethylsilyl)oxy]-"
l-Histidine ethyl ester,"Thiazolo[4,5-f]quinoline, 2,9-dimethyl-"
L-Hydroxyproline,"L-Tryptophan, N-acetyl-1"
L-Hydroxyproline,Levulinic acid
L-Hydroxyproline,Metanephrine
L-Hydroxyproline,Methyl aminoacetate
L-Hydroxyproline,Neostigmine 
L-Hydroxyproline,Octopamine
L-Hydroxyproline,"Pentenoic acid, 4-[(trimethylsilyl)oxy]-"
L-Hydroxyproline,Sertraline carbamoyl glucuronide
L-Hydroxyproline,Suberic acid
L-Hydroxyproline,Supraene
L-Hydroxyproline,"Thymine, 1,3-dimethyl-6-(trimethylsilyloxymethyl)-"
L-Hydroxyproline,L-Tyrosine
L-Isoleucine,L-Valine
L-Isoleucine,Methyl isovanillate
L-Isoleucine,"Pentanedioic acid, 2-[(trimethylsilyl)oxy]-"
L-Isoleucine,Phlorizin
L-Isoleucine,"Piperidine, 1-(1-methylpentyl)-"
L-Isoleucine,Sinomenin
L-Isoleucine,Tricine
L-Isoleucine,Trisaminol
L-Leucine,Niacin
L-Leucine,Phthalazin-1-one
L-Lysine,L-Ornithine
L-Lysine,"N,N-Dimethyl-2-cyclohexyloxyethylamine"
L-Lysine,Stearic acid
L-Lysine,Tributyl acetylcitrate
L-Lysine,Trisaminol
"L-Lysine, ethyl ester ",Phenanthridin-6-ol 
"L-Lysine, ethyl ester ","Pyrazine, 3,6-dimethyl-2,5-bis(trimethylsilyloxy)-"
"L-Lysine, ethyl ester ",S-Methyl-L-cysteine
L-Methionine,N-Isovaleroylglycine
L-Methionine,Pipecolic acid
L-Methionine,Pyroglutamic acid
L-Norleucine,L-Tryptophan
L-Norleucine,"L-Tryptophan, N-acetyl-1"
L-Norleucine,Lactic Acid
L-Norleucine,Malic acid
L-Norleucine,"Methyl (3,4-dimethoxyphenyl)(hydroxy)acetate"
L-Norleucine,Methyl alpha-Lyxofuranoside
L-Norleucine,N-Acetyl-L-glutamic acid
L-Norleucine,N-Isovaleroylglycine
L-Norleucine,Palmitelaidic acid
L-Norleucine,Ribitol
L-Norleucine,Tartronic acid
L-Norleucine,Tris(trimethylsilyl)carbamate
L-Ornithine,L-Valine
L-Ornithine,"N,N-Dimethyl-2-cyclohexyloxyethylamine"
L-Ornithine,Niacin
L-Ornithine,Niacinamide
L-Ornithine,Oxalic acid
L-Ornithine,"Pentanedioic acid, 2-[(trimethylsilyl)oxy]-"
L-Ornithine,Picolinic acid
L-Ornithine,"Piperidine, 1-(1-methylpentyl)-"
L-Ornithine,Trisaminol
L-Proline,L-Tryptophan
L-Proline,Malic acid
L-Proline,"N-(Trifluoroacetyl)-N,O,O'-tris(trimethylsilyl)normetanephrine"
L-Proline,n-Butylamine
L-Proline,N-Isovaleroylglycine
L-Proline,Pimelic acid
L-Proline,"Pyrazine, 3,6-dihydro-3,6-dimethyl-"
L-Proline,Tartronic acid
L-Proline,Triethanolamine
L-Threitol,Metanephrine
L-Threitol,Methyl aminoacetate
L-Threitol,"N-(Trifluoroacetyl)-N,O,O'-tris(trimethylsilyl)normetanephrine"
L-Threitol,N-Isovaleroylglycine
L-Threitol,N-Methyl-N-(tetrahydro-2-furanylmethyl)-4-piperidinamine
L-Threitol,Nonanal
L-Threitol,Petroselinic acid
L-Threitol,Phenol
L-Threitol,Phenoxyacetic acid
L-Threitol,"Propanetriol, 2-methyl-"
L-Threitol,"Propanoic acid, 2-oxo-"
L-Threitol,Propylamine
L-Threitol,Quazodine
L-Threitol,S-Methyl-L-cysteine
L-Threitol,"Stigmast-5-ene, 3beta-"
L-Threitol,Tartronic acid
L-Threitol,Xylitol
L-Threonine,Luteolin 
L-Threonine,Malic acid
L-Threonine,Metanephrine
L-Threonine,Methylmalonic monoamide
L-Threonine,"N,9-bis(Trimethylsilyl)-6-[(trimethylsilyl)oxy]-9H-purin-2-amine"
L-Threonine,"N,N-Diethyl-2-aminoethanol"
L-Threonine,Octan-2-yl palmitate
L-Threonine,Pentanoic acid
L-Threonine,Phosalone
L-Threonine,"Pregn-16-en-20-one, 3,18-bis(acetyloxy)-14,15-epoxy-, (3beta,5alpha,14beta,15beta)-"
L-Threonine,Supraene
L-Threonine,L-Tyrosine
L-Threonine,Uridine
L-Threonine,Valylglycine
L-Tryptophan,"L-Tryptophan, N-acetyl-1"
L-Tryptophan,"N-(Trifluoroacetyl)-N,O,O'-tris(trimethylsilyl)normetanephrine"
L-Tryptophan,Naphthofluorescein
L-Tryptophan,Ornithine
L-Tryptophan,"Pentanedioic acid, 2,4-bis[(trimethylsilyl)oxy]"
L-Tryptophan,Propylamine
L-Tryptophan,"Tacrine, N-trimethylsilyl-"
L-Tryptophan,L-Tyrosine
L-Tryptophan,Xylose
"L-Tryptophan, N-acetyl-1",Naphthofluorescein
"L-Tryptophan, N-acetyl-1",Niclosamide
"L-Tryptophan, N-acetyl-1",Palmitelaidic acid
L-Valine,Malic acid
L-Valine,N-Acetyl-L-glutamic acid
L-Valine,Naphthofluorescein
L-Valine,Octopamine
L-Valine,Petroselinic acid
L-Valine,Phenylpropanolamine
L-Valine,Sinomenin
L-Valine,Tricine
L-Valine,Trimidox
L-Valine,Trisaminol
Lactic Acid,Methyl alpha-Lyxofuranoside
Lactic Acid,Mirin
Lactic Acid,Myristic acid
Lactic Acid,N-Valerylglycine
Lactic Acid,Trimidox
Lactic Acid,Tris(trimethylsilyl)carbamate
Lactic Acid,L-Tyrosine
Latanoprost lactone diol,"N-isobutyl-2-(trimethylsilyloxy]-4,5-dihydro-1H-imidazole-1-carboxamide"
Latanoprost lactone diol,"O-Methyl-N,N'-diisopropylisourea "
Latanoprost lactone diol,Ornithine
Latanoprost lactone diol,"Pentenoic acid, 4-[(trimethylsilyl)oxy]-"
Latanoprost lactone diol,Phenylpropanolamine
Levulinic acid,Methyl aminoacetate
Levulinic acid,Myristic acid
Levulinic acid,"N-(Trifluoroacetyl)-N,O,O'-tris(trimethylsilyl)normetanephrine"
Levulinic acid,N-Acetyltyrosine
Levulinic acid,N-Valerylglycine
Levulinic acid,Nitrosothymol
Levulinic acid,Nonadecanoic acid
Levulinic acid,Nonanal
Levulinic acid,Octanoic acid
Levulinic acid,Octocrylene
Levulinic acid,p-Hydroxydiisopropylbenzene
Levulinic acid,Pantolactone
Levulinic acid,Pentadecanoic acid
Levulinic acid,Pentanoic acid
Levulinic acid,Phenol
Levulinic acid,Phenoxyacetic acid
Levulinic acid,phenoxyethanol
Levulinic acid,Phlorizin
Levulinic acid,Phloroglucinol
Levulinic acid,Pimelic acid
Levulinic acid,"Propanetriol, 2-methyl-"
Levulinic acid,"Propanoic acid, 2-methyl-"
Levulinic acid,Propylamine
Levulinic acid,Salsoline
Levulinic acid,Supraene
Levulinic acid,Tartronic acid
Levulinic acid,Triethanolamine
Levulinic acid,Tris(trimethylsilyl)carbamate
Levulinic acid,L-Tyrosine
Luteolin ,n-Pentadecanol
Luteolin ,"O-Methyl-N,N'-diisopropylisourea "
Malic acid,N-Isovaleroylglycine
Malic acid,p-Toluic acid
Malic acid,Phenylalanine
Malic acid,Pyroglutamic acid
Malic acid,Serine
Malic acid,Triethanolamine
Malic acid,Uracil
Malic acid,Uridine
meso-Erythritol,N-Acetyl-L-glutamic acid
meso-Erythritol,"Pentanedioic acid, 2,4-bis[(trimethylsilyl)oxy]"
meso-Erythritol,"Propiophenone, 3',4'-dimethoxy-"
meso-Erythritol,Salsoline
Metanephrine,Nitrosothymol
Metanephrine,Nonanal
Metanephrine,"Octane, 1-propoxy-"
Metanephrine,"Oxalic acid, allyl octyl ester"
Metanephrine,"Pentenoic acid, 4-[(trimethylsilyl)oxy]-"
Metanephrine,Phenoxyacetic acid
Metanephrine,phenoxyethanol
Metanephrine,Pimelic acid
Metanephrine,Propylamine
Metanephrine,Triethanolamine
Metanephrine,Vanillylmandelic acid
"Methanone, [1-(4-chloropentyl)-1H-indol-3-yl](2,2,3,3-tetramethylcyclopropyl)-",Methyl aminoacetate
"Methanone, [1-(4-chloropentyl)-1H-indol-3-yl](2,2,3,3-tetramethylcyclopropyl)-","N-(Trifluoroacetyl)-N,O,O'-tris(trimethylsilyl)normetanephrine"
"Methanone, [1-(4-chloropentyl)-1H-indol-3-yl](2,2,3,3-tetramethylcyclopropyl)-",N-Acetyltyrosine
"Methanone, [1-(4-chloropentyl)-1H-indol-3-yl](2,2,3,3-tetramethylcyclopropyl)-",Nonanoic acid
"Methanone, [1-(4-chloropentyl)-1H-indol-3-yl](2,2,3,3-tetramethylcyclopropyl)-","Octane, 1-propoxy-"
"Methanone, [1-(4-chloropentyl)-1H-indol-3-yl](2,2,3,3-tetramethylcyclopropyl)-","Pyrimidine, 5-methyl-2,4-bis[(trimethylsilyl)oxy]-"
"Methanone, [1-(4-chloropentyl)-1H-indol-3-yl](2,2,3,3-tetramethylcyclopropyl)-","Thymine, 1,3-dimethyl-6-(trimethylsilyloxymethyl)-"
"Methyl (3,4-dimethoxyphenyl)(hydroxy)acetate",Methyl alpha-Lyxofuranoside
"Methyl (3,4-dimethoxyphenyl)(hydroxy)acetate",Ornithine
"Methyl (3,4-dimethoxyphenyl)(hydroxy)acetate",p-Toluic acid
"Methyl (3,4-dimethoxyphenyl)(hydroxy)acetate",phenoxyethanol
"Methyl (3,4-dimethoxyphenyl)(hydroxy)acetate","Propanoic acid, 2-methyl-"
"Methyl (3,4-dimethoxyphenyl)(hydroxy)acetate",Salsoline
Methyl alpha-Lyxofuranoside,N-Acetyltyrosine
Methyl alpha-Lyxofuranoside,Ribitol
Methyl alpha-Lyxofuranoside,Thymidine
Methyl aminoacetate,Methyl-3-methoxy-5-methyl benzoate
Methyl aminoacetate,Methylmalonic monoamide
Methyl aminoacetate,N-Acetyl-L-glutamic acid
Methyl aminoacetate,N-Isovaleroylglycine
Methyl aminoacetate,N-Methyl-N-(tetrahydro-2-furanylmethyl)-4-piperidinamine
Methyl aminoacetate,Neostigmine 
Methyl aminoacetate,Niclosamide
Methyl aminoacetate,Nonadecanoic acid
Methyl aminoacetate,Nonanal
Methyl aminoacetate,p-Hydroxydiisopropylbenzene
Methyl aminoacetate,p-Toluic acid
Methyl aminoacetate,"Pentanedioic acid, 3-methyl-3-[(trimethylsilyl)oxy]-"
Methyl aminoacetate,"Pentenoic acid, 4-[(trimethylsilyl)oxy]-"
Methyl aminoacetate,Phenoxyacetic acid
Methyl aminoacetate,Phloroglucinol
Methyl aminoacetate,Picolinic acid
Methyl aminoacetate,Pimelic acid
Methyl aminoacetate,"Propanetriol, 2-methyl-"
Methyl aminoacetate,"Propanoic acid, 2-methyl-"
Methyl aminoacetate,Propylamine
Methyl aminoacetate,Salsoline
Methyl aminoacetate,Ser-Leu
Methyl aminoacetate,Sinomenin
Methyl aminoacetate,"Stigmast-5-ene, 3beta-"
Methyl aminoacetate,Tartronic acid
Methyl aminoacetate,"Thymine, 1,3-dimethyl-6-(trimethylsilyloxymethyl)-"
Methyl aminoacetate,Triethanolamine
Methyl aminoacetate,"Trimethylsilyl (5-benzyl-3,6-dioxopiperazin-2-yl)acetate"
Methyl aminoacetate,L-Tyrosine
Methyl aminoacetate,Xylose
Methyl isovanillate,Palmitic Acid
Methyl isovanillate,Salsoline
Methyl isovanillate,"Thiazolo[4,5-f]quinoline, 2,9-dimethyl-"
Methyl isovanillate,Uridine
Methyl-3-methoxy-5-methyl benzoate,Methylmalonic monoamide
Methyl-3-methoxy-5-methyl benzoate,"N-(Trifluoroacetyl)-N,O,O'-tris(trimethylsilyl)normetanephrine"
Methyl-3-methoxy-5-methyl benzoate,N-Methyl-N-(tetrahydro-2-furanylmethyl)-4-piperidinamine
Methyl-3-methoxy-5-methyl benzoate,"N,N-Diethyl-2-aminoethanol"
Methyl-3-methoxy-5-methyl benzoate,Niclosamide
Methyl-3-methoxy-5-methyl benzoate,Nonadecanoic acid
Methyl-3-methoxy-5-methyl benzoate,Nonanal
Methyl-3-methoxy-5-methyl benzoate,"Pentanedioic acid, 3-methyl-3-[(trimethylsilyl)oxy]-"
Methyl-3-methoxy-5-methyl benzoate,Phloroglucinol
Methyl-3-methoxy-5-methyl benzoate,"Propanetriol, 2-methyl-"
Methyl-3-methoxy-5-methyl benzoate,Propylamine
Methyl-3-methoxy-5-methyl benzoate,S-Methyl-L-cysteine
Methyl-3-methoxy-5-methyl benzoate,Sertraline carbamoyl glucuronide
Methyl-3-methoxy-5-methyl benzoate,Sinomenin
Methyl-3-methoxy-5-methyl benzoate,Tartronic acid
Methyl-3-methoxy-5-methyl benzoate,"Thymine, 1,3-dimethyl-6-(trimethylsilyloxymethyl)-"
Methyl-3-methoxy-5-methyl benzoate,Triethanolamine
Methylmalonic monoamide,"N-(Trifluoroacetyl)-N,O,O'-tris(trimethylsilyl)normetanephrine"
Methylmalonic monoamide,Niclosamide
Methylmalonic monoamide,Nonadecanoic acid
Methylmalonic monoamide,"Pentanedioic acid, 2-[(trimethylsilyl)oxy]-"
Methylmalonic monoamide,"Pentanedioic acid, 3-methyl-3-[(trimethylsilyl)oxy]-"
Methylmalonic monoamide,Pentylone
Methylmalonic monoamide,Pimelic acid
Methylmalonic monoamide,"Propanetriol, 2-methyl-"
Methylmalonic monoamide,Propylamine
Methylmalonic monoamide,Tartronic acid
Methylmalonic monoamide,Thymidine
Methylmalonic monoamide,Tributyl acetylcitrate
Methylmalonic monoamide,Triethanolamine
Methylmalonic monoamide,Vanillylmandelic acid
Mirin,Sinomenin
Mirin,Tartronic acid
"Morpholine, 4-[2,3,4,6-tetrakis-O-(trimethylsilyl)-alpha-d-mannopyranosyl]-",Phenylalanine
Myristic acid,"N-(Trifluoroacetyl)-N,O,O'-tris(trimethylsilyl)normetanephrine"
Myristic acid,N-Acetyltyrosine
Myristic acid,n-Butylamine
Myristic acid,Nonanal
Myristic acid,Octanoic acid
Myristic acid,p-Hydroxydiisopropylbenzene
Myristic acid,Pantolactone
Myristic acid,Pentadecanoic acid
Myristic acid,Pentanoic acid
Myristic acid,Phenol
Myristic acid,Phlorizin
Myristic acid,Salsoline
Myristic acid,Sertraline carbamoyl glucuronide
Myristic acid,Stearic acid
Myristic acid,Supraene
Myristic acid,Tris(trimethylsilyl)carbamate
Myristic acid,L-Tyrosine
Myristic acid,Valylglycine
"N-(Trifluoroacetyl)-N,O,O'-tris(trimethylsilyl)normetanephrine",N-Methyl-N-(tetrahydro-2-furanylmethyl)-4-piperidinamine
"N-(Trifluoroacetyl)-N,O,O'-tris(trimethylsilyl)normetanephrine",Nonadecanoic acid
"N-(Trifluoroacetyl)-N,O,O'-tris(trimethylsilyl)normetanephrine",p-Hydroxydiisopropylbenzene
"N-(Trifluoroacetyl)-N,O,O'-tris(trimethylsilyl)normetanephrine",Pentadecanoic acid
"N-(Trifluoroacetyl)-N,O,O'-tris(trimethylsilyl)normetanephrine","Pentanedioic acid, 3-methyl-3-[(trimethylsilyl)oxy]-"
"N-(Trifluoroacetyl)-N,O,O'-tris(trimethylsilyl)normetanephrine",Phenylalanine
"N-(Trifluoroacetyl)-N,O,O'-tris(trimethylsilyl)normetanephrine",Phthalazin-1-one
"N-(Trifluoroacetyl)-N,O,O'-tris(trimethylsilyl)normetanephrine",Pimelic acid
"N-(Trifluoroacetyl)-N,O,O'-tris(trimethylsilyl)normetanephrine","Propanetriol, 2-methyl-"
"N-(Trifluoroacetyl)-N,O,O'-tris(trimethylsilyl)normetanephrine",Propylamine
"N-(Trifluoroacetyl)-N,O,O'-tris(trimethylsilyl)normetanephrine","Pyrimidine, 5-methyl-2,4-bis[(trimethylsilyl)oxy]-"
"N-(Trifluoroacetyl)-N,O,O'-tris(trimethylsilyl)normetanephrine",Sertraline carbamoyl glucuronide
"N-(Trifluoroacetyl)-N,O,O'-tris(trimethylsilyl)normetanephrine",Suberic acid
"N-(Trifluoroacetyl)-N,O,O'-tris(trimethylsilyl)normetanephrine","Tacrine, N-trimethylsilyl-"
"N-(Trifluoroacetyl)-N,O,O'-tris(trimethylsilyl)normetanephrine",Tartronic acid
"N-(Trifluoroacetyl)-N,O,O'-tris(trimethylsilyl)normetanephrine",Thymidine
"N-(Trifluoroacetyl)-N,O,O'-tris(trimethylsilyl)normetanephrine",Triethanolamine
"N-(Trifluoroacetyl)-N,O,O'-tris(trimethylsilyl)normetanephrine",Trimidox
"N-(Trifluoroacetyl)-N,O,O'-tris(trimethylsilyl)normetanephrine",Uridine
N-(Trimethylsilyl)hexanamide,n-Pentadecanol
N-(Trimethylsilyl)hexanamide,"N,O-Bis(trimethylsilyl)carbamate"
N-(Trimethylsilyl)hexanamide,Pyroglutamic acid
N-(Trimethylsilyl)hexanamide,Ribitol
N-(Trimethylsilyl)hexanamide,S-Methyl-L-cysteine
N-(Trimethylsilyl)hexanamide,Ser-Leu
N-(Trimethylsilyl)hexanamide,"Tacrine, N-trimethylsilyl-"
N-Acetyl-L-glutamic acid,Phlorizin
N-Acetyl-L-glutamic acid,"Piperidine, 1-(1-methylpentyl)-"
N-Acetyl-L-glutamic acid,Serine
N-Acetyl-L-glutamic acid,Trimethylsilyl 3-((trimethylsilyl)thio)propanoate
N-Acetyltyrosine,N-Isobutyrylglycine
N-Acetyltyrosine,N-Valerylglycine
N-Acetyltyrosine,"O-Methyl-N,N'-diisopropylisourea "
N-Acetyltyrosine,Octan-2-yl palmitate
N-Acetyltyrosine,Pentylone
N-Acetyltyrosine,Stearic acid
N-Acetyltyrosine,Trimidox
N-alpha-Acetyl-L-Lysine,"N,O-Bis(trimethylsilyl)carbamate"
N-alpha-Acetyl-L-Lysine,"Pentanedioic acid, 3-methyl-3-[(trimethylsilyl)oxy]-"
n-Butylamine,Octanoic acid
n-Butylamine,Oxalic acid
n-Butylamine,Phlorizin
n-Butylamine,Pipecolic acid
n-Butylamine,"Pyrazine, 3,6-dihydro-3,6-dimethyl-"
n-Butylamine,"Thiazolo[4,5-f]quinoline, 2,9-dimethyl-"
"N-isobutyl-2-(trimethylsilyloxy]-4,5-dihydro-1H-imidazole-1-carboxamide",Octopamine
"N-isobutyl-2-(trimethylsilyloxy]-4,5-dihydro-1H-imidazole-1-carboxamide",Ornithine
"N-isobutyl-2-(trimethylsilyloxy]-4,5-dihydro-1H-imidazole-1-carboxamide","Pyrazine, 3,6-dimethyl-2,5-bis(trimethylsilyloxy)-"
"N-isobutyl-2-(trimethylsilyloxy]-4,5-dihydro-1H-imidazole-1-carboxamide",Serine
"N-isobutyl-2-(trimethylsilyloxy]-4,5-dihydro-1H-imidazole-1-carboxamide",Succinic anhydride
"N-isobutyl-2-(trimethylsilyloxy]-4,5-dihydro-1H-imidazole-1-carboxamide","Tacrine, N-trimethylsilyl-"
"N-isobutyl-2-(trimethylsilyloxy]-4,5-dihydro-1H-imidazole-1-carboxamide","Thymine, 1,3-dimethyl-6-(trimethylsilyloxymethyl)-"
"N-isobutyl-2-(trimethylsilyloxy]-4,5-dihydro-1H-imidazole-1-carboxamide",Xylitol
N-Isobutyl-sec-butylamine,Octanoic acid
N-Isobutyl-sec-butylamine,"Pentanedioic acid, 2,4-bis[(trimethylsilyl)oxy]"
N-Isobutyl-sec-butylamine,phenoxyethanol
N-Isobutyl-sec-butylamine,Pimelic acid
N-Isobutyl-sec-butylamine,Supraene
N-Isobutyrylglycine,Pentylone
N-Isobutyrylglycine,Quazodine
N-Isovaleroylglycine,Neostigmine 
N-Isovaleroylglycine,Nonadecanoic acid
N-Isovaleroylglycine,Nonanal
N-Isovaleroylglycine,"Pentanedioic acid, 3-methyl-3-[(trimethylsilyl)oxy]-"
N-Isovaleroylglycine,Pimelic acid
N-Isovaleroylglycine,"Propanoic acid, 2-methyl-"
N-Isovaleroylglycine,"Stigmast-5-ene, 3beta-"
N-Isovaleroylglycine,Tartronic acid
N-Isovaleroylglycine,Triethanolamine
N-Methyl-N-(tetrahydro-2-furanylmethyl)-4-piperidinamine,"N,N-Diethyl-2-aminoethanol"
N-Methyl-N-(tetrahydro-2-furanylmethyl)-4-piperidinamine,Niclosamide
N-Methyl-N-(tetrahydro-2-furanylmethyl)-4-piperidinamine,Nonadecanoic acid
N-Methyl-N-(tetrahydro-2-furanylmethyl)-4-piperidinamine,Nonanal
N-Methyl-N-(tetrahydro-2-furanylmethyl)-4-piperidinamine,"Octane, 1-propoxy-"
N-Methyl-N-(tetrahydro-2-furanylmethyl)-4-piperidinamine,p-Toluic acid
N-Methyl-N-(tetrahydro-2-furanylmethyl)-4-piperidinamine,"Pentanedioic acid, 3-methyl-3-[(trimethylsilyl)oxy]-"
N-Methyl-N-(tetrahydro-2-furanylmethyl)-4-piperidinamine,Phenoxyacetic acid
N-Methyl-N-(tetrahydro-2-furanylmethyl)-4-piperidinamine,Pimelic acid
N-Methyl-N-(tetrahydro-2-furanylmethyl)-4-piperidinamine,"Propanetriol, 2-methyl-"
N-Methyl-N-(tetrahydro-2-furanylmethyl)-4-piperidinamine,"Propanoic acid, 2-methyl-"
N-Methyl-N-(tetrahydro-2-furanylmethyl)-4-piperidinamine,Propylamine
N-Methyl-N-(tetrahydro-2-furanylmethyl)-4-piperidinamine,S-Methyl-L-cysteine
N-Methyl-N-(tetrahydro-2-furanylmethyl)-4-piperidinamine,Salsoline
N-Methyl-N-(tetrahydro-2-furanylmethyl)-4-piperidinamine,Ser-Leu
N-Methyl-N-(tetrahydro-2-furanylmethyl)-4-piperidinamine,Sertraline carbamoyl glucuronide
N-Methyl-N-(tetrahydro-2-furanylmethyl)-4-piperidinamine,"Stigmast-5-ene, 3beta-"
N-Methyl-N-(tetrahydro-2-furanylmethyl)-4-piperidinamine,Tartronic acid
N-Methyl-N-(tetrahydro-2-furanylmethyl)-4-piperidinamine,Triethanolamine
N-Methyl-N-(tetrahydro-2-furanylmethyl)-4-piperidinamine,Tris(trimethylsilyl)carbamate
n-Pentadecanol,Pipecolic acid
n-Pentadecanol,"Propiophenone, 3',4'-dimethoxy-"
N-Valerylglycine,Pentadecanoic acid
N-Valerylglycine,"Pyrazine, 3,6-dihydro-3,6-dimethyl-"
"N,9-bis(Trimethylsilyl)-6-[(trimethylsilyl)oxy]-9H-purin-2-amine",Octopamine
"N,9-bis(Trimethylsilyl)-6-[(trimethylsilyl)oxy]-9H-purin-2-amine",Ornithine
"N,9-bis(Trimethylsilyl)-6-[(trimethylsilyl)oxy]-9H-purin-2-amine",Pentanoic acid
"N,9-bis(Trimethylsilyl)-6-[(trimethylsilyl)oxy]-9H-purin-2-amine",Phosalone
"N,9-bis(Trimethylsilyl)-6-[(trimethylsilyl)oxy]-9H-purin-2-amine",Sertraline carbamoyl glucuronide
"N,N-Diethyl-2-aminoethanol","Octane, 1-propoxy-"
"N,N-Diethyl-2-aminoethanol","Pentanedioic acid, 3-methyl-3-[(trimethylsilyl)oxy]-"
"N,N-Diethyl-2-aminoethanol",Pentanoic acid
"N,N-Diethyl-2-aminoethanol",Phenoxyacetic acid
"N,N-Diethyl-2-aminoethanol",S-Methyl-L-cysteine
"N,N-Diethyl-2-aminoethanol","Spiro[cyclopenta[d]-1,3,2-dioxaborin-4(5H),1'-cyclopentane], 2-ethyl-6,7-dihydro-"
"N,N-Diethyl-2-aminoethanol",Supraene
"N,N-Diethyl-2-aminoethanol",Tris(trimethylsilyl)carbamate
"N,N-Dimethyl-2-cyclohexyloxyethylamine",Octanoic acid
"N,N-Dimethyl-2-cyclohexyloxyethylamine",Pentadecanoic acid
"N,O-Bis(trimethylsilyl)carbamate",Niclosamide
"N,O-Bis(trimethylsilyl)carbamate",Nonadecanoic acid
"N,O-Bis(trimethylsilyl)carbamate",Nonanal
"N,O-Bis(trimethylsilyl)carbamate",p-Toluic acid
"N,O-Bis(trimethylsilyl)carbamate",Pantolactone
"N,O-Bis(trimethylsilyl)carbamate","Pentanedioic acid, 2-[(trimethylsilyl)oxy]-"
"N,O-Bis(trimethylsilyl)carbamate",Phenol
"N,O-Bis(trimethylsilyl)carbamate",Phenoxyacetic acid
"N,O-Bis(trimethylsilyl)carbamate","Propanetriol, 2-methyl-"
"N,O-Bis(trimethylsilyl)carbamate","Stigmast-5-ene, 3beta-"
"N,O-Bis(trimethylsilyl)carbamate",Supraene
"N,O-Bis(trimethylsilyl)carbamate",Tartronic acid
"N,O-Bis(trimethylsilyl)carbamate",Thymidine
"N,O-Bis(trimethylsilyl)carbamate",Vanillylmandelic acid
Naphthofluorescein,Niacinamide
Naphthofluorescein,Pantolactone
Naphthofluorescein,Pentanoic acid
Naphthofluorescein,Phenol
Naphthofluorescein,phenoxyethanol
Naphthofluorescein,"Pyrimidine, 5-methyl-2,4-bis[(trimethylsilyl)oxy]-"
Naphthofluorescein,"Quinolin-4-one, 1-[2-(3,4-dimethoxyphenyl)ethyl]-octahydro-"
Naphthofluorescein,"Stigmast-5-ene, 3beta-"
Naphthofluorescein,Tributyl acetylcitrate
Naphthofluorescein,Trimethylsilyl oct-2-enoate 
Neostigmine ,Niclosamide
Neostigmine ,Nonadecanoic acid
Neostigmine ,Nonanal
Neostigmine ,p-Toluic acid
Neostigmine ,Pantolactone
Neostigmine ,"Pentanedioic acid, 3-methyl-3-[(trimethylsilyl)oxy]-"
Neostigmine ,Phloroglucinol
Neostigmine ,Picolinic acid
Neostigmine ,Pimelic acid
Neostigmine ,"Propanetriol, 2-methyl-"
Neostigmine ,"Propanoic acid, 2-methyl-"
Neostigmine ,Propylamine
Neostigmine ,"Pyrazine, 3,6-dihydro-3,6-dimethyl-"
Neostigmine ,"Pyrimidine, 5-methyl-2,4-bis[(trimethylsilyl)oxy]-"
Neostigmine ,S-Methyl-L-cysteine
Neostigmine ,Salsoline
Neostigmine ,Ser-Leu
Neostigmine ,"Stigmast-5-ene, 3beta-"
Neostigmine ,Suberic acid
Neostigmine ,Supraene
Neostigmine ,Tartronic acid
Neostigmine ,Triethanolamine
Neostigmine ,L-Tyrosine
Niacin,Niacinamide
Niacin,Oxalic acid
Niacin,Picolinic acid
Niacinamide,"Pentanedioic acid, 2-[(trimethylsilyl)oxy]-"
Niacinamide,"Pentanedioic acid, 2,4-bis[(trimethylsilyl)oxy]"
Niacinamide,"Piperidine, 1-(1-methylpentyl)-"
Niacinamide,"Quinolin-4-one, 1-[2-(3,4-dimethoxyphenyl)ethyl]-octahydro-"
Niacinamide,Trisaminol
Niclosamide,Nonadecanoic acid
Niclosamide,Nonanal
Niclosamide,"Octane, 1-propoxy-"
Niclosamide,Palmitelaidic acid
Niclosamide,Pantolactone
Niclosamide,Pentadecanoic acid
Niclosamide,"Pentanedioic acid, 2-[(trimethylsilyl)oxy]-"
Niclosamide,"Pentanedioic acid, 3-methyl-3-[(trimethylsilyl)oxy]-"
Niclosamide,Phenoxyacetic acid
Niclosamide,Phlorizin
Niclosamide,Phloroglucinol
Niclosamide,Picolinic acid
Niclosamide,Pimelic acid
Niclosamide,"Propanetriol, 2-methyl-"
Niclosamide,"Propanoic acid, 2-methyl-"
Niclosamide,Propylamine
Niclosamide,Salsoline
Niclosamide,"Stigmast-5-ene, 3beta-"
Niclosamide,Supraene
Niclosamide,Tartronic acid
Niclosamide,Triethanolamine
Niclosamide,Trimethylsilyl 3-((trimethylsilyl)thio)propanoate
Niclosamide,L-Tyrosine
Nitrosothymol,Nonanal
Nitrosothymol,"Pentanedioic acid, 3-methyl-3-[(trimethylsilyl)oxy]-"
Nitrosothymol,"Propanetriol, 2-methyl-"
Nitrosothymol,"Stigmast-5-ene, 3beta-"
Nitrosothymol,Valylglycine
Nitrosothymol,Vanillylmandelic acid
Nonadecanoic acid,Nonanal
Nonadecanoic acid,"Octane, 1-propoxy-"
Nonadecanoic acid,Octanoic acid
Nonadecanoic acid,p-Hydroxydiisopropylbenzene
Nonadecanoic acid,p-Toluic acid
Nonadecanoic acid,Pantolactone
Nonadecanoic acid,Pentadecanoic acid
Nonadecanoic acid,"Pentanedioic acid, 3-methyl-3-[(trimethylsilyl)oxy]-"
Nonadecanoic acid,Phenol
Nonadecanoic acid,Phenoxyacetic acid
Nonadecanoic acid,Phlorizin
Nonadecanoic acid,Phloroglucinol
Nonadecanoic acid,Picolinic acid
Nonadecanoic acid,Pimelic acid
Nonadecanoic acid,"Propanetriol, 2-methyl-"
Nonadecanoic acid,"Propanoic acid, 2-methyl-"
Nonadecanoic acid,Propylamine
Nonadecanoic acid,Salsoline
Nonadecanoic acid,Stearic acid
Nonadecanoic acid,"Stigmast-5-ene, 3beta-"
Nonadecanoic acid,Supraene
Nonadecanoic acid,Tartronic acid
Nonadecanoic acid,"Thymine, 1,3-dimethyl-6-(trimethylsilyloxymethyl)-"
Nonadecanoic acid,Triethanolamine
Nonadecanoic acid,L-Tyrosine
Nonanal,"Octane, 1-propoxy-"
Nonanal,Octanoic acid
Nonanal,p-Hydroxydiisopropylbenzene
Nonanal,p-Toluic acid
Nonanal,Pantolactone
Nonanal,"Pentanedioic acid, 3-methyl-3-[(trimethylsilyl)oxy]-"
Nonanal,Pentanoic acid
Nonanal,"Pentenoic acid, 4-[(trimethylsilyl)oxy]-"
Nonanal,Phenol
Nonanal,Phenoxyacetic acid
Nonanal,phenoxyethanol
Nonanal,Phloroglucinol
Nonanal,Picolinic acid
Nonanal,Pimelic acid
Nonanal,"Piperidine, 1-(1-methylpentyl)-"
Nonanal,"Propanetriol, 2-methyl-"
Nonanal,"Propanoic acid, 2-methyl-"
Nonanal,Propylamine
Nonanal,"Pyrimidine, 5-methyl-2,4-bis[(trimethylsilyl)oxy]-"
Nonanal,Pyrrole-2-carboxylic acid
Nonanal,Salsoline
Nonanal,Ser-Leu
Nonanal,Sinomenin
Nonanal,"Stigmast-5-ene, 3beta-"
Nonanal,Supraene
Nonanal,Tartronic acid
Nonanal,"Thymine, 1,3-dimethyl-6-(trimethylsilyloxymethyl)-"
Nonanal,Triethanolamine
Nonanal,L-Tyrosine
Nonanoic acid,Norketamine
Nonanoic acid,p-Toluic acid
Nonanoic acid,Phenylalanine
Nonanoic acid,Phlorizin
Nonanoic acid,S-Methyl-L-cysteine
Norketamine,"Pentanedioic acid, 2-[(trimethylsilyl)oxy]-"
Norketamine,phenoxyethanol
Norketamine,Phlorizin
Norketamine,Pyrrole-2-carboxylic acid
Norketamine,Syringaldehyde
Norketamine,Tricine
"O-Methyl-N,N'-diisopropylisourea ",Sertraline carbamoyl glucuronide
"O-Methyl-N,N'-diisopropylisourea ","Tacrine, N-trimethylsilyl-"
"O-Methyl-N,N'-diisopropylisourea ",Tetradecanenitrile
Octan-2-yl palmitate,Octopamine
Octan-2-yl palmitate,Thymidine
"Octane, 1-propoxy-",Palmitic Acid
"Octane, 1-propoxy-","Pentanedioic acid, 3-methyl-3-[(trimethylsilyl)oxy]-"
"Octane, 1-propoxy-",Phenoxyacetic acid
"Octane, 1-propoxy-",Phlorizin
"Octane, 1-propoxy-",Phloroglucinol
"Octane, 1-propoxy-","Propanetriol, 2-methyl-"
"Octane, 1-propoxy-",Propylamine
"Octane, 1-propoxy-",Quazodine
"Octane, 1-propoxy-","Quinolin-4-one, 1-[2-(3,4-dimethoxyphenyl)ethyl]-octahydro-"
"Octane, 1-propoxy-",S-Methyl-L-cysteine
"Octane, 1-propoxy-",Salsoline
"Octane, 1-propoxy-",Triethanolamine
Octanoic acid,p-Hydroxydiisopropylbenzene
Octanoic acid,Pentadecanoic acid
Octanoic acid,Phenol
Octanoic acid,phenoxyethanol
Octanoic acid,Picolinic acid
Octanoic acid,"Propanetriol, 2-methyl-"
Octanoic acid,"Pyrazine, 3,6-dihydro-3,6-dimethyl-"
Octanoic acid,Sertraline carbamoyl glucuronide
Octanoic acid,Supraene
Octanoic acid,Tris(trimethylsilyl)carbamate
Octocrylene,Pimelic acid
Octocrylene,Serine
Octocrylene,Trimethylsilyl 3-((trimethylsilyl)thio)propanoate
Octopamine,Pantolactone
Octopamine,Phloroglucinol
Octopamine,"Pyrimidine, 5-methyl-2,4-bis[(trimethylsilyl)oxy]-"
Octopamine,Pyroglutamic acid
Ornithine,Phenylalanine
Ornithine,Phenylpropanolamine
Ornithine,"Pregn-16-en-20-one, 3,18-bis(acetyloxy)-14,15-epoxy-, (3beta,5alpha,14beta,15beta)-"
Ornithine,"Stigmast-5-ene, 3beta-"
Oxalic acid,"Pentanedioic acid, 2-[(trimethylsilyl)oxy]-"
Oxalic acid,Phlorizin
Oxalic acid,"Pyrazine, 3,6-dihydro-3,6-dimethyl-"
Oxalic acid,Stearic acid
"Oxalic acid, allyl octyl ester",Palmitelaidic acid
"Oxalic acid, allyl octyl ester",Phenol
"Oxalic acid, allyl octyl ester",Pimelic acid
"Oxalic acid, allyl octyl ester",Salsoline
"Oxalic acid, allyl octyl ester","Spiro[cyclopenta[d]-1,3,2-dioxaborin-4(5H),1'-cyclopentane], 2-ethyl-6,7-dihydro-"
"Oxalic acid, allyl octyl ester",Tetradecanenitrile
p-Hydroxydiisopropylbenzene,Pentadecanoic acid
p-Hydroxydiisopropylbenzene,Phenylalanine
p-Hydroxydiisopropylbenzene,Phloroglucinol
p-Hydroxydiisopropylbenzene,Picolinic acid
p-Hydroxydiisopropylbenzene,"Propanetriol, 2-methyl-"
p-Hydroxydiisopropylbenzene,"Propanoic acid, 2-methyl-"
p-Hydroxydiisopropylbenzene,"Propanoic acid, 2-oxo-"
p-Hydroxydiisopropylbenzene,Propylamine
p-Hydroxydiisopropylbenzene,Ribitol
p-Hydroxydiisopropylbenzene,Ser-Leu
p-Hydroxydiisopropylbenzene,Sertraline carbamoyl glucuronide
p-Hydroxydiisopropylbenzene,Stearic acid
p-Hydroxydiisopropylbenzene,"Stigmast-5-ene, 3beta-"
p-Hydroxydiisopropylbenzene,Supraene
p-Hydroxydiisopropylbenzene,Tartronic acid
p-Hydroxydiisopropylbenzene,Triethanolamine
p-Hydroxydiisopropylbenzene,Tris(trimethylsilyl)carbamate
p-Hydroxydiisopropylbenzene,L-Tyrosine
p-Hydroxydiisopropylbenzene,Xylose
p-Toluic acid,"Pentanedioic acid, 3-methyl-3-[(trimethylsilyl)oxy]-"
p-Toluic acid,Pimelic acid
p-Toluic acid,"Propanetriol, 2-methyl-"
p-Toluic acid,Propylamine
p-Toluic acid,Ribitol
p-Toluic acid,Salsoline
p-Toluic acid,Stearic acid
p-Toluic acid,"Stigmast-5-ene, 3beta-"
p-Toluic acid,Supraene
p-Toluic acid,"Talonic acid, gamma-lactone"
p-Toluic acid,Tartronic acid
p-Toluic acid,Triethanolamine
p-Toluic acid,L-Tyrosine
Palmitelaidic acid,"Pentanedioic acid, 2,4-bis[(trimethylsilyl)oxy]"
Palmitelaidic acid,Tricine
Palmitic Acid,Petroselinic acid
Palmitic Acid,"Propiophenone, 3',4'-dimethoxy-"
Pantolactone,"Pentanedioic acid, 2,4-bis[(trimethylsilyl)oxy]"
Pantolactone,Pentanoic acid
Pantolactone,Phenol
Pantolactone,Phenoxyacetic acid
Pantolactone,phenoxyethanol
Pantolactone,Phlorizin
Pantolactone,Phloroglucinol
Pantolactone,Picolinic acid
Pantolactone,"Propanetriol, 2-methyl-"
Pantolactone,"Propanoic acid, 2-methyl-"
Pantolactone,"Propanoic acid, 2-oxo-"
Pantolactone,"Pyrimidine, 5-methyl-2,4-bis[(trimethylsilyl)oxy]-"
Pantolactone,Salsoline
Pantolactone,"Stigmast-5-ene, 3beta-"
Pantolactone,Supraene
Pantolactone,Tartronic acid
Pantolactone,"Thymine, 1,3-dimethyl-6-(trimethylsilyloxymethyl)-"
Pantolactone,Tris(trimethylsilyl)carbamate
Pentadecanoic acid,"Pentanedioic acid, 2,4-bis[(trimethylsilyl)oxy]"
Pentadecanoic acid,Phlorizin
Pentadecanoic acid,Picolinic acid
Pentadecanoic acid,Pimelic acid
Pentadecanoic acid,"Propanetriol, 2-methyl-"
Pentadecanoic acid,"Pyrazine, 3,6-dihydro-3,6-dimethyl-"
Pentadecanoic acid,Sinomenin
Pentadecanoic acid,Stearic acid
Pentadecanoic acid,Suberic acid
Pentadecanoic acid,Supraene
Pentadecanoic acid,Trimidox
Pentadecanoic acid,L-Tyrosine
"Pentanedioic acid, 2-[(trimethylsilyl)oxy]-",Ribitol
"Pentanedioic acid, 2-[(trimethylsilyl)oxy]-","Spiro[cyclopenta[d]-1,3,2-dioxaborin-4(5H),1'-cyclopentane], 2-ethyl-6,7-dihydro-"
"Pentanedioic acid, 2-[(trimethylsilyl)oxy]-",Suberic acid
"Pentanedioic acid, 2-[(trimethylsilyl)oxy]-",Trisaminol
"Pentanedioic acid, 2,4-bis[(trimethylsilyl)oxy]",Phenol
"Pentanedioic acid, 2,4-bis[(trimethylsilyl)oxy]",phenoxyethanol
"Pentanedioic acid, 2,4-bis[(trimethylsilyl)oxy]",Phloroglucinol
"Pentanedioic acid, 2,4-bis[(trimethylsilyl)oxy]","Pregn-16-en-20-one, 3,18-bis(acetyloxy)-14,15-epoxy-, (3beta,5alpha,14beta,15beta)-"
"Pentanedioic acid, 2,4-bis[(trimethylsilyl)oxy]","Pyrimidine, 5-methyl-2,4-bis[(trimethylsilyl)oxy]-"
"Pentanedioic acid, 2,4-bis[(trimethylsilyl)oxy]","Quinolin-4-one, 1-[2-(3,4-dimethoxyphenyl)ethyl]-octahydro-"
"Pentanedioic acid, 2,4-bis[(trimethylsilyl)oxy]",Trimethylsilyl 3-((trimethylsilyl)thio)propanoate
"Pentanedioic acid, 2,4-bis[(trimethylsilyl)oxy]",Trimidox
"Pentanedioic acid, 2,4-bis[(trimethylsilyl)oxy]",Xylitol
"Pentanedioic acid, 3-methyl-3-[(trimethylsilyl)oxy]-","Pentenoic acid, 4-[(trimethylsilyl)oxy]-"
"Pentanedioic acid, 3-methyl-3-[(trimethylsilyl)oxy]-",Phenoxyacetic acid
"Pentanedioic acid, 3-methyl-3-[(trimethylsilyl)oxy]-",Phloroglucinol
"Pentanedioic acid, 3-methyl-3-[(trimethylsilyl)oxy]-",Pimelic acid
"Pentanedioic acid, 3-methyl-3-[(trimethylsilyl)oxy]-","Piperidine, 1-(1-methylpentyl)-"
"Pentanedioic acid, 3-methyl-3-[(trimethylsilyl)oxy]-","Propanetriol, 2-methyl-"
"Pentanedioic acid, 3-methyl-3-[(trimethylsilyl)oxy]-","Propanoic acid, 2-methyl-"
"Pentanedioic acid, 3-methyl-3-[(trimethylsilyl)oxy]-",Propylamine
"Pentanedioic acid, 3-methyl-3-[(trimethylsilyl)oxy]-",Ribitol
"Pentanedioic acid, 3-methyl-3-[(trimethylsilyl)oxy]-",S-Methyl-L-cysteine
"Pentanedioic acid, 3-methyl-3-[(trimethylsilyl)oxy]-",Salsoline
"Pentanedioic acid, 3-methyl-3-[(trimethylsilyl)oxy]-",Ser-Leu
"Pentanedioic acid, 3-methyl-3-[(trimethylsilyl)oxy]-","Stigmast-5-ene, 3beta-"
"Pentanedioic acid, 3-methyl-3-[(trimethylsilyl)oxy]-",Tartronic acid
"Pentanedioic acid, 3-methyl-3-[(trimethylsilyl)oxy]-","Thymine, 1,3-dimethyl-6-(trimethylsilyloxymethyl)-"
"Pentanedioic acid, 3-methyl-3-[(trimethylsilyl)oxy]-",Triethanolamine
"Pentanedioic acid, 3-methyl-3-[(trimethylsilyl)oxy]-",L-Tyrosine
Pentanoic acid,Phenol
Pentanoic acid,Phenoxyacetic acid
Pentanoic acid,"Pregn-16-en-20-one, 3,18-bis(acetyloxy)-14,15-epoxy-, (3beta,5alpha,14beta,15beta)-"
Pentanoic acid,"Pyrimidine, 5-methyl-2,4-bis[(trimethylsilyl)oxy]-"
Pentanoic acid,S-Methyl-L-cysteine
Pentanoic acid,Salsoline
Pentanoic acid,Sertraline carbamoyl glucuronide
Pentanoic acid,Tris(trimethylsilyl)carbamate
"Pentenoic acid, 4-[(trimethylsilyl)oxy]-",Phlorizin
"Pentenoic acid, 4-[(trimethylsilyl)oxy]-",Phloroglucinol
"Pentenoic acid, 4-[(trimethylsilyl)oxy]-",Picolinic acid
"Pentenoic acid, 4-[(trimethylsilyl)oxy]-",Pimelic acid
"Pentenoic acid, 4-[(trimethylsilyl)oxy]-","Propanetriol, 2-methyl-"
"Pentenoic acid, 4-[(trimethylsilyl)oxy]-",Propylamine
"Pentenoic acid, 4-[(trimethylsilyl)oxy]-","Pyrimidine, 5-methyl-2,4-bis[(trimethylsilyl)oxy]-"
"Pentenoic acid, 4-[(trimethylsilyl)oxy]-",Sinomenin
"Pentenoic acid, 4-[(trimethylsilyl)oxy]-",Tartronic acid
"Pentenoic acid, 4-[(trimethylsilyl)oxy]-",Tricine
"Pentenoic acid, 4-[(trimethylsilyl)oxy]-",Triethanolamine
Pentylone,"Pyrimidine, 5-methyl-2,4-bis[(trimethylsilyl)oxy]-"
Pentylone,Stearic acid
Pentylone,L-Tyrosine
Petroselinic acid,"Phenol, 3,5-bis(1,1-dimethylethyl)-"
Petroselinic acid,S-Methyl-L-cysteine
Petroselinic acid,Valylglycine
Phenanthridin-6-ol ,Ribitol
Phenol,Phenoxyacetic acid
Phenol,phenoxyethanol
Phenol,Phlorizin
Phenol,"Propanetriol, 2-methyl-"
Phenol,Sertraline carbamoyl glucuronide
Phenol,"Spiro[cyclopenta[d]-1,3,2-dioxaborin-4(5H),1'-cyclopentane], 2-ethyl-6,7-dihydro-"
Phenol,"Stigmast-5-ene, 3beta-"
Phenol,Supraene
Phenol,Triethanolamine
Phenol,Tris(trimethylsilyl)carbamate
Phenol,Valylglycine
Phenoxyacetic acid,phenoxyethanol
Phenoxyacetic acid,Phlorizin
Phenoxyacetic acid,Pimelic acid
Phenoxyacetic acid,"Propanetriol, 2-methyl-"
Phenoxyacetic acid,"Propanoic acid, 2-methyl-"
Phenoxyacetic acid,"Pyrazine, 3,6-dihydro-3,6-dimethyl-"
Phenoxyacetic acid,S-Methyl-L-cysteine
Phenoxyacetic acid,Salsoline
Phenoxyacetic acid,"Stigmast-5-ene, 3beta-"
Phenoxyacetic acid,Supraene
Phenoxyacetic acid,Tartronic acid
Phenoxyacetic acid,Triethanolamine
Phenoxyacetic acid,Trimethylsilyl oct-2-enoate 
Phenoxyacetic acid,Tris(trimethylsilyl)carbamate
Phenoxyacetic acid,Valylglycine
phenoxyethanol,Phlorizin
phenoxyethanol,Phloroglucinol
phenoxyethanol,Picolinic acid
phenoxyethanol,Pimelic acid
phenoxyethanol,"Propanoic acid, 2-methyl-"
phenoxyethanol,Salsoline
phenoxyethanol,Sinomenin
phenoxyethanol,Supraene
phenoxyethanol,Tricine
Phenylalanine,Phosalone
Phenylalanine,Propylamine
Phenylalanine,"Pyrimidine, 5-methyl-2,4-bis[(trimethylsilyl)oxy]-"
Phenylalanine,Ser-Leu
Phenylalanine,Serine
Phenylalanine,Syringaldehyde
Phenylalanine,Triethanolamine
Phenylalanine,Uracil
Phenylalanine,Uridine
Phenylalanine,Xylose
Phenylpropanolamine,Phlorizin
Phenylpropanolamine,"Propiophenone, 3',4'-dimethoxy-"
Phenylpropanolamine,"Thiazolo[4,5-f]quinoline, 2,9-dimethyl-"
Phlorizin,Phloroglucinol
Phlorizin,Picolinic acid
Phlorizin,"Propanetriol, 2-methyl-"
Phlorizin,"Propanoic acid, 2-methyl-"
Phlorizin,S-Methyl-L-cysteine
Phlorizin,Salsoline
Phlorizin,"Spiro[cyclopenta[d]-1,3,2-dioxaborin-4(5H),1'-cyclopentane], 2-ethyl-6,7-dihydro-"
Phlorizin,"Stigmast-5-ene, 3beta-"
Phlorizin,Suberic acid
Phlorizin,"Thiazolo[4,5-f]quinoline, 2,9-dimethyl-"
Phlorizin,"Trimethylsilyl (5-benzyl-3,6-dioxopiperazin-2-yl)acetate"
Phlorizin,Trimethylsilyl 3-((trimethylsilyl)thio)propanoate
Phlorizin,Trimethylsilyl oct-2-enoate 
Phlorizin,L-Tyrosine
Phlorizin,Valylglycine
Phloroglucinol,Picolinic acid
Phloroglucinol,Pimelic acid
Phloroglucinol,"Propanetriol, 2-methyl-"
Phloroglucinol,"Propanoic acid, 2-methyl-"
Phloroglucinol,Propylamine
Phloroglucinol,"Pyrimidine, 5-methyl-2,4-bis[(trimethylsilyl)oxy]-"
Phloroglucinol,Salsoline
Phloroglucinol,"Stigmast-5-ene, 3beta-"
Phloroglucinol,Supraene
Phloroglucinol,Tartronic acid
Phloroglucinol,"Thymine, 1,3-dimethyl-6-(trimethylsilyloxymethyl)-"
Phloroglucinol,Triethanolamine
Phloroglucinol,"Trimethylsilyl (5-benzyl-3,6-dioxopiperazin-2-yl)acetate"
Phloroglucinol,L-Tyrosine
Phosalone,"Propiophenone, 3',4'-dimethoxy-"
Phthalazin-1-one,"Stigmast-5-ene, 3beta-"
Picolinic acid,"Propanetriol, 2-methyl-"
Picolinic acid,"Propanoic acid, 2-methyl-"
Picolinic acid,Propylamine
Picolinic acid,"Pyrazine, 3,6-dihydro-3,6-dimethyl-"
Picolinic acid,Salsoline
Picolinic acid,Ser-Leu
Picolinic acid,"Spiro[cyclopenta[d]-1,3,2-dioxaborin-4(5H),1'-cyclopentane], 2-ethyl-6,7-dihydro-"
Picolinic acid,"Stigmast-5-ene, 3beta-"
Picolinic acid,Supraene
Picolinic acid,Triethanolamine
Picolinic acid,L-Tyrosine
Pimelic acid,"Propanetriol, 2-methyl-"
Pimelic acid,"Propanoic acid, 2-methyl-"
Pimelic acid,Propylamine
Pimelic acid,S-Methyl-L-cysteine
Pimelic acid,Salsoline
Pimelic acid,Suberic acid
Pimelic acid,Supraene
Pimelic acid,Syringaldehyde
Pimelic acid,"Tacrine, N-trimethylsilyl-"
Pimelic acid,Tartronic acid
Pimelic acid,Triethanolamine
Pimelic acid,Uridine
Pimelic acid,Xylose
Pipecolic acid,"Propanoic acid, 2-oxo-"
Pipecolic acid,Pyroglutamic acid
"Piperidine, 1-(1-methylpentyl)-",Pyrrole-2-carboxylic acid
"Piperidine, 1-(1-methylpentyl)-","Quinolin-4-one, 1-[2-(3,4-dimethoxyphenyl)ethyl]-octahydro-"
"Piperidine, 1-(1-methylpentyl)-","Ribonic acid, 2,3,4,5-tetrakis-"
"Piperidine, 1-(1-methylpentyl)-",Trimethylsilyl oct-2-enoate 
"Piperidine, 1-(1-methylpentyl)-",Trisaminol
"Piperidine, 1-(1-methylpentyl)-",Xylitol
"Pregn-16-en-20-one, 3,18-bis(acetyloxy)-14,15-epoxy-, (3beta,5alpha,14beta,15beta)-",Salsoline
"Propanetriol, 2-methyl-","Propanoic acid, 2-methyl-"
"Propanetriol, 2-methyl-",Propylamine
"Propanetriol, 2-methyl-",Salsoline
"Propanetriol, 2-methyl-",Sinomenin
"Propanetriol, 2-methyl-",Stearic acid
"Propanetriol, 2-methyl-","Stigmast-5-ene, 3beta-"
"Propanetriol, 2-methyl-",Suberic acid
"Propanetriol, 2-methyl-",Succinic anhydride
"Propanetriol, 2-methyl-",Supraene
"Propanetriol, 2-methyl-",Tartronic acid
"Propanetriol, 2-methyl-","Thymine, 1,3-dimethyl-6-(trimethylsilyloxymethyl)-"
"Propanetriol, 2-methyl-",Triethanolamine
"Propanetriol, 2-methyl-",L-Tyrosine
"Propanetriol, 2-methyl-",Xylose
"Propanoic acid, 2-methyl-",Propylamine
"Propanoic acid, 2-methyl-",Pyrrole-2-carboxylic acid
"Propanoic acid, 2-methyl-",S-Methyl-L-cysteine
"Propanoic acid, 2-methyl-",Salsoline
"Propanoic acid, 2-methyl-",Sinomenin
"Propanoic acid, 2-methyl-","Spiro[cyclopenta[d]-1,3,2-dioxaborin-4(5H),1'-cyclopentane], 2-ethyl-6,7-dihydro-"
"Propanoic acid, 2-methyl-","Stigmast-5-ene, 3beta-"
"Propanoic acid, 2-methyl-",Triethanolamine
"Propanoic acid, 2-oxo-",Propylamine
"Propanoic acid, 2-oxo-","Pyrazine, 3,6-dimethyl-2,5-bis(trimethylsilyloxy)-"
"Propanoic acid, 2-oxo-","Ribonic acid, 2,3,4,5-tetrakis-"
"Propanoic acid, 2-oxo-",Salsoline
"Propanoic acid, 2-oxo-",Succinic anhydride
"Propanoic acid, 2-oxo-",Tributyl acetylcitrate
"Propanoic acid, 2-oxo-",Xylitol
"Propiophenone, 3',4'-dimethoxy-",Ser-Leu
"Propiophenone, 3',4'-dimethoxy-",Trimethylsilyl 3-((trimethylsilyl)thio)propanoate
"Propiophenone, 3',4'-dimethoxy-",Uracil
Propylamine,"Pyrimidine, 5-methyl-2,4-bis[(trimethylsilyl)oxy]-"
Propylamine,Ribitol
Propylamine,S-Methyl-L-cysteine
Propylamine,Salsoline
Propylamine,Ser-Leu
Propylamine,Sinomenin
Propylamine,"Spiro[cyclopenta[d]-1,3,2-dioxaborin-4(5H),1'-cyclopentane], 2-ethyl-6,7-dihydro-"
Propylamine,"Stigmast-5-ene, 3beta-"
Propylamine,Supraene
Propylamine,Tartronic acid
Propylamine,Triethanolamine
Propylamine,L-Tyrosine
Propylamine,Uridine
Propylamine,Xylose
"Pyrazine, 3,6-dimethyl-2,5-bis(trimethylsilyloxy)-",Thymidine
"Pyrimidine, 5-methyl-2,4-bis[(trimethylsilyl)oxy]-",Pyroglutamic acid
"Pyrimidine, 5-methyl-2,4-bis[(trimethylsilyl)oxy]-",Tartronic acid
"Pyrimidine, 5-methyl-2,4-bis[(trimethylsilyl)oxy]-",Uridine
"Pyrimidine, 5-methyl-2,4-bis[(trimethylsilyl)oxy]-",Xylose
Pyrrole-2-carboxylic acid,Sinomenin
Pyrrole-2-carboxylic acid,"Spiro[cyclopenta[d]-1,3,2-dioxaborin-4(5H),1'-cyclopentane], 2-ethyl-6,7-dihydro-"
Pyrrole-2-carboxylic acid,Supraene
Pyrrole-2-carboxylic acid,Syringaldehyde
Pyrrole-2-carboxylic acid,Tricine
Pyrrole-2-carboxylic acid,Tris(trimethylsilyl)carbamate
Pyrrole-2-carboxylic acid,L-Tyrosine
Quazodine,Triethanolamine
"Quinolin-4-one, 1-[2-(3,4-dimethoxyphenyl)ethyl]-octahydro-",Sinomenin
Ribitol,Triethanolamine
"Ribonic acid, 2,3,4,5-tetrakis-",Tributyl acetylcitrate
S-Methyl-L-cysteine,Salsoline
S-Methyl-L-cysteine,Ser-Leu
S-Methyl-L-cysteine,Sertraline carbamoyl glucuronide
S-Methyl-L-cysteine,"Spiro[cyclopenta[d]-1,3,2-dioxaborin-4(5H),1'-cyclopentane], 2-ethyl-6,7-dihydro-"
S-Methyl-L-cysteine,Suberic acid
S-Methyl-L-cysteine,Supraene
S-Methyl-L-cysteine,"Talonic acid, gamma-lactone"
S-Methyl-L-cysteine,Thymidine
S-Methyl-L-cysteine,Tributyl acetylcitrate
Salsoline,"Stigmast-5-ene, 3beta-"
Salsoline,Supraene
Salsoline,Tartronic acid
Salsoline,"Thymine, 1,3-dimethyl-6-(trimethylsilyloxymethyl)-"
Salsoline,Triethanolamine
Salsoline,"Trimethylsilyl (5-benzyl-3,6-dioxopiperazin-2-yl)acetate"
Salsoline,L-Tyrosine
Ser-Leu,Supraene
Ser-Leu,Triethanolamine
Ser-Leu,"Trimethylsilyl (5-benzyl-3,6-dioxopiperazin-2-yl)acetate"
Ser-Leu,Tris(trimethylsilyl)carbamate
Ser-Leu,L-Tyrosine
Serine,"Tacrine, N-trimethylsilyl-"
Sertraline carbamoyl glucuronide,Tartronic acid
Sertraline carbamoyl glucuronide,Triethanolamine
Sertraline carbamoyl glucuronide,Tris(trimethylsilyl)carbamate
Sinomenin,Suberic acid
Sinomenin,Syringaldehyde
Sinomenin,Trimidox
"Spiro[cyclopenta[d]-1,3,2-dioxaborin-4(5H),1'-cyclopentane], 2-ethyl-6,7-dihydro-",L-Tyrosine
Stearic acid,Suberic acid
Stearic acid,Trisaminol
Stearic acid,L-Tyrosine
Stearic acid,Valylglycine
"Stigmast-5-ene, 3beta-",Supraene
"Stigmast-5-ene, 3beta-",Tartronic acid
"Stigmast-5-ene, 3beta-","Thymine, 1,3-dimethyl-6-(trimethylsilyloxymethyl)-"
"Stigmast-5-ene, 3beta-",Triethanolamine
"Stigmast-5-ene, 3beta-",L-Tyrosine
Suberic acid,Supraene
Suberic acid,Triethanolamine
Suberic acid,L-Tyrosine
Suberic acid,Uridine
Suberic acid,Xylose
Succinic anhydride,Tricine
Succinic anhydride,Vanillylmandelic acid
Supraene,Triethanolamine
Supraene,Tris(trimethylsilyl)carbamate
Supraene,L-Tyrosine
"Talonic acid, gamma-lactone",Valylglycine
Tartronic acid,Thymidine
Tartronic acid,"Thymine, 1,3-dimethyl-6-(trimethylsilyloxymethyl)-"
Tartronic acid,Triethanolamine
Tartronic acid,Xylose
"Thymine, 1,3-dimethyl-6-(trimethylsilyloxymethyl)-",Triethanolamine
Triethanolamine,L-Tyrosine
Triethanolamine,Xylose
"Trimethylsilyl (5-benzyl-3,6-dioxopiperazin-2-yl)acetate",Xylazine
Trimidox,Vanillylmandelic acid
Tris(trimethylsilyl)carbamate,Valylglycine
L-Tyrosine,Valylglycine
Uracil,Uridine
Uridine,Xylose
