node1,node2
Itgb2-S,"1,2-Cinnolinedicarboxylic acid, 1,2,3,5,6,7,8,8a-octahydro-4-trimethylsilyloxy-, diethyl ester-F"
Itgb2-S,"2',5'-Dimethoxypropiophenone-F"
Itgb2-S,4-tert-Butyldimethylsiloxy-3-penten-2-one-F
Itgb2-S,5-Nitroso-8-quinolinol-F
Itgb2-S,7-Hydroxy-4-(methoxymethyl)coumarin-F
Itgb2-S,Cyclooctylamine-F
Itgb2-S,Isobutanol-F
Itgb2-S,L-(+)-Threose-F
Itgb2-S,"l-Leucine, n-butoxycarbonyl-N-methyl-, hexadecyl ester-F"
Itgb2-S,tert-butyl(dimethyl)silyl-2-([tert-butyl(dimethyl)silyl]oxy)hex-2-enoate-F
Ckmt1-S,"1,2-Cinnolinedicarboxylic acid, 1,2,3,5,6,7,8,8a-octahydro-4-trimethylsilyloxy-, diethyl ester-F"
Ckmt1-S,"1-Pentene, 1,3-diphenyl-1-(trimethylsilyloxy)--F"
Ckmt1-S,3-(4-Methoxyphenyl)coumarin-F
Ckmt1-S,7-Hydroxy-4-(methoxymethyl)coumarin-F
Ckmt1-S,Azelaic acid-F
Ckmt1-S,Diclofenac-F
Ckmt1-S,L-(+)-Threose-F
Ckmt1-S,L-Pyroglutamic acid-F
Ckmt1-S,L-Serine-F
Ckmt1-S,Phenol-F
Acvrl1-S,"1,2-Cinnolinedicarboxylic acid, 1,2,3,5,6,7,8,8a-octahydro-4-trimethylsilyloxy-, diethyl ester-F"
Acvrl1-S,2-Ethyl-1-butanol-F
Acvrl1-S,2-Norbornanemethanol-F
Acvrl1-S,5-Nitroso-8-quinolinol-F
Acvrl1-S,"l-Leucine, n-butoxycarbonyl-N-methyl-, hexadecyl ester-F"
Acvrl1-S,L-Threonine-F
Acvrl1-S,Malic acid-F
Acvrl1-S,Uracil-F
Icosl-S,2-Norbornanemethanol-F
Icosl-S,"Cyclopentaneacetic acid, 3-oxo-2-pentyl-, methyl ester-F"
Icosl-S,L-(+)-Threose-F
Icosl-S,L-Ornithine-F
Icosl-S,L-Val-L-Leu-F
Icosl-S,tert-butyl(dimethyl)silyl-2-([tert-butyl(dimethyl)silyl]oxy)hex-2-enoate-F
Tcf7-S,"1-Pentene, 1,3-diphenyl-1-(trimethylsilyloxy)--F"
Tcf7-S,2-Buten-1-ol-F
Tcf7-S,"Benzene, 1-ethyl-3,5-dimethyl-F"
Tcf7-S,"l-Leucine, n-butoxycarbonyl-N-methyl-, hexadecyl ester-F"
Tcf7-S,L-Ornithine-F
Tcf7-S,L-Val-L-Leu-F
Slc5a5-S,2-Buten-1-ol-F
Slc5a5-S,3-(4-Methoxyphenyl)coumarin-F
Slc5a5-S,5-Nitroso-8-quinolinol-F
Slc5a5-S,L-(+)-Threose-F
Slc5a5-S,"l-Leucine, n-butoxycarbonyl-N-methyl-, hexadecyl ester-F"
Slc5a5-S,L-Val-L-Leu-F
Zfp512b-S,"1,2-Cinnolinedicarboxylic acid, 1,2,3,5,6,7,8,8a-octahydro-4-trimethylsilyloxy-, diethyl ester-F"
Zfp512b-S,5-Nitroso-8-quinolinol-F
Zfp512b-S,7-Hydroxy-4-(methoxymethyl)coumarin-F
Zfp512b-S,"l-Leucine, n-butoxycarbonyl-N-methyl-, hexadecyl ester-F"
Dnajc5-S,"1,2-Bis(trimethylsiloxy)cyclohexene-F"
Dnajc5-S,"1-Pentene, 1,3-diphenyl-1-(trimethylsilyloxy)--F"
Dnajc5-S,3-(4-Methoxyphenyl)coumarin-F
Dnajc5-S,7-Hydroxy-4-(methoxymethyl)coumarin-F
Dnajc5-S,Azelaic acid-F
Dnajc5-S,L-(+)-Threose-F
Dnajc5-S,Phenol-F
Ilf2-S,"1-(4-Methoxyphenyl)-4,6-dimethyl-2(1H)-pyrimidinone-F"
Ilf2-S,"1,2-Cinnolinedicarboxylic acid, 1,2,3,5,6,7,8,8a-octahydro-4-trimethylsilyloxy-, diethyl ester-F"
Ilf2-S,"2,4-Imidazolidinedione, 5,5-dimethyl-F"
Ilf2-S,3-(4-Methoxyphenyl)coumarin-F
Ilf2-S,5-Nitroso-8-quinolinol-F
Ilf2-S,"6-Methoxy-1-methyl-1,2,3,4-tetrahydroisoquinolin-7-ol-F"
Ilf2-S,6-Methyluracil-F
Ilf2-S,"Benzoic acid, 2-hydroxy-3-[(2-hydroxy-4-methoxy-6-propylbenzoyl)oxy]-4-methoxy-6-propyl-, methyl ester-F"
Ilf2-S,Heptylamine-F
Ilf2-S,"Kojic acid, bis(tert-butyldimethylsilyl) ether-F"
Ilf2-S,"l-Leucine, n-butoxycarbonyl-N-methyl-, hexadecyl ester-F"
Ilf2-S,L-Ornithine-F
Ilf2-S,Monocaproin-F
Ilf2-S,tert-butyl(dimethyl)silyl-2-([tert-butyl(dimethyl)silyl]oxy)hex-2-enoate-F
Luzp1-S,"1-Pentene, 1,3-diphenyl-1-(trimethylsilyloxy)--F"
Luzp1-S,"2,4-Dimethoxybenzaldoxime-F"
Luzp1-S,3-(4-Methoxyphenyl)coumarin-F
Luzp1-S,Azelaic acid-F
Luzp1-S,L-Glutamic acid-F
Luzp1-S,"l-Leucine, n-butoxycarbonyl-N-methyl-, hexadecyl ester-F"
Luzp1-S,L-Ornithine-F
Kctd10-S,"1,2-Bis(trimethylsiloxy)cyclohexene-F"
Kctd10-S,"1-Pentene, 1,3-diphenyl-1-(trimethylsilyloxy)--F"
Kctd10-S,"2,6-di-tert-Butyl-4-(dimethylaminomethyl)phenol-F"
Kctd10-S,7-Hydroxy-4-(methoxymethyl)coumarin-F
Kctd10-S,Chlorobenzilate-F
Kctd10-S,Diclofenac-F
Kctd10-S,L-Glutamic acid-F
Kctd10-S,L-Val-L-Leu-F
Ckb-S,"1,2-Cinnolinedicarboxylic acid, 1,2,3,5,6,7,8,8a-octahydro-4-trimethylsilyloxy-, diethyl ester-F"
Ckb-S,"1-Pentene, 1,3-diphenyl-1-(trimethylsilyloxy)--F"
Ckb-S,2-Norbornanemethanol-F
Ckb-S,7-Hydroxy-4-(methoxymethyl)coumarin-F
Ckb-S,"l-Leucine, n-butoxycarbonyl-N-methyl-, hexadecyl ester-F"
Ckb-S,"Propanoic acid, 3-[(tert-butyldimethylsilyl)oxy]-2-methyl--F"
Efnb2-S,3-(4-Methoxyphenyl)coumarin-F
Efnb2-S,"4,5-Dihydro-1H-pyrazole-F"
Efnb2-S,"9Z-Octadecenoic acid, (2S)-3-[(hydroxymercaptophosphinyl)oxy]-2-methoxypropyl ester-F"
Efnb2-S,Diclofenac-F
Efnb2-S,DL-Glyceraldehyde-F
Efnb2-S,L-Serine-F
Jup-S,"1-(4-Methoxyphenyl)-4,6-dimethyl-2(1H)-pyrimidinone-F"
Jup-S,"1,2-Cinnolinedicarboxylic acid, 1,2,3,5,6,7,8,8a-octahydro-4-trimethylsilyloxy-, diethyl ester-F"
Jup-S,"2(5H)-Furanone, 4-(hydroxymethyl)-F"
Jup-S,"2,4-Dimethoxybenzaldoxime-F"
Jup-S,3-(4-Methoxyphenyl)coumarin-F
Jup-S,5-Nitroso-8-quinolinol-F
Jup-S,"Benzene, 1-ethyl-3,5-dimethyl-F"
Jup-S,"l-Leucine, n-butoxycarbonyl-N-methyl-, hexadecyl ester-F"
Jup-S,L-Serine-F
Jup-S,tert-butyl(dimethyl)silyl-2-([tert-butyl(dimethyl)silyl]oxy)hex-2-enoate-F
Akr1b1-S,"2,4,6-Cycloheptatrien-1-one-F"
Akr1b1-S,4-tert-Butyldimethylsiloxy-3-penten-2-one-F
Akr1b1-S,Diclofenac-F
Akr1b1-S,L-(+)-Threose-F
Akr1b1-S,"l-Leucine, n-butoxycarbonyl-N-methyl-, hexadecyl ester-F"
Tspan33-S,"1,2-Cinnolinedicarboxylic acid, 1,2,3,5,6,7,8,8a-octahydro-4-trimethylsilyloxy-, diethyl ester-F"
Tspan33-S,"1-Pentene, 1,3-diphenyl-1-(trimethylsilyloxy)--F"
Tspan33-S,"2,4-Dimethoxybenzaldoxime-F"
Tspan33-S,2-Buten-1-ol-F
Tspan33-S,3-(4-Methoxyphenyl)coumarin-F
Tspan33-S,L-(+)-Threose-F
Tspan33-S,"l-Leucine, n-butoxycarbonyl-N-methyl-, hexadecyl ester-F"
Tspan33-S,L-Val-L-Leu-F
Tspan33-S,Palmitic Acid-F
Esam-S,"2-Butene-1,4-diol-F"
Esam-S,5-Nitroso-8-quinolinol-F
Esam-S,"Benzene, 1-ethyl-3,5-dimethyl-F"
Esam-S,"l-Leucine, n-butoxycarbonyl-N-methyl-, hexadecyl ester-F"
Esam-S,L-Threonine-F
Esam-S,Propanoic acid-F
Emd-S,"2,4-Dimethoxybenzaldoxime-F"
Emd-S,3-(4-Methoxyphenyl)coumarin-F
Emd-S,5-Nitroso-8-quinolinol-F
Emd-S,"6-Methoxy-1-methyl-1,2,3,4-tetrahydroisoquinolin-7-ol-F"
Emd-S,Butanedioic acid-F
Emd-S,Ethanolamine-F
Emd-S,L-Ornithine-F
Emd-S,N-Acetylaminoethanol-F
Emd-S,Octanoic acid-F
Emd-S,Sulindac-F
Emd-S,tert-butyl(dimethyl)silyl-2-([tert-butyl(dimethyl)silyl]oxy)hex-2-enoate-F
Pnck-S,3-(4-Methoxyphenyl)coumarin-F
Pnck-S,5-Nitroso-8-quinolinol-F
Pnck-S,"Benzene, 1-ethyl-3,5-dimethyl-F"
Pnck-S,Diclofenac-F
Pnck-S,L-(+)-Threose-F
Pnck-S,"l-Leucine, n-butoxycarbonyl-N-methyl-, hexadecyl ester-F"
Pnck-S,L-Serine-F
Ift46-S,"1,2-Bis(trimethylsiloxy)cyclohexene-F"
Ift46-S,"1,2-Cinnolinedicarboxylic acid, 1,2,3,5,6,7,8,8a-octahydro-4-trimethylsilyloxy-, diethyl ester-F"
Ift46-S,"3,3-Dimethylacrylic acid-F"
Ift46-S,4-tert-Butyldimethylsiloxy-3-penten-2-one-F
Ift46-S,L-Ornithine-F
Ift46-S,tert-butyl(dimethyl)silyl-2-([tert-butyl(dimethyl)silyl]oxy)hex-2-enoate-F
Tmem25-S,"2,4-Dimethoxybenzaldoxime-F"
Tmem25-S,5-Nitroso-8-quinolinol-F
Tmem25-S,"l-Leucine, n-butoxycarbonyl-N-methyl-, hexadecyl ester-F"
Tmem25-S,L-Serine-F
Ddb2-S,"1,2-Cinnolinedicarboxylic acid, 1,2,3,5,6,7,8,8a-octahydro-4-trimethylsilyloxy-, diethyl ester-F"
Ddb2-S,"2,4-Imidazolidinedione, 5,5-dimethyl-F"
Ddb2-S,3-(4-Methoxyphenyl)coumarin-F
Ddb2-S,5-Nitroso-8-quinolinol-F
Ddb2-S,"l-Leucine, n-butoxycarbonyl-N-methyl-, hexadecyl ester-F"
Ddb2-S,L-Ornithine-F
Ddb2-S,tert-butyl(dimethyl)silyl-2-([tert-butyl(dimethyl)silyl]oxy)hex-2-enoate-F
Smg9-S,"2,6-di-tert-Butyl-4-(dimethylaminomethyl)phenol-F"
Smg9-S,2-Ethyl-1-butanol-F
Smg9-S,2-Ethylhexanoic acid-F
Smg9-S,"2-Methyl-1,3-butanediol-F"
Smg9-S,5-Nitroso-8-quinolinol-F
Smg9-S,Butyric Acid-F
Smg9-S,"Hymexazole, tert-butyldimethylsilyl ether-F"
Smg9-S,L-(+)-Threose-F
Smg9-S,"l-Leucine, n-butoxycarbonyl-N-methyl-, hexadecyl ester-F"
Smg9-S,L-Val-L-Leu-F
Smg9-S,Pentanoic acid-F
Smg9-S,Uracil-F
Zim1-S,"1-(1-Hydroxybutyl)-2,5-dimethoxybenzene-F"
Zim1-S,"1-Pentene, 1,3-diphenyl-1-(trimethylsilyloxy)--F"
Zim1-S,2-Norbornanemethanol-F
Zim1-S,4-tert-Butyldimethylsiloxy-3-penten-2-one-F
Zim1-S,7-Hydroxy-4-(methoxymethyl)coumarin-F
Zim1-S,"l-Leucine, n-butoxycarbonyl-N-methyl-, hexadecyl ester-F"
Nr2f6-S,"1-Pentene, 1,3-diphenyl-1-(trimethylsilyloxy)--F"
Nr2f6-S,5-Nitroso-8-quinolinol-F
Nr2f6-S,"l-Leucine, n-butoxycarbonyl-N-methyl-, hexadecyl ester-F"
Rgs20-S,"1,2-Cinnolinedicarboxylic acid, 1,2,3,5,6,7,8,8a-octahydro-4-trimethylsilyloxy-, diethyl ester-F"
Rgs20-S,"1-Pentene, 1,3-diphenyl-1-(trimethylsilyloxy)--F"
Rgs20-S,2-Ethyl-1-butanol-F
Rgs20-S,"2-Methylcyclohexylamine, tert.-butyldimethylsilyl ether-F"
Rgs20-S,2-Norbornanemethanol-F
Rgs20-S,3-(4-Methoxyphenyl)coumarin-F
Rgs20-S,7-Hydroxy-4-(methoxymethyl)coumarin-F
Rgs20-S,Adipoyl-L-carnitine-F
Rgs20-S,Chlorobenzilate-F
Rgs20-S,L-(+)-Threose-F
Rgs20-S,"l-Leucine, n-butoxycarbonyl-N-methyl-, hexadecyl ester-F"
Rpl3l-S,"1,2-Cinnolinedicarboxylic acid, 1,2,3,5,6,7,8,8a-octahydro-4-trimethylsilyloxy-, diethyl ester-F"
Rpl3l-S,"2,4-Dimethoxybenzaldoxime-F"
Rpl3l-S,2-Ethyl-1-butanol-F
Rpl3l-S,6-Nitroveratryl alcohol-F
Rpl3l-S,"Benzene, 1-ethyl-3,5-dimethyl-F"
Rpl3l-S,Benzeneacetic acid-F
Rpl3l-S,"l-Norvaline, n-propargyloxycarbonyl-, isohexyl ester-F"
Rpl3l-S,L-Serine-F
Fkbp7-S,"1,2-Bis(trimethylsiloxy)cyclohexene-F"
Fkbp7-S,"1,2-Cinnolinedicarboxylic acid, 1,2,3,5,6,7,8,8a-octahydro-4-trimethylsilyloxy-, diethyl ester-F"
Fkbp7-S,"1-Pentene, 1,3-diphenyl-1-(trimethylsilyloxy)--F"
Fkbp7-S,"2,4-Dimethoxybenzaldoxime-F"
Fkbp7-S,6-Nitroveratryl alcohol-F
Fkbp7-S,L-Ornithine-F
Fkbp7-S,Sarcosine-F
Ggct-S,"1,2-Cinnolinedicarboxylic acid, 1,2,3,5,6,7,8,8a-octahydro-4-trimethylsilyloxy-, diethyl ester-F"
Ggct-S,2-Norbornanemethanol-F
Ggct-S,"4,5-Dihydro-1H-pyrazole-F"
Ggct-S,4-tert-Butyldimethylsiloxy-3-penten-2-one-F
Ggct-S,Phenol-F
Ggct-S,tert-butyl(dimethyl)silyl-2-([tert-butyl(dimethyl)silyl]oxy)hex-2-enoate-F
Ggct-S,Uracil-F
Med25-S,2-Ethyl-1-butanol-F
Med25-S,3-(4-Methoxyphenyl)coumarin-F
Med25-S,L-(+)-Threose-F
Med25-S,"l-Leucine, n-butoxycarbonyl-N-methyl-, hexadecyl ester-F"
Med25-S,Pentanoic acid-F
Med25-S,Uracil-F
Hbp1-S,"1-Pentene, 1,3-diphenyl-1-(trimethylsilyloxy)--F"
Hbp1-S,4-tert-Butyldimethylsiloxy-3-penten-2-one-F
Hbp1-S,5-Nitroso-8-quinolinol-F
Hbp1-S,7-Hydroxy-4-(methoxymethyl)coumarin-F
Hbp1-S,"l-Leucine, n-butoxycarbonyl-N-methyl-, hexadecyl ester-F"
Hbp1-S,L-Ornithine-F
Hbp1-S,tert-butyl(dimethyl)silyl-2-([tert-butyl(dimethyl)silyl]oxy)hex-2-enoate-F
Zfp959-S,"1,2-Bis(trimethylsiloxy)cyclohexene-F"
Zfp959-S,"Benzene, 1-ethyl-3,5-dimethyl-F"
Zfp959-S,Benzeneacetic acid-F
Zfp959-S,Diclofenac-F
Zfp959-S,L-Ornithine-F
Zfp959-S,L-Val-L-Leu-F
Zfp959-S,N-Caffeoyl-O-methyltyramine-F
Prkcsh-S,"1,2-Bis(trimethylsiloxy)cyclohexene-F"
Prkcsh-S,"1-Pentene, 1,3-diphenyl-1-(trimethylsilyloxy)--F"
Prkcsh-S,3-(4-Methoxyphenyl)coumarin-F
Prkcsh-S,L-(+)-Threose-F
Prkcsh-S,L-Glutamic acid-F
Dll3-S,2-Buten-1-ol-F
Dll3-S,2-Norbornanemethanol-F
Dll3-S,5-Nitroso-8-quinolinol-F
Dll3-S,7-Hydroxy-4-(methoxymethyl)coumarin-F
Dll3-S,"Benzene, 1-ethyl-3,5-dimethyl-F"
Dll3-S,"l-Leucine, n-butoxycarbonyl-N-methyl-, hexadecyl ester-F"
Impdh1-S,"1-Pentene, 1,3-diphenyl-1-(trimethylsilyloxy)--F"
Impdh1-S,3-(4-Methoxyphenyl)coumarin-F
Impdh1-S,"4,5-Dihydro-1H-pyrazole-F"
Impdh1-S,7-Hydroxy-4-(methoxymethyl)coumarin-F
Impdh1-S,L-Glutamic acid-F
Calb2-S,"1-(2,4-Dimethoxyphenyl)-propan-2-one-F"
Calb2-S,2-Buten-1-ol-F
Calb2-S,2-Norbornanemethanol-F
Calb2-S,"3,3-Dimethylacrylic acid-F"
Calb2-S,5-Nitroso-8-quinolinol-F
Calb2-S,"Benzene, 1-ethyl-3,5-dimethyl-F"
Calb2-S,"l-Leucine, n-butoxycarbonyl-N-methyl-, hexadecyl ester-F"
Calb2-S,L-Val-L-Leu-F
Calb2-S,tert-butyl(dimethyl)silyl-2-([tert-butyl(dimethyl)silyl]oxy)hex-2-enoate-F
Farsa-S,"1-Pentene, 1,3-diphenyl-1-(trimethylsilyloxy)--F"
Farsa-S,3-(4-Methoxyphenyl)coumarin-F
Farsa-S,"4,5-Dihydro-1H-pyrazole-F"
Farsa-S,L-(+)-Threose-F
Farsa-S,Niacinamide-F
Cdip1-S,"2,5-Dimethoxybenzonitrile-F"
Cdip1-S,"2,5-Dimethoxyphenol-F"
Cdip1-S,"2',5'-Dimethoxypropiophenone-F"
Cdip1-S,7-Hydroxy-4-(methoxymethyl)coumarin-F
Cdip1-S,alpha-Hydroxyisobutyric acid-F
Cdip1-S,Cyclooctylamine-F
Cdip1-S,Diclofenac-F
Cdip1-S,L-(+)-Threose-F
Cdip1-S,"l-Leucine, n-butoxycarbonyl-N-methyl-, hexadecyl ester-F"
Cdip1-S,"Naringenin 4',7-dimethylether-F"
Ptpn6-S,"1-Heptanol, 2-propyl--F"
Ptpn6-S,2-Norbornanemethanol-F
Ptpn6-S,2-Pentadecanone-F
Ptpn6-S,"4,5-Dihydro-1H-pyrazole-F"
Ptpn6-S,Butachlor ESA-F
Ptpn6-S,Citramalic acid-F
Ptpn6-S,Diclofenac-F
Ptpn6-S,"Glycine, tert.-butyldimethylsilyl ester-F"
Ptpn6-S,L-Alanine-F
Ptpn6-S,L-Glutamine-F
Ptpn6-S,Lignoceric acid-F
Ptpn6-S,L-Ornithine-F
Ptpn6-S,L-Val-L-Leu-F
Ptpn6-S,Octanoic acid-F
Ptpn6-S,tert-butyl(dimethyl)silyl-2-([tert-butyl(dimethyl)silyl]oxy)hex-2-enoate-F
Gab2-S,"1,2-Bis(trimethylsiloxy)cyclohexene-F"
Gab2-S,"1,2-Cinnolinedicarboxylic acid, 1,2,3,5,6,7,8,8a-octahydro-4-trimethylsilyloxy-, diethyl ester-F"
Gab2-S,"1-Heptanol, 2-propyl--F"
Gab2-S,"2',5'-Dimethoxypropiophenone-F"
Gab2-S,Ethanolamine-F
Gab2-S,L-Serine-F
Gab2-S,L-Val-L-Leu-F
Gab2-S,tert-butyl(dimethyl)silyl-2-([tert-butyl(dimethyl)silyl]oxy)hex-2-enoate-F
Coro1c-S,2-Cyanobenzaldehyde-F
Coro1c-S,4-tert-Butyldimethylsiloxy-3-penten-2-one-F
Coro1c-S,Aceturic acid-F
Coro1c-S,Cyclooctylamine-F
Coro1c-S,Diclofenac-F
Coro1c-S,Ethanolamine-F
Coro1c-S,Lignoceric acid-F
Coro1c-S,"l-Leucine, n-butoxycarbonyl-N-methyl-, hexadecyl ester-F"
Coro1c-S,L-Val-L-Leu-F
Coro1c-S,Octanoic acid-F
Thop1-S,"3,4,5-Trimethoxyamphetamine-F"
Thop1-S,2-Propyl-1-pentanol-F
Thop1-S,2-Pyrrolidone-5-carboxylic acid-F
Thop1-S,3-(4-Methoxyphenyl)coumarin-F
Thop1-S,4-Methoxyphenol-F
Thop1-S,"Benzene, 1-ethyl-3,5-dimethyl-F"
Thop1-S,L-(+)-Threose-F
Dtx2-S,1-Butanol-F
Dtx2-S,"2,5-Dimethoxyphenol-F"
Dtx2-S,2-Norbornanemethanol-F
Dtx2-S,"4,5-Dihydro-1H-pyrazole-F"
Dtx2-S,4-tert-Butyldimethylsiloxy-3-penten-2-one-F
Dtx2-S,"Benzene, 1-ethyl-3,5-dimethyl-F"
Dtx2-S,"Cyclohexanone, 3,3,5-trimethyl-F"
Dtx2-S,Diclofenac-F
Dtx2-S,L-(+)-Threose-F
Dtx2-S,L-Val-L-Leu-F
Cd44-S,"1,2-Cinnolinedicarboxylic acid, 1,2,3,5,6,7,8,8a-octahydro-4-trimethylsilyloxy-, diethyl ester-F"
Cd44-S,1-Butanol-F
Cd44-S,"1-Heptanol, 2-propyl--F"
Cd44-S,2-Norbornanemethanol-F
Cd44-S,5-Nitroso-8-quinolinol-F
Cd44-S,"Benzene, 1-ethyl-3,5-dimethyl-F"
Cd44-S,Benzeneacetic acid-F
Cd44-S,"l-Leucine, n-butoxycarbonyl-N-methyl-, hexadecyl ester-F"
Cd44-S,L-Serine-F
Cd44-S,L-Val-L-Leu-F
Cd44-S,Propanoic acid-F
Cd44-S,tert-butyl(dimethyl)silyl-2-([tert-butyl(dimethyl)silyl]oxy)hex-2-enoate-F
Zfp287-S,"1,2-Bis(trimethylsiloxy)cyclohexene-F"
Zfp287-S,"1,2-Cinnolinedicarboxylic acid, 1,2,3,5,6,7,8,8a-octahydro-4-trimethylsilyloxy-, diethyl ester-F"
Zfp287-S,"1-Pentene, 1,3-diphenyl-1-(trimethylsilyloxy)--F"
Zfp287-S,2-Propyl-1-pentanol-F
Zfp287-S,3-(4-Methoxyphenyl)coumarin-F
Zfp287-S,6-Nitroveratryl alcohol-F
Zfp287-S,L-(+)-Threose-F
Zfp287-S,Niacinamide-F
Zfp287-S,tert-butyl(dimethyl)silyl-2-([tert-butyl(dimethyl)silyl]oxy)hex-2-enoate-F
Prlr-S,"2,4-Dimethoxybenzaldoxime-F"
Prlr-S,"3,3-Dimethylacrylic acid-F"
Prlr-S,"4,5-Dihydro-1H-pyrazole-F"
Prlr-S,4-tert-Butyldimethylsiloxy-3-penten-2-one-F
Prlr-S,"Benzoic acid, 2-hydroxy-3-[(2-hydroxy-4-methoxy-6-propylbenzoyl)oxy]-4-methoxy-6-propyl-, methyl ester-F"
Prlr-S,L-Serine-F
Prlr-S,tert-butyl(dimethyl)silyl-2-([tert-butyl(dimethyl)silyl]oxy)hex-2-enoate-F
Slc1a3-S,"1,2-Cinnolinedicarboxylic acid, 1,2,3,5,6,7,8,8a-octahydro-4-trimethylsilyloxy-, diethyl ester-F"
Slc1a3-S,3-(4-Methoxyphenyl)coumarin-F
Slc1a3-S,Acetic acid-F
Slc1a3-S,Chlorobenzilate-F
Slc1a3-S,Ethanolamine-F
Slc1a3-S,L-Serine-F
Slc1a3-S,tert-butyl(dimethyl)silyl-2-([tert-butyl(dimethyl)silyl]oxy)hex-2-enoate-F
Celf1-S,"1,2-Cinnolinedicarboxylic acid, 1,2,3,5,6,7,8,8a-octahydro-4-trimethylsilyloxy-, diethyl ester-F"
Celf1-S,2-Ethyl-1-butanol-F
Celf1-S,3-(4-Methoxyphenyl)coumarin-F
Celf1-S,"Benzene, 1-ethyl-3,5-dimethyl-F"
Celf1-S,"l-Leucine, n-butoxycarbonyl-N-methyl-, hexadecyl ester-F"
Celf1-S,"l-Norvaline, n-propargyloxycarbonyl-, isohexyl ester-F"
Celf1-S,Xylazine-F
Epor-S,"1-Heptanol, 2-propyl--F"
Epor-S,"2,4-Dimethoxybenzaldoxime-F"
Epor-S,5-Nitroso-8-quinolinol-F
Epor-S,"Benzene, 1-ethyl-3,5-dimethyl-F"
Epor-S,"l-Leucine, n-butoxycarbonyl-N-methyl-, hexadecyl ester-F"
Epor-S,L-Val-L-Leu-F
Epor-S,Myristic acid-F
Epor-S,Pipecolic acid-F
Epor-S,tert-butyl(dimethyl)silyl-2-([tert-butyl(dimethyl)silyl]oxy)hex-2-enoate-F
Ndor1-S,"1,2-Bis(trimethylsiloxy)cyclohexene-F"
Ndor1-S,"2-Methylcyclohexanol, (Z)-F"
Ndor1-S,3-(4-Methoxyphenyl)coumarin-F
Ndor1-S,"6-Aminocaproic acid, N-(tert.-butyldimethylsilyl)-F"
Ndor1-S,L-Ornithine-F
Ndor1-S,Niacin-F
Ndor1-S,"Propanoic acid, dimethyl(isopropyl)silyl ester-F"
Rundc3a-S,"1-Pentene, 1,3-diphenyl-1-(trimethylsilyloxy)--F"
Rundc3a-S,"2-Methylcyclohexanol, (Z)-F"
Rundc3a-S,3-(4-Methoxyphenyl)coumarin-F
Rundc3a-S,"4,5-Dihydro-1H-pyrazole-F"
Rundc3a-S,L-Glutamic acid-F
Rundc3a-S,L-Val-L-Leu-F
Snai3-S,"1,2-Bis(trimethylsiloxy)cyclohexene-F"
Snai3-S,"1-Pentene, 1,3-diphenyl-1-(trimethylsilyloxy)--F"
Snai3-S,2-Norbornanemethanol-F
Snai3-S,5-Nitroso-8-quinolinol-F
Snai3-S,"Benzene, 1-ethyl-3,5-dimethyl-F"
Snai3-S,L-(+)-Threose-F
Snai3-S,L-Val-L-Leu-F
Snai3-S,tert-butyl(dimethyl)silyl-2-([tert-butyl(dimethyl)silyl]oxy)hex-2-enoate-F
Qrich1-S,"2,4-Dimethoxybenzaldoxime-F"
Qrich1-S,2-Buten-1-ol-F
Qrich1-S,5-Nitroso-8-quinolinol-F
Qrich1-S,"Benzene, 1-ethyl-3,5-dimethyl-F"
Qrich1-S,Benzeneacetic acid-F
Qrich1-S,L-(+)-Threose-F
Qrich1-S,"l-Leucine, n-butoxycarbonyl-N-methyl-, hexadecyl ester-F"
Qrich1-S,L-Ornithine-F
Tmco6-S,"1,2-Bis(trimethylsiloxy)cyclohexene-F"
Tmco6-S,"1-Pentene, 1,3-diphenyl-1-(trimethylsilyloxy)--F"
Tmco6-S,"2,4-Dimethoxybenzaldoxime-F"
Tmco6-S,2-Butenedioic acid-F
Tmco6-S,7-Hydroxy-4-(methoxymethyl)coumarin-F
Tmco6-S,Diclofenac-F
Tmco6-S,L-Serine-F
Eif1b-S,"2,4-Di-tert-butylphenol-F"
Eif1b-S,alpha-Hydroxyisobutyric acid-F
Eif1b-S,Butanedioic acid-F
Eif1b-S,L-(+)-Threose-F
Eif1b-S,L-Glutamic acid-F
Eif1b-S,"l-Leucine, n-butoxycarbonyl-N-methyl-, hexadecyl ester-F"
Eif1b-S,L-Serine-F
Crlf1-S,"1-Pentene, 1,3-diphenyl-1-(trimethylsilyloxy)--F"
Crlf1-S,2-Buten-1-ol-F
Crlf1-S,2-Norbornanemethanol-F
Crlf1-S,Benzophenone-F
Crlf1-S,L-(+)-Threose-F
Crlf1-S,"l-Leucine, n-butoxycarbonyl-N-methyl-, hexadecyl ester-F"
Elavl2-S,"1,2-Cinnolinedicarboxylic acid, 1,2,3,5,6,7,8,8a-octahydro-4-trimethylsilyloxy-, diethyl ester-F"
Elavl2-S,2-Ethyl-1-butanol-F
Elavl2-S,5-Nitroso-8-quinolinol-F
Elavl2-S,"l-Leucine, n-butoxycarbonyl-N-methyl-, hexadecyl ester-F"
Snap47-S,"1,2-Cinnolinedicarboxylic acid, 1,2,3,5,6,7,8,8a-octahydro-4-trimethylsilyloxy-, diethyl ester-F"
Snap47-S,"1-Pentene, 1,3-diphenyl-1-(trimethylsilyloxy)--F"
Snap47-S,"2,4-Dimethoxybenzaldoxime-F"
Snap47-S,3-(4-Methoxyphenyl)coumarin-F
Snap47-S,Diclofenac-F
Snap47-S,L-Glutamic acid-F
Snap47-S,"l-Leucine, n-butoxycarbonyl-N-methyl-, hexadecyl ester-F"
Snap47-S,L-Ornithine-F
Snap47-S,L-Val-L-Leu-F
Snap47-S,Palmitic Acid-F
Aldh3a2-S,3-(4-Methoxyphenyl)coumarin-F
Aldh3a2-S,4-Methylvaleric acid-F
Aldh3a2-S,Diclofenac-F
Aldh3a2-S,Glycolic acid-F
Aldh3a2-S,L-(+)-Threose-F
Aldh3a2-S,"l-Leucine, n-butoxycarbonyl-N-methyl-, hexadecyl ester-F"
Aldh3a2-S,L-Ornithine-F
Aldh3a2-S,tert-butyl(dimethyl)silyl-2-([tert-butyl(dimethyl)silyl]oxy)hex-2-enoate-F
Sugp1-S,"1-Pentene, 1,3-diphenyl-1-(trimethylsilyloxy)--F"
Sugp1-S,"2,4-Dimethoxybenzaldoxime-F"
Sugp1-S,3-(4-Methoxyphenyl)coumarin-F
Sugp1-S,"4,5-Dihydro-1H-pyrazole-F"
Sugp1-S,Chlorobenzilate-F
Sugp1-S,L-(+)-Threose-F
Sugp1-S,L-Serine-F
Sugp1-S,Monocaproin-F
Sugp1-S,tert-butyl(dimethyl)silyl-2-([tert-butyl(dimethyl)silyl]oxy)hex-2-enoate-F
Pgam1-S,"1,2-Cinnolinedicarboxylic acid, 1,2,3,5,6,7,8,8a-octahydro-4-trimethylsilyloxy-, diethyl ester-F"
Pgam1-S,1-Butanol-F
Pgam1-S,"1-Heptanol, 2-propyl--F"
Pgam1-S,2-Norbornanemethanol-F
Pgam1-S,5-Nitroso-8-quinolinol-F
Pgam1-S,"Benzene, 1-ethyl-3,5-dimethyl-F"
Pgam1-S,Benzeneacetic acid-F
Pgam1-S,"l-Leucine, n-butoxycarbonyl-N-methyl-, hexadecyl ester-F"
Pgam1-S,L-Serine-F
Pgam1-S,L-Val-L-Leu-F
Pgam1-S,Propanoic acid-F
Pgam1-S,tert-butyl(dimethyl)silyl-2-([tert-butyl(dimethyl)silyl]oxy)hex-2-enoate-F
Rps5-S,"1,2-Bis(trimethylsiloxy)cyclohexene-F"
Rps5-S,"1,2-Cinnolinedicarboxylic acid, 1,2,3,5,6,7,8,8a-octahydro-4-trimethylsilyloxy-, diethyl ester-F"
Rps5-S,"1-Pentene, 1,3-diphenyl-1-(trimethylsilyloxy)--F"
Rps5-S,4-tert-Butyldimethylsiloxy-3-penten-2-one-F
Rps5-S,7-Hydroxy-4-(methoxymethyl)coumarin-F
Rps5-S,Azelaic acid-F
Rps5-S,L-Pyroglutamic acid-F
Rps5-S,L-Serine-F
Rps5-S,Octanoic acid-F
Pea15a-S,"1,2-Bis(trimethylsiloxy)cyclohexene-F"
Pea15a-S,"1,2-Cinnolinedicarboxylic acid, 1,2,3,5,6,7,8,8a-octahydro-4-trimethylsilyloxy-, diethyl ester-F"
Pea15a-S,"1-Pentene, 1,3-diphenyl-1-(trimethylsilyloxy)--F"
Pea15a-S,3-(4-Methoxyphenyl)coumarin-F
Pea15a-S,L-(+)-Threose-F
Pea15a-S,Phenol-F
Trnt1-S,"2,4-Dimethoxybenzaldoxime-F"
Trnt1-S,3-(4-Methoxyphenyl)coumarin-F
Trnt1-S,L-(+)-Threose-F
Trnt1-S,L-Ornithine-F
Trnt1-S,Sarcosine-F
Tbp-S,"1-Pentene, 1,3-diphenyl-1-(trimethylsilyloxy)--F"
Tbp-S,2-Butenedioic acid-F
Tbp-S,"3,3-Dimethylacrylic acid-F"
Tbp-S,"4,5-Dihydro-1H-pyrazole-F"
Tbp-S,7-Hydroxy-4-(methoxymethyl)coumarin-F
Tbp-S,L-Glutamic acid-F
Tbp-S,"L-Histidine, N,1-bis(tert-butyldimethylsilyl)--F"
Tbp-S,L-Val-L-Leu-F
Tbp-S,Pentanoic acid-F
Lrrk1-S,"1,2-Cinnolinedicarboxylic acid, 1,2,3,5,6,7,8,8a-octahydro-4-trimethylsilyloxy-, diethyl ester-F"
Lrrk1-S,2-Butenedioic acid-F
Lrrk1-S,"3,3-Dimethylacrylic acid-F"
Lrrk1-S,"l-Leucine, n-butoxycarbonyl-N-methyl-, hexadecyl ester-F"
Lrrk1-S,Pentanoic acid-F
Xk-S,"1,2-Cinnolinedicarboxylic acid, 1,2,3,5,6,7,8,8a-octahydro-4-trimethylsilyloxy-, diethyl ester-F"
Xk-S,"2,4-Dimethoxybenzaldoxime-F"
Xk-S,2-Norbornanemethanol-F
Xk-S,"Cyclopentaneacetic acid, 3-oxo-2-pentyl-, methyl ester-F"
Xk-S,L-(+)-Threose-F
Xk-S,L-Serine-F
Xk-S,L-Val-L-Leu-F
Xk-S,tert-butyl(dimethyl)silyl-2-([tert-butyl(dimethyl)silyl]oxy)hex-2-enoate-F
Dennd6b-S,"1,2-Cinnolinedicarboxylic acid, 1,2,3,5,6,7,8,8a-octahydro-4-trimethylsilyloxy-, diethyl ester-F"
Dennd6b-S,2-Buten-1-ol-F
Dennd6b-S,3-(4-Methoxyphenyl)coumarin-F
Dennd6b-S,3-Heptanol-F
Dennd6b-S,5-Nitroso-8-quinolinol-F
Dennd6b-S,7-Hydroxy-4-(methoxymethyl)coumarin-F
Dennd6b-S,L-(+)-Threose-F
Dennd6b-S,"l-Leucine, n-butoxycarbonyl-N-methyl-, hexadecyl ester-F"
Dennd6b-S,N-Isobutyrylglycine-F
Ace2-S,"1-Heptanol, 2-propyl--F"
Ace2-S,2-Buten-1-ol-F
Ace2-S,2-Norbornanemethanol-F
Ace2-S,5-Nitroso-8-quinolinol-F
Ace2-S,"Benzene, 1-ethyl-3,5-dimethyl-F"
Ace2-S,"l-Leucine, n-butoxycarbonyl-N-methyl-, hexadecyl ester-F"
Ace2-S,L-Val-L-Leu-F
Ace2-S,tert-butyl(dimethyl)silyl-2-([tert-butyl(dimethyl)silyl]oxy)hex-2-enoate-F
Pdzd11-S,"1,2-Bis(trimethylsiloxy)cyclohexene-F"
Pdzd11-S,"1,2-Cinnolinedicarboxylic acid, 1,2,3,5,6,7,8,8a-octahydro-4-trimethylsilyloxy-, diethyl ester-F"
Pdzd11-S,2-Ethyl-1-butanol-F
Pdzd11-S,2-Norbornanemethanol-F
Pdzd11-S,3-(4-Methoxyphenyl)coumarin-F
Pdzd11-S,4-Methylvaleric acid-F
Pdzd11-S,5-Oxohexanoic Acid-F
Pdzd11-S,Diclofenac-F
Pdzd11-S,L-(+)-Threose-F
Pdzd11-S,L-Lysine-F
Pdzd11-S,"l-Norvaline, n-propargyloxycarbonyl-, isohexyl ester-F"
Pdzd11-S,L-Pyroglutamic acid-F
Pdzd11-S,L-Serine-F
Pdzd11-S,L-Val-L-Leu-F
Pdzd11-S,Methyl lactate-F
Rxrg-S,"1,2-Cinnolinedicarboxylic acid, 1,2,3,5,6,7,8,8a-octahydro-4-trimethylsilyloxy-, diethyl ester-F"
Rxrg-S,2-Norbornanemethanol-F
Rxrg-S,"3,4-Methylenedioxyamphetamine-F"
Rxrg-S,5-Nitroso-8-quinolinol-F
Rxrg-S,"l-Leucine, n-butoxycarbonyl-N-methyl-, hexadecyl ester-F"
Macroh2a1-S,"2,4-Dimethoxybenzaldoxime-F"
Macroh2a1-S,Benzeneacetic acid-F
Macroh2a1-S,L-(+)-Threose-F
Macroh2a1-S,L-Ornithine-F
Macroh2a1-S,"Naringenin 4',7-dimethylether-F"
Macroh2a1-S,Supraene-F
Fli1-S,3-(4-Methoxyphenyl)coumarin-F
Fli1-S,5-Nitroso-8-quinolinol-F
Fli1-S,7-Hydroxy-4-(methoxymethyl)coumarin-F
Fli1-S,L-(+)-Threose-F
Fli1-S,"l-Leucine, n-butoxycarbonyl-N-methyl-, hexadecyl ester-F"
Fli1-S,L-Val-L-Leu-F
Mpped2-S,"1,2-Cinnolinedicarboxylic acid, 1,2,3,5,6,7,8,8a-octahydro-4-trimethylsilyloxy-, diethyl ester-F"
Mpped2-S,3-(4-Methoxyphenyl)coumarin-F
Mpped2-S,5-Nitroso-8-quinolinol-F
Mpped2-S,"Benzene, 1-ethyl-3,5-dimethyl-F"
Mpped2-S,L-(+)-Threose-F
Mpped2-S,"l-Leucine, n-butoxycarbonyl-N-methyl-, hexadecyl ester-F"
Mpped2-S,L-Lysine-F
Atxn10-S,"(2R)-Pyrrolidine-1,2-dicarboxylic acid, bis(tert-butyldimethylsilyl) ester-F"
Atxn10-S,"1,2-Bis(trimethylsiloxy)cyclohexene-F"
Atxn10-S,3-(4-Methoxyphenyl)coumarin-F
Atxn10-S,3-Hydroxymethyl-2-trimethylsilyloxypentane-F
Atxn10-S,5-Nitroso-8-quinolinol-F
Atxn10-S,7-Hydroxy-4-(methoxymethyl)coumarin-F
Atxn10-S,"Benzene, 1-ethyl-3,5-dimethyl-F"
Atxn10-S,Diethylamine-F
Atxn10-S,"Erythrono-1,4-lactone-F"
Atxn10-S,L-(+)-Threose-F
Atxn10-S,L-Ornithine-F
Atxn10-S,L-Val-L-Leu-F
Mrps18c-S,"1,2-Cinnolinedicarboxylic acid, 1,2,3,5,6,7,8,8a-octahydro-4-trimethylsilyloxy-, diethyl ester-F"
Mrps18c-S,2-Cyanobenzaldehyde-F
Mrps18c-S,4-tert-Butyldimethylsiloxy-3-penten-2-one-F
Mrps18c-S,7-Hydroxy-4-(methoxymethyl)coumarin-F
Mrps18c-S,Cholesterol-F
Mrps18c-S,"l-Leucine, n-butoxycarbonyl-N-methyl-, hexadecyl ester-F"
Mrps18c-S,L-Val-L-Leu-F
Plcg1-S,"1-Pentene, 1,3-diphenyl-1-(trimethylsilyloxy)--F"
Plcg1-S,2-Cyanobenzaldehyde-F
Plcg1-S,"2-Methylcyclohexanol, (Z)-F"
Plcg1-S,4-tert-Butyldimethylsiloxy-3-penten-2-one-F
Plcg1-S,"l-Leucine, n-butoxycarbonyl-N-methyl-, hexadecyl ester-F"
Plcg1-S,L-Ornithine-F
Plcg1-S,L-Val-L-Leu-F
Rarb-S,"1,2-Bis(trimethylsiloxy)cyclohexene-F"
Rarb-S,"1,2-Cinnolinedicarboxylic acid, 1,2,3,5,6,7,8,8a-octahydro-4-trimethylsilyloxy-, diethyl ester-F"
Rarb-S,"2,4,4'-Trihydroxybenzophenone-F"
Rarb-S,2-Norbornanemethanol-F
Rarb-S,3-(4-Methoxyphenyl)coumarin-F
Rarb-S,"3,4-Methylenedioxyamphetamine-F"
Rarb-S,5-Nitroso-8-quinolinol-F
Rarb-S,Adenine-F
Rarb-S,Diclofenac-F
Rarb-S,L-Pyroglutamic acid-F
Rarb-S,L-Serine-F
Rarb-S,"Oxymorphone, bis(trimethylsilyl) ether-F"
Rarb-S,Xylazine-F
Mapt-S,"(2R)-Pyrrolidine-1,2-dicarboxylic acid, bis(tert-butyldimethylsilyl) ester-F"
Mapt-S,"2-Methylcyclohexanol, (Z)-F"
Mapt-S,3-(4-Methoxyphenyl)coumarin-F
Mapt-S,"4,5-Dihydro-1H-pyrazole-F"
Mapt-S,L-(+)-Threose-F
Mapt-S,Lignoceric acid-F
Mapt-S,L-Ornithine-F
Mapt-S,L-Val-L-Leu-F
Kansl1-S,"1,2-Cinnolinedicarboxylic acid, 1,2,3,5,6,7,8,8a-octahydro-4-trimethylsilyloxy-, diethyl ester-F"
Kansl1-S,"1-Pentene, 1,3-diphenyl-1-(trimethylsilyloxy)--F"
Kansl1-S,2-Ethyl-1-butanol-F
Kansl1-S,2-Norbornanemethanol-F
Kansl1-S,3-(4-Methoxyphenyl)coumarin-F
Kansl1-S,DL-Glyceraldehyde-F
Kansl1-S,"l-Leucine, n-butoxycarbonyl-N-methyl-, hexadecyl ester-F"
Kansl1-S,Lupinine-F
Kansl1-S,"Propanoic acid, 3-[(tert-butyldimethylsilyl)oxy]-2-methyl--F"
Kansl1-S,tert-butyl(dimethyl)silyl-2-([tert-butyl(dimethyl)silyl]oxy)hex-2-enoate-F
Acadvl-S,"1-Pentene, 1,3-diphenyl-1-(trimethylsilyloxy)--F"
Acadvl-S,"2,3-Dihydroxybutanoic acid-F"
Acadvl-S,Benzeneacetic acid-F
Acadvl-S,"l-Leucine, n-butoxycarbonyl-N-methyl-, hexadecyl ester-F"
Acadvl-S,L-Val-L-Leu-F
Acadvl-S,tert-butyl(dimethyl)silyl-2-([tert-butyl(dimethyl)silyl]oxy)hex-2-enoate-F
Smyd4-S,2-Methyl-3-pentanol-F
Smyd4-S,"3,3-Dimethylacrylic acid-F"
Smyd4-S,"4,5-Dihydro-1H-pyrazole-F"
Smyd4-S,4-tert-Butyldimethylsiloxy-3-penten-2-one-F
Smyd4-S,7-Hydroxy-4-(methoxymethyl)coumarin-F
Smyd4-S,"Benzene, 1-ethyl-3,5-dimethyl-F"
Smyd4-S,L-Glutamic acid-F
Mrpl58-S,"1,2-Cinnolinedicarboxylic acid, 1,2,3,5,6,7,8,8a-octahydro-4-trimethylsilyloxy-, diethyl ester-F"
Mrpl58-S,"1-Pentene, 1,3-diphenyl-1-(trimethylsilyloxy)--F"
Mrpl58-S,"2-Methylcyclohexylamine, tert.-butyldimethylsilyl ether-F"
Mrpl58-S,2-Norbornanemethanol-F
Mrpl58-S,3-(4-Methoxyphenyl)coumarin-F
Mrpl58-S,Adipoyl-L-carnitine-F
Mrpl58-S,Chlorobenzilate-F
Mrpl58-S,Diclofenac-F
Mrpl58-S,Ethanolamine-F
Mrpl58-S,L-(+)-Threose-F
Mrpl58-S,L-Serine-F
Cxcl16-S,"2',3'-Di-O-acetyladenosine-F"
Cxcl16-S,3-(4-Methoxyphenyl)coumarin-F
Cxcl16-S,7-Hydroxy-4-(methoxymethyl)coumarin-F
Cxcl16-S,8-Methylnonanoic acid-F
Cxcl16-S,Diclofenac-F
Cxcl16-S,Levulinic acid-F
Cxcl16-S,L-Ornithine-F
Nars2-S,"1,2-Cinnolinedicarboxylic acid, 1,2,3,5,6,7,8,8a-octahydro-4-trimethylsilyloxy-, diethyl ester-F"
Nars2-S,"2,4-Dimethoxybenzaldoxime-F"
Nars2-S,3-(4-Methoxyphenyl)coumarin-F
Nars2-S,7-Hydroxy-4-(methoxymethyl)coumarin-F
Nars2-S,"l-Leucine, n-butoxycarbonyl-N-methyl-, hexadecyl ester-F"
Cacng2-S,"1,2-Cinnolinedicarboxylic acid, 1,2,3,5,6,7,8,8a-octahydro-4-trimethylsilyloxy-, diethyl ester-F"
Cacng2-S,2-Ethyl-1-butanol-F
Cacng2-S,4-tert-Butyldimethylsiloxy-3-penten-2-one-F
Cacng2-S,7-Hydroxy-4-(methoxymethyl)coumarin-F
Cacng2-S,Crotonic acid-F
Cacng2-S,"l-Leucine, n-butoxycarbonyl-N-methyl-, hexadecyl ester-F"
Cacng2-S,Synephrine-F
Cacng2-S,tert-butyl(dimethyl)silyl-2-([tert-butyl(dimethyl)silyl]oxy)hex-2-enoate-F
Tmem160-S,"2,4-Dimethoxybenzaldoxime-F"
Tmem160-S,"2,4-Di-tert-butylphenol-F"
Tmem160-S,Butanedioic acid-F
Tmem160-S,L-Glutamic acid-F
Tmem160-S,"l-Leucine, n-butoxycarbonyl-N-methyl-, hexadecyl ester-F"
Tmem160-S,L-Ornithine-F
Tmem160-S,Palmitic Acid-F
H13-S,"1,2-Bis(trimethylsiloxy)cyclohexene-F"
H13-S,"1-Pentene, 1,3-diphenyl-1-(trimethylsilyloxy)--F"
H13-S,"2,5-Dimethoxyphenol-F"
H13-S,"2,6-di-tert-Butyl-4-(dimethylaminomethyl)phenol-F"
H13-S,2-Ethyl-1-butanol-F
H13-S,3-(4-Methoxyphenyl)coumarin-F
H13-S,Azelaic acid-F
H13-S,L-(+)-Threose-F
H13-S,L-Pyroglutamic acid-F
H13-S,L-Serine-F
Utrn-S,2-Butoxyethanol-F
Utrn-S,2-Norbornanemethanol-F
Utrn-S,3-(4-Methoxyphenyl)coumarin-F
Utrn-S,L-(+)-Threose-F
Utrn-S,"l-Leucine, n-butoxycarbonyl-N-methyl-, hexadecyl ester-F"
Utrn-S,"l-Norvaline, n-propargyloxycarbonyl-, isohexyl ester-F"
Utrn-S,L-Val-L-Leu-F
Utrn-S,Xylazine-F
Fyn-S,"1,2-Bis(trimethylsiloxy)cyclohexene-F"
Fyn-S,1-Butanol-F
Fyn-S,2-Ethyl-1-butanol-F
Fyn-S,2-Norbornanemethanol-F
Fyn-S,3-(4-Methoxyphenyl)coumarin-F
Fyn-S,"5-Ethyl-1,3-dioxane-5-methanol, tert-butyldimethylsilyl ether-F"
Fyn-S,"Benzoic acid, methyl ester-F"
Fyn-S,L-(+)-Threose-F
Fyn-S,L-Serine-F
Fyn-S,tert-butyl(dimethyl)silyl-2-([tert-butyl(dimethyl)silyl]oxy)hex-2-enoate-F
Fyn-S,Tromethamine-F
Smpdl3a-S,"1,2-Cinnolinedicarboxylic acid, 1,2,3,5,6,7,8,8a-octahydro-4-trimethylsilyloxy-, diethyl ester-F"
Smpdl3a-S,"2,4-Dimethoxybenzaldoxime-F"
Smpdl3a-S,"2',5'-Dimethoxypropiophenone-F"
Smpdl3a-S,L-(+)-Threose-F
Smpdl3a-S,L-Ornithine-F
Smpdl3a-S,"Naringenin 4',7-dimethylether-F"
Smpdl3a-S,Palmitic Acid-F
Smpdl3a-S,Sarcosine-F
Bltp3b-S,1-Butanol-F
Bltp3b-S,"2,4-Di-tert-butylphenol-F"
Bltp3b-S,2-Norbornanemethanol-F
Bltp3b-S,4-tert-Butyldimethylsiloxy-3-penten-2-one-F
Bltp3b-S,"5-Ethyl-1,3-dioxane-5-methanol, tert-butyldimethylsilyl ether-F"
Bltp3b-S,7-Hydroxy-4-(methoxymethyl)coumarin-F
Bltp3b-S,L-Glutamic acid-F
Bltp3b-S,"l-Leucine, n-butoxycarbonyl-N-methyl-, hexadecyl ester-F"
Bltp3b-S,L-Serine-F
Bltp3b-S,Octacosanol-F
Med23-S,1-Butanol-F
Med23-S,"2,3-Dihydroxybutanoic acid-F"
Med23-S,"2,4-Di-tert-butylphenol-F"
Med23-S,2-Norbornanemethanol-F
Med23-S,7-Hydroxy-4-(methoxymethyl)coumarin-F
Med23-S,Ethanolamine-F
Med23-S,"l-Leucine, n-butoxycarbonyl-N-methyl-, hexadecyl ester-F"
Med23-S,L-Pyroglutamic acid-F
Med23-S,L-Serine-F
Med23-S,L-Val-L-Leu-F
Med23-S,Octacosanol-F
Cfap54-S,"1,2-Bis(trimethylsiloxy)cyclohexene-F"
Cfap54-S,"3,3-Dimethylacrylic acid-F"
Cfap54-S,4-tert-Butyldimethylsiloxy-3-penten-2-one-F
Cfap54-S,5-Nitroso-8-quinolinol-F
Cfap54-S,Chlorobenzilate-F
Cfap54-S,L-(+)-Threose-F
Cfap54-S,L-Ornithine-F
Cdk17-S,1-Butanol-F
Cdk17-S,"2,3-Dihydroxybutanoic acid-F"
Cdk17-S,2-Norbornanemethanol-F
Cdk17-S,3-(4-Methoxyphenyl)coumarin-F
Cdk17-S,7-Hydroxy-4-(methoxymethyl)coumarin-F
Cdk17-S,Chlorobenzilate-F
Cdk17-S,Ethanolamine-F
Cdk17-S,L-(+)-Threose-F
Cdk17-S,L-Glutamic acid-F
Cdk17-S,"l-Leucine, n-butoxycarbonyl-N-methyl-, hexadecyl ester-F"
Cdk17-S,L-Serine-F
Cdk17-S,Octacosanol-F
Micu1-S,"1-Pentene, 1,3-diphenyl-1-(trimethylsilyloxy)--F"
Micu1-S,2-Ethyl-1-butanol-F
Micu1-S,2-Norbornanemethanol-F
Micu1-S,3-(4-Methoxyphenyl)coumarin-F
Micu1-S,Diclofenac-F
Micu1-S,L-(+)-Threose-F
Micu1-S,Lactic acid-F
Micu1-S,L-Pyroglutamic acid-F
Micu1-S,L-Serine-F
Micu1-S,Phenol-F
Micu1-S,tert-butyl(dimethyl)silyl-2-([tert-butyl(dimethyl)silyl]oxy)hex-2-enoate-F
Slc1a4-S,"1,2-Bis(trimethylsiloxy)cyclohexene-F"
Slc1a4-S,"2,4-Dimethoxybenzaldoxime-F"
Slc1a4-S,"3,3-Dimethylacrylic acid-F"
Slc1a4-S,Butanedioic acid-F
Slc1a4-S,Chlorobenzilate-F
Slc1a4-S,Diclofenac-F
Slc1a4-S,L-Serine-F
Uqcr11-S,"1,2-Cinnolinedicarboxylic acid, 1,2,3,5,6,7,8,8a-octahydro-4-trimethylsilyloxy-, diethyl ester-F"
Uqcr11-S,"1-Pentene, 1,3-diphenyl-1-(trimethylsilyloxy)--F"
Uqcr11-S,2-Ethyl-1-butanol-F
Uqcr11-S,2-Norbornanemethanol-F
Uqcr11-S,3-(4-Methoxyphenyl)coumarin-F
Uqcr11-S,Azelaic acid-F
Uqcr11-S,L-(+)-Threose-F
Uqcr11-S,Lactic acid-F
Uqcr11-S,L-Pyroglutamic acid-F
Uqcr11-S,L-Serine-F
Uqcr11-S,Palmitic Acid-F
Uqcr11-S,Phenol-F
Uqcr11-S,tert-butyl(dimethyl)silyl-2-([tert-butyl(dimethyl)silyl]oxy)hex-2-enoate-F
Adora2a-S,2-Buten-1-ol-F
Adora2a-S,2-Ethyl-1-butanol-F
Adora2a-S,2-Norbornanemethanol-F
Adora2a-S,5-Nitroso-8-quinolinol-F
Adora2a-S,"l-Leucine, n-butoxycarbonyl-N-methyl-, hexadecyl ester-F"
Adora2a-S,L-Valine-F
Adora2a-S,"Propanoic acid, 3-[(tert-butyldimethylsilyl)oxy]-2-methyl--F"
Osbpl8-S,"1,2-Bis(trimethylsiloxy)cyclohexene-F"
Osbpl8-S,"1,2-Cinnolinedicarboxylic acid, 1,2,3,5,6,7,8,8a-octahydro-4-trimethylsilyloxy-, diethyl ester-F"
Osbpl8-S,"2,4-Dimethoxybenzaldoxime-F"
Osbpl8-S,3-(4-Methoxyphenyl)coumarin-F
Osbpl8-S,"Benzene, 1-ethyl-3,5-dimethyl-F"
Osbpl8-S,Diclofenac-F
Osbpl8-S,L-Serine-F
Osbpl8-S,L-Val-L-Leu-F
Zpbp-S,"1,2-Bis(trimethylsiloxy)cyclohexene-F"
Zpbp-S,1-Butanol-F
Zpbp-S,2-Norbornanemethanol-F
Zpbp-S,"5-Ethyl-1,3-dioxane-5-methanol, tert-butyldimethylsilyl ether-F"
Zpbp-S,L-(+)-Threose-F
Zpbp-S,L-Serine-F
Zpbp-S,L-Val-L-Leu-F
Zpbp-S,Supraene-F
Zpbp-S,tert-butyl(dimethyl)silyl-2-([tert-butyl(dimethyl)silyl]oxy)hex-2-enoate-F
Wif1-S,"1-(1-Hydroxybutyl)-2,5-dimethoxybenzene-F"
Wif1-S,"1,2-Cinnolinedicarboxylic acid, 1,2,3,5,6,7,8,8a-octahydro-4-trimethylsilyloxy-, diethyl ester-F"
Wif1-S,"3,3-Dimethylacrylic acid-F"
Wif1-S,4-tert-Butyldimethylsiloxy-3-penten-2-one-F
Wif1-S,7-Hydroxy-4-(methoxymethyl)coumarin-F
Wif1-S,"l-Leucine, n-butoxycarbonyl-N-methyl-, hexadecyl ester-F"
Wif1-S,N-Ethyldiethanolamine-F
Wif1-S,tert-butyl(dimethyl)silyl-2-([tert-butyl(dimethyl)silyl]oxy)hex-2-enoate-F
Vps13d-S,"1-Pentene, 1,3-diphenyl-1-(trimethylsilyloxy)--F"
Vps13d-S,"2-Methylcyclohexylamine, tert.-butyldimethylsilyl ether-F"
Vps13d-S,3-(4-Methoxyphenyl)coumarin-F
Vps13d-S,Diclofenac-F
Vps13d-S,Ethanolamine-F
Vps13d-S,L-(+)-Threose-F
Vps13d-S,"l-Leucine, n-butoxycarbonyl-N-methyl-, hexadecyl ester-F"
Vps13d-S,Sulindac-F
Vps13d-S,tert-butyl(dimethyl)silyl-2-([tert-butyl(dimethyl)silyl]oxy)hex-2-enoate-F
Ncln-S,"1-Pentene, 1,3-diphenyl-1-(trimethylsilyloxy)--F"
Ncln-S,2-Ethyl-1-butanol-F
Ncln-S,2-Norbornanemethanol-F
Ncln-S,3-(4-Methoxyphenyl)coumarin-F
Ncln-S,L-(+)-Threose-F
Ncln-S,"l-Leucine, n-butoxycarbonyl-N-methyl-, hexadecyl ester-F"
Ncln-S,tert-butyl(dimethyl)silyl-2-([tert-butyl(dimethyl)silyl]oxy)hex-2-enoate-F
Slc36a1-S,"1,2-Bis(trimethylsiloxy)cyclohexene-F"
Slc36a1-S,"1-Pentene, 1,3-diphenyl-1-(trimethylsilyloxy)--F"
Slc36a1-S,"2,4-Dimethoxybenzaldoxime-F"
Slc36a1-S,4-tert-Butyldimethylsiloxy-3-penten-2-one-F
Slc36a1-S,Aceturic acid-F
Slc36a1-S,Diclofenac-F
Slc36a1-S,Glycine-F
Slc36a1-S,L-Serine-F
Slc36a1-S,L-Val-L-Leu-F
Mrnip-S,"1,2-Bis(trimethylsiloxy)cyclohexene-F"
Mrnip-S,"1,2-Cinnolinedicarboxylic acid, 1,2,3,5,6,7,8,8a-octahydro-4-trimethylsilyloxy-, diethyl ester-F"
Mrnip-S,"2,4-Dimethoxybenzaldoxime-F"
Mrnip-S,4-tert-Butyldimethylsiloxy-3-penten-2-one-F
Mrnip-S,Diclofenac-F
Mrnip-S,L-Ornithine-F
Mrnip-S,L-Val-L-Leu-F
Cyria-S,"1,2-Bis(trimethylsiloxy)cyclohexene-F"
Cyria-S,"1,2-Cinnolinedicarboxylic acid, 1,2,3,5,6,7,8,8a-octahydro-4-trimethylsilyloxy-, diethyl ester-F"
Cyria-S,4-tert-Butyldimethylsiloxy-3-penten-2-one-F
Cyria-S,L-(+)-Threose-F
Cyria-S,L-Glutamic acid-F
Cyria-S,tert-butyl(dimethyl)silyl-2-([tert-butyl(dimethyl)silyl]oxy)hex-2-enoate-F
Hs1bp3-S,"1,2-Cinnolinedicarboxylic acid, 1,2,3,5,6,7,8,8a-octahydro-4-trimethylsilyloxy-, diethyl ester-F"
Hs1bp3-S,2-Norbornanemethanol-F
Hs1bp3-S,3-(4-Methoxyphenyl)coumarin-F
Hs1bp3-S,5-Nitroso-8-quinolinol-F
Hs1bp3-S,Ketamine-F
Hs1bp3-S,L-(+)-Threose-F
Hs1bp3-S,Lactic acid-F
Hs1bp3-S,"l-Leucine, n-butoxycarbonyl-N-methyl-, hexadecyl ester-F"
Hs1bp3-S,L-Serine-F
Hs1bp3-S,Phenol-F
Hs1bp3-S,tert-butyl(dimethyl)silyl-2-([tert-butyl(dimethyl)silyl]oxy)hex-2-enoate-F
Amz2-S,"1-Pentene, 1,3-diphenyl-1-(trimethylsilyloxy)--F"
Amz2-S,4-tert-Butyldimethylsiloxy-3-penten-2-one-F
Amz2-S,7-Hydroxy-4-(methoxymethyl)coumarin-F
Amz2-S,Azelaic acid-F
Amz2-S,"l-Leucine, n-butoxycarbonyl-N-methyl-, hexadecyl ester-F"
Amz2-S,L-Pyroglutamic acid-F
Amz2-S,L-Serine-F
Amz2-S,Octanoic acid-F
Amz2-S,Tromethamine-F
Map2k6-S,2-Methyl-3-pentanol-F
Map2k6-S,4-tert-Butyldimethylsiloxy-3-penten-2-one-F
Map2k6-S,5-Nitroso-8-quinolinol-F
Map2k6-S,7-Hydroxy-4-(methoxymethyl)coumarin-F
Map2k6-S,Diclofenac-F
Map2k6-S,"l-Leucine, n-butoxycarbonyl-N-methyl-, hexadecyl ester-F"
Fkbp1b-S,"1,2-Bis(trimethylsiloxy)cyclohexene-F"
Fkbp1b-S,"1-Pentene, 1,3-diphenyl-1-(trimethylsilyloxy)--F"
Fkbp1b-S,"2,4-Dimethoxybenzaldoxime-F"
Fkbp1b-S,Diclofenac-F
Fkbp1b-S,L-Serine-F
Rnf144a-S,"1,2-Cinnolinedicarboxylic acid, 1,2,3,5,6,7,8,8a-octahydro-4-trimethylsilyloxy-, diethyl ester-F"
Rnf144a-S,3-(4-Methoxyphenyl)coumarin-F
Rnf144a-S,Acetic acid-F
Rnf144a-S,"Benzene, 1-ethyl-3,5-dimethyl-F"
Rnf144a-S,Chlorobenzilate-F
Rnf144a-S,"l-Leucine, n-butoxycarbonyl-N-methyl-, hexadecyl ester-F"
Sntg2-S,4-tert-Butyldimethylsiloxy-3-penten-2-one-F
Sntg2-S,6-Nitroveratryl alcohol-F
Sntg2-S,7-Hydroxy-4-(methoxymethyl)coumarin-F
Sntg2-S,"Benzene, 1-ethyl-3,5-dimethyl-F"
Sntg2-S,Diclofenac-F
Sntg2-S,"l-Leucine, n-butoxycarbonyl-N-methyl-, hexadecyl ester-F"
Sntg2-S,L-Serine-F
Mrc2-S,"2,4-Dimethoxybenzaldoxime-F"
Mrc2-S,3-(4-Methoxyphenyl)coumarin-F
Mrc2-S,"4,5-Dihydro-1H-pyrazole-F"
Mrc2-S,5-Nitroso-8-quinolinol-F
Mrc2-S,L-Ornithine-F
Psmc5-S,"1,2-Cinnolinedicarboxylic acid, 1,2,3,5,6,7,8,8a-octahydro-4-trimethylsilyloxy-, diethyl ester-F"
Psmc5-S,"1-Pentene, 1,3-diphenyl-1-(trimethylsilyloxy)--F"
Psmc5-S,"2,6-di-tert-Butyl-4-(dimethylaminomethyl)phenol-F"
Psmc5-S,2-Ethyl-1-butanol-F
Psmc5-S,3-(4-Methoxyphenyl)coumarin-F
Psmc5-S,Diclofenac-F
Psmc5-S,L-(+)-Threose-F
Psmc5-S,L-Pyroglutamic acid-F
Psmc5-S,L-Serine-F
Psmc5-S,Phenol-F
Polg2-S,"1,2-Cinnolinedicarboxylic acid, 1,2,3,5,6,7,8,8a-octahydro-4-trimethylsilyloxy-, diethyl ester-F"
Polg2-S,4-tert-Butyldimethylsiloxy-3-penten-2-one-F
Polg2-S,"Benzene, 1-ethyl-3,5-dimethyl-F"
Polg2-S,"Cyclopentaneacetic acid, 3-oxo-2-pentyl-, methyl ester-F"
Polg2-S,L-(+)-Threose-F
Polg2-S,L-Ornithine-F
Polg2-S,Sarcosine-F
Polg2-S,tert-butyl(dimethyl)silyl-2-([tert-butyl(dimethyl)silyl]oxy)hex-2-enoate-F
Psmd12-S,"1,2-Bis(trimethylsiloxy)cyclohexene-F"
Psmd12-S,"1,2-Cinnolinedicarboxylic acid, 1,2,3,5,6,7,8,8a-octahydro-4-trimethylsilyloxy-, diethyl ester-F"
Psmd12-S,"1-Pentene, 1,3-diphenyl-1-(trimethylsilyloxy)--F"
Psmd12-S,3-(4-Methoxyphenyl)coumarin-F
Psmd12-S,L-Serine-F
Psmd12-S,Palmitic Acid-F
Cacng4-S,"1,2-Bis(trimethylsiloxy)cyclohexene-F"
Cacng4-S,"1-Pentene, 1,3-diphenyl-1-(trimethylsilyloxy)--F"
Cacng4-S,2-Ethyl-1-butanol-F
Cacng4-S,2-Norbornanemethanol-F
Cacng4-S,Benzophenone-F
Cacng4-S,Diclofenac-F
Cacng4-S,L-(+)-Threose-F
Cacng4-S,L-Pyroglutamic acid-F
Cacng4-S,L-Serine-F
Cacng4-S,"Propanoic acid, 3-[(tert-butyldimethylsilyl)oxy]-2-methyl--F"
Rhbdf2-S,4-tert-Butyldimethylsiloxy-3-penten-2-one-F
Rhbdf2-S,"Benzaldehyde, 2,5-dimethoxy-F"
Wscd1-S,"1,2-Bis(trimethylsiloxy)cyclohexene-F"
Wscd1-S,"1,2-Cinnolinedicarboxylic acid, 1,2,3,5,6,7,8,8a-octahydro-4-trimethylsilyloxy-, diethyl ester-F"
Wscd1-S,2-Ethyl-1-butanol-F
Wscd1-S,2-Norbornanemethanol-F
Wscd1-S,3-(4-Methoxyphenyl)coumarin-F
Wscd1-S,Diclofenac-F
Wscd1-S,L-(+)-Threose-F
Wscd1-S,Lactic acid-F
Wscd1-S,L-Pyroglutamic acid-F
Wscd1-S,L-Serine-F
Wscd1-S,Phenol-F
Wscd1-S,tert-butyl(dimethyl)silyl-2-([tert-butyl(dimethyl)silyl]oxy)hex-2-enoate-F
Wscd1-S,Uracil-F
Sec14l1-S,"1,2-Cinnolinedicarboxylic acid, 1,2,3,5,6,7,8,8a-octahydro-4-trimethylsilyloxy-, diethyl ester-F"
Sec14l1-S,2-Ethyl-1-butanol-F
Sec14l1-S,"2-Methylcyclohexylamine, tert.-butyldimethylsilyl ether-F"
Sec14l1-S,2-Norbornanemethanol-F
Sec14l1-S,3-(4-Methoxyphenyl)coumarin-F
Sec14l1-S,4-Methylvaleric acid-F
Sec14l1-S,7-Hydroxy-4-(methoxymethyl)coumarin-F
Sec14l1-S,Adipoyl-L-carnitine-F
Sec14l1-S,L-(+)-Threose-F
Sec14l1-S,"l-Leucine, n-butoxycarbonyl-N-methyl-, hexadecyl ester-F"
Map3k14-S,"1,2-Bis(trimethylsiloxy)cyclohexene-F"
Map3k14-S,"1,2-Cyclohexanediol, (Z)-F"
Map3k14-S,"2,4-Dimethoxybenzaldoxime-F"
Map3k14-S,2-Hydroxy-3-methylbutyric acid-F
Map3k14-S,2-Norbornanemethanol-F
Map3k14-S,4-tert-Butyldimethylsiloxy-3-penten-2-one-F
Map3k14-S,Diclofenac-F
Map3k14-S,L-Serine-F
Map3k14-S,tert-butyl(dimethyl)silyl-2-([tert-butyl(dimethyl)silyl]oxy)hex-2-enoate-F
Coch-S,"1,2-Cinnolinedicarboxylic acid, 1,2,3,5,6,7,8,8a-octahydro-4-trimethylsilyloxy-, diethyl ester-F"
Coch-S,1-Octadecanol-F
Coch-S,"1-Pentene, 1,3-diphenyl-1-(trimethylsilyloxy)--F"
Coch-S,2-Norbornanemethanol-F
Coch-S,3-(4-Methoxyphenyl)coumarin-F
Coch-S,5-Nitroso-8-quinolinol-F
Coch-S,L-(+)-Threose-F
Coch-S,"l-Leucine, n-butoxycarbonyl-N-methyl-, hexadecyl ester-F"
Coch-S,L-Lysine-F
Coch-S,L-Val-L-Leu-F
Vrk1-S,2-Norbornanemethanol-F
Vrk1-S,"3,3-Dimethylacrylic acid-F"
Vrk1-S,"3,4-Methylenedioxyamphetamine-F"
Vrk1-S,4-tert-Butyldimethylsiloxy-3-penten-2-one-F
Vrk1-S,5-Nitroso-8-quinolinol-F
Vrk1-S,"Benzene, 1-ethyl-3,5-dimethyl-F"
Vrk1-S,L-(+)-Threose-F
Vrk1-S,"l-Leucine, n-butoxycarbonyl-N-methyl-, hexadecyl ester-F"
Vrk1-S,L-Val-L-Leu-F
Vti1b-S,"1,2-Bis(trimethylsiloxy)cyclohexene-F"
Vti1b-S,"1,2-Cinnolinedicarboxylic acid, 1,2,3,5,6,7,8,8a-octahydro-4-trimethylsilyloxy-, diethyl ester-F"
Vti1b-S,"1-Pentene, 1,3-diphenyl-1-(trimethylsilyloxy)--F"
Vti1b-S,2-Ethyl-1-butanol-F
Vti1b-S,2-Norbornanemethanol-F
Vti1b-S,3-(4-Methoxyphenyl)coumarin-F
Vti1b-S,Diclofenac-F
Vti1b-S,L-(+)-Threose-F
Vti1b-S,L-Pyroglutamic acid-F
Vti1b-S,L-Serine-F
Vti1b-S,Phenol-F
Vti1b-S,tert-butyl(dimethyl)silyl-2-([tert-butyl(dimethyl)silyl]oxy)hex-2-enoate-F
Galnt16-S,"1,2-Cinnolinedicarboxylic acid, 1,2,3,5,6,7,8,8a-octahydro-4-trimethylsilyloxy-, diethyl ester-F"
Galnt16-S,"1-Pentene, 1,3-diphenyl-1-(trimethylsilyloxy)--F"
Galnt16-S,"2-Methylcyclohexanol, (Z)-F"
Galnt16-S,3-(4-Methoxyphenyl)coumarin-F
Galnt16-S,"l-Leucine, n-butoxycarbonyl-N-methyl-, hexadecyl ester-F"
Galnt16-S,L-Ornithine-F
Galnt16-S,L-Val-L-Leu-F
Galnt16-S,Monocaproin-F
Slc25a29-S,"1,2-Cinnolinedicarboxylic acid, 1,2,3,5,6,7,8,8a-octahydro-4-trimethylsilyloxy-, diethyl ester-F"
Slc25a29-S,"1-Pentene, 1,3-diphenyl-1-(trimethylsilyloxy)--F"
Slc25a29-S,2-Cyanobenzaldehyde-F
Slc25a29-S,4-tert-Butyldimethylsiloxy-3-penten-2-one-F
Slc25a29-S,Aceturic acid-F
Slc25a29-S,Diclofenac-F
Slc25a29-S,L-Glutamic acid-F
Slc25a29-S,"l-Leucine, n-butoxycarbonyl-N-methyl-, hexadecyl ester-F"
Slc25a29-S,L-Serine-F
Slc25a29-S,L-Val-L-Leu-F
Wars1-S,"1,2-Cinnolinedicarboxylic acid, 1,2,3,5,6,7,8,8a-octahydro-4-trimethylsilyloxy-, diethyl ester-F"
Wars1-S,"1-Pentene, 1,3-diphenyl-1-(trimethylsilyloxy)--F"
Wars1-S,3-(4-Methoxyphenyl)coumarin-F
Wars1-S,Azelaic acid-F
Wars1-S,L-Serine-F
Wars1-S,Palmitic Acid-F
Ppp1r13b-S,"1,2-Cinnolinedicarboxylic acid, 1,2,3,5,6,7,8,8a-octahydro-4-trimethylsilyloxy-, diethyl ester-F"
Ppp1r13b-S,2-Decanol-F
Ppp1r13b-S,4-tert-Butyldimethylsiloxy-3-penten-2-one-F
Ppp1r13b-S,7-Hydroxy-4-(methoxymethyl)coumarin-F
Ppp1r13b-S,Cycloheptanol-F
Ppp1r13b-S,Diacetyl monoxime-F
Ppp1r13b-S,Diclofenac-F
Ppp1r13b-S,Octanoic acid-F
Ppp1r13b-S,tert-butyl(dimethyl)silyl-2-([tert-butyl(dimethyl)silyl]oxy)hex-2-enoate-F
Tpmt-S,"1,2-Bis(trimethylsiloxy)cyclohexene-F"
Tpmt-S,"2,4-Dimethoxybenzaldoxime-F"
Tpmt-S,"3,4-Methylenedioxyamphetamine-F"
Tpmt-S,4-tert-Butyldimethylsiloxy-3-penten-2-one-F
Tpmt-S,5-Nitroso-8-quinolinol-F
Tpmt-S,"Benzene, 1-ethyl-3,5-dimethyl-F"
Tpmt-S,Diclofenac-F
Tpmt-S,L-Pyroglutamic acid-F
Tpmt-S,L-Serine-F
Tpmt-S,tert-butyl(dimethyl)silyl-2-([tert-butyl(dimethyl)silyl]oxy)hex-2-enoate-F
Id4-S,"1,2-Cinnolinedicarboxylic acid, 1,2,3,5,6,7,8,8a-octahydro-4-trimethylsilyloxy-, diethyl ester-F"
Id4-S,"2,4,6-Cycloheptatrien-1-one-F"
Id4-S,2-Norbornanemethanol-F
Id4-S,3-(4-Methoxyphenyl)coumarin-F
Id4-S,"Benzene, 1-ethyl-3,5-dimethyl-F"
Id4-S,"l-Leucine, n-butoxycarbonyl-N-methyl-, hexadecyl ester-F"
Id4-S,"Oxymorphone, bis(trimethylsilyl) ether-F"
Sema4d-S,"1,2-Bis(trimethylsiloxy)cyclohexene-F"
Sema4d-S,"1,2-Cinnolinedicarboxylic acid, 1,2,3,5,6,7,8,8a-octahydro-4-trimethylsilyloxy-, diethyl ester-F"
Sema4d-S,"1-Pentene, 1,3-diphenyl-1-(trimethylsilyloxy)--F"
Sema4d-S,4-tert-Butyldimethylsiloxy-3-penten-2-one-F
Sema4d-S,6-Nitroveratryl alcohol-F
Sema4d-S,7-Hydroxy-4-(methoxymethyl)coumarin-F
Sema4d-S,L-Serine-F
Sema4d-S,tert-butyl(dimethyl)silyl-2-([tert-butyl(dimethyl)silyl]oxy)hex-2-enoate-F
Fancc-S,"1,2-Cinnolinedicarboxylic acid, 1,2,3,5,6,7,8,8a-octahydro-4-trimethylsilyloxy-, diethyl ester-F"
Fancc-S,"2',5'-Dimethoxypropiophenone-F"
Fancc-S,2-Norbornanemethanol-F
Fancc-S,3-(4-Methoxyphenyl)coumarin-F
Fancc-S,5-Nitroso-8-quinolinol-F
Fancc-S,7-Hydroxy-4-(methoxymethyl)coumarin-F
Fancc-S,Adipoyl-L-carnitine-F
Fancc-S,Cyclooctylamine-F
Fancc-S,"l-Leucine, n-butoxycarbonyl-N-methyl-, hexadecyl ester-F"
Zfp346-S,3-(4-Methoxyphenyl)coumarin-F
Zfp346-S,"3,3-Dimethylacrylic acid-F"
Zfp346-S,"4,5-Dihydro-1H-pyrazole-F"
Zfp346-S,Benzenepropanoic acid-F
Zfp346-S,L-(+)-Threose-F
Zfp346-S,Oxalic acid-F
Ddx46-S,"1,2-Cinnolinedicarboxylic acid, 1,2,3,5,6,7,8,8a-octahydro-4-trimethylsilyloxy-, diethyl ester-F"
Ddx46-S,"1-Pentene, 1,3-diphenyl-1-(trimethylsilyloxy)--F"
Ddx46-S,2-Norbornanemethanol-F
Ddx46-S,7-Hydroxy-4-(methoxymethyl)coumarin-F
Ddx46-S,Benzophenone-F
Ddx46-S,L-(+)-Threose-F
Ddx46-S,"l-Leucine, n-butoxycarbonyl-N-methyl-, hexadecyl ester-F"
Adcy2-S,"1,2-Bis(trimethylsiloxy)cyclohexene-F"
Adcy2-S,"1-Pentene, 1,3-diphenyl-1-(trimethylsilyloxy)--F"
Adcy2-S,"2,4-Dimethoxybenzaldoxime-F"
Adcy2-S,"3,3-Dimethylacrylic acid-F"
Adcy2-S,Diclofenac-F
Adcy2-S,L-Serine-F
Ndufs6-S,"1,2-Bis(trimethylsiloxy)cyclohexene-F"
Ndufs6-S,1-Butanol-F
Ndufs6-S,"1-Pentene, 1,3-diphenyl-1-(trimethylsilyloxy)--F"
Ndufs6-S,2-Ethyl-1-butanol-F
Ndufs6-S,"2-Methylcyclohexylamine, tert.-butyldimethylsilyl ether-F"
Ndufs6-S,2-Norbornanemethanol-F
Ndufs6-S,5-Oxohexanoic Acid-F
Ndufs6-S,7-Hydroxy-4-(methoxymethyl)coumarin-F
Ndufs6-S,Ethanolamine-F
Ndufs6-S,L-(+)-Threose-F
Ndufs6-S,L-Serine-F
Ndufs6-S,L-Threonine-F
Arhgef28-S,"2,4-Dimethoxybenzaldoxime-F"
Arhgef28-S,2-Ethyl-1-butanol-F
Arhgef28-S,"2-Methylcyclohexylamine, tert.-butyldimethylsilyl ether-F"
Arhgef28-S,2-Norbornanemethanol-F
Arhgef28-S,3-(4-Methoxyphenyl)coumarin-F
Arhgef28-S,5-Nitroso-8-quinolinol-F
Arhgef28-S,Glycerol-F
Arhgef28-S,L-(+)-Threose-F
Arhgef28-S,L-Serine-F
Arhgef28-S,L-Val-L-Leu-F
Mtx3-S,"1,2-Cinnolinedicarboxylic acid, 1,2,3,5,6,7,8,8a-octahydro-4-trimethylsilyloxy-, diethyl ester-F"
Mtx3-S,1-Octadecanol-F
Mtx3-S,2-Norbornanemethanol-F
Mtx3-S,4-tert-Butyldimethylsiloxy-3-penten-2-one-F
Mtx3-S,5-Nitroso-8-quinolinol-F
Mtx3-S,"l-Leucine, n-butoxycarbonyl-N-methyl-, hexadecyl ester-F"
Mtx3-S,L-Lysine-F
Mtx3-S,Lupinine-F
Mtx3-S,L-Val-L-Leu-F
Mtx3-S,Methyl lactate-F
Mtx3-S,N-Ethyldiethanolamine-F
Mtx3-S,Norephedrine-F
Mtx3-S,Thymol-F
Htr1a-S,"2,4-Dimethoxybenzaldoxime-F"
Htr1a-S,2-Ethyl-1-butanol-F
Htr1a-S,"3,3-Dimethylacrylic acid-F"
Htr1a-S,"4,5-Dihydro-1H-pyrazole-F"
Htr1a-S,L-Serine-F
Nid2-S,"1,2-Cinnolinedicarboxylic acid, 1,2,3,5,6,7,8,8a-octahydro-4-trimethylsilyloxy-, diethyl ester-F"
Nid2-S,2-Buten-1-ol-F
Nid2-S,2-Norbornanemethanol-F
Nid2-S,5-Nitroso-8-quinolinol-F
Nid2-S,"l-Leucine, n-butoxycarbonyl-N-methyl-, hexadecyl ester-F"
Nid2-S,L-Threonine-F
Cacna2d3-S,"1,2-Bis(trimethylsiloxy)cyclohexene-F"
Cacna2d3-S,"1,2-Cinnolinedicarboxylic acid, 1,2,3,5,6,7,8,8a-octahydro-4-trimethylsilyloxy-, diethyl ester-F"
Cacna2d3-S,"2,4-Dimethoxybenzaldoxime-F"
Cacna2d3-S,2-Ethyl-1-butanol-F
Cacna2d3-S,2-Norbornanemethanol-F
Cacna2d3-S,3-(4-Methoxyphenyl)coumarin-F
Cacna2d3-S,5-Nitroso-8-quinolinol-F
Cacna2d3-S,Diclofenac-F
Cacna2d3-S,L-Pyroglutamic acid-F
Cacna2d3-S,L-Serine-F
Cacna2d3-S,L-Val-L-Leu-F
Slc25a30-S,"2,4-Di-tert-butylphenol-F"
Slc25a30-S,4-tert-Butyldimethylsiloxy-3-penten-2-one-F
Slc25a30-S,5-Nitroso-8-quinolinol-F
Slc25a30-S,"Benzene, 1-ethyl-3,5-dimethyl-F"
Slc25a30-S,"l-Leucine, n-butoxycarbonyl-N-methyl-, hexadecyl ester-F"
Slc25a30-S,L-Ornithine-F
Slc25a30-S,Oleamide-F
Rhobtb2-S,"1,2-Cinnolinedicarboxylic acid, 1,2,3,5,6,7,8,8a-octahydro-4-trimethylsilyloxy-, diethyl ester-F"
Rhobtb2-S,"2,5-Dimethoxyphenol-F"
Rhobtb2-S,2-Norbornanemethanol-F
Rhobtb2-S,4-tert-Butyldimethylsiloxy-3-penten-2-one-F
Rhobtb2-S,"6-Methoxy-1-methyl-1,2,3,4-tetrahydroisoquinolin-7-ol-F"
Rhobtb2-S,"l-Leucine, n-butoxycarbonyl-N-methyl-, hexadecyl ester-F"
Rhobtb2-S,L-Lysine-F
Rhobtb2-S,L-Val-L-Leu-F
Rhobtb2-S,Methyl lactate-F
Rhobtb2-S,Uracil-F
Gfra2-S,"2,4-Dimethoxybenzaldoxime-F"
Gfra2-S,"3,3-Dimethylacrylic acid-F"
Gfra2-S,"4,5-Dihydro-1H-pyrazole-F"
Gfra2-S,Chlorobenzilate-F
Gfra2-S,L-Serine-F
Gpr180-S,"1-(1-Hydroxybutyl)-2,5-dimethoxybenzene-F"
Gpr180-S,"1-Octanol, 2-butyl--F"
Gpr180-S,2-Norbornanemethanol-F
Gpr180-S,"3,3-Dimethylacrylic acid-F"
Gpr180-S,3-Amino-5-methylisoxazole-F
Gpr180-S,4-tert-Butyldimethylsiloxy-3-penten-2-one-F
Gpr180-S,7-Hydroxy-4-(methoxymethyl)coumarin-F
Gpr180-S,"Benzene, 1-ethyl-3,5-dimethyl-F"
Gpr180-S,"l-Leucine, n-butoxycarbonyl-N-methyl-, hexadecyl ester-F"
Gpr180-S,L-Ornithine-F
Gpr180-S,Sarcosine-F
Gpr180-S,tert-butyl(dimethyl)silyl-2-([tert-butyl(dimethyl)silyl]oxy)hex-2-enoate-F
Ajuba-S,"3,3-Dimethylacrylic acid-F"
Ajuba-S,"Benzene, 1-ethyl-3,5-dimethyl-F"
Ajuba-S,L-(+)-Threose-F
Ajuba-S,Synephrine-F
Acin1-S,"2,4-Di-tert-butylphenol-F"
Acin1-S,2-Norbornanemethanol-F
Acin1-S,4-tert-Butyldimethylsiloxy-3-penten-2-one-F
Acin1-S,5-Nitroso-8-quinolinol-F
Acin1-S,7-Hydroxy-4-(methoxymethyl)coumarin-F
Acin1-S,"Benzene, 1-ethyl-3,5-dimethyl-F"
Acin1-S,Hypoxanthine-F
Acin1-S,"l-Leucine, n-butoxycarbonyl-N-methyl-, hexadecyl ester-F"
Acin1-S,tert-butyl(dimethyl)silyl-2-([tert-butyl(dimethyl)silyl]oxy)hex-2-enoate-F
Pabpn1-S,"1-(2,5-Dimethoxyphenyl)-1-[(trimethylsilyl)oxy]propan-2-amine-F"
Pabpn1-S,2-Norbornanemethanol-F
Pabpn1-S,3-(4-Methoxyphenyl)coumarin-F
Pabpn1-S,"3,3-Dimethylacrylic acid-F"
Pabpn1-S,5-Nitroso-8-quinolinol-F
Pabpn1-S,Glycolic acid-F
Pabpn1-S,Isopropylamine-F
Pabpn1-S,"l-Leucine, n-butoxycarbonyl-N-methyl-, hexadecyl ester-F"
Pabpn1-S,L-Ornithine-F
Pabpn1-S,Propanoic acid-F
Pabpn1-S,tert-butyl(dimethyl)silyl-2-([tert-butyl(dimethyl)silyl]oxy)hex-2-enoate-F
6030458C11Rik-S,"3,3-Dimethylacrylic acid-F"
6030458C11Rik-S,"4,5-Dihydro-1H-pyrazole-F"
6030458C11Rik-S,4-tert-Butyldimethylsiloxy-3-penten-2-one-F
6030458C11Rik-S,7-Hydroxy-4-(methoxymethyl)coumarin-F
6030458C11Rik-S,"Benzene, 1-ethyl-3,5-dimethyl-F"
6030458C11Rik-S,Diclofenac-F
6030458C11Rik-S,L-Ornithine-F
6030458C11Rik-S,Suberic acid-F
6030458C11Rik-S,tert-butyl(dimethyl)silyl-2-([tert-butyl(dimethyl)silyl]oxy)hex-2-enoate-F
Laptm4b-S,"1-Pentene, 1,3-diphenyl-1-(trimethylsilyloxy)--F"
Laptm4b-S,"2,4-Dimethoxybenzaldoxime-F"
Laptm4b-S,3-(4-Methoxyphenyl)coumarin-F
Laptm4b-S,Aceturic acid-F
Laptm4b-S,L-Glutamic acid-F
Laptm4b-S,"l-Leucine, n-butoxycarbonyl-N-methyl-, hexadecyl ester-F"
Laptm4b-S,L-Ornithine-F
Laptm4b-S,L-Val-L-Leu-F
Slc25a32-S,1-(tert-Butyldimethylsilyl)-4-methyl-1H-pyrazole-F
Slc25a32-S,2-Naphthol-F
Slc25a32-S,3-(4-Methoxyphenyl)coumarin-F
Slc25a32-S,7-Hydroxy-4-(methoxymethyl)coumarin-F
Slc25a32-S,Heptylamine-F
Slc25a32-S,L-Ornithine-F
Slc25a32-S,tert-butyl(dimethyl)silyl-2-([tert-butyl(dimethyl)silyl]oxy)hex-2-enoate-F
Oxr1-S,"2,4-Dimethoxybenzaldoxime-F"
Oxr1-S,3-(4-Methoxyphenyl)coumarin-F
Oxr1-S,"l-Leucine, n-butoxycarbonyl-N-methyl-, hexadecyl ester-F"
Oxr1-S,L-Val-L-Leu-F
Ebag9-S,"1,2-Bis(trimethylsiloxy)cyclohexene-F"
Ebag9-S,1-Octadecanol-F
Ebag9-S,"1-Pentene, 1,3-diphenyl-1-(trimethylsilyloxy)--F"
Ebag9-S,"2,4-Dimethoxybenzaldoxime-F"
Ebag9-S,2-Norbornanemethanol-F
Ebag9-S,4-tert-Butyldimethylsiloxy-3-penten-2-one-F
Ebag9-S,5-Nitroso-8-quinolinol-F
Ebag9-S,Diclofenac-F
Ebag9-S,L-Pyroglutamic acid-F
Ebag9-S,L-Serine-F
Ebag9-S,Lupinine-F
Ebag9-S,L-Val-L-Leu-F
Ebag9-S,Myristic acid-F
Derl1-S,"1,2-Bis(trimethylsiloxy)cyclohexene-F"
Derl1-S,"1-Pentene, 1,3-diphenyl-1-(trimethylsilyloxy)--F"
Derl1-S,"2,4-Dimethoxybenzaldoxime-F"
Derl1-S,4-tert-Butyldimethylsiloxy-3-penten-2-one-F
Derl1-S,Chlorobenzilate-F
Derl1-S,Diclofenac-F
Derl1-S,"Glycine, tert.-butyldimethylsilyl ester-F"
Derl1-S,L-Serine-F
Derl1-S,tert-butyl(dimethyl)silyl-2-([tert-butyl(dimethyl)silyl]oxy)hex-2-enoate-F
Sh3bp1-S,"1-Pentene, 1,3-diphenyl-1-(trimethylsilyloxy)--F"
Sh3bp1-S,"2,4-Dimethoxybenzaldoxime-F"
Sh3bp1-S,"3,3-Dimethylacrylic acid-F"
Sh3bp1-S,4-tert-Butyldimethylsiloxy-3-penten-2-one-F
Sh3bp1-S,5-Nitroso-8-quinolinol-F
Sh3bp1-S,Glycolic acid-F
Sh3bp1-S,"l-Leucine, n-butoxycarbonyl-N-methyl-, hexadecyl ester-F"
Sh3bp1-S,L-Serine-F
Sh3bp1-S,tert-butyl(dimethyl)silyl-2-([tert-butyl(dimethyl)silyl]oxy)hex-2-enoate-F
Parvg-S,"1,2-Bis(trimethylsiloxy)cyclohexene-F"
Parvg-S,"1-Pentene, 1,3-diphenyl-1-(trimethylsilyloxy)--F"
Parvg-S,"2,4-Dimethoxybenzaldoxime-F"
Parvg-S,3-(4-Methoxyphenyl)coumarin-F
Parvg-S,Diclofenac-F
Parvg-S,L-Val-L-Leu-F
Parvg-S,Oleamide-F
Pmm1-S,"1,2-Bis(trimethylsiloxy)cyclohexene-F"
Pmm1-S,"1,2-Cinnolinedicarboxylic acid, 1,2,3,5,6,7,8,8a-octahydro-4-trimethylsilyloxy-, diethyl ester-F"
Pmm1-S,"1-Pentene, 1,3-diphenyl-1-(trimethylsilyloxy)--F"
Pmm1-S,3-(4-Methoxyphenyl)coumarin-F
Pmm1-S,7-Hydroxy-4-(methoxymethyl)coumarin-F
Pmm1-S,Diclofenac-F
Pmm1-S,L-(+)-Threose-F
Pmm1-S,L-Pyroglutamic acid-F
Pmm1-S,L-Serine-F
Ly6h-S,"1,2-Bis(trimethylsiloxy)cyclohexene-F"
Ly6h-S,3-(4-Methoxyphenyl)coumarin-F
Ly6h-S,4-Methoxyphenol-F
Ly6h-S,5-Nitroso-8-quinolinol-F
Ly6h-S,"Benzene, 1-ethyl-3,5-dimethyl-F"
Ly6h-S,Curcumin-F
Ly6h-S,L-(+)-Threose-F
Ly6h-S,Niacinamide-F
Ly6e-S,"1-Pentene, 1,3-diphenyl-1-(trimethylsilyloxy)--F"
Ly6e-S,"2,3-Butanediol, O-(trimethylsilyl)-, monoacetate-F"
Ly6e-S,"2,4-Dimethoxybenzaldoxime-F"
Ly6e-S,"2-Methylcyclohexanol, (Z)-F"
Ly6e-S,3-(4-Methoxyphenyl)coumarin-F
Ly6e-S,"4,5-Dihydro-1H-pyrazole-F"
Ly6e-S,L-Serine-F
Ly6e-S,L-Val-L-Leu-F
Mapk8ip2-S,"1,2-Cinnolinedicarboxylic acid, 1,2,3,5,6,7,8,8a-octahydro-4-trimethylsilyloxy-, diethyl ester-F"
Mapk8ip2-S,"1-Octanol, 2-butyl--F"
Mapk8ip2-S,"2,4,6-Cycloheptatrien-1-one-F"
Mapk8ip2-S,"2,4-Dimethoxybenzaldoxime-F"
Mapk8ip2-S,4-tert-Butyldimethylsiloxy-3-penten-2-one-F
Mapk8ip2-S,"l-Leucine, n-butoxycarbonyl-N-methyl-, hexadecyl ester-F"
Mapk8ip2-S,Octanoic acid-F
Mapk8ip2-S,"Propanoic acid, dimethyl(isopropyl)silyl ester-F"
Nit2-S,"2,4,4'-Trihydroxybenzophenone-F"
Nit2-S,3-(4-Methoxyphenyl)coumarin-F
Nit2-S,3-Amino-5-methylisoxazole-F
Nit2-S,"Benzene, 1-ethyl-3,5-dimethyl-F"
Nit2-S,L-(+)-Threose-F
Nit2-S,"l-Leucine, n-butoxycarbonyl-N-methyl-, hexadecyl ester-F"
Tomm70a-S,"1,2-Bis(trimethylsiloxy)cyclohexene-F"
Tomm70a-S,"1,2-Cinnolinedicarboxylic acid, 1,2,3,5,6,7,8,8a-octahydro-4-trimethylsilyloxy-, diethyl ester-F"
Tomm70a-S,2-Ethyl-1-butanol-F
Tomm70a-S,"2-Methylcyclohexylamine, tert.-butyldimethylsilyl ether-F"
Tomm70a-S,2-Norbornanemethanol-F
Tomm70a-S,3-(4-Methoxyphenyl)coumarin-F
Tomm70a-S,Diclofenac-F
Tomm70a-S,L-(+)-Threose-F
Tomm70a-S,L-Pyroglutamic acid-F
Tomm70a-S,L-Serine-F
Tomm70a-S,L-Val-L-Leu-F
Tomm70a-S,Synephrine-F
Tomm70a-S,Xylazine-F
Ncbp2-S,"1,2-Bis(trimethylsiloxy)cyclohexene-F"
Ncbp2-S,"2,4-Dimethoxybenzaldoxime-F"
Ncbp2-S,3-(4-Methoxyphenyl)coumarin-F
Ncbp2-S,"3,3-Dimethylacrylic acid-F"
Ncbp2-S,5-Hydroxy-7-methoxy-2-methyl-3-phenyl-4-chromenone-F
Ncbp2-S,L-Ornithine-F
Ncbp2-S,Sarcosine-F
Adcy5-S,"1,2-Cinnolinedicarboxylic acid, 1,2,3,5,6,7,8,8a-octahydro-4-trimethylsilyloxy-, diethyl ester-F"
Adcy5-S,2-Ethyl-1-butanol-F
Adcy5-S,2-Norbornanemethanol-F
Adcy5-S,3-(4-Methoxyphenyl)coumarin-F
Adcy5-S,4-Methylvaleric acid-F
Adcy5-S,L-(+)-Threose-F
Adcy5-S,"l-Leucine, n-butoxycarbonyl-N-methyl-, hexadecyl ester-F"
Adcy5-S,L-Lysine-F
Adcy5-S,"l-Norvaline, n-propargyloxycarbonyl-, isohexyl ester-F"
Adcy5-S,L-Val-L-Leu-F
Adcy5-S,Xylazine-F
Pdia5-S,"1,2-Cinnolinedicarboxylic acid, 1,2,3,5,6,7,8,8a-octahydro-4-trimethylsilyloxy-, diethyl ester-F"
Pdia5-S,"1-Pentene, 1,3-diphenyl-1-(trimethylsilyloxy)--F"
Pdia5-S,2-Ethyl-1-butanol-F
Pdia5-S,7-Hydroxy-4-(methoxymethyl)coumarin-F
Pdia5-S,Chlorobenzilate-F
Pdia5-S,"l-Leucine, n-butoxycarbonyl-N-methyl-, hexadecyl ester-F"
D16Ertd472e-S,1-Butanol-F
D16Ertd472e-S,2-Ethyl-1-butanol-F
D16Ertd472e-S,2-Norbornanemethanol-F
D16Ertd472e-S,4-tert-Butyldimethylsiloxy-3-penten-2-one-F
D16Ertd472e-S,5-Oxohexanoic Acid-F
D16Ertd472e-S,Diclofenac-F
D16Ertd472e-S,"l-Leucine, n-butoxycarbonyl-N-methyl-, hexadecyl ester-F"
D16Ertd472e-S,Lupinine-F
D16Ertd472e-S,L-Val-L-Leu-F
Cxadr-S,"1,2-Bis(trimethylsiloxy)cyclohexene-F"
Cxadr-S,1-Butanol-F
Cxadr-S,2-Norbornanemethanol-F
Cxadr-S,3-(4-Methoxyphenyl)coumarin-F
Cxadr-S,"Benzene, 1-ethyl-3,5-dimethyl-F"
Cxadr-S,Diclofenac-F
Cxadr-S,L-(+)-Threose-F
Cxadr-S,tert-butyl(dimethyl)silyl-2-([tert-butyl(dimethyl)silyl]oxy)hex-2-enoate-F
Atp5po-S,"1,2-Bis(trimethylsiloxy)cyclohexene-F"
Atp5po-S,"2',5'-Dimethoxypropiophenone-F"
Atp5po-S,3-(4-Methoxyphenyl)coumarin-F
Atp5po-S,Aceturic acid-F
Atp5po-S,alpha-Hydroxyisobutyric acid-F
Atp5po-S,Cyclooctylamine-F
Atp5po-S,L-(+)-Threose-F
Atp5po-S,L-Serine-F
Atp5po-S,L-Val-L-Leu-F
Atp5po-S,"Naringenin 4',7-dimethylether-F"
Enah-S,"1,2-Bis(trimethylsiloxy)cyclohexene-F"
Enah-S,"1-Pentene, 1,3-diphenyl-1-(trimethylsilyloxy)--F"
Enah-S,"2,4-Dimethoxybenzaldoxime-F"
Enah-S,3-(4-Methoxyphenyl)coumarin-F
Enah-S,6-Nitroveratryl alcohol-F
Enah-S,Diclofenac-F
Enah-S,L-Val-L-Leu-F
Calcoco1-S,"1,2-Cinnolinedicarboxylic acid, 1,2,3,5,6,7,8,8a-octahydro-4-trimethylsilyloxy-, diethyl ester-F"
Calcoco1-S,2-Norbornanemethanol-F
Calcoco1-S,"4,5-Dihydro-1H-pyrazole-F"
Calcoco1-S,Chlorobenzilate-F
Calcoco1-S,L-(+)-Threose-F
Calcoco1-S,L-Val-L-Leu-F
Calcoco1-S,Phenol-F
Calcoco1-S,tert-butyl(dimethyl)silyl-2-([tert-butyl(dimethyl)silyl]oxy)hex-2-enoate-F
Calcoco1-S,Uracil-F
Il15ra-S,"1,2-Cinnolinedicarboxylic acid, 1,2,3,5,6,7,8,8a-octahydro-4-trimethylsilyloxy-, diethyl ester-F"
Il15ra-S,"1-Pentene, 1,3-diphenyl-1-(trimethylsilyloxy)--F"
Il15ra-S,3-(4-Methoxyphenyl)coumarin-F
Il15ra-S,7-Hydroxy-4-(methoxymethyl)coumarin-F
Il15ra-S,"Benzene, 1-ethyl-3,5-dimethyl-F"
Il15ra-S,Benzophenone-F
Il15ra-S,L-(+)-Threose-F
Il15ra-S,"l-Leucine, n-butoxycarbonyl-N-methyl-, hexadecyl ester-F"
Il15ra-S,L-Val-L-Leu-F
Parp3-S,"1,2-Bis(trimethylsiloxy)cyclohexene-F"
Parp3-S,"1-Pentene, 1,3-diphenyl-1-(trimethylsilyloxy)--F"
Parp3-S,2-Norbornanemethanol-F
Parp3-S,3-(4-Methoxyphenyl)coumarin-F
Parp3-S,5-Nitroso-8-quinolinol-F
Parp3-S,"Benzene, 1-ethyl-3,5-dimethyl-F"
Parp3-S,L-(+)-Threose-F
Parp3-S,tert-butyl(dimethyl)silyl-2-([tert-butyl(dimethyl)silyl]oxy)hex-2-enoate-F
Nfatc4-S,"1,2-Cinnolinedicarboxylic acid, 1,2,3,5,6,7,8,8a-octahydro-4-trimethylsilyloxy-, diethyl ester-F"
Nfatc4-S,"1-Pentene, 1,3-diphenyl-1-(trimethylsilyloxy)--F"
Nfatc4-S,3-(4-Methoxyphenyl)coumarin-F
Nfatc4-S,5-Hydroxy-7-methoxy-2-methyl-3-phenyl-4-chromenone-F
Nfatc4-S,"Benzene, 1-ethyl-3,5-dimethyl-F"
Nfatc4-S,Chlorobenzilate-F
Nfatc4-S,L-(+)-Threose-F
Nfatc4-S,L-Glutamic acid-F
Nfatc4-S,"l-Leucine, n-butoxycarbonyl-N-methyl-, hexadecyl ester-F"
Nfatc4-S,L-Ornithine-F
Nfatc4-S,Sarcosine-F
Tiam2-S,"1,2-Cinnolinedicarboxylic acid, 1,2,3,5,6,7,8,8a-octahydro-4-trimethylsilyloxy-, diethyl ester-F"
Tiam2-S,2-Ethyl-1-butanol-F
Tiam2-S,2-Norbornanemethanol-F
Tiam2-S,4-tert-Butyldimethylsiloxy-3-penten-2-one-F
Tiam2-S,7-Hydroxy-4-(methoxymethyl)coumarin-F
Tiam2-S,Adipoyl-L-carnitine-F
Tiam2-S,Chlorobenzilate-F
Tiam2-S,"l-Leucine, n-butoxycarbonyl-N-methyl-, hexadecyl ester-F"
Cenpq-S,"2,4-Di-tert-butylphenol-F"
Cenpq-S,3-(4-Methoxyphenyl)coumarin-F
Cenpq-S,"l-Leucine, n-butoxycarbonyl-N-methyl-, hexadecyl ester-F"
Mmut-S,"1,2-Bis(trimethylsiloxy)cyclohexene-F"
Mmut-S,"1,2-Cinnolinedicarboxylic acid, 1,2,3,5,6,7,8,8a-octahydro-4-trimethylsilyloxy-, diethyl ester-F"
Mmut-S,4-tert-Butyldimethylsiloxy-3-penten-2-one-F
Mmut-S,7-Hydroxy-4-(methoxymethyl)coumarin-F
Mmut-S,"Benzene, 1-ethyl-3,5-dimethyl-F"
Mmut-S,Curcumin-F
Mmut-S,Niacinamide-F
Ptk7-S,"1,2-Cinnolinedicarboxylic acid, 1,2,3,5,6,7,8,8a-octahydro-4-trimethylsilyloxy-, diethyl ester-F"
Ptk7-S,"2,4-Imidazolidinedione, 5,5-dimethyl-F"
Ptk7-S,2-Norbornanemethanol-F
Ptk7-S,3-(4-Methoxyphenyl)coumarin-F
Ptk7-S,5-Nitroso-8-quinolinol-F
Ptk7-S,"Kojic acid, bis(tert-butyldimethylsilyl) ether-F"
Ptk7-S,"l-Leucine, n-butoxycarbonyl-N-methyl-, hexadecyl ester-F"
Ptk7-S,"Oxymorphone, bis(trimethylsilyl) ether-F"
Abcg1-S,"1-Pentene, 1,3-diphenyl-1-(trimethylsilyloxy)--F"
Abcg1-S,4-tert-Butyldimethylsiloxy-3-penten-2-one-F
Abcg1-S,"5-Ethyl-1,3-dioxane-5-methanol, tert-butyldimethylsilyl ether-F"
Abcg1-S,7-Hydroxy-4-(methoxymethyl)coumarin-F
Abcg1-S,L-Serine-F
Abcg1-S,Sulindac-F
Abcg1-S,tert-butyl(dimethyl)silyl-2-([tert-butyl(dimethyl)silyl]oxy)hex-2-enoate-F
Lpin2-S,"1,2-Bis(trimethylsiloxy)cyclohexene-F"
Lpin2-S,"1,2-Cinnolinedicarboxylic acid, 1,2,3,5,6,7,8,8a-octahydro-4-trimethylsilyloxy-, diethyl ester-F"
Lpin2-S,"2,4-Dimethoxybenzaldoxime-F"
Lpin2-S,3-(4-Methoxyphenyl)coumarin-F
Lpin2-S,4-Methoxyphenol-F
Lpin2-S,5-Nitroso-8-quinolinol-F
Lpin2-S,7-Hydroxy-4-(methoxymethyl)coumarin-F
Lpin2-S,"Benzene, 1-ethyl-3,5-dimethyl-F"
Lpin2-S,Curcumin-F
Lpin2-S,L-(+)-Threose-F
Lpin2-S,L-Serine-F
Lpin2-S,Phytanic acid-F
Lpin2-S,Tetrahydro-solasodine triacetate-F
Strn-S,"1,2-Bis(trimethylsiloxy)cyclohexene-F"
Strn-S,"1,2-Cinnolinedicarboxylic acid, 1,2,3,5,6,7,8,8a-octahydro-4-trimethylsilyloxy-, diethyl ester-F"
Strn-S,1-Octadecanol-F
Strn-S,2-Norbornanemethanol-F
Strn-S,3-(4-Methoxyphenyl)coumarin-F
Strn-S,5-Nitroso-8-quinolinol-F
Strn-S,Diclofenac-F
Strn-S,L-(+)-Threose-F
Strn-S,L-Lysine-F
Strn-S,L-Pyroglutamic acid-F
Strn-S,L-Serine-F
Strn-S,L-Val-L-Leu-F
Strn-S,N-Ethyldiethanolamine-F
Pdpk1-S,"1,2-Cinnolinedicarboxylic acid, 1,2,3,5,6,7,8,8a-octahydro-4-trimethylsilyloxy-, diethyl ester-F"
Pdpk1-S,"2,5-Dimethoxyphenol-F"
Pdpk1-S,2-Ethyl-1-butanol-F
Pdpk1-S,"l-Leucine, n-butoxycarbonyl-N-methyl-, hexadecyl ester-F"
Msh2-S,"1,2-Cinnolinedicarboxylic acid, 1,2,3,5,6,7,8,8a-octahydro-4-trimethylsilyloxy-, diethyl ester-F"
Msh2-S,"1-Pentene, 1,3-diphenyl-1-(trimethylsilyloxy)--F"
Msh2-S,"2,4-Dimethoxybenzaldoxime-F"
Msh2-S,3-(4-Methoxyphenyl)coumarin-F
Msh2-S,5-Nitroso-8-quinolinol-F
Msh2-S,Aceturic acid-F
Msh2-S,Azelaic acid-F
Msh2-S,L-(+)-Threose-F
Msh2-S,L-Ornithine-F
Msh2-S,L-Val-L-Leu-F
Msh2-S,Sarcosine-F
Zfp523-S,4-tert-Butyldimethylsiloxy-3-penten-2-one-F
Zfp523-S,7-Hydroxy-4-(methoxymethyl)coumarin-F
Zfp523-S,"Benzene, 1-ethyl-3,5-dimethyl-F"
Zfp523-S,tert-butyl(dimethyl)silyl-2-([tert-butyl(dimethyl)silyl]oxy)hex-2-enoate-F
Mapre2-S,"(9H-fluoren-9-yl)methanol, O-methoxycarbonyl--F"
Mapre2-S,"1,2-Cinnolinedicarboxylic acid, 1,2,3,5,6,7,8,8a-octahydro-4-trimethylsilyloxy-, diethyl ester-F"
Mapre2-S,"1-Pentene, 1,3-diphenyl-1-(trimethylsilyloxy)--F"
Mapre2-S,2-Propyl-1-pentanol-F
Mapre2-S,3-(4-Methoxyphenyl)coumarin-F
Mapre2-S,5-Nitroso-8-quinolinol-F
Mapre2-S,L-(+)-Threose-F
Mapre2-S,tert-butyl(dimethyl)silyl-2-([tert-butyl(dimethyl)silyl]oxy)hex-2-enoate-F
Pfdn1-S,"1,2-Cinnolinedicarboxylic acid, 1,2,3,5,6,7,8,8a-octahydro-4-trimethylsilyloxy-, diethyl ester-F"
Pfdn1-S,1-Butanol-F
Pfdn1-S,"1-Octanol, 2-butyl--F"
Pfdn1-S,2-Norbornanemethanol-F
Pfdn1-S,4-tert-Butyldimethylsiloxy-3-penten-2-one-F
Pfdn1-S,5-Nitroso-8-quinolinol-F
Pfdn1-S,7-Hydroxy-4-(methoxymethyl)coumarin-F
Pfdn1-S,"l-Leucine, n-butoxycarbonyl-N-methyl-, hexadecyl ester-F"
Pfdn1-S,L-Serine-F
Pfdn1-S,tert-butyl(dimethyl)silyl-2-([tert-butyl(dimethyl)silyl]oxy)hex-2-enoate-F
Pfdn1-S,Tromethamine-F
Sting1-S,"1,2-Cinnolinedicarboxylic acid, 1,2,3,5,6,7,8,8a-octahydro-4-trimethylsilyloxy-, diethyl ester-F"
Sting1-S,2-Norbornanemethanol-F
Sting1-S,L-Serine-F
Sting1-S,L-Val-L-Leu-F
Sting1-S,tert-butyl(dimethyl)silyl-2-([tert-butyl(dimethyl)silyl]oxy)hex-2-enoate-F
Ttc39c-S,"2,4,4'-Trihydroxybenzophenone-F"
Ttc39c-S,3-(4-Methoxyphenyl)coumarin-F
Ttc39c-S,5-Nitroso-8-quinolinol-F
Ttc39c-S,Adenine-F
Ttc39c-S,"Benzene, 1-ethyl-3,5-dimethyl-F"
Ttc39c-S,L-(+)-Threose-F
Ttc39c-S,"l-Leucine, n-butoxycarbonyl-N-methyl-, hexadecyl ester-F"
Ttc39c-S,"Oxymorphone, bis(trimethylsilyl) ether-F"
Ttc39c-S,"Propanoic acid, dimethyl(isopropyl)silyl ester-F"
Ttc39c-S,Xylazine-F
Atat1-S,3-(4-Methoxyphenyl)coumarin-F
Atat1-S,5-Nitroso-8-quinolinol-F
Atat1-S,7-Hydroxy-4-(methoxymethyl)coumarin-F
Atat1-S,Azelaic acid-F
Atat1-S,L-(+)-Threose-F
Atat1-S,Lactic acid-F
Atat1-S,L-Serine-F
Mrps18b-S,"1,2-Cinnolinedicarboxylic acid, 1,2,3,5,6,7,8,8a-octahydro-4-trimethylsilyloxy-, diethyl ester-F"
Mrps18b-S,"2-Butenoic acid, 3-[(tert-butyldimethylsilyl)oxy]-F"
Mrps18b-S,4-tert-Butyldimethylsiloxy-3-penten-2-one-F
Mrps18b-S,"6-Methoxy-1-methyl-1,2,3,4-tetrahydroisoquinolin-7-ol-F"
Mrps18b-S,7-Hydroxy-4-(methoxymethyl)coumarin-F
Mrps18b-S,Chlorobenzilate-F
Mrps18b-S,Durapan-F
Mrps18b-S,L-(+)-Threose-F
Mrps18b-S,L-Ornithine-F
Mrps18b-S,Methylthiouracil-F
Mrps18b-S,Pinosylvin-F
Mrps18b-S,tert-butyl(dimethyl)silyl-2-([tert-butyl(dimethyl)silyl]oxy)hex-2-enoate-F
Trim26-S,"1,2-Cinnolinedicarboxylic acid, 1,2,3,5,6,7,8,8a-octahydro-4-trimethylsilyloxy-, diethyl ester-F"
Trim26-S,"1-Pentene, 1,3-diphenyl-1-(trimethylsilyloxy)--F"
Trim26-S,4-tert-Butyldimethylsiloxy-3-penten-2-one-F
Trim26-S,L-(+)-Threose-F
Trim26-S,L-Ornithine-F
Trim26-S,Sarcosine-F
Me2-S,"1-Pentene, 1,3-diphenyl-1-(trimethylsilyloxy)--F"
Me2-S,2-Buten-1-ol-F
Me2-S,2-Norbornanemethanol-F
Me2-S,5-Nitroso-8-quinolinol-F
Me2-S,7-Hydroxy-4-(methoxymethyl)coumarin-F
Me2-S,"l-Leucine, n-butoxycarbonyl-N-methyl-, hexadecyl ester-F"
Smad2-S,"1,2-Bis(trimethylsiloxy)cyclohexene-F"
Smad2-S,"1-Pentene, 1,3-diphenyl-1-(trimethylsilyloxy)--F"
Smad2-S,2-Norbornanemethanol-F
Smad2-S,L-(+)-Threose-F
Smad2-S,L-Ornithine-F
Txnl1-S,"1,2-Cinnolinedicarboxylic acid, 1,2,3,5,6,7,8,8a-octahydro-4-trimethylsilyloxy-, diethyl ester-F"
Txnl1-S,"1-Pentene, 1,3-diphenyl-1-(trimethylsilyloxy)--F"
Txnl1-S,"2,4-Dimethoxybenzaldoxime-F"
Txnl1-S,2-Butenedioic acid-F
Txnl1-S,7-Hydroxy-4-(methoxymethyl)coumarin-F
Txnl1-S,L-Glutamic acid-F
Txnl1-S,"l-Leucine, n-butoxycarbonyl-N-methyl-, hexadecyl ester-F"
Txnl1-S,L-Ornithine-F
Fbn2-S,"1,2-Cinnolinedicarboxylic acid, 1,2,3,5,6,7,8,8a-octahydro-4-trimethylsilyloxy-, diethyl ester-F"
Fbn2-S,"1-Pentene, 1,3-diphenyl-1-(trimethylsilyloxy)--F"
Fbn2-S,3-(4-Methoxyphenyl)coumarin-F
Fbn2-S,"3,3-Dimethylacrylic acid-F"
Fbn2-S,5-Nitroso-8-quinolinol-F
Fbn2-S,7-Hydroxy-4-(methoxymethyl)coumarin-F
Fbn2-S,"Benzene, 1-ethyl-3,5-dimethyl-F"
Fbn2-S,L-(+)-Threose-F
Fbn2-S,"l-Leucine, n-butoxycarbonyl-N-methyl-, hexadecyl ester-F"
Fbn2-S,Phytanic acid-F
Tmx3-S,"1,2-Bis(trimethylsiloxy)cyclohexene-F"
Tmx3-S,"2,4-Dimethoxybenzaldoxime-F"
Tmx3-S,"2-Cyclohexen-1-one, 3-methyl--F"
Tmx3-S,2-Hydroxy-3-methylbutyric acid-F
Tmx3-S,4-tert-Butyldimethylsiloxy-3-penten-2-one-F
Tmx3-S,5-Nitroso-8-quinolinol-F
Tmx3-S,"Benzene, 1-ethyl-3,5-dimethyl-F"
Tmx3-S,Butanedioic acid-F
Tmx3-S,Diclofenac-F
Tmx3-S,Hydracrylic acid-F
Tmx3-S,L-(+)-Threose-F
Tmx3-S,Lignoceric acid-F
Tmx3-S,L-Pyroglutamic acid-F
Tmx3-S,L-Serine-F
Tmx3-S,Myristic acid-F
Tmx3-S,Pipecolic acid-F
Tmx3-S,Suberic acid-F
Tmx3-S,tert-butyl(dimethyl)silyl-2-([tert-butyl(dimethyl)silyl]oxy)hex-2-enoate-F
Cbln2-S,"1,2-Bis(trimethylsiloxy)cyclohexene-F"
Cbln2-S,"1-Pentene, 1,3-diphenyl-1-(trimethylsilyloxy)--F"
Cbln2-S,"2,4-Dimethoxybenzaldoxime-F"
Cbln2-S,2-Norbornanemethanol-F
Cbln2-S,"3,3-Dimethylacrylic acid-F"
Cbln2-S,4-tert-Butyldimethylsiloxy-3-penten-2-one-F
Cbln2-S,"Benzene, 1-ethyl-3,5-dimethyl-F"
Cbln2-S,Chlorobenzilate-F
Cbln2-S,Diclofenac-F
Cbln2-S,L-Serine-F
Cbln2-S,tert-butyl(dimethyl)silyl-2-([tert-butyl(dimethyl)silyl]oxy)hex-2-enoate-F
Mrpl16-S,"1-Pentene, 1,3-diphenyl-1-(trimethylsilyloxy)--F"
Mrpl16-S,2-Norbornanemethanol-F
Mrpl16-S,4-tert-Butyldimethylsiloxy-3-penten-2-one-F
Mrpl16-S,7-Hydroxy-4-(methoxymethyl)coumarin-F
Mrpl16-S,"l-Leucine, n-butoxycarbonyl-N-methyl-, hexadecyl ester-F"
Mrpl16-S,tert-butyl(dimethyl)silyl-2-([tert-butyl(dimethyl)silyl]oxy)hex-2-enoate-F
Naa40-S,"1,2-Cinnolinedicarboxylic acid, 1,2,3,5,6,7,8,8a-octahydro-4-trimethylsilyloxy-, diethyl ester-F"
Naa40-S,2-Norbornanemethanol-F
Naa40-S,5-Nitroso-8-quinolinol-F
Naa40-S,7-Hydroxy-4-(methoxymethyl)coumarin-F
Naa40-S,"l-Leucine, n-butoxycarbonyl-N-methyl-, hexadecyl ester-F"
Lipo3-S,"1,2-Bis(trimethylsiloxy)cyclohexene-F"
Lipo3-S,"1-Heptanol, 2-propyl--F"
Lipo3-S,"1-Pentene, 1,3-diphenyl-1-(trimethylsilyloxy)--F"
Lipo3-S,"2,4-Dimethoxybenzaldoxime-F"
Lipo3-S,2-Hydroxy-3-methylbutyric acid-F
Lipo3-S,2-Norbornanemethanol-F
Lipo3-S,"5-Nonanol, tert-butyldimethylsilyl ether-F"
Lipo3-S,6-Nitroveratryl alcohol-F
Lipo3-S,8-Methylnonanoic acid-F
Lipo3-S,"Benzene, 1,4-dimethoxy-F"
Lipo3-S,Diclofenac-F
Lipo3-S,L-Pyroglutamic acid-F
Lipo3-S,L-Serine-F
Lipo3-S,Lupinine-F
Lipo3-S,L-Val-L-Leu-F
Lipo3-S,Pentanedioic acid-F
Lipo3-S,tert-butyl(dimethyl)silyl-2-([tert-butyl(dimethyl)silyl]oxy)hex-2-enoate-F
Stambpl1-S,"1,2-Bis(trimethylsiloxy)cyclohexene-F"
Stambpl1-S,"1-Pentene, 1,3-diphenyl-1-(trimethylsilyloxy)--F"
Stambpl1-S,4-tert-Butyldimethylsiloxy-3-penten-2-one-F
Stambpl1-S,L-Ornithine-F
Stambpl1-S,L-Val-L-Leu-F
Pacs1-S,"1,2-Bis(trimethylsiloxy)cyclohexene-F"
Pacs1-S,3-(4-Methoxyphenyl)coumarin-F
Pacs1-S,L-(+)-Threose-F
Pacs1-S,Niacinamide-F
Pip5k1b-S,2-Buten-1-ol-F
Pip5k1b-S,4-tert-Butyldimethylsiloxy-3-penten-2-one-F
Pip5k1b-S,5-Nitroso-8-quinolinol-F
Pip5k1b-S,7-Hydroxy-4-(methoxymethyl)coumarin-F
Pip5k1b-S,"l-Leucine, n-butoxycarbonyl-N-methyl-, hexadecyl ester-F"
Doc2g-S,"1,2-Cinnolinedicarboxylic acid, 1,2,3,5,6,7,8,8a-octahydro-4-trimethylsilyloxy-, diethyl ester-F"
Doc2g-S,"2,4-Dimethoxybenzaldoxime-F"
Doc2g-S,2-Buten-1-ol-F
Doc2g-S,2-Norbornanemethanol-F
Doc2g-S,4-tert-Butyldimethylsiloxy-3-penten-2-one-F
Doc2g-S,5-Nitroso-8-quinolinol-F
Doc2g-S,"Benzene, 1-ethyl-3,5-dimethyl-F"
Doc2g-S,"l-Leucine, n-butoxycarbonyl-N-methyl-, hexadecyl ester-F"
Doc2g-S,L-Serine-F
Doc2g-S,Mevalonolactone-F
Doc2g-S,Spiroxamine-F
Doc2g-S,tert-butyl(dimethyl)silyl-2-([tert-butyl(dimethyl)silyl]oxy)hex-2-enoate-F
Yif1a-S,1-Butanol-F
Yif1a-S,2-Norbornanemethanol-F
Yif1a-S,3-(4-Methoxyphenyl)coumarin-F
Yif1a-S,5-Nitroso-8-quinolinol-F
Yif1a-S,7-Hydroxy-4-(methoxymethyl)coumarin-F
Yif1a-S,Diclofenac-F
Yif1a-S,"l-Leucine, n-butoxycarbonyl-N-methyl-, hexadecyl ester-F"
Vldlr-S,"1,2-Bis(trimethylsiloxy)cyclohexene-F"
Vldlr-S,"1,2-Cinnolinedicarboxylic acid, 1,2,3,5,6,7,8,8a-octahydro-4-trimethylsilyloxy-, diethyl ester-F"
Vldlr-S,"2,4-Dimethoxybenzaldoxime-F"
Vldlr-S,3-(4-Methoxyphenyl)coumarin-F
Vldlr-S,5-Nitroso-8-quinolinol-F
Vldlr-S,7-Hydroxy-4-(methoxymethyl)coumarin-F
Vldlr-S,"Benzene, 1-ethyl-3,5-dimethyl-F"
Vldlr-S,Diclofenac-F
Vldlr-S,L-Pyroglutamic acid-F
Vldlr-S,L-Serine-F
Map4k2-S,"1-Heptanol, 2-propyl--F"
Map4k2-S,"1-Pentene, 1,3-diphenyl-1-(trimethylsilyloxy)--F"
Map4k2-S,2-Norbornanemethanol-F
Map4k2-S,2-Pentadecanone-F
Map4k2-S,"3,5-Dimethylphenol-F"
Map4k2-S,5-Azacytosine-F
Map4k2-S,"5-Nonanol, tert-butyldimethylsilyl ether-F"
Map4k2-S,"Benzene, 1,4-dimethoxy-F"
Map4k2-S,"Benzenesulfonamide, N-butyl-F"
Map4k2-S,Butachlor ESA-F
Map4k2-S,Citramalic acid-F
Map4k2-S,Diclofenac-F
Map4k2-S,"Dodecanoic acid, 1-methylethyl ester-F"
Map4k2-S,"D-Streptamine, O-6-amino-6-deoxy-alpha-D-glucopyranosyl-(1-4)-O-(3-deoxy-4-C-methyl-3-(methylamino)-beta-L-arabinopyranosyl-(1-6))-2-deoxy--F"
Map4k2-S,Iminodiacetic acid-F
Map4k2-S,Isopropyl palmitate-F
Map4k2-S,L-Alanine-F
Map4k2-S,L-Glutamine-F
Map4k2-S,Lignoceric acid-F
Map4k2-S,L-Ornithine-F
Map4k2-S,L-Val-L-Leu-F
Map4k2-S,Octanoic acid-F
Map4k2-S,tert-butyl(dimethyl)silyl-2-([tert-butyl(dimethyl)silyl]oxy)hex-2-enoate-F
Stip1-S,3-(4-Methoxyphenyl)coumarin-F
Stip1-S,5-Nitroso-8-quinolinol-F
Stip1-S,L-(+)-Threose-F
Stip1-S,"l-Leucine, n-butoxycarbonyl-N-methyl-, hexadecyl ester-F"
Stip1-S,L-Serine-F
Sfr1-S,"(9H-fluoren-9-yl)methanol, O-methoxycarbonyl--F"
Sfr1-S,2-Pyrrolidone-5-carboxylic acid-F
Sfr1-S,4-Methoxyphenol-F
Sfr1-S,4-tert-Butyldimethylsiloxy-3-penten-2-one-F
Sfr1-S,tert-butyl(dimethyl)silyl-2-([tert-butyl(dimethyl)silyl]oxy)hex-2-enoate-F
Mob2-S,"1-Pentene, 1,3-diphenyl-1-(trimethylsilyloxy)--F"
Mob2-S,"2,3-Butanediol, O-(trimethylsilyl)-, monoacetate-F"
Mob2-S,"2-Methylcyclohexanol, (Z)-F"
Mob2-S,"4,5-Dihydro-1H-pyrazole-F"
Mob2-S,Guanosine-F
Mob2-S,L-Ornithine-F
Mob2-S,Sarcosine-F
Erlin1-S,"1,2-Bis(trimethylsiloxy)cyclohexene-F"
Erlin1-S,"1,2-Cinnolinedicarboxylic acid, 1,2,3,5,6,7,8,8a-octahydro-4-trimethylsilyloxy-, diethyl ester-F"
Erlin1-S,"2,4-Dimethoxybenzaldoxime-F"
Erlin1-S,2-Norbornanemethanol-F
Erlin1-S,3-(4-Methoxyphenyl)coumarin-F
Erlin1-S,4-Methylvaleric acid-F
Erlin1-S,Diclofenac-F
Erlin1-S,Glycerol-F
Erlin1-S,L-(+)-Threose-F
Erlin1-S,L-Lysine-F
Erlin1-S,"l-Norvaline, n-propargyloxycarbonyl-, isohexyl ester-F"
Erlin1-S,L-Pyroglutamic acid-F
Erlin1-S,L-Serine-F
Erlin1-S,L-Val-L-Leu-F
Erlin1-S,Methyl lactate-F
Sufu-S,"1,2-Bis(trimethylsiloxy)cyclohexene-F"
Sufu-S,2-Norbornanemethanol-F
Sufu-S,3-(4-Methoxyphenyl)coumarin-F
Sufu-S,L-(+)-Threose-F
Sufu-S,Niacinamide-F
Sufu-S,tert-butyl(dimethyl)silyl-2-([tert-butyl(dimethyl)silyl]oxy)hex-2-enoate-F
Gnl3l-S,"2,4-Dimethoxybenzaldoxime-F"
Gnl3l-S,3-(4-Methoxyphenyl)coumarin-F
Gnl3l-S,5-Nitroso-8-quinolinol-F
Gnl3l-S,"Benzene, 1-ethyl-3,5-dimethyl-F"
Gnl3l-S,Butanedioic acid-F
Gnl3l-S,L-(+)-Threose-F
Gnl3l-S,"l-Leucine, n-butoxycarbonyl-N-methyl-, hexadecyl ester-F"
Gnl3l-S,L-Val-L-Leu-F
Gnl3l-S,Myristic acid-F
Gnl3l-S,Pipecolic acid-F
Myo1a-S,"1-(2,4-Dimethoxyphenyl)-propan-2-one-F"
Myo1a-S,1-Octadecanol-F
Myo1a-S,2-Ethylhexanoic acid-F
Myo1a-S,2-Norbornanemethanol-F
Myo1a-S,4-tert-Butyldimethylsiloxy-3-penten-2-one-F
Myo1a-S,5-Nitroso-8-quinolinol-F
Myo1a-S,"l-Leucine, n-butoxycarbonyl-N-methyl-, hexadecyl ester-F"
Myo1a-S,L-Val-L-Leu-F
Dctn2-S,"1,2-Bis(trimethylsiloxy)cyclohexene-F"
Dctn2-S,"1-Pentene, 1,3-diphenyl-1-(trimethylsilyloxy)--F"
Dctn2-S,Diclofenac-F
Dctn2-S,L-Glutamic acid-F
St8sia5-S,"1,2-Bis(trimethylsiloxy)cyclohexene-F"
St8sia5-S,"1-Pentene, 1,3-diphenyl-1-(trimethylsilyloxy)--F"
St8sia5-S,"2,4-Dimethoxybenzaldoxime-F"
St8sia5-S,"2-Methylcyclohexanol, (Z)-F"
St8sia5-S,3-(4-Methoxyphenyl)coumarin-F
St8sia5-S,Diclofenac-F
St8sia5-S,L-Serine-F
St8sia5-S,L-Val-L-Leu-F
Caly-S,"1,2-Bis(trimethylsiloxy)cyclohexene-F"
Caly-S,"1-Pentene, 1,3-diphenyl-1-(trimethylsilyloxy)--F"
Caly-S,2-Norbornanemethanol-F
Caly-S,4-tert-Butyldimethylsiloxy-3-penten-2-one-F
Caly-S,7-Hydroxy-4-(methoxymethyl)coumarin-F
Caly-S,Diclofenac-F
Caly-S,L-Pyroglutamic acid-F
Caly-S,L-Serine-F
Caly-S,tert-butyl(dimethyl)silyl-2-([tert-butyl(dimethyl)silyl]oxy)hex-2-enoate-F
Adgra1-S,1-Butanol-F
Adgra1-S,"2,4,6-Cycloheptatrien-1-one-F"
Adgra1-S,2-Norbornanemethanol-F
Adgra1-S,4-tert-Butyldimethylsiloxy-3-penten-2-one-F
Adgra1-S,"Benzene, 1-ethyl-3,5-dimethyl-F"
Adgra1-S,Diclofenac-F
Adgra1-S,"l-Leucine, n-butoxycarbonyl-N-methyl-, hexadecyl ester-F"
Adgra1-S,L-Val-L-Leu-F
Urah-S,"1-Pentene, 1,3-diphenyl-1-(trimethylsilyloxy)--F"
Urah-S,"4,5-Dihydro-1H-pyrazole-F"
Urah-S,4-tert-Butyldimethylsiloxy-3-penten-2-one-F
Urah-S,6-Nitroveratryl alcohol-F
Urah-S,"Benzene, 1-ethyl-3,5-dimethyl-F"
Urah-S,L-Val-L-Leu-F
Ric8a-S,"2,5-Dimethoxybenzonitrile-F"
Ric8a-S,"2-Methylcyclohexanol, (Z)-F"
Ric8a-S,3-(4-Methoxyphenyl)coumarin-F
Ric8a-S,"4,5-Dihydro-1H-pyrazole-F"
Ric8a-S,alpha-Hydroxyisobutyric acid-F
Ric8a-S,L-(+)-Threose-F
Ric8a-S,Lignoceric acid-F
Ric8a-S,L-Ornithine-F
Ric8a-S,L-Val-L-Leu-F
Cct8-S,"(2R)-Pyrrolidine-1,2-dicarboxylic acid, bis(tert-butyldimethylsilyl) ester-F"
Cct8-S,"1,2-Bis(trimethylsiloxy)cyclohexene-F"
Cct8-S,7-Hydroxy-4-(methoxymethyl)coumarin-F
Cct8-S,"Erythrono-1,4-lactone-F"
Cct8-S,L-Val-L-Leu-F
Cct8-S,Sulindac-F
Cct8-S,tert-butyl(dimethyl)silyl-2-([tert-butyl(dimethyl)silyl]oxy)hex-2-enoate-F
Rps6ka6-S,"1,2-Cinnolinedicarboxylic acid, 1,2,3,5,6,7,8,8a-octahydro-4-trimethylsilyloxy-, diethyl ester-F"
Rps6ka6-S,"2,4-Dimethoxybenzaldoxime-F"
Rps6ka6-S,2-Norbornanemethanol-F
Rps6ka6-S,3-(4-Methoxyphenyl)coumarin-F
Rps6ka6-S,5-Nitroso-8-quinolinol-F
Rps6ka6-S,Chlorobenzilate-F
Rps6ka6-S,"l-Leucine, n-butoxycarbonyl-N-methyl-, hexadecyl ester-F"
Rps6ka6-S,L-Serine-F
Rps6ka6-S,L-Val-L-Leu-F
Rps6ka6-S,Mevalonolactone-F
Rps6ka6-S,Phenol-F
Fbxl16-S,"1,2-Cinnolinedicarboxylic acid, 1,2,3,5,6,7,8,8a-octahydro-4-trimethylsilyloxy-, diethyl ester-F"
Fbxl16-S,"2,4,4'-Trihydroxybenzophenone-F"
Fbxl16-S,2-Norbornanemethanol-F
Fbxl16-S,3-(4-Methoxyphenyl)coumarin-F
Fbxl16-S,7-Hydroxy-4-(methoxymethyl)coumarin-F
Fbxl16-S,L-(+)-Threose-F
Fbxl16-S,"l-Leucine, n-butoxycarbonyl-N-methyl-, hexadecyl ester-F"
Fbxl16-S,L-Lysine-F
Fbxl16-S,N-Ethyldiethanolamine-F
Faf2-S,"1-Heptanol, 2-propyl--F"
Faf2-S,"1-Pentene, 1,3-diphenyl-1-(trimethylsilyloxy)--F"
Faf2-S,2-Buten-1-ol-F
Faf2-S,2-Ethylhexanoic acid-F
Faf2-S,2-Norbornanemethanol-F
Faf2-S,5-Nitroso-8-quinolinol-F
Faf2-S,"l-Leucine, n-butoxycarbonyl-N-methyl-, hexadecyl ester-F"
Faf2-S,Lupinine-F
Faf2-S,L-Val-L-Leu-F
Faf2-S,N-Acetylaspartic acid-F
Faf2-S,Norephedrine-F
Faf2-S,tert-butyl(dimethyl)silyl-2-([tert-butyl(dimethyl)silyl]oxy)hex-2-enoate-F
Aasdhppt-S,"1,2-Cinnolinedicarboxylic acid, 1,2,3,5,6,7,8,8a-octahydro-4-trimethylsilyloxy-, diethyl ester-F"
Aasdhppt-S,"2,4-Dimethoxybenzaldoxime-F"
Aasdhppt-S,2-Norbornanemethanol-F
Aasdhppt-S,3-(4-Methoxyphenyl)coumarin-F
Aasdhppt-S,Glycerol-F
Aasdhppt-S,L-Serine-F
Aasdhppt-S,L-Val-L-Leu-F
Gsta3-S,"1,2-Bis(trimethylsiloxy)cyclohexene-F"
Gsta3-S,1-Butanol-F
Gsta3-S,2-Norbornanemethanol-F
Gsta3-S,3-(4-Methoxyphenyl)coumarin-F
Gsta3-S,"3,3-Dimethylacrylic acid-F"
Gsta3-S,"5-Ethyl-1,3-dioxane-5-methanol, tert-butyldimethylsilyl ether-F"
Gsta3-S,5-Nitroso-8-quinolinol-F
Gsta3-S,L-Pyroglutamic acid-F
Gsta3-S,L-Serine-F
Gsta3-S,tert-butyl(dimethyl)silyl-2-([tert-butyl(dimethyl)silyl]oxy)hex-2-enoate-F
Lactb2-S,"1,2-Bis(trimethylsiloxy)cyclohexene-F"
Lactb2-S,"1,2-Cinnolinedicarboxylic acid, 1,2,3,5,6,7,8,8a-octahydro-4-trimethylsilyloxy-, diethyl ester-F"
Lactb2-S,"2',5'-Dimethoxypropiophenone-F"
Lactb2-S,5-Nitroso-8-quinolinol-F
Lactb2-S,L-Serine-F
Lactb2-S,Palmitic Acid-F
Slco5a1-S,"1-Pentene, 1,3-diphenyl-1-(trimethylsilyloxy)--F"
Slco5a1-S,2-Norbornanemethanol-F
Slco5a1-S,4-tert-Butyldimethylsiloxy-3-penten-2-one-F
Slco5a1-S,5-Nitroso-8-quinolinol-F
Slco5a1-S,L-Ornithine-F
Slco5a1-S,tert-butyl(dimethyl)silyl-2-([tert-butyl(dimethyl)silyl]oxy)hex-2-enoate-F
Ikzf2-S,"2,4-Dimethoxybenzaldoxime-F"
Ikzf2-S,5-Nitroso-8-quinolinol-F
Ikzf2-S,7-Hydroxy-4-(methoxymethyl)coumarin-F
Ikzf2-S,Benzeneacetic acid-F
Ikzf2-S,Diclofenac-F
Ikzf2-S,"l-Leucine, n-butoxycarbonyl-N-methyl-, hexadecyl ester-F"
Ikzf2-S,L-Serine-F
Casp8-S,"1-Pentene, 1,3-diphenyl-1-(trimethylsilyloxy)--F"
Casp8-S,"3,3-Dimethylacrylic acid-F"
Casp8-S,4-tert-Butyldimethylsiloxy-3-penten-2-one-F
Casp8-S,5-Oxohexanoic Acid-F
Casp8-S,7-Hydroxy-4-(methoxymethyl)coumarin-F
Casp8-S,"Benzene, 1-ethyl-3,5-dimethyl-F"
Casp8-S,"l-Leucine, n-butoxycarbonyl-N-methyl-, hexadecyl ester-F"
Mrpl30-S,"1,2-Bis(trimethylsiloxy)cyclohexene-F"
Mrpl30-S,"1,2-Cinnolinedicarboxylic acid, 1,2,3,5,6,7,8,8a-octahydro-4-trimethylsilyloxy-, diethyl ester-F"
Mrpl30-S,"1-Pentene, 1,3-diphenyl-1-(trimethylsilyloxy)--F"
Mrpl30-S,"2,6-di-tert-Butyl-4-(dimethylaminomethyl)phenol-F"
Mrpl30-S,2-Ethyl-1-butanol-F
Mrpl30-S,7-Hydroxy-4-(methoxymethyl)coumarin-F
Mrpl30-S,Diclofenac-F
Mrpl30-S,L-Serine-F
Mrpl30-S,L-Val-L-Leu-F
Zfp142-S,"1-Pentene, 1,3-diphenyl-1-(trimethylsilyloxy)--F"
Zfp142-S,2-Ethyl-1-butanol-F
Zfp142-S,2-Norbornanemethanol-F
Zfp142-S,3-(4-Methoxyphenyl)coumarin-F
Zfp142-S,DL-Glyceraldehyde-F
Zfp142-S,"L-Histidine, N,1-bis(tert-butyldimethylsilyl)--F"
Zfp142-S,"l-Leucine, n-butoxycarbonyl-N-methyl-, hexadecyl ester-F"
Zfp142-S,Lupinine-F
Zfp142-S,Pentanoic acid-F
Zfp142-S,tert-butyl(dimethyl)silyl-2-([tert-butyl(dimethyl)silyl]oxy)hex-2-enoate-F
Ngef-S,"1,2-Cinnolinedicarboxylic acid, 1,2,3,5,6,7,8,8a-octahydro-4-trimethylsilyloxy-, diethyl ester-F"
Ngef-S,"1-Heptanol, 2-propyl--F"
Ngef-S,"1-Pentene, 1,3-diphenyl-1-(trimethylsilyloxy)--F"
Ngef-S,2-Ethyl-1-butanol-F
Ngef-S,2-Norbornanemethanol-F
Ngef-S,"l-Leucine, n-butoxycarbonyl-N-methyl-, hexadecyl ester-F"
Ngef-S,L-Lysine-F
Ngef-S,Lupinine-F
Ngef-S,L-Val-L-Leu-F
Ngef-S,tert-butyl(dimethyl)silyl-2-([tert-butyl(dimethyl)silyl]oxy)hex-2-enoate-F
Stk25-S,"1,2-Cinnolinedicarboxylic acid, 1,2,3,5,6,7,8,8a-octahydro-4-trimethylsilyloxy-, diethyl ester-F"
Stk25-S,2-Ethyl-1-butanol-F
Stk25-S,4-Methylvaleric acid-F
Stk25-S,4-tert-Butyldimethylsiloxy-3-penten-2-one-F
Stk25-S,7-Hydroxy-4-(methoxymethyl)coumarin-F
Stk25-S,"l-Leucine, n-butoxycarbonyl-N-methyl-, hexadecyl ester-F"
Stk25-S,tert-butyl(dimethyl)silyl-2-([tert-butyl(dimethyl)silyl]oxy)hex-2-enoate-F
Cln8-S,"1,2-Bis(trimethylsiloxy)cyclohexene-F"
Cln8-S,"2,3-Dihydroxybutanoic acid-F"
Cln8-S,Diclofenac-F
Cln8-S,L-Threonine-F
Mcm6-S,"1,2-Cinnolinedicarboxylic acid, 1,2,3,5,6,7,8,8a-octahydro-4-trimethylsilyloxy-, diethyl ester-F"
Mcm6-S,2-Buten-1-ol-F
Mcm6-S,2-Norbornanemethanol-F
Mcm6-S,3-(4-Methoxyphenyl)coumarin-F
Mcm6-S,DL-Glyceraldehyde-F
Mcm6-S,tert-butyl(dimethyl)silyl-2-([tert-butyl(dimethyl)silyl]oxy)hex-2-enoate-F
Rgs2-S,"1,2-Cinnolinedicarboxylic acid, 1,2,3,5,6,7,8,8a-octahydro-4-trimethylsilyloxy-, diethyl ester-F"
Rgs2-S,2-Ethyl-1-butanol-F
Rgs2-S,3-(4-Methoxyphenyl)coumarin-F
Rgs2-S,"Benzene, 1-ethyl-3,5-dimethyl-F"
Rgs2-S,"l-Leucine, n-butoxycarbonyl-N-methyl-, hexadecyl ester-F"
Rgs2-S,"l-Norvaline, n-propargyloxycarbonyl-, isohexyl ester-F"
Rgs2-S,L-Val-L-Leu-F
Rgs2-S,"Oxymorphone, bis(trimethylsilyl) ether-F"
Rgs2-S,Xylazine-F
Rab29-S,2-Buten-1-ol-F
Rab29-S,5-Nitroso-8-quinolinol-F
Rab29-S,"Benzene, 1-ethyl-3,5-dimethyl-F"
Rab29-S,"l-Leucine, n-butoxycarbonyl-N-methyl-, hexadecyl ester-F"
Rab29-S,L-Ornithine-F
Rab29-S,L-Val-L-Leu-F
Niban1-S,"1,2-Cinnolinedicarboxylic acid, 1,2,3,5,6,7,8,8a-octahydro-4-trimethylsilyloxy-, diethyl ester-F"
Niban1-S,"1-Pentene, 1,3-diphenyl-1-(trimethylsilyloxy)--F"
Niban1-S,3-(4-Methoxyphenyl)coumarin-F
Niban1-S,"Benzene, 1-ethyl-3,5-dimethyl-F"
Niban1-S,L-(+)-Threose-F
Niban1-S,"l-Leucine, n-butoxycarbonyl-N-methyl-, hexadecyl ester-F"
Angel2-S,"1,2-Cinnolinedicarboxylic acid, 1,2,3,5,6,7,8,8a-octahydro-4-trimethylsilyloxy-, diethyl ester-F"
Angel2-S,"1-Pentene, 1,3-diphenyl-1-(trimethylsilyloxy)--F"
Angel2-S,2-Ethyl-1-butanol-F
Angel2-S,7-Hydroxy-4-(methoxymethyl)coumarin-F
Angel2-S,"l-Leucine, n-butoxycarbonyl-N-methyl-, hexadecyl ester-F"
Dusp12-S,3-Hydroxymethyl-2-trimethylsilyloxypentane-F
Dusp12-S,7-Hydroxy-4-(methoxymethyl)coumarin-F
Dusp12-S,"Benzene, 1-ethyl-3,5-dimethyl-F"
Dusp12-S,"l-Leucine, n-butoxycarbonyl-N-methyl-, hexadecyl ester-F"
Dusp12-S,L-Val-L-Leu-F
Dusp12-S,tert-butyl(dimethyl)silyl-2-([tert-butyl(dimethyl)silyl]oxy)hex-2-enoate-F
Mrc1-S,"1,2-Bis(trimethylsiloxy)cyclohexene-F"
Mrc1-S,"1,2-Cinnolinedicarboxylic acid, 1,2,3,5,6,7,8,8a-octahydro-4-trimethylsilyloxy-, diethyl ester-F"
Mrc1-S,"2,4-Dimethoxybenzaldoxime-F"
Mrc1-S,2-Hexanol-F
Mrc1-S,2-Norbornanemethanol-F
Mrc1-S,Benzeneacetic acid-F
Mrc1-S,Diclofenac-F
Mrc1-S,L-Serine-F
Acbd5-S,"1,2-Cinnolinedicarboxylic acid, 1,2,3,5,6,7,8,8a-octahydro-4-trimethylsilyloxy-, diethyl ester-F"
Acbd5-S,"1-Pentene, 1,3-diphenyl-1-(trimethylsilyloxy)--F"
Acbd5-S,2-Norbornanemethanol-F
Acbd5-S,3-(4-Methoxyphenyl)coumarin-F
Acbd5-S,5-Hydroxy-7-methoxy-2-methyl-3-phenyl-4-chromenone-F
Acbd5-S,Chlorobenzilate-F
Acbd5-S,L-(+)-Threose-F
Acbd5-S,L-Ornithine-F
Acbd5-S,Sarcosine-F
Abi2-S,"1,2-Cinnolinedicarboxylic acid, 1,2,3,5,6,7,8,8a-octahydro-4-trimethylsilyloxy-, diethyl ester-F"
Abi2-S,2-Norbornanemethanol-F
Abi2-S,3-(4-Methoxyphenyl)coumarin-F
Abi2-S,4-Methylvaleric acid-F
Abi2-S,5-Oxohexanoic Acid-F
Abi2-S,Adipoyl-L-carnitine-F
Abi2-S,L-(+)-Threose-F
Abi2-S,"l-Leucine, n-butoxycarbonyl-N-methyl-, hexadecyl ester-F"
Abi2-S,L-Lysine-F
Abi2-S,Methyl lactate-F
Abi2-S,Norephedrine-F
Gad2-S,"1,2-Cinnolinedicarboxylic acid, 1,2,3,5,6,7,8,8a-octahydro-4-trimethylsilyloxy-, diethyl ester-F"
Gad2-S,"2,4-Dimethoxybenzaldoxime-F"
Gad2-S,2-Ethyl-1-butanol-F
Gad2-S,2-Norbornanemethanol-F
Gad2-S,3-(4-Methoxyphenyl)coumarin-F
Gad2-S,L-Serine-F
Gad2-S,L-Val-L-Leu-F
Gad2-S,Mevalonolactone-F
Ddx31-S,"1,2-Cinnolinedicarboxylic acid, 1,2,3,5,6,7,8,8a-octahydro-4-trimethylsilyloxy-, diethyl ester-F"
Ddx31-S,2-Norbornanemethanol-F
Ddx31-S,3-(4-Methoxyphenyl)coumarin-F
Ddx31-S,5-Nitroso-8-quinolinol-F
Ddx31-S,7-Hydroxy-4-(methoxymethyl)coumarin-F
Ddx31-S,Chlorobenzilate-F
Ddx31-S,Durapan-F
Ddx31-S,"l-Leucine, n-butoxycarbonyl-N-methyl-, hexadecyl ester-F"
Ddx31-S,Methanesulfonic acid-F
Ddx31-S,"Oxymorphone, bis(trimethylsilyl) ether-F"
Brd3-S,"1,2-Bis(trimethylsiloxy)cyclohexene-F"
Brd3-S,"2,4-Imidazolidinedione, 5,5-dimethyl-F"
Brd3-S,2-Buten-1-ol-F
Brd3-S,4-tert-Butyldimethylsiloxy-3-penten-2-one-F
Brd3-S,"Benzene, 1-ethyl-3,5-dimethyl-F"
Brd3-S,Diclofenac-F
Brd3-S,Isobutanol-F
Brd3-S,L-(+)-Threose-F
Brd3-S,L-Serine-F
Brd3-S,tert-butyl(dimethyl)silyl-2-([tert-butyl(dimethyl)silyl]oxy)hex-2-enoate-F
Brd3-S,Vanillylmandelic acid-F
Rbms1-S,"1,2-Cinnolinedicarboxylic acid, 1,2,3,5,6,7,8,8a-octahydro-4-trimethylsilyloxy-, diethyl ester-F"
Rbms1-S,"2,4,4'-Trihydroxybenzophenone-F"
Rbms1-S,2-Norbornanemethanol-F
Rbms1-S,3-(4-Methoxyphenyl)coumarin-F
Rbms1-S,4-Methylvaleric acid-F
Rbms1-S,7-Hydroxy-4-(methoxymethyl)coumarin-F
Rbms1-S,Hexacosanoic acid-F
Rbms1-S,L-(+)-Threose-F
Rbms1-S,"l-Leucine, n-butoxycarbonyl-N-methyl-, hexadecyl ester-F"
Rbms1-S,L-Lysine-F
Rbms1-S,N-Ethyldiethanolamine-F
Wdsub1-S,"1,2-Cyclohexanediol, (Z)-F"
Wdsub1-S,2-Furoic acid-F
Wdsub1-S,"2'-Hydroxy-2,4,4',5-tetramethoxychalcone-F"
Wdsub1-S,2-Norbornanemethanol-F
Wdsub1-S,5-Azacytosine-F
Wdsub1-S,"Benzenesulfonamide, N-butyl-F"
Wdsub1-S,"Cytosine, N-(tert-butyldimethylsilyl)--F"
Wdsub1-S,"Dodecanoic acid, 1-methylethyl ester-F"
Wdsub1-S,"D-Streptamine, O-6-amino-6-deoxy-alpha-D-glucopyranosyl-(1-4)-O-(3-deoxy-4-C-methyl-3-(methylamino)-beta-L-arabinopyranosyl-(1-6))-2-deoxy--F"
Wdsub1-S,L-Alanine-F
Wdsub1-S,L-Ornithine-F
Itga4-S,"2,4-Dimethoxybenzaldoxime-F"
Itga4-S,2-Ethyl-1-butanol-F
Itga4-S,2-Norbornanemethanol-F
Itga4-S,L-Serine-F
Ccdc34-S,"2,4-Di-tert-butylphenol-F"
Ccdc34-S,2-Norbornanemethanol-F
Ccdc34-S,3-(4-Methoxyphenyl)coumarin-F
Ccdc34-S,DL-Glyceraldehyde-F
Ccdc34-S,"l-Leucine, n-butoxycarbonyl-N-methyl-, hexadecyl ester-F"
Ccdc34-S,tert-butyl(dimethyl)silyl-2-([tert-butyl(dimethyl)silyl]oxy)hex-2-enoate-F
Nat10-S,"1,2-Cinnolinedicarboxylic acid, 1,2,3,5,6,7,8,8a-octahydro-4-trimethylsilyloxy-, diethyl ester-F"
Nat10-S,"1-Pentene, 1,3-diphenyl-1-(trimethylsilyloxy)--F"
Nat10-S,2-Buten-1-ol-F
Nat10-S,2-Ethyl-1-butanol-F
Nat10-S,5-Nitroso-8-quinolinol-F
Nat10-S,"l-Leucine, n-butoxycarbonyl-N-methyl-, hexadecyl ester-F"
Cat-S,"1,2-Cinnolinedicarboxylic acid, 1,2,3,5,6,7,8,8a-octahydro-4-trimethylsilyloxy-, diethyl ester-F"
Cat-S,2-Norbornanemethanol-F
Cat-S,"4,5-Dihydro-1H-pyrazole-F"
Cat-S,4-tert-Butyldimethylsiloxy-3-penten-2-one-F
Cat-S,Lupinine-F
Cat-S,L-Val-L-Leu-F
Cat-S,Synephrine-F
Tyro3-S,"(2R)-Pyrrolidine-1,2-dicarboxylic acid, bis(tert-butyldimethylsilyl) ester-F"
Tyro3-S,"1,2-Cinnolinedicarboxylic acid, 1,2,3,5,6,7,8,8a-octahydro-4-trimethylsilyloxy-, diethyl ester-F"
Tyro3-S,"2,5-Dimethoxyphenol-F"
Tyro3-S,"2,6-di-tert-Butyl-4-(dimethylaminomethyl)phenol-F"
Tyro3-S,"4,5-Dihydro-1H-pyrazole-F"
Tyro3-S,Chlorobenzilate-F
Tyro3-S,L-(+)-Threose-F
Tyro3-S,L-Val-L-Leu-F
Tyro3-S,Phenol-F
Tyro3-S,Uracil-F
Oxt-S,"1,2-Cinnolinedicarboxylic acid, 1,2,3,5,6,7,8,8a-octahydro-4-trimethylsilyloxy-, diethyl ester-F"
Oxt-S,"2',5'-Dimethoxypropiophenone-F"
Oxt-S,5-Nitroso-8-quinolinol-F
Oxt-S,"l-Leucine, n-butoxycarbonyl-N-methyl-, hexadecyl ester-F"
Oxt-S,N-Acetyl-L-alanine-F
Crls1-S,"1-Heptanol, 2-propyl--F"
Crls1-S,2-Norbornanemethanol-F
Crls1-S,6-Nitroveratryl alcohol-F
Crls1-S,"Benzene, 1-ethyl-3,5-dimethyl-F"
Crls1-S,L-Val-L-Leu-F
Crls1-S,"Phenol, 2,4-bis(1-methyl-1-phenylethyl)--F"
Crls1-S,Picolinic acid-F
Crls1-S,tert-butyl(dimethyl)silyl-2-([tert-butyl(dimethyl)silyl]oxy)hex-2-enoate-F
Polr1b-S,"1,2-Cinnolinedicarboxylic acid, 1,2,3,5,6,7,8,8a-octahydro-4-trimethylsilyloxy-, diethyl ester-F"
Polr1b-S,2-Ethylhexanoic acid-F
Polr1b-S,2-Norbornanemethanol-F
Polr1b-S,"3,4-Methylenedioxyamphetamine-F"
Polr1b-S,4-tert-Butyldimethylsiloxy-3-penten-2-one-F
Polr1b-S,5-Nitroso-8-quinolinol-F
Polr1b-S,"6-Methoxy-1-methyl-1,2,3,4-tetrahydroisoquinolin-7-ol-F"
Polr1b-S,L-(+)-Threose-F
Polr1b-S,"l-Leucine, n-butoxycarbonyl-N-methyl-, hexadecyl ester-F"
Polr1b-S,L-Val-L-Leu-F
Polr1b-S,Malic acid-F
Polr1b-S,Uracil-F
Nop56-S,"1,2-Cinnolinedicarboxylic acid, 1,2,3,5,6,7,8,8a-octahydro-4-trimethylsilyloxy-, diethyl ester-F"
Nop56-S,1-Butanol-F
Nop56-S,2-Norbornanemethanol-F
Nop56-S,4-tert-Butyldimethylsiloxy-3-penten-2-one-F
Nop56-S,5-Nitroso-8-quinolinol-F
Nop56-S,7-Hydroxy-4-(methoxymethyl)coumarin-F
Nop56-S,"Benzene, 1-ethyl-3,5-dimethyl-F"
Nop56-S,"Benzoic acid, methyl ester-F"
Nop56-S,Cycloheptanol-F
Nop56-S,Diclofenac-F
Nop56-S,tert-butyl(dimethyl)silyl-2-([tert-butyl(dimethyl)silyl]oxy)hex-2-enoate-F
Cpxm1-S,2-Buten-1-ol-F
Cpxm1-S,"3,3-Dimethylacrylic acid-F"
Cpxm1-S,5-Nitroso-8-quinolinol-F
Cpxm1-S,7-Hydroxy-4-(methoxymethyl)coumarin-F
Cpxm1-S,"Benzene, 1-ethyl-3,5-dimethyl-F"
Cpxm1-S,L-(+)-Threose-F
Cpxm1-S,L-Glutamic acid-F
Cpxm1-S,"l-Leucine, n-butoxycarbonyl-N-methyl-, hexadecyl ester-F"
Cpxm1-S,L-Ornithine-F
Cpxm1-S,Urea-F
Pkia-S,1-Butanol-F
Pkia-S,"1-Heptanol, 2-propyl--F"
Pkia-S,2-Buten-1-ol-F
Pkia-S,2-Norbornanemethanol-F
Pkia-S,Aconitic acid-F
Pkia-S,Benzeneacetic acid-F
Pkia-S,"l-Leucine, n-butoxycarbonyl-N-methyl-, hexadecyl ester-F"
Pkia-S,L-Pyroglutamic acid-F
Pkia-S,L-Serine-F
Pkia-S,L-Val-L-Leu-F
Pkia-S,tert-butyl(dimethyl)silyl-2-([tert-butyl(dimethyl)silyl]oxy)hex-2-enoate-F
Snx16-S,"1-Pentene, 1,3-diphenyl-1-(trimethylsilyloxy)--F"
Snx16-S,"3,3-Dimethylacrylic acid-F"
Snx16-S,5-Nitroso-8-quinolinol-F
Snx16-S,Diclofenac-F
Snx16-S,"l-Leucine, n-butoxycarbonyl-N-methyl-, hexadecyl ester-F"
Snx16-S,L-Val-L-Leu-F
Dhx35-S,"1-(2,5-Dimethoxyphenyl)-1-[(trimethylsilyl)oxy]propan-2-amine-F"
Dhx35-S,"1-Pentene, 1,3-diphenyl-1-(trimethylsilyloxy)--F"
Dhx35-S,2-Ethyl-1-butanol-F
Dhx35-S,2-Furoic acid-F
Dhx35-S,2-Norbornanemethanol-F
Dhx35-S,3-(4-Methoxyphenyl)coumarin-F
Dhx35-S,"3,5-Dimethylphenol-F"
Dhx35-S,5-Nitroso-8-quinolinol-F
Dhx35-S,Heptanoic acid-F
Dhx35-S,Isopropylamine-F
Dhx35-S,L-Ornithine-F
Dhx35-S,Lupinine-F
Dhx35-S,Sarcosine-F
Dhx35-S,tert-butyl(dimethyl)silyl-2-([tert-butyl(dimethyl)silyl]oxy)hex-2-enoate-F
Acad9-S,"1,2-Bis(trimethylsiloxy)cyclohexene-F"
Acad9-S,"2,4-Dimethoxybenzaldoxime-F"
Acad9-S,4-tert-Butyldimethylsiloxy-3-penten-2-one-F
Acad9-S,6-Nitroveratryl alcohol-F
Acad9-S,"Benzene, 1-ethyl-3,5-dimethyl-F"
Acad9-S,L-Pyroglutamic acid-F
Acad9-S,L-Serine-F
Acad9-S,L-Val-L-Leu-F
Acad9-S,Myristic acid-F
Trpc3-S,"1,2-Bis(trimethylsiloxy)cyclohexene-F"
Trpc3-S,"2,4-Dimethoxybenzaldoxime-F"
Trpc3-S,3-(4-Methoxyphenyl)coumarin-F
Trpc3-S,"3,3-Dimethylacrylic acid-F"
Trpc3-S,5-Nitroso-8-quinolinol-F
Trpc3-S,Benzenepropanoic acid-F
Trpc3-S,Diclofenac-F
Trpc3-S,L-Val-L-Leu-F
Kcnab1-S,"1,2-Cinnolinedicarboxylic acid, 1,2,3,5,6,7,8,8a-octahydro-4-trimethylsilyloxy-, diethyl ester-F"
Kcnab1-S,2-Ethyl-1-butanol-F
Kcnab1-S,2-Norbornanemethanol-F
Kcnab1-S,3-(4-Methoxyphenyl)coumarin-F
Kcnab1-S,5-Nitroso-8-quinolinol-F
Kcnab1-S,Chlorobenzilate-F
Kcnab1-S,"l-Leucine, n-butoxycarbonyl-N-methyl-, hexadecyl ester-F"
Kcnab1-S,L-Val-L-Leu-F
Kcnab1-S,Xylazine-F
Sike1-S,"(2,5-Dimethoxyphenyl)acetone-F"
Sike1-S,"2,5-Dimethoxybenzhydrazide-F"
Sike1-S,"2,5-Dimethoxyphenol-F"
Sike1-S,3-(4-Methoxyphenyl)coumarin-F
Sike1-S,3-Heptanol-F
Sike1-S,5-Nitroso-8-quinolinol-F
Sike1-S,7-Hydroxy-4-(methoxymethyl)coumarin-F
Sike1-S,"Benzene, 1-ethyl-3,5-dimethyl-F"
Sike1-S,L-(+)-Threose-F
Sike1-S,"l-Leucine, n-butoxycarbonyl-N-methyl-, hexadecyl ester-F"
Casq2-S,"1-Pentene, 1,3-diphenyl-1-(trimethylsilyloxy)--F"
Casq2-S,2-Butoxyethanol-F
Casq2-S,2-Norbornanemethanol-F
Casq2-S,3-(4-Methoxyphenyl)coumarin-F
Casq2-S,7-Hydroxy-4-(methoxymethyl)coumarin-F
Casq2-S,Crotonic acid-F
Casq2-S,L-(+)-Threose-F
Casq2-S,"L-Histidine, N,1-bis(tert-butyldimethylsilyl)--F"
Casq2-S,"l-Leucine, n-butoxycarbonyl-N-methyl-, hexadecyl ester-F"
Casq2-S,L-Val-L-Leu-F
Stxbp3-S,"1,2-Cinnolinedicarboxylic acid, 1,2,3,5,6,7,8,8a-octahydro-4-trimethylsilyloxy-, diethyl ester-F"
Stxbp3-S,3-(4-Methoxyphenyl)coumarin-F
Stxbp3-S,"4,5-Dihydro-1H-pyrazole-F"
Stxbp3-S,"Benzene, 1-ethyl-3,5-dimethyl-F"
Stxbp3-S,L-(+)-Threose-F
Stxbp3-S,"Oxymorphone, bis(trimethylsilyl) ether-F"
Stxbp3-S,Xylazine-F
Slc16a4-S,5-Nitroso-8-quinolinol-F
Ddx20-S,"1,2-Cinnolinedicarboxylic acid, 1,2,3,5,6,7,8,8a-octahydro-4-trimethylsilyloxy-, diethyl ester-F"
Ddx20-S,2-Ethyl-1-butanol-F
Ddx20-S,3-(4-Methoxyphenyl)coumarin-F
Ddx20-S,"Benzene, 1-ethyl-3,5-dimethyl-F"
Ddx20-S,L-(+)-Threose-F
Ddx20-S,"l-Leucine, n-butoxycarbonyl-N-methyl-, hexadecyl ester-F"
Ddx20-S,"l-Norvaline, n-propargyloxycarbonyl-, isohexyl ester-F"
Ddx20-S,Xylazine-F
Pmvk-S,"1-Heptanol, 2-propyl--F"
Pmvk-S,"2,4-Dimethoxybenzaldoxime-F"
Pmvk-S,Aceturic acid-F
Pmvk-S,Butanedioic acid-F
Pmvk-S,Ethanolamine-F
Pmvk-S,L-Glutamic acid-F
Pmvk-S,"l-Leucine, n-butoxycarbonyl-N-methyl-, hexadecyl ester-F"
Pmvk-S,L-Ornithine-F
Pmvk-S,L-Val-L-Leu-F
Pmvk-S,Sulindac-F
Pmvk-S,tert-butyl(dimethyl)silyl-2-([tert-butyl(dimethyl)silyl]oxy)hex-2-enoate-F
Snx7-S,"1,2-Bis(trimethylsiloxy)cyclohexene-F"
Snx7-S,"2,4-Dimethoxybenzaldoxime-F"
Snx7-S,4-tert-Butyldimethylsiloxy-3-penten-2-one-F
Snx7-S,Diclofenac-F
Snx7-S,L-Val-L-Leu-F
Snx7-S,Oleamide-F
Kcnq5-S,"1,2-Bis(trimethylsiloxy)cyclohexene-F"
Kcnq5-S,"1,2-Cinnolinedicarboxylic acid, 1,2,3,5,6,7,8,8a-octahydro-4-trimethylsilyloxy-, diethyl ester-F"
Kcnq5-S,2-Ethyl-1-butanol-F
Kcnq5-S,4-Methylvaleric acid-F
Kcnq5-S,4-tert-Butyldimethylsiloxy-3-penten-2-one-F
Kcnq5-S,7-Hydroxy-4-(methoxymethyl)coumarin-F
Kcnq5-S,L-Serine-F
Kcnq5-S,Palmitic Acid-F
Kcnq5-S,tert-butyl(dimethyl)silyl-2-([tert-butyl(dimethyl)silyl]oxy)hex-2-enoate-F
Sh3d19-S,3-(4-Methoxyphenyl)coumarin-F
Sh3d19-S,"3,3-Dimethylacrylic acid-F"
Sh3d19-S,Diclofenac-F
Sh3d19-S,L-Glutamic acid-F
Sh3d19-S,"l-Leucine, n-butoxycarbonyl-N-methyl-, hexadecyl ester-F"
Sh3d19-S,L-Ornithine-F
Polr3c-S,"1-Pentene, 1,3-diphenyl-1-(trimethylsilyloxy)--F"
Polr3c-S,"4,5-Dihydro-1H-pyrazole-F"
Polr3c-S,7-Hydroxy-4-(methoxymethyl)coumarin-F
Polr3c-S,Diclofenac-F
Polr3c-S,L-Glutamic acid-F
Smim8-S,2-(Methylamino)ethanol-F
Smim8-S,2-Norbornanemethanol-F
Smim8-S,5-Nitroso-8-quinolinol-F
Smim8-S,"Benzene, 1-ethyl-3,5-dimethyl-F"
Smim8-S,Diclofenac-F
Smim8-S,"l-Leucine, n-butoxycarbonyl-N-methyl-, hexadecyl ester-F"
Smim8-S,L-Serine-F
Smim8-S,L-Val-L-Leu-F
Smim8-S,Propanoic acid-F
Smim8-S,tert-butyl(dimethyl)silyl-2-([tert-butyl(dimethyl)silyl]oxy)hex-2-enoate-F
Tex10-S,"1,2-Cinnolinedicarboxylic acid, 1,2,3,5,6,7,8,8a-octahydro-4-trimethylsilyloxy-, diethyl ester-F"
Tex10-S,2-Norbornanemethanol-F
Tex10-S,3-(4-Methoxyphenyl)coumarin-F
Tex10-S,DL-Glyceraldehyde-F
Tex10-S,Lupinine-F
Tex10-S,tert-butyl(dimethyl)silyl-2-([tert-butyl(dimethyl)silyl]oxy)hex-2-enoate-F
Nfx1-S,"1,2-Bis(trimethylsiloxy)cyclohexene-F"
Nfx1-S,"1-Heptanol, 2-propyl--F"
Nfx1-S,Allylescaline-F
Nfx1-S,Diclofenac-F
Nfx1-S,L-Serine-F
Nfx1-S,L-Val-L-Leu-F
Nfx1-S,tert-butyl(dimethyl)silyl-2-([tert-butyl(dimethyl)silyl]oxy)hex-2-enoate-F
Enho-S,"1,2-Bis(trimethylsiloxy)cyclohexene-F"
Enho-S,3-(4-Methoxyphenyl)coumarin-F
Enho-S,7-Hydroxy-4-(methoxymethyl)coumarin-F
Enho-S,L-(+)-Threose-F
Enho-S,Phenol-F
Npr2-S,"1,2-Cinnolinedicarboxylic acid, 1,2,3,5,6,7,8,8a-octahydro-4-trimethylsilyloxy-, diethyl ester-F"
Npr2-S,"2-Methylcyclohexanol, (Z)-F"
Npr2-S,3-(4-Methoxyphenyl)coumarin-F
Npr2-S,3-Buten-2-one-F
Npr2-S,"Benzene, 1-ethyl-3,5-dimethyl-F"
Npr2-S,L-(+)-Threose-F
Npr2-S,L-Ornithine-F
Npr2-S,Sarcosine-F
Cachd1-S,"1-Pentene, 1,3-diphenyl-1-(trimethylsilyloxy)--F"
Cachd1-S,3-(4-Methoxyphenyl)coumarin-F
Cachd1-S,"4,5-Dihydro-1H-pyrazole-F"
Cachd1-S,7-Hydroxy-4-(methoxymethyl)coumarin-F
Cachd1-S,"Benzene, 1-ethyl-3,5-dimethyl-F"
Cachd1-S,Chlorobenzilate-F
Cachd1-S,L-(+)-Threose-F
Cachd1-S,L-Glutamic acid-F
Cachd1-S,L-Val-L-Leu-F
Bend5-S,"1,2-Cinnolinedicarboxylic acid, 1,2,3,5,6,7,8,8a-octahydro-4-trimethylsilyloxy-, diethyl ester-F"
Bend5-S,"1-Pentene, 1,3-diphenyl-1-(trimethylsilyloxy)--F"
Bend5-S,"2,4-Dimethoxybenzaldoxime-F"
Bend5-S,2-Ethyl-1-butanol-F
Bend5-S,2-Norbornanemethanol-F
Bend5-S,4-tert-Butyldimethylsiloxy-3-penten-2-one-F
Bend5-S,6-Nitroveratryl alcohol-F
Bend5-S,L-Serine-F
Bend5-S,tert-butyl(dimethyl)silyl-2-([tert-butyl(dimethyl)silyl]oxy)hex-2-enoate-F
Mrpl37-S,"1,2-Cinnolinedicarboxylic acid, 1,2,3,5,6,7,8,8a-octahydro-4-trimethylsilyloxy-, diethyl ester-F"
Mrpl37-S,"2,4-Dimethoxybenzaldoxime-F"
Mrpl37-S,3-(4-Methoxyphenyl)coumarin-F
Mrpl37-S,Aceturic acid-F
Mrpl37-S,L-(+)-Threose-F
Mrpl37-S,L-Ornithine-F
Mrpl37-S,L-Val-L-Leu-F
Mrpl37-S,Palmitic Acid-F
Ccdc30-S,2-Norbornanemethanol-F
Ccdc30-S,"3,3-Dimethylacrylic acid-F"
Ccdc30-S,"4,5-Dihydro-1H-pyrazole-F"
Ccdc30-S,4-tert-Butyldimethylsiloxy-3-penten-2-one-F
Ccdc30-S,5-Nitroso-8-quinolinol-F
Ccdc30-S,"Benzene, 1-ethyl-3,5-dimethyl-F"
Ccdc30-S,L-Val-L-Leu-F
Htr6-S,"1,2-Cinnolinedicarboxylic acid, 1,2,3,5,6,7,8,8a-octahydro-4-trimethylsilyloxy-, diethyl ester-F"
Htr6-S,2-Norbornanemethanol-F
Htr6-S,7-Hydroxy-4-(methoxymethyl)coumarin-F
Htr6-S,"Benzene, 1-ethyl-3,5-dimethyl-F"
Htr6-S,L-Ornithine-F
Htr6-S,Sarcosine-F
Ak2-S,"1,2-Cinnolinedicarboxylic acid, 1,2,3,5,6,7,8,8a-octahydro-4-trimethylsilyloxy-, diethyl ester-F"
Ak2-S,1-Butanol-F
Ak2-S,2-Norbornanemethanol-F
Ak2-S,3-(4-Methoxyphenyl)coumarin-F
Ak2-S,7-Hydroxy-4-(methoxymethyl)coumarin-F
Ak2-S,Diclofenac-F
Ak2-S,DL-Glyceraldehyde-F
Ak2-S,"l-Leucine, n-butoxycarbonyl-N-methyl-, hexadecyl ester-F"
Ak2-S,tert-butyl(dimethyl)silyl-2-([tert-butyl(dimethyl)silyl]oxy)hex-2-enoate-F
Trappc3-S,"2-Methylcyclohexanol, (Z)-F"
Trappc3-S,3-(4-Methoxyphenyl)coumarin-F
Trappc3-S,3-Buten-2-one-F
Trappc3-S,L-Ornithine-F
Gnl2-S,"1,2-Cinnolinedicarboxylic acid, 1,2,3,5,6,7,8,8a-octahydro-4-trimethylsilyloxy-, diethyl ester-F"
Gnl2-S,2-Norbornanemethanol-F
Gnl2-S,4-tert-Butyldimethylsiloxy-3-penten-2-one-F
Gnl2-S,Niacinamide-F
Gnl2-S,tert-butyl(dimethyl)silyl-2-([tert-butyl(dimethyl)silyl]oxy)hex-2-enoate-F
Psmc2-S,"1,2-Cinnolinedicarboxylic acid, 1,2,3,5,6,7,8,8a-octahydro-4-trimethylsilyloxy-, diethyl ester-F"
Psmc2-S,"1-Pentene, 1,3-diphenyl-1-(trimethylsilyloxy)--F"
Psmc2-S,4-tert-Butyldimethylsiloxy-3-penten-2-one-F
Psmc2-S,"l-Leucine, n-butoxycarbonyl-N-methyl-, hexadecyl ester-F"
Acot7-S,"1,2-Bis(trimethylsiloxy)cyclohexene-F"
Acot7-S,"2,4-Dimethoxybenzaldoxime-F"
Acot7-S,3-(4-Methoxyphenyl)coumarin-F
Acot7-S,"6-Aminocaproic acid, N-(tert.-butyldimethylsilyl)-F"
Acot7-S,Azelaic acid-F
Acot7-S,Diclofenac-F
Acot7-S,L-(+)-Threose-F
Acot7-S,L-Serine-F
Acot7-S,"Propanoic acid, dimethyl(isopropyl)silyl ester-F"
Acot7-S,Yangonin-F
Ctnnbip1-S,"2,4-Dimethoxybenzaldoxime-F"
Ctnnbip1-S,"2,4-Di-tert-butylphenol-F"
Ctnnbip1-S,4-tert-Butyldimethylsiloxy-3-penten-2-one-F
Ctnnbip1-S,Aceturic acid-F
Ctnnbip1-S,Azelaic acid-F
Ctnnbip1-S,Butanedioic acid-F
Ctnnbip1-S,Ethanolamine-F
Ctnnbip1-S,L-Glutamic acid-F
Ctnnbip1-S,"l-Leucine, n-butoxycarbonyl-N-methyl-, hexadecyl ester-F"
Ctnnbip1-S,L-Ornithine-F
Ctnnbip1-S,L-Val-L-Leu-F
Ctnnbip1-S,Octanoic acid-F
Nmnat1-S,"1,2-Cinnolinedicarboxylic acid, 1,2,3,5,6,7,8,8a-octahydro-4-trimethylsilyloxy-, diethyl ester-F"
Nmnat1-S,2-Buten-1-ol-F
Nmnat1-S,4-tert-Butyldimethylsiloxy-3-penten-2-one-F
Nmnat1-S,5-Nitroso-8-quinolinol-F
Nmnat1-S,"6-Methoxy-1-methyl-1,2,3,4-tetrahydroisoquinolin-7-ol-F"
Nmnat1-S,7-Hydroxy-4-(methoxymethyl)coumarin-F
Nmnat1-S,Cycloheptanol-F
Nmnat1-S,L-Ornithine-F
Nmnat1-S,tert-butyl(dimethyl)silyl-2-([tert-butyl(dimethyl)silyl]oxy)hex-2-enoate-F
Mthfr-S,"1,2-Bis(trimethylsiloxy)cyclohexene-F"
Mthfr-S,"1-Pentene, 1,3-diphenyl-1-(trimethylsilyloxy)--F"
Mthfr-S,"2,4-Dimethoxybenzaldoxime-F"
Mthfr-S,6-Nitroveratryl alcohol-F
Mthfr-S,Benzeneacetic acid-F
Mthfr-S,Diclofenac-F
Mthfr-S,L-Threonine-F
Mib2-S,"1,2-Cinnolinedicarboxylic acid, 1,2,3,5,6,7,8,8a-octahydro-4-trimethylsilyloxy-, diethyl ester-F"
Mib2-S,"1-Heptanol, 2-propyl--F"
Mib2-S,"1-Pentene, 1,3-diphenyl-1-(trimethylsilyloxy)--F"
Mib2-S,2-Norbornanemethanol-F
Mib2-S,"4,5-Dihydro-1H-pyrazole-F"
Mib2-S,Chlorobenzilate-F
Mib2-S,L-Val-L-Leu-F
Mib2-S,tert-butyl(dimethyl)silyl-2-([tert-butyl(dimethyl)silyl]oxy)hex-2-enoate-F
Ppm1g-S,"1,2-Cinnolinedicarboxylic acid, 1,2,3,5,6,7,8,8a-octahydro-4-trimethylsilyloxy-, diethyl ester-F"
Ppm1g-S,"1-Pentene, 1,3-diphenyl-1-(trimethylsilyloxy)--F"
Ppm1g-S,7-Hydroxy-4-(methoxymethyl)coumarin-F
Ppm1g-S,"Benzene, 1-ethyl-3,5-dimethyl-F"
Ppm1g-S,"l-Leucine, n-butoxycarbonyl-N-methyl-, hexadecyl ester-F"
Ppm1g-S,"Propanoic acid, 3-[(tert-butyldimethylsilyl)oxy]-2-methyl--F"
Agbl5-S,2-Norbornanemethanol-F
Agbl5-S,"3,4-Methylenedioxyamphetamine-F"
Agbl5-S,4-Aminobutanoic acid-F
Agbl5-S,5-Nitroso-8-quinolinol-F
Agbl5-S,"Benzene, 1-ethyl-3,5-dimethyl-F"
Agbl5-S,Hypoxanthine-F
Agbl5-S,"l-Leucine, n-butoxycarbonyl-N-methyl-, hexadecyl ester-F"
Agbl5-S,N-Acetylaspartic acid-F
Gabra4-S,3-(4-Methoxyphenyl)coumarin-F
Gabra4-S,5-Nitroso-8-quinolinol-F
Gabra4-S,"Benzene, 1-ethyl-3,5-dimethyl-F"
Gabra4-S,L-(+)-Threose-F
Gabra4-S,"l-Leucine, n-butoxycarbonyl-N-methyl-, hexadecyl ester-F"
Gabra4-S,"l-Norvaline, n-propargyloxycarbonyl-, isohexyl ester-F"
Gabra4-S,L-Val-L-Leu-F
Gabra4-S,Xylazine-F
Tec-S,"2-(Ethylamino)ethanol, N-acetyl-F"
Tec-S,Benzyl alcohol-F
Tec-S,Butachlor ESA-F
Tec-S,Formamide-F
Tec-S,Hexanoic acid-F
Tec-S,Isonicotinic Acid-F
Tec-S,L-Val-L-Leu-F
Dmp1-S,"1,2-Bis(trimethylsiloxy)cyclohexene-F"
Dmp1-S,"2,4-Dimethoxybenzaldoxime-F"
Dmp1-S,2-Norbornanemethanol-F
Dmp1-S,3-(4-Methoxyphenyl)coumarin-F
Dmp1-S,4-Aminobutanoic acid-F
Dmp1-S,"Benzene, 1-ethyl-3,5-dimethyl-F"
Dmp1-S,Chlorobenzilate-F
Dmp1-S,Diclofenac-F
Dmp1-S,L-(+)-Threose-F
Dmp1-S,L-Serine-F
Dmp1-S,tert-butyl(dimethyl)silyl-2-([tert-butyl(dimethyl)silyl]oxy)hex-2-enoate-F
Crybb3-S,"1,2-Cinnolinedicarboxylic acid, 1,2,3,5,6,7,8,8a-octahydro-4-trimethylsilyloxy-, diethyl ester-F"
Crybb3-S,2-Norbornanemethanol-F
Crybb3-S,3-(4-Methoxyphenyl)coumarin-F
Crybb3-S,5-Nitroso-8-quinolinol-F
Crybb3-S,"l-Leucine, n-butoxycarbonyl-N-methyl-, hexadecyl ester-F"
Crybb3-S,Octacosanol-F
Mthfd2l-S,"1,2-Cinnolinedicarboxylic acid, 1,2,3,5,6,7,8,8a-octahydro-4-trimethylsilyloxy-, diethyl ester-F"
Mthfd2l-S,"2,2'-Bipyridine-F"
Mthfd2l-S,2-Buten-1-ol-F
Mthfd2l-S,2-Cyanobenzaldehyde-F
Mthfd2l-S,2-Norbornanemethanol-F
Mthfd2l-S,3-Buten-2-one-F
Mthfd2l-S,4-tert-Butyldimethylsiloxy-3-penten-2-one-F
Mthfd2l-S,5-Azacytosine-F
Mthfd2l-S,5-Nitroso-8-quinolinol-F
Mthfd2l-S,Aniline-F
Mthfd2l-S,"Cytosine, N-(tert-butyldimethylsilyl)--F"
Mthfd2l-S,"D-Streptamine, O-6-amino-6-deoxy-alpha-D-glucopyranosyl-(1-4)-O-(3-deoxy-4-C-methyl-3-(methylamino)-beta-L-arabinopyranosyl-(1-6))-2-deoxy--F"
Mthfd2l-S,"l-Norvaline, n-propargyloxycarbonyl-, isohexyl ester-F"
Mthfd2l-S,L-Ornithine-F
Mthfd2l-S,L-Val-L-Leu-F
Mthfd2l-S,Sarcosine-F
Mthfd2l-S,Triethyl citrate-F
Mrm2-S,"2-(Ethylamino)ethanol, N-acetyl-F"
Mrm2-S,"Benzene, 1-ethyl-3,5-dimethyl-F"
Mrm2-S,Formamide-F
Mrm2-S,L-(+)-Threose-F
Mrm2-S,L-Ornithine-F
Mrm2-S,L-Val-L-Leu-F
Mrm2-S,Oxalic acid-F
Tfr2-S,"1,2-Cinnolinedicarboxylic acid, 1,2,3,5,6,7,8,8a-octahydro-4-trimethylsilyloxy-, diethyl ester-F"
Tfr2-S,"1-Pentene, 1,3-diphenyl-1-(trimethylsilyloxy)--F"
Tfr2-S,"Benzene, 1-ethyl-3,5-dimethyl-F"
Tfr2-S,"l-Leucine, n-butoxycarbonyl-N-methyl-, hexadecyl ester-F"
Dlx5-S,"2,4-Dimethoxybenzaldoxime-F"
Dlx5-S,3-(4-Methoxyphenyl)coumarin-F
Dlx5-S,"4,5-Dihydro-1H-pyrazole-F"
Dlx5-S,5-Nitroso-8-quinolinol-F
Exoc4-S,"1,2-Cinnolinedicarboxylic acid, 1,2,3,5,6,7,8,8a-octahydro-4-trimethylsilyloxy-, diethyl ester-F"
Exoc4-S,2-Norbornanemethanol-F
Exoc4-S,Adipoyl-L-carnitine-F
Exoc4-S,Ethanolamine-F
Exoc4-S,"l-Leucine, n-butoxycarbonyl-N-methyl-, hexadecyl ester-F"
Exoc4-S,L-Val-L-Leu-F
Klhdc10-S,"1,2-Cinnolinedicarboxylic acid, 1,2,3,5,6,7,8,8a-octahydro-4-trimethylsilyloxy-, diethyl ester-F"
Klhdc10-S,"1-Pentene, 1,3-diphenyl-1-(trimethylsilyloxy)--F"
Klhdc10-S,2-Buten-1-ol-F
Klhdc10-S,3-(4-Methoxyphenyl)coumarin-F
Klhdc10-S,5-Nitroso-8-quinolinol-F
Klhdc10-S,7-Hydroxy-4-(methoxymethyl)coumarin-F
Klhdc10-S,Azelaic acid-F
Klhdc10-S,L-(+)-Threose-F
Klhdc10-S,L-Serine-F
Luc7l2-S,"1,2-Cinnolinedicarboxylic acid, 1,2,3,5,6,7,8,8a-octahydro-4-trimethylsilyloxy-, diethyl ester-F"
Luc7l2-S,2-Buten-1-ol-F
Luc7l2-S,4-tert-Butyldimethylsiloxy-3-penten-2-one-F
Luc7l2-S,5-Nitroso-8-quinolinol-F
Luc7l2-S,7-Hydroxy-4-(methoxymethyl)coumarin-F
Luc7l2-S,L-Glutamic acid-F
Luc7l2-S,"l-Leucine, n-butoxycarbonyl-N-methyl-, hexadecyl ester-F"
Luc7l2-S,L-Ornithine-F
Luc7l2-S,Sarcosine-F
Luc7l2-S,Stearic acid-F
Luc7l2-S,tert-butyl(dimethyl)silyl-2-([tert-butyl(dimethyl)silyl]oxy)hex-2-enoate-F
Mkrn1-S,"1,2-Bis(trimethylsiloxy)cyclohexene-F"
Mkrn1-S,"1,2-Cinnolinedicarboxylic acid, 1,2,3,5,6,7,8,8a-octahydro-4-trimethylsilyloxy-, diethyl ester-F"
Mkrn1-S,2-Ethyl-1-butanol-F
Mkrn1-S,"2-Methylcyclohexylamine, tert.-butyldimethylsilyl ether-F"
Mkrn1-S,2-Norbornanemethanol-F
Mkrn1-S,3-(4-Methoxyphenyl)coumarin-F
Mkrn1-S,Chlorobenzilate-F
Mkrn1-S,Diclofenac-F
Mkrn1-S,L-(+)-Threose-F
Mkrn1-S,L-Pyroglutamic acid-F
Mkrn1-S,L-Serine-F
Mkrn1-S,L-Val-L-Leu-F
Tgfa-S,"1,2-Bis(trimethylsiloxy)cyclohexene-F"
Tgfa-S,"1,2-Cinnolinedicarboxylic acid, 1,2,3,5,6,7,8,8a-octahydro-4-trimethylsilyloxy-, diethyl ester-F"
Tgfa-S,"2,4-Dimethoxybenzaldoxime-F"
Tgfa-S,3-(4-Methoxyphenyl)coumarin-F
Tgfa-S,5-Nitroso-8-quinolinol-F
Tgfa-S,7-Hydroxy-4-(methoxymethyl)coumarin-F
Tgfa-S,"Benzene, 1-ethyl-3,5-dimethyl-F"
Tgfa-S,Diclofenac-F
Tgfa-S,L-Pyroglutamic acid-F
Tgfa-S,L-Serine-F
Copg1-S,"1,2-Cinnolinedicarboxylic acid, 1,2,3,5,6,7,8,8a-octahydro-4-trimethylsilyloxy-, diethyl ester-F"
Copg1-S,"1-Pentene, 1,3-diphenyl-1-(trimethylsilyloxy)--F"
Copg1-S,"2,5-Dimethoxyphenol-F"
Copg1-S,2-Ethyl-1-butanol-F
Copg1-S,3-(4-Methoxyphenyl)coumarin-F
Copg1-S,L-(+)-Threose-F
Copg1-S,"l-Leucine, n-butoxycarbonyl-N-methyl-, hexadecyl ester-F"
Kras-S,"1-Pentene, 1,3-diphenyl-1-(trimethylsilyloxy)--F"
Kras-S,"2,3-Butanediol, O-(trimethylsilyl)-, monoacetate-F"
Kras-S,"2,4-Dimethoxybenzaldoxime-F"
Kras-S,"2-Methylcyclohexanol, (Z)-F"
Kras-S,3-Buten-2-one-F
Kras-S,"4,5-Dihydro-1H-pyrazole-F"
Kras-S,4-tert-Butyldimethylsiloxy-3-penten-2-one-F
Kras-S,Aceturic acid-F
Kras-S,Diclofenac-F
Kras-S,Lignoceric acid-F
Kras-S,L-Serine-F
Kras-S,L-Val-L-Leu-F
Kras-S,Octanoic acid-F
Cmas-S,"1,2-Bis(trimethylsiloxy)cyclohexene-F"
Cmas-S,"2-Methylcyclohexanol, (Z)-F"
Cmas-S,3-(4-Methoxyphenyl)coumarin-F
Cmas-S,"6-Aminocaproic acid, N-(tert.-butyldimethylsilyl)-F"
Cmas-S,alpha-Hydroxyisobutyric acid-F
Cmas-S,Butanedioic acid-F
Cmas-S,Diclofenac-F
Cmas-S,L-(+)-Threose-F
Cmas-S,Lignoceric acid-F
Cmas-S,L-Ornithine-F
Cmas-S,L-Val-L-Leu-F
Ift122-S,"2,4-Dimethoxybenzaldoxime-F"
Ift122-S,3-(4-Methoxyphenyl)coumarin-F
Ift122-S,"3,3-Dimethylacrylic acid-F"
Ift122-S,5-Nitroso-8-quinolinol-F
Ift122-S,"l-Leucine, n-butoxycarbonyl-N-methyl-, hexadecyl ester-F"
Ift122-S,L-Val-L-Leu-F
Rad51ap1-S,"1,2-Bis(trimethylsiloxy)cyclohexene-F"
Rad51ap1-S,"1,2-Cinnolinedicarboxylic acid, 1,2,3,5,6,7,8,8a-octahydro-4-trimethylsilyloxy-, diethyl ester-F"
Rad51ap1-S,"1-Pentene, 1,3-diphenyl-1-(trimethylsilyloxy)--F"
Rad51ap1-S,2-Ethyl-1-butanol-F
Rad51ap1-S,"2-Methylcyclohexylamine, tert.-butyldimethylsilyl ether-F"
Rad51ap1-S,2-Norbornanemethanol-F
Rad51ap1-S,3-(4-Methoxyphenyl)coumarin-F
Rad51ap1-S,4-Methylvaleric acid-F
Rad51ap1-S,5-Oxohexanoic Acid-F
Rad51ap1-S,L-(+)-Threose-F
Rad51ap1-S,L-Serine-F
Rad51ap1-S,L-Val-L-Leu-F
Prmt8-S,"1-Pentene, 1,3-diphenyl-1-(trimethylsilyloxy)--F"
Prmt8-S,"l-Leucine, n-butoxycarbonyl-N-methyl-, hexadecyl ester-F"
Fkbp4-S,"1,2-Cinnolinedicarboxylic acid, 1,2,3,5,6,7,8,8a-octahydro-4-trimethylsilyloxy-, diethyl ester-F"
Fkbp4-S,"1-Pentene, 1,3-diphenyl-1-(trimethylsilyloxy)--F"
Fkbp4-S,3-(4-Methoxyphenyl)coumarin-F
Fkbp4-S,7-Hydroxy-4-(methoxymethyl)coumarin-F
Fkbp4-S,Azelaic acid-F
Fkbp4-S,L-(+)-Threose-F
Fkbp4-S,L-Pyroglutamic acid-F
Fkbp4-S,L-Serine-F
Fkbp4-S,Palmitic Acid-F
Zfp719-S,"1,2-Cinnolinedicarboxylic acid, 1,2,3,5,6,7,8,8a-octahydro-4-trimethylsilyloxy-, diethyl ester-F"
Zfp719-S,2-Buten-1-ol-F
Zfp719-S,5-Nitroso-8-quinolinol-F
Zfp719-S,"Benzene, 1-ethyl-3,5-dimethyl-F"
Zfp719-S,L-(+)-Threose-F
Zfp719-S,"l-Leucine, n-butoxycarbonyl-N-methyl-, hexadecyl ester-F"
Zfp719-S,L-Ornithine-F
Zfp719-S,L-Val-L-Leu-F
Zfp719-S,Sarcosine-F
Hapln3-S,5-Nitroso-8-quinolinol-F
Hapln3-S,L-Ornithine-F
Ddias-S,Xylazine-F
Fchsd2-S,"2,4-Dimethoxybenzaldoxime-F"
Fchsd2-S,"3,4-Methylenedioxyamphetamine-F"
Fchsd2-S,5-Nitroso-8-quinolinol-F
Fchsd2-S,"l-Leucine, n-butoxycarbonyl-N-methyl-, hexadecyl ester-F"
Fchsd2-S,L-Valine-F
Syt3-S,"1,2-Bis(trimethylsiloxy)cyclohexene-F"
Syt3-S,"1-Pentene, 1,3-diphenyl-1-(trimethylsilyloxy)--F"
Syt3-S,3-(4-Methoxyphenyl)coumarin-F
Syt3-S,Aceturic acid-F
Syt3-S,Azelaic acid-F
Syt3-S,L-(+)-Threose-F
Syt3-S,L-Serine-F
Parva-S,"1-Pentene, 1,3-diphenyl-1-(trimethylsilyloxy)--F"
Parva-S,"3,3-Dimethylacrylic acid-F"
Parva-S,"4,5-Dihydro-1H-pyrazole-F"
Parva-S,4-tert-Butyldimethylsiloxy-3-penten-2-one-F
Parva-S,7-Hydroxy-4-(methoxymethyl)coumarin-F
Parva-S,Diclofenac-F
Parva-S,L-Ornithine-F
Parva-S,tert-butyl(dimethyl)silyl-2-([tert-butyl(dimethyl)silyl]oxy)hex-2-enoate-F
Itgam-S,"1,2-Cinnolinedicarboxylic acid, 1,2,3,5,6,7,8,8a-octahydro-4-trimethylsilyloxy-, diethyl ester-F"
Itgam-S,"2,4-Dimethoxybenzaldoxime-F"
Itgam-S,3-(4-Methoxyphenyl)coumarin-F
Itgam-S,"l-Leucine, n-butoxycarbonyl-N-methyl-, hexadecyl ester-F"
Itgam-S,L-Serine-F
Stx4a-S,"1,2-Bis(trimethylsiloxy)cyclohexene-F"
Stx4a-S,"1,2-Cinnolinedicarboxylic acid, 1,2,3,5,6,7,8,8a-octahydro-4-trimethylsilyloxy-, diethyl ester-F"
Stx4a-S,"1-Pentene, 1,3-diphenyl-1-(trimethylsilyloxy)--F"
Stx4a-S,"2,6-di-tert-Butyl-4-(dimethylaminomethyl)phenol-F"
Stx4a-S,2-Ethyl-1-butanol-F
Stx4a-S,7-Hydroxy-4-(methoxymethyl)coumarin-F
Stx4a-S,L-Serine-F
Stx4a-S,Palmitic Acid-F
Tial1-S,"1,2-Bis(trimethylsiloxy)cyclohexene-F"
Tial1-S,"1-Pentene, 1,3-diphenyl-1-(trimethylsilyloxy)--F"
Tial1-S,"2,6-di-tert-Butyl-4-(dimethylaminomethyl)phenol-F"
Tial1-S,2-Ethylhexanoic acid-F
Tial1-S,6-Nitroveratryl alcohol-F
Tial1-S,Benzyl alcohol-F
Tial1-S,Butyric Acid-F
Tial1-S,Diclofenac-F
Tial1-S,Dodecanoic acid-F
Tial1-S,L-Pyroglutamic acid-F
Tial1-S,L-Serine-F
Tial1-S,L-Val-L-Leu-F
Tial1-S,Pentanoic acid-F
Vps35l-S,"1,2-Bis(trimethylsiloxy)cyclohexene-F"
Vps35l-S,"1,2-Cinnolinedicarboxylic acid, 1,2,3,5,6,7,8,8a-octahydro-4-trimethylsilyloxy-, diethyl ester-F"
Vps35l-S,3-(4-Methoxyphenyl)coumarin-F
Vps35l-S,4-Methylvaleric acid-F
Vps35l-S,Curcumin-F
Vps35l-S,L-(+)-Threose-F
Vps35l-S,L-Norleucine-F
Vps35l-S,L-Ornithine-F
Vps35l-S,tert-butyl(dimethyl)silyl-2-([tert-butyl(dimethyl)silyl]oxy)hex-2-enoate-F
Pgap2-S,"1-Pentene, 1,3-diphenyl-1-(trimethylsilyloxy)--F"
Pgap2-S,"2,4-Dimethoxybenzaldoxime-F"
Pgap2-S,Benzeneacetic acid-F
Pgap2-S,Diclofenac-F
Pgap2-S,L-Threonine-F
Nadsyn1-S,"1-Octanol, 2-butyl--F"
Nadsyn1-S,"1-Pentene, 1,3-diphenyl-1-(trimethylsilyloxy)--F"
Nadsyn1-S,2-Buten-1-ol-F
Nadsyn1-S,2-Norbornanemethanol-F
Nadsyn1-S,4-tert-Butyldimethylsiloxy-3-penten-2-one-F
Nadsyn1-S,5-Nitroso-8-quinolinol-F
Nadsyn1-S,7-Hydroxy-4-(methoxymethyl)coumarin-F
Nadsyn1-S,"Benzene, 1-ethyl-3,5-dimethyl-F"
Nadsyn1-S,"l-Leucine, n-butoxycarbonyl-N-methyl-, hexadecyl ester-F"
Nadsyn1-S,L-Ornithine-F
Nadsyn1-S,Spiroxamine-F
Nadsyn1-S,tert-butyl(dimethyl)silyl-2-([tert-butyl(dimethyl)silyl]oxy)hex-2-enoate-F
Rbmx-S,"1,2-Cinnolinedicarboxylic acid, 1,2,3,5,6,7,8,8a-octahydro-4-trimethylsilyloxy-, diethyl ester-F"
Rbmx-S,3-(4-Methoxyphenyl)coumarin-F
Rbmx-S,7-Hydroxy-4-(methoxymethyl)coumarin-F
Rbmx-S,"Benzene, 1-ethyl-3,5-dimethyl-F"
Rbmx-S,Chlorobenzilate-F
Rbmx-S,"l-Leucine, n-butoxycarbonyl-N-methyl-, hexadecyl ester-F"
Rbmx-S,"l-Norvaline, n-propargyloxycarbonyl-, isohexyl ester-F"
Rbmx-S,"Oxymorphone, bis(trimethylsilyl) ether-F"
Rbmx-S,Xylazine-F
Timm17b-S,2-Norbornanemethanol-F
Timm17b-S,4-tert-Butyldimethylsiloxy-3-penten-2-one-F
Timm17b-S,5-Nitroso-8-quinolinol-F
Timm17b-S,Diclofenac-F
Timm17b-S,Lactic acid-F
Timm17b-S,"l-Leucine, n-butoxycarbonyl-N-methyl-, hexadecyl ester-F"
Timm17b-S,L-Serine-F
Timm17b-S,tert-butyl(dimethyl)silyl-2-([tert-butyl(dimethyl)silyl]oxy)hex-2-enoate-F
Chmp1b2-S,"2,4-Dimethoxybenzaldoxime-F"
Chmp1b2-S,4-tert-Butyldimethylsiloxy-3-penten-2-one-F
Chmp1b2-S,5-Nitroso-8-quinolinol-F
Chmp1b2-S,"6-Methoxy-1-methyl-1,2,3,4-tetrahydroisoquinolin-7-ol-F"
Chmp1b2-S,tert-butyl(dimethyl)silyl-2-([tert-butyl(dimethyl)silyl]oxy)hex-2-enoate-F
Rps6ka3-S,"1,2-Cinnolinedicarboxylic acid, 1,2,3,5,6,7,8,8a-octahydro-4-trimethylsilyloxy-, diethyl ester-F"
Rps6ka3-S,"1-Pentene, 1,3-diphenyl-1-(trimethylsilyloxy)--F"
Rps6ka3-S,2-Norbornanemethanol-F
Rps6ka3-S,4-Methylvaleric acid-F
Rps6ka3-S,4-tert-Butyldimethylsiloxy-3-penten-2-one-F
Rps6ka3-S,5-Oxohexanoic Acid-F
Rps6ka3-S,7-Hydroxy-4-(methoxymethyl)coumarin-F
Rps6ka3-S,Adipoyl-L-carnitine-F
Rps6ka3-S,"l-Leucine, n-butoxycarbonyl-N-methyl-, hexadecyl ester-F"
Rps6ka3-S,N-Ethyldiethanolamine-F
Rps6ka3-S,Norephedrine-F
Rps6ka3-S,Thymol-F
Haus7-S,"(2,5-Dimethoxyphenyl)acetone-F"
Haus7-S,2-Norbornanemethanol-F
Haus7-S,2-Propyl-1-pentanol-F
Haus7-S,3-(4-Methoxyphenyl)coumarin-F
Haus7-S,3-Heptanol-F
Haus7-S,5-Nitroso-8-quinolinol-F
Haus7-S,"6,7,4'-Trihydroxyisoflavone-F"
Haus7-S,"Benzene, 1-ethyl-3,5-dimethyl-F"
Haus7-S,Cycloheptanol-F
Haus7-S,L-(+)-Threose-F
Haus7-S,Niacinamide-F
Haus7-S,tert-butyl(dimethyl)silyl-2-([tert-butyl(dimethyl)silyl]oxy)hex-2-enoate-F
Psmd10-S,1-Butanol-F
Psmd10-S,"2,5-Dimethoxyphenol-F"
Psmd10-S,2-Norbornanemethanol-F
Psmd10-S,5-Nitroso-8-quinolinol-F
Psmd10-S,Diclofenac-F
Psmd10-S,"l-Leucine, n-butoxycarbonyl-N-methyl-, hexadecyl ester-F"
Psmd10-S,L-Val-L-Leu-F
Psmd10-S,tert-butyl(dimethyl)silyl-2-([tert-butyl(dimethyl)silyl]oxy)hex-2-enoate-F
Prps1-S,"1-Pentene, 1,3-diphenyl-1-(trimethylsilyloxy)--F"
Prps1-S,"2,6-di-tert-Butyl-4-(dimethylaminomethyl)phenol-F"
Prps1-S,3-(4-Methoxyphenyl)coumarin-F
Prps1-S,Azelaic acid-F
Prps1-S,L-(+)-Threose-F
Prps1-S,"l-Leucine, n-butoxycarbonyl-N-methyl-, hexadecyl ester-F"
Prps1-S,L-Pyroglutamic acid-F
Prps1-S,L-Serine-F
Prps1-S,Phenol-F
Plpbp-S,"1,2-Bis(trimethylsiloxy)cyclohexene-F"
Plpbp-S,1-Butanol-F
Plpbp-S,"1-Pentene, 1,3-diphenyl-1-(trimethylsilyloxy)--F"
Plpbp-S,2-Norbornanemethanol-F
Plpbp-S,3-(4-Methoxyphenyl)coumarin-F
Plpbp-S,"5-Ethyl-1,3-dioxane-5-methanol, tert-butyldimethylsilyl ether-F"
Plpbp-S,5-Oxohexanoic Acid-F
Plpbp-S,L-Pyroglutamic acid-F
Plpbp-S,L-Serine-F
Plpbp-S,Lupinine-F
Plpbp-S,tert-butyl(dimethyl)silyl-2-([tert-butyl(dimethyl)silyl]oxy)hex-2-enoate-F
Col4a2-S,"3,3-Dimethylacrylic acid-F"
Col4a2-S,"4,5-Dihydro-1H-pyrazole-F"
Col4a2-S,7-Hydroxy-4-(methoxymethyl)coumarin-F
Col4a2-S,L-Glutamic acid-F
Tnks-S,"1,2-Bis(trimethylsiloxy)cyclohexene-F"
Tnks-S,"1,2-Cinnolinedicarboxylic acid, 1,2,3,5,6,7,8,8a-octahydro-4-trimethylsilyloxy-, diethyl ester-F"
Tnks-S,"2',3'-Di-O-acetyladenosine-F"
Tnks-S,"2,4-Dimethoxybenzaldoxime-F"
Tnks-S,"Benzene, 1-ethyl-3,5-dimethyl-F"
Tnks-S,Diclofenac-F
Tnks-S,Isobutanol-F
Tnks-S,L-(+)-Threose-F
Tnks-S,L-Ornithine-F
Saraf-S,"1-Pentene, 1,3-diphenyl-1-(trimethylsilyloxy)--F"
Saraf-S,"2,4-Di-tert-butylphenol-F"
Saraf-S,Azelaic acid-F
Saraf-S,L-Glutamic acid-F
Saraf-S,"l-Leucine, n-butoxycarbonyl-N-methyl-, hexadecyl ester-F"
Saraf-S,L-Serine-F
Saraf-S,Palmitic Acid-F
Pdlim3-S,3-(4-Methoxyphenyl)coumarin-F
Pdlim3-S,"6-Aminocaproic acid, N-(tert.-butyldimethylsilyl)-F"
Pdlim3-S,L-Glutamic acid-F
Cog4-S,2-Ethyl-1-butanol-F
Cog4-S,2-Norbornanemethanol-F
Cog4-S,4-tert-Butyldimethylsiloxy-3-penten-2-one-F
Cog4-S,DL-Glyceraldehyde-F
Cog4-S,"l-Leucine, n-butoxycarbonyl-N-methyl-, hexadecyl ester-F"
Cog4-S,"Propanoic acid, 3-[(tert-butyldimethylsilyl)oxy]-2-methyl--F"
Cog4-S,tert-butyl(dimethyl)silyl-2-([tert-butyl(dimethyl)silyl]oxy)hex-2-enoate-F
Cntnap4-S,2-Ethyl-1-butanol-F
Cntnap4-S,2-Norbornanemethanol-F
Cntnap4-S,"l-Leucine, n-butoxycarbonyl-N-methyl-, hexadecyl ester-F"
Cntnap4-S,"l-Norvaline, n-propargyloxycarbonyl-, isohexyl ester-F"
Cntnap4-S,L-Valine-F
Cntnap4-S,Xylazine-F
Arl2bp-S,"1,2-Bis(trimethylsiloxy)cyclohexene-F"
Arl2bp-S,"1,2-Cinnolinedicarboxylic acid, 1,2,3,5,6,7,8,8a-octahydro-4-trimethylsilyloxy-, diethyl ester-F"
Arl2bp-S,4-tert-Butyldimethylsiloxy-3-penten-2-one-F
Arl2bp-S,7-Hydroxy-4-(methoxymethyl)coumarin-F
Arl2bp-S,L-Glutamic acid-F
Arl2bp-S,tert-butyl(dimethyl)silyl-2-([tert-butyl(dimethyl)silyl]oxy)hex-2-enoate-F
Map1lc3b-S,"1-Pentene, 1,3-diphenyl-1-(trimethylsilyloxy)--F"
Map1lc3b-S,"2-Methylcyclohexanol, (Z)-F"
Map1lc3b-S,3-(4-Methoxyphenyl)coumarin-F
Map1lc3b-S,"4,5-Dihydro-1H-pyrazole-F"
Map1lc3b-S,L-Glutamic acid-F
Map1lc3b-S,L-Val-L-Leu-F
Cdh15-S,"1,2-Cinnolinedicarboxylic acid, 1,2,3,5,6,7,8,8a-octahydro-4-trimethylsilyloxy-, diethyl ester-F"
Cdh15-S,"2,4-Dimethoxybenzaldoxime-F"
Cdh15-S,4-tert-Butyldimethylsiloxy-3-penten-2-one-F
Cdh15-S,5-Nitroso-8-quinolinol-F
Cdh15-S,Diclofenac-F
Cdh15-S,L-(+)-Threose-F
Cdh15-S,L-Glutamic acid-F
Cdh15-S,"l-Leucine, n-butoxycarbonyl-N-methyl-, hexadecyl ester-F"
Cdh15-S,L-Ornithine-F
Cdh15-S,tert-butyl(dimethyl)silyl-2-([tert-butyl(dimethyl)silyl]oxy)hex-2-enoate-F
Dbndd1-S,"1,2-Cinnolinedicarboxylic acid, 1,2,3,5,6,7,8,8a-octahydro-4-trimethylsilyloxy-, diethyl ester-F"
Dbndd1-S,"1-Heptanol, 2-propyl--F"
Dbndd1-S,"1-Pentene, 1,3-diphenyl-1-(trimethylsilyloxy)--F"
Dbndd1-S,"2,4-Dimethoxybenzaldoxime-F"
Dbndd1-S,2-Buten-1-ol-F
Dbndd1-S,2-Ethyl-1-butanol-F
Dbndd1-S,2-Norbornanemethanol-F
Dbndd1-S,5-Nitroso-8-quinolinol-F
Dbndd1-S,Chlorobenzilate-F
Dbndd1-S,L-Serine-F
Dbndd1-S,L-Val-L-Leu-F
Dbndd1-S,tert-butyl(dimethyl)silyl-2-([tert-butyl(dimethyl)silyl]oxy)hex-2-enoate-F
C2cd2l-S,"1,2-Cinnolinedicarboxylic acid, 1,2,3,5,6,7,8,8a-octahydro-4-trimethylsilyloxy-, diethyl ester-F"
C2cd2l-S,2-Ethyl-1-butanol-F
C2cd2l-S,2-Norbornanemethanol-F
C2cd2l-S,5-Nitroso-8-quinolinol-F
C2cd2l-S,"l-Leucine, n-butoxycarbonyl-N-methyl-, hexadecyl ester-F"
C2cd2l-S,L-Threonine-F
Lca5-S,"1,2-Cinnolinedicarboxylic acid, 1,2,3,5,6,7,8,8a-octahydro-4-trimethylsilyloxy-, diethyl ester-F"
Lca5-S,2-Buten-1-ol-F
Lca5-S,2-Norbornanemethanol-F
Lca5-S,5-Nitroso-8-quinolinol-F
Lca5-S,L-Glutamic acid-F
Lca5-S,"l-Leucine, n-butoxycarbonyl-N-methyl-, hexadecyl ester-F"
Lca5-S,L-Ornithine-F
Lca5-S,L-Val-L-Leu-F
Lca5-S,Octacosanol-F
Lca5-S,Sarcosine-F
Lca5-S,Stearic acid-F
Lca5-S,Urea-F
1700017B05Rik-S,"1-(4-Methoxyphenyl)-4,6-dimethyl-2(1H)-pyrimidinone-F"
1700017B05Rik-S,"1,2-Cinnolinedicarboxylic acid, 1,2,3,5,6,7,8,8a-octahydro-4-trimethylsilyloxy-, diethyl ester-F"
1700017B05Rik-S,"2(5H)-Furanone, 4-(hydroxymethyl)-F"
1700017B05Rik-S,"2,3-Butanediol, O-(trimethylsilyl)-, monoacetate-F"
1700017B05Rik-S,2-Cyanobenzaldehyde-F
1700017B05Rik-S,4-tert-Butyldimethylsiloxy-3-penten-2-one-F
1700017B05Rik-S,5-Nitroso-8-quinolinol-F
1700017B05Rik-S,"l-Leucine, n-butoxycarbonyl-N-methyl-, hexadecyl ester-F"
1700017B05Rik-S,L-Ornithine-F
1700017B05Rik-S,L-Val-L-Leu-F
1700017B05Rik-S,N-Acetyl-L-alanine-F
Loxl1-S,"1,2-Cinnolinedicarboxylic acid, 1,2,3,5,6,7,8,8a-octahydro-4-trimethylsilyloxy-, diethyl ester-F"
Loxl1-S,"1-Pentene, 1,3-diphenyl-1-(trimethylsilyloxy)--F"
Loxl1-S,"2,4-Dimethoxybenzaldoxime-F"
Loxl1-S,3-(4-Methoxyphenyl)coumarin-F
Loxl1-S,"l-Leucine, n-butoxycarbonyl-N-methyl-, hexadecyl ester-F"
Loxl1-S,L-Serine-F
Loxl1-S,L-Val-L-Leu-F
Nptn-S,"1,2-Cinnolinedicarboxylic acid, 1,2,3,5,6,7,8,8a-octahydro-4-trimethylsilyloxy-, diethyl ester-F"
Nptn-S,2-Ethyl-1-butanol-F
Nptn-S,2-Norbornanemethanol-F
Nptn-S,4-tert-Butyldimethylsiloxy-3-penten-2-one-F
Nptn-S,"6-Methoxy-1-methyl-1,2,3,4-tetrahydroisoquinolin-7-ol-F"
Nptn-S,Adipoyl-L-carnitine-F
Nptn-S,Chlorobenzilate-F
Nptn-S,Cholesterol-F
Nptn-S,L-(+)-Threose-F
Nptn-S,"l-Leucine, n-butoxycarbonyl-N-methyl-, hexadecyl ester-F"
Nptn-S,Uracil-F
Gclc-S,"1,2-Bis(trimethylsiloxy)cyclohexene-F"
Gclc-S,"2,4-Dimethoxybenzaldoxime-F"
Gclc-S,4-tert-Butyldimethylsiloxy-3-penten-2-one-F
Gclc-S,Butanedioic acid-F
Gclc-S,Diclofenac-F
Gclc-S,L-(+)-Threose-F
Gclc-S,Lignoceric acid-F
Gclc-S,L-Serine-F
Gclc-S,Myristic acid-F
Gclc-S,Pipecolic acid-F
Gclc-S,Suberic acid-F
Gclc-S,tert-butyl(dimethyl)silyl-2-([tert-butyl(dimethyl)silyl]oxy)hex-2-enoate-F
Atr-S,2-Ethyl-1-butanol-F
Atr-S,2-Norbornanemethanol-F
Atr-S,"l-Leucine, n-butoxycarbonyl-N-methyl-, hexadecyl ester-F"
Atr-S,Xylazine-F
Ube3d-S,"1-Pentene, 1,3-diphenyl-1-(trimethylsilyloxy)--F"
Ube3d-S,"2,4-Dimethoxybenzaldoxime-F"
Ube3d-S,"4-[2-(4,7-Dimethoxy-2H-1,3-benzodioxol-5-yl)ethenyl]-2-methoxyphenol-F"
Ube3d-S,5-Nitroso-8-quinolinol-F
Ube3d-S,Benzeneacetic acid-F
Ube3d-S,Diclofenac-F
Ube3d-S,m-Toluic acid-F
Dync1li1-S,"1-Pentene, 1,3-diphenyl-1-(trimethylsilyloxy)--F"
Dync1li1-S,"2,4-Dimethoxybenzaldoxime-F"
Dync1li1-S,3-(4-Methoxyphenyl)coumarin-F
Dync1li1-S,"4,5-Dihydro-1H-pyrazole-F"
Dync1li1-S,6-Nitroveratryl alcohol-F
Dync1li1-S,7-Hydroxy-4-(methoxymethyl)coumarin-F
Dync1li1-S,"Benzene, 1-ethyl-3,5-dimethyl-F"
Dync1li1-S,Diclofenac-F
Dync1li1-S,L-(+)-Threose-F
Dync1li1-S,L-Ornithine-F
Nmnat3-S,"1,2-Cinnolinedicarboxylic acid, 1,2,3,5,6,7,8,8a-octahydro-4-trimethylsilyloxy-, diethyl ester-F"
Nmnat3-S,2-Ethyl-1-butanol-F
Nmnat3-S,2-Norbornanemethanol-F
Nmnat3-S,3-(4-Methoxyphenyl)coumarin-F
Nmnat3-S,Chlorobenzilate-F
Nmnat3-S,"l-Leucine, n-butoxycarbonyl-N-methyl-, hexadecyl ester-F"
Nmnat3-S,Xylazine-F
Scap-S,"1,2-Cinnolinedicarboxylic acid, 1,2,3,5,6,7,8,8a-octahydro-4-trimethylsilyloxy-, diethyl ester-F"
Scap-S,"1-Pentene, 1,3-diphenyl-1-(trimethylsilyloxy)--F"
Scap-S,2-Norbornanemethanol-F
Scap-S,3-(4-Methoxyphenyl)coumarin-F
Scap-S,4-Methylvaleric acid-F
Scap-S,5-Oxohexanoic Acid-F
Scap-S,7-Hydroxy-4-(methoxymethyl)coumarin-F
Scap-S,L-(+)-Threose-F
Scap-S,"l-Leucine, n-butoxycarbonyl-N-methyl-, hexadecyl ester-F"
Scap-S,L-Lysine-F
Scap-S,L-Val-L-Leu-F
Scap-S,Norephedrine-F
Gorasp1-S,"1,2-Bis(trimethylsiloxy)cyclohexene-F"
Gorasp1-S,"1,2-Cinnolinedicarboxylic acid, 1,2,3,5,6,7,8,8a-octahydro-4-trimethylsilyloxy-, diethyl ester-F"
Gorasp1-S,"1-Pentene, 1,3-diphenyl-1-(trimethylsilyloxy)--F"
Gorasp1-S,2-Ethyl-1-butanol-F
Gorasp1-S,4-tert-Butyldimethylsiloxy-3-penten-2-one-F
Gorasp1-S,7-Hydroxy-4-(methoxymethyl)coumarin-F
Gorasp1-S,Diclofenac-F
Gorasp1-S,L-Serine-F
Gorasp1-S,tert-butyl(dimethyl)silyl-2-([tert-butyl(dimethyl)silyl]oxy)hex-2-enoate-F
Cep63-S,"1,2-Cyclohexanediol, (Z)-F"
Cep63-S,"2,4-Dimethoxybenzaldoxime-F"
Cep63-S,2-Buten-1-ol-F
Cep63-S,5-Nitroso-8-quinolinol-F
Cep63-S,7-Hydroxy-4-(methoxymethyl)coumarin-F
Cep63-S,"Benzene, 1-ethyl-3,5-dimethyl-F"
Cep63-S,Benzeneacetic acid-F
Cep63-S,Chlorobenzilate-F
Cep63-S,"l-Leucine, n-butoxycarbonyl-N-methyl-, hexadecyl ester-F"
Cep63-S,L-Tyrosine-F
Aste1-S,"1,2-Cinnolinedicarboxylic acid, 1,2,3,5,6,7,8,8a-octahydro-4-trimethylsilyloxy-, diethyl ester-F"
Aste1-S,2-Norbornanemethanol-F
Aste1-S,3-(4-Methoxyphenyl)coumarin-F
Aste1-S,4-Aminobutanoic acid-F
Aste1-S,"Benzene, 1-ethyl-3,5-dimethyl-F"
Aste1-S,L-(+)-Threose-F
Aste1-S,"l-Leucine, n-butoxycarbonyl-N-methyl-, hexadecyl ester-F"
Aste1-S,Norephedrine-F
Aste1-S,tert-butyl(dimethyl)silyl-2-([tert-butyl(dimethyl)silyl]oxy)hex-2-enoate-F
Col6a4-S,"1-(4-Methoxyphenyl)-4,6-dimethyl-2(1H)-pyrimidinone-F"
Col6a4-S,"1,2-Cinnolinedicarboxylic acid, 1,2,3,5,6,7,8,8a-octahydro-4-trimethylsilyloxy-, diethyl ester-F"
Col6a4-S,"2(5H)-Furanone, 4-(hydroxymethyl)-F"
Col6a4-S,"2,3-Butanediol, O-(trimethylsilyl)-, monoacetate-F"
Col6a4-S,"2,5-Dimethoxybenzonitrile-F"
Col6a4-S,"2',5'-Dimethoxypropiophenone-F"
Col6a4-S,3-(4-Methoxyphenyl)coumarin-F
Col6a4-S,5-Nitroso-8-quinolinol-F
Col6a4-S,L-(+)-Threose-F
Col6a4-S,"l-Leucine, n-butoxycarbonyl-N-methyl-, hexadecyl ester-F"
Col6a4-S,L-Ornithine-F
Col6a4-S,L-Val-L-Leu-F
Col6a4-S,N-Acetyl-L-alanine-F
Traip-S,2-Ethyl-1-butanol-F
Traip-S,2-Ethylhexanoic acid-F
Traip-S,2-Norbornanemethanol-F
Traip-S,L-(+)-Threose-F
Traip-S,"l-Leucine, n-butoxycarbonyl-N-methyl-, hexadecyl ester-F"
Traip-S,L-Val-L-Leu-F
Traip-S,Pentanoic acid-F
Traip-S,Synephrine-F
Traip-S,tert-butyl(dimethyl)silyl-2-([tert-butyl(dimethyl)silyl]oxy)hex-2-enoate-F
Traip-S,Uracil-F
Ip6k1-S,"1,2-Cinnolinedicarboxylic acid, 1,2,3,5,6,7,8,8a-octahydro-4-trimethylsilyloxy-, diethyl ester-F"
Ip6k1-S,2-Norbornanemethanol-F
Ip6k1-S,4-tert-Butyldimethylsiloxy-3-penten-2-one-F
Ip6k1-S,7-Hydroxy-4-(methoxymethyl)coumarin-F
Ip6k1-S,Ethanolamine-F
Ip6k1-S,L-Pyroglutamic acid-F
Ip6k1-S,L-Serine-F
Ip6k1-S,Octanoic acid-F
Ip6k1-S,tert-butyl(dimethyl)silyl-2-([tert-butyl(dimethyl)silyl]oxy)hex-2-enoate-F
Nckipsd-S,"1,2-Cinnolinedicarboxylic acid, 1,2,3,5,6,7,8,8a-octahydro-4-trimethylsilyloxy-, diethyl ester-F"
Nckipsd-S,"2,4,4'-Trihydroxybenzophenone-F"
Nckipsd-S,"2,4-Imidazolidinedione, 5,5-dimethyl-F"
Nckipsd-S,2-Norbornanemethanol-F
Nckipsd-S,3-(4-Methoxyphenyl)coumarin-F
Nckipsd-S,5-Nitroso-8-quinolinol-F
Nckipsd-S,7-Hydroxy-4-(methoxymethyl)coumarin-F
Nckipsd-S,Adenine-F
Nckipsd-S,Hexacosanoic acid-F
Nckipsd-S,L-(+)-Threose-F
Nckipsd-S,"l-Leucine, n-butoxycarbonyl-N-methyl-, hexadecyl ester-F"
Nckipsd-S,N-Ethyldiethanolamine-F
Nckipsd-S,Thymol-F
Ip6k2-S,"1-Pentene, 1,3-diphenyl-1-(trimethylsilyloxy)--F"
Ip6k2-S,2-Norbornanemethanol-F
Ip6k2-S,3-(4-Methoxyphenyl)coumarin-F
Ip6k2-S,"4,5-Dihydro-1H-pyrazole-F"
Ip6k2-S,L-(+)-Threose-F
Ip6k2-S,Niacinamide-F
Ip6k2-S,tert-butyl(dimethyl)silyl-2-([tert-butyl(dimethyl)silyl]oxy)hex-2-enoate-F
Qars1-S,"1,2-Cinnolinedicarboxylic acid, 1,2,3,5,6,7,8,8a-octahydro-4-trimethylsilyloxy-, diethyl ester-F"
Qars1-S,2-Norbornanemethanol-F
Qars1-S,"4,5-Dihydro-1H-pyrazole-F"
Qars1-S,4-tert-Butyldimethylsiloxy-3-penten-2-one-F
Qars1-S,"Benzene, 1-ethyl-3,5-dimethyl-F"
Qars1-S,L-(+)-Threose-F
Qars1-S,L-Val-L-Leu-F
Qars1-S,Uracil-F
Lmo2-S,"1,2-Cinnolinedicarboxylic acid, 1,2,3,5,6,7,8,8a-octahydro-4-trimethylsilyloxy-, diethyl ester-F"
Lmo2-S,2-Norbornanemethanol-F
Lmo2-S,3-(4-Methoxyphenyl)coumarin-F
Lmo2-S,4-Methylvaleric acid-F
Lmo2-S,5-Nitroso-8-quinolinol-F
Lmo2-S,Adipoyl-L-carnitine-F
Lmo2-S,Hexacosanoic acid-F
Lmo2-S,L-(+)-Threose-F
Lmo2-S,"l-Leucine, n-butoxycarbonyl-N-methyl-, hexadecyl ester-F"
Lmo2-S,L-Lysine-F
Lmo2-S,Methyl lactate-F
Lmo2-S,N-Ethyldiethanolamine-F
Lmo2-S,Norephedrine-F
Lmo2-S,Thymol-F
Bet1-S,"1,2-Cinnolinedicarboxylic acid, 1,2,3,5,6,7,8,8a-octahydro-4-trimethylsilyloxy-, diethyl ester-F"
Bet1-S,2-Norbornanemethanol-F
Bet1-S,3-(4-Methoxyphenyl)coumarin-F
Bet1-S,Curcumin-F
Bet1-S,"Cyclopentaneacetic acid, 3-oxo-2-pentyl-, methyl ester-F"
Bet1-S,Hexacosanoic acid-F
Bet1-S,L-(+)-Threose-F
Bet1-S,L-Ornithine-F
Bet1-S,Niacin-F
Bet1-S,Propylene glycol-F
Bet1-S,Sarcosine-F
Gtf3c1-S,2-Furoic acid-F
Gtf3c1-S,2-Norbornanemethanol-F
Gtf3c1-S,3-(4-Methoxyphenyl)coumarin-F
Gtf3c1-S,"3,3-Dimethylacrylic acid-F"
Gtf3c1-S,"3,5-Dimethylphenol-F"
Gtf3c1-S,"4,5-Dihydro-1H-pyrazole-F"
Gtf3c1-S,Heptanoic acid-F
Gtf3c1-S,Isopropylamine-F
Gtf3c1-S,L-Ornithine-F
Gtf3c1-S,Oxalic acid-F
Gtf3c1-S,Sarcosine-F
Gtf3c1-S,tert-butyl(dimethyl)silyl-2-([tert-butyl(dimethyl)silyl]oxy)hex-2-enoate-F
Alas1-S,"1,2-Cinnolinedicarboxylic acid, 1,2,3,5,6,7,8,8a-octahydro-4-trimethylsilyloxy-, diethyl ester-F"
Alas1-S,4-tert-Butyldimethylsiloxy-3-penten-2-one-F
Alas1-S,5-Nitroso-8-quinolinol-F
Alas1-S,7-Hydroxy-4-(methoxymethyl)coumarin-F
Alas1-S,"l-Leucine, n-butoxycarbonyl-N-methyl-, hexadecyl ester-F"
Rasgrp2-S,"1,2-Cinnolinedicarboxylic acid, 1,2,3,5,6,7,8,8a-octahydro-4-trimethylsilyloxy-, diethyl ester-F"
Rasgrp2-S,2-Ethyl-1-butanol-F
Rasgrp2-S,2-Norbornanemethanol-F
Rasgrp2-S,5-Nitroso-8-quinolinol-F
Rasgrp2-S,"l-Leucine, n-butoxycarbonyl-N-methyl-, hexadecyl ester-F"
Rasgrp2-S,Xylazine-F
Inha-S,"(2,5-Dimethoxyphenyl)acetone-F"
Inha-S,"1,2-Cinnolinedicarboxylic acid, 1,2,3,5,6,7,8,8a-octahydro-4-trimethylsilyloxy-, diethyl ester-F"
Inha-S,"1-Pentene, 1,3-diphenyl-1-(trimethylsilyloxy)--F"
Inha-S,2-Buten-1-ol-F
Inha-S,2-Propyl-1-pentanol-F
Inha-S,3-(4-Methoxyphenyl)coumarin-F
Inha-S,5-Nitroso-8-quinolinol-F
Inha-S,"6,7,4'-Trihydroxyisoflavone-F"
Inha-S,"Benzene, 1-ethyl-3,5-dimethyl-F"
Inha-S,Cycloheptanol-F
Inha-S,L-(+)-Threose-F
Inha-S,L-Ornithine-F
Inha-S,Triethyl citrate-F
Npat-S,"1,2-Cinnolinedicarboxylic acid, 1,2,3,5,6,7,8,8a-octahydro-4-trimethylsilyloxy-, diethyl ester-F"
Npat-S,"2,4-Dimethoxybenzaldoxime-F"
Npat-S,4-tert-Butyldimethylsiloxy-3-penten-2-one-F
Npat-S,Allylescaline-F
Npat-S,Diclofenac-F
Npat-S,"l-Leucine, n-butoxycarbonyl-N-methyl-, hexadecyl ester-F"
Npat-S,L-Val-L-Leu-F
Cntnap3-S,"1,2-Bis(trimethylsiloxy)cyclohexene-F"
Cntnap3-S,"1-Pentene, 1,3-diphenyl-1-(trimethylsilyloxy)--F"
Cntnap3-S,"2-Butene-1,4-diol-F"
Cntnap3-S,3-(4-Methoxyphenyl)coumarin-F
Cntnap3-S,Allylescaline-F
Cntnap3-S,L-Glutamic acid-F
Cntnap3-S,"L-Histidine, N,1-bis(tert-butyldimethylsilyl)--F"
Cntnap3-S,L-Val-L-Leu-F
Cntnap3-S,Propanoic acid-F
Podxl2-S,"2,4-Dimethoxybenzaldoxime-F"
Podxl2-S,"2,4-Di-tert-butylphenol-F"
Podxl2-S,5-Nitroso-8-quinolinol-F
Podxl2-S,"l-Leucine, n-butoxycarbonyl-N-methyl-, hexadecyl ester-F"
Podxl2-S,L-Ornithine-F
Szt2-S,2-Ethyl-1-butanol-F
Szt2-S,4-tert-Butyldimethylsiloxy-3-penten-2-one-F
Szt2-S,5-Nitroso-8-quinolinol-F
Szt2-S,Hypoxanthine-F
Szt2-S,"l-Leucine, n-butoxycarbonyl-N-methyl-, hexadecyl ester-F"
Szt2-S,L-Valine-F
Szt2-S,tert-butyl(dimethyl)silyl-2-([tert-butyl(dimethyl)silyl]oxy)hex-2-enoate-F
Ipo13-S,"1-Heptanol, 2-propyl--F"
Ipo13-S,"1-Pentene, 1,3-diphenyl-1-(trimethylsilyloxy)--F"
Ipo13-S,2-Norbornanemethanol-F
Ipo13-S,"4,5-Dihydro-1H-pyrazole-F"
Ipo13-S,Lupinine-F
Ipo13-S,L-Val-L-Leu-F
Ipo13-S,tert-butyl(dimethyl)silyl-2-([tert-butyl(dimethyl)silyl]oxy)hex-2-enoate-F
Fntb-S,"1-Pentene, 1,3-diphenyl-1-(trimethylsilyloxy)--F"
Fntb-S,2-Ethyl-1-butanol-F
Fntb-S,3-(4-Methoxyphenyl)coumarin-F
Fntb-S,L-(+)-Threose-F
Fntb-S,"l-Leucine, n-butoxycarbonyl-N-methyl-, hexadecyl ester-F"
Cacul1-S,"1,2-Cinnolinedicarboxylic acid, 1,2,3,5,6,7,8,8a-octahydro-4-trimethylsilyloxy-, diethyl ester-F"
Cacul1-S,4-tert-Butyldimethylsiloxy-3-penten-2-one-F
Cacul1-S,"6-Methoxy-1-methyl-1,2,3,4-tetrahydroisoquinolin-7-ol-F"
Cacul1-S,Chlorobenzilate-F
Cacul1-S,"l-Leucine, n-butoxycarbonyl-N-methyl-, hexadecyl ester-F"
Cacul1-S,tert-butyl(dimethyl)silyl-2-([tert-butyl(dimethyl)silyl]oxy)hex-2-enoate-F
Hacd3-S,"(2R)-Pyrrolidine-1,2-dicarboxylic acid, bis(tert-butyldimethylsilyl) ester-F"
Hacd3-S,"1,2-Bis(trimethylsiloxy)cyclohexene-F"
Hacd3-S,3-(4-Methoxyphenyl)coumarin-F
Hacd3-S,7-Hydroxy-4-(methoxymethyl)coumarin-F
Hacd3-S,alpha-Hydroxyisobutyric acid-F
Hacd3-S,"Erythrono-1,4-lactone-F"
Hacd3-S,L-(+)-Threose-F
Hacd3-S,L-Val-L-Leu-F
Ddx19b-S,"2-(Ethylamino)ethanol, N-acetyl-F"
Ddx19b-S,2-(Methylamino)ethanol-F
Ddx19b-S,Benzeneacetic acid-F
Ddx19b-S,Benzyl alcohol-F
Ddx19b-S,Diclofenac-F
Ddx19b-S,Formamide-F
Ddx19b-S,Hexanoic acid-F
Ddx19b-S,Isonicotinic Acid-F
Ddx19b-S,L-Serine-F
Ddx19b-S,L-Val-L-Leu-F
Adra2a-S,"1,2-Bis(trimethylsiloxy)cyclohexene-F"
Adra2a-S,"1,2-Cinnolinedicarboxylic acid, 1,2,3,5,6,7,8,8a-octahydro-4-trimethylsilyloxy-, diethyl ester-F"
Adra2a-S,"2,4-Dimethoxybenzaldoxime-F"
Adra2a-S,3-(4-Methoxyphenyl)coumarin-F
Adra2a-S,Adenine-F
Adra2a-S,Diclofenac-F
Adra2a-S,L-Serine-F
Vav3-S,1-(Cyclohexylmethyl)-4-piperidinylamine-F
Vav3-S,"1,2-Bis(trimethylsiloxy)cyclohexene-F"
Vav3-S,"1,2-Cinnolinedicarboxylic acid, 1,2,3,5,6,7,8,8a-octahydro-4-trimethylsilyloxy-, diethyl ester-F"
Vav3-S,"2,4-Dimethoxybenzaldoxime-F"
Vav3-S,4-tert-Butyldimethylsiloxy-3-penten-2-one-F
Vav3-S,"6-Methoxy-1-methyl-1,2,3,4-tetrahydroisoquinolin-7-ol-F"
Vav3-S,7-Hydroxy-4-(methoxymethyl)coumarin-F
Vav3-S,L-Ornithine-F
Vav3-S,Sarcosine-F
Vav3-S,tert-butyl(dimethyl)silyl-2-([tert-butyl(dimethyl)silyl]oxy)hex-2-enoate-F
Spr-S,"1-Pentene, 1,3-diphenyl-1-(trimethylsilyloxy)--F"
Spr-S,"2-Methylcyclohexanol, (Z)-F"
Spr-S,"4,5-Dihydro-1H-pyrazole-F"
Spr-S,4-tert-Butyldimethylsiloxy-3-penten-2-one-F
Spr-S,L-Glutamic acid-F
Gucy1a1-S,"1,2-Cinnolinedicarboxylic acid, 1,2,3,5,6,7,8,8a-octahydro-4-trimethylsilyloxy-, diethyl ester-F"
Gucy1a1-S,"2,4-Dimethoxybenzaldoxime-F"
Gucy1a1-S,3-(4-Methoxyphenyl)coumarin-F
Gucy1a1-S,4-Methoxyphenol-F
Gucy1a1-S,6-Oxoheptanoic acid-F
Gucy1a1-S,Aniline-F
Gucy1a1-S,"Benzene, 1-ethyl-3,5-dimethyl-F"
Gucy1a1-S,Glycerol-F
Gucy1a1-S,L-(+)-Threose-F
Gucy1a1-S,"l-Norvaline, n-propargyloxycarbonyl-, isohexyl ester-F"
Gucy1a1-S,L-Pyroglutamic acid-F
Gucy1a1-S,L-Serine-F
Chmp2a-S,"1,2-Cinnolinedicarboxylic acid, 1,2,3,5,6,7,8,8a-octahydro-4-trimethylsilyloxy-, diethyl ester-F"
Chmp2a-S,"1-Pentene, 1,3-diphenyl-1-(trimethylsilyloxy)--F"
Chmp2a-S,2-Norbornanemethanol-F
Chmp2a-S,Adipoyl-L-carnitine-F
Chmp2a-S,Ethanolamine-F
Chmp2a-S,"l-Leucine, n-butoxycarbonyl-N-methyl-, hexadecyl ester-F"
Chmp2a-S,L-Val-L-Leu-F
Jcad-S,"1,2-Cinnolinedicarboxylic acid, 1,2,3,5,6,7,8,8a-octahydro-4-trimethylsilyloxy-, diethyl ester-F"
Jcad-S,3-(4-Methoxyphenyl)coumarin-F
Jcad-S,"3,4-Methylenedioxyamphetamine-F"
Jcad-S,5-Nitroso-8-quinolinol-F
Jcad-S,"Benzene, 1-ethyl-3,5-dimethyl-F"
Jcad-S,"l-Leucine, n-butoxycarbonyl-N-methyl-, hexadecyl ester-F"
Jcad-S,L-Val-L-Leu-F
Phka1-S,"1,2-Bis(trimethylsiloxy)cyclohexene-F"
Phka1-S,"1,2-Cinnolinedicarboxylic acid, 1,2,3,5,6,7,8,8a-octahydro-4-trimethylsilyloxy-, diethyl ester-F"
Phka1-S,"1-Pentene, 1,3-diphenyl-1-(trimethylsilyloxy)--F"
Phka1-S,"2,4,4'-Trihydroxybenzophenone-F"
Phka1-S,2-Norbornanemethanol-F
Phka1-S,3-(4-Methoxyphenyl)coumarin-F
Phka1-S,Diclofenac-F
Phka1-S,L-(+)-Threose-F
Phka1-S,L-Serine-F
Poglut1-S,3-(4-Methoxyphenyl)coumarin-F
Poglut1-S,5-Nitroso-8-quinolinol-F
Poglut1-S,L-(+)-Threose-F
Poglut1-S,Lactic acid-F
Poglut1-S,"l-Leucine, n-butoxycarbonyl-N-methyl-, hexadecyl ester-F"
Poglut1-S,L-Serine-F
Ino80-S,2-Norbornanemethanol-F
Ino80-S,4-tert-Butyldimethylsiloxy-3-penten-2-one-F
Ino80-S,"Benzene, 1-ethyl-3,5-dimethyl-F"
Ino80-S,"Cyclopentaneacetic acid, 3-oxo-2-pentyl-, methyl ester-F"
Ino80-S,L-Ornithine-F
Tspoap1-S,"1,2-Cinnolinedicarboxylic acid, 1,2,3,5,6,7,8,8a-octahydro-4-trimethylsilyloxy-, diethyl ester-F"
Tspoap1-S,2-Buten-1-ol-F
Tspoap1-S,2-Norbornanemethanol-F
Tspoap1-S,4-tert-Butyldimethylsiloxy-3-penten-2-one-F
Tspoap1-S,5-Nitroso-8-quinolinol-F
Tspoap1-S,L-(+)-Threose-F
Tspoap1-S,"l-Leucine, n-butoxycarbonyl-N-methyl-, hexadecyl ester-F"
Tspoap1-S,L-Ornithine-F
Tspoap1-S,Octacosanol-F
Kcnh5-S,"1,2-Bis(trimethylsiloxy)cyclohexene-F"
Kcnh5-S,"1-Pentene, 1,3-diphenyl-1-(trimethylsilyloxy)--F"
Kcnh5-S,2-Norbornanemethanol-F
Kcnh5-S,3-(4-Methoxyphenyl)coumarin-F
Kcnh5-S,6-Nitroveratryl alcohol-F
Kcnh5-S,Diclofenac-F
Kcnh5-S,L-(+)-Threose-F
Kcnh5-S,L-Ornithine-F
Kcnh5-S,Niacin-F
Fbxo16-S,2-Norbornanemethanol-F
Fbxo16-S,5-Nitroso-8-quinolinol-F
Fbxo16-S,"Benzene, 1-ethyl-3,5-dimethyl-F"
Fbxo16-S,"l-Leucine, n-butoxycarbonyl-N-methyl-, hexadecyl ester-F"
Fbxo16-S,L-Ornithine-F
Fbxo16-S,L-Threonine-F
Fbxo16-S,Mevalonolactone-F
Fbxo16-S,Octanoic acid-F
Fbxo16-S,Spiroxamine-F
Ttc21b-S,"2,4,6-Cycloheptatrien-1-one-F"
Ttc21b-S,"2,4-Dimethoxybenzaldoxime-F"
Ttc21b-S,3-(4-Methoxyphenyl)coumarin-F
Ttc21b-S,7-Hydroxy-4-(methoxymethyl)coumarin-F
Ttc21b-S,L-Glutamic acid-F
Ttc21b-S,"l-Leucine, n-butoxycarbonyl-N-methyl-, hexadecyl ester-F"
Ttc21b-S,L-Ornithine-F
Rps29-S,1-Butanol-F
Rps29-S,"1-Pentene, 1,3-diphenyl-1-(trimethylsilyloxy)--F"
Rps29-S,2-Ethyl-1-butanol-F
Rps29-S,2-Norbornanemethanol-F
Rps29-S,4-tert-Butyldimethylsiloxy-3-penten-2-one-F
Rps29-S,5-Oxohexanoic Acid-F
Rps29-S,Diclofenac-F
Rps29-S,"l-Leucine, n-butoxycarbonyl-N-methyl-, hexadecyl ester-F"
Rps29-S,Lupinine-F
Rps29-S,L-Val-L-Leu-F
Ttc22-S,"1-Pentene, 1,3-diphenyl-1-(trimethylsilyloxy)--F"
Ttc22-S,5-Nitroso-8-quinolinol-F
Ttc22-S,7-Hydroxy-4-(methoxymethyl)coumarin-F
Ttc22-S,"Benzene, 1-ethyl-3,5-dimethyl-F"
Ttc22-S,"l-Leucine, n-butoxycarbonyl-N-methyl-, hexadecyl ester-F"
Parm1-S,"1,2-Cinnolinedicarboxylic acid, 1,2,3,5,6,7,8,8a-octahydro-4-trimethylsilyloxy-, diethyl ester-F"
Parm1-S,"1-Pentene, 1,3-diphenyl-1-(trimethylsilyloxy)--F"
Parm1-S,"2,4-Dimethoxybenzaldoxime-F"
Parm1-S,Chlorobenzilate-F
Parm1-S,"l-Leucine, n-butoxycarbonyl-N-methyl-, hexadecyl ester-F"
Rundc1-S,2-Ethyl-1-butanol-F
Rundc1-S,2-Norbornanemethanol-F
Rundc1-S,4-tert-Butyldimethylsiloxy-3-penten-2-one-F
Rundc1-S,5-Nitroso-8-quinolinol-F
Rundc1-S,"Benzene, 1-ethyl-3,5-dimethyl-F"
Rundc1-S,"l-Leucine, n-butoxycarbonyl-N-methyl-, hexadecyl ester-F"
Rundc1-S,tert-butyl(dimethyl)silyl-2-([tert-butyl(dimethyl)silyl]oxy)hex-2-enoate-F
Baz1a-S,2-Buten-1-ol-F
Baz1a-S,"3,4-Methylenedioxyamphetamine-F"
Baz1a-S,4-tert-Butyldimethylsiloxy-3-penten-2-one-F
Baz1a-S,5-Nitroso-8-quinolinol-F
Baz1a-S,"l-Leucine, n-butoxycarbonyl-N-methyl-, hexadecyl ester-F"
Baz1a-S,tert-butyl(dimethyl)silyl-2-([tert-butyl(dimethyl)silyl]oxy)hex-2-enoate-F
Elmod2-S,2-(Methylamino)ethanol-F
Elmod2-S,2-Norbornanemethanol-F
Elmod2-S,4-Methoxyphenol-F
Elmod2-S,Diclofenac-F
Elmod2-S,Dodecanoic acid-F
Elmod2-S,"l-Leucine, n-butoxycarbonyl-N-methyl-, hexadecyl ester-F"
Elmod2-S,L-Pyroglutamic acid-F
Elmod2-S,L-Serine-F
Elmod2-S,L-Val-L-Leu-F
Elmod2-S,tert-butyl(dimethyl)silyl-2-([tert-butyl(dimethyl)silyl]oxy)hex-2-enoate-F
Slfn8-S,"1,2-Cinnolinedicarboxylic acid, 1,2,3,5,6,7,8,8a-octahydro-4-trimethylsilyloxy-, diethyl ester-F"
Slfn8-S,2-Norbornanemethanol-F
Slfn8-S,Adipoyl-L-carnitine-F
Slfn8-S,L-Ornithine-F
Slfn8-S,L-Val-L-Leu-F
Slfn8-S,Propanoic acid-F
Slfn8-S,Sarcosine-F
Tpbg-S,"(2R)-Pyrrolidine-1,2-dicarboxylic acid, bis(tert-butyldimethylsilyl) ester-F"
Tpbg-S,"1,2-Cinnolinedicarboxylic acid, 1,2,3,5,6,7,8,8a-octahydro-4-trimethylsilyloxy-, diethyl ester-F"
Tpbg-S,"3,3-Dimethylacrylic acid-F"
Tpbg-S,"4,5-Dihydro-1H-pyrazole-F"
Tpbg-S,"Benzene, 1-ethyl-3,5-dimethyl-F"
Tpbg-S,L-(+)-Threose-F
Tpbg-S,"N,N-Dimethyl-2-aminoethanol-F"
Arx-S,"1,2-Cinnolinedicarboxylic acid, 1,2,3,5,6,7,8,8a-octahydro-4-trimethylsilyloxy-, diethyl ester-F"
Arx-S,3-(4-Methoxyphenyl)coumarin-F
Arx-S,"Benzene, 1-ethyl-3,5-dimethyl-F"
Arx-S,L-Ornithine-F
Arx-S,Propylene glycol-F
Arx-S,Sarcosine-F
Plekhj1-S,"1,2-Cinnolinedicarboxylic acid, 1,2,3,5,6,7,8,8a-octahydro-4-trimethylsilyloxy-, diethyl ester-F"
Plekhj1-S,2-Ethyl-1-butanol-F
Plekhj1-S,2-Norbornanemethanol-F
Plekhj1-S,3-(4-Methoxyphenyl)coumarin-F
Plekhj1-S,L-(+)-Threose-F
Plekhj1-S,Lactic acid-F
Plekhj1-S,L-Pyroglutamic acid-F
Plekhj1-S,L-Serine-F
Plekhj1-S,Palmitic Acid-F
Plekhj1-S,Phenol-F
Plekhj1-S,tert-butyl(dimethyl)silyl-2-([tert-butyl(dimethyl)silyl]oxy)hex-2-enoate-F
Klf16-S,"1,2-Cinnolinedicarboxylic acid, 1,2,3,5,6,7,8,8a-octahydro-4-trimethylsilyloxy-, diethyl ester-F"
Klf16-S,2-Ethyl-1-butanol-F
Klf16-S,"Benzene, 1-ethyl-3,5-dimethyl-F"
Klf16-S,"l-Leucine, n-butoxycarbonyl-N-methyl-, hexadecyl ester-F"
Klf16-S,"l-Norvaline, n-propargyloxycarbonyl-, isohexyl ester-F"
Klf16-S,Phenol-F
Klf16-S,Xylazine-F
Tstd2-S,"1-(4-Methoxyphenyl)-4,6-dimethyl-2(1H)-pyrimidinone-F"
Tstd2-S,"1,2-Cinnolinedicarboxylic acid, 1,2,3,5,6,7,8,8a-octahydro-4-trimethylsilyloxy-, diethyl ester-F"
Tstd2-S,"2(5H)-Furanone, 4-(hydroxymethyl)-F"
Tstd2-S,3-(4-Methoxyphenyl)coumarin-F
Tstd2-S,"4,5-Dihydro-1H-pyrazole-F"
Tstd2-S,"Benzene, 1-ethyl-3,5-dimethyl-F"
Tstd2-S,Chlorobenzilate-F
Tstd2-S,L-Ornithine-F
Tstd2-S,Monocaproin-F
Tstd2-S,tert-butyl(dimethyl)silyl-2-([tert-butyl(dimethyl)silyl]oxy)hex-2-enoate-F
Fam174c-S,"Benzene, 1-ethyl-3,5-dimethyl-F"
Fam174c-S,L-(+)-Threose-F
Trmt10b-S,"1,2-Bis(trimethylsiloxy)cyclohexene-F"
Trmt10b-S,"1,2-Cinnolinedicarboxylic acid, 1,2,3,5,6,7,8,8a-octahydro-4-trimethylsilyloxy-, diethyl ester-F"
Trmt10b-S,"2,4-Dimethoxybenzaldoxime-F"
Trmt10b-S,7-Hydroxy-4-(methoxymethyl)coumarin-F
Trmt10b-S,L-Ornithine-F
Thrsp-S,"2-Methylcyclohexanol, (Z)-F"
Thrsp-S,"4,5-Dihydro-1H-pyrazole-F"
Thrsp-S,4-tert-Butyldimethylsiloxy-3-penten-2-one-F
Thrsp-S,Chlorobenzilate-F
Thrsp-S,L-(+)-Threose-F
Thrsp-S,Lignoceric acid-F
Thrsp-S,L-Ornithine-F
Thrsp-S,Monocaproin-F
Thrsp-S,"N,N-Dimethyl-2-aminoethanol-F"
Thrsp-S,Sarcosine-F
Thrsp-S,tert-butyl(dimethyl)silyl-2-([tert-butyl(dimethyl)silyl]oxy)hex-2-enoate-F
Cd99l2-S,"1,2-Bis(trimethylsiloxy)cyclohexene-F"
Cd99l2-S,3-Hydroxymethyl-2-trimethylsilyloxypentane-F
Cd99l2-S,5-Nitroso-8-quinolinol-F
Cd99l2-S,7-Hydroxy-4-(methoxymethyl)coumarin-F
Cd99l2-S,"9Z-Octadecenoic acid, (2S)-3-[(hydroxymercaptophosphinyl)oxy]-2-methoxypropyl ester-F"
Cd99l2-S,Benzeneacetic acid-F
Cd99l2-S,L-Serine-F
Cd99l2-S,L-Val-L-Leu-F
Palm-S,2-Buten-1-ol-F
Palm-S,4-tert-Butyldimethylsiloxy-3-penten-2-one-F
Palm-S,7-Hydroxy-4-(methoxymethyl)coumarin-F
Palm-S,"l-Leucine, n-butoxycarbonyl-N-methyl-, hexadecyl ester-F"
Palm-S,Octanoic acid-F
Cd276-S,"1,2-Bis(trimethylsiloxy)cyclohexene-F"
Cd276-S,"1-Pentene, 1,3-diphenyl-1-(trimethylsilyloxy)--F"
Cd276-S,"2,4-Dimethoxybenzaldoxime-F"
Cd276-S,2-Norbornanemethanol-F
Cd276-S,Benzeneacetic acid-F
Cd276-S,Diclofenac-F
Cd276-S,L-(+)-Threose-F
Cd276-S,L-Serine-F
Cd276-S,L-Val-L-Leu-F
Cd276-S,N-Caffeoyl-O-methyltyramine-F
Ints6l-S,"3,3-Dimethylacrylic acid-F"
Ints6l-S,4-tert-Butyldimethylsiloxy-3-penten-2-one-F
Ints6l-S,5-Nitroso-8-quinolinol-F
Ints6l-S,L-(+)-Threose-F
Ints6l-S,"l-Leucine, n-butoxycarbonyl-N-methyl-, hexadecyl ester-F"
Fmnl2-S,"1,2-Bis(trimethylsiloxy)cyclohexene-F"
Fmnl2-S,"1,2-Cinnolinedicarboxylic acid, 1,2,3,5,6,7,8,8a-octahydro-4-trimethylsilyloxy-, diethyl ester-F"
Fmnl2-S,2-Norbornanemethanol-F
Fmnl2-S,3-(4-Methoxyphenyl)coumarin-F
Fmnl2-S,3-Aminobenzoic acid-F
Fmnl2-S,"6-Methoxy-1-methyl-1,2,3,4-tetrahydroisoquinolin-7-ol-F"
Fmnl2-S,7-Hydroxy-4-(methoxymethyl)coumarin-F
Fmnl2-S,Chlorobenzilate-F
Fmnl2-S,Diclofenac-F
Fmnl2-S,Durapan-F
Fmnl2-S,L-Serine-F
Fmnl2-S,Methanesulfonic acid-F
Fmnl2-S,Pinosylvin-F
Rpp25l-S,"1,2-Cinnolinedicarboxylic acid, 1,2,3,5,6,7,8,8a-octahydro-4-trimethylsilyloxy-, diethyl ester-F"
Rpp25l-S,"1-Pentene, 1,3-diphenyl-1-(trimethylsilyloxy)--F"
Rpp25l-S,2-Buten-1-ol-F
Rpp25l-S,4-tert-Butyldimethylsiloxy-3-penten-2-one-F
Rpp25l-S,7-Hydroxy-4-(methoxymethyl)coumarin-F
Rpp25l-S,L-Glutamic acid-F
Rpp25l-S,"l-Leucine, n-butoxycarbonyl-N-methyl-, hexadecyl ester-F"
Rpp25l-S,L-Ornithine-F
Rpp25l-S,Sarcosine-F
Rpp25l-S,Stearic acid-F
Rpp25l-S,tert-butyl(dimethyl)silyl-2-([tert-butyl(dimethyl)silyl]oxy)hex-2-enoate-F
Sostdc1-S,3-Hydroxymethyl-2-trimethylsilyloxypentane-F
Sostdc1-S,4-tert-Butyldimethylsiloxy-3-penten-2-one-F
Sostdc1-S,"Benzene, 1-ethyl-3,5-dimethyl-F"
Sostdc1-S,Diclofenac-F
Sostdc1-S,L-Val-L-Leu-F
Ndufa13-S,"1,2-Cinnolinedicarboxylic acid, 1,2,3,5,6,7,8,8a-octahydro-4-trimethylsilyloxy-, diethyl ester-F"
Ndufa13-S,2-Norbornanemethanol-F
Ndufa13-S,3-(4-Methoxyphenyl)coumarin-F
Ndufa13-S,"6-Methoxy-1-methyl-1,2,3,4-tetrahydroisoquinolin-7-ol-F"
Ndufa13-S,7-Hydroxy-4-(methoxymethyl)coumarin-F
Ndufa13-S,Adipoyl-L-carnitine-F
Ndufa13-S,Chlorobenzilate-F
Ndufa13-S,Diclofenac-F
Ndufa13-S,Ethanolamine-F
Ndufa13-S,L-Pyroglutamic acid-F
Ndufa13-S,L-Serine-F
Ndufa13-S,Phenol-F
Kctd1-S,2-Norbornanemethanol-F
Kctd1-S,3-(4-Methoxyphenyl)coumarin-F
Kctd1-S,"4,5-Dihydro-1H-pyrazole-F"
Kctd1-S,Acetic acid-F
Kctd1-S,Chlorobenzilate-F
Kctd1-S,Glycine-F
Kctd1-S,"Glycine, tert.-butyldimethylsilyl ester-F"
Kctd1-S,L-Glutamic acid-F
Kctd1-S,Octacosanol-F
Kctd1-S,Oxalic acid-F
P2ry14-S,"1,2-Bis(trimethylsiloxy)cyclohexene-F"
P2ry14-S,"1-Pentene, 1,3-diphenyl-1-(trimethylsilyloxy)--F"
P2ry14-S,3-(4-Methoxyphenyl)coumarin-F
P2ry14-S,6-Nitroveratryl alcohol-F
P2ry14-S,7-Hydroxy-4-(methoxymethyl)coumarin-F
P2ry14-S,"Benzene, 1-ethyl-3,5-dimethyl-F"
P2ry14-S,L-(+)-Threose-F
Fam13b-S,"1,2-Cinnolinedicarboxylic acid, 1,2,3,5,6,7,8,8a-octahydro-4-trimethylsilyloxy-, diethyl ester-F"
Fam13b-S,"4,5-Dihydro-1H-pyrazole-F"
Fam13b-S,4-tert-Butyldimethylsiloxy-3-penten-2-one-F
Fam13b-S,7-Hydroxy-4-(methoxymethyl)coumarin-F
Fam13b-S,Chlorobenzilate-F
Fam13b-S,L-Glutamic acid-F
Fam13b-S,tert-butyl(dimethyl)silyl-2-([tert-butyl(dimethyl)silyl]oxy)hex-2-enoate-F
Alg5-S,2-Norbornanemethanol-F
Alg5-S,5-Nitroso-8-quinolinol-F
Alg5-S,"6-Methoxy-1-methyl-1,2,3,4-tetrahydroisoquinolin-7-ol-F"
Alg5-S,7-Hydroxy-4-(methoxymethyl)coumarin-F
Alg5-S,L-Ornithine-F
Alg5-S,Octanoic acid-F
Ago2-S,"1-Pentene, 1,3-diphenyl-1-(trimethylsilyloxy)--F"
Ago2-S,L-Ornithine-F
Ago2-S,L-Threonine-F
Ago2-S,m-Toluic acid-F
Slc39a12-S,"1,2-Cinnolinedicarboxylic acid, 1,2,3,5,6,7,8,8a-octahydro-4-trimethylsilyloxy-, diethyl ester-F"
Slc39a12-S,"2,4-Dimethoxybenzaldoxime-F"
Slc39a12-S,3-(4-Methoxyphenyl)coumarin-F
Slc39a12-S,4-Methylvaleric acid-F
Slc39a12-S,5-Nitroso-8-quinolinol-F
Slc39a12-S,L-(+)-Threose-F
Slc39a12-S,"l-Leucine, n-butoxycarbonyl-N-methyl-, hexadecyl ester-F"
Slc39a12-S,L-Norleucine-F
Slc39a12-S,L-Serine-F
Slc39a12-S,tert-butyl(dimethyl)silyl-2-([tert-butyl(dimethyl)silyl]oxy)hex-2-enoate-F
Spryd3-S,"1,2-Cinnolinedicarboxylic acid, 1,2,3,5,6,7,8,8a-octahydro-4-trimethylsilyloxy-, diethyl ester-F"
Spryd3-S,"1-Pentene, 1,3-diphenyl-1-(trimethylsilyloxy)--F"
Spryd3-S,3-(4-Methoxyphenyl)coumarin-F
Spryd3-S,Aceturic acid-F
Spryd3-S,Azelaic acid-F
Spryd3-S,L-(+)-Threose-F
Spryd3-S,L-Glutamic acid-F
Spryd3-S,"l-Leucine, n-butoxycarbonyl-N-methyl-, hexadecyl ester-F"
Spryd3-S,L-Serine-F
Spryd3-S,L-Val-L-Leu-F
Spryd3-S,Palmitic Acid-F
Myom3-S,"1,2-Bis(trimethylsiloxy)cyclohexene-F"
Myom3-S,"1,2-Cinnolinedicarboxylic acid, 1,2,3,5,6,7,8,8a-octahydro-4-trimethylsilyloxy-, diethyl ester-F"
Myom3-S,3-(4-Methoxyphenyl)coumarin-F
Myom3-S,"Benzene, 1-ethyl-3,5-dimethyl-F"
Myom3-S,Curcumin-F
Myom3-S,L-Norleucine-F
Myom3-S,L-Ornithine-F
Myom3-S,Sarcosine-F
Arhgap10-S,"1-Pentene, 1,3-diphenyl-1-(trimethylsilyloxy)--F"
Arhgap10-S,"2-Methylcyclohexanol, (Z)-F"
Arhgap10-S,"4,5-Dihydro-1H-pyrazole-F"
Arhgap10-S,4-tert-Butyldimethylsiloxy-3-penten-2-one-F
Arhgap10-S,L-Glutamic acid-F
Arhgap10-S,Octanoic acid-F
Arhgap10-S,"Propanoic acid, dimethyl(isopropyl)silyl ester-F"
Krt80-S,"1,2-Cinnolinedicarboxylic acid, 1,2,3,5,6,7,8,8a-octahydro-4-trimethylsilyloxy-, diethyl ester-F"
Krt80-S,"2,5-Dimethoxybenzhydrazide-F"
Krt80-S,"2,5-Dimethoxyphenol-F"
Krt80-S,"2,6-di-tert-Butyl-4-(dimethylaminomethyl)phenol-F"
Krt80-S,2-Ethyl-1-butanol-F
Krt80-S,5-Nitroso-8-quinolinol-F
Krt80-S,Cholesterol-F
Krt80-S,L-(+)-Threose-F
Krt80-S,"l-Leucine, n-butoxycarbonyl-N-methyl-, hexadecyl ester-F"
Krt80-S,L-Val-L-Leu-F
Krt80-S,Uracil-F
Rsrp1-S,2-Norbornanemethanol-F
Rsrp1-S,"3,3-Dimethylacrylic acid-F"
Rsrp1-S,4-tert-Butyldimethylsiloxy-3-penten-2-one-F
Rsrp1-S,5-Nitroso-8-quinolinol-F
Rsrp1-S,7-Hydroxy-4-(methoxymethyl)coumarin-F
Rsrp1-S,L-(+)-Threose-F
Rsrp1-S,L-Glutamic acid-F
Rsrp1-S,"l-Leucine, n-butoxycarbonyl-N-methyl-, hexadecyl ester-F"
Rsrp1-S,L-Ornithine-F
Rsrp1-S,tert-butyl(dimethyl)silyl-2-([tert-butyl(dimethyl)silyl]oxy)hex-2-enoate-F
Dtl-S,"1,2-Bis(trimethylsiloxy)cyclohexene-F"
Dtl-S,"2,4-Dimethoxybenzaldoxime-F"
Dtl-S,2-Buten-1-ol-F
Dtl-S,3-(4-Methoxyphenyl)coumarin-F
Dtl-S,Diclofenac-F
Dtl-S,L-(+)-Threose-F
Dtl-S,L-Serine-F
Dtl-S,L-Val-L-Leu-F
Dtl-S,Myristic acid-F
Zdhhc18-S,2-Buten-1-ol-F
Zdhhc18-S,2-Ethyl-1-butanol-F
Zdhhc18-S,2-Norbornanemethanol-F
Zdhhc18-S,4-tert-Butyldimethylsiloxy-3-penten-2-one-F
Zdhhc18-S,5-Nitroso-8-quinolinol-F
Zdhhc18-S,Hypoxanthine-F
Zdhhc18-S,"l-Leucine, n-butoxycarbonyl-N-methyl-, hexadecyl ester-F"
Zdhhc18-S,"Propanoic acid, 3-[(tert-butyldimethylsilyl)oxy]-2-methyl--F"
Zdhhc18-S,tert-butyl(dimethyl)silyl-2-([tert-butyl(dimethyl)silyl]oxy)hex-2-enoate-F
Mcrs1-S,"5-Chlorovaleric acid, nonyl ester-F"
Mcrs1-S,5-Nitroso-8-quinolinol-F
Mcrs1-S,7-Hydroxy-4-(methoxymethyl)coumarin-F
Mcrs1-S,Isonicotinic Acid-F
Mcrs1-S,L-Ornithine-F
Nme1-S,"1,2-Bis(trimethylsiloxy)cyclohexene-F"
Nme1-S,"1,2-Cinnolinedicarboxylic acid, 1,2,3,5,6,7,8,8a-octahydro-4-trimethylsilyloxy-, diethyl ester-F"
Nme1-S,"1-Pentene, 1,3-diphenyl-1-(trimethylsilyloxy)--F"
Nme1-S,"2,6-di-tert-Butyl-4-(dimethylaminomethyl)phenol-F"
Nme1-S,2-Ethyl-1-butanol-F
Nme1-S,Diclofenac-F
Nme1-S,L-Pyroglutamic acid-F
Nme1-S,L-Serine-F
Nme1-S,L-Val-L-Leu-F
Nme1-S,Palmitic Acid-F
Ddhd1-S,2-Ethyl-1-butanol-F
Ddhd1-S,2-Furoic acid-F
Ddhd1-S,3-(4-Methoxyphenyl)coumarin-F
Ddhd1-S,"Benzene, 1-ethyl-3,5-dimethyl-F"
Ddhd1-S,L-(+)-Threose-F
Ddhd1-S,L-Ornithine-F
Phf12-S,"1-Pentene, 1,3-diphenyl-1-(trimethylsilyloxy)--F"
Phf12-S,L-Ornithine-F
Phf12-S,L-Val-L-Leu-F
Ctnna1-S,"1-Heptanol, 2-propyl--F"
Ctnna1-S,2-Buten-1-ol-F
Ctnna1-S,2-Norbornanemethanol-F
Ctnna1-S,5-Nitroso-8-quinolinol-F
Ctnna1-S,Aconitic acid-F
Ctnna1-S,"l-Leucine, n-butoxycarbonyl-N-methyl-, hexadecyl ester-F"
Ctnna1-S,L-Ornithine-F
Ctnna1-S,L-Val-L-Leu-F
Ctnna1-S,tert-butyl(dimethyl)silyl-2-([tert-butyl(dimethyl)silyl]oxy)hex-2-enoate-F
Scarb1-S,2-Ethyl-1-butanol-F
Scarb1-S,2-Norbornanemethanol-F
Scarb1-S,3-(4-Methoxyphenyl)coumarin-F
Scarb1-S,5-Nitroso-8-quinolinol-F
Scarb1-S,"6-Methoxy-1-methyl-1,2,3,4-tetrahydroisoquinolin-7-ol-F"
Scarb1-S,"l-Leucine, n-butoxycarbonyl-N-methyl-, hexadecyl ester-F"
Scarb1-S,L-Val-L-Leu-F
Scarb1-S,"Oxymorphone, bis(trimethylsilyl) ether-F"
Scarb1-S,Synephrine-F
Scarb1-S,Uracil-F
Scarb1-S,Xylazine-F
Igsf8-S,2-Cyanobenzaldehyde-F
Igsf8-S,"2-Methylcyclohexanol, (Z)-F"
Igsf8-S,2-Pentadecanone-F
Igsf8-S,3-Buten-2-one-F
Igsf8-S,4-tert-Butyldimethylsiloxy-3-penten-2-one-F
Igsf8-S,"6-Aminocaproic acid, N-(tert.-butyldimethylsilyl)-F"
Igsf8-S,Citramalic acid-F
Igsf8-S,Diclofenac-F
Igsf8-S,L-Ornithine-F
Igsf8-S,L-Val-L-Leu-F
Igsf8-S,Octanoic acid-F
Igsf8-S,"Propanoic acid, dimethyl(isopropyl)silyl ester-F"
Ptpdc1-S,"2,4-Di-tert-butylphenol-F"
Ptpdc1-S,2-Norbornanemethanol-F
Ptpdc1-S,3-(4-Methoxyphenyl)coumarin-F
Ptpdc1-S,"l-Leucine, n-butoxycarbonyl-N-methyl-, hexadecyl ester-F"
Ptpdc1-S,Picolinic acid-F
Ptpdc1-S,tert-butyl(dimethyl)silyl-2-([tert-butyl(dimethyl)silyl]oxy)hex-2-enoate-F
Mrm3-S,"1,2-Cinnolinedicarboxylic acid, 1,2,3,5,6,7,8,8a-octahydro-4-trimethylsilyloxy-, diethyl ester-F"
Mrm3-S,"1-Pentene, 1,3-diphenyl-1-(trimethylsilyloxy)--F"
Mrm3-S,"2,4-Dimethoxybenzaldoxime-F"
Mrm3-S,2-Norbornanemethanol-F
Mrm3-S,4-tert-Butyldimethylsiloxy-3-penten-2-one-F
Mrm3-S,7-Hydroxy-4-(methoxymethyl)coumarin-F
Mrm3-S,L-Serine-F
Mrm3-S,L-Val-L-Leu-F
Mrm3-S,Methyl lactate-F
Mturn-S,"1-Pentene, 1,3-diphenyl-1-(trimethylsilyloxy)--F"
Mturn-S,"2-Methylcyclohexanol, (Z)-F"
Mturn-S,3-(4-Methoxyphenyl)coumarin-F
Mturn-S,"4,5-Dihydro-1H-pyrazole-F"
Mturn-S,L-Ornithine-F
Mturn-S,L-Val-L-Leu-F
Mturn-S,"Propanoic acid, dimethyl(isopropyl)silyl ester-F"
Ano2-S,"1,2-Cinnolinedicarboxylic acid, 1,2,3,5,6,7,8,8a-octahydro-4-trimethylsilyloxy-, diethyl ester-F"
Ano2-S,2-Buten-1-ol-F
Ano2-S,2-Norbornanemethanol-F
Ano2-S,4-tert-Butyldimethylsiloxy-3-penten-2-one-F
Ano2-S,5-Nitroso-8-quinolinol-F
Ano2-S,7-Hydroxy-4-(methoxymethyl)coumarin-F
Ano2-S,Adipoyl-L-carnitine-F
Ano2-S,Chlorobenzilate-F
Ano2-S,L-Glutamic acid-F
Ano2-S,"l-Leucine, n-butoxycarbonyl-N-methyl-, hexadecyl ester-F"
Ano2-S,L-Ornithine-F
Ano2-S,Octacosanol-F
Ano2-S,Sarcosine-F
Ano2-S,Stearic acid-F
P3h2-S,"1,2-Cinnolinedicarboxylic acid, 1,2,3,5,6,7,8,8a-octahydro-4-trimethylsilyloxy-, diethyl ester-F"
P3h2-S,2-Buten-1-ol-F
P3h2-S,4-tert-Butyldimethylsiloxy-3-penten-2-one-F
P3h2-S,7-Hydroxy-4-(methoxymethyl)coumarin-F
P3h2-S,"Benzene, 1-ethyl-3,5-dimethyl-F"
P3h2-S,L-(+)-Threose-F
P3h2-S,"l-Leucine, n-butoxycarbonyl-N-methyl-, hexadecyl ester-F"
P3h2-S,tert-butyl(dimethyl)silyl-2-([tert-butyl(dimethyl)silyl]oxy)hex-2-enoate-F
Fbxo25-S,"1,2-Cinnolinedicarboxylic acid, 1,2,3,5,6,7,8,8a-octahydro-4-trimethylsilyloxy-, diethyl ester-F"
Fbxo25-S,"2,4-Dimethoxybenzaldoxime-F"
Fbxo25-S,3-(4-Methoxyphenyl)coumarin-F
Fbxo25-S,5-Nitroso-8-quinolinol-F
Fbxo25-S,7-Hydroxy-4-(methoxymethyl)coumarin-F
Fbxo25-S,"l-Leucine, n-butoxycarbonyl-N-methyl-, hexadecyl ester-F"
Fbxo25-S,"Oxymorphone, bis(trimethylsilyl) ether-F"
Rbm8a-S,"1-Pentene, 1,3-diphenyl-1-(trimethylsilyloxy)--F"
Rbm8a-S,2-Ethyl-1-butanol-F
Rbm8a-S,2-Norbornanemethanol-F
Rbm8a-S,3-(4-Methoxyphenyl)coumarin-F
Rbm8a-S,L-Pyroglutamic acid-F
Rbm8a-S,L-Serine-F
Rbm8a-S,Palmitic Acid-F
Rbm8a-S,tert-butyl(dimethyl)silyl-2-([tert-butyl(dimethyl)silyl]oxy)hex-2-enoate-F
Mesd-S,"1,2-Cinnolinedicarboxylic acid, 1,2,3,5,6,7,8,8a-octahydro-4-trimethylsilyloxy-, diethyl ester-F"
Mesd-S,2-Buten-1-ol-F
Mesd-S,2-Norbornanemethanol-F
Mesd-S,3-(4-Methoxyphenyl)coumarin-F
Mesd-S,5-Nitroso-8-quinolinol-F
Mesd-S,"Benzene, 1-ethyl-3,5-dimethyl-F"
Mesd-S,Chlorobenzilate-F
Mesd-S,"l-Leucine, n-butoxycarbonyl-N-methyl-, hexadecyl ester-F"
Mesd-S,tert-butyl(dimethyl)silyl-2-([tert-butyl(dimethyl)silyl]oxy)hex-2-enoate-F
Fchsd1-S,"1,2-Cinnolinedicarboxylic acid, 1,2,3,5,6,7,8,8a-octahydro-4-trimethylsilyloxy-, diethyl ester-F"
Fchsd1-S,"2-Methylcyclohexanol, (Z)-F"
Fchsd1-S,3-(4-Methoxyphenyl)coumarin-F
Fchsd1-S,3-Buten-2-one-F
Fchsd1-S,L-Ornithine-F
Fchsd1-S,L-Val-L-Leu-F
Fchsd1-S,Sarcosine-F
Efl1-S,"1,2-Bis(trimethylsiloxy)cyclohexene-F"
Efl1-S,2-Ethylhexanoic acid-F
Efl1-S,4-Methoxyphenol-F
Efl1-S,5-Nitroso-8-quinolinol-F
Efl1-S,Benzyl alcohol-F
Efl1-S,Biphenyl-F
Efl1-S,Butyric Acid-F
Efl1-S,Diclofenac-F
Efl1-S,Hexanoic acid-F
Efl1-S,L-Pyroglutamic acid-F
Efl1-S,L-Serine-F
Efl1-S,L-Val-L-Leu-F
Efl1-S,Pentanoic acid-F
Ift172-S,2-Ethyl-1-butanol-F
Ift172-S,"2-Methylcyclohexylamine, tert.-butyldimethylsilyl ether-F"
Ift172-S,2-Norbornanemethanol-F
Ift172-S,4-tert-Butyldimethylsiloxy-3-penten-2-one-F
Ift172-S,7-Hydroxy-4-(methoxymethyl)coumarin-F
Ift172-S,L-(+)-Threose-F
Ift172-S,"l-Leucine, n-butoxycarbonyl-N-methyl-, hexadecyl ester-F"
Ift172-S,"Propanoic acid, 3-[(tert-butyldimethylsilyl)oxy]-2-methyl--F"
Ift172-S,tert-butyl(dimethyl)silyl-2-([tert-butyl(dimethyl)silyl]oxy)hex-2-enoate-F
Slc35f1-S,"1,2-Cinnolinedicarboxylic acid, 1,2,3,5,6,7,8,8a-octahydro-4-trimethylsilyloxy-, diethyl ester-F"
Slc35f1-S,"2,6-di-tert-Butyl-4-(dimethylaminomethyl)phenol-F"
Slc35f1-S,2-Ethyl-1-butanol-F
Slc35f1-S,2-Norbornanemethanol-F
Slc35f1-S,Diclofenac-F
Slc35f1-S,Dodecanoic acid-F
Slc35f1-S,Ketamine-F
Slc35f1-S,Lactic acid-F
Slc35f1-S,L-Pyroglutamic acid-F
Slc35f1-S,L-Serine-F
Slc35f1-S,L-Val-L-Leu-F
Slc35f1-S,tert-butyl(dimethyl)silyl-2-([tert-butyl(dimethyl)silyl]oxy)hex-2-enoate-F
Slc35f1-S,Uracil-F
Dgki-S,2-Ethyl-1-butanol-F
Dgki-S,5-Nitroso-8-quinolinol-F
Dgki-S,"Benzene, 1-ethyl-3,5-dimethyl-F"
Dgki-S,"l-Leucine, n-butoxycarbonyl-N-methyl-, hexadecyl ester-F"
Dgki-S,"l-Norvaline, n-propargyloxycarbonyl-, isohexyl ester-F"
Dgki-S,L-Valine-F
Dgki-S,Xylazine-F
Scube3-S,"1,2-Bis(trimethylsiloxy)cyclohexene-F"
Scube3-S,"1,2-Cyclohexanediol, (Z)-F"
Scube3-S,"2,4-Dimethoxybenzaldoxime-F"
Scube3-S,2-Buten-1-ol-F
Scube3-S,2-Norbornanemethanol-F
Scube3-S,5-Nitroso-8-quinolinol-F
Scube3-S,Benzeneacetic acid-F
Scube3-S,Diclofenac-F
Scube3-S,L-Pyroglutamic acid-F
Scube3-S,L-Serine-F
Kdm3b-S,"1,2-Cinnolinedicarboxylic acid, 1,2,3,5,6,7,8,8a-octahydro-4-trimethylsilyloxy-, diethyl ester-F"
Kdm3b-S,2-Buten-1-ol-F
Kdm3b-S,2-Norbornanemethanol-F
Kdm3b-S,4-tert-Butyldimethylsiloxy-3-penten-2-one-F
Kdm3b-S,5-Nitroso-8-quinolinol-F
Kdm3b-S,"l-Leucine, n-butoxycarbonyl-N-methyl-, hexadecyl ester-F"
Kdm3b-S,L-Ornithine-F
Kdm3b-S,Octacosanol-F
Kdm3b-S,Sarcosine-F
Kdm3b-S,Stearic acid-F
Smurf1-S,"1-Pentene, 1,3-diphenyl-1-(trimethylsilyloxy)--F"
Smurf1-S,2-Norbornanemethanol-F
Smurf1-S,"l-Leucine, n-butoxycarbonyl-N-methyl-, hexadecyl ester-F"
Smurf1-S,Trimethylolpropane-F
Shfl-S,2-Norbornanemethanol-F
Shfl-S,4-tert-Butyldimethylsiloxy-3-penten-2-one-F
Shfl-S,5-Nitroso-8-quinolinol-F
Shfl-S,7-Hydroxy-4-(methoxymethyl)coumarin-F
Shfl-S,L-(+)-Threose-F
Shfl-S,"l-Leucine, n-butoxycarbonyl-N-methyl-, hexadecyl ester-F"
Shfl-S,Norephedrine-F
Shfl-S,tert-butyl(dimethyl)silyl-2-([tert-butyl(dimethyl)silyl]oxy)hex-2-enoate-F
Irs2-S,"2,4-Dimethoxybenzaldoxime-F"
Irs2-S,2-Buten-1-ol-F
Irs2-S,3-(4-Methoxyphenyl)coumarin-F
Irs2-S,5-Nitroso-8-quinolinol-F
Irs2-S,7-Hydroxy-4-(methoxymethyl)coumarin-F
Irs2-S,"Benzene, 1-ethyl-3,5-dimethyl-F"
Irs2-S,L-(+)-Threose-F
Irs2-S,"l-Leucine, n-butoxycarbonyl-N-methyl-, hexadecyl ester-F"
Irs2-S,L-Ornithine-F
Lmtk2-S,"1,2-Bis(trimethylsiloxy)cyclohexene-F"
Lmtk2-S,"1,2-Cinnolinedicarboxylic acid, 1,2,3,5,6,7,8,8a-octahydro-4-trimethylsilyloxy-, diethyl ester-F"
Lmtk2-S,4-Methoxyphenol-F
Lmtk2-S,4-tert-Butyldimethylsiloxy-3-penten-2-one-F
Lmtk2-S,"6-Methoxy-1-methyl-1,2,3,4-tetrahydroisoquinolin-7-ol-F"
Lmtk2-S,6-Nitroveratryl alcohol-F
Lmtk2-S,7-Hydroxy-4-(methoxymethyl)coumarin-F
Lmtk2-S,L-Serine-F
Lmtk2-S,Palmitic Acid-F
Lmtk2-S,tert-butyl(dimethyl)silyl-2-([tert-butyl(dimethyl)silyl]oxy)hex-2-enoate-F
Tspyl5-S,"1,2-Bis(trimethylsiloxy)cyclohexene-F"
Tspyl5-S,"1,2-Cinnolinedicarboxylic acid, 1,2,3,5,6,7,8,8a-octahydro-4-trimethylsilyloxy-, diethyl ester-F"
Tspyl5-S,2-Norbornanemethanol-F
Tspyl5-S,4-Methylvaleric acid-F
Tspyl5-S,4-tert-Butyldimethylsiloxy-3-penten-2-one-F
Tspyl5-S,5-Oxohexanoic Acid-F
Tspyl5-S,Adipoyl-L-carnitine-F
Tspyl5-S,L-Lysine-F
Tspyl5-S,L-Pyroglutamic acid-F
Tspyl5-S,L-Serine-F
Tspyl5-S,Lupinine-F
Tspyl5-S,Methyl lactate-F
Tspyl5-S,Palmitic Acid-F
Abhd2-S,"1,2-Bis(trimethylsiloxy)cyclohexene-F"
Abhd2-S,"1,2-Cinnolinedicarboxylic acid, 1,2,3,5,6,7,8,8a-octahydro-4-trimethylsilyloxy-, diethyl ester-F"
Abhd2-S,"2,4-Dimethoxybenzaldoxime-F"
Abhd2-S,2-Norbornanemethanol-F
Abhd2-S,3-(4-Methoxyphenyl)coumarin-F
Abhd2-S,4-Methylvaleric acid-F
Abhd2-S,5-Nitroso-8-quinolinol-F
Abhd2-S,Diclofenac-F
Abhd2-S,Hexacosanoic acid-F
Abhd2-S,L-(+)-Threose-F
Abhd2-S,L-Serine-F
Abhd2-S,N-Ethyldiethanolamine-F
Wdr17-S,"1,2-Cinnolinedicarboxylic acid, 1,2,3,5,6,7,8,8a-octahydro-4-trimethylsilyloxy-, diethyl ester-F"
Wdr17-S,2-Ethyl-1-butanol-F
Wdr17-S,2-Norbornanemethanol-F
Wdr17-S,4-Methylvaleric acid-F
Wdr17-S,4-tert-Butyldimethylsiloxy-3-penten-2-one-F
Wdr17-S,Adipoyl-L-carnitine-F
Wdr17-S,"l-Leucine, n-butoxycarbonyl-N-methyl-, hexadecyl ester-F"
Wdr17-S,L-Lysine-F
Wdr17-S,Lupinine-F
Wdr17-S,Methyl lactate-F
Pgap4-S,"1-Pentene, 1,3-diphenyl-1-(trimethylsilyloxy)--F"
Pgap4-S,"2-Methylcyclohexanol, (Z)-F"
Pgap4-S,3-(4-Methoxyphenyl)coumarin-F
Pgap4-S,"4,5-Dihydro-1H-pyrazole-F"
Pgap4-S,L-(+)-Threose-F
Pgap4-S,L-Glutamic acid-F
Pgap4-S,L-Val-L-Leu-F
Strip2-S,"1,2-Cinnolinedicarboxylic acid, 1,2,3,5,6,7,8,8a-octahydro-4-trimethylsilyloxy-, diethyl ester-F"
Strip2-S,"2,4-Dimethoxybenzaldoxime-F"
Strip2-S,2-Ethyl-1-butanol-F
Strip2-S,3-(4-Methoxyphenyl)coumarin-F
Strip2-S,"Benzene, 1-ethyl-3,5-dimethyl-F"
Strip2-S,Diclofenac-F
Strip2-S,"l-Norvaline, n-propargyloxycarbonyl-, isohexyl ester-F"
Strip2-S,L-Pyroglutamic acid-F
Strip2-S,L-Serine-F
Strip2-S,L-Val-L-Leu-F
Strip2-S,Xylazine-F
Coro7-S,"(2,5-Dimethoxyphenyl)acetone-F"
Coro7-S,"1-Pentene, 1,3-diphenyl-1-(trimethylsilyloxy)--F"
Coro7-S,2-Norbornanemethanol-F
Coro7-S,2-Propyl-1-pentanol-F
Coro7-S,3-(4-Methoxyphenyl)coumarin-F
Coro7-S,3-Heptanol-F
Coro7-S,5-Nitroso-8-quinolinol-F
Coro7-S,"Benzene, 1-ethyl-3,5-dimethyl-F"
Coro7-S,L-(+)-Threose-F
Coro7-S,Niacinamide-F
Coro7-S,tert-butyl(dimethyl)silyl-2-([tert-butyl(dimethyl)silyl]oxy)hex-2-enoate-F
Dync2i2-S,"1,2-Cinnolinedicarboxylic acid, 1,2,3,5,6,7,8,8a-octahydro-4-trimethylsilyloxy-, diethyl ester-F"
Dync2i2-S,4-tert-Butyldimethylsiloxy-3-penten-2-one-F
Dync2i2-S,7-Hydroxy-4-(methoxymethyl)coumarin-F
Dync2i2-S,"l-Leucine, n-butoxycarbonyl-N-methyl-, hexadecyl ester-F"
Dync2i2-S,Monocaproin-F
Dync2i2-S,tert-butyl(dimethyl)silyl-2-([tert-butyl(dimethyl)silyl]oxy)hex-2-enoate-F
Dock3-S,2-Ethyl-1-butanol-F
Dock3-S,"2-Methylcyclohexylamine, tert.-butyldimethylsilyl ether-F"
Dock3-S,2-Norbornanemethanol-F
Dock3-S,3-(4-Methoxyphenyl)coumarin-F
Dock3-S,L-(+)-Threose-F
Dock3-S,"l-Leucine, n-butoxycarbonyl-N-methyl-, hexadecyl ester-F"
Polr2j-S,"1,2-Bis(trimethylsiloxy)cyclohexene-F"
Polr2j-S,"1-Pentene, 1,3-diphenyl-1-(trimethylsilyloxy)--F"
Polr2j-S,"2,6-di-tert-Butyl-4-(dimethylaminomethyl)phenol-F"
Polr2j-S,2-Ethyl-1-butanol-F
Polr2j-S,7-Hydroxy-4-(methoxymethyl)coumarin-F
Polr2j-S,L-Serine-F
Polr2j-S,L-Val-L-Leu-F
Polr2j-S,Palmitic Acid-F
Ncoa5-S,"1,2-Cinnolinedicarboxylic acid, 1,2,3,5,6,7,8,8a-octahydro-4-trimethylsilyloxy-, diethyl ester-F"
Ncoa5-S,2-Ethyl-1-butanol-F
Ncoa5-S,2-Norbornanemethanol-F
Ncoa5-S,4-tert-Butyldimethylsiloxy-3-penten-2-one-F
Ncoa5-S,"5-Ethyl-1,3-dioxane-5-methanol, tert-butyldimethylsilyl ether-F"
Ncoa5-S,5-Nitroso-8-quinolinol-F
Ncoa5-S,"6-Methoxy-1-methyl-1,2,3,4-tetrahydroisoquinolin-7-ol-F"
Ncoa5-S,Adipoyl-L-carnitine-F
Ncoa5-S,Chlorobenzilate-F
Ncoa5-S,L-(+)-Threose-F
Ncoa5-S,L-Serine-F
Ncoa5-S,Supraene-F
Stk32a-S,"1,2-Cinnolinedicarboxylic acid, 1,2,3,5,6,7,8,8a-octahydro-4-trimethylsilyloxy-, diethyl ester-F"
Stk32a-S,"2,4,6-Cycloheptatrien-1-one-F"
Stk32a-S,2-Ethyl-1-butanol-F
Stk32a-S,2-Norbornanemethanol-F
Stk32a-S,3-(4-Methoxyphenyl)coumarin-F
Stk32a-S,"Benzene, 1-ethyl-3,5-dimethyl-F"
Stk32a-S,"l-Leucine, n-butoxycarbonyl-N-methyl-, hexadecyl ester-F"
Stk32a-S,Malic acid-F
Rhou-S,"(2R)-Pyrrolidine-1,2-dicarboxylic acid, bis(tert-butyldimethylsilyl) ester-F"
Rhou-S,"1,2-Bis(trimethylsiloxy)cyclohexene-F"
Rhou-S,7-Hydroxy-4-(methoxymethyl)coumarin-F
Rhou-S,"Benzene, 1-ethyl-3,5-dimethyl-F"
Rhou-S,"Erythrono-1,4-lactone-F"
Rhou-S,L-Val-L-Leu-F
Rhou-S,Sulindac-F
Rhou-S,tert-butyl(dimethyl)silyl-2-([tert-butyl(dimethyl)silyl]oxy)hex-2-enoate-F
Dtx4-S,"1-Pentene, 1,3-diphenyl-1-(trimethylsilyloxy)--F"
Dtx4-S,"3,3-Dimethylacrylic acid-F"
Dtx4-S,"4,5-Dihydro-1H-pyrazole-F"
Dtx4-S,7-Hydroxy-4-(methoxymethyl)coumarin-F
Dtx4-S,Diclofenac-F
Dtx4-S,L-Ornithine-F
Gjb6-S,"1,2-Cinnolinedicarboxylic acid, 1,2,3,5,6,7,8,8a-octahydro-4-trimethylsilyloxy-, diethyl ester-F"
Gjb6-S,"1-Pentene, 1,3-diphenyl-1-(trimethylsilyloxy)--F"
Gjb6-S,2-Buten-1-ol-F
Gjb6-S,L-(+)-Threose-F
Gjb6-S,"l-Leucine, n-butoxycarbonyl-N-methyl-, hexadecyl ester-F"
Gjb6-S,L-Val-L-Leu-F
Gjb6-S,tert-butyl(dimethyl)silyl-2-([tert-butyl(dimethyl)silyl]oxy)hex-2-enoate-F
Mrps35-S,"2,4-Dimethoxybenzaldoxime-F"
Mrps35-S,2-Ethyl-1-butanol-F
Mrps35-S,"2-Methylcyclohexylamine, tert.-butyldimethylsilyl ether-F"
Mrps35-S,2-Norbornanemethanol-F
Mrps35-S,3-(4-Methoxyphenyl)coumarin-F
Mrps35-S,Ethanolamine-F
Mrps35-S,Glycerol-F
Mrps35-S,L-(+)-Threose-F
Mrps35-S,L-Pyroglutamic acid-F
Mrps35-S,L-Serine-F
Ttc12-S,"1-Pentene, 1,3-diphenyl-1-(trimethylsilyloxy)--F"
Ttc12-S,"2,4,4'-Trihydroxybenzophenone-F"
Ttc12-S,"2,4-Dimethoxybenzaldoxime-F"
Ttc12-S,2-Butoxyethanol-F
Ttc12-S,2-Ethyl-1-butanol-F
Ttc12-S,3-(4-Methoxyphenyl)coumarin-F
Ttc12-S,7-Hydroxy-4-(methoxymethyl)coumarin-F
Ttc12-S,"Benzene, 1-ethyl-3,5-dimethyl-F"
Ttc12-S,Diclofenac-F
Ttc12-S,L-(+)-Threose-F
Ttc12-S,Leucylglycine-F
Ttc12-S,L-Serine-F
Trappc5-S,"1,2-Cinnolinedicarboxylic acid, 1,2,3,5,6,7,8,8a-octahydro-4-trimethylsilyloxy-, diethyl ester-F"
Trappc5-S,"1-Pentene, 1,3-diphenyl-1-(trimethylsilyloxy)--F"
Trappc5-S,"2,6-di-tert-Butyl-4-(dimethylaminomethyl)phenol-F"
Trappc5-S,7-Hydroxy-4-(methoxymethyl)coumarin-F
Trappc5-S,Diclofenac-F
Trappc5-S,L-Glutamic acid-F
Trappc5-S,"l-Leucine, n-butoxycarbonyl-N-methyl-, hexadecyl ester-F"
Trappc5-S,L-Serine-F
Trappc5-S,L-Val-L-Leu-F
Accs-S,3-(4-Methoxyphenyl)coumarin-F
Accs-S,Benzenepropanoic acid-F
Accs-S,L-Val-L-Leu-F
Accs-S,m-Toluic acid-F
Hey1-S,2-Ethyl-1-butanol-F
Hey1-S,"2-Methylcyclohexylamine, tert.-butyldimethylsilyl ether-F"
Hey1-S,2-Norbornanemethanol-F
Hey1-S,3-(4-Methoxyphenyl)coumarin-F
Hey1-S,L-(+)-Threose-F
Hey1-S,"l-Leucine, n-butoxycarbonyl-N-methyl-, hexadecyl ester-F"
Bcor-S,"1,2-Bis(trimethylsiloxy)cyclohexene-F"
Bcor-S,"1,2-Cinnolinedicarboxylic acid, 1,2,3,5,6,7,8,8a-octahydro-4-trimethylsilyloxy-, diethyl ester-F"
Bcor-S,"2',5'-Dimethoxypropiophenone-F"
Bcor-S,Chlorobenzilate-F
Bcor-S,Diclofenac-F
Bcor-S,L-Serine-F
Bcor-S,Palmitic Acid-F
Cbln3-S,4-tert-Butyldimethylsiloxy-3-penten-2-one-F
Cbln3-S,6-Nitroveratryl alcohol-F
Cbln3-S,L-Val-L-Leu-F
Spns2-S,"1,2-Bis(trimethylsiloxy)cyclohexene-F"
Spns2-S,"2,4-Dimethoxybenzaldoxime-F"
Spns2-S,Chlorobenzilate-F
Spns2-S,Diclofenac-F
Spns2-S,L-Serine-F
Efhd2-S,"1,2-Bis(trimethylsiloxy)cyclohexene-F"
Efhd2-S,"1-Pentene, 1,3-diphenyl-1-(trimethylsilyloxy)--F"
Efhd2-S,"2,4-Dimethoxybenzaldoxime-F"
Efhd2-S,2-Norbornanemethanol-F
Efhd2-S,"3,3-Dimethylacrylic acid-F"
Efhd2-S,4-tert-Butyldimethylsiloxy-3-penten-2-one-F
Efhd2-S,"Benzene, 1-ethyl-3,5-dimethyl-F"
Efhd2-S,Chlorobenzilate-F
Efhd2-S,L-Serine-F
Efhd2-S,tert-butyl(dimethyl)silyl-2-([tert-butyl(dimethyl)silyl]oxy)hex-2-enoate-F
Cmtm5-S,"1,2-Bis(trimethylsiloxy)cyclohexene-F"
Cmtm5-S,"1,2-Cinnolinedicarboxylic acid, 1,2,3,5,6,7,8,8a-octahydro-4-trimethylsilyloxy-, diethyl ester-F"
Cmtm5-S,"2,4-Dimethoxybenzaldoxime-F"
Cmtm5-S,3-(4-Methoxyphenyl)coumarin-F
Cmtm5-S,7-Hydroxy-4-(methoxymethyl)coumarin-F
Cmtm5-S,L-Serine-F
Psme4-S,"1-Heptanol, 2-propyl--F"
Psme4-S,5-Nitroso-8-quinolinol-F
Psme4-S,"Benzene, 1-ethyl-3,5-dimethyl-F"
Psme4-S,"l-Leucine, n-butoxycarbonyl-N-methyl-, hexadecyl ester-F"
Psme4-S,L-Val-L-Leu-F
Psme4-S,tert-butyl(dimethyl)silyl-2-([tert-butyl(dimethyl)silyl]oxy)hex-2-enoate-F
Osbpl10-S,"2,4-Dimethoxybenzaldoxime-F"
Osbpl10-S,2-Buten-1-ol-F
Osbpl10-S,3-(4-Methoxyphenyl)coumarin-F
Osbpl10-S,5-Nitroso-8-quinolinol-F
Osbpl10-S,"Benzene, 1-ethyl-3,5-dimethyl-F"
Osbpl10-S,L-(+)-Threose-F
Osbpl10-S,"l-Leucine, n-butoxycarbonyl-N-methyl-, hexadecyl ester-F"
Osbpl10-S,L-Val-L-Leu-F
Osbpl10-S,Myristic acid-F
Osbpl10-S,Phytanic acid-F
Osbpl10-S,"Propanoic acid, dimethyl(isopropyl)silyl ester-F"
Fbxw4-S,"1,2-Bis(trimethylsiloxy)cyclohexene-F"
Fbxw4-S,"1,2-Cinnolinedicarboxylic acid, 1,2,3,5,6,7,8,8a-octahydro-4-trimethylsilyloxy-, diethyl ester-F"
Fbxw4-S,"1-Heptanol, 2-propyl--F"
Fbxw4-S,"1-Pentene, 1,3-diphenyl-1-(trimethylsilyloxy)--F"
Fbxw4-S,"2,6-di-tert-Butyl-4-(dimethylaminomethyl)phenol-F"
Fbxw4-S,2-Norbornanemethanol-F
Fbxw4-S,5-Oxohexanoic Acid-F
Fbxw4-S,Diclofenac-F
Fbxw4-S,L-Lysine-F
Fbxw4-S,L-Pyroglutamic acid-F
Fbxw4-S,L-Serine-F
Fbxw4-S,Lupinine-F
Fbxw4-S,L-Val-L-Leu-F
Fbxw4-S,Norephedrine-F
Fbxw4-S,tert-butyl(dimethyl)silyl-2-([tert-butyl(dimethyl)silyl]oxy)hex-2-enoate-F
Vps41-S,"1,2-Cinnolinedicarboxylic acid, 1,2,3,5,6,7,8,8a-octahydro-4-trimethylsilyloxy-, diethyl ester-F"
Vps41-S,3-(4-Methoxyphenyl)coumarin-F
Vps41-S,L-Glutamic acid-F
Car8-S,"1,2-Bis(trimethylsiloxy)cyclohexene-F"
Car8-S,"1,2-Cinnolinedicarboxylic acid, 1,2,3,5,6,7,8,8a-octahydro-4-trimethylsilyloxy-, diethyl ester-F"
Car8-S,"1-Pentene, 1,3-diphenyl-1-(trimethylsilyloxy)--F"
Car8-S,2-Norbornanemethanol-F
Car8-S,3-(4-Methoxyphenyl)coumarin-F
Car8-S,7-Hydroxy-4-(methoxymethyl)coumarin-F
Car8-S,L-(+)-Threose-F
Car8-S,L-Glutamic acid-F
Car8-S,Octacosanol-F
Tox-S,"2,4-Dimethoxybenzaldoxime-F"
Tox-S,2-Ethyl-1-butanol-F
Tox-S,4-tert-Butyldimethylsiloxy-3-penten-2-one-F
Tox-S,5-Nitroso-8-quinolinol-F
Tox-S,"Benzene, 1-ethyl-3,5-dimethyl-F"
Tox-S,"l-Leucine, n-butoxycarbonyl-N-methyl-, hexadecyl ester-F"
Tox-S,L-Valine-F
Tox-S,tert-butyl(dimethyl)silyl-2-([tert-butyl(dimethyl)silyl]oxy)hex-2-enoate-F
Katnal1-S,"1,2-Cinnolinedicarboxylic acid, 1,2,3,5,6,7,8,8a-octahydro-4-trimethylsilyloxy-, diethyl ester-F"
Katnal1-S,"1-Pentene, 1,3-diphenyl-1-(trimethylsilyloxy)--F"
Katnal1-S,"2,4-Dimethoxybenzaldoxime-F"
Katnal1-S,2-Buten-1-ol-F
Katnal1-S,3-(4-Methoxyphenyl)coumarin-F
Katnal1-S,"l-Leucine, n-butoxycarbonyl-N-methyl-, hexadecyl ester-F"
Katnal1-S,L-Val-L-Leu-F
Katnal1-S,Palmitic Acid-F
Rgl2-S,7-Hydroxy-4-(methoxymethyl)coumarin-F
Rgl2-S,"l-Leucine, n-butoxycarbonyl-N-methyl-, hexadecyl ester-F"
Htr2c-S,"1,2-Cinnolinedicarboxylic acid, 1,2,3,5,6,7,8,8a-octahydro-4-trimethylsilyloxy-, diethyl ester-F"
Htr2c-S,"2,4-Dimethoxybenzaldoxime-F"
Htr2c-S,2-Buten-1-ol-F
Htr2c-S,2-Ethyl-1-butanol-F
Htr2c-S,2-Norbornanemethanol-F
Htr2c-S,3-(4-Methoxyphenyl)coumarin-F
Htr2c-S,"Benzene, 1-ethyl-3,5-dimethyl-F"
Htr2c-S,L-(+)-Threose-F
Htr2c-S,L-Serine-F
Htr2c-S,Mevalonolactone-F
Htr2c-S,Spiroxamine-F
Htr2c-S,tert-butyl(dimethyl)silyl-2-([tert-butyl(dimethyl)silyl]oxy)hex-2-enoate-F
Mfsd6-S,"1,2-Bis(trimethylsiloxy)cyclohexene-F"
Mfsd6-S,"1,2-Cinnolinedicarboxylic acid, 1,2,3,5,6,7,8,8a-octahydro-4-trimethylsilyloxy-, diethyl ester-F"
Mfsd6-S,"2,4-Dimethoxybenzaldoxime-F"
Mfsd6-S,2-Norbornanemethanol-F
Mfsd6-S,4-tert-Butyldimethylsiloxy-3-penten-2-one-F
Mfsd6-S,"Benzene, 1-ethyl-3,5-dimethyl-F"
Mfsd6-S,L-(+)-Threose-F
Mfsd6-S,L-Serine-F
Mfsd6-S,L-Val-L-Leu-F
Stx3-S,"1-Pentene, 1,3-diphenyl-1-(trimethylsilyloxy)--F"
Stx3-S,2-Norbornanemethanol-F
Stx3-S,"3,3-Dimethylacrylic acid-F"
Stx3-S,4-tert-Butyldimethylsiloxy-3-penten-2-one-F
Stx3-S,7-Hydroxy-4-(methoxymethyl)coumarin-F
Stx3-S,"Benzene, 1-ethyl-3,5-dimethyl-F"
Stx3-S,"l-Leucine, n-butoxycarbonyl-N-methyl-, hexadecyl ester-F"
Stx3-S,L-Ornithine-F
Stx3-S,tert-butyl(dimethyl)silyl-2-([tert-butyl(dimethyl)silyl]oxy)hex-2-enoate-F
Irf8-S,"1,2-Bis(trimethylsiloxy)cyclohexene-F"
Irf8-S,"1,2-Cinnolinedicarboxylic acid, 1,2,3,5,6,7,8,8a-octahydro-4-trimethylsilyloxy-, diethyl ester-F"
Irf8-S,"1-Pentene, 1,3-diphenyl-1-(trimethylsilyloxy)--F"
Irf8-S,"2,4-Dimethoxybenzaldoxime-F"
Irf8-S,3-(4-Methoxyphenyl)coumarin-F
Irf8-S,7-Hydroxy-4-(methoxymethyl)coumarin-F
Irf8-S,"Benzene, 1-ethyl-3,5-dimethyl-F"
Irf8-S,L-(+)-Threose-F
Irf8-S,Leucylglycine-F
Irf8-S,L-Glutamic acid-F
Rnf123-S,"1,2-Cinnolinedicarboxylic acid, 1,2,3,5,6,7,8,8a-octahydro-4-trimethylsilyloxy-, diethyl ester-F"
Rnf123-S,"1-Pentene, 1,3-diphenyl-1-(trimethylsilyloxy)--F"
Rnf123-S,"2',5'-Dimethoxypropiophenone-F"
Rnf123-S,"2-Methylcyclohexanol, (Z)-F"
Rnf123-S,3-(4-Methoxyphenyl)coumarin-F
Rnf123-S,L-(+)-Threose-F
Rnf123-S,"l-Leucine, n-butoxycarbonyl-N-methyl-, hexadecyl ester-F"
Rnf123-S,L-Val-L-Leu-F
Entpd3-S,"1,2-Bis(trimethylsiloxy)cyclohexene-F"
Entpd3-S,"1,2-Cinnolinedicarboxylic acid, 1,2,3,5,6,7,8,8a-octahydro-4-trimethylsilyloxy-, diethyl ester-F"
Entpd3-S,2-Ethyl-1-butanol-F
Entpd3-S,2-Hexanol-F
Entpd3-S,2-Norbornanemethanol-F
Entpd3-S,3-(4-Methoxyphenyl)coumarin-F
Entpd3-S,Diclofenac-F
Entpd3-S,L-Serine-F
Entpd3-S,Malic acid-F
Trpc5-S,"1,2-Cinnolinedicarboxylic acid, 1,2,3,5,6,7,8,8a-octahydro-4-trimethylsilyloxy-, diethyl ester-F"
Trpc5-S,"1-Heptanol, 2-propyl--F"
Trpc5-S,"1-Pentene, 1,3-diphenyl-1-(trimethylsilyloxy)--F"
Trpc5-S,2-Norbornanemethanol-F
Trpc5-S,"3,3-Dimethylacrylic acid-F"
Trpc5-S,"4,5-Dihydro-1H-pyrazole-F"
Trpc5-S,Dodecanoic acid-F
Trpc5-S,L-Val-L-Leu-F
Trpc5-S,Pentanoic acid-F
Trpc5-S,tert-butyl(dimethyl)silyl-2-([tert-butyl(dimethyl)silyl]oxy)hex-2-enoate-F
Ubr7-S,"1-Pentene, 1,3-diphenyl-1-(trimethylsilyloxy)--F"
Ubr7-S,2-Norbornanemethanol-F
Ubr7-S,3-(4-Methoxyphenyl)coumarin-F
Ubr7-S,"Benzene, 1-ethyl-3,5-dimethyl-F"
Ubr7-S,L-(+)-Threose-F
Ubr7-S,"l-Leucine, n-butoxycarbonyl-N-methyl-, hexadecyl ester-F"
Ubr7-S,L-Ornithine-F
Ubr7-S,tert-butyl(dimethyl)silyl-2-([tert-butyl(dimethyl)silyl]oxy)hex-2-enoate-F
Dlx1-S,"1,2-Cinnolinedicarboxylic acid, 1,2,3,5,6,7,8,8a-octahydro-4-trimethylsilyloxy-, diethyl ester-F"
Dlx1-S,2-Buten-1-ol-F
Dlx1-S,"3,4-Methylenedioxyamphetamine-F"
Dlx1-S,4-tert-Butyldimethylsiloxy-3-penten-2-one-F
Dlx1-S,5-Nitroso-8-quinolinol-F
Dlx1-S,"l-Leucine, n-butoxycarbonyl-N-methyl-, hexadecyl ester-F"
Dlx1-S,tert-butyl(dimethyl)silyl-2-([tert-butyl(dimethyl)silyl]oxy)hex-2-enoate-F
Rapgef5-S,"1,2-Bis(trimethylsiloxy)cyclohexene-F"
Rapgef5-S,"2,4-Dimethoxybenzaldoxime-F"
Rapgef5-S,"Benzene, 1-ethyl-3,5-dimethyl-F"
Rapgef5-S,Benzeneacetic acid-F
Rapgef5-S,L-(+)-Threose-F
Rapgef5-S,L-Ornithine-F
Rapgef5-S,L-Val-L-Leu-F
Zfp386-S,"1,2-Bis(trimethylsiloxy)cyclohexene-F"
Zfp386-S,"1,2-Cinnolinedicarboxylic acid, 1,2,3,5,6,7,8,8a-octahydro-4-trimethylsilyloxy-, diethyl ester-F"
Zfp386-S,2-Norbornanemethanol-F
Zfp386-S,"5-Ethyl-1,3-dioxane-5-methanol, tert-butyldimethylsilyl ether-F"
Zfp386-S,L-(+)-Threose-F
Zfp386-S,L-Serine-F
Zfp386-S,L-Val-L-Leu-F
Zfp386-S,Malic acid-F
Zfp386-S,Supraene-F
Zfp386-S,tert-butyl(dimethyl)silyl-2-([tert-butyl(dimethyl)silyl]oxy)hex-2-enoate-F
Slc35e2-S,"1-Pentene, 1,3-diphenyl-1-(trimethylsilyloxy)--F"
Slc35e2-S,4-tert-Butyldimethylsiloxy-3-penten-2-one-F
Slc35e2-S,Diclofenac-F
Slc35e2-S,"l-Leucine, n-butoxycarbonyl-N-methyl-, hexadecyl ester-F"
Slc35e2-S,Sulindac-F
Slc35e2-S,tert-butyl(dimethyl)silyl-2-([tert-butyl(dimethyl)silyl]oxy)hex-2-enoate-F
Tbc1d22b-S,"1,2-Bis(trimethylsiloxy)cyclohexene-F"
Tbc1d22b-S,"2,4-Dimethoxybenzaldoxime-F"
Tbc1d22b-S,3-(4-Methoxyphenyl)coumarin-F
Tbc1d22b-S,"Benzene, 1-ethyl-3,5-dimethyl-F"
Tbc1d22b-S,L-(+)-Threose-F
Tbc1d22b-S,L-Serine-F
Sgsm1-S,"1,2-Cinnolinedicarboxylic acid, 1,2,3,5,6,7,8,8a-octahydro-4-trimethylsilyloxy-, diethyl ester-F"
Sgsm1-S,"1-Pentene, 1,3-diphenyl-1-(trimethylsilyloxy)--F"
Sgsm1-S,"2,3-Butanediol, O-(trimethylsilyl)-, monoacetate-F"
Sgsm1-S,"2,4-Dimethoxybenzaldoxime-F"
Sgsm1-S,"2-Methylcyclohexanol, (Z)-F"
Sgsm1-S,3-(4-Methoxyphenyl)coumarin-F
Sgsm1-S,"4,5-Dihydro-1H-pyrazole-F"
Sgsm1-S,L-(+)-Threose-F
Sgsm1-S,L-Serine-F
Sgsm1-S,L-Val-L-Leu-F
Isl1-S,"1,2-Bis(trimethylsiloxy)cyclohexene-F"
Isl1-S,"1,2-Cinnolinedicarboxylic acid, 1,2,3,5,6,7,8,8a-octahydro-4-trimethylsilyloxy-, diethyl ester-F"
Isl1-S,1-Octadecanol-F
Isl1-S,"2,4-Dimethoxybenzaldoxime-F"
Isl1-S,2-Norbornanemethanol-F
Isl1-S,3-(4-Methoxyphenyl)coumarin-F
Isl1-S,4-Methoxyphenol-F
Isl1-S,5-Nitroso-8-quinolinol-F
Isl1-S,6-Oxoheptanoic acid-F
Isl1-S,Aniline-F
Isl1-S,Diclofenac-F
Isl1-S,L-(+)-Threose-F
Isl1-S,L-Pyroglutamic acid-F
Isl1-S,L-Serine-F
Isl1-S,L-Val-L-Leu-F
S100a13-S,"1,2-Cinnolinedicarboxylic acid, 1,2,3,5,6,7,8,8a-octahydro-4-trimethylsilyloxy-, diethyl ester-F"
S100a13-S,2-Norbornanemethanol-F
S100a13-S,3-(4-Methoxyphenyl)coumarin-F
S100a13-S,"6-Methoxy-1-methyl-1,2,3,4-tetrahydroisoquinolin-7-ol-F"
S100a13-S,7-Hydroxy-4-(methoxymethyl)coumarin-F
S100a13-S,Chlorobenzilate-F
S100a13-S,Diclofenac-F
S100a13-S,Durapan-F
S100a13-S,L-Pyroglutamic acid-F
S100a13-S,L-Serine-F
S100a13-S,Methanesulfonic acid-F
S100a13-S,Pinosylvin-F
Arel1-S,"1,2-Bis(trimethylsiloxy)cyclohexene-F"
Arel1-S,"1,2-Cinnolinedicarboxylic acid, 1,2,3,5,6,7,8,8a-octahydro-4-trimethylsilyloxy-, diethyl ester-F"
Arel1-S,2-Ethyl-1-butanol-F
Arel1-S,2-Norbornanemethanol-F
Arel1-S,3-(4-Methoxyphenyl)coumarin-F
Arel1-S,"6-Methoxy-1-methyl-1,2,3,4-tetrahydroisoquinolin-7-ol-F"
Arel1-S,Adipoyl-L-carnitine-F
Arel1-S,Cholesterol-F
Arel1-S,Diclofenac-F
Arel1-S,L-Pyroglutamic acid-F
Arel1-S,L-Serine-F
Arel1-S,Octanoic acid-F
Osbpl6-S,"1,2-Bis(trimethylsiloxy)cyclohexene-F"
Osbpl6-S,"2,2'-Bipyridine-F"
Osbpl6-S,"2,3-Butanediol, O-(trimethylsilyl)-, monoacetate-F"
Osbpl6-S,"2,4-Dimethoxybenzaldoxime-F"
Osbpl6-S,3-(4-Methoxyphenyl)coumarin-F
Osbpl6-S,Diclofenac-F
Osbpl6-S,L-(+)-Threose-F
Osbpl6-S,L-Serine-F
Osbpl6-S,L-Val-L-Leu-F
Ccno-S,"1,2-Cinnolinedicarboxylic acid, 1,2,3,5,6,7,8,8a-octahydro-4-trimethylsilyloxy-, diethyl ester-F"
Ccno-S,5-Nitroso-8-quinolinol-F
Ccno-S,7-Hydroxy-4-(methoxymethyl)coumarin-F
Ccno-S,"Benzene, 1-ethyl-3,5-dimethyl-F"
Ccno-S,"l-Leucine, n-butoxycarbonyl-N-methyl-, hexadecyl ester-F"
Ccno-S,"l-Norvaline, n-propargyloxycarbonyl-, isohexyl ester-F"
AA986860-S,"1-Pentene, 1,3-diphenyl-1-(trimethylsilyloxy)--F"
AA986860-S,2-Butoxyethanol-F
AA986860-S,2-Methyl-3-pentanol-F
AA986860-S,3-(4-Methoxyphenyl)coumarin-F
AA986860-S,7-Hydroxy-4-(methoxymethyl)coumarin-F
AA986860-S,"Benzene, 1-ethyl-3,5-dimethyl-F"
AA986860-S,L-(+)-Threose-F
AA986860-S,"l-Leucine, n-butoxycarbonyl-N-methyl-, hexadecyl ester-F"
AA986860-S,L-Val-L-Leu-F
AA986860-S,Trimethylolpropane-F
Itpr3-S,3-(4-Methoxyphenyl)coumarin-F
Itpr3-S,5-Nitroso-8-quinolinol-F
Itpr3-S,"Benzene, 1-ethyl-3,5-dimethyl-F"
Itpr3-S,"l-Leucine, n-butoxycarbonyl-N-methyl-, hexadecyl ester-F"
Trp53rkb-S,4-tert-Butyldimethylsiloxy-3-penten-2-one-F
Trp53rkb-S,6-Nitroveratryl alcohol-F
Trp53rkb-S,7-Hydroxy-4-(methoxymethyl)coumarin-F
Trp53rkb-S,"Benzene, 1-ethyl-3,5-dimethyl-F"
Trp53rkb-S,Diclofenac-F
Trp53rkb-S,L-Serine-F
Greb1l-S,"1-Pentene, 1,3-diphenyl-1-(trimethylsilyloxy)--F"
Greb1l-S,"2',3'-Di-O-acetyladenosine-F"
Greb1l-S,2-Ethyl-1-butanol-F
Greb1l-S,"2-Methylcyclohexylamine, tert.-butyldimethylsilyl ether-F"
Greb1l-S,2-Norbornanemethanol-F
Greb1l-S,3-(4-Methoxyphenyl)coumarin-F
Greb1l-S,7-Hydroxy-4-(methoxymethyl)coumarin-F
Greb1l-S,Diclofenac-F
Greb1l-S,L-(+)-Threose-F
Greb1l-S,L-Ornithine-F
Greb1l-S,Norketamine-F
Zmpste24-S,"1,2-Cinnolinedicarboxylic acid, 1,2,3,5,6,7,8,8a-octahydro-4-trimethylsilyloxy-, diethyl ester-F"
Zmpste24-S,2-Norbornanemethanol-F
Zmpste24-S,Benzyl alcohol-F
Zmpste24-S,L-Serine-F
Zmpste24-S,L-Val-L-Leu-F
Zmpste24-S,tert-butyl(dimethyl)silyl-2-([tert-butyl(dimethyl)silyl]oxy)hex-2-enoate-F
D17H6S53E-S,"1,2-Cinnolinedicarboxylic acid, 1,2,3,5,6,7,8,8a-octahydro-4-trimethylsilyloxy-, diethyl ester-F"
D17H6S53E-S,"2-Butene-1,4-diol-F"
D17H6S53E-S,2-Cyanobenzaldehyde-F
D17H6S53E-S,4-tert-Butyldimethylsiloxy-3-penten-2-one-F
D17H6S53E-S,"Benzene, 1-ethyl-3,5-dimethyl-F"
D17H6S53E-S,L-Ornithine-F
D17H6S53E-S,L-Val-L-Leu-F
D17H6S53E-S,Sarcosine-F
Tmem130-S,"1,2-Cinnolinedicarboxylic acid, 1,2,3,5,6,7,8,8a-octahydro-4-trimethylsilyloxy-, diethyl ester-F"
Tmem130-S,"1-Octanol, 2-butyl--F"
Tmem130-S,3-(4-Methoxyphenyl)coumarin-F
Tmem130-S,5-Nitroso-8-quinolinol-F
Tmem130-S,7-Hydroxy-4-(methoxymethyl)coumarin-F
Tmem130-S,"Benzene, 1-ethyl-3,5-dimethyl-F"
Tmem130-S,"Benzoic acid, methyl ester-F"
Tmem130-S,L-(+)-Threose-F
Tmem130-S,"l-Leucine, n-butoxycarbonyl-N-methyl-, hexadecyl ester-F"
Tmem130-S,L-Serine-F
Trp53bp1-S,"2,3-Dihydroxybutanoic acid-F"
Trp53bp1-S,"2,4-Dimethoxybenzaldoxime-F"
Trp53bp1-S,3-(4-Methoxyphenyl)coumarin-F
Trp53bp1-S,Acetic acid-F
Trp53bp1-S,Butanedioic acid-F
Trp53bp1-S,Chlorobenzilate-F
Trp53bp1-S,"Glycine, tert.-butyldimethylsilyl ester-F"
Trp53bp1-S,"l-Leucine, n-butoxycarbonyl-N-methyl-, hexadecyl ester-F"
Trp53bp1-S,N-Acetylaminoethanol-F
Trp53bp1-S,tert-butyl(dimethyl)silyl-2-([tert-butyl(dimethyl)silyl]oxy)hex-2-enoate-F
Ncmap-S,2-Buten-1-ol-F
Ncmap-S,3-(4-Methoxyphenyl)coumarin-F
Ncmap-S,5-Nitroso-8-quinolinol-F
Ncmap-S,"l-Leucine, n-butoxycarbonyl-N-methyl-, hexadecyl ester-F"
Ncmap-S,L-Ornithine-F
Ncmap-S,L-Val-L-Leu-F
Nkrf-S,"1-Pentene, 1,3-diphenyl-1-(trimethylsilyloxy)--F"
Nkrf-S,2-Amino-4-methylbenzophenone-F
Nkrf-S,2-Buten-1-ol-F
Nkrf-S,3-(4-Methoxyphenyl)coumarin-F
Nkrf-S,5-Nitroso-8-quinolinol-F
Nkrf-S,7-Hydroxy-4-(methoxymethyl)coumarin-F
Nkrf-S,Chlorobenzilate-F
Nkrf-S,L-(+)-Threose-F
Nkrf-S,"l-Leucine, n-butoxycarbonyl-N-methyl-, hexadecyl ester-F"
Slc25a53-S,"1,2-Bis(trimethylsiloxy)cyclohexene-F"
Slc25a53-S,"1,2-Cinnolinedicarboxylic acid, 1,2,3,5,6,7,8,8a-octahydro-4-trimethylsilyloxy-, diethyl ester-F"
Slc25a53-S,3-(4-Methoxyphenyl)coumarin-F
Slc25a53-S,L-Ornithine-F
Slc25a53-S,Niacin-F
Hs3st5-S,"1,2-Bis(trimethylsiloxy)cyclohexene-F"
Hs3st5-S,"2,3-Dihydroxybutanoic acid-F"
Hs3st5-S,5-Nitroso-8-quinolinol-F
Hs3st5-S,Benzeneacetic acid-F
Hs3st5-S,Diclofenac-F
Hs3st5-S,Hexanoic acid-F
Hs3st5-S,L-Pyroglutamic acid-F
Hs3st5-S,L-Serine-F
Hs3st5-S,L-Val-L-Leu-F
Hs3st5-S,Picolinic acid-F
Zfp758-S,3-(4-Methoxyphenyl)coumarin-F
Zfp758-S,"3,3-Dimethylacrylic acid-F"
Zfp758-S,"4,5-Dihydro-1H-pyrazole-F"
Zfp758-S,"Benzene, 1-ethyl-3,5-dimethyl-F"
Zfp758-S,Chlorobenzilate-F
Zfp758-S,L-(+)-Threose-F
Zfp758-S,L-Ornithine-F
Zfp758-S,Oxalic acid-F
Zfp758-S,Sarcosine-F
Tmem201-S,"1-Pentene, 1,3-diphenyl-1-(trimethylsilyloxy)--F"
Tmem201-S,2-Ethyl-1-butanol-F
Tmem201-S,2-Norbornanemethanol-F
Tmem201-S,3-(4-Methoxyphenyl)coumarin-F
Tmem201-S,"l-Leucine, n-butoxycarbonyl-N-methyl-, hexadecyl ester-F"
Tmem201-S,tert-butyl(dimethyl)silyl-2-([tert-butyl(dimethyl)silyl]oxy)hex-2-enoate-F
Gemin7-S,"1-Pentene, 1,3-diphenyl-1-(trimethylsilyloxy)--F"
Gemin7-S,2-Ethyl-1-butanol-F
Gemin7-S,2-Norbornanemethanol-F
Gemin7-S,7-Hydroxy-4-(methoxymethyl)coumarin-F
Gemin7-S,L-Ornithine-F
Gemin7-S,L-Val-L-Leu-F
Gemin7-S,tert-butyl(dimethyl)silyl-2-([tert-butyl(dimethyl)silyl]oxy)hex-2-enoate-F
Prss22-S,"1-Pentene, 1,3-diphenyl-1-(trimethylsilyloxy)--F"
Prss22-S,"2,4-Dimethoxybenzaldoxime-F"
Prss22-S,2-Ethyl-1-butanol-F
Prss22-S,2-Norbornanemethanol-F
Prss22-S,3-(4-Methoxyphenyl)coumarin-F
Prss22-S,"3,3-Dimethylacrylic acid-F"
Prss22-S,3-Amino-5-methylisoxazole-F
Prss22-S,"4,5-Dihydro-1H-pyrazole-F"
Prss22-S,"5-Ethyl-1,3-dioxane-5-methanol, tert-butyldimethylsilyl ether-F"
Prss22-S,"Benzene, 1-ethyl-3,5-dimethyl-F"
Prss22-S,L-(+)-Threose-F
Prss22-S,L-Norleucine-F
Prss22-S,L-Serine-F
Prss22-S,Spiroxamine-F
Prss22-S,tert-butyl(dimethyl)silyl-2-([tert-butyl(dimethyl)silyl]oxy)hex-2-enoate-F
Pcdhb7-S,5-Nitroso-8-quinolinol-F
Pcdhb7-S,"Benzene, 1-ethyl-3,5-dimethyl-F"
Pcdhb7-S,"l-Leucine, n-butoxycarbonyl-N-methyl-, hexadecyl ester-F"
Pcdhb7-S,L-Ornithine-F
Pcdhb7-S,L-Val-L-Leu-F
Saysd1-S,"1,2-Cinnolinedicarboxylic acid, 1,2,3,5,6,7,8,8a-octahydro-4-trimethylsilyloxy-, diethyl ester-F"
Saysd1-S,"2,6-di-tert-Butyl-4-(dimethylaminomethyl)phenol-F"
Saysd1-S,4-Methoxyphenol-F
Saysd1-S,Dodecanoic acid-F
Saysd1-S,L-Pyroglutamic acid-F
Saysd1-S,L-Serine-F
Saysd1-S,L-Val-L-Leu-F
Tubb2b-S,"1,2-Cinnolinedicarboxylic acid, 1,2,3,5,6,7,8,8a-octahydro-4-trimethylsilyloxy-, diethyl ester-F"
Tubb2b-S,"1-Pentene, 1,3-diphenyl-1-(trimethylsilyloxy)--F"
Tubb2b-S,4-tert-Butyldimethylsiloxy-3-penten-2-one-F
Tubb2b-S,Aceturic acid-F
Tubb2b-S,Azelaic acid-F
Tubb2b-S,Ethanolamine-F
Tubb2b-S,L-Serine-F
Tubb2b-S,Octanoic acid-F
Eola1-S,"1,2-Cinnolinedicarboxylic acid, 1,2,3,5,6,7,8,8a-octahydro-4-trimethylsilyloxy-, diethyl ester-F"
Eola1-S,"2',5'-Dimethoxypropiophenone-F"
Eola1-S,5-Nitroso-8-quinolinol-F
Eola1-S,Cyclooctylamine-F
Eola1-S,Guanosine-F
Eola1-S,L-(+)-Threose-F
Eola1-S,"l-Leucine, n-butoxycarbonyl-N-methyl-, hexadecyl ester-F"
Eola1-S,N-Acetyl-L-alanine-F
Eola1-S,"Naringenin 4',7-dimethylether-F"
Lca5l-S,"1,2-Cinnolinedicarboxylic acid, 1,2,3,5,6,7,8,8a-octahydro-4-trimethylsilyloxy-, diethyl ester-F"
Lca5l-S,2-Buten-1-ol-F
Lca5l-S,2-Ethyl-1-butanol-F
Lca5l-S,4-tert-Butyldimethylsiloxy-3-penten-2-one-F
Lca5l-S,5-Nitroso-8-quinolinol-F
Lca5l-S,"l-Leucine, n-butoxycarbonyl-N-methyl-, hexadecyl ester-F"
Lca5l-S,tert-butyl(dimethyl)silyl-2-([tert-butyl(dimethyl)silyl]oxy)hex-2-enoate-F
Penk-S,"1,2-Bis(trimethylsiloxy)cyclohexene-F"
Penk-S,"1,2-Cinnolinedicarboxylic acid, 1,2,3,5,6,7,8,8a-octahydro-4-trimethylsilyloxy-, diethyl ester-F"
Penk-S,2-Ethyl-1-butanol-F
Penk-S,2-Norbornanemethanol-F
Penk-S,3-(4-Methoxyphenyl)coumarin-F
Penk-S,4-Methylvaleric acid-F
Penk-S,Adipoyl-L-carnitine-F
Penk-S,Diclofenac-F
Penk-S,L-Pyroglutamic acid-F
Penk-S,L-Serine-F
Col27a1-S,"1-(1-Hydroxybutyl)-2,5-dimethoxybenzene-F"
Col27a1-S,2-Buten-1-ol-F
Col27a1-S,3-(4-Methoxyphenyl)coumarin-F
Col27a1-S,7-Hydroxy-4-(methoxymethyl)coumarin-F
Col27a1-S,"Benzene, 1-ethyl-3,5-dimethyl-F"
Col27a1-S,L-(+)-Threose-F
Col27a1-S,"l-Leucine, n-butoxycarbonyl-N-methyl-, hexadecyl ester-F"
Col27a1-S,L-Ornithine-F
Col27a1-S,L-Val-L-Leu-F
Wdr89-S,1-Butanol-F
Wdr89-S,"1-Pentene, 1,3-diphenyl-1-(trimethylsilyloxy)--F"
Wdr89-S,"2,4-Di-tert-butylphenol-F"
Wdr89-S,2-Norbornanemethanol-F
Wdr89-S,4-tert-Butyldimethylsiloxy-3-penten-2-one-F
Wdr89-S,"5-Ethyl-1,3-dioxane-5-methanol, tert-butyldimethylsilyl ether-F"
Wdr89-S,"l-Leucine, n-butoxycarbonyl-N-methyl-, hexadecyl ester-F"
Wdr89-S,L-Pyroglutamic acid-F
Wdr89-S,L-Serine-F
Wdr89-S,Lupinine-F
Wdr89-S,L-Val-L-Leu-F
Pnoc-S,"1-Pentene, 1,3-diphenyl-1-(trimethylsilyloxy)--F"
Pnoc-S,"2,4-Dimethoxybenzaldoxime-F"
Pnoc-S,2-Ethyl-1-butanol-F
Pnoc-S,"2-Methylcyclohexylamine, tert.-butyldimethylsilyl ether-F"
Pnoc-S,2-Norbornanemethanol-F
Pnoc-S,4-tert-Butyldimethylsiloxy-3-penten-2-one-F
Pnoc-S,5-Nitroso-8-quinolinol-F
Pnoc-S,L-(+)-Threose-F
Pnoc-S,L-Serine-F
Pnoc-S,tert-butyl(dimethyl)silyl-2-([tert-butyl(dimethyl)silyl]oxy)hex-2-enoate-F
Basp1-S,"1,2-Bis(trimethylsiloxy)cyclohexene-F"
Basp1-S,"1,2-Cyclohexanediol, (Z)-F"
Basp1-S,"2,4-Dimethoxybenzaldoxime-F"
Basp1-S,"3,3-Dimethylacrylic acid-F"
Basp1-S,"Benzene, 1-ethyl-3,5-dimethyl-F"
Basp1-S,Chlorobenzilate-F
Basp1-S,L-Serine-F
Ccdc9b-S,"1-Pentene, 1,3-diphenyl-1-(trimethylsilyloxy)--F"
Ccdc9b-S,"2-Methylcyclohexanol, (Z)-F"
Ccdc9b-S,3-(4-Methoxyphenyl)coumarin-F
Ccdc9b-S,"4,5-Dihydro-1H-pyrazole-F"
Ccdc9b-S,Diclofenac-F
Ccdc9b-S,L-Ornithine-F
Ccdc9b-S,L-Val-L-Leu-F
Mrps12-S,"1,2-Cinnolinedicarboxylic acid, 1,2,3,5,6,7,8,8a-octahydro-4-trimethylsilyloxy-, diethyl ester-F"
Mrps12-S,"1-Pentene, 1,3-diphenyl-1-(trimethylsilyloxy)--F"
Mrps12-S,2-Norbornanemethanol-F
Mrps12-S,3-(4-Methoxyphenyl)coumarin-F
Mrps12-S,Diclofenac-F
Mrps12-S,L-(+)-Threose-F
Mrps12-S,"l-Leucine, n-butoxycarbonyl-N-methyl-, hexadecyl ester-F"
Mrps12-S,L-Pyroglutamic acid-F
Mrps12-S,L-Serine-F
Mrps12-S,Phenol-F
Mrps12-S,tert-butyl(dimethyl)silyl-2-([tert-butyl(dimethyl)silyl]oxy)hex-2-enoate-F
AB041806-S,"1,3-Oxazolidine, 2,5-diphenyl-4-methyl-, trans--F"
AB041806-S,4-tert-Butyldimethylsiloxy-3-penten-2-one-F
AB041806-S,"Benzene, 1-ethyl-3,5-dimethyl-F"
AB041806-S,tert-butyl(dimethyl)silyl-2-([tert-butyl(dimethyl)silyl]oxy)hex-2-enoate-F
Nxph1-S,"1,2-Cinnolinedicarboxylic acid, 1,2,3,5,6,7,8,8a-octahydro-4-trimethylsilyloxy-, diethyl ester-F"
Nxph1-S,"1-Pentene, 1,3-diphenyl-1-(trimethylsilyloxy)--F"
Nxph1-S,5-Nitroso-8-quinolinol-F
Nxph1-S,7-Hydroxy-4-(methoxymethyl)coumarin-F
Nxph1-S,L-Ornithine-F
Nxph1-S,Sarcosine-F
Pcdhb20-S,"1-Pentene, 1,3-diphenyl-1-(trimethylsilyloxy)--F"
Pcdhb20-S,"2,4-Dimethoxybenzaldoxime-F"
Pcdhb20-S,3-(4-Methoxyphenyl)coumarin-F
Pcdhb20-S,L-Ornithine-F
She-S,"1-Pentene, 1,3-diphenyl-1-(trimethylsilyloxy)--F"
She-S,"2,4-Dimethoxybenzaldoxime-F"
She-S,"5-Chlorovaleric acid, nonyl ester-F"
She-S,7-Hydroxy-4-(methoxymethyl)coumarin-F
She-S,Benzeneacetic acid-F
She-S,Butachlor ESA-F
She-S,L-Ornithine-F
She-S,m-Toluic acid-F
Kcnk6-S,"1-Pentene, 1,3-diphenyl-1-(trimethylsilyloxy)--F"
Kcnk6-S,Diclofenac-F
Kcnk6-S,Guanosine-F
Kcnk6-S,"l-Leucine, n-butoxycarbonyl-N-methyl-, hexadecyl ester-F"
Kcnk6-S,L-Ornithine-F
Scn4b-S,"1,2-Cinnolinedicarboxylic acid, 1,2,3,5,6,7,8,8a-octahydro-4-trimethylsilyloxy-, diethyl ester-F"
Scn4b-S,2-Norbornanemethanol-F
Scn4b-S,3-(4-Methoxyphenyl)coumarin-F
Scn4b-S,4-Methylvaleric acid-F
Scn4b-S,5-Nitroso-8-quinolinol-F
Scn4b-S,L-(+)-Threose-F
Scn4b-S,"l-Leucine, n-butoxycarbonyl-N-methyl-, hexadecyl ester-F"
Scn4b-S,L-Lysine-F
Scn4b-S,Methyl lactate-F
Scn4b-S,N-Ethyldiethanolamine-F
Arsj-S,3-(4-Methoxyphenyl)coumarin-F
Arsj-S,"3,3-Dimethylacrylic acid-F"
Arsj-S,"Benzene, 1-ethyl-3,5-dimethyl-F"
Arsj-S,L-(+)-Threose-F
Arsj-S,"l-Leucine, n-butoxycarbonyl-N-methyl-, hexadecyl ester-F"
Arsj-S,Phytanic acid-F
Vwa5b2-S,"2,2'-Bipyridine-F"
Vwa5b2-S,2-Cyanobenzaldehyde-F
Vwa5b2-S,2-Norbornanemethanol-F
Vwa5b2-S,4-tert-Butyldimethylsiloxy-3-penten-2-one-F
Vwa5b2-S,"Benzene, 1-ethyl-3,5-dimethyl-F"
Vwa5b2-S,Citramalic acid-F
Vwa5b2-S,L-Ornithine-F
Vwa5b2-S,L-Val-L-Leu-F
Vwa5b2-S,Sarcosine-F
Epm2aip1-S,"1,2-Cyclohexanediol, (Z)-F"
Epm2aip1-S,2-Buten-1-ol-F
Epm2aip1-S,"3,4-Methylenedioxyamphetamine-F"
Epm2aip1-S,5-Nitroso-8-quinolinol-F
Epm2aip1-S,"Benzene, 1-ethyl-3,5-dimethyl-F"
Epm2aip1-S,Chlorobenzilate-F
Epm2aip1-S,"l-Leucine, n-butoxycarbonyl-N-methyl-, hexadecyl ester-F"
Epm2aip1-S,L-Valine-F
Lrrc4b-S,"1,2-Cinnolinedicarboxylic acid, 1,2,3,5,6,7,8,8a-octahydro-4-trimethylsilyloxy-, diethyl ester-F"
Lrrc4b-S,2-Cyanobenzaldehyde-F
Lrrc4b-S,3-Buten-2-one-F
Lrrc4b-S,4-tert-Butyldimethylsiloxy-3-penten-2-one-F
Lrrc4b-S,"Benzene, 1-ethyl-3,5-dimethyl-F"
Lrrc4b-S,L-Ornithine-F
Lrrc4b-S,L-Val-L-Leu-F
Lrrc4b-S,Sarcosine-F
Samd14-S,"1-(1-Hydroxybutyl)-2,5-dimethoxybenzene-F"
Samd14-S,"1-Pentene, 1,3-diphenyl-1-(trimethylsilyloxy)--F"
Samd14-S,"2,4-Dimethoxybenzaldoxime-F"
Samd14-S,2-Buten-1-ol-F
Samd14-S,4-tert-Butyldimethylsiloxy-3-penten-2-one-F
Samd14-S,6-Nitroveratryl alcohol-F
Samd14-S,7-Hydroxy-4-(methoxymethyl)coumarin-F
Samd14-S,"Benzene, 1-ethyl-3,5-dimethyl-F"
Samd14-S,"l-Leucine, n-butoxycarbonyl-N-methyl-, hexadecyl ester-F"
Pcdhb13-S,"1,2-Cinnolinedicarboxylic acid, 1,2,3,5,6,7,8,8a-octahydro-4-trimethylsilyloxy-, diethyl ester-F"
Pcdhb13-S,"2,4-Dimethoxybenzaldoxime-F"
Pcdhb13-S,4-tert-Butyldimethylsiloxy-3-penten-2-one-F
Pcdhb13-S,6-Nitroveratryl alcohol-F
Pcdhb13-S,7-Hydroxy-4-(methoxymethyl)coumarin-F
Pcdhb13-S,"Benzene, 1-ethyl-3,5-dimethyl-F"
Pcdhb13-S,"l-Leucine, n-butoxycarbonyl-N-methyl-, hexadecyl ester-F"
Pcdhb13-S,N-Ethyldiethanolamine-F
Pcdhb13-S,Phytanic acid-F
Abhd17b-S,"1-Pentene, 1,3-diphenyl-1-(trimethylsilyloxy)--F"
Abhd17b-S,"2',3'-Di-O-acetyladenosine-F"
Abhd17b-S,2-Norbornanemethanol-F
Abhd17b-S,4-tert-Butyldimethylsiloxy-3-penten-2-one-F
Abhd17b-S,7-Hydroxy-4-(methoxymethyl)coumarin-F
Abhd17b-S,Diclofenac-F
Abhd17b-S,L-Glutamic acid-F
Abhd17b-S,"l-Leucine, n-butoxycarbonyl-N-methyl-, hexadecyl ester-F"
Abhd17b-S,L-Ornithine-F
Abhd17b-S,Octacosanol-F
Fbxo28-S,"2,4-Dimethoxybenzaldoxime-F"
Fbxo28-S,"2,4-Di-tert-butylphenol-F"
Fbxo28-S,4-Methoxyphenol-F
Fbxo28-S,4-tert-Butyldimethylsiloxy-3-penten-2-one-F
Fbxo28-S,"l-Leucine, n-butoxycarbonyl-N-methyl-, hexadecyl ester-F"
Fbxo28-S,tert-butyl(dimethyl)silyl-2-([tert-butyl(dimethyl)silyl]oxy)hex-2-enoate-F
Mafa-S,"2,4-Dimethoxybenzaldoxime-F"
Mafa-S,2-Amino-4-methylbenzophenone-F
Mafa-S,3-(4-Methoxyphenyl)coumarin-F
Mafa-S,5-Nitroso-8-quinolinol-F
Mafa-S,Chlorobenzilate-F
Mafa-S,L-(+)-Threose-F
Mafa-S,"l-Leucine, n-butoxycarbonyl-N-methyl-, hexadecyl ester-F"
Mafa-S,L-Serine-F
Mafa-S,L-Val-L-Leu-F
Frat2-S,"1,2-Cinnolinedicarboxylic acid, 1,2,3,5,6,7,8,8a-octahydro-4-trimethylsilyloxy-, diethyl ester-F"
Frat2-S,"2,4-Dimethoxybenzaldoxime-F"
Frat2-S,2-Ethyl-1-butanol-F
Frat2-S,2-Norbornanemethanol-F
Frat2-S,3-(4-Methoxyphenyl)coumarin-F
Frat2-S,"6-Methoxy-1-methyl-1,2,3,4-tetrahydroisoquinolin-7-ol-F"
Frat2-S,6-Nitroveratryl alcohol-F
Frat2-S,Chlorobenzilate-F
Frat2-S,L-Serine-F
Frat2-S,L-Val-L-Leu-F
Polr1g-S,"(2R)-Pyrrolidine-1,2-dicarboxylic acid, bis(tert-butyldimethylsilyl) ester-F"
Polr1g-S,"1,2-Bis(trimethylsiloxy)cyclohexene-F"
Polr1g-S,"1,2-Cinnolinedicarboxylic acid, 1,2,3,5,6,7,8,8a-octahydro-4-trimethylsilyloxy-, diethyl ester-F"
Polr1g-S,4-tert-Butyldimethylsiloxy-3-penten-2-one-F
Polr1g-S,5-Nitroso-8-quinolinol-F
Polr1g-S,7-Hydroxy-4-(methoxymethyl)coumarin-F
Polr1g-S,"Benzene, 1-ethyl-3,5-dimethyl-F"
Polr1g-S,"Erythrono-1,4-lactone-F"
Sox1ot-S,"2,4,6-Cycloheptatrien-1-one-F"
Sox1ot-S,"2,4-Dimethoxybenzaldoxime-F"
Sox1ot-S,4-tert-Butyldimethylsiloxy-3-penten-2-one-F
Sox1ot-S,"Benzene, 1-ethyl-3,5-dimethyl-F"
Sox1ot-S,Diclofenac-F
Sox1ot-S,Hydracrylic acid-F
Sox1ot-S,L-(+)-Threose-F
Sox1ot-S,"l-Leucine, n-butoxycarbonyl-N-methyl-, hexadecyl ester-F"
Sox1ot-S,L-Pyroglutamic acid-F
Sox1ot-S,L-Serine-F
Sox1ot-S,N-Ethylamphetamine-F
Sox1ot-S,tert-butyl(dimethyl)silyl-2-([tert-butyl(dimethyl)silyl]oxy)hex-2-enoate-F
Ccdc187-S,"1,2-Bis(trimethylsiloxy)cyclohexene-F"
Ccdc187-S,"1,2-Cinnolinedicarboxylic acid, 1,2,3,5,6,7,8,8a-octahydro-4-trimethylsilyloxy-, diethyl ester-F"
Ccdc187-S,"2,4-Dimethoxybenzaldoxime-F"
Ccdc187-S,"2-Butene-1,4-diol-F"
Ccdc187-S,3-(4-Methoxyphenyl)coumarin-F
Ccdc187-S,"Benzene, 1-ethyl-3,5-dimethyl-F"
Ccdc187-S,L-(+)-Threose-F
Ccdc187-S,L-Serine-F
Ccdc187-S,L-Val-L-Leu-F
Col6a3-S,"1,2-Cinnolinedicarboxylic acid, 1,2,3,5,6,7,8,8a-octahydro-4-trimethylsilyloxy-, diethyl ester-F"
Col6a3-S,2-Buten-1-ol-F
Col6a3-S,4-tert-Butyldimethylsiloxy-3-penten-2-one-F
Col6a3-S,"Benzene, 1-ethyl-3,5-dimethyl-F"
Col6a3-S,"l-Leucine, n-butoxycarbonyl-N-methyl-, hexadecyl ester-F"
Col6a3-S,L-Val-L-Leu-F
Bend7-S,"1,2-Cinnolinedicarboxylic acid, 1,2,3,5,6,7,8,8a-octahydro-4-trimethylsilyloxy-, diethyl ester-F"
Bend7-S,"1-Pentene, 1,3-diphenyl-1-(trimethylsilyloxy)--F"
Bend7-S,2-Norbornanemethanol-F
Bend7-S,5-Oxohexanoic Acid-F
Bend7-S,7-Hydroxy-4-(methoxymethyl)coumarin-F
Bend7-S,"l-Leucine, n-butoxycarbonyl-N-methyl-, hexadecyl ester-F"
Bend7-S,L-Lysine-F
Bend7-S,L-Val-L-Leu-F
Bend7-S,tert-butyl(dimethyl)silyl-2-([tert-butyl(dimethyl)silyl]oxy)hex-2-enoate-F
Amigo2-S,"1-Pentene, 1,3-diphenyl-1-(trimethylsilyloxy)--F"
Amigo2-S,4-tert-Butyldimethylsiloxy-3-penten-2-one-F
Amigo2-S,7-Hydroxy-4-(methoxymethyl)coumarin-F
Amigo2-S,Diclofenac-F
Amigo2-S,L-Pyroglutamic acid-F
Amigo2-S,L-Serine-F
Gng7-S,"1,2-Cinnolinedicarboxylic acid, 1,2,3,5,6,7,8,8a-octahydro-4-trimethylsilyloxy-, diethyl ester-F"
Gng7-S,2-Ethyl-1-butanol-F
Gng7-S,2-Norbornanemethanol-F
Gng7-S,"l-Leucine, n-butoxycarbonyl-N-methyl-, hexadecyl ester-F"
Gng7-S,Phenol-F
Gng7-S,Xylazine-F
Tob2-S,"2,3-Dihydroxybutanoic acid-F"
Tob2-S,"2,4-Di-tert-butylphenol-F"
Tob2-S,2-Norbornanemethanol-F
Tob2-S,3-(4-Methoxyphenyl)coumarin-F
Tob2-S,5-Nitroso-8-quinolinol-F
Tob2-S,"Benzene, 1-ethyl-3,5-dimethyl-F"
Tob2-S,"l-Leucine, n-butoxycarbonyl-N-methyl-, hexadecyl ester-F"
Tob2-S,N-Acetylaminoethanol-F
Tob2-S,tert-butyl(dimethyl)silyl-2-([tert-butyl(dimethyl)silyl]oxy)hex-2-enoate-F
Insc-S,"1,2-Cinnolinedicarboxylic acid, 1,2,3,5,6,7,8,8a-octahydro-4-trimethylsilyloxy-, diethyl ester-F"
Insc-S,"2,4-Imidazolidinedione, 5,5-dimethyl-F"
Insc-S,3-(4-Methoxyphenyl)coumarin-F
Insc-S,5-Nitroso-8-quinolinol-F
Insc-S,Heptylamine-F
Insc-S,Hexacosanoic acid-F
Insc-S,"Kojic acid, bis(tert-butyldimethylsilyl) ether-F"
Insc-S,L-(+)-Threose-F
Insc-S,tert-butyl(dimethyl)silyl-2-([tert-butyl(dimethyl)silyl]oxy)hex-2-enoate-F
Armcx3-S,"1,2-Cinnolinedicarboxylic acid, 1,2,3,5,6,7,8,8a-octahydro-4-trimethylsilyloxy-, diethyl ester-F"
Armcx3-S,4-tert-Butyldimethylsiloxy-3-penten-2-one-F
Armcx3-S,L-Ornithine-F
Armcx3-S,tert-butyl(dimethyl)silyl-2-([tert-butyl(dimethyl)silyl]oxy)hex-2-enoate-F
Gm8186-S,"2,3-Dihydroxybutanoic acid-F"
Gm8186-S,"2,4-Dimethoxybenzaldoxime-F"
Gm8186-S,3-(4-Methoxyphenyl)coumarin-F
Gm8186-S,"Benzene, 1-ethyl-3,5-dimethyl-F"
Gm8186-S,Chlorobenzilate-F
Gm8186-S,L-(+)-Threose-F
Gm8186-S,"l-Leucine, n-butoxycarbonyl-N-methyl-, hexadecyl ester-F"
Gm8186-S,L-Pyroglutamic acid-F
Gm8186-S,L-Serine-F
Gm8186-S,L-Val-L-Leu-F
Tmem241-S,"1,2-Bis(trimethylsiloxy)cyclohexene-F"
Tmem241-S,"1,2-Cyclohexanediol, (Z)-F"
Tmem241-S,"2,4-Dimethoxybenzaldoxime-F"
Tmem241-S,2-Hexanol-F
Tmem241-S,2-Norbornanemethanol-F
Tmem241-S,L-Serine-F
2310022A10Rik-S,"1,2-Bis(trimethylsiloxy)cyclohexene-F"
2310022A10Rik-S,"2,3-Dihydroxybutanoic acid-F"
2310022A10Rik-S,"2,4-Dimethoxybenzaldoxime-F"
2310022A10Rik-S,3-(4-Methoxyphenyl)coumarin-F
2310022A10Rik-S,7-Hydroxy-4-(methoxymethyl)coumarin-F
2310022A10Rik-S,Chlorobenzilate-F
2310022A10Rik-S,Diclofenac-F
2310022A10Rik-S,"Glycine, tert.-butyldimethylsilyl ester-F"
2310022A10Rik-S,L-Ornithine-F
Idnk-S,"1,2-Bis(trimethylsiloxy)cyclohexene-F"
Idnk-S,1-Butanol-F
Idnk-S,"1-Pentene, 1,3-diphenyl-1-(trimethylsilyloxy)--F"
Idnk-S,2-Ethyl-1-butanol-F
Idnk-S,2-Norbornanemethanol-F
Idnk-S,3-(4-Methoxyphenyl)coumarin-F
Idnk-S,"5-Ethyl-1,3-dioxane-5-methanol, tert-butyldimethylsilyl ether-F"
Idnk-S,L-Pyroglutamic acid-F
Idnk-S,L-Serine-F
Idnk-S,Palmitic Acid-F
Idnk-S,tert-butyl(dimethyl)silyl-2-([tert-butyl(dimethyl)silyl]oxy)hex-2-enoate-F
Hic2-S,2-Norbornanemethanol-F
Hic2-S,"4,5-Dihydro-1H-pyrazole-F"
Hic2-S,4-tert-Butyldimethylsiloxy-3-penten-2-one-F
Hic2-S,6-Nitroveratryl alcohol-F
Hic2-S,Octacosanol-F
Dscam-S,2-Ethyl-1-butanol-F
Dscam-S,2-Norbornanemethanol-F
Dscam-S,4-tert-Butyldimethylsiloxy-3-penten-2-one-F
Dscam-S,6-Nitroveratryl alcohol-F
Dscam-S,"Benzene, 1-ethyl-3,5-dimethyl-F"
Dscam-S,Diclofenac-F
Dscam-S,L-Serine-F
Dscam-S,tert-butyl(dimethyl)silyl-2-([tert-butyl(dimethyl)silyl]oxy)hex-2-enoate-F
Synpo2-S,5-Nitroso-8-quinolinol-F
Synpo2-S,7-Hydroxy-4-(methoxymethyl)coumarin-F
Synpo2-S,"l-Leucine, n-butoxycarbonyl-N-methyl-, hexadecyl ester-F"
Synpo2-S,L-Valine-F
Synpo2-S,Xylazine-F
Slc35d3-S,"1,2-Bis(trimethylsiloxy)cyclohexene-F"
Slc35d3-S,"1,2-Cinnolinedicarboxylic acid, 1,2,3,5,6,7,8,8a-octahydro-4-trimethylsilyloxy-, diethyl ester-F"
Slc35d3-S,2-Ethylhexanoic acid-F
Slc35d3-S,2-Norbornanemethanol-F
Slc35d3-S,4-tert-Butyldimethylsiloxy-3-penten-2-one-F
Slc35d3-S,5-Nitroso-8-quinolinol-F
Slc35d3-S,"6-Methoxy-1-methyl-1,2,3,4-tetrahydroisoquinolin-7-ol-F"
Slc35d3-S,Diclofenac-F
Slc35d3-S,L-Lysine-F
Slc35d3-S,L-Pyroglutamic acid-F
Slc35d3-S,L-Serine-F
Slc35d3-S,L-Val-L-Leu-F
Slc35d3-S,Malic acid-F
Slc35d3-S,Uracil-F
Fam241a-S,"3,3-Dimethylacrylic acid-F"
Fam241a-S,4-tert-Butyldimethylsiloxy-3-penten-2-one-F
Fam241a-S,5-Nitroso-8-quinolinol-F
Fam241a-S,"Benzene, 1-ethyl-3,5-dimethyl-F"
Fam241a-S,"l-Leucine, n-butoxycarbonyl-N-methyl-, hexadecyl ester-F"
Fam241a-S,Octanoic acid-F
Fam241a-S,"Propanoic acid, dimethyl(isopropyl)silyl ester-F"
Lamtor4-S,"1-Pentene, 1,3-diphenyl-1-(trimethylsilyloxy)--F"
Lamtor4-S,"2,6-di-tert-Butyl-4-(dimethylaminomethyl)phenol-F"
Lamtor4-S,7-Hydroxy-4-(methoxymethyl)coumarin-F
Lamtor4-S,Chlorobenzilate-F
Lamtor4-S,L-Glutamic acid-F
Lamtor4-S,"l-Leucine, n-butoxycarbonyl-N-methyl-, hexadecyl ester-F"
Lamtor4-S,L-Serine-F
Hyls1-S,"1,2-Bis(trimethylsiloxy)cyclohexene-F"
Hyls1-S,Diclofenac-F
Hyls1-S,DL-Glyceraldehyde-F
Hyls1-S,L-Serine-F
Lrrc4c-S,"1,2-Bis(trimethylsiloxy)cyclohexene-F"
Lrrc4c-S,"1,2-Cinnolinedicarboxylic acid, 1,2,3,5,6,7,8,8a-octahydro-4-trimethylsilyloxy-, diethyl ester-F"
Lrrc4c-S,2-Norbornanemethanol-F
Lrrc4c-S,4-Methylvaleric acid-F
Lrrc4c-S,4-tert-Butyldimethylsiloxy-3-penten-2-one-F
Lrrc4c-S,5-Oxohexanoic Acid-F
Lrrc4c-S,7-Hydroxy-4-(methoxymethyl)coumarin-F
Lrrc4c-S,Adipoyl-L-carnitine-F
Lrrc4c-S,Diclofenac-F
Lrrc4c-S,L-Lysine-F
Lrrc4c-S,L-Serine-F
Lrrc4c-S,Methyl lactate-F
Scg2-S,"1,2-Cinnolinedicarboxylic acid, 1,2,3,5,6,7,8,8a-octahydro-4-trimethylsilyloxy-, diethyl ester-F"
Scg2-S,3-(4-Methoxyphenyl)coumarin-F
Scg2-S,5-Nitroso-8-quinolinol-F
Scg2-S,7-Hydroxy-4-(methoxymethyl)coumarin-F
Scg2-S,Chlorobenzilate-F
Scg2-S,"l-Leucine, n-butoxycarbonyl-N-methyl-, hexadecyl ester-F"
Gdpgp1-S,"1,2-Cinnolinedicarboxylic acid, 1,2,3,5,6,7,8,8a-octahydro-4-trimethylsilyloxy-, diethyl ester-F"
Gdpgp1-S,"1-Pentene, 1,3-diphenyl-1-(trimethylsilyloxy)--F"
Gdpgp1-S,2-Norbornanemethanol-F
Gdpgp1-S,3-(4-Methoxyphenyl)coumarin-F
Gdpgp1-S,7-Hydroxy-4-(methoxymethyl)coumarin-F
Gdpgp1-S,Hexacosanoic acid-F
Gdpgp1-S,L-(+)-Threose-F
Gdpgp1-S,L-Ornithine-F
Gdpgp1-S,Niacin-F
Gdpgp1-S,Sarcosine-F
Ywhag-S,"1,2-Bis(trimethylsiloxy)cyclohexene-F"
Ywhag-S,"1-Pentene, 1,3-diphenyl-1-(trimethylsilyloxy)--F"
Ywhag-S,Diclofenac-F
Ywhag-S,L-Glutamic acid-F
Crebzf-S,"1-Pentene, 1,3-diphenyl-1-(trimethylsilyloxy)--F"
Crebzf-S,2-Ethyl-1-butanol-F
Crebzf-S,2-Norbornanemethanol-F
Crebzf-S,3-(4-Methoxyphenyl)coumarin-F
Crebzf-S,Diclofenac-F
Crebzf-S,L-Pyroglutamic acid-F
Crebzf-S,L-Serine-F
Crebzf-S,Pentanoic acid-F
Crebzf-S,tert-butyl(dimethyl)silyl-2-([tert-butyl(dimethyl)silyl]oxy)hex-2-enoate-F
Rap2a-S,"1,2-Bis(trimethylsiloxy)cyclohexene-F"
Rap2a-S,"1,2-Cinnolinedicarboxylic acid, 1,2,3,5,6,7,8,8a-octahydro-4-trimethylsilyloxy-, diethyl ester-F"
Rap2a-S,"2,6-di-tert-Butyl-4-(dimethylaminomethyl)phenol-F"
Rap2a-S,4-Methoxyphenol-F
Rap2a-S,5-Nitroso-8-quinolinol-F
Rap2a-S,Biphenyl-F
Rap2a-S,L-Pyroglutamic acid-F
Rap2a-S,L-Serine-F
Rap2a-S,L-Val-L-Leu-F
Dcun1d4-S,"2,4-Dimethoxybenzaldoxime-F"
Dcun1d4-S,"2,4-Di-tert-butylphenol-F"
Dcun1d4-S,"2-Cyclohexen-1-one, 3-methyl--F"
Dcun1d4-S,4-tert-Butyldimethylsiloxy-3-penten-2-one-F
Dcun1d4-S,"Benzene, 1-ethyl-3,5-dimethyl-F"
Dcun1d4-S,L-(+)-Threose-F
Dcun1d4-S,"l-Leucine, n-butoxycarbonyl-N-methyl-, hexadecyl ester-F"
Dcun1d4-S,L-Ornithine-F
Dcun1d4-S,Sulindac-F
Dcun1d4-S,tert-butyl(dimethyl)silyl-2-([tert-butyl(dimethyl)silyl]oxy)hex-2-enoate-F
Cox6b2-S,"1-(4-Methoxyphenyl)-4,6-dimethyl-2(1H)-pyrimidinone-F"
Cox6b2-S,"1,2-Cinnolinedicarboxylic acid, 1,2,3,5,6,7,8,8a-octahydro-4-trimethylsilyloxy-, diethyl ester-F"
Cox6b2-S,"2,4-Imidazolidinedione, 5,5-dimethyl-F"
Cox6b2-S,4-tert-Butyldimethylsiloxy-3-penten-2-one-F
Cox6b2-S,5-Nitroso-8-quinolinol-F
Cox6b2-S,"Benzene, 1-ethyl-3,5-dimethyl-F"
Cox6b2-S,L-(+)-Threose-F
Cox6b2-S,"l-Leucine, n-butoxycarbonyl-N-methyl-, hexadecyl ester-F"
Cox6b2-S,L-Ornithine-F
Cox6b2-S,tert-butyl(dimethyl)silyl-2-([tert-butyl(dimethyl)silyl]oxy)hex-2-enoate-F
Dock8-S,"1,2-Bis(trimethylsiloxy)cyclohexene-F"
Dock8-S,5-Nitroso-8-quinolinol-F
Dock8-S,"Benzene, 1-ethyl-3,5-dimethyl-F"
Dock8-S,Diclofenac-F
Cx3cr1-S,"1,2-Bis(trimethylsiloxy)cyclohexene-F"
Cx3cr1-S,2-Norbornanemethanol-F
Cx3cr1-S,3-(4-Methoxyphenyl)coumarin-F
Cx3cr1-S,L-(+)-Threose-F
Cx3cr1-S,tert-butyl(dimethyl)silyl-2-([tert-butyl(dimethyl)silyl]oxy)hex-2-enoate-F
Adam17-S,"1,2-Bis(trimethylsiloxy)cyclohexene-F"
Adam17-S,"1-Pentene, 1,3-diphenyl-1-(trimethylsilyloxy)--F"
Adam17-S,2-Ethyl-1-butanol-F
Adam17-S,2-Norbornanemethanol-F
Adam17-S,4-tert-Butyldimethylsiloxy-3-penten-2-one-F
Adam17-S,Diclofenac-F
Adam17-S,L-Pyroglutamic acid-F
Adam17-S,L-Serine-F
Adam17-S,Octanoic acid-F
Adam17-S,tert-butyl(dimethyl)silyl-2-([tert-butyl(dimethyl)silyl]oxy)hex-2-enoate-F
BC004004-S,"1,2-Bis(trimethylsiloxy)cyclohexene-F"
BC004004-S,"1,2-Cinnolinedicarboxylic acid, 1,2,3,5,6,7,8,8a-octahydro-4-trimethylsilyloxy-, diethyl ester-F"
BC004004-S,"2',5'-Dimethoxypropiophenone-F"
BC004004-S,4-Methylvaleric acid-F
BC004004-S,4-tert-Butyldimethylsiloxy-3-penten-2-one-F
BC004004-S,Diclofenac-F
BC004004-S,L-Serine-F
BC004004-S,tert-butyl(dimethyl)silyl-2-([tert-butyl(dimethyl)silyl]oxy)hex-2-enoate-F
C130026L21Rik-S,"1-Pentene, 1,3-diphenyl-1-(trimethylsilyloxy)--F"
C130026L21Rik-S,3-(4-Methoxyphenyl)coumarin-F
C130026L21Rik-S,"4,5-Dihydro-1H-pyrazole-F"
C130026L21Rik-S,7-Hydroxy-4-(methoxymethyl)coumarin-F
C130026L21Rik-S,L-Glutamic acid-F
C130026L21Rik-S,"L-Histidine, N,1-bis(tert-butyldimethylsilyl)--F"
C130026L21Rik-S,Pentanoic acid-F
Clec12a-S,"1-Pentene, 1,3-diphenyl-1-(trimethylsilyloxy)--F"
Clec12a-S,3-(4-Methoxyphenyl)coumarin-F
Clec12a-S,"4,5-Dihydro-1H-pyrazole-F"
Clec12a-S,"Benzene, 1-ethyl-3,5-dimethyl-F"
Clec12a-S,L-(+)-Threose-F
Clec12a-S,L-Val-L-Leu-F
Clec12a-S,Xylazine-F
Mllt11-S,"1,2-Bis(trimethylsiloxy)cyclohexene-F"
Mllt11-S,"1-Pentene, 1,3-diphenyl-1-(trimethylsilyloxy)--F"
Mllt11-S,"2,6-di-tert-Butyl-4-(dimethylaminomethyl)phenol-F"
Mllt11-S,7-Hydroxy-4-(methoxymethyl)coumarin-F
Mllt11-S,Chlorobenzilate-F
Mllt11-S,L-Glutamic acid-F
Mllt11-S,L-Val-L-Leu-F
Kcnip1-S,"1-Pentene, 1,3-diphenyl-1-(trimethylsilyloxy)--F"
Kcnip1-S,2-Buten-1-ol-F
Kcnip1-S,5-Nitroso-8-quinolinol-F
Kcnip1-S,Chlorobenzilate-F
Kcnip1-S,"l-Leucine, n-butoxycarbonyl-N-methyl-, hexadecyl ester-F"
Nanp-S,2-Buten-1-ol-F
Nanp-S,"5-Ethyl-1,3-dioxane-5-methanol, tert-butyldimethylsilyl ether-F"
Nanp-S,5-Nitroso-8-quinolinol-F
Nanp-S,Benzeneacetic acid-F
Nanp-S,Chlorobenzilate-F
Nanp-S,L-(+)-Threose-F
Nanp-S,"l-Leucine, n-butoxycarbonyl-N-methyl-, hexadecyl ester-F"
Nanp-S,L-Serine-F
Nanp-S,L-Val-L-Leu-F
Nanp-S,Supraene-F
Gm9930-S,"1-Pentene, 1,3-diphenyl-1-(trimethylsilyloxy)--F"
Gm9930-S,2-Ethyl-1-butanol-F
Gm9930-S,3-(4-Methoxyphenyl)coumarin-F
Gm9930-S,5-Nitroso-8-quinolinol-F
Gm9930-S,Salsoline-F
Spock3-S,"1,2-Cinnolinedicarboxylic acid, 1,2,3,5,6,7,8,8a-octahydro-4-trimethylsilyloxy-, diethyl ester-F"
Spock3-S,"2,4-Dimethoxybenzaldoxime-F"
Spock3-S,3-(4-Methoxyphenyl)coumarin-F
Spock3-S,5-Nitroso-8-quinolinol-F
Spock3-S,"Benzene, 1-ethyl-3,5-dimethyl-F"
Spock3-S,"l-Leucine, n-butoxycarbonyl-N-methyl-, hexadecyl ester-F"
Spock3-S,L-Val-L-Leu-F
Tmem62-S,"1,2-Cinnolinedicarboxylic acid, 1,2,3,5,6,7,8,8a-octahydro-4-trimethylsilyloxy-, diethyl ester-F"
Tmem62-S,2-(Methylamino)ethanol-F
Tmem62-S,"2,4-Dimethoxybenzaldoxime-F"
Tmem62-S,2-Norbornanemethanol-F
Tmem62-S,4-Methoxyphenol-F
Tmem62-S,4-tert-Butyldimethylsiloxy-3-penten-2-one-F
Tmem62-S,6-Oxoheptanoic acid-F
Tmem62-S,Aniline-F
Tmem62-S,"Benzene, 1,4-dimethoxy-F"
Tmem62-S,Diclofenac-F
Tmem62-S,L-Pyroglutamic acid-F
Tmem62-S,L-Serine-F
Tmem62-S,Lupinine-F
Tmem62-S,L-Val-L-Leu-F
Tmem62-S,Phenoxyethanol-F
Emcn-S,"Benzene, 1-ethyl-3,5-dimethyl-F"
Emcn-S,L-(+)-Threose-F
Emcn-S,"l-Leucine, n-butoxycarbonyl-N-methyl-, hexadecyl ester-F"
Emcn-S,L-Ornithine-F
Lrtm2-S,"1,2-Bis(trimethylsiloxy)cyclohexene-F"
Lrtm2-S,"1,2-Cinnolinedicarboxylic acid, 1,2,3,5,6,7,8,8a-octahydro-4-trimethylsilyloxy-, diethyl ester-F"
Lrtm2-S,"2,4-Imidazolidinedione, 5,5-dimethyl-F"
Lrtm2-S,2-Norbornanemethanol-F
Lrtm2-S,3-(4-Methoxyphenyl)coumarin-F
Lrtm2-S,3-Aminobenzoic acid-F
Lrtm2-S,5-Nitroso-8-quinolinol-F
Lrtm2-S,"6-Methoxy-1-methyl-1,2,3,4-tetrahydroisoquinolin-7-ol-F"
Lrtm2-S,6-Methyluracil-F
Lrtm2-S,7-Hydroxy-4-(methoxymethyl)coumarin-F
Lrtm2-S,Diclofenac-F
Lrtm2-S,Durapan-F
Lrtm2-S,"Hymexazole, tert-butyldimethylsilyl ether-F"
Lrtm2-S,"Kojic acid, bis(tert-butyldimethylsilyl) ether-F"
Lrtm2-S,L-Pyroglutamic acid-F
Lrtm2-S,L-Serine-F
Lrtm2-S,Methanesulfonic acid-F
Lrtm2-S,"Oxymorphone, bis(trimethylsilyl) ether-F"
Lrtm2-S,Pinosylvin-F
Sertad3-S,"1,2-Bis(trimethylsiloxy)cyclohexene-F"
Sertad3-S,"Benzene, 1-ethyl-3,5-dimethyl-F"
Sertad3-S,L-Ornithine-F
Zfp811-S,"1,2-Cinnolinedicarboxylic acid, 1,2,3,5,6,7,8,8a-octahydro-4-trimethylsilyloxy-, diethyl ester-F"
Zfp811-S,L-Ornithine-F
Zfp811-S,Sarcosine-F
Pld5-S,"1,2-Bis(trimethylsiloxy)cyclohexene-F"
Pld5-S,"1-Pentene, 1,3-diphenyl-1-(trimethylsilyloxy)--F"
Pld5-S,2-Ethyl-1-butanol-F
Pld5-S,2-Norbornanemethanol-F
Pld5-S,4-tert-Butyldimethylsiloxy-3-penten-2-one-F
Pld5-S,Diclofenac-F
Pld5-S,L-Pyroglutamic acid-F
Pld5-S,L-Serine-F
Pld5-S,"Propanoic acid, 3-[(tert-butyldimethylsilyl)oxy]-2-methyl--F"
Pld5-S,tert-butyl(dimethyl)silyl-2-([tert-butyl(dimethyl)silyl]oxy)hex-2-enoate-F
Tmem191-S,"1-Pentene, 1,3-diphenyl-1-(trimethylsilyloxy)--F"
Tmem191-S,2-Norbornanemethanol-F
Tmem191-S,"4,5-Dihydro-1H-pyrazole-F"
Tmem191-S,7-Hydroxy-4-(methoxymethyl)coumarin-F
Tmem191-S,L-Glutamic acid-F
Tmem191-S,L-Val-L-Leu-F
Tmem191-S,tert-butyl(dimethyl)silyl-2-([tert-butyl(dimethyl)silyl]oxy)hex-2-enoate-F
Gemin6-S,1-Butanol-F
Gemin6-S,2-Norbornanemethanol-F
Gemin6-S,3-(4-Methoxyphenyl)coumarin-F
Gemin6-S,4-Methylvaleric acid-F
Gemin6-S,5-Nitroso-8-quinolinol-F
Gemin6-S,5-Oxohexanoic Acid-F
Gemin6-S,7-Hydroxy-4-(methoxymethyl)coumarin-F
Gemin6-S,Diclofenac-F
Gemin6-S,Hexacosanoic acid-F
Gemin6-S,L-(+)-Threose-F
Gemin6-S,"l-Leucine, n-butoxycarbonyl-N-methyl-, hexadecyl ester-F"
Gemin6-S,Methyl lactate-F
Gemin6-S,Thymol-F
Elapor2-S,"1-Pentene, 1,3-diphenyl-1-(trimethylsilyloxy)--F"
Elapor2-S,2-Ethyl-1-butanol-F
Elapor2-S,"5-Ethyl-1,3-dioxane-5-methanol, tert-butyldimethylsilyl ether-F"
Elapor2-S,5-Nitroso-8-quinolinol-F
Elapor2-S,Benzeneacetic acid-F
Elapor2-S,L-Serine-F
Elapor2-S,L-Val-L-Leu-F
Otulinl-S,"1,2-Bis(trimethylsiloxy)cyclohexene-F"
Otulinl-S,"1-Heptanol, 2-propyl--F"
Otulinl-S,"1-Pentene, 1,3-diphenyl-1-(trimethylsilyloxy)--F"
Otulinl-S,2-Norbornanemethanol-F
Otulinl-S,6-Nitroveratryl alcohol-F
Otulinl-S,Diclofenac-F
Otulinl-S,Dodecanoic acid-F
Otulinl-S,L-Pyroglutamic acid-F
Otulinl-S,L-Serine-F
Otulinl-S,Lupinine-F
Otulinl-S,L-Val-L-Leu-F
Otulinl-S,tert-butyl(dimethyl)silyl-2-([tert-butyl(dimethyl)silyl]oxy)hex-2-enoate-F
Eif3b-S,"2,5-Dimethoxyphenol-F"
Eif3b-S,2-Ethyl-1-butanol-F
Eif3b-S,2-Norbornanemethanol-F
Eif3b-S,3-(4-Methoxyphenyl)coumarin-F
Eif3b-S,3-Heptanol-F
Eif3b-S,5-Nitroso-8-quinolinol-F
Eif3b-S,L-(+)-Threose-F
Eif3b-S,"l-Leucine, n-butoxycarbonyl-N-methyl-, hexadecyl ester-F"
Eif3b-S,tert-butyl(dimethyl)silyl-2-([tert-butyl(dimethyl)silyl]oxy)hex-2-enoate-F
St3gal5-S,"1-Pentene, 1,3-diphenyl-1-(trimethylsilyloxy)--F"
St3gal5-S,"4,5-Dihydro-1H-pyrazole-F"
St3gal5-S,4-tert-Butyldimethylsiloxy-3-penten-2-one-F
St3gal5-S,L-Glutamic acid-F
St3gal5-S,Sulindac-F
St3gal5-S,tert-butyl(dimethyl)silyl-2-([tert-butyl(dimethyl)silyl]oxy)hex-2-enoate-F
AI504432-S,"1-Pentene, 1,3-diphenyl-1-(trimethylsilyloxy)--F"
AI504432-S,"2,4-Dimethoxybenzaldoxime-F"
AI504432-S,3-(4-Methoxyphenyl)coumarin-F
AI504432-S,"Benzene, 1-ethyl-3,5-dimethyl-F"
AI504432-S,Diclofenac-F
AI504432-S,L-(+)-Threose-F
AI504432-S,"l-Leucine, n-butoxycarbonyl-N-methyl-, hexadecyl ester-F"
Gm11696-S,"1,2-Cinnolinedicarboxylic acid, 1,2,3,5,6,7,8,8a-octahydro-4-trimethylsilyloxy-, diethyl ester-F"
Gm11696-S,"1-Heptanol, 2-propyl--F"
Gm11696-S,"6-Methoxy-1-methyl-1,2,3,4-tetrahydroisoquinolin-7-ol-F"
Gm11696-S,Durapan-F
Gm11696-S,"l-Leucine, n-butoxycarbonyl-N-methyl-, hexadecyl ester-F"
Gm11696-S,L-Val-L-Leu-F
Gm11696-S,Monocaproin-F
Gm11696-S,Pinosylvin-F
Gm11696-S,tert-butyl(dimethyl)silyl-2-([tert-butyl(dimethyl)silyl]oxy)hex-2-enoate-F
Ebf1-S,"1,2-Cyclohexanediol, (Z)-F"
Ebf1-S,"1-Pentene, 1,3-diphenyl-1-(trimethylsilyloxy)--F"
Ebf1-S,2-Buten-1-ol-F
Ebf1-S,2-Norbornanemethanol-F
Ebf1-S,5-Nitroso-8-quinolinol-F
Ebf1-S,7-Hydroxy-4-(methoxymethyl)coumarin-F
Ebf1-S,"l-Leucine, n-butoxycarbonyl-N-methyl-, hexadecyl ester-F"
Rpgrip1-S,"1-Pentene, 1,3-diphenyl-1-(trimethylsilyloxy)--F"
Rpgrip1-S,"3,3-Dimethylacrylic acid-F"
Rpgrip1-S,4-tert-Butyldimethylsiloxy-3-penten-2-one-F
Rpgrip1-S,"Benzene, 1-ethyl-3,5-dimethyl-F"
Rpgrip1-S,"l-Leucine, n-butoxycarbonyl-N-methyl-, hexadecyl ester-F"
Rpgrip1-S,L-Val-L-Leu-F
Phex-S,2-Buten-1-ol-F
Phex-S,4-tert-Butyldimethylsiloxy-3-penten-2-one-F
Phex-S,5-Nitroso-8-quinolinol-F
Phex-S,"l-Leucine, n-butoxycarbonyl-N-methyl-, hexadecyl ester-F"
Phex-S,tert-butyl(dimethyl)silyl-2-([tert-butyl(dimethyl)silyl]oxy)hex-2-enoate-F
Sema3b-S,"1,2-Bis(trimethylsiloxy)cyclohexene-F"
Sema3b-S,1-Butanol-F
Sema3b-S,1-Octadecanol-F
Sema3b-S,"1-Pentene, 1,3-diphenyl-1-(trimethylsilyloxy)--F"
Sema3b-S,2-Norbornanemethanol-F
Sema3b-S,4-tert-Butyldimethylsiloxy-3-penten-2-one-F
Sema3b-S,5-Nitroso-8-quinolinol-F
Sema3b-S,L-Pyroglutamic acid-F
Sema3b-S,L-Serine-F
Sema3b-S,L-Val-L-Leu-F
Sez6l-S,"1,2-Bis(trimethylsiloxy)cyclohexene-F"
Sez6l-S,"1-Pentene, 1,3-diphenyl-1-(trimethylsilyloxy)--F"
Sez6l-S,"2,4-Dimethoxybenzaldoxime-F"
Sez6l-S,Diclofenac-F
Sez6l-S,L-Serine-F
Serpina9-S,"2,5-Dimethoxyphenol-F"
Serpina9-S,2-Ethyl-1-butanol-F
Serpina9-S,2-Norbornanemethanol-F
Serpina9-S,4-tert-Butyldimethylsiloxy-3-penten-2-one-F
Serpina9-S,5-Nitroso-8-quinolinol-F
Serpina9-S,"l-Leucine, n-butoxycarbonyl-N-methyl-, hexadecyl ester-F"
Serpina9-S,tert-butyl(dimethyl)silyl-2-([tert-butyl(dimethyl)silyl]oxy)hex-2-enoate-F
Rnf207-S,"1,2-Bis(trimethylsiloxy)cyclohexene-F"
Rnf207-S,"1,2-Cinnolinedicarboxylic acid, 1,2,3,5,6,7,8,8a-octahydro-4-trimethylsilyloxy-, diethyl ester-F"
Rnf207-S,"1-Pentene, 1,3-diphenyl-1-(trimethylsilyloxy)--F"
Rnf207-S,"2,4-Dimethoxybenzaldoxime-F"
Rnf207-S,2-Norbornanemethanol-F
Rnf207-S,7-Hydroxy-4-(methoxymethyl)coumarin-F
Rnf207-S,Benzeneacetic acid-F
Rnf207-S,L-Pyroglutamic acid-F
Rnf207-S,L-Serine-F
Nkx2-9-S,"1,2-Cinnolinedicarboxylic acid, 1,2,3,5,6,7,8,8a-octahydro-4-trimethylsilyloxy-, diethyl ester-F"
Nkx2-9-S,"2,4,4'-Trihydroxybenzophenone-F"
Nkx2-9-S,2-Ethyl-1-butanol-F
Nkx2-9-S,3-(4-Methoxyphenyl)coumarin-F
Nkx2-9-S,L-(+)-Threose-F
Nkx2-9-S,Xylazine-F
Uqcr10-S,"1,2-Bis(trimethylsiloxy)cyclohexene-F"
Uqcr10-S,"1,2-Cinnolinedicarboxylic acid, 1,2,3,5,6,7,8,8a-octahydro-4-trimethylsilyloxy-, diethyl ester-F"
Uqcr10-S,"1-Heptanol, 2-propyl--F"
Uqcr10-S,"1-Pentene, 1,3-diphenyl-1-(trimethylsilyloxy)--F"
Uqcr10-S,"2,6-di-tert-Butyl-4-(dimethylaminomethyl)phenol-F"
Uqcr10-S,2-Ethyl-1-butanol-F
Uqcr10-S,2-Norbornanemethanol-F
Uqcr10-S,Chlorobenzilate-F
Uqcr10-S,Diclofenac-F
Uqcr10-S,Dodecanoic acid-F
Uqcr10-S,L-Pyroglutamic acid-F
Uqcr10-S,L-Serine-F
Uqcr10-S,L-Val-L-Leu-F
Uqcr10-S,Palmitic Acid-F
Uqcr10-S,tert-butyl(dimethyl)silyl-2-([tert-butyl(dimethyl)silyl]oxy)hex-2-enoate-F
Rps3a3-S,4-tert-Butyldimethylsiloxy-3-penten-2-one-F
Rps3a3-S,L-Val-L-Leu-F
Grb2-S,"1,2-Cinnolinedicarboxylic acid, 1,2,3,5,6,7,8,8a-octahydro-4-trimethylsilyloxy-, diethyl ester-F"
Grb2-S,"1-Pentene, 1,3-diphenyl-1-(trimethylsilyloxy)--F"
Grb2-S,"2,4-Dimethoxybenzaldoxime-F"
Grb2-S,Chlorobenzilate-F
Grb2-S,L-Ornithine-F
Grb2-S,Palmitic Acid-F
Grb2-S,Sarcosine-F
Zbtb40-S,"1,2-Bis(trimethylsiloxy)cyclohexene-F"
Zbtb40-S,"1,2-Cinnolinedicarboxylic acid, 1,2,3,5,6,7,8,8a-octahydro-4-trimethylsilyloxy-, diethyl ester-F"
Zbtb40-S,"2,5-Dimethoxyphenol-F"
Zbtb40-S,"2',5'-Dimethoxypropiophenone-F"
Zbtb40-S,"2,6-di-tert-Butyl-4-(dimethylaminomethyl)phenol-F"
Zbtb40-S,5-Nitroso-8-quinolinol-F
Zbtb40-S,Cyclooctylamine-F
Zbtb40-S,Diclofenac-F
Zbtb40-S,L-(+)-Threose-F
Zbtb40-S,L-Pyroglutamic acid-F
Zbtb40-S,L-Serine-F
Zbtb40-S,"Naringenin 4',7-dimethylether-F"
Zbtb40-S,Trimethylolpropane-F
Irx1-S,"1-Pentene, 1,3-diphenyl-1-(trimethylsilyloxy)--F"
Irx1-S,2-Buten-1-ol-F
Irx1-S,Azelaic acid-F
Irx1-S,"l-Leucine, n-butoxycarbonyl-N-methyl-, hexadecyl ester-F"
Galnt13-S,"1,2-Cinnolinedicarboxylic acid, 1,2,3,5,6,7,8,8a-octahydro-4-trimethylsilyloxy-, diethyl ester-F"
Galnt13-S,"2,2'-Bipyridine-F"
Galnt13-S,"2,4-Dimethoxybenzaldoxime-F"
Galnt13-S,2-Norbornanemethanol-F
Galnt13-S,3-(4-Methoxyphenyl)coumarin-F
Galnt13-S,Aniline-F
Galnt13-S,Diclofenac-F
Galnt13-S,L-Serine-F
Galnt13-S,L-Val-L-Leu-F
Stk19-S,"1,2-Cinnolinedicarboxylic acid, 1,2,3,5,6,7,8,8a-octahydro-4-trimethylsilyloxy-, diethyl ester-F"
Stk19-S,"1-Pentene, 1,3-diphenyl-1-(trimethylsilyloxy)--F"
Stk19-S,2-Ethyl-1-butanol-F
Stk19-S,2-Norbornanemethanol-F
Stk19-S,3-(4-Methoxyphenyl)coumarin-F
Stk19-S,"l-Leucine, n-butoxycarbonyl-N-methyl-, hexadecyl ester-F"
Stk19-S,tert-butyl(dimethyl)silyl-2-([tert-butyl(dimethyl)silyl]oxy)hex-2-enoate-F
Gdpd1-S,"1,2-Cinnolinedicarboxylic acid, 1,2,3,5,6,7,8,8a-octahydro-4-trimethylsilyloxy-, diethyl ester-F"
Gdpd1-S,2-Naphthol-F
Gdpd1-S,2-Norbornanemethanol-F
Gdpd1-S,3-(4-Methoxyphenyl)coumarin-F
Gdpd1-S,6-Nitroveratryl alcohol-F
Gdpd1-S,"Benzene, 1-ethyl-3,5-dimethyl-F"
Gdpd1-S,Chlorobenzilate-F
Gdpd1-S,tert-butyl(dimethyl)silyl-2-([tert-butyl(dimethyl)silyl]oxy)hex-2-enoate-F
Tgif2-S,"1,2-Bis(trimethylsiloxy)cyclohexene-F"
Tgif2-S,"1,2-Cinnolinedicarboxylic acid, 1,2,3,5,6,7,8,8a-octahydro-4-trimethylsilyloxy-, diethyl ester-F"
Tgif2-S,L-Serine-F
Tgif2-S,Tromethamine-F
2700097O09Rik-S,"1,2-Bis(trimethylsiloxy)cyclohexene-F"
2700097O09Rik-S,"1-Pentene, 1,3-diphenyl-1-(trimethylsilyloxy)--F"
2700097O09Rik-S,"2,4-Dimethoxybenzaldoxime-F"
2700097O09Rik-S,2-Butoxyethanol-F
2700097O09Rik-S,2-Hydroxy-3-methylbutyric acid-F
2700097O09Rik-S,3-(4-Methoxyphenyl)coumarin-F
2700097O09Rik-S,5-Nitroso-8-quinolinol-F
2700097O09Rik-S,"Benzene, 1-ethyl-3,5-dimethyl-F"
2700097O09Rik-S,Diclofenac-F
2700097O09Rik-S,L-(+)-Threose-F
2700097O09Rik-S,L-Pyroglutamic acid-F
2700097O09Rik-S,L-Serine-F
2700097O09Rik-S,L-Tyrosine-F
2700097O09Rik-S,L-Val-L-Leu-F
2700097O09Rik-S,Myristic acid-F
Trank1-S,"1-(2,5-Dimethoxyphenyl)-1-[(trimethylsilyl)oxy]propan-2-amine-F"
Trank1-S,"1,2-Cinnolinedicarboxylic acid, 1,2,3,5,6,7,8,8a-octahydro-4-trimethylsilyloxy-, diethyl ester-F"
Trank1-S,"1-Pentene, 1,3-diphenyl-1-(trimethylsilyloxy)--F"
Trank1-S,2-Buten-1-ol-F
Trank1-S,3-(4-Methoxyphenyl)coumarin-F
Trank1-S,5-Nitroso-8-quinolinol-F
Trank1-S,7-Hydroxy-4-(methoxymethyl)coumarin-F
Trank1-S,L-Glutamic acid-F
Trank1-S,"l-Leucine, n-butoxycarbonyl-N-methyl-, hexadecyl ester-F"
Trank1-S,L-Ornithine-F
Trank1-S,Sarcosine-F
Timm17a-S,1-Butanol-F
Timm17a-S,"1-Heptanol, 2-propyl--F"
Timm17a-S,"1-Pentene, 1,3-diphenyl-1-(trimethylsilyloxy)--F"
Timm17a-S,2-Ethyl-1-butanol-F
Timm17a-S,2-Norbornanemethanol-F
Timm17a-S,"5-Ethyl-1,3-dioxane-5-methanol, tert-butyldimethylsilyl ether-F"
Timm17a-S,L-Pyroglutamic acid-F
Timm17a-S,L-Serine-F
Timm17a-S,L-Val-L-Leu-F
Timm17a-S,tert-butyl(dimethyl)silyl-2-([tert-butyl(dimethyl)silyl]oxy)hex-2-enoate-F
Zfp512-S,"1,2-Cinnolinedicarboxylic acid, 1,2,3,5,6,7,8,8a-octahydro-4-trimethylsilyloxy-, diethyl ester-F"
Zfp512-S,"2,4-Dimethoxybenzaldoxime-F"
Zfp512-S,5-Nitroso-8-quinolinol-F
Zfp512-S,7-Hydroxy-4-(methoxymethyl)coumarin-F
Zfp512-S,alpha-Hydroxyisobutyric acid-F
Zfp512-S,Chlorobenzilate-F
Zfp512-S,L-(+)-Threose-F
Zfp512-S,"l-Leucine, n-butoxycarbonyl-N-methyl-, hexadecyl ester-F"
Zfp512-S,L-Ornithine-F
Zfp512-S,Sarcosine-F
Zfp512-S,Supraene-F
Chia1-S,"1,2-Bis(trimethylsiloxy)cyclohexene-F"
Chia1-S,"2,4-Dimethoxybenzaldoxime-F"
Chia1-S,"2-Cyclohexen-1-one, 3-methyl-6-(1-methylethyl)-F"
Chia1-S,3-(4-Methoxyphenyl)coumarin-F
Chia1-S,"Benzene, 1-ethyl-3,5-dimethyl-F"
Chia1-S,L-Serine-F
Impdh2-S,"1,2-Bis(trimethylsiloxy)cyclohexene-F"
Impdh2-S,"1,2-Cinnolinedicarboxylic acid, 1,2,3,5,6,7,8,8a-octahydro-4-trimethylsilyloxy-, diethyl ester-F"
Impdh2-S,"1-Heptanol, 2-propyl--F"
Impdh2-S,Diclofenac-F
Impdh2-S,Ethanolamine-F
Impdh2-S,L-Serine-F
Impdh2-S,L-Val-L-Leu-F
Impdh2-S,tert-butyl(dimethyl)silyl-2-([tert-butyl(dimethyl)silyl]oxy)hex-2-enoate-F
Acadm-S,"1,2-Bis(trimethylsiloxy)cyclohexene-F"
Acadm-S,"1,2-Cinnolinedicarboxylic acid, 1,2,3,5,6,7,8,8a-octahydro-4-trimethylsilyloxy-, diethyl ester-F"
Acadm-S,4-tert-Butyldimethylsiloxy-3-penten-2-one-F
Acadm-S,"9Z-Octadecenoic acid, (2S)-3-[(hydroxymercaptophosphinyl)oxy]-2-methoxypropyl ester-F"
Acadm-S,L-(+)-Threose-F
Acadm-S,L-Glutamic acid-F
Ccdc177-S,3-(4-Methoxyphenyl)coumarin-F
Ccdc177-S,7-Hydroxy-4-(methoxymethyl)coumarin-F
Ccdc177-S,"Benzene, 1-ethyl-3,5-dimethyl-F"
Ccdc177-S,L-Ornithine-F
Ccdc177-S,tert-butyl(dimethyl)silyl-2-([tert-butyl(dimethyl)silyl]oxy)hex-2-enoate-F
Manbal-S,"1,2-Bis(trimethylsiloxy)cyclohexene-F"
Manbal-S,3-(4-Methoxyphenyl)coumarin-F
Manbal-S,Diclofenac-F
Manbal-S,L-Serine-F
Manbal-S,Palmitic Acid-F
Syne2-S,"2',3'-Di-O-acetyladenosine-F"
Syne2-S,"2,4-Dimethoxybenzaldoxime-F"
Syne2-S,2-Ethyl-1-butanol-F
Syne2-S,5-Nitroso-8-quinolinol-F
Syne2-S,Benzeneacetic acid-F
Syne2-S,Diclofenac-F
Syne2-S,Isonicotinic Acid-F
Syne2-S,L-(+)-Threose-F
Syne2-S,L-Ornithine-F
Snrnp70-S,"1,2-Cinnolinedicarboxylic acid, 1,2,3,5,6,7,8,8a-octahydro-4-trimethylsilyloxy-, diethyl ester-F"
Snrnp70-S,"1-Pentene, 1,3-diphenyl-1-(trimethylsilyloxy)--F"
Snrnp70-S,"2,4-Dimethoxybenzaldoxime-F"
Snrnp70-S,2-Buten-1-ol-F
Snrnp70-S,5-Nitroso-8-quinolinol-F
Snrnp70-S,7-Hydroxy-4-(methoxymethyl)coumarin-F
Snrnp70-S,Benzeneacetic acid-F
Snrnp70-S,Chlorobenzilate-F
Snrnp70-S,L-Glutamic acid-F
Snrnp70-S,"l-Leucine, n-butoxycarbonyl-N-methyl-, hexadecyl ester-F"
Snrnp70-S,L-Ornithine-F
Snrnp70-S,Sarcosine-F
Klhdc3-S,"1,2-Cinnolinedicarboxylic acid, 1,2,3,5,6,7,8,8a-octahydro-4-trimethylsilyloxy-, diethyl ester-F"
Klhdc3-S,3-(4-Methoxyphenyl)coumarin-F
Klhdc3-S,L-Ornithine-F
Klhdc3-S,Niacin-F
Egfem1-S,"1-(2,4-Dimethoxyphenyl)-propan-2-one-F"
Egfem1-S,2-Ethylhexanoic acid-F
Egfem1-S,2-Norbornanemethanol-F
Egfem1-S,"3,4-Methylenedioxyamphetamine-F"
Egfem1-S,4-tert-Butyldimethylsiloxy-3-penten-2-one-F
Egfem1-S,5-Nitroso-8-quinolinol-F
Egfem1-S,"Benzene, 1-ethyl-3,5-dimethyl-F"
Egfem1-S,L-(+)-Threose-F
Egfem1-S,"l-Leucine, n-butoxycarbonyl-N-methyl-, hexadecyl ester-F"
Egfem1-S,L-Val-L-Leu-F
Egfem1-S,Prostaglandin-F
Egfem1-S,Synephrine-F
Egfem1-S,Uracil-F
Slc24a3-S,"1,2-Bis(trimethylsiloxy)cyclohexene-F"
Slc24a3-S,"2,4-Dimethoxybenzaldoxime-F"
Slc24a3-S,2-Buten-1-ol-F
Slc24a3-S,3-(4-Methoxyphenyl)coumarin-F
Slc24a3-S,5-Nitroso-8-quinolinol-F
Slc24a3-S,Adenine-F
Slc24a3-S,"Benzene, 1-ethyl-3,5-dimethyl-F"
Slc24a3-S,Diclofenac-F
Slc24a3-S,L-(+)-Threose-F
Slc24a3-S,L-Pyroglutamic acid-F
Slc24a3-S,L-Serine-F
Slc24a3-S,"Propanoic acid, dimethyl(isopropyl)silyl ester-F"
Slc24a3-S,Yangonin-F
Rps6-ps1-S,"1,2-Bis(trimethylsiloxy)cyclohexene-F"
Rps6-ps1-S,"1-Pentene, 1,3-diphenyl-1-(trimethylsilyloxy)--F"
Rps6-ps1-S,4-tert-Butyldimethylsiloxy-3-penten-2-one-F
Rps6-ps1-S,L-Ornithine-F
Hhip-S,"1,2-Cinnolinedicarboxylic acid, 1,2,3,5,6,7,8,8a-octahydro-4-trimethylsilyloxy-, diethyl ester-F"
Hhip-S,"1-Pentene, 1,3-diphenyl-1-(trimethylsilyloxy)--F"
Hhip-S,2-Norbornanemethanol-F
Hhip-S,3-(4-Methoxyphenyl)coumarin-F
Hhip-S,"Benzene, 1-ethyl-3,5-dimethyl-F"
Hhip-S,L-(+)-Threose-F
Hhip-S,"l-Leucine, n-butoxycarbonyl-N-methyl-, hexadecyl ester-F"
Hhip-S,tert-butyl(dimethyl)silyl-2-([tert-butyl(dimethyl)silyl]oxy)hex-2-enoate-F
mt-Nd1-S,"1,2-Cinnolinedicarboxylic acid, 1,2,3,5,6,7,8,8a-octahydro-4-trimethylsilyloxy-, diethyl ester-F"
mt-Nd1-S,"1-Heptanol, 2-propyl--F"
mt-Nd1-S,"1-Pentene, 1,3-diphenyl-1-(trimethylsilyloxy)--F"
mt-Nd1-S,2-Norbornanemethanol-F
mt-Nd1-S,5-Oxohexanoic Acid-F
mt-Nd1-S,"l-Leucine, n-butoxycarbonyl-N-methyl-, hexadecyl ester-F"
mt-Nd1-S,L-Lysine-F
mt-Nd1-S,Lupinine-F
mt-Nd1-S,L-Val-L-Leu-F
mt-Nd1-S,tert-butyl(dimethyl)silyl-2-([tert-butyl(dimethyl)silyl]oxy)hex-2-enoate-F
mt-Cytb-S,"1,2-Cinnolinedicarboxylic acid, 1,2,3,5,6,7,8,8a-octahydro-4-trimethylsilyloxy-, diethyl ester-F"
mt-Cytb-S,1-Octadecanol-F
mt-Cytb-S,2-Norbornanemethanol-F
mt-Cytb-S,4-Methylvaleric acid-F
mt-Cytb-S,4-tert-Butyldimethylsiloxy-3-penten-2-one-F
mt-Cytb-S,5-Nitroso-8-quinolinol-F
mt-Cytb-S,"l-Leucine, n-butoxycarbonyl-N-methyl-, hexadecyl ester-F"
mt-Cytb-S,L-Lysine-F
mt-Cytb-S,Lupinine-F
mt-Cytb-S,L-Val-L-Leu-F
mt-Cytb-S,Methyl lactate-F
mt-Cytb-S,Norephedrine-F
Cpped1-S,"1,2-Bis(trimethylsiloxy)cyclohexene-F"
Cpped1-S,"2-(Ethylamino)ethanol, N-acetyl-F"
Cpped1-S,"2,3-Dihydroxybutanoic acid-F"
Cpped1-S,3-(4-Methoxyphenyl)coumarin-F
Cpped1-S,5-Hydroxy-7-methoxy-2-methyl-3-phenyl-4-chromenone-F
Cpped1-S,Acetic acid-F
Cpped1-S,"Benzene, 1-ethyl-3,5-dimethyl-F"
Cpped1-S,Chlorobenzilate-F
Cpped1-S,Diclofenac-F
Cpped1-S,L-(+)-Threose-F
Cpped1-S,L-Serine-F
Insl5-S,"1,2-Bis(trimethylsiloxy)cyclohexene-F"
Insl5-S,1-Butanol-F
Insl5-S,1-Octadecanol-F
Insl5-S,2-Norbornanemethanol-F
Insl5-S,4-Methoxyphenol-F
Insl5-S,4-tert-Butyldimethylsiloxy-3-penten-2-one-F
Insl5-S,5-Nitroso-8-quinolinol-F
Insl5-S,L-Pyroglutamic acid-F
Insl5-S,L-Serine-F
Insl5-S,L-Val-L-Leu-F
Kndc1-S,"1,2-Bis(trimethylsiloxy)cyclohexene-F"
Kndc1-S,"1-Pentene, 1,3-diphenyl-1-(trimethylsilyloxy)--F"
Kndc1-S,"2,3-Dihydroxybutanoic acid-F"
Kndc1-S,"2-Allyl-1,4-dimethoxybenzene-F"
Kndc1-S,2-Norbornanemethanol-F
Kndc1-S,"Benzene, 1-ethyl-3,5-dimethyl-F"
Kndc1-S,Benzeneacetic acid-F
Kndc1-S,Diclofenac-F
Kndc1-S,Hexanoic acid-F
Kndc1-S,L-Serine-F
Kndc1-S,L-Val-L-Leu-F
Kndc1-S,tert-butyl(dimethyl)silyl-2-([tert-butyl(dimethyl)silyl]oxy)hex-2-enoate-F
Tmem42-S,"1,2-Cinnolinedicarboxylic acid, 1,2,3,5,6,7,8,8a-octahydro-4-trimethylsilyloxy-, diethyl ester-F"
Tmem42-S,"1-Pentene, 1,3-diphenyl-1-(trimethylsilyloxy)--F"
Tmem42-S,"4,5-Dihydro-1H-pyrazole-F"
Tmem42-S,7-Hydroxy-4-(methoxymethyl)coumarin-F
Tmem42-S,Chlorobenzilate-F
Tmem42-S,L-Glutamic acid-F
Fxyd6-S,"1,2-Cinnolinedicarboxylic acid, 1,2,3,5,6,7,8,8a-octahydro-4-trimethylsilyloxy-, diethyl ester-F"
Fxyd6-S,"2,4-Dimethoxybenzaldoxime-F"
Fxyd6-S,3-(4-Methoxyphenyl)coumarin-F
Fxyd6-S,"3,3-Dimethylacrylic acid-F"
Fxyd6-S,"l-Leucine, n-butoxycarbonyl-N-methyl-, hexadecyl ester-F"
Fxyd6-S,L-Val-L-Leu-F
Hmcn1-S,"1,2-Bis(trimethylsiloxy)cyclohexene-F"
Hmcn1-S,"1,2-Cinnolinedicarboxylic acid, 1,2,3,5,6,7,8,8a-octahydro-4-trimethylsilyloxy-, diethyl ester-F"
Hmcn1-S,"2,4-Dimethoxybenzaldoxime-F"
Hmcn1-S,4-Methoxyphenol-F
Hmcn1-S,4-tert-Butyldimethylsiloxy-3-penten-2-one-F
Hmcn1-S,"6-Methoxy-1-methyl-1,2,3,4-tetrahydroisoquinolin-7-ol-F"
Hmcn1-S,6-Nitroveratryl alcohol-F
Hmcn1-S,7-Hydroxy-4-(methoxymethyl)coumarin-F
Hmcn1-S,L-Ornithine-F
Hmcn1-S,Sarcosine-F
Hmcn1-S,tert-butyl(dimethyl)silyl-2-([tert-butyl(dimethyl)silyl]oxy)hex-2-enoate-F
Zfp617-S,"1-Pentene, 1,3-diphenyl-1-(trimethylsilyloxy)--F"
Zfp617-S,5-Nitroso-8-quinolinol-F
Zfp617-S,L-Ornithine-F
Zfp617-S,m-Toluic acid-F
Hes6-S,"2,4-Dimethoxybenzaldoxime-F"
Hes6-S,5-Nitroso-8-quinolinol-F
Hes6-S,alpha-Hydroxyisobutyric acid-F
Hes6-S,Butanedioic acid-F
Hes6-S,Chlorobenzilate-F
Hes6-S,L-(+)-Threose-F
Hes6-S,"l-Leucine, n-butoxycarbonyl-N-methyl-, hexadecyl ester-F"
Hes6-S,Pipecolic acid-F
Hes6-S,Supraene-F
4930444P10Rik-S,"1,2-Cinnolinedicarboxylic acid, 1,2,3,5,6,7,8,8a-octahydro-4-trimethylsilyloxy-, diethyl ester-F"
4930444P10Rik-S,"3,3-Dimethylacrylic acid-F"
4930444P10Rik-S,"Benzene, 1-ethyl-3,5-dimethyl-F"
4930444P10Rik-S,L-(+)-Threose-F
4930444P10Rik-S,"l-Leucine, n-butoxycarbonyl-N-methyl-, hexadecyl ester-F"
Htatsf1-S,"2,4-Dimethoxybenzaldoxime-F"
Htatsf1-S,"4-[2-(4,7-Dimethoxy-2H-1,3-benzodioxol-5-yl)ethenyl]-2-methoxyphenol-F"
Htatsf1-S,5-Nitroso-8-quinolinol-F
Htatsf1-S,Butylmethylamine-F
Htatsf1-S,Diclofenac-F
Htatsf1-S,L-(+)-Threose-F
Htatsf1-S,L-Glutamic acid-F
Htatsf1-S,"l-Leucine, n-butoxycarbonyl-N-methyl-, hexadecyl ester-F"
Htatsf1-S,L-Ornithine-F
Lrch1-S,"1,2-Bis(trimethylsiloxy)cyclohexene-F"
Lrch1-S,"1,2-Cinnolinedicarboxylic acid, 1,2,3,5,6,7,8,8a-octahydro-4-trimethylsilyloxy-, diethyl ester-F"
Lrch1-S,"2,4-Dimethoxybenzaldoxime-F"
Lrch1-S,4-Methoxyphenol-F
Lrch1-S,4-tert-Butyldimethylsiloxy-3-penten-2-one-F
Lrch1-S,5-Nitroso-8-quinolinol-F
Lrch1-S,Diclofenac-F
Lrch1-S,tert-butyl(dimethyl)silyl-2-([tert-butyl(dimethyl)silyl]oxy)hex-2-enoate-F
Lrch1-S,Tetrahydro-solasodine triacetate-F
Tcf15-S,2-Ethyl-1-butanol-F
Tcf15-S,2-Norbornanemethanol-F
Tcf15-S,4-tert-Butyldimethylsiloxy-3-penten-2-one-F
Tcf15-S,tert-butyl(dimethyl)silyl-2-([tert-butyl(dimethyl)silyl]oxy)hex-2-enoate-F
Cenpb-S,"2,5-Dimethoxyphenol-F"
Cenpb-S,"4,5-Dihydro-1H-pyrazole-F"
Gpr88-S,"1,2-Cinnolinedicarboxylic acid, 1,2,3,5,6,7,8,8a-octahydro-4-trimethylsilyloxy-, diethyl ester-F"
Gpr88-S,2-Ethyl-1-butanol-F
Gpr88-S,2-Norbornanemethanol-F
Gpr88-S,5-Nitroso-8-quinolinol-F
Gpr88-S,"l-Leucine, n-butoxycarbonyl-N-methyl-, hexadecyl ester-F"
Gpr88-S,Xylazine-F
Fam8a1-S,2-(Methylamino)ethanol-F
Fam8a1-S,"2,6-di-tert-Butyl-4-(dimethylaminomethyl)phenol-F"
Fam8a1-S,4-Methoxyphenol-F
Fam8a1-S,Benzyl alcohol-F
Fam8a1-S,Butyric Acid-F
Fam8a1-S,Diclofenac-F
Fam8a1-S,Dodecanoic acid-F
Fam8a1-S,Isonicotinic Acid-F
Fam8a1-S,L-Pyroglutamic acid-F
Fam8a1-S,L-Serine-F
Fam8a1-S,L-Val-L-Leu-F
Fam8a1-S,Pentanoic acid-F
Tspear-S,"1-Pentene, 1,3-diphenyl-1-(trimethylsilyloxy)--F"
Tspear-S,"2,4-Dimethoxybenzaldoxime-F"
Tspear-S,2-Buten-1-ol-F
Tspear-S,3-(4-Methoxyphenyl)coumarin-F
Tspear-S,Azelaic acid-F
Tspear-S,L-Glutamic acid-F
Tspear-S,"l-Leucine, n-butoxycarbonyl-N-methyl-, hexadecyl ester-F"
Tspear-S,L-Ornithine-F
Tspear-S,Palmitic Acid-F
Tlnrd1-S,"1,2-Bis(trimethylsiloxy)cyclohexene-F"
Tlnrd1-S,"1-Pentene, 1,3-diphenyl-1-(trimethylsilyloxy)--F"
Tlnrd1-S,2-Ethyl-1-butanol-F
Tlnrd1-S,2-Norbornanemethanol-F
Tlnrd1-S,4-tert-Butyldimethylsiloxy-3-penten-2-one-F
Tlnrd1-S,Diclofenac-F
Tlnrd1-S,L-Pyroglutamic acid-F
Tlnrd1-S,L-Serine-F
Tlnrd1-S,"Propanoic acid, 3-[(tert-butyldimethylsilyl)oxy]-2-methyl--F"
Tlnrd1-S,tert-butyl(dimethyl)silyl-2-([tert-butyl(dimethyl)silyl]oxy)hex-2-enoate-F
Lrrc8b-S,"1,2-Bis(trimethylsiloxy)cyclohexene-F"
Lrrc8b-S,4-tert-Butyldimethylsiloxy-3-penten-2-one-F
Lrrc8b-S,7-Hydroxy-4-(methoxymethyl)coumarin-F
Lrrc8b-S,L-Ornithine-F
Lrrc8b-S,Sarcosine-F
Lrrc8b-S,tert-butyl(dimethyl)silyl-2-([tert-butyl(dimethyl)silyl]oxy)hex-2-enoate-F
Htr1d-S,2-Ethyl-1-butanol-F
Htr1d-S,2-Norbornanemethanol-F
Htr1d-S,4-tert-Butyldimethylsiloxy-3-penten-2-one-F
Htr1d-S,6-Nitroveratryl alcohol-F
Htr1d-S,"Benzene, 1-ethyl-3,5-dimethyl-F"
Htr1d-S,Lactic acid-F
Htr1d-S,L-Serine-F
Htr1d-S,tert-butyl(dimethyl)silyl-2-([tert-butyl(dimethyl)silyl]oxy)hex-2-enoate-F
Rasgrp3-S,"1,2-Cinnolinedicarboxylic acid, 1,2,3,5,6,7,8,8a-octahydro-4-trimethylsilyloxy-, diethyl ester-F"
Rasgrp3-S,"1-Pentene, 1,3-diphenyl-1-(trimethylsilyloxy)--F"
Rasgrp3-S,"2,4-Dimethoxybenzaldoxime-F"
Rasgrp3-S,"5-Chlorovaleric acid, nonyl ester-F"
Rasgrp3-S,5-Nitroso-8-quinolinol-F
Rasgrp3-S,7-Hydroxy-4-(methoxymethyl)coumarin-F
Rasgrp3-S,Benzeneacetic acid-F
Slc25a16-S,"1,2-Cinnolinedicarboxylic acid, 1,2,3,5,6,7,8,8a-octahydro-4-trimethylsilyloxy-, diethyl ester-F"
Slc25a16-S,"1-Pentene, 1,3-diphenyl-1-(trimethylsilyloxy)--F"
Slc25a16-S,"2,6-di-tert-Butyl-4-(dimethylaminomethyl)phenol-F"
Slc25a16-S,2-Ethyl-1-butanol-F
Slc25a16-S,3-(4-Methoxyphenyl)coumarin-F
Slc25a16-S,7-Hydroxy-4-(methoxymethyl)coumarin-F
Slc25a16-S,Diclofenac-F
Slc25a16-S,L-Serine-F
Slc25a16-S,Palmitic Acid-F
Zfp946-S,"1,2-Bis(trimethylsiloxy)cyclohexene-F"
Zfp946-S,"1,2-Cinnolinedicarboxylic acid, 1,2,3,5,6,7,8,8a-octahydro-4-trimethylsilyloxy-, diethyl ester-F"
Zfp946-S,"2',3'-Di-O-acetyladenosine-F"
Zfp946-S,"2,4-Dimethoxybenzaldoxime-F"
Zfp946-S,6-Nitroveratryl alcohol-F
Zfp946-S,7-Hydroxy-4-(methoxymethyl)coumarin-F
Zfp946-S,Diclofenac-F
Zfp946-S,L-Ornithine-F
1110002L01Rik-S,"1,2-Bis(trimethylsiloxy)cyclohexene-F"
1110002L01Rik-S,4-tert-Butyldimethylsiloxy-3-penten-2-one-F
1110002L01Rik-S,"6-Methoxy-1-methyl-1,2,3,4-tetrahydroisoquinolin-7-ol-F"
1110002L01Rik-S,"Benzoic acid, 2-hydroxy-3-[(2-hydroxy-4-methoxy-6-propylbenzoyl)oxy]-4-methoxy-6-propyl-, methyl ester-F"
1110002L01Rik-S,Crotonic acid-F
1110002L01Rik-S,Diclofenac-F
1110002L01Rik-S,L-Serine-F
1110002L01Rik-S,Synephrine-F
1110002L01Rik-S,tert-butyl(dimethyl)silyl-2-([tert-butyl(dimethyl)silyl]oxy)hex-2-enoate-F
2510002D24Rik-S,"1-Pentene, 1,3-diphenyl-1-(trimethylsilyloxy)--F"
2510002D24Rik-S,2-Butenedioic acid-F
2510002D24Rik-S,"3,3-Dimethylacrylic acid-F"
2510002D24Rik-S,"4,5-Dihydro-1H-pyrazole-F"
2510002D24Rik-S,7-Hydroxy-4-(methoxymethyl)coumarin-F
2510002D24Rik-S,L-Glutamic acid-F
Zbtb3-S,"1,2-Cinnolinedicarboxylic acid, 1,2,3,5,6,7,8,8a-octahydro-4-trimethylsilyloxy-, diethyl ester-F"
Zbtb3-S,2-Ethyl-1-butanol-F
Zbtb3-S,"2-Methylcyclohexylamine, tert.-butyldimethylsilyl ether-F"
Zbtb3-S,2-Norbornanemethanol-F
Zbtb3-S,3-(4-Methoxyphenyl)coumarin-F
Zbtb3-S,Ethanolamine-F
Zbtb3-S,L-(+)-Threose-F
Zbtb3-S,L-Pyroglutamic acid-F
Zbtb3-S,L-Serine-F
Zbtb3-S,L-Val-L-Leu-F
Zhx2-S,"1,2-Cinnolinedicarboxylic acid, 1,2,3,5,6,7,8,8a-octahydro-4-trimethylsilyloxy-, diethyl ester-F"
Zhx2-S,2-Ethyl-1-butanol-F
Zhx2-S,2-Norbornanemethanol-F
Zhx2-S,3-(4-Methoxyphenyl)coumarin-F
Zhx2-S,"6-Methoxy-1-methyl-1,2,3,4-tetrahydroisoquinolin-7-ol-F"
Zhx2-S,"l-Leucine, n-butoxycarbonyl-N-methyl-, hexadecyl ester-F"
Zhx2-S,Methanesulfonic acid-F
Zhx2-S,"Oxymorphone, bis(trimethylsilyl) ether-F"
Zhx2-S,Synephrine-F
Zhx2-S,Uracil-F
Zhx2-S,Xylazine-F
Mroh5-S,"1,2-Cinnolinedicarboxylic acid, 1,2,3,5,6,7,8,8a-octahydro-4-trimethylsilyloxy-, diethyl ester-F"
Mroh5-S,2-Buten-1-ol-F
Mroh5-S,2-Ethyl-1-butanol-F
Mroh5-S,2-Norbornanemethanol-F
Mroh5-S,5-Nitroso-8-quinolinol-F
Mroh5-S,L-Val-L-Leu-F
Mroh5-S,tert-butyl(dimethyl)silyl-2-([tert-butyl(dimethyl)silyl]oxy)hex-2-enoate-F
Cyp4f15-S,"2,5-Dimethoxyphenol-F"
Cyp4f15-S,2-Norbornanemethanol-F
Cyp4f15-S,"3,4-Methylenedioxyamphetamine-F"
Cyp4f15-S,4-tert-Butyldimethylsiloxy-3-penten-2-one-F
Cyp4f15-S,5-Nitroso-8-quinolinol-F
Cyp4f15-S,L-(+)-Threose-F
Cyp4f15-S,"l-Leucine, n-butoxycarbonyl-N-methyl-, hexadecyl ester-F"
Cyp4f15-S,Malic acid-F
Cyp4f15-S,Methyl lactate-F
Cyp4f15-S,Norephedrine-F
Gm4924-S,"1-Pentene, 1,3-diphenyl-1-(trimethylsilyloxy)--F"
Gm4924-S,2-Cyanobenzaldehyde-F
Gm4924-S,4-tert-Butyldimethylsiloxy-3-penten-2-one-F
Gm4924-S,5-Nitroso-8-quinolinol-F
Gm4924-S,7-Hydroxy-4-(methoxymethyl)coumarin-F
Gm4924-S,"Benzene, 1-ethyl-3,5-dimethyl-F"
Gm4924-S,L-Glutamic acid-F
Gm4924-S,"l-Leucine, n-butoxycarbonyl-N-methyl-, hexadecyl ester-F"
Gm4924-S,L-Ornithine-F
Gm4924-S,L-Val-L-Leu-F
Insyn2a-S,"1,2-Cinnolinedicarboxylic acid, 1,2,3,5,6,7,8,8a-octahydro-4-trimethylsilyloxy-, diethyl ester-F"
Insyn2a-S,3-(4-Methoxyphenyl)coumarin-F
Insyn2a-S,"4,5-Dihydro-1H-pyrazole-F"
Insyn2a-S,"Benzene, 1-ethyl-3,5-dimethyl-F"
Insyn2a-S,Chlorobenzilate-F
Insyn2a-S,L-Val-L-Leu-F
Insyn2a-S,Phenol-F
Insyn2a-S,Xylazine-F
Trim68-S,"1-Pentene, 1,3-diphenyl-1-(trimethylsilyloxy)--F"
Trim68-S,2-Norbornanemethanol-F
Trim68-S,L-Ornithine-F
Trim68-S,L-Threonine-F
Trim68-S,Propanoic acid-F
Ap1ar-S,"1,2-Cinnolinedicarboxylic acid, 1,2,3,5,6,7,8,8a-octahydro-4-trimethylsilyloxy-, diethyl ester-F"
Ap1ar-S,2-Ethyl-1-butanol-F
Ap1ar-S,"2-Methylcyclohexylamine, tert.-butyldimethylsilyl ether-F"
Ap1ar-S,2-Norbornanemethanol-F
Ap1ar-S,3-(4-Methoxyphenyl)coumarin-F
Ap1ar-S,7-Hydroxy-4-(methoxymethyl)coumarin-F
Ap1ar-S,Adipoyl-L-carnitine-F
Ap1ar-S,Chlorobenzilate-F
Ap1ar-S,L-(+)-Threose-F
Ap1ar-S,"l-Leucine, n-butoxycarbonyl-N-methyl-, hexadecyl ester-F"
Zfp628-S,"1,2-Cinnolinedicarboxylic acid, 1,2,3,5,6,7,8,8a-octahydro-4-trimethylsilyloxy-, diethyl ester-F"
Zfp628-S,3-(4-Methoxyphenyl)coumarin-F
Zfp628-S,Diclofenac-F
Zfp628-S,Guanosine-F
Zfp628-S,L-(+)-Threose-F
Zfp628-S,"l-Leucine, n-butoxycarbonyl-N-methyl-, hexadecyl ester-F"
Gm10699-S,"2,4-Dimethoxybenzaldoxime-F"
Gm10699-S,4-Methoxyphenol-F
Gm10699-S,4-tert-Butyldimethylsiloxy-3-penten-2-one-F
Gm10699-S,"Benzene, 1-ethyl-3,5-dimethyl-F"
Gm10699-S,Benzenepropanoic acid-F
Gm10699-S,Chlorobenzilate-F
Gm10699-S,"l-Leucine, n-butoxycarbonyl-N-methyl-, hexadecyl ester-F"
Gm10699-S,L-Pyroglutamic acid-F
Gm10699-S,L-Serine-F
Ankub1-S,"1,2-Cinnolinedicarboxylic acid, 1,2,3,5,6,7,8,8a-octahydro-4-trimethylsilyloxy-, diethyl ester-F"
Ankub1-S,2-Norbornanemethanol-F
Ankub1-S,4-Methylvaleric acid-F
Ankub1-S,4-tert-Butyldimethylsiloxy-3-penten-2-one-F
Ankub1-S,5-Nitroso-8-quinolinol-F
Ankub1-S,Adipoyl-L-carnitine-F
Ankub1-S,"l-Leucine, n-butoxycarbonyl-N-methyl-, hexadecyl ester-F"
Ankub1-S,L-Lysine-F
Ankub1-S,Lupinine-F
Ankub1-S,Methyl lactate-F
Ankub1-S,N-Ethyldiethanolamine-F
Ankub1-S,Norephedrine-F
Ankub1-S,Thymol-F
Zcchc3-S,"1,2-Cinnolinedicarboxylic acid, 1,2,3,5,6,7,8,8a-octahydro-4-trimethylsilyloxy-, diethyl ester-F"
Zcchc3-S,3-(4-Methoxyphenyl)coumarin-F
Zcchc3-S,5-Nitroso-8-quinolinol-F
Zcchc3-S,7-Hydroxy-4-(methoxymethyl)coumarin-F
Zcchc3-S,L-Glutamic acid-F
Zcchc3-S,"l-Leucine, n-butoxycarbonyl-N-methyl-, hexadecyl ester-F"
Zcchc3-S,L-Ornithine-F
Grk6-S,"(2R)-Pyrrolidine-1,2-dicarboxylic acid, bis(tert-butyldimethylsilyl) ester-F"
Grk6-S,"1,2-Cinnolinedicarboxylic acid, 1,2,3,5,6,7,8,8a-octahydro-4-trimethylsilyloxy-, diethyl ester-F"
Grk6-S,"4,5-Dihydro-1H-pyrazole-F"
Grk6-S,"Benzene, 1-ethyl-3,5-dimethyl-F"
Grk6-S,Cholesterol-F
Grk6-S,"Hymexazole, tert-butyldimethylsilyl ether-F"
Grk6-S,L-(+)-Threose-F
Grk6-S,"N,N-Dimethyl-2-aminoethanol-F"
Gm13375-S,"1-(2,4-Dimethoxyphenyl)-propan-2-one-F"
Gm13375-S,2-Norbornanemethanol-F
Gm13375-S,4-Aminobutanoic acid-F
Gm13375-S,"Benzene, 1-ethyl-3,5-dimethyl-F"
Gm13375-S,L-(+)-Threose-F
Gm13375-S,"l-Leucine, n-butoxycarbonyl-N-methyl-, hexadecyl ester-F"
Gm13375-S,L-Val-L-Leu-F
Gm13375-S,N-Acetylaspartic acid-F
Gm13375-S,Prostaglandin-F
Gm13375-S,tert-butyl(dimethyl)silyl-2-([tert-butyl(dimethyl)silyl]oxy)hex-2-enoate-F
Gm13375-S,Vanillylmandelic acid-F
Acsf2-S,"1,2-Cinnolinedicarboxylic acid, 1,2,3,5,6,7,8,8a-octahydro-4-trimethylsilyloxy-, diethyl ester-F"
Acsf2-S,2-Norbornanemethanol-F
Acsf2-S,4-tert-Butyldimethylsiloxy-3-penten-2-one-F
Acsf2-S,7-Hydroxy-4-(methoxymethyl)coumarin-F
Acsf2-S,"Benzene, 1-ethyl-3,5-dimethyl-F"
Acsf2-S,L-Ornithine-F
Acsf2-S,Sarcosine-F
Acsf2-S,tert-butyl(dimethyl)silyl-2-([tert-butyl(dimethyl)silyl]oxy)hex-2-enoate-F
AI593442-S,"1,2-Cinnolinedicarboxylic acid, 1,2,3,5,6,7,8,8a-octahydro-4-trimethylsilyloxy-, diethyl ester-F"
AI593442-S,2-Ethyl-1-butanol-F
AI593442-S,2-Norbornanemethanol-F
AI593442-S,3-(4-Methoxyphenyl)coumarin-F
AI593442-S,4-Methylvaleric acid-F
AI593442-S,7-Hydroxy-4-(methoxymethyl)coumarin-F
AI593442-S,L-(+)-Threose-F
AI593442-S,"l-Leucine, n-butoxycarbonyl-N-methyl-, hexadecyl ester-F"
Ndufaf8-S,"1-Pentene, 1,3-diphenyl-1-(trimethylsilyloxy)--F"
Ndufaf8-S,3-(4-Methoxyphenyl)coumarin-F
Ndufaf8-S,"4,5-Dihydro-1H-pyrazole-F"
Marchf10-S,"1-Pentene, 1,3-diphenyl-1-(trimethylsilyloxy)--F"
Marchf10-S,2-Furoic acid-F
Marchf10-S,2-Norbornanemethanol-F
Marchf10-S,3-(4-Methoxyphenyl)coumarin-F
Marchf10-S,"3,5-Dimethylphenol-F"
Marchf10-S,4-Oxohexanoic acid-F
Marchf10-S,Heptanoic acid-F
Marchf10-S,Isopropylamine-F
Marchf10-S,tert-butyl(dimethyl)silyl-2-([tert-butyl(dimethyl)silyl]oxy)hex-2-enoate-F
Casc3-S,"1-Pentene, 1,3-diphenyl-1-(trimethylsilyloxy)--F"
Casc3-S,L-Threonine-F
Casc3-S,m-Toluic acid-F
Cisd3-S,"1,2-Bis(trimethylsiloxy)cyclohexene-F"
Cisd3-S,"1-Pentene, 1,3-diphenyl-1-(trimethylsilyloxy)--F"
Cisd3-S,"2-Methylcyclohexanol, (Z)-F"
Cisd3-S,Chlorobenzilate-F
Cisd3-S,Diclofenac-F
Cisd3-S,L-Ornithine-F
Mon1b-S,1-Butanol-F
Mon1b-S,2-Norbornanemethanol-F
Mon1b-S,"3,3-Dimethylacrylic acid-F"
Mon1b-S,4-tert-Butyldimethylsiloxy-3-penten-2-one-F
Mon1b-S,5-Nitroso-8-quinolinol-F
Mon1b-S,Diclofenac-F
Mon1b-S,"l-Leucine, n-butoxycarbonyl-N-methyl-, hexadecyl ester-F"
Mon1b-S,L-Val-L-Leu-F
Prnp-S,"1,2-Bis(trimethylsiloxy)cyclohexene-F"
Prnp-S,"1-Pentene, 1,3-diphenyl-1-(trimethylsilyloxy)--F"
Prnp-S,"2,4-Dimethoxybenzaldoxime-F"
Prnp-S,2-Norbornanemethanol-F
Prnp-S,"3,3-Dimethylacrylic acid-F"
Prnp-S,4-tert-Butyldimethylsiloxy-3-penten-2-one-F
Prnp-S,"Benzene, 1-ethyl-3,5-dimethyl-F"
Prnp-S,Chlorobenzilate-F
Prnp-S,L-Serine-F
Prnp-S,tert-butyl(dimethyl)silyl-2-([tert-butyl(dimethyl)silyl]oxy)hex-2-enoate-F
Kcnip3-S,"1,2-Bis(trimethylsiloxy)cyclohexene-F"
Kcnip3-S,3-(4-Methoxyphenyl)coumarin-F
Kcnip3-S,"6-Aminocaproic acid, N-(tert.-butyldimethylsilyl)-F"
Kcnip3-S,7-Hydroxy-4-(methoxymethyl)coumarin-F
Kcnip3-S,Diclofenac-F
Kcnip3-S,L-Glutamic acid-F
Neu2-S,"1-Pentene, 1,3-diphenyl-1-(trimethylsilyloxy)--F"
Neu2-S,"4,5-Dihydro-1H-pyrazole-F"
Neu2-S,7-Hydroxy-4-(methoxymethyl)coumarin-F
Neu2-S,"Benzene, 1-ethyl-3,5-dimethyl-F"
Neu2-S,L-(+)-Threose-F
Neu2-S,L-Glutamic acid-F
Pigb-S,"1,2-Bis(trimethylsiloxy)cyclohexene-F"
Pigb-S,"1,2-Cinnolinedicarboxylic acid, 1,2,3,5,6,7,8,8a-octahydro-4-trimethylsilyloxy-, diethyl ester-F"
Pigb-S,"2,5-Dimethoxybenzhydrazide-F"
Pigb-S,2-Cyanobenzaldehyde-F
Pigb-S,"3-(4,7-Dimethoxy-2H-1,3-benzodioxol-5-yl)-2-methylprop-2-enal-F"
Pigb-S,4-tert-Butyldimethylsiloxy-3-penten-2-one-F
Pigb-S,7-Hydroxy-4-(methoxymethyl)coumarin-F
Pigb-S,L-Serine-F
Pigb-S,L-Val-L-Leu-F
Spaca6-S,"1,2-Cinnolinedicarboxylic acid, 1,2,3,5,6,7,8,8a-octahydro-4-trimethylsilyloxy-, diethyl ester-F"
Spaca6-S,2-Buten-1-ol-F
Spaca6-S,4-tert-Butyldimethylsiloxy-3-penten-2-one-F
Spaca6-S,5-Nitroso-8-quinolinol-F
Spaca6-S,"6,7,4'-Trihydroxyisoflavone-F"
Spaca6-S,7-Hydroxy-4-(methoxymethyl)coumarin-F
Spaca6-S,Cycloheptanol-F
Spaca6-S,L-Ornithine-F
Spaca6-S,tert-butyl(dimethyl)silyl-2-([tert-butyl(dimethyl)silyl]oxy)hex-2-enoate-F
Zfp389-S,"1-Pentene, 1,3-diphenyl-1-(trimethylsilyloxy)--F"
Zfp389-S,2-Ethyl-1-butanol-F
Zfp389-S,3-(4-Methoxyphenyl)coumarin-F
Zfp389-S,"3,3-Dimethylacrylic acid-F"
Zfp389-S,3-Amino-5-methylisoxazole-F
Zfp389-S,3-Methyl-3-buten-1-ol-F
Zfp389-S,"4,5-Dihydro-1H-pyrazole-F"
Zfp389-S,"Benzene, 1-ethyl-3,5-dimethyl-F"
Zfp389-S,L-(+)-Threose-F
Zfp389-S,L-Norleucine-F
Zfp389-S,L-Serine-F
Gm6654-S,"1-Pentene, 1,3-diphenyl-1-(trimethylsilyloxy)--F"
Gm6654-S,"Benzoic acid, 2-hydroxy-3-[(2-hydroxy-4-methoxy-6-propylbenzoyl)oxy]-4-methoxy-6-propyl-, methyl ester-F"
Gm6654-S,Crotonic acid-F
Gm6654-S,L-Threonine-F
Gm6654-S,Propanoic acid-F
BB031773-S,"1-Pentene, 1,3-diphenyl-1-(trimethylsilyloxy)--F"
BB031773-S,2-Norbornanemethanol-F
BB031773-S,5-Nitroso-8-quinolinol-F
BB031773-S,L-Ornithine-F
BB031773-S,Salsoline-F
BB031773-S,Urea-F
4833418N02Rik-S,"1,2-Cinnolinedicarboxylic acid, 1,2,3,5,6,7,8,8a-octahydro-4-trimethylsilyloxy-, diethyl ester-F"
4833418N02Rik-S,"2,4,6-Cycloheptatrien-1-one-F"
4833418N02Rik-S,"2,5-Dimethoxybenzhydrazide-F"
4833418N02Rik-S,2-Ethyl-1-butanol-F
4833418N02Rik-S,2-Norbornanemethanol-F
4833418N02Rik-S,3-(4-Methoxyphenyl)coumarin-F
4833418N02Rik-S,Adipoyl-L-carnitine-F
4833418N02Rik-S,"Benzene, 1-ethyl-3,5-dimethyl-F"
4833418N02Rik-S,Cholesterol-F
4833418N02Rik-S,"l-Leucine, n-butoxycarbonyl-N-methyl-, hexadecyl ester-F"
4833418N02Rik-S,Malic acid-F
4833418N02Rik-S,Uracil-F
Firre-S,"1-Pentene, 1,3-diphenyl-1-(trimethylsilyloxy)--F"
Firre-S,2-Cyanobenzaldehyde-F
Firre-S,4-tert-Butyldimethylsiloxy-3-penten-2-one-F
Firre-S,"l-Leucine, n-butoxycarbonyl-N-methyl-, hexadecyl ester-F"
Firre-S,L-Val-L-Leu-F
Rad51ap2-S,"1,2-Bis(trimethylsiloxy)cyclohexene-F"
Rad51ap2-S,"2,4-Dimethoxybenzaldoxime-F"
Rad51ap2-S,2-Norbornanemethanol-F
Rad51ap2-S,4-tert-Butyldimethylsiloxy-3-penten-2-one-F
Rad51ap2-S,L-Pyroglutamic acid-F
Rad51ap2-S,L-Serine-F
Rad51ap2-S,tert-butyl(dimethyl)silyl-2-([tert-butyl(dimethyl)silyl]oxy)hex-2-enoate-F
Snhg12-S,"1,2-Cinnolinedicarboxylic acid, 1,2,3,5,6,7,8,8a-octahydro-4-trimethylsilyloxy-, diethyl ester-F"
Snhg12-S,2-Butenedioic acid-F
Snhg12-S,4-Methoxyphenol-F
Snhg12-S,7-Hydroxy-4-(methoxymethyl)coumarin-F
Snhg12-S,Diclofenac-F
Snhg12-S,L-Glutamic acid-F
Snhg12-S,"l-Leucine, n-butoxycarbonyl-N-methyl-, hexadecyl ester-F"
Snhg12-S,L-Serine-F
Gm15564-S,"1,2-Cinnolinedicarboxylic acid, 1,2,3,5,6,7,8,8a-octahydro-4-trimethylsilyloxy-, diethyl ester-F"
Gm15564-S,"2,4-Imidazolidinedione, 5,5-dimethyl-F"
Gm15564-S,2-Norbornanemethanol-F
Gm15564-S,"3,3-Dimethylacrylic acid-F"
Gm15564-S,4-tert-Butyldimethylsiloxy-3-penten-2-one-F
Gm15564-S,5-Nitroso-8-quinolinol-F
Gm15564-S,"Benzene, 1-ethyl-3,5-dimethyl-F"
Gm15564-S,Isobutanol-F
Gm15564-S,L-(+)-Threose-F
Gm15564-S,"l-Leucine, n-butoxycarbonyl-N-methyl-, hexadecyl ester-F"
Gm15564-S,"Oxymorphone, bis(trimethylsilyl) ether-F"
Lamtor5-S,"1,2-Bis(trimethylsiloxy)cyclohexene-F"
Lamtor5-S,"1,2-Cinnolinedicarboxylic acid, 1,2,3,5,6,7,8,8a-octahydro-4-trimethylsilyloxy-, diethyl ester-F"
Lamtor5-S,"1-Pentene, 1,3-diphenyl-1-(trimethylsilyloxy)--F"
Lamtor5-S,L-Serine-F
Lamtor5-S,Palmitic Acid-F
C230014O12Rik-S,"1,2-Bis(trimethylsiloxy)cyclohexene-F"
C230014O12Rik-S,"1,2-Cinnolinedicarboxylic acid, 1,2,3,5,6,7,8,8a-octahydro-4-trimethylsilyloxy-, diethyl ester-F"
C230014O12Rik-S,2-Norbornanemethanol-F
C230014O12Rik-S,7-Hydroxy-4-(methoxymethyl)coumarin-F
C230014O12Rik-S,"Benzene, 1-ethyl-3,5-dimethyl-F"
C230014O12Rik-S,Diclofenac-F
C230014O12Rik-S,L-Serine-F
1500009L16Rik-S,"1-Pentene, 1,3-diphenyl-1-(trimethylsilyloxy)--F"
1500009L16Rik-S,2-Norbornanemethanol-F
1500009L16Rik-S,L-(+)-Threose-F
1500009L16Rik-S,L-Ornithine-F
1500009L16Rik-S,L-Val-L-Leu-F
4930447M23Rik-S,"1,2-Cinnolinedicarboxylic acid, 1,2,3,5,6,7,8,8a-octahydro-4-trimethylsilyloxy-, diethyl ester-F"
4930447M23Rik-S,2-Norbornanemethanol-F
4930447M23Rik-S,4-tert-Butyldimethylsiloxy-3-penten-2-one-F
4930447M23Rik-S,5-Nitroso-8-quinolinol-F
4930447M23Rik-S,7-Hydroxy-4-(methoxymethyl)coumarin-F
4930447M23Rik-S,Hexacosanoic acid-F
4930447M23Rik-S,"l-Leucine, n-butoxycarbonyl-N-methyl-, hexadecyl ester-F"
4930447M23Rik-S,L-Lysine-F
4930447M23Rik-S,N-Ethyldiethanolamine-F
4930447M23Rik-S,Thymol-F
Gm4491-S,"2,4-Dimethoxybenzaldoxime-F"
Gm4491-S,3-(4-Methoxyphenyl)coumarin-F
Gm4491-S,"4,5-Dihydro-1H-pyrazole-F"
Gm4491-S,6-Nitroveratryl alcohol-F
Gm4491-S,"Benzene, 1-ethyl-3,5-dimethyl-F"
Gm4491-S,L-(+)-Threose-F
Cfap92-S,"1,2-Cinnolinedicarboxylic acid, 1,2,3,5,6,7,8,8a-octahydro-4-trimethylsilyloxy-, diethyl ester-F"
Cfap92-S,4-tert-Butyldimethylsiloxy-3-penten-2-one-F
Cfap92-S,5-Nitroso-8-quinolinol-F
Cfap92-S,7-Hydroxy-4-(methoxymethyl)coumarin-F
Cfap92-S,L-Glutamic acid-F
Cfap92-S,"l-Leucine, n-butoxycarbonyl-N-methyl-, hexadecyl ester-F"
Cfap92-S,L-Ornithine-F
Cfap92-S,tert-butyl(dimethyl)silyl-2-([tert-butyl(dimethyl)silyl]oxy)hex-2-enoate-F
Gm15446-S,"1,2-Cinnolinedicarboxylic acid, 1,2,3,5,6,7,8,8a-octahydro-4-trimethylsilyloxy-, diethyl ester-F"
Gm15446-S,"4,5-Dihydro-1H-pyrazole-F"
Gm15446-S,7-Hydroxy-4-(methoxymethyl)coumarin-F
Gm15446-S,"Benzene, 1-ethyl-3,5-dimethyl-F"
Gm15446-S,"l-Norvaline, n-propargyloxycarbonyl-, isohexyl ester-F"
Gm15446-S,Phenol-F
Gm15446-S,Xylazine-F
Gm16339-S,"1,2-Bis(trimethylsiloxy)cyclohexene-F"
Gm16339-S,"2,4-Dimethoxybenzaldoxime-F"
Gm16339-S,"3,4-Methylenedioxyamphetamine-F"
Gm16339-S,5-Nitroso-8-quinolinol-F
Gm16339-S,"Benzene, 1-ethyl-3,5-dimethyl-F"
Gm16339-S,Benzeneacetic acid-F
Gm16339-S,Diclofenac-F
Gm16339-S,L-Pyroglutamic acid-F
Gm16339-S,L-Serine-F
Gm16339-S,L-Tyrosine-F
Gm16339-S,L-Valine-F
Gypc-S,"3,4-Methylenedioxyamphetamine-F"
Gypc-S,"4-[2-(4,7-Dimethoxy-2H-1,3-benzodioxol-5-yl)ethenyl]-2-methoxyphenol-F"
Gypc-S,5-Nitroso-8-quinolinol-F
Gypc-S,"Benzene, 1-ethyl-3,5-dimethyl-F"
Gypc-S,"l-Leucine, n-butoxycarbonyl-N-methyl-, hexadecyl ester-F"
Gypc-S,L-Threonine-F
Synj2bp-S,1-Butanol-F
Synj2bp-S,"1-Pentene, 1,3-diphenyl-1-(trimethylsilyloxy)--F"
Synj2bp-S,2-Norbornanemethanol-F
Synj2bp-S,3-(4-Methoxyphenyl)coumarin-F
Synj2bp-S,"5-Ethyl-1,3-dioxane-5-methanol, tert-butyldimethylsilyl ether-F"
Synj2bp-S,5-Nitroso-8-quinolinol-F
Synj2bp-S,Azelaic acid-F
Synj2bp-S,L-(+)-Threose-F
Synj2bp-S,"l-Leucine, n-butoxycarbonyl-N-methyl-, hexadecyl ester-F"
Synj2bp-S,L-Serine-F
Synj2bp-S,tert-butyl(dimethyl)silyl-2-([tert-butyl(dimethyl)silyl]oxy)hex-2-enoate-F
Gm5093-S,"1,2-Bis(trimethylsiloxy)cyclohexene-F"
Gm5093-S,"2-Methylcyclohexanol, (Z)-F"
Gm5093-S,3-(4-Methoxyphenyl)coumarin-F
Gm5093-S,"6-Aminocaproic acid, N-(tert.-butyldimethylsilyl)-F"
Gm5093-S,alpha-Hydroxyisobutyric acid-F
Gm5093-S,Butanedioic acid-F
Gm5093-S,Diclofenac-F
Gm5093-S,L-(+)-Threose-F
Gm5093-S,Lignoceric acid-F
Gm5093-S,L-Ornithine-F
Gm5093-S,L-Val-L-Leu-F
Sco2-S,"1,2-Bis(trimethylsiloxy)cyclohexene-F"
Sco2-S,"1,2-Cinnolinedicarboxylic acid, 1,2,3,5,6,7,8,8a-octahydro-4-trimethylsilyloxy-, diethyl ester-F"
Sco2-S,"2,4-Dimethoxybenzaldoxime-F"
Sco2-S,"2',5'-Dimethoxypropiophenone-F"
Sco2-S,2-Amino-4-methylbenzophenone-F
Sco2-S,5-Nitroso-8-quinolinol-F
Sco2-S,Diclofenac-F
Sco2-S,L-Ornithine-F
Sco2-S,Palmitic Acid-F
Hspa1a-S,"2,4-Dimethoxybenzaldoxime-F"
Hspa1a-S,2-Ethyl-1-butanol-F
Hspa1a-S,"4,5-Dihydro-1H-pyrazole-F"
Hspa1a-S,6-Nitroveratryl alcohol-F
Hspa1a-S,"Benzene, 1-ethyl-3,5-dimethyl-F"
Hspa1a-S,Diclofenac-F
Hspa1a-S,L-Serine-F
Hspa1a-S,Suberic acid-F
Gm3294-S,2-Ethyl-1-butanol-F
Gm3294-S,2-Norbornanemethanol-F
Gm3294-S,5-Nitroso-8-quinolinol-F
Gm3294-S,"l-Leucine, n-butoxycarbonyl-N-methyl-, hexadecyl ester-F"
Gm3294-S,L-Valine-F
Gm3294-S,"Propanoic acid, 3-[(tert-butyldimethylsilyl)oxy]-2-methyl--F"
Gm3294-S,Xylazine-F
Gm20712-S,"1,2-Cyclohexanediol, (Z)-F"
Gm20712-S,"1-Pentene, 1,3-diphenyl-1-(trimethylsilyloxy)--F"
Gm20712-S,2-Norbornanemethanol-F
Gm20712-S,"3,4-Methylenedioxyamphetamine-F"
Gm20712-S,4-tert-Butyldimethylsiloxy-3-penten-2-one-F
Gm20712-S,5-Nitroso-8-quinolinol-F
Gm20712-S,Hypoxanthine-F
Gm20712-S,"l-Leucine, n-butoxycarbonyl-N-methyl-, hexadecyl ester-F"
Gm20712-S,N-Acetylaspartic acid-F
Gm20712-S,"Propanoic acid, 3-[(tert-butyldimethylsilyl)oxy]-2-methyl--F"
Gm20712-S,tert-butyl(dimethyl)silyl-2-([tert-butyl(dimethyl)silyl]oxy)hex-2-enoate-F
Gm19967-S,"1-Pentene, 1,3-diphenyl-1-(trimethylsilyloxy)--F"
Gm19967-S,"4,5-Dihydro-1H-pyrazole-F"
Gm19967-S,7-Hydroxy-4-(methoxymethyl)coumarin-F
Gm19967-S,"Benzene, 1-ethyl-3,5-dimethyl-F"
Fsbp-S,"2,4-Dimethoxybenzaldoxime-F"
Fsbp-S,"Benzene, 1-ethyl-3,5-dimethyl-F"
Fsbp-S,Benzeneacetic acid-F
1500015L24Rik-S,"1-(2,4-Dimethoxyphenyl)-propan-2-one-F"
1500015L24Rik-S,2-Decanol-F
1500015L24Rik-S,2-Norbornanemethanol-F
1500015L24Rik-S,4-Aminobutanoic acid-F
1500015L24Rik-S,4-tert-Butyldimethylsiloxy-3-penten-2-one-F
1500015L24Rik-S,L-Val-L-Leu-F
Shisa8-S,"1-Pentene, 1,3-diphenyl-1-(trimethylsilyloxy)--F"
Shisa8-S,"2,4-Dimethoxybenzaldoxime-F"
Shisa8-S,2-Butoxyethanol-F
Shisa8-S,3-(4-Methoxyphenyl)coumarin-F
Shisa8-S,"3,3-Dimethylacrylic acid-F"
Shisa8-S,7-Hydroxy-4-(methoxymethyl)coumarin-F
Shisa8-S,"Benzene, 1-ethyl-3,5-dimethyl-F"
Shisa8-S,L-(+)-Threose-F
Shisa8-S,"l-Leucine, n-butoxycarbonyl-N-methyl-, hexadecyl ester-F"
Shisa8-S,L-Val-L-Leu-F
Gm26881-S,"1,2-Bis(trimethylsiloxy)cyclohexene-F"
Gm26881-S,2-Norbornanemethanol-F
Gm26881-S,4-tert-Butyldimethylsiloxy-3-penten-2-one-F
Gm26881-S,Chlorobenzilate-F
Gm26881-S,Lupinine-F
Gm26881-S,L-Val-L-Leu-F
Mir9-3hg-S,"1-Pentene, 1,3-diphenyl-1-(trimethylsilyloxy)--F"
Mir9-3hg-S,2-Cyanobenzaldehyde-F
Mir9-3hg-S,"2-Methylcyclohexylamine, tert.-butyldimethylsilyl ether-F"
Mir9-3hg-S,4-tert-Butyldimethylsiloxy-3-penten-2-one-F
Mir9-3hg-S,L-(+)-Threose-F
Mir9-3hg-S,"l-Leucine, n-butoxycarbonyl-N-methyl-, hexadecyl ester-F"
Mir9-3hg-S,L-Ornithine-F
Mir9-3hg-S,L-Val-L-Leu-F
9330151L19Rik-S,"1,2-Cinnolinedicarboxylic acid, 1,2,3,5,6,7,8,8a-octahydro-4-trimethylsilyloxy-, diethyl ester-F"
9330151L19Rik-S,"1-Pentene, 1,3-diphenyl-1-(trimethylsilyloxy)--F"
9330151L19Rik-S,2-Norbornanemethanol-F
9330151L19Rik-S,"3,3-Dimethylacrylic acid-F"
9330151L19Rik-S,3-Amino-5-methylisoxazole-F
9330151L19Rik-S,4-tert-Butyldimethylsiloxy-3-penten-2-one-F
9330151L19Rik-S,"Benzene, 1-ethyl-3,5-dimethyl-F"
9330151L19Rik-S,"l-Leucine, n-butoxycarbonyl-N-methyl-, hexadecyl ester-F"
9330151L19Rik-S,L-Ornithine-F
9330151L19Rik-S,tert-butyl(dimethyl)silyl-2-([tert-butyl(dimethyl)silyl]oxy)hex-2-enoate-F
Pantr2-S,2-Buten-1-ol-F
Pantr2-S,3-(4-Methoxyphenyl)coumarin-F
Pantr2-S,5-Nitroso-8-quinolinol-F
Pantr2-S,Chlorobenzilate-F
Pantr2-S,"l-Leucine, n-butoxycarbonyl-N-methyl-, hexadecyl ester-F"
Pantr2-S,L-Ornithine-F
Zfp87-S,"1-Pentene, 1,3-diphenyl-1-(trimethylsilyloxy)--F"
Zfp87-S,2-Ethyl-1-butanol-F
Zfp87-S,2-Norbornanemethanol-F
Zfp87-S,3-(4-Methoxyphenyl)coumarin-F
Zfp87-S,Diclofenac-F
Zfp87-S,L-(+)-Threose-F
Zfp87-S,L-Norleucine-F
Zfp87-S,L-Pyroglutamic acid-F
Zfp87-S,L-Serine-F
Zfp87-S,tert-butyl(dimethyl)silyl-2-([tert-butyl(dimethyl)silyl]oxy)hex-2-enoate-F
Gm26814-S,"1,2-Cinnolinedicarboxylic acid, 1,2,3,5,6,7,8,8a-octahydro-4-trimethylsilyloxy-, diethyl ester-F"
Gm26814-S,2-Norbornanemethanol-F
Gm26814-S,4-tert-Butyldimethylsiloxy-3-penten-2-one-F
Gm26814-S,6-Oxoheptanoic acid-F
Gm26814-S,"l-Leucine, n-butoxycarbonyl-N-methyl-, hexadecyl ester-F"
Gm26814-S,L-Lysine-F
Gm26814-S,"l-Norvaline, n-propargyloxycarbonyl-, isohexyl ester-F"
Gm26814-S,Lupinine-F
Gm26814-S,L-Val-L-Leu-F
Gm26814-S,Prostaglandin-F
Gm26814-S,Synephrine-F
Gm26814-S,Xylazine-F
D430036J16Rik-S,"1,2-Bis(trimethylsiloxy)cyclohexene-F"
D430036J16Rik-S,"1,2-Cinnolinedicarboxylic acid, 1,2,3,5,6,7,8,8a-octahydro-4-trimethylsilyloxy-, diethyl ester-F"
D430036J16Rik-S,"2,4-Dimethoxybenzaldoxime-F"
D430036J16Rik-S,2-Ethyl-1-butanol-F
D430036J16Rik-S,2-Norbornanemethanol-F
D430036J16Rik-S,3-(4-Methoxyphenyl)coumarin-F
D430036J16Rik-S,5-Nitroso-8-quinolinol-F
D430036J16Rik-S,Diclofenac-F
D430036J16Rik-S,L-Pyroglutamic acid-F
D430036J16Rik-S,L-Serine-F
D430036J16Rik-S,Xylazine-F
Gm17322-S,"1,2-Bis(trimethylsiloxy)cyclohexene-F"
Gm17322-S,"1,2-Cinnolinedicarboxylic acid, 1,2,3,5,6,7,8,8a-octahydro-4-trimethylsilyloxy-, diethyl ester-F"
Gm17322-S,"1-Pentene, 1,3-diphenyl-1-(trimethylsilyloxy)--F"
Gm17322-S,3-(4-Methoxyphenyl)coumarin-F
Gm17322-S,L-Serine-F
Gm17322-S,L-Val-L-Leu-F
Gm17322-S,Palmitic Acid-F
Mhrt-S,"1-Pentene, 1,3-diphenyl-1-(trimethylsilyloxy)--F"
Mhrt-S,2-Ethyl-1-butanol-F
Mhrt-S,5-Nitroso-8-quinolinol-F
Mhrt-S,"l-Leucine, n-butoxycarbonyl-N-methyl-, hexadecyl ester-F"
Mhrt-S,L-Threonine-F
Gm6556-S,"1,2-Bis(trimethylsiloxy)cyclohexene-F"
Gm6556-S,"2,4-Dimethoxybenzaldoxime-F"
Gm6556-S,7-Hydroxy-4-(methoxymethyl)coumarin-F
Gm6556-S,"Benzene, 1-ethyl-3,5-dimethyl-F"
Gm6556-S,Diclofenac-F
Gm6556-S,L-Serine-F
Gm2445-S,"1,2-Bis(trimethylsiloxy)cyclohexene-F"
Gm2445-S,"1,2-Cinnolinedicarboxylic acid, 1,2,3,5,6,7,8,8a-octahydro-4-trimethylsilyloxy-, diethyl ester-F"
Gm2445-S,"2,4-Dimethoxybenzaldoxime-F"
Gm2445-S,3-(4-Methoxyphenyl)coumarin-F
Gm2445-S,5-Nitroso-8-quinolinol-F
Gm2445-S,Diclofenac-F
Gm2445-S,Heptylamine-F
Gm2445-S,"Kojic acid, bis(tert-butyldimethylsilyl) ether-F"
Gm2445-S,L-Norleucine-F
Gm2445-S,tert-butyl(dimethyl)silyl-2-([tert-butyl(dimethyl)silyl]oxy)hex-2-enoate-F
Gm7467-S,"1,2-Cinnolinedicarboxylic acid, 1,2,3,5,6,7,8,8a-octahydro-4-trimethylsilyloxy-, diethyl ester-F"
Gm7467-S,"1-Octanol, 2-butyl--F"
Gm7467-S,"2,4-Dimethoxybenzaldoxime-F"
Gm7467-S,3-(4-Methoxyphenyl)coumarin-F
Gm7467-S,"3,3-Dimethylacrylic acid-F"
Gm7467-S,3-Amino-5-methylisoxazole-F
Gm7467-S,5-Nitroso-8-quinolinol-F
Gm7467-S,"Benzoic acid, methyl ester-F"
Gm7467-S,L-(+)-Threose-F
Gm7467-S,"l-Leucine, n-butoxycarbonyl-N-methyl-, hexadecyl ester-F"
Gm7467-S,L-Ornithine-F
Gm27200-S,2-Cyanobenzaldehyde-F
Gm27200-S,4-tert-Butyldimethylsiloxy-3-penten-2-one-F
Gm27200-S,5-Nitroso-8-quinolinol-F
Gm27200-S,7-Hydroxy-4-(methoxymethyl)coumarin-F
Gm27200-S,"l-Leucine, n-butoxycarbonyl-N-methyl-, hexadecyl ester-F"
Gm27200-S,L-Val-L-Leu-F
Gm8451-S,"3,4-Methylenedioxyamphetamine-F"
Gm8451-S,4-tert-Butyldimethylsiloxy-3-penten-2-one-F
Gm8451-S,5-Nitroso-8-quinolinol-F
Gm8451-S,N-Acetylaminoethanol-F
Gm8451-S,tert-butyl(dimethyl)silyl-2-([tert-butyl(dimethyl)silyl]oxy)hex-2-enoate-F
Gm29325-S,3-Hydroxymethyl-2-trimethylsilyloxypentane-F
Gm29325-S,5-Nitroso-8-quinolinol-F
Gm29325-S,7-Hydroxy-4-(methoxymethyl)coumarin-F
Gm29325-S,"l-Leucine, n-butoxycarbonyl-N-methyl-, hexadecyl ester-F"
1810044D09Rik-S,"1,2-Bis(trimethylsiloxy)cyclohexene-F"
1810044D09Rik-S,"2,4-Dimethoxybenzaldoxime-F"
1810044D09Rik-S,"Benzene, 1-ethyl-3,5-dimethyl-F"
1810044D09Rik-S,L-(+)-Threose-F
Gm29155-S,"1,2-Cinnolinedicarboxylic acid, 1,2,3,5,6,7,8,8a-octahydro-4-trimethylsilyloxy-, diethyl ester-F"
Gm29155-S,"1-Pentene, 1,3-diphenyl-1-(trimethylsilyloxy)--F"
Gm29155-S,"2,4-Dimethoxybenzaldoxime-F"
Gm29155-S,"l-Leucine, n-butoxycarbonyl-N-methyl-, hexadecyl ester-F"
Gm29155-S,L-Serine-F
Pcdhgc5-S,"1-Pentene, 1,3-diphenyl-1-(trimethylsilyloxy)--F"
Pcdhgc5-S,7-Hydroxy-4-(methoxymethyl)coumarin-F
Pcdhgc5-S,"Benzene, 1-ethyl-3,5-dimethyl-F"
Pcdhgc5-S,L-(+)-Threose-F
Pcdhgc5-S,"l-Leucine, n-butoxycarbonyl-N-methyl-, hexadecyl ester-F"
Gm37569-S,"3,4-Methylenedioxyamphetamine-F"
Gm37569-S,4-tert-Butyldimethylsiloxy-3-penten-2-one-F
Gm37569-S,5-Nitroso-8-quinolinol-F
Gm37569-S,"Benzene, 1-ethyl-3,5-dimethyl-F"
Gm37569-S,"l-Leucine, n-butoxycarbonyl-N-methyl-, hexadecyl ester-F"
Gm37569-S,L-Valine-F
Gm37569-S,N-Acetylaspartic acid-F
Gm37569-S,tert-butyl(dimethyl)silyl-2-([tert-butyl(dimethyl)silyl]oxy)hex-2-enoate-F
Gm37124-S,"1,2-Cinnolinedicarboxylic acid, 1,2,3,5,6,7,8,8a-octahydro-4-trimethylsilyloxy-, diethyl ester-F"
Gm37124-S,3-(4-Methoxyphenyl)coumarin-F
Gm37124-S,5-Nitroso-8-quinolinol-F
Gm37124-S,"l-Leucine, n-butoxycarbonyl-N-methyl-, hexadecyl ester-F"
Gm37124-S,L-Ornithine-F
Gm37124-S,tert-butyl(dimethyl)silyl-2-([tert-butyl(dimethyl)silyl]oxy)hex-2-enoate-F
Gm37534-S,"1-Pentene, 1,3-diphenyl-1-(trimethylsilyloxy)--F"
Gm37534-S,"2,4-Dimethoxybenzaldoxime-F"
Gm37534-S,3-(4-Methoxyphenyl)coumarin-F
Gm37534-S,7-Hydroxy-4-(methoxymethyl)coumarin-F
Gm37534-S,"Benzene, 1-ethyl-3,5-dimethyl-F"
Gm37534-S,Chlorobenzilate-F
Gm37534-S,L-(+)-Threose-F
Gm37534-S,L-Glutamic acid-F
Gm37534-S,"l-Leucine, n-butoxycarbonyl-N-methyl-, hexadecyl ester-F"
Gm37534-S,L-Serine-F
Pcdhga5-S,1-(Cyclohexylmethyl)-4-piperidinylamine-F
Pcdhga5-S,"1,2-Bis(trimethylsiloxy)cyclohexene-F"
Pcdhga5-S,"1,2-Cinnolinedicarboxylic acid, 1,2,3,5,6,7,8,8a-octahydro-4-trimethylsilyloxy-, diethyl ester-F"
Pcdhga5-S,"2,4-Dimethoxybenzaldoxime-F"
Pcdhga5-S,7-Hydroxy-4-(methoxymethyl)coumarin-F
Pcdhga5-S,Benzeneacetic acid-F
Pcdhga5-S,L-Ornithine-F
Gm17530-S,"1,2-Bis(trimethylsiloxy)cyclohexene-F"
Gm17530-S,3-(4-Methoxyphenyl)coumarin-F
Gm17530-S,"3,3-Dimethylacrylic acid-F"
Gm17530-S,Benzenepropanoic acid-F
Gm17530-S,Diclofenac-F
Gm17530-S,Octanoic acid-F
Pcdhga6-S,2-Ethyl-1-butanol-F
Pcdhga6-S,2-Norbornanemethanol-F
Pcdhga6-S,3-(4-Methoxyphenyl)coumarin-F
Pcdhga6-S,Hypoxanthine-F
Pcdhga6-S,L-(+)-Threose-F
Pcdhga6-S,"l-Leucine, n-butoxycarbonyl-N-methyl-, hexadecyl ester-F"
Pcdhga6-S,N-Acetylaspartic acid-F
Pcdhga6-S,tert-butyl(dimethyl)silyl-2-([tert-butyl(dimethyl)silyl]oxy)hex-2-enoate-F
Gm38071-S,"1,2-Bis(trimethylsiloxy)cyclohexene-F"
Gm38071-S,"1,2-Cinnolinedicarboxylic acid, 1,2,3,5,6,7,8,8a-octahydro-4-trimethylsilyloxy-, diethyl ester-F"
Gm38071-S,"2,4-Dimethoxybenzaldoxime-F"
Gm38071-S,3-(4-Methoxyphenyl)coumarin-F
Gm38071-S,5-Nitroso-8-quinolinol-F
Gm38071-S,Hexacosanoic acid-F
Gm38071-S,L-(+)-Threose-F
Gm38071-S,L-Pyroglutamic acid-F
Gm38071-S,L-Serine-F
Gm38071-S,Thymol-F
Gm20045-S,2-Norbornanemethanol-F
Gm20045-S,3-(4-Methoxyphenyl)coumarin-F
Gm20045-S,5-Nitroso-8-quinolinol-F
Gm20045-S,"Benzene, 1-ethyl-3,5-dimethyl-F"
Gm20045-S,L-(+)-Threose-F
Gm20045-S,"l-Leucine, n-butoxycarbonyl-N-methyl-, hexadecyl ester-F"
Gm20045-S,tert-butyl(dimethyl)silyl-2-([tert-butyl(dimethyl)silyl]oxy)hex-2-enoate-F
Gm37397-S,"1-(2,4-Dimethoxyphenyl)-propan-2-one-F"
Gm37397-S,2-Norbornanemethanol-F
Gm37397-S,"3,3-Dimethylacrylic acid-F"
Gm37397-S,4-tert-Butyldimethylsiloxy-3-penten-2-one-F
Gm37397-S,5-Nitroso-8-quinolinol-F
Gm37397-S,"Benzene, 1-ethyl-3,5-dimethyl-F"
Gm37397-S,L-(+)-Threose-F
Gm37397-S,"l-Leucine, n-butoxycarbonyl-N-methyl-, hexadecyl ester-F"
Gm37397-S,L-Val-L-Leu-F
Gm37397-S,Vanillylmandelic acid-F
Gm37735-S,"3,4,5-Trimethoxyamphetamine-F"
Gm37735-S,"1-Pentene, 1,3-diphenyl-1-(trimethylsilyloxy)--F"
Gm37735-S,2-Propyl-1-pentanol-F
Gm37735-S,3-(4-Methoxyphenyl)coumarin-F
Gm37735-S,5-Nitroso-8-quinolinol-F
Gm37735-S,"Benzene, 1-ethyl-3,5-dimethyl-F"
Gm37735-S,Hypoxanthine-F
Gm37735-S,L-(+)-Threose-F
4921539H07Rik-S,"1,2-Bis(trimethylsiloxy)cyclohexene-F"
4921539H07Rik-S,"1,2-Cinnolinedicarboxylic acid, 1,2,3,5,6,7,8,8a-octahydro-4-trimethylsilyloxy-, diethyl ester-F"
4921539H07Rik-S,"2,4-Dimethoxybenzaldoxime-F"
4921539H07Rik-S,2-Norbornanemethanol-F
4921539H07Rik-S,3-(4-Methoxyphenyl)coumarin-F
4921539H07Rik-S,"Benzene, 1-ethyl-3,5-dimethyl-F"
4921539H07Rik-S,L-Serine-F
4921539H07Rik-S,L-Val-L-Leu-F
C130075A20Rik-S,2-(Methylamino)ethanol-F
C130075A20Rik-S,"2,2'-Bipyridine-F"
C130075A20Rik-S,"2,4-Dimethoxybenzaldoxime-F"
C130075A20Rik-S,2-Norbornanemethanol-F
C130075A20Rik-S,4-tert-Butyldimethylsiloxy-3-penten-2-one-F
C130075A20Rik-S,"Benzene, 1-ethyl-3,5-dimethyl-F"
C130075A20Rik-S,Citramalic acid-F
C130075A20Rik-S,Diclofenac-F
C130075A20Rik-S,L-Leucine-F
C130075A20Rik-S,L-Serine-F
C130075A20Rik-S,L-Val-L-Leu-F
Gm42869-S,5-Nitroso-8-quinolinol-F
Gm42869-S,7-Hydroxy-4-(methoxymethyl)coumarin-F
Gm42869-S,L-Ornithine-F
Gm42869-S,Sulindac-F
Gm43359-S,3-(4-Methoxyphenyl)coumarin-F
Gm43359-S,"3,3-Dimethylacrylic acid-F"
Gm43359-S,"3,4-Methylenedioxyamphetamine-F"
Gm43359-S,5-Nitroso-8-quinolinol-F
Gm43359-S,"l-Leucine, n-butoxycarbonyl-N-methyl-, hexadecyl ester-F"
Gm43359-S,L-Val-L-Leu-F
Gm42588-S,"1-Pentene, 1,3-diphenyl-1-(trimethylsilyloxy)--F"
Gm42588-S,"2,4-Dimethoxybenzaldoxime-F"
Gm42588-S,5-Nitroso-8-quinolinol-F
Gm42588-S,7-Hydroxy-4-(methoxymethyl)coumarin-F
Gm42588-S,Benzeneacetic acid-F
Gm42588-S,"l-Leucine, n-butoxycarbonyl-N-methyl-, hexadecyl ester-F"
Gm42725-S,L-Val-L-Leu-F
Gm43672-S,"1-(1-Hydroxybutyl)-2,5-dimethoxybenzene-F"
Gm43672-S,"1-Pentene, 1,3-diphenyl-1-(trimethylsilyloxy)--F"
Gm43672-S,2-Buten-1-ol-F
Gm43672-S,6-Nitroveratryl alcohol-F
Gm43672-S,7-Hydroxy-4-(methoxymethyl)coumarin-F
Gm43672-S,"l-Leucine, n-butoxycarbonyl-N-methyl-, hexadecyl ester-F"
Gm42463-S,"1,2-Bis(trimethylsiloxy)cyclohexene-F"
Gm42463-S,"1,2-Cinnolinedicarboxylic acid, 1,2,3,5,6,7,8,8a-octahydro-4-trimethylsilyloxy-, diethyl ester-F"
Gm42463-S,"2,4-Dimethoxybenzaldoxime-F"
Gm42463-S,3-(4-Methoxyphenyl)coumarin-F
Gm42463-S,Diclofenac-F
Gm42463-S,L-Serine-F
Gm42463-S,L-Val-L-Leu-F
Gm42942-S,"1-Pentene, 1,3-diphenyl-1-(trimethylsilyloxy)--F"
Gm42942-S,2-Norbornanemethanol-F
Gm42942-S,"l-Leucine, n-butoxycarbonyl-N-methyl-, hexadecyl ester-F"
Gm42942-S,"Propanoic acid, 3-[(tert-butyldimethylsilyl)oxy]-2-methyl--F"
Gm42722-S,"1,2-Bis(trimethylsiloxy)cyclohexene-F"
Gm42722-S,1-Butanol-F
Gm42722-S,1-Octadecanol-F
Gm42722-S,"2-Butene-1,4-diol-F"
Gm42722-S,2-Norbornanemethanol-F
Gm42722-S,4-Methoxyphenol-F
Gm42722-S,4-tert-Butyldimethylsiloxy-3-penten-2-one-F
Gm42722-S,"5-Ethyl-1,3-dioxane-5-methanol, tert-butyldimethylsilyl ether-F"
Gm42722-S,5-Nitroso-8-quinolinol-F
Gm42722-S,L-Pyroglutamic acid-F
Gm42722-S,L-Serine-F
Gm42722-S,L-Val-L-Leu-F
Gm42722-S,Thymol-F
Gm42727-S,"1,2-Cinnolinedicarboxylic acid, 1,2,3,5,6,7,8,8a-octahydro-4-trimethylsilyloxy-, diethyl ester-F"
Gm42727-S,3-(4-Methoxyphenyl)coumarin-F
Gm42727-S,"4,5-Dihydro-1H-pyrazole-F"
Gm42727-S,5-Nitroso-8-quinolinol-F
Gm42727-S,7-Hydroxy-4-(methoxymethyl)coumarin-F
Gm42727-S,L-Ornithine-F
Gm42600-S,"2,4,6-Cycloheptatrien-1-one-F"
Gm42600-S,2-Norbornanemethanol-F
Gm42600-S,4-tert-Butyldimethylsiloxy-3-penten-2-one-F
Gm42600-S,"Benzene, 1-ethyl-3,5-dimethyl-F"
Gm42600-S,"l-Leucine, n-butoxycarbonyl-N-methyl-, hexadecyl ester-F"
