Matt Node 1,Matt Node 2,Ananya Node 1,Ananya Node 2
Ccdc186,Fxr1,Map9-C,Top1-C
Mx2,Ndufaf1,Pabpc1-C,Tmem161b-C
Psmd3,Tceanc,Igfbp2-C,Scyl1-C
Enpp5,Pkn2,Csnk1a1-C,Gm43339-C
Kif2a,Pkn2,Atp5me-C,Jph1-C
4930556M19Rik,Pak2,Arid4a-C,Rock1-C
Cebpz,Setbp1,Ptk2b-C,Wbp11-C
Qser1,Slk,Mfsd2a-C,Mtf1-C
Lepr,Rplp1,Fer-C,Ppp1r12a-C
4921504A21Rik,Lrp6,Arhgef12-C,Smc4-C
Fam13b,Gsk3b,Acacb-C,Fcho2-C
Gprc5c,Stxbp4,Ildr2-C,Secisbp2l-C
Fam13b,Rpn2,Psmd8-C,Pycr2-C
Nipbl,Qser1,Emc10-C,Pbx1-C
Fxr1,Golm2,Pbx1-C,Rplp1-C
Frg1,Nipbl,Eea1-C,Fhad1-C
Rdx,Zbtb7a,Nkapd1-C,Top1-C
Rbm27,Rock1,Ash1l-C,Pabpc1-C
Pdap1,Sppl3,Gtpbp4-C,Setx-C
Brd4,Eea1,Emc10-C,Sptan1-C
Igfbp2,Mfge8,Cep290-C,Sntb2-C
Dcaf12l1,Psmd3,Dync1h1-C,Ubl3-C
Ibtk,Setx,Ildr2-C,Pbx1-C
Sesn3,Tada1,Baz1b-C,Ndfip1-C
Smc4,Zfp322a,Ash1l-C,Tpr-C
Grpel1,Ube3c,Smarca5-C,Zfp1007-C
Ehd1,Rora,Fgfr1op2-C,Gm43339-C
Iqgap2,Top1,Cdkl3-C,E2f2-C
Ide,Perm1,Ganab-C,Ptk2b-C
B230219D22Rik,Fxr1,4933439K11Rik-C,Topbp1-C
Cnih2,Samd14,Kif21a-C,Rad50-C
Bcat1,Sntb2,Cep41-C,Nedd4-C
Golm2,Phf3,Ccdc186-C,Kif21a-C
Luzp1,Smarca5,Fhad1-C,Synm-C
Cebpz,Dek,Ergic2-C,Phactr2-C
Gsk3b,Klf3,Aox3-C,Mterf4-C
Arid4a,Gtpbp4,Ddb1-C,Dync1h1-C
Ganab,Ubl3,Dbpht2-C,Fam98b-C
Ash1l,Thyn1,Rock1-C,Wrn-C
Ganab,Ilvbl,Cfap46-C,Dhx29-C
Ash1l,Pdap1,Cerox1-C,Ube2m-C
Gtpbp4,Smim10l1,Dync1h1-C,Ganab-C
Frg1,Tmem161b,Bclaf1-C,Btbd2-C
Jph1,Lrp6,Ttf1-C,Ylpm1-C
5730455P16Rik,Cast,Ergic2-C,Smarca2-C
Eif3g,Pbx1,Mtpn-C,Sesn3-C
Exph5,Pabpc1,Cct4-C,Krcc1-C
Sntb2,Top1,Gm2445-C,Mex3a-C
4921504A21Rik,Lepr,B230219D22Rik-C,Gtpbp4-C
4921504A21Rik,Usp9x,Acox1-C,Ndfip1-C
Fgfr1op2,Rock1,Fgfr1op2-C,Ppp1r12a-C
Mef2a,Scyl1,Ccdc186-C,Ppp1r12a-C
Ccdc59,Npepps,B230219D22Rik-C,mt-Nd2-C
Plcb4,Rora,Golm2-C,Npepps-C
Cep290,Pi4ka,Cep95-C,Fam13b-C
Ash1l,Smarca2,Sh3bgrl-C,Tspan9-C
Ro60,Wasl,Nit2-C,Rgs7-C
Ccdc88a,Slc17a5,Fcho2-C,Mef2a-C
Pkn2,Zbtb7a,Fer-C,mt-Nd2-C
Acacb,Smarca5,Clpp-C,mt-Nd2-C
Arid4a,Ccdc186,Camk1d-C,Pabpc1-C
Rora,UNKNOWN,Kif21a-C,Pdap1-C
Plcb4,Slc17a5,Mef2a-C,Pten-C
Ergic2,Phf3,Ccdc88a-C,Ndfip1-C
Hk1,Ptk2b,Plcb4-C,Wasl-C
Pabpc1,Rock1,Arhgap5-C,Sntb2-C
Adam15,Ubc,Nkapd1-C,Plcb4-C
Pawr,Rab11fip5,Bcat1-C,Sntb2-C
Fxr1,Rad50,Camk1d-C,Tpr-C
Ehd1,Slk,Cdkn1c-C,Rdx-C
Cnnm4,Dynlt2b,Fhad1-C,Zbtb7a-C
Ccdc186,Cdkn1c,Ccar1-C,Nkapd1-C
Gm43360,Rwdd3,Pkn2-C,Slk-C
Cast,Mtor,Ppp1r12a-C,mt-Nd2-C
Thra,Ubl3,Cep290-C,Npepps-C
Arid4a,Phactr2,Fhad1-C,Wasl-C
Emc3,Vps36,Arid4a-C,Qser1-C
Dnajc7,Nek8,Eea1-C,Slk-C
Enpp5,Gtpbp4,Nipbl-C,mt-Nd2-C
Arhgef12,Arid4a,Bclaf1-C,Fxr1-C
Phactr2,Rif1,Arhgef12-C,Gm43339-C
Arid4a,Smarca2,Rdx-C,Slc25a13-C
Luzp1,Ndfip1,Bclaf1-C,Rock1-C
Limch1,Smc4,Ap2b1-C,Dek-C
Clpp,Tpr,Npepps-C,Sntb2-C
Pabpc1,Vps13b,Samd14-C,Zfp36l2-C
Fer,mt-Nd2,Exph5-C,Ylpm1-C
Amfr,Smarca5,Atf6b-C,Igfbp2-C
Dync1h1,Pdlim5,Phactr2-C,Slc17a5-C
Ccdc88a,Kif21a,Dhx36-C,Nipbl-C
Aldh9a1,Ctr9,Adck2-C,Suclg2-C
Kif2a,Ube2q2,Pkn2-C,Psip1-C
Nipbl,Plcb4,Atp7a-C,Slc29a4-C
Shoc2,Wasl,Dctn2-C,Scp2-ps2-C
Lrp6,Pbx1,Bclaf1-C,Cep57-C
Stag2,Usp9x,Eea1-C,Psip1-C
B230219D22Rik,Cdkn1c,Nipbl-C,Psip1-C
Pabpc1,Pja2,Arid4a-C,Rdx-C
Mef2a,Setx,Ccpg1-C,Dync2li1-C
Smarca2,Smim15,Irak3-C,Tada1-C
Arhgap5,Rora,Fn3krp-C,Pqbp1-C
Enpp5,Thyn1,Col5a3-C,Faap24-C
Kif2a,Thyn1,Shoc2-C,mt-Nd2-C
Atf6b,Ubc,Irak1bp1-C,Pcmtd1-C
Phf3,Zbtb37,Pkn2-C,Zfp638-C
Dcaf12l1,Nedd4,Ildr2-C,Lepr-C
4933439K11Rik,Topbp1,Krcc1-C,Tmem161b-C
Adam15,Psmd3,Fgfr1op2-C,Gtpbp4-C
Dstn,Phactr2,Eea1-C,Zfp638-C
Nol8,Rdx,Dek-C,Nkapd1-C
Dstn,Smarca2,Dynlt2b-C,Tax1bp3-C
Acbd4,Atp6v1f,Sntb2-C,Top1-C
G2e3,Slc44a1,Ilvbl-C,Ubc-C
Ccdc88a,Nipbl,Ccdc186-C,mt-Nd2-C
Hsdl2,Ndfip1,Enpp5-C,Pura-C
Gm15675,Grpel1,Ccdc59-C,Ergic2-C
Ctsc,Stag2,B230219D22Rik-C,Ctdspl2-C
Ccdc148,Usp9x,Kpna3-C,Ylpm1-C
Kif2a,Phactr2,Dnajc7-C,Psmd3-C
Enpp5,Smarca2,B230219D22Rik-C,Setx-C
Kif2a,Smarca2,Nkapd1-C,Ylpm1-C
Cd47,Pdlim5,Pi4ka-C,Qser1-C
Nipbl,Rpn2,Cct4-C,Shoc2-C
Pfn1,Zfp768,Msh2-C,Zfp36l2-C
Cyyr1,Fndc3a,Lrp6-C,Serbp1-C
Ndfip1,Pkn2,1110004F10Rik-C,Ube2q2-C
Ap2b1,Bclaf1,Lrp6-C,Slc17a5-C
Lrrc8c,Sec62,4632415L05Rik-C,Pdlim5-C
Qser1,Thyn1,Ap2b1-C,Rock1-C
Frg1,Pdap1,Emc3-C,Ptges2-C
Ikzf5,mt-Nd2,Gm15408-C,Osbp-C
Rif1,Smarca2,Smarca2-C,Tpr-C
Smarca5,Stag2,Phf3-C,Zbtb37-C
Cebpz,Rab11fip5,Ndfip1-C,Rif1-C
Eea1,Rif1,Smarca5-C,Vps36-C
Aox3,Nedd4,Gsk3b-C,Luzp1-C
Ccdc88a,Tmem161b,Atp6v1f-C,Psmd3-C
Ap2b1,mt-Nd2,Arhgap5-C,Csnk1a1-C
Itch,Stag2,Kif21a-C,Ylpm1-C
Atf6b,Psmd3,Dlg4-C,Ubc-C
Arhgap5,Slk,Dlg4-C,Ibtk-C
Arhgap5,Kif21a,Arhgap5-C,Kif2a-C
Psip1,Usp9x,Krcc1-C,Usf3-C
Qser1,Smarca2,Itch-C,Pabpc1-C
Jph1,Mef2a,Acacb-C,Atf6b-C
Ofd1,Zbtb11os1,Kif2a-C,Rif1-C
Lrrc17,Scrib,Slc17a5-C,Slk-C
Agrn,Sptan1,Mpp7-C,Sntb2-C
Golm2,Usp9x,B230219D22Rik-C,Zfp1007-C
Map9,Rdx,Ganab-C,Tbc1d2-C
Ccdc148,Myof,Atf6b-C,Tulp4-C
Clpp,Ndfip1,Rora-C,UNKNOWN-C
Ergic2,Exph5,Ergic2-C,Usp9x-C
Serbp1,Wbp4,Acacb-C,Tkt-C
Gm15408,Osbp,Heatr3-C,Osbp-C
Fhad1,Slk,Bclaf1-C,Qser1-C
Ccdc186,Rora,Arhgap5-C,Cep95-C
Rbm27,Wbp4,Suz12-C,Zfp322a-C
Gm42636,Leprotl1,Eif3g-C,Iqgap2-C
Cdkn1c,Fam13b,Usp9x-C,Vps13b-C
Nsg2,Suz12,Dstn-C,Mansc4-C
Pten,Usf3,Eea1-C,Enpp5-C
Arhgap5,Pkn2,Frg1-C,Lrp6-C
Atp5mg,Jmjd4,Rbm27-C,mt-Nd2-C
Ubc,Wapl,Atp5me-C,Sytl2-C
Ap2b1,Cep290,Ccdc186-C,Ctdspl2-C
A430108G06Rik,Polr1c,Pura-C,Smarca2-C
Psmd3,Wbp11,Bclaf1-C,Rdx-C
Nkapd1,Top1,Plcb4-C,UNKNOWN-C
Ppp1r12a,Prpf6,Ccdc59-C,Pdap1-C
Efhb,Fhad1,Clpp-C,Gxylt1-C
Smarca5,Wbp4,Phactr2-C,mt-Nd2-C
Arhgef12,Baz1b,Smarca5-C,Wbp11-C
Acacb,Eef1a1,Kif22-C,Tnfsf13os-C
Pja2,Rora,Iqgap2-C,Rbm27-C
Cep290,Slk,Pdlim5-C,Spata13-C
Fgfr1op2,Tspan9,Snrnp48-C,Zfp322a-C
Cep290,Kif21a,Exph5-C,Nipbl-C
Kif21a,Rif1,Ndfip1-C,Rad50-C
Igfbp2,Pcmtd1,Dcaf12l1-C,Vps13b-C
Ganab,Gas6,Slk-C,Tpr-C
Eea1,Fgfr1op2,B230219D22Rik-C,Fgfr1op2-C
Hk1,Zfp358,Enpp5-C,Smc6-C
Dync1h1,Ganab,Ccdc59-C,Pawr-C
Klc1,Osbp,Serpinb8-C,Zbtb11os1-C
Ergic2,Usp9x,Kif2a-C,Rad50-C
Fhad1,Pkn2,Ash1l-C,Fxr1-C
Dnajc7,Pycr2,Map9-C,Nipbl-C
Pja2,Slc17a5,Ccdc186-C,Zfp1007-C
B230219D22Rik,Rora,Cspg5-C,Dynll1-C
1110004F10Rik,Pabpc1,Cep57-C,Zbtb7a-C
Baz1b,Fhad1,Luzp1-C,Ppp1r12a-C
Eef1a1,Ubc,Kpna3-C,Suz12-C
Cep290,Luzp1,Rad50-C,Rdx-C
Ash1l,Smim15,Ddb1-C,Mfge8-C
Eea1,Ube2m,Tmem259-C,Wbp11-C
B230219D22Rik,Fam13b,Sntb2-C,Ylpm1-C
Cdkn1c,Kif2a,Cebpz-C,Ergic2-C
Pabpc1,Pbx1,Ash1l-C,Mafg-C
Ccdc186,Kif2a,Osbp-C,Pycr2-C
Krcc1,Zfp638,Slain2-C,Top1-C
Cep41,Wbp4,Dstn-C,Itch-C
Frg1,Wasl,Dstn-C,Frg1-C
Ccar1,Phf3,Csnk1a1-C,Fgfr1op2-C
Fer,Tpr,Lrp6-C,mt-Nd2-C
Ccdc186,Kif21a,Krcc1-C,Nkapd1-C
Cdkn1c,Kif21a,Dnajc21-C,Slc22a17-C
Mef2a,Pja2,Kif2a-C,Pdap1-C
Npepps,Zbtb7a,Lepr-C,Sntb2-C
Ccdc186,Luzp1,Josd1-C,Serbp1-C
4930556M19Rik,Nsg2,Ergic2-C,Pkn2-C
Ankrd12,Snrnp48,Efhb-C,Smarca2-C
Inpp4a,Map3k5,Pdap1-C,Tmem161b-C
Cep290,Pkn2,Pfn1-C,Zfp36l2-C
Mpp7,Pdap1,Arhgef12-C,Sh3bgrl-C
Fcho2,Mfge8,Ankrd12-C,Iqgap2-C
Setx,Smc4,Cebpz-C,Rad50-C
Cebpz,Golm2,Kif21a-C,Nipbl-C
Ap2b1,Cebpz,Camk1d-C,Fxr1-C
Nipbl,Npepps,Dlg4-C,Ehd1-C
Eea1,Zbtb7a,1110004F10Rik-C,Pabpc1-C
Mafg,Nedd4,4921504A21Rik-C,Slc17a5-C
Nkapd1,Pabpc1,Ccdc186-C,Fgfr1op2-C
Psip1,Zfp638,Pabpc1-C,Smim15-C
Baz1b,Lrp6,Rora-C,Sptan1-C
Btbd2,Mrps24,Fxr1-C,mt-Nd2-C
Gtpbp4,Slk,Ankrd12-C,Wrn-C
Kif2a,Tpr,Ppp1r12a-C,Zfp975-C
Pten,Ylpm1,Arhgef12-C,Zfp1007-C
Pcmtd1,Zfp1007,Arf2-C,Rtkn-C
Pten,Setx,B230219D22Rik-C,Vps36-C
Ccdc88a,Pdap1,Luzp1-C,mt-Nd2-C
Ildr2,Npepps,Pcmtd1-C,Wbp4-C
Ganab,Tkt,Wasl-C,Zfp638-C
Mrpl17,Pycr2,Ccdc88a-C,Sntb2-C
Gtpbp4,Luzp1,Golm2-C,Nkapd1-C
Ccdc186,Pkn2,Enpp5-C,Kif2a-C
Cdkn1c,Pkn2,Zfp638-C,mt-Nd2-C
Baz1b,Eea1,Ccdc88a-C,Smc6-C
Emc3,Ptges2,Gm37204-C,Ralgapa2-C
Dnajc7,Scyl1,Bclaf1-C,Fer-C
B230219D22Rik,Slk,Smarca5-C,Usp9x-C
Ndfip1,mt-Nd2,Phf3-C,Snora35-C
Sppl3,Wasl,Secisbp2l-C,Tpr-C
Eef1a1,Psmd3,B230219D22Rik-C,Phactr2-C
Clpp,Tomm22,Bhmt2-C,Prxl2c-C
Ibtk,Wbp4,Cebpz-C,Pdap1-C
B230219D22Rik,Kif21a,Hsdl2-C,Sema3g-C
2410124H12Rik,Perm1,Atf6b-C,Gpaa1-C
Mrpl17,Tmem184c,Pdap1-C,Usf3-C
Ccdc88a,Smarca2,Kif2a-C,Map9-C
B230219D22Rik,Luzp1,Fcf1-C,Src-C
Usp9x,Zbtb7a,Ankrd12-C,Nkapd1-C
Plcb4,Smarca2,Gas6-C,Ola1-C
Iqgap2,Zbtb7a,Arid4a-C,Npepps-C
Ndfip1,Phactr2,Ccdc88a-C,Ildr2-C
Nkapd1,Psip1,Frg1-C,Phactr2-C
Ctdspl2,Rora,Nicol1-C,Txnrd2-C
Cd47,Pycr2,B230219D22Rik-C,Smarca2-C
Dstn,Smim15,Ergic2-C,Pabpc1-C
Hk1,Mfge8,Gm15587-C,Rnasel-C
Gtpbp4,Pkn2,Hk1-C,Wbp11-C
Qser1,Tpr,Ergic2-C,Tpr-C
Ctdspl2,Slc17a5,Clpp-C,Smarca2-C
Erbin,Psmd3,Dnajc7-C,Rhob-C
Rdx,Smc6,Eif3g-C,Mrpl28-C
B230219D22Rik,Pkn2,Frg1-C,Smarca2-C
Dek,Eea1,Erbin-C,Ganab-C
Ap2b1,Tpr,Pkn2-C,Ro60-C
Pi4ka,Thyn1,Atf6b-C,Tmem259-C
Dync1h1,Scyl1,Cables2-C,Fhl1-C
Eif3g,Psmd8,Cyyr1-C,Lmtk3-C
Ergic2,Zfp638,Baz1b-C,Tmem161b-C
Dhx36,Pcmtd1,Ppp1r12a-C,Smarca2-C
Fhad1,Gtpbp4,Pawr-C,Smc4-C
4921504A21Rik,Itch,Adck2-C,Ubl3-C
Gm19817,Sfi1,Ap2b1-C,Fer-C
Bcl7a,Dap3,Fhad1-C,Ikzf5-C
Ash1l,Golm2,Tet1-C,Ttf1-C
Ccdc88a,Dek,Ptk2b-C,Src-C
Ccdc59,Limch1,Ndfip1-C,Slain2-C
Pdap1,Smc6,Slain2-C,Ylpm1-C
Arhgap5,Phactr2,Dhx36-C,Mansc4-C
4921504A21Rik,Ildr2,Rplp1-C,Vps13b-C
Phf3,Sntb2,Cebpz-C,Map9-C
Gxylt1,Nkapd1,Opa1-C,Zfp219-C
Arhgap5,Smarca2,Kif2a-C,Slain2-C
Sec62,Zbtb7a,Tkt-C,Tmem259-C
Eea1,Fer,Fgfr1op2-C,Phactr2-C
Cct4,Ylpm1,Ccdc186-C,Phactr2-C
Gsk3b,Hip1,Cdc14a-C,Pabpc1-C
Pcmtd1,Phf3,Tada1-C,Wbp11-C
Pten,Rock1,Pkn2-C,Rif1-C
Ubc,Wbp11,Igfbp2-C,Mfge8-C
Pak2,Slk,Psip1-C,Top1-C
Pdap1,Pura,Eea1-C,Rif1-C
Fcho2,Hk1,Adam15-C,Bhmt2-C
Irak1bp1,Nfyb,Nipbl-C,Rif1-C
Setbp1,Wasl,Nfyb-C,Smim10l1-C
Mef2a,Rad54l2,Cep290-C,Synm-C
Arid4a,Golm2,Itch-C,Mafg-C
Ergic2,Nol8,Ildr2-C,Top1-C
Cebpz,Phf3,Dnajc7-C,Scyl1-C
Fhad1,Phactr2,Ccdc148-C,Pabpc1-C
Cdkn1c,Gtpbp4,Fgfr1op2-C,Smarca2-C
Fxr1,Zfp638,Ccdc186-C,Smarca2-C
Nsg2,Zfp1007,Ccdc148-C,Cntn1-C
Ccdc59,Krcc1,Camsap2-C,Dr1-C
Ash1l,Enpp5,Cd47-C,Osbp-C
Camk1d,Smim15,Dstn-C,Sntb2-C
Eef1a1,Nedd4,B130034C11Rik-C,Ube2m-C
Ash1l,Rbm27,Cd47-C,Pycr2-C
Phf3,Serbp1,Ilkap-C,Krt23-C
Kras,Zfp975,Fam13b-C,Fhad1-C
Mafg,Rnf187,9530026P05Rik-C,Zfp358-C
Smc6,Wasl,Gm12346-C,Rpp30-C
Pkn2,Slk,Eea1-C,Ergic2-C
Pabpc1,Synm,Cltb-C,Rpn2-C
Psip1,Qser1,1110004F10Rik-C,4921504A21Rik-C
Arid4a,Zfp1007,Iqgap2-C,Nt5m-C
Csnk1a1,Pten,Dlg4-C,Fcho2-C
Cep290,Phactr2,Pja2-C,Smarca5-C
Efhb,Zfp638,Cog8-C,Dhx36-C
Aldh9a1,Cldn22,Atp6v1f-C,Scyl1-C
Setx,Tmem80,Bclaf1-C,Npepps-C
Cep290,Smarca2,Agrn-C,Trappc14-C
Emc10,Sptan1,Mfge8-C,Psmd3-C
Ash1l,Rad50,Evi5-C,Shc1-C
Dstn,Golm2,Dstn-C,Ildr2-C
Ankrd12,Npepps,Ehd1-C,Fcho2-C
Klf3,Secisbp2l,Dhx36-C,Itch-C
Apc2,Cbarp,Cep290-C,Zbtb7a-C
Phf3,Secisbp2l,Cep290-C,Eea1-C
Ccdc186,Pdap1,1110004F10Rik-C,Ash1l-C
Cdkn1c,Pdap1,Pabpc1-C,Slc17a5-C
5730455P16Rik,Phf3,Exph5-C,Rock1-C
B230219D22Rik,Gtpbp4,Pkn2-C,Rad50-C
Dhx36,Eea1,Cep290-C,Wasl-C
Baz1b,Zfp638,Ash1l-C,Smarca5-C
Ccdc186,Phactr2,Eea1-C,Rad50-C
Cdkn1c,Phactr2,Lrrc8a-C,Nsg2-C
Ankrd12,Top1,Amfr-C,Zfp654-C
Amfr,Fcho2,Nipbl-C,Rad50-C
Ccdc186,Smarca2,Btbd2-C,Nkapd1-C
Cdkn1c,Smarca2,B230219D22Rik-C,Usp9x-C
Ccdc148,Ildr2,Ankrd12-C,Rbm27-C
Adam15,Smc4,Rdx-C,Serbp1-C
Fer,Tomm22,Adam15-C,Ubc-C
Ndfip1,Tpr,Adam15-C,Ibtk-C
Nol8,Pkn2,Ccdc59-C,Limch1-C
Cebpz,Fhad1,4930556M19Rik-C,Pak2-C
B230219D22Rik,Ccdc186,Map9-C,Rock1-C
Pdlim5,Pycr2,Rbm27-C,Smarca2-C
Cct4,Rock1,Golm2-C,Smim15-C
Nipbl,Rif1,Frg1-C,Usp9x-C
Gtpbp4,Phactr2,B230219D22Rik-C,Baz1b-C
Rock1,Tmem161b,Top1-C,mt-Nd2-C
Gtpbp4,Smarca2,Ganab-C,Tkt-C
Ergic2,Qser1,Map9-C,Phf3-C
Acacb,Ilvbl,4921504A21Rik-C,Ctdspl2-C
Bclaf1,Npepps,Rora-C,Sytl2-C
Npat,Pdlim5,B230219D22Rik-C,Ube2q2-C
Mafg,Sytl2,Sppl3-C,Wasl-C
B230219D22Rik,Phactr2,Phactr2-C,Ro60-C
Cep290,Dek,Smarca5-C,Tpr-C
5730455P16Rik,Ash1l,Eea1-C,Pdap1-C
Map9,Slk,Nkapd1-C,Rock1-C
Ankrd12,Arid4a,Arid4a-C,Tet1-C
Limch1,Suz12,Efhb-C,Pkn2-C
Ash1l,Ergic2,Nipbl-C,Pdap1-C
B230219D22Rik,Smarca2,Gm5141-C,Sh3bgrl-C
Ildr2,Rif1,Dlg4-C,Slk-C
Golm2,Itch,Ccdc88a-C,Slc25a13-C
Copg1,Ehd1,Dlg4-C,Sptan1-C
Mafg,Rora,Itch-C,Mansc4-C
Ccdc148,Plcb4,Cep95-C,Eea1-C
Dstn,Rad50,Cep95-C,Wasl-C
Rad50,Tmem161b,Rock1-C,mt-Nd2-C
Bclaf1,Top1,Ehd1-C,Slk-C
Mrps18a,Pbx1,Cep290-C,Luzp1-C
Tpr,Wasl,D630036H23Rik-C,Tm9sf3-C
Ap3b1,Kif2a,Cct4-C,Cebpz-C
Gprc5c,Pmm2,Eea1-C,Pawr-C
Rpl37,Tmem184c,Iqgap2-C,mt-Nd2-C
B230219D22Rik,Setbp1,Bcl7a-C,Ehd1-C
Arid4a,Phf3,Phactr2-C,Rif1-C
Cebpz,Eea1,Npepps-C,Zbtb7a-C
Dcxr,Smyd2,Fer-C,Zbtb37-C
Btbd2,Smc6,Gprc5c-C,Nicol1-C
Cdkn1c,Dek,Ddb1-C,Guk1-C
Ccdc186,Dek,4921504A21Rik-C,Lrp6-C
Golm2,Ildr2,Npepps-C,Wasl-C
Fhad1,Pak2,Ccdc186-C,Usp9x-C
Ahcyl2,Gnas,Ruvbl1-C,Shfl-C
Pdlim5,Scyl1,1110004F10Rik-C,B230219D22Rik-C
Gm1976,Uros,Hip1-C,Nedd4-C
Map9,Pkn2,Igfbp2-C,Ubl3-C
4930556M19Rik,Shoc2,Gm37204-C,Mpp7-C
Frg1,Rbm27,Acacb-C,Eef1a1-C
Arid4a,Pcmtd1,Cltb-C,Iqgap2-C
Ergic2,Itch,Kif21a-C,Phf3-C
Mansc4,Wasl,Hmces-C,Kin-C
Cep290,Mia2,Kin-C,Rnasel-C
Fhad1,Tpr,1700125H03Rik-C,Eea1-C
Aldh1l1,Krt23,Gxylt1-C,Nol8-C
Ankrd12,Psip1,Cebpz-C,Nipbl-C
Rora,Tmem259,Exph5-C,Qser1-C
Tet1,Ttf1,Shoc2-C,Ube2q2-C
Pcmtd1,Usp9x,Cyyr1-C,Fndc3a-C
Frg1,Rad50,Arhgap5-C,Ehd1-C
Rdx,mt-Nd2,2310014F06Rik-C,Sytl2-C
Mafg,Slk,Ap3b1-C,Ctdspl2-C
Pdap1,Tmem161b,Dek-C,Gtpbp4-C
Ash1l,Fhad1,Ccdc186-C,Ube2q2-C
Fer,Zbtb37,Ahcyl2-C,Atf6b-C
Ganab,Tmem259,Eea1-C,Map9-C
1110004F10Rik,Fxr1,Ibtk-C,Sppl3-C
Eef1a1,Ndufs3,Dek-C,mt-Nd2-C
Dnase1l1,Serp2,Cdkn1c-C,Nkapd1-C
Cebpz,Usp9x,Ilvbl-C,Tkt-C
Arid4a,Ash1l,Brd4-C,Fer-C
1110004F10Rik,4930556M19Rik,Ergic2-C,Fxr1-C
Ganab,Igfbp2,Gm15408-C,Pqbp1-C
Csnk1a1,Shoc2,B230219D22Rik-C,Snrnp48-C
Enpp5,Phf3,B230219D22Rik-C,Pkn2-C
Kif2a,Phf3,Pdss1-C,Pla2g3-C
Luzp1,Serbp1,Evi5-C,Wasl-C
Casp8,Lrp6,Ccdc88a-C,Pi4ka-C
4921504A21Rik,Npepps,Pabpc1-C,mt-Nd2-C
Atp5me,Fcho2,Luzp1-C,Phactr2-C
Dnajc13,Emc10,Cep95-C,Luzp1-C
Ap2b1,Dstn,Clpp-C,Pkn2-C
Pak2,Phactr2,Gm12346-C,Gmppa-C
Pbx1,Secisbp2l,Efhb-C,Tpr-C
Fgfr1op2,Frg1,Lrp6-C,Rif1-C
Nkapd1,Rdx,Ccdc88a-C,Clpp-C
Nipbl,Zbtb7a,Gm5141-C,Nedd4-C
Aldh9a1,Msh2,Ddb1-C,Lpgat1-C
Npepps,Smc6,Frg1-C,Pkn2-C
Dnajc7,Igfbp2,Ndufs3-C,Opa1-C
Pkn2,Ube2q2,Mafg-C,Tulp4-C
Frg1,Nkapd1,Ehd1-C,Rpl37-C
Icam4,Mtpn,Map9-C,Upf2-C
Bclaf1,Psip1,Pbx1-C,Psmd8-C
Eea1,Smc6,Map9-C,Rdx-C
Ergic2,Plcb4,B230219D22Rik-C,Fndc3a-C
Brd4,Top1,Cables2-C,Hcn3-C
Pkn2,mt-Nd2,Cep290-C,UNKNOWN-C
Klhl18,Phf1,Gpaa1-C,Sh3bgrl-C
Rdx,Upf2,Ash1l-C,Smc6-C
Ccdc88a,Golm2,B230219D22Rik-C,Pak2-C
Kpna3,Limch1,Ccdc148-C,Stk26-C
Shfl,Slain2,Kif21a-C,Rora-C
Ppp1r1b,Tkt,Arhgap5-C,Shoc2-C
Pcmtd1,Wbp11,Rad54l2-C,Wbp11-C
Eea1,Pura,Adam15-C,Ehd1-C
Secisbp2l,Tpr,Qser1-C,mt-Nd2-C
Nedd4,Sytl2,Arid4a-C,Pten-C
Josd1,Mrps5,Mef2a-C,Setx-C
Dstn,Fhad1,Nkapd1-C,Qser1-C
Dnajc7,Thra,A430108G06Rik-C,Polr1c-C
Clpp,Shoc2,Rbm27-C,Usp9x-C
Fgfr1op2,Rdx,Frg1-C,Pak2-C
Pfn1,Suclg2,Mafg-C,Smarca5-C
Dlg4,Pcmtd1,Arhgef12-C,Baz1b-C
Arhgef12,Sytl2,Pkn2-C,Slain2-C
Arid4a,Eea1,Arhgap5-C,Arhgef12-C
Lrrc17,Mtrex,Nkapd1-C,Rdx-C
Adck2,Tnfrsf1b,Eea1-C,Slain2-C
9530026P05Rik,Wapl,Nipbl-C,Slain2-C
Ap3b1,Mafg,Csnk1a1-C,Pak2-C
Arhgef12,Rora,Eif3h-C,Mfge8-C
Acox1,Baz1b,Ergic2-C,Irak1bp1-C
Pcmtd1,Zfp638,Imp3-C,Rpl37-C
Pdap1,Upf2,Gm5141-C,Samd14-C
Dhx36,Nol8,1110004F10Rik-C,Mansc4-C
Clpp,Sntb2,Fgfr1op2-C,Pkn2-C
Fhad1,Ndfip1,Ccdc186-C,Pkn2-C
Mfsd3,Sin3a,Phf3-C,Rora-C
Arid4a,Exph5,Sufu-C,Wasl-C
Pura,Rbm27,Dek-C,Flcn-C
Ccdc88a,Enpp5,B230219D22Rik-C,Tpr-C
Ndfip1,Zfp1007,Fer-C,Pabpc1-C
Ccdc88a,Rbm27,Pten-C,Setx-C
Camk1d,Ergic2,Camk1d-C,Smc6-C
Atp5me,Pdlim5,Baz1b-C,Rbm27-C
Plcb4,Rbm27,Cct4-C,Mpp7-C
Baz1b,Ildr2,Arhgap5-C,UNKNOWN-C
Cebpz,Zfp638,Ehd1-C,Pcmtd1-C
Amfr,Ganab,Emc10-C,Nipbl-C
Ccar1,Qser1,Ilvbl-C,Zfp1007-C
Lrrc8a,Pja2,Fer-C,Tpr-C
Dync1h1,Rad54l2,Evi5-C,Pdcd4-C
Slk,Smarca2,Clpp-C,Tpr-C
Ccdc59,Smc4,Mansc4-C,Smc6-C
Exph5,Nipbl,Ccdc186-C,Fndc3a-C
Krcc1,Npepps,Arid4a-C,Wapl-C
Ccdc88a,Rad50,Ildr2-C,Nipbl-C
Kif2a,Lrp6,Fgfr1op2-C,Pak2-C
Arhgap5,Golm2,Frg1-C,Tpr-C
4930556M19Rik,Ctsc,Secisbp2l-C,Setbp1-C
Plcb4,Rad50,Fcho2-C,Scyl1-C
Clpp,Serbp1,Ccnd1-C,Ptk2b-C
Phf3,Rock1,Npepps-C,UNKNOWN-C
Ap2b1,Nkapd1,Golm2-C,Kif21a-C
Arid4a,Usp9x,Pja2-C,Tmem161b-C
Rock1,Wasl,Nipbl-C,Pabpc1-C
Cep57,Zbtb7a,Gm43339-C,Samd14-C
Map9,Smarca2,Slk-C,Smarca5-C
Tmem259,Ubl3,Fxr1-C,Rad50-C
Lepr,Sntb2,Klhl18-C,Phf1-C
Krcc1,Top1,Ergic2-C,Ndfip1-C
Ap2b1,Slain2,Irak1bp1-C,Trappc14-C
Shb,Smim15,Ash1l-C,Kif2a-C
Phactr2,Tmem161b,4921504A21Rik-C,Phactr2-C
Fcho2,Zfp654,Cerkl-C,Pdap1-C
Arhgef12,Slk,Slk-C,Wbp4-C
Csnk1a1,Trappc14,Cep290-C,Kif21a-C
Tmem203,Xpc,Mfge8-C,Nedd4-C
9530026P05Rik,UNKNOWN,Cct4-C,Cdkn1c-C
Rplp1,Usp9x,Bclaf1-C,Nkapd1-C
Fcho2,Wbp11,Ash1l-C,Tmem161b-C
Rad50,Wasl,Mpp7-C,Shoc2-C
Arhgap5,Zfp1007,Cep290-C,Secisbp2l-C
Fcho2,Mef2a,Arhgap5-C,Fhad1-C
Camk1d,Fhad1,Baz1b-C,Krcc1-C
Rock1,Smarca5,Ccdc88a-C,Rbm27-C
Cerkl,Myof,Cdc14a-C,Guk1-C
Golm2,Npepps,Ap2b1-C,Iqgap2-C
Ehd1,Pcmtd1,Cct4-C,Top1-C
Lepr,Mrpl28,Crygn-C,Lrrc17-C
Chmp4c,Zfp383,Fhad1-C,Golm2-C
Dstn,Usp9x,Mia2-C,Rif1-C
Ergic2,Psma4,Krcc1-C,mt-Nd2-C
Cep290,Golm2,Mfge8-C,Scyl1-C
Golm2,Top1,Cep290-C,Pbx1-C
Dlgap4,Spata13,Evi5-C,Smc4-C
Dhx36,Qser1,Fgfr1op2-C,Tpr-C
Shb,Ttf1,Ccdc186-C,Tpr-C
Ccdc88a,Ergic2,Fhad1-C,Top1-C
Enpp5,Usp9x,Opa1-C,Tkt-C
Kif2a,Usp9x,Dync1h1-C,Dynlt2b-C
Ankrd12,Zbtb7a,Smarca2-C,Smc6-C
Shoc2,Sin3a,Krcc1-C,Psip1-C
Mafg,Phactr2,Ap3b1-C,Vps36-C
Wasl,Zfp638,Acox1-C,Krcc1-C
Smarca2,Ylpm1,Cct4-C,Pdap1-C
Mafg,Smarca2,Acbd4-C,Psmd3-C
Lepr,Secisbp2l,Fxr1-C,Ube2q2-C
Lrp6,Slc17a5,Ccdc59-C,Rora-C
Ccdc186,Golm2,Gtpbp4-C,Rock1-C
Cdkn1c,Golm2,Mfge8-C,Spata13-C
Pdap1,Wasl,Col8a1-C,Dcaf12l1-C
Pkn2,Tpr,Serbp1-C,Wbp4-C
Rif1,Usp9x,Itch-C,Sntb2-C
Stxbp4,Sytl2,Alkbh6-C,Flvcr1-C
Shc1,Tppp3,Kif2a-C,Phf3-C
Nipbl,Pi4ka,Phactr2-C,Slain2-C
Ankrd12,Mpp7,Ap2b1-C,Nkapd1-C
Drc3,Emc3,Enpp5-C,Shoc2-C
Rplp1,Wbp11,9530026P05Rik-C,Limch1-C
4930556M19Rik,Slc22a17,Golm2-C,mt-Nd2-C
Guk1,Spata13,Smim15-C,Tmem161b-C
Qser1,Usp9x,Cnnm4-C,Dynlt2b-C
Arhgap5,Nsg2,Rock1-C,Sppl3-C
Abitram,Shfl,Stag2-C,Usp9x-C
Ankrd12,Krcc1,Gm42636-C,Pold1-C
Arid4a,Zfp638,Arhgap5-C,Slk-C
Dhx36,Itch,Capn15-C,Gm43360-C
Npepps,Ube2q2,Pcmtd1-C,Ubc-C
Cdkl3,E2f2,Gxylt1-C,Nkapd1-C
Bclaf1,Zbtb7a,Pi4ka-C,Thyn1-C
Atf6b,Tm9sf3,Ankrd12-C,mt-Nd2-C
4930556M19Rik,B230219D22Rik,Kif2a-C,Mansc4-C
A430108G06Rik,Prxl2c,Ddb1-C,Pycr2-C
Ccdc88a,Fhad1,Ccdc18-C,Smc6-C
B230219D22Rik,Golm2,Rbm27-C,Tpr-C
Cntn1,Nipbl,Gstm6-C,Strada-C
Npepps,mt-Nd2,Arhgap5-C,Dnajc21-C
Ccdc186,Enpp5,Wasl-C,Ylpm1-C
Ccdc186,Rbm27,Ccdc59-C,Frg1-C
Plcb4,Wapl,Ash1l-C,Iqgap2-C
Kif21a,Nipbl,Cct4-C,Map9-C
Cebpz,Qser1,Gm12346-C,Suclg2-C
Pi4ka,Trabd,Prkaca-C,St6galnac4-C
Csnk1a1,Slc22a17,Kif2a-C,Rora-C
Ylpm1,Zic2,Cebpz-C,Phf3-C
Eea1,mt-Nd2,Slk-C,Smc6-C
Pawr,Snrnp48,Ergic2-C,Fer-C
Ap2b1,Iqgap2,Arhgap5-C,Zfp638-C
Adcy9,Map3k5,4930556M19Rik-C,Slc22a17-C
Arhgap5,Pcmtd1,Kif21a-C,Sntb2-C
Fxr1,Npepps,Rock1-C,Smarca2-C
Ccdc186,Rad50,Asb8-C,Lrrc8a-C
Snrnp48,Wasl,Npepps-C,Zic2-C
Cdkn1c,Rad50,Dnajc7-C,Mfge8-C
Exph5,Pdap1,Irak1bp1-C,Slc25a20-C
Fhad1,Phf3,Mef2a-C,Wbp11-C
Lrp6,Nipbl,Luzp1-C,Pkn2-C
B230219D22Rik,Zfp1007,Fcho2-C,Scg5-C
Evi5,Wasl,Igfbp2-C,Smarca5-C
Bclaf1,Krcc1,Cct4-C,Ylpm1-C
1700125H03Rik,Mansc4,Pawr-C,Phactr2-C
Adprh,Zfp638,Mafg-C,Rpn2-C
Enpp5,Zfp638,Cebpz-C,Mansc4-C
Kif2a,Zfp638,Plcb4-C,Ylpm1-C
Arid4a,Secisbp2l,Iqgap2-C,Rif1-C
Luzp1,Rock1,Atp6v1f-C,Mfge8-C
Pcgf5,Suz12,Ilvbl-C,Wbp11-C
Imp3,Pdlim5,Rad50-C,Zbtb7a-C
Kif21a,Tmem161b,Arhgap5-C,Dstn-C
Usp9x,mt-Nd2,Pabpc1-C,Phactr2-C
Ptges2,Smarca5,Lrp6-C,Pabpc1-C
Aox3,Bhlhe41,Pawr-C,Smarca2-C
Iqgap2,mt-Nd2,4921504A21Rik-C,Ube2q2-C
Dhx36,Plcb4,Rad50-C,Wasl-C
Pja2,Rad50,Nkapd1-C,Npepps-C
Sytl2,Zfp1007,Phf3-C,Sntb2-C
Arhgap5,Ash1l,Fhad1-C,Ylpm1-C
Dlg4,Wbp11,Sh3bgrl-C,Slc2a2-C
Cep290,Phf3,Dek-C,Smarca2-C
Dlg4,Mef2a,Ahcyl2-C,Dcaf12l1-C
Shoc2,Ylpm1,Enpp5-C,Fhad1-C
Rif1,Zfp638,Phf3-C,Smc6-C
Baz1b,Npepps,Pten-C,Smarca2-C
Dync1h1,Src,Dstn-C,Eea1-C
Fgfr1op2,Rora,B230219D22Rik-C,Fxr1-C
Arhgap5,Fhad1,Dnajc21-C,Wapl-C
Arhgap5,Csnk1a1,Ehd1-C,Zfp358-C
Nkapd1,Slk,Ccdc18-C,Kif2a-C
Phf3,Wbp4,Pdap1-C,mt-Nd2-C
Mansc4,Nkapd1,Eif3h-C,Stxbp4-C
Ccdc18,Pawr,Thyn1-C,Usp9x-C
Qser1,Zfp638,Ccdc186-C,Dek-C
Ccdc186,Phf3,Fam13b-C,Rad50-C
Ap2b1,Sntb2,Kif21a-C,Npepps-C
Pura,Sec62,Ccdc18-C,Ccdc186-C
Crygn,Lrrc17,Frg1-C,Fxr1-C
Erbin,Ptk2b,Frg1-C,Rock1-C
Brd4,Zbtb7a,Ilvbl-C,Srebf2-C
Luzp1,Pja2,Guk1-C,Wbp11-C
Pabpc1,Slc17a5,Inpp5a-C,Wbp4-C
Atp5me,Stxbp4,Fxr1-C,Pabpc1-C
Nipbl,Smc6,Ap2b1-C,Rbm27-C
Arhgap5,Lrrc8a,Brd4-C,Tomm22-C
Ccdc59,mt-Nd2,Pebp4-C,Serbp1-C
Phactr2,Wasl,Baz1b-C,Fhad1-C
Psmd3,Ubc,Ankrd12-C,Enpp5-C
1110004F10Rik,Camk1d,Psip1-C,Rock1-C
Kif21a,Mafg,Ccar1-C,Smim10l1-C
Nkapd1,Pkn2,Ccdc88a-C,Serbp1-C
Ccar1,Psma4,Ccdc88a-C,UNKNOWN-C
Sec62,mt-Nd2,Acbd4-C,Eeig1-C
Fgfr1op2,Kif2a,Mafg-C,Usf3-C
Eif3g,Klf3,Dbndd1-C,Eif3g-C
Eef1a1,Tm9sf3,Ildr2-C,Rock1-C
Itch,Kpna3,Mpp7-C,Zfp638-C
Arhgap5,Eea1,Cebpz-C,Upf2-C
Gm15675,Recql5,Cep290-C,Lrp6-C
Frg1,Ikzf5,Cebpz-C,Frg1-C
Ndufa8,Pbx1,Smarca5-C,Tulp4-C
Gtpbp4,Pcmtd1,Cdkn1c-C,Kif21a-C
Eeig1,Ifih1,4930412C18Rik-C,Hdgfl3-C
Cltb,Rpn2,Dhx29-C,Trappc14-C
Ankrd12,Pi4ka,Enpp5-C,Slk-C
Arid4a,Qser1,Smarca5-C,Stag2-C
Lpgat1,Tmem184c,Ccdc186-C,Fxr1-C
Fam13b,Tmem161b,Tmem161b-C,Zfp1007-C
Dynlt2b,Ganab,Arhgap5-C,Slc2a2-C
Adam15,Mfge8,Rock1-C,Usp9x-C
Dhx29,Tmem167,Upf2-C,Zbtb7a-C
Phactr2,Smarca5,Smc6-C,Zbtb7a-C
Ehd1,Wbp11,Fcf1-C,Mtrex-C
B230219D22Rik,Pcmtd1,Ccdc88a-C,Fhad1-C
Ctdspl2,Rad50,Brd4-C,Nkapd1-C
Nit2,Rgs7,Dnajc21-C,Evi5-C
Npepps,Pak2,Smc6-C,Wasl-C
Ap3b1,Ttf1,Gas6-C,Igfbp2-C
Ccdc59,Cep290,Tmem259-C,Tulp4-C
Ccdc186,Fhad1,Arid4a-C,Kif21a-C
Cdkn1c,Fhad1,Atf6b-C,Psmd3-C
Ccar1,Sptan1,Fhad1-C,Pak2-C
Clpp,Rock1,Gtpbp4-C,Stag2-C
Pi4ka,Usp9x,Arid4a-C,Secisbp2l-C
Slc22a17,Wasl,Dcaf12l1-C,Eif3h-C
Acbd4,Psmd8,Rif1-C,Slk-C
Ergic2,Rif1,Lepr-C,Secisbp2l-C
Cep290,Lrp6,Smarca5-C,Wbp4-C
Npepps,Tpr,Enpp5-C,Zfp638-C
Ccdc59,Dnajc21,Cep290-C,Fgfr1op2-C
Dnajc7,Opa1,1110004F10Rik-C,Kif2a-C
Dnajc13,Gxylt1,Baz1b-C,Slk-C
Smarca5,Tmem161b,Ide-C,Perm1-C
Arhgap5,Usp9x,Ash1l-C,Thyn1-C
Cep290,Eea1,Lepr-C,Pbx1-C
Dynlt2b,Pycr2,Slc17a5-C,Vps13b-C
Eif3g,Vangl1,Exph5-C,Tet1-C
Serbp1,mt-Nd2,Arid2-C,Tatdn2-C
Nek8,Rgs7,B230219D22Rik-C,Ndfip1-C
Enpp5,Qser1,Mpp7-C,Ralgapa2-C
Kif2a,Qser1,Ash1l-C,Rbm27-C
Rad50,Rbm27,Pi4ka-C,Slc17a5-C
B230219D22Rik,Fhad1,Eea1-C,Phf3-C
Brd4,Fer,Evi5-C,Setx-C
B230219D22Rik,Csnk1a1,Fhad1-C,Nipbl-C
Slc17a5,mt-Nd2,Usp9x-C,Zbtb7a-C
Josd1,Sec62,Psip1-C,Qser1-C
Frg1,Ylpm1,Clpp-C,Ndfip1-C
Fhad1,Usp9x,B230219D22Rik-C,Setbp1-C
Arid4a,Ildr2,Usp9x-C,Wasl-C
1110004F10Rik,Ube2q2,Rif1-C,Zfp638-C
Slk,Zfp1007,Ganab-C,Zfp768-C
Psip1,Zbtb7a,Ccdc148-C,Smc6-C
Arf2,Rtkn,Dctn2-C,Rhob-C
Dhx36,Npepps,Baz1b-C,Zfp638-C
Csnk1a1,Zfp322a,Ano8-C,Dnajc7-C
Acacb,Igfbp2,Ndfip1-C,Sntb2-C
Ndfip1,Zfp638,Cdkn1c-C,Gtpbp4-C
Prpf6,mt-Cytb,Psip1-C,Rdx-C
Eea1,Smarca5,Cdkn1c-C,mt-Nd2-C
Phactr2,Smim15,Arhgef12-C,Mafg-C
Ap3b1,Vps36,Eea1-C,Mansc4-C
B230219D22Rik,Lrrc8a,Ccdc148-C,Ildr2-C
Cep57,Pura,Ccdc88a-C,Slk-C
Ergic2,Fgfr1op2,Ildr2-C,Rdx-C
Dstn,Itch,Kif2a-C,Smc6-C
Pak2,Pcmtd1,Cast-C,Mtor-C
Lepr,Vps13b,Ash1l-C,Krcc1-C
Cep290,Usp9x,Krcc1-C,Rif1-C
Imp3,Tmem184c,Adck2-C,Tnfrsf1b-C
1110004F10Rik,Phactr2,Ankrd12-C,Sppl3-C
Fcho2,Gsk3b,Ergic2-C,Tmem161b-C
Mef2a,Slc17a5,Pak2-C,Slk-C
Evi5,Ibtk,Ccdc59-C,Cep290-C
Rock1,Slain2,Ccdc88a-C,Psip1-C
Luzp1,Wbp4,Golm2-C,Phactr2-C
Serbp1,Upf2,Pak2-C,Sptan1-C
B230219D22Rik,Eea1,Rock1-C,Snrnp48-C
Isg15,Mtpn,Nipbl-C,Rora-C
Dstn,Ildr2,Baz1b-C,Dstn-C
Arid4a,Plcb4,Arid4a-C,Gtpbp4-C
Ap2b1,Map9,Eif3g-C,Psmd8-C
Fam13b,Klf3,Arid4a-C,mt-Nd2-C
4921504A21Rik,Ctdspl2,Baiap2l1-C,Npas3-C
Nkapd1,Thyn1,Acacb-C,Ilvbl-C
Kif21a,Wasl,Gm15408-C,Nedd4-C
Cdkn1c,Usp9x,Ccdc88a-C,Zfp638-C
Dcaf12l1,Tulp4,Golm2-C,Smarca2-C
Errfi1,Upf2,Dnajc13-C,Gxylt1-C
Josd1,Serbp1,Dhx36-C,Eea1-C
Scg5,Wapl,Meaf6-C,Txnrd2-C
Dnajc21,Pcmtd1,Hlf-C,Sntb2-C
Evi5,Vps36,Rpn2-C,Smim10l1-C
Ccdc59,Tpr,Suz12-C,Ube2q2-C
Smarca2,Top1,Ap3b1-C,Pabpc1-C
Golm2,Krcc1,Dnajc21-C,Smc4-C
1110004F10Rik,4921504A21Rik,Cebpz-C,Sntb2-C
Ctdspl2,Wapl,Osbp-C,Tkt-C
4921504A21Rik,Pi4ka,Evi5-C,Fgfr1op2-C
Nkapd1,Phactr2,Pawr-C,Snrnp48-C
Arhgap5,Zfp638,B230219D22Rik-C,Stag2-C
Nkapd1,Smarca2,Pawr-C,Pkn2-C
Secisbp2l,Usp9x,Cep290-C,Smarca2-C
Pcmtd1,Sptan1,Fcho2-C,Mfge8-C
Kif21a,Smarca5,Arhgef12-C,Guk1-C
Pja2,Usp9x,Top1-C,Tpr-C
Eea1,Ndfip1,Cep290-C,Golm2-C
Cebpz,Npepps,Ergic2-C,Usf3-C
Btbd2,Nt5m,Dek-C,Pkn2-C
Nkapd1,Setbp1,Map9-C,Nkapd1-C
Pthlh,Txnrd2,Sufu-C,Zfp1007-C
B230219D22Rik,Usp9x,Rad50-C,Secisbp2l-C
Smim15,Tagln2,B230219D22Rik-C,Smarca5-C
Pawr,Psip1,Ccnd1-C,Ramac-C
Fhad1,Zfp638,Eef1a1-C,Hk1-C
Fgfr1op2,Pdap1,Ddb1-C,Mef2a-C
Eef1a1,Mfge8,Krcc1-C,Rad50-C
Pdap1,Slain2,Rhob-C,Setx-C
Atf6b,Eef1a1,Pabpc1-C,Pkn2-C
Bclaf1,Fam13b,Psmd3-C,Ptk2b-C
Cdc14a,Lrp6,B230219D22Rik-C,Fer-C
Brd4,Pdcd4,Ankrd12-C,Rif1-C
Evi5,Rbm27,Npat-C,Wapl-C
Dnajc21,Wapl,Btg1-C,Tppp3-C
Pabpc1,Thyn1,Gpaa1-C,Mfge8-C
Acox1,Kif21a,Cep290-C,Top1-C
Map9,Phf3,Bcat1-C,Mpp7-C
Pabpc1,Pdap1,B230219D22Rik-C,Wbp4-C
Nipbl,mt-Nd2,Phf3-C,Pi4ka-C
Fgfr1op2,Smarca2,Shb-C,Ttf1-C
Ddb1,Pycr2,Iqgap2-C,Pabpc1-C
Ccdc88a,Ylpm1,Psmd3-C,Ubc-C
Dcaf12l1,Fcho2,Rock1-C,Tpr-C
Irak1bp1,Trappc14,Ash1l-C,Shoc2-C
Dynll1,Ncaph2,Clpp-C,Wbp4-C
Csnk1a1,Pawr,Pi4ka-C,Psip1-C
Kpna3,Ube2q2,Pcmtd1-C,Slk-C
Gm12346,Rpp30,Ergic2-C,Slc25a13-C
Pabpc1,Smarca2,Pdap1-C,Sppl3-C
Kif2a,Rpn2,Dhx36-C,Luzp1-C
Ildr2,mt-Nd2,Ankrd12-C,Ergic2-C
Ildr2,Rplp1,Atf6b-C,Rpp30-C
Cope,Nt5m,Rdx-C,Slain2-C
Acacb,Ramac,Luzp1-C,Mafg-C
Ankrd12,Pkn2,Gm43339-C,Limch1-C
Gsta3,Trpc4ap,Bclaf1-C,Gtpbp4-C
Igfbp2,Ubc,Pdlim5-C,Pycr2-C
Clpp,Wbp4,Arhgap5-C,Golm2-C
Rad54l2,Tmem184c,Bclaf1-C,mt-Nd2-C
Pbx1,Rif1,Dstn-C,Zic2-C
Ccdc186,Zfp638,Ppp1r12a-C,Pura-C
Cdkn1c,Zfp638,Rad54l2-C,Stxbp4-C
Fgl2,Txnrd2,Eea1-C,Pura-C
Serbp1,Wasl,Ptges2-C,Sppl3-C
Bclaf1,Slk,Evi5-C,Vps36-C
Ccdc18,Frg1,Cebpz-C,Cep290-C
Rbm27,Wasl,Pcmtd1-C,Zfp638-C
Slc17a5,Tpr,Ccdc186-C,Smarca5-C
Jph1,Pdcd4,Grpel1-C,Ube3c-C
Cct4,Cdkn1c,Mrpl17-C,Tmem184c-C
Smc6,Ylpm1,Arid4a-C,Zfp1007-C
Ergic2,Fer,Ankrd12-C,Rad50-C
G2e3,Gm43360,Phactr2-C,Rora-C
Ccdc59,Ndfip1,Lepr-C,Lrp6-C
Shoc2,Top1,Pabpc1-C,Tpr-C
Fcho2,Guk1,Ash1l-C,Serbp1-C
Sh3bgrl,Slc2a2,Ash1l-C,Slc17a5-C
Ash1l,Npepps,Golm2-C,Usp9x-C
Dlg4,Rpl37,Npepps-C,Top1-C
Gtpbp4,Zfp638,Dync1h1-C,Tax1bp3-C
Smarca5,Wasl,Sytl2-C,Wapl-C
Pak2,Usp9x,Atp5me-C,Imp3-C
Ikzf5,Rock1,Smarca5-C,Tmem161b-C
Phactr2,Rbm27,Mansc4-C,Shoc2-C
Cep290,Secisbp2l,Gas6-C,Gpaa1-C
Lepr,Pbx1,Sin3a-C,Ube2q2-C
Ap2b1,Rock1,Fhad1-C,Pja2-C
Bclaf1,Pkn2,2810021J22Rik-C,Ide-C
B230219D22Rik,Zfp638,Ccdc186-C,Pura-C
Clpp,Pawr,Qser1-C,Tpr-C
Ddb1,Tkt,G2e3-C,Slc44a1-C
Igfbp2,Psmd3,Lpgat1-C,Tmem184c-C
Gxylt1,Psip1,Ap2b1-C,mt-Nd2-C
Ash1l,Top1,Klf3-C,Pbx1-C
Mafg,Pcmtd1,Mia2-C,Vps13b-C
Suz12,UNKNOWN,Cep290-C,Usp9x-C
Efhb,Krcc1,Map9-C,Wasl-C
Pi4ka,Qser1,Arid4a-C,Exph5-C
4921504A21Rik,Smc6,Kif21a-C,Synm-C
Smarca2,Synm,Nfyb-C,Smc6-C
Gnas,Pdcd4,Ro60-C,Wasl-C
Itch,Smarca5,Plcb4-C,Rock1-C
Tmem161b,Tpr,Trappc14-C,Vps36-C
Dek,Zbtb7a,Arhgap5-C,Pawr-C
Brd4,Smc6,Dynlt2b-C,Pycr2-C
Exph5,Rad50,Ric3-C,Ubc-C
Baz1b,Krcc1,Arid4a-C,Fgfr1op2-C
Pkn2,Usp9x,Ash1l-C,Fhad1-C
Dipk1a,Sema6a,Ehd1-C,Trappc14-C
Eef1a1,Hk1,Fhad1-C,Rock1-C
Cnnm4,Ddb1,Agrn-C,Shc1-C
Atp5me,Rad54l2,Bhmt2-C,Erbin-C
Ccdc18,Fxr1,Arhgef12-C,Smarca5-C
Shc1,Zfp638,Ccdc88a-C,Cebpz-C
Rora,Sytl2,Rbm27-C,Smarca5-C
Adam15,Evi5,Smarca5-C,Usf3-C
Brd4,Pura,Luzp1-C,Ndfip1-C
Lrp6,Ttf1,Fxr1-C,Mansc4-C
Gm12346,Gmppa,Tmem161b-C,Usp9x-C
Ruvbl1,Shfl,Fer-C,Smc6-C
Cep95,Fam13b,Opa1-C,Zfp768-C
Gsk3b,Pabpc1,Eea1-C,Fam13b-C
4921504A21Rik,Slk,Gm1976-C,Uros-C
Ahcyl2,Gm15408,4921504A21Rik-C,Mafg-C
Fhad1,Qser1,Smim15-C,Tagln2-C
Wbp4,Ylpm1,Arhgef12-C,Wbp4-C
Btbd2,Nkapd1,Npepps-C,Plcb4-C
Dstn,Npepps,Irak1bp1-C,Kif2a-C
Phactr2,Slain2,Ash1l-C,Ccdc18-C
Dek,Krcc1,Pkn2-C,Sntb2-C
Tpr,Ylpm1,Lrrc17-C,Thra-C
Ibtk,Wasl,Rbm27-C,Wbp4-C
Ccdc88a,Snrnp48,Eea1-C,Sntb2-C
Ehd1,Rpl37,Dync1h1-C,Rad54l2-C
Ehd1,Gsk3b,Nipbl-C,Sntb2-C
Ttf1,Ylpm1,Bclaf1-C,Enpp5-C
Nedd4,Osbp,Ppp1r12a-C,Smc6-C
Gm37219,Lurap1,Kif21a-C,Zbtb7a-C
Slk,Usp9x,Eea1-C,Smc6-C
Acbd4,Prkaca,Snrnp48-C,Tpr-C
UNKNOWN,Zfp322a,Krcc1-C,Slain2-C
Arhgap5,Itch,Ildr2-C,Npepps-C
Cep290,Qser1,Nipbl-C,Smc6-C
Baz1b,Fer,4930556M19Rik-C,Usf3-C
Kif2a,Stag2,Kif21a-C,Wasl-C
Eif3g,Emc10,Ikzf5-C,Top1-C
Dlg4,Rhob,Mpp7-C,Top1-C
Ankrd12,Ccdc186,Pja2-C,Slk-C
Phactr2,Pten,Cbarp-C,Sulf2-C
Nipbl,Tpr,Camk1d-C,Fhad1-C
Mansc4,Ylpm1,Ide-C,Zfp36l2-C
Ccdc148,Smc6,Npepps-C,Usp9x-C
Ash1l,Psip1,Cast-C,Nfe2l2-C
Ahcyl2,Eif3h,Cog8-C,Tulp4-C
Map9,Usp9x,Baz1b-C,Rif1-C
Cep95,Luzp1,Golm2-C,Pkn2-C
Pkn2,Shoc2,Btbd2-C,Ccar1-C
Bclaf1,Gtpbp4,Ankrd12-C,Arid4a-C
Pcmtd1,Ubc,Sntb2-C,Wapl-C
Ildr2,Tpr,Shoc2-C,Smc6-C
Ankrd12,Phactr2,Cdkn1c-C,Phactr2-C
C130021I20Rik,Dcxr,Arhgap5-C,Ylpm1-C
Luzp1,Ppp1r12a,Mpp7-C,Pdap1-C
Usp9x,Zbtb37,Ash1l-C,Slk-C
Pkn2,Sntb2,Ccdc186-C,Smc6-C
Slc17a5,Tmem203,Dock10-C,Kcnk5-C
Dnajc21,Zfp638,Phf3-C,Zbtb7a-C
Kpna3,Suz12,Slc22a17-C,Smarca5-C
Acox1,Smarca2,Krcc1-C,Pabpc1-C
Frg1,Top1,Klf3-C,Lepr-C
Nol8,Zfp638,Camk1d-C,Ccdc18-C
Pkn2,Zfp638,Cdkn1c-C,Smarca2-C
Cep95,Pkn2,Dync1h1-C,Nedd4-C
Dbndd1,Eif3g,Npepps-C,Ylpm1-C
Fhad1,Ildr2,Baz1b-C,Ergic2-C
Nipbl,Smarca5,B230219D22Rik-C,Rpn2-C
Arhgef12,Phf3,Ap3b1-C,Mafg-C
Pabpc1,Smim15,Ash1l-C,Psip1-C
Dynll1,Grpel1,Mpp7-C,Pawr-C
Ankrd12,Cep290,Ergic2-C,Rbm27-C
Shb,Ylpm1,Fhad1-C,Qser1-C
Bclaf1,Ccdc186,Enpp5-C,Top1-C
Psip1,Smc6,Arid4a-C,Phactr2-C
Kif21a,Rbm27,Cd47-C,Nedd4-C
Cntn1,Col8a1,Kif21a-C,Luzp1-C
Pdap1,Serbp1,Pfn1-C,Wbp11-C
Bclaf1,mt-Nd2,Ankrd12-C,Slain2-C
Opa1,Thra,Dync1h1-C,Scyl1-C
Exph5,Fhad1,Cep57-C,Dek-C
Eea1,Slain2,Plcb4-C,Rdx-C
Baiap2l1,Npas3,Ash1l-C,Zfp638-C
Eef1a1,Tulp4,B230219D22Rik-C,Tmem161b-C
B230219D22Rik,Qser1,Ccdc88a-C,Rif1-C
Arhgef12,Pcmtd1,Adcy9-C,Map3k5-C
Scrib,Tmem184c,Amfr-C,Bhmt2-C
Krcc1,Slk,Arid4a-C,Smarca2-C
Cep290,Ildr2,Atf6b-C,Wbp11-C
Psip1,Pura,Fhad1-C,Rdx-C
Golm2,Smc6,Art4-C,Eid2b-C
Psma4,Sptan1,Eea1-C,Kif2a-C
Cebpz,Fgfr1op2,Frg1-C,Tmem161b-C
Lrp6,Rbm27,Cebpz-C,Clpp-C
Gm42636,Pold1,Acox1-C,Ergic2-C
Smarca2,Zbtb7a,Baz1b-C,Cdkn1c-C
Arhgap5,Gsk3b,Fam13b-C,Klf3-C
Slk,Zfp638,Gpr162-C,Rad54l2-C
Slain2,mt-Nd2,Baz1b-C,Rad50-C
Ccdc186,Ildr2,Luzp1-C,Smarca5-C
Frg1,Pabpc1,Ccdc88a-C,Mpp7-C
Cyyr1,Xpc,Gtpbp4-C,Nkapd1-C
Grpel1,Igfbp6,Fgfr1op2-C,Tspan9-C
Ap2b1,Pbx1,Golm2-C,Tpr-C
Cfap46,Dhx29,Dlg4-C,Pja2-C
Acox1,Dek,Dnajc7-C,Pycr2-C
Bclaf1,Cep290,Ganab-C,Ilvbl-C
4921504A21Rik,Ccdc148,Luzp1-C,Wbp4-C
Ergic2,Smc6,Tkt-C,Wbp11-C
Map9,Zfp638,Ergic2-C,Krcc1-C
Kif21a,Nkapd1,Erbin-C,Psmd3-C
B230219D22Rik,Itch,Fcho2-C,Guk1-C
Phactr2,UNKNOWN,Ash1l-C,Dstn-C
Brd2,Stat3,Rora-C,Tulp4-C
Atf6b,Nek8,Bcl7a-C,Snora35-C
Dynlt2b,Tnfrsf1b,B230219D22Rik-C,Usf3-C
Cebpz,Zbtb7a,Phactr2-C,Sntb2-C
Arhgef12,Csnk1a1,Pten-C,Rock1-C
Fhad1,Rpn2,Ccdc186-C,Kif2a-C
Fcho2,Ubc,Ccdc88a-C,Golm2-C
Kif21a,Slain2,Phactr2-C,Smc6-C
Ehd1,Sptan1,Ctdspl2-C,Slc17a5-C
Cep41,Eef1a1,Ganab-C,Igfbp2-C
Dnajc7,Zfp219,Sh3bgrl-C,Trappc14-C
Mpp7,Npepps,Frg1-C,Usf3-C
Ergic2,Pura,Ccdc186-C,Tmem161b-C
Bclaf1,Cep57,Emc3-C,Nsmf-C
Tmem161b,Zfp1007,Josd1-C,Upf2-C
Frg1,Psip1,Ccdc88a-C,Rad50-C
Arid4a,Rif1,Arhgap5-C,Suz12-C
4921504A21Rik,Ube2q2,1110004F10Rik-C,Shoc2-C
Smarca5,Vps36,Ash1l-C,Enpp5-C
Dek,Fgl2,Ccdc59-C,Wasl-C
Ankrd12,Mia2,Agrn-C,Cnih2-C
Camk1d,Pabpc1,Nfyb-C,Slc25a13-C
4921504A21Rik,Ccdc186,Npepps-C,Pak2-C
Mafg,Wbp11,Amfr-C,Ubc-C
Mpp7,Top1,Ccdc88a-C,Top1-C
Ikzf5,Pawr,Ccdc18-C,Fhad1-C
Ccdc88a,Npepps,Enpp5-C,Map9-C
Fgfr1op2,Golm2,Gprc5c-C,Stxbp4-C
Rock1,Ylpm1,Asb8-C,Limch1-C
Pura,Top1,Tmem161b-C,Tpr-C
Cebpz,Krcc1,Bclaf1-C,Phactr2-C
Pdap1,Usf3,Pdap1-C,Slain2-C
Ccdc88a,Top1,Ap3b1-C,Setbp1-C
Ankrd12,Tpr,Arhgap5-C,Nipbl-C
Tulp4,Wbp11,Pi4ka-C,Rif1-C
Mafg,Zfp638,Acbd4-C,Mfge8-C
Kpna4,Suz12,Camk1d-C,Dstn-C
Pten,Smarca2,Pja2-C,Slc2a2-C
Ash1l,Cep95,Cdkn1c-C,Usp9x-C
Frg1,Synm,Nol8-C,Ralgapa2-C
B230219D22Rik,Plcb4,Atf6b-C,Dync1h1-C
Rad50,Ylpm1,Rplp1-C,Secisbp2l-C
Suz12,Ylpm1,Lrp6-C,Sntb2-C
Dync1h1,Eif3h,Ddb1-C,Fcho2-C
Arhgap5,Rhob,Bclaf1-C,Smarca2-C
Bclaf1,Mia2,Dek-C,Irak1bp1-C
Npepps,UNKNOWN,Lrp6-C,Smc6-C
Kif2a,Rif1,Dnajc13-C,Emc10-C
4921504A21Rik,Cep290,Ccdc88a-C,Pdap1-C
Limch1,Zfp322a,Gsk3b-C,Tulp4-C
Lepr,Psmd8,Frg1-C,Iqgap2-C
Arid4a,Fgfr1op2,4921504A21Rik-C,Smarca5-C
Cxxc4,Imp3,Fam13b-C,Rora-C
Fgfr1op2,Rbm27,Cerkl-C,Myof-C
Limch1,Sptan1,Ccdc88a-C,Pawr-C
Ganab,Ptk2b,Kif2a-C,Zbtb7a-C
Mfge8,Wapl,Arid4a-C,Usp9x-C
Wasl,Zbtb7a,Slc22a17-C,Tmem259-C
Smc6,Top1,Tpr-C,Zbtb7a-C
B230219D22Rik,Gsk3b,Smarca2-C,Zfp638-C
Ash1l,Zbtb7a,Apc2-C,Ralgapa2-C
Pabpc1,Rbm27,Kif2a-C,Wasl-C
B230219D22Rik,Rpn2,Gsk3b-C,Smarca5-C
1700125H03Rik,Slc17a5,Tpr-C,Wasl-C
Fxr1,Slk,Pura-C,Rbm27-C
Rora,Smarca2,Pdap1-C,Tpr-C
Arhgap5,Npepps,Ccdc88a-C,Plcb4-C
Cebpz,Fer,Nkapd1-C,Secisbp2l-C
Bclaf1,Tpr,Fxr1-C,Smc6-C
Gpaa1,Ubc,Rad50-C,Smarca2-C
Npepps,Shoc2,Rif1-C,Ylpm1-C
Pdap1,Ro60,Ehd1-C,Rora-C
Cdc14a,Ildr2,Arid4a-C,Baz1b-C
Ccdc18,Kif2a,Shoc2-C,Slc25a13-C
Nkapd1,Phf3,Luzp1-C,Smc6-C
Sntb2,Usp9x,C130089K02Rik-C,Gm4017-C
Arhgap5,Sptan1,Baz1b-C,Ylpm1-C
Pdap1,Ylpm1,Josd1-C,Sec62-C
Pabpc1,Rad50,Gsk3b-C,Wbp4-C
Eea1,Shoc2,Itch-C,Zfp638-C
Npepps,Sntb2,Dstn-C,Golm2-C
Atp5me,Psmd8,Dek-C,Ndfip1-C
Plgrkt,St6galnac4,Frg1-C,Nkapd1-C
1110004F10Rik,Ash1l,Ccdc186-C,Iqgap2-C
Acox1,Rab11fip5,Ccdc88a-C,Map9-C
Krcc1,mt-Nd2,1110004F10Rik-C,Fhad1-C
Eea1,Sntb2,Fzr1-C,Tmem184c-C
Cct4,Pdap1,Fam13b-C,Frg1-C
Ash1l,Krcc1,Baz1b-C,Slain2-C
Slain2,Tpr,Rmnd5b-C,Tppp3-C
1110004F10Rik,Fhad1,Ergic2-C,Serbp1-C
Rpn2,Smc6,Heatr3-C,Mfge8-C
Dek,Smc6,Arhgef12-C,Usf3-C
Acacb,Gpaa1,Nipbl-C,Pi4ka-C
Ccdc88a,Psip1,Ildr2-C,Nkapd1-C
Map9,Qser1,Cebpz-C,Eea1-C
Eif3h,Mfge8,Cebpz-C,Zbtb7a-C
Kif2a,Sppl3,Mafg-C,Rpl37-C
Dlg4,Ubc,Ap2b1-C,Rif1-C
5730455P16Rik,Fer,Dennd2c-C,Gm4017-C
Cct4,Smarca2,Cebpz-C,Wasl-C
Atf6b,Pycr2,Meaf6-C,Nicol1-C
Psip1,mt-Nd2,Slain2-C,Smim15-C
Cep290,Npepps,1110004F10Rik-C,Ccdc18-C
Ankrd12,Ndfip1,Atp5me-C,Mef2a-C
Dek,Pura,Cdkn1c-C,Pkn2-C
Adam15,Scyl1,Usf3-C,Wasl-C
Arid4a,Krcc1,Ccdc88a-C,Ylpm1-C
Itch,Pten,Ankrd12-C,Ash1l-C
Agrn,Cnih2,Ap3b1-C,Wbp4-C
Iqgap2,Sntb2,Slk-C,Zfp638-C
Cebpz,Ctdspl2,Acox1-C,Slain2-C
Rock1,Snrnp48,Ccdc186-C,Pi4ka-C
Net1,Nfyb,Ccar1-C,Copg1-C
Arhgef12,Mef2a,Ergic2-C,Fhad1-C
Golm2,mt-Nd2,Phf3-C,Slk-C
Rdx,Rock1,Cdc14a-C,Slc17a5-C
Ccdc18,Tmem161b,Bcat1-C,Ccdc59-C
Enpp5,Zbtb7a,Fxr1-C,Kif2a-C
Fer,Ppp1r12a,Rock1-C,Smarca5-C
Ccdc186,Npepps,Nkapd1-C,mt-Nd2-C
Acox1,Ap2b1,Arid4a-C,Snrnp48-C
Rbm27,Wapl,Serbp1-C,Slk-C
Pkn2,Plcb4,Psmd3-C,Tkt-C
Krcc1,Upf2,Arid4a-C,Pkn2-C
Phactr2,Usf3,Ccar1-C,Smarca5-C
Cebpz,Pi4ka,Ahcyl2-C,Gnas-C
Top1,Wasl,Crygn-C,Dnajc7-C
1110004F10Rik,Eea1,Rora-C,Tmem259-C
Limch1,Pawr,Erbin-C,Mtap-C
Ap2b1,Baz1b,Fhad1-C,Npepps-C
Ccdc186,Top1,Dstn-C,Plcb4-C
Cdkn1c,Top1,Iqgap2-C,Lrp2bp-C
Arhgef12,Zfp638,Enpp5-C,Nipbl-C
Dlgap4,Gm15408,Ash1l-C,Ro60-C
Dstn,Krcc1,Cct4-C,Nol8-C
Sntb2,Zfp638,Luzp1-C,Tmem161b-C
Mansc4,Top1,Cebpz-C,Luzp1-C
9530026P05Rik,Mpp7,Ap2b1-C,Rad50-C
Bclaf1,Ndfip1,4921504A21Rik-C,Smc6-C
Ilvbl,Wbp11,Ap2b1-C,Eif3g-C
Pycr2,Ric3,Rad50-C,Usp9x-C
Pawr,Smc4,Efhb-C,Krcc1-C
Cct4,Dek,Aox3-C,Pbx1-C
Atf6b,Scyl1,Cep290-C,Fxr1-C
Pdap1,Rock1,Cdkn1c-C,Pabpc1-C
Pcmtd1,Sh3bgrl,Tpr-C,UNKNOWN-C
Ergic2,mt-Nd2,Cep290-C,Rock1-C
Smarca5,Wapl,Ap3b1-C,Ttf1-C
Rad50,Zic2,Cdkn1c-C,Tpr-C
Ccpg1,Ganab,Baz1b-C,Nipbl-C
Gtpbp4,Sptan1,Dstn-C,Usp9x-C
Suz12,Zic2,B230219D22Rik-C,Rbm27-C
B230219D22Rik,Npepps,Agrn-C,Sptan1-C
Arid4a,Fer,Ash1l-C,Rif1-C
Pkn2,Rpn2,Npat-C,Sytl2-C
Fgfr1op2,Fhad1,Pabpc1-C,Smarca5-C
Dennd2c,Gm4017,Clpp-C,Rbm27-C
Fgfr1op2,Wapl,Arhgap5-C,Pja2-C
Ehd1,Ubc,Cep95-C,Pja2-C
B230219D22Rik,Sptan1,Mafg-C,Nedd4-C
Adam15,Slc22a17,Rora-C,Rpn2-C
Dcaf12l1,Vps13b,Ddb1-C,Rad54l2-C
Kif21a,Serbp1,Gm25517-C,Maco1-C
Zfp638,mt-Nd2,Frg1-C,Rbm27-C
Nprl2,Zfp300,Nsg2-C,Suz12-C
1110004F10Rik,Usp9x,Ergic2-C,Slk-C
Fer,Frg1,Ganab-C,Gpaa1-C
Capn15,Gm43360,Stag2-C,Tmem161b-C
9530026P05Rik,Rdx,Arid4a-C,Pabpc1-C
Ndfip1,Rif1,Dek-C,Pura-C
Phactr2,Ro60,Pabpc1-C,Wbp4-C
Dhx36,Smc6,Krcc1-C,Ndfip1-C
Shoc2,Slc25a13,Ccnd1-C,Zfp768-C
Nipbl,Slain2,Ash1l-C,Ergic2-C
Wbp11,Zfp1007,Rab11fip5-C,Ylpm1-C
Cyyr1,Hcn3,Atf6b-C,Mfge8-C
Dcaf12l1,Pja2,Ddit4-C,Dusp1-C
Gas6,Slc22a17,Dstn-C,Ylpm1-C
Phactr2,Ylpm1,Arid4a-C,Tpr-C
Erbin,Ganab,Klhl18-C,Pknox2-C
Fxr1,Ube2q2,Ergic2-C,Psip1-C
Exph5,Ylpm1,Pja2-C,Rad50-C
Tmem161b,Usp9x,1110004F10Rik-C,Dstn-C
Fxr1,mt-Nd2,Pbx1-C,Pi4ka-C
Enpp5,Fer,Dnase1l1-C,Zfp217-C
Nkapd1,Usp9x,Pi4ka-C,Trabd-C
Ash1l,Pi4ka,B230219D22Rik-C,Krcc1-C
Ndufs3,Psmd3,Pura-C,Serbp1-C
Pi4ka,Rif1,Ccdc88a-C,Nipbl-C
Acbd4,Mrpl17,Bclaf1-C,Pkn2-C
Krcc1,Tpr,Fgl2-C,Txnrd2-C
Ccdc186,Psip1,Ganab-C,Tmem259-C
Pycr2,Scyl1,Ergic2-C,Zfp638-C
Frg1,Fxr1,Dcaf12l1-C,Wbp11-C
Mfge8,Pycr2,Mfge8-C,Pycr2-C
Camsap2,Dr1,Fer-C,Krcc1-C
Rad54l2,Synm,Setx-C,Tmem80-C
Eea1,Map9,Atp6v1f-C,Ddb1-C
Pawr,Pkn2,Gprc5c-C,Pmm2-C
Gpr162,Hk1,4921504A21Rik-C,Kif2a-C
Dlg4,Nedd4,Ash1l-C,Cdkn1c-C
Hlf,Thyn1,Npepps-C,Rock1-C
Golm2,Pak2,Ash1l-C,Rad50-C
1110004F10Rik,Ccdc18,Amfr-C,Fcho2-C
Cdc14a,Guk1,Fgfr1op2-C,Rbm27-C
Psip1,Tpr,Ccdc186-C,Rbm27-C
Erbin,Pcgf5,Irak1bp1-C,Shoc2-C
Ilvbl,Tkt,Acbd4-C,Prkaca-C
Pak2,Sptan1,Sytl2-C,Zfp1007-C
Ap2b1,Frg1,Fndc3a-C,Ttf1-C
Baz1b,mt-Nd2,Gsk3b-C,Rpn2-C
Cebpz,Smc6,Pkn2-C,Zbtb7a-C
Shc1,Wbp4,Smc6-C,Usp9x-C
Sptan1,Wbp4,Cebpz-C,Rab11fip5-C
Ints11,mt-Cytb,Thra-C,Ubl3-C
Itch,Sntb2,Mansc4-C,Mpp7-C
Arid2,Tatdn2,Camk1d-C,Ergic2-C
Fhad1,Rif1,Eea1-C,Zbtb7a-C
Ganab,Mfge8,Pkn2-C,Wasl-C
Pura,Zbtb7a,Guk1-C,Myof-C
Iqgap2,Map9,Ccdc18-C,Cebpz-C
Golm2,Tpr,Rock1-C,Smc6-C
Camk1d,Fxr1,Iqgap2-C,Sntb2-C
Kif21a,Usf3,Eea1-C,Wasl-C
Arhgap5,Slc2a2,Atp6v1f-C,Mef2a-C
Cebpz,Pura,Cep290-C,Qser1-C
Ccdc88a,Zbtb7a,Kif21a-C,Zfp1007-C
Nol8,Npepps,Ddb1-C,Scyl1-C
Mafg,Rpl37,Ap2b1-C,Arid4a-C
Capn15,G2e3,Nedd4-C,Setx-C
Mafg,Rpn2,Rpl37-C,Tmem184c-C
Rock1,Top1,Gsk3b-C,Tmem161b-C
Cep290,Rif1,Lrp6-C,Mia2-C
Dek,mt-Nd2,Ankrd12-C,Ndfip1-C
Baz1b,Cep290,Dhx36-C,Top1-C
Mfge8,Tkt,Ccdc148-C,Psip1-C
Ccdc88a,Mpp7,Ash1l-C,Pdap1-C
Bcl7a,Ehd1,Arrdc4-C,Ttf1-C
Ddb1,Lpgat1,Dnajc7-C,Ptk2b-C
Arhgap5,Cep95,B130034C11Rik-C,Mansc4-C
Nkapd1,Zfp638,5730455P16Rik-C,Ash1l-C
Rad50,Top1,Dnajc7-C,Nek8-C
Adck2,Eef1a1,Fgfr1op2-C,Krcc1-C
Luzp1,Tmem161b,Scyl1-C,Tkt-C
Gsk3b,Rora,Slc17a5-C,Synm-C
Mpp7,Rdx,Bclaf1-C,Pabpc1-C
Ergic2,Wasl,Pawr-C,Smc6-C
Bclaf1,Phf3,Nfyb-C,Shoc2-C
Nipbl,UNKNOWN,Cast-C,Zhx1-C
Ildr2,Iqgap2,Cog8-C,Dlg4-C
Ankrd12,Ash1l,Bclaf1-C,Tpr-C
Irak3,Tada1,Efhb-C,Serbp1-C
Rbm27,Sin3a,Dek-C,Smc6-C
Dcaf12l1,Wbp4,Ildr2-C,Rplp1-C
Gxylt1,Pkn2,Ap2b1-C,Slain2-C
Snrnp48,Zfp322a,Arhgef12-C,Rbm27-C
Krcc1,Ndfip1,Ap3b1-C,Kif2a-C
Kif21a,Ro60,Ndfip1-C,Zfp638-C
Pura,Rdx,Gxylt1-C,Pkn2-C
Exph5,Snrnp48,Nedd4-C,Sytl2-C
Pbx1,Rplp1,Eif3g-C,Pura-C
Kif21a,Ylpm1,Ptk2b-C,Scyl1-C
Slk,Sptan1,Baz1b-C,Ccdc59-C
Ash1l,Fam13b,Dstn-C,Suz12-C
Ccdc88a,Rdx,Pabpc1-C,Smc6-C
Gtpbp4,Rif1,Mansc4-C,Top1-C
Phactr2,Zic2,B230219D22Rik-C,Shoc2-C
Gpaa1,Sh3bgrl,Ikzf5-C,Rock1-C
Slk,Top1,Jph1-C,Ppfibp1-C
Kpna3,UNKNOWN,Eea1-C,Luzp1-C
Tkt,Tmem259,Clpp-C,Shoc2-C
Fxr1,Pak2,Ash1l-C,Zbtb37-C
Cstf2,Tnfrsf1b,Smim15-C,Zfp78-C
Cep290,Fgfr1op2,Usp9x-C,Ylpm1-C
D630036H23Rik,Tm9sf3,Rdx-C,Smc6-C
B230219D22Rik,Rif1,Cep57-C,Nol8-C
Npepps,Rpn2,Rif1-C,Vps13b-C
Npepps,Rock1,Ccdc148-C,Dstn-C
Phf3,Wasl,Cdkn1c-C,Dek-C
Fxr1,Tpr,Apc2-C,Cbarp-C
Iqgap2,Plcb4,Adam15-C,Slc22a17-C
Nipbl,Sntb2,Dhx36-C,Plcb4-C
Pja2,Ubc,Evi5-C,Irak1bp1-C
Gsk3b,Slk,Dnajc21-C,Snrnp48-C
Eea1,Rock1,Qser1-C,Smc6-C
Arid4a,Smc6,Arhgap5-C,Itch-C
Ccar1,Cep290,Smarca5-C,mt-Nd2-C
Mtpn,Serpinb8,Ash1l-C,Map9-C
Kpna3,Shoc2,Rad50-C,Tpr-C
Pja2,Slc2a2,Pbx1-C,Thyn1-C
Ubl3,Zfp975,Atf6b-C,Tm9sf3-C
Gsk3b,Luzp1,Slc17a5-C,Wasl-C
Ash1l,Slk,Map9-C,Sppl3-C
Ildr2,Sntb2,4921504A21Rik-C,Iqgap2-C
Ccdc186,Cep95,Efhb-C,Fhad1-C
Clpp,Nipbl,Ap2b1-C,Pabpc1-C
Ankrd12,Eea1,Exph5-C,Phactr2-C
B230219D22Rik,Slc2a2,Iqgap2-C,Kif2a-C
Phf3,Smarca5,Ccar1-C,Kif2a-C
Arid4a,Tet1,Ccdc148-C,Lepr-C
Cep290,Zbtb7a,Igfbp2-C,Pcmtd1-C
Fn3krp,Pqbp1,Jph1-C,Qser1-C
Efhb,Tpr,Adam15-C,Ilvbl-C
Agrn,Trappc14,Ddit4-C,Ilvbl-C
Iqgap2,Rpn2,Npepps-C,Rdx-C
Nipbl,Serbp1,Cdc14a-C,Rad54l2-C
9530026P05Rik,Sytl2,Rock1-C,Tmem161b-C
Baz1b,Tpr,Gtpbp4-C,mt-Nd2-C
Ccdc186,Zbtb7a,B230219D22Rik-C,Slc17a5-C
Cdkn1c,Zbtb7a,Slain2-C,mt-Nd2-C
Ash1l,Pkn2,Evi5-C,Qser1-C
Ildr2,Serbp1,Fer-C,Serbp1-C
Arhgef12,Rpl37,Clpp-C,Serbp1-C
Cep290,Ppp1r12a,Ccdc186-C,Shoc2-C
Arhgef12,Gsk3b,Smarca2-C,Top1-C
Dync1h1,Dynlt2b,Map9-C,Smarca2-C
Ccar1,Cebpz,9530026P05Rik-C,UNKNOWN-C
Enpp5,Smc6,Rplp1-C,Wbp11-C
Kif2a,Smc6,Ndufa8-C,Nedd4-C
Ptges2,Snora35,Pkn2-C,UNKNOWN-C
Meaf6,Txnrd2,Ylpm1-C,Zfp638-C
Luzp1,Pdap1,Enpp5-C,Phf3-C
Cep290,Krcc1,UNKNOWN-C,Zfp322a-C
Cyyr1,Npepps,Kpna3-C,Phactr2-C
Lepr,Nipbl,Fhad1-C,Nkapd1-C
Rbm27,Ylpm1,Nkapd1-C,Phactr2-C
Bclaf1,Eea1,Nipbl-C,UNKNOWN-C
Dnajc7,Osbp,Ash1l-C,Slain2-C
Psmg3,Zbtb37,Cep290-C,Fer-C
Fgl2,Krcc1,Arhgef12-C,Ehd1-C
Ap3b1,Pabpc1,Ibtk-C,Ubc-C
Enpp5,Pura,4921504A21Rik-C,Pi4ka-C
Ganab,Nsg2,Psmd3-C,Wbp11-C
Gtpbp4,Zbtb7a,Ccdc59-C,Zfp1007-C
Ccdc148,Dstn,Dnajc7-C,Zfp219-C
Ildr2,Secisbp2l,Dlg4-C,Ptges2-C
Emc10,Iqgap2,Kpna3-C,Smarca2-C
Nkapd1,Qser1,Ankrd12-C,Pura-C
Ash1l,Camk1d,Nkapd1-C,Smarca2-C
Smc4,Snrnp48,Rora-C,Wapl-C
Ccdc88a,Pi4ka,Nsg2-C,Pja2-C
Mansc4,Mpp7,Clec14a-C,Thra-C
4921504A21Rik,Ash1l,Cdkn1c-C,Slc25a20-C
Por,Smpdl3b,Eef1a1-C,Psmd3-C
Dlg4,Smc4,Atp6v1f-C,Gprc5c-C
Ccdc59,Rock1,B230219D22Rik-C,Fhad1-C
Cdkn1c,Krcc1,Ofd1-C,Zbtb11os1-C
Smarca5,Ylpm1,Irak1bp1-C,Sptan1-C
Mrps18a,Pdlim5,Arid4a-C,Fxr1-C
Dbndd1,Gin1,Emd-C,Smarca5-C
Shc1,Ube2m,Fer-C,Fhad1-C
Slc22a17,Tmem259,Ehd1-C,Ptges2-C
Ofd1,Uros,Clpp-C,Fhad1-C
Qser1,Smc6,Kif21a-C,Phactr2-C
Gprc5c,Nicol1,Ap3s2-C,Klc1-C
Ibtk,Usf3,Ildr2-C,Kif21a-C
1110004F10Rik,Itch,Aasdhppt-C,Thra-C
Fgfr1op2,Gm43339,Smc6-C,Tpr-C
Ccpg1,Dync2li1,Dynlt2b-C,Phf1-C
Cebpz,mt-Nd2,Ccdc186-C,Serbp1-C
Nfyb,Smim10l1,5730455P16Rik-C,Phf3-C
Ppfibp1,Rpl37,Rpn2-C,Smc6-C
Cep290,Eif3g,Ddb1-C,Mrpl17-C
Pkn2,Rif1,Itch-C,Pdap1-C
Mef2a,Wbp11,Mansc4-C,Ylpm1-C
Brd4,Prpf6,Ash1l-C,Pi4ka-C
Gtpbp4,Krcc1,Mpp7-C,Rdx-C
Aasdhppt,Thra,Kif21a-C,Smarca2-C
Kif21a,Zic2,Krcc1-C,Sntb2-C
Rpn2,Smarca5,Opa1-C,Thra-C
Bclaf1,Usp9x,Efhb-C,Psip1-C
Npepps,Stag2,Plcb4-C,Wapl-C
Cep290,Fer,Pak2-C,Pja2-C
Igfbp2,Smarca5,Wasl-C,Zbtb7a-C
B230219D22Rik,Krcc1,Dctn2-C,Fzr1-C
Gm5141,Tmem259,Krcc1-C,Smc6-C
Frg1,Slk,Pawr-C,Usf3-C
Frg1,Kif21a,Npepps-C,Stag2-C
Arhgap5,Ctdspl2,UNKNOWN-C,Wapl-C
Ro60,Smarca2,Ttf1-C,Usp9x-C
Dnajc21,Slc2a2,4930412C18Rik-C,Mrpl28-C
Fchsd2,Mrps18a,Ctdspl2-C,Rad50-C
Cebpz,Cep290,Aldh1l1-C,Krt23-C
Eif3h,Wbp11,Pten-C,Usf3-C
Ccnd1,Ptk2b,Slk-C,Top1-C
Bclaf1,Iqgap2,Efhb-C,Zfp638-C
Baz1b,Ndfip1,Baz1b-C,Mansc4-C
Dlg4,Slk,Bclaf1-C,Dek-C
Cd47,Osbp,4930556M19Rik-C,Sh3bgrl-C
Phf3,Ttf1,Birc2-C,Wbp4-C
Dek,Ruvbl1,5730455P16Rik-C,Mansc4-C
Slc22a17,Tspan9,Ccar1-C,Ccdc88a-C
Luzp1,Wasl,Phactr2-C,Shoc2-C
Nfyb,Slc25a13,Josd1-C,Mrps5-C
Rora,Wapl,Ccdc88a-C,Phf3-C
Ash1l,Gtpbp4,Baz1b-C,Rora-C
Cebpz,Upf2,Fgfr1op2-C,Fhad1-C
Ccar1,Smarca5,Ccdc186-C,Fhad1-C
Cep57,Nol8,Ccdc18-C,Pawr-C
Gnas,Slc44a1,Nedd4-C,Wbp11-C
Agrn,Dcaf12l1,2410124H12Rik-C,Perm1-C
Ankrd12,Zfp638,Enpp5-C,Rdx-C
Ddit4,Ilvbl,Exph5-C,Usp9x-C
Frg1,Pkn2,Dek-C,Slc25a13-C
Eea1,Mansc4,Rplp1-C,Usp9x-C
Dstn,Kpna3,Fer-C,Slk-C
Csnk1a1,Ptges2,Clpp-C,Slk-C
Camk1d,Kif21a,Golm2-C,Smc6-C
Fer,Nipbl,Ash1l-C,Nipbl-C
Ash1l,Ube2q2,Frg1-C,mt-Nd2-C
Mpp7,Smc4,Ptges2-C,Smarca5-C
Dek,Ndfip1,Evi5-C,Smarca5-C
Mcfd2,Rpp30,Pdap1-C,Pura-C
Wasl,mt-Nd2,Smarca2-C,Ylpm1-C
Osbp,Pycr2,Ergic2-C,Rif1-C
Atf6b,Gm5141,Map9-C,Usp9x-C
Ash1l,Ccdc186,9530026P05Rik-C,Sptan1-C
B230219D22Rik,Fer,Phf3-C,Top1-C
Gpr162,Wbp11,Psip1-C,mt-Nd2-C
Mfge8,Tmem259,Ankrd12-C,Sntb2-C
Ash1l,mt-Nd2,Fer-C,Psip1-C
Shoc2,Smarca2,Serbp1-C,Top1-C
Adck2,Ubl3,Ap2b1-C,Ash1l-C
Arhgef12,Guk1,Ankrd12-C,Smc6-C
Cep95,Eea1,Nipbl-C,Slk-C
Camsap2,Mtor,Evi5-C,Wbp4-C
1110004F10Rik,Rpn2,Frg1-C,Psip1-C
Nkapd1,Plcb4,Phactr2-C,UNKNOWN-C
Dlg4,Dnajc7,B230219D22Rik-C,Zfp638-C
Arhgap5,Sh3bgrl,Ildr2-C,mt-Nd2-C
Evi5,Shc1,Pja2-C,Trappc14-C
Upf2,Zbtb7a,4921504A21Rik-C,Rbm27-C
Arid4a,Bclaf1,Baz1b-C,Frg1-C
Actr3,Slc25a16,Arid4a-C,Ndfip1-C
Ash1l,Phactr2,Clpp-C,Zfp638-C
Ap3s2,Zfp768,Tmem80-C,Zfp1007-C
Ubc,Zfp1007,Pcmtd1-C,Pja2-C
Slc17a5,Vps13b,Pkn2-C,Zic2-C
Dnajc21,Limch1,Ap2b1-C,Stk26-C
Fcf1,Lrrc17,Nkapd1-C,Usp9x-C
Trappc14,Zfp638,Ankrd12-C,Ildr2-C
Ccdc186,Ctdspl2,Ccdc148-C,Ro60-C
Fn3krp,Gnas,Erbin-C,Fchsd2-C
Erbin,Fchsd2,Nipbl-C,Zfp638-C
Iqgap2,Pbx1,Fgfr1op2-C,mt-Nd2-C
Usp9x,Wbp4,Agrn-C,Dcaf12l1-C
Ap2b1,Kif2a,Ccdc186-C,Slk-C
Arid4a,mt-Nd2,Rad50-C,Rock1-C
1700125H03Rik,Cerkl,Fxr1-C,Shoc2-C
Smarca2,Tpr,Fhad1-C,Smim15-C
Npepps,Pawr,Kpna3-C,Ube2q2-C
Nkapd1,Rpn2,Kif21a-C,Usp9x-C
4921504A21Rik,Iqgap2,Dlg4-C,Pten-C
Inpp5a,Wbp4,Pabpc1-C,Pi4ka-C
Ccdc186,Pi4ka,Dstn-C,Fxr1-C
Ash1l,Cep290,Lrrc8c-C,Pqbp1-C
Ash1l,Dhx36,Dstn-C,Rock1-C
Mafg,Rif1,Arhgap5-C,Npepps-C
Eea1,Pawr,Ergic2-C,Rad50-C
Pkn2,Ppp1r12a,Ahcyl2-C,Eif3h-C
Osbp,Scyl1,Fgfr1op2-C,Psip1-C
Dync1h1,Ubl3,Ap3s2-C,Osbp-C
Tsc22d1,UNKNOWN,Ccdc186-C,Psip1-C
Dstn,Ube2q2,B230219D22Rik-C,Lrrc8a-C
Map9,Sppl3,Atp5me-C,Rpl37-C
Lrrc17,Rhob,Ccdc88a-C,Upf2-C
Ap2b1,Nipbl,Shoc2-C,Zfp638-C
B230219D22Rik,Ctdspl2,Ccdc88a-C,Rdx-C
Ccdc88a,Slk,Ccdc59-C,Smarca2-C
Cspg5,Dynll1,Ccdc88a-C,Frg1-C
Cebpz,Tpr,Slk-C,Ylpm1-C
Clpp,Wasl,Cebpz-C,Fgfr1op2-C
Slk,Zbtb7a,B230219D22Rik-C,Sh3bgrl-C
Plcb4,Slk,Pcmtd1-C,Phf3-C
Arid4a,Cep290,Brd4-C,Snora35-C
Mafg,Ubc,Golm2-C,Kif2a-C
Ccdc88a,Luzp1,Smarca5-C,Sppl3-C
Ankrd12,Clpp,Tmem259-C,Zfp975-C
Phf3,Rbm27,Ccdc186-C,Zfp638-C
Fndc3a,Lmtk3,Mcfd2-C,Slc44a1-C
Pi4ka,Smc6,Dnajc7-C,Heatr3-C
Klf3,Zbtb37,Exph5-C,Snrnp48-C
Mpp7,Pkn2,Exph5-C,Pkn2-C
Kif2a,mt-Nd2,Mafg-C,Pabpc1-C
Enpp5,mt-Nd2,Guk1-C,Mef2a-C
Opa1,Zfp219,Atp6v1f-C,Fcho2-C
Ergic2,Nkapd1,Golm2-C,Tmem161b-C
Pcmtd1,Smarca5,Csnk1a1-C,Lrrc8a-C
Map9,Zbtb7a,Mafg-C,Tpr-C
Ergic2,Slain2,Pdap1-C,Sntb2-C
Ccdc88a,Pkn2,Ankrd12-C,Kif2a-C
Rad50,Rdx,Ehd1-C,Ubc-C
Rif1,mt-Nd2,Pdap1-C,Smc6-C
Cerkl,Ndn,Mafg-C,Rnf187-C
Clec14a,Tm9sf3,Rora-C,Smc4-C
Lrp6,Top1,Map9-C,Pkn2-C
Adprh,Mafg,Ergic2-C,Pdap1-C
Nipbl,Rock1,Lrrc8a-C,Pja2-C
Npepps,Rif1,Cstf2-C,Tnfrsf1b-C
Ankrd12,Qser1,Csnk1a1-C,Sh3bgrl-C
Qser1,mt-Nd2,B230219D22Rik-C,Pcmtd1-C
Fhad1,Smc6,Pdlim5-C,Scyl1-C
Mtpn,Pfn1,Luzp1-C,Serbp1-C
Sufu,Usf3,Arhgef12-C,Slk-C
Arid4a,Cebpz,Ndufs3-C,Psmd3-C
Jph1,Zfp654,Eef1a1-C,Sytl2-C
1110004F10Rik,Npepps,Ccdc148-C,Golm2-C
Ildr2,Rock1,Atp5me-C,Rad54l2-C
B230219D22Rik,Sh3bgrl,Bhlhe41-C,St6galnac4-C
Ap3s2,Opa1,Rbm27-C,Slk-C
Frg1,Phactr2,Prpf6-C,Sec62-C
Bhmt2,Gas6,Dlg4-C,Wapl-C
Eif3h,Stxbp4,Gm43339-C,Wasl-C
Ccdc59,Pawr,Bclaf1-C,Ndfip1-C
Iqcc,Nup214,Gtpbp4-C,Phactr2-C
Usf3,Wasl,Ergic2-C,Pawr-C
Frg1,Smarca2,Arhgef12-C,Dnajc21-C
Fer,Pdap1,Phf3-C,Ylpm1-C
1110004F10Rik,Stag2,Kpna3-C,Pkn2-C
Fer,Klf3,Pcmtd1-C,Rora-C
Mfge8,Ramac,Nkapd1-C,Pkn2-C
Nipbl,Vps13b,Dync1h1-C,Lpgat1-C
Kif21a,Pabpc1,Ildr2-C,Lrp6-C
Fcho2,Zfp358,Phactr2-C,Slk-C
Cep290,Smc6,Arid4a-C,Smarca5-C
Pdap1,Rdx,Csnk1a1-C,Pcmtd1-C
Ccdc88a,Kpna3,Fcho2-C,Pdlim5-C
Ctdspl2,Pi4ka,Dnajc21-C,Mafg-C
Dnajc7,Wbp11,Sntb2-C,Usp9x-C
Ash1l,Tpr,Golm2-C,Usf3-C
Irak1bp1,Kif2a,Gtpbp4-C,Smarca2-C
Kif2a,Nfyb,Acad9-C,Dpysl4-C
Smim15,Tmem161b,1110004F10Rik-C,Ylpm1-C
Nkapd1,Npepps,Arhgef12-C,Zfp638-C
Nfe2l2,Secisbp2l,Arid4a-C,Fer-C
Iqgap2,Rif1,Copg1-C,Ehd1-C
Lrp6,Pabpc1,Itch-C,Nipbl-C
Itch,Mansc4,Slain2-C,Smarca2-C
Bclaf1,Qser1,Col8a1-C,Irak3-C
Ccdc18,Fhad1,Rbm27-C,Zfp638-C
Frg1,Ralgapa2,Ccdc186-C,Enpp5-C
Cdkn1c,Smc6,Ash1l-C,Vps13b-C
Crygn,Zfp219,Exph5-C,Pabpc1-C
Slc17a5,Wbp4,Synm-C,Usp9x-C
Kif21a,Psip1,Kif21a-C,Pkn2-C
Bclaf1,Map9,Mpp7-C,Npepps-C
Fcho2,Smarca5,Phactr2-C,Zic2-C
Adck2,Pycr2,Gpaa1-C,Gprc5c-C
Arid4a,Tpr,Kif2a-C,Top1-C
Rbm27,Top1,Dync2li1-C,Slc25a16-C
Ankrd12,Ildr2,Ergic2-C,Map9-C
Cdkn1c,Pura,Pthlh-C,Txnrd2-C
Dhx36,Tomm22,Phactr2-C,Zfp638-C
Pebp4,Serbp1,Npepps-C,Rpn2-C
Dnajc21,Rab5a,Rif1-C,Sntb2-C
Irak1bp1,Pkn2,Arhgef12-C,Rpl37-C
Krcc1,Sntb2,Emc10-C,Fgfr1op2-C
Igfbp2,Tulp4,Map9-C,Tpr-C
Ccdc88a,Gtpbp4,Pabpc1-C,Thyn1-C
Pak2,Sh3bgrl,Ash1l-C,B230219D22Rik-C
Dnajc7,Gas6,Baz1b-C,Sntb2-C
Fgfr1op2,Npepps,Lrp6-C,Pbx1-C
Ccdc186,Slk,Ccnd1-C,Hk1-C
Cdkn1c,Slk,Pabpc1-C,Rbm27-C
Ap2b1,Pdap1,Dcaf12l1-C,Pja2-C
Ap2b1,Klf3,Mrps18a-C,Thyn1-C
B230219D22Rik,Smc6,Dlg4-C,Evi5-C
Armcx2,Asb8,Col8a1-C,Gm9920-C
Ndfip1,Tmem161b,Cebpz-C,Golm2-C
Kif21a,Synm,Tmem161b-C,Usf3-C
Ahcyl2,Dcaf12l1,Fsbp-C,Sox13-C
Arid4a,Smarca5,Ccdc148-C,Plcb4-C
Cables2,Fhl1,Nkapd1-C,Pabpc1-C
Fer,Wasl,Ankrd12-C,Slc25a13-C
Fgfr1op2,Top1,Qser1-C,Thyn1-C
Fam13b,Pabpc1,Nkapd1-C,Tpr-C
Golm2,Shoc2,Baz1b-C,Ildr2-C
Cnnm4,Fcho2,Acad9-C,Vmp1-C
Dstn,Suz12,Morn4-C,Nicol1-C
Mef2a,Rpl37,Cep290-C,Iqgap2-C
Mpp7,Phactr2,Ankrd12-C,Ccdc88a-C
Dync1h1,Pycr2,Ptger1-C,Rbm20-C
Pja2,Slk,Gm15675-C,Grpel1-C
Mpp7,Smarca2,Cebpz-C,Top1-C
Dek,Slain2,Acox1-C,Sntb2-C
Lrp6,Synm,Aldh9a1-C,Msh2-C
Frg1,Mia2,Ergic2-C,Slain2-C
Golm2,Sntb2,Fxr1-C,Slk-C
Rmnd5b,Tppp3,Cyyr1-C,Ro60-C
Luzp1,Rad50,Imp3-C,Pdlim5-C
Nedd4,Psmd3,Dek-C,Krcc1-C
Ilvbl,Ubc,Fam13b-C,Luzp1-C
Kif2a,Wasl,5730455P16Rik-C,Cast-C
Dynlt2b,Tax1bp3,Ccdc59-C,Ylpm1-C
Pura,Smarca2,Ppp1r12a-C,Prpf6-C
Frg1,Pak2,Plcb4-C,Secisbp2l-C
Ccdc88a,Phactr2,Atf6b-C,Pycr2-C
Mansc4,Pkn2,Luzp1-C,Slk-C
Fxr1,Usp9x,Psmg3-C,Tada1-C
Gm37204,Mpp7,Fhad1-C,Kif21a-C
Rif1,Tpr,Dnajc7-C,Tkt-C
Irak1bp1,Slc25a20,Gm9920-C,Mef2a-C
Dnajc7,Tkt,Arhgef12-C,Pcmtd1-C
Krcc1,Nol8,Cdkn1c-C,Smc6-C
1700018L02Rik,Ints10,Cep41-C,Eef1a1-C
Mpp7,Ralgapa2,Gm20052-C,Pebp4-C
Slc25a20,Slk,Ash1l-C,Phf3-C
Smc6,Thyn1,Fxr1-C,Zic2-C
Kif2a,Smarca5,Luzp1-C,Psip1-C
Ccdc88a,Cep290,Rdx-C,Zbtb7a-C
Ergic2,Sntb2,Dhx36-C,Fxr1-C
Arid4a,Ndfip1,Efhb-C,Ergic2-C
Ap3b1,Cdkn1c,Fxr1-C,Zfp638-C
Qser1,Wasl,Nol8-C,Rock1-C
Luzp1,Nkapd1,Gsta4-C,Psma4-C
Arhgef12,Limch1,4921504A21Rik-C,Fhad1-C
Top1,Ylpm1,Ankrd12-C,Pi4ka-C
Psmd3,Pycr2,Tpr-C,Usp9x-C
Arhgap5,Ube2q2,B230219D22Rik-C,Ro60-C
Rif1,Smarca5,Bclaf1-C,Pura-C
Ildr2,Pbx1,Cep290-C,Nkapd1-C
Jph1,Qser1,Baz1b-C,Cep290-C
Ccnd1,Hk1,Luzp1-C,Zfp638-C
Ccdc88a,Cep57,Pdlim5-C,Scg5-C
Cdkn1c,Slc25a20,Rock1-C,Shoc2-C
Rock1,Rora,1110004F10Rik-C,Nipbl-C
Btg1,Jmjd4,Arid4a-C,Smc6-C
Dnajc21,Smc4,Ankrd12-C,Mia2-C
Fgfr1op2,Psip1,Pja2-C,Rora-C
Ergic2,Serbp1,Ankrd12-C,Clpp-C
Eea1,Frg1,Dstn-C,Stag2-C
Gpaa1,Mfge8,Rad50-C,Smarca5-C
Fxr1,Shoc2,0610040J01Rik-C,Plekhn1-C
Brd4,Nprl2,Gnas-C,Mcfd2-C
Bcl7a,Snora35,Ash1l-C,Mansc4-C
Gm37219,Kif22,Evi5-C,Usf3-C
Fhad1,mt-Nd2,Ndfip1-C,Ylpm1-C
Pkn2,Smc6,Ap3b1-C,Slc17a5-C
Rad50,Rora,Rad54l2-C,Rpl37-C
Hsdl2,Sema3g,Ildr2-C,Phactr2-C
Clpp,Rbm27,Rad50-C,Wbp4-C
Pard6a,Sympk,Kif2a-C,Ylpm1-C
Cerox1,Ube2m,Tpr-C,Ylpm1-C
Psmd3,Scyl1,Eef1a1-C,Wbp11-C
Fndc3a,Wbp4,Psip1-C,Smarca2-C
Gas6,Gpaa1,Atf6b-C,Cep41-C
Clpp,Rad50,B230219D22Rik-C,Rif1-C
Hip1,Nedd4,Flcn-C,Shfl-C
Cep290,mt-Nd2,Sh3bgrl-C,Wapl-C
Krcc1,Map9,Ildr2-C,Smarca2-C
Rock1,Slk,Ndufa8-C,Rnf187-C
Ehd1,Zfp358,Ccdc88a-C,Npepps-C
Evi5,Irak1bp1,Ganab-C,Psmd3-C
Dnajc21,Slk,Hsdl2-C,Sppl3-C
Arhgap5,Dnajc21,Frg1-C,Rif1-C
Slk,Smc4,Stxbp4-C,Sytl2-C
Kpna3,Pawr,Mia2-C,Pbx1-C
Ccdc186,Ube2q2,Cebpz-C,Usp9x-C
Fer,Ttf1,Ccdc88a-C,Cep290-C
Atf6b,Gpaa1,Sntb2-C,Tpr-C
Ccdc148,Ro60,Dlg4-C,Smc4-C
Gm15408,Pdlim5,Mef2a-C,Slc17a5-C
Slk,Smc6,Ap2b1-C,Pura-C
Ccdc186,mt-Nd2,Arhgap5-C,Pten-C
Cdkn1c,mt-Nd2,B230219D22Rik-C,Ergic2-C
Baz1b,Sntb2,Rock1-C,Serbp1-C
Rad50,Slk,Pi4ka-C,Smc6-C
Ilvbl,Rab5c,Cdkn1c-C,Kif2a-C
Dync2li1,Magix,Ola1-C,Srebf2-C
Eif3g,Rdx,Usf3-C,Usp9x-C
Ccdc88a,Tpr,Fhad1-C,Gtpbp4-C
Clpp,Nkapd1,Clpp-C,Ergic2-C
4921504A21Rik,Rpn2,9530026P05Rik-C,Mpp7-C
Gm5141,Nedd4,Dync1h1-C,Pycr2-C
Npat,Wapl,Fhad1-C,mt-Nd2-C
Map9,Smc6,Camk1d-C,Mansc4-C
Golm2,Map9,Synm-C,Tpr-C
Ankrd12,Cct4,Ccnd1-C,Thra-C
Acacb,Csnk1a1,Efhb-C,Pdap1-C
Ccdc59,Frg1,4921504A21Rik-C,Slk-C
Fxr1,Nol8,Cntn1-C,Ildr2-C
Mansc4,Phactr2,Cebpz-C,Ylpm1-C
Fhad1,Nfyb,Dnajc21-C,Smarca5-C
Ap2b1,Smim15,Ash1l-C,Itch-C
Gtpbp4,mt-Nd2,Sufu-C,Usf3-C
B230219D22Rik,Ube2q2,Ash1l-C,Frg1-C
Irak1bp1,Ofd1,Dhx36-C,Qser1-C
Map9,Pura,Atp5me-C,Psmd8-C
Ergic2,Usf3,Cope-C,Nt5m-C
Atp6v1f,Wbp11,B230219D22Rik-C,Cdkn1c-C
Heatr3,Msh2,Fndc3a-C,Slc17a5-C
Ndfip1,Wasl,Luzp1-C,Pcmtd1-C
Ap3b1,Slc17a5,B230219D22Rik-C,Rad50-C
Csnk1a1,Wapl,Ddb1-C,Ppp1r1b-C
Gsk3b,Phf3,Fgfr1op2-C,Rif1-C
B230219D22Rik,mt-Nd2,Dnajc21-C,Wbp4-C
Clpp,Ergic2,Erbin-C,Pcgf5-C
Arid4a,Dstn,Clpp-C,Rad50-C
Atp6v1f,Mef2a,Gtpbp4-C,Pkn2-C
Ccdc186,Cep290,Bclaf1-C,Smc6-C
Cdkn1c,Cep290,Golm2-C,Rbm27-C
Frg1,Golm2,Arid4a-C,Tmem161b-C
Ccdc186,Dhx36,Nol8-C,Rdx-C
Emc10,Pbx1,Fer-C,Top1-C
Ric3,Stxbp4,Frg1-C,Rad50-C
Ash1l,Phf3,Atp6v1f-C,Ppp5c-C
Gsk3b,Pcmtd1,Arhgap5-C,Wapl-C
Ergic2,Map9,Ctsc-C,Frg1-C
Gm43339,Limch1,Gpr162-C,Hk1-C
Arhgap5,Pak2,Fndc3a-C,Nt5m-C
Ash1l,Zbtb37,Ctdspl2-C,Mafg-C
Mafg,Smc4,Rora-C,Sh3bgrl-C
Nfe2l2,Pja2,Ccdc186-C,Ergic2-C
Dync1h1,Mcfd2,Pkn2-C,Top1-C
Baz1b,Nol8,Nt5m-C,Psmd8-C
Fcho2,Tulp4,Psma4-C,Sptan1-C
Evi5,Smc4,Ddit4-C,Ubc-C
Mfge8,Nedd4,Dync1h1-C,Zfp36l2-C
Lrp6,Rdx,Eea1-C,Top1-C
Nkapd1,Zbtb7a,Efhb-C,Map9-C
B230219D22Rik,Cep290,Nipbl-C,Top1-C
Fam13b,Frg1,Dek-C,Efhb-C
Arhgap5,Suz12,B230219D22Rik-C,Pdap1-C
Camk1d,Golm2,Qser1-C,Serbp1-C
Ctsc,Frg1,Rora-C,Zfp1007-C
Smarca2,Usp9x,Plgrkt-C,St6galnac4-C
4930412C18Rik,Hdgfl3,Camk1d-C,Frg1-C
Dcaf12l1,Dlg4,Fer-C,Pdap1-C
Ddb1,Mrpl17,Dstn-C,Npepps-C
B230219D22Rik,Dnajc21,4921504A21Rik-C,Dstn-C
Mfsd2a,Mtf1,Slc25a13-C,Xpc-C
Ptger1,Rbm20,Guk1-C,Jph1-C
Ccdc88a,Ndfip1,Psip1-C,Usp9x-C
Krcc1,Rock1,Kif2a-C,Nipbl-C
Ptk2b,Wbp11,B230219D22Rik-C,Pawr-C
Ankrd12,Pawr,Mpp7-C,Zfp322a-C
Fhad1,Wasl,Golm2-C,Krcc1-C
Evi5,Slk,Ap2b1-C,Sntb2-C
Ctr9,Fcf1,Arid4a-C,Usf3-C
Cltb,Iqgap2,Dcaf12l1-C,Tulp4-C
Fgfr1op2,Limch1,Ap2b1-C,Smc6-C
Ccdc148,Vps13b,Ccdc186-C,Cdkn1c-C
Ctdspl2,Phactr2,Adam15-C,Wapl-C
Pawr,Zfp638,Ccdc186-C,Rad50-C
Pkn2,Tmem161b,Ildr2-C,Usp9x-C
Arhgef12,Sh3bgrl,Clpp-C,Pawr-C
Wapl,Zfp1007,Icam4-C,Mtpn-C
Cep290,Tpr,Shc1-C,Ube2m-C
Stag2,Zic2,Rbm27-C,Rif1-C
B230219D22Rik,Cebpz,Arhgap5-C,Eea1-C
Dnajc7,Tmem259,Gtpbp4-C,Pabpc1-C
Phactr2,Rora,Arhgap5-C,Wasl-C
Dcaf12l1,Eif3h,Ankrd12-C,Krcc1-C
Lrrc8c,Pqbp1,Ap3b1-C,Zfp638-C
Psip1,Rock1,Fhad1-C,Kcmf1-C
Atp6v1f,Tkt,Gtpbp4-C,Tpr-C
Ro60,Usp9x,Rock1-C,Slk-C
Dync2li1,Slc25a16,Top1-C,Zfp638-C
Phf3,Ylpm1,Ehd1-C,Sptan1-C
Efhb,Map9,9530026P05Rik-C,Plcb4-C
Atf6b,Rora,Ap2b1-C,Ildr2-C
Phactr2,Slc17a5,Ccar1-C,Slk-C
Fam13b,Fxr1,Iqgap2-C,Pbx1-C
Rbm27,Rdx,Pkn2-C,Plcb4-C
4921504A21Rik,Stag2,Kif21a-C,Rock1-C
Fgfr1op2,Mpp7,Slain2-C,Tpr-C
Ash1l,Lrp6,Efhb-C,Slain2-C
Ccdc186,Tpr,Eea1-C,Plcb4-C
Cdkn1c,Tpr,Bclaf1-C,Kif2a-C
Pdlim5,Scg5,Nipbl-C,Plcb4-C
Golm2,Rock1,Secisbp2l-C,Vps13b-C
Fgfr1op2,Krcc1,Fgfr1op2-C,Pdap1-C
Frg1,Phf3,Ccdc186-C,Pdap1-C
Ash1l,Eea1,Pycr2-C,Sytl2-C
Nipbl,Ppp1r12a,Bclaf1-C,Tmem161b-C
Rock1,Smarca2,Pbx1-C,Rif1-C
Cep290,Smarca5,Ap3b1-C,Rpl37-C
B230219D22Rik,Pak2,Enpp5-C,Nkapd1-C
Arid4a,Pten,Pdap1-C,Thyn1-C
Dnajc7,Rhob,Gsk3b-C,Pcmtd1-C
4632415L05Rik,Pdlim5,Rock1-C,Zfp638-C
Ash1l,Exph5,Fchsd2-C,Mrps18a-C
Gtpbp4,Tpr,Pdap1-C,Rbm27-C
Ap2b1,Rbm27,Pkn2-C,Usp9x-C
Smarca2,Zfp638,Dnajc7-C,Zfp358-C
Phactr2,Slk,Fgfr1op2-C,Pawr-C
Igfbp2,Scyl1,Rad50-C,Rpn2-C
Kif2a,Nkapd1,Map9-C,Qser1-C
Ikzf5,Rad50,Phf3-C,Rock1-C
4921504A21Rik,Pbx1,Brd4-C,Wbp4-C
Rad50,Smarca2,Adam15-C,Evi5-C
Nt5m,Pi4ka,Ash1l-C,Fam13b-C
Ankrd12,Rif1,Pabpc1-C,Slk-C
Cebpz,Shoc2,Pawr-C,Psip1-C
Ergic2,Rock1,Fer-C,Ylpm1-C
B230219D22Rik,Tpr,Mfge8-C,Ramac-C
Dek,Map9,Fxr1-C,Ro60-C
Ddb1,Mfge8,Rad50-C,Tmem161b-C
Ap2b1,Rad50,Dek-C,Psip1-C
Arhgef12,Smc4,Mef2a-C,Rpl37-C
Ankrd12,Ccdc59,Brd4-C,Pura-C
Kif2a,Slain2,Evi5-C,Rbm27-C
Adprh,Cnih2,Bhmt2-C,Gas6-C
Dlg4,Tulp4,Krcc1-C,Serbp1-C
Slk,mt-Nd2,Ap2b1-C,Kif2a-C
Lrrc8a,Snrnp48,Ctdspl2-C,Rora-C
Brd4,Wbp4,Ash1l-C,Sntb2-C
Nol8,Ralgapa2,Golm2-C,Shoc2-C
Cebpz,Sntb2,B230219D22Rik-C,Slain2-C
Ash1l,Usp9x,Pkn2-C,Ylpm1-C
Npat,Sin3a,Pawr-C,Zfp638-C
Fcho2,Pdlim5,Gas6-C,Zfp654-C
Fxr1,Plcb4,Eea1-C,Ylpm1-C
Gtpbp4,Smarca5,Phactr2-C,Top1-C
Pdap1,Thyn1,Qser1-C,Slk-C
Phactr2,Pkn2,Nipbl-C,Ylpm1-C
Map9,mt-Nd2,Fgfr1op2-C,Map9-C
Eea1,Slc17a5,Ccdc186-C,Map9-C
Dstn,Eea1,Psmd8-C,UNKNOWN-C
Emc3,Nsmf,Dnajc7-C,Opa1-C
Sin3a,Ube2q2,Acacb-C,Gm5141-C
Pdap1,Phactr2,Ildr2-C,Pkn2-C
Ccdc33,Perm1,Frg1-C,Slain2-C
Exph5,Pkn2,Ap3b1-C,Pcmtd1-C
Tada1,Wbp11,Ash1l-C,Ildr2-C
Ash1l,Iqgap2,Gm15408-C,Pdlim5-C
Slc22a17,Slk,Ccdc18-C,Frg1-C
Pdap1,Smarca2,Opa1-C,Psmd3-C
Emc10,Fgfr1op2,Dnajc21-C,Tspan9-C
Bclaf1,Rif1,Iqgap2-C,Lepr-C
Hip1,Luzp1,Nkapd1-C,Setbp1-C
4930556M19Rik,Usf3,Luzp1-C,Rif1-C
Cct4,Top1,Atf6b-C,Gm15408-C
Atf6b,Gm15408,Ccdc148-C,Vps13b-C
Msh2,Mtrex,Dcaf12l1-C,Osbp-C
Fxr1,Rpn2,Mef2a-C,Rad54l2-C
Ankrd12,Fgfr1op2,Jph1-C,Pdcd4-C
Rab5c,Wbp11,Qser1-C,Zfp638-C
Setx,Smarca5,Birc2-C,Irak3-C
Dlg4,Evi5,B230219D22Rik-C,Pabpc1-C
Fhod3,Nek8,Golm2-C,Serbp1-C
Ankrd12,Sppl3,Bclaf1-C,Iqgap2-C
Eea1,Kif2a,Hk1-C,Mfge8-C
Frg1,Lrp6,Rif1-C,Synm-C
Dlg4,Fcho2,Mospd3-C,Tmem87a-C
Vps13b,Zhx1,Slc17a5-C,Usp9x-C
Kif21a,Rora,Lrp6-C,Top1-C
Amfr,Gas6,Frg1-C,Pabpc1-C
Gin1,Scg5,Rora-C,Smarca2-C
Arid4a,UNKNOWN,Ppp5c-C,Tkt-C
Ash1l,Shoc2,Pak2-C,Pten-C
Gtpbp4,Ndfip1,Ergic2-C,Phf3-C
Map9,Upf2,Baz1b-C,Synm-C
Ash1l,Ccdc18,Ankrd12-C,Serbp1-C
Efhb,Rock1,Baz1b-C,Bclaf1-C
UNKNOWN,Wapl,Phactr2-C,Plcb4-C
Ap3b1,Setbp1,Dlg4-C,Setx-C
Pomgnt1,Suclg2,Wbp4-C,Zfp638-C
Cnnm4,Gprc5c,Phf3-C,Qser1-C
Kif21a,Slc17a5,Papss1-C,Zfp975-C
Acacb,Tkt,Enpp5-C,Zbtb7a-C
Shoc2,Zfp638,Fxr1-C,Golm2-C
Ccdc88a,Phf3,Eef1a1-C,Mfge8-C
Sh3bgrl,Slc22a17,Enpp5-C,Wasl-C
Rpl37,Snrnp48,Atf6b-C,Nek8-C
B230219D22Rik,Ndfip1,Ccdc59-C,Rock1-C
Btbd2,Ccar1,Dek-C,Enpp5-C
Eea1,Nipbl,Psip1-C,Tpr-C
Flcn,Shfl,Dynlt2b-C,Zfp768-C
Luzp1,Ylpm1,Ash1l-C,Cep290-C
Fgfr1op2,Rab5a,Cct4-C,Smarca2-C
4930556M19Rik,Ro60,Ubc-C,Wbp4-C
Zfp879,Zkscan8,Ildr2-C,Pabpc1-C
Pcmtd1,Trappc14,Fhad1-C,Phactr2-C
Cep57,Efhb,Dhx36-C,Npepps-C
Ash1l,Zfp638,Nol8-C,Npepps-C
Ccnd1,Ganab,Ildr2-C,Tpr-C
Pak2,Smarca5,Arhgef12-C,Arid4a-C
Pabpc1,Pi4ka,Plcb4-C,Smarca2-C
Cebpz,Clpp,B230219D22Rik-C,Snora35-C
Clpp,Gxylt1,Nsg2-C,Wapl-C
Ap2b1,Fhad1,Tmem259-C,Ubl3-C
Camk1d,Eea1,Luzp1-C,Rad50-C
Golm2,Mansc4,Ash1l-C,Ccdc186-C
Npepps,Tmem161b,Ergic2-C,Mansc4-C
Cbarp,Cspg5,Ankrd12-C,Efhb-C
Kif21a,Kif2a,Serbp1-C,Upf2-C
Pkn2,Wasl,Brd4-C,Smc6-C
Arid4a,Sntb2,Gm15675-C,Recql5-C
Frg1,Usp9x,Gpr162-C,Ptges2-C
Eef1a1,Suclg2,Kif2a-C,Pja2-C
Ddb1,Dync1h1,Fhad1-C,Smarca2-C
Kif21a,Slk,Rpn2-C,Slk-C
Iqgap2,Nipbl,Pdap1-C,Shoc2-C
Dek,Rock1,Ash1l-C,Cep95-C
Csnk1a1,Gm43339,Rif1-C,Wasl-C
Fcho2,Ganab,Baz1b-C,Eea1-C
Kif21a,Luzp1,Adam15-C,Smc4-C
Ccdc186,Zfp1007,1110004F10Rik-C,Itch-C
Acox1,Krcc1,Fer-C,Nipbl-C
Krcc1,Pawr,Dlg4-C,Sytl2-C
Dstn,Shoc2,Ankrd12-C,Fhad1-C
Fcf1,Src,1110004F10Rik-C,Frg1-C
Ehd1,Fcho2,Ap2b1-C,Ccdc88a-C
Pkn2,Smarca5,Mef2a-C,Scyl1-C
Prkaca,St6galnac4,Bclaf1-C,Mia2-C
Rif1,UNKNOWN,Krcc1-C,Slk-C
Ergic2,Mansc4,Dhx36-C,Nol8-C
Atp5me,Imp3,Inpp4a-C,Tomm34-C
Ash1l,Secisbp2l,Kras-C,Mtap-C
Slk,Tpr,9530026P05Rik-C,Nipbl-C
Ccdc148,Pabpc1,Cep290-C,Ppp1r12a-C
Fam13b,Rora,Fxr1-C,Pdap1-C
Cep290,Dstn,Erbin-C,Osbp-C
Eef1a1,Gm15408,Ccdc148-C,Phf3-C
Kif2a,Shoc2,Mansc4-C,Npepps-C
Enpp5,Shoc2,Gm43360-C,Rwdd3-C
Kif21a,Pkn2,Smarca2-C,Sntb2-C
Dstn,Sntb2,Ndfip1-C,Rock1-C
Camk1d,Usp9x,Lepr-C,Mrpl28-C
Ndfip1,Slain2,Eea1-C,Nipbl-C
Iba57,Mrpl17,Nkapd1-C,Smarca5-C
0610040J01Rik,Plekhn1,Phactr2-C,Ylpm1-C
Pja2,Zfp1007,Emc10-C,Smyd2-C
Cebpz,Map9,Luzp1-C,Pdap1-C
Ccar1,Rock1,Arid4a-C,Rbm27-C
Gm15408,Pqbp1,Cnnm4-C,Ddb1-C
Dync1h1,Mtap,Enpp5-C,Luzp1-C
2810021J22Rik,Ide,Kif2a-C,Rock1-C
Rbm27,Rora,Pcmtd1-C,Shc1-C
Phactr2,Smarca2,Fam13b-C,Gsk3b-C
Map9,Tpr,Cd47-C,Cdc14a-C
Nkapd1,Smc6,Acbd4-C,Fcho2-C
Fxr1,Stag2,Iqgap2-C,Vangl1-C
Ccdc18,Npepps,Arhgap5-C,Gm43339-C
Tmem259,Wbp11,Lrp6-C,Map9-C
Exph5,Phactr2,Krcc1-C,Zfp638-C
Ano8,Dnajc7,Arhgap5-C,Kif21a-C
Fam13b,Kras,Cdkn1c-C,Krcc1-C
Rnf187,Sytl2,Fxr1-C,Plcb4-C
Fer,Serbp1,Mansc4-C,Nol8-C
Nprl2,Nup214,Suclg2-C,Tm9sf3-C
Gstm6,Strada,Pdap1-C,Serbp1-C
Phactr2,Setbp1,Kif21a-C,Smarca5-C
Atp5me,Tmem184c,Ccdc88a-C,Zbtb7a-C
Pbx1,Vps13b,Ccdc88a-C,Eea1-C
Irak1bp1,Pcmtd1,Mpp7-C,Smc4-C
Ccdc88a,Eea1,Gtpbp4-C,Mafg-C
Rif1,Sntb2,Sec62-C,Zbtb7a-C
Clpp,Ylpm1,Luzp1-C,Plcb4-C
Ash1l,Clpp,Ccdc88a-C,Wasl-C
Rplp1,Secisbp2l,Ergic2-C,Itch-C
Fam13b,Kif2a,Nedd4-C,Tulp4-C
Itch,Slc17a5,Ehd1-C,Gsk3b-C
Klf3,Pbx1,Ergic2-C,Frg1-C
Slc25a13,Xpc,Dstn-C,Kpna3-C
Pcmtd1,Slc22a17,Igfbp2-C,Ilvbl-C
Slc25a16,Tagln2,Ash1l-C,Ptges2-C
Fam13b,Kif21a,Dync1h1-C,Ptk2b-C
Enpp5,Serbp1,Adck2-C,Pycr2-C
Kif2a,Serbp1,4930556M19Rik-C,B230219D22Rik-C
Ap2b1,Lepr,Sptan1-C,Wbp4-C
Acacb,Fam98b,Csnk1a1-C,Limch1-C
Bcat1,Mpp7,Atf6b-C,Gprc5c-C
Fgfr1op2,Smc4,Arhgap5-C,Sptan1-C
Copg1,Slc22a17,Eif3g-C,Lepr-C
Pdap1,Smim15,Pak2-C,Wasl-C
Fam13b,Luzp1,Parvg-C,Smurf1-C
Frg1,Zfp638,Cd47-C,Ptk2b-C
Lpgat1,Wbp11,Arid4a-C,Krcc1-C
Krcc1,Rif1,Csnk1a1-C,Trappc14-C
B230219D22Rik,Dstn,Dync2li1-C,Magix-C
Lpgat1,Mef2a,1700125H03Rik-C,Kif21a-C
Ergic2,Pawr,Cep290-C,mt-Nd2-C
Hk1,Pycr2,Cebpz-C,Fxr1-C
Sntb2,mt-Nd2,Cebpz-C,Rock1-C
Rbm27,Slk,4921504A21Rik-C,Rad50-C
Fcho2,Scyl1,Smc4-C,Ubc-C
Acbd4,Eeig1,Dynll1-C,Rock1-C
Acbd4,Ppp1r1b,Slk-C,Sntb2-C
Camk1d,Ccdc18,Guk1-C,Spata13-C
Mafg,Tpr,Ankrd12-C,Psip1-C
Bclaf1,Fer,Ash1l-C,Ccdc88a-C
Arhgap5,Evi5,Fgfr1op2-C,Limch1-C
Fhad1,Nkapd1,Kras-C,Zfp975-C
Eea1,Pdap1,Adam15-C,Psmd3-C
Phf3,Top1,Plcb4-C,Usp9x-C
Ash1l,Qser1,Eef1a1-C,Tm9sf3-C
Fhad1,Slain2,Eef1a1-C,Ubl3-C
Ccdc88a,Usp9x,Fxr1-C,Ylpm1-C
Arhgap5,Pten,Ankrd12-C,Zfp638-C
Ubc,Wbp4,Btbd2-C,Nt5m-C
Qser1,Serbp1,Btg1-C,Jmjd4-C
Phf3,Snora35,Ccdc88a-C,Luzp1-C
Plcb4,Usp9x,Fhad1-C,Usp9x-C
Setbp1,Usp9x,Fcho2-C,Zfp358-C
Fhad1,Kcmf1,Ergic2-C,Pura-C
Setx,Vps36,Lepr-C,Rplp1-C
Cast,Nfe2l2,Luzp1-C,Ylpm1-C
Shc1,Vps36,Ccdc148-C,Rdx-C
Ergic2,Pabpc1,Ccdc148-C,Frg1-C
5730455P16Rik,Ylpm1,Kif2a-C,Qser1-C
Baz1b,Mansc4,Bclaf1-C,Rbm27-C
Ganab,Psmd3,Arhgef12-C,Nipbl-C
Arid4a,Usf3,Ptk2b-C,Pycr2-C
Fgfr1op2,Slk,Rif1-C,UNKNOWN-C
Dync1h1,Lpgat1,Tada1-C,Tm9sf3-C
1110004F10Rik,Kpna3,Ndfip1-C,Rdx-C
Eea1,Setbp1,UNKNOWN-C,Ube2q2-C
Frg1,Secisbp2l,Ganab-C,Gas6-C
Cep290,Slain2,Ccdc18-C,Npepps-C
Mafg,Smarca5,Gm19817-C,Gpr19-C
Dnajc7,Psmd3,Ahcyl2-C,Wbp11-C
Iqgap2,Klf3,Gtpbp4-C,Ndfip1-C
Itch,Nipbl,Lpgat1-C,Wbp11-C
Pabpc1,Slk,Ash1l-C,Clpp-C
Pja2,Tulp4,Npepps-C,mt-Nd2-C
Arhgef12,Dnajc21,Pabpc1-C,Ro60-C
Atp6v1f,Ppp5c,Ap3b1-C,Cdkn1c-C
Ppp1r12a,Top1,Fam13b-C,Kras-C
Smc6,Usp9x,Rad50-C,Rbm27-C
Fcho2,Setx,Pcmtd1-C,Wasl-C
Exph5,Mia2,Psmd3-C,Tmem259-C
Dek,Mansc4,Pard6a-C,Sympk-C
Ash1l,Itch,Ccar1-C,Ergic2-C
Dctn2,Ide,1110004F10Rik-C,Sntb2-C
Fgfr1op2,Pkn2,Arhgef12-C,Limch1-C
Kif21a,Pdap1,Adprh-C,Bcat1-C
Cebpz,Rock1,Mpp7-C,Sptan1-C
Nsg2,Setx,Dync1h1-C,Pdlim5-C
Camk1d,Secisbp2l,Rpl37-C,Smc4-C
Sec62,Upf2,Ptk2b-C,Telo2-C
4921504A21Rik,Frg1,Bclaf1-C,Krcc1-C
Pabpc1,Pkn2,B230219D22Rik-C,Mafg-C
Ppp1r1b,Ppp5c,Cebpz-C,Qser1-C
Acbd4,Psmd3,Fhl1-C,Hcn3-C
Nipbl,Slc17a5,Cd47-C,Pdlim5-C
Arid4a,Ro60,Dhx36-C,Tomm22-C
Kif21a,Smarca2,Dlg4-C,Wbp11-C
Npepps,Wasl,Casp8-C,Lrp6-C
Ash1l,Ildr2,Adprh-C,Mafg-C
Mpp7,Zfp638,Cdkn1c-C,Serbp1-C
Ric3,Ubc,Klf3-C,Synm-C
Ccdc59,Pdap1,Pdap1-C,Psip1-C
Eea1,Wasl,Eif3g-C,Vangl1-C
Phf3,Psip1,Pabpc1-C,Rif1-C
Agrn,Dlg4,Nedd4-C,Osbp-C
Ash1l,B230219D22Rik,Nipbl-C,Vps13b-C
Iqgap2,Vangl1,Cep290-C,Enpp5-C
Uqcc5,Zfp27,Shc1-C,Tppp3-C
Enpp5,Map9,Ehd1-C,Wbp11-C
Kif2a,Map9,Hk1-C,Prkaca-C
Plcb4,Sntb2,Cebpz-C,Rdx-C
Gm15587,Rnasel,Fndc3a-C,Lmtk3-C
Pcmtd1,Pja2,Lrp6-C,Nipbl-C
Acacb,Tmem259,Dek-C,Ergic2-C
Ccdc88a,Zfp638,Pdap1-C,Zfp638-C
Ccdc186,Eea1,Fer-C,Klf3-C
Cdkn1c,Eea1,Dstn-C,Smim15-C
Ndfip1,Sntb2,Pura-C,Upf2-C
Cct4,Mpp7,Acox1-C,Rab11fip5-C
Ehd1,Ganab,Thyn1-C,Zhx1-C
Arhgap5,UNKNOWN,Gin1-C,Scg5-C
Fer,Ylpm1,Cnnm4-C,Gprc5c-C
Ash1l,Plcb4,Dynll1-C,Upf2-C
Arhgef12,Pak2,Iqgap2-C,Top1-C
Gm15408,Gnas,Pja2-C,Ubc-C
Usp9x,Wasl,Camsap2-C,Mtor-C
Opa1,Tkt,Cdkn1c-C,Efhb-C
Cct4,Krcc1,Arhgap5-C,Ctdspl2-C
Arid4a,B230219D22Rik,Emc3-C,Nedd4-C
Ildr2,Kif2a,Arhgap5-C,Setx-C
Tpr,Usp9x,Fhad1-C,Pkn2-C
Itch,Mafg,Ergic2-C,Sntb2-C
Psmg3,Tada1,Atp5me-C,Stxbp4-C
Mpp7,Nol8,Ergic2-C,Smc6-C
Pdap1,Rbm27,Ap2b1-C,Krcc1-C
Pak2,Tulp4,Ptges2-C,Zfp638-C
Gsk3b,Rpn2,1110004F10Rik-C,Npepps-C
Ttf1,Usp9x,Cdkn1c-C,Fhad1-C
Sntb2,Tpr,Baz1b-C,Kif21a-C
Smc6,Zfp638,Ikzf5-C,mt-Nd2-C
Arhgap5,Shoc2,Acox1-C,Pfas-C
Osbp,Sytl2,Ahcyl2-C,Dync1h1-C
Nkapd1,mt-Nd2,Dhx36-C,Nkapd1-C
Ash1l,Rpn2,Nprl2-C,Zfp300-C
Dbndd1,Gm6548,Kif2a-C,Stag2-C
Ccdc186,Usp9x,Nkapd1-C,Rpn2-C
Cep290,Iqgap2,Fgfr1op2-C,Mafg-C
Dnajc7,Gpr162,Ccdc186-C,Mafg-C
Pdap1,Rad50,Npat-C,Sin3a-C
Ccdc148,Frg1,Pja2-C,Synm-C
Amfr,Igfbp2,Dcaf12l1-C,Dlg4-C
Fam13b,Phactr2,Arhgap5-C,Zfp1007-C
Camk1d,Qser1,Pabpc1-C,Rad50-C
Dhx36,Mansc4,Mospd3-C,Ppp5c-C
Gpaa1,Slc22a17,Fer-C,Phf3-C
Plcb4,Secisbp2l,Pkn2-C,Rock1-C
Adam15,Ibtk,Dbndd1-C,Gin1-C
Ankrd12,Smc6,Nkapd1-C,Tmem161b-C
Arhgap5,Sntb2,Clpp-C,Phf3-C
Ccar1,Pawr,Gtpbp4-C,Smarca5-C
Fam13b,Smarca2,Eea1-C,Rock1-C
Ildr2,Nipbl,Osbp-C,Psmd3-C
Fgfr1op2,Gtpbp4,Ccar1-C,Pawr-C
Baz1b,Rif1,Nipbl-C,Rock1-C
Cep290,UNKNOWN,Evi5-C,Rpl37-C
Rdx,Slain2,Arid4a-C,Fhad1-C
Fhad1,Shoc2,Iqgap2-C,Plcb4-C
Baz1b,Ccdc59,Rdx-C,Top1-C
Ehd1,Trappc14,Mansc4-C,Nkapd1-C
Kpna3,Nipbl,Pawr-C,Pdap1-C
Ccdc59,Wasl,Bcl7a-C,Dhx36-C
Ccdc186,Iqgap2,Ash1l-C,Synm-C
Ankrd12,Pura,4930556M19Rik-C,Arhgap5-C
Rbm27,Smarca2,Ccdc33-C,Perm1-C
Ikzf5,Ylpm1,Nipbl-C,Phf3-C
Rad54l2,Wbp11,Qser1-C,Rad50-C
Ddb1,Mef2a,B230219D22Rik-C,Mansc4-C
Arid4a,Rock1,Dek-C,Pdap1-C
Dync1h1,Nedd4,Kif21a-C,Tmem161b-C
Smim15,Usf3,Ash1l-C,Bclaf1-C
Dstn,Plcb4,Ccdc88a-C,Kif21a-C
Itch,Pdap1,Frg1-C,Ndfip1-C
Fhad1,Sntb2,Qser1-C,Top1-C
Niban1,Slc16a7,Ankrd12-C,Cebpz-C
Dlg4,Setx,Wbp11-C,Zfp1007-C
Frg1,Ildr2,Enpp5-C,Gtpbp4-C
1110004F10Rik,Nfyb,Fhad1-C,Pabpc1-C
Baiap2l1,Olfm2,Dynll1-C,Sec62-C
Fgfr1op2,mt-Nd2,Pthlh-C,Zbtb11os1-C
9530026P05Rik,Plcb4,Pabpc1-C,Pdap1-C
Ccdc88a,Clpp,Cdc14a-C,Ildr2-C
Dlg4,Slc22a17,Emc3-C,Vps36-C
Lrp6,Mia2,Fhad1-C,Tpr-C
Pak2,Pten,Jph1-C,Lrp6-C
Nsg2,Pja2,Top1-C,Ylpm1-C
Ccdc148,Rdx,B230219D22Rik-C,Rora-C
Bclaf1,Smc6,Iqgap2-C,Map9-C
Pabpc1,mt-Nd2,Ddb1-C,Msh2-C
Fgfr1op2,Phactr2,Ccdc148-C,Myof-C
Cep290,Sntb2,Pja2-C,Wasl-C
Wbp4,Zfp638,Gsk3b-C,Pabpc1-C
Pkn2,Slain2,Arhgap5-C,Gsk3b-C
Cd47,Nedd4,Cdkn1c-C,Slk-C
Atp6v1f,Ppp1r1b,Arl2bp-C,Prkaca-C
Ccdc186,Shoc2,Dync1h1-C,Mcfd2-C
Dstn,Rock1,Psip1-C,Setbp1-C
Slk,Tulp4,Ilvbl-C,Rab5c-C
Gpaa1,Gprc5c,Ergic2-C,Kif2a-C
Cnih2,Shc1,Arhgap5-C,Fgfr1op2-C
Tpr,Zfp638,Ndufs3-C,Ubl3-C
Bclaf1,Pura,Atp5me-C,Lpgat1-C
Pabpc1,Phactr2,Arhgef12-C,B230219D22Rik-C
Rplp1,Vps13b,Ccdc59-C,Npepps-C
Arid4a,Pja2,Bclaf1-C,Serbp1-C
Dnajc21,Evi5,Scg5-C,Wapl-C
Cebpz,Mansc4,Cebpz-C,Fer-C
Pcmtd1,Wbp4,Ccdc186-C,Phf3-C
Psma4,Slc22a17,Acacb-C,Slc22a17-C
Enpp5,Rock1,Nfe2l2-C,Pja2-C
Dnajc7,Heatr3,Evi5-C,Pcmtd1-C
Kif2a,Rock1,Ash1l-C,Zbtb7a-C
Ap3b1,Phf3,Ash1l-C,Eea1-C
Dnajc21,Lrrc8a,Ppp1r12a-C,Rora-C
Ccdc88a,Qser1,Cdkn1c-C,Psip1-C
Guk1,Lpgat1,Gsta3-C,Trpc4ap-C
Luzp1,Psip1,Net1-C,Nfyb-C
Dynll1,Upf2,Ash1l-C,Wasl-C
Smim15,Ylpm1,Pbx1-C,Vps13b-C
Cep290,Serbp1,Kif21a-C,Usf3-C
Ap3b1,Pcmtd1,Atp6v1f-C,Ppp1r1b-C
Ilvbl,Mfge8,Cldn22-C,Irak3-C
Rora,Sh3bgrl,Niban1-C,Slc16a7-C
Ergic2,Frg1,Pabpc1-C,Zbtb37-C
Rif1,Rock1,Arid4a-C,Slk-C
Cog8,Dhx36,Golm2-C,Ro60-C
B230219D22Rik,Shoc2,Dek-C,Map9-C
Clpp,Top1,Cdkn1c-C,Zfp638-C
Slc17a5,Wasl,Bclaf1-C,Efhb-C
Qser1,Rock1,Ccdc186-C,Mansc4-C
5730455P16Rik,Mansc4,B230219D22Rik-C,Itch-C
Itch,Wasl,4921504A21Rik-C,Nipbl-C
B230219D22Rik,Sntb2,Fcho2-C,Zfp654-C
Ehd1,Slc22a17,Hsdl2-C,Ndfip1-C
Rif1,Vps13b,Iba57-C,Mrpl17-C
Kif2a,Pja2,Mrps18a-C,Plgrkt-C
Acad9,Dpysl4,Eea1-C,Qser1-C
Rad54l2,Tkt,Cep290-C,Phactr2-C
Emc10,Nipbl,Rock1-C,Slain2-C
Lpgat1,Rpl37,Ctdspl2-C,Pi4ka-C
Slc17a5,Smarca5,Phactr2-C,Pja2-C
Gm43339,Suz12,4930556M19Rik-C,Nsg2-C
Phactr2,Rad50,Arid4a-C,Psip1-C
Net1,Slc25a13,Ganab-C,Mfge8-C
Atf6b,Dync1h1,Fer-C,Frg1-C
Iqgap2,Nt5m,Bclaf1-C,Fhad1-C
Evi5,Pcmtd1,Ccdc148-C,Cep290-C
Nipbl,Pdap1,Eif3g-C,Top1-C
Btbd2,Rad50,Dynlt2b-C,Igfbp2-C
Qser1,Vps13b,Eef1a1-C,Tulp4-C
Ccdc186,Nol8,Itch-C,Pten-C
Atp6v1f,Psmd3,Aldh9a1-C,Ctr9-C
Mrps18a,Plgrkt,Acox1-C,Dstn-C
Mafg,Tulp4,Gm43339-C,Suz12-C
Rock1,Usp9x,Acacb-C,Igfbp2-C
Ankrd12,Nipbl,Fgfr1op2-C,Rora-C
Nkapd1,Tpr,Ccdc186-C,Rora-C
Ergic2,Rdx,Brd4-C,Rbm27-C
Mansc4,Nol8,Pkn2-C,Rdx-C
Ndfip1,Ylpm1,9530026P05Rik-C,Rdx-C
Ildr2,Pdap1,Arid4a-C,Zfp638-C
Ccdc88a,Ildr2,Exph5-C,Mia2-C
Ergic2,Fxr1,Pura-C,Smc6-C
Fhad1,Usf3,Kif2a-C,Npepps-C
Fn3krp,Vps36,Arhgef12-C,Phf3-C
Rad50,Usp9x,Eea1-C,Rdx-C
Arhgef12,Zfp1007,Eea1-C,Frg1-C
Rora,Smc4,Camk1d-C,Eea1-C
Arrdc4,Cdc14a,Ccdc88a-C,Gtpbp4-C
Dlg4,Pja2,Nipbl-C,Rdx-C
Serp2,Vangl1,Pabpc1-C,Ylpm1-C
Wasl,Wbp4,Cnnm4-C,Fcho2-C
Fgfr1op2,Pak2,Phactr2-C,Rock1-C
Bcl7a,Dhx36,Dstn-C,Kif21a-C
Fam13b,Smim15,Ash1l-C,Luzp1-C
Npepps,Rbm27,Mafg-C,Ubc-C
Fhad1,Map9,Mansc4-C,Wasl-C
Phactr2,Phf3,Krcc1-C,Top1-C
Ctsc,Smim15,Dek-C,Slain2-C
Dstn,Stag2,Rdx-C,Ylpm1-C
Dock10,Kcnk5,Phactr2-C,Phf3-C
Pkn2,UNKNOWN,Cep57-C,Slain2-C
Bclaf1,Nipbl,Ankrd12-C,Mpp7-C
Ccdc88a,Plcb4,Arhgap5-C,Phactr2-C
Fgfr1op2,Tpr,Pabpc1-C,Slain2-C
Eea1,Enpp5,Smarca2-C,Synm-C
Ankrd12,Bclaf1,Atp5mg-C,Jmjd4-C
Baz1b,Frg1,Ctsc-C,Smim15-C
Eea1,Rbm27,Cdkn1c-C,Enpp5-C
Snora35,Wasl,Arid4a-C,Dstn-C
Ilvbl,Zfp1007,Pcmtd1-C,Sptan1-C
Jph1,Ppfibp1,Rhob-C,Zfp1007-C
Lepr,Pabpc1,Ap2b1-C,Fhad1-C
Dek,Efhb,Setx-C,Smc4-C
Pabpc1,Tpr,Ccdc186-C,Frg1-C
Cebpd,Rab5c,Shc1-C,Vps36-C
Arhgap5,Setx,Rab5c-C,Tmem184c-C
Atp6v1f,Ddb1,Krcc1-C,Pdap1-C
Ankrd12,mt-Nd2,Npepps-C,Phactr2-C
Clec14a,Thra,Agbl3-C,Mfsd2a-C
Cep290,Map9,Frg1-C,Pura-C
Eea1,Rad50,Arhgap5-C,Smarca2-C
Ptk2b,Zfp768,Kif21a-C,Nkapd1-C
Bhmt2,Prxl2c,Cebpz-C,Npepps-C
Arhgap5,Slc22a17,Arhgef12-C,Rora-C
Rora,Slk,Cct4-C,Dek-C
Ankrd12,Ccar1,Bclaf1-C,Slk-C
Fhad1,Ro60,Rbm27-C,Rora-C
Emc3,Nedd4,Wbp4-C,Ylpm1-C
Fgl2,Map9,Ilvbl-C,Mfge8-C
Pbx1,Psmd8,Slc25a16-C,Tagln2-C
Smim15,Zfp78,Golm2-C,Rad50-C
Nipbl,Wasl,Ahcyl2-C,Mfge8-C
Rdx,Serbp1,Ankrd12-C,Golm2-C
Frg1,Npepps,Fxr1-C,Pja2-C
B230219D22Rik,Clpp,Npepps-C,Smarca2-C
Ptk2b,Telo2,Arid4a-C,Enpp5-C
Bclaf1,Tmem161b,Krcc1-C,Pawr-C
Plcb4,Rpn2,Nsg2-C,Setx-C
Gm12346,Suclg2,Errfi1-C,Upf2-C
Nsg2,Pawr,Limch1-C,Pawr-C
Krcc1,Smc6,Acacb-C,Tulp4-C
Smc4,Zfp1007,Pdap1-C,Ro60-C
Rock1,Zfp638,Ccar1-C,Snora35-C
Ccdc186,Map9,Ofd1-C,Uros-C
Cdkn1c,Map9,Eif3g-C,Map9-C
Kif2a,Mansc4,Bclaf1-C,Psip1-C
Ap3b1,Usp9x,Ankrd12-C,Cdkn1c-C
Arhgap5,B230219D22Rik,4921504A21Rik-C,Ash1l-C
Adam15,Ilvbl,Lrp6-C,Phf3-C
Ndfip1,Rock1,Smarca2-C,Zbtb7a-C
Dlg4,Sptan1,Ccar1-C,Nipbl-C
Ehd1,Pja2,Ash1l-C,UNKNOWN-C
Ergic2,Slc25a13,Smarca2-C,Wasl-C
Npepps,Slain2,Ankrd12-C,Top1-C
B230219D22Rik,Usf3,Osbp-C,Sytl2-C
Dynlt2b,Igfbp2,Iqgap2-C,Nipbl-C
Smarca2,Sppl3,Arid4a-C,Pcmtd1-C
Eea1,Nkapd1,Acbd4-C,Psmd8-C
Adam15,Ehd1,Smc4-C,Zfp638-C
Pja2,Qser1,Kif2a-C,Rpn2-C
Errfi1,Ttf1,Acbd4-C,Mrpl17-C
Fer,Top1,Rad50-C,mt-Nd2-C
Shc1,Trappc14,Sh3bgrl2-C,Zfp654-C
Rad50,Zfp638,Klf3-C,Secisbp2l-C
Prpf6,Sec62,Ccdc59-C,Usf3-C
B130034C11Rik,Ube2m,Acacb-C,Smarca5-C
Klhl18,Pknox2,Golm2-C,Pdap1-C
Hip1,Tulp4,Rpl37-C,Sytl2-C
Nedd4,Tulp4,Fgfr1op2-C,Pura-C
Gtpbp4,Map9,Nsg2-C,Zfp1007-C
Ankrd12,Upf2,Hk1-C,Pycr2-C
Ro60,Slc2a2,Krcc1-C,Map9-C
Gas6,Ilvbl,Bcl7a-C,Dap3-C
Gm19817,Gpr19,Slk-C,Synm-C
Kras,Mtap,Itch-C,Wasl-C
4921504A21Rik,Nipbl,Adam15-C,Wbp11-C
Kif21a,Rad50,Ppfibp1-C,Rpl37-C
Eea1,Ergic2,Cct4-C,Rock1-C
Afg3l1,Gpr4,Ankrd12-C,Pdap1-C
Slk,Sntb2,Atf6b-C,Nedd4-C
Brd4,Nipbl,B230219D22Rik-C,Fam13b-C
Ergic2,Irak1bp1,Atp5me-C,Cxxc4-C
Ccdc148,Slc17a5,Ganab-C,Ubl3-C
Iqgap2,Nkapd1,Ildr2-C,Ttf1-C
Mfge8,Osbp,Mpp7-C,Phactr2-C
Mrps18a,Thyn1,Cnih2-C,Shc1-C
Arhgap5,Rock1,Rpn2-C,Ylpm1-C
Dlg4,Wbp4,Map9-C,Rbm27-C
Nfyb,Rpn2,Fhad1-C,Fxr1-C
Ash1l,Rif1,4921504A21Rik-C,Vps13b-C
Ap3b1,Wbp11,B230219D22Rik-C,Sntb2-C
Ankrd12,Cebpz,Atf6b-C,Scyl1-C
Pi4ka,Vps13b,Lrrc17-C,Scrib-C
Gtpbp4,Setx,Ankrd12-C,Pawr-C
Fer,Pabpc1,B230219D22Rik-C,Smc6-C
Gxylt1,Zbtb7a,Ccdc18-C,Wasl-C
Gpaa1,Srebf2,Krcc1-C,Ylpm1-C
Ap2b1,Npepps,Clpp-C,Sntb2-C
Pja2,Slc22a17,Igfbp6-C,Ube3c-C
Ikzf5,Top1,Mpp7-C,Smarca2-C
B230219D22Rik,Setx,Frg1-C,Sntb2-C
Fhad1,Rock1,Nkapd1-C,Thyn1-C
Slc17a5,Vps36,Frg1-C,Smc6-C
Scg5,Scyl1,Gsk3b-C,Hip1-C
Rad54l2,Rpl37,Slk-C,Zbtb7a-C
Kif21a,Phf3,Cerkl-C,Ndn-C
Eea1,Fhad1,Golm2-C,Map9-C
Psma4,Wbp4,Slk-C,Wasl-C
Pak2,Usf3,Nkapd1-C,Rbm27-C
Ap3b1,Zfp638,Ddb1-C,Pdlim5-C
Mpp7,Sptan1,Gxylt1-C,Psip1-C
Ccdc186,Plcb4,Psip1-C,Smc6-C
Ccnd1,Zfp768,Gsk3b-C,Mafg-C
Arhgef12,Evi5,Pdap1-C,Rad50-C
Arid4a,Ccdc59,Dnajc21-C,Slk-C
Dap3,Luzp1,Arhgap5-C,Usp9x-C
1110004F10Rik,Dstn,Luzp1-C,Rora-C
Suclg2,Tm9sf3,Ccdc88a-C,Fgfr1op2-C
Gsta4,Psma4,Frg1-C,Ildr2-C
Arhgap5,Pja2,Eef1a1-C,Tmem259-C
Fer,Psip1,Ankrd12-C,Map9-C
Cep290,Rock1,Pdap1-C,Top1-C
Lrp6,Phf3,Fhad1-C,Nfyb-C
Tkt,Wbp11,Lrp6-C,Rdx-C
Phactr2,Usp9x,Smc6-C,mt-Nd2-C
Csnk1a1,Mpp7,Dcaf12l1-C,Jph1-C
Bclaf1,Cebpz,Imp3-C,Tmem184c-C
Fam13b,Rad50,Ash1l-C,Secisbp2l-C
Ccdc59,Ergic2,Ap2b1-C,Dstn-C
Smarca5,Zfp1007,Dcaf12l1-C,Psmd3-C
Exph5,Usp9x,Agrn-C,Dlg4-C
Ptges2,Zfp638,Shoc2-C,Sntb2-C
Ccdc186,Gsk3b,Cebpd-C,Rab5c-C
Ash1l,Fgfr1op2,Arhgap5-C,Ube2q2-C
Fhad1,Pja2,Cables2-C,Foxk2-C
4921504A21Rik,Mafg,Col8a1-C,Stxbp4-C
Fxr1,Smc6,Fgfr1op2-C,Sntb2-C
Ap2b1,Arid4a,Enpp5-C,Smarca2-C
Pkn2,Usf3,Dnajc21-C,Zfp638-C
Ash1l,Sppl3,Fgfr1op2-C,Smc6-C
Krcc1,Nipbl,Setbp1-C,Wasl-C
Cdkn1c,Rock1,Ap2b1-C,Lepr-C
Stag2,Tmem161b,Fer-C,Npepps-C
Cep290,Vps13b,Btbd2-C,Rad50-C
Evi5,Zfp638,Phf3-C,Wasl-C
Ankrd12,Wasl,Ankrd12-C,Ylpm1-C
Ap2b1,Pabpc1,Serbp1-C,Zbtb7a-C
Ildr2,Ttf1,Npepps-C,Ube2q2-C
Rdx,Ylpm1,B230219D22Rik-C,Cep290-C
Pak2,Ro60,Golm2-C,Slain2-C
Sufu,Wasl,Serbp1-C,Wasl-C
Atp5me,Lpgat1,Cep290-C,Pkn2-C
Gtpbp4,Rock1,Pcmtd1-C,Zfp1007-C
Eef1a1,Ubl3,Eef1a1-C,Ndufs3-C
Arid4a,Baz1b,Igfbp2-C,Ubc-C
Ccdc148,Stk26,B230219D22Rik-C,Csnk1a1-C
Thyn1,Usp9x,1110004F10Rik-C,Eea1-C
Cebpz,Frg1,C130021I20Rik-C,Dcxr-C
Prpf6,Slc35a3,B230219D22Rik-C,Kif2a-C
Msh2,Zfp36l2,Ccdc186-C,Ildr2-C
Krcc1,Tmem161b,Acacb-C,Gpaa1-C
B230219D22Rik,Rock1,Dnajc7-C,Hk1-C
Dnajc7,Ptk2b,Eea1-C,Npepps-C
Golm2,Nipbl,Usp9x-C,mt-Nd2-C
Ap2b1,Ccdc88a,1110004F10Rik-C,Wasl-C
Phf3,Rora,Rif1-C,Smarca2-C
Cnih2,Irak1bp1,Nipbl-C,Npepps-C
Frg1,Rif1,Ap3b1-C,B230219D22Rik-C
Cntn1,Lrp6,B230219D22Rik-C,Ccdc186-C
Ergic2,Kif2a,Baz1b-C,Smarca2-C
Secisbp2l,Vps13b,Dek-C,Ruvbl1-C
Arhgap5,Stag2,Frg1-C,Kif2a-C
Bclaf1,Wasl,Camk1d-C,Secisbp2l-C
Ergic2,Kif21a,Arid4a-C,Ro60-C
Fndc3a,Ttf1,Rock1-C,Vps13b-C
Pkn2,Ro60,Fhad1-C,Ndfip1-C
Rpl37,Sytl2,9530026P05Rik-C,Nol8-C
Ash1l,Ppp1r12a,Dnajc21-C,Lrrc8a-C
Dnajc21,Setx,Kif2a-C,Nkapd1-C
Pkn2,Ylpm1,Evi5-C,Pawr-C
4921504A21Rik,Cebpz,Nipbl-C,Nol8-C
Phactr2,Zfp638,Acacb-C,Tmem259-C
Psmd8,Rplp1,Ildr2-C,Kif2a-C
Brd4,Cebpz,Arhgef12-C,Sntb2-C
Dnajc21,Slc22a17,Osbp-C,Wbp11-C
Fndc3a,Nt5m,Krcc1-C,Nipbl-C
Golm2,Tmem161b,Cdkn1c-C,Ergic2-C
Eif3g,Lepr,Rbm27-C,Sntb2-C
Dync1h1,Ptk2b,Cnih2-C,Evi5-C
Ergic2,Nipbl,Ccdc88a-C,Phactr2-C
1700125H03Rik,Kif21a,Id1-C,Vps37d-C
Acbd4,Ptk2b,Arhgap5-C,Pkn2-C
Iqgap2,Sec62,Cep95-C,Pkn2-C
Sntb2,UNKNOWN,Arid4a-C,Rif1-C
Serpinb8,Zbtb11os1,4921504A21Rik-C,Rora-C
Ppp1r12a,Rora,Ergic2-C,Zbtb7a-C
B230219D22Rik,Pja2,Cdc14a-C,Synm-C
Ap2b1,Synm,Lrrc17-C,Mtrex-C
Nedd4,Wbp11,Ccdc186-C,Cep290-C
Ddb1,Guk1,Ehd1-C,Pja2-C
Ndufa8,Sytl2,Ergic2-C,Wasl-C
Npepps,Serbp1,Cep290-C,Pabpc1-C
Fgfr1op2,Phf3,Iqgap2-C,Klf3-C
Phf3,Slk,Ehd1-C,Ganab-C
Ddb1,Ppp5c,Dlgap4-C,Gm15408-C
Birc2,Irak3,Pak2-C,Phactr2-C
Col8a1,Stxbp4,Ccdc88a-C,Smarca2-C
Ctdspl2,Gsk3b,Npepps-C,Pkn2-C
Fam13b,Fhad1,Gsk3b-C,Rora-C
Acox1,Ndfip1,Atf6b-C,Zfp358-C
Arhgap5,Wbp4,Fgfr1op2-C,Kif2a-C
Pabpc1,Phf3,Ap3b1-C,Phf3-C
Fhad1,Mansc4,Cep290-C,Tpr-C
Cd47,Ptk2b,Kpna3-C,Shoc2-C
Gtpbp4,Psma4,Dnajc21-C,Pcmtd1-C
Nipbl,Rbm27,Pabpc1-C,Vps13b-C
9530026P05Rik,Limch1,Arhgap5-C,Pak2-C
Ergic2,Tmem161b,Slk-C,Smc4-C
Pabpc1,Zbtb37,Nkapd1-C,Shoc2-C
Kif21a,Usp9x,Arid4a-C,Ergic2-C
Apc2,Ralgapa2,Fance-C,Gas6-C
Mafg,Usf3,Fcf1-C,Mcfd2-C
Mansc4,Npepps,Pdap1-C,Ylpm1-C
Cdh4,Cdr2l,Cdkn1c-C,Rad50-C
Cog8,Pcmtd1,Nsg2-C,Ola1-C
Ash1l,Fer,Cebpz-C,Nkapd1-C
Frg1,Gm37204,Ccdc186-C,Cep95-C
Arhgef12,Sntb2,Rora-C,Smarca5-C
Dync1h1,Tax1bp3,Pkn2-C,Rpn2-C
Ildr2,Rbm27,Brd4-C,Psip1-C
Phf3,Pkn2,Qser1-C,Vps13b-C
Dcaf12l1,Fam98b,Lepr-C,Psmd8-C
Gas6,Tkt,Map9-C,Serbp1-C
Nipbl,Rad50,Ap2b1-C,Cebpz-C
Cog8,Tulp4,Ubl3-C,Zfp975-C
Lrp6,Usp9x,Enpp5-C,Usp9x-C
Evi5,Qser1,4921504A21Rik-C,Itch-C
Rock1,Rpn2,Psma4-C,Slc22a17-C
Arid4a,Frg1,Sppl3-C,Tpr-C
Ildr2,Rad50,4921504A21Rik-C,Frg1-C
Cep290,Pbx1,Dnajc21-C,Slc2a2-C
Gtpbp4,Stag2,Prpf6-C,Slc35a3-C
Arhgap5,Pawr,Ccar1-C,Phf3-C
Ahcyl2,Mfge8,Ankrd12-C,Nipbl-C
Pawr,Smc6,Fcho2-C,Rora-C
Nol8,Rock1,Arid4a-C,Cdkn1c-C
Pkn2,Rock1,Arid4a-C,Rad50-C
Eea1,Sin3a,Smarca5-C,Ubc-C
4921504A21Rik,Smarca5,Iqcc-C,Nup214-C
Ccdc88a,Rif1,B230219D22Rik-C,Ccdc88a-C
B230219D22Rik,Stag2,Plcb4-C,Smarca5-C
Ppp5c,Tkt,Cdkn1c-C,Pdap1-C
Zbtb7a,mt-Nd2,Ergic2-C,Luzp1-C
Pak2,Pja2,Exph5-C,Fhad1-C
Rad50,Rpn2,Rif1-C,Usp9x-C
Plcb4,Rif1,Arhgef12-C,Csnk1a1-C
Nipbl,Nkapd1,Pcmtd1-C,Vps36-C
Cep95,Wasl,Fhad1-C,Smarca5-C
Fxr1,Tmem161b,Npepps-C,Pabpc1-C
Fhad1,Pawr,Mafg-C,Slk-C
Baz1b,Nipbl,Gpaa1-C,Rora-C
Frg1,Krcc1,Smarca2-C,Zic2-C
Mfge8,Wbp11,Pja2-C,Zfp1007-C
Dok1,Shfl,Ndfip1-C,Wasl-C
Opa1,Psmd3,Emc10-C,Iqgap2-C
Dstn,Frg1,Drc3-C,Emc3-C
Ildr2,Nkapd1,Npepps-C,Tpr-C
Npepps,Usf3,Dlg4-C,Slc22a17-C
Clcn2,Gm25517,Mpp7-C,Pkn2-C
Slain2,Smim15,Bclaf1-C,Rif1-C
Luzp1,Rora,Ildr2-C,Iqgap2-C
Dnajc7,Zfp358,Dnajc7-C,Thra-C
Smc4,Zfp638,Kif21a-C,Slc17a5-C
B230219D22Rik,Mansc4,Cxxc4-C,Snrnp48-C
Bhmt2,Mfge8,Dstn-C,Phactr2-C
Phactr2,Qser1,Irak1bp1-C,Shc1-C
Pkn2,Zic2,Arid4a-C,Pdap1-C
Fhad1,Pabpc1,Ehd1-C,Slc22a17-C
Kif21a,Zfp638,Eeig1-C,Ifih1-C
Npat,Sytl2,Snora35-C,Wasl-C
Ccdc18,Ccdc186,Rock1-C,Rora-C
Dync1h1,Pfn1,Pabpc1-C,Phf3-C
Smarca2,Smc6,Rdx-C,Rock1-C
Rbm27,Usp9x,Cntn1-C,Top1-C
Irak1bp1,Shc1,Dstn-C,Smarca2-C
Baz1b,Tmem161b,Mafg-C,Zfp638-C
B230219D22Rik,Wbp4,Psmd3-C,Tceanc-C
Cyyr1,Lmtk3,Bclaf1-C,Ergic2-C
Ccar1,Kif2a,Pfn1-C,Suclg2-C
Exph5,Qser1,5730455P16Rik-C,Ylpm1-C
Map9,Rock1,Eea1-C,Sin3a-C
Ergic2,Pdap1,Dctn2-C,Pfn1-C
Ccdc88a,Fgfr1op2,B230219D22Rik-C,Clpp-C
Baz1b,Bclaf1,Slc22a17-C,Tspan9-C
Krcc1,Wasl,Adam15-C,Mfge8-C
Ccdc18,Phactr2,Cdkn1c-C,Map9-C
Ap3b1,Rpl37,Rad50-C,Rif1-C
Agbl3,Mfsd2a,Dek-C,Mansc4-C
Ap3s2,Klc1,Pcmtd1-C,Wbp11-C
Smarca5,Usp9x,Dap3-C,Luzp1-C
Ergic2,Smarca2,Ccdc186-C,Ccdc88a-C
Dnajc21,Psma4,Ccdc88a-C,Usp9x-C
1110004F10Rik,Shoc2,Ash1l-C,Cebpz-C
Dhx9,Osbp,Ctdspl2-C,Pbx1-C
Nkapd1,UNKNOWN,Slk-C,Sptan1-C
Luzp1,Slk,Frg1-C,Mia2-C
Npepps,Ro60,1110004F10Rik-C,4930556M19Rik-C
Map9,Vps13b,Fn3krp-C,Gnas-C
Nipbl,Wapl,Aasdhppt-C,Clec14a-C
Ccar1,Nipbl,Enpp5-C,Pkn2-C
Npepps,Ylpm1,Pak2-C,Usp9x-C
Psip1,Wasl,Pura-C,Zbtb7a-C
Ankrd12,Wrn,Smc6-C,Sppl3-C
1110004F10Rik,Sntb2,Ehd1-C,Igfbp2-C
Phf3,Thyn1,Bclaf1-C,Cdkn1c-C
Trappc14,Vps36,Bclaf1-C,Rad50-C
B230219D22Rik,Pawr,Guk1-C,Lpgat1-C
Ddb1,Ppp1r1b,Pura-C,Wasl-C
Pabpc1,Usp9x,Eif3g-C,Klf3-C
Eea1,Ylpm1,Iqgap2-C,Rdx-C
2610020C07Rik,Tmem229b,Cracr2b-C,Syt17-C
Cxxc4,Snrnp48,Map9-C,mt-Nd2-C
Smc6,Sppl3,Dlgap4-C,Pdcd4-C
Golm2,Wasl,Eef1a1-C,Gm15408-C
Nkapd1,Shoc2,Nt5m-C,Pi4ka-C
Dnajc7,Mfge8,Dcaf12l1-C,Nedd4-C
Dnajc21,Sptan1,Gtpbp4-C,Krcc1-C
Evi5,Rpl37,Fxr1-C,Npepps-C
Cep57,Slain2,Ptges2-C,Snora35-C
Luzp1,Pkn2,Ash1l-C,Dhx36-C
Cd47,Cdc14a,Phf3-C,Secisbp2l-C
Phf3,Smarca2,Dhx36-C,Gxylt1-C
Irf3,Tmem62,Ash1l-C,Fgfr1op2-C
Lrp6,Secisbp2l,Nedd4-C,Psmd3-C
Ccdc59,Usf3,Thra-C,Zfp768-C
Dhx36,Kif2a,Ccdc59-C,Smc4-C
Cdc14a,Rad54l2,Luzp1-C,Npepps-C
Ahcyl2,Dync1h1,Cep290-C,Dek-C
Acad9,Vmp1,Hk1-C,Ptk2b-C
Frg1,Kif2a,Map9-C,Psip1-C
Arhgap5,Fgfr1op2,Cdkn1c-C,Slain2-C
Ccdc88a,Ppp1r12a,Camk1d-C,Cebpz-C
Pcmtd1,Rora,Abitram-C,Gm4017-C
Usp9x,Ylpm1,Nkapd1-C,Slk-C
Eif3h,Psmg3,Mrpl28-C,Sec62-C
Eif3h,Tulp4,Setx-C,Vps36-C
Smarca5,Wbp11,Bclaf1-C,Pdap1-C
Pcmtd1,Slc17a5,Ankrd12-C,Ccdc59-C
Smc6,Zbtb7a,Dhx29-C,Tmem167-C
Ahcyl2,Osbp,Fcho2-C,Hk1-C
Rbm27,Zfp638,Rpl37-C,Snrnp48-C
Gm25517,Maco1,Eea1-C,Nkapd1-C
Dync1h1,Mfge8,Mafg-C,Pcmtd1-C
Acbd4,Mfge8,Emc3-C,Mafg-C
Shoc2,Smc6,Nkapd1-C,Psip1-C
Ndufs3,Opa1,Nipbl-C,Nkapd1-C
Phactr2,Plcb4,Kif21a-C,mt-Nd2-C
Dhx36,Nipbl,Dnajc7-C,Msh2-C
Fgfr1op2,Shoc2,Evi5-C,Limch1-C
Ankrd12,Nkapd1,1110004F10Rik-C,Camk1d-C
Brd4,Tomm22,Rdx-C,Upf2-C
Ppp1r12a,Smarca2,Dlg4-C,Tulp4-C
Mafg,Pja2,Ganab-C,Nsg2-C
Rassf4,Silc1,Nkapd1-C,Zfp638-C
Smarca5,Zfp638,1110004F10Rik-C,Zic2-C
Dnajc21,Wbp4,Brd4-C,Cebpz-C
Ankrd12,Slain2,Dnajc21-C,Ergic2-C
Fance,Gas6,Cdh4-C,Cdr2l-C
Ash1l,Smc6,Ccdc88a-C,Snrnp48-C
Capn2,Slc25a26,4921504A21Rik-C,Ildr2-C
Nfyb,Zbtb7a,Ddb1-C,Tkt-C
Arhgef12,Slc22a17,Ccdc88a-C,Pkn2-C
Fgfr1op2,Zfp638,Efhb-C,Wasl-C
Pdap1,Top1,Ehd1-C,Tulp4-C
Clpp,Slk,Gpr162-C,Wbp11-C
Cd47,Mfge8,Fcf1-C,Tkt-C
Ccdc59,Ylpm1,Pcmtd1-C,Usp9x-C
B230219D22Rik,Ccdc59,Iqgap2-C,Sec62-C
4921504A21Rik,Dstn,Spata13-C,Tax1bp3-C
Aox3,Pbx1,Atp6v1f-C,Msh2-C
Rora,Zfp1007,Fndc3a-C,Wbp4-C
Bclaf1,Btbd2,Brd4-C,Prpf6-C
Nkapd1,Secisbp2l,Acbd4-C,Ppp1r1b-C
Cebpz,Kif2a,Dlg4-C,Smarca5-C
Clpp,Kif21a,Sptan1-C,Zfp638-C
Arhgef12,B230219D22Rik,Ap2b1-C,Pdap1-C
Dek,Pdap1,Bclaf1-C,Map9-C
Aox3,Mterf4,Phf3-C,mt-Nd2-C
Map3k5,Zbtb7a,4930556M19Rik-C,Shoc2-C
Ccdc186,Fgfr1op2,9530026P05Rik-C,Wapl-C
Fxr1,Wasl,Acbd4-C,Atp6v1f-C
Adam15,Igfbp2,Ccpg1-C,Ganab-C
Bclaf1,Nkapd1,Dstn-C,Ube2q2-C
Evi5,Psma4,Lepr-C,Pabpc1-C
Asb8,Lrrc8a,Psip1-C,Rbm27-C
Atp5me,Sytl2,Itch-C,Zfp1007-C
Golm2,Smim15,Dlg4-C,Wbp4-C
Guk1,Jph1,Cep57-C,Pura-C
Dnajc21,Pawr,Rora-C,Tmem161b-C
Bclaf1,Slain2,Nipbl-C,Wapl-C
Dnajc7,Hk1,Abitram-C,Shfl-C
Clpp,Pkn2,Sh3bgrl-C,Slc22a17-C
Slk,Wbp4,Nipbl-C,Synm-C
Tpr,Zbtb7a,Dstn-C,Zhx1-C
Cebpz,Nipbl,Nfyb-C,Zbtb7a-C
Acox1,Eea1,Ildr2-C,Rbm27-C
Bhmt2,Tceanc,1700018L02Rik-C,Ints10-C
1110004F10Rik,Usf3,Plcb4-C,Rpn2-C
Nedd4,Rpl37,Arhgap5-C,Fxr1-C
Bclaf1,Ergic2,Arhgap5-C,Rock1-C
Gas6,Igfbp2,Tmem203-C,Xpc-C
Hk1,Prkaca,Ash1l-C,Golm2-C
Iqgap2,Rock1,4921504A21Rik-C,Cep290-C
Efhb,Wasl,Rab5c-C,Thra-C
Npepps,Zic2,Golm2-C,Phf3-C
Limch1,Mpp7,B230219D22Rik-C,Eea1-C
B230219D22Rik,Fgfr1op2,Mrpl17-C,Pycr2-C
Brd4,Rbm27,Fhad1-C,Rpn2-C
Atf6b,Tmem259,B230219D22Rik-C,Wasl-C
Evi5,Sptan1,Sntb2-C,mt-Nd2-C
Pabpc1,Secisbp2l,Fer-C,Zbtb7a-C
B230219D22Rik,Baz1b,Clpp-C,Eea1-C
Ndfip1,Rdx,Frg1-C,Krcc1-C
Usp9x,Vps13b,Ndufs3-C,Tnfrsf1b-C
Ergic2,Smim15,Fer-C,Wasl-C
Atf6b,Igfbp2,4921504A21Rik-C,Ccdc186-C
Arhgef12,Rock1,Clpp-C,Wasl-C
Smarca2,mt-Nd2,Arhgef12-C,Pten-C
Acbd4,Hk1,Rassf4-C,Silc1-C
Tmem161b,Usf3,Eif3g-C,Rdx-C
Arid4a,Rora,Ap2b1-C,Map9-C
Luzp1,Phactr2,Bclaf1-C,Slain2-C
Ccdc148,Golm2,Ash1l-C,Top1-C
Ccdc186,Ppp1r12a,Atp5me-C,Pdlim5-C
Luzp1,Smarca2,Gm5141-C,Tmem259-C
Pdap1,Psip1,Synm-C,mt-Nd2-C
Fhad1,Frg1,Fhad1-C,Tmem161b-C
Dek,Wasl,Ahcyl2-C,Osbp-C
Frg1,Smc6,Slk-C,Zfp1007-C
Inpp5a,Pja2,Nipbl-C,Zbtb7a-C
Ankrd12,Iqgap2,Golm2-C,Mansc4-C
Pabpc1,Ylpm1,Nipbl-C,Wasl-C
4921504A21Rik,Nkapd1,Mansc4-C,Phactr2-C
Brd4,Nkapd1,Dnajc21-C,Pawr-C
Frg1,Pura,Cbarp-C,Cspg5-C
Arhgef12,Pja2,Mx2-C,Trabd-C
Rora,Tulp4,Phactr2-C,Pten-C
Cdkn1c,Efhb,Tsc22d1-C,UNKNOWN-C
Arid4a,Kif2a,Dstn-C,Pkn2-C
Cep290,Frg1,Krcc1-C,Upf2-C
Ccdc59,Snrnp48,Krcc1-C,Rdx-C
Ash1l,Nipbl,Camk1d-C,Golm2-C
Kif2a,Rora,Rad50-C,Slain2-C
Tbck,Tmem204,Ddb1-C,Ppp5c-C
Rad50,Rif1,Arhgap5-C,Slc22a17-C
Amfr,Bhmt2,Shoc2-C,Wasl-C
Fgfr1op2,Qser1,Ccdc59-C,mt-Nd2-C
Kif2a,Slc17a5,Psmd3-C,Scyl1-C
Phactr2,Top1,Evi5-C,Mafg-C
Camk1d,Smc6,Fam13b-C,Npepps-C
Adam15,Birc2,Ccdc186-C,Zbtb7a-C
1110004F10Rik,B230219D22Rik,Ccdc186-C,Eea1-C
Cdkn1c,Frg1,G2e3-C,Gm43360-C
Ccdc186,Frg1,Fhad1-C,Usf3-C
Cope,Id1,Cntn1-C,Nipbl-C
Fgfr1op2,Map9,B230219D22Rik-C,Luzp1-C
Osbp,Wbp11,Dnajc7-C,Ubc-C
Arid4a,Nipbl,Ccdc186-C,Wasl-C
Fer,Slk,Pkn2-C,Smim15-C
Fer,Kif21a,Ash1l-C,Plcb4-C
Sh3bgrl,Smarca5,Pabpc1-C,Sntb2-C
Fhad1,Fxr1,Ergic2-C,Psma4-C
Synm,Usp9x,Cebpz-C,Kif21a-C
Ash1l,Tmem161b,Pja2-C,Usp9x-C
Ankrd12,Sntb2,Dcaf12l1-C,Dync1h1-C
Shoc2,Ube2q2,Igfbp2-C,Tkt-C
Dync1h1,Zfp36l2,Mafg-C,Rif1-C
Psip1,Rbm27,Golm2-C,Itch-C
Dnajc21,Fgfr1op2,Pdap1-C,Phf3-C
Scyl1,Tkt,Ccar1-C,Cep290-C
Enpp5,Kif2a,Brd4-C,Top1-C
Eef1a1,Tmem259,Ash1l-C,Usp9x-C
Acox1,Sntb2,Csnk1a1-C,Shoc2-C
Shoc2,mt-Nd2,Pja2-C,Ylpm1-C
Rock1,Sppl3,Ankrd12-C,Upf2-C
Ash1l,Bclaf1,Ankrd12-C,Rdx-C
Pawr,Wasl,Ankrd12-C,Frg1-C
Ergic2,Golm2,Emc3-C,Smarca5-C
B230219D22Rik,Frg1,Bclaf1-C,Nipbl-C
Atp6v1f,Mfge8,Lrrc8a-C,Snrnp48-C
Cebpz,Pdap1,Kif2a-C,mt-Nd2-C
Golm2,Rbm27,Tpr-C,mt-Nd2-C
Psip1,Rad50,Itch-C,Phactr2-C
Fer,Pkn2,Ccdc186-C,Luzp1-C
Clpp,Smarca2,Arid4a-C,Ash1l-C
Ibtk,Qser1,Gtpbp4-C,Slk-C
Arid4a,Tmem161b,Erbin-C,Scg5-C
Dstn,Nipbl,Rbm27-C,Zbtb7a-C
Arhgef12,Sptan1,Rbm27-C,Wasl-C
Ankrd12,Serbp1,Ash1l-C,Ylpm1-C
Arhgap5,Gpaa1,Smarca5-C,Zfp638-C
Cep41,Nsmf,Itch-C,Smarca2-C
Krcc1,Nkapd1,Enpp5-C,Rock1-C
Ash1l,Ccar1,Ylpm1-C,Zic2-C
Fgfr1op2,Slc22a17,Fgfr1op2-C,Shoc2-C
Aasdhppt,Clec14a,Gtpbp4-C,Psip1-C
Enpp5,Nipbl,Adam15-C,Igfbp2-C
Kif2a,Nipbl,Baiap2l1-C,Olfm2-C
Rock1,Zbtb7a,Lrp6-C,Synm-C
Tada1,Tm9sf3,Phactr2-C,Wasl-C
Nipbl,Ylpm1,Fam13b-C,Rpn2-C
Mfge8,Spata13,Klc1-C,Osbp-C
Vps36,Wasl,Ccdc18-C,Phactr2-C
Dynlt2b,Phf1,Ro60-C,Smarca2-C
Krcc1,Slain2,Lrrc8a-C,Suz12-C
Lgr4,Zbtb11os1,Jph1-C,Lpgat1-C
Pura,Smc6,Mafg-C,Rad50-C
Clpp,Dhx36,Cep290-C,Smarca5-C
Lepr,Thyn1,Exph5-C,Rif1-C
Eea1,Top1,Gtpbp4-C,Zfp638-C
Ccdc88a,Smc6,Kif21a-C,Sppl3-C
Ash1l,Mafg,Ildr2-C,Serbp1-C
4632415L05Rik,Klf3,Rif1-C,Rock1-C
Ahcyl2,Wbp11,Cebpz-C,Gtpbp4-C
Ergic2,Rbm27,Ahcyl2-C,Mtrex-C
Dctn2,Pfn1,Ap2b1-C,Nipbl-C
Rad50,Zbtb7a,Aox3-C,Nedd4-C
Ap2b1,Kif21a,Cebpz-C,mt-Nd2-C
Dstn,Tmem161b,Adam15-C,Adck2-C
Kpna3,Ylpm1,Gnas-C,Slc44a1-C
Nkapd1,Rock1,Baz1b-C,Fxr1-C
Eif3g,Top1,Slk-C,Smarca2-C
Gm15083,Osgepl1,Atp5me-C,Fcho2-C
Smarca2,Wasl,Mansc4-C,Ube2q2-C
Kif2a,Tmem161b,Arhgap5-C,Stag2-C
Ergic2,Rad50,Ccdc186-C,UNKNOWN-C
Golm2,Nkapd1,Phactr2-C,Smim15-C
Fgfr1op2,Plcb4,Shfl-C,Slain2-C
Bclaf1,Serbp1,Pdap1-C,Upf2-C
Csnk1a1,Pak2,Pdap1-C,Rdx-C
Arhgef12,Wbp4,Cdc14a-C,Col8a1-C
Acbd4,Fcho2,Entpd6-C,Xaf1-C
Golm2,Slain2,Arid4a-C,B230219D22Rik-C
1110004F10Rik,Zic2,Arhgap5-C,Smarca5-C
Osbp,Tkt,Smim15-C,Ylpm1-C
Pcmtd1,Wasl,Ccnd1-C,Ganab-C
Lrrc8a,Nsg2,Ccdc148-C,Lrp6-C
Npepps,Pabpc1,Fgl2-C,Krcc1-C
Kif21a,Npepps,Dnajc21-C,Snora35-C
Ap2b1,Pkn2,Ndfip1-C,Zfp1007-C
Smarca2,Smarca5,Exph5-C,Rad50-C
Cntn1,Top1,Ccdc88a-C,Fxr1-C
Top1,Usp9x,Ccdc88a-C,Rock1-C
Cebpz,Wasl,Arhgap5-C,Wbp4-C
Eea1,Pabpc1,Enpp5-C,Qser1-C
Cerkl,Pdap1,Fer-C,Kif21a-C
Csnk1a1,Suz12,Dhx36-C,Pkn2-C
Evi5,Ubc,Nol8-C,Pkn2-C
Ro60,Tpr,Pi4ka-C,Vps13b-C
Pdap1,Zbtb7a,Kif2a-C,Lrp6-C
Dynll1,Rock1,Fxr1-C,Wasl-C
Baz1b,Dstn,Map9-C,Rad50-C
Tmem161b,Zic2,Smarca2-C,Usp9x-C
Ash1l,Cebpz,Ccdc88a-C,Cep57-C
Fer,Gtpbp4,Luzp1-C,Zbtb7a-C
Mrpl28,Sec62,Phf3-C,Smarca2-C
Cables2,Cyyr1,Acbd4-C,Hk1-C
Pabpc1,Rpn2,Luzp1-C,Wasl-C
Nfyb,Smc6,Serbp1-C,Smarca2-C
Afg3l1,Gm15675,B230219D22Rik-C,Slk-C
Arid4a,Pdap1,Cebpz-C,Ctdspl2-C
Ccdc148,Lrp6,B230219D22Rik-C,Sptan1-C
Psmd3,Ubl3,Eea1-C,Kif21a-C
Ptges2,Sppl3,Gtpbp4-C,Pcmtd1-C
Ap2b1,Stk26,Ibtk-C,Wasl-C
Iqgap2,Pabpc1,Golm2-C,Sntb2-C
Frg1,mt-Nd2,Shc1-C,Wbp4-C
Eea1,Psip1,Dynlt2b-C,Psmd3-C
Pten,Zfp638,Junb-C,Ube2q2-C
Gm43568,Ifi30,Cep57-C,Slc25a13-C
Evi5,Fgfr1op2,Clpp-C,Sptan1-C
Ankrd12,Map9,Exph5-C,Pdap1-C
Exph5,Rif1,Gm15083-C,Osgepl1-C
Baz1b,Rbm27,Frg1-C,Slk-C
Acacb,Mfge8,B230219D22Rik-C,Dnajc21-C
Lrrc17,Thra,Nkapd1-C,Rad50-C
Shoc2,Suz12,Dnajc21-C,Limch1-C
B230219D22Rik,Slain2,Arid4a-C,Phf3-C
Crygn,Dnajc7,B130034C11Rik-C,Mfsd3-C
Fer,Phactr2,Mansc4-C,Pkn2-C
Ilvbl,Srebf2,Krcc1-C,Npepps-C
Pi4ka,Slc17a5,Psip1-C,Slk-C
Fxr1,Nkapd1,Fzr1-C,Ide-C
Fer,Smarca2,Pkn2-C,Ppp1r12a-C
Atp5me,Jph1,Ro60-C,Usp9x-C
Fam13b,Npepps,Plcb4-C,Rbm27-C
Baz1b,Rad50,Map9-C,Pdap1-C
Dlg4,Mafg,Cebpz-C,Enpp5-C
Rora,Zfp638,Dnajc21-C,Trappc14-C
Evi5,Limch1,Golm2-C,Ildr2-C
Psmd8,UNKNOWN,Nipbl-C,Ppp1r12a-C
UNKNOWN,Ube2q2,Adck2-C,Eef1a1-C
Ppp1r12a,Zfp975,Cep290-C,Smc6-C
Enpp5,Pdap1,Ergic2-C,Mpp7-C
Kif2a,Pdap1,Dcaf12l1-C,Mfge8-C
Pkn2,Rdx,Mafg-C,Ylpm1-C
Col8a1,Irak3,Fhad1-C,Rbm27-C
Ash1l,Wasl,Adprh-C,Zfp638-C
Dek,Enpp5,Dhx9-C,Osbp-C
Ergic2,Fhad1,Ccdc18-C,Usp9x-C
Ankrd12,Ylpm1,Csnk1a1-C,Dnajc21-C
Ccdc186,Smc6,Gm15408-C,Gnas-C
Ccdc148,Lepr,Frg1-C,Zfp638-C
1110004F10Rik,Mansc4,Krcc1-C,Nol8-C
Top1,Zfp638,Hip1-C,Zbtb7a-C
Rbm27,Sptan1,Fxr1-C,Luzp1-C
Mansc4,Smc6,Arhgap5-C,Nsg2-C
Fgfr1op2,Psma4,Frg1-C,Ikzf5-C
Mia2,mt-Nd2,Ildr2-C,Psip1-C
Gsk3b,Smarca5,Cep290-C,Ildr2-C
Ahcyl2,Atf6b,Nkapd1-C,Pdap1-C
Serbp1,Top1,Gas6-C,Tkt-C
Cct4,Shoc2,Atf6b-C,Rora-C
Igfbp6,Ube3c,Psip1-C,Zfp638-C
Efhb,Slain2,Pard6a-C,Tada1-C
Ccdc186,Pura,Csnk1a1-C,Zfp638-C
Kpna3,Zic2,Slk-C,Usp9x-C
4921504A21Rik,Sin3a,Fgfr1op2-C,Slk-C
Dync1h1,Wbp11,Irf3-C,Tmem62-C
Ash1l,Smarca5,Ccdc88a-C,Qser1-C
Arid4a,Wasl,Fcho2-C,Ubc-C
Smarca5,Sptan1,Ergic2-C,Golm2-C
Efhb,Ergic2,B230219D22Rik-C,Dstn-C
Atp5me,Mrpl17,Arid4a-C,Rora-C
Rhob,Ubc,Ccdc59-C,Phactr2-C
Slc22a17,Ubc,Kpna3-C,Pawr-C
Arhgap5,Kif2a,Dlgap4-C,Spata13-C
Baz1b,Slain2,Fer-C,Gtpbp4-C
Rhob,Slc2a2,Heatr3-C,Hk1-C
Fsbp,Sox13,Scyl1-C,Wbp11-C
Erbin,Mtap,Cep57-C,Mia2-C
Dstn,Zhx1,Lpgat1-C,Mef2a-C
Baz1b,Ergic2,Hk1-C,Tkt-C
Luzp1,Zfp1007,Ahcyl2-C,Gm15408-C
Col8a1,Dcaf12l1,Arhgap5-C,Gpaa1-C
Rdx,Slc25a13,Fhad1-C,Krcc1-C
Ap2b1,Phactr2,Ankrd12-C,Npepps-C
Dnajc7,Ganab,Cdkn1c-C,Frg1-C
Fhl1,Hcn3,Eea1-C,Gtpbp4-C
Ap2b1,Smarca2,Pkn2-C,mt-Nd2-C
Dek,Nkapd1,Sec62-C,Upf2-C
Fhad1,Kif2a,Gpaa1-C,Ubc-C
Mtrex,Tkt,Ergic2-C,Top1-C
Pura,mt-Nd2,Iqgap2-C,Nkapd1-C
Pabpc1,Stag2,Bhmt2-C,Tceanc-C
Fcf1,Tkt,Dctn2-C,Ide-C
Krcc1,Serbp1,Eea1-C,mt-Nd2-C
Arhgap5,Nipbl,Fgfr1op2-C,Zfp638-C
Ccdc88a,mt-Nd2,Fcho2-C,Wapl-C
Fhad1,Kif21a,Ankrd12-C,Cep290-C
Bhlhe41,St6galnac4,Nfe2l2-C,Secisbp2l-C
9530026P05Rik,Zfp358,Brd4-C,Nipbl-C
1700125H03Rik,Eea1,Npepps-C,Smc6-C
Arhgef12,Fgfr1op2,Setbp1-C,Usp9x-C
Enpp5,Wasl,Dlg4-C,Mef2a-C
Camk1d,Cebpz,Mef2a-C,Ubc-C
Dek,Ergic2,Mfge8-C,Ubc-C
Cnih2,Pcmtd1,Itch-C,Pkn2-C
Slain2,Ylpm1,Kif2a-C,Sppl3-C
Cep290,Kif2a,Phf3-C,Usp9x-C
Cct4,Nol8,Bclaf1-C,Phf3-C
4933439K11Rik,Bhlhe41,Hip1-C,Luzp1-C
Fhad1,Nipbl,Enpp5-C,Fer-C
Secisbp2l,Slc17a5,Frg1-C,Ralgapa2-C
Itch,Pabpc1,Serbp1-C,Usp9x-C
Arhgap5,Dlg4,Ankrd12-C,Ccdc186-C
Ankrd12,Rock1,Cep290-C,Kif2a-C
Ccdc18,Usp9x,Ap2b1-C,Klf3-C
Ccar1,Nkapd1,Arid4a-C,Frg1-C
Pkn2,Slc25a13,Ndfip1-C,Phactr2-C
Rif1,Wasl,Cxxc4-C,Imp3-C
Frg1,Tpr,Arhgef12-C,Sptan1-C
Hip1,Zbtb7a,Arrdc4-C,Cdc14a-C
Ddit4,Dusp1,1110004F10Rik-C,Usp9x-C
Ap3b1,Ctdspl2,Cep290-C,Tmem161b-C
Arhgap5,Tmem161b,Dok1-C,Shfl-C
Cul7,Mx2,Kif2a-C,Phactr2-C
Smc6,mt-Nd2,Rbm27-C,Sptan1-C
Golm2,Serbp1,Rif1-C,Smarca5-C
Smc4,Ubc,Ibtk-C,Smc4-C
B230219D22Rik,Slc17a5,Ndfip1-C,Smarca2-C
Atp6v1f,Fcho2,Pabpc1-C,Pten-C
Pcmtd1,Vps36,Rhob-C,Ubc-C
Ap2b1,Dek,Pcmtd1-C,Slc22a17-C
Lrp6,Rif1,Mfge8-C,Wapl-C
Pura,Upf2,Fgfr1op2-C,Rab5a-C
Pabpc1,Wbp4,Ehd1-C,Wapl-C
Cep290,Nipbl,Acacb-C,Ramac-C
Ccar1,Ergic2,Cdkn1c-C,Pura-C
Ccdc88a,Upf2,Lrrc17-C,Rhob-C
Mfge8,Ubc,Ergic2-C,Plcb4-C
Fhad1,Tmem161b,Kif2a-C,Smarca2-C
Psmd8,Pycr2,Pbx1-C,Secisbp2l-C
Gas6,Ola1,Baz1b-C,Fer-C
Cldn22,Irak3,B230219D22Rik-C,Slc2a2-C
Klf3,Lepr,4930556M19Rik-C,Ro60-C
Camk1d,Tpr,Btbd2-C,Smc6-C
Phf3,Usp9x,Secisbp2l-C,Usp9x-C
Sppl3,Tpr,5730455P16Rik-C,Fer-C
Cdkn1c,Nipbl,Mafg-C,Nipbl-C
Bclaf1,Rock1,Top1-C,Zbtb7a-C
Nicol1,Txnrd2,Ap2b1-C,Phf3-C
Atf6b,Nedd4,Top1-C,Wasl-C
Ccdc186,Nipbl,Fhad1-C,Shoc2-C
Ash1l,Ttf1,Eef1a1-C,Nedd4-C
B230219D22Rik,Kif2a,Slc17a5-C,mt-Nd2-C
Nipbl,Top1,Fgfr1op2-C,Psma4-C
Luzp1,Pcmtd1,Opa1-C,Tnfrsf1b-C
Dlg4,Smarca5,Acacb-C,Sh3bgrl-C
Rock1,Smc6,Pak2-C,Tulp4-C
Fgfr1op2,Pawr,Lrp6-C,Secisbp2l-C
Cnih2,Evi5,Gtpbp4-C,Rif1-C
Cep290,Tmem161b,Cebpz-C,Phactr2-C
Mx2,Trabd,Arhgap5-C,Tmem161b-C
Slc17a5,Synm,Ccdc88a-C,Smarca5-C
Ccdc88a,Cebpz,Kif21a-C,Slain2-C
Arhgap5,Mafg,Mfge8-C,Pdlim5-C
Dhx36,Nkapd1,Slc22a17-C,Slk-C
Kif21a,Sppl3,Ro60-C,Tpr-C
Krcc1,Usf3,Tulp4-C,Vps36-C
Ildr2,Top1,Rock1-C,Zbtb7a-C
Igfbp2,Ubl3,Prkaca-C,Zfp358-C
Igfbp2,Ilvbl,Mpp7-C,Nol8-C
Cebpz,Enpp5,B230219D22Rik-C,Cebpz-C
Rad50,Smc6,Rad50-C,Rora-C
Sh3bgrl,Wapl,Iqgap2-C,Zbtb7a-C
Ndfip1,Smarca2,Rock1-C,Wasl-C
Cebpz,Rbm27,Cebpz-C,Smarca2-C
Mfge8,Psmd3,Npepps-C,Tmem161b-C
Ccdc186,Tmem161b,Pabpc1-C,Synm-C
B230219D22Rik,Nipbl,Ash1l-C,Pja2-C
Emd,Smarca5,9530026P05Rik-C,Sytl2-C
Cct4,Map9,Pak2-C,Smarca5-C
4930556M19Rik,Arhgap5,Fxr1-C,Kif21a-C
Npepps,Rdx,Phf3-C,Pkn2-C
Psmd3,Tkt,Plcb4-C,Slc17a5-C
Cdc14a,Slc17a5,Ergic2-C,Ylpm1-C
Tpr,mt-Nd2,Bclaf1-C,Frg1-C
Acacb,Tulp4,Gm15408-C,Tmem259-C
Rbm27,Rif1,Inpp4a-C,Map3k5-C
Cebpz,Rad50,Fam13b-C,Smim15-C
Kif21a,Zbtb7a,Ptk2b-C,Zfp768-C
Evi5,Pdcd4,B230219D22Rik-C,Gsk3b-C
Csnk1a1,Pcmtd1,Gtpbp4-C,Smim10l1-C
Agrn,Shc1,Cdkn1c-C,Fam13b-C
Eea1,Rdx,Gnas-C,Pdcd4-C
Frg1,Ndfip1,Ino80c-C,Zmat5-C
Hlf,Sntb2,Arhgap5-C,Usf3-C
Nipbl,Pabpc1,Pura-C,Top1-C
Atf6b,Cep41,Kif21a-C,Pabpc1-C
Pja2,Tmem161b,Fer-C,Gsk3b-C
Golm2,Usf3,Clpp-C,Dhx36-C
Mansc4,Ube2q2,Msh2-C,Mtrex-C
Fcf1,Mcfd2,Pawr-C,Wasl-C
4930556M19Rik,Csnk1a1,Dek-C,Zbtb7a-C
Eea1,Fxr1,Dek-C,Eea1-C
Dlg4,Samd14,Frg1-C,Gm37204-C
Ash1l,Dstn,Ash1l-C,Rock1-C
B230219D22Rik,Tmem161b,Kif21a-C,Tpr-C
Ildr2,Pabpc1,Ccdc148-C,Usp9x-C
Josd1,Upf2,Dek-C,Wasl-C
Pura,Wasl,Nprl2-C,Nup214-C
Guk1,Myof,Gtpbp4-C,Rad50-C
Krcc1,Ylpm1,Irak3-C,Zfp36l2-C
Fgfr1op2,Rif1,Npepps-C,Usf3-C
Ehd1,Smarca5,Tulp4-C,Wbp11-C
Efhb,Serbp1,Pabpc1-C,Wasl-C
Cebpz,Nkapd1,Mrps18a-C,Pdlim5-C
Kif21a,Krcc1,Eea1-C,Fgfr1op2-C
Ccdc88a,Wasl,Baz1b-C,Npepps-C
Iqgap2,Rdx,Arid4a-C,Fam13b-C
Phf3,Zfp638,Ccdc186-C,Cebpz-C
Guk1,Wbp11,Kpna3-C,Nipbl-C
Clpp,Phf3,Ap2b1-C,Frg1-C
Plcb4,Wasl,Kif2a-C,Usp9x-C
Nipbl,Psip1,Atp6v1f-C,Tkt-C
Fhad1,Pdap1,Amfr-C,Gas6-C
Guk1,Mef2a,Limch1-C,Zfp322a-C
Ccdc186,Mafg,Arid4a-C,Sntb2-C
Smarca5,Ubc,Wasl-C,mt-Nd2-C
Arl2bp,Prkaca,Qser1-C,Wasl-C
Pabpc1,Rif1,Cep290-C,Pi4ka-C
Ildr2,Psip1,Pja2-C,Slc22a17-C
4921504A21Rik,Vps13b,Snora35-C,Usp9x-C
Fhad1,Smarca2,Mfsd3-C,Sin3a-C
Cebpz,Ergic2,Phf3-C,Tpr-C
Acacb,Fcho2,Cep290-C,Mia2-C
Smc6,Tpr,Baz1b-C,Nol8-C
Ccdc88a,Smarca5,Npepps-C,Slc25a13-C
Golm2,Ro60,Ccdc186-C,Dhx36-C
Nt5m,Psmd8,Kif2a-C,Ube2q2-C
Plcb4,Smarca5,Ccdc186-C,Gsk3b-C
Gtpbp4,Mafg,Pcmtd1-C,Smarca5-C
Cep290,Pdap1,Dynlt2b-C,Spata13-C
Csnk1a1,Evi5,Rora-C,Slk-C
Dnajc7,Msh2,Arid4a-C,Ildr2-C
Rora,Rpn2,Brd4-C,Nprl2-C
Golm2,Ylpm1,Mansc4-C,Rock1-C
Gsk3b,Tulp4,Kpna3-C,Limch1-C
Csnk1a1,Lrrc8a,Pja2-C,Qser1-C
B230219D22Rik,Mafg,Ccdc59-C,Snrnp48-C
Opa1,Pomgnt1,Ccdc59-C,Pkn2-C
Nipbl,Synm,Stag2-C,Zic2-C
Smarca5,Sppl3,Arhgef12-C,Sytl2-C
Pcgf5,Sytl2,Errfi1-C,Exph5-C
Fzr1,Tmem184c,Mtpn-C,Slc25a16-C
Arid4a,Enpp5,Dhx36-C,Irak1bp1-C
Arid4a,Rbm27,Rad54l2-C,Tkt-C
Npepps,Slc25a13,Cdkn1c-C,Cep290-C
Serbp1,Zbtb7a,Hk1-C,Zfp358-C
Rbm27,Zbtb7a,Cog8-C,Pcmtd1-C
Ildr2,Synm,Plcb4-C,Slk-C
Pdap1,Pkn2,Eif3h-C,Wbp11-C
Luzp1,Usp9x,Rock1-C,UNKNOWN-C
Irak1bp1,Pak2,Rora-C,Zfp638-C
Eif3h,Gnas,Ergic2-C,Nipbl-C
Arhgap5,Wasl,Ash1l-C,Qser1-C
Clpp,Fhad1,Snrnp48-C,Wasl-C
Ccdc186,Cebpz,Heatr3-C,Msh2-C
Cdkn1c,Cebpz,Fer-C,Phactr2-C
Ylpm1,Zfp638,Ildr2-C,Rif1-C
Arid4a,Rad50,4921504A21Rik-C,Pbx1-C
Ergic2,Ylpm1,Fhad1-C,Slk-C
Cep95,Pja2,Gtpbp4-C,Map9-C
Ibtk,Ubc,Pfn1-C,Sesn3-C
Dlg4,Ibtk,Ankrd12-C,Cct4-C
Ash1l,Nkapd1,Psmd3-C,Ubl3-C
Gpr162,Rad54l2,Gm37219-C,Lurap1-C
Clpp,Evi5,Csnk1a1-C,Mpp7-C
Cnih2,Zfp638,Mtrex-C,Tkt-C
Arhgap5,Smarca5,B230219D22Rik-C,Golm2-C
Ccdc18,Qser1,Brd4-C,Phf3-C
B230219D22Rik,Pdap1,Smarca5-C,Ylpm1-C
Ash1l,Slain2,Fer-C,Smarca2-C
Samd14,Zfp36l2,Arid4a-C,Cep290-C
Tmem259,Zfp975,Eea1-C,Phactr2-C
Atf6b,Rpp30,Mafg-C,Pja2-C
1110004F10Rik,Frg1,Arhgef12-C,Gsk3b-C
Afg3l1,Flcn,Ndfip1-C,Snrnp48-C
Gnas,Mcfd2,Bclaf1-C,Fam13b-C
Eea1,Irak1bp1,Gsk3b-C,Slk-C
Secisbp2l,Setbp1,Ndfip1-C,Pkn2-C
B230219D22Rik,Shb,Fhad1-C,Psip1-C
Kif2a,Rbm27,Nipbl-C,Phactr2-C
Ctdspl2,Mafg,Arhgef12-C,Fgfr1op2-C
Clpp,Eea1,Arid4a-C,Kif2a-C
Cep290,Wasl,Frg1-C,Golm2-C
Ibtk,Sppl3,Atp5me-C,Mrpl17-C
Phactr2,Smc6,Wapl-C,Zfp322a-C
Fgfr1op2,Ppp1r12a,Mansc4-C,Sp4-C
Fxr1,Ro60,Pkn2-C,Smarca2-C
Kif2a,Rad50,Kif2a-C,Pkn2-C
Rock1,mt-Nd2,Arid4a-C,Ccdc186-C
Gm5141,Sh3bgrl,Eea1-C,Smarca2-C
Map9,Nipbl,Arhgap5-C,Dlg4-C
Fxr1,Ylpm1,Fhad1-C,Zfp638-C
Camk1d,Dstn,Nipbl-C,Smarca2-C
Arid4a,Ergic2,Acbd4-C,Ptk2b-C
Suz12,Ube2q2,Ccdc59-C,Tpr-C
Phf3,Qser1,Clpp-C,Top1-C
Ccdc186,Wasl,Mx2-C,Ndufaf1-C
Cdkn1c,Wasl,Golm2-C,Synm-C
Lepr,Lrp6,Krcc1-C,Wasl-C
Rad50,mt-Nd2,Fgfr1op2-C,Mpp7-C
Slk,Tmem161b,Atn1-C,Flcn-C
Slain2,Top1,Sesn3-C,Tada1-C
Ankrd12,Ccdc88a,Camk1d-C,Qser1-C
Smarca2,Sntb2,Frg1-C,Top1-C
Fcho2,Wapl,Psip1-C,Rad50-C
Luzp1,Zfp638,Mia2-C,mt-Nd2-C
Fer,Phf3,Jph1-C,Mef2a-C
Sh3bgrl,Trappc14,Ibtk-C,Setx-C
Dnajc21,Mafg,Ppp1r12a-C,Top1-C
Exph5,Tet1,Map9-C,Vps13b-C
Junb,Ube2q2,Fam13b-C,Kif21a-C
Cbarp,Sulf2,Ildr2-C,Rad50-C
Tmem259,Tulp4,Pawr-C,Rab11fip5-C
Qser1,Rad50,Cep290-C,Rbm27-C
Rora,Sptan1,Shoc2-C,Smarca2-C
Enpp5,Nkapd1,Adam15-C,Mef2a-C
Papss1,Zfp975,Rad50-C,Sntb2-C
Pja2,Wasl,Pja2-C,Tulp4-C
Gtpbp4,Wasl,Ankrd12-C,Bclaf1-C
Ccdc186,Smarca5,Setx-C,Smarca5-C
Bclaf1,Pabpc1,Cep57-C,Efhb-C
Rpl37,Stxbp4,Rad50-C,Smc6-C
Mef2a,Ubc,Ctdspl2-C,Pja2-C
Nsg2,Wapl,Cog8-C,Samd14-C
Dstn,Ergic2,Fgfr1op2-C,Golm2-C
Igfbp2,Tkt,Ccdc186-C,Golm2-C
Baz1b,Ylpm1,Slc17a5-C,Vps36-C
Atp6v1f,Scyl1,Frg1-C,Pdap1-C
Rdx,Smarca2,Ccdc88a-C,Tmem161b-C
B230219D22Rik,Wasl,Luzp1-C,Zfp1007-C
Ash1l,Ptges2,Cebpz-C,Pkn2-C
Ro60,Shoc2,Ccdc18-C,Fxr1-C
Josd1,Ndfip1,Gm37219-C,Kif22-C
Amfr,Zfp654,Nedd4-C,Tm9sf3-C
Eif3h,Slc25a16,Gsta4-C,Magix-C
Cep41,Nedd4,Krcc1-C,Smim15-C
Pycr2,Sytl2,Shoc2-C,Top1-C
Enpp5,Ergic2,Usp9x-C,Wbp4-C
Inpp4a,Tomm34,Ndfip1-C,Tpr-C
Arid4a,Fhad1,Suz12-C,UNKNOWN-C
Mafg,Nipbl,Shb-C,Ylpm1-C
Arid4a,Wapl,4921504A21Rik-C,Lepr-C
Pdap1,mt-Nd2,B230219D22Rik-C,Plcb4-C
Pja2,Smarca5,Kif2a-C,Pabpc1-C
Fhad1,Smim15,Golm2-C,Wasl-C
Eea1,Fam13b,Fgfr1op2-C,Top1-C
Bclaf1,Ccdc88a,Ccdc186-C,Top1-C
Arhgef12,Ppfibp1,Ildr2-C,Pdap1-C
Csnk1a1,Zfp638,Clpp-C,Plcb4-C
Rab5a,Slc22a17,Cebpz-C,Fndc3a-C
Ptk2b,Pycr2,Kif2a-C,Tpr-C
Psmd3,Tmem259,Ankrd12-C,Zbtb7a-C
C130089K02Rik,Gm4017,Ankrd12-C,Eea1-C
B230219D22Rik,Smarca5,Bclaf1-C,Cep290-C
Frg1,Slain2,Cep290-C,Krcc1-C
Rpn2,Ylpm1,Brd4-C,Rdx-C
Dek,Ylpm1,Ankrd12-C,Wasl-C
Brd4,Snora35,Csnk1a1-C,Pawr-C
Lrrc8a,Rpl37,Ccar1-C,Sptan1-C
Fer,Fhad1,Arhgap5-C,Evi5-C
Pawr,Usf3,Arhgap5-C,Rbm27-C
Ash1l,UNKNOWN,Mafg-C,Rora-C
Fxr1,Rock1,Eef1a1-C,Suclg2-C
Pkn2,Smarca2,Bclaf1-C,Ccdc186-C
Eef1a1,Sytl2,Ash1l-C,Fer-C
Usf3,Usp9x,Kif21a-C,Mafg-C
Ap2b1,Phf3,Dcaf12l1-C,Wbp4-C
Npepps,Slk,Npepps-C,Rbm27-C
Dhx36,Gxylt1,Fer-C,Usp9x-C
Ankrd12,Baz1b,Frg1-C,Map9-C
Eif3g,Pura,Ctsc-C,Stag2-C
Pkn2,Setbp1,Evi5-C,Ubc-C
Gxylt1,Nol8,Arid4a-C,Ccdc88a-C
Enpp5,Fhad1,Evi5-C,Ibtk-C
Eea1,Slk,Pabpc1-C,Secisbp2l-C
Eea1,Kif21a,Pak2-C,Usf3-C
Bclaf1,Synm,Fam13b-C,Gtpbp4-C
Dlg4,Pten,Cebpz-C,Pabpc1-C
Ctdspl2,Wasl,Ap2b1-C,Npepps-C
Eea1,Luzp1,Cep41-C,Nsmf-C
Shoc2,Sntb2,Eea1-C,Usp9x-C
Osbp,Psmd3,A430108G06Rik-C,Prxl2c-C
Nipbl,Rdx,Smc6-C,Sntb2-C
Clpp,Zfp638,Cebpz-C,Tpr-C
Cerkl,Dynll1,Nipbl-C,Usp9x-C
Mtap,Ubl3,B230219D22Rik-C,Ylpm1-C
Ptk2b,Scyl1,Irak1bp1-C,Pkn2-C
Cep95,Pawr,Phactr2-C,Smarca2-C
Ehd1,Tulp4,Fgfr1op2-C,Plcb4-C
Pak2,Wasl,Psmd8-C,Rplp1-C
Ric3,S100a8,Pabpc1-C,Pbx1-C
Kif21a,Smc6,Ccdc186-C,Plcb4-C
Npepps,Pkn2,Ap2b1-C,Cep290-C
Irak3,Zfp36l2,Gm42636-C,Leprotl1-C
Bcat1,Ccdc59,Clpp-C,Ylpm1-C
Ildr2,Rdx,Rbm27-C,Top1-C
Iqgap2,Kif2a,Mrps18a-C,Pbx1-C
Ash1l,Sntb2,Dstn-C,Kif2a-C
Dcaf12l1,Jph1,Frg1-C,Ylpm1-C
Fxr1,Pja2,1110004F10Rik-C,Fxr1-C
Ccdc59,Rora,Gm43568-C,Ifi30-C
Rock1,Tpr,Itch-C,Setbp1-C
Ap2b1,Ash1l,Pkn2-C,Ube2q2-C
Eea1,Pkn2,Nkapd1-C,Phf3-C
Map9,Pdap1,Ccdc88a-C,Iqgap2-C
Adam15,Bhmt2,Ccdc18-C,Qser1-C
Mcfd2,Slc44a1,Fndc3a-C,Zfp638-C
Fxr1,Zic2,Dnajc7-C,Wbp11-C
Arhgap5,Dstn,Irak1bp1-C,Pak2-C
Smarca2,Usf3,Dstn-C,Tmem161b-C
Lrp6,Smc6,Limch1-C,Smc4-C
B230219D22Rik,Smim15,Pten-C,Zfp638-C
Asb8,Limch1,Pdap1-C,Zbtb7a-C
Dlg4,Wapl,Pycr2-C,Scyl1-C
Evi5,Mafg,Mfge8-C,Tkt-C
Ndfip1,Rad50,Atp6v1f-C,Wbp11-C
Atp6v1f,Msh2,Ash1l-C,Ttf1-C
Pawr,Ylpm1,Pdap1-C,Wasl-C
Dnajc21,Wasl,4921504A21Rik-C,Cebpz-C
Luzp1,Qser1,Lpgat1-C,Rpl37-C
Brd4,Psip1,Ric3-C,Stxbp4-C
Gm2445,Mex3a,Fcho2-C,Setx-C
Baz1b,Snrnp48,Shoc2-C,Ylpm1-C
Rad50,Tpr,Rnf187-C,Sytl2-C
Acacb,Atf6b,1110004F10Rik-C,Nfyb-C
Arhgap5,Arhgef12,Slc25a20-C,Slk-C
Fhad1,Golm2,Ap3b1-C,Setx-C
Ash1l,Serbp1,Fgfr1op2-C,Ylpm1-C
Dlg4,Ptges2,Kif21a-C,Ndfip1-C
Clpp,Nol8,Ccdc88a-C,Nkapd1-C
Atp6v1f,Gprc5c,Capn2-C,Slc25a26-C
Fzr1,Ide,Fxr1-C,Phactr2-C
Atp5me,Mef2a,Ccar1-C,Psma4-C
Fer,Usp9x,Ergic2-C,Rock1-C
Ccdc88a,Nkapd1,Dlg4-C,Rpl37-C
Psip1,Top1,Fer-C,Pkn2-C
Dnajc21,Smarca5,Bclaf1-C,Ccdc88a-C
Phactr2,Ube2q2,Suz12-C,Zic2-C
Usf3,Zfp638,Ccdc88a-C,Kpna3-C
Frg1,Iqgap2,Ash1l-C,Npepps-C
Ccdc59,Slk,Gsta4-C,Smim10l1-C
Arhgef12,Nipbl,Fxr1-C,Smarca2-C
Arhgap5,Rbm27,Rdx-C,mt-Nd2-C
Ankrd12,Efhb,Ppp1r1b-C,Tkt-C
Ap2b1,Lrp6,Pdap1-C,Smim15-C
Dlg4,Ehd1,Cep290-C,Serbp1-C
Phactr2,mt-Nd2,Smarca2-C,Smarca5-C
Ro60,Usf3,Eif3h-C,Hmces-C
Rad50,Smarca5,Luzp1-C,Smarca2-C
Pdlim5,Spata13,Lpgat1-C,Rad54l2-C
Arhgap5,Rad50,Dnajc7-C,Gas6-C
Slk,Wasl,Eea1-C,Pkn2-C
Pdap1,Tpr,Cnih2-C,Irak1bp1-C
Krcc1,Pabpc1,Nipbl-C,Pkn2-C
Fhad1,Rbm27,Itch-C,Stag2-C
Ubc,Zfp322a,Inpp5a-C,Pja2-C
Cep57,Rdx,Eif3g-C,Pbx1-C
Ap3b1,Pak2,Enpp5-C,Thyn1-C
Ankrd12,Frg1,Atf6b-C,Ubc-C
Ddit4,Ubc,Npepps-C,Shoc2-C
Arhgef12,Dlg4,Itch-C,Smarca5-C
Ergic2,Npepps,Dhx36-C,Smc6-C
Hk1,Wbp11,Fhad1-C,Ro60-C
Rab5c,Tmem184c,Phactr2-C,Usp9x-C
B130034C11Rik,Mfsd3,B230219D22Rik-C,Nipbl-C
Ccdc59,Pkn2,Ric3-C,S100a8-C
Map9,Wasl,Clpp-C,Nipbl-C
Ccdc148,Psip1,Rbm27-C,Ylpm1-C
Ehd1,Wapl,Csnk1a1-C,Suz12-C
Atn1,Flcn,Dlg4-C,Pcmtd1-C
Rora,Ubc,Frg1-C,Nipbl-C
Slk,Smarca5,Fcho2-C,Gsk3b-C
Fhad1,Rad50,Plcb4-C,Rif1-C
Smarca5,Smc4,Cep290-C,Fhad1-C
Ergic2,Top1,Slk-C,Tulp4-C
Bclaf1,Efhb,Limch1-C,Sptan1-C
Eea1,Gtpbp4,Ahcyl2-C,Nedd4-C
Cep290,Enpp5,Dlg4-C,Rhob-C
Cep290,Rbm27,Phactr2-C,Ube2q2-C
Cables2,Hcn3,Gpr162-C,Lrrc17-C
Krcc1,Psip1,Fhad1-C,Rif1-C
Pja2,Vps36,Lepr-C,Thyn1-C
Cebpz,Ylpm1,Map9-C,Pura-C
Pawr,Rock1,Cebpz-C,Dek-C
Gm37204,Ralgapa2,Ccar1-C,Cebpz-C
Frg1,Sntb2,Arid4a-C,Synm-C
Ehd1,Ptges2,Amfr-C,Ganab-C
Ndufs3,Ubl3,Fn3krp-C,Vps36-C
Ap2b1,Usp9x,Shoc2-C,Suz12-C
Acacb,Slc22a17,Acox1-C,Eea1-C
Fxr1,Mansc4,Ergic2-C,Qser1-C
B230219D22Rik,Vps36,Arf2-C,Rpl18a-C
Cep290,Rad50,Npepps-C,Serbp1-C
Dnajc7,Ubc,Phf3-C,Repin1-C
Serbp1,Slk,Eea1-C,Pabpc1-C
Fgfr1op2,Smc6,Pkn2-C,Tpr-C
Cdkn1c,Enpp5,Arid4a-C,Bclaf1-C
Luzp1,Plcb4,Ankrd12-C,Ap2b1-C
Bclaf1,Frg1,Lpgat1-C,Scyl1-C
Npepps,Pdap1,Zfp1007-C,Zfp638-C
Pkn2,Smim15,Lrp6-C,Usp9x-C
Ankrd12,Rdx,Nipbl-C,Tpr-C
Snrnp48,Tpr,Ash1l-C,Rpn2-C
9530026P05Rik,Nol8,Cdkn1c-C,Zbtb7a-C
Pabpc1,Smc6,Cdkn1c-C,Eea1-C
Slc17a5,Slk,Acacb-C,Mfge8-C
Npepps,Phactr2,Dlg4-C,Nedd4-C
Fgfr1op2,Pura,Cdkn1c-C,Wasl-C
Ino80c,Zmat5,Ankrd12-C,Kif21a-C
Dcaf12l1,Mfge8,1700125H03Rik-C,Slc17a5-C
Npepps,Smarca2,Ergic2-C,Rdx-C
Fam13b,Pkn2,Mtap-C,Ubl3-C
Arhgef12,Mafg,Fgl2-C,Map9-C
Mafg,Wasl,Fgfr1op2-C,Nipbl-C
1110004F10Rik,Kif2a,Ccdc186-C,Nipbl-C
Igfbp2,Tmem259,Gm38380-C,Hmces-C
Eea1,Phactr2,Smc4-C,Zfp322a-C
Ash1l,Map9,Cct4-C,Eif3g-C
Ganab,Zfp768,Dcaf12l1-C,Fam98b-C
Nedd4,Tm9sf3,Armcx2-C,Asb8-C
Eea1,Smarca2,Kif2a-C,Nfyb-C
Ahcyl2,Nedd4,4921504A21Rik-C,Golm2-C
Cep290,Nkapd1,Plcb4-C,Rad50-C
Cables2,Foxk2,Ppp1r1b-C,Ppp5c-C
Ibtk,Smc4,Dhx36-C,Kif2a-C
Ccdc148,Cntn1,Map3k5-C,Zbtb7a-C
B230219D22Rik,Rbm27,Ccdc59-C,Ndfip1-C
Ccdc88a,Iqgap2,Fxr1-C,Usp9x-C
Dctn2,Fzr1,Arid4a-C,Eea1-C
Gtpbp4,Rad50,Atp5me-C,Tmem184c-C
Gm15408,Tmem259,Cep290-C,Slk-C
Bclaf1,Rdx,Arid4a-C,Wasl-C
Evi5,Smarca5,Rab5c-C,Wbp11-C
Cep57,Slc25a13,Fhad1-C,Rad50-C
Fhad1,Smarca5,Luzp1-C,Usp9x-C
Jph1,Lpgat1,Phf3-C,Smarca5-C
B230219D22Rik,Rad50,Pura-C,Rock1-C
Cep290,Ergic2,1110004F10Rik-C,Stag2-C
Ddb1,Fcho2,Arhgef12-C,Pak2-C
Itch,Pkn2,Phactr2-C,Pkn2-C
1110004F10Rik,Nipbl,Dync1h1-C,Eif3h-C
Ccdc88a,UNKNOWN,Dlg4-C,Samd14-C
Cdkn1c,Nkapd1,Cep290-C,Psip1-C
Top1,Zbtb7a,Bhmt2-C,Mfge8-C
Ash1l,Ro60,Clcn2-C,Gm25517-C
Hk1,Tkt,Psmd3-C,Pycr2-C
Abitram,Gm4017,Afg3l1-C,Gm15675-C
Plcb4,UNKNOWN,Phf3-C,Wbp4-C
Ergic2,Psip1,Mcfd2-C,Rpp30-C
Wasl,Ylpm1,Btbd2-C,Rab11fip5-C
Arhgap5,Wapl,Fchsd2-C,Vangl1-C
Golm2,Synm,Fhad1-C,Pdap1-C
Klf3,Pabpc1,Slc17a5-C,Tpr-C
Bclaf1,Fxr1,B230219D22Rik-C,Shb-C
Mpp7,Shoc2,Map9-C,Smc6-C
Cdkn1c,Slain2,Bclaf1-C,Synm-C
Fcho2,Scg5,B230219D22Rik-C,Ccdc59-C
Kif21a,mt-Nd2,Fam13b-C,Phactr2-C
Ash1l,Ylpm1,Tmem161b-C,Zic2-C
Thra,Zfp768,Cep41-C,Inpp5a-C
Hmces,Kin,Pcgf5-C,Sytl2-C
Nipbl,Rora,Scrib-C,Tmem184c-C
Ccdc186,Ergic2,Fcho2-C,Wbp11-C
Dnajc21,Ibtk,Fhad1-C,Pawr-C
Cdkn1c,Ergic2,Arid4a-C,Luzp1-C
Phactr2,Tpr,Fam13b-C,Smarca2-C
Gtpbp4,Nkapd1,Ccar1-C,Mpp7-C
Mpp7,Sntb2,Ap3b1-C,Wbp11-C
Fxr1,Pabpc1,Nkapd1-C,Smc6-C
Lrp6,mt-Nd2,Npepps-C,Slk-C
Atf6b,Zfp358,Cep290-C,Dstn-C
Mrpl17,Zfp768,Dlg4-C,Dnajc7-C
Smarca2,Zic2,Igfbp2-C,Tulp4-C
Gm9920,Mef2a,Efhb-C,Rock1-C
B230219D22Rik,Nkapd1,Phactr2-C,Tpr-C
Arid4a,Ylpm1,Enpp5-C,Serbp1-C
Afg3l1,Grpel1,Phf3-C,Ttf1-C
Clpp,Plcb4,Bclaf1-C,Zbtb7a-C
Arhgap5,Ehd1,Bclaf1-C,Eea1-C
Ccdc88a,Sntb2,Cep290-C,Lepr-C
Sh3bgrl,Tspan9,Amfr-C,Igfbp2-C
Exph5,Wasl,Bclaf1-C,Wasl-C
Ccdc59,Phactr2,Fxr1-C,Pkn2-C
Ankrd12,Slc25a13,Kif21a-C,Smc6-C
Dek,Top1,Ap2b1-C,Synm-C
Klf3,Nfe2l2,Fhad1-C,Map9-C
Cep290,Fhad1,Smim15-C,Usf3-C
Ankrd12,Cdkn1c,Opa1-C,Scyl1-C
Ccdc59,Smarca2,Mfge8-C,Wbp11-C
Frg1,Usf3,Ap2b1-C,Bclaf1-C
Fam13b,Gtpbp4,Npepps-C,Zfp638-C
B230219D22Rik,Ergic2,4921504A21Rik-C,Usp9x-C
Thyn1,Zhx1,Evi5-C,Slk-C
Nkapd1,Tmem161b,B230219D22Rik-C,Pja2-C
Kif21a,Phactr2,Smarca2-C,Tmem161b-C
Emc10,Smyd2,Evi5-C,Sptan1-C
Baz1b,Pabpc1,Dnajc7-C,Gpr162-C
Dstn,Ro60,Gpaa1-C,Srebf2-C
Cdc14a,Col8a1,Dnajc21-C,Ibtk-C
Arf2,Rpl18a,Shc1-C,Zfp638-C
Nipbl,Slk,Fxr1-C,Pak2-C
Pura,Serbp1,Cebpz-C,Setbp1-C
Atp5me,Cxxc4,Pura-C,Rdx-C
Dstn,Ylpm1,Rock1-C,Top1-C
Ddb1,Pdlim5,Irak1bp1-C,Nfyb-C
Ccdc88a,Serbp1,Ccar1-C,Top1-C
Ahcyl2,Mtrex,Ash1l-C,Nkapd1-C
Fgfr1op2,Nipbl,Arid4a-C,UNKNOWN-C
Frg1,Map9,Dynlt2b-C,Ganab-C
Fam13b,Ube2q2,Phactr2-C,Rad50-C
Fndc3a,Slc17a5,Dstn-C,Krcc1-C
Rock1,Wrn,Lrp6-C,Tpr-C
Klf3,Synm,Arhgap5-C,Lrrc8a-C
Smc6,Sntb2,Ptk2b-C,Thra-C
Btbd2,Rab11fip5,Evi5-C,Zfp638-C
Efhb,Psip1,B230219D22Rik-C,Rock1-C
Ccar1,Top1,Pabpc1-C,Smarca2-C
Ildr2,Kif21a,Pomgnt1-C,Suclg2-C
Brd4,Rdx,Ro60-C,Tmem161b-C
4921504A21Rik,Fxr1,Arhgap5-C,Sh3bgrl-C
Kif2a,Ylpm1,Clpp-C,Rock1-C
Luzp1,Npepps,Bclaf1-C,Luzp1-C
Dctn2,Rhob,Fhad1-C,Slain2-C
Dcaf12l1,Dync1h1,Smc6-C,Thyn1-C
Ccar1,Snora35,Rdx-C,Smarca2-C
Cerkl,Zfp27,Smarca2-C,Usf3-C
Pkn2,Rbm27,Dek-C,Top1-C
Nfyb,Shoc2,Cope-C,Id1-C
Lpgat1,Scyl1,Slc22a17-C,Trappc14-C
Bclaf1,Cdkn1c,Kif2a-C,Smarca5-C
Ash1l,Rock1,Ccdc18-C,Tmem161b-C
Nipbl,Pkn2,Clec14a-C,Dnajc7-C
Ptk2b,Thra,Qser1-C,Smarca2-C
Lpgat1,Stxbp4,Acox1-C,Ap2b1-C
Rbm27,mt-Nd2,Eea1-C,Fxr1-C
Dcaf12l1,Osbp,Fxr1-C,Tpr-C
Igfbp2,Rgs7,Gas6-C,Slc22a17-C
Atf6b,Mfge8,Ccdc88a-C,Slc17a5-C
Rif1,Ylpm1,Gxylt1-C,Zbtb7a-C
Slc22a17,Smarca5,Frg1-C,Phf3-C
Cct4,Eif3g,Ap3b1-C,Usp9x-C
Pkn2,Rad50,Afg3l1-C,Grpel1-C
Tpr,UNKNOWN,Top1-C,Usp9x-C
Ildr2,Pkn2,Arhgap5-C,Pcmtd1-C
Irak1bp1,Shoc2,Kif21a-C,Kif2a-C
Cog8,Dlg4,Acox1-C,Kif21a-C
Arhgef12,Smarca5,Slk-C,Tmem161b-C
Serbp1,Smarca2,Cep41-C,Wbp4-C
Pabpc1,Tmem161b,Fam13b-C,Usp9x-C
Ash1l,Vps13b,Arhgap5-C,Rhob-C
Kpna3,Pkn2,Gas6-C,Ilvbl-C
Smarca5,mt-Nd2,Ildr2-C,Phf3-C
Opa1,Scyl1,Ap2b1-C,Smim15-C
Sytl2,Wapl,Ro60-C,Usf3-C
Gsk3b,Pja2,Amfr-C,Smarca5-C
Dek,Psip1,Pura-C,Sec62-C
Ccdc186,UNKNOWN,Cep57-C,Pdap1-C
Baz1b,Synm,Ergic2-C,Npepps-C
Itch,Phactr2,Wapl-C,Zfp1007-C
B130034C11Rik,Mansc4,Enpp5-C,mt-Nd2-C
Ash1l,Pja2,Trappc14-C,Zfp638-C
Parvg,Smurf1,Dnajc21-C,Wasl-C
Cep290,Lepr,Fcf1-C,Lrrc17-C
Itch,Smarca2,Fgfr1op2-C,Rock1-C
Ap3s2,Osbp,Fam13b-C,Ube2q2-C
Dhx36,Top1,Ccdc186-C,Rock1-C
Pdap1,Phf3,Rad54l2-C,Tmem184c-C
Atp5me,Rpl37,Enpp5-C,Psip1-C
Arid4a,Snrnp48,Dstn-C,Shoc2-C
Kif21a,Tpr,Ccdc88a-C,Ppp1r12a-C
Itch,Setbp1,Evi5-C,Psma4-C
Map9,Rbm27,Fgfr1op2-C,Phf3-C
Atn1,Dek,Ergic2-C,Nol8-C
Ccar1,Ccdc88a,Eea1-C,Irak1bp1-C
Krcc1,Rdx,Ankrd12-C,Fgfr1op2-C
Cyyr1,Fhl1,Rif1-C,mt-Nd2-C
Dhx29,Trappc14,Slk-C,Usf3-C
Dnajc21,Ergic2,Adam15-C,Rhob-C
Fcf1,Mtrex,Baz1b-C,Gtpbp4-C
Fgfr1op2,Mafg,B230219D22Rik-C,Qser1-C
Mansc4,Shoc2,1110004F10Rik-C,Rpn2-C
Nkapd1,Pdap1,Arhgef12-C,Pja2-C
Mafg,Vps36,Slc25a20-C,Sulf2-C
Rad50,Slain2,Baz1b-C,mt-Nd2-C
Map9,Rad50,Csnk1a1-C,Slc22a17-C
Lrp6,Tpr,5730455P16Rik-C,Nfe2l2-C
Ergic2,Zbtb7a,Rock1-C,Ylpm1-C
Clpp,Npepps,Crygn-C,Zfp219-C
Psip1,Rdx,Cebpz-C,Pura-C
Adprh,Bcat1,Limch1-C,Mpp7-C
Ccdc88a,Map9,Krcc1-C,Phactr2-C
Clpp,Sptan1,B230219D22Rik-C,Frg1-C
Tulp4,Vps36,Rad50-C,Serbp1-C
Ganab,Gpaa1,Rad50-C,UNKNOWN-C
Ap3b1,Tulp4,Nipbl-C,Qser1-C
Gm5141,Samd14,Pabpc1-C,Usp9x-C
Pcmtd1,Snora35,Igfbp2-C,Tmem259-C
Golm2,Rdx,Msh2-C,Scyl1-C
Ergic2,Mpp7,Dnajc7-C,Ganab-C
Frg1,Rock1,Arhgef12-C,Rock1-C
Ankrd12,Kif2a,Fgfr1op2-C,Slc22a17-C
Fcho2,Igfbp2,Pcmtd1-C,Slc17a5-C
Map9,Nkapd1,Krcc1-C,Smarca2-C
Cdkn1c,Serbp1,Rbm27-C,Rock1-C
Ccdc186,Serbp1,Eea1-C,Ndfip1-C
Cebpz,Top1,Pawr-C,Ylpm1-C
Fer,Gsk3b,Erbin-C,Ptk2b-C
Ankrd12,Kif21a,Dek-C,Ylpm1-C
Dstn,Zic2,Pkn2-C,Setbp1-C
Ergic2,Krcc1,Adam15-C,Scyl1-C
Ccnd1,Thra,Ash1l-C,Smim15-C
Ap2b1,Ildr2,Pten-C,Ylpm1-C
1110004F10Rik,Wasl,Fam13b-C,Pkn2-C
Phf3,Zbtb7a,Ccdc88a-C,mt-Nd2-C
Nipbl,Thyn1,Qser1-C,Usp9x-C
Mafg,Rad50,Dcxr-C,Smyd2-C
Arhgap5,Usf3,Eea1-C,Setbp1-C
Fam13b,Tpr,A430108G06Rik-C,D630036H23Rik-C
Gm43339,Wasl,Sec62-C,mt-Nd2-C
Rab5c,Thra,Itch-C,Kpna3-C
Plcb4,Ylpm1,Nipbl-C,Setbp1-C
Iqgap2,Lrp2bp,Ap3b1-C,Pak2-C
Nipbl,Phactr2,Mtpn-C,Serpinb8-C
Acacb,Gm5141,Aqp11-C,Cog8-C
Dbpht2,Fam98b,Fhod3-C,Nek8-C
Mtpn,Sesn3,Fgfr1op2-C,Qser1-C
Nipbl,Smarca2,1110004F10Rik-C,Usf3-C
Rbm27,Tpr,Eif3h-C,Tulp4-C
Rhob,Zfp1007,Cep290-C,Rif1-C
Alkbh6,Flvcr1,Prpf6-C,mt-Cytb-C
Kif21a,Ndfip1,1110004F10Rik-C,Sin3a-C
Nkapd1,Wasl,Irak1bp1-C,Wbp4-C
Fhad1,Ikzf5,Eif3h-C,Gnas-C
Ash1l,Mansc4,Ubc-C,Zfp322a-C
Bclaf1,Kif2a,Dstn-C,Fhad1-C
Ildr2,Phactr2,Mrpl17-C,Zfp768-C
Gsk3b,Wbp4,Fgfr1op2-C,Rdx-C
Nipbl,Setbp1,Ccdc186-C,Rdx-C
Ap3s2,Zfp383,Fgfr1op2-C,Frg1-C
Ildr2,Smarca2,Ankrd12-C,Phactr2-C
Cebpz,Pabpc1,Brd4-C,Zbtb7a-C
Kpna3,Phactr2,Brd4-C,Eea1-C
Bclaf1,Luzp1,Cyyr1-C,Fhl1-C
Eif3h,Gm15408,Atn1-C,Dek-C
Smarca5,Tpr,Cep290-C,Ergic2-C
Luzp1,Rif1,Arhgef12-C,Ppfibp1-C
Kpna3,Smarca2,Mafg-C,Wapl-C
Rock1,UNKNOWN,Arhgef12-C,Slc22a17-C
Birc2,Wbp4,Camk1d-C,Smim15-C
Pfn1,Zfp36l2,Ankrd12-C,Smarca2-C
Nkapd1,Smarca5,Suz12-C,Ylpm1-C
Ddb1,Scyl1,Psip1-C,Pura-C
Rbm27,Smarca5,Npepps-C,Ro60-C
Fchsd2,Vangl1,Dbndd1-C,Gm6548-C
Ptk2b,Src,Cebpz-C,Smc6-C
Arhgap5,Gm43339,Cspg5-C,Slain2-C
4921504A21Rik,Rora,Golm2-C,Top1-C
Rad54l2,Stxbp4,Rab5a-C,Slc22a17-C
Mia2,Vps13b,Fam13b-C,Pabpc1-C
9530026P05Rik,Sptan1,Serp2-C,Vangl1-C
Npepps,Rad50,Baz1b-C,Lrp6-C
Arhgap5,Ylpm1,Luzp1-C,Pja2-C
Entpd6,Xaf1,Fam13b-C,Tpr-C
Cebpz,Psip1,Cep290-C,Rad50-C
4921504A21Rik,Slc17a5,Rhob-C,Slc2a2-C
Rad50,UNKNOWN,Cep290-C,Eif3g-C
Ccnd1,Ramac,Ubc-C,Wapl-C
Fgfr1op2,Wasl,Ap2b1-C,Kif21a-C
Gpaa1,Igfbp2,Npepps-C,Rif1-C
Rock1,Shoc2,Rad50-C,Slk-C
Pdap1,Usp9x,Fxr1-C,Rock1-C
Arid4a,Npepps,Ndfip1-C,Tmem161b-C
Pja2,Trappc14,Pkn2-C,Smarca5-C
Adam15,Wapl,Phactr2-C,Qser1-C
Pabpc1,Wasl,4930556M19Rik-C,Csnk1a1-C
Atf6b,Tulp4,Eea1-C,Smarca5-C
Pura,Rock1,Mafg-C,Wasl-C
Imp3,Rpl37,Ctdspl2-C,Wapl-C
Dstn,Mansc4,Luzp1-C,Rock1-C
Prkaca,Psmd3,Rbm27-C,Rdx-C
Pcmtd1,Shc1,Nipbl-C,Smarca5-C
Gm43339,Samd14,Ccdc88a-C,Enpp5-C
Ccdc88a,Rock1,Kif2a-C,Tmem161b-C
Sptan1,Zfp638,Ap2b1-C,Pbx1-C
Fhad1,Ylpm1,Eea1-C,Fer-C
Iqgap2,Rbm27,Pak2-C,Sh3bgrl-C
Arid4a,Top1,Rad50-C,Zic2-C
Tmem184c,Wbp11,Plcb4-C,Vps13b-C
Plcb4,Rock1,4930556M19Rik-C,Ctsc-C
Cep57,Pdap1,Cep290-C,Pdap1-C
Fer,Npepps,1110004F10Rik-C,Kpna3-C
Ganab,Tbc1d2,Rad50-C,Zfp638-C
4921504A21Rik,Kif2a,Dnajc7-C,Igfbp2-C
Kif21a,Zfp1007,Brd4-C,Pdcd4-C
Pabpc1,Smarca5,Pja2-C,Slc17a5-C
Cct4,Pura,Smarca2-C,Smim15-C
Rad50,Sntb2,Pdap1-C,Phactr2-C
Gm20052,Pebp4,4933439K11Rik-C,Bhlhe41-C
Arhgef12,Rbm27,Sytl2-C,Ubc-C
Cep290,Ylpm1,Phactr2-C,Setbp1-C
Mafg,Wapl,Ankrd12-C,Ccar1-C
Ash1l,Pabpc1,Cdkn1c-C,Cebpz-C
5730455P16Rik,Nfe2l2,Arhgap5-C,Rad50-C
Dynlt2b,Spata13,Npat-C,Pdlim5-C
Mansc4,Sp4,Zbtb7a-C,mt-Nd2-C
Plcb4,Vps13b,Pak2-C,Pcmtd1-C
Baz1b,Fxr1,Sptan1-C,Ubc-C
Ndufa8,Nedd4,Pdap1-C,Smarca2-C
Rock1,Serbp1,Cebpz-C,Kif2a-C
Spata13,Tax1bp3,Fxr1-C,Irak1bp1-C
Kif2a,Npepps,Osbp-C,Scyl1-C
Ccdc59,Zfp1007,Npepps-C,Rad50-C
Adprh,Npepps,Jph1-C,Mrpl17-C
Art4,Eid2b,Cerkl-C,Zfp27-C
Dcaf12l1,Wbp11,Cyyr1-C,Npepps-C
Eea1,Phf3,Ctdspl2-C,Wasl-C
Ndfip1,Snrnp48,Ergic2-C,Nkapd1-C
Wapl,Zfp322a,Cul7-C,Mx2-C
Luzp1,Zbtb7a,Arid4a-C,Cebpz-C
Amfr,Ubc,Fer-C,Ttf1-C
Cdkn1c,Ylpm1,Ildr2-C,Sntb2-C
Pdap1,Shoc2,Exph5-C,Wasl-C
Enpp5,Top1,Dnajc21-C,Sptan1-C
Kif2a,Top1,Rmnd5b-C,Tbc1d2-C
Dek,Rdx,Ap3s2-C,Opa1-C
Arid4a,Pabpc1,Klf3-C,Nfe2l2-C
Hsdl2,Sppl3,Cep95-C,Pdap1-C
Adck2,Dnajc7,Ash1l-C,Kif21a-C
Rad50,Serbp1,Cep290-C,Map9-C
Ash1l,Ccdc88a,Map9-C,Zbtb7a-C
Csnk1a1,Fgfr1op2,Kif21a-C,Rbm27-C
Kif22,Tnfsf13os,Pcgf5-C,Suz12-C
Ccar1,Mpp7,Ctsc-C,Tagln2-C
Ankrd12,Pdap1,Gsk3b-C,Pja2-C
Synm,mt-Nd2,Gsk3b-C,Klf3-C
Pdap1,Sntb2,Slc17a5-C,Smarca5-C
Erbin,Osbp,Vps36-C,Wasl-C
Phf3,Pi4ka,Eif3g-C,Emc10-C
Ddb1,Msh2,Golm2-C,Ylpm1-C
Mtpn,Slc25a16,Cntn1-C,Lrp6-C
Pja2,Ylpm1,Dcaf12l1-C,Fcho2-C
Ankrd12,Smarca2,Npepps-C,Pdap1-C
Pdap1,Zfp638,Mtpn-C,Pfn1-C
B230219D22Rik,Ro60,Ankrd12-C,Baz1b-C
Cog8,Samd14,Luzp1-C,Qser1-C
Lpgat1,Rad54l2,B230219D22Rik-C,Npepps-C
Cep57,Dek,Cntn1-C,Col8a1-C
Rad50,Secisbp2l,Cep95-C,Pawr-C
Camk1d,Mansc4,Pcmtd1-C,Sh3bgrl-C
Arid4a,Ccdc88a,Ibtk-C,Qser1-C
Arrdc4,Ttf1,Slc17a5-C,Wbp4-C
B230219D22Rik,Ylpm1,4921504A21Rik-C,Fxr1-C
Qser1,Top1,Ash1l-C,Ppp1r12a-C
Arid4a,Psip1,Adprh-C,Npepps-C
Ola1,Srebf2,Clpp-C,Npepps-C
Adck2,Suclg2,Nkapd1-C,Zbtb7a-C
Mpp7,Zfp322a,Krcc1-C,Pkn2-C
Dlgap4,Pdcd4,Frg1-C,Npepps-C
H1f10,Slc25a26,Nkapd1-C,Wasl-C
Lepr,Rif1,Npepps-C,Pawr-C
Csnk1a1,Limch1,Cep290-C,Ylpm1-C
Cebpz,Fndc3a,Fxr1-C,Setbp1-C
Ehd1,Igfbp2,Phf3-C,Thyn1-C
Gm15408,Nedd4,Smc6-C,Zfp638-C
Ash1l,Synm,Fhad1-C,Phf3-C
Rpn2,Smim10l1,Ash1l-C,Camk1d-C
Kif2a,Pabpc1,Phactr2-C,Stag2-C
Bclaf1,Pdap1,Phf3-C,Rbm27-C
Map9,Serbp1,Kif21a-C,Krcc1-C
Dnajc21,Trappc14,Phactr2-C,Smarca5-C
Fxr1,Irak1bp1,Pkn2-C,Smc6-C
Arhgef12,Pten,Camk1d-C,Kif21a-C
Mia2,Pbx1,Ikzf5-C,Rad50-C
Bclaf1,Phactr2,4632415L05Rik-C,Klf3-C
Cep41,Inpp5a,Gsk3b-C,Phf3-C
Bclaf1,Smarca2,Clpp-C,Nol8-C
Baz1b,Cdkn1c,Dync1h1-C,Mtap-C
Rora,Tmem161b,Fcho2-C,Ganab-C
Cep57,Mia2,Smc4-C,Zfp1007-C
Phf3,Repin1,Cep290-C,Slain2-C
Arid4a,Synm,Mafg-C,Smc4-C
Kin,Rnasel,Tulp4-C,Usf3-C
Itch,Zfp1007,Tmem161b-C,Ylpm1-C
Pabpc1,Ttf1,Limch1-C,Suz12-C
Opa1,Tnfrsf1b,Fhad1-C,Mansc4-C
Psip1,Slk,Dnajc21-C,Rab5a-C
Id1,Vps37d,Ints11-C,mt-Cytb-C
Enpp5,Psip1,Cables2-C,Cyyr1-C
Kif2a,Psip1,Enpp5-C,Ergic2-C
Ccdc186,Rock1,Lrrc8a-C,Rpl37-C
Ccar1,Smim10l1,Arhgap5-C,Arid4a-C
Adam15,Wbp11,Actr3-C,Slc25a16-C
Ash1l,Baz1b,Kif2a-C,Pi4ka-C
Adam15,Mef2a,Ap2b1-C,Ctdspl2-C
Krcc1,Pkn2,Errfi1-C,Ttf1-C
Golm2,Kif2a,Plcb4-C,Rora-C
Mansc4,Rock1,Usp9x-C,Zfp638-C
Ccdc18,Smc6,Bclaf1-C,Cebpz-C
Dek,Slc25a13,Fgfr1op2-C,Npepps-C
Slain2,Smarca2,Cyyr1-C,Hcn3-C
Gas6,Zfp654,Ccdc186-C,Npepps-C
Golm2,Kif21a,Ash1l-C,Gtpbp4-C
Arhgef12,Wapl,Pdap1-C,Usp9x-C
Rab11fip5,Ylpm1,Acox1-C,Smarca2-C
Ndufs3,Tnfrsf1b,Ro60-C,Shoc2-C
Ndufa8,Rnf187,Ash1l-C,mt-Nd2-C
Sntb2,Wapl,Lepr-C,Rif1-C
Dhx36,Fxr1,Aox3-C,Bhlhe41-C
Pfn1,Wbp11,Nfyb-C,Rpn2-C
Top1,mt-Nd2,Mef2a-C,Pja2-C
Bclaf1,Dek,Ankrd12-C,Snrnp48-C
Ccdc59,Fhad1,Opa1-C,Pomgnt1-C
Slk,Usf3,Ankrd12-C,Pkn2-C
Npepps,Usp9x,Dnajc21-C,Psma4-C
Phactr2,Shoc2,Krcc1-C,Tpr-C
Nkapd1,Rbm27,Kpna4-C,Suz12-C
Golm2,Pkn2,Golm2-C,Pak2-C
Atf6b,Wbp11,Fam13b-C,Fxr1-C
Dek,Irak1bp1,Cdkn1c-C,Golm2-C
Ergic2,Slk,Ccdc186-C,Nol8-C
Phf3,Smc6,Ikzf5-C,Pawr-C
Eea1,Usp9x,Dipk1a-C,Sema6a-C
Arhgef12,Ehd1,Pak2-C,Ro60-C
4921504A21Rik,Phactr2,Josd1-C,Ndfip1-C
Ergic2,Luzp1,Cyyr1-C,Xpc-C
Pbx1,Pi4ka,Ap2b1-C,Lrp6-C
Gsta4,Magix,Copg1-C,Slc22a17-C
Phactr2,Sntb2,Fxr1-C,Stag2-C
Rif1,Synm,Wasl-C,Wbp4-C
Tmem259,Ubc,Itch-C,Slc17a5-C
Nkapd1,Rad50,Npepps-C,Slain2-C
Rpl37,Smc4,Dynll1-C,Grpel1-C
Mpp7,Pawr,Cdkn1c-C,Top1-C
B230219D22Rik,Snrnp48,Cebpz-C,Pi4ka-C
Synm,Tpr,Phf3-C,Rplp1-C
Irak1bp1,Sptan1,Acacb-C,Csnk1a1-C
Cebpz,Rdx,Lpgat1-C,Stxbp4-C
Ccdc88a,Pawr,Isg15-C,Mtpn-C
Ergic2,Pkn2,Golm2-C,Nipbl-C
Cep95,Pdap1,Dlg4-C,Mafg-C
Iqgap2,Lepr,Dnajc21-C,Setx-C
Cebpz,Fxr1,Eea1-C,Rpn2-C
Ppp1r12a,Smc6,Iqgap2-C,Rock1-C
Baz1b,Rora,Ccar1-C,Rock1-C
Eif3g,Iqgap2,Nipbl-C,Rpn2-C
Smarca5,Tulp4,Aldh9a1-C,Cldn22-C
Fxr1,Kif2a,Arid4a-C,Golm2-C
Mia2,Rif1,Fhad1-C,Frg1-C
Slk,Ylpm1,Ergic2-C,Smim15-C
Fxr1,Kif21a,Enpp5-C,Pdap1-C
Ppp1r12a,Pura,Csnk1a1-C,Ptges2-C
Hk1,Psmd3,Clec14a-C,Tm9sf3-C
Ccdc33,Gdpd3,Pkn2-C,Tmem161b-C
Ash1l,Frg1,Pabpc1-C,Pja2-C
Fxr1,Luzp1,Nol8-C,Zfp638-C
Adam15,Adck2,Dnajc7-C,Osbp-C
Evi5,Usf3,Acacb-C,Fam98b-C
Ilkap,Krt23,Ccdc88a-C,Ergic2-C
Mospd3,Tmem87a,Cep290-C,Nipbl-C
Ddb1,Rad54l2,Arid4a-C,Top1-C
Ap2b1,Rif1,Kpna3-C,UNKNOWN-C
Irak1bp1,Wbp4,Nkapd1-C,UNKNOWN-C
Mfge8,Pdlim5,Ibtk-C,Wbp4-C
4930556M19Rik,Sh3bgrl,Pawr-C,Rock1-C
Psmd3,Ptk2b,Gpaa1-C,Slc22a17-C
Fhad1,Npepps,Ctr9-C,Fcf1-C
Npepps,Zfp638,Ankrd12-C,Tpr-C
Fxr1,Pkn2,Hip1-C,Tulp4-C
Krcc1,Pdap1,Dek-C,Rock1-C
Tulp4,Usf3,Cct4-C,Pura-C
Dnase1l1,Zfp217,Tmem259-C,Ubc-C
Eea1,Zfp638,Lrp6-C,Ttf1-C
Baz1b,Slk,Dynll1-C,Ncaph2-C
Dhx36,Irak1bp1,Ikzf5-C,Ylpm1-C
Acacb,Sh3bgrl,Smarca5-C,Wapl-C
Fhad1,Top1,Pabpc1-C,Rock1-C
Ctdspl2,Pja2,Kif21a-C,Serbp1-C
Krcc1,Phactr2,Pdap1-C,Pkn2-C
Ap3b1,Setx,Ccdc59-C,Krcc1-C
Baz1b,Kif21a,Jph1-C,Zfp654-C
Sh3bgrl2,Zfp654,2610020C07Rik-C,Tmem229b-C
Cct4,Cebpz,Kif2a-C,Thyn1-C
Krcc1,Smarca2,Ap3s2-C,Zfp768-C
Fer,Zbtb7a,Pkn2-C,Usf3-C
Ccdc186,Mansc4,Tmem184c-C,Wbp11-C
Ndfip1,Psip1,Fcho2-C,Igfbp2-C
Eef1a1,Wbp11,Kif2a-C,Rbm27-C
Bhmt2,Erbin,Dstn-C,Ro60-C
Zfp1007,Zfp638,Dek-C,Fgl2-C
Ccdc148,Cep290,Ash1l-C,Lrp6-C
Arhgap5,Arid4a,Qser1-C,Rock1-C
Pard6a,Tada1,Dnajc7-C,Tmem259-C
Csnk1a1,Sh3bgrl,Arid4a-C,Plcb4-C
Rad50,Rock1,Gpaa1-C,Igfbp2-C
Efhb,Pkn2,Atf6b-C,Eef1a1-C
Rock1,Vps13b,Smarca2-C,mt-Nd2-C
Pabpc1,Slain2,Fer-C,Tomm22-C
Dek,Flcn,Clpp-C,Tomm22-C
Ankrd12,Ap2b1,Acox1-C,Baz1b-C
Usp9x,Zfp638,Dnajc21-C,Fgfr1op2-C
Opa1,Zfp768,Ccar1-C,Qser1-C
Dnajc21,Snrnp48,Afg3l1-C,Flcn-C
Cep290,Top1,Phf3-C,Serbp1-C
Ash1l,Fxr1,4921504A21Rik-C,Stag2-C
Top1,Tpr,Dync1h1-C,Wbp11-C
Nipbl,Phf3,Bclaf1-C,Golm2-C
Psip1,Smarca2,Exph5-C,Pbx1-C
Ergic2,Gtpbp4,Pkn2-C,Slc25a13-C
Kif2a,Zbtb7a,Nsg2-C,Pawr-C
Golm2,Pdap1,Hlf-C,Thyn1-C
Baz1b,Pkn2,Smarca5-C,Wasl-C
Rpn2,Slk,Dhx36-C,Pcmtd1-C
Eif3g,Mrpl28,Shoc2-C,Sin3a-C
Cracr2b,Syt17,Ash1l-C,Exph5-C
Mafg,Ylpm1,Lrrc8c-C,Sec62-C
Col5a3,Faap24,Cdkn1c-C,Ylpm1-C
Ap3b1,B230219D22Rik,Map9-C,Slk-C
Eif3h,Hmces,Bclaf1-C,Top1-C
Errfi1,Exph5,Cebpz-C,Rbm27-C
Golm2,Phactr2,Dlg4-C,Rora-C
Psip1,Setbp1,Dstn-C,Ergic2-C
Arid4a,Rdx,Gtpbp4-C,Zbtb7a-C
Evi5,Setx,Sh3bgrl-C,Stk26-C
Fer,Krcc1,Phactr2-C,Rpn2-C
Acox1,Pfas,Gtpbp4-C,Wasl-C
Ildr2,Phf3,Ap2b1-C,Phactr2-C
Fam13b,Usp9x,Net1-C,Slc25a13-C
Pabpc1,Pten,B230219D22Rik-C,Nkapd1-C
Golm2,Smarca2,Sntb2-C,UNKNOWN-C
A430108G06Rik,D630036H23Rik,Dynlt2b-C,Tnfrsf1b-C
Cog8,Pten,Baz1b-C,Snrnp48-C
Dynlt2b,Zfp768,Secisbp2l-C,Slc17a5-C
Pi4ka,Psip1,Baz1b-C,Pkn2-C
Cyyr1,Ro60,Gpr162-C,Vps36-C
Rora,Smarca5,Fcho2-C,Tulp4-C
Kif21a,Sntb2,Phactr2-C,Tmem161b-C
Luzp1,Smc6,Clpp-C,Nkapd1-C
Dynlt2b,Psmd3,Fxr1-C,Nol8-C
Nsg2,Ola1,Slc17a5-C,Tmem203-C
Arid4a,Fxr1,Ap2b1-C,Smarca2-C
Serbp1,Usp9x,Eif3h-C,Gm15408-C
Ankrd12,Golm2,Atf6b-C,Gm5141-C
Slc22a17,Trappc14,Arid4a-C,Ylpm1-C
Dek,Pkn2,4921504A21Rik-C,Ccdc148-C
Lrp6,Sntb2,Plcb4-C,Sntb2-C
Ccar1,Slk,Map9-C,Zfp638-C
Slc17a5,Usp9x,Dek-C,Rdx-C
Acox1,Dstn,Ap3b1-C,Tulp4-C
Ccar1,Copg1,Rad50-C,Top1-C
Jph1,Mrpl17,Cep57-C,Rdx-C
Ccdc59,Zfp638,Slk-C,mt-Nd2-C
Cep290,Pabpc1,Shc1-C,Trappc14-C
Ergic2,Phactr2,Fhad1-C,Sntb2-C
Fhad1,Psip1,Dstn-C,Rad50-C
Atp7a,Slc29a4,Afg3l1-C,Gpr4-C
Dstn,Fxr1,Csnk1a1-C,Pten-C
Enpp5,Rdx,Fhad1-C,Smc6-C
B230219D22Rik,Snora35,Csnk1a1-C,Zfp322a-C
Arhgef12,Usf3,Kpna3-C,Zic2-C
Lrp6,Serbp1,Cebpz-C,Krcc1-C
Cdkn1c,Pabpc1,Fcho2-C,Smarca5-C
Phf3,mt-Nd2,Eef1a1-C,Ubc-C
Ankrd12,Enpp5,Kif21a-C,Slk-C
Phf3,Rplp1,Pi4ka-C,Usp9x-C
Ankrd12,Rbm27,Pja2-C,Vps36-C
Bclaf1,Golm2,Psma4-C,Wbp4-C
Cep290,Psip1,Krcc1-C,Rock1-C
Camk1d,Frg1,Cep290-C,Vps13b-C
Sufu,Zfp1007,Arhgap5-C,Ash1l-C
Ap2b1,Krcc1,Rbm27-C,Sin3a-C
Gpr162,Vps36,Fhad1-C,Ildr2-C
Ccdc88a,Fndc3a,Scg5-C,Scyl1-C
Ptges2,Rock1,Ergic2-C,Kif21a-C
Ash1l,Cdkn1c,Kif21a-C,Psip1-C
Ctdspl2,Pbx1,Gtpbp4-C,Luzp1-C
Fxr1,Pdap1,Phactr2-C,Usf3-C
Ankrd12,Rad50,Kif21a-C,Zic2-C
Suz12,Zfp322a,Ash1l-C,Sppl3-C
Gtpbp4,Pabpc1,Ccdc186-C,Nkapd1-C
Fhad1,Synm,Kif2a-C,Shoc2-C
Baz1b,Gtpbp4,Pfn1-C,Zfp768-C
Evi5,Rock1,Kif21a-C,Zfp638-C
Eea1,Qser1,Baz1b-C,Pabpc1-C
Ccdc186,Ccdc88a,Rif1-C,Tpr-C
Fxr1,Phactr2,Ccdc88a-C,Fndc3a-C
Cdkn1c,Psip1,Fxr1-C,Rpn2-C
Sh3bgrl,Stk26,Baz1b-C,Tpr-C
B230219D22Rik,Pabpc1,Frg1-C,Synm-C
Fxr1,Smarca2,Eif3h-C,Slc25a16-C
Ildr2,Lrp6,Zfp879-C,Zkscan8-C
Rbm27,Sntb2,Bclaf1-C,Usp9x-C
Dhx36,Luzp1,Ehd1-C,Smarca5-C
Emc3,Mafg,Serbp1-C,mt-Nd2-C
Arid4a,Cdkn1c,Ash1l-C,Phactr2-C
Ppp1r12a,mt-Nd2,Csnk1a1-C,Wapl-C
Morn4,Nicol1,Lgr4-C,Zbtb11os1-C
Efhb,Pdap1,Ccdc148-C,Slc17a5-C
Fxr1,Setbp1,Fxr1-C,Tmem161b-C
Cep290,Synm,Grpel1-C,Igfbp6-C
Ccdc18,Cebpz,4921504A21Rik-C,Npepps-C
Bclaf1,Enpp5,Psmg3-C,Zbtb37-C
Dynll1,Sec62,Phf3-C,Psip1-C
Nedd4,Setx,Ndufa8-C,Pbx1-C
Ap2b1,Eif3g,Golm2-C,Rock1-C
Bclaf1,Rbm27,Shb-C,Smim15-C
Rdx,Top1,Uqcc5-C,Zfp27-C
Arhgef12,Gm43339,Mafg-C,Sytl2-C
Rhob,Setx,Ildr2-C,Synm-C
Cast,Zhx1,Igfbp2-C,Psmd3-C
Eif3g,Map9,Ash1l-C,Smarca2-C
Gtpbp4,Psip1,Ccdc59-C,Fhad1-C
Dnajc21,Tspan9,Eea1-C,Ube2m-C
Snora35,Usp9x,Cdkn1c-C,Nipbl-C
Dek,Gtpbp4,Smarca5-C,Smc4-C
Efhb,Smarca2,Smc6-C,Top1-C
Dhx36,Pkn2,Phf3-C,Zfp638-C
Heatr3,Mfge8,Vps13b-C,Zhx1-C
Ap2b1,Fer,Ankrd12-C,Rock1-C
Sntb2,Ylpm1,Fhad1-C,Kif2a-C
B230219D22Rik,Ccdc88a,Tbck-C,Tmem204-C
Haus4,Zfp879,Kif2a-C,Serbp1-C
Bclaf1,Rad50,Kif2a-C,Slc17a5-C
Pak2,Snora35,Eif3h-C,Psmg3-C
Itch,Zfp638,Cebpz-C,Shoc2-C
Ylpm1,mt-Nd2,Pabpc1-C,Stag2-C
Mef2a,Pten,Arhgap5-C,Mafg-C
Krcc1,Smim15,Crygn-C,Opa1-C
Fgfr1op2,Sntb2,Ubc-C,Zfp1007-C
Baz1b,Smarca2,Cmtm8-C,Sncg-C
Tagln2,Usf3,Fgfr1op2-C,Wapl-C
Pcmtd1,Slk,Nek8-C,Rgs7-C
Acox1,Slain2,Arhgap5-C,B230219D22Rik-C
Ankrd12,Ergic2,Ccdc88a-C,Tpr-C
1110004F10Rik,Sin3a,Frg1-C,Wasl-C
Nipbl,Usp9x,Ap2b1-C,Usp9x-C
Atf6b,Gprc5c,Cep290-C,Phf3-C
Pthlh,Zbtb11os1,Nedd4-C,Rpl37-C
Rad50,Wbp4,Psip1-C,Zbtb7a-C
4921504A21Rik,Golm2,Arid4a-C,Nipbl-C
Phactr2,Rpn2,Clpp-C,Evi5-C
Mfge8,Scyl1,Lepr-C,Nipbl-C
Pabpc1,Sntb2,Psip1-C,Wasl-C
Erbin,Scg5,Capn15-C,G2e3-C
Ccdc88a,Frg1,Ergic2-C,Gtpbp4-C
Phactr2,Rock1,Rad50-C,Ylpm1-C
Acox1,Ergic2,Ro60-C,Slc2a2-C
Cebpz,Slk,Ergic2-C,mt-Nd2-C
Ildr2,Usp9x,Gm19817-C,Sfi1-C
Pkn2,Top1,Ap2b1-C,Baz1b-C
Cebpz,Kif21a,Pkn2-C,Rbm27-C
Kif2a,Pi4ka,Nipbl-C,Thyn1-C
Ildr2,Lepr,Sntb2-C,Zfp638-C
Dnajc21,Snora35,Dnase1l1-C,Serp2-C
Lrrc8a,Suz12,Cnih2-C,Zfp638-C
Pja2,Synm,Eea1-C,Rbm27-C
Exph5,Rock1,Csnk1a1-C,Evi5-C
Gm38380,Hmces,Ibtk-C,Usf3-C
Cebpz,Luzp1,Haus4-C,Zfp879-C
Ergic2,Tpr,Nipbl-C,Rbm27-C
Crygn,Opa1,Arhgef12-C,Mef2a-C
Cdc14a,Pabpc1,B230219D22Rik-C,Smim15-C
Psip1,Rab11fip5,H1f10-C,Slc25a26-C
Dek,Smarca2,Irak1bp1-C,Ofd1-C
Rmnd5b,Tbc1d2,Adprh-C,Cnih2-C
Lrp6,Map9,Arhgef12-C,Dlg4-C
Ccdc18,Wasl,Pycr2-C,Ric3-C
Fcho2,Rora,Ccdc59-C,Slk-C
Gxylt1,Nipbl,Smc4-C,Snrnp48-C
Npepps,Plcb4,Ash1l-C,Ccar1-C
Smarca2,Tmem161b,Mfge8-C,Osbp-C
Ide,Zfp36l2,Chmp4c-C,Zfp383-C
Ap2b1,Ctdspl2,Fgfr1op2-C,Wasl-C
Mospd3,Ppp5c,Tagln2-C,Usf3-C
Pbx1,Thyn1,Pak2-C,Snora35-C
Cebpz,Pkn2,4921504A21Rik-C,Rpn2-C
4921504A21Rik,Rbm27,Arhgef12-C,Wapl-C
Eea1,Plcb4,Klf3-C,Zbtb37-C
Aqp11,Cog8,Ccdc59-C,Dnajc21-C
Baz1b,Dek,Adam15-C,Birc2-C
Adam15,Rhob,Ctdspl2-C,Gsk3b-C
Ankrd12,Fhad1,Rbm27-C,Wapl-C
Phactr2,Pja2,Smarca2-C,Sppl3-C
Ash1l,Slc17a5,1700125H03Rik-C,Cerkl-C
Plcb4,Rdx,Igfbp2-C,Rgs7-C
Cntn1,Ildr2,Pdap1-C,Rock1-C
Cmtm8,Sncg,Ankrd12-C,Qser1-C
4921504A21Rik,Rad50,Cog8-C,Pten-C
Luzp1,mt-Nd2,Ccdc59-C,Zfp638-C
Ccdc88a,Fxr1,Golm2-C,Rdx-C
Scyl1,Wbp11,Dync1h1-C,Pfn1-C
Ccdc186,Fndc3a,Mafg-C,Vps36-C
Phf3,Tpr,Pabpc1-C,Ttf1-C
Msh2,Scyl1,Cebpz-C,Fhad1-C
Ap3b1,Wbp4,Prkaca-C,Psmd3-C
Tmem80,Zfp1007,Smarca5-C,Sptan1-C
Map9,Top1,Slc22a17-C,Ubc-C
Fhad1,Zbtb7a,Ndfip1-C,mt-Nd2-C
Arid4a,Fam13b,Usp9x-C,Zbtb37-C
Ctsc,Tagln2,Ptges2-C,Rock1-C
Eea1,Rpn2,Evi5-C,Rock1-C
Pdss1,Pla2g3,Smc6-C,Ylpm1-C
Heatr3,Hk1,Ap2b1-C,Pkn2-C
2310014F06Rik,Sytl2,Baz1b-C,Dek-C
Ro60,Tmem161b,Cep290-C,Rdx-C
Nipbl,Zfp638,Mfge8-C,Tmem259-C
Pawr,Pdap1,Kif2a-C,Slk-C
Ash1l,Kif2a,Fxr1-C,Nkapd1-C
Luzp1,Mafg,Cep290-C,Frg1-C
Dctn2,Scp2-ps2,Ash1l-C,Baz1b-C
Bclaf1,Fhad1,Mafg-C,Phactr2-C
Ash1l,Kif21a,Arhgap5-C,Rora-C
Pkn2,Psip1,Ndfip1-C,Psip1-C
Pawr,Phactr2,Por-C,Smpdl3b-C
Cdc14a,Synm,Gtpbp4-C,Sptan1-C
B230219D22Rik,Fndc3a,Luzp1-C,Nkapd1-C
Smarca5,Usf3,Sh3bgrl-C,Smarca5-C
Pawr,Smarca2,Ash1l-C,Ube2q2-C
1110004F10Rik,Ylpm1,Cnih2-C,Pcmtd1-C
Ash1l,Luzp1,Rpn2-C,Smarca5-C
Sytl2,Ubc,Mafg-C,Smarca2-C
Fer,Smc6,Dync1h1-C,Mfge8-C
Evi5,Wbp4,Kif2a-C,Psip1-C
Emc3,Smarca5,Arhgef12-C,Evi5-C
Fhad1,Krcc1,1700125H03Rik-C,Mansc4-C
Slc25a20,Sulf2,4921504A21Rik-C,Sin3a-C
Ergic2,Ndfip1,Cd47-C,Mfge8-C
Gpr162,Ptges2,Mafg-C,Wbp11-C
Col8a1,Gm9920,Kif2a-C,Zfp638-C
Arid4a,Slk,Acox1-C,Dek-C
Sptan1,Ubc,Fam13b-C,Kif2a-C
Arid4a,Kif21a,Tpr-C,Zfp638-C
Gsta4,Smim10l1,Arid4a-C,Ccdc59-C
Brd4,Phf3,Brd2-C,Stat3-C
Heatr3,Osbp,Ccdc33-C,Gdpd3-C
Gpaa1,Rora,Pcmtd1-C,Snora35-C
Phactr2,Stag2,Camk1d-C,Usp9x-C
Arhgap5,Fxr1,Dstn-C,Nipbl-C
Arid4a,Luzp1,Phactr2-C,Rbm27-C
Tmem161b,Ylpm1,Fam13b-C,Tmem161b-C
Nkapd1,Ylpm1,Ccdc88a-C,Dek-C
Nipbl,Nol8,Pkn2-C,Shoc2-C
Cebpz,Gtpbp4,Ndufa8-C,Sytl2-C
Fndc3a,Zfp638,Cebpz-C,Slk-C
Kif21a,Rock1,Eea1-C,Shoc2-C
Fhad1,Rdx,Ctdspl2-C,Phactr2-C
Gsk3b,Tmem161b,Rock1-C,Rpn2-C
Meaf6,Nicol1,Adck2-C,Dnajc7-C
Ccdc88a,Slc25a13,Pura-C,mt-Nd2-C
Dstn,Kif2a,Rad54l2-C,Synm-C
Gpr162,Lrrc17,Iqgap2-C,Rpn2-C
Arid4a,Pkn2,Lepr-C,Vps13b-C
Pfn1,Sesn3,Ergic2-C,Exph5-C
Krcc1,Rad50,Klf3-C,Pabpc1-C
Btg1,Tppp3,Ylpm1-C,mt-Nd2-C
Dlg4,Sytl2,Btbd2-C,Mrps24-C
Dstn,Kif21a,Psip1-C,Rab11fip5-C
Evi5,Pawr,Ap2b1-C,Tpr-C
Ccdc186,Nkapd1,Cebpz-C,Psip1-C
Map9,Psip1,Ubc-C,Wbp11-C
Cspg5,Slain2,Kif21a-C,Ro60-C
Clpp,mt-Nd2,Cdc14a-C,Lrp6-C
Dlg4,Rora,Gxylt1-C,Nipbl-C
Cep290,Rdx,Slc22a17-C,Wasl-C
Csnk1a1,Dnajc21,Ergic2-C,Fgfr1op2-C
Enpp5,Slk,Fgfr1op2-C,Smc4-C
4930412C18Rik,Mrpl28,Ash1l-C,Pkn2-C
Kif2a,Slk,Cebpz-C,Zfp638-C
4921504A21Rik,Fhad1,Rora-C,Ubc-C
Cep290,Fxr1,Lrp6-C,Rbm27-C
Enpp5,Luzp1,Pcmtd1-C,Trappc14-C
Ap2b1,Smc6,Cnih2-C,Samd14-C
Fgfr1op2,Ylpm1,Arid4a-C,Pja2-C
Slk,Synm,Usf3-C,Zfp638-C
Mafg,Pabpc1,Dync1h1-C,Src-C
Exph5,Pbx1,Cdkn1c-C,Rock1-C
Prkaca,Zfp358,Ap3s2-C,Zfp383-C
Pabpc1,Ro60,B230219D22Rik-C,Kif21a-C
Cebpz,Phactr2,Eea1-C,Slc17a5-C
Cdkn1c,Rdx,Kif21a-C,Rif1-C
Ccdc186,Rdx,Hk1-C,Psmd3-C
Rif1,Slk,Nipbl-C,Serbp1-C
Dstn,Pkn2,Nipbl-C,Slc17a5-C
Cebpz,Smarca2,Pabpc1-C,Rpn2-C
Clec14a,Dnajc7,4921504A21Rik-C,Nkapd1-C
Eea1,Npepps,Cerkl-C,Dynll1-C
Golm2,Rad50,Clpp-C,Kif21a-C
Ccdc148,Phf3,Rpl37-C,Stxbp4-C
Ap2b1,Pura,Frg1-C,Kif21a-C
Npepps,Top1,Gtpbp4-C,Psma4-C
9530026P05Rik,Nipbl,1110004F10Rik-C,Phactr2-C
Gsk3b,Mafg,Frg1-C,Secisbp2l-C
