node1,node2
"(2,5-Dimethoxyphenyl)acetone-F",1-Octadecanol-F
"(2,5-Dimethoxyphenyl)acetone-F","2'-Hydroxy-2,4,4',5-tetramethoxychalcone-F"
"(2,5-Dimethoxyphenyl)acetone-F",2-Methyl-3-pentanol-F
"(2,5-Dimethoxyphenyl)acetone-F",2-Naphthol-F
"(2,5-Dimethoxyphenyl)acetone-F",2-Propyl-1-pentanol-F
"(2,5-Dimethoxyphenyl)acetone-F",3-Buten-2-one-F
"(2,5-Dimethoxyphenyl)acetone-F","6-Aminocaproic acid, N-(tert.-butyldimethylsilyl)-F"
"(2,5-Dimethoxyphenyl)acetone-F",Adenine-F
"(2,5-Dimethoxyphenyl)acetone-F",Benzophenone-F
"(2,5-Dimethoxyphenyl)acetone-F",Butachlor ESA-F
"(2,5-Dimethoxyphenyl)acetone-F",Curcumin-F
"(2,5-Dimethoxyphenyl)acetone-F",Cycloheptanol-F
"(2,5-Dimethoxyphenyl)acetone-F","Cytosine, N-(tert-butyldimethylsilyl)--F"
"(2,5-Dimethoxyphenyl)acetone-F",Diethylamine-F
"(2,5-Dimethoxyphenyl)acetone-F","Dodecanoic acid, 1-methylethyl ester-F"
"(2,5-Dimethoxyphenyl)acetone-F","D-Streptamine, O-6-amino-6-deoxy-alpha-D-glucopyranosyl-(1-4)-O-(3-deoxy-4-C-methyl-3-(methylamino)-beta-L-arabinopyranosyl-(1-6))-2-deoxy--F"
"(2,5-Dimethoxyphenyl)acetone-F",Frangulin-F
"(2,5-Dimethoxyphenyl)acetone-F",Hexacosanoic acid-F
"(2,5-Dimethoxyphenyl)acetone-F",Isobutanol-F
"(2,5-Dimethoxyphenyl)acetone-F",L-Glutamine-F
"(2,5-Dimethoxyphenyl)acetone-F",L-Tryptophan-F
"(2,5-Dimethoxyphenyl)acetone-F",m-Toluic acid-F
"(2,5-Dimethoxyphenyl)acetone-F","Naringenin 4',7-dimethylether-F"
"(2,5-Dimethoxyphenyl)acetone-F",N-Caffeoyl-O-methyltyramine-F
"(2,5-Dimethoxyphenyl)acetone-F",N-Methyl-1-[(trimethylsilyl)oxy]-1-{4-[(trimethylsilyl)oxy]phenyl}propan-2-amine-F
"(2,5-Dimethoxyphenyl)acetone-F","Propanoic acid, dimethyl(isopropyl)silyl ester-F"
"(2,5-Dimethoxyphenyl)acetone-F",Propylene glycol-F
"(2,5-Dimethoxyphenyl)acetone-F",Tetrahydro-solasodine triacetate-F
"(2,5-Dimethoxyphenyl)acetone-F",Triethyl citrate-F
"(2,5-Dimethoxyphenyl)acetone-F",Yangonin-F
"(2R)-Pyrrolidine-1,2-dicarboxylic acid, bis(tert-butyldimethylsilyl) ester-F","2(5H)-Furanone, 4-(hydroxymethyl)-F"
"(2R)-Pyrrolidine-1,2-dicarboxylic acid, bis(tert-butyldimethylsilyl) ester-F","2,5-Bis((tert-butyldimethylsilyl)oxy)-4,4-dimethyl-4H-imidazole-F"
"(2R)-Pyrrolidine-1,2-dicarboxylic acid, bis(tert-butyldimethylsilyl) ester-F","2,5-Dimethoxybenzhydrazide-F"
"(2R)-Pyrrolidine-1,2-dicarboxylic acid, bis(tert-butyldimethylsilyl) ester-F","2,5-Dimethoxybenzonitrile-F"
"(2R)-Pyrrolidine-1,2-dicarboxylic acid, bis(tert-butyldimethylsilyl) ester-F","3-(4,7-Dimethoxy-2H-1,3-benzodioxol-5-yl)-2-methylprop-2-enal-F"
"(2R)-Pyrrolidine-1,2-dicarboxylic acid, bis(tert-butyldimethylsilyl) ester-F",3-Aminobenzoic acid-F
"(2R)-Pyrrolidine-1,2-dicarboxylic acid, bis(tert-butyldimethylsilyl) ester-F",6-Methyluracil-F
"(2R)-Pyrrolidine-1,2-dicarboxylic acid, bis(tert-butyldimethylsilyl) ester-F",alpha-Hydroxyisobutyric acid-F
"(2R)-Pyrrolidine-1,2-dicarboxylic acid, bis(tert-butyldimethylsilyl) ester-F",Cholesterol-F
"(2R)-Pyrrolidine-1,2-dicarboxylic acid, bis(tert-butyldimethylsilyl) ester-F",Cyclooctylamine-F
"(2R)-Pyrrolidine-1,2-dicarboxylic acid, bis(tert-butyldimethylsilyl) ester-F",Diethylamine-F
"(2R)-Pyrrolidine-1,2-dicarboxylic acid, bis(tert-butyldimethylsilyl) ester-F","D-Streptamine, O-6-amino-6-deoxy-alpha-D-glucopyranosyl-(1-4)-O-(3-deoxy-4-C-methyl-3-(methylamino)-beta-L-arabinopyranosyl-(1-6))-2-deoxy--F"
"(2R)-Pyrrolidine-1,2-dicarboxylic acid, bis(tert-butyldimethylsilyl) ester-F",Durapan-F
"(2R)-Pyrrolidine-1,2-dicarboxylic acid, bis(tert-butyldimethylsilyl) ester-F","Hymexazole, tert-butyldimethylsilyl ether-F"
"(2R)-Pyrrolidine-1,2-dicarboxylic acid, bis(tert-butyldimethylsilyl) ester-F",Iminodiacetic acid-F
"(2R)-Pyrrolidine-1,2-dicarboxylic acid, bis(tert-butyldimethylsilyl) ester-F",Ketamine-F
"(2R)-Pyrrolidine-1,2-dicarboxylic acid, bis(tert-butyldimethylsilyl) ester-F",Methanesulfonic acid-F
"(2R)-Pyrrolidine-1,2-dicarboxylic acid, bis(tert-butyldimethylsilyl) ester-F",Methylthiouracil-F
"(2R)-Pyrrolidine-1,2-dicarboxylic acid, bis(tert-butyldimethylsilyl) ester-F","N,N-Dimethyl-2-aminoethanol-F"
"(2R)-Pyrrolidine-1,2-dicarboxylic acid, bis(tert-butyldimethylsilyl) ester-F",Octacosanol-F
"(2R)-Pyrrolidine-1,2-dicarboxylic acid, bis(tert-butyldimethylsilyl) ester-F",Phenol-F
"(2R)-Pyrrolidine-1,2-dicarboxylic acid, bis(tert-butyldimethylsilyl) ester-F",Phenoxyethanol-F
"(2R)-Pyrrolidine-1,2-dicarboxylic acid, bis(tert-butyldimethylsilyl) ester-F",Pinosylvin-F
"(9H-fluoren-9-yl)methanol, O-methoxycarbonyl--F","2,3-Butanediol, O-(trimethylsilyl)-, monoacetate-F"
"(9H-fluoren-9-yl)methanol, O-methoxycarbonyl--F","2-Allyl-1,4-dimethoxybenzene-F"
"(9H-fluoren-9-yl)methanol, O-methoxycarbonyl--F","2-Methylcyclohexylamine, tert.-butyldimethylsilyl ether-F"
"(9H-fluoren-9-yl)methanol, O-methoxycarbonyl--F",Ethanolamine-F
"(9H-fluoren-9-yl)methanol, O-methoxycarbonyl--F",N-Acetylaspartic acid-F
"(9H-fluoren-9-yl)methanol, O-methoxycarbonyl--F","Phenol, 2,4-bis(1-methyl-1-phenylethyl)--F"
"3,4,5-Trimethoxyamphetamine-F",2-Ethyl-1-butanol-F
"3,4,5-Trimethoxyamphetamine-F",2-Pyrrolidone-5-carboxylic acid-F
"3,4,5-Trimethoxyamphetamine-F",Curcumin-F
"3,4,5-Trimethoxyamphetamine-F",Lactic acid-F
"1-(1-Hydroxybutyl)-2,5-dimethoxybenzene-F","2,5-Dimethoxybenzhydrazide-F"
"1-(1-Hydroxybutyl)-2,5-dimethoxybenzene-F","2-Cyclohexen-1-one, 3-methyl--F"
"1-(1-Hydroxybutyl)-2,5-dimethoxybenzene-F","3-(4,7-Dimethoxy-2H-1,3-benzodioxol-5-yl)-2-methylprop-2-enal-F"
"1-(1-Hydroxybutyl)-2,5-dimethoxybenzene-F","Benzoic acid, 2-hydroxy-3-[(2-hydroxy-4-methoxy-6-propylbenzoyl)oxy]-4-methoxy-6-propyl-, methyl ester-F"
"1-(1-Hydroxybutyl)-2,5-dimethoxybenzene-F","Benzoic acid, methyl ester-F"
"1-(1-Hydroxybutyl)-2,5-dimethoxybenzene-F",DL-Glyceraldehyde-F
"1-(1-Hydroxybutyl)-2,5-dimethoxybenzene-F","Erythrono-1,4-lactone-F"
"1-(1-Hydroxybutyl)-2,5-dimethoxybenzene-F",Mevalonolactone-F
"1-(1-Hydroxybutyl)-2,5-dimethoxybenzene-F",Picolinic acid-F
"1-(2,4-Dimethoxyphenyl)-propan-2-one-F",1-(Cyclohexylmethyl)-4-piperidinylamine-F
"1-(2,4-Dimethoxyphenyl)-propan-2-one-F",2-Ethylhexanoic acid-F
"1-(2,4-Dimethoxyphenyl)-propan-2-one-F",Butyric Acid-F
"1-(2,4-Dimethoxyphenyl)-propan-2-one-F",Heptylamine-F
"1-(2,4-Dimethoxyphenyl)-propan-2-one-F",Hexanoic acid-F
"1-(2,4-Dimethoxyphenyl)-propan-2-one-F",Isobutanol-F
"1-(2,4-Dimethoxyphenyl)-propan-2-one-F",Pentanoic acid-F
"1-(2,4-Dimethoxyphenyl)-propan-2-one-F",Urea-F
"1-(2,5-Dimethoxyphenyl)-1-[(trimethylsilyl)oxy]propan-2-amine-F",2-Furoic acid-F
"1-(2,5-Dimethoxyphenyl)-1-[(trimethylsilyl)oxy]propan-2-amine-F","3,5-Dimethylphenol-F"
"1-(2,5-Dimethoxyphenyl)-1-[(trimethylsilyl)oxy]propan-2-amine-F",Benzoic Acid-F
"1-(2,5-Dimethoxyphenyl)-1-[(trimethylsilyl)oxy]propan-2-amine-F",Glycolic acid-F
"1-(2,5-Dimethoxyphenyl)-1-[(trimethylsilyl)oxy]propan-2-amine-F",Heptanoic acid-F
"1-(2,5-Dimethoxyphenyl)-1-[(trimethylsilyl)oxy]propan-2-amine-F",Isonicotinic Acid-F
"1-(2,5-Dimethoxyphenyl)-1-[(trimethylsilyl)oxy]propan-2-amine-F",Isopropylamine-F
"1-(2,5-Dimethoxyphenyl)-1-[(trimethylsilyl)oxy]propan-2-amine-F",Nonanoic acid-F
"1-(2,5-Dimethoxyphenyl)-1-[(trimethylsilyl)oxy]propan-2-amine-F",Propanoic acid-F
"1-(2,5-Dimethoxyphenyl)-1-[(trimethylsilyl)oxy]propan-2-amine-F",Salsoline-F
"1-(4-Methoxyphenyl)-4,6-dimethyl-2(1H)-pyrimidinone-F","2(5H)-Furanone, 4-(hydroxymethyl)-F"
"1-(4-Methoxyphenyl)-4,6-dimethyl-2(1H)-pyrimidinone-F","2,3-Butanediol, O-(trimethylsilyl)-, monoacetate-F"
"1-(4-Methoxyphenyl)-4,6-dimethyl-2(1H)-pyrimidinone-F","2,4-Imidazolidinedione, 5,5-dimethyl-F"
"1-(4-Methoxyphenyl)-4,6-dimethyl-2(1H)-pyrimidinone-F","2,5-Bis((tert-butyldimethylsilyl)oxy)-4,4-dimethyl-4H-imidazole-F"
"1-(4-Methoxyphenyl)-4,6-dimethyl-2(1H)-pyrimidinone-F","2,5-Dimethoxybenzhydrazide-F"
"1-(4-Methoxyphenyl)-4,6-dimethyl-2(1H)-pyrimidinone-F","2,5-Dimethoxybenzonitrile-F"
"1-(4-Methoxyphenyl)-4,6-dimethyl-2(1H)-pyrimidinone-F","2',5'-Dimethoxypropiophenone-F"
"1-(4-Methoxyphenyl)-4,6-dimethyl-2(1H)-pyrimidinone-F",2-Amino-4-methylbenzophenone-F
"1-(4-Methoxyphenyl)-4,6-dimethyl-2(1H)-pyrimidinone-F","2-Butenoic acid, 3-[(tert-butyldimethylsilyl)oxy]-F"
"1-(4-Methoxyphenyl)-4,6-dimethyl-2(1H)-pyrimidinone-F","2-Cyclohexen-1-one, 3-methyl--F"
"1-(4-Methoxyphenyl)-4,6-dimethyl-2(1H)-pyrimidinone-F","3-(4,7-Dimethoxy-2H-1,3-benzodioxol-5-yl)-2-methylprop-2-enal-F"
"1-(4-Methoxyphenyl)-4,6-dimethyl-2(1H)-pyrimidinone-F",6-Methyluracil-F
"1-(4-Methoxyphenyl)-4,6-dimethyl-2(1H)-pyrimidinone-F",Aconitic acid-F
"1-(4-Methoxyphenyl)-4,6-dimethyl-2(1H)-pyrimidinone-F",Cholesterol-F
"1-(4-Methoxyphenyl)-4,6-dimethyl-2(1H)-pyrimidinone-F","Cyclohexanone, 3,3,5-trimethyl-F"
"1-(4-Methoxyphenyl)-4,6-dimethyl-2(1H)-pyrimidinone-F",Cyclooctylamine-F
"1-(4-Methoxyphenyl)-4,6-dimethyl-2(1H)-pyrimidinone-F",Durapan-F
"1-(4-Methoxyphenyl)-4,6-dimethyl-2(1H)-pyrimidinone-F",Heptylamine-F
"1-(4-Methoxyphenyl)-4,6-dimethyl-2(1H)-pyrimidinone-F",Hydracrylic acid-F
"1-(4-Methoxyphenyl)-4,6-dimethyl-2(1H)-pyrimidinone-F","Hymexazole, tert-butyldimethylsilyl ether-F"
"1-(4-Methoxyphenyl)-4,6-dimethyl-2(1H)-pyrimidinone-F",Isobutanol-F
"1-(4-Methoxyphenyl)-4,6-dimethyl-2(1H)-pyrimidinone-F","Kojic acid, bis(tert-butyldimethylsilyl) ether-F"
"1-(4-Methoxyphenyl)-4,6-dimethyl-2(1H)-pyrimidinone-F",Methanesulfonic acid-F
"1-(4-Methoxyphenyl)-4,6-dimethyl-2(1H)-pyrimidinone-F",Methylthiouracil-F
"1-(4-Methoxyphenyl)-4,6-dimethyl-2(1H)-pyrimidinone-F","N,N-Dimethyl-2-aminoethanol-F"
"1-(4-Methoxyphenyl)-4,6-dimethyl-2(1H)-pyrimidinone-F",N-Acetylaminoethanol-F
"1-(4-Methoxyphenyl)-4,6-dimethyl-2(1H)-pyrimidinone-F",Pinosylvin-F
1-(Cyclohexylmethyl)-4-piperidinylamine-F,2-Amino-4-methylbenzophenone-F
1-(Cyclohexylmethyl)-4-piperidinylamine-F,2-Decanol-F
1-(Cyclohexylmethyl)-4-piperidinylamine-F,"5-Chlorovaleric acid, nonyl ester-F"
1-(Cyclohexylmethyl)-4-piperidinylamine-F,Formamide-F
1-(Cyclohexylmethyl)-4-piperidinylamine-F,m-Toluic acid-F
1-(tert-Butyldimethylsilyl)-4-methyl-1H-pyrazole-F,"1,2-Cyclohexanediol, (Z)-F"
1-(tert-Butyldimethylsilyl)-4-methyl-1H-pyrazole-F,1-Octadecanol-F
1-(tert-Butyldimethylsilyl)-4-methyl-1H-pyrazole-F,"2,2'-Bipyridine-F"
1-(tert-Butyldimethylsilyl)-4-methyl-1H-pyrazole-F,2-Butoxyethanol-F
1-(tert-Butyldimethylsilyl)-4-methyl-1H-pyrazole-F,2-Decanol-F
1-(tert-Butyldimethylsilyl)-4-methyl-1H-pyrazole-F,"2'-Hydroxy-2,4,4',5-tetramethoxychalcone-F"
1-(tert-Butyldimethylsilyl)-4-methyl-1H-pyrazole-F,2-Pentadecanone-F
1-(tert-Butyldimethylsilyl)-4-methyl-1H-pyrazole-F,5-Azacytosine-F
1-(tert-Butyldimethylsilyl)-4-methyl-1H-pyrazole-F,"6-Aminocaproic acid, N-(tert.-butyldimethylsilyl)-F"
1-(tert-Butyldimethylsilyl)-4-methyl-1H-pyrazole-F,Adenine-F
1-(tert-Butyldimethylsilyl)-4-methyl-1H-pyrazole-F,Azelaic acid-F
1-(tert-Butyldimethylsilyl)-4-methyl-1H-pyrazole-F,Butachlor ESA-F
1-(tert-Butyldimethylsilyl)-4-methyl-1H-pyrazole-F,Curcumin-F
1-(tert-Butyldimethylsilyl)-4-methyl-1H-pyrazole-F,"Cytosine, N-(tert-butyldimethylsilyl)--F"
1-(tert-Butyldimethylsilyl)-4-methyl-1H-pyrazole-F,"Dodecanoic acid, 1-methylethyl ester-F"
1-(tert-Butyldimethylsilyl)-4-methyl-1H-pyrazole-F,"D-Streptamine, O-6-amino-6-deoxy-alpha-D-glucopyranosyl-(1-4)-O-(3-deoxy-4-C-methyl-3-(methylamino)-beta-L-arabinopyranosyl-(1-6))-2-deoxy--F"
1-(tert-Butyldimethylsilyl)-4-methyl-1H-pyrazole-F,Durapan-F
1-(tert-Butyldimethylsilyl)-4-methyl-1H-pyrazole-F,Frangulin-F
1-(tert-Butyldimethylsilyl)-4-methyl-1H-pyrazole-F,Glycine-F
1-(tert-Butyldimethylsilyl)-4-methyl-1H-pyrazole-F,Heptylamine-F
1-(tert-Butyldimethylsilyl)-4-methyl-1H-pyrazole-F,Hexacosanoic acid-F
1-(tert-Butyldimethylsilyl)-4-methyl-1H-pyrazole-F,Isopropyl palmitate-F
1-(tert-Butyldimethylsilyl)-4-methyl-1H-pyrazole-F,L-Glutamine-F
1-(tert-Butyldimethylsilyl)-4-methyl-1H-pyrazole-F,L-Leucine-F
1-(tert-Butyldimethylsilyl)-4-methyl-1H-pyrazole-F,"l-Norvaline, n-propargyloxycarbonyl-, isohexyl ester-F"
1-(tert-Butyldimethylsilyl)-4-methyl-1H-pyrazole-F,L-Tryptophan-F
1-(tert-Butyldimethylsilyl)-4-methyl-1H-pyrazole-F,Methanesulfonic acid-F
1-(tert-Butyldimethylsilyl)-4-methyl-1H-pyrazole-F,N-Methyl-1-[(trimethylsilyl)oxy]-1-{4-[(trimethylsilyl)oxy]phenyl}propan-2-amine-F
1-(tert-Butyldimethylsilyl)-4-methyl-1H-pyrazole-F,Tetrahydro-solasodine triacetate-F
1-(tert-Butyldimethylsilyl)-4-methyl-1H-pyrazole-F,Vanillylmandelic acid-F
1-(tert-Butyldimethylsilyl)-4-methyl-1H-pyrazole-F,Yangonin-F
"1,2-Cyclohexanediol, (Z)-F",1-Octadecanol-F
"1,2-Cyclohexanediol, (Z)-F","2,2'-Bipyridine-F"
"1,2-Cyclohexanediol, (Z)-F",2-Butoxyethanol-F
"1,2-Cyclohexanediol, (Z)-F",2-Furoic acid-F
"1,2-Cyclohexanediol, (Z)-F","2'-Hydroxy-2,4,4',5-tetramethoxychalcone-F"
"1,2-Cyclohexanediol, (Z)-F",2-Hydroxy-3-methylbutyric acid-F
"1,2-Cyclohexanediol, (Z)-F","2-Methylcyclohexanol, (Z)-F"
"1,2-Cyclohexanediol, (Z)-F",2-Naphthol-F
"1,2-Cyclohexanediol, (Z)-F",2-Pentadecanone-F
"1,2-Cyclohexanediol, (Z)-F","3,5-Dimethylphenol-F"
"1,2-Cyclohexanediol, (Z)-F",3-Buten-2-one-F
"1,2-Cyclohexanediol, (Z)-F",4-Oxohexanoic acid-F
"1,2-Cyclohexanediol, (Z)-F",5-Hydroxy-7-methoxy-2-methyl-3-phenyl-4-chromenone-F
"1,2-Cyclohexanediol, (Z)-F","5-Nonanol, tert-butyldimethylsilyl ether-F"
"1,2-Cyclohexanediol, (Z)-F",Adenine-F
"1,2-Cyclohexanediol, (Z)-F","Benzenesulfonamide, N-butyl-F"
"1,2-Cyclohexanediol, (Z)-F",Butachlor ESA-F
"1,2-Cyclohexanediol, (Z)-F","Cytosine, N-(tert-butyldimethylsilyl)--F"
"1,2-Cyclohexanediol, (Z)-F",DL-p-Hydroxyphenyllactic acid-F
"1,2-Cyclohexanediol, (Z)-F","Dodecanoic acid, 1-methylethyl ester-F"
"1,2-Cyclohexanediol, (Z)-F","D-Streptamine, O-6-amino-6-deoxy-alpha-D-glucopyranosyl-(1-4)-O-(3-deoxy-4-C-methyl-3-(methylamino)-beta-L-arabinopyranosyl-(1-6))-2-deoxy--F"
"1,2-Cyclohexanediol, (Z)-F",Frangulin-F
"1,2-Cyclohexanediol, (Z)-F","Glycine, tert.-butyldimethylsilyl ester-F"
"1,2-Cyclohexanediol, (Z)-F",Iminodiacetic acid-F
"1,2-Cyclohexanediol, (Z)-F",Isopropyl palmitate-F
"1,2-Cyclohexanediol, (Z)-F",Isopropylamine-F
"1,2-Cyclohexanediol, (Z)-F",L-Alanine-F
"1,2-Cyclohexanediol, (Z)-F",L-Glutamine-F
"1,2-Cyclohexanediol, (Z)-F",L-Tryptophan-F
"1,2-Cyclohexanediol, (Z)-F",N-Acetyl-L-alanine-F
"1,2-Cyclohexanediol, (Z)-F",N-Caffeoyl-O-methyltyramine-F
"1,2-Cyclohexanediol, (Z)-F",N-Methyl-1-[(trimethylsilyl)oxy]-1-{4-[(trimethylsilyl)oxy]phenyl}propan-2-amine-F
"1,2-Cyclohexanediol, (Z)-F",Norketamine-F
"1,2-Cyclohexanediol, (Z)-F",Pentanedioic acid-F
"1,2-Cyclohexanediol, (Z)-F",Suberic acid-F
"1,2-Cyclohexanediol, (Z)-F",Triethyl citrate-F
"1,2-Cyclohexanediol, (Z)-F",Vanillylmandelic acid-F
"1,2-Cyclohexanediol, (Z)-F",Yangonin-F
"1,3-Oxazolidine, 2,5-diphenyl-4-methyl-, trans--F","1-Octanol, 2-butyl--F"
"1,3-Oxazolidine, 2,5-diphenyl-4-methyl-, trans--F","3,4-Methylenedioxyamphetamine-F"
"1,3-Oxazolidine, 2,5-diphenyl-4-methyl-, trans--F","Benzoic acid, 2-hydroxy-3-[(2-hydroxy-4-methoxy-6-propylbenzoyl)oxy]-4-methoxy-6-propyl-, methyl ester-F"
"1,3-Oxazolidine, 2,5-diphenyl-4-methyl-, trans--F",Cyclobutylamine-F
1-Octadecanol-F,"2,2'-Bipyridine-F"
1-Octadecanol-F,2-Butoxyethanol-F
1-Octadecanol-F,2-Decanol-F
1-Octadecanol-F,2-Furoic acid-F
1-Octadecanol-F,2-Hydroxy-3-methylbutyric acid-F
1-Octadecanol-F,"2-Methylcyclohexanol, (Z)-F"
1-Octadecanol-F,2-Pentadecanone-F
1-Octadecanol-F,"3,5-Dimethylphenol-F"
1-Octadecanol-F,3-Buten-2-one-F
1-Octadecanol-F,"5-Nonanol, tert-butyldimethylsilyl ether-F"
1-Octadecanol-F,"6,7,4'-Trihydroxyisoflavone-F"
1-Octadecanol-F,Adenine-F
1-Octadecanol-F,Aniline-F
1-Octadecanol-F,"Benzenesulfonamide, N-butyl-F"
1-Octadecanol-F,Benzophenone-F
1-Octadecanol-F,Benzyl alcohol-F
1-Octadecanol-F,Citramalic acid-F
1-Octadecanol-F,Cycloheptanol-F
1-Octadecanol-F,"Cytosine, N-(tert-butyldimethylsilyl)--F"
1-Octadecanol-F,Diacetyl monoxime-F
1-Octadecanol-F,"Dodecanoic acid, 1-methylethyl ester-F"
1-Octadecanol-F,Dodecanoic acid-F
1-Octadecanol-F,Frangulin-F
1-Octadecanol-F,Glycerol-F
1-Octadecanol-F,Hexacosanoic acid-F
1-Octadecanol-F,Hexanoic acid-F
1-Octadecanol-F,Iminodiacetic acid-F
1-Octadecanol-F,Isopropyl palmitate-F
1-Octadecanol-F,L-Alanine-F
1-Octadecanol-F,L-Glutamine-F
1-Octadecanol-F,Lignoceric acid-F
1-Octadecanol-F,"l-Norvaline, n-propargyloxycarbonyl-, isohexyl ester-F"
1-Octadecanol-F,L-Tryptophan-F
1-Octadecanol-F,L-Valine-F
1-Octadecanol-F,Malic acid-F
1-Octadecanol-F,Myristic acid-F
1-Octadecanol-F,Niacin-F
1-Octadecanol-F,Norketamine-F
1-Octadecanol-F,"Propanoic acid, 3-[(tert-butyldimethylsilyl)oxy]-2-methyl--F"
1-Octadecanol-F,"Propanoic acid, dimethyl(isopropyl)silyl ester-F"
1-Octadecanol-F,Stearic acid-F
1-Octadecanol-F,Suberic acid-F
1-Octadecanol-F,Thymol-F
1-Octadecanol-F,Triethyl citrate-F
1-Octadecanol-F,Uracil-F
1-Octadecanol-F,Vanillylmandelic acid-F
"1-Octanol, 2-butyl--F",3-Amino-5-methylisoxazole-F
"1-Octanol, 2-butyl--F","Benzoic acid, methyl ester-F"
"1-Octanol, 2-butyl--F",Leucylglycine-F
"1-Octanol, 2-butyl--F",N-Ethylamphetamine-F
"1-Octanol, 2-butyl--F",Octanoic acid-F
"2(5H)-Furanone, 4-(hydroxymethyl)-F","2,4-Imidazolidinedione, 5,5-dimethyl-F"
"2(5H)-Furanone, 4-(hydroxymethyl)-F","2,5-Dimethoxybenzhydrazide-F"
"2(5H)-Furanone, 4-(hydroxymethyl)-F","2,5-Dimethoxybenzonitrile-F"
"2(5H)-Furanone, 4-(hydroxymethyl)-F",2-Methyl-3-pentanol-F
"2(5H)-Furanone, 4-(hydroxymethyl)-F",6-Methyluracil-F
"2(5H)-Furanone, 4-(hydroxymethyl)-F",Cholesterol-F
"2(5H)-Furanone, 4-(hydroxymethyl)-F",Cyclooctylamine-F
"2(5H)-Furanone, 4-(hydroxymethyl)-F",Diethylamine-F
"2(5H)-Furanone, 4-(hydroxymethyl)-F","D-Streptamine, O-6-amino-6-deoxy-alpha-D-glucopyranosyl-(1-4)-O-(3-deoxy-4-C-methyl-3-(methylamino)-beta-L-arabinopyranosyl-(1-6))-2-deoxy--F"
"2(5H)-Furanone, 4-(hydroxymethyl)-F",Durapan-F
"2(5H)-Furanone, 4-(hydroxymethyl)-F","Hymexazole, tert-butyldimethylsilyl ether-F"
"2(5H)-Furanone, 4-(hydroxymethyl)-F",Iminodiacetic acid-F
"2(5H)-Furanone, 4-(hydroxymethyl)-F",Isobutanol-F
"2(5H)-Furanone, 4-(hydroxymethyl)-F","Kojic acid, bis(tert-butyldimethylsilyl) ether-F"
"2(5H)-Furanone, 4-(hydroxymethyl)-F",Methanesulfonic acid-F
"2(5H)-Furanone, 4-(hydroxymethyl)-F",Methylthiouracil-F
"2(5H)-Furanone, 4-(hydroxymethyl)-F",Pinosylvin-F
"2(5H)-Furanone, 4-(hydroxymethyl)-F",Suberic acid-F
"2-(Ethylamino)ethanol, N-acetyl-F","4-[2-(4,7-Dimethoxy-2H-1,3-benzodioxol-5-yl)ethenyl]-2-methoxyphenol-F"
"2-(Ethylamino)ethanol, N-acetyl-F","5-Chlorovaleric acid, nonyl ester-F"
"2-(Ethylamino)ethanol, N-acetyl-F",Benzyl alcohol-F
"2-(Ethylamino)ethanol, N-acetyl-F",Butyric Acid-F
"2-(Ethylamino)ethanol, N-acetyl-F",Dodecanoic acid-F
"2-(Ethylamino)ethanol, N-acetyl-F",Formamide-F
"2-(Ethylamino)ethanol, N-acetyl-F",Hexanoic acid-F
"2-(Ethylamino)ethanol, N-acetyl-F",Isonicotinic Acid-F
"2-(Ethylamino)ethanol, N-acetyl-F",Ketamine-F
"2-(Ethylamino)ethanol, N-acetyl-F",Lignoceric acid-F
"2-(Ethylamino)ethanol, N-acetyl-F",Phenoxyethanol-F
2-(Methylamino)ethanol-F,"Benzene, 1,4-dimethoxy-F"
2-(Methylamino)ethanol-F,Isonicotinic Acid-F
2-(Methylamino)ethanol-F,L-Leucine-F
2-(Methylamino)ethanol-F,N-Isobutyrylglycine-F
"2,2'-Bipyridine-F",2-Butoxyethanol-F
"2,2'-Bipyridine-F",2-Decanol-F
"2,2'-Bipyridine-F",2-Hydroxy-3-methylbutyric acid-F
"2,2'-Bipyridine-F","2-Methyl-1,3-butanediol-F"
"2,2'-Bipyridine-F",2-Pentadecanone-F
"2,2'-Bipyridine-F","3,4-Methylenedioxyamphetamine-F"
"2,2'-Bipyridine-F",4-Oxohexanoic acid-F
"2,2'-Bipyridine-F","5-Nonanol, tert-butyldimethylsilyl ether-F"
"2,2'-Bipyridine-F","6-Methoxy-1-methyl-1,2,3,4-tetrahydroisoquinolin-7-ol-F"
"2,2'-Bipyridine-F",6-Oxoheptanoic acid-F
"2,2'-Bipyridine-F",Adenine-F
"2,2'-Bipyridine-F","Benzenesulfonamide, N-butyl-F"
"2,2'-Bipyridine-F",Butachlor ESA-F
"2,2'-Bipyridine-F","Dodecanoic acid, 1-methylethyl ester-F"
"2,2'-Bipyridine-F","D-Streptamine, O-6-amino-6-deoxy-alpha-D-glucopyranosyl-(1-4)-O-(3-deoxy-4-C-methyl-3-(methylamino)-beta-L-arabinopyranosyl-(1-6))-2-deoxy--F"
"2,2'-Bipyridine-F",Frangulin-F
"2,2'-Bipyridine-F",Glycine-F
"2,2'-Bipyridine-F","Glycine, tert.-butyldimethylsilyl ester-F"
"2,2'-Bipyridine-F",Hexacosanoic acid-F
"2,2'-Bipyridine-F",Isopropyl palmitate-F
"2,2'-Bipyridine-F",L-Alanine-F
"2,2'-Bipyridine-F",L-Glutamine-F
"2,2'-Bipyridine-F",L-Leucine-F
"2,2'-Bipyridine-F","l-Norvaline, n-propargyloxycarbonyl-, isohexyl ester-F"
"2,2'-Bipyridine-F",Mevalonolactone-F
"2,2'-Bipyridine-F",Niacin-F
"2,2'-Bipyridine-F",Norketamine-F
"2,2'-Bipyridine-F",Octanoic acid-F
"2,2'-Bipyridine-F",Suberic acid-F
"2,2'-Bipyridine-F",Triethyl citrate-F
"2,2'-Bipyridine-F",Vanillylmandelic acid-F
"2,2'-Bipyridine-F",Yangonin-F
"2,3-Butanediol, O-(trimethylsilyl)-, monoacetate-F",Benzenepropanoic acid-F
"2,3-Butanediol, O-(trimethylsilyl)-, monoacetate-F",Glycolic acid-F
"2,3-Butanediol, O-(trimethylsilyl)-, monoacetate-F",Guanosine-F
"2,3-Butanediol, O-(trimethylsilyl)-, monoacetate-F",Hydracrylic acid-F
"2,3-Butanediol, O-(trimethylsilyl)-, monoacetate-F","Phenol, 2,4-bis(1-methyl-1-phenylethyl)--F"
"2,3-Dihydroxybutanoic acid-F","2,5-Bis((tert-butyldimethylsilyl)oxy)-4,4-dimethyl-4H-imidazole-F"
"2,3-Dihydroxybutanoic acid-F",Glycerol-F
"2,3-Dihydroxybutanoic acid-F",Mevalonolactone-F
"2,3-Dihydroxybutanoic acid-F",N-Acetylaminoethanol-F
"2,3-Dihydroxybutanoic acid-F",Phenol-F
"2,4,4'-Trihydroxybenzophenone-F","2,4-Imidazolidinedione, 5,5-dimethyl-F"
"2,4,4'-Trihydroxybenzophenone-F",2-Decanol-F
"2,4,4'-Trihydroxybenzophenone-F",2-Methyl-3-pentanol-F
"2,4,4'-Trihydroxybenzophenone-F",3-Amino-5-methylisoxazole-F
"2,4,4'-Trihydroxybenzophenone-F",3-Aminobenzoic acid-F
"2,4,4'-Trihydroxybenzophenone-F",6-Methyluracil-F
"2,4,4'-Trihydroxybenzophenone-F",Adenine-F
"2,4,4'-Trihydroxybenzophenone-F",Crotonic acid-F
"2,4,4'-Trihydroxybenzophenone-F",Curcumin-F
"2,4,4'-Trihydroxybenzophenone-F","Kojic acid, bis(tert-butyldimethylsilyl) ether-F"
"2,4,4'-Trihydroxybenzophenone-F",Leucylglycine-F
"2,4,4'-Trihydroxybenzophenone-F",L-Tyrosine-F
"2,4,4'-Trihydroxybenzophenone-F",Methanesulfonic acid-F
"2,4,4'-Trihydroxybenzophenone-F",Xylazine-F
"2,4,4'-Trihydroxybenzophenone-F",Yangonin-F
"2,4,6-Cycloheptatrien-1-one-F","2-Cyclohexen-1-one, 3-methyl-6-(1-methylethyl)-F"
"2,4,6-Cycloheptatrien-1-one-F",Isobutanol-F
"2,4-Di-tert-butylphenol-F",2-Amino-4-methylbenzophenone-F
"2,4-Di-tert-butylphenol-F","2-Methyl-1,3-butanediol-F"
"2,4-Di-tert-butylphenol-F",Azelaic acid-F
"2,4-Di-tert-butylphenol-F",Benzyl alcohol-F
"2,4-Di-tert-butylphenol-F",Hypoxanthine-F
"2,4-Di-tert-butylphenol-F",Lignoceric acid-F
"2,4-Di-tert-butylphenol-F",L-Valine-F
"2,4-Di-tert-butylphenol-F",Myristic acid-F
"2,4-Di-tert-butylphenol-F",Oleamide-F
"2,4-Di-tert-butylphenol-F",Pentanedioic acid-F
"2,4-Di-tert-butylphenol-F",Pipecolic acid-F
"2,4-Imidazolidinedione, 5,5-dimethyl-F","2,5-Bis((tert-butyldimethylsilyl)oxy)-4,4-dimethyl-4H-imidazole-F"
"2,4-Imidazolidinedione, 5,5-dimethyl-F","2,5-Dimethoxybenzhydrazide-F"
"2,4-Imidazolidinedione, 5,5-dimethyl-F","2',5'-Dimethoxypropiophenone-F"
"2,4-Imidazolidinedione, 5,5-dimethyl-F",2-Amino-4-methylbenzophenone-F
"2,4-Imidazolidinedione, 5,5-dimethyl-F",3-Amino-5-methylisoxazole-F
"2,4-Imidazolidinedione, 5,5-dimethyl-F",3-Aminobenzoic acid-F
"2,4-Imidazolidinedione, 5,5-dimethyl-F",6-Methyluracil-F
"2,4-Imidazolidinedione, 5,5-dimethyl-F",Adenine-F
"2,4-Imidazolidinedione, 5,5-dimethyl-F",Cholesterol-F
"2,4-Imidazolidinedione, 5,5-dimethyl-F",Crotonic acid-F
"2,4-Imidazolidinedione, 5,5-dimethyl-F",Cyclooctylamine-F
"2,4-Imidazolidinedione, 5,5-dimethyl-F",Durapan-F
"2,4-Imidazolidinedione, 5,5-dimethyl-F",Heptylamine-F
"2,4-Imidazolidinedione, 5,5-dimethyl-F","Hymexazole, tert-butyldimethylsilyl ether-F"
"2,4-Imidazolidinedione, 5,5-dimethyl-F",Hypoxanthine-F
"2,4-Imidazolidinedione, 5,5-dimethyl-F",Isobutanol-F
"2,4-Imidazolidinedione, 5,5-dimethyl-F",Ketamine-F
"2,4-Imidazolidinedione, 5,5-dimethyl-F","Kojic acid, bis(tert-butyldimethylsilyl) ether-F"
"2,4-Imidazolidinedione, 5,5-dimethyl-F",Malic acid-F
"2,4-Imidazolidinedione, 5,5-dimethyl-F",Methanesulfonic acid-F
"2,4-Imidazolidinedione, 5,5-dimethyl-F",Methylthiouracil-F
"2,4-Imidazolidinedione, 5,5-dimethyl-F",N-Ethyldiethanolamine-F
"2,4-Imidazolidinedione, 5,5-dimethyl-F",Phenoxyethanol-F
"2,4-Imidazolidinedione, 5,5-dimethyl-F",Pinosylvin-F
"2,4-Imidazolidinedione, 5,5-dimethyl-F",Vanillylmandelic acid-F
"2,4-Imidazolidinedione, 5,5-dimethyl-F",Xylazine-F
"2,5-Bis((tert-butyldimethylsilyl)oxy)-4,4-dimethyl-4H-imidazole-F","2,5-Dimethoxybenzhydrazide-F"
"2,5-Bis((tert-butyldimethylsilyl)oxy)-4,4-dimethyl-4H-imidazole-F","2,5-Dimethoxybenzonitrile-F"
"2,5-Bis((tert-butyldimethylsilyl)oxy)-4,4-dimethyl-4H-imidazole-F","2,5-Dimethoxyphenol-F"
"2,5-Bis((tert-butyldimethylsilyl)oxy)-4,4-dimethyl-4H-imidazole-F","2',5'-Dimethoxypropiophenone-F"
"2,5-Bis((tert-butyldimethylsilyl)oxy)-4,4-dimethyl-4H-imidazole-F","2-Butenoic acid, 3-[(tert-butyldimethylsilyl)oxy]-F"
"2,5-Bis((tert-butyldimethylsilyl)oxy)-4,4-dimethyl-4H-imidazole-F","2-Cyclohexen-1-one, 3-methyl--F"
"2,5-Bis((tert-butyldimethylsilyl)oxy)-4,4-dimethyl-4H-imidazole-F",2-Methyl-3-pentanol-F
"2,5-Bis((tert-butyldimethylsilyl)oxy)-4,4-dimethyl-4H-imidazole-F","3-(4,7-Dimethoxy-2H-1,3-benzodioxol-5-yl)-2-methylprop-2-enal-F"
"2,5-Bis((tert-butyldimethylsilyl)oxy)-4,4-dimethyl-4H-imidazole-F",3-Aminobenzoic acid-F
"2,5-Bis((tert-butyldimethylsilyl)oxy)-4,4-dimethyl-4H-imidazole-F","6-Methoxy-1-methyl-1,2,3,4-tetrahydroisoquinolin-7-ol-F"
"2,5-Bis((tert-butyldimethylsilyl)oxy)-4,4-dimethyl-4H-imidazole-F",6-Methyluracil-F
"2,5-Bis((tert-butyldimethylsilyl)oxy)-4,4-dimethyl-4H-imidazole-F","Benzene, 1,4-dimethoxy-F"
"2,5-Bis((tert-butyldimethylsilyl)oxy)-4,4-dimethyl-4H-imidazole-F","Cyclohexanone, 3,3,5-trimethyl-F"
"2,5-Bis((tert-butyldimethylsilyl)oxy)-4,4-dimethyl-4H-imidazole-F",Cyclooctylamine-F
"2,5-Bis((tert-butyldimethylsilyl)oxy)-4,4-dimethyl-4H-imidazole-F",Diethylamine-F
"2,5-Bis((tert-butyldimethylsilyl)oxy)-4,4-dimethyl-4H-imidazole-F",DL-Glyceraldehyde-F
"2,5-Bis((tert-butyldimethylsilyl)oxy)-4,4-dimethyl-4H-imidazole-F",Durapan-F
"2,5-Bis((tert-butyldimethylsilyl)oxy)-4,4-dimethyl-4H-imidazole-F","Hymexazole, tert-butyldimethylsilyl ether-F"
"2,5-Bis((tert-butyldimethylsilyl)oxy)-4,4-dimethyl-4H-imidazole-F",Isobutanol-F
"2,5-Bis((tert-butyldimethylsilyl)oxy)-4,4-dimethyl-4H-imidazole-F",Ketamine-F
"2,5-Bis((tert-butyldimethylsilyl)oxy)-4,4-dimethyl-4H-imidazole-F","Kojic acid, bis(tert-butyldimethylsilyl) ether-F"
"2,5-Bis((tert-butyldimethylsilyl)oxy)-4,4-dimethyl-4H-imidazole-F",Malic acid-F
"2,5-Bis((tert-butyldimethylsilyl)oxy)-4,4-dimethyl-4H-imidazole-F",Methanesulfonic acid-F
"2,5-Bis((tert-butyldimethylsilyl)oxy)-4,4-dimethyl-4H-imidazole-F",Methylthiouracil-F
"2,5-Bis((tert-butyldimethylsilyl)oxy)-4,4-dimethyl-4H-imidazole-F",N-Acetylaminoethanol-F
"2,5-Bis((tert-butyldimethylsilyl)oxy)-4,4-dimethyl-4H-imidazole-F",Pinosylvin-F
"2,5-Bis((tert-butyldimethylsilyl)oxy)-4,4-dimethyl-4H-imidazole-F",Trimethylolpropane-F
"2,5-Dimethoxybenzhydrazide-F","2,5-Dimethoxybenzonitrile-F"
"2,5-Dimethoxybenzhydrazide-F","2,5-Dimethoxyphenol-F"
"2,5-Dimethoxybenzhydrazide-F","2',5'-Dimethoxypropiophenone-F"
"2,5-Dimethoxybenzhydrazide-F",2-Amino-4-methylbenzophenone-F
"2,5-Dimethoxybenzhydrazide-F","2-Butenoic acid, 3-[(tert-butyldimethylsilyl)oxy]-F"
"2,5-Dimethoxybenzhydrazide-F","2-Cyclohexen-1-one, 3-methyl--F"
"2,5-Dimethoxybenzhydrazide-F","3-(4,7-Dimethoxy-2H-1,3-benzodioxol-5-yl)-2-methylprop-2-enal-F"
"2,5-Dimethoxybenzhydrazide-F","6-Methoxy-1-methyl-1,2,3,4-tetrahydroisoquinolin-7-ol-F"
"2,5-Dimethoxybenzhydrazide-F",6-Methyluracil-F
"2,5-Dimethoxybenzhydrazide-F",Benzyl alcohol-F
"2,5-Dimethoxybenzhydrazide-F",Biphenyl-F
"2,5-Dimethoxybenzhydrazide-F",Butanedioic acid-F
"2,5-Dimethoxybenzhydrazide-F",Cholesterol-F
"2,5-Dimethoxybenzhydrazide-F","Cyclohexanone, 3,3,5-trimethyl-F"
"2,5-Dimethoxybenzhydrazide-F",Cyclooctylamine-F
"2,5-Dimethoxybenzhydrazide-F",Diethylamine-F
"2,5-Dimethoxybenzhydrazide-F",Durapan-F
"2,5-Dimethoxybenzhydrazide-F","Erythrono-1,4-lactone-F"
"2,5-Dimethoxybenzhydrazide-F",Hydracrylic acid-F
"2,5-Dimethoxybenzhydrazide-F","Hymexazole, tert-butyldimethylsilyl ether-F"
"2,5-Dimethoxybenzhydrazide-F",Isobutanol-F
"2,5-Dimethoxybenzhydrazide-F",Ketamine-F
"2,5-Dimethoxybenzhydrazide-F","Kojic acid, bis(tert-butyldimethylsilyl) ether-F"
"2,5-Dimethoxybenzhydrazide-F",Malic acid-F
"2,5-Dimethoxybenzhydrazide-F",Methanesulfonic acid-F
"2,5-Dimethoxybenzhydrazide-F",Methylthiouracil-F
"2,5-Dimethoxybenzhydrazide-F",Mevalonolactone-F
"2,5-Dimethoxybenzhydrazide-F",Pinosylvin-F
"2,5-Dimethoxybenzhydrazide-F",Trimethylolpropane-F
"2,5-Dimethoxybenzhydrazide-F",Uracil-F
"2,5-Dimethoxybenzonitrile-F","2,5-Dimethoxyphenol-F"
"2,5-Dimethoxybenzonitrile-F","2',5'-Dimethoxypropiophenone-F"
"2,5-Dimethoxybenzonitrile-F",2-Methyl-3-pentanol-F
"2,5-Dimethoxybenzonitrile-F","3-(4,7-Dimethoxy-2H-1,3-benzodioxol-5-yl)-2-methylprop-2-enal-F"
"2,5-Dimethoxybenzonitrile-F",alpha-Hydroxyisobutyric acid-F
"2,5-Dimethoxybenzonitrile-F","Benzene, 1,4-dimethoxy-F"
"2,5-Dimethoxybenzonitrile-F",Cholesterol-F
"2,5-Dimethoxybenzonitrile-F","Cyclohexanone, 3,3,5-trimethyl-F"
"2,5-Dimethoxybenzonitrile-F",Cyclooctylamine-F
"2,5-Dimethoxybenzonitrile-F",Diethylamine-F
"2,5-Dimethoxybenzonitrile-F",Guanosine-F
"2,5-Dimethoxybenzonitrile-F","Hymexazole, tert-butyldimethylsilyl ether-F"
"2,5-Dimethoxybenzonitrile-F",Methylthiouracil-F
"2,5-Dimethoxybenzonitrile-F","N,N-Dimethyl-2-aminoethanol-F"
"2,5-Dimethoxybenzonitrile-F",Trimethylolpropane-F
"2,5-Dimethoxyphenol-F","2',5'-Dimethoxypropiophenone-F"
"2,5-Dimethoxyphenol-F","3-(4,7-Dimethoxy-2H-1,3-benzodioxol-5-yl)-2-methylprop-2-enal-F"
"2,5-Dimethoxyphenol-F","3,4-Methylenedioxyamphetamine-F"
"2,5-Dimethoxyphenol-F",3-Heptanol-F
"2,5-Dimethoxyphenol-F","6-Methoxy-1-methyl-1,2,3,4-tetrahydroisoquinolin-7-ol-F"
"2,5-Dimethoxyphenol-F",Benzyl alcohol-F
"2,5-Dimethoxyphenol-F",Cholesterol-F
"2,5-Dimethoxyphenol-F","Cyclohexanone, 3,3,5-trimethyl-F"
"2,5-Dimethoxyphenol-F",Cyclooctylamine-F
"2,5-Dimethoxyphenol-F",Diethylamine-F
"2,5-Dimethoxyphenol-F","Hymexazole, tert-butyldimethylsilyl ether-F"
"2,5-Dimethoxyphenol-F",Ketamine-F
"2,5-Dimethoxyphenol-F",Malic acid-F
"2,5-Dimethoxyphenol-F",Mevalonolactone-F
"2,5-Dimethoxyphenol-F","N,N-Dimethyl-2-aminoethanol-F"
"2,5-Dimethoxyphenol-F",Phenol-F
"2,5-Dimethoxyphenol-F",Trimethylolpropane-F
"2,5-Dimethoxyphenol-F",Uracil-F
"2',5'-Dimethoxypropiophenone-F",2-Amino-4-methylbenzophenone-F
"2',5'-Dimethoxypropiophenone-F","2-Cyclohexen-1-one, 3-methyl--F"
"2',5'-Dimethoxypropiophenone-F",2-Methyl-3-pentanol-F
"2',5'-Dimethoxypropiophenone-F","6-Methoxy-1-methyl-1,2,3,4-tetrahydroisoquinolin-7-ol-F"
"2',5'-Dimethoxypropiophenone-F",6-Methyluracil-F
"2',5'-Dimethoxypropiophenone-F",Aceturic acid-F
"2',5'-Dimethoxypropiophenone-F",Cholesterol-F
"2',5'-Dimethoxypropiophenone-F","Cyclohexanone, 3,3,5-trimethyl-F"
"2',5'-Dimethoxypropiophenone-F",Cyclooctylamine-F
"2',5'-Dimethoxypropiophenone-F",Diethylamine-F
"2',5'-Dimethoxypropiophenone-F",Durapan-F
"2',5'-Dimethoxypropiophenone-F","Erythrono-1,4-lactone-F"
"2',5'-Dimethoxypropiophenone-F",Guanosine-F
"2',5'-Dimethoxypropiophenone-F",Hydracrylic acid-F
"2',5'-Dimethoxypropiophenone-F","Hymexazole, tert-butyldimethylsilyl ether-F"
"2',5'-Dimethoxypropiophenone-F","Kojic acid, bis(tert-butyldimethylsilyl) ether-F"
"2',5'-Dimethoxypropiophenone-F",Malic acid-F
"2',5'-Dimethoxypropiophenone-F",Methanesulfonic acid-F
"2',5'-Dimethoxypropiophenone-F",Methylthiouracil-F
"2',5'-Dimethoxypropiophenone-F","N,N-Dimethyl-2-aminoethanol-F"
"2',5'-Dimethoxypropiophenone-F",Palmitic Acid-F
"2',5'-Dimethoxypropiophenone-F",Pinosylvin-F
"2',5'-Dimethoxypropiophenone-F",Trimethylolpropane-F
"2,6-di-tert-Butyl-4-(dimethylaminomethyl)phenol-F",2-Ethylhexanoic acid-F
"2,6-di-tert-Butyl-4-(dimethylaminomethyl)phenol-F","2-Methyl-1,3-butanediol-F"
"2,6-di-tert-Butyl-4-(dimethylaminomethyl)phenol-F",4-Aminobutanoic acid-F
"2,6-di-tert-Butyl-4-(dimethylaminomethyl)phenol-F",Biphenyl-F
"2,6-di-tert-Butyl-4-(dimethylaminomethyl)phenol-F",L-Lysine-F
"2-Allyl-1,4-dimethoxybenzene-F",2-Pyrrolidone-5-carboxylic acid-F
"2-Allyl-1,4-dimethoxybenzene-F",4-Oxohexanoic acid-F
"2-Allyl-1,4-dimethoxybenzene-F",8-Methylnonanoic acid-F
"2-Allyl-1,4-dimethoxybenzene-F",Butanedioic acid-F
"2-Allyl-1,4-dimethoxybenzene-F",Formamide-F
"2-Allyl-1,4-dimethoxybenzene-F",Glycolic acid-F
"2-Allyl-1,4-dimethoxybenzene-F",Heptanoic acid-F
"2-Allyl-1,4-dimethoxybenzene-F",Hexanoic acid-F
"2-Allyl-1,4-dimethoxybenzene-F","Phenol, 2,4-bis(1-methyl-1-phenylethyl)--F"
"2-Allyl-1,4-dimethoxybenzene-F",Picolinic acid-F
2-Amino-4-methylbenzophenone-F,2-Decanol-F
2-Amino-4-methylbenzophenone-F,"2-Methyl-1,3-butanediol-F"
2-Amino-4-methylbenzophenone-F,"3-(4,7-Dimethoxy-2H-1,3-benzodioxol-5-yl)-2-methylprop-2-enal-F"
2-Amino-4-methylbenzophenone-F,6-Methyluracil-F
2-Amino-4-methylbenzophenone-F,Benzyl alcohol-F
2-Amino-4-methylbenzophenone-F,Biphenyl-F
2-Amino-4-methylbenzophenone-F,Cyclooctylamine-F
2-Amino-4-methylbenzophenone-F,Formamide-F
2-Amino-4-methylbenzophenone-F,Heptylamine-F
2-Amino-4-methylbenzophenone-F,"Hymexazole, tert-butyldimethylsilyl ether-F"
2-Amino-4-methylbenzophenone-F,Isobutanol-F
2-Amino-4-methylbenzophenone-F,"Kojic acid, bis(tert-butyldimethylsilyl) ether-F"
2-Amino-4-methylbenzophenone-F,Malic acid-F
2-Amino-4-methylbenzophenone-F,Methylthiouracil-F
2-Amino-4-methylbenzophenone-F,Oleamide-F
2-Butenedioic acid-F,Cyclobutylamine-F
2-Butenedioic acid-F,L-Glutamic acid-F
2-Butenedioic acid-F,L-Valine-F
"2-Butenoic acid, 3-[(tert-butyldimethylsilyl)oxy]-F",2-Methyl-3-pentanol-F
"2-Butenoic acid, 3-[(tert-butyldimethylsilyl)oxy]-F",2-Naphthol-F
"2-Butenoic acid, 3-[(tert-butyldimethylsilyl)oxy]-F","6-Methoxy-1-methyl-1,2,3,4-tetrahydroisoquinolin-7-ol-F"
"2-Butenoic acid, 3-[(tert-butyldimethylsilyl)oxy]-F","Cyclopentaneacetic acid, 3-oxo-2-pentyl-, methyl ester-F"
"2-Butenoic acid, 3-[(tert-butyldimethylsilyl)oxy]-F",Diacetyl monoxime-F
"2-Butenoic acid, 3-[(tert-butyldimethylsilyl)oxy]-F",Durapan-F
"2-Butenoic acid, 3-[(tert-butyldimethylsilyl)oxy]-F",Heptylamine-F
"2-Butenoic acid, 3-[(tert-butyldimethylsilyl)oxy]-F",Hexacosanoic acid-F
"2-Butenoic acid, 3-[(tert-butyldimethylsilyl)oxy]-F",L-Tryptophan-F
"2-Butenoic acid, 3-[(tert-butyldimethylsilyl)oxy]-F",Methanesulfonic acid-F
"2-Butenoic acid, 3-[(tert-butyldimethylsilyl)oxy]-F",Methylthiouracil-F
"2-Butenoic acid, 3-[(tert-butyldimethylsilyl)oxy]-F",N-Acetylaminoethanol-F
"2-Butenoic acid, 3-[(tert-butyldimethylsilyl)oxy]-F",Picolinic acid-F
"2-Butenoic acid, 3-[(tert-butyldimethylsilyl)oxy]-F",Pinosylvin-F
"2-Butenoic acid, 3-[(tert-butyldimethylsilyl)oxy]-F",Stearic acid-F
"2-Butenoic acid, 3-[(tert-butyldimethylsilyl)oxy]-F",Triethyl citrate-F
"2-Butenoic acid, 3-[(tert-butyldimethylsilyl)oxy]-F",Trimethylolpropane-F
2-Butoxyethanol-F,2-Decanol-F
2-Butoxyethanol-F,2-Hydroxy-3-methylbutyric acid-F
2-Butoxyethanol-F,2-Methyl-3-pentanol-F
2-Butoxyethanol-F,2-Pentadecanone-F
2-Butoxyethanol-F,"3,4-Methylenedioxyamphetamine-F"
2-Butoxyethanol-F,"5-Nonanol, tert-butyldimethylsilyl ether-F"
2-Butoxyethanol-F,6-Oxoheptanoic acid-F
2-Butoxyethanol-F,8-Methylnonanoic acid-F
2-Butoxyethanol-F,Adenine-F
2-Butoxyethanol-F,"Benzenesulfonamide, N-butyl-F"
2-Butoxyethanol-F,Benzophenone-F
2-Butoxyethanol-F,Butachlor ESA-F
2-Butoxyethanol-F,"Dodecanoic acid, 1-methylethyl ester-F"
2-Butoxyethanol-F,"D-Streptamine, O-6-amino-6-deoxy-alpha-D-glucopyranosyl-(1-4)-O-(3-deoxy-4-C-methyl-3-(methylamino)-beta-L-arabinopyranosyl-(1-6))-2-deoxy--F"
2-Butoxyethanol-F,Frangulin-F
2-Butoxyethanol-F,Glycerol-F
2-Butoxyethanol-F,Hexacosanoic acid-F
2-Butoxyethanol-F,Iminodiacetic acid-F
2-Butoxyethanol-F,Isopropyl palmitate-F
2-Butoxyethanol-F,L-Alanine-F
2-Butoxyethanol-F,L-Glutamine-F
2-Butoxyethanol-F,"l-Norvaline, n-propargyloxycarbonyl-, isohexyl ester-F"
2-Butoxyethanol-F,L-Tyrosine-F
2-Butoxyethanol-F,L-Valine-F
2-Butoxyethanol-F,"Naringenin 4',7-dimethylether-F"
2-Butoxyethanol-F,N-Caffeoyl-O-methyltyramine-F
2-Butoxyethanol-F,Niacin-F
2-Butoxyethanol-F,Norketamine-F
2-Butoxyethanol-F,Pentanedioic acid-F
2-Butoxyethanol-F,Suberic acid-F
2-Butoxyethanol-F,Thymol-F
2-Butoxyethanol-F,Triethyl citrate-F
2-Butoxyethanol-F,Yangonin-F
"2-Cyclohexen-1-one, 3-methyl-6-(1-methylethyl)-F","5-Ethyl-1,3-dioxane-5-methanol, tert-butyldimethylsilyl ether-F"
"2-Cyclohexen-1-one, 3-methyl-6-(1-methylethyl)-F",Cyclobutylamine-F
"2-Cyclohexen-1-one, 3-methyl--F",2-Methyl-3-pentanol-F
"2-Cyclohexen-1-one, 3-methyl--F",2-Pyrrolidone-5-carboxylic acid-F
"2-Cyclohexen-1-one, 3-methyl--F",alpha-Hydroxyisobutyric acid-F
"2-Cyclohexen-1-one, 3-methyl--F",Butanedioic acid-F
"2-Cyclohexen-1-one, 3-methyl--F",Hydracrylic acid-F
"2-Cyclohexen-1-one, 3-methyl--F",N-Acetylaspartic acid-F
"2-Cyclohexen-1-one, 3-methyl--F",Trimethylolpropane-F
2-Decanol-F,"2'-Hydroxy-2,4,4',5-tetramethoxychalcone-F"
2-Decanol-F,"2-Methylcyclohexanol, (Z)-F"
2-Decanol-F,2-Naphthol-F
2-Decanol-F,2-Pentadecanone-F
2-Decanol-F,3-Buten-2-one-F
2-Decanol-F,"4-[2-(4,7-Dimethoxy-2H-1,3-benzodioxol-5-yl)ethenyl]-2-methoxyphenol-F"
2-Decanol-F,"5-Nonanol, tert-butyldimethylsilyl ether-F"
2-Decanol-F,"6,7,4'-Trihydroxyisoflavone-F"
2-Decanol-F,"6-Aminocaproic acid, N-(tert.-butyldimethylsilyl)-F"
2-Decanol-F,"6-Methoxy-1-methyl-1,2,3,4-tetrahydroisoquinolin-7-ol-F"
2-Decanol-F,6-Methyluracil-F
2-Decanol-F,6-Oxoheptanoic acid-F
2-Decanol-F,Adenine-F
2-Decanol-F,Azelaic acid-F
2-Decanol-F,"Benzenesulfonamide, N-butyl-F"
2-Decanol-F,Benzyl alcohol-F
2-Decanol-F,Biphenyl-F
2-Decanol-F,Butachlor ESA-F
2-Decanol-F,Curcumin-F
2-Decanol-F,"Cytosine, N-(tert-butyldimethylsilyl)--F"
2-Decanol-F,Diacetyl monoxime-F
2-Decanol-F,DL-Glyceraldehyde-F
2-Decanol-F,"Dodecanoic acid, 1-methylethyl ester-F"
2-Decanol-F,Durapan-F
2-Decanol-F,Glycine-F
2-Decanol-F,Heptylamine-F
2-Decanol-F,Hexacosanoic acid-F
2-Decanol-F,"Hymexazole, tert-butyldimethylsilyl ether-F"
2-Decanol-F,Isopropyl palmitate-F
2-Decanol-F,"Kojic acid, bis(tert-butyldimethylsilyl) ether-F"
2-Decanol-F,L-Alanine-F
2-Decanol-F,L-Glutamine-F
2-Decanol-F,Lignoceric acid-F
2-Decanol-F,L-Leucine-F
2-Decanol-F,"l-Norvaline, n-propargyloxycarbonyl-, isohexyl ester-F"
2-Decanol-F,L-Tryptophan-F
2-Decanol-F,Malic acid-F
2-Decanol-F,Methanesulfonic acid-F
2-Decanol-F,m-Toluic acid-F
2-Decanol-F,Niacin-F
2-Decanol-F,Norketamine-F
2-Decanol-F,Octanoic acid-F
2-Decanol-F,Propylene glycol-F
2-Decanol-F,Tetrahydro-solasodine triacetate-F
2-Decanol-F,Vanillylmandelic acid-F
2-Decanol-F,Xylazine-F
2-Decanol-F,Yangonin-F
2-Ethyl-1-butanol-F,5-Azacytosine-F
2-Ethyl-1-butanol-F,8-Methylnonanoic acid-F
2-Ethyl-1-butanol-F,Aniline-F
2-Ethyl-1-butanol-F,DL-Glyceraldehyde-F
2-Ethyl-1-butanol-F,DL-p-Hydroxyphenyllactic acid-F
2-Ethyl-1-butanol-F,Glycerol-F
2-Ethyl-1-butanol-F,Heptanoic acid-F
2-Ethyl-1-butanol-F,Hydracrylic acid-F
2-Ethyl-1-butanol-F,Lactic acid-F
2-Ethyl-1-butanol-F,L-Valine-F
2-Ethyl-1-butanol-F,Methyl lactate-F
2-Ethyl-1-butanol-F,"Propanoic acid, 3-[(tert-butyldimethylsilyl)oxy]-2-methyl--F"
2-Ethyl-1-butanol-F,Synephrine-F
2-Ethylhexanoic acid-F,4-Aminobutanoic acid-F
2-Ethylhexanoic acid-F,4-Methoxyphenol-F
2-Ethylhexanoic acid-F,Benzyl alcohol-F
2-Ethylhexanoic acid-F,Biphenyl-F
2-Ethylhexanoic acid-F,Butyric Acid-F
2-Ethylhexanoic acid-F,Hexanoic acid-F
2-Ethylhexanoic acid-F,Hypoxanthine-F
2-Ethylhexanoic acid-F,Isobutanol-F
2-Ethylhexanoic acid-F,Ketamine-F
2-Ethylhexanoic acid-F,Malic acid-F
2-Ethylhexanoic acid-F,N-Acetylaspartic acid-F
2-Ethylhexanoic acid-F,Pentanoic acid-F
2-Ethylhexanoic acid-F,Urea-F
2-Furoic acid-F,2-Hydroxy-3-methylbutyric acid-F
2-Furoic acid-F,"2-Methylcyclohexanol, (Z)-F"
2-Furoic acid-F,2-Naphthol-F
2-Furoic acid-F,"3,5-Dimethylphenol-F"
2-Furoic acid-F,3-Buten-2-one-F
2-Furoic acid-F,5-Hydroxy-7-methoxy-2-methyl-3-phenyl-4-chromenone-F
2-Furoic acid-F,Benzophenone-F
2-Furoic acid-F,Butachlor ESA-F
2-Furoic acid-F,DL-p-Hydroxyphenyllactic acid-F
2-Furoic acid-F,Heptanoic acid-F
2-Furoic acid-F,Isopropylamine-F
2-Furoic acid-F,Lignoceric acid-F
2-Furoic acid-F,"l-Norvaline, n-propargyloxycarbonyl-, isohexyl ester-F"
2-Furoic acid-F,N-Acetyl-L-alanine-F
2-Furoic acid-F,N-Methyl-1-[(trimethylsilyl)oxy]-1-{4-[(trimethylsilyl)oxy]phenyl}propan-2-amine-F
2-Furoic acid-F,Salsoline-F
2-Furoic acid-F,Stearic acid-F
2-Furoic acid-F,Suberic acid-F
2-Furoic acid-F,Vanillylmandelic acid-F
2-Hexanol-F,3-Aminobenzoic acid-F
2-Hexanol-F,Benzenepropanoic acid-F
2-Hexanol-F,Durapan-F
2-Hexanol-F,Methanesulfonic acid-F
2-Hexanol-F,Methylthiouracil-F
"2'-Hydroxy-2,4,4',5-tetramethoxychalcone-F",2-Hydroxy-3-methylbutyric acid-F
"2'-Hydroxy-2,4,4',5-tetramethoxychalcone-F",2-Naphthol-F
"2'-Hydroxy-2,4,4',5-tetramethoxychalcone-F",2-Pentadecanone-F
"2'-Hydroxy-2,4,4',5-tetramethoxychalcone-F",5-Azacytosine-F
"2'-Hydroxy-2,4,4',5-tetramethoxychalcone-F","6-Aminocaproic acid, N-(tert.-butyldimethylsilyl)-F"
"2'-Hydroxy-2,4,4',5-tetramethoxychalcone-F",Adenine-F
"2'-Hydroxy-2,4,4',5-tetramethoxychalcone-F",Benzophenone-F
"2'-Hydroxy-2,4,4',5-tetramethoxychalcone-F",Butachlor ESA-F
"2'-Hydroxy-2,4,4',5-tetramethoxychalcone-F",Curcumin-F
"2'-Hydroxy-2,4,4',5-tetramethoxychalcone-F","Cytosine, N-(tert-butyldimethylsilyl)--F"
"2'-Hydroxy-2,4,4',5-tetramethoxychalcone-F","Dodecanoic acid, 1-methylethyl ester-F"
"2'-Hydroxy-2,4,4',5-tetramethoxychalcone-F","D-Streptamine, O-6-amino-6-deoxy-alpha-D-glucopyranosyl-(1-4)-O-(3-deoxy-4-C-methyl-3-(methylamino)-beta-L-arabinopyranosyl-(1-6))-2-deoxy--F"
"2'-Hydroxy-2,4,4',5-tetramethoxychalcone-F",Frangulin-F
"2'-Hydroxy-2,4,4',5-tetramethoxychalcone-F",Glycerol-F
"2'-Hydroxy-2,4,4',5-tetramethoxychalcone-F",Glycine-F
"2'-Hydroxy-2,4,4',5-tetramethoxychalcone-F","Glycine, tert.-butyldimethylsilyl ester-F"
"2'-Hydroxy-2,4,4',5-tetramethoxychalcone-F",Hexacosanoic acid-F
"2'-Hydroxy-2,4,4',5-tetramethoxychalcone-F",Isopropyl palmitate-F
"2'-Hydroxy-2,4,4',5-tetramethoxychalcone-F",L-Glutamine-F
"2'-Hydroxy-2,4,4',5-tetramethoxychalcone-F",L-Leucine-F
"2'-Hydroxy-2,4,4',5-tetramethoxychalcone-F","l-Norvaline, n-propargyloxycarbonyl-, isohexyl ester-F"
"2'-Hydroxy-2,4,4',5-tetramethoxychalcone-F",L-Tryptophan-F
"2'-Hydroxy-2,4,4',5-tetramethoxychalcone-F",N-Caffeoyl-O-methyltyramine-F
"2'-Hydroxy-2,4,4',5-tetramethoxychalcone-F",N-Methyl-1-[(trimethylsilyl)oxy]-1-{4-[(trimethylsilyl)oxy]phenyl}propan-2-amine-F
"2'-Hydroxy-2,4,4',5-tetramethoxychalcone-F",Suberic acid-F
"2'-Hydroxy-2,4,4',5-tetramethoxychalcone-F",Tetrahydro-solasodine triacetate-F
"2'-Hydroxy-2,4,4',5-tetramethoxychalcone-F",Triethyl citrate-F
"2'-Hydroxy-2,4,4',5-tetramethoxychalcone-F",Vanillylmandelic acid-F
"2'-Hydroxy-2,4,4',5-tetramethoxychalcone-F",Yangonin-F
2-Hydroxy-3-methylbutyric acid-F,"2-Methyl-1,3-butanediol-F"
2-Hydroxy-3-methylbutyric acid-F,"2-Methylcyclohexanol, (Z)-F"
2-Hydroxy-3-methylbutyric acid-F,2-Pentadecanone-F
2-Hydroxy-3-methylbutyric acid-F,"3,5-Dimethylphenol-F"
2-Hydroxy-3-methylbutyric acid-F,3-Buten-2-one-F
2-Hydroxy-3-methylbutyric acid-F,4-Oxohexanoic acid-F
2-Hydroxy-3-methylbutyric acid-F,5-Azacytosine-F
2-Hydroxy-3-methylbutyric acid-F,"5-Nonanol, tert-butyldimethylsilyl ether-F"
2-Hydroxy-3-methylbutyric acid-F,8-Methylnonanoic acid-F
2-Hydroxy-3-methylbutyric acid-F,Adenine-F
2-Hydroxy-3-methylbutyric acid-F,alpha-Hydroxyisobutyric acid-F
2-Hydroxy-3-methylbutyric acid-F,"Benzenesulfonamide, N-butyl-F"
2-Hydroxy-3-methylbutyric acid-F,Benzophenone-F
2-Hydroxy-3-methylbutyric acid-F,Butachlor ESA-F
2-Hydroxy-3-methylbutyric acid-F,Citramalic acid-F
2-Hydroxy-3-methylbutyric acid-F,"Cytosine, N-(tert-butyldimethylsilyl)--F"
2-Hydroxy-3-methylbutyric acid-F,DL-p-Hydroxyphenyllactic acid-F
2-Hydroxy-3-methylbutyric acid-F,"Dodecanoic acid, 1-methylethyl ester-F"
2-Hydroxy-3-methylbutyric acid-F,"D-Streptamine, O-6-amino-6-deoxy-alpha-D-glucopyranosyl-(1-4)-O-(3-deoxy-4-C-methyl-3-(methylamino)-beta-L-arabinopyranosyl-(1-6))-2-deoxy--F"
2-Hydroxy-3-methylbutyric acid-F,Frangulin-F
2-Hydroxy-3-methylbutyric acid-F,"Glycine, tert.-butyldimethylsilyl ester-F"
2-Hydroxy-3-methylbutyric acid-F,Iminodiacetic acid-F
2-Hydroxy-3-methylbutyric acid-F,Isopropyl palmitate-F
2-Hydroxy-3-methylbutyric acid-F,L-Alanine-F
2-Hydroxy-3-methylbutyric acid-F,L-Glutamine-F
2-Hydroxy-3-methylbutyric acid-F,Lignoceric acid-F
2-Hydroxy-3-methylbutyric acid-F,L-Tryptophan-F
2-Hydroxy-3-methylbutyric acid-F,L-Tyrosine-F
2-Hydroxy-3-methylbutyric acid-F,L-Valine-F
2-Hydroxy-3-methylbutyric acid-F,Myristic acid-F
2-Hydroxy-3-methylbutyric acid-F,N-Caffeoyl-O-methyltyramine-F
2-Hydroxy-3-methylbutyric acid-F,N-Methyl-1-[(trimethylsilyl)oxy]-1-{4-[(trimethylsilyl)oxy]phenyl}propan-2-amine-F
2-Hydroxy-3-methylbutyric acid-F,Norketamine-F
2-Hydroxy-3-methylbutyric acid-F,Pentanedioic acid-F
2-Hydroxy-3-methylbutyric acid-F,Pipecolic acid-F
2-Hydroxy-3-methylbutyric acid-F,Suberic acid-F
2-Hydroxy-3-methylbutyric acid-F,Yangonin-F
"2-Methyl-1,3-butanediol-F","3,4-Methylenedioxyamphetamine-F"
"2-Methyl-1,3-butanediol-F",4-Aminobutanoic acid-F
"2-Methyl-1,3-butanediol-F",4-Oxohexanoic acid-F
"2-Methyl-1,3-butanediol-F",Biphenyl-F
"2-Methyl-1,3-butanediol-F","Glycine, tert.-butyldimethylsilyl ester-F"
"2-Methyl-1,3-butanediol-F",Niacinamide-F
"2-Methyl-1,3-butanediol-F",Uracil-F
"2-Methyl-1,3-butanediol-F",Vanillylmandelic acid-F
2-Methyl-3-pentanol-F,2-Pentadecanone-F
2-Methyl-3-pentanol-F,"5-Nonanol, tert-butyldimethylsilyl ether-F"
2-Methyl-3-pentanol-F,6-Oxoheptanoic acid-F
2-Methyl-3-pentanol-F,8-Methylnonanoic acid-F
2-Methyl-3-pentanol-F,Aniline-F
2-Methyl-3-pentanol-F,"Benzene, 1,4-dimethoxy-F"
2-Methyl-3-pentanol-F,"Benzenesulfonamide, N-butyl-F"
2-Methyl-3-pentanol-F,"Benzoic acid, methyl ester-F"
2-Methyl-3-pentanol-F,Citramalic acid-F
2-Methyl-3-pentanol-F,Cycloheptanol-F
2-Methyl-3-pentanol-F,"Cyclohexanone, 3,3,5-trimethyl-F"
2-Methyl-3-pentanol-F,Cyclooctylamine-F
2-Methyl-3-pentanol-F,"Cytosine, N-(tert-butyldimethylsilyl)--F"
2-Methyl-3-pentanol-F,Diethylamine-F
2-Methyl-3-pentanol-F,DL-p-Hydroxyphenyllactic acid-F
2-Methyl-3-pentanol-F,"Dodecanoic acid, 1-methylethyl ester-F"
2-Methyl-3-pentanol-F,"D-Streptamine, O-6-amino-6-deoxy-alpha-D-glucopyranosyl-(1-4)-O-(3-deoxy-4-C-methyl-3-(methylamino)-beta-L-arabinopyranosyl-(1-6))-2-deoxy--F"
2-Methyl-3-pentanol-F,Iminodiacetic acid-F
2-Methyl-3-pentanol-F,Isopropyl palmitate-F
2-Methyl-3-pentanol-F,L-Glutamine-F
2-Methyl-3-pentanol-F,N-Acetyl-L-alanine-F
2-Methyl-3-pentanol-F,"Naringenin 4',7-dimethylether-F"
2-Methyl-3-pentanol-F,N-Methyl-1-[(trimethylsilyl)oxy]-1-{4-[(trimethylsilyl)oxy]phenyl}propan-2-amine-F
2-Methyl-3-pentanol-F,N-Methylacetamide-F
2-Methyl-3-pentanol-F,Norketamine-F
2-Methyl-3-pentanol-F,Suberic acid-F
2-Methyl-3-pentanol-F,Triethyl citrate-F
2-Methyl-3-pentanol-F,Trimethylolpropane-F
"2-Methylcyclohexanol, (Z)-F","3,5-Dimethylphenol-F"
"2-Methylcyclohexanol, (Z)-F",3-Buten-2-one-F
"2-Methylcyclohexanol, (Z)-F","5-Nonanol, tert-butyldimethylsilyl ether-F"
"2-Methylcyclohexanol, (Z)-F","6,7,4'-Trihydroxyisoflavone-F"
"2-Methylcyclohexanol, (Z)-F",Adenine-F
"2-Methylcyclohexanol, (Z)-F",alpha-Hydroxyisobutyric acid-F
"2-Methylcyclohexanol, (Z)-F","Benzenesulfonamide, N-butyl-F"
"2-Methylcyclohexanol, (Z)-F",Butachlor ESA-F
"2-Methylcyclohexanol, (Z)-F",Diacetyl monoxime-F
"2-Methylcyclohexanol, (Z)-F",Hexacosanoic acid-F
"2-Methylcyclohexanol, (Z)-F",Lignoceric acid-F
"2-Methylcyclohexanol, (Z)-F","l-Norvaline, n-propargyloxycarbonyl-, isohexyl ester-F"
"2-Methylcyclohexanol, (Z)-F",Mevalonolactone-F
"2-Methylcyclohexanol, (Z)-F",Myristic acid-F
"2-Methylcyclohexanol, (Z)-F",N-Acetyl-L-alanine-F
"2-Methylcyclohexanol, (Z)-F",N-Caffeoyl-O-methyltyramine-F
"2-Methylcyclohexanol, (Z)-F",Niacin-F
"2-Methylcyclohexanol, (Z)-F",Octanoic acid-F
"2-Methylcyclohexanol, (Z)-F",Pipecolic acid-F
"2-Methylcyclohexanol, (Z)-F",Propylene glycol-F
"2-Methylcyclohexanol, (Z)-F",Stearic acid-F
"2-Methylcyclohexanol, (Z)-F",Suberic acid-F
"2-Methylcyclohexanol, (Z)-F",Supraene-F
"2-Methylcyclohexanol, (Z)-F",Triethyl citrate-F
"2-Methylcyclohexanol, (Z)-F",Vanillylmandelic acid-F
"2-Methylcyclohexylamine, tert.-butyldimethylsilyl ether-F",Glycerol-F
"2-Methylcyclohexylamine, tert.-butyldimethylsilyl ether-F",N-Ethylamphetamine-F
"2-Methylcyclohexylamine, tert.-butyldimethylsilyl ether-F","Propanoic acid, 3-[(tert-butyldimethylsilyl)oxy]-2-methyl--F"
"2-Methylcyclohexylamine, tert.-butyldimethylsilyl ether-F",Triethyl citrate-F
2-Naphthol-F,2-Propyl-1-pentanol-F
2-Naphthol-F,3-Buten-2-one-F
2-Naphthol-F,"6-Aminocaproic acid, N-(tert.-butyldimethylsilyl)-F"
2-Naphthol-F,Adenine-F
2-Naphthol-F,Cycloheptanol-F
2-Naphthol-F,"Cytosine, N-(tert-butyldimethylsilyl)--F"
2-Naphthol-F,Diacetyl monoxime-F
2-Naphthol-F,Durapan-F
2-Naphthol-F,Heptylamine-F
2-Naphthol-F,Hexacosanoic acid-F
2-Naphthol-F,"l-Norvaline, n-propargyloxycarbonyl-, isohexyl ester-F"
2-Naphthol-F,L-Tryptophan-F
2-Naphthol-F,Methanesulfonic acid-F
2-Naphthol-F,N-Acetylaminoethanol-F
2-Naphthol-F,N-Caffeoyl-O-methyltyramine-F
2-Naphthol-F,N-Methyl-1-[(trimethylsilyl)oxy]-1-{4-[(trimethylsilyl)oxy]phenyl}propan-2-amine-F
2-Naphthol-F,Picolinic acid-F
2-Naphthol-F,Propylene glycol-F
2-Naphthol-F,Stearic acid-F
2-Naphthol-F,Tetrahydro-solasodine triacetate-F
2-Naphthol-F,Triethyl citrate-F
2-Pentadecanone-F,2-Propyl-1-pentanol-F
2-Pentadecanone-F,5-Azacytosine-F
2-Pentadecanone-F,"6-Aminocaproic acid, N-(tert.-butyldimethylsilyl)-F"
2-Pentadecanone-F,Adenine-F
2-Pentadecanone-F,Azelaic acid-F
2-Pentadecanone-F,Benzophenone-F
2-Pentadecanone-F,Butachlor ESA-F
2-Pentadecanone-F,Curcumin-F
2-Pentadecanone-F,"Cytosine, N-(tert-butyldimethylsilyl)--F"
2-Pentadecanone-F,"Dodecanoic acid, 1-methylethyl ester-F"
2-Pentadecanone-F,"D-Streptamine, O-6-amino-6-deoxy-alpha-D-glucopyranosyl-(1-4)-O-(3-deoxy-4-C-methyl-3-(methylamino)-beta-L-arabinopyranosyl-(1-6))-2-deoxy--F"
2-Pentadecanone-F,Frangulin-F
2-Pentadecanone-F,Glycerol-F
2-Pentadecanone-F,Glycine-F
2-Pentadecanone-F,Heptylamine-F
2-Pentadecanone-F,Hexacosanoic acid-F
2-Pentadecanone-F,Iminodiacetic acid-F
2-Pentadecanone-F,Isopropyl palmitate-F
2-Pentadecanone-F,L-Alanine-F
2-Pentadecanone-F,L-Glutamine-F
2-Pentadecanone-F,L-Leucine-F
2-Pentadecanone-F,L-Tryptophan-F
2-Pentadecanone-F,N-Caffeoyl-O-methyltyramine-F
2-Pentadecanone-F,Norketamine-F
2-Pentadecanone-F,"Propanoic acid, dimethyl(isopropyl)silyl ester-F"
2-Pentadecanone-F,Suberic acid-F
2-Pentadecanone-F,Tetrahydro-solasodine triacetate-F
2-Pentadecanone-F,Triethyl citrate-F
2-Pentadecanone-F,Vanillylmandelic acid-F
2-Pentadecanone-F,Yangonin-F
2-Propyl-1-pentanol-F,Adenine-F
2-Propyl-1-pentanol-F,"Benzenesulfonamide, N-butyl-F"
2-Propyl-1-pentanol-F,Curcumin-F
2-Propyl-1-pentanol-F,Cycloheptanol-F
2-Propyl-1-pentanol-F,Heptylamine-F
2-Propyl-1-pentanol-F,Hexacosanoic acid-F
2-Propyl-1-pentanol-F,Iminodiacetic acid-F
2-Propyl-1-pentanol-F,m-Toluic acid-F
2-Propyl-1-pentanol-F,Niacin-F
2-Propyl-1-pentanol-F,Niacinamide-F
2-Propyl-1-pentanol-F,N-Methyl-1-[(trimethylsilyl)oxy]-1-{4-[(trimethylsilyl)oxy]phenyl}propan-2-amine-F
2-Propyl-1-pentanol-F,Norketamine-F
2-Propyl-1-pentanol-F,Tetrahydro-solasodine triacetate-F
2-Propyl-1-pentanol-F,Triethyl citrate-F
2-Propyl-1-pentanol-F,Yangonin-F
2-Pyrrolidone-5-carboxylic acid-F,5-Oxohexanoic Acid-F
2-Pyrrolidone-5-carboxylic acid-F,Butanedioic acid-F
2-Pyrrolidone-5-carboxylic acid-F,Curcumin-F
2-Pyrrolidone-5-carboxylic acid-F,"Cyclopentaneacetic acid, 3-oxo-2-pentyl-, methyl ester-F"
2-Pyrrolidone-5-carboxylic acid-F,Glycolic acid-F
2-Pyrrolidone-5-carboxylic acid-F,Hexanoic acid-F
2-Pyrrolidone-5-carboxylic acid-F,Hydracrylic acid-F
2-Pyrrolidone-5-carboxylic acid-F,Oxalic acid-F
2-Pyrrolidone-5-carboxylic acid-F,"Phenol, 2,4-bis(1-methyl-1-phenylethyl)--F"
2-Pyrrolidone-5-carboxylic acid-F,Picolinic acid-F
"3-(4,7-Dimethoxy-2H-1,3-benzodioxol-5-yl)-2-methylprop-2-enal-F","6-Methoxy-1-methyl-1,2,3,4-tetrahydroisoquinolin-7-ol-F"
"3-(4,7-Dimethoxy-2H-1,3-benzodioxol-5-yl)-2-methylprop-2-enal-F",6-Methyluracil-F
"3-(4,7-Dimethoxy-2H-1,3-benzodioxol-5-yl)-2-methylprop-2-enal-F","Benzene, 1,4-dimethoxy-F"
"3-(4,7-Dimethoxy-2H-1,3-benzodioxol-5-yl)-2-methylprop-2-enal-F",Benzyl alcohol-F
"3-(4,7-Dimethoxy-2H-1,3-benzodioxol-5-yl)-2-methylprop-2-enal-F","Cyclohexanone, 3,3,5-trimethyl-F"
"3-(4,7-Dimethoxy-2H-1,3-benzodioxol-5-yl)-2-methylprop-2-enal-F",Cyclooctylamine-F
"3-(4,7-Dimethoxy-2H-1,3-benzodioxol-5-yl)-2-methylprop-2-enal-F",Diethylamine-F
"3-(4,7-Dimethoxy-2H-1,3-benzodioxol-5-yl)-2-methylprop-2-enal-F",Durapan-F
"3-(4,7-Dimethoxy-2H-1,3-benzodioxol-5-yl)-2-methylprop-2-enal-F","Hymexazole, tert-butyldimethylsilyl ether-F"
"3-(4,7-Dimethoxy-2H-1,3-benzodioxol-5-yl)-2-methylprop-2-enal-F",Ketamine-F
"3-(4,7-Dimethoxy-2H-1,3-benzodioxol-5-yl)-2-methylprop-2-enal-F",Malic acid-F
"3-(4,7-Dimethoxy-2H-1,3-benzodioxol-5-yl)-2-methylprop-2-enal-F",Methanesulfonic acid-F
"3-(4,7-Dimethoxy-2H-1,3-benzodioxol-5-yl)-2-methylprop-2-enal-F",Methylthiouracil-F
"3-(4,7-Dimethoxy-2H-1,3-benzodioxol-5-yl)-2-methylprop-2-enal-F",Mevalonolactone-F
"3-(4,7-Dimethoxy-2H-1,3-benzodioxol-5-yl)-2-methylprop-2-enal-F","N,N-Dimethyl-2-aminoethanol-F"
"3-(4,7-Dimethoxy-2H-1,3-benzodioxol-5-yl)-2-methylprop-2-enal-F",N-Acetylaminoethanol-F
"3-(4,7-Dimethoxy-2H-1,3-benzodioxol-5-yl)-2-methylprop-2-enal-F",Pinosylvin-F
"3-(4,7-Dimethoxy-2H-1,3-benzodioxol-5-yl)-2-methylprop-2-enal-F",Stearic acid-F
"3-(4,7-Dimethoxy-2H-1,3-benzodioxol-5-yl)-2-methylprop-2-enal-F",Trimethylolpropane-F
"3,4-Methylenedioxyamphetamine-F",3-Heptanol-F
"3,4-Methylenedioxyamphetamine-F","5-Nonanol, tert-butyldimethylsilyl ether-F"
"3,4-Methylenedioxyamphetamine-F",6-Oxoheptanoic acid-F
"3,4-Methylenedioxyamphetamine-F","Benzoic acid, 2-hydroxy-3-[(2-hydroxy-4-methoxy-6-propylbenzoyl)oxy]-4-methoxy-6-propyl-, methyl ester-F"
"3,4-Methylenedioxyamphetamine-F",Benzyl alcohol-F
"3,4-Methylenedioxyamphetamine-F","Hymexazole, tert-butyldimethylsilyl ether-F"
"3,4-Methylenedioxyamphetamine-F",Ketamine-F
"3,4-Methylenedioxyamphetamine-F",Malic acid-F
"3,4-Methylenedioxyamphetamine-F",Mevalonolactone-F
"3,4-Methylenedioxyamphetamine-F",Myristic acid-F
"3,4-Methylenedioxyamphetamine-F",Uracil-F
"3,5-Dimethylphenol-F",3-Buten-2-one-F
"3,5-Dimethylphenol-F",4-Oxohexanoic acid-F
"3,5-Dimethylphenol-F","5-Chlorovaleric acid, nonyl ester-F"
"3,5-Dimethylphenol-F",5-Hydroxy-7-methoxy-2-methyl-3-phenyl-4-chromenone-F
"3,5-Dimethylphenol-F","5-Nonanol, tert-butyldimethylsilyl ether-F"
"3,5-Dimethylphenol-F","6,7,4'-Trihydroxyisoflavone-F"
"3,5-Dimethylphenol-F",8-Methylnonanoic acid-F
"3,5-Dimethylphenol-F",Adenine-F
"3,5-Dimethylphenol-F",Aniline-F
"3,5-Dimethylphenol-F","Benzenesulfonamide, N-butyl-F"
"3,5-Dimethylphenol-F",Benzophenone-F
"3,5-Dimethylphenol-F",Butachlor ESA-F
"3,5-Dimethylphenol-F",Cycloheptanol-F
"3,5-Dimethylphenol-F",DL-p-Hydroxyphenyllactic acid-F
"3,5-Dimethylphenol-F",Dodecanoic acid-F
"3,5-Dimethylphenol-F",Heptanoic acid-F
"3,5-Dimethylphenol-F",Isopropylamine-F
"3,5-Dimethylphenol-F",Lignoceric acid-F
"3,5-Dimethylphenol-F","l-Norvaline, n-propargyloxycarbonyl-, isohexyl ester-F"
"3,5-Dimethylphenol-F",Mevalonolactone-F
"3,5-Dimethylphenol-F",Myristic acid-F
"3,5-Dimethylphenol-F",N-Acetyl-L-alanine-F
"3,5-Dimethylphenol-F",Niacin-F
"3,5-Dimethylphenol-F",Propylene glycol-F
"3,5-Dimethylphenol-F",Stearic acid-F
"3,5-Dimethylphenol-F",Suberic acid-F
"3,5-Dimethylphenol-F",Triethyl citrate-F
"3,5-Dimethylphenol-F",Vanillylmandelic acid-F
3-Amino-5-methylisoxazole-F,"Benzoic acid, methyl ester-F"
3-Amino-5-methylisoxazole-F,Heptylamine-F
3-Amino-5-methylisoxazole-F,"Kojic acid, bis(tert-butyldimethylsilyl) ether-F"
3-Amino-5-methylisoxazole-F,Leucylglycine-F
3-Amino-5-methylisoxazole-F,N-Ethylamphetamine-F
3-Amino-5-methylisoxazole-F,N-Ethyldiethanolamine-F
3-Amino-5-methylisoxazole-F,N-Methylacetamide-F
3-Aminobenzoic acid-F,"6-Methoxy-1-methyl-1,2,3,4-tetrahydroisoquinolin-7-ol-F"
3-Aminobenzoic acid-F,6-Methyluracil-F
3-Aminobenzoic acid-F,Adenine-F
3-Aminobenzoic acid-F,Cholesterol-F
3-Aminobenzoic acid-F,Durapan-F
3-Aminobenzoic acid-F,"Hymexazole, tert-butyldimethylsilyl ether-F"
3-Aminobenzoic acid-F,Hypoxanthine-F
3-Aminobenzoic acid-F,Isobutanol-F
3-Aminobenzoic acid-F,Ketamine-F
3-Aminobenzoic acid-F,"Kojic acid, bis(tert-butyldimethylsilyl) ether-F"
3-Aminobenzoic acid-F,Methanesulfonic acid-F
3-Aminobenzoic acid-F,Methylthiouracil-F
3-Aminobenzoic acid-F,Octacosanol-F
3-Aminobenzoic acid-F,"Oxymorphone, bis(trimethylsilyl) ether-F"
3-Aminobenzoic acid-F,Phenoxyethanol-F
3-Aminobenzoic acid-F,Pinosylvin-F
3-Aminobenzoic acid-F,Xylazine-F
3-Buten-2-one-F,"6,7,4'-Trihydroxyisoflavone-F"
3-Buten-2-one-F,Adenine-F
3-Buten-2-one-F,Aniline-F
3-Buten-2-one-F,Benzophenone-F
3-Buten-2-one-F,Butachlor ESA-F
3-Buten-2-one-F,Cycloheptanol-F
3-Buten-2-one-F,Diacetyl monoxime-F
3-Buten-2-one-F,DL-p-Hydroxyphenyllactic acid-F
3-Buten-2-one-F,Hexacosanoic acid-F
3-Buten-2-one-F,Isopropylamine-F
3-Buten-2-one-F,Lignoceric acid-F
3-Buten-2-one-F,"l-Norvaline, n-propargyloxycarbonyl-, isohexyl ester-F"
3-Buten-2-one-F,Myristic acid-F
3-Buten-2-one-F,N-Acetyl-L-alanine-F
3-Buten-2-one-F,N-Caffeoyl-O-methyltyramine-F
3-Buten-2-one-F,N-Methyl-1-[(trimethylsilyl)oxy]-1-{4-[(trimethylsilyl)oxy]phenyl}propan-2-amine-F
3-Buten-2-one-F,Octanoic acid-F
3-Buten-2-one-F,"Propanoic acid, dimethyl(isopropyl)silyl ester-F"
3-Buten-2-one-F,Propylene glycol-F
3-Buten-2-one-F,Stearic acid-F
3-Buten-2-one-F,Suberic acid-F
3-Buten-2-one-F,Triethyl citrate-F
3-Buten-2-one-F,Vanillylmandelic acid-F
3-Heptanol-F,"Benzoic acid, methyl ester-F"
"4-[2-(4,7-Dimethoxy-2H-1,3-benzodioxol-5-yl)ethenyl]-2-methoxyphenol-F","5-Chlorovaleric acid, nonyl ester-F"
"4-[2-(4,7-Dimethoxy-2H-1,3-benzodioxol-5-yl)ethenyl]-2-methoxyphenol-F","6-Methoxy-1-methyl-1,2,3,4-tetrahydroisoquinolin-7-ol-F"
"4-[2-(4,7-Dimethoxy-2H-1,3-benzodioxol-5-yl)ethenyl]-2-methoxyphenol-F",Benzyl alcohol-F
"4-[2-(4,7-Dimethoxy-2H-1,3-benzodioxol-5-yl)ethenyl]-2-methoxyphenol-F",Butyric Acid-F
"4-[2-(4,7-Dimethoxy-2H-1,3-benzodioxol-5-yl)ethenyl]-2-methoxyphenol-F",Diacetyl monoxime-F
"4-[2-(4,7-Dimethoxy-2H-1,3-benzodioxol-5-yl)ethenyl]-2-methoxyphenol-F",Formamide-F
"4-[2-(4,7-Dimethoxy-2H-1,3-benzodioxol-5-yl)ethenyl]-2-methoxyphenol-F",Heptylamine-F
"4-[2-(4,7-Dimethoxy-2H-1,3-benzodioxol-5-yl)ethenyl]-2-methoxyphenol-F",Isonicotinic Acid-F
"4-[2-(4,7-Dimethoxy-2H-1,3-benzodioxol-5-yl)ethenyl]-2-methoxyphenol-F",Levulinic acid-F
"4-[2-(4,7-Dimethoxy-2H-1,3-benzodioxol-5-yl)ethenyl]-2-methoxyphenol-F",m-Toluic acid-F
"4-[2-(4,7-Dimethoxy-2H-1,3-benzodioxol-5-yl)ethenyl]-2-methoxyphenol-F",Phenoxyethanol-F
4-Aminobutanoic acid-F,4-Methoxyphenol-F
4-Aminobutanoic acid-F,Biphenyl-F
4-Aminobutanoic acid-F,N-Acetylaspartic acid-F
4-Methoxyphenol-F,Benzenepropanoic acid-F
4-Methoxyphenol-F,Benzyl alcohol-F
4-Methoxyphenol-F,Biphenyl-F
4-Methoxyphenol-F,Hexanoic acid-F
4-Methoxyphenol-F,N-Acetylaspartic acid-F
4-Methoxyphenol-F,Palmitic Acid-F
4-Methylvaleric acid-F,Acetic acid-F
4-Methylvaleric acid-F,N-Ethyldiethanolamine-F
4-Oxohexanoic acid-F,"5-Nonanol, tert-butyldimethylsilyl ether-F"
4-Oxohexanoic acid-F,8-Methylnonanoic acid-F
4-Oxohexanoic acid-F,"Benzenesulfonamide, N-butyl-F"
4-Oxohexanoic acid-F,Butanedioic acid-F
4-Oxohexanoic acid-F,Citramalic acid-F
4-Oxohexanoic acid-F,DL-p-Hydroxyphenyllactic acid-F
4-Oxohexanoic acid-F,Glycolic acid-F
4-Oxohexanoic acid-F,Heptanoic acid-F
4-Oxohexanoic acid-F,Hexanoic acid-F
4-Oxohexanoic acid-F,L-Alanine-F
4-Oxohexanoic acid-F,N-Acetyl-L-alanine-F
4-Oxohexanoic acid-F,Pentanedioic acid-F
4-Oxohexanoic acid-F,Suberic acid-F
5-Azacytosine-F,"Benzene, 1,4-dimethoxy-F"
5-Azacytosine-F,Butachlor ESA-F
5-Azacytosine-F,"Cytosine, N-(tert-butyldimethylsilyl)--F"
5-Azacytosine-F,Diethylamine-F
5-Azacytosine-F,"Dodecanoic acid, 1-methylethyl ester-F"
5-Azacytosine-F,"D-Streptamine, O-6-amino-6-deoxy-alpha-D-glucopyranosyl-(1-4)-O-(3-deoxy-4-C-methyl-3-(methylamino)-beta-L-arabinopyranosyl-(1-6))-2-deoxy--F"
5-Azacytosine-F,Frangulin-F
5-Azacytosine-F,Isopropyl palmitate-F
5-Azacytosine-F,Lactic acid-F
5-Azacytosine-F,L-Glutamine-F
5-Azacytosine-F,N-Caffeoyl-O-methyltyramine-F
5-Azacytosine-F,N-Methyl-1-[(trimethylsilyl)oxy]-1-{4-[(trimethylsilyl)oxy]phenyl}propan-2-amine-F
5-Azacytosine-F,Trimethylolpropane-F
5-Azacytosine-F,Vanillylmandelic acid-F
5-Azacytosine-F,Yangonin-F
"5-Chlorovaleric acid, nonyl ester-F","6,7,4'-Trihydroxyisoflavone-F"
"5-Chlorovaleric acid, nonyl ester-F","6-Methoxy-1-methyl-1,2,3,4-tetrahydroisoquinolin-7-ol-F"
"5-Chlorovaleric acid, nonyl ester-F",Benzyl alcohol-F
"5-Chlorovaleric acid, nonyl ester-F",Butachlor ESA-F
"5-Chlorovaleric acid, nonyl ester-F",Butyric Acid-F
"5-Chlorovaleric acid, nonyl ester-F",Citramalic acid-F
"5-Chlorovaleric acid, nonyl ester-F",Cycloheptanol-F
"5-Chlorovaleric acid, nonyl ester-F",Diacetyl monoxime-F
"5-Chlorovaleric acid, nonyl ester-F",Dodecanoic acid-F
"5-Chlorovaleric acid, nonyl ester-F",Formamide-F
"5-Chlorovaleric acid, nonyl ester-F",Heptanoic acid-F
"5-Chlorovaleric acid, nonyl ester-F",Hexanoic acid-F
"5-Chlorovaleric acid, nonyl ester-F",Isonicotinic Acid-F
"5-Chlorovaleric acid, nonyl ester-F",Isopropylamine-F
"5-Chlorovaleric acid, nonyl ester-F",Levulinic acid-F
"5-Chlorovaleric acid, nonyl ester-F",m-Toluic acid-F
"5-Chlorovaleric acid, nonyl ester-F",Oxalic acid-F
"5-Ethyl-1,3-dioxane-5-methanol, tert-butyldimethylsilyl ether-F",Aconitic acid-F
"5-Ethyl-1,3-dioxane-5-methanol, tert-butyldimethylsilyl ether-F",Ketamine-F
5-Hydroxy-7-methoxy-2-methyl-3-phenyl-4-chromenone-F,Acetic acid-F
5-Hydroxy-7-methoxy-2-methyl-3-phenyl-4-chromenone-F,"Glycine, tert.-butyldimethylsilyl ester-F"
5-Hydroxy-7-methoxy-2-methyl-3-phenyl-4-chromenone-F,L-Alanine-F
"5-Nonanol, tert-butyldimethylsilyl ether-F","6,7,4'-Trihydroxyisoflavone-F"
"5-Nonanol, tert-butyldimethylsilyl ether-F",6-Oxoheptanoic acid-F
"5-Nonanol, tert-butyldimethylsilyl ether-F",8-Methylnonanoic acid-F
"5-Nonanol, tert-butyldimethylsilyl ether-F",Adenine-F
"5-Nonanol, tert-butyldimethylsilyl ether-F",alpha-Hydroxyisobutyric acid-F
"5-Nonanol, tert-butyldimethylsilyl ether-F","Benzenesulfonamide, N-butyl-F"
"5-Nonanol, tert-butyldimethylsilyl ether-F",Benzophenone-F
"5-Nonanol, tert-butyldimethylsilyl ether-F",Butachlor ESA-F
"5-Nonanol, tert-butyldimethylsilyl ether-F",DL-p-Hydroxyphenyllactic acid-F
"5-Nonanol, tert-butyldimethylsilyl ether-F",Heptanoic acid-F
"5-Nonanol, tert-butyldimethylsilyl ether-F",Hexacosanoic acid-F
"5-Nonanol, tert-butyldimethylsilyl ether-F",Iminodiacetic acid-F
"5-Nonanol, tert-butyldimethylsilyl ether-F",L-Alanine-F
"5-Nonanol, tert-butyldimethylsilyl ether-F",Lignoceric acid-F
"5-Nonanol, tert-butyldimethylsilyl ether-F","l-Norvaline, n-propargyloxycarbonyl-, isohexyl ester-F"
"5-Nonanol, tert-butyldimethylsilyl ether-F",Myristic acid-F
"5-Nonanol, tert-butyldimethylsilyl ether-F",N-Acetyl-L-alanine-F
"5-Nonanol, tert-butyldimethylsilyl ether-F",Niacin-F
"5-Nonanol, tert-butyldimethylsilyl ether-F",Norketamine-F
"5-Nonanol, tert-butyldimethylsilyl ether-F",Octanoic acid-F
"5-Nonanol, tert-butyldimethylsilyl ether-F",Pentanedioic acid-F
"5-Nonanol, tert-butyldimethylsilyl ether-F",Suberic acid-F
"5-Nonanol, tert-butyldimethylsilyl ether-F",Triethyl citrate-F
"5-Nonanol, tert-butyldimethylsilyl ether-F",Vanillylmandelic acid-F
5-Oxohexanoic Acid-F,Benzoic Acid-F
5-Oxohexanoic Acid-F,Benzophenone-F
5-Oxohexanoic Acid-F,"Cyclopentaneacetic acid, 3-oxo-2-pentyl-, methyl ester-F"
5-Oxohexanoic Acid-F,Glycerol-F
5-Oxohexanoic Acid-F,Glycolic acid-F
5-Oxohexanoic Acid-F,L-Lysine-F
5-Oxohexanoic Acid-F,"l-Norvaline, n-propargyloxycarbonyl-, isohexyl ester-F"
5-Oxohexanoic Acid-F,L-Threonine-F
"6,7,4'-Trihydroxyisoflavone-F","6-Methoxy-1-methyl-1,2,3,4-tetrahydroisoquinolin-7-ol-F"
"6,7,4'-Trihydroxyisoflavone-F",Adenine-F
"6,7,4'-Trihydroxyisoflavone-F",Aniline-F
"6,7,4'-Trihydroxyisoflavone-F","Benzenesulfonamide, N-butyl-F"
"6,7,4'-Trihydroxyisoflavone-F",Butachlor ESA-F
"6,7,4'-Trihydroxyisoflavone-F",Citramalic acid-F
"6,7,4'-Trihydroxyisoflavone-F",Cycloheptanol-F
"6,7,4'-Trihydroxyisoflavone-F",Diacetyl monoxime-F
"6,7,4'-Trihydroxyisoflavone-F",Heptylamine-F
"6,7,4'-Trihydroxyisoflavone-F",Hexacosanoic acid-F
"6,7,4'-Trihydroxyisoflavone-F","l-Norvaline, n-propargyloxycarbonyl-, isohexyl ester-F"
"6,7,4'-Trihydroxyisoflavone-F",N-Acetyl-L-alanine-F
"6,7,4'-Trihydroxyisoflavone-F",Niacin-F
"6,7,4'-Trihydroxyisoflavone-F","Propanoic acid, dimethyl(isopropyl)silyl ester-F"
"6,7,4'-Trihydroxyisoflavone-F",Propylene glycol-F
"6,7,4'-Trihydroxyisoflavone-F",Stearic acid-F
"6,7,4'-Trihydroxyisoflavone-F",Triethyl citrate-F
"6-Aminocaproic acid, N-(tert.-butyldimethylsilyl)-F",Adenine-F
"6-Aminocaproic acid, N-(tert.-butyldimethylsilyl)-F",Curcumin-F
"6-Aminocaproic acid, N-(tert.-butyldimethylsilyl)-F","Cytosine, N-(tert-butyldimethylsilyl)--F"
"6-Aminocaproic acid, N-(tert.-butyldimethylsilyl)-F","Dodecanoic acid, 1-methylethyl ester-F"
"6-Aminocaproic acid, N-(tert.-butyldimethylsilyl)-F","D-Streptamine, O-6-amino-6-deoxy-alpha-D-glucopyranosyl-(1-4)-O-(3-deoxy-4-C-methyl-3-(methylamino)-beta-L-arabinopyranosyl-(1-6))-2-deoxy--F"
"6-Aminocaproic acid, N-(tert.-butyldimethylsilyl)-F",Frangulin-F
"6-Aminocaproic acid, N-(tert.-butyldimethylsilyl)-F",Hexacosanoic acid-F
"6-Aminocaproic acid, N-(tert.-butyldimethylsilyl)-F",Isopropyl palmitate-F
"6-Aminocaproic acid, N-(tert.-butyldimethylsilyl)-F",L-Glutamine-F
"6-Aminocaproic acid, N-(tert.-butyldimethylsilyl)-F",L-Tryptophan-F
"6-Aminocaproic acid, N-(tert.-butyldimethylsilyl)-F","Naringenin 4',7-dimethylether-F"
"6-Aminocaproic acid, N-(tert.-butyldimethylsilyl)-F",N-Caffeoyl-O-methyltyramine-F
"6-Aminocaproic acid, N-(tert.-butyldimethylsilyl)-F",N-Methyl-1-[(trimethylsilyl)oxy]-1-{4-[(trimethylsilyl)oxy]phenyl}propan-2-amine-F
"6-Aminocaproic acid, N-(tert.-butyldimethylsilyl)-F","Propanoic acid, dimethyl(isopropyl)silyl ester-F"
"6-Aminocaproic acid, N-(tert.-butyldimethylsilyl)-F",Tetrahydro-solasodine triacetate-F
"6-Aminocaproic acid, N-(tert.-butyldimethylsilyl)-F",Vanillylmandelic acid-F
"6-Aminocaproic acid, N-(tert.-butyldimethylsilyl)-F",Yangonin-F
"6-Methoxy-1-methyl-1,2,3,4-tetrahydroisoquinolin-7-ol-F",Benzyl alcohol-F
"6-Methoxy-1-methyl-1,2,3,4-tetrahydroisoquinolin-7-ol-F",Butyric Acid-F
"6-Methoxy-1-methyl-1,2,3,4-tetrahydroisoquinolin-7-ol-F",Cyclooctylamine-F
"6-Methoxy-1-methyl-1,2,3,4-tetrahydroisoquinolin-7-ol-F",Durapan-F
"6-Methoxy-1-methyl-1,2,3,4-tetrahydroisoquinolin-7-ol-F",Heptylamine-F
"6-Methoxy-1-methyl-1,2,3,4-tetrahydroisoquinolin-7-ol-F","Hymexazole, tert-butyldimethylsilyl ether-F"
"6-Methoxy-1-methyl-1,2,3,4-tetrahydroisoquinolin-7-ol-F",L-Leucine-F
"6-Methoxy-1-methyl-1,2,3,4-tetrahydroisoquinolin-7-ol-F",Malic acid-F
"6-Methoxy-1-methyl-1,2,3,4-tetrahydroisoquinolin-7-ol-F",Mevalonolactone-F
"6-Methoxy-1-methyl-1,2,3,4-tetrahydroisoquinolin-7-ol-F",N-Acetylaminoethanol-F
"6-Methoxy-1-methyl-1,2,3,4-tetrahydroisoquinolin-7-ol-F",Pentanoic acid-F
"6-Methoxy-1-methyl-1,2,3,4-tetrahydroisoquinolin-7-ol-F",Phenoxyethanol-F
"6-Methoxy-1-methyl-1,2,3,4-tetrahydroisoquinolin-7-ol-F",Pinosylvin-F
6-Methyluracil-F,Aconitic acid-F
6-Methyluracil-F,Cholesterol-F
6-Methyluracil-F,Crotonic acid-F
6-Methyluracil-F,Cyclooctylamine-F
6-Methyluracil-F,Durapan-F
6-Methyluracil-F,Heptylamine-F
6-Methyluracil-F,"Hymexazole, tert-butyldimethylsilyl ether-F"
6-Methyluracil-F,Hypoxanthine-F
6-Methyluracil-F,Isobutanol-F
6-Methyluracil-F,Ketamine-F
6-Methyluracil-F,"Kojic acid, bis(tert-butyldimethylsilyl) ether-F"
6-Methyluracil-F,Malic acid-F
6-Methyluracil-F,Methanesulfonic acid-F
6-Methyluracil-F,Methylthiouracil-F
6-Methyluracil-F,Monocaproin-F
6-Methyluracil-F,Oleamide-F
6-Methyluracil-F,Phenoxyethanol-F
6-Methyluracil-F,Pinosylvin-F
6-Methyluracil-F,Uracil-F
6-Methyluracil-F,Xylazine-F
6-Oxoheptanoic acid-F,Adenine-F
6-Oxoheptanoic acid-F,Adipoyl-L-carnitine-F
6-Oxoheptanoic acid-F,"Benzenesulfonamide, N-butyl-F"
6-Oxoheptanoic acid-F,Glycerol-F
6-Oxoheptanoic acid-F,Isopropyl palmitate-F
6-Oxoheptanoic acid-F,L-Lysine-F
6-Oxoheptanoic acid-F,"l-Norvaline, n-propargyloxycarbonyl-, isohexyl ester-F"
6-Oxoheptanoic acid-F,Niacin-F
6-Oxoheptanoic acid-F,Norketamine-F
6-Oxoheptanoic acid-F,Octanoic acid-F
6-Oxoheptanoic acid-F,Phytanic acid-F
8-Methylnonanoic acid-F,Butanedioic acid-F
8-Methylnonanoic acid-F,Citramalic acid-F
8-Methylnonanoic acid-F,DL-p-Hydroxyphenyllactic acid-F
8-Methylnonanoic acid-F,Dodecanoic acid-F
8-Methylnonanoic acid-F,"Erythrono-1,4-lactone-F"
8-Methylnonanoic acid-F,Heptanoic acid-F
8-Methylnonanoic acid-F,Hexanoic acid-F
8-Methylnonanoic acid-F,Hydracrylic acid-F
8-Methylnonanoic acid-F,Iminodiacetic acid-F
8-Methylnonanoic acid-F,"L-Histidine, N,1-bis(tert-butyldimethylsilyl)--F"
8-Methylnonanoic acid-F,L-Tyrosine-F
8-Methylnonanoic acid-F,L-Valine-F
8-Methylnonanoic acid-F,Pentanedioic acid-F
8-Methylnonanoic acid-F,Pentanoic acid-F
8-Methylnonanoic acid-F,"Propanoic acid, 3-[(tert-butyldimethylsilyl)oxy]-2-methyl--F"
8-Methylnonanoic acid-F,Suberic acid-F
Acetic acid-F,"Glycine, tert.-butyldimethylsilyl ester-F"
Aceturic acid-F,Cyclooctylamine-F
Aconitic acid-F,Azelaic acid-F
Aconitic acid-F,"Kojic acid, bis(tert-butyldimethylsilyl) ether-F"
Adenine-F,Aniline-F
Adenine-F,"Benzenesulfonamide, N-butyl-F"
Adenine-F,Butachlor ESA-F
Adenine-F,Curcumin-F
Adenine-F,Cycloheptanol-F
Adenine-F,"Cytosine, N-(tert-butyldimethylsilyl)--F"
Adenine-F,Diacetyl monoxime-F
Adenine-F,DL-p-Hydroxyphenyllactic acid-F
Adenine-F,"Dodecanoic acid, 1-methylethyl ester-F"
Adenine-F,"D-Streptamine, O-6-amino-6-deoxy-alpha-D-glucopyranosyl-(1-4)-O-(3-deoxy-4-C-methyl-3-(methylamino)-beta-L-arabinopyranosyl-(1-6))-2-deoxy--F"
Adenine-F,Frangulin-F
Adenine-F,Glycerol-F
Adenine-F,Heptylamine-F
Adenine-F,Hexacosanoic acid-F
Adenine-F,Isopropyl palmitate-F
Adenine-F,"Kojic acid, bis(tert-butyldimethylsilyl) ether-F"
Adenine-F,L-Alanine-F
Adenine-F,Leucylglycine-F
Adenine-F,L-Glutamine-F
Adenine-F,L-Leucine-F
Adenine-F,"l-Norvaline, n-propargyloxycarbonyl-, isohexyl ester-F"
Adenine-F,L-Tryptophan-F
Adenine-F,L-Tyrosine-F
Adenine-F,Malic acid-F
Adenine-F,Methanesulfonic acid-F
Adenine-F,N-Caffeoyl-O-methyltyramine-F
Adenine-F,N-Ethyldiethanolamine-F
Adenine-F,Niacin-F
Adenine-F,N-Methyl-1-[(trimethylsilyl)oxy]-1-{4-[(trimethylsilyl)oxy]phenyl}propan-2-amine-F
Adenine-F,Norketamine-F
Adenine-F,Phenoxyethanol-F
Adenine-F,Propylene glycol-F
Adenine-F,Tetrahydro-solasodine triacetate-F
Adenine-F,Thymol-F
Adenine-F,Triethyl citrate-F
Adenine-F,Vanillylmandelic acid-F
Adenine-F,Xylazine-F
Adenine-F,Yangonin-F
Adipoyl-L-carnitine-F,L-Leucine-F
Adipoyl-L-carnitine-F,L-Lysine-F
Adipoyl-L-carnitine-F,Methyl lactate-F
alpha-Hydroxyisobutyric acid-F,Azelaic acid-F
alpha-Hydroxyisobutyric acid-F,Diethylamine-F
alpha-Hydroxyisobutyric acid-F,"Dodecanoic acid, 1-methylethyl ester-F"
alpha-Hydroxyisobutyric acid-F,Iminodiacetic acid-F
alpha-Hydroxyisobutyric acid-F,L-Glutamine-F
alpha-Hydroxyisobutyric acid-F,Lignoceric acid-F
alpha-Hydroxyisobutyric acid-F,Myristic acid-F
alpha-Hydroxyisobutyric acid-F,N-Methyl-1-[(trimethylsilyl)oxy]-1-{4-[(trimethylsilyl)oxy]phenyl}propan-2-amine-F
alpha-Hydroxyisobutyric acid-F,Octanoic acid-F
alpha-Hydroxyisobutyric acid-F,Phenol-F
alpha-Hydroxyisobutyric acid-F,Pipecolic acid-F
alpha-Hydroxyisobutyric acid-F,Suberic acid-F
Allylescaline-F,Crotonic acid-F
Allylescaline-F,Monocaproin-F
Aniline-F,Cycloheptanol-F
Aniline-F,DL-p-Hydroxyphenyllactic acid-F
Aniline-F,Hexacosanoic acid-F
Aniline-F,L-Tyrosine-F
Aniline-F,N-Acetyl-L-alanine-F
Aniline-F,Phenoxyethanol-F
Aniline-F,"Propanoic acid, dimethyl(isopropyl)silyl ester-F"
Aniline-F,Propylene glycol-F
Aniline-F,Stearic acid-F
Aniline-F,Thymol-F
Aniline-F,Triethyl citrate-F
Azelaic acid-F,Curcumin-F
Azelaic acid-F,Iminodiacetic acid-F
Azelaic acid-F,L-Glutamine-F
Azelaic acid-F,N-Caffeoyl-O-methyltyramine-F
Azelaic acid-F,Niacin-F
Azelaic acid-F,Norketamine-F
Azelaic acid-F,"Propanoic acid, dimethyl(isopropyl)silyl ester-F"
Azelaic acid-F,Yangonin-F
"Benzaldehyde, 2,5-dimethoxy-F","Propanoic acid, 3-[(tert-butyldimethylsilyl)oxy]-2-methyl--F"
"Benzaldehyde, 2,5-dimethoxy-F",Stearic acid-F
"Benzene, 1,4-dimethoxy-F",Butachlor ESA-F
"Benzene, 1,4-dimethoxy-F","Cyclohexanone, 3,3,5-trimethyl-F"
"Benzene, 1,4-dimethoxy-F",Cyclooctylamine-F
"Benzene, 1,4-dimethoxy-F",Diethylamine-F
"Benzene, 1,4-dimethoxy-F","D-Streptamine, O-6-amino-6-deoxy-alpha-D-glucopyranosyl-(1-4)-O-(3-deoxy-4-C-methyl-3-(methylamino)-beta-L-arabinopyranosyl-(1-6))-2-deoxy--F"
"Benzene, 1,4-dimethoxy-F",Methyl lactate-F
"Benzene, 1,4-dimethoxy-F",N-Methyl-1-[(trimethylsilyl)oxy]-1-{4-[(trimethylsilyl)oxy]phenyl}propan-2-amine-F
"Benzene, 1,4-dimethoxy-F",Propanoic acid-F
"Benzene, 1,4-dimethoxy-F",Trimethylolpropane-F
"Benzenesulfonamide, N-butyl-F",Benzophenone-F
"Benzenesulfonamide, N-butyl-F",Butachlor ESA-F
"Benzenesulfonamide, N-butyl-F",Citramalic acid-F
"Benzenesulfonamide, N-butyl-F",DL-p-Hydroxyphenyllactic acid-F
"Benzenesulfonamide, N-butyl-F",Hexacosanoic acid-F
"Benzenesulfonamide, N-butyl-F",Iminodiacetic acid-F
"Benzenesulfonamide, N-butyl-F",L-Alanine-F
"Benzenesulfonamide, N-butyl-F",Lignoceric acid-F
"Benzenesulfonamide, N-butyl-F","l-Norvaline, n-propargyloxycarbonyl-, isohexyl ester-F"
"Benzenesulfonamide, N-butyl-F",Mevalonolactone-F
"Benzenesulfonamide, N-butyl-F",Myristic acid-F
"Benzenesulfonamide, N-butyl-F",N-Acetyl-L-alanine-F
"Benzenesulfonamide, N-butyl-F",N-Caffeoyl-O-methyltyramine-F
"Benzenesulfonamide, N-butyl-F",Niacin-F
"Benzenesulfonamide, N-butyl-F",Norketamine-F
"Benzenesulfonamide, N-butyl-F",Pentanedioic acid-F
"Benzenesulfonamide, N-butyl-F",Suberic acid-F
"Benzenesulfonamide, N-butyl-F",Triethyl citrate-F
"Benzenesulfonamide, N-butyl-F",Vanillylmandelic acid-F
"Benzoic acid, 2-hydroxy-3-[(2-hydroxy-4-methoxy-6-propylbenzoyl)oxy]-4-methoxy-6-propyl-, methyl ester-F",Lignoceric acid-F
"Benzoic acid, 2-hydroxy-3-[(2-hydroxy-4-methoxy-6-propylbenzoyl)oxy]-4-methoxy-6-propyl-, methyl ester-F",L-Threonine-F
"Benzoic acid, 2-hydroxy-3-[(2-hydroxy-4-methoxy-6-propylbenzoyl)oxy]-4-methoxy-6-propyl-, methyl ester-F",Mevalonolactone-F
"Benzoic acid, 2-hydroxy-3-[(2-hydroxy-4-methoxy-6-propylbenzoyl)oxy]-4-methoxy-6-propyl-, methyl ester-F",Propanoic acid-F
"Benzoic acid, 2-hydroxy-3-[(2-hydroxy-4-methoxy-6-propylbenzoyl)oxy]-4-methoxy-6-propyl-, methyl ester-F",Synephrine-F
"Benzoic acid, methyl ester-F",Mevalonolactone-F
"Benzoic acid, methyl ester-F",Niacinamide-F
Benzoic Acid-F,Glycolic acid-F
Benzoic Acid-F,L-Threonine-F
Benzoic Acid-F,Nonanoic acid-F
Benzophenone-F,Citramalic acid-F
Benzophenone-F,"Cytosine, N-(tert-butyldimethylsilyl)--F"
Benzophenone-F,"Dodecanoic acid, 1-methylethyl ester-F"
Benzophenone-F,"D-Streptamine, O-6-amino-6-deoxy-alpha-D-glucopyranosyl-(1-4)-O-(3-deoxy-4-C-methyl-3-(methylamino)-beta-L-arabinopyranosyl-(1-6))-2-deoxy--F"
Benzophenone-F,Frangulin-F
Benzophenone-F,Glycerol-F
Benzophenone-F,Hexacosanoic acid-F
Benzophenone-F,Iminodiacetic acid-F
Benzophenone-F,Isopropyl palmitate-F
Benzophenone-F,L-Alanine-F
Benzophenone-F,L-Glutamine-F
Benzophenone-F,L-Valine-F
Benzophenone-F,Myristic acid-F
Benzophenone-F,N-Acetyl-L-alanine-F
Benzophenone-F,N-Caffeoyl-O-methyltyramine-F
Benzophenone-F,Niacin-F
Benzophenone-F,Norketamine-F
Benzophenone-F,Pentanedioic acid-F
Benzophenone-F,Salsoline-F
Benzophenone-F,Suberic acid-F
Benzophenone-F,Triethyl citrate-F
Benzyl alcohol-F,Butyric Acid-F
Benzyl alcohol-F,Diacetyl monoxime-F
Benzyl alcohol-F,Dodecanoic acid-F
Benzyl alcohol-F,Formamide-F
Benzyl alcohol-F,Hexanoic acid-F
Benzyl alcohol-F,"Hymexazole, tert-butyldimethylsilyl ether-F"
Benzyl alcohol-F,Isonicotinic Acid-F
Benzyl alcohol-F,Ketamine-F
Benzyl alcohol-F,Levulinic acid-F
Benzyl alcohol-F,Lignoceric acid-F
Benzyl alcohol-F,Malic acid-F
Benzyl alcohol-F,Methylthiouracil-F
Benzyl alcohol-F,Pentanoic acid-F
Benzyl alcohol-F,Phenoxyethanol-F
Benzyl alcohol-F,Trimethylolpropane-F
Biphenyl-F,Malic acid-F
Butachlor ESA-F,Citramalic acid-F
Butachlor ESA-F,"Cytosine, N-(tert-butyldimethylsilyl)--F"
Butachlor ESA-F,Diacetyl monoxime-F
Butachlor ESA-F,Diethylamine-F
Butachlor ESA-F,DL-p-Hydroxyphenyllactic acid-F
Butachlor ESA-F,"Dodecanoic acid, 1-methylethyl ester-F"
Butachlor ESA-F,"D-Streptamine, O-6-amino-6-deoxy-alpha-D-glucopyranosyl-(1-4)-O-(3-deoxy-4-C-methyl-3-(methylamino)-beta-L-arabinopyranosyl-(1-6))-2-deoxy--F"
Butachlor ESA-F,Frangulin-F
Butachlor ESA-F,Glycine-F
Butachlor ESA-F,"Glycine, tert.-butyldimethylsilyl ester-F"
Butachlor ESA-F,Heptanoic acid-F
Butachlor ESA-F,Iminodiacetic acid-F
Butachlor ESA-F,Isopropyl palmitate-F
Butachlor ESA-F,Isopropylamine-F
Butachlor ESA-F,L-Alanine-F
Butachlor ESA-F,L-Glutamine-F
Butachlor ESA-F,L-Leucine-F
Butachlor ESA-F,L-Tryptophan-F
Butachlor ESA-F,Niacin-F
Butachlor ESA-F,N-Methyl-1-[(trimethylsilyl)oxy]-1-{4-[(trimethylsilyl)oxy]phenyl}propan-2-amine-F
Butachlor ESA-F,Norketamine-F
Butachlor ESA-F,Oxalic acid-F
Butachlor ESA-F,Pentanedioic acid-F
Butachlor ESA-F,Propylene glycol-F
Butachlor ESA-F,Suberic acid-F
Butachlor ESA-F,Vanillylmandelic acid-F
Butachlor ESA-F,Yangonin-F
Butanedioic acid-F,DL-p-Hydroxyphenyllactic acid-F
Butanedioic acid-F,"Erythrono-1,4-lactone-F"
Butanedioic acid-F,Hydracrylic acid-F
Butanedioic acid-F,Methylthiouracil-F
Butanedioic acid-F,"Naringenin 4',7-dimethylether-F"
Butanedioic acid-F,Suberic acid-F
Butylmethylamine-F,L-Threonine-F
Butylmethylamine-F,Myristic acid-F
Butylmethylamine-F,Pipecolic acid-F
Butyric Acid-F,Crotonic acid-F
Butyric Acid-F,Dodecanoic acid-F
Butyric Acid-F,Formamide-F
Butyric Acid-F,Hexanoic acid-F
Butyric Acid-F,Isobutanol-F
Butyric Acid-F,Isonicotinic Acid-F
Butyric Acid-F,Ketamine-F
Butyric Acid-F,Levulinic acid-F
Butyric Acid-F,Pentanoic acid-F
Butyric Acid-F,Phenoxyethanol-F
Butyric Acid-F,Urea-F
Cholesterol-F,Cyclooctylamine-F
Cholesterol-F,Durapan-F
Cholesterol-F,"Hymexazole, tert-butyldimethylsilyl ether-F"
Cholesterol-F,"Kojic acid, bis(tert-butyldimethylsilyl) ether-F"
Cholesterol-F,Malic acid-F
Cholesterol-F,Methanesulfonic acid-F
Cholesterol-F,Methylthiouracil-F
Cholesterol-F,"N,N-Dimethyl-2-aminoethanol-F"
Cholesterol-F,Phenol-F
Cholesterol-F,Phenoxyethanol-F
Cholesterol-F,Pinosylvin-F
Cholesterol-F,Uracil-F
Citramalic acid-F,DL-p-Hydroxyphenyllactic acid-F
Citramalic acid-F,Heptanoic acid-F
Citramalic acid-F,Levulinic acid-F
Citramalic acid-F,N-Acetyl-L-alanine-F
Citramalic acid-F,Niacin-F
Citramalic acid-F,Pentanedioic acid-F
Citramalic acid-F,"Propanoic acid, dimethyl(isopropyl)silyl ester-F"
Citramalic acid-F,Suberic acid-F
Citramalic acid-F,Vanillylmandelic acid-F
Crotonic acid-F,Dodecanoic acid-F
Crotonic acid-F,"Hymexazole, tert-butyldimethylsilyl ether-F"
Crotonic acid-F,"Kojic acid, bis(tert-butyldimethylsilyl) ether-F"
Crotonic acid-F,"L-Histidine, N,1-bis(tert-butyldimethylsilyl)--F"
Crotonic acid-F,Methylthiouracil-F
Crotonic acid-F,Pentanoic acid-F
Crotonic acid-F,Phenoxyethanol-F
Crotonic acid-F,Xylazine-F
Curcumin-F,"Cyclopentaneacetic acid, 3-oxo-2-pentyl-, methyl ester-F"
Curcumin-F,"Cytosine, N-(tert-butyldimethylsilyl)--F"
Curcumin-F,"Dodecanoic acid, 1-methylethyl ester-F"
Curcumin-F,Frangulin-F
Curcumin-F,Glycerol-F
Curcumin-F,Heptylamine-F
Curcumin-F,Hexacosanoic acid-F
Curcumin-F,Isopropyl palmitate-F
Curcumin-F,L-Glutamine-F
Curcumin-F,L-Tryptophan-F
Curcumin-F,N-Caffeoyl-O-methyltyramine-F
Curcumin-F,N-Methyl-1-[(trimethylsilyl)oxy]-1-{4-[(trimethylsilyl)oxy]phenyl}propan-2-amine-F
Curcumin-F,Picolinic acid-F
Curcumin-F,Tetrahydro-solasodine triacetate-F
Curcumin-F,Yangonin-F
Cyclobutylamine-F,Propanoic acid-F
Cycloheptanol-F,Diacetyl monoxime-F
Cycloheptanol-F,DL-p-Hydroxyphenyllactic acid-F
Cycloheptanol-F,Dodecanoic acid-F
Cycloheptanol-F,Heptylamine-F
Cycloheptanol-F,Hexacosanoic acid-F
Cycloheptanol-F,Levulinic acid-F
Cycloheptanol-F,m-Toluic acid-F
Cycloheptanol-F,N-Methyl-1-[(trimethylsilyl)oxy]-1-{4-[(trimethylsilyl)oxy]phenyl}propan-2-amine-F
Cycloheptanol-F,"Propanoic acid, dimethyl(isopropyl)silyl ester-F"
Cycloheptanol-F,Propylene glycol-F
Cycloheptanol-F,Stearic acid-F
Cycloheptanol-F,Triethyl citrate-F
"Cyclohexanone, 3,3,5-trimethyl-F",Cyclooctylamine-F
"Cyclohexanone, 3,3,5-trimethyl-F",Diethylamine-F
"Cyclohexanone, 3,3,5-trimethyl-F",Durapan-F
"Cyclohexanone, 3,3,5-trimethyl-F","Hymexazole, tert-butyldimethylsilyl ether-F"
"Cyclohexanone, 3,3,5-trimethyl-F",Ketamine-F
"Cyclohexanone, 3,3,5-trimethyl-F",L-Threonine-F
"Cyclohexanone, 3,3,5-trimethyl-F",Malic acid-F
"Cyclohexanone, 3,3,5-trimethyl-F",Methanesulfonic acid-F
"Cyclohexanone, 3,3,5-trimethyl-F",Methylthiouracil-F
"Cyclohexanone, 3,3,5-trimethyl-F",Pinosylvin-F
"Cyclohexanone, 3,3,5-trimethyl-F",Trimethylolpropane-F
Cyclooctylamine-F,Diethylamine-F
Cyclooctylamine-F,Durapan-F
Cyclooctylamine-F,Guanosine-F
Cyclooctylamine-F,"Hymexazole, tert-butyldimethylsilyl ether-F"
Cyclooctylamine-F,Ketamine-F
Cyclooctylamine-F,"Kojic acid, bis(tert-butyldimethylsilyl) ether-F"
Cyclooctylamine-F,Malic acid-F
Cyclooctylamine-F,Methanesulfonic acid-F
Cyclooctylamine-F,Methylthiouracil-F
Cyclooctylamine-F,"N,N-Dimethyl-2-aminoethanol-F"
Cyclooctylamine-F,Palmitic Acid-F
Cyclooctylamine-F,Pinosylvin-F
Cyclooctylamine-F,Thymol-F
Cyclooctylamine-F,Trimethylolpropane-F
Cyclooctylamine-F,Uracil-F
"Cyclopentaneacetic acid, 3-oxo-2-pentyl-, methyl ester-F",Frangulin-F
"Cyclopentaneacetic acid, 3-oxo-2-pentyl-, methyl ester-F","l-Norvaline, n-propargyloxycarbonyl-, isohexyl ester-F"
"Cyclopentaneacetic acid, 3-oxo-2-pentyl-, methyl ester-F",Picolinic acid-F
"Cytosine, N-(tert-butyldimethylsilyl)--F","Dodecanoic acid, 1-methylethyl ester-F"
"Cytosine, N-(tert-butyldimethylsilyl)--F","D-Streptamine, O-6-amino-6-deoxy-alpha-D-glucopyranosyl-(1-4)-O-(3-deoxy-4-C-methyl-3-(methylamino)-beta-L-arabinopyranosyl-(1-6))-2-deoxy--F"
"Cytosine, N-(tert-butyldimethylsilyl)--F",Frangulin-F
"Cytosine, N-(tert-butyldimethylsilyl)--F",Glycerol-F
"Cytosine, N-(tert-butyldimethylsilyl)--F",Hexacosanoic acid-F
"Cytosine, N-(tert-butyldimethylsilyl)--F",Isopropyl palmitate-F
"Cytosine, N-(tert-butyldimethylsilyl)--F",L-Glutamine-F
"Cytosine, N-(tert-butyldimethylsilyl)--F",L-Leucine-F
"Cytosine, N-(tert-butyldimethylsilyl)--F","l-Norvaline, n-propargyloxycarbonyl-, isohexyl ester-F"
"Cytosine, N-(tert-butyldimethylsilyl)--F",L-Tryptophan-F
"Cytosine, N-(tert-butyldimethylsilyl)--F",N-Caffeoyl-O-methyltyramine-F
"Cytosine, N-(tert-butyldimethylsilyl)--F",N-Methyl-1-[(trimethylsilyl)oxy]-1-{4-[(trimethylsilyl)oxy]phenyl}propan-2-amine-F
"Cytosine, N-(tert-butyldimethylsilyl)--F",Suberic acid-F
"Cytosine, N-(tert-butyldimethylsilyl)--F",Tetrahydro-solasodine triacetate-F
"Cytosine, N-(tert-butyldimethylsilyl)--F",Triethyl citrate-F
"Cytosine, N-(tert-butyldimethylsilyl)--F",Vanillylmandelic acid-F
"Cytosine, N-(tert-butyldimethylsilyl)--F",Yangonin-F
Diacetyl monoxime-F,Heptylamine-F
Diacetyl monoxime-F,Hexacosanoic acid-F
Diacetyl monoxime-F,Octanoic acid-F
Diacetyl monoxime-F,Phenoxyethanol-F
Diacetyl monoxime-F,"Propanoic acid, dimethyl(isopropyl)silyl ester-F"
Diacetyl monoxime-F,Propylene glycol-F
Diacetyl monoxime-F,Triethyl citrate-F
Diacetyl monoxime-F,Vanillylmandelic acid-F
Diethylamine-F,"D-Streptamine, O-6-amino-6-deoxy-alpha-D-glucopyranosyl-(1-4)-O-(3-deoxy-4-C-methyl-3-(methylamino)-beta-L-arabinopyranosyl-(1-6))-2-deoxy--F"
Diethylamine-F,"Hymexazole, tert-butyldimethylsilyl ether-F"
Diethylamine-F,L-Glutamine-F
Diethylamine-F,Methylthiouracil-F
Diethylamine-F,N-Caffeoyl-O-methyltyramine-F
Diethylamine-F,N-Methyl-1-[(trimethylsilyl)oxy]-1-{4-[(trimethylsilyl)oxy]phenyl}propan-2-amine-F
Diethylamine-F,Octacosanol-F
Diethylamine-F,Suberic acid-F
Diethylamine-F,Trimethylolpropane-F
DL-Glyceraldehyde-F,Mevalonolactone-F
DL-Glyceraldehyde-F,Niacin-F
DL-Glyceraldehyde-F,Norephedrine-F
DL-p-Hydroxyphenyllactic acid-F,Glycolic acid-F
DL-p-Hydroxyphenyllactic acid-F,Hydracrylic acid-F
DL-p-Hydroxyphenyllactic acid-F,Isopropylamine-F
DL-p-Hydroxyphenyllactic acid-F,L-Tyrosine-F
DL-p-Hydroxyphenyllactic acid-F,N-Acetyl-L-alanine-F
DL-p-Hydroxyphenyllactic acid-F,N-Caffeoyl-O-methyltyramine-F
DL-p-Hydroxyphenyllactic acid-F,Pentanedioic acid-F
DL-p-Hydroxyphenyllactic acid-F,Propylene glycol-F
DL-p-Hydroxyphenyllactic acid-F,Suberic acid-F
DL-p-Hydroxyphenyllactic acid-F,Triethyl citrate-F
"Dodecanoic acid, 1-methylethyl ester-F","D-Streptamine, O-6-amino-6-deoxy-alpha-D-glucopyranosyl-(1-4)-O-(3-deoxy-4-C-methyl-3-(methylamino)-beta-L-arabinopyranosyl-(1-6))-2-deoxy--F"
"Dodecanoic acid, 1-methylethyl ester-F",Frangulin-F
"Dodecanoic acid, 1-methylethyl ester-F",Glycerol-F
"Dodecanoic acid, 1-methylethyl ester-F",Glycine-F
"Dodecanoic acid, 1-methylethyl ester-F",Hexacosanoic acid-F
"Dodecanoic acid, 1-methylethyl ester-F",Iminodiacetic acid-F
"Dodecanoic acid, 1-methylethyl ester-F",Isopropyl palmitate-F
"Dodecanoic acid, 1-methylethyl ester-F",L-Glutamine-F
"Dodecanoic acid, 1-methylethyl ester-F",L-Leucine-F
"Dodecanoic acid, 1-methylethyl ester-F","l-Norvaline, n-propargyloxycarbonyl-, isohexyl ester-F"
"Dodecanoic acid, 1-methylethyl ester-F",L-Tryptophan-F
"Dodecanoic acid, 1-methylethyl ester-F",N-Caffeoyl-O-methyltyramine-F
"Dodecanoic acid, 1-methylethyl ester-F",N-Methyl-1-[(trimethylsilyl)oxy]-1-{4-[(trimethylsilyl)oxy]phenyl}propan-2-amine-F
"Dodecanoic acid, 1-methylethyl ester-F",Octanoic acid-F
"Dodecanoic acid, 1-methylethyl ester-F",Suberic acid-F
"Dodecanoic acid, 1-methylethyl ester-F",Tetrahydro-solasodine triacetate-F
"Dodecanoic acid, 1-methylethyl ester-F",Triethyl citrate-F
"Dodecanoic acid, 1-methylethyl ester-F",Vanillylmandelic acid-F
"Dodecanoic acid, 1-methylethyl ester-F",Yangonin-F
Dodecanoic acid-F,Hexanoic acid-F
Dodecanoic acid-F,Isonicotinic Acid-F
Dodecanoic acid-F,Ketamine-F
Dodecanoic acid-F,Levulinic acid-F
Dodecanoic acid-F,Malic acid-F
Dodecanoic acid-F,Myristic acid-F
Dodecanoic acid-F,Pentanedioic acid-F
Dodecanoic acid-F,Pentanoic acid-F
Dodecanoic acid-F,Phenoxyethanol-F
Dodecanoic acid-F,Stearic acid-F
Dodecanoic acid-F,Thymol-F
Dodecanoic acid-F,Uracil-F
"D-Streptamine, O-6-amino-6-deoxy-alpha-D-glucopyranosyl-(1-4)-O-(3-deoxy-4-C-methyl-3-(methylamino)-beta-L-arabinopyranosyl-(1-6))-2-deoxy--F",Frangulin-F
"D-Streptamine, O-6-amino-6-deoxy-alpha-D-glucopyranosyl-(1-4)-O-(3-deoxy-4-C-methyl-3-(methylamino)-beta-L-arabinopyranosyl-(1-6))-2-deoxy--F",Glycerol-F
"D-Streptamine, O-6-amino-6-deoxy-alpha-D-glucopyranosyl-(1-4)-O-(3-deoxy-4-C-methyl-3-(methylamino)-beta-L-arabinopyranosyl-(1-6))-2-deoxy--F",Hexacosanoic acid-F
"D-Streptamine, O-6-amino-6-deoxy-alpha-D-glucopyranosyl-(1-4)-O-(3-deoxy-4-C-methyl-3-(methylamino)-beta-L-arabinopyranosyl-(1-6))-2-deoxy--F",Iminodiacetic acid-F
"D-Streptamine, O-6-amino-6-deoxy-alpha-D-glucopyranosyl-(1-4)-O-(3-deoxy-4-C-methyl-3-(methylamino)-beta-L-arabinopyranosyl-(1-6))-2-deoxy--F",Isopropyl palmitate-F
"D-Streptamine, O-6-amino-6-deoxy-alpha-D-glucopyranosyl-(1-4)-O-(3-deoxy-4-C-methyl-3-(methylamino)-beta-L-arabinopyranosyl-(1-6))-2-deoxy--F",L-Glutamine-F
"D-Streptamine, O-6-amino-6-deoxy-alpha-D-glucopyranosyl-(1-4)-O-(3-deoxy-4-C-methyl-3-(methylamino)-beta-L-arabinopyranosyl-(1-6))-2-deoxy--F",L-Tryptophan-F
"D-Streptamine, O-6-amino-6-deoxy-alpha-D-glucopyranosyl-(1-4)-O-(3-deoxy-4-C-methyl-3-(methylamino)-beta-L-arabinopyranosyl-(1-6))-2-deoxy--F",N-Caffeoyl-O-methyltyramine-F
"D-Streptamine, O-6-amino-6-deoxy-alpha-D-glucopyranosyl-(1-4)-O-(3-deoxy-4-C-methyl-3-(methylamino)-beta-L-arabinopyranosyl-(1-6))-2-deoxy--F",N-Methyl-1-[(trimethylsilyl)oxy]-1-{4-[(trimethylsilyl)oxy]phenyl}propan-2-amine-F
"D-Streptamine, O-6-amino-6-deoxy-alpha-D-glucopyranosyl-(1-4)-O-(3-deoxy-4-C-methyl-3-(methylamino)-beta-L-arabinopyranosyl-(1-6))-2-deoxy--F","Propanoic acid, dimethyl(isopropyl)silyl ester-F"
"D-Streptamine, O-6-amino-6-deoxy-alpha-D-glucopyranosyl-(1-4)-O-(3-deoxy-4-C-methyl-3-(methylamino)-beta-L-arabinopyranosyl-(1-6))-2-deoxy--F",Suberic acid-F
"D-Streptamine, O-6-amino-6-deoxy-alpha-D-glucopyranosyl-(1-4)-O-(3-deoxy-4-C-methyl-3-(methylamino)-beta-L-arabinopyranosyl-(1-6))-2-deoxy--F",Triethyl citrate-F
"D-Streptamine, O-6-amino-6-deoxy-alpha-D-glucopyranosyl-(1-4)-O-(3-deoxy-4-C-methyl-3-(methylamino)-beta-L-arabinopyranosyl-(1-6))-2-deoxy--F",Yangonin-F
Durapan-F,"Erythrono-1,4-lactone-F"
Durapan-F,"Hymexazole, tert-butyldimethylsilyl ether-F"
Durapan-F,Isobutanol-F
Durapan-F,Ketamine-F
Durapan-F,"Kojic acid, bis(tert-butyldimethylsilyl) ether-F"
Durapan-F,"l-Norvaline, n-propargyloxycarbonyl-, isohexyl ester-F"
Durapan-F,L-Tryptophan-F
Durapan-F,Methanesulfonic acid-F
Durapan-F,Methylthiouracil-F
Durapan-F,N-Acetylaminoethanol-F
Durapan-F,"Oxymorphone, bis(trimethylsilyl) ether-F"
Durapan-F,Phenoxyethanol-F
Durapan-F,Pinosylvin-F
Durapan-F,Xylazine-F
"Erythrono-1,4-lactone-F",Hydracrylic acid-F
"Erythrono-1,4-lactone-F",Methanesulfonic acid-F
"Erythrono-1,4-lactone-F",Methylthiouracil-F
"Erythrono-1,4-lactone-F",Oleamide-F
"Erythrono-1,4-lactone-F",Oxalic acid-F
"Erythrono-1,4-lactone-F",Picolinic acid-F
"Erythrono-1,4-lactone-F",Pinosylvin-F
Ethanolamine-F,Octacosanol-F
Ethanolamine-F,"Phenol, 2,4-bis(1-methyl-1-phenylethyl)--F"
Formamide-F,Hexanoic acid-F
Formamide-F,Isonicotinic Acid-F
Formamide-F,L-Glutamic acid-F
Formamide-F,Lignoceric acid-F
Formamide-F,Oxalic acid-F
Formamide-F,"Phenol, 2,4-bis(1-methyl-1-phenylethyl)--F"
Formamide-F,Urea-F
Frangulin-F,Glycerol-F
Frangulin-F,Hexacosanoic acid-F
Frangulin-F,Iminodiacetic acid-F
Frangulin-F,Isopropyl palmitate-F
Frangulin-F,L-Glutamine-F
Frangulin-F,L-Leucine-F
Frangulin-F,"l-Norvaline, n-propargyloxycarbonyl-, isohexyl ester-F"
Frangulin-F,L-Tryptophan-F
Frangulin-F,N-Caffeoyl-O-methyltyramine-F
Frangulin-F,N-Methyl-1-[(trimethylsilyl)oxy]-1-{4-[(trimethylsilyl)oxy]phenyl}propan-2-amine-F
Frangulin-F,Suberic acid-F
Frangulin-F,Tetrahydro-solasodine triacetate-F
Frangulin-F,Yangonin-F
Glycerol-F,Hexacosanoic acid-F
Glycerol-F,Isopropyl palmitate-F
Glycerol-F,L-Alanine-F
Glycerol-F,L-Glutamine-F
Glycerol-F,"l-Norvaline, n-propargyloxycarbonyl-, isohexyl ester-F"
Glycerol-F,L-Tryptophan-F
Glycerol-F,Norketamine-F
Glycerol-F,Picolinic acid-F
Glycerol-F,Tetrahydro-solasodine triacetate-F
Glycerol-F,Triethyl citrate-F
Glycine-F,"Glycine, tert.-butyldimethylsilyl ester-F"
Glycine-F,L-Glutamine-F
Glycine-F,Octanoic acid-F
Glycine-F,Vanillylmandelic acid-F
"Glycine, tert.-butyldimethylsilyl ester-F",L-Glutamine-F
"Glycine, tert.-butyldimethylsilyl ester-F",Octanoic acid-F
"Glycine, tert.-butyldimethylsilyl ester-F",Suberic acid-F
"Glycine, tert.-butyldimethylsilyl ester-F",Vanillylmandelic acid-F
Glycolic acid-F,Heptanoic acid-F
Glycolic acid-F,Hexanoic acid-F
Glycolic acid-F,Hydracrylic acid-F
Glycolic acid-F,Isopropylamine-F
Glycolic acid-F,N-Ethylamphetamine-F
Glycolic acid-F,Nonanoic acid-F
Glycolic acid-F,Oxalic acid-F
Glycolic acid-F,"Phenol, 2,4-bis(1-methyl-1-phenylethyl)--F"
Glycolic acid-F,Picolinic acid-F
Guanosine-F,N-Acetyl-L-alanine-F
Guanosine-F,Propylene glycol-F
Heptanoic acid-F,Isopropylamine-F
Heptanoic acid-F,Nonanoic acid-F
Heptanoic acid-F,Oxalic acid-F
Heptanoic acid-F,Palmitic Acid-F
Heptanoic acid-F,Salsoline-F
Heptylamine-F,Hexacosanoic acid-F
Heptylamine-F,"Hymexazole, tert-butyldimethylsilyl ether-F"
Heptylamine-F,Isopropyl palmitate-F
Heptylamine-F,"Kojic acid, bis(tert-butyldimethylsilyl) ether-F"
Heptylamine-F,L-Alanine-F
Heptylamine-F,L-Leucine-F
Heptylamine-F,L-Tryptophan-F
Heptylamine-F,Methanesulfonic acid-F
Heptylamine-F,Niacin-F
Heptylamine-F,N-Methyl-1-[(trimethylsilyl)oxy]-1-{4-[(trimethylsilyl)oxy]phenyl}propan-2-amine-F
Heptylamine-F,Norketamine-F
Heptylamine-F,Phenoxyethanol-F
Heptylamine-F,Propylene glycol-F
Heptylamine-F,Tetrahydro-solasodine triacetate-F
Heptylamine-F,Thymol-F
Heptylamine-F,Yangonin-F
Hexacosanoic acid-F,Iminodiacetic acid-F
Hexacosanoic acid-F,Isopropyl palmitate-F
Hexacosanoic acid-F,L-Alanine-F
Hexacosanoic acid-F,L-Glutamine-F
Hexacosanoic acid-F,L-Tryptophan-F
Hexacosanoic acid-F,N-Caffeoyl-O-methyltyramine-F
Hexacosanoic acid-F,Niacin-F
Hexacosanoic acid-F,N-Methyl-1-[(trimethylsilyl)oxy]-1-{4-[(trimethylsilyl)oxy]phenyl}propan-2-amine-F
Hexacosanoic acid-F,Norketamine-F
Hexacosanoic acid-F,"Propanoic acid, dimethyl(isopropyl)silyl ester-F"
Hexacosanoic acid-F,Propylene glycol-F
Hexacosanoic acid-F,Stearic acid-F
Hexacosanoic acid-F,Tetrahydro-solasodine triacetate-F
Hexacosanoic acid-F,Thymol-F
Hexacosanoic acid-F,Triethyl citrate-F
Hexacosanoic acid-F,Yangonin-F
Hexanoic acid-F,Hypoxanthine-F
Hexanoic acid-F,Isonicotinic Acid-F
Hexanoic acid-F,Isopropylamine-F
Hexanoic acid-F,Levulinic acid-F
Hexanoic acid-F,Lignoceric acid-F
Hexanoic acid-F,Myristic acid-F
Hexanoic acid-F,N-Acetylaspartic acid-F
Hexanoic acid-F,Oxalic acid-F
Hexanoic acid-F,Pentanoic acid-F
Hexanoic acid-F,"Phenol, 2,4-bis(1-methyl-1-phenylethyl)--F"
Hexanoic acid-F,Picolinic acid-F
Hexanoic acid-F,Suberic acid-F
Hexanoic acid-F,Urea-F
Hydracrylic acid-F,Isopropylamine-F
"Hymexazole, tert-butyldimethylsilyl ether-F",Hypoxanthine-F
"Hymexazole, tert-butyldimethylsilyl ether-F",Isobutanol-F
"Hymexazole, tert-butyldimethylsilyl ether-F",Ketamine-F
"Hymexazole, tert-butyldimethylsilyl ether-F","Kojic acid, bis(tert-butyldimethylsilyl) ether-F"
"Hymexazole, tert-butyldimethylsilyl ether-F",Malic acid-F
"Hymexazole, tert-butyldimethylsilyl ether-F",Methanesulfonic acid-F
"Hymexazole, tert-butyldimethylsilyl ether-F",Methylthiouracil-F
"Hymexazole, tert-butyldimethylsilyl ether-F",Monocaproin-F
"Hymexazole, tert-butyldimethylsilyl ether-F","N,N-Dimethyl-2-aminoethanol-F"
"Hymexazole, tert-butyldimethylsilyl ether-F",Phenoxyethanol-F
"Hymexazole, tert-butyldimethylsilyl ether-F",Pinosylvin-F
"Hymexazole, tert-butyldimethylsilyl ether-F",Uracil-F
"Hymexazole, tert-butyldimethylsilyl ether-F",Xylazine-F
Hypoxanthine-F,Ketamine-F
Hypoxanthine-F,L-Valine-F
Hypoxanthine-F,Malic acid-F
Hypoxanthine-F,Pentanoic acid-F
Hypoxanthine-F,Pipecolic acid-F
Hypoxanthine-F,"Propanoic acid, 3-[(tert-butyldimethylsilyl)oxy]-2-methyl--F"
Hypoxanthine-F,Uracil-F
Hypoxanthine-F,Xylazine-F
Iminodiacetic acid-F,Isopropyl palmitate-F
Iminodiacetic acid-F,L-Alanine-F
Iminodiacetic acid-F,L-Glutamine-F
Iminodiacetic acid-F,N-Caffeoyl-O-methyltyramine-F
Iminodiacetic acid-F,Niacin-F
Iminodiacetic acid-F,Norketamine-F
Iminodiacetic acid-F,"Propanoic acid, dimethyl(isopropyl)silyl ester-F"
Iminodiacetic acid-F,Suberic acid-F
Iminodiacetic acid-F,Triethyl citrate-F
Iminodiacetic acid-F,Yangonin-F
Isobutanol-F,Ketamine-F
Isobutanol-F,"Kojic acid, bis(tert-butyldimethylsilyl) ether-F"
Isobutanol-F,Malic acid-F
Isobutanol-F,Methanesulfonic acid-F
Isobutanol-F,Methylthiouracil-F
Isobutanol-F,Norephedrine-F
Isobutanol-F,"Oxymorphone, bis(trimethylsilyl) ether-F"
Isobutanol-F,Phenoxyethanol-F
Isobutanol-F,Pinosylvin-F
Isonicotinic Acid-F,Levulinic acid-F
Isonicotinic Acid-F,Phenoxyethanol-F
Isopropyl palmitate-F,L-Alanine-F
Isopropyl palmitate-F,L-Glutamine-F
Isopropyl palmitate-F,L-Leucine-F
Isopropyl palmitate-F,"l-Norvaline, n-propargyloxycarbonyl-, isohexyl ester-F"
Isopropyl palmitate-F,L-Tryptophan-F
Isopropyl palmitate-F,N-Caffeoyl-O-methyltyramine-F
Isopropyl palmitate-F,Norketamine-F
Isopropyl palmitate-F,Suberic acid-F
Isopropyl palmitate-F,Tetrahydro-solasodine triacetate-F
Isopropyl palmitate-F,Triethyl citrate-F
Isopropyl palmitate-F,Vanillylmandelic acid-F
Isopropyl palmitate-F,Yangonin-F
Isopropylamine-F,Levulinic acid-F
Isopropylamine-F,m-Toluic acid-F
Isopropylamine-F,N-Acetyl-L-alanine-F
Isopropylamine-F,Oxalic acid-F
Isopropylamine-F,Salsoline-F
Isopropylamine-F,Suberic acid-F
Ketamine-F,"Kojic acid, bis(tert-butyldimethylsilyl) ether-F"
Ketamine-F,"l-Norvaline, n-propargyloxycarbonyl-, isohexyl ester-F"
Ketamine-F,Malic acid-F
Ketamine-F,Methanesulfonic acid-F
Ketamine-F,Methylthiouracil-F
Ketamine-F,Mevalonolactone-F
Ketamine-F,Pentanoic acid-F
Ketamine-F,Phenoxyethanol-F
Ketamine-F,Pinosylvin-F
Ketamine-F,Uracil-F
Ketamine-F,Xylazine-F
"Kojic acid, bis(tert-butyldimethylsilyl) ether-F",Malic acid-F
"Kojic acid, bis(tert-butyldimethylsilyl) ether-F",Methanesulfonic acid-F
"Kojic acid, bis(tert-butyldimethylsilyl) ether-F",Methylthiouracil-F
"Kojic acid, bis(tert-butyldimethylsilyl) ether-F",N-Ethyldiethanolamine-F
"Kojic acid, bis(tert-butyldimethylsilyl) ether-F",Phenoxyethanol-F
"Kojic acid, bis(tert-butyldimethylsilyl) ether-F",Pinosylvin-F
"Kojic acid, bis(tert-butyldimethylsilyl) ether-F",Vanillylmandelic acid-F
"Kojic acid, bis(tert-butyldimethylsilyl) ether-F",Xylazine-F
Lactic acid-F,Methyl lactate-F
L-Alanine-F,Mevalonolactone-F
L-Alanine-F,N-Caffeoyl-O-methyltyramine-F
L-Alanine-F,Niacin-F
L-Alanine-F,Norketamine-F
L-Alanine-F,Pentanedioic acid-F
L-Alanine-F,Suberic acid-F
L-Alanine-F,Triethyl citrate-F
L-Alanine-F,Vanillylmandelic acid-F
Leucylglycine-F,L-Tryptophan-F
Leucylglycine-F,N-Isobutyrylglycine-F
Leucylglycine-F,Xylazine-F
Leucylglycine-F,Yangonin-F
Levulinic acid-F,Lignoceric acid-F
Levulinic acid-F,m-Toluic acid-F
Levulinic acid-F,Myristic acid-F
Levulinic acid-F,Suberic acid-F
L-Glutamine-F,L-Leucine-F
L-Glutamine-F,L-Tryptophan-F
L-Glutamine-F,N-Caffeoyl-O-methyltyramine-F
L-Glutamine-F,N-Methyl-1-[(trimethylsilyl)oxy]-1-{4-[(trimethylsilyl)oxy]phenyl}propan-2-amine-F
L-Glutamine-F,Octanoic acid-F
L-Glutamine-F,Suberic acid-F
L-Glutamine-F,Tetrahydro-solasodine triacetate-F
L-Glutamine-F,Triethyl citrate-F
L-Glutamine-F,Yangonin-F
"L-Histidine, N,1-bis(tert-butyldimethylsilyl)--F",L-Threonine-F
"L-Histidine, N,1-bis(tert-butyldimethylsilyl)--F",Pentanoic acid-F
"L-Histidine, N,1-bis(tert-butyldimethylsilyl)--F",Picolinic acid-F
"L-Histidine, N,1-bis(tert-butyldimethylsilyl)--F",Propanoic acid-F
"L-Histidine, N,1-bis(tert-butyldimethylsilyl)--F",Trimethylolpropane-F
Lignoceric acid-F,"l-Norvaline, n-propargyloxycarbonyl-, isohexyl ester-F"
Lignoceric acid-F,Myristic acid-F
Lignoceric acid-F,Pipecolic acid-F
Lignoceric acid-F,Suberic acid-F
Lignoceric acid-F,Supraene-F
Lignoceric acid-F,Vanillylmandelic acid-F
L-Leucine-F,"l-Norvaline, n-propargyloxycarbonyl-, isohexyl ester-F"
L-Leucine-F,L-Tryptophan-F
L-Leucine-F,Octanoic acid-F
L-Leucine-F,Yangonin-F
L-Lysine-F,Methyl lactate-F
"l-Norvaline, n-propargyloxycarbonyl-, isohexyl ester-F",L-Tryptophan-F
"l-Norvaline, n-propargyloxycarbonyl-, isohexyl ester-F",Methanesulfonic acid-F
"l-Norvaline, n-propargyloxycarbonyl-, isohexyl ester-F",Mevalonolactone-F
"l-Norvaline, n-propargyloxycarbonyl-, isohexyl ester-F",Myristic acid-F
"l-Norvaline, n-propargyloxycarbonyl-, isohexyl ester-F",Norketamine-F
"l-Norvaline, n-propargyloxycarbonyl-, isohexyl ester-F",Picolinic acid-F
"l-Norvaline, n-propargyloxycarbonyl-, isohexyl ester-F",Propylene glycol-F
"l-Norvaline, n-propargyloxycarbonyl-, isohexyl ester-F",Xylazine-F
L-Threonine-F,N-Isobutyrylglycine-F
L-Tryptophan-F,Methanesulfonic acid-F
L-Tryptophan-F,N-Methyl-1-[(trimethylsilyl)oxy]-1-{4-[(trimethylsilyl)oxy]phenyl}propan-2-amine-F
L-Tryptophan-F,Pinosylvin-F
L-Tryptophan-F,Tetrahydro-solasodine triacetate-F
L-Tryptophan-F,Triethyl citrate-F
L-Tryptophan-F,Vanillylmandelic acid-F
L-Tryptophan-F,Yangonin-F
L-Tyrosine-F,L-Valine-F
L-Tyrosine-F,Myristic acid-F
L-Tyrosine-F,"Naringenin 4',7-dimethylether-F"
L-Tyrosine-F,N-Ethylamphetamine-F
L-Tyrosine-F,Pentanedioic acid-F
L-Tyrosine-F,Pipecolic acid-F
L-Tyrosine-F,"Propanoic acid, 3-[(tert-butyldimethylsilyl)oxy]-2-methyl--F"
L-Tyrosine-F,Suberic acid-F
L-Tyrosine-F,Thymol-F
L-Tyrosine-F,Xylazine-F
L-Valine-F,Myristic acid-F
L-Valine-F,Phenol-F
L-Valine-F,Pipecolic acid-F
L-Valine-F,"Propanoic acid, 3-[(tert-butyldimethylsilyl)oxy]-2-methyl--F"
L-Valine-F,"Propanoic acid, dimethyl(isopropyl)silyl ester-F"
L-Valine-F,Suberic acid-F
L-Valine-F,Uracil-F
L-Valine-F,Vanillylmandelic acid-F
Malic acid-F,Methanesulfonic acid-F
Malic acid-F,Methylthiouracil-F
Malic acid-F,Mevalonolactone-F
Malic acid-F,Pentanoic acid-F
Malic acid-F,Phenol-F
Malic acid-F,Phenoxyethanol-F
Malic acid-F,Thymol-F
Malic acid-F,Uracil-F
Malic acid-F,Xylazine-F
Methanesulfonic acid-F,Methylthiouracil-F
Methanesulfonic acid-F,"Oxymorphone, bis(trimethylsilyl) ether-F"
Methanesulfonic acid-F,Phenoxyethanol-F
Methanesulfonic acid-F,Pinosylvin-F
Methanesulfonic acid-F,Xylazine-F
Methyl lactate-F,Oleamide-F
Methyl lactate-F,Supraene-F
Methylthiouracil-F,N-Acetylaminoethanol-F
Methylthiouracil-F,Phenoxyethanol-F
Methylthiouracil-F,Pinosylvin-F
Methylthiouracil-F,Xylazine-F
Mevalonolactone-F,Triethyl citrate-F
Mevalonolactone-F,Uracil-F
Monocaproin-F,"N,N-Dimethyl-2-aminoethanol-F"
m-Toluic acid-F,N-Caffeoyl-O-methyltyramine-F
m-Toluic acid-F,Octanoic acid-F
Myristic acid-F,Octanoic acid-F
Myristic acid-F,Pentanedioic acid-F
Myristic acid-F,Pipecolic acid-F
Myristic acid-F,Suberic acid-F
Myristic acid-F,Supraene-F
Myristic acid-F,Vanillylmandelic acid-F
"N,N-Dimethyl-2-aminoethanol-F",Niacinamide-F
"N,N-Dimethyl-2-aminoethanol-F",Phenol-F
"N,N-Dimethyl-2-aminoethanol-F",Uracil-F
N-Acetylaminoethanol-F,Pinosylvin-F
N-Acetylaminoethanol-F,Stearic acid-F
N-Acetylaminoethanol-F,Triethyl citrate-F
N-Acetylaspartic acid-F,Pentanoic acid-F
N-Acetylaspartic acid-F,"Phenol, 2,4-bis(1-methyl-1-phenylethyl)--F"
N-Acetyl-L-alanine-F,"Naringenin 4',7-dimethylether-F"
N-Acetyl-L-alanine-F,Pentanedioic acid-F
N-Acetyl-L-alanine-F,Propylene glycol-F
N-Acetyl-L-alanine-F,Suberic acid-F
N-Acetyl-L-alanine-F,Triethyl citrate-F
"Naringenin 4',7-dimethylether-F",N-Caffeoyl-O-methyltyramine-F
"Naringenin 4',7-dimethylether-F",Pipecolic acid-F
"Naringenin 4',7-dimethylether-F",Trimethylolpropane-F
N-Caffeoyl-O-methyltyramine-F,Niacin-F
N-Caffeoyl-O-methyltyramine-F,N-Methyl-1-[(trimethylsilyl)oxy]-1-{4-[(trimethylsilyl)oxy]phenyl}propan-2-amine-F
N-Caffeoyl-O-methyltyramine-F,Norketamine-F
N-Caffeoyl-O-methyltyramine-F,Suberic acid-F
N-Caffeoyl-O-methyltyramine-F,Triethyl citrate-F
N-Caffeoyl-O-methyltyramine-F,Trimethylolpropane-F
N-Caffeoyl-O-methyltyramine-F,Yangonin-F
N-Ethylamphetamine-F,Pentanedioic acid-F
N-Ethylamphetamine-F,Suberic acid-F
N-Ethyldiethanolamine-F,Thymol-F
Niacin-F,Norketamine-F
Niacin-F,"Propanoic acid, dimethyl(isopropyl)silyl ester-F"
Niacin-F,Thymol-F
Niacin-F,Triethyl citrate-F
Niacin-F,Vanillylmandelic acid-F
Niacinamide-F,Phenol-F
N-Isobutyrylglycine-F,"Propanoic acid, 3-[(tert-butyldimethylsilyl)oxy]-2-methyl--F"
N-Isobutyrylglycine-F,Propanoic acid-F
N-Methyl-1-[(trimethylsilyl)oxy]-1-{4-[(trimethylsilyl)oxy]phenyl}propan-2-amine-F,Propylene glycol-F
N-Methyl-1-[(trimethylsilyl)oxy]-1-{4-[(trimethylsilyl)oxy]phenyl}propan-2-amine-F,Suberic acid-F
N-Methyl-1-[(trimethylsilyl)oxy]-1-{4-[(trimethylsilyl)oxy]phenyl}propan-2-amine-F,Tetrahydro-solasodine triacetate-F
N-Methyl-1-[(trimethylsilyl)oxy]-1-{4-[(trimethylsilyl)oxy]phenyl}propan-2-amine-F,Triethyl citrate-F
N-Methyl-1-[(trimethylsilyl)oxy]-1-{4-[(trimethylsilyl)oxy]phenyl}propan-2-amine-F,Yangonin-F
Nonanoic acid-F,Salsoline-F
Norephedrine-F,"Oxymorphone, bis(trimethylsilyl) ether-F"
Norketamine-F,Suberic acid-F
Norketamine-F,Triethyl citrate-F
Octacosanol-F,Phenoxyethanol-F
Octacosanol-F,Pinosylvin-F
Octanoic acid-F,Pipecolic acid-F
Octanoic acid-F,Propylene glycol-F
Octanoic acid-F,Suberic acid-F
"Oxymorphone, bis(trimethylsilyl) ether-F",Phenoxyethanol-F
"Oxymorphone, bis(trimethylsilyl) ether-F",Pinosylvin-F
"Oxymorphone, bis(trimethylsilyl) ether-F",Vanillylmandelic acid-F
Palmitic Acid-F,Thymol-F
Pentanedioic acid-F,Pipecolic acid-F
Pentanedioic acid-F,Suberic acid-F
Pentanoic acid-F,Phenoxyethanol-F
Pentanoic acid-F,Uracil-F
Pentanoic acid-F,Urea-F
Phenol-F,"Propanoic acid, 3-[(tert-butyldimethylsilyl)oxy]-2-methyl--F"
Phenol-F,Triethyl citrate-F
Phenol-F,Uracil-F
Phenoxyethanol-F,Pinosylvin-F
Phenoxyethanol-F,Uracil-F
Phenoxyethanol-F,Xylazine-F
Pinosylvin-F,Xylazine-F
Pipecolic acid-F,Suberic acid-F
Pipecolic acid-F,Supraene-F
"Propanoic acid, 3-[(tert-butyldimethylsilyl)oxy]-2-methyl--F",Uracil-F
"Propanoic acid, dimethyl(isopropyl)silyl ester-F",Propylene glycol-F
"Propanoic acid, dimethyl(isopropyl)silyl ester-F",Thymol-F
"Propanoic acid, dimethyl(isopropyl)silyl ester-F",Vanillylmandelic acid-F
Propanoic acid-F,Synephrine-F
Propylene glycol-F,Stearic acid-F
Propylene glycol-F,Triethyl citrate-F
Propylene glycol-F,Vanillylmandelic acid-F
Salsoline-F,Stearic acid-F
Stearic acid-F,Triethyl citrate-F
Tetrahydro-solasodine triacetate-F,Triethyl citrate-F
Tetrahydro-solasodine triacetate-F,Yangonin-F
Thymol-F,Uracil-F
Thymol-F,Vanillylmandelic acid-F
Uracil-F,Xylazine-F
Vanillylmandelic acid-F,Yangonin-F
