node1,node2
"(2S,3R)-3-[(4E,7E)-Nona-4,7-dienoyl]-N,N-bis(trimethylsilyl)oxirane-2-carboxamide ","1,2-Benzenedicarboxylic acid"
"(2S,3R)-3-[(4E,7E)-Nona-4,7-dienoyl]-N,N-bis(trimethylsilyl)oxirane-2-carboxamide ",4-Hydroxyphenyllactic acid
"(2S,3R)-3-[(4E,7E)-Nona-4,7-dienoyl]-N,N-bis(trimethylsilyl)oxirane-2-carboxamide ","6-Methoxy-1-methyl-1,2,3,4-tetrahydroisoquinolin-7-ol "
"(2S,3R)-3-[(4E,7E)-Nona-4,7-dienoyl]-N,N-bis(trimethylsilyl)oxirane-2-carboxamide ",Ethanolamine
"(2S,3R)-3-[(4E,7E)-Nona-4,7-dienoyl]-N,N-bis(trimethylsilyl)oxirane-2-carboxamide ",N-Valerylglycine
"1,2-Benzenedicarboxylic acid","Acetic acid, bis[(trimethylsilyl)oxyl]-"
"1,2-Benzenedicarboxylic acid","Benzenemethanamine, 2,3-dimethoxy-"
"1,2-Benzenedicarboxylic acid",Benzyl alcohol
"1,2-Benzenedicarboxylic acid",Boric acid
"1,2-Benzenedicarboxylic acid",Decanoic acid
"1,2-Benzenedicarboxylic acid",Lactic Acid
"2,5-di-tert-Butyl-1,4-benzoquinone",3-Amino-5-morpholinomethyl-2-oxazolidinone
"2,5-di-tert-Butyl-1,4-benzoquinone",Niacin
"2,5-di-tert-Butyl-1,4-benzoquinone",Palmitic Acid
3-Amino-5-morpholinomethyl-2-oxazolidinone,1-(4-Hydroxybenzylidene)acetone
3-Amino-5-morpholinomethyl-2-oxazolidinone,"1-Butanamine, N,N-diethyl-"
3-Amino-5-morpholinomethyl-2-oxazolidinone,1-Octanol
3-Amino-5-morpholinomethyl-2-oxazolidinone,"1,2-Butadiene, 1,1,4-triphenyl-3-trimethylsilyl-4-trimethylsilyloxy-"
3-Amino-5-morpholinomethyl-2-oxazolidinone,12-Oxooctadecanoate
3-Amino-5-morpholinomethyl-2-oxazolidinone,"2-(Decanoyloxy)propane-1,3-diyl dioctanoate"
3-Amino-5-morpholinomethyl-2-oxazolidinone,2-Ethyl-3-hydroxypropionic acid
3-Amino-5-morpholinomethyl-2-oxazolidinone,"2,5-Piperazinedione, 3-benzyl-6-isopropyl-"
3-Amino-5-morpholinomethyl-2-oxazolidinone,3-Hexenedinitrile
3-Amino-5-morpholinomethyl-2-oxazolidinone,3-Hydroxyisovaleric acid
3-Amino-5-morpholinomethyl-2-oxazolidinone,5-Henicosylresorcinol
3-Amino-5-morpholinomethyl-2-oxazolidinone,9-Octadecenoic acid
3-Amino-5-morpholinomethyl-2-oxazolidinone,"Acetamide, N,N-diethyl-"
3-Amino-5-morpholinomethyl-2-oxazolidinone,Azatadine
3-Amino-5-morpholinomethyl-2-oxazolidinone,"Butanal, 2,3,4-tris[(trimethylsilyl)oxy]-, O-methyloxime, [R-(R*,R*)]-"
3-Amino-5-morpholinomethyl-2-oxazolidinone,Dinoseb 
3-Amino-5-morpholinomethyl-2-oxazolidinone,Hydantoic acid
3-Amino-5-morpholinomethyl-2-oxazolidinone,Levulinic acid
3-Amino-5-morpholinomethyl-2-oxazolidinone,Myristic acid
3-Amino-5-morpholinomethyl-2-oxazolidinone,Phenoxyacetic acid
3-Amino-5-morpholinomethyl-2-oxazolidinone,L-Tyrosine
"3,4-Dihydrocoumarin, 4,4-dimethyl-6-dimethylamino-","7-Isoquinolinol, 1,2,3,4-tetrahydro-1-[(4-hydroxyphenyl)methyl]-6-methoxy-"
"3,4-Dihydrocoumarin, 4,4-dimethyl-6-dimethylamino-","Quinolin-4-one, 1-[2-(3,4-dimethoxyphenyl)ethyl]-octahydro-"
4-Hydroxyphenyllactic acid,12-Oxooctadecanoate
4-Hydroxyphenyllactic acid,L-Tyrosine
"6-Methoxy-1-methyl-1,2,3,4-tetrahydroisoquinolin-7-ol ","1,3,5-Benzetriol"
"6-Methoxy-1-methyl-1,2,3,4-tetrahydroisoquinolin-7-ol ",Cadaverine
"6-Methoxy-1-methyl-1,2,3,4-tetrahydroisoquinolin-7-ol ",Octocrylene
N-Valerylglycine,"Glycine, N-(1-oxobutyl)-"
N-Valerylglycine,N-Acetyltyrosine
"(7a-Isopropenyl-4,5-dimethyloctahydroinden-4-yl)methanol",(pm)-alpha-Tocopherol acetate
"(7a-Isopropenyl-4,5-dimethyloctahydroinden-4-yl)methanol","(R*,S*)-2,3-Dihydroxybutanoic acid"
"(7a-Isopropenyl-4,5-dimethyloctahydroinden-4-yl)methanol",1-Cyclopentylethanol
"(7a-Isopropenyl-4,5-dimethyloctahydroinden-4-yl)methanol",1-Deoxypentitol
"(7a-Isopropenyl-4,5-dimethyloctahydroinden-4-yl)methanol",1-Monoacetin
"(7a-Isopropenyl-4,5-dimethyloctahydroinden-4-yl)methanol",10-Heptadecenoic acid
"(7a-Isopropenyl-4,5-dimethyloctahydroinden-4-yl)methanol","2-(Decanoyloxy)propane-1,3-diyl dioctanoate"
"(7a-Isopropenyl-4,5-dimethyloctahydroinden-4-yl)methanol",2-Ethyl-3-hydroxypropionic acid
"(7a-Isopropenyl-4,5-dimethyloctahydroinden-4-yl)methanol","2-Hexenoic acid, 2-[(trimethylsilyl)oxy]-"
"(7a-Isopropenyl-4,5-dimethyloctahydroinden-4-yl)methanol",2-Hydroxy-2-methylbutyric acid
"(7a-Isopropenyl-4,5-dimethyloctahydroinden-4-yl)methanol",2-Methyl-4-pentenoic acid
"(7a-Isopropenyl-4,5-dimethyloctahydroinden-4-yl)methanol","2-Propanone, bis(1-methylethyl)hydrazone"
"(7a-Isopropenyl-4,5-dimethyloctahydroinden-4-yl)methanol","2,2,4-Trimethyl-1,3-pentanediol diisobutyrate"
"(7a-Isopropenyl-4,5-dimethyloctahydroinden-4-yl)methanol",3-Hexenedinitrile
"(7a-Isopropenyl-4,5-dimethyloctahydroinden-4-yl)methanol","3beta-TRIMETHYLSILOXY-5alpha,6alpha-EPOXYCHOLESTANE"
"(7a-Isopropenyl-4,5-dimethyloctahydroinden-4-yl)methanol","3beta,4beta-Bis(trimethylsiloxy)cholest-5-ene"
"(7a-Isopropenyl-4,5-dimethyloctahydroinden-4-yl)methanol",5-Hydroxyquinoline
"(7a-Isopropenyl-4,5-dimethyloctahydroinden-4-yl)methanol",Aceturic acid
"(7a-Isopropenyl-4,5-dimethyloctahydroinden-4-yl)methanol",alpha-Tocopherol
"(7a-Isopropenyl-4,5-dimethyloctahydroinden-4-yl)methanol","Benzimidazole, 5-trifluoromethyl-2-methyl-"
"(7a-Isopropenyl-4,5-dimethyloctahydroinden-4-yl)methanol","Benzoic acid, pentadecyl ester"
"(7a-Isopropenyl-4,5-dimethyloctahydroinden-4-yl)methanol",Benzophenone
"(7a-Isopropenyl-4,5-dimethyloctahydroinden-4-yl)methanol", 5-Hydroxyhexanoic acid
"(7a-Isopropenyl-4,5-dimethyloctahydroinden-4-yl)methanol","Butanoic acid, 2,4-bis[(trimethylsilyl)oxy]-"
"(7a-Isopropenyl-4,5-dimethyloctahydroinden-4-yl)methanol",Cyclohexanol
"(7a-Isopropenyl-4,5-dimethyloctahydroinden-4-yl)methanol","Cyclopentaneacetic acid, 3-oxo-2-pentyl-"
"(7a-Isopropenyl-4,5-dimethyloctahydroinden-4-yl)methanol",Diphenyl ether
"(7a-Isopropenyl-4,5-dimethyloctahydroinden-4-yl)methanol",DL-Glyceraldehyde
"(7a-Isopropenyl-4,5-dimethyloctahydroinden-4-yl)methanol",Glyoxime
"(7a-Isopropenyl-4,5-dimethyloctahydroinden-4-yl)methanol",Isofucosterol
"(7a-Isopropenyl-4,5-dimethyloctahydroinden-4-yl)methanol",Methyl aminoacetate
"(7a-Isopropenyl-4,5-dimethyloctahydroinden-4-yl)methanol",Niclosamide
"(7a-Isopropenyl-4,5-dimethyloctahydroinden-4-yl)methanol",Nonadecanoic acid
"(7a-Isopropenyl-4,5-dimethyloctahydroinden-4-yl)methanol",Nonanal
"(7a-Isopropenyl-4,5-dimethyloctahydroinden-4-yl)methanol","Pentanedioic acid, 3-methyl-3-[(trimethylsilyl)oxy]-"
"(7a-Isopropenyl-4,5-dimethyloctahydroinden-4-yl)methanol",Phloroglucinol
"(7a-Isopropenyl-4,5-dimethyloctahydroinden-4-yl)methanol",Tartronic acid
"(7a-Isopropenyl-4,5-dimethyloctahydroinden-4-yl)methanol","Thymine, 1,3-dimethyl-6-(trimethylsilyloxymethyl)-"
"(7a-Isopropenyl-4,5-dimethyloctahydroinden-4-yl)methanol",Triethanolamine
"(7a-Isopropenyl-4,5-dimethyloctahydroinden-4-yl)methanol","Trimethylsilyl (5-benzyl-3,6-dioxopiperazin-2-yl)acetate"
(pm)-alpha-Tocopherol acetate,"(R*,S*)-2,3-Dihydroxybutanoic acid"
(pm)-alpha-Tocopherol acetate,"1-(4-Methoxyphenyl)-4,6-dimethyl-2(1H)-pyrimidinone"
(pm)-alpha-Tocopherol acetate,1-Deoxypentitol
(pm)-alpha-Tocopherol acetate,"1,2,3,10,11,11a-Hexahydro-6,7,8-trimethoxy-3-oxo-5H-dibenzo(a,d)cycloheptene"
(pm)-alpha-Tocopherol acetate,"1,3,5-Benzetriol"
(pm)-alpha-Tocopherol acetate,"15-Oxo-11Z,13E-eicosadienoic acid"
(pm)-alpha-Tocopherol acetate,2-Acetyl-5-chloro-3-methylbenzo(b)thiophene
(pm)-alpha-Tocopherol acetate,"2-Allyl-1,4-dimethoxybenzene"
(pm)-alpha-Tocopherol acetate,2-Ethyl-3-hydroxypropionic acid
(pm)-alpha-Tocopherol acetate,2-Methyl-4-pentenoic acid
(pm)-alpha-Tocopherol acetate,2-Naphthol
(pm)-alpha-Tocopherol acetate,"2,2,4-Trimethyl-1,3-pentanediol diisobutyrate"
(pm)-alpha-Tocopherol acetate,"2,3,4-Trihydroxybutyric acid tetrakis"
(pm)-alpha-Tocopherol acetate,3-Hexenedinitrile
(pm)-alpha-Tocopherol acetate,3-Methyladenine
(pm)-alpha-Tocopherol acetate,"3beta,4beta-Bis(trimethylsiloxy)cholest-5-ene"
(pm)-alpha-Tocopherol acetate,5-Hydroxyquinoline
(pm)-alpha-Tocopherol acetate,5-Hydroxytryptophan
(pm)-alpha-Tocopherol acetate,"6,7,4'-Trihydroxyisoflavone"
(pm)-alpha-Tocopherol acetate,9-Octadecenoic acid
(pm)-alpha-Tocopherol acetate,Benzeneacetic acid
(pm)-alpha-Tocopherol acetate,"Benzimidazole, 5-trifluoromethyl-2-methyl-"
(pm)-alpha-Tocopherol acetate,"Benzoic acid, pentadecyl ester"
(pm)-alpha-Tocopherol acetate,Benzophenone
(pm)-alpha-Tocopherol acetate,"beta-D-Galactofuranose, 1,2,3,5,6-pentakis-O-(trimethylsilyl)-"
(pm)-alpha-Tocopherol acetate, 5-Hydroxyhexanoic acid
(pm)-alpha-Tocopherol acetate,"Butanoic acid, 2,4-bis[(trimethylsilyl)oxy]-"
(pm)-alpha-Tocopherol acetate,Cyclohexanol
(pm)-alpha-Tocopherol acetate,"Cyclopentaneacetic acid, 3-oxo-2-pentyl-"
(pm)-alpha-Tocopherol acetate,D-Fructose
(pm)-alpha-Tocopherol acetate,Dinoseb 
(pm)-alpha-Tocopherol acetate,Diphenyl ether
(pm)-alpha-Tocopherol acetate,DL-Glyceraldehyde
(pm)-alpha-Tocopherol acetate,"Dodecanoic acid, 1-methylethyl ester"
(pm)-alpha-Tocopherol acetate,"Erythrono-1,4-lactone, (Z)-"
(pm)-alpha-Tocopherol acetate,Glyoxime
(pm)-alpha-Tocopherol acetate,Hexanedioic acid
(pm)-alpha-Tocopherol acetate,Hydracrylic acid
(pm)-alpha-Tocopherol acetate,Isofucosterol
(pm)-alpha-Tocopherol acetate,Isopropyl palmitate
(pm)-alpha-Tocopherol acetate,Itaconic acid
(pm)-alpha-Tocopherol acetate,Methyl aminoacetate
(pm)-alpha-Tocopherol acetate,"N-(Trifluoroacetyl)-N,O,O'-tris(trimethylsilyl)normetanephrine"
(pm)-alpha-Tocopherol acetate,Nonanal
(pm)-alpha-Tocopherol acetate,p-Hydroxydiisopropylbenzene
(pm)-alpha-Tocopherol acetate,Pentadecanoic acid
(pm)-alpha-Tocopherol acetate,"Pentenoic acid, 4-[(trimethylsilyl)oxy]-"
(pm)-alpha-Tocopherol acetate,Pimelic acid
(pm)-alpha-Tocopherol acetate,"Propanetriol, 2-methyl-"
(pm)-alpha-Tocopherol acetate,"Stigmast-5-ene, 3beta-"
(pm)-alpha-Tocopherol acetate,Tartronic acid
(pm)-alpha-Tocopherol acetate,Triethanolamine
(pm)-alpha-Tocopherol acetate,L-Tyrosine
"(R*,S*)-2,3-Dihydroxybutanoic acid","1-Butanamine, N,N-diethyl-"
"(R*,S*)-2,3-Dihydroxybutanoic acid","1,2-Butadiene, 1,1,4-triphenyl-3-trimethylsilyl-4-trimethylsilyloxy-"
"(R*,S*)-2,3-Dihydroxybutanoic acid","3,4-dimethyl-5-(3,4-methylenedioxy)phenyloxazolidine"
"(R*,S*)-2,3-Dihydroxybutanoic acid","3beta-TRIMETHYLSILOXY-5alpha,6alpha-EPOXYCHOLESTANE"
"(R*,S*)-2,3-Dihydroxybutanoic acid",5-Hydroxyquinoline
"(R*,S*)-2,3-Dihydroxybutanoic acid",Acetoacetic acid
"(R*,S*)-2,3-Dihydroxybutanoic acid",Benzeneacetamide
"(R*,S*)-2,3-Dihydroxybutanoic acid","Benzoic acid, pentadecyl ester"
"(R*,S*)-2,3-Dihydroxybutanoic acid",Benzophenone
"(R*,S*)-2,3-Dihydroxybutanoic acid","Butanoic acid, 2,4-bis[(trimethylsilyl)oxy]-"
"(R*,S*)-2,3-Dihydroxybutanoic acid",Cyclohexanol
"(R*,S*)-2,3-Dihydroxybutanoic acid",Diphenyl ether
"(R*,S*)-2,3-Dihydroxybutanoic acid",DL-Glyceraldehyde
"(R*,S*)-2,3-Dihydroxybutanoic acid",Isofucosterol
"(R*,S*)-2,3-Dihydroxybutanoic acid",Nonadecanoic acid
"(R*,S*)-2,3-Dihydroxybutanoic acid",Phenoxyacetic acid
1-Cyclopentylethanol,1-Phenylethanol
1-Cyclopentylethanol,1-Tetradecanol
1-Cyclopentylethanol,"1,2-Butadiene, 1,1,4-triphenyl-3-trimethylsilyl-4-trimethylsilyloxy-"
1-Cyclopentylethanol,10-Heptadecenoic acid
1-Cyclopentylethanol,"2-(Decanoyloxy)propane-1,3-diyl dioctanoate"
1-Cyclopentylethanol,2-Methyl-4-pentenoic acid
1-Cyclopentylethanol,2-Naphthol
1-Cyclopentylethanol,"2-Propanone, bis(1-methylethyl)hydrazone"
1-Cyclopentylethanol,"2,2,4-Trimethyl-1,3-pentanediol diisobutyrate"
1-Cyclopentylethanol,3-Hydroxyisovaleric acid
1-Cyclopentylethanol,"3,5-Dimethylpyrazole"
1-Cyclopentylethanol,"Benzaldehyde, 2,5-dimethyl-"
1-Cyclopentylethanol,"Benzimidazole, 5-trifluoromethyl-2-methyl-"
1-Cyclopentylethanol,"Benzoic acid, pentadecyl ester"
1-Cyclopentylethanol,Benzophenone
1-Cyclopentylethanol,Cyclohexanol
1-Cyclopentylethanol,Dehydronorketamine
1-Cyclopentylethanol,Diphenyl ether
1-Cyclopentylethanol,Isofucosterol
1-Cyclopentylethanol,Metanephrine
1-Cyclopentylethanol,Neostigmine 
1-Cyclopentylethanol,Nonadecanoic acid
1-Cyclopentylethanol,Phenoxyacetic acid
1-Cyclopentylethanol,Phlorizin
1-Cyclopentylethanol,Phloroglucinol
1-Cyclopentylethanol,"Propanoic acid, 2-oxo-"
1-Cyclopentylethanol,S-Methyl-L-cysteine
1-Cyclopentylethanol,Salsoline
1-Cyclopentylethanol,"Stigmast-5-ene, 3beta-"
1-Cyclopentylethanol,L-Tyrosine
1-Deoxypentitol,1-Tetradecanol
1-Deoxypentitol,"2-(Decanoyloxy)propane-1,3-diyl dioctanoate"
1-Deoxypentitol,2-Acetyl-5-chloro-3-methylbenzo(b)thiophene
1-Deoxypentitol,"2-Hexenoic acid, 2-[(trimethylsilyl)oxy]-"
1-Deoxypentitol,2-Naphthol
1-Deoxypentitol,"3,5-Dimethylpyrazole"
1-Deoxypentitol,9-Octadecenoic acid
1-Deoxypentitol,"Benzaldehyde, 2,5-dimethyl-"
1-Deoxypentitol,"beta-d-Fructopyranose, 1-deoxy-1-(4-morpholinyl)-2,3,4,5-tetrakis-O-(trimethylsilyl)-"
1-Deoxypentitol,"beta-D-Galactofuranose, 1,2,3,5,6-pentakis-O-(trimethylsilyl)-"
1-Deoxypentitol,"Butanoic acid, 2,4-bis[(trimethylsilyl)oxy]-"
1-Deoxypentitol,"Cholest-22-ene-21-ol, 3,5-dehydro-6-methoxy-, pivalate"
1-Deoxypentitol,"Cyclopentaneacetic acid, 3-oxo-2-pentyl-"
1-Deoxypentitol,D-(-)-Citramalic acid
1-Deoxypentitol,"Furan, 2-pentyl-"
1-Deoxypentitol,L-Threitol
1-Deoxypentitol,Methyl-3-methoxy-5-methyl benzoate
1-Deoxypentitol,N-Isovaleroylglycine
1-Deoxypentitol,N-Methyl-N-(tetrahydro-2-furanylmethyl)-4-piperidinamine
1-Deoxypentitol,"Pentanedioic acid, 3-methyl-3-[(trimethylsilyl)oxy]-"
1-Deoxypentitol,S-Methyl-L-cysteine
1-Deoxypentitol,"Stigmast-5-ene, 3beta-"
1-Deoxypentitol,Tartronic acid
1-Deoxypentitol,Triethanolamine
1-Monoacetin,"1-Methyl-N,N-bis(trimethylsilyl)-4-[(trimethylsilyl)oxy]-1H-imidazol-2-amine"
1-Monoacetin,"1,2-Butadiene, 1,1,4-triphenyl-3-trimethylsilyl-4-trimethylsilyloxy-"
1-Monoacetin,10-Heptadecenoic acid
1-Monoacetin,"2-(Decanoyloxy)propane-1,3-diyl dioctanoate"
1-Monoacetin,2-Methyl-4-pentenoic acid
1-Monoacetin,2-Naphthol
1-Monoacetin,"2,2,4-Trimethyl-1,3-pentanediol diisobutyrate"
1-Monoacetin,3-Amino-2-piperidone
1-Monoacetin,"3-Cyclohexyl-L-alanine amide, N,N,N'N'-tetramethyl-"
1-Monoacetin,3-Methyladenine
1-Monoacetin,"3-Methylpiperazine-2,5-dione, (R)-"
1-Monoacetin,5-Hydroxytryptophan
1-Monoacetin,alpha-Tocopherol
1-Monoacetin,Benzophenone
1-Monoacetin,Cyclohexanol
1-Monoacetin,Dinoseb 
1-Monoacetin,Diphenyl ether
1-Monoacetin,Glycine
1-Monoacetin,Isofucosterol
1-Monoacetin,Methyl aminoacetate
1-Monoacetin,Neostigmine 
1-Monoacetin,Niclosamide
1-Monoacetin,Nonadecanoic acid
1-Monoacetin,Phloroglucinol
1-Monoacetin,Pimelic acid
1-Monoacetin,"Propanetriol, 2-methyl-"
1-Monoacetin,Salsoline
1-Monoacetin,"Stigmast-5-ene, 3beta-"
1-Monoacetin,"Trimethylsilyl (5-benzyl-3,6-dioxopiperazin-2-yl)acetate"
1-Monoacetin,L-Tyrosine
10-Heptadecenoic acid,"1-Methyl-N,N-bis(trimethylsilyl)-4-[(trimethylsilyl)oxy]-1H-imidazol-2-amine"
10-Heptadecenoic acid,1-Phenethylamine
10-Heptadecenoic acid,"1,1'-Biphenyl, 3,4-diethyl-"
10-Heptadecenoic acid,2-Methyl-4-pentenoic acid
10-Heptadecenoic acid,2-Naphthol
10-Heptadecenoic acid,3-Methyladenine
10-Heptadecenoic acid,"3-Methylpiperazine-2,5-dione, (R)-"
10-Heptadecenoic acid,3'-Hydroxyacetophenone
10-Heptadecenoic acid,"3beta,4beta-Bis(trimethylsiloxy)cholest-5-ene"
10-Heptadecenoic acid,"Benzaldehyde, 2,5-dimethyl-"
10-Heptadecenoic acid,"Benzimidazole, 5-trifluoromethyl-2-methyl-"
10-Heptadecenoic acid, 5-Hydroxyhexanoic acid
10-Heptadecenoic acid,Cyclohexanol
10-Heptadecenoic acid,D-Fructose
10-Heptadecenoic acid,"Ethanone, 1-(2,5-dimethoxyphenyl)-"
10-Heptadecenoic acid,Glyoxime
10-Heptadecenoic acid,Heptadecanoic acid
10-Heptadecenoic acid,"N-(Trifluoroacetyl)-N,O,O'-tris(trimethylsilyl)normetanephrine"
10-Heptadecenoic acid,Neostigmine 
10-Heptadecenoic acid,Niclosamide
10-Heptadecenoic acid,Nonadecanoic acid
10-Heptadecenoic acid,Nonanal
10-Heptadecenoic acid,p-Toluic acid
10-Heptadecenoic acid,Palmitelaidic acid
10-Heptadecenoic acid,Pimelic acid
10-Heptadecenoic acid,"Propanetriol, 2-methyl-"
10-Heptadecenoic acid,"Pyrimidine, 5-methyl-2,4-bis[(trimethylsilyl)oxy]-"
10-Heptadecenoic acid,Tartronic acid
10-Heptadecenoic acid,Triethanolamine
10-Heptadecenoic acid,"Trimethylsilyl (5-benzyl-3,6-dioxopiperazin-2-yl)acetate"
"2-(2,5-Dimethoxy-phenyl)-propionaldehyde",2-Hydroxy-5-methoxybenzaldehyde
"2-(2,5-Dimethoxy-phenyl)-propionaldehyde",3-Nonen-1-ol
"2-(2,5-Dimethoxy-phenyl)-propionaldehyde",4-Hydroxybutanoic acid
"2-(Decanoyloxy)propane-1,3-diyl dioctanoate","1-Decene, 8-methyl-"
"2-(Decanoyloxy)propane-1,3-diyl dioctanoate",1-Phenethylamine
"2-(Decanoyloxy)propane-1,3-diyl dioctanoate","15-Oxo-11Z,13E-eicosadienoic acid"
"2-(Decanoyloxy)propane-1,3-diyl dioctanoate",2-Acetyl-5-chloro-3-methylbenzo(b)thiophene
"2-(Decanoyloxy)propane-1,3-diyl dioctanoate","2-Allyl-1,4-dimethoxybenzene"
"2-(Decanoyloxy)propane-1,3-diyl dioctanoate",2-Methyl-4-pentenoic acid
"2-(Decanoyloxy)propane-1,3-diyl dioctanoate","3-Hydroxy-2,3-dihydromaltol"
"2-(Decanoyloxy)propane-1,3-diyl dioctanoate",3-Hydroxyisovaleric acid
"2-(Decanoyloxy)propane-1,3-diyl dioctanoate",3-Ureidopropionic acid
"2-(Decanoyloxy)propane-1,3-diyl dioctanoate","3,5-Dimethylpyrazole"
"2-(Decanoyloxy)propane-1,3-diyl dioctanoate",4-Cumylphenol
"2-(Decanoyloxy)propane-1,3-diyl dioctanoate",4-Hydroxybenzeneacetic acid
"2-(Decanoyloxy)propane-1,3-diyl dioctanoate",5-Henicosylresorcinol
"2-(Decanoyloxy)propane-1,3-diyl dioctanoate",9-Octadecenoic acid
"2-(Decanoyloxy)propane-1,3-diyl dioctanoate",Aceturic acid
"2-(Decanoyloxy)propane-1,3-diyl dioctanoate",Arachidonic acid
"2-(Decanoyloxy)propane-1,3-diyl dioctanoate",Azatadine
"2-(Decanoyloxy)propane-1,3-diyl dioctanoate","Butanoic acid, 2,4-bis[(trimethylsilyl)oxy]-"
"2-(Decanoyloxy)propane-1,3-diyl dioctanoate",cis-4-Trimethylsilyloxy-cyclohexyl(trimethylsilyl)carboxylate
"2-(Decanoyloxy)propane-1,3-diyl dioctanoate",Cyclohexanol
"2-(Decanoyloxy)propane-1,3-diyl dioctanoate","Cyclohexene, 3-butyl-3-methyl-1-trimethylsilyloxy-"
"2-(Decanoyloxy)propane-1,3-diyl dioctanoate",Glucopyranose
"2-(Decanoyloxy)propane-1,3-diyl dioctanoate",Hydantoic acid
"2-(Decanoyloxy)propane-1,3-diyl dioctanoate",L-Threitol
"2-(Decanoyloxy)propane-1,3-diyl dioctanoate",Metanephrine
"2-(Decanoyloxy)propane-1,3-diyl dioctanoate",Methyl-3-methoxy-5-methyl benzoate
"2-(Decanoyloxy)propane-1,3-diyl dioctanoate",Mirin
"2-(Decanoyloxy)propane-1,3-diyl dioctanoate",Neostigmine 
"2-(Decanoyloxy)propane-1,3-diyl dioctanoate",Nitrosothymol
"2-(Decanoyloxy)propane-1,3-diyl dioctanoate",Phenoxyacetic acid
"2-(Decanoyloxy)propane-1,3-diyl dioctanoate",Propylamine
"2-(Decanoyloxy)propane-1,3-diyl dioctanoate",S-Methyl-L-cysteine
2-Ethyl-3-hydroxypropionic acid,1-(4-Hydroxybenzylidene)acetone
2-Ethyl-3-hydroxypropionic acid,"1-Butanamine, N,N-diethyl-"
2-Ethyl-3-hydroxypropionic acid,1-Octanol
2-Ethyl-3-hydroxypropionic acid,"1-Octene, 2-methyl-"
2-Ethyl-3-hydroxypropionic acid,"1,2-Butadiene, 1,1,4-triphenyl-3-trimethylsilyl-4-trimethylsilyloxy-"
2-Ethyl-3-hydroxypropionic acid,12-Oxooctadecanoate
2-Ethyl-3-hydroxypropionic acid,"2-Hexenoic acid, 2-[(trimethylsilyl)oxy]-"
2-Ethyl-3-hydroxypropionic acid,2-Methyl-4-pentenoic acid
2-Ethyl-3-hydroxypropionic acid,"2,2,4-Trimethyl-1,3-pentanediol diisobutyrate"
2-Ethyl-3-hydroxypropionic acid,"2,5-Piperazinedione, 3-benzyl-6-isopropyl-"
2-Ethyl-3-hydroxypropionic acid,3-Hexenedinitrile
2-Ethyl-3-hydroxypropionic acid,3-Hydroxyisovaleric acid
2-Ethyl-3-hydroxypropionic acid,"3,5-Dimethylpyrazole"
2-Ethyl-3-hydroxypropionic acid,"3beta,4beta-Bis(trimethylsiloxy)cholest-5-ene"
2-Ethyl-3-hydroxypropionic acid,5-Henicosylresorcinol
2-Ethyl-3-hydroxypropionic acid,"Benzimidazole, 5-trifluoromethyl-2-methyl-"
2-Ethyl-3-hydroxypropionic acid,"Butanal, 2,3,4-tris[(trimethylsilyl)oxy]-, O-methyloxime, [R-(R*,R*)]-"
2-Ethyl-3-hydroxypropionic acid,Cyclohexanol
2-Ethyl-3-hydroxypropionic acid,Dinoseb 
2-Ethyl-3-hydroxypropionic acid,Diphenyl ether
2-Ethyl-3-hydroxypropionic acid,Hydantoic acid
2-Ethyl-3-hydroxypropionic acid,Isofucosterol
2-Ethyl-3-hydroxypropionic acid,Isopropyl palmitate
2-Ethyl-3-hydroxypropionic acid,Itaconic acid
2-Ethyl-3-hydroxypropionic acid,Levulinic acid
2-Ethyl-3-hydroxypropionic acid,Metanephrine
2-Ethyl-3-hydroxypropionic acid,"N,N-Diethyl-2-aminoethanol"
2-Ethyl-3-hydroxypropionic acid,Nonadecanoic acid
2-Ethyl-3-hydroxypropionic acid,Nonanal
2-Ethyl-3-hydroxypropionic acid,"Pentenoic acid, 4-[(trimethylsilyl)oxy]-"
2-Ethyl-3-hydroxypropionic acid,"Propanetriol, 2-methyl-"
2-Ethyl-3-hydroxypropionic acid,L-Tyrosine
"2-Hexenoic acid, 2-[(trimethylsilyl)oxy]-",1-(4-Hydroxybenzylidene)acetone
"2-Hexenoic acid, 2-[(trimethylsilyl)oxy]-","1,2-Butadiene, 1,1,4-triphenyl-3-trimethylsilyl-4-trimethylsilyloxy-"
"2-Hexenoic acid, 2-[(trimethylsilyl)oxy]-","2,2,4-Trimethyl-1,3-pentanediol diisobutyrate"
"2-Hexenoic acid, 2-[(trimethylsilyl)oxy]-","2,5-Piperazinedione, 3-benzyl-6-isopropyl-"
"2-Hexenoic acid, 2-[(trimethylsilyl)oxy]-","3beta-TRIMETHYLSILOXY-5alpha,6alpha-EPOXYCHOLESTANE"
"2-Hexenoic acid, 2-[(trimethylsilyl)oxy]-","beta-D-Galactofuranose, 1,2,3,5,6-pentakis-O-(trimethylsilyl)-"
"2-Hexenoic acid, 2-[(trimethylsilyl)oxy]-","Butanoic acid, 2,4-bis[(trimethylsilyl)oxy]-"
"2-Hexenoic acid, 2-[(trimethylsilyl)oxy]-",D-(-)-Citramalic acid
"2-Hexenoic acid, 2-[(trimethylsilyl)oxy]-",Dinoseb 
"2-Hexenoic acid, 2-[(trimethylsilyl)oxy]-",Diphenyl ether
"2-Hexenoic acid, 2-[(trimethylsilyl)oxy]-","Dodecane, 4,6-dimethyl-"
"2-Hexenoic acid, 2-[(trimethylsilyl)oxy]-",Indole-5-carboxylic acid
"2-Hexenoic acid, 2-[(trimethylsilyl)oxy]-",Isofucosterol
"2-Hexenoic acid, 2-[(trimethylsilyl)oxy]-",Isopropyl palmitate
"2-Hexenoic acid, 2-[(trimethylsilyl)oxy]-",Metanephrine
"2-Hexenoic acid, 2-[(trimethylsilyl)oxy]-","N,N-Diethyl-2-aminoethanol"
"2-Hexenoic acid, 2-[(trimethylsilyl)oxy]-",Nitrosothymol
"2-Hexenoic acid, 2-[(trimethylsilyl)oxy]-","Pentanedioic acid, 3-methyl-3-[(trimethylsilyl)oxy]-"
"2-Hexenoic acid, 2-[(trimethylsilyl)oxy]-","Pentenoic acid, 4-[(trimethylsilyl)oxy]-"
"2-Hexenoic acid, 2-[(trimethylsilyl)oxy]-",Phenoxyacetic acid
"2-Hexenoic acid, 2-[(trimethylsilyl)oxy]-",Phloroglucinol
"2-Hexenoic acid, 2-[(trimethylsilyl)oxy]-",S-Methyl-L-cysteine
"2-Hexenoic acid, 2-[(trimethylsilyl)oxy]-",Salsoline
"2-Hexenoic acid, 2-[(trimethylsilyl)oxy]-","Stigmast-5-ene, 3beta-"
2-Hydroxy-2-methylbutyric acid,Albizziin
2-Hydroxy-5-methoxybenzaldehyde,(CH3)2C=NC2H558
2-Hydroxy-5-methoxybenzaldehyde,2-Hydroxybutyric acid
2-Hydroxy-5-methoxybenzaldehyde,"Propanoic acid, 2-methyl-"
2-Methyl-4-pentenoic acid,"1,2-Butadiene, 1,1,4-triphenyl-3-trimethylsilyl-4-trimethylsilyloxy-"
2-Methyl-4-pentenoic acid,12-Oxooctadecanoate
2-Methyl-4-pentenoic acid,"2,2,4-Trimethyl-1,3-pentanediol diisobutyrate"
2-Methyl-4-pentenoic acid,"2,5-Piperazinedione, 3-benzyl-6-isopropyl-"
2-Methyl-4-pentenoic acid,3-Hexenedinitrile
2-Methyl-4-pentenoic acid,3-Hydroxyisovaleric acid
2-Methyl-4-pentenoic acid,"3,5-Dimethylpyrazole"
2-Methyl-4-pentenoic acid,3'-Hydroxyacetophenone
2-Methyl-4-pentenoic acid,"3beta,4beta-Bis(trimethylsiloxy)cholest-5-ene"
2-Methyl-4-pentenoic acid,4-Cumylphenol
2-Methyl-4-pentenoic acid,5-Henicosylresorcinol
2-Methyl-4-pentenoic acid,alpha-Tocopherol
2-Methyl-4-pentenoic acid,"Benzaldehyde, 2,5-dimethyl-"
2-Methyl-4-pentenoic acid,"Benzimidazole, 5-trifluoromethyl-2-methyl-"
2-Methyl-4-pentenoic acid,"Benzoic acid, pentadecyl ester"
2-Methyl-4-pentenoic acid,Benzophenone
2-Methyl-4-pentenoic acid,Butylmethylamine
2-Methyl-4-pentenoic acid,Cyclohexanol
2-Methyl-4-pentenoic acid,Deoxycholic Acid
2-Methyl-4-pentenoic acid,Dinoseb 
2-Methyl-4-pentenoic acid,Diphenyl ether
2-Methyl-4-pentenoic acid,Hydantoic acid
2-Methyl-4-pentenoic acid,Levulinic acid
2-Methyl-4-pentenoic acid,Metanephrine
2-Methyl-4-pentenoic acid,Neostigmine 
2-Methyl-4-pentenoic acid,Niclosamide
2-Methyl-4-pentenoic acid,Nonadecanoic acid
2-Methyl-4-pentenoic acid,Nonanal
2-Methyl-4-pentenoic acid,Phenoxyacetic acid
2-Methyl-4-pentenoic acid,Phlorizin
2-Methyl-4-pentenoic acid,Phloroglucinol
2-Methyl-4-pentenoic acid,Pimelic acid
2-Methyl-4-pentenoic acid,"Propanetriol, 2-methyl-"
2-Methyl-4-pentenoic acid,Salsoline
"2-Propanone, bis(1-methylethyl)hydrazone","1-Butanamine, N,N-diethyl-"
"2-Propanone, bis(1-methylethyl)hydrazone",2-Naphthol
"2-Propanone, bis(1-methylethyl)hydrazone","2,2,4-Trimethyl-1,3-pentanediol diisobutyrate"
"2-Propanone, bis(1-methylethyl)hydrazone","3beta,4beta-Bis(trimethylsiloxy)cholest-5-ene"
"2-Propanone, bis(1-methylethyl)hydrazone",5-Hydroxyquinoline
"2-Propanone, bis(1-methylethyl)hydrazone",5-Hydroxytryptophan
"2-Propanone, bis(1-methylethyl)hydrazone","5,6-Dimethyl-4-phenyl-3-cyanopyridine-2(1H)-thione"
"2-Propanone, bis(1-methylethyl)hydrazone",alpha-Tocopherol
"2-Propanone, bis(1-methylethyl)hydrazone","Arabinofuranose, 1,2,3,5-tetrakis-O-"
"2-Propanone, bis(1-methylethyl)hydrazone","Butanoic acid, 2,4-bis[(trimethylsilyl)oxy]-"
"2-Propanone, bis(1-methylethyl)hydrazone",Cholesterol
"2-Propanone, bis(1-methylethyl)hydrazone",Deoxycholic Acid
"2-Propanone, bis(1-methylethyl)hydrazone",Diphenyl ether
"2-Propanone, bis(1-methylethyl)hydrazone",DL-Glyceraldehyde
"2-Propanone, bis(1-methylethyl)hydrazone",Dodecanoic acid
"2-Propanone, bis(1-methylethyl)hydrazone",Dodecylcyclohexane
"2-Propanone, bis(1-methylethyl)hydrazone","Furan, 2-pentyl-"
"2-Propanone, bis(1-methylethyl)hydrazone",Glycolic acid
"2-Propanone, bis(1-methylethyl)hydrazone",Hydracrylic acid
"2-Propanone, bis(1-methylethyl)hydrazone",Indole-5-carboxylic acid
"2-Propanone, bis(1-methylethyl)hydrazone",Levulinic acid
"2-Propanone, bis(1-methylethyl)hydrazone",N-Acetyl-L-glutamic acid
"2-Propanone, bis(1-methylethyl)hydrazone",Nonadecanoic acid
"2-Propanone, bis(1-methylethyl)hydrazone",Nonanal
"2-Propanone, bis(1-methylethyl)hydrazone",p-Hydroxydiisopropylbenzene
"2-Propanone, bis(1-methylethyl)hydrazone",Phenoxyacetic acid
"2-Propanone, bis(1-methylethyl)hydrazone",Phloroglucinol
"2-Propanone, bis(1-methylethyl)hydrazone","Propanetriol, 2-methyl-"
"2,2,4-Trimethyl-1,3-pentanediol diisobutyrate",1-(4-Hydroxybenzylidene)acetone
"2,2,4-Trimethyl-1,3-pentanediol diisobutyrate",1-Phenylethanol
"2,2,4-Trimethyl-1,3-pentanediol diisobutyrate","1,2-Butadiene, 1,1,4-triphenyl-3-trimethylsilyl-4-trimethylsilyloxy-"
"2,2,4-Trimethyl-1,3-pentanediol diisobutyrate","2,5-Piperazinedione, 3-benzyl-6-isopropyl-"
"2,2,4-Trimethyl-1,3-pentanediol diisobutyrate","2,6-Bis[2-[2-S-thiosulfuroethylamino]ethoxy]pyrazine"
"2,2,4-Trimethyl-1,3-pentanediol diisobutyrate","3,5-Dimethylpyrazole"
"2,2,4-Trimethyl-1,3-pentanediol diisobutyrate","3beta-TRIMETHYLSILOXY-5alpha,6alpha-EPOXYCHOLESTANE"
"2,2,4-Trimethyl-1,3-pentanediol diisobutyrate","3beta,4beta-Bis(trimethylsiloxy)cholest-5-ene"
"2,2,4-Trimethyl-1,3-pentanediol diisobutyrate",5-(2-Aminopropyl)-2-methylphenol
"2,2,4-Trimethyl-1,3-pentanediol diisobutyrate",5-Hydroxytryptophan
"2,2,4-Trimethyl-1,3-pentanediol diisobutyrate","6,7,4'-Trihydroxyisoflavone"
"2,2,4-Trimethyl-1,3-pentanediol diisobutyrate",9-Octadecenoic acid
"2,2,4-Trimethyl-1,3-pentanediol diisobutyrate",Acetoacetic acid
"2,2,4-Trimethyl-1,3-pentanediol diisobutyrate",alpha-Tocopherol
"2,2,4-Trimethyl-1,3-pentanediol diisobutyrate",Arabinaric acid
"2,2,4-Trimethyl-1,3-pentanediol diisobutyrate","Benzaldehyde, 2,5-dimethyl-"
"2,2,4-Trimethyl-1,3-pentanediol diisobutyrate","Benzimidazole, 5-trifluoromethyl-2-methyl-"
"2,2,4-Trimethyl-1,3-pentanediol diisobutyrate","Benzoic acid, pentadecyl ester"
"2,2,4-Trimethyl-1,3-pentanediol diisobutyrate",Benzophenone
"2,2,4-Trimethyl-1,3-pentanediol diisobutyrate","beta-D-Galactofuranose, 1,2,3,5,6-pentakis-O-(trimethylsilyl)-"
"2,2,4-Trimethyl-1,3-pentanediol diisobutyrate","Butanoic acid, 2,4-bis[(trimethylsilyl)oxy]-"
"2,2,4-Trimethyl-1,3-pentanediol diisobutyrate",Butylmethylamine
"2,2,4-Trimethyl-1,3-pentanediol diisobutyrate",Cyclohexanol
"2,2,4-Trimethyl-1,3-pentanediol diisobutyrate",D-(-)-Citramalic acid
"2,2,4-Trimethyl-1,3-pentanediol diisobutyrate",Dinoseb 
"2,2,4-Trimethyl-1,3-pentanediol diisobutyrate",Diphenyl ether
"2,2,4-Trimethyl-1,3-pentanediol diisobutyrate",DL-Glyceraldehyde
"2,2,4-Trimethyl-1,3-pentanediol diisobutyrate",Indole-5-carboxylic acid
"2,2,4-Trimethyl-1,3-pentanediol diisobutyrate",Isofucosterol
"2,2,4-Trimethyl-1,3-pentanediol diisobutyrate",Isopropyl palmitate
"2,2,4-Trimethyl-1,3-pentanediol diisobutyrate",Itaconic acid
"2,2,4-Trimethyl-1,3-pentanediol diisobutyrate",Metanephrine
"2,2,4-Trimethyl-1,3-pentanediol diisobutyrate",Methyl aminoacetate
"2,2,4-Trimethyl-1,3-pentanediol diisobutyrate",Neostigmine 
"2,2,4-Trimethyl-1,3-pentanediol diisobutyrate",Niclosamide
"2,2,4-Trimethyl-1,3-pentanediol diisobutyrate",Nonadecanoic acid
"2,2,4-Trimethyl-1,3-pentanediol diisobutyrate",Nonanal
"2,2,4-Trimethyl-1,3-pentanediol diisobutyrate","Pentanedioic acid, 3-methyl-3-[(trimethylsilyl)oxy]-"
"2,2,4-Trimethyl-1,3-pentanediol diisobutyrate","Pentenoic acid, 4-[(trimethylsilyl)oxy]-"
"2,2,4-Trimethyl-1,3-pentanediol diisobutyrate",Phenoxyacetic acid
"2,2,4-Trimethyl-1,3-pentanediol diisobutyrate",Phloroglucinol
"2,2,4-Trimethyl-1,3-pentanediol diisobutyrate","Propanetriol, 2-methyl-"
"2,2,4-Trimethyl-1,3-pentanediol diisobutyrate",Propylamine
"2,2,4-Trimethyl-1,3-pentanediol diisobutyrate",Salsoline
"2,2,4-Trimethyl-1,3-pentanediol diisobutyrate","Stigmast-5-ene, 3beta-"
"2,2,4-Trimethyl-1,3-pentanediol diisobutyrate","Thymine, 1,3-dimethyl-6-(trimethylsilyloxymethyl)-"
"2,2,4-Trimethyl-1,3-pentanediol diisobutyrate",Triethanolamine
"2,2,4-Trimethyl-1,3-pentanediol diisobutyrate","Trimethylsilyl (5-benzyl-3,6-dioxopiperazin-2-yl)acetate"
"2,2,4-Trimethyl-1,3-pentanediol diisobutyrate",L-Tyrosine
3-Hexenedinitrile,1-(4-Hydroxybenzylidene)acetone
3-Hexenedinitrile,1-Octanol
3-Hexenedinitrile,2-Hexen-1-ol
3-Hexenedinitrile,3-Hydroxyisovaleric acid
3-Hexenedinitrile,3-Methyladenine
3-Hexenedinitrile,"3,5-Dimethylpyrazole"
3-Hexenedinitrile,5-Henicosylresorcinol
3-Hexenedinitrile,"Benzoic acid, pentadecyl ester"
3-Hexenedinitrile,Benzophenone
3-Hexenedinitrile,Cinnamic acid
3-Hexenedinitrile,Cyclohexanol
3-Hexenedinitrile,Diphenyl ether
3-Hexenedinitrile,Hydantoic acid
3-Hexenedinitrile,Levulinic acid
3-Hexenedinitrile,Nonanal
3-Hexenedinitrile,Phenoxyacetic acid
3-Hexenedinitrile,Phlorizin
3-Hexenedinitrile,Phloroglucinol
3-Hexenedinitrile,Pimelic acid
3-Hexenedinitrile,Salsoline
3-Hexenedinitrile,"Trimethylsilyl (5-benzyl-3,6-dioxopiperazin-2-yl)acetate"
"3beta-TRIMETHYLSILOXY-5alpha,6alpha-EPOXYCHOLESTANE",1-(4-Hydroxybenzylidene)acetone
"3beta-TRIMETHYLSILOXY-5alpha,6alpha-EPOXYCHOLESTANE",2-Acetyl-5-chloro-3-methylbenzo(b)thiophene
"3beta-TRIMETHYLSILOXY-5alpha,6alpha-EPOXYCHOLESTANE","2-Allyl-1,4-dimethoxybenzene"
"3beta-TRIMETHYLSILOXY-5alpha,6alpha-EPOXYCHOLESTANE","2,5-Piperazinedione, 3-benzyl-6-isopropyl-"
"3beta-TRIMETHYLSILOXY-5alpha,6alpha-EPOXYCHOLESTANE","2,6-Bis[2-[2-S-thiosulfuroethylamino]ethoxy]pyrazine"
"3beta-TRIMETHYLSILOXY-5alpha,6alpha-EPOXYCHOLESTANE","3-Hydroxy-2,3-dihydromaltol"
"3beta-TRIMETHYLSILOXY-5alpha,6alpha-EPOXYCHOLESTANE",3-Ureidopropionic acid
"3beta-TRIMETHYLSILOXY-5alpha,6alpha-EPOXYCHOLESTANE","3beta,4beta-Bis(trimethylsiloxy)cholest-5-ene"
"3beta-TRIMETHYLSILOXY-5alpha,6alpha-EPOXYCHOLESTANE","5-Androsten-17alpha-methyl-3beta,17beta-diol"
"3beta-TRIMETHYLSILOXY-5alpha,6alpha-EPOXYCHOLESTANE",5-Hydroxyquinoline
"3beta-TRIMETHYLSILOXY-5alpha,6alpha-EPOXYCHOLESTANE","6,8-Dioxapentadecane"
"3beta-TRIMETHYLSILOXY-5alpha,6alpha-EPOXYCHOLESTANE",9-Octadecenoic acid
"3beta-TRIMETHYLSILOXY-5alpha,6alpha-EPOXYCHOLESTANE",Acetoacetic acid
"3beta-TRIMETHYLSILOXY-5alpha,6alpha-EPOXYCHOLESTANE",Albizziin
"3beta-TRIMETHYLSILOXY-5alpha,6alpha-EPOXYCHOLESTANE",alpha-Tocopherol
"3beta-TRIMETHYLSILOXY-5alpha,6alpha-EPOXYCHOLESTANE","Benzimidazole, 5-trifluoromethyl-2-methyl-"
"3beta-TRIMETHYLSILOXY-5alpha,6alpha-EPOXYCHOLESTANE", 5-Hydroxyhexanoic acid
"3beta-TRIMETHYLSILOXY-5alpha,6alpha-EPOXYCHOLESTANE","Butanoic acid, 2,4-bis[(trimethylsilyl)oxy]-"
"3beta-TRIMETHYLSILOXY-5alpha,6alpha-EPOXYCHOLESTANE",Cadaverine
"3beta-TRIMETHYLSILOXY-5alpha,6alpha-EPOXYCHOLESTANE","Cyclopentaneacetic acid, 3-oxo-2-pentyl-"
"3beta-TRIMETHYLSILOXY-5alpha,6alpha-EPOXYCHOLESTANE","D-(+)-Ribono-1,4-lactone (R,S,R)-"
"3beta-TRIMETHYLSILOXY-5alpha,6alpha-EPOXYCHOLESTANE",D-Fructose
"3beta-TRIMETHYLSILOXY-5alpha,6alpha-EPOXYCHOLESTANE",Dinoseb 
"3beta-TRIMETHYLSILOXY-5alpha,6alpha-EPOXYCHOLESTANE",DL-Glyceraldehyde
"3beta-TRIMETHYLSILOXY-5alpha,6alpha-EPOXYCHOLESTANE",Indole-5-carboxylic acid
"3beta-TRIMETHYLSILOXY-5alpha,6alpha-EPOXYCHOLESTANE",Isofucosterol
"3beta-TRIMETHYLSILOXY-5alpha,6alpha-EPOXYCHOLESTANE",Isopropyl palmitate
"3beta-TRIMETHYLSILOXY-5alpha,6alpha-EPOXYCHOLESTANE",Methyl aminoacetate
"3beta-TRIMETHYLSILOXY-5alpha,6alpha-EPOXYCHOLESTANE",N-Methyl-N-(tetrahydro-2-furanylmethyl)-4-piperidinamine
"3beta-TRIMETHYLSILOXY-5alpha,6alpha-EPOXYCHOLESTANE","N,O-Bis(trimethylsilyl)carbamate"
"3beta-TRIMETHYLSILOXY-5alpha,6alpha-EPOXYCHOLESTANE",Nonadecanoic acid
"3beta-TRIMETHYLSILOXY-5alpha,6alpha-EPOXYCHOLESTANE","Pentanedioic acid, 3-methyl-3-[(trimethylsilyl)oxy]-"
"3beta-TRIMETHYLSILOXY-5alpha,6alpha-EPOXYCHOLESTANE","Propanetriol, 2-methyl-"
"3beta-TRIMETHYLSILOXY-5alpha,6alpha-EPOXYCHOLESTANE",Propylamine
"3beta-TRIMETHYLSILOXY-5alpha,6alpha-EPOXYCHOLESTANE",Tartronic acid
"3beta-TRIMETHYLSILOXY-5alpha,6alpha-EPOXYCHOLESTANE",Triethanolamine
"3beta,4beta-Bis(trimethylsiloxy)cholest-5-ene",1-(4-Hydroxybenzylidene)acetone
"3beta,4beta-Bis(trimethylsiloxy)cholest-5-ene",1-Phenylethanol
"3beta,4beta-Bis(trimethylsiloxy)cholest-5-ene","1,2,3,10,11,11a-Hexahydro-6,7,8-trimethoxy-3-oxo-5H-dibenzo(a,d)cycloheptene"
"3beta,4beta-Bis(trimethylsiloxy)cholest-5-ene","2,3,4-Trihydroxybutyric acid tetrakis"
"3beta,4beta-Bis(trimethylsiloxy)cholest-5-ene","2,5-Piperazinedione, 3-benzyl-6-isopropyl-"
"3beta,4beta-Bis(trimethylsiloxy)cholest-5-ene","2,6-Bis[2-[2-S-thiosulfuroethylamino]ethoxy]pyrazine"
"3beta,4beta-Bis(trimethylsiloxy)cholest-5-ene",3-Hydroxyisovaleric acid
"3beta,4beta-Bis(trimethylsiloxy)cholest-5-ene",3-Methyladenine
"3beta,4beta-Bis(trimethylsiloxy)cholest-5-ene",3-Ureidopropionic acid
"3beta,4beta-Bis(trimethylsiloxy)cholest-5-ene","5-Androsten-17alpha-methyl-3beta,17beta-diol"
"3beta,4beta-Bis(trimethylsiloxy)cholest-5-ene","6,7,4'-Trihydroxyisoflavone"
"3beta,4beta-Bis(trimethylsiloxy)cholest-5-ene","6,8-Dioxapentadecane"
"3beta,4beta-Bis(trimethylsiloxy)cholest-5-ene",7-(Trimethylsilyl)amino-4-methylcoumarin
"3beta,4beta-Bis(trimethylsiloxy)cholest-5-ene",9-Octadecenoic acid
"3beta,4beta-Bis(trimethylsiloxy)cholest-5-ene",Acetoacetic acid
"3beta,4beta-Bis(trimethylsiloxy)cholest-5-ene",Aceturic acid
"3beta,4beta-Bis(trimethylsiloxy)cholest-5-ene",alpha-Tocopherol
"3beta,4beta-Bis(trimethylsiloxy)cholest-5-ene","Benzaldehyde, 2,5-dimethyl-"
"3beta,4beta-Bis(trimethylsiloxy)cholest-5-ene",Benzeneacetic acid
"3beta,4beta-Bis(trimethylsiloxy)cholest-5-ene","Benzimidazole, 5-trifluoromethyl-2-methyl-"
"3beta,4beta-Bis(trimethylsiloxy)cholest-5-ene","Butanoic acid, 2,4-bis[(trimethylsilyl)oxy]-"
"3beta,4beta-Bis(trimethylsiloxy)cholest-5-ene",cis-4-Trimethylsilyloxy-cyclohexyl(trimethylsilyl)carboxylate
"3beta,4beta-Bis(trimethylsiloxy)cholest-5-ene","Cyclopentaneacetic acid, 3-oxo-2-pentyl-"
"3beta,4beta-Bis(trimethylsiloxy)cholest-5-ene","Cyclopentanone, 2,2,4-trimethyl-"
"3beta,4beta-Bis(trimethylsiloxy)cholest-5-ene",D-Fructose
"3beta,4beta-Bis(trimethylsiloxy)cholest-5-ene",Deoxycholic Acid
"3beta,4beta-Bis(trimethylsiloxy)cholest-5-ene",Dinoseb 
"3beta,4beta-Bis(trimethylsiloxy)cholest-5-ene","Ethanamine, N,N-diethyl-2,2-dimethyl-2-[(3,5-dimethoxy)phenyl]-"
"3beta,4beta-Bis(trimethylsiloxy)cholest-5-ene",Indole-5-carboxylic acid
"3beta,4beta-Bis(trimethylsiloxy)cholest-5-ene",Isofucosterol
"3beta,4beta-Bis(trimethylsiloxy)cholest-5-ene",Isopropyl palmitate
"3beta,4beta-Bis(trimethylsiloxy)cholest-5-ene",Itaconic acid
"3beta,4beta-Bis(trimethylsiloxy)cholest-5-ene",Levulinic acid
"3beta,4beta-Bis(trimethylsiloxy)cholest-5-ene",Metanephrine
"3beta,4beta-Bis(trimethylsiloxy)cholest-5-ene",Methyl aminoacetate
"3beta,4beta-Bis(trimethylsiloxy)cholest-5-ene",Methylmalonic monoamide
"3beta,4beta-Bis(trimethylsiloxy)cholest-5-ene","N-(Trifluoroacetyl)-N,O,O'-tris(trimethylsilyl)normetanephrine"
"3beta,4beta-Bis(trimethylsiloxy)cholest-5-ene",Neostigmine 
"3beta,4beta-Bis(trimethylsiloxy)cholest-5-ene",Niclosamide
"3beta,4beta-Bis(trimethylsiloxy)cholest-5-ene",Nonadecanoic acid
"3beta,4beta-Bis(trimethylsiloxy)cholest-5-ene",Nonanal
"3beta,4beta-Bis(trimethylsiloxy)cholest-5-ene",p-Hydroxydiisopropylbenzene
"3beta,4beta-Bis(trimethylsiloxy)cholest-5-ene","Pentanedioic acid, 3-methyl-3-[(trimethylsilyl)oxy]-"
"3beta,4beta-Bis(trimethylsiloxy)cholest-5-ene",Pimelic acid
"3beta,4beta-Bis(trimethylsiloxy)cholest-5-ene","Propanetriol, 2-methyl-"
"3beta,4beta-Bis(trimethylsiloxy)cholest-5-ene",Propylamine
"3beta,4beta-Bis(trimethylsiloxy)cholest-5-ene",Tartronic acid
"3beta,4beta-Bis(trimethylsiloxy)cholest-5-ene",Triethanolamine
5-Hydroxyquinoline,1-Phenylethanol
5-Hydroxyquinoline,2-Acetyl-5-chloro-3-methylbenzo(b)thiophene
5-Hydroxyquinoline,"3-Methylpiperazine-2,5-dione, (R)-"
5-Hydroxyquinoline,3-Ureidopropionic acid
5-Hydroxyquinoline,"6,8-Dioxapentadecane"
5-Hydroxyquinoline,7-(Trimethylsilyl)amino-4-methylcoumarin
5-Hydroxyquinoline,9-Octadecenoic acid
5-Hydroxyquinoline,Aceturic acid
5-Hydroxyquinoline,"Benzaldehyde, 2,5-dimethyl-"
5-Hydroxyquinoline,Benzeneacetic acid
5-Hydroxyquinoline, 5-Hydroxyhexanoic acid
5-Hydroxyquinoline,cis-4-Trimethylsilyloxy-cyclohexyl(trimethylsilyl)carboxylate
5-Hydroxyquinoline,Dihydrouracil
5-Hydroxyquinoline,DL-Glyceraldehyde
5-Hydroxyquinoline,"Ethanamine, N,N-diethyl-2,2-dimethyl-2-[(3,5-dimethoxy)phenyl]-"
5-Hydroxyquinoline,Isoxaben
5-Hydroxyquinoline,"N-(Trifluoroacetyl)-N,O,O'-tris(trimethylsilyl)normetanephrine"
5-Hydroxyquinoline,N-Isovaleroylglycine
5-Hydroxyquinoline,N-Methyl-N-(tetrahydro-2-furanylmethyl)-4-piperidinamine
5-Hydroxyquinoline,"N,O-Bis(trimethylsilyl)carbamate"
5-Hydroxyquinoline,Tartronic acid
Aceturic acid,"3-Methylpiperazine-2,5-dione, (R)-"
Aceturic acid,Acetoacetic acid
Aceturic acid,alpha-Tocopherol
Aceturic acid, 5-Hydroxyhexanoic acid
Aceturic acid,"Butanoic acid, 2,4-bis[(trimethylsilyl)oxy]-"
Aceturic acid,"Cephalotaxine, 3-deoxy-3,11-epoxy-, (3alpha,11alpha)-"
Aceturic acid,Dihydrouracil
Aceturic acid,DL-Glyceraldehyde
Aceturic acid,"Glycine, N-[4-[(trimethylsilyl)oxy]benzoyl]-"
Aceturic acid,Isopropyl palmitate
Aceturic acid,Isoxaben
Aceturic acid,Itaconic acid
Aceturic acid,Methylmalonic monoamide
Aceturic acid,Nonadecanoic acid
Aceturic acid,"Propanetriol, 2-methyl-"
Aceturic acid,Tartronic acid
alpha-Tocopherol,1-(4-Hydroxybenzylidene)acetone
alpha-Tocopherol,"1,2-Butadiene, 1,1,4-triphenyl-3-trimethylsilyl-4-trimethylsilyloxy-"
alpha-Tocopherol,"2,5-Dimethyl-1-aza-bicyclo[2.2.1]heptane"
alpha-Tocopherol,"2,5-Piperazinedione, 3-benzyl-6-isopropyl-"
alpha-Tocopherol,"2,6-Bis[2-[2-S-thiosulfuroethylamino]ethoxy]pyrazine"
alpha-Tocopherol,5-(2-Aminopropyl)-2-methylphenol
alpha-Tocopherol,5-Aminovaleric acid
alpha-Tocopherol,7-(Trimethylsilyl)amino-4-methylcoumarin
alpha-Tocopherol,Arabinaric acid
alpha-Tocopherol,"Benzimidazole, 5-trifluoromethyl-2-methyl-"
alpha-Tocopherol,Benzophenone
alpha-Tocopherol,Cyclohexanol
alpha-Tocopherol,Delorazepam
alpha-Tocopherol,Diphenyl ether
alpha-Tocopherol,DL-Glyceraldehyde
alpha-Tocopherol,"Ethanamine, N,N-diethyl-2,2-dimethyl-2-[(3,5-dimethoxy)phenyl]-"
alpha-Tocopherol,Glycine
alpha-Tocopherol,"Glycine, N-(N-DL-leucylglycyl)-"
alpha-Tocopherol,Indole-3-lactic acid
alpha-Tocopherol,Isofucosterol
alpha-Tocopherol,Isopropyl palmitate
alpha-Tocopherol,Methyl aminoacetate
alpha-Tocopherol,Niclosamide
alpha-Tocopherol,Nonadecanoic acid
alpha-Tocopherol,Nonanal
alpha-Tocopherol,"Pentanedioic acid, 3-methyl-3-[(trimethylsilyl)oxy]-"
alpha-Tocopherol,"Propanetriol, 2-methyl-"
alpha-Tocopherol,Propylamine
alpha-Tocopherol,Salsoline
alpha-Tocopherol,Triethanolamine
"Benzimidazole, 5-trifluoromethyl-2-methyl-",1-(4-Hydroxybenzylidene)acetone
"Benzimidazole, 5-trifluoromethyl-2-methyl-",1-Octanol
"Benzimidazole, 5-trifluoromethyl-2-methyl-",1-Phenylethanol
"Benzimidazole, 5-trifluoromethyl-2-methyl-","1,2-Butadiene, 1,1,4-triphenyl-3-trimethylsilyl-4-trimethylsilyloxy-"
"Benzimidazole, 5-trifluoromethyl-2-methyl-",2-Naphthol
"Benzimidazole, 5-trifluoromethyl-2-methyl-","2,5-Piperazinedione, 3-benzyl-6-isopropyl-"
"Benzimidazole, 5-trifluoromethyl-2-methyl-",3-Hydroxyisovaleric acid
"Benzimidazole, 5-trifluoromethyl-2-methyl-","3,5-Dimethylpyrazole"
"Benzimidazole, 5-trifluoromethyl-2-methyl-",5-Henicosylresorcinol
"Benzimidazole, 5-trifluoromethyl-2-methyl-","Acetohydrazide, 2-(2-isopropyl-5-methylphenoxy)-N2-benzylideno-"
"Benzimidazole, 5-trifluoromethyl-2-methyl-",Arachidonic acid
"Benzimidazole, 5-trifluoromethyl-2-methyl-","Benzaldehyde, 2,5-dimethyl-"
"Benzimidazole, 5-trifluoromethyl-2-methyl-","Benzoic acid, pentadecyl ester"
"Benzimidazole, 5-trifluoromethyl-2-methyl-",Benzophenone
"Benzimidazole, 5-trifluoromethyl-2-methyl-","Butanoic acid, 2,4-bis[(trimethylsilyl)oxy]-"
"Benzimidazole, 5-trifluoromethyl-2-methyl-",Butylmethylamine
"Benzimidazole, 5-trifluoromethyl-2-methyl-",Cinnamic acid
"Benzimidazole, 5-trifluoromethyl-2-methyl-",Cyclohexanol
"Benzimidazole, 5-trifluoromethyl-2-methyl-","Cyclopentanone, 2,2,4-trimethyl-"
"Benzimidazole, 5-trifluoromethyl-2-methyl-",Dinoseb 
"Benzimidazole, 5-trifluoromethyl-2-methyl-",Diphenyl ether
"Benzimidazole, 5-trifluoromethyl-2-methyl-",Dodecylcyclohexane
"Benzimidazole, 5-trifluoromethyl-2-methyl-",Eicosapentaenoic acid
"Benzimidazole, 5-trifluoromethyl-2-methyl-",Indole-5-carboxylic acid
"Benzimidazole, 5-trifluoromethyl-2-methyl-",Isofucosterol
"Benzimidazole, 5-trifluoromethyl-2-methyl-",Isopropyl palmitate
"Benzimidazole, 5-trifluoromethyl-2-methyl-",Itaconic acid
"Benzimidazole, 5-trifluoromethyl-2-methyl-",Levulinic acid
"Benzimidazole, 5-trifluoromethyl-2-methyl-",Methyl aminoacetate
"Benzimidazole, 5-trifluoromethyl-2-methyl-",Niclosamide
"Benzimidazole, 5-trifluoromethyl-2-methyl-",Nonadecanoic acid
"Benzimidazole, 5-trifluoromethyl-2-methyl-",Nonanal
"Benzimidazole, 5-trifluoromethyl-2-methyl-","Pentanedioic acid, 3-methyl-3-[(trimethylsilyl)oxy]-"
"Benzimidazole, 5-trifluoromethyl-2-methyl-",Phloroglucinol
"Benzimidazole, 5-trifluoromethyl-2-methyl-","Propanetriol, 2-methyl-"
"Benzimidazole, 5-trifluoromethyl-2-methyl-",Propylamine
"Benzimidazole, 5-trifluoromethyl-2-methyl-","Stigmast-5-ene, 3beta-"
"Benzimidazole, 5-trifluoromethyl-2-methyl-",Triethanolamine
"Benzimidazole, 5-trifluoromethyl-2-methyl-",L-Tyrosine
"Benzoic acid, pentadecyl ester",1-Octanol
"Benzoic acid, pentadecyl ester",2-Heptenoic acid
"Benzoic acid, pentadecyl ester",2-Naphthol
"Benzoic acid, pentadecyl ester",3-Hydroxyisovaleric acid
"Benzoic acid, pentadecyl ester",3-Methyladenine
"Benzoic acid, pentadecyl ester","3,5-Dimethylpyrazole"
"Benzoic acid, pentadecyl ester",5-Henicosylresorcinol
"Benzoic acid, pentadecyl ester",5-Hydroxytryptophan
"Benzoic acid, pentadecyl ester","Benzaldehyde, 2,5-dimethyl-"
"Benzoic acid, pentadecyl ester",Benzophenone
"Benzoic acid, pentadecyl ester",Cyclohexanol
"Benzoic acid, pentadecyl ester",Diphenyl ether
"Benzoic acid, pentadecyl ester","Furan, 2-pentyl-"
"Benzoic acid, pentadecyl ester",Isofucosterol
"Benzoic acid, pentadecyl ester",Levulinic acid
"Benzoic acid, pentadecyl ester",Nonanal
"Benzoic acid, pentadecyl ester",S-Methyl-L-cysteine
"Benzoic acid, pentadecyl ester","Stigmast-5-ene, 3beta-"
"Benzoic acid, pentadecyl ester","Thymine, 1,3-dimethyl-6-(trimethylsilyloxymethyl)-"
Benzophenone,1-(3-Methylphenyl)piperazine
Benzophenone,1-(4-Hydroxybenzylidene)acetone
Benzophenone,"1-Methyl-N,N-bis(trimethylsilyl)-4-[(trimethylsilyl)oxy]-1H-imidazol-2-amine"
Benzophenone,"1,2-Butadiene, 1,1,4-triphenyl-3-trimethylsilyl-4-trimethylsilyloxy-"
Benzophenone,12-Oxooctadecanoate
Benzophenone,2-Naphthol
Benzophenone,"2,5-Piperazinedione, 3-benzyl-6-isopropyl-"
Benzophenone,3-Methyladenine
Benzophenone,"3,5-Dimethylpyrazole"
Benzophenone,5-Henicosylresorcinol
Benzophenone,5-Hydroxytryptophan
Benzophenone,Acetoacetic acid
Benzophenone,Allylescaline 
Benzophenone,Arabinaric acid
Benzophenone,"Benzaldehyde, 2,5-dimethyl-"
Benzophenone,Butylmethylamine
Benzophenone,Cyclohexanol
Benzophenone,Dinoseb 
Benzophenone,Diphenyl ether
Benzophenone,Isofucosterol
Benzophenone,Isopropyl palmitate
Benzophenone,Itaconic acid
Benzophenone,Levulinic acid
Benzophenone,Methyl aminoacetate
Benzophenone,Niclosamide
Benzophenone,Nonadecanoic acid
Benzophenone,Nonanal
Benzophenone,"Pentenoic acid, 4-[(trimethylsilyl)oxy]-"
Benzophenone,Phenoxyacetic acid
Benzophenone,Phlorizin
Benzophenone,Phloroglucinol
Benzophenone,"Propanetriol, 2-methyl-"
Benzophenone,Salsoline
Benzophenone,"Stigmast-5-ene, 3beta-"
Benzophenone,"Thymine, 1,3-dimethyl-6-(trimethylsilyloxymethyl)-"
 5-Hydroxyhexanoic acid,"1-(4-Methoxyphenyl)-4,6-dimethyl-2(1H)-pyrimidinone"
 5-Hydroxyhexanoic acid,1-Phenylethanol
 5-Hydroxyhexanoic acid,3-Ureidopropionic acid
 5-Hydroxyhexanoic acid,"5-Androsten-17alpha-methyl-3beta,17beta-diol"
 5-Hydroxyhexanoic acid,"6,8-Dioxapentadecane"
 5-Hydroxyhexanoic acid,7-(Trimethylsilyl)amino-4-methylcoumarin
 5-Hydroxyhexanoic acid,9-Octadecenoic acid
 5-Hydroxyhexanoic acid,"Benzaldehyde, 2,5-dimethyl-"
 5-Hydroxyhexanoic acid,Benzeneacetic acid
 5-Hydroxyhexanoic acid,"beta-d-Fructopyranose, 1-deoxy-1-(4-morpholinyl)-2,3,4,5-tetrakis-O-(trimethylsilyl)-"
 5-Hydroxyhexanoic acid,"Butanoic acid, 2,4-bis[(trimethylsilyl)oxy]-"
 5-Hydroxyhexanoic acid,cis-4-Trimethylsilyloxy-cyclohexyl(trimethylsilyl)carboxylate
 5-Hydroxyhexanoic acid,Cyclobutanol
 5-Hydroxyhexanoic acid,"Cyclopentanone, 2,2,4-trimethyl-"
 5-Hydroxyhexanoic acid,DL-Glyceraldehyde
 5-Hydroxyhexanoic acid,Metanephrine
 5-Hydroxyhexanoic acid,"Propanetriol, 2-methyl-"
 5-Hydroxyhexanoic acid,Tartronic acid
 5-Hydroxyhexanoic acid,"Thymine, 1,3-dimethyl-6-(trimethylsilyloxymethyl)-"
"Butanoic acid, 2,4-bis[(trimethylsilyl)oxy]-",1-(4-Hydroxybenzylidene)acetone
"Butanoic acid, 2,4-bis[(trimethylsilyl)oxy]-","1,3,5-Trimethyl-1H-pyrazol-4-amine"
"Butanoic acid, 2,4-bis[(trimethylsilyl)oxy]-",2-Acetyl-5-chloro-3-methylbenzo(b)thiophene
"Butanoic acid, 2,4-bis[(trimethylsilyl)oxy]-","2-Allyl-1,4-dimethoxybenzene"
"Butanoic acid, 2,4-bis[(trimethylsilyl)oxy]-","2,5-Piperazinedione, 3-benzyl-6-isopropyl-"
"Butanoic acid, 2,4-bis[(trimethylsilyl)oxy]-","2,6-Bis[2-[2-S-thiosulfuroethylamino]ethoxy]pyrazine"
"Butanoic acid, 2,4-bis[(trimethylsilyl)oxy]-",3-Hydroxyisovaleric acid
"Butanoic acid, 2,4-bis[(trimethylsilyl)oxy]-",3-Ureidopropionic acid
"Butanoic acid, 2,4-bis[(trimethylsilyl)oxy]-","3,5-Dimethylpyrazole"
"Butanoic acid, 2,4-bis[(trimethylsilyl)oxy]-",4-Hydroxybenzeneacetic acid
"Butanoic acid, 2,4-bis[(trimethylsilyl)oxy]-","6,8-Dioxapentadecane"
"Butanoic acid, 2,4-bis[(trimethylsilyl)oxy]-",9-Octadecenoic acid
"Butanoic acid, 2,4-bis[(trimethylsilyl)oxy]-",Arachidonic acid
"Butanoic acid, 2,4-bis[(trimethylsilyl)oxy]-",Azatadine
"Butanoic acid, 2,4-bis[(trimethylsilyl)oxy]-","beta-D-Galactofuranose, 1,2,3,5,6-pentakis-O-(trimethylsilyl)-"
"Butanoic acid, 2,4-bis[(trimethylsilyl)oxy]-",Cadaverine
"Butanoic acid, 2,4-bis[(trimethylsilyl)oxy]-","Cyclopentaneacetic acid, 3-oxo-2-pentyl-"
"Butanoic acid, 2,4-bis[(trimethylsilyl)oxy]-","Cyclopentanone, 2,2,4-trimethyl-"
"Butanoic acid, 2,4-bis[(trimethylsilyl)oxy]-",D-Fructose
"Butanoic acid, 2,4-bis[(trimethylsilyl)oxy]-",Dinoseb 
"Butanoic acid, 2,4-bis[(trimethylsilyl)oxy]-",DL-Glyceraldehyde
"Butanoic acid, 2,4-bis[(trimethylsilyl)oxy]-","Dodecane, 4,6-dimethyl-"
"Butanoic acid, 2,4-bis[(trimethylsilyl)oxy]-",Indole-5-carboxylic acid
"Butanoic acid, 2,4-bis[(trimethylsilyl)oxy]-",Isofucosterol
"Butanoic acid, 2,4-bis[(trimethylsilyl)oxy]-",Itaconic acid
"Butanoic acid, 2,4-bis[(trimethylsilyl)oxy]-",Metanephrine
"Butanoic acid, 2,4-bis[(trimethylsilyl)oxy]-",N-Methyl-N-(tetrahydro-2-furanylmethyl)-4-piperidinamine
"Butanoic acid, 2,4-bis[(trimethylsilyl)oxy]-","Propanetriol, 2-methyl-"
"Butanoic acid, 2,4-bis[(trimethylsilyl)oxy]-",Tartronic acid
"Butanoic acid, 2,4-bis[(trimethylsilyl)oxy]-",Triethanolamine
"Cholest-7-en-3-ol, (3beta,5alpha)-","Pregn-16-en-20-one, 3,18-bis(acetyloxy)-14,15-epoxy-, (3beta,5alpha,14beta,15beta)-"
Cyclohexanol,1-(4-Hydroxybenzylidene)acetone
Cyclohexanol,"1-Methyl-N,N-bis(trimethylsilyl)-4-[(trimethylsilyl)oxy]-1H-imidazol-2-amine"
Cyclohexanol,1-Octanol
Cyclohexanol,"1,2-Butadiene, 1,1,4-triphenyl-3-trimethylsilyl-4-trimethylsilyloxy-"
Cyclohexanol,12-Oxooctadecanoate
Cyclohexanol,2-Naphthol
Cyclohexanol,"2,5-Piperazinedione, 3-benzyl-6-isopropyl-"
Cyclohexanol,3-Hydroxyisovaleric acid
Cyclohexanol,3-Methyladenine
Cyclohexanol,"3,5-Dimethylpyrazole"
Cyclohexanol,3'-Hydroxyacetophenone
Cyclohexanol,5-Henicosylresorcinol
Cyclohexanol,5-Hydroxytryptophan
Cyclohexanol,"Acetohydrazide, 2-(2-isopropyl-5-methylphenoxy)-N2-benzylideno-"
Cyclohexanol,"Benzaldehyde, 2,5-dimethyl-"
Cyclohexanol,Butylmethylamine
Cyclohexanol,Dinoseb 
Cyclohexanol,Diphenyl ether
Cyclohexanol,"Dodecanoic acid, 1-methylethyl ester"
Cyclohexanol,Dodecanoic acid
Cyclohexanol,Dodecylcyclohexane
Cyclohexanol,"Ethanamine, N,N-diethyl-2,2-dimethyl-2-[(3,5-dimethoxy)phenyl]-"
Cyclohexanol,Heptadecanoic acid
Cyclohexanol,Isofucosterol
Cyclohexanol,Isopropyl palmitate
Cyclohexanol,Itaconic acid
Cyclohexanol,Levulinic acid
Cyclohexanol,Metanephrine
Cyclohexanol,Methyl aminoacetate
Cyclohexanol,Neostigmine 
Cyclohexanol,Niclosamide
Cyclohexanol,Nonadecanoic acid
Cyclohexanol,Nonanal
Cyclohexanol,Pentadecanoic acid
Cyclohexanol,Phenoxyacetic acid
Cyclohexanol,Phlorizin
Cyclohexanol,Phloroglucinol
Cyclohexanol,Pimelic acid
Cyclohexanol,"Propanetriol, 2-methyl-"
Cyclohexanol,Salsoline
Cyclohexanol,Suberic acid
Cyclohexanol,L-Tyrosine
"Cyclopentaneacetic acid, 3-oxo-2-pentyl-",1-(4-Hydroxybenzylidene)acetone
"Cyclopentaneacetic acid, 3-oxo-2-pentyl-",1-Phenylethanol
"Cyclopentaneacetic acid, 3-oxo-2-pentyl-",2-Acetyl-5-chloro-3-methylbenzo(b)thiophene
"Cyclopentaneacetic acid, 3-oxo-2-pentyl-","2-Allyl-1,4-dimethoxybenzene"
"Cyclopentaneacetic acid, 3-oxo-2-pentyl-",9-Octadecenoic acid
"Cyclopentaneacetic acid, 3-oxo-2-pentyl-","Benzene, 1-acetoxy-2,6-dimethoxy-4-(2-propenyl)-"
"Cyclopentaneacetic acid, 3-oxo-2-pentyl-",beta-Lyxopyranose
"Cyclopentaneacetic acid, 3-oxo-2-pentyl-",Cinnamic acid
"Cyclopentaneacetic acid, 3-oxo-2-pentyl-",Sertraline carbamoyl glucuronide
"Cyclopentaneacetic acid, 3-oxo-2-pentyl-",Tartronic acid
"Cyclopentaneacetic acid, 3-oxo-2-pentyl-",Triethanolamine
Diphenyl ether,1-(4-Hydroxybenzylidene)acetone
Diphenyl ether,"1-Methyl-N,N-bis(trimethylsilyl)-4-[(trimethylsilyl)oxy]-1H-imidazol-2-amine"
Diphenyl ether,1-Tetradecanol
Diphenyl ether,"1,2-Butadiene, 1,1,4-triphenyl-3-trimethylsilyl-4-trimethylsilyloxy-"
Diphenyl ether,12-Oxooctadecanoate
Diphenyl ether,2-Naphthol
Diphenyl ether,"2,5-Piperazinedione, 3-benzyl-6-isopropyl-"
Diphenyl ether,3-Hydroxyisovaleric acid
Diphenyl ether,3-Methyladenine
Diphenyl ether,"3,5-Dimethylpyrazole"
Diphenyl ether,5-Henicosylresorcinol
Diphenyl ether,5-Hydroxytryptophan
Diphenyl ether,Arabinaric acid
Diphenyl ether,"Benzaldehyde, 2,5-dimethyl-"
Diphenyl ether,Butylmethylamine
Diphenyl ether,Dinoseb 
Diphenyl ether,"Ethanamine, N,N-diethyl-2,2-dimethyl-2-[(3,5-dimethoxy)phenyl]-"
Diphenyl ether,Isofucosterol
Diphenyl ether,Isopropyl palmitate
Diphenyl ether,Itaconic acid
Diphenyl ether,Levulinic acid
Diphenyl ether,Methyl aminoacetate
Diphenyl ether,Niclosamide
Diphenyl ether,Nonadecanoic acid
Diphenyl ether,Nonanal
Diphenyl ether,"Pentenoic acid, 4-[(trimethylsilyl)oxy]-"
Diphenyl ether,Phenoxyacetic acid
Diphenyl ether,Phloroglucinol
Diphenyl ether,"Propanetriol, 2-methyl-"
Diphenyl ether,Salsoline
Diphenyl ether,"Stigmast-5-ene, 3beta-"
Diphenyl ether,"Thymine, 1,3-dimethyl-6-(trimethylsilyloxymethyl)-"
DL-Glyceraldehyde,1-(4-Hydroxybenzylidene)acetone
DL-Glyceraldehyde,"1,3,5-Benzetriol"
DL-Glyceraldehyde,"2,5-Piperazinedione, 3-benzyl-6-isopropyl-"
DL-Glyceraldehyde,"2,6-Bis[2-[2-S-thiosulfuroethylamino]ethoxy]pyrazine"
DL-Glyceraldehyde,9-Octadecenoic acid
DL-Glyceraldehyde,Cadaverine
DL-Glyceraldehyde,"D-(+)-Ribono-1,4-lactone (R,S,R)-"
DL-Glyceraldehyde,Dinoseb 
DL-Glyceraldehyde,Indole-5-carboxylic acid
DL-Glyceraldehyde,Isofucosterol
DL-Glyceraldehyde,Isoxaben
DL-Glyceraldehyde,Itaconic acid
DL-Glyceraldehyde,Methyl aminoacetate
DL-Glyceraldehyde,Methylmalonic monoamide
DL-Glyceraldehyde,N-Isovaleroylglycine
DL-Glyceraldehyde,N-Methyl-N-(tetrahydro-2-furanylmethyl)-4-piperidinamine
DL-Glyceraldehyde,Nonadecanoic acid
DL-Glyceraldehyde,p-Toluic acid
DL-Glyceraldehyde,"Pentanedioic acid, 3-methyl-3-[(trimethylsilyl)oxy]-"
DL-Glyceraldehyde,"Propanetriol, 2-methyl-"
DL-Glyceraldehyde,"Stigmast-5-ene, 3beta-"
DL-Glyceraldehyde,Tartronic acid
DL-Glyceraldehyde,"Thymine, 1,3-dimethyl-6-(trimethylsilyloxymethyl)-"
DL-Glyceraldehyde,Triethanolamine
DL-Glyceraldehyde,"Trimethylsilyl (5-benzyl-3,6-dioxopiperazin-2-yl)acetate"
Glyoxime,1-Hydroxy-3-methoxy-6-methylanthraquinone
Glyoxime,"1,2,3,10,11,11a-Hexahydro-6,7,8-trimethoxy-3-oxo-5H-dibenzo(a,d)cycloheptene"
Glyoxime,3'-Hydroxyacetophenone
Glyoxime,4-Cumylphenol
Glyoxime,"Acetohydrazide, 2-(2-isopropyl-5-methylphenoxy)-N2-benzylideno-"
Glyoxime,"Benzaldehyde, 2,5-dimethyl-"
Glyoxime,"beta-d-Fructopyranose, 1-deoxy-1-(4-morpholinyl)-2,3,4,5-tetrakis-O-(trimethylsilyl)-"
Glyoxime,Cyclobutanol
Glyoxime,Octopamine
Isofucosterol,1-(4-Hydroxybenzylidene)acetone
Isofucosterol,"1,2-Butadiene, 1,1,4-triphenyl-3-trimethylsilyl-4-trimethylsilyloxy-"
Isofucosterol,"2-Amino-4,6-dihydroxypyrimidine"
Isofucosterol,"2,5-Piperazinedione, 3-benzyl-6-isopropyl-"
Isofucosterol,"2,6-Bis[2-[2-S-thiosulfuroethylamino]ethoxy]pyrazine"
Isofucosterol,3-Methyladenine
Isofucosterol,"3-Methylpiperazine-2,5-dione, (R)-"
Isofucosterol,"3,5-Dimethylpyrazole"
Isofucosterol,5-Hydroxytryptophan
Isofucosterol,9-Octadecenoic acid
Isofucosterol,"Acetin, bis-1,3-trimethylsilyl ether"
Isofucosterol,Arabinaric acid
Isofucosterol,"Benzaldehyde, 2,5-dimethyl-"
Isofucosterol,D-(-)-Citramalic acid
Isofucosterol,Dinoseb 
Isofucosterol,Indole-5-carboxylic acid
Isofucosterol,Isopropyl palmitate
Isofucosterol,Itaconic acid
Isofucosterol,Metanephrine
Isofucosterol,Methyl aminoacetate
Isofucosterol,"N,O-Bis(trimethylsilyl)carbamate"
Isofucosterol,Neostigmine 
Isofucosterol,Niclosamide
Isofucosterol,Nonadecanoic acid
Isofucosterol,Nonanal
Isofucosterol,"Pentanedioic acid, 3-methyl-3-[(trimethylsilyl)oxy]-"
Isofucosterol,Phenoxyacetic acid
Isofucosterol,Phloroglucinol
Isofucosterol,"Propanetriol, 2-methyl-"
Isofucosterol,Salsoline
Isofucosterol,"Stigmast-5-ene, 3beta-"
Isofucosterol,Triethanolamine
Isofucosterol,L-Tyrosine
Methyl aminoacetate,1-(4-Hydroxybenzylidene)acetone
Methyl aminoacetate,"1,2-Butadiene, 1,1,4-triphenyl-3-trimethylsilyl-4-trimethylsilyloxy-"
Methyl aminoacetate,"1,3,5-Benzetriol"
Methyl aminoacetate,"2,5-Piperazinedione, 3-benzyl-6-isopropyl-"
Methyl aminoacetate,"2,6-Bis[2-[2-S-thiosulfuroethylamino]ethoxy]pyrazine"
Methyl aminoacetate,3-Methyladenine
Methyl aminoacetate,"3,5-Dimethylpyrazole"
Methyl aminoacetate,"6,7,4'-Trihydroxyisoflavone"
Methyl aminoacetate,7-(Trimethylsilyl)amino-4-methylcoumarin
Methyl aminoacetate,9-Octadecenoic acid
Methyl aminoacetate,Acetoacetic acid
Methyl aminoacetate,Arabinaric acid
Methyl aminoacetate,"Benzaldehyde, 2,5-dimethyl-"
Methyl aminoacetate,"beta-d-Fructopyranose, 1-deoxy-1-(4-morpholinyl)-2,3,4,5-tetrakis-O-(trimethylsilyl)-"
Methyl aminoacetate,"Butanal, 2,3,4-tris[(trimethylsilyl)oxy]-, O-methyloxime, [R-(R*,R*)]-"
Methyl aminoacetate,Cadaverine
Methyl aminoacetate,"D-(+)-Ribono-1,4-lactone (R,S,R)-"
Methyl aminoacetate,Dinoseb 
Methyl aminoacetate,Indole-3-lactic acid
Methyl aminoacetate,Indole-5-carboxylic acid
Methyl aminoacetate,Isopropyl palmitate
Methyl aminoacetate,Itaconic acid
Methyl aminoacetate,Methylmalonic monoamide
Methyl aminoacetate,N-Methyl-N-(tetrahydro-2-furanylmethyl)-4-piperidinamine
Methyl aminoacetate,Niclosamide
Methyl aminoacetate,Nonadecanoic acid
Methyl aminoacetate,Nonanal
Methyl aminoacetate,p-Hydroxydiisopropylbenzene
Methyl aminoacetate,"Pentanedioic acid, 3-methyl-3-[(trimethylsilyl)oxy]-"
Methyl aminoacetate,"Propanetriol, 2-methyl-"
Methyl aminoacetate,Propylamine
Methyl aminoacetate,Salsoline
Methyl aminoacetate,"Stigmast-5-ene, 3beta-"
Methyl aminoacetate,Tartronic acid
Methyl aminoacetate,"Thymine, 1,3-dimethyl-6-(trimethylsilyloxymethyl)-"
Methyl aminoacetate,Triethanolamine
Niclosamide,1-(4-Hydroxybenzylidene)acetone
Niclosamide,1-Phenylethanol
Niclosamide,"1,2-Butadiene, 1,1,4-triphenyl-3-trimethylsilyl-4-trimethylsilyloxy-"
Niclosamide,12-Hydroxyoctadecanoic acid
Niclosamide,"2,5-Piperazinedione, 3-benzyl-6-isopropyl-"
Niclosamide,"3-Methylpiperazine-2,5-dione, (R)-"
Niclosamide,5-Henicosylresorcinol
Niclosamide,Arabinaric acid
Niclosamide,"Benzaldehyde, 2,5-dimethyl-"
Niclosamide,Dinoseb 
Niclosamide,"Dodecanoic acid, 1-methylethyl ester"
Niclosamide,Glycine
Niclosamide,Indole-3-lactic acid
Niclosamide,Isopropyl palmitate
Niclosamide,Neostigmine 
Niclosamide,Nonadecanoic acid
Niclosamide,Nonanal
Niclosamide,Phenoxyacetic acid
Niclosamide,Phlorizin
Niclosamide,Phloroglucinol
Niclosamide,Pimelic acid
Niclosamide,"Propanetriol, 2-methyl-"
Niclosamide,Salsoline
Niclosamide,L-Tyrosine
Nonadecanoic acid,"1,2-Butadiene, 1,1,4-triphenyl-3-trimethylsilyl-4-trimethylsilyloxy-"
Nonadecanoic acid,"1,2,3,10,11,11a-Hexahydro-6,7,8-trimethoxy-3-oxo-5H-dibenzo(a,d)cycloheptene"
Nonadecanoic acid,"1,3,5-Benzetriol"
Nonadecanoic acid,"2,5-Piperazinedione, 3-benzyl-6-isopropyl-"
Nonadecanoic acid,"2,6-Bis[2-[2-S-thiosulfuroethylamino]ethoxy]pyrazine"
Nonadecanoic acid,3-Hydroxyisovaleric acid
Nonadecanoic acid,"3,5-Dimethylpyrazole"
Nonadecanoic acid,4-Cumylphenol
Nonadecanoic acid,7-(Trimethylsilyl)amino-4-methylcoumarin
Nonadecanoic acid,Arabinaric acid
Nonadecanoic acid,"Benzaldehyde, 2,5-dimethyl-"
Nonadecanoic acid,Cadaverine
Nonadecanoic acid,"Cholesta-3,5-diene "
Nonadecanoic acid,Cyclobutanol
Nonadecanoic acid,"Cyclopentanone, 2,2,4-trimethyl-"
Nonadecanoic acid,Deoxycholic Acid
Nonadecanoic acid,Dinoseb 
Nonadecanoic acid,"Ethanamine, N,N-diethyl-2,2-dimethyl-2-[(3,5-dimethoxy)phenyl]-"
Nonadecanoic acid,Glycine
Nonadecanoic acid,Heptadecanoic acid
Nonadecanoic acid,Isopropyl palmitate
Nonadecanoic acid,"N-(Trifluoroacetyl)-N,O,O'-tris(trimethylsilyl)normetanephrine"
Nonadecanoic acid,"N,O-Bis(trimethylsilyl)carbamate"
Nonadecanoic acid,Neostigmine 
Nonadecanoic acid,Nonanal
Nonadecanoic acid,Pentadecanoic acid
Nonadecanoic acid,"Pentanedioic acid, 3-methyl-3-[(trimethylsilyl)oxy]-"
Nonadecanoic acid,Phlorizin
Nonadecanoic acid,"Propanetriol, 2-methyl-"
Nonadecanoic acid,Salsoline
Nonadecanoic acid,"Stigmast-5-ene, 3beta-"
Nonadecanoic acid,Triethanolamine
Nonadecanoic acid,L-Tyrosine
Nonanal,1-(4-Hydroxybenzylidene)acetone
Nonanal,1-Octanol
Nonanal,"1,2-Butadiene, 1,1,4-triphenyl-3-trimethylsilyl-4-trimethylsilyloxy-"
Nonanal,12-Oxooctadecanoate
Nonanal,"2,5-Piperazinedione, 3-benzyl-6-isopropyl-"
Nonanal,3-Hydroxyisovaleric acid
Nonanal,"3,5-Dimethylpyrazole"
Nonanal,5-Henicosylresorcinol
Nonanal,5-Hydroxytryptophan
Nonanal,"6,7,4'-Trihydroxyisoflavone"
Nonanal,Acetoacetic acid
Nonanal,"Benzaldehyde, 2,5-dimethyl-"
Nonanal,Butylmethylamine
Nonanal,Dinoseb 
Nonanal,"Dodecanoic acid, 1-methylethyl ester"
Nonanal,"Ethanamine, N,N-diethyl-2,2-dimethyl-2-[(3,5-dimethoxy)phenyl]-"
Nonanal,Indole-5-carboxylic acid
Nonanal,Isopropyl palmitate
Nonanal,Itaconic acid
Nonanal,Levulinic acid
Nonanal,Nitrosothymol
Nonanal,"Pentanedioic acid, 3-methyl-3-[(trimethylsilyl)oxy]-"
Nonanal,"Pentenoic acid, 4-[(trimethylsilyl)oxy]-"
Nonanal,Phenoxyacetic acid
Nonanal,Phloroglucinol
Nonanal,Pimelic acid
Nonanal,"Propanetriol, 2-methyl-"
Nonanal,Salsoline
Nonanal,Triethanolamine
"Pentanedioic acid, 3-methyl-3-[(trimethylsilyl)oxy]-","1,3,5-Benzetriol"
"Pentanedioic acid, 3-methyl-3-[(trimethylsilyl)oxy]-","15-Oxo-11Z,13E-eicosadienoic acid"
"Pentanedioic acid, 3-methyl-3-[(trimethylsilyl)oxy]-","2,5-Piperazinedione, 3-benzyl-6-isopropyl-"
"Pentanedioic acid, 3-methyl-3-[(trimethylsilyl)oxy]-","2,6-Bis[2-[2-S-thiosulfuroethylamino]ethoxy]pyrazine"
"Pentanedioic acid, 3-methyl-3-[(trimethylsilyl)oxy]-",5-(2-Aminopropyl)-2-methylphenol
"Pentanedioic acid, 3-methyl-3-[(trimethylsilyl)oxy]-",9-Octadecenoic acid
"Pentanedioic acid, 3-methyl-3-[(trimethylsilyl)oxy]-","D-(+)-Ribono-1,4-lactone (R,S,R)-"
"Pentanedioic acid, 3-methyl-3-[(trimethylsilyl)oxy]-",Isopropyl palmitate
"Pentanedioic acid, 3-methyl-3-[(trimethylsilyl)oxy]-",Methyl-3-methoxy-5-methyl benzoate
"Pentanedioic acid, 3-methyl-3-[(trimethylsilyl)oxy]-",Methylmalonic monoamide
"Pentanedioic acid, 3-methyl-3-[(trimethylsilyl)oxy]-",N-Methyl-N-(tetrahydro-2-furanylmethyl)-4-piperidinamine
"Pentanedioic acid, 3-methyl-3-[(trimethylsilyl)oxy]-",p-Toluic acid
"Pentanedioic acid, 3-methyl-3-[(trimethylsilyl)oxy]-","Propanetriol, 2-methyl-"
"Pentanedioic acid, 3-methyl-3-[(trimethylsilyl)oxy]-",Tartronic acid
"Pentanedioic acid, 3-methyl-3-[(trimethylsilyl)oxy]-","Thymine, 1,3-dimethyl-6-(trimethylsilyloxymethyl)-"
"Pentanedioic acid, 3-methyl-3-[(trimethylsilyl)oxy]-",Triethanolamine
Phloroglucinol,1-(4-Hydroxybenzylidene)acetone
Phloroglucinol,1-Tetradecanol
Phloroglucinol,"1,2-Butadiene, 1,1,4-triphenyl-3-trimethylsilyl-4-trimethylsilyloxy-"
Phloroglucinol,"2,5-Piperazinedione, 3-benzyl-6-isopropyl-"
Phloroglucinol,"3,5-Dimethylpyrazole"
Phloroglucinol,Dodecanoic acid
Phloroglucinol,Dodecylcyclohexane
Phloroglucinol,Neostigmine 
Phloroglucinol,"Propanetriol, 2-methyl-"
Phloroglucinol,Salsoline
Phloroglucinol,"Stigmast-5-ene, 3beta-"
Phloroglucinol,"Thymine, 1,3-dimethyl-6-(trimethylsilyloxymethyl)-"
Phloroglucinol,"Trimethylsilyl (5-benzyl-3,6-dioxopiperazin-2-yl)acetate"
Tartronic acid,1-Tetradecanol
Tartronic acid,2-Acetyl-5-chloro-3-methylbenzo(b)thiophene
Tartronic acid,"2-Allyl-1,4-dimethoxybenzene"
Tartronic acid,"2,3,4-Trihydroxybutyric acid tetrakis"
Tartronic acid,"2,5-Piperazinedione, 3-benzyl-6-isopropyl-"
Tartronic acid,"2,6-Bis[2-[2-S-thiosulfuroethylamino]ethoxy]pyrazine"
Tartronic acid,3-Ureidopropionic acid
Tartronic acid,4-Hydroxybenzeneacetic acid
Tartronic acid,"5-Androsten-17alpha-methyl-3beta,17beta-diol"
Tartronic acid,"6,8-Dioxapentadecane"
Tartronic acid,9-Octadecenoic acid
Tartronic acid,"Acetohydrazide, 2-(2-isopropyl-5-methylphenoxy)-N2-benzylideno-"
Tartronic acid,"Benzaldehyde, 2,5-dimethyl-"
Tartronic acid,Benzeneacetic acid
Tartronic acid,"beta-D-Galactofuranose, 1,2,3,5,6-pentakis-O-(trimethylsilyl)-"
Tartronic acid,beta-Lyxopyranose
Tartronic acid,Cadaverine
Tartronic acid,cis-4-Trimethylsilyloxy-cyclohexyl(trimethylsilyl)carboxylate
Tartronic acid,D-Fructose
Tartronic acid,Gln-Ala
Tartronic acid,Indole-5-carboxylic acid
Tartronic acid,N-Isovaleroylglycine
Tartronic acid,N-Methyl-N-(tetrahydro-2-furanylmethyl)-4-piperidinamine
Tartronic acid,"N,O-Bis(trimethylsilyl)carbamate"
Tartronic acid,"Propanetriol, 2-methyl-"
Tartronic acid,Propylamine
Tartronic acid,"Thymine, 1,3-dimethyl-6-(trimethylsilyloxymethyl)-"
Tartronic acid,Triethanolamine
"Thymine, 1,3-dimethyl-6-(trimethylsilyloxymethyl)-",1-Phenethylamine
"Thymine, 1,3-dimethyl-6-(trimethylsilyloxymethyl)-",1-Tetradecanol
"Thymine, 1,3-dimethyl-6-(trimethylsilyloxymethyl)-","1,1'-Biphenyl, 3,4-diethyl-"
"Thymine, 1,3-dimethyl-6-(trimethylsilyloxymethyl)-","1,3,5-Benzetriol"
"Thymine, 1,3-dimethyl-6-(trimethylsilyloxymethyl)-",2-Naphthol
"Thymine, 1,3-dimethyl-6-(trimethylsilyloxymethyl)-","2,2-Diallylpyrrolidine"
"Thymine, 1,3-dimethyl-6-(trimethylsilyloxymethyl)-","2,4-Imidazolidinedione, 5,5-dimethyl-"
"Thymine, 1,3-dimethyl-6-(trimethylsilyloxymethyl)-","2,6-Bis[2-[2-S-thiosulfuroethylamino]ethoxy]pyrazine"
"Thymine, 1,3-dimethyl-6-(trimethylsilyloxymethyl)-",3-Indolepropionic acid
"Thymine, 1,3-dimethyl-6-(trimethylsilyloxymethyl)-","3-Methylpiperazine-2,5-dione, (R)-"
"Thymine, 1,3-dimethyl-6-(trimethylsilyloxymethyl)-","5-Androsten-17alpha-methyl-3beta,17beta-diol"
"Thymine, 1,3-dimethyl-6-(trimethylsilyloxymethyl)-",Alloxanic acid
"Thymine, 1,3-dimethyl-6-(trimethylsilyloxymethyl)-",Indole-3-lactic acid
"Thymine, 1,3-dimethyl-6-(trimethylsilyloxymethyl)-",Methyl-3-methoxy-5-methyl benzoate
"Thymine, 1,3-dimethyl-6-(trimethylsilyloxymethyl)-","Propanetriol, 2-methyl-"
Triethanolamine,1-(4-Hydroxybenzylidene)acetone
Triethanolamine,1-Phenylethanol
Triethanolamine,"1,3,5-Benzetriol"
Triethanolamine,"15-Oxo-11Z,13E-eicosadienoic acid"
Triethanolamine,2-Acetyl-5-chloro-3-methylbenzo(b)thiophene
Triethanolamine,"2-Allyl-1,4-dimethoxybenzene"
Triethanolamine,"2,3,4-Trihydroxybutyric acid tetrakis"
Triethanolamine,"2,5-Piperazinedione, 3-benzyl-6-isopropyl-"
Triethanolamine,"2,6-Bis[2-[2-S-thiosulfuroethylamino]ethoxy]pyrazine"
Triethanolamine,3-Hydroxyisovaleric acid
Triethanolamine,3-Methyladenine
Triethanolamine,3'-Hydroxyacetophenone
Triethanolamine,"6,8-Dioxapentadecane"
Triethanolamine,9-Octadecenoic acid
Triethanolamine,"Acetohydrazide, 2-(2-isopropyl-5-methylphenoxy)-N2-benzylideno-"
Triethanolamine,Arabinaric acid
Triethanolamine,"Benzaldehyde, 2,5-dimethyl-"
Triethanolamine,"Benzene, 1-acetoxy-2,6-dimethoxy-4-(2-propenyl)-"
Triethanolamine,Benzeneacetic acid
Triethanolamine,"beta-D-Galactofuranose, 1,2,3,5,6-pentakis-O-(trimethylsilyl)-"
Triethanolamine,"Butanal, 2,3,4-tris[(trimethylsilyl)oxy]-, O-methyloxime, [R-(R*,R*)]-"
Triethanolamine,"Cholesta-3,5-dien-7-one"
Triethanolamine,D-Fructose
Triethanolamine,Dinoseb 
Triethanolamine,"Ethanamine, N,N-diethyl-2,2-dimethyl-2-[(3,5-dimethoxy)phenyl]-"
Triethanolamine,Indole-5-carboxylic acid
Triethanolamine,Isopropyl palmitate
Triethanolamine,Itaconic acid
Triethanolamine,Metanephrine
Triethanolamine,Methylmalonic monoamide
Triethanolamine,N-Isovaleroylglycine
Triethanolamine,N-Methyl-N-(tetrahydro-2-furanylmethyl)-4-piperidinamine
Triethanolamine,Neostigmine 
Triethanolamine,p-Hydroxydiisopropylbenzene
Triethanolamine,p-Toluic acid
Triethanolamine,"Propanetriol, 2-methyl-"
Triethanolamine,Propylamine
"Trimethylsilyl (5-benzyl-3,6-dioxopiperazin-2-yl)acetate","1,1'-Biphenyl, 3,4-diethyl-"
"Trimethylsilyl (5-benzyl-3,6-dioxopiperazin-2-yl)acetate","1,3,5-Benzetriol"
"Trimethylsilyl (5-benzyl-3,6-dioxopiperazin-2-yl)acetate",3-Amino-2-piperidone
"Trimethylsilyl (5-benzyl-3,6-dioxopiperazin-2-yl)acetate","3,5-Dimethylpyrazole"
"Trimethylsilyl (5-benzyl-3,6-dioxopiperazin-2-yl)acetate",4-(Methoxycarbonyl)phenol
"Trimethylsilyl (5-benzyl-3,6-dioxopiperazin-2-yl)acetate",4-Cumylphenol
"Trimethylsilyl (5-benzyl-3,6-dioxopiperazin-2-yl)acetate",5-Aminovaleric acid
"Trimethylsilyl (5-benzyl-3,6-dioxopiperazin-2-yl)acetate",5-Hydroxytryptophan
"Trimethylsilyl (5-benzyl-3,6-dioxopiperazin-2-yl)acetate","Benzene, 4-ethenyl-1,2-dimethoxy-"
"Trimethylsilyl (5-benzyl-3,6-dioxopiperazin-2-yl)acetate",Dobutamine
"Trimethylsilyl (5-benzyl-3,6-dioxopiperazin-2-yl)acetate",Indole-5-carboxylic acid
(CH3)2C=NC2H558,"2,5-Cyclohexadiene-1,4-dione, 2,6-bis(1,1-dimethylethyl)-"
(CH3)2C=NC2H558,4-Methylvaleric acid
(CH3)2C=NC2H558,"Benzoic acid, methyl ester"
"1,2-Butadiene, 1,1,4-triphenyl-3-trimethylsilyl-4-trimethylsilyloxy-",1-(3-Methylphenyl)piperazine
"1,2-Butadiene, 1,1,4-triphenyl-3-trimethylsilyl-4-trimethylsilyloxy-",1-(4-Hydroxybenzylidene)acetone
"1,2-Butadiene, 1,1,4-triphenyl-3-trimethylsilyl-4-trimethylsilyloxy-","1-Butanamine, N,N-diethyl-"
"1,2-Butadiene, 1,1,4-triphenyl-3-trimethylsilyl-4-trimethylsilyloxy-",12-Oxooctadecanoate
"1,2-Butadiene, 1,1,4-triphenyl-3-trimethylsilyl-4-trimethylsilyloxy-",2-Heptenoic acid
"1,2-Butadiene, 1,1,4-triphenyl-3-trimethylsilyl-4-trimethylsilyloxy-",2-Naphthol
"1,2-Butadiene, 1,1,4-triphenyl-3-trimethylsilyl-4-trimethylsilyloxy-","2,5-Piperazinedione, 3-benzyl-6-isopropyl-"
"1,2-Butadiene, 1,1,4-triphenyl-3-trimethylsilyl-4-trimethylsilyloxy-",3-Hydroxyisovaleric acid
"1,2-Butadiene, 1,1,4-triphenyl-3-trimethylsilyl-4-trimethylsilyloxy-",3-Methyladenine
"1,2-Butadiene, 1,1,4-triphenyl-3-trimethylsilyl-4-trimethylsilyloxy-","3,5-Dimethylpyrazole"
"1,2-Butadiene, 1,1,4-triphenyl-3-trimethylsilyl-4-trimethylsilyloxy-",5-Henicosylresorcinol
"1,2-Butadiene, 1,1,4-triphenyl-3-trimethylsilyl-4-trimethylsilyloxy-",5-Hydroxytryptophan
"1,2-Butadiene, 1,1,4-triphenyl-3-trimethylsilyl-4-trimethylsilyloxy-",7-(Trimethylsilyl)amino-4-methylcoumarin
"1,2-Butadiene, 1,1,4-triphenyl-3-trimethylsilyl-4-trimethylsilyloxy-","Acetin, bis-1,3-trimethylsilyl ether"
"1,2-Butadiene, 1,1,4-triphenyl-3-trimethylsilyl-4-trimethylsilyloxy-",Butylmethylamine
"1,2-Butadiene, 1,1,4-triphenyl-3-trimethylsilyl-4-trimethylsilyloxy-",Dinoseb 
"1,2-Butadiene, 1,1,4-triphenyl-3-trimethylsilyl-4-trimethylsilyloxy-","DL-Proline, 5-oxo-"
"1,2-Butadiene, 1,1,4-triphenyl-3-trimethylsilyl-4-trimethylsilyloxy-",Hydantoic acid
"1,2-Butadiene, 1,1,4-triphenyl-3-trimethylsilyl-4-trimethylsilyloxy-",Isopropyl palmitate
"1,2-Butadiene, 1,1,4-triphenyl-3-trimethylsilyl-4-trimethylsilyloxy-","N,N-Diethyl-2-aminoethanol"
"1,2-Butadiene, 1,1,4-triphenyl-3-trimethylsilyl-4-trimethylsilyloxy-",Neostigmine 
"1,2-Butadiene, 1,1,4-triphenyl-3-trimethylsilyl-4-trimethylsilyloxy-",Phenoxyacetic acid
"1,2-Butadiene, 1,1,4-triphenyl-3-trimethylsilyl-4-trimethylsilyloxy-",Phlorizin
"1,2-Butadiene, 1,1,4-triphenyl-3-trimethylsilyl-4-trimethylsilyloxy-",Pimelic acid
"1,2-Butadiene, 1,1,4-triphenyl-3-trimethylsilyl-4-trimethylsilyloxy-","Propanetriol, 2-methyl-"
"1,2-Butadiene, 1,1,4-triphenyl-3-trimethylsilyl-4-trimethylsilyloxy-",S-Methyl-L-cysteine
"1,2-Butadiene, 1,1,4-triphenyl-3-trimethylsilyl-4-trimethylsilyloxy-",Salsoline
"1,2-Butadiene, 1,1,4-triphenyl-3-trimethylsilyl-4-trimethylsilyloxy-","Stigmast-5-ene, 3beta-"
"1,2-Butadiene, 1,1,4-triphenyl-3-trimethylsilyl-4-trimethylsilyloxy-",L-Tyrosine
2-Naphthol,1-(4-Hydroxybenzylidene)acetone
2-Naphthol,"3,5-Dimethylpyrazole"
2-Naphthol,"Dodecanoic acid, 1-methylethyl ester"
2-Naphthol,Phlorizin
2-Naphthol,"Stigmast-5-ene, 3beta-"
"2,5-Cyclohexadiene-1,4-dione, 2,6-bis(1,1-dimethylethyl)-",Arabinaric acid
"2,5-Cyclohexadiene-1,4-dione, 2,6-bis(1,1-dimethylethyl)-","Phenol, 3,5-bis(1,1-dimethylethyl)-"
4-Methylvaleric acid,Norketamine
4-Methylvaleric acid,"Pyrazine, 3,6-dihydro-3,6-dimethyl-"
"Benzoic acid, methyl ester",alpha-Linolenic acid
"Benzoic acid, methyl ester",Citric acid
Butylated Hydroxytoluene,1-Hydroxy-3-methoxy-6-methylanthraquinone
Butylated Hydroxytoluene,"Acetamide, N,N-diethyl-"
Butylated Hydroxytoluene,"Acetohydrazide, 2-(2-isopropyl-5-methylphenoxy)-N2-benzylideno-"
Butylmethylamine,"1-Butanamine, N,N-diethyl-"
Butylmethylamine,"1-Decene, 8-methyl-"
Butylmethylamine,1-Octanol
Butylmethylamine,"1-Octene, 2-methyl-"
Butylmethylamine,"1,1'-Biphenyl, 3,4-diethyl-"
Butylmethylamine,"1,3,5-Benzetriol"
Butylmethylamine,"2,5-Piperazinedione, 3-benzyl-6-isopropyl-"
Butylmethylamine,3-Hydroxyisovaleric acid
Butylmethylamine,4-Hydroxy-5-(hydroxymethyl)oxolan-2-one
Butylmethylamine,5-Henicosylresorcinol
Butylmethylamine,D-Arabinose
Butylmethylamine,Guanabenz
Butylmethylamine,Isopropyl palmitate
Butylmethylamine,Levulinic acid
Butylmethylamine,Neostigmine 
Butylmethylamine,"Propanetriol, 2-methyl-"
Butylmethylamine,Salsoline
Butylmethylamine,"Stigmast-5-ene, 3beta-"
Dodecanoic acid,12-Oxooctadecanoate
Dodecanoic acid,5-Ethyluracil
Dodecanoic acid,Dodecylcyclohexane
Dodecanoic acid,Levulinic acid
Dodecanoic acid,Myristic acid
Dodecanoic acid,Phlorizin
Dodecanoic acid,L-Tyrosine
Eicosapentaenoic acid,"1,3,5-Trimethyl-1H-pyrazol-4-amine"
Eicosapentaenoic acid,"Acetamide, N,N-diethyl-"
Eicosapentaenoic acid,"D-Erythro-Pentofuranose, 2-deoxy-1,3-bis-O-"
Eicosapentaenoic acid,L-Isoleucine
Eicosapentaenoic acid,Levulinic acid
Eicosapentaenoic acid,Myristic acid
Phlorizin,1-(3-Methylphenyl)piperazine
Phlorizin,"1,3-bis[(Trimethylsilyl)ethynyl]benzene"
Phlorizin,12-Oxooctadecanoate
Phlorizin,2-Heptenoic acid
Phlorizin,5-Henicosylresorcinol
Phlorizin,5-Hydroxytryptophan
Phlorizin,"Benzaldehyde, 2,5-dimethyl-"
Phlorizin,Campesterol
Phlorizin,D-Mannose
Phlorizin,"Glycine, N-(N-DL-leucylglycyl)-"
Phlorizin,Levulinic acid
Phlorizin,"Pentenoic acid, 4-[(trimethylsilyl)oxy]-"
Phlorizin,Phenoxyacetic acid
Phlorizin,Salsoline
Phlorizin,Trimethylsilyl oct-2-enoate 
"1-(4-Methoxyphenyl)-4,6-dimethyl-2(1H)-pyrimidinone","1-Methyl-N,N-bis(trimethylsilyl)-4-[(trimethylsilyl)oxy]-1H-imidazol-2-amine"
"1-(4-Methoxyphenyl)-4,6-dimethyl-2(1H)-pyrimidinone","3,4,5-Trihydroxypentanoic acid, tetrakis(trimethylsilyl)-"
"1-(4-Methoxyphenyl)-4,6-dimethyl-2(1H)-pyrimidinone",3'-Hydroxyacetophenone
"1-(4-Methoxyphenyl)-4,6-dimethyl-2(1H)-pyrimidinone",Isoxaben
"1-(4-Methoxyphenyl)-4,6-dimethyl-2(1H)-pyrimidinone",Itaconic acid
"1-(4-Methoxyphenyl)-4,6-dimethyl-2(1H)-pyrimidinone",L-Asparagine
"1-(4-Methoxyphenyl)-4,6-dimethyl-2(1H)-pyrimidinone",L-Glutamic acid
"1,2,3,10,11,11a-Hexahydro-6,7,8-trimethoxy-3-oxo-5H-dibenzo(a,d)cycloheptene",3'-Hydroxyacetophenone
"1,2,3,10,11,11a-Hexahydro-6,7,8-trimethoxy-3-oxo-5H-dibenzo(a,d)cycloheptene",5-Aminovaleric acid
"1,2,3,10,11,11a-Hexahydro-6,7,8-trimethoxy-3-oxo-5H-dibenzo(a,d)cycloheptene","6,7,4'-Trihydroxyisoflavone"
"1,2,3,10,11,11a-Hexahydro-6,7,8-trimethoxy-3-oxo-5H-dibenzo(a,d)cycloheptene","Benzaldehyde, 2,5-dimethyl-"
"1,2,3,10,11,11a-Hexahydro-6,7,8-trimethoxy-3-oxo-5H-dibenzo(a,d)cycloheptene","Cetaben, N,O-bis(trimethylsilyl)-"
"1,2,3,10,11,11a-Hexahydro-6,7,8-trimethoxy-3-oxo-5H-dibenzo(a,d)cycloheptene",D-Fructose
"1,2,3,10,11,11a-Hexahydro-6,7,8-trimethoxy-3-oxo-5H-dibenzo(a,d)cycloheptene",Desmosterol
"1,2,3,10,11,11a-Hexahydro-6,7,8-trimethoxy-3-oxo-5H-dibenzo(a,d)cycloheptene",Levulinic acid
"1,2,3,10,11,11a-Hexahydro-6,7,8-trimethoxy-3-oxo-5H-dibenzo(a,d)cycloheptene","Propanetriol, 2-methyl-"
"1,2,3,10,11,11a-Hexahydro-6,7,8-trimethoxy-3-oxo-5H-dibenzo(a,d)cycloheptene",Propylamine
"1,3,5-Benzetriol","3-Methylpiperazine-2,5-dione, (R)-"
"1,3,5-Benzetriol","3,4,5-Trihydroxypentanoic acid, tetrakis(trimethylsilyl)-"
"1,3,5-Benzetriol",4-Cumylphenol
"1,3,5-Benzetriol",7-(Trimethylsilyl)amino-4-methylcoumarin
"1,3,5-Benzetriol",Cyclobutanol
"1,3,5-Benzetriol",Deoxycholic Acid
"1,3,5-Benzetriol",Dinoseb 
"1,3,5-Benzetriol",Guanabenz
"1,3,5-Benzetriol",Isopropyl palmitate
"1,3,5-Benzetriol",N-Methyl-N-(tetrahydro-2-furanylmethyl)-4-piperidinamine
"1,3,5-Benzetriol",Nitrosothymol
"15-Oxo-11Z,13E-eicosadienoic acid",1-(4-Hydroxybenzylidene)acetone
"15-Oxo-11Z,13E-eicosadienoic acid",2-Acetyl-5-chloro-3-methylbenzo(b)thiophene
"15-Oxo-11Z,13E-eicosadienoic acid","2-Allyl-1,4-dimethoxybenzene"
"15-Oxo-11Z,13E-eicosadienoic acid","2-Heptanone, 4,6-dimethyl-"
"15-Oxo-11Z,13E-eicosadienoic acid","2,6-Bis[2-[2-S-thiosulfuroethylamino]ethoxy]pyrazine"
"15-Oxo-11Z,13E-eicosadienoic acid","3-Methylpiperazine-2,5-dione, (R)-"
"15-Oxo-11Z,13E-eicosadienoic acid",3-Ureidopropionic acid
"15-Oxo-11Z,13E-eicosadienoic acid",9-Octadecenoic acid
"15-Oxo-11Z,13E-eicosadienoic acid","Benzaldehyde, 2,5-dimethyl-"
"15-Oxo-11Z,13E-eicosadienoic acid",D-Fructose
"15-Oxo-11Z,13E-eicosadienoic acid",Deoxycholic Acid
"15-Oxo-11Z,13E-eicosadienoic acid",Dihydrouracil
"15-Oxo-11Z,13E-eicosadienoic acid",Hydantoic acid
"15-Oxo-11Z,13E-eicosadienoic acid",N-Isovaleroylglycine
"15-Oxo-11Z,13E-eicosadienoic acid",N-Methyl-N-(tetrahydro-2-furanylmethyl)-4-piperidinamine
"15-Oxo-11Z,13E-eicosadienoic acid",Phenylalanine
"15-Oxo-11Z,13E-eicosadienoic acid",Propylamine
2-Acetyl-5-chloro-3-methylbenzo(b)thiophene,1-(4-Hydroxybenzylidene)acetone
2-Acetyl-5-chloro-3-methylbenzo(b)thiophene,"2-Allyl-1,4-dimethoxybenzene"
2-Acetyl-5-chloro-3-methylbenzo(b)thiophene,"3-Methylpiperazine-2,5-dione, (R)-"
2-Acetyl-5-chloro-3-methylbenzo(b)thiophene,"3,5-Dimethylpyrazole"
2-Acetyl-5-chloro-3-methylbenzo(b)thiophene,9-Octadecenoic acid
2-Acetyl-5-chloro-3-methylbenzo(b)thiophene,"Benzaldehyde, 2,5-dimethyl-"
2-Acetyl-5-chloro-3-methylbenzo(b)thiophene,"beta-D-Galactofuranose, 1,2,3,5,6-pentakis-O-(trimethylsilyl)-"
2-Acetyl-5-chloro-3-methylbenzo(b)thiophene,beta-Lyxopyranose
2-Acetyl-5-chloro-3-methylbenzo(b)thiophene,"Butanal, 2,3,4-tris[(trimethylsilyl)oxy]-, O-methyloxime, [R-(R*,R*)]-"
2-Acetyl-5-chloro-3-methylbenzo(b)thiophene,"Cholesta-3,5-dien-7-one"
2-Acetyl-5-chloro-3-methylbenzo(b)thiophene,Indole-5-carboxylic acid
2-Acetyl-5-chloro-3-methylbenzo(b)thiophene,L-Threitol
2-Acetyl-5-chloro-3-methylbenzo(b)thiophene,Methyl-3-methoxy-5-methyl benzoate
2-Acetyl-5-chloro-3-methylbenzo(b)thiophene,N-Methyl-N-(tetrahydro-2-furanylmethyl)-4-piperidinamine
2-Acetyl-5-chloro-3-methylbenzo(b)thiophene,p-Toluic acid
2-Acetyl-5-chloro-3-methylbenzo(b)thiophene,Propylamine
2-Acetyl-5-chloro-3-methylbenzo(b)thiophene,S-Methyl-L-cysteine
2-Acetyl-5-chloro-3-methylbenzo(b)thiophene,Sertraline carbamoyl glucuronide
"2-Allyl-1,4-dimethoxybenzene",1-(4-Hydroxybenzylidene)acetone
"2-Allyl-1,4-dimethoxybenzene",9-Octadecenoic acid
"2-Allyl-1,4-dimethoxybenzene","Benzaldehyde, 2,5-dimethyl-"
"2-Allyl-1,4-dimethoxybenzene","Benzene, 1-acetoxy-2,6-dimethoxy-4-(2-propenyl)-"
"2-Allyl-1,4-dimethoxybenzene",beta-Lyxopyranose
"2-Allyl-1,4-dimethoxybenzene","Cetaben, N,O-bis(trimethylsilyl)-"
"2-Allyl-1,4-dimethoxybenzene",L-Threitol
"2-Allyl-1,4-dimethoxybenzene",Methyl-3-methoxy-5-methyl benzoate
"2-Allyl-1,4-dimethoxybenzene",N-Methyl-N-(tetrahydro-2-furanylmethyl)-4-piperidinamine
"2,3,4-Trihydroxybutyric acid tetrakis","2,5-Piperazinedione, 3-benzyl-6-isopropyl-"
"2,3,4-Trihydroxybutyric acid tetrakis","3,4,5-Trihydroxypentanoic acid, tetrakis(trimethylsilyl)-"
"2,3,4-Trihydroxybutyric acid tetrakis",9-Octadecenoic acid
"2,3,4-Trihydroxybutyric acid tetrakis",beta-Lyxopyranose
"2,3,4-Trihydroxybutyric acid tetrakis","D-(+)-Ribono-1,4-lactone (R,S,R)-"
"2,3,4-Trihydroxybutyric acid tetrakis",D-Fructose
"2,3,4-Trihydroxybutyric acid tetrakis",Glyceric acid
"2,3,4-Trihydroxybutyric acid tetrakis",Methyl-3-methoxy-5-methyl benzoate
"2,3,4-Trihydroxybutyric acid tetrakis","N-(Trifluoroacetyl)-N,O,O'-tris(trimethylsilyl)normetanephrine"
"2,3,4-Trihydroxybutyric acid tetrakis","Propanetriol, 2-methyl-"
"2,3,4-Trihydroxybutyric acid tetrakis",Propylamine
3-Methyladenine,1-(4-Hydroxybenzylidene)acetone
3-Methyladenine,1-Phenylethanol
3-Methyladenine,2-Heptenoic acid
3-Methyladenine,"2,5-Piperazinedione, 3-benzyl-6-isopropyl-"
3-Methyladenine,"3-Methylpiperazine-2,5-dione, (R)-"
3-Methyladenine,Acetoacetic acid
3-Methyladenine,Neostigmine 
3-Methyladenine,Phenoxyacetic acid
3-Methyladenine,Pimelic acid
3-Methyladenine,Suberic acid
4-Hydroxybenzaldehyde,2-Pyrrolidinone
4-Hydroxybenzaldehyde,"Propanoic acid, 2-methyl-"
5-Hydroxytryptophan,"1-Methyl-N,N-bis(trimethylsilyl)-4-[(trimethylsilyl)oxy]-1H-imidazol-2-amine"
5-Hydroxytryptophan,1-Phenethylamine
5-Hydroxytryptophan,"1H-Pyrazole, 3,4-bis(trimethylsilyl)-"
5-Hydroxytryptophan,2-Heptenoic acid
5-Hydroxytryptophan,"5-Cholesten-3beta, 7alpha-bis[(trimethylsilyl)oxy]- "
5-Hydroxytryptophan,"Benzaldehyde, 2,5-dimethyl-"
5-Hydroxytryptophan,Campesterol
5-Hydroxytryptophan,cyclobutanecarboxylic acid
5-Hydroxytryptophan,Neostigmine 
5-Hydroxytryptophan,Phenoxyacetic acid
5-Hydroxytryptophan,S-Methyl-L-cysteine
5-Hydroxytryptophan,Salsoline
5-Hydroxytryptophan,"Stigmast-5-ene, 3beta-"
"6,7,4'-Trihydroxyisoflavone",9-Octadecenoic acid
"6,7,4'-Trihydroxyisoflavone","Benzene, 1-acetoxy-2,6-dimethoxy-4-(2-propenyl)-"
"6,7,4'-Trihydroxyisoflavone",D-Fructose
"6,7,4'-Trihydroxyisoflavone",p-Toluic acid
"6,7,4'-Trihydroxyisoflavone","Propanetriol, 2-methyl-"
"6,7,4'-Trihydroxyisoflavone",Ribitol
9-Octadecenoic acid,1-(4-Hydroxybenzylidene)acetone
9-Octadecenoic acid,"2,5-Piperazinedione, 3-benzyl-6-isopropyl-"
9-Octadecenoic acid,"3-Methylpiperazine-2,5-dione, (R)-"
9-Octadecenoic acid,3-Ureidopropionic acid
9-Octadecenoic acid,"6,8-Dioxapentadecane"
9-Octadecenoic acid,"Acetin, bis-1,3-trimethylsilyl ether"
9-Octadecenoic acid,"Benzaldehyde, 2,5-dimethyl-"
9-Octadecenoic acid,"beta-d-Fructopyranose, 1-deoxy-1-(4-morpholinyl)-2,3,4,5-tetrakis-O-(trimethylsilyl)-"
9-Octadecenoic acid,"beta-D-Galactofuranose, 1,2,3,5,6-pentakis-O-(trimethylsilyl)-"
9-Octadecenoic acid,beta-Lyxopyranose
9-Octadecenoic acid,"Cholesta-3,5-dien-7-one"
9-Octadecenoic acid,cis-4-Trimethylsilyloxy-cyclohexyl(trimethylsilyl)carboxylate
9-Octadecenoic acid,"D-(+)-Ribono-1,4-lactone (R,S,R)-"
9-Octadecenoic acid,D-Fructose
9-Octadecenoic acid,Dinoseb 
9-Octadecenoic acid,Indole-5-carboxylic acid
9-Octadecenoic acid,Isopropyl palmitate
9-Octadecenoic acid,L-Threitol
9-Octadecenoic acid,Methyl-3-methoxy-5-methyl benzoate
9-Octadecenoic acid,N-Methyl-N-(tetrahydro-2-furanylmethyl)-4-piperidinamine
9-Octadecenoic acid,"Propanetriol, 2-methyl-"
alpha-Linolenic acid,"Aziridine, 1-(2-buten-2-yl)-"
alpha-Linolenic acid,Citric acid
Benzeneacetic acid,"3-Methylpiperazine-2,5-dione, (R)-"
Benzeneacetic acid,"3,4,5-Trihydroxypentanoic acid, tetrakis(trimethylsilyl)-"
Benzeneacetic acid,5-(2-Aminopropyl)-2-methylphenol
Benzeneacetic acid,"5-Androsten-17alpha-methyl-3beta,17beta-diol"
Benzeneacetic acid,"6,8-Dioxapentadecane"
Benzeneacetic acid,7-(Trimethylsilyl)amino-4-methylcoumarin
Benzeneacetic acid,"Benzaldehyde, 2,5-dimethyl-"
Benzeneacetic acid,cis-4-Trimethylsilyloxy-cyclohexyl(trimethylsilyl)carboxylate
Benzeneacetic acid,D-Fructose
Benzeneacetic acid,Dihydrouracil
Benzeneacetic acid,"Ethanamine, N,N-diethyl-2,2-dimethyl-2-[(3,5-dimethoxy)phenyl]-"
Benzeneacetic acid,Methylmalonic monoamide
Benzeneacetic acid,"N-(Trifluoroacetyl)-N,O,O'-tris(trimethylsilyl)normetanephrine"
Benzeneacetic acid,"Propanetriol, 2-methyl-"
"beta-D-Galactofuranose, 1,2,3,5,6-pentakis-O-(trimethylsilyl)-","2,6-Bis[2-[2-S-thiosulfuroethylamino]ethoxy]pyrazine"
"beta-D-Galactofuranose, 1,2,3,5,6-pentakis-O-(trimethylsilyl)-",3-Hydroxyisovaleric acid
"beta-D-Galactofuranose, 1,2,3,5,6-pentakis-O-(trimethylsilyl)-",Arachidonic acid
"beta-D-Galactofuranose, 1,2,3,5,6-pentakis-O-(trimethylsilyl)-",Dinoseb 
"beta-D-Galactofuranose, 1,2,3,5,6-pentakis-O-(trimethylsilyl)-",Isopropyl palmitate
"beta-D-Galactofuranose, 1,2,3,5,6-pentakis-O-(trimethylsilyl)-",Itaconic acid
"beta-D-Galactofuranose, 1,2,3,5,6-pentakis-O-(trimethylsilyl)-",N-Methyl-N-(tetrahydro-2-furanylmethyl)-4-piperidinamine
D-Fructose,"2,6-Bis[2-[2-S-thiosulfuroethylamino]ethoxy]pyrazine"
D-Fructose,3-Ureidopropionic acid
D-Fructose,4-Hydroxybenzeneacetic acid
D-Fructose,"5-Androsten-17alpha-methyl-3beta,17beta-diol"
D-Fructose,"Benzaldehyde, 2,5-dimethyl-"
D-Fructose,cis-4-Trimethylsilyloxy-cyclohexyl(trimethylsilyl)carboxylate
D-Fructose,"Cyclopentanone, 2,2,4-trimethyl-"
D-Fructose,"D-(+)-Ribono-1,4-lactone (R,S,R)-"
D-Fructose,Deoxycholic Acid
D-Fructose,Methylmalonic monoamide
D-Fructose,"Propanetriol, 2-methyl-"
D-Fructose,Propylamine
D-Fructose,Xylose
Dinoseb ,1-(4-Hydroxybenzylidene)acetone
Dinoseb ,1-Tetradecanol
Dinoseb ,12-Oxooctadecanoate
Dinoseb ,"2-Amino-4,6-dihydroxypyrimidine"
Dinoseb ,2-Heptenoic acid
Dinoseb ,"2,5-Piperazinedione, 3-benzyl-6-isopropyl-"
Dinoseb ,"2,6-Bis[2-[2-S-thiosulfuroethylamino]ethoxy]pyrazine"
Dinoseb ,3-Hydroxyisovaleric acid
Dinoseb ,"Acetin, bis-1,3-trimethylsilyl ether"
Dinoseb ,Arabinaric acid
Dinoseb ,"Benzaldehyde, 2,5-dimethyl-"
Dinoseb ,"beta-d-Fructopyranose, 1-deoxy-1-(4-morpholinyl)-2,3,4,5-tetrakis-O-(trimethylsilyl)-"
Dinoseb ,Hexanoic acid
Dinoseb ,Indole-3-lactic acid
Dinoseb ,Isopropyl palmitate
Dinoseb ,Levulinic acid
Dinoseb ,"Pentenoic acid, 4-[(trimethylsilyl)oxy]-"
Dinoseb ,Phenoxyacetic acid
Dinoseb ,"Propanetriol, 2-methyl-"
Dinoseb ,Propylamine
Dinoseb ,Salsoline
Dinoseb ,L-Tyrosine
"Dodecanoic acid, 1-methylethyl ester",1-(4-Hydroxybenzylidene)acetone
"Dodecanoic acid, 1-methylethyl ester",1-Octanol
"Dodecanoic acid, 1-methylethyl ester",12-Oxooctadecanoate
"Dodecanoic acid, 1-methylethyl ester",3-Hydroxyisovaleric acid
"Dodecanoic acid, 1-methylethyl ester",5-Henicosylresorcinol
"Dodecanoic acid, 1-methylethyl ester","Benzaldehyde, 2,5-dimethyl-"
"Dodecanoic acid, 1-methylethyl ester","Ethanone, 1-(2,5-dimethoxyphenyl)-"
"Dodecanoic acid, 1-methylethyl ester",Levulinic acid
"Dodecanoic acid, 1-methylethyl ester",Nitrosothymol
"Dodecanoic acid, 1-methylethyl ester",Vanillylmandelic acid
"Erythrono-1,4-lactone, (Z)-",3-Hydroxybutyric acid
"Erythrono-1,4-lactone, (Z)-",3'-Hydroxyacetophenone
"Erythrono-1,4-lactone, (Z)-","D-Isoleucine, N-acetyl-"
"Erythrono-1,4-lactone, (Z)-","Pyrimidine, 5-methyl-2,4-bis[(trimethylsilyl)oxy]-"
Hexanedioic acid,3-Aminobenzoic acid
Hexanedioic acid,"Acetohydrazide, 2-(2-isopropyl-5-methylphenoxy)-N2-benzylideno-"
Hexanedioic acid,"Inosose-2, 1,3,4,5,6-pentakis-"
Hexanedioic acid,Suberic acid
Hydracrylic acid,4-Cumylphenol
Hydracrylic acid,Dihydrouracil
Hydracrylic acid,Glycolic acid
Hydracrylic acid,"N-(Trifluoroacetyl)-N,O,O'-tris(trimethylsilyl)normetanephrine"
Hydracrylic acid,Xylazine
Isopropyl palmitate,1-(4-Hydroxybenzylidene)acetone
Isopropyl palmitate,"2-Amino-4,6-dihydroxypyrimidine"
Isopropyl palmitate,2-Heptenoic acid
Isopropyl palmitate,2-Isopropyl-5-methyl-1-heptanol 
Isopropyl palmitate,"2,5-Piperazinedione, 3-benzyl-6-isopropyl-"
Isopropyl palmitate,"2,6-Bis[2-[2-S-thiosulfuroethylamino]ethoxy]pyrazine"
Isopropyl palmitate,"3-Methylpiperazine-2,5-dione, (R)-"
Isopropyl palmitate,Acetoacetic acid
Isopropyl palmitate,Arabinaric acid
Isopropyl palmitate,"Benzaldehyde, 2,5-dimethyl-"
Isopropyl palmitate,Deoxycholic Acid
Isopropyl palmitate,Dodecylcyclohexane
Isopropyl palmitate,Hexanoic acid
Isopropyl palmitate,Indole-5-carboxylic acid
Isopropyl palmitate,Itaconic acid
Isopropyl palmitate,Levulinic acid
Isopropyl palmitate,Methylmalonic monoamide
Isopropyl palmitate,N-Methyl-N-(tetrahydro-2-furanylmethyl)-4-piperidinamine
Isopropyl palmitate,Neostigmine 
Isopropyl palmitate,p-Hydroxydiisopropylbenzene
Isopropyl palmitate,"Propanetriol, 2-methyl-"
Isopropyl palmitate,Propylamine
Isopropyl palmitate,Salsoline
Isopropyl palmitate,L-Tyrosine
Itaconic acid,1-Phenylethanol
Itaconic acid,Acetoacetic acid
Itaconic acid,Arabinaric acid
Itaconic acid,"Cyclopentanone, 2,2,4-trimethyl-"
Itaconic acid,Indole-5-carboxylic acid
Itaconic acid,"Propanetriol, 2-methyl-"
Itaconic acid,L-Tyrosine
"N-(Trifluoroacetyl)-N,O,O'-tris(trimethylsilyl)normetanephrine","3-Methylpiperazine-2,5-dione, (R)-"
"N-(Trifluoroacetyl)-N,O,O'-tris(trimethylsilyl)normetanephrine",3-Ureidopropionic acid
"N-(Trifluoroacetyl)-N,O,O'-tris(trimethylsilyl)normetanephrine","3,4,5-Trihydroxypentanoic acid, tetrakis(trimethylsilyl)-"
"N-(Trifluoroacetyl)-N,O,O'-tris(trimethylsilyl)normetanephrine",3'-Hydroxyacetophenone
"N-(Trifluoroacetyl)-N,O,O'-tris(trimethylsilyl)normetanephrine",4-Hydroxybenzeneacetic acid
"N-(Trifluoroacetyl)-N,O,O'-tris(trimethylsilyl)normetanephrine","Benzaldehyde, 2,5-dimethyl-"
"N-(Trifluoroacetyl)-N,O,O'-tris(trimethylsilyl)normetanephrine",cis-4-Trimethylsilyloxy-cyclohexyl(trimethylsilyl)carboxylate
"N-(Trifluoroacetyl)-N,O,O'-tris(trimethylsilyl)normetanephrine","Cyclopentanone, 2,2,4-trimethyl-"
"N-(Trifluoroacetyl)-N,O,O'-tris(trimethylsilyl)normetanephrine",Glyceric acid
"N-(Trifluoroacetyl)-N,O,O'-tris(trimethylsilyl)normetanephrine",Indole-5-carboxylic acid
"N-(Trifluoroacetyl)-N,O,O'-tris(trimethylsilyl)normetanephrine",Methylmalonic monoamide
"N-(Trifluoroacetyl)-N,O,O'-tris(trimethylsilyl)normetanephrine",Pimelic acid
p-Hydroxydiisopropylbenzene,"2,6-Dimethyl-N-[3-(trimethylsilyl)-1,3-thiazinan-2-ylidene]aniline"
p-Hydroxydiisopropylbenzene,3'-Hydroxyacetophenone
p-Hydroxydiisopropylbenzene,Arabinaric acid
p-Hydroxydiisopropylbenzene,"Cetaben, N,O-bis(trimethylsilyl)-"
p-Hydroxydiisopropylbenzene,Propylamine
p-Hydroxydiisopropylbenzene,Sertraline carbamoyl glucuronide
Pentadecanoic acid,12-Oxooctadecanoate
Pentadecanoic acid,3'-Hydroxyacetophenone
Pentadecanoic acid,Heptadecanoic acid
Pentadecanoic acid,Hexanoic acid
Pentadecanoic acid,Myristic acid
Pentadecanoic acid,"Propanetriol, 2-methyl-"
Pentadecanoic acid,Stearic acid
Pentadecanoic acid,Suberic acid
Pentadecanoic acid,L-Tyrosine
"Pentenoic acid, 4-[(trimethylsilyl)oxy]-",1-Phenylethanol
"Pentenoic acid, 4-[(trimethylsilyl)oxy]-","2,5-Piperazinedione, 3-benzyl-6-isopropyl-"
"Pentenoic acid, 4-[(trimethylsilyl)oxy]-","3,5-Dimethylpyrazole"
"Pentenoic acid, 4-[(trimethylsilyl)oxy]-",Acetoacetic acid
"Pentenoic acid, 4-[(trimethylsilyl)oxy]-",Metanephrine
"Pentenoic acid, 4-[(trimethylsilyl)oxy]-","Propanetriol, 2-methyl-"
Pimelic acid,1-Phenylethanol
Pimelic acid,2-Heptenoic acid
Pimelic acid,"2,5-Dimethoxybenzonitrile"
Pimelic acid,4-Cumylphenol
Pimelic acid,5-Henicosylresorcinol
Pimelic acid,"Acetohydrazide, 2-(2-isopropyl-5-methylphenoxy)-N2-benzylideno-"
Pimelic acid,"Benzaldehyde, 2,5-dimethyl-"
Pimelic acid,Glycine
Pimelic acid,Hydantoic acid
Pimelic acid,Levulinic acid
Pimelic acid,Neostigmine 
Pimelic acid,Suberic acid
"Propanetriol, 2-methyl-","2,5-Piperazinedione, 3-benzyl-6-isopropyl-"
"Propanetriol, 2-methyl-","2,6-Bis[2-[2-S-thiosulfuroethylamino]ethoxy]pyrazine"
"Propanetriol, 2-methyl-",3-Hydroxyisovaleric acid
"Propanetriol, 2-methyl-","3,4,5-Trihydroxypentanoic acid, tetrakis(trimethylsilyl)-"
"Propanetriol, 2-methyl-","3,5-Dimethylpyrazole"
"Propanetriol, 2-methyl-",7-(Trimethylsilyl)amino-4-methylcoumarin
"Propanetriol, 2-methyl-",Acetoacetic acid
"Propanetriol, 2-methyl-","Benzaldehyde, 2,5-dimethyl-"
"Propanetriol, 2-methyl-",cis-4-Trimethylsilyloxy-cyclohexyl(trimethylsilyl)carboxylate
"Propanetriol, 2-methyl-","Cyclopentanone, 2,2,4-trimethyl-"
"Propanetriol, 2-methyl-",Glycine
"Propanetriol, 2-methyl-",Indole-5-carboxylic acid
"Propanetriol, 2-methyl-",Levulinic acid
"Propanetriol, 2-methyl-",Methylmalonic monoamide
"Propanetriol, 2-methyl-",Neostigmine 
"Propanetriol, 2-methyl-",Nitrosothymol
"Propanetriol, 2-methyl-",Propylamine
"Propanetriol, 2-methyl-",Salsoline
"Propanetriol, 2-methyl-",L-Tyrosine
"Stigmast-5-ene, 3beta-",1-(4-Hydroxybenzylidene)acetone
"Stigmast-5-ene, 3beta-",1-Phenethylamine
"Stigmast-5-ene, 3beta-","1,1'-Biphenyl, 3,4-diethyl-"
"Stigmast-5-ene, 3beta-","2,5-Piperazinedione, 3-benzyl-6-isopropyl-"
"Stigmast-5-ene, 3beta-","3-Methylpiperazine-2,5-dione, (R)-"
"Stigmast-5-ene, 3beta-","3,5-Dimethylpyrazole"
"Stigmast-5-ene, 3beta-",Arabinaric acid
"Stigmast-5-ene, 3beta-","Benzaldehyde, 2,5-dimethyl-"
"Stigmast-5-ene, 3beta-",Cadaverine
"Stigmast-5-ene, 3beta-",Campesterol
"Stigmast-5-ene, 3beta-",D-(-)-Citramalic acid
"Stigmast-5-ene, 3beta-",Indole-5-carboxylic acid
"Stigmast-5-ene, 3beta-","N,O-Bis(trimethylsilyl)carbamate"
"Stigmast-5-ene, 3beta-",Nitrosothymol
"Stigmast-5-ene, 3beta-",Phenoxyacetic acid
"Stigmast-5-ene, 3beta-",Salsoline
L-Tyrosine,12-Oxooctadecanoate
L-Tyrosine,"2-Amino-4,6-dihydroxypyrimidine"
L-Tyrosine,2-Heptenoic acid
L-Tyrosine,Myristic acid
L-Tyrosine,Suberic acid
(pm)-N-Propylamphetamine,"5alpha-Pregnane-3,20-dione"
"5alpha-Pregnane-3,20-dione","2,2,8,8-Tetramethyl-3,7-dioxa-4-aza-2,8-disilanon-4-ene"
"5alpha-Pregnane-3,20-dione",3-Amino-2-piperidone
"5alpha-Pregnane-3,20-dione",cyclobutanecarboxylic acid
"5alpha-Pregnane-3,20-dione",Delorazepam
"5alpha-Pregnane-3,20-dione",Glycine
"5alpha-Pregnane-3,20-dione","N,N-Diethyl-2-aminoethanol"
(pm)-Norketamine,L-Leucine
(pm)-Norketamine,Naphthofluorescein
L-Leucine,Phthalazin-1-one
Naphthofluorescein,"1-Octanol, 2-butyl-"
Naphthofluorescein,3-Indoleacetic acid
Naphthofluorescein,Delorazepam
Naphthofluorescein,Glucose
(pm)-Phenylpropanolamine,3-Indolepropionic acid
(pm)-Phenylpropanolamine,Decanoic acid
3-Indolepropionic acid,3-Indoleacetic acid
3-Indolepropionic acid,Hydroquinone
3-Indolepropionic acid,Indole-3-lactic acid
3-Indolepropionic acid,S-Methyl-L-cysteine
3-Indolepropionic acid,"Tacrine, N-trimethylsilyl-"
Decanoic acid,1-Hexadecanol
Decanoic acid,Lactic Acid
Decanoic acid,Octanoic acid
Vanillylmandelic acid,DL-Ornithine
Vanillylmandelic acid,Methylmalonic monoamide
"1-Butanamine, N,N-diethyl-",1-Octanol
"1-Butanamine, N,N-diethyl-","1-Octene, 2-methyl-"
"1-Butanamine, N,N-diethyl-",12-Oxooctadecanoate
"1-Butanamine, N,N-diethyl-","2,5-Piperazinedione, 3-benzyl-6-isopropyl-"
"1-Butanamine, N,N-diethyl-",3-Hydroxyisovaleric acid
"1-Butanamine, N,N-diethyl-",5-Henicosylresorcinol
"1-Butanamine, N,N-diethyl-","Butanal, 2,3,4-tris[(trimethylsilyl)oxy]-, O-methyloxime, [R-(R*,R*)]-"
"1-Butanamine, N,N-diethyl-","Cholest-22-ene-21-ol, 3,5-dehydro-6-methoxy-, pivalate"
"1-Butanamine, N,N-diethyl-",Dodecylcyclohexane
"1-Butanamine, N,N-diethyl-","Glycine, N-(N-DL-leucylglycyl)-"
"1-Butanamine, N,N-diethyl-",Levulinic acid
"1-Butanamine, N,N-diethyl-",Myristic acid
"3-(3-Cyclohexylaminopropionylamino)-5-ethylthiophene-2-carboxylic acid, ethyl ester",DL-Phenylalanine
"3-(3-Cyclohexylaminopropionylamino)-5-ethylthiophene-2-carboxylic acid, ethyl ester","N-isobutyl-2-(trimethylsilyloxy]-4,5-dihydro-1H-imidazole-1-carboxamide"
"3,4-dimethyl-5-(3,4-methylenedioxy)phenyloxazolidine",3-Methoxysalicylic acid
"3,4-dimethyl-5-(3,4-methylenedioxy)phenyloxazolidine",Cadaverine
Acetoacetic acid,3-Aminobenzoic acid
Acetoacetic acid,7-(Trimethylsilyl)amino-4-methylcoumarin
Acetoacetic acid,"Benzaldehyde, 2,5-dimethyl-"
Acetoacetic acid,Indole-5-carboxylic acid
Acetoacetic acid,Neostigmine 
Benzeneacetamide,"1-Octene, 2-methyl-"
Benzeneacetamide,"1-Phenyl-1,2-ethanediol"
Phenoxyacetic acid,1-(4-Hydroxybenzylidene)acetone
Phenoxyacetic acid,"1-Methyl-N,N-bis(trimethylsilyl)-4-[(trimethylsilyl)oxy]-1H-imidazol-2-amine"
Phenoxyacetic acid,1-Octanol
Phenoxyacetic acid,"2-Amino-4,6-dihydroxypyrimidine"
Phenoxyacetic acid,"2,5-Piperazinedione, 3-benzyl-6-isopropyl-"
Phenoxyacetic acid,3-Hydroxyisovaleric acid
Phenoxyacetic acid,"Furan, 2-pentyl-"
Phenoxyacetic acid,Hexanoic acid
Phenoxyacetic acid,"N,N-Diethyl-2-aminoethanol"
Phenoxyacetic acid,S-Methyl-L-cysteine
Phenoxyacetic acid,Trimethylsilyl oct-2-enoate 
"(S,S)-(-)-Hydrobenzoin",3-Methoxysalicylic acid
"(S,S)-(-)-Hydrobenzoin","Acetic acid, bis[(trimethylsilyl)oxyl]-"
3-Methoxysalicylic acid,"3-Hydroxy-2,3-dihydromaltol"
"1,3-Cyclohexanebis(methylamine)",DL-Phenylalanine
"1,3-Cyclohexanebis(methylamine)",Glycine
Dimethyl fumarate,"2,4-Imidazolidinedione, 5,5-dimethyl-"
Dimethyl fumarate,L-Hydroxyproline
Dimethyl fumarate,"Propanoic acid, 2-oxo-"
Heptadecanoic acid,3'-Hydroxyacetophenone
Heptadecanoic acid,"Ethanone, 1-(2,5-dimethoxyphenyl)-"
Heptadecanoic acid,Hexanoic acid
1-(3-Methylphenyl)piperazine,1-(4-Hydroxybenzylidene)acetone
1-(4-Hydroxybenzylidene)acetone,"1,3-bis[(Trimethylsilyl)ethynyl]benzene"
1-(4-Hydroxybenzylidene)acetone,"2,5-Piperazinedione, 3-benzyl-6-isopropyl-"
1-(4-Hydroxybenzylidene)acetone,3-Hydroxyisovaleric acid
1-(4-Hydroxybenzylidene)acetone,"3,5-Dimethylpyrazole"
1-(4-Hydroxybenzylidene)acetone,4-Hydroxy-5-(hydroxymethyl)oxolan-2-one
1-(4-Hydroxybenzylidene)acetone,Azatadine
1-(4-Hydroxybenzylidene)acetone,Hydantoic acid
1-(4-Hydroxybenzylidene)acetone,L-Threitol
1-(4-Hydroxybenzylidene)acetone,N-Isovaleroylglycine
1-(4-Hydroxybenzylidene)acetone,N-Methyl-N-(tetrahydro-2-furanylmethyl)-4-piperidinamine
1-(4-Hydroxybenzylidene)acetone,"N,N-Diethyl-2-aminoethanol"
1-(4-Hydroxybenzylidene)acetone,p-Toluic acid
1-(4-Hydroxybenzylidene)acetone,Propylamine
1-(4-Hydroxybenzylidene)acetone,S-Methyl-L-cysteine
"1,3-bis[(Trimethylsilyl)ethynyl]benzene","Acetamide, 2,2,2-trifluoro-"
"1,3-bis[(Trimethylsilyl)ethynyl]benzene","N,N-Diethyl-2-aminoethanol"
"1,5-Anhydroglucitol","1,4-diazabicyclo[4.3.0]nonan-2,5-dione, 3-methyl "
"2,5-Piperazinedione, 3-benzyl-6-isopropyl-","1,3,5-Trimethyl-1H-pyrazol-4-amine"
"2,5-Piperazinedione, 3-benzyl-6-isopropyl-","2,5-Dimethoxybenzonitrile"
"2,5-Piperazinedione, 3-benzyl-6-isopropyl-","2,6-Bis[2-[2-S-thiosulfuroethylamino]ethoxy]pyrazine"
"2,5-Piperazinedione, 3-benzyl-6-isopropyl-",3-Hydroxyisovaleric acid
"2,5-Piperazinedione, 3-benzyl-6-isopropyl-","3,5-Dimethylpyrazole"
"2,5-Piperazinedione, 3-benzyl-6-isopropyl-","Acetin, bis-1,3-trimethylsilyl ether"
"2,5-Piperazinedione, 3-benzyl-6-isopropyl-",Arachidonic acid
"2,5-Piperazinedione, 3-benzyl-6-isopropyl-",Azatadine
"2,5-Piperazinedione, 3-benzyl-6-isopropyl-","Butanal, 2,3,4-tris[(trimethylsilyl)oxy]-, O-methyloxime, [R-(R*,R*)]-"
"2,5-Piperazinedione, 3-benzyl-6-isopropyl-","D-(+)-Ribono-1,4-lactone (R,S,R)-"
"2,5-Piperazinedione, 3-benzyl-6-isopropyl-","Dodecane, 4,6-dimethyl-"
"2,5-Piperazinedione, 3-benzyl-6-isopropyl-",Indole-3-lactic acid
"2,5-Piperazinedione, 3-benzyl-6-isopropyl-",Indole-5-carboxylic acid
"2,5-Piperazinedione, 3-benzyl-6-isopropyl-",N-Methyl-N-(tetrahydro-2-furanylmethyl)-4-piperidinamine
"2,5-Piperazinedione, 3-benzyl-6-isopropyl-","N,N-Diethyl-2-aminoethanol"
"2,5-Piperazinedione, 3-benzyl-6-isopropyl-","N,O-Bis(trimethylsilyl)carbamate"
"2,5-Piperazinedione, 3-benzyl-6-isopropyl-",Neostigmine 
"2,5-Piperazinedione, 3-benzyl-6-isopropyl-",Propylamine
"2,5-Piperazinedione, 3-benzyl-6-isopropyl-",S-Methyl-L-cysteine
"2,5-Piperazinedione, 3-benzyl-6-isopropyl-",Salsoline
"2,5-Piperazinedione, 3-benzyl-6-isopropyl-",Sertraline carbamoyl glucuronide
3-Hydroxyisovaleric acid,1-Octanol
3-Hydroxyisovaleric acid,5-Henicosylresorcinol
3-Hydroxyisovaleric acid,"Acetohydrazide, 2-(2-isopropyl-5-methylphenoxy)-N2-benzylideno-"
3-Hydroxyisovaleric acid,Arachidonic acid
3-Hydroxyisovaleric acid,Dopamine
3-Hydroxyisovaleric acid,Levulinic acid
3-Hydroxyisovaleric acid,Metanephrine
3-Hydroxyisovaleric acid,Myristic acid
"3,5-Dimethylpyrazole",1-Octanol
"3,5-Dimethylpyrazole","2,6-Bis[2-[2-S-thiosulfuroethylamino]ethoxy]pyrazine"
"3,5-Dimethylpyrazole",4-Cumylphenol
"3,5-Dimethylpyrazole",Cinnamic acid
"3,5-Dimethylpyrazole",Indole-5-carboxylic acid
"3,5-Dimethylpyrazole","Inosose-2, 1,3,4,5,6-pentakis-"
"3,5-Dimethylpyrazole",N-Acetyl-L-glutamic acid
"3,5-Dimethylpyrazole",Neostigmine 
4-Hydroxy-5-(hydroxymethyl)oxolan-2-one,"2,4-Imidazolidinedione, 5,5-dimethyl-"
4-Hydroxy-5-(hydroxymethyl)oxolan-2-one,Cyclo(L-prolyl-L-valine) 
4-Hydroxy-5-(hydroxymethyl)oxolan-2-one,D-Arabinose
4-Hydroxy-5-(hydroxymethyl)oxolan-2-one,Octocrylene
Azatadine,2-Amino-4-methylphenol
Azatadine,3-Ureidopropionic acid
Azatadine,"Acetin, bis-1,3-trimethylsilyl ether"
Azatadine,Arachidonic acid
Azatadine,L-Threitol
Azatadine,Metanephrine
Azatadine,N-Methyl-N-(tetrahydro-2-furanylmethyl)-4-piperidinamine
Azatadine,Sertraline carbamoyl glucuronide
D-Threitol,3'-(Trimethylsilyl)oxy-beta-naphthoflavone
Hydantoic acid,"1,3-Dioxane-4-methanol, 4,5-dimethyl-"
Hydantoic acid,2-Aminoadipic acid
Hydantoic acid,"6,8-Dioxapentadecane"
Hydantoic acid,"9,12-Octadecadienoic acid"
Hydantoic acid,"Benzaldehyde, 2,5-dimethyl-"
Hydantoic acid,"beta-d-Fructopyranose, 1-deoxy-1-(4-morpholinyl)-2,3,4,5-tetrakis-O-(trimethylsilyl)-"
Hydantoic acid,"Cyclohexene, 3-butyl-3-methyl-1-trimethylsilyloxy-"
Hydantoic acid,Deoxycholic Acid
Hydantoic acid,Propylamine
L-Threitol,4-Hydroxybenzeneacetic acid
L-Threitol,Arachidonic acid
L-Threitol,"Benzene, 1-acetoxy-2,6-dimethoxy-4-(2-propenyl)-"
L-Threitol,"Cyclohexene, 3-butyl-3-methyl-1-trimethylsilyloxy-"
L-Threitol,N-Isovaleroylglycine
L-Threitol,N-Methyl-N-(tetrahydro-2-furanylmethyl)-4-piperidinamine
N-Isovaleroylglycine,5-Aminovaleric acid
N-Isovaleroylglycine,"beta-d-Fructopyranose, 1-deoxy-1-(4-morpholinyl)-2,3,4,5-tetrakis-O-(trimethylsilyl)-"
N-Isovaleroylglycine,"Butanal, 2,3,4-tris[(trimethylsilyl)oxy]-, O-methyloxime, [R-(R*,R*)]-"
N-Methyl-N-(tetrahydro-2-furanylmethyl)-4-piperidinamine,"2,6-Bis[2-[2-S-thiosulfuroethylamino]ethoxy]pyrazine"
N-Methyl-N-(tetrahydro-2-furanylmethyl)-4-piperidinamine,"Acetin, bis-1,3-trimethylsilyl ether"
N-Methyl-N-(tetrahydro-2-furanylmethyl)-4-piperidinamine,Arachidonic acid
N-Methyl-N-(tetrahydro-2-furanylmethyl)-4-piperidinamine,"Dodecane, 4,6-dimethyl-"
N-Methyl-N-(tetrahydro-2-furanylmethyl)-4-piperidinamine,Isoxaben
N-Methyl-N-(tetrahydro-2-furanylmethyl)-4-piperidinamine,Propylamine
N-Methyl-N-(tetrahydro-2-furanylmethyl)-4-piperidinamine,Sertraline carbamoyl glucuronide
"N,N-Diethyl-2-aminoethanol",2-Heptenoic acid
"N,N-Diethyl-2-aminoethanol","2,4-Imidazolidinedione, 5,5-dimethyl-"
"N,N-Diethyl-2-aminoethanol",S-Methyl-L-cysteine
p-Toluic acid,"2,4-Imidazolidinedione, 5,5-dimethyl-"
p-Toluic acid,"6,8-Dioxapentadecane"
p-Toluic acid,"Benzaldehyde, 2,5-dimethyl-"
p-Toluic acid,Cadaverine
p-Toluic acid,Cyclo(L-prolyl-L-valine) 
p-Toluic acid,Gln-Ala
Propylamine,"3-Cyclohexyl-L-alanine amide, N,N,N'N'-tetramethyl-"
Propylamine,3-Ureidopropionic acid
Propylamine,5-(2-Aminopropyl)-2-methylphenol
Propylamine,"5-Androsten-17alpha-methyl-3beta,17beta-diol"
Propylamine,"Benzaldehyde, 2,5-dimethyl-"
Propylamine,cis-4-Trimethylsilyloxy-cyclohexyl(trimethylsilyl)carboxylate
Propylamine,Deoxycholic Acid
Propylamine,Dihydrouracil
Propylamine,"Dodecane, 4,6-dimethyl-"
Propylamine,Indole-5-carboxylic acid
Propylamine,Methyl-3-methoxy-5-methyl benzoate
Propylamine,Neostigmine 
S-Methyl-L-cysteine,1-Tetradecanol
S-Methyl-L-cysteine,"2,4-Imidazolidinedione, 5,5-dimethyl-"
S-Methyl-L-cysteine,"3-Methylpiperazine-2,5-dione, (R)-"
S-Methyl-L-cysteine,4-Cumylphenol
S-Methyl-L-cysteine,5-Henicosylresorcinol
S-Methyl-L-cysteine,"Acetamide, 2,2,2-trifluoro-"
S-Methyl-L-cysteine,"Benzaldehyde, 2,5-dimethyl-"
S-Methyl-L-cysteine,Cadaverine
S-Methyl-L-cysteine,"Furan, 2-pentyl-"
S-Methyl-L-cysteine,Neostigmine 
"1-Methyl-N,N-bis(trimethylsilyl)-4-[(trimethylsilyl)oxy]-1H-imidazol-2-amine","3-Methylpiperazine-2,5-dione, (R)-"
"1-Methyl-N,N-bis(trimethylsilyl)-4-[(trimethylsilyl)oxy]-1H-imidazol-2-amine",Cholesterol
"1-Methyl-N,N-bis(trimethylsilyl)-4-[(trimethylsilyl)oxy]-1H-imidazol-2-amine",L-Aspartic acid
"1-Methyl-N,N-bis(trimethylsilyl)-4-[(trimethylsilyl)oxy]-1H-imidazol-2-amine",L-Glutamic acid
"1-Methyl-N,N-bis(trimethylsilyl)-4-[(trimethylsilyl)oxy]-1H-imidazol-2-amine",Neostigmine 
"3,4,5-Trihydroxypentanoic acid, tetrakis(trimethylsilyl)-",beta-Lyxopyranose
"3,4,5-Trihydroxypentanoic acid, tetrakis(trimethylsilyl)-",Methylmalonic monoamide
"3,4,5-Trihydroxypentanoic acid, tetrakis(trimethylsilyl)-","N-isobutyl-2-(trimethylsilyloxy]-4,5-dihydro-1H-imidazole-1-carboxamide"
3'-Hydroxyacetophenone,"Methyl (3,4-dimethoxyphenyl)(hydroxy)acetate"
3'-Hydroxyacetophenone,"N,N-Dimethyl-2-cyclohexyloxyethylamine"
Isoxaben,"3-Methylpiperazine-2,5-dione, (R)-"
Isoxaben,Cadaverine
Isoxaben,"Glycine, N-[4-[(trimethylsilyl)oxy]benzoyl]-"
L-Asparagine,"1,3-Dioxane-4-methanol, 4,5-dimethyl-"
L-Asparagine,12-Hydroxyoctadecanoic acid
L-Asparagine,"Cyclohexene, 3-butyl-3-methyl-1-trimethylsilyloxy-"
L-Asparagine,Dihydrouracil
L-Glutamic acid,"3-Methylpiperazine-2,5-dione, (R)-"
L-Glutamic acid,Cholesterol
L-Glutamic acid,L-5-Oxoproline
L-Glutamic acid,L-Aspartic acid
Niacinamide,3-Indoleacetic acid
Niacinamide,"Quinolin-4-one, 1-[2-(3,4-dimethoxyphenyl)ethyl]-octahydro-"
Niacinamide,Trisaminol
1-Aminocyclopropanecarboxylic acid,3-Amino-2-piperidone
1-Aminocyclopropanecarboxylic acid,"3-Cyclohexyl-L-alanine amide, N,N,N'N'-tetramethyl-"
1-Aminocyclopropanecarboxylic acid,"3-Methylpiperazine-2,5-dione, (R)-"
1-Aminocyclopropanecarboxylic acid,Glycine
3-Amino-2-piperidone,"3-Cyclohexyl-L-alanine amide, N,N,N'N'-tetramethyl-"
3-Amino-2-piperidone,5-(2-Aminopropyl)-2-methylphenol
"3-Cyclohexyl-L-alanine amide, N,N,N'N'-tetramethyl-",1-Phenylethanol
"3-Cyclohexyl-L-alanine amide, N,N,N'N'-tetramethyl-",5-(2-Aminopropyl)-2-methylphenol
"3-Cyclohexyl-L-alanine amide, N,N,N'N'-tetramethyl-",Glycine
"3-Methylpiperazine-2,5-dione, (R)-",1-Phenylethanol
"3-Methylpiperazine-2,5-dione, (R)-",1-Tetradecanol
"3-Methylpiperazine-2,5-dione, (R)-","2,2-Diallylpyrrolidine"
"3-Methylpiperazine-2,5-dione, (R)-",4-Hydroxybenzeneacetic acid
"3-Methylpiperazine-2,5-dione, (R)-",7-(Trimethylsilyl)amino-4-methylcoumarin
"3-Methylpiperazine-2,5-dione, (R)-","Benzaldehyde, 2,5-dimethyl-"
"3-Methylpiperazine-2,5-dione, (R)-","D-Isoleucine, N-acetyl-"
"3-Methylpiperazine-2,5-dione, (R)-",Dihydrouracil
"3-Methylpiperazine-2,5-dione, (R)-",Glycine
"3-Methylpiperazine-2,5-dione, (R)-",Indole-3-lactic acid
"3-Methylpiperazine-2,5-dione, (R)-","L-Tryptophan, N-acetyl-1"
"3-Methylpiperazine-2,5-dione, (R)-",Neostigmine 
"3-Methylpiperazine-2,5-dione, (R)-",Phenylalanine
"3-Methylpiperazine-2,5-dione, (R)-","Pyrimidine, 5-methyl-2,4-bis[(trimethylsilyl)oxy]-"
"3-Methylpiperazine-2,5-dione, (R)-","Tacrine, N-trimethylsilyl-"
Glycine,3-Indoleacetic acid
Glycine,5-(2-Aminopropyl)-2-methylphenol
Glycine,7-(Trimethylsilyl)amino-4-methylcoumarin
Glycine,"Benzaldehyde, 2,5-dimethyl-"
Glycine,"Glycine, N-(N-DL-leucylglycyl)-"
Glycine,Indole-3-lactic acid
Glycine,Salsoline
1-Octanol,"1-Octene, 2-methyl-"
1-Octanol,12-Oxooctadecanoate
1-Octanol,5-Henicosylresorcinol
1-Octanol,"Acetohydrazide, 2-(2-isopropyl-5-methylphenoxy)-N2-benzylideno-"
1-Octanol,Adipoyl-L-carnitine
1-Octanol,"beta-d-Fructopyranose, 1-deoxy-1-(4-morpholinyl)-2,3,4,5-tetrakis-O-(trimethylsilyl)-"
1-Octanol,Levulinic acid
1-Octanol,Myristic acid
"1-Octene, 2-methyl-","1-Phenyl-1,2-ethanediol"
"1-Octene, 2-methyl-",5-Henicosylresorcinol
"1-Octene, 2-methyl-","Glycine, N-(N-DL-leucylglycyl)-"
"1-Octene, 2-methyl-",Levulinic acid
12-Oxooctadecanoate,5-Henicosylresorcinol
12-Oxooctadecanoate,"Acetohydrazide, 2-(2-isopropyl-5-methylphenoxy)-N2-benzylideno-"
12-Oxooctadecanoate,Levulinic acid
5-Henicosylresorcinol,Cinnamic acid
5-Henicosylresorcinol,Dopamine
5-Henicosylresorcinol,"Ethanone, 1-(2,5-dimethoxyphenyl)-"
5-Henicosylresorcinol,Hexanoic acid
5-Henicosylresorcinol,Levulinic acid
5-Henicosylresorcinol,Metanephrine
5-Henicosylresorcinol,Nitrosothymol
5-Henicosylresorcinol,"Pentanedioic acid, 2-[(trimethylsilyl)oxy]-"
Benzyl alcohol,Isonicotinic Acid
"Butanal, 2,3,4-tris[(trimethylsilyl)oxy]-, O-methyloxime, [R-(R*,R*)]-","DL-Proline, 5-oxo-"
"Butanal, 2,3,4-tris[(trimethylsilyl)oxy]-, O-methyloxime, [R-(R*,R*)]-","Dodecane, 4,6-dimethyl-"
"Butanal, 2,3,4-tris[(trimethylsilyl)oxy]-, O-methyloxime, [R-(R*,R*)]-",Indole-3-lactic acid
"Butanal, 2,3,4-tris[(trimethylsilyl)oxy]-, O-methyloxime, [R-(R*,R*)]-",Phosalone
"Butanal, 2,3,4-tris[(trimethylsilyl)oxy]-, O-methyloxime, [R-(R*,R*)]-",Trisaminol
"Cholest-22-ene-21-ol, 3,5-dehydro-6-methoxy-, pivalate",n-Pentadecanol
"Cholest-22-ene-21-ol, 3,5-dehydro-6-methoxy-, pivalate",Sertraline carbamoyl glucuronide
Dodecylcyclohexane,3-Aminobenzoic acid
Dodecylcyclohexane,"Benzaldehyde, 2,5-dimethyl-"
Dodecylcyclohexane,Levulinic acid
Dodecylcyclohexane,Myristic acid
Dodecylcyclohexane,Octopamine
"Glycine, N-(N-DL-leucylglycyl)-",3-Aminobutanoic acid
"Glycine, N-(N-DL-leucylglycyl)-",7-(Trimethylsilyl)amino-4-methylcoumarin
"Glycine, N-(N-DL-leucylglycyl)-",D-(-)-Citramalic acid
"Glycine, N-(N-DL-leucylglycyl)-",Hexanoic acid
Levulinic acid,3-Aminobenzoic acid
Levulinic acid,"Acetohydrazide, 2-(2-isopropyl-5-methylphenoxy)-N2-benzylideno-"
Levulinic acid,Myristic acid
Myristic acid,"Acetamide, N,N-diethyl-"
Myristic acid,Arachidonic acid
"2-Amino-4,6-dihydroxypyrimidine",12-Hydroxyoctadecanoic acid
"2-Amino-4,6-dihydroxypyrimidine",D-(-)-Citramalic acid
Arachidonic acid,"1,3,5-Trimethyl-1H-pyrazol-4-amine"
Arachidonic acid,beta-Lyxopyranose
Arachidonic acid,cis-4-Trimethylsilyloxy-cyclohexyl(trimethylsilyl)carboxylate
1-Phenylethanol,3-Hydroxybutyric acid
1-Phenylethanol,"Benzaldehyde, 2,5-dimethyl-"
1-Phenylethanol,Deoxycholic Acid
1-Phenylethanol,"Methyl (3,4-dimethoxyphenyl)(hydroxy)acetate"
1-Phenylethanol,"Pyrimidine, 5-methyl-2,4-bis[(trimethylsilyl)oxy]-"
1-Phenylethanol,Uridine
1-Tetradecanol,"9,12-Octadecadienoic acid"
1-Tetradecanol,"Benzaldehyde, 2,5-dimethyl-"
1-Tetradecanol,"D-Isoleucine, N-acetyl-"
"Benzaldehyde, 2,5-dimethyl-",2-Heptenoic acid
"Benzaldehyde, 2,5-dimethyl-",3-Ureidopropionic acid
"Benzaldehyde, 2,5-dimethyl-","5-Androsten-17alpha-methyl-3beta,17beta-diol"
"Benzaldehyde, 2,5-dimethyl-",7-(Trimethylsilyl)amino-4-methylcoumarin
"Benzaldehyde, 2,5-dimethyl-","beta-d-Fructopyranose, 1-deoxy-1-(4-morpholinyl)-2,3,4,5-tetrakis-O-(trimethylsilyl)-"
"Benzaldehyde, 2,5-dimethyl-","Cholesta-3,5-dien-7-one"
"Benzaldehyde, 2,5-dimethyl-",Deoxycholic Acid
"Benzaldehyde, 2,5-dimethyl-",Dihydrouracil
"Benzaldehyde, 2,5-dimethyl-","Furan, 2-pentyl-"
"Benzaldehyde, 2,5-dimethyl-",Indole-3-carboxaldehyde
"Benzaldehyde, 2,5-dimethyl-",Neostigmine 
"Benzaldehyde, 2,5-dimethyl-","Pyrimidine, 5-methyl-2,4-bis[(trimethylsilyl)oxy]-"
"Benzaldehyde, 2,5-dimethyl-",Quazodine
"Benzaldehyde, 2,5-dimethyl-",Salsoline
"Benzaldehyde, 2,5-dimethyl-",Suberic acid
"Benzaldehyde, 2,5-dimethyl-",Uridine
Dehydronorketamine,"1,3-Dioxane-4-methanol, 4,5-dimethyl-"
Metanephrine,"2,5-Dimethoxy-4-methylamphetamine"
Metanephrine,"Cyclohexene, 3-butyl-3-methyl-1-trimethylsilyloxy-"
Metanephrine,L-Hydroxyproline
Metanephrine,Nitrosothymol
Neostigmine ,4-Cumylphenol
Neostigmine ,5-(2-Aminopropyl)-2-methylphenol
Neostigmine ,L-5-Oxoproline
Neostigmine ,Suberic acid
"Propanoic acid, 2-oxo-","3-Methoxyamphetamine, 4-Trimethylsilyloxy, N,N-bis(Trimethylsilyloxy)-"
"Propanoic acid, 2-oxo-","Pyrazine, 3,6-dimethyl-2,5-bis(trimethylsilyloxy)-"
"Propanoic acid, 2-oxo-","Ribonic acid, 2,3,4,5-tetrakis-"
Salsoline,"2,4-Imidazolidinedione, 5,5-dimethyl-"
Salsoline,Hexanoic acid
"1-Decene, 8-methyl-","9H-Fluorene, 9-methylene-"
"1-Decene, 8-methyl-",Bis(trimethylsilyl)acetylene
"1-Decene, 8-methyl-","Cyclohexene, 3-butyl-3-methyl-1-trimethylsilyloxy-"
Bis(trimethylsilyl)acetylene,beta-D-Glucopyranose
Bis(trimethylsilyl)acetylene,"Pyrazine, 3,6-dihydro-3,6-dimethyl-"
"Cyclohexene, 3-butyl-3-methyl-1-trimethylsilyloxy-",Sertraline carbamoyl glucuronide
"1,4-diazabicyclo[4.3.0]nonan-2,5-dione, 3-methyl ",Malic acid
"1,4-diazabicyclo[4.3.0]nonan-2,5-dione, 3-methyl ",Phosalone
"beta-d-Fructopyranose, 1-deoxy-1-(4-morpholinyl)-2,3,4,5-tetrakis-O-(trimethylsilyl)-",1-Phenethylamine
"beta-d-Fructopyranose, 1-deoxy-1-(4-morpholinyl)-2,3,4,5-tetrakis-O-(trimethylsilyl)-",2-Heptenoic acid
"beta-d-Fructopyranose, 1-deoxy-1-(4-morpholinyl)-2,3,4,5-tetrakis-O-(trimethylsilyl)-","Benzo[b]fluorene, 5-amino-7-methyl-1,2,3,4,6,7,8,9-octahydro-11-thia-10-aza-"
D-(-)-Citramalic acid,"1,3,5-Trimethyl-1H-pyrazol-4-amine"
D-(-)-Citramalic acid,"1H-Pyrazole, 3,4-bis(trimethylsilyl)-"
D-(-)-Citramalic acid,"3,4-Dihydroxymandelic acid, ethyl ester"
D-(-)-Citramalic acid,Galactopyranose
D-(-)-Citramalic acid,Succinic anhydride
"Furan, 2-pentyl-",1-Phenethylamine
Methyl-3-methoxy-5-methyl benzoate,"2,6-Bis[2-[2-S-thiosulfuroethylamino]ethoxy]pyrazine"
Methyl-3-methoxy-5-methyl benzoate,3-Ureidopropionic acid
Methyl-3-methoxy-5-methyl benzoate,4-Cumylphenol
Methyl-3-methoxy-5-methyl benzoate,4-Hydroxybenzeneacetic acid
Methyl-3-methoxy-5-methyl benzoate,"5-Androsten-17alpha-methyl-3beta,17beta-diol"
Methyl-3-methoxy-5-methyl benzoate,7-(Trimethylsilyl)amino-4-methylcoumarin
Methyl-3-methoxy-5-methyl benzoate,beta-Lyxopyranose
Methyl-3-methoxy-5-methyl benzoate,Cadaverine
Methyl-3-methoxy-5-methyl benzoate,"D-(+)-Ribono-1,4-lactone (R,S,R)-"
1-Hexadecanol,1-Hexanol
1-Hexadecanol,"Benzene, 1,1'-(1,2-cyclobutanediyl)bis-"
1-Hexadecanol,"Benzene, 3-cyclohexen-1-yl-"
1-Hexadecanol,"D-Isoleucine, N-acetyl-"
1-Hexadecanol,Glucose
1-Hexadecanol,L-5-Oxoproline
1-Hexadecanol,Methyl isovanillate
1-Hexadecanol,Octanoic acid
"Benzene, 1,1'-(1,2-cyclobutanediyl)bis-","1-Octanol, 2-butyl-"
"Benzene, 1,1'-(1,2-cyclobutanediyl)bis-","7-Acetyl-6-ethyl-1,1,4,4-tetramethyltetralin "
"Benzene, 3-cyclohexen-1-yl-","Benzo[b]fluorene, 5-amino-7-methyl-1,2,3,4,6,7,8,9-octahydro-11-thia-10-aza-"
"D-Isoleucine, N-acetyl-",L-5-Oxoproline
"D-Isoleucine, N-acetyl-","Pyrimidine, 5-methyl-2,4-bis[(trimethylsilyl)oxy]-"
L-5-Oxoproline,"Benzo[b]fluorene, 5-amino-7-methyl-1,2,3,4,6,7,8,9-octahydro-11-thia-10-aza-"
L-5-Oxoproline,Hydroquinidine
Methyl isovanillate,"2,4-Imidazolidinedione, 5,5-dimethyl-"
Methyl isovanillate,"Benzo[b]fluorene, 5-amino-7-methyl-1,2,3,4,6,7,8,9-octahydro-11-thia-10-aza-"
Octanoic acid,"3-Buten-2-one, 3-trimethylsilyloxy-"
1-Hydroxy-3-methoxy-6-methylanthraquinone,"2,5-Dimethoxy-4-methylamphetamine"
1-Hydroxy-3-methoxy-6-methylanthraquinone,4-Pyridinol
4-Pyridinol,Pyrrole-2-carboxylic acid
Cholesterol,4-Cumylphenol
Cholesterol,"Inosose-2, 1,3,4,5,6-pentakis-"
L-Aspartic acid,"3-Hydroxy-2,3-dihydromaltol"
L-Aspartic acid,Allylescaline 
L-Aspartic acid,"Inosose-2, 1,3,4,5,6-pentakis-"
L-Aspartic acid,Ornithine
"Propanoic acid, 2-methyl-",2-Pyrrolidinone
"Propanoic acid, 2-methyl-","D-(-)-Ribofuranose, tetrakis"
3-Aminobenzoic acid,"Benzene, 4-ethenyl-1,2-dimethoxy-"
3-Aminobenzoic acid,Hexanoic acid
"Acetohydrazide, 2-(2-isopropyl-5-methylphenoxy)-N2-benzylideno-","1,3,5-Trimethyl-1H-pyrazol-4-amine"
"Acetohydrazide, 2-(2-isopropyl-5-methylphenoxy)-N2-benzylideno-",Ammeline
"Acetohydrazide, 2-(2-isopropyl-5-methylphenoxy)-N2-benzylideno-","Arabinofuranose, 1,2,3,5-tetrakis-O-"
"Acetohydrazide, 2-(2-isopropyl-5-methylphenoxy)-N2-benzylideno-","Benzene, 4-ethenyl-1,2-dimethoxy-"
"Acetohydrazide, 2-(2-isopropyl-5-methylphenoxy)-N2-benzylideno-","D-(+)-Ribono-1,4-lactone (R,S,R)-"
Sertraline carbamoyl glucuronide,"Acetamide, N,N-diethyl-"
Sertraline carbamoyl glucuronide,D-Proline
Sertraline carbamoyl glucuronide,Ethyl cis-2-trimethylsilyl-cyclopropane-1-carboxylate
"1-Octanol, 2-butyl-","Benzene, 1-acetoxy-2,6-dimethoxy-4-(2-propenyl)-"
"Benzene, 1-acetoxy-2,6-dimethoxy-4-(2-propenyl)-","Dodecanamide, N-(2-hydroxyethyl)-"
"Benzene, 1-acetoxy-2,6-dimethoxy-4-(2-propenyl)-",Galactopyranose
"Benzene, 1-acetoxy-2,6-dimethoxy-4-(2-propenyl)-",Isonicotinic Acid
"Benzene, 1-acetoxy-2,6-dimethoxy-4-(2-propenyl)-",Phenylalanine
"Benzene, 1-acetoxy-2,6-dimethoxy-4-(2-propenyl)-",Uridine
Adipoyl-L-carnitine,2-Aminoadipic acid
Adipoyl-L-carnitine,Cyclo-(l-leucyl-l-phenylalanyl) 
Adipoyl-L-carnitine,Tetradecanenitrile
"1-Phenyl-1,2-ethanediol",Octocrylene
"2,5-Dimethoxymandelic acid",Ornithine
"Dimethyl hexopyranosiduronate, alpha-D-",2-Pentenoic acid
"Dimethyl hexopyranosiduronate, alpha-D-",Tributyl acetylcitrate
Trimethylsilyl 3-((trimethylsilyl)thio)propanoate,Arabinaric acid
Trimethylsilyl 3-((trimethylsilyl)thio)propanoate,"Arabinofuranose, 1,2,3,5-tetrakis-O-"
Trimethylsilyl 3-((trimethylsilyl)thio)propanoate,L-Alanine
Trimethylsilyl 3-((trimethylsilyl)thio)propanoate,N-Acetyl-L-glutamic acid
Uridine,3-Hydroxybutyric acid
Uridine,3-Ureidopropionic acid
Uridine,Dihydrouracil
Uridine,Glycolic acid
Uridine,Hydroquinidine
Uridine,Phenylalanine
Uridine,Xylose
1-Phenethylamine,Cadaverine
1-Phenethylamine,"L-Tryptophan, N-acetyl-1"
Cadaverine,"1,1'-Biphenyl, 3,4-diethyl-"
Cadaverine,"6,8-Dioxapentadecane"
Cadaverine,"Cholesta-3,5-dien-7-one"
"Propiophenone, 3',4'-dimethoxy-","Butanoic acid, 2-methyl-3-[(trimethylsilyl)oxy]-"
Deoxycholic Acid,"2-Acetyl-3-(1-methyl-2-pyrrolyl)-1,4-benzenediol"
Deoxycholic Acid,"5-Androsten-17alpha-methyl-3beta,17beta-diol"
Deoxycholic Acid,cis-4-Trimethylsilyloxy-cyclohexyl(trimethylsilyl)carboxylate
Deoxycholic Acid,Delorazepam
Deoxycholic Acid,Glycolic acid
Deoxycholic Acid,Indole-5-carboxylic acid
Deoxycholic Acid,Phenylalanine
L-Lysine,Stearic acid
"Methyl (3,4-dimethoxyphenyl)(hydroxy)acetate",5-Aminovaleric acid
"Pyrimidine, 5-methyl-2,4-bis[(trimethylsilyl)oxy]-","2,5-Dimethoxyphenol"
"Pyrimidine, 5-methyl-2,4-bis[(trimethylsilyl)oxy]-",4-Cumylphenol
"Pyrimidine, 5-methyl-2,4-bis[(trimethylsilyl)oxy]-",Octopamine
"1-Piperazineethanol, 4-dibenzo[b,f][1,4]thiazepin-11-yl-",Lactic Acid
"1-Piperazineethanol, 4-dibenzo[b,f][1,4]thiazepin-11-yl-",Mirin
"2,4-Imidazolidinedione, 5,5-dimethyl-","Cholesta-3,5-diene "
"2,4-Imidazolidinedione, 5,5-dimethyl-",Ribitol
3-Aminobutanoic acid,Tributyl acetylcitrate
3-Indoleacetic acid,5-(2-Aminopropyl)-2-methylphenol
3-Indoleacetic acid,7-(Trimethylsilyl)amino-4-methylcoumarin
3-Indoleacetic acid,Indole-3-lactic acid
3-Indoleacetic acid,Ketamine 
3-Indoleacetic acid,L-Tryptophan
3-Indoleacetic acid,"Tacrine, N-trimethylsilyl-"
Arsenous acid,2-Hydroxybutyric acid
Arsenous acid,"Benzene, 1,3-bis(1,1-dimethylethyl)-"
Mirin,"alpha-L-Galactopyranoside, methyl 6-deoxy-, (R,R,R,S,S)-"
N-(Trimethylsilyl)hexanamide,5-Ethyluracil
N-(Trimethylsilyl)hexanamide,"Tacrine, N-trimethylsilyl-"
"9,12-Octadecadienoic acid",5-Aminovaleric acid
"9,12-Octadecadienoic acid",9-Octadecenamide
"1,1'-Biphenyl, 3,4-diethyl-",4-Cumylphenol
4-Cumylphenol,"3,5-di-tert-Butyl-4-hydroxyacetophenone"
4-Cumylphenol,"Acetamide, 2,2,2-trifluoro-"
4-Cumylphenol,Allylescaline 
4-Cumylphenol,Nitrosothymol
4-Cumylphenol,Octopamine
2-Heptenoic acid,cyclobutanecarboxylic acid
2-Heptenoic acid,"DL-Proline, 5-oxo-"
2-Heptenoic acid,Suberic acid
"2,5-Di-tert-butylhydroquinone","Tacrine, N-trimethylsilyl-"
"2,6-Bis[2-[2-S-thiosulfuroethylamino]ethoxy]pyrazine","3-Hydroxy-2,3-dihydromaltol"
"2,6-Bis[2-[2-S-thiosulfuroethylamino]ethoxy]pyrazine",3-Ureidopropionic acid
"2,6-Bis[2-[2-S-thiosulfuroethylamino]ethoxy]pyrazine",4-Hydroxybenzeneacetic acid
"2,6-Bis[2-[2-S-thiosulfuroethylamino]ethoxy]pyrazine","6,8-Dioxapentadecane"
"2,6-Bis[2-[2-S-thiosulfuroethylamino]ethoxy]pyrazine","Cephalotaxine, 3-deoxy-3,11-epoxy-, (3alpha,11alpha)-"
"2,6-Bis[2-[2-S-thiosulfuroethylamino]ethoxy]pyrazine","D-(+)-Ribono-1,4-lactone (R,S,R)-"
"2,6-Bis[2-[2-S-thiosulfuroethylamino]ethoxy]pyrazine",Indole-5-carboxylic acid
"5-Androsten-17alpha-methyl-3beta,17beta-diol",cis-4-Trimethylsilyloxy-cyclohexyl(trimethylsilyl)carboxylate
"5-Androsten-17alpha-methyl-3beta,17beta-diol",Desmosterol
n-Pentadecanol,beta-D-Glucopyranose
n-Pentadecanol,"Cetaben, N,O-bis(trimethylsilyl)-"
5-Aminovaleric acid,Palmitelaidic acid
5-Aminovaleric acid,Ribitol
"Cetaben, N,O-bis(trimethylsilyl)-",beta-Lyxopyranose
Desmosterol,Cinnamic acid
"Acetamide, 2,2,2-trifluoro-","3,5-di-tert-Butyl-4-hydroxyacetophenone"
"Acetamide, 2,2,2-trifluoro-",Latanoprost lactone diol
DL-Phenylalanine,2-Aminoadipic acid
DL-Phenylalanine,DL-Ornithine
DL-Phenylalanine,Hydroquinidine
"1,3-Dioxane-4-methanol, 4,5-dimethyl-","Benzo[b]fluorene, 5-amino-7-methyl-1,2,3,4,6,7,8,9-octahydro-11-thia-10-aza-"
"Benzo[b]fluorene, 5-amino-7-methyl-1,2,3,4,6,7,8,9-octahydro-11-thia-10-aza-","1H-Pyrazole, 3,4-bis(trimethylsilyl)-"
"Benzo[b]fluorene, 5-amino-7-methyl-1,2,3,4,6,7,8,9-octahydro-11-thia-10-aza-",Indole-3-carboxaldehyde
Cyclobutanol,"Ethanone, 1-(2,5-dimethoxyphenyl)-"
Guanabenz,5-(2-Aminopropyl)-2-methylphenol
N-Acetyltyrosine,"2-Propenamide, 3-phenyl-N-2-propenyl-"
N-Acetyltyrosine,Glyceric acid
N-Acetyltyrosine,Indole-3-lactic acid
2-Isopropyl-5-methyl-1-heptanol ,"3-Buten-2-one, 4-(4-methoxyphenyl)-"
4-Hydroxybenzoic acid,Glycolic acid
Dihydrouracil,5-(2-Aminopropyl)-2-methylphenol
Dihydrouracil,Glycolic acid
Dihydrouracil,Ornithine
Dihydrouracil,Phenylalanine
Glycolic acid,"2,6-Dimethyl-N-[3-(trimethylsilyl)-1,3-thiazinan-2-ylidene]aniline"
Glycolic acid,Erythritol
Glycolic acid,Phenylalanine
"Ethanone, 1-(2,5-dimethoxyphenyl)-",6-Hydroxyflavone-beta-D-glucoside
13-Docosenamide,"7-Acetyl-6-ethyl-1,1,4,4-tetramethyltetralin "
"7-Acetyl-6-ethyl-1,1,4,4-tetramethyltetralin ","2-Acetyl-3-(1-methyl-2-pyrrolyl)-1,4-benzenediol"
"7-Acetyl-6-ethyl-1,1,4,4-tetramethyltetralin ",D-Ribose
3-Ureidopropionic acid,cis-4-Trimethylsilyloxy-cyclohexyl(trimethylsilyl)carboxylate
3-Ureidopropionic acid,Glyceric acid
3-Ureidopropionic acid,Methylmalonic monoamide
3-Ureidopropionic acid,Xylose
Phenylalanine,Xylose
"1H-Pyrazole, 3,4-bis(trimethylsilyl)-",Quazodine
Quazodine,N-Isobutyrylglycine
2-Aminobutanoic acid,Nonanoic acid
4-Hydroxybenzeneacetic acid,"9H-Purine, 9-(trimethylsilyl)-2,6,8-tris[(trimethylsilyl)oxy]-"
4-Hydroxybenzeneacetic acid,cis-4-Trimethylsilyloxy-cyclohexyl(trimethylsilyl)carboxylate
4-Hydroxybenzeneacetic acid,Glyceric acid
cis-4-Trimethylsilyloxy-cyclohexyl(trimethylsilyl)carboxylate,5-(2-Aminopropyl)-2-methylphenol
cis-4-Trimethylsilyloxy-cyclohexyl(trimethylsilyl)carboxylate,Cyclo(L-prolyl-L-valine) 
cis-4-Trimethylsilyloxy-cyclohexyl(trimethylsilyl)carboxylate,Methylmalonic monoamide
Glucopyranose,2-Hydroxy-3-methylbutyric acid
"2-Acetyl-3-(1-methyl-2-pyrrolyl)-1,4-benzenediol","2,6-Dimethyl-N-[3-(trimethylsilyl)-1,3-thiazinan-2-ylidene]aniline"
"2-Acetyl-3-(1-methyl-2-pyrrolyl)-1,4-benzenediol",Norketamine
"2,6-Dimethyl-N-[3-(trimethylsilyl)-1,3-thiazinan-2-ylidene]aniline",2-Methylglutaconic acid
"2,6-Dimethyl-N-[3-(trimethylsilyl)-1,3-thiazinan-2-ylidene]aniline",5-(2-Aminopropyl)-2-methylphenol
"2,6-Dimethyl-N-[3-(trimethylsilyl)-1,3-thiazinan-2-ylidene]aniline","Acetamide, N,N-diethyl-"
Norketamine,Ketamine 
Trimethylsilyl oct-2-enoate ,"D-(-)-Lyxose, tetrakis"
Indole-5-carboxylic acid,"6,8-Dioxapentadecane"
Indole-5-carboxylic acid,"N,O-Bis(trimethylsilyl)carbamate"
2-Aminoadipic acid,Allylescaline 
2-Aminoadipic acid,L-Glutamine
2-Furoic acid,"2,2-Diallylpyrrolidine"
2-Furoic acid,"D-(+)-Ribono-1,4-lactone (R,S,R)-"
"2,2-Diallylpyrrolidine",Trimidox
"D-(+)-Ribono-1,4-lactone (R,S,R)-","2,5-Dimethyl-1-aza-bicyclo[2.2.1]heptane"
"D-(+)-Ribono-1,4-lactone (R,S,R)-","6,8-Dioxapentadecane"
"D-(+)-Ribono-1,4-lactone (R,S,R)-","Dodecane, 4,6-dimethyl-"
2-Hexen-1-ol,D-Ribose
2-Hexen-1-ol,Pyrrole-2-carboxylic acid
D-Ribose,"Benzene, 4-ethenyl-1,2-dimethoxy-"
Pyrrole-2-carboxylic acid,Aspartic acid
"Dodecane, 4,6-dimethyl-","2,5-Dimethyl-1-aza-bicyclo[2.2.1]heptane"
"Dodecane, 4,6-dimethyl-",Methylmalonic monoamide
"3-Buten-2-one, 4-(4-methoxyphenyl)-","7-Isoquinolinol, 1,2,3,4-tetrahydro-1-[(4-hydroxyphenyl)methyl]-6-methoxy-"
"3-Buten-2-one, 4-(4-methoxyphenyl)-","Quinolin-4-one, 1-[2-(3,4-dimethoxyphenyl)ethyl]-octahydro-"
2-Methylglutaconic acid,5-(2-Aminopropyl)-2-methylphenol
5-(2-Aminopropyl)-2-methylphenol,"D-Xylofuranose, 1,2,3,5-tetrakis-O-"
5-(2-Aminopropyl)-2-methylphenol,l-Histidine ethyl ester
5-(2-Aminopropyl)-2-methylphenol,Trimidox
2-Pentenoic acid,Aspartic acid
"2',2,3,6'-Tetramethoxychalcone","Morpholine, 4-[2,3,4,6-tetrakis-O-(trimethylsilyl)-alpha-d-mannopyranosyl]-"
"Arabinofuranose, 1,2,3,5-tetrakis-O-",N-Acetyl-L-glutamic acid
N-Acetyl-L-glutamic acid,6-Hydroxyflavone-beta-D-glucoside
N-Acetyl-L-glutamic acid,L-Alanine
"2-Propenamide, 3-phenyl-N-2-propenyl-","Cephalotaxine, 3-deoxy-3,11-epoxy-, (3alpha,11alpha)-"
2-Pyrrolidinone,L-Norleucine
Arabinaric acid,Campesterol
Arabinaric acid,Indole-3-lactic acid
Arabinaric acid,L-Alanine
Arabinaric acid,Methylmalonic monoamide
Glyceric acid,"9H-Purine, 9-(trimethylsilyl)-2,6,8-tris[(trimethylsilyl)oxy]-"
"Ribonic acid, 2,3,4,5-tetrakis-","Ethanamine, N,N-diethyl-2,2-dimethyl-2-[(3,5-dimethoxy)phenyl]-"
"2,5-Dimethyl-1-aza-bicyclo[2.2.1]heptane",Indole-3-lactic acid
"2,5-Dimethyl-1-aza-bicyclo[2.2.1]heptane",l-Histidine ethyl ester
L-Tryptophan,Delorazepam
L-Tryptophan,Indole-3-lactic acid
L-Tryptophan,"Tacrine, N-trimethylsilyl-"
Ornithine,"Aziridine, 1-(2-buten-2-yl)-"
Ornithine,Phenylpropanolamine
"Ethanamine, N,N-diethyl-2,2-dimethyl-2-[(3,5-dimethoxy)phenyl]-",beta-Hydroxypyruvic acid
Ribitol,D-Leucylglycylglycine
"N,O-Bis(trimethylsilyl)carbamate","Pentanedioic acid, 2-[(trimethylsilyl)oxy]-"
"6,8-Dioxapentadecane",D-Leucylglycylglycine
"Morpholine, 4-[2,3,4,6-tetrakis-O-(trimethylsilyl)-alpha-d-mannopyranosyl]-","Benzene, 1,3-bis(1,1-dimethylethyl)-"
Cinnamic acid,Octopamine
Ketamine ,9-Octadecenamide
Methylmalonic monoamide,Pentylone
3'-(Trimethylsilyl)oxy-beta-naphthoflavone,D-Arabinose
Octopamine,"N,9-bis(Trimethylsilyl)-6-[(trimethylsilyl)oxy]-9H-purin-2-amine"
Latanoprost lactone diol,"O-Methyl-N,N'-diisopropylisourea "
"Pentanedioic acid, 2-[(trimethylsilyl)oxy]-",Erythritol
"Pentanedioic acid, 2-[(trimethylsilyl)oxy]-",Oxalic acid
"Pentanedioic acid, 2-[(trimethylsilyl)oxy]-",Trisaminol
"Glycine, N-(1-oxobutyl)-",Uracil
