ID,101,100,102,896,897,T0.5,T0.6,T0.7,T0.8,UNK12,939,934,935,936,937,938,940,941,942,943,UNK8,29,3297,3353,3354,3675,3678,3679,3681,3687,3680,UNK5,UNK6,UNK11
ENSMUSG00000000326-C,7.119058668855816,7.351824631997019,6.844359256029119,6.987224935519179,6.9590417194514576,6.876388114449808,7.128501061041534,6.816404410561486,6.815958657317895,,7.370780748426784,7.028629552994313,,6.627640855690067,6.9000625784282255,7.466219252213952,7.189479453766316,,,6.812187383856947,6.376770227494831,6.903380042602183,6.6263294369063175,6.925812637260005,6.813710493729268,6.860710527994718,,,7.000648940304913,6.797635885813579,6.8806115142289554,6.469327377181778,6.163750497874961,
ENSMUSG00000000827-C,6.095409897585464,5.678914279734958,6.241528092247083,6.10933303827233,5.955568965857139,5.915809403712013,6.1846673903767755,5.724184104635114,6.026103746009668,,6.372699991629672,6.653429004663466,,6.354506408712426,5.885576709257968,6.314527637390168,6.320410688967,,,6.436457459027397,6.4896196945628715,5.792022289093289,5.305457830624016,5.794693770246104,6.000419745303487,5.715499280408787,,,5.817842524086916,5.736376544018484,5.725910229190757,6.337635682737065,4.46052582652635,
ENSMUSG00000000881-C,8.554253729971105,8.768273153920267,8.644444884638423,7.806238248507494,8.336210872528117,8.528482060194255,8.331453224979452,8.605749603982874,8.515741818650108,,9.040286049287952,8.889997545122108,,9.088903631563587,9.185373410370593,9.150893115345788,9.05519232191917,,,8.96730900599604,9.109873395639273,8.323649301985347,8.289726689663107,8.256276270180248,7.815068597204282,7.726086817157924,,,8.610178296865705,8.522555729004257,8.820526448621328,8.453533484007325,8.304923414437836,
ENSMUSG00000000976-C,5.326297240154299,5.461207771779612,4.694204739759362,5.499053189622769,5.36712533199982,4.646706835650986,5.1359318331393675,4.54479128052225,5.029788150157312,,4.356974111377557,5.714079731355354,,4.972823382048754,5.299435004031162,5.259169758845276,5.368619331410525,,,5.132480833986183,5.038874041043755,4.939089677289372,4.531582777984604,4.3216503643472075,5.399324394390804,5.441262833161149,,,4.8904275518483145,4.686475659348247,4.277280327333589,3.703135021136939,4.580585737446978,
ENSMUSG00000001128-C,4.200634153951173,3.181526091046473,3.265291998573044,2.9641894307294048,3.5100788664663383,3.5262732991065455,1.712571527584626,3.5074880852801837,3.922871459374952,,2.2922982217170365,3.836809399741955,,3.5996739263906603,3.442207073065027,2.937387202743914,4.039144331588991,,,3.659499454058248,4.040370727438164,3.7780773780277177,3.3617092928764207,3.2108868858509947,3.713582110297556,4.372160124747886,,,1.541336626495835,3.321904809563751,3.912970404851044,0.0,4.025460034672541,
ENSMUSG00000001521-C,4.019154570446448,4.310064786369203,2.753466800942782,5.198506277052428,5.120075235611372,4.510633550458227,3.6307810679510832,4.4946112912842064,4.333940744587301,,4.512909815519537,3.560363063339314,,4.8296828663221545,3.82367468051064,4.390989664416049,4.830306502063456,,,4.550986184927251,4.858501443322066,3.701788008824327,4.439662999975433,4.3800415792698475,4.586526700192765,5.336899529548905,,,2.2694164769105942,3.965760067917714,3.912970404851044,4.184088675445754,4.890404164193962,
ENSMUSG00000001666-C,5.761510440637426,6.384059417281859,6.49220604402276,5.386231883212921,5.761930135269792,5.76446585468158,5.430711149982712,5.888646924206125,5.7857662384178505,,6.274407359333947,6.5161683114734315,,6.033717124436005,6.471324811191249,6.578564827849169,6.522382900724791,,,6.422545572628353,5.881485573556099,5.31697311520832,5.406033162232234,5.816000886225711,5.440167569237691,5.67326231975404,,,6.292430924220512,5.974389128696892,5.969527317729566,5.953740823634375,6.274715184249747,
ENSMUSG00000001773-C,1.0612255463732776,2.673957838819107,1.5432246700768597,2.138137563504853,2.292011360782609,1.3237104085262597,1.0967492717572764,2.3188822613527895,2.9386360600829815,,2.855466091184482,0.8722754939741469,,1.987732424191134,1.0680554872113692,1.2215959129652292,2.8082760478821935,,,1.4126867783113457,2.764530519215672,0.7711227158729893,0.0,1.7981578459377747,1.7755955644782335,2.01153025227296,,,0.0,2.1292630581191667,2.0858962887955266,2.976553207704254,0.0,
ENSMUSG00000002228-C,2.090890740391519,1.4822933651173062,0.0,0.0,0.0,1.3237104085262597,0.0,0.0,1.8073849903108583,,0.8316110494662632,2.3653396025461224,,3.194853116705421,0.0,0.0,0.8935808599904828,,,1.4126867783113457,0.0,0.0,0.0,0.8686232207515774,0.0,0.0,,,0.9674048923102424,1.426248509167121,0.0,0.0,0.0,
ENSMUSG00000002608-C,6.733493028539443,6.599540889878606,6.981813958254896,6.588776931516148,6.731038905655087,6.412325339329962,6.272292068551334,6.54774837314836,6.507836272997877,,6.900988539356202,7.168463853541081,,7.358758606605153,7.097811899742801,7.280931021098915,7.31135600087835,,,7.029688769622747,7.149931974132827,6.337095584792328,6.518131447834783,6.250936592430239,6.203862749065842,6.569779657848172,,,6.458351483223099,6.651922995399596,6.957969489765717,6.455274718805405,6.534640640614436,
ENSMUSG00000002633-C,1.6660324636864343,0.9236912118413654,2.753466800942782,2.609495240548126,1.201086816065423,2.2502722058212323,2.4737582927568313,3.2893625141918443,2.584997580289027,,2.2922982217170365,2.580938305492785,,2.6301094702480934,0.0,1.8734553036471215,2.402969793843818,,,3.2190330748149605,1.962598682968702,1.935983705110964,1.9468263315634875,1.7981578459377747,1.145283945259697,0.0,,,2.2694164769105942,2.303760115630847,1.6615634406534388,1.838604035947166,3.8454156461999536,
ENSMUSG00000002733-C,5.818182651203903,6.015344628528598,5.86872532471544,6.073342880936644,5.8294057749313675,6.292950239762463,6.611635815358924,6.336088782517406,6.294662308031573,,6.72077088318009,5.983930498251271,,6.741995327236029,6.131057510928048,5.831520306680389,6.156600604043545,,,6.350899762247737,6.120545656979743,5.828357164453947,6.246986546581152,5.636022909541209,5.9160689396445045,4.372160124747886,,,5.8893404910648375,6.133116708420134,5.969527317729566,5.761564928515125,4.980470202450622,
ENSMUSG00000002778-C,8.085282003692742,8.269866128005631,8.320828828253319,7.901683845045792,8.012498016924418,7.929253101135792,7.967976765903055,8.206632406782584,8.099828061635693,,8.314362737783785,8.336518029189662,,8.591916975111832,8.640490166098507,8.693257268456536,8.490059362473836,,,8.46859999159206,8.608250591383504,7.790891742516856,7.796249078044682,7.963484480877133,7.659459628241126,7.350649070978613,,,8.377193673887678,8.1379259539598,8.346685532668898,8.281027825717642,8.638097529814281,
ENSMUSG00000002820-C,5.116356650448591,5.370279929231096,4.893205936692166,4.8184146398616825,5.065150104868289,4.192631316275886,4.34754389195081,4.813950177861993,4.000039464453881,,4.697634350666895,5.570179956007895,,5.33275229413072,5.715356997036679,4.921483944515629,5.275840962070013,,,5.166266667433585,4.4756891561101835,4.905470838039171,4.953273561611836,4.688045329191448,4.910997310921447,5.037251114700205,,,4.794362111747247,4.918838219969747,5.358482331281152,4.5441676527518,5.293229488386045,
ENSMUSG00000002910-C,3.9190677346575544,2.4554423935427265,2.9449675252531367,1.4334760532826032,1.84729786765765,3.703180827881894,3.337679642492369,3.6053134790057273,2.772625439053359,,3.83333715411923,3.560363063339314,,4.341975302691646,3.442207073065027,3.3679746106824373,3.6030221383342673,,,4.388733841451062,3.2769287369170383,2.733957072035301,3.634711799651865,3.3341556752144523,2.547841273150182,2.01153025227296,,,3.639677013987396,2.845467778033953,4.355603108019191,0.8944330770159921,4.329560199344903,
ENSMUSG00000002963-C,4.506783943337601,4.8026521731307055,4.746587023807134,4.300902556653133,3.806456095533223,4.412220641925155,4.34754389195081,4.931776063274248,4.000039464453881,,4.973023080363142,5.3528396284419735,,4.584211939071658,4.935853410223768,4.921483944515629,4.693524010819566,,,5.132480833986183,5.783696847925926,4.8710498562457705,4.180428819962158,4.542247431043634,4.967971598174785,4.8221626768812405,,,4.580608929613616,4.113717787903322,4.967642875688821,4.832086780670741,5.607780348647971,
ENSMUSG00000003228-C,4.112746069128248,4.373869263088962,4.583364113437317,5.5523189975045355,4.753955375011224,4.002783898283538,4.5005297109556714,4.150211254386488,4.502540578785094,,5.076653463283625,4.7854214217715745,,4.791563079148306,4.935853410223768,5.208096885476782,5.07020461665122,,,4.601253901034637,4.905752418677896,4.42568240917794,4.39140932542033,4.733544525276869,3.958170733316668,4.897478547837925,,,4.794362111747247,3.857956906855064,4.567893025958041,4.0408772621977525,4.185507841054571,
ENSMUSG00000003282-C,1.0612255463732776,1.4822933651173062,1.5432246700768597,1.4334760532826032,1.201086816065423,0.8086282278702569,0.0,0.846305570751632,1.4150638090347123,,1.7394224912174236,0.8722754939741469,,1.3121223935613218,1.0680554872113692,1.2215959129652292,1.4412513726916425,,,0.8727598826207578,2.543344990983517,0.0,0.7772103564006736,0.8686232207515774,1.145283945259697,2.4720055205074685,,,0.0,1.0874491440466718,0.0,0.0,0.0,
ENSMUSG00000003382-C,4.361814742642791,4.24330740113295,3.848113560655806,5.7012444133081654,4.753955375011224,4.306599851272038,4.765036951130696,4.442622844884783,4.14299766649662,,4.462780896440436,4.204884498283597,,4.393785888058045,4.125079381585428,3.168685798330999,4.112520760316219,,,4.330324568503661,4.6523116022232385,4.51756029553663,4.180428819962158,4.3216503643472075,4.657521795542996,4.742697324315992,,,4.02548275212475,4.330892291115861,3.0997279733373246,4.6466592002228815,5.065242378780794,
ENSMUSG00000003418-C,1.6660324636864343,0.9236912118413654,0.0,1.4334760532826032,1.201086816065423,2.002227548217203,1.0967492717572764,2.067488679955821,0.0,,2.2922982217170365,0.8722754939741469,,1.6891195143635438,2.1009160241147065,1.2215959129652292,1.4412513726916425,,,1.4126867783113457,0.0,1.270944323129923,1.9468263315634875,1.4069932691538003,1.7755955644782335,3.101018312374517,,,0.0,1.930718251259833,1.0578286184819063,0.0,3.399587007767687,
ENSMUSG00000003421-C,5.732317036902873,6.304433347426391,6.429500754871832,5.443745108748944,5.32098431233377,5.617618607829209,5.798534728731463,5.610979367318627,5.718859543567126,,6.259802484699927,6.378931854140022,,6.049954982467728,6.301203449547498,6.694427546144321,6.207725593665361,,,6.111768566925712,6.565142777282401,5.530514978929898,5.750129984284146,5.816000886225711,5.440167569237691,5.102366880580535,,,6.201718860928222,5.935139599843783,6.2411521397486895,6.05038904751584,6.410523747970659,
ENSMUSG00000003452-C,7.289083647933337,6.612823649251255,6.4454344311581835,6.779547242845372,6.881683265171662,6.939583025176289,6.993200994538395,6.510355683157012,6.609836018075698,,6.8915457083420675,6.745642409680945,,6.467619767178247,7.219572749518852,6.712864623543327,6.857268500090575,,,6.885012050953814,7.089825731771362,7.02577427148032,6.811919870087571,6.633495574156986,6.9752787985194695,6.879408331718338,,,5.935110196826683,6.667972917502298,6.2411521397486895,6.41227630568288,6.309884544032575,
ENSMUSG00000003527-C,4.700116627791696,4.434971037440396,4.694204739759362,5.058246109287047,3.806456095533223,4.68935462916142,4.703316352969184,4.4946112912842064,4.4485006681895936,,5.376530835365202,5.492463278620459,,4.8296828663221545,4.77180816512325,5.259169758845276,5.106577802942799,,,4.950554856354362,5.199181076939753,4.762566855525598,4.617995133648742,4.90242022349317,5.269362152802617,5.796435298415117,,,4.6914406784700216,4.997154418440803,5.197679225030279,6.012503114149743,3.639654752205806,
ENSMUSG00000003549-C,5.326297240154299,4.892527138752523,4.639848634876391,3.868660751385197,4.528894874093235,4.957069922462677,5.0884363782893285,4.4946112912842064,4.874509778245711,,4.822144084942375,5.3232169075052775,,4.972823382048754,5.684926907145686,5.308496248131626,5.106577802942799,,,5.166266667433585,5.199181076939753,4.799641654254227,5.406033162232234,4.820451948123481,5.075584322680654,5.490743484005632,,,5.065265859574233,4.4470585397514295,5.358482331281152,5.485518377419,4.794338780282,
ENSMUSG00000003752-C,2.910774933198879,3.441827149251054,3.940955124187888,1.4334760532826032,3.665864844922387,1.702496038550303,1.712571527584626,2.532901923184754,2.36926775764794,,2.042184285849804,3.3414202912602526,,4.050692283249386,3.442207073065027,2.66179105737093,2.6198095436164515,,,2.9353278433826433,3.1254898356485032,2.389452305959414,2.584167946796685,3.2108868858509947,2.212784030876461,0.0,,,3.3996089179664075,1.0874491440466718,2.6800946312329175,2.404466208288875,0.0,
ENSMUSG00000003970-C,9.038583612710742,9.252754319840417,9.713438072252766,9.207589269591429,9.05268824957165,8.84609875284169,9.120747348677185,8.92989015541962,8.99250834004689,,9.301438245387814,9.794456668881995,,9.45175808681583,9.74943165955932,9.764031665886566,9.592729108317204,,,9.280488798700578,9.010704330771992,8.757326609357712,9.165390587088837,9.000687980225713,8.811861906720516,8.73812466634694,,,9.337167986530984,8.997682926469064,9.250225650772745,9.294579099396126,9.298269174800282,
ENSMUSG00000004070-C,7.681591485138177,7.925880140302438,7.763763989106196,7.329938964331805,7.5749544459091345,7.441744056590815,7.578687045025559,7.606497874718854,7.539200680171162,,7.977590504478471,8.321614177164498,,7.936427679005297,8.230612888823616,8.112353023239416,8.06485083722363,,,8.01027205201053,7.579526963499205,7.630381164429064,7.629448446885902,7.526336047764816,6.859599102275098,6.860710527994718,,,7.967736813193007,7.5483145532899805,7.682709674700471,7.509565427613166,7.481287470374049,
ENSMUSG00000004085-C,4.200634153951173,3.556251698652685,3.940955124187888,3.690056043985187,3.136645565127414,3.703180827881894,3.6307810679510832,3.032280577134576,3.754926479408451,,3.574755773191751,4.6957954184464645,,4.712161899715245,4.031437387137405,4.717477037187084,4.3735768992333215,,,4.139408221510954,4.274387138167632,3.7780773780277177,3.7153260891446704,3.910793357631654,3.418887887081104,3.872280659764173,,,2.7510183104581927,3.8008758836611687,3.0997279733373246,2.404466208288875,2.2693972934160422,
ENSMUSG00000004151-C,6.833107067460007,6.72716652565373,6.8563274594430865,6.663302735813608,7.102326860459532,7.160295456537961,7.294666472036832,7.238438284259746,6.967748355862459,,7.294017084319103,7.100240233582375,,7.32579613671904,7.240647917493037,6.452578220976766,6.7463787526364545,,,7.694381001928989,7.504772884467048,6.760258180980262,7.048124291933656,6.7487781976546515,6.64926366888075,7.491000913442355,,,6.394254465449894,6.602673258628636,6.727024619920637,6.9818112674024215,7.35227929048572,
ENSMUSG00000004268-C,5.543543592620155,5.601072961874427,5.026289226720062,5.443745108748944,5.411836265332917,5.951288495033768,6.042363731696917,5.964343368821456,5.672466611962801,,5.9315581012649,5.3818663264137685,,5.765279140116933,4.374267508812298,5.726552593921191,5.89066907483695,,,5.782030210611711,5.732199041385865,5.595205933227453,5.769137867242329,5.728816639028452,5.94473735753981,5.835261920488193,,,5.105854363727924,5.8672533103223685,5.634616922337999,5.143849331184381,5.607780348647971,
ENSMUSG00000004356-C,4.200634153951173,3.8534406654036033,3.527256332227863,4.300902556653133,4.052201677285168,4.510633550458227,4.5005297109556714,3.8643493295108,4.209493185613544,,4.936756689324172,4.44385171047969,,4.938347553851586,3.707376963716697,4.296357293218538,3.7935549888483817,,,3.8378021129317026,4.4756891561101835,4.327552898761735,4.575435833627302,4.3800415792698475,4.910997310921447,5.1646701437537805,,,4.10772499717138,4.686475659348247,3.6892717228661702,4.0408772621977525,0.0,
ENSMUSG00000004360-C,6.819290718998538,6.5171688966204835,6.107751635900119,6.4830142203880525,6.326372151070864,7.190301022086289,6.6448491908552,6.665822911995749,7.033464775582421,,6.938153679687499,6.8427910288725835,,7.1334830660210224,6.523848329091592,6.868982462979488,6.769249059427035,,,6.689760367659822,6.505043907244842,6.788197463012272,6.594713446622916,6.759815559453831,6.750162974223287,6.346080434980437,,,6.238690897249208,6.889478309027551,6.3974313355060515,6.441083832134746,6.564070367241747,
ENSMUSG00000004508-C,5.543543592620155,5.601072961874427,5.937938483131097,5.5523189975045355,5.726970734316112,5.2696787938976275,5.468304823857709,5.767090587794956,5.574950048329096,,6.137314416155313,5.945560741083165,,5.4597235135574715,6.061697045822214,6.240210242253849,5.911378229898306,,,5.760072005537932,6.160054898799062,4.799641654254227,5.225140046092457,5.123612505890491,5.795334401805453,5.281743096138518,,,5.842071024845519,5.451185830606349,5.755101167010674,5.761564928515125,5.14530861675487,
ENSMUSG00000004895-C,3.430329504878941,3.03134235656842,1.5432246700768597,3.868660751385197,4.160973786948527,3.784113270972422,3.874272644065696,3.1665403446796927,3.6630037848267736,,3.4771243393449116,3.4550410302589003,,3.4114162920058955,3.707376963716697,3.9683212029619424,3.3834412183032643,,,3.084143061959374,2.543344990983517,3.621238133361342,4.236136261201466,4.061125707426031,3.958170733316668,4.0143984739659455,,,3.1114590032192178,2.9541737762086013,3.912970404851044,4.832086780670741,5.14530861675487,
ENSMUSG00000004945-C,7.502973085942749,7.551271556998276,8.222540362853938,6.710930266887655,7.003540943383121,7.290662696082045,7.356120128210108,7.489668064687243,7.431887638552392,,8.02154064536106,7.913058927678139,,7.794264952371413,8.121228956955077,7.724262692407779,7.9791678754864686,,,7.399981443023476,7.615499921640758,7.328145335391758,7.216837530675733,7.453427285860586,7.016374184107763,6.701705531007606,,,7.434274923793394,7.24016935250572,7.398131100010326,6.962070229783484,7.09437537956822,
ENSMUSG00000004952-C,2.910774933198879,2.673957838819107,2.27169581750873,1.4334760532826032,2.9060517082773543,3.2121019552631123,2.4737582927568313,3.402543765077897,3.2224300065550993,,3.1369650396755486,2.934400040210273,,3.984649161581813,3.288778564963921,3.3679746106824373,3.3834412183032643,,,3.084143061959374,3.539116440574672,3.132999700652309,2.401325369831886,3.0760931997901184,1.7755955644782335,4.0143984739659455,,,2.2694164769105942,1.426248509167121,1.0578286184819063,3.795267103403054,4.025460034672541,
ENSMUSG00000005089-C,11.892652270162571,11.911600688718792,11.52097547199671,12.025855989937494,12.047212558229871,12.101987615513137,12.092757339623727,11.956846263911268,11.95835312252939,,12.226202133280768,11.974774639141136,,11.956424374913832,12.072591586477316,12.169261472070213,12.13517975106106,,,11.859004504103607,12.111370932222176,11.825506371658882,11.853024571176467,12.06203254620012,12.050745905792082,11.498659902849642,,,11.549247622961031,11.873322115202964,11.702575867654224,11.659790506769038,11.066561892320069,
ENSMUSG00000005699-C,5.899223568075901,6.254459045095914,6.347080708657571,5.65329065696997,6.621093659805925,5.897737210193262,6.374831120867834,5.888646924206125,5.969667774610442,,6.514783568166831,6.832314200864209,,6.731966023701812,6.62348497355707,6.637658990213358,6.687564687754545,,,6.436457459027397,5.75817771283436,5.616140642286914,6.260482272209529,6.137037118445855,6.36101510210831,6.592622186325391,,,6.489362782149032,6.049823067378907,6.666856224132276,7.15699397808321,6.564070367241747,
ENSMUSG00000005871-C,9.04453385789929,8.954555014636853,8.879577063290258,9.272515596808407,9.121602939188469,8.92629067637035,9.000806727661631,8.925161966902628,8.907433452150814,,8.965754927100992,9.107617865339478,,9.07706766265069,9.322651643638071,9.070964361545974,9.29076245054851,,,9.071277383650996,9.390855458135734,8.898591158536899,8.934423985526807,9.090856074730349,9.058052914076177,8.462392748671448,,,8.322274986477211,8.868218000464818,8.46182180864756,8.288972982526431,8.260671846662534,
ENSMUSG00000005947-C,0.0,0.0,0.0,0.0,0.0,0.0,0.0,1.3761692453425427,0.0,,0.0,0.0,,0.0,0.0,1.2215959129652292,0.0,,,0.0,0.0,0.0,0.0,0.0,0.0,0.0,,,0.0,0.6438468756903795,0.0,0.0,0.0,
ENSMUSG00000006095-C,7.4138456187913455,7.786307725146049,7.819847722874022,7.529074768455506,7.340667988974164,7.538228686620701,7.570067645787708,7.515062323241487,7.486541722485366,,7.964140067475552,8.086181894121836,,7.914424791240377,8.337184980047821,8.06290470957218,8.096844417841591,,,7.996251724038281,7.608376729897566,7.064368800524321,7.613761193364623,7.551960629714884,7.504402648335738,7.454057109636329,,,7.888524657609821,7.34870244035514,7.8942920988136,7.320959954222237,7.994980812617067,
ENSMUSG00000006241-C,4.112746069128248,3.3175393399239037,1.9529590040861384,3.4861740589936105,2.292011360782609,3.0900831294315263,2.4737582927568313,2.532901923184754,3.345812791746194,,2.855466091184482,3.3414202912602526,,2.7933262888489865,2.696667789000302,2.937387202743914,3.3834412183032643,,,2.58182735415899,3.860197336073667,3.5359235869883796,2.401325369831886,0.8686232207515774,2.212784030876461,0.0,,,1.9508269527020643,2.5998912372602767,2.0858962887955266,1.838604035947166,1.54132073842726,
ENSMUSG00000006307-C,5.672095915793873,4.892527138752523,4.746587023807134,5.198506277052428,5.691143114577372,4.991560559280916,4.765036951130696,5.266819432164264,4.7004801944898515,,5.578343890619702,5.544736745488463,,5.359056267457752,5.339059015308414,5.402360956571477,5.142056456221215,,,5.644969287575916,5.5359368743438795,5.238139579400765,5.110582387912509,5.222667844184494,5.399324394390804,5.441262833161149,,,4.521827482917072,4.864161160386767,4.632239671461196,4.957021903635929,5.607780348647971,
ENSMUSG00000006333-C,8.409609266120452,8.69834596917624,8.816651649173961,8.456967168140782,8.376245452384794,8.174135807717619,8.722217722478742,8.379043270692643,8.326471451365046,,8.877628635440946,8.859366144597166,,8.807819495673506,8.864064682968063,9.130465268605656,8.733360648005048,,,8.764429972467722,8.477528079523246,8.07417890450576,8.283130006985818,8.228736386621081,8.044293357948952,8.346222731231217,,,8.205737674112223,8.35917469131916,8.539375921903154,8.362346632209412,8.712262974907302,
ENSMUSG00000006642-C,1.0612255463732776,0.0,0.9688103744562226,0.0,0.0,0.0,0.0,0.0,0.0,,0.0,0.0,,0.0,1.0680554872113692,0.0,0.8935808599904828,,,1.4126867783113457,1.5517650907126677,0.0,0.0,0.0,0.0,0.0,,,0.0,0.6438468756903795,0.0,0.8944330770159921,0.0,
ENSMUSG00000006998-C,8.31923899147112,8.591697898498156,8.544427137863103,8.538424953203224,8.398633246273171,8.296431495272016,8.499746318298133,8.33337936217712,8.245594662937021,,8.915392574703448,8.867085182196915,,8.86629789153464,8.563128843660433,8.838862267520371,8.882404812903134,,,8.685079234823098,8.557373950621392,8.22147830277993,8.403582670102521,8.38303716574741,8.152709750675937,8.486985476464072,,,8.63465820638891,8.371478617559761,8.59290298093969,8.702856872712422,8.776529489828748,
ENSMUSG00000007038-C,7.238070949382033,7.351824631997019,7.035434103370934,6.823543371045298,7.102326860459532,6.7611651132846955,7.068568997647901,6.980355417575751,6.72796215282181,,7.664873505709786,7.440902006416836,,7.581757462978484,7.575257611970175,7.560855626004128,7.303543517018173,,,7.49610370982389,7.579526963499205,6.769631522957556,6.951587444978456,7.047900547198163,6.7980841004864825,7.118530018031314,,,7.29201967314311,7.261481605218396,6.99514661966834,7.5695020317521315,6.621187808483981,
ENSMUSG00000007080-C,0.0,0.0,0.9688103744562226,2.138137563504853,1.201086816065423,0.0,1.0967492717572764,1.3761692453425427,1.4150638090347123,,0.8316110494662632,1.8039062995588535,,0.8003576570276729,1.0680554872113692,0.0,1.8372750529254864,,,0.0,1.5517650907126677,1.270944323129923,0.7772103564006736,2.358845731896266,1.145283945259697,0.0,,,0.0,2.1292630581191667,2.0858962887955266,1.4424172899414331,3.111437600054451,
ENSMUSG00000007610-C,3.568887481409009,4.8026521731307055,3.642321771994718,4.1706999010872465,4.160973786948527,4.002783898283538,4.82422502670604,3.8643493295108,4.000039464453881,,4.118783604930858,4.138401420971068,,4.9030276510342405,3.5808757985520483,4.195079115277823,4.488292521871929,,,4.550986184927251,4.951504788196042,4.166581811472687,4.180428819962158,4.130798409601337,4.586526700192765,3.335753380518202,,,3.3996089179664075,4.289994296900159,4.752914528653213,3.881867051445987,2.7509977021377465,
ENSMUSG00000009145-C,2.090890740391519,0.9236912118413654,0.9688103744562226,1.4334760532826032,1.201086816065423,1.702496038550303,1.0967492717572764,0.846305570751632,2.115509598589792,,2.042184285849804,1.4120204056836572,,1.987732424191134,1.0680554872113692,0.0,2.147673398643941,,,1.8046680709167229,0.0,0.7711227158729893,1.6514266395573065,0.8686232207515774,1.145283945259697,0.0,,,0.0,0.6438468756903795,0.0,0.0,0.0,
ENSMUSG00000009863-C,8.867883353621815,9.114850857871348,9.377893456126394,8.77527623546995,8.702937905314709,8.450044027548135,8.579210404865824,8.700104420359034,8.650495425503678,,9.153249523370794,9.349058968221533,,9.271358678072716,9.606571712677374,9.492463205478728,9.454931587198146,,,8.878378524564415,8.826538341245655,8.563474626451892,9.072807291484716,8.716192335505095,8.43625568273121,8.499126399844487,,,9.18446550862633,8.79520215166305,8.930170038216096,8.702856872712422,9.193885469115765,
ENSMUSG00000011960-C,6.527994325098708,6.763351925381517,6.476783374366273,6.90770422931224,6.621093659805925,6.9307228990897185,6.1846673903767755,6.61974611797455,6.412258581332085,,6.956383280613467,6.953277851365185,,7.014413063653701,6.789997302030276,6.8187971278188355,6.600976357659344,,,6.746699855310175,6.770542883261043,6.877603940137629,6.784157246689743,6.964490312716082,6.61399903883075,6.637250048783156,,,6.607143000613398,6.667972917502298,6.635804080439103,5.850150127189161,6.163750497874961,
ENSMUSG00000014158-C,0.0,0.9236912118413654,0.0,0.0,1.201086816065423,0.8086282278702569,2.4737582927568313,0.0,1.8073849903108583,,0.0,0.8722754939741469,,2.6301094702480934,1.0680554872113692,1.2215959129652292,2.147673398643941,,,0.0,0.0,0.7711227158729893,1.2795471030274967,1.4069932691538003,0.0,2.4720055205074685,,,0.0,2.1292630581191667,0.0,1.838604035947166,2.7509977021377465,
ENSMUSG00000014763-C,6.095409897585464,5.728568950337024,5.666067839350915,6.073342880936644,6.349541123414712,6.147585617107683,5.7382607179212455,6.336088782517406,6.132755417798814,,6.386210673168605,6.093272332933443,,6.443238745539636,6.239726061007098,6.134762341503371,6.638723725273925,,,6.244214096033418,6.059175873852941,5.948773054280709,6.058984597620728,5.816000886225711,5.826478412703628,6.4245645379051535,,,5.768129583832366,6.307175263264584,5.280320013090366,5.871471874848993,5.065242378780794,
ENSMUSG00000014776-C,5.57677140685764,5.306312937226608,6.4611940504267205,5.386231883212921,5.32098431233377,5.5953648599735635,5.1359318331393675,4.813950177861993,4.91492408633389,,5.98581298477753,6.075614536279836,,6.049954982467728,6.175511889235857,6.314527637390168,6.085487540545949,,,5.715126793932639,5.80877242194763,5.4627865240470275,5.406033162232234,5.430348783845333,5.440167569237691,4.372160124747886,,,5.979472391231978,5.541071298402671,6.156168692006873,5.715145381669477,5.550118821367999,
ENSMUSG00000015149-C,7.174374932151963,7.359724857299668,7.437133548921512,6.967751891640705,7.269567223611051,7.454163462388254,7.241376528923259,7.60057919775865,7.626967676245583,,7.766520331726416,7.750079519332211,,7.86020698575914,7.790626893971552,7.687445680297185,7.438077303732874,,,7.821742467318599,7.048317013389907,7.518079639370096,7.310638637759849,7.09223715041755,6.733828890391983,7.7052772957909745,,,7.410168748927744,7.373383243660408,6.8403193004053024,7.182808658929244,6.804973618369612,
ENSMUSG00000015568-C,4.973964555919673,4.24330740113295,4.694204739759362,5.5523189975045355,4.753955375011224,5.526466771622464,5.540675110564346,5.325410154363054,5.497227704024088,,5.505931610930392,5.3232169075052775,,5.006494539162363,5.129067552291397,5.490489914344357,5.483714490900567,,,5.0260996885769,5.623337301057059,5.066238975806739,5.140085823727222,5.430348783845333,4.511856290237969,4.372160124747886,,,4.10772499717138,5.751518666722302,4.106594402699193,4.114259253231501,5.293229488386045,
ENSMUSG00000015837-C,9.105573103001994,9.46538180553808,9.555399052182096,9.276478090328354,9.171211141426086,9.043938268221446,9.048125044597205,9.240799676390893,9.045801677112262,,9.56022284036204,9.633309878726577,,9.486474451483748,9.664254429665103,9.651452527368022,9.621293050223612,,,9.326039199270992,9.114908675093956,9.16680844960841,9.184985439877112,9.18393669264834,8.831184427527203,8.722675878112035,,,9.38330147169675,9.058304202131188,9.124444143437996,9.20293753647936,9.076258616729053,
ENSMUSG00000015981-C,8.827041949804027,8.914890060827156,9.501166181821224,8.840967154768293,8.566230124078297,8.534342744248857,8.749193545683674,8.775591440270482,8.58938102983582,,9.131353370966758,9.645329852394644,,9.43639947840626,9.411289511401574,9.562757154221272,9.550445291421838,,,8.938270371361634,9.164317879768191,8.844177487303327,8.424714761100562,8.554464094254621,7.941359378090944,8.305323336254004,,,8.68240605758281,8.595697888373113,8.817070264053386,8.620248526774619,8.685732758114021,
ENSMUSG00000016477-C,5.070436631402004,5.01764090788891,4.332315566341713,5.058246109287047,4.753955375011224,5.549800309995732,5.3921115923632374,5.0752558596257895,5.169965927521901,,5.455555341530577,5.096848563117327,,5.222460996108933,5.299435004031162,4.921483944515629,4.830306502063456,,,4.988821691730987,5.99507909372592,4.603935629528872,4.919643509393843,5.222667844184494,5.022781101636756,5.796435298415117,,,4.460548930911179,4.891758702119145,4.693838470048764,4.596323382227103,5.221164030902649,
ENSMUSG00000016510-C,4.700116627791696,5.204708179843407,5.330783075746096,4.902866615433742,4.445332657100411,4.957069922462677,4.935779544634974,4.4946112912842064,4.992507100344438,,4.740342749975531,5.643923237870661,,5.530866730368256,5.339059015308414,6.020995093765362,5.368619331410525,,,4.498903567833338,5.442898203163751,4.835787516219796,4.738621725110365,4.862018147026571,4.725186468458616,4.56929212029854,,,4.6914406784700216,4.8360253882851625,4.500541884028289,5.309233218526412,4.580585737446978,
ENSMUSG00000016833-C,5.641015687935728,5.574163696467601,5.796023605435988,5.878550769311726,6.09918279636949,6.177853927232388,6.525094728276957,5.7457968479116746,6.166623067740904,,6.184474454428093,5.886022092310488,,6.017294423225089,6.013532026136244,6.078999851527934,5.89066907483695,,,6.076666104460603,6.4896196945628715,5.948773054280709,5.769137867242329,5.728816639028452,5.592874608040147,6.048543106369221,,,6.022511065463767,5.575513916779101,5.280320013090366,6.602802456919165,3.8454156461999536,
ENSMUSG00000016933-C,6.544883904805438,6.690050129551339,6.692415831092251,6.801713012544935,6.731038905655087,6.462367211529134,6.394492516485472,6.497672936534645,6.426306360607094,,6.644120085158995,6.89406343886185,,6.731966023701812,7.208918578464264,6.578564827849169,7.056348948499158,,,7.1611701893521635,7.31654402902193,6.205148642863037,6.5840189192069305,6.680719688227988,6.932978395719358,6.803117627833016,,,6.292430924220512,6.133116708420134,6.042376274168429,6.3222327103984926,6.9003562750067235,
ENSMUSG00000016984-C,3.430329504878941,4.173310463027411,3.265291998573044,4.902866615433742,3.934555044755374,4.360376603020698,4.426063711373963,3.5074880852801837,3.345812791746194,,3.983108570214678,3.3414202912602526,,3.508613656214325,2.9221280948258475,3.9683212029619424,4.312606643409669,,,3.659499454058248,4.040370727438164,4.42568240917794,3.7153260891446704,3.910793357631654,4.3498143231152575,4.0143984739659455,,,4.6370888418991045,3.857956906855064,3.6892717228661702,0.8944330770159921,0.0,
ENSMUSG00000017491-C,2.418679371923628,3.662264003960899,1.5432246700768597,3.690056043985187,2.9060517082773543,4.068881390848867,4.0825420244949235,3.6053134790057273,3.08749998429564,,3.7521861345261054,2.580938305492785,,3.842736585875398,3.1170698124358824,3.699152832108313,3.2596966249115087,,,1.8046680709167229,3.6542678709495786,2.5719634942468153,3.3617092928764207,3.74295406855436,4.261414146434217,3.335753380518202,,,2.2694164769105942,3.321904809563751,2.9051150409108515,4.184088675445754,4.185507841054571,
ENSMUSG00000017550-C,3.1054976846716587,2.8636883321253084,2.753466800942782,3.868660751385197,3.5100788664663383,3.703180827881894,2.4737582927568313,2.3188822613527895,2.36926775764794,,4.182118223713325,2.7684670172004537,,4.050692283249386,3.1170698124358824,3.3679746106824373,4.3735768992333215,,,3.5613400039776715,3.2769287369170383,3.0118486721666375,2.1919001964604257,2.9273952328051136,3.8410535456100336,3.101018312374517,,,1.541336626495835,1.930718251259833,1.0578286184819063,3.499087042803504,2.7509977021377465,
ENSMUSG00000017716-C,2.418679371923628,0.0,0.0,0.0,3.136645565127414,2.2502722058212323,1.0967492717572764,1.3761692453425427,2.36926775764794,,1.3557736240157023,2.7684670172004537,,1.987732424191134,1.0680554872113692,2.66179105737093,1.8372750529254864,,,2.7693778051683604,4.4756891561101835,3.244760474119069,2.401325369831886,2.1055702394493165,2.212784030876461,0.0,,,1.541336626495835,1.426248509167121,2.0858962887955266,1.4424172899414331,0.0,
ENSMUSG00000018076-C,8.367507042414209,8.673206612935997,8.122028395843834,8.558090514651928,8.45846637930317,8.357209618393385,8.410829902985313,8.010784913168191,8.142999900300966,,8.271324274848023,8.749511620899046,,8.331291879688143,8.46356684961357,8.765689948352227,8.871877330540558,,,8.534759436537453,8.980677542605767,8.39503598406129,8.42770852077591,8.563940771735915,8.524364113881456,7.954870287822169,,,7.88269668010838,7.979756660590144,8.067184695306983,8.328055397502785,7.172883782209225,
ENSMUSG00000018238-C,3.1054976846716587,2.4554423935427265,0.9688103744562226,0.0,2.6314563966651643,0.8086282278702569,0.0,0.0,0.0,,1.3557736240157023,1.4120204056836572,,1.6891195143635438,2.1009160241147065,1.8734553036471215,2.147673398643941,,,2.112583478009447,1.5517650907126677,0.7711227158729893,0.0,1.7981578459377747,1.145283945259697,0.0,,,1.541336626495835,1.7004218063870564,1.0578286184819063,0.0,0.0,
ENSMUSG00000018481-C,7.049751751810679,7.147948963885065,6.970846567326044,7.062590527102318,7.329058543714121,7.000125562234353,7.208431383097079,6.866589014037581,6.958111076349338,,7.377560897533684,7.055901791496218,,6.920392350790864,7.026794076363859,7.1517453803960285,7.102104463847024,,,7.258356397510966,7.31654402902193,6.741326795805261,7.008682586191597,7.06579902297112,7.394391787020838,7.282040651344179,,,6.804997605620443,6.929972402185155,6.6514136953239476,7.320959954222237,7.09437537956822,
ENSMUSG00000018697-C,4.112746069128248,3.662264003960899,3.748883930068221,3.4861740589936105,4.160973786948527,4.002783898283538,3.4916609888554997,4.083878839528882,4.4485006681895936,,4.2427889738829485,3.3414202912602526,,4.538909618475811,4.125079381585428,4.086150710679919,4.248945565678337,,,3.919317557186984,4.6523116022232385,3.7780773780277177,3.0246987074308613,4.592501772320342,4.851680180270497,4.56929212029854,,,3.1114590032192178,3.546870800999621,3.0997279733373246,1.4424172899414331,5.427384399414453,
ENSMUSG00000018965-C,10.179194796471172,10.410234300149552,10.859549148553054,9.996586816530394,10.04956182837782,9.97091304464412,10.212387035393586,10.05499879528073,10.116602623314847,,10.52837434850448,10.933158851199712,,10.41120664992186,10.73936841591039,10.800314961977463,10.748187984433969,,,10.37904395485012,10.301995379493356,10.01408371703118,9.97038569409915,10.148460789278372,9.806355785009371,9.419407876632723,,,10.412873202716163,10.192806332433346,10.337338770447712,9.861563653452516,9.93831828608822,
ENSMUSG00000019039-C,6.422281186707099,6.702528662708766,6.476783374366273,6.510190614218889,6.278887165467049,6.741033773133804,6.507145656752796,5.926991552061997,6.294662308031573,,6.07193609383005,6.407443407957857,,6.893650011518242,6.435215789487232,7.009843889822127,6.575251345363132,,,6.790686816780743,6.808333254944826,6.362096290587524,5.544858804492465,6.031697934416114,5.9160689396445045,6.9694264269235235,,,6.377775151174897,6.4061794378730745,6.666856224132276,5.993180406336221,6.344216924292553,
ENSMUSG00000019505-C,9.980921348577008,10.177521338212674,10.485796476175544,10.222890137530364,10.028182099899658,10.012445168767938,10.246595886344716,10.149240340908475,10.113350134346868,,10.333800314927124,10.61493415525269,,10.50253016145633,10.53915607256065,10.523148483613454,10.413643648331805,,,10.223254343227536,9.874777896559792,10.116808986456752,10.275504037003309,10.2320766786596,9.83917533253892,9.662792666171754,,,10.259414345139149,10.049312223563918,10.21004383745632,10.004727122960215,10.352988132486386,
ENSMUSG00000019579-C,5.4390057785363,5.911680307931717,6.185707051128839,5.836224944522409,5.4552031015430895,5.933658010380837,5.7382607179212455,6.070924965030726,6.19971386749745,,6.4259997553261705,6.194907789953338,,6.515179481655259,6.013532026136244,6.134762341503371,6.2571006939797496,,,6.195960613683977,5.80877242194763,5.657120185391213,5.806418437444359,5.659786858203108,5.075584322680654,5.715499280408787,,,6.163774363983888,6.200873084145724,6.487152874952511,6.12330079958356,6.274715184249747,
ENSMUSG00000019718-C,2.090890740391519,2.673957838819107,2.532598773826906,2.609495240548126,3.33541126722878,3.5262732991065455,2.4737582927568313,2.7192353881313043,1.8073849903108583,,3.983108570214678,2.3653396025461224,,2.2350113770874733,1.675007964280378,2.937387202743914,3.124333732221476,,,2.112583478009447,3.539116440574672,2.180461949771616,1.9468263315634875,2.9273952328051136,2.212784030876461,2.4720055205074685,,,2.5302208690762416,1.7004218063870564,2.0858962887955266,0.0,0.0,
ENSMUSG00000019775-C,7.860887223828125,7.612064030601294,7.94280690575239,7.619201797042693,7.483658943422769,7.879473624820598,7.967976765903055,7.870267159917563,7.841344165807266,,7.787036629552551,7.8312411468425,,7.536376777313529,8.241108624936349,7.846191277084187,7.919081484043218,,,7.717354051701676,8.193255139501428,7.748856994750549,7.890400244817572,7.570884737001916,7.383962004049434,7.515114791693659,,,7.541732593097208,7.859120734251756,7.727581492653067,7.633302114289692,7.247339513606574,
ENSMUSG00000019809-C,5.204031597697395,5.239377622271777,4.797133827951933,5.326330345683369,5.985458218052588,5.025245841639177,5.181913381409071,4.772434856206455,5.266827542703058,,5.204175692290074,5.691071230221207,,5.1935184652807305,5.589584943164772,5.208096885476782,4.99458584814839,,,5.4935069662257,5.950709093189475,4.685430427923396,4.953273561611836,4.820451948123481,5.269362152802617,4.742697324315992,,,4.743818998588079,4.519611508208877,4.864269996666443,5.9131926879091905,4.025460034672541,
ENSMUSG00000019848-C,1.0612255463732776,0.9236912118413654,0.9688103744562226,0.0,0.0,0.0,1.0967492717572764,0.0,1.4150638090347123,,1.3557736240157023,2.1117629745024855,,0.0,1.0680554872113692,0.0,0.0,,,0.0,0.0,0.7711227158729893,0.7772103564006736,0.8686232207515774,0.0,0.0,,,0.0,0.0,0.0,0.0,0.0,
ENSMUSG00000019861-C,5.975953253431694,6.545152061796855,6.330016219562485,5.747655377626174,6.326372151070864,6.557526596151324,6.82951373781938,6.753783634111861,6.572426087693931,,6.783378392824178,6.605013510565325,,6.549847830756573,6.686280878431464,6.408013167702027,6.613668868262824,,,6.593707769139173,6.4896196945628715,6.434599536451984,6.540429955434854,6.3852922388537126,6.36101510210831,6.39887466624681,,,6.792618850730617,6.471649633311949,6.088975699618499,5.667182462609641,5.607780348647971,
ENSMUSG00000019970-C,6.184328378502964,5.974768302759348,6.223160019056987,6.144447177255965,5.224024265317933,5.744380842103868,5.7382607179212455,5.634342110281843,6.546936105055266,,5.875182876483086,6.194907789953338,,6.273849295576005,6.037815527987776,6.26541047717662,6.813929938634154,,,6.450236473578326,6.198510930452961,6.652919910092186,6.84812469760142,6.454859485995015,6.71730775348062,6.474611346238458,,,5.768129583832366,5.294595535467047,5.892803311823157,5.457593100936543,6.124781007977959,
ENSMUSG00000020114-C,7.152502277037594,7.024171274531515,6.879970067464306,6.866237412701891,7.046708580231961,7.160295456537961,7.197280335404767,7.327132265461291,7.315946138445573,,7.708548125733334,7.566315635679977,,7.489522130083697,7.399005744936482,7.353231057718486,7.507730464688568,,,7.234666697859876,7.307775702457787,7.14580860963099,7.216837530675733,6.8137701949377085,7.145473727530398,6.860710527994718,,,7.074086112435092,7.140165014000832,7.252205806645735,6.793590917634861,6.648920322035272,
ENSMUSG00000020175-C,5.609251123544201,4.604132233530103,5.068055298289106,5.326330345683369,5.36712533199982,4.921734476826054,5.468304823857709,5.205748127152371,5.169965927521901,,5.204175692290074,5.4103205136415164,,5.006494539162363,5.377623770307308,5.308496248131626,5.243539841929736,,,5.382908125616131,6.254338710449673,5.183084205887085,4.986137502541371,4.260795788795305,5.440167569237691,5.441262833161149,,,4.6370888418991045,4.113717787903322,5.50314615290747,5.9131926879091905,2.2693972934160422,
ENSMUSG00000020218-C,1.0612255463732776,0.9236912118413654,0.0,2.138137563504853,0.0,1.702496038550303,1.0967492717572764,0.846305570751632,1.8073849903108583,,1.7394224912174236,0.8722754939741469,,0.8003576570276729,1.0680554872113692,0.0,1.8372750529254864,,,0.8727598826207578,0.0,1.270944323129923,0.0,0.0,1.145283945259697,0.0,,,0.0,0.0,1.0578286184819063,0.8944330770159921,0.0,
ENSMUSG00000020220-C,6.205727323996701,6.429807486435191,6.223160019056987,6.90770422931224,6.943898315259627,6.474611092141381,6.229144882539155,6.48487770618266,6.453998103781735,,7.086223152745206,6.407443407957857,,6.810313561399023,6.859765681046661,6.385203546305306,6.467503119199993,,,6.490801076468076,6.770542883261043,6.24601504507742,6.119483232842074,6.2971261045088704,5.9160689396445045,6.234316796359161,,,5.979472391231978,6.357526447535462,6.301757790935005,5.973595382920131,6.473916524676316,
ENSMUSG00000020321-C,10.02070461698669,10.223705073631672,10.57631265923309,9.930225997607987,9.673931627534444,10.147624923108715,9.923612027396588,10.272551856295554,10.191512591103722,,10.591700386017273,10.54045913818939,,10.577955200708084,10.546579476848423,10.495460564314772,10.398137179241957,,,10.455329713511292,10.258292183181652,10.00220485237754,9.953866903810306,10.007405584658866,9.796559157942765,9.521143829141591,,,10.279513409172669,10.31886996208759,10.31300788984301,9.75804233244658,9.963383914687688,
ENSMUSG00000020453-C,3.9190677346575544,4.022222530925879,3.848113560655806,4.1706999010872465,4.528894874093235,4.557431923514309,4.0825420244949235,4.33266385642655,3.922871459374952,,4.608226611648546,4.32931025813923,,4.791563079148306,4.65107023252703,4.390989664416049,4.3735768992333215,,,4.330324568503661,3.760903770260848,3.9195257299905872,4.236136261201466,4.4361611299794195,4.511856290237969,4.262476788602882,,,2.7510183104581927,3.6146860835769976,3.805452458367365,3.881867051445987,4.025460034672541,
ENSMUSG00000020491-C,1.0612255463732776,3.181526091046473,3.265291998573044,3.868660751385197,3.33541126722878,2.6463508127993287,2.1427948453617223,2.3188822613527895,2.772625439053359,,2.855466091184482,2.7684670172004537,,2.446043618687812,2.9221280948258475,2.66179105737093,3.2596966249115087,,,2.112583478009447,2.9562697642966596,3.4452450558239938,2.892259673652012,2.1055702394493165,2.212784030876461,3.872280659764173,,,2.2694164769105942,3.055259675414585,0.0,2.404466208288875,0.0,
ENSMUSG00000020589-C,7.9073398400118045,7.70181484909697,7.902973663659243,7.860041098538044,7.930364461540327,8.24732335420241,8.087547403315785,8.118256837387417,8.037131253855044,,8.328428228244254,8.09497337379604,,8.224465729977991,8.160463691273078,8.112353023239416,8.154441889541708,,,8.014915379122932,7.978014216941124,7.840658004565042,7.958224302153153,7.987158199491244,7.919860995252575,7.363987740781419,,,7.85319832881378,7.841538587922691,7.799399202908267,7.700369698251881,7.556426511609615,
ENSMUSG00000020592-C,1.0612255463732776,0.0,0.0,1.4334760532826032,0.0,0.8086282278702569,1.712571527584626,2.067488679955821,0.8744882523316289,,2.2922982217170365,0.0,,1.6891195143635438,2.429327355217106,2.937387202743914,2.147673398643941,,,1.4126867783113457,1.5517650907126677,0.0,1.2795471030274967,1.4069932691538003,1.145283945259697,0.0,,,0.0,1.7004218063870564,2.0858962887955266,0.0,0.0,
ENSMUSG00000020648-C,2.6856076178598616,2.673957838819107,2.753466800942782,4.027570206271769,2.9060517082773543,1.3237104085262597,2.1427948453617223,3.032280577134576,3.08749998429564,,2.042184285849804,3.083201578726807,,2.2350113770874733,3.1170698124358824,2.320812859996769,2.9749426595913873,,,2.7693778051683604,2.9562697642966596,2.8795834812224355,2.1919001964604257,3.2108868858509947,2.547841273150182,0.0,,,2.7510183104581927,2.845467778033953,1.6615634406534388,2.6213546220940547,2.2693972934160422,
ENSMUSG00000020661-C,8.096781297864993,7.473313073222685,7.413027094226852,8.019851976328821,7.784979216630939,7.410219590568115,7.230478192558928,7.606497874718854,7.452626308307447,,7.228022834920885,7.937703790796164,,7.434925183797613,7.761759314989095,7.678092725278022,7.5806542972607485,,,8.014915379122932,8.226201763523674,7.269889919720036,7.890400244817572,7.849283997945252,7.838173757211016,8.015293625083775,,,6.967994278708698,7.162994947510198,7.01940958304144,7.139523948540194,6.702835548595324,
ENSMUSG00000020687-C,5.872712543514277,5.933017644814055,5.770952109425963,6.4830142203880525,6.126266413056869,6.207500224027952,6.16190364048503,6.378212903467313,6.27926519731943,,6.489969353215992,6.349845455371512,,6.3281185845273855,6.340779579486233,5.929366025443103,5.951925516547592,,,6.146037193358439,6.636908223217723,5.948773054280709,6.23336338179039,6.266497988402164,5.9160689396445045,5.873070944976806,,,6.001152214343189,6.1673926331966085,5.468317271893518,5.784226365506087,6.0011283885167845,
ENSMUSG00000020713-C,0.0,0.0,4.694204739759362,2.9641894307294048,0.0,0.8086282278702569,0.0,0.0,0.0,,0.0,4.600230503019307,,5.765279140116933,1.675007964280378,6.917480586564329,4.873163086972664,,,3.456011120625007,2.9562697642966596,0.0,0.0,2.1055702394493165,0.0,0.0,,,0.0,0.0,0.0,0.0,2.7509977021377465,
ENSMUSG00000020734-C,6.226813500621569,6.8217143109114255,6.651790894286834,6.1787269319460725,6.601926380546411,6.678897323537488,6.785515966224602,6.607993252898082,6.481168313905574,,6.974385407341,7.0826680348387345,,7.141082272419189,6.761116995524101,7.1517453803960285,6.899343049727602,,,7.1611701893521635,6.664643791724581,6.833593176346136,6.4608290612543335,6.759815559453831,6.904072989411315,7.466477123413418,,,6.662613161785881,6.962870340129746,6.727024619920637,6.815758644685764,6.85345307190103,
ENSMUSG00000020770-C,4.200634153951173,4.434971037440396,4.3992905121214605,4.420321031248732,4.356631248498362,4.68935462916142,3.874272644065696,4.014348981718389,4.39235751364384,,4.118783604930858,4.44385171047969,,4.972823382048754,3.82367468051064,4.479794966086248,4.740573916599994,,,4.550986184927251,4.706686880880781,3.985367851416849,3.7916732345197177,3.910793357631654,3.048127979598824,3.101018312374517,,,3.3996089179664075,4.370662784852416,4.429891870503082,4.314358941849066,1.54132073842726,
ENSMUSG00000020799-C,2.418679371923628,0.0,2.9449675252531367,0.0,0.0,1.3237104085262597,1.0967492717572764,0.846305570751632,0.8744882523316289,,0.8316110494662632,0.0,,2.446043618687812,1.0680554872113692,1.2215959129652292,1.8372750529254864,,,2.112583478009447,1.5517650907126677,1.641449874184738,1.6514266395573065,2.5742268621828144,0.0,3.101018312374517,,,0.9674048923102424,1.426248509167121,0.0,0.0,0.0,
ENSMUSG00000020805-C,4.112746069128248,4.24330740113295,4.332315566341713,4.8184146398616825,3.934555044755374,3.5262732991065455,2.742784982129466,4.150211254386488,3.922871459374952,,4.182118223713325,5.131443885471695,,4.393785888058045,4.65107023252703,4.390989664416049,4.112520760316219,,,4.601253901034637,3.6542678709495786,3.8505343897065623,3.5493249877461848,3.987916772059367,3.8410535456100336,3.101018312374517,,,3.639677013987396,4.204546674916045,3.805452458367365,4.314358941849066,3.639654752205806,
ENSMUSG00000020814-C,4.574148215847541,5.169185037760423,5.186554557890832,4.420321031248732,4.445332657100411,4.557431923514309,4.988480477183286,4.5932844116131974,5.029788150157312,,4.973023080363142,5.3232169075052775,,4.443800156595397,4.213011992017143,5.61334413183785,5.427314362967544,,,4.870834569271519,4.6523116022232385,4.42568240917794,4.39140932542033,4.3800415792698475,4.433109159406927,2.01153025227296,,,4.6914406784700216,5.541071298402671,4.106594402699193,4.114259253231501,5.221164030902649,
ENSMUSG00000021000-C,6.048807329973111,6.074146390342357,5.982302099165885,5.9985516587800705,6.372343886853783,5.76446585468158,5.67535832410757,5.767090587794956,6.062537391265859,,5.2639447039700595,5.906142558829412,,5.841884932627136,5.589584943164772,5.689794723071857,5.713335431645072,,,5.668736226321217,6.23596844853448,5.696967789097287,5.860592949861092,5.611860958143922,6.054032637704761,5.6297514215943645,,,5.39502060500585,5.721073806582434,5.0166781822465,4.916567184229785,5.427384399414453,
ENSMUSG00000021007-C,6.247595919739393,5.890022650208153,5.7194629034599025,6.144447177255965,5.8294057749313675,5.951288495033768,5.707152316760243,5.888646924206125,5.807396265744266,,6.5512225375768685,6.194907789953338,,6.1587736113394635,6.239726061007098,5.960560157932868,6.139148251689274,,,6.606069938158553,6.474028794068382,5.828357164453947,5.860592949861092,5.611860958143922,6.273319796066434,6.4245645379051535,,,4.396551664627574,5.592431700887592,5.197679225030279,4.596323382227103,5.293229488386045,
ENSMUSG00000021010-C,5.4390057785363,6.148996731088236,5.610620386357389,6.036431875100554,6.372343886853783,6.085074559083581,6.017219475946219,5.808757778829849,6.166623067740904,,6.399596001660047,6.378931854140022,,5.94966777630464,6.435215789487232,6.452578220976766,6.224372426453559,,,6.365516394184873,5.99507909372592,5.439484885172935,5.8956111456391325,5.836997892549395,5.440167569237691,5.796435298415117,,,5.716642292891877,5.505786250730437,6.521535331462052,4.787916007570551,5.550118821367999,
ENSMUSG00000021013-C,4.759202787955333,4.022222530925879,3.402211944982682,4.902866615433742,5.008050864583004,4.602759818172883,4.426063711373963,5.296412208582011,4.954237047869682,,4.512909815519537,4.268438355811233,,4.712161899715245,3.442207073065027,4.086150710679919,4.112520760316219,,,4.649828954687912,4.80965035509958,4.166581811472687,3.9332209460107537,4.777652546707246,4.3498143231152575,5.490743484005632,,,2.5302208690762416,3.6146860835769976,2.0858962887955266,3.499087042803504,4.890404164193962,
ENSMUSG00000021091-C,5.023006821554862,4.604132233530103,5.186554557890832,4.982647165246312,3.934555044755374,3.8607457124971623,3.9821623310526646,4.150211254386488,3.8413414125129752,,4.973023080363142,4.987787930377201,,4.670760070376401,5.487493535305077,5.532614498044087,5.210498922820964,,,4.4448700720759104,4.200520436766171,4.42568240917794,3.634711799651865,3.74295406855436,3.418887887081104,4.14376335637175,,,4.936163324154059,4.8360253882851625,5.0166781822465,3.795267103403054,3.111437600054451,
ENSMUSG00000021118-C,0.0,0.0,0.0,0.0,0.0,0.0,0.0,0.0,0.8744882523316289,,0.0,0.0,,0.0,0.0,0.0,0.0,,,0.0,0.0,0.0,0.0,0.0,0.0,0.0,,,0.0,0.6438468756903795,0.0,0.0,0.0,
ENSMUSG00000021131-C,2.6856076178598616,3.3175393399239037,2.9449675252531367,4.300902556653133,0.0,2.4618615007939817,2.1427948453617223,2.7192353881313043,2.584997580289027,,2.855466091184482,3.560363063339314,,2.9399402873012845,2.696667789000302,3.840005387602358,2.9749426595913873,,,2.112583478009447,1.962598682968702,2.733957072035301,1.6514266395573065,1.7981578459377747,3.048127979598824,0.0,,,2.2694164769105942,3.055259675414585,2.0858962887955266,0.0,0.0,
ENSMUSG00000021188-C,6.860349042318057,6.287966843035933,6.166609531546765,7.1342137522882405,7.0886220123890595,6.147585617107683,6.207077531738572,6.292697624456565,6.294662308031573,,5.967953772275086,6.629424345413144,,5.966873941516326,6.506552089150127,6.290178073989587,6.626250686118989,,,6.422545572628353,6.845158949960372,5.595205933227453,6.148807036467134,6.281893323497237,6.179946886287867,5.715499280408787,,,5.690192780577433,5.961424237004171,5.839289104729767,5.539797847017251,5.427384399414453,
ENSMUSG00000021273-C,5.672095915793873,6.220154457779168,6.087586357063392,5.747655377626174,5.796062403242659,5.823095762150384,5.707152316760243,5.926991552061997,5.828706783011564,,6.259802484699927,6.349845455371512,,6.405876804323094,6.435215789487232,6.6182286500276595,6.273190552395532,,,6.543171763515704,6.079923887280826,5.8103041123713055,6.219610348077359,5.636022909541209,5.556186313570255,6.498998413771757,,,6.201718860928222,5.894792325540484,6.340791811313923,6.068965340934735,6.504598049510028,
ENSMUSG00000021294-C,4.6385068462710315,5.431530724349425,4.332315566341713,4.728709970956263,3.806456095533223,4.991560559280916,5.504943710830131,5.141976874590495,4.832930632533778,,5.141823107239897,4.648804100198322,,5.553822316388153,4.519297308313774,4.642517804416558,4.3735768992333215,,,5.545781276497139,4.995850696105276,4.2222584895398185,4.617995133648742,4.733544525276869,4.586526700192765,4.0143984739659455,,,4.460548930911179,4.622026997524587,4.752914528653213,4.0408772621977525,5.427384399414453,
ENSMUSG00000021476-C,9.434927068351184,9.66826113674728,9.503070617662836,8.797507219010988,9.184156880618817,9.188459130384569,9.096943798219415,9.240799676390893,9.227256829936398,,9.727449732933188,9.758940836212815,,9.655181208262563,9.815884687895927,9.709987669441803,9.688823875084177,,,9.644898875996333,9.65041393391408,8.85302277163662,9.150970743179773,8.719022755390059,8.768418841091501,8.546693466667726,,,9.568952220849477,9.20025977660203,9.280656728638036,8.973225228071646,8.942591779315238,
ENSMUSG00000021495-C,6.860349042318057,6.531228324910312,6.731928068898412,6.866237412701891,6.7659010453574595,7.397414365143903,6.6283380797813285,7.1998102868606715,7.060737711750018,,6.68841789568224,6.972487940591152,,7.69966028093635,6.939264432867785,7.268520742061593,7.056348948499158,,,7.938766827679547,7.999953822678111,7.0100426519055095,6.449090313207337,6.692288077646638,6.750162974223287,8.015293625083775,,,5.22118758575261,6.534277288990134,6.220370970325861,6.012503114149743,6.967970268333021,
ENSMUSG00000021508-C,7.5455535942389504,7.530424493610106,7.5954621253649135,6.8871197989307715,7.11590274378067,7.514705700905979,7.31544324208417,7.4960586573135055,7.5065147494796065,,7.827214164155663,7.932808382844246,,7.760128107044544,7.977982089382854,8.232230132444222,7.934339317361615,,,7.319690650498881,7.169423497018768,7.269889919720036,7.209898178105701,7.310618585887392,7.043134849263513,6.897866902962739,,,7.728776071582386,7.303184240156709,7.572239997006975,7.3286887937998975,7.011347602184868,
ENSMUSG00000021519-C,3.568887481409009,3.181526091046473,1.5432246700768597,3.690056043985187,2.6314563966651643,3.933512117083069,2.969442418789574,3.1665403446796927,3.564823156854149,,3.4771243393449116,3.3414202912602526,,2.9399402873012845,0.0,2.66179105737093,3.2596966249115087,,,3.2190330748149605,3.413970484719136,3.348482516944733,3.2578804018563177,3.3341556752144523,4.167241691823022,4.0143984739659455,,,2.7510183104581927,3.321904809563751,2.0858962887955266,1.4424172899414331,0.0,
ENSMUSG00000021550-C,3.430329504878941,4.493589803149428,4.3992905121214605,4.420321031248732,4.160973786948527,4.462266083562532,3.9821623310526646,3.8643493295108,4.209493185613544,,4.936756689324172,4.44385171047969,,5.133831025639021,4.374267508812298,4.086150710679919,4.830306502063456,,,4.550986184927251,4.6523116022232385,3.9195257299905872,3.9332209460107537,3.651094645758103,2.819562531975392,4.0143984739659455,,,4.580608929613616,4.554564080044014,4.752914528653213,4.114259253231501,4.025460034672541,
ENSMUSG00000021585-C,4.973964555919673,3.8534406654036033,4.188248079279862,3.868660751385197,4.607880936945847,4.68935462916142,4.426063711373963,4.213627421589719,3.8413414125129752,,4.118783604930858,4.741304299074653,,3.842736585875398,4.519297308313774,3.840005387602358,4.18234514583629,,,3.5613400039776715,4.4756891561101835,3.9195257299905872,3.9332209460107537,5.053583324520581,4.433109159406927,2.8205248563310685,,,2.9424659951760495,3.8008758836611687,3.4244065628585965,4.114259253231501,0.0,
ENSMUSG00000021661-C,7.037869848916291,6.5171688966204835,6.9597951630361505,7.006438635040006,6.881683265171662,6.781019402612748,7.080756240730833,6.95274376840545,6.948408986115428,,7.061173210922935,7.249442597097536,,7.030868410628799,7.5246054387556915,7.009843889822127,7.239472215103176,,,7.047927526575228,6.795846130181377,6.8156059353473655,6.900783350329444,6.609290901008688,5.856964288300919,6.39887466624681,,,6.742013543161964,6.745648692495197,6.666856224132276,6.455274718805405,7.011347602184868,
ENSMUSG00000021709-C,5.364853430573178,4.935448658080091,3.940955124187888,5.65329065696997,5.691143114577372,4.771044768205046,5.430711149982712,5.040701372412272,5.202981011204615,,5.076653463283625,4.741304299074653,,4.752408667901649,5.083135383946214,4.921483944515629,5.307434687785999,,,5.5198808704635,5.833419591353698,5.154748061068878,5.140085823727222,5.089022780191272,5.269362152802617,5.1646701437537805,,,4.8431942786738436,4.864161160386767,3.805452458367365,5.277638461834684,6.124781007977959,
ENSMUSG00000021913-C,7.163480055529172,7.311661248366002,7.757395720606491,6.455316053799703,7.129352066899541,6.885587212094523,6.6773151115271885,6.998473898847852,7.024258009408596,,7.561485430453597,7.908079029743751,,7.292062900840496,7.761759314989095,7.466219252213952,7.606283997623238,,,7.304599807951858,7.149931974132827,7.222895771944742,7.392595838485521,7.18523151565143,6.559431213382492,6.4245645379051535,,,7.104449795183308,6.745648692495197,7.221162083541364,6.8267160711756505,7.1918610440331285,
ENSMUSG00000021943-C,2.418679371923628,3.03134235656842,3.265291998573044,2.9641894307294048,2.292011360782609,2.9567828186877194,2.742784982129466,2.3188822613527895,3.08749998429564,,3.3724032164142397,3.560363063339314,,4.050692283249386,2.1009160241147065,2.937387202743914,2.6198095436164515,,,3.084143061959374,1.962598682968702,2.180461949771616,2.1919001964604257,3.447716039931815,0.0,0.0,,,3.1114590032192178,2.727898487286808,3.805452458367365,2.8098578703146537,2.2693972934160422,
ENSMUSG00000021969-C,6.95183817336244,6.994033431536051,6.795468173625154,6.734167100628439,6.943898315259627,7.082432152712378,6.858117393061888,6.721423561849997,6.609836018075698,,7.094477401442403,6.723135716843988,,6.594813254615875,6.859765681046661,6.964401265068181,6.651089850553802,,,7.144316392180699,7.307775702457787,7.109359374345701,6.495482873446011,6.9060778732511725,6.317833674692359,6.263079835797097,,,6.201718860928222,6.49882362001198,6.504446526563143,6.158419851066543,6.473916524676316,
ENSMUSG00000021986-C,7.494304070655812,7.210445962393418,7.404901259020248,7.3896939138134865,7.207516799063248,7.000125562234353,7.219496901464649,7.26861287687052,7.431887638552392,,7.301166848748628,7.693318768348342,,7.559245546777717,7.616150306577484,7.715146147504637,7.387238606776218,,,7.319690650498881,7.6848618394912,7.572647865934935,7.310638637759849,7.272592844144336,7.056331310111193,7.350649070978613,,,7.134187579004931,7.261481605218396,7.282595581843668,6.931942757842647,7.0740620883522665,
ENSMUSG00000022199-C,10.072583308960516,10.171923479300965,10.44179488813906,9.996586816530394,10.158525814469012,10.035356637087116,9.94042923309742,10.1583345579042,10.04329723498742,,10.541263881417969,10.67772830206528,,10.739977290382486,10.68562920679931,10.650555299260876,10.57323271076662,,,10.753629191817453,10.64255925600918,9.981178541157188,9.97857469916196,9.876625230457922,9.919002562249124,10.31397656341688,,,10.150858858128286,10.02926137912195,10.176721436523684,10.227780283282856,10.412849016759669,
ENSMUSG00000022211-C,4.200634153951173,3.8534406654036033,4.524577674221481,3.690056043985187,4.052201677285168,4.68935462916142,3.337679642492369,4.442622844884783,4.209493185613544,,4.301010925794228,4.6957954184464645,,4.288234544654291,3.5808757985520483,4.086150710679919,3.497405231262442,,,5.231553496860846,4.536997508552419,4.377451817190107,3.9332209460107537,4.3216503643472075,4.3498143231152575,5.490743484005632,,,2.5302208690762416,4.06606486249894,2.0858962887955266,3.703135021136939,3.399587007767687,
ENSMUSG00000022216-C,5.326297240154299,5.338650929572969,6.795468173625154,5.9985516587800705,6.254545417146843,5.7240122560779145,5.575542892711737,5.869085534204049,5.828706783011564,,5.734384397727235,6.274455557573885,,6.341372827072583,6.398179748007456,6.408013167702027,6.495203945985211,,,6.076666104460603,5.56566256402073,5.7164863238453805,5.750129984284146,5.751111594191914,6.227388609856475,5.980893196037899,,,6.182871356711661,5.609153395582208,5.944403297584012,5.738541844008359,6.442568297297509,
ENSMUSG00000022223-C,6.366370377805895,6.352734362774192,6.624057820517499,6.073342880936644,6.349541123414712,5.6395342968934665,5.991629204306204,6.186068497582383,5.828706783011564,,6.752414227504797,6.8111294969765925,,6.616781107756908,6.701561880657942,6.53777963107256,6.899343049727602,,,6.678097745620989,6.179411044839651,6.134355275088831,6.338908261311043,6.454859485995015,5.826478412703628,5.980893196037899,,,6.473940456094648,5.999974531658031,6.3974313355060515,6.483244474171008,6.084729598130219,
ENSMUSG00000022235-C,3.1054976846716587,3.181526091046473,3.527256332227863,3.690056043985187,3.136645565127414,3.784113270972422,4.34754389195081,3.696924723560992,4.000039464453881,,3.4771243393449116,3.995471990197128,,4.288234544654291,3.5808757985520483,3.168685798330999,4.112520760316219,,,2.58182735415899,3.9530948628601985,3.621238133361342,3.0246987074308613,1.4069932691538003,3.048127979598824,2.01153025227296,,,3.746222763186613,3.8008758836611687,3.6892717228661702,3.795267103403054,2.7509977021377465,
ENSMUSG00000022354-C,9.22041087638373,9.317058508867175,9.620004541710474,8.808495554807088,8.807033008847922,8.917348285118825,9.08791522859581,8.971760683670405,9.00426247972111,,9.322673401438994,9.616617173018394,,9.34394343185525,9.681696941593286,9.853994945887878,9.513672507633046,,,9.327906274967546,9.39913451627464,8.815049938141946,9.134574253783605,8.95819791128088,8.625220782767371,8.973875299948402,,,9.242501752308543,8.890618465526265,9.173919946669423,9.33351196700672,9.18444134651504,
ENSMUSG00000022371-C,0.0,0.0,0.0,0.0,2.292011360782609,2.002227548217203,0.0,1.7628475801227037,1.4150638090347123,,1.7394224912174236,0.0,,0.8003576570276729,2.9221280948258475,0.0,0.0,,,0.0,2.764530519215672,1.641449874184738,0.7772103564006736,1.7981578459377747,1.145283945259697,1.3311596570548716,,,0.0,2.303760115630847,0.0,0.0,3.399587007767687,
ENSMUSG00000022407-C,4.759202787955333,4.848289405663465,4.893205936692166,3.2486616392715377,3.136645565127414,4.810218281410929,3.4916609888554997,4.4946112912842064,4.333940744587301,,4.740342749975531,4.949521998875903,,4.791563079148306,4.65107023252703,4.563449376629351,4.5945546101146215,,,4.4448700720759104,4.4756891561101835,4.472352633016839,4.575435833627302,4.130798409601337,3.713582110297556,5.037251114700205,,,4.10772499717138,4.483791060986713,4.752914528653213,4.490055460042319,5.14530861675487,
ENSMUSG00000022494-C,5.245948725748981,5.132765089366312,5.2604704110588365,5.386231883212921,5.893866047192009,5.6395342968934665,5.609587820742397,5.767090587794956,5.497227704024088,,5.755359479163593,5.438224337931469,,5.983877315232928,6.197235739840798,5.61334413183785,5.615762511346932,,,5.760072005537932,6.160054898799062,5.342321902810014,5.140085823727222,5.2851173663231155,4.967971598174785,5.281743096138518,,,5.459084337743453,5.413602663406433,5.280320013090366,5.245336264031265,4.794338780282,
ENSMUSG00000022516-C,7.570511429049666,7.351824631997019,7.529722558928957,7.235392982339609,7.524949524522691,7.219695217539458,7.837593183861813,7.417437249448752,7.459473474841566,,7.95056304920705,7.976280303953106,,8.012970222989722,8.02732838300386,7.871030152398224,8.209827875020936,,,7.665140505386645,7.120191852149045,6.8948390766537,7.398711529628299,7.340333643018645,7.275294553858884,7.020858979098482,,,7.578249820654361,7.328649215673723,7.596634547684404,7.516349347833947,7.773530611507737,
ENSMUSG00000022523-C,7.432117052007,7.375396695195939,7.329632638559759,7.418668187195486,7.181929566750247,7.466476867879641,7.756346446592272,7.675690403258799,7.583751493356099,,7.63122737931866,7.427043425748749,,7.620327340395569,7.566938119489352,7.293235454904785,7.494066264904794,,,7.676907916475314,7.863013759669544,7.302543997282529,7.498897639631634,7.753143788791696,7.597617276146514,7.118530018031314,,,7.473577829278595,7.328649215673723,7.178703208181567,7.191311915946102,6.989821956736835,
ENSMUSG00000022604-C,5.761510440637426,5.132765089366312,5.068055298289106,5.386231883212921,4.607880936945847,5.526466771622464,5.181913381409071,5.0752558596257895,5.357593073295224,,4.936756689324172,5.3528396284419735,,5.250834299087075,5.5223329167526565,4.479794966086248,5.275840962070013,,,5.571224886602449,5.594788121805963,4.603935629528872,5.080462981596519,4.862018147026571,5.022781101636756,5.756534784618656,,,4.8431942786738436,4.686475659348247,4.355603108019191,4.8749452627292715,5.957437987682721,
ENSMUSG00000022750-C,6.184328378502964,6.271310222705528,6.807847149878779,5.836224944522409,6.09918279636949,6.250857783987588,5.884472034444143,5.9826627834069726,6.369275395833852,,6.63282979600927,6.711749318226602,,6.583702602377605,6.9000625784282255,7.05389874470523,6.734806189834212,,,6.7578229650016555,6.83298786451832,6.044546174062812,5.9297994568407315,5.975996225742801,6.295748411196128,6.081214516088182,,,6.549454490541073,6.396579215672824,6.756193244616979,6.469327377181778,6.564070367241747,
ENSMUSG00000022768-C,1.0612255463732776,2.1978183102091036,1.9529590040861384,2.9641894307294048,2.9060517082773543,1.702496038550303,1.0967492717572764,1.3761692453425427,1.4150638090347123,,0.8316110494662632,2.1117629745024855,,1.987732424191134,2.1009160241147065,1.8734553036471215,1.4412513726916425,,,1.8046680709167229,1.5517650907126677,1.641449874184738,1.6514266395573065,1.7981578459377747,2.547841273150182,0.0,,,0.9674048923102424,1.7004218063870564,2.0858962887955266,0.0,2.2693972934160422,
ENSMUSG00000022801-C,5.2866822703791,4.604132233530103,4.893205936692166,5.9985516587800705,5.36712533199982,5.182796560827378,5.226474560140212,4.5932844116131974,5.357593073295224,,4.899555075585049,5.619758555820566,,5.071567212984205,5.216764648837222,4.788733167722002,4.693524010819566,,,5.571224886602449,5.732199041385865,4.048335749184918,4.236136261201466,4.941721610926573,4.433109159406927,4.474090557491965,,,4.10772499717138,4.94541880345907,4.277280327333589,3.795267103403054,4.794338780282,
ENSMUSG00000022833-C,2.418679371923628,3.03134235656842,2.753466800942782,2.609495240548126,0.0,1.702496038550303,1.0967492717572764,2.884232195671641,2.584997580289027,,2.2922982217170365,1.4120204056836572,,2.2350113770874733,1.0680554872113692,1.2215959129652292,0.8935808599904828,,,2.9353278433826433,3.2769287369170383,1.270944323129923,1.2795471030274967,0.8686232207515774,0.0,3.335753380518202,,,2.2694164769105942,2.4594104501768173,1.6615634406534388,0.8944330770159921,2.7509977021377465,
ENSMUSG00000022842-C,3.568887481409009,2.1978183102091036,2.753466800942782,4.1706999010872465,3.136645565127414,3.0900831294315263,1.0967492717572764,2.532901923184754,2.36926775764794,,1.7394224912174236,2.934400040210273,,3.5996739263906603,2.9221280948258475,3.3679746106824373,2.147673398643941,,,2.9353278433826433,4.122666665797709,3.4452450558239938,2.746422465537691,2.9273952328051136,1.145283945259697,3.537586637374066,,,1.9508269527020643,2.303760115630847,1.0578286184819063,2.404466208288875,0.0,
ENSMUSG00000022893-C,4.112746069128248,3.181526091046473,3.1140018458952654,3.2486616392715377,4.052201677285168,3.428958098989189,2.969442418789574,3.9412977455678506,4.502540578785094,,3.666196903537223,3.4550410302589003,,4.393785888058045,4.58668773266516,3.699152832108313,5.66537370061054,,,4.498903567833338,4.200520436766171,3.701788008824327,4.659334832483568,4.3800415792698475,3.418887887081104,2.4720055205074685,,,3.746222763186613,4.113717787903322,4.106594402699193,3.881867051445987,3.111437600054451,
ENSMUSG00000022914-C,7.570511429049666,7.192864217808702,7.056336324615355,7.474927369703451,7.441151700411074,7.538228686620701,7.543896092259391,7.390248268854717,7.4178943640967505,,7.713915648600632,7.1850273157423405,,7.547856474388732,7.541687856922889,7.570997584725037,7.500914541955797,,,7.659220609974698,7.795624587119816,7.195338294211894,7.440810499711236,7.37663693837436,7.319748472186693,7.337185924588376,,,6.923272180705386,7.162994947510198,7.043271236485938,6.962070229783484,6.410523747970659,
ENSMUSG00000022974-C,6.095409897585464,4.935448658080091,5.796023605435988,5.919670148612942,6.481245767293226,6.019731776832281,5.540675110564346,5.907946627080504,5.849707092327451,,5.4809633459474245,5.438224337931469,,5.705031388170234,5.556350768278735,5.5735439200261006,5.66537370061054,,,6.022357120688298,5.973064661327915,5.863799367156085,5.406033162232234,5.794693770246104,5.763503211525868,6.1444181128763535,,,4.8904275518483145,5.413602663406433,4.916882105380915,5.277638461834684,5.865875556828897,
ENSMUSG00000022983-C,5.702520673048388,5.431530724349425,5.58207649310931,5.13008005046512,5.691143114577372,4.73077781700734,5.352450839332474,4.772434856206455,4.790117504506528,,4.740342749975531,5.465598686244413,,4.752408667901649,4.935853410223768,4.921483944515629,5.275840962070013,,,4.950554856354362,6.0167626452455805,4.2222584895398185,4.439662999975433,5.315356823998245,5.269362152802617,4.262476788602882,,,5.065265859574233,4.8360253882851625,4.355603108019191,4.832086780670741,4.185507841054571,
ENSMUSG00000023025-C,7.096324309270819,6.237408711394006,5.982302099165885,5.747655377626174,6.254545417146843,6.43756323599421,6.293391208889089,6.596143856587608,6.426306360607094,,6.153206335613957,6.605013510565325,,6.273849295576005,6.239726061007098,6.53777963107256,6.56221475335545,,,6.350899762247737,6.691856190648837,6.218899801012741,6.425322328499713,6.37096698971814,6.577850770637291,6.1444181128763535,,,5.979472391231978,5.974389128696892,5.696116434163937,5.892483089895763,5.607780348647971,
ENSMUSG00000023064-C,1.0612255463732776,0.9236912118413654,1.5432246700768597,2.9641894307294048,0.0,0.8086282278702569,0.0,0.846305570751632,1.4150638090347123,,1.7394224912174236,2.580938305492785,,2.9399402873012845,2.429327355217106,1.8734553036471215,2.9749426595913873,,,1.4126867783113457,0.0,2.5719634942468153,0.7772103564006736,0.0,2.212784030876461,1.3311596570548716,,,1.9508269527020643,2.1292630581191667,2.0858962887955266,3.6047154770664913,2.7509977021377465,
ENSMUSG00000023089-C,9.658962308113406,9.624667715228489,10.05981734463758,8.856932932955958,9.286745938626176,9.559950320296176,9.21774720092746,9.623000670529624,9.5511093879296,,9.999900166520485,10.035007168512276,,9.868189502765134,10.032268562197247,10.051627937695551,9.979783984131489,,,10.178427660359688,10.150854865637989,9.295673554790696,9.249008005084756,9.388006207003706,8.702797892685696,9.086787257972857,,,9.76385318064735,9.67846426526956,9.817201077880776,9.164586371709952,8.665509940787855,
ENSMUSG00000023094-C,5.872712543514277,5.974768302759348,5.937938483131097,5.65329065696997,5.691143114577372,5.897737210193262,5.642847838439732,5.808757778829849,6.183263340148987,,5.967953772275086,5.544736745488463,,6.1587736113394635,6.131057510928048,5.897482475396804,5.804725233740558,,,6.490801076468076,6.2724779963996475,5.773505822071254,5.477115179497726,5.836997892549395,5.763503211525868,5.53858320263567,,,5.979472391231978,6.02511408695311,6.19928608019377,5.370419795672076,5.76810582424707,
ENSMUSG00000023755-C,5.402405966970471,5.401230358940632,5.2604704110588365,4.633055610115746,5.538211644710603,5.090344896689942,5.2697004967133365,5.205748127152371,5.066130029276167,,4.861368725212117,5.292973172541445,,5.305959812428818,5.556350768278735,5.689794723071857,4.99458584814839,,,6.129004626450016,6.198510930452961,5.0354867111495745,4.699522886302211,5.053583324520581,4.657521795542996,6.372719032291156,,,4.1855307145708,5.273770395373888,4.277280327333589,4.996373102793855,4.890404164193962,
ENSMUSG00000024019-C,6.072296777669593,6.054810880357172,5.7194629034599025,6.455316053799703,6.126266413056869,5.897737210193262,5.76871247212031,5.964343368821456,6.098073563817369,,6.2450482467923525,6.274455557573885,,6.049954982467728,6.6073494255969525,6.474354925009654,6.50885742550344,,,6.5812387549390765,6.29039204262436,5.773505822071254,5.588316154296536,5.836997892549395,5.9160689396445045,5.53858320263567,,,6.001152214343189,5.961424237004171,6.134116928807066,5.933609205938948,6.877095272776896,
ENSMUSG00000024038-C,8.59941601926015,8.771237912349385,9.003140993058283,7.488655933275176,8.240303387082932,8.409165562487832,8.517787109373456,8.772962398350144,8.592499023593371,,9.025252976394572,9.356389714000567,,9.032818909915903,9.380763190025526,9.144115921045088,9.138795755676012,,,8.537989088477179,8.79551380283001,8.41309190434723,8.412677208949695,8.298518282931601,8.40564845128438,7.7567489028126015,,,9.010996843726312,8.351741650552412,8.483786116967156,8.281027825717642,7.962196688115544,
ENSMUSG00000024059-C,6.6264873977528485,6.775214809628071,6.731928068898412,6.948012406297396,6.943898315259627,6.974489218961068,6.858117393061888,6.61974611797455,6.585004157613044,,6.598418910790037,6.972487940591152,,6.902619315973454,6.859765681046661,6.885330322737778,7.0090946178307405,,,7.047927526575228,7.442049175657074,6.788197463012272,6.951587444978456,6.80313948706359,6.9891077366722465,6.637250048783156,,,6.59293568798173,6.49882362001198,6.19928608019377,6.258921680324864,5.865875556828897,
ENSMUSG00000024083-C,9.832348017370238,9.826277015005092,9.710144414539531,10.28518124976142,9.946962089914305,9.703405453574694,9.983258049707295,9.667560525499622,9.802019792826046,,9.871298351146644,10.016616984315656,,9.57469607455456,10.033778586476002,9.796809148207428,9.861051853250355,,,9.946553690155302,10.119882201730388,9.689297607979112,9.661334555102831,9.82501245956248,9.965211130196836,9.17267347135462,,,9.697346310509948,9.45041219677167,9.453109960120994,9.568697949530597,9.06085731446598,
ENSMUSG00000024209-C,0.0,0.0,0.9688103744562226,0.0,0.0,0.0,0.0,2.067488679955821,1.4150638090347123,,0.0,0.8722754939741469,,0.0,0.0,0.0,1.4412513726916425,,,0.0,0.9751738319309616,1.935983705110964,0.0,0.8686232207515774,0.0,0.0,,,0.0,1.7004218063870564,1.6615634406534388,0.0,0.0,
ENSMUSG00000024220-C,8.096781297864993,8.023600138870682,7.873832579687914,7.881012716480749,7.859502434872598,7.655799534449577,7.967976765903055,7.789324450086992,7.571162449589377,,7.936857044522739,7.990484645665229,,7.9709488717377,8.346935858664361,8.531290188772084,8.119270241466609,,,8.01027205201053,8.38885168212637,7.222895771944742,7.791608704968015,7.828466335413937,7.182053583009366,7.998286492368055,,,7.748137344803073,7.805718115179415,7.939496167849072,8.129982370110627,7.9172924424032916,
ENSMUSG00000024234-C,4.6385068462710315,5.095401878315402,4.797133827951933,5.499053189622769,4.821796373391439,5.090344896689942,5.1359318331393675,5.0752558596257895,5.136177586357087,,5.554608022288304,5.025065069459666,,5.507539970321911,5.129067552291397,4.983542976533997,4.644887811187262,,,5.263121410795831,5.273114657741158,5.2108745010054145,5.197342089539107,4.1972608184946045,4.657521795542996,5.873070944976806,,,5.065265859574233,4.483791060986713,4.864269996666443,5.277638461834684,5.14530861675487,
ENSMUSG00000024236-C,3.811516312554619,3.3175393399239037,1.9529590040861384,3.4861740589936105,3.934555044755374,3.2121019552631123,2.4737582927568313,3.2893625141918443,3.754926479408451,,3.3724032164142397,2.7684670172004537,,3.984649161581813,3.82367468051064,3.168685798330999,3.6030221383342673,,,3.456011120625007,3.6542678709495786,3.621238133361342,3.2578804018563177,3.5529861977234516,2.547841273150182,4.14376335637175,,,3.845438166100454,3.321904809563751,3.2711816746923503,0.0,3.639654752205806,
ENSMUSG00000024294-C,7.013808376196762,6.714900188189069,6.609988768869979,7.418668187195486,6.799940594107485,7.351679256920269,7.294666472036832,7.290836739674652,7.105077260304236,,7.397712230396615,6.972487940591152,,7.030868410628799,7.074525576063826,6.917480586564329,7.074825654393717,,,7.210581499412753,7.31654402902193,6.937047074067236,6.917917602931262,7.152104782696773,7.229427204554598,7.003917712852394,,,6.043558310150323,7.162994947510198,6.321406811721968,6.869732039959341,6.729055937071053,
ENSMUSG00000024349-C,2.418679371923628,3.7610167080437464,4.028181593966573,3.868660751385197,2.6314563966651643,2.8099004108689636,1.712571527584626,3.032280577134576,3.2224300065550993,,2.505390373648638,3.560363063339314,,3.508613656214325,2.696667789000302,3.3679746106824373,3.8801471897401703,,,3.456011120625007,2.764530519215672,3.5359235869883796,2.1919001964604257,2.5742268621828144,1.145283945259697,2.4720055205074685,,,4.02548275212475,2.727898487286808,2.6800946312329175,2.1491023054808034,0.0,
ENSMUSG00000024352-C,2.6856076178598616,2.673957838819107,3.265291998573044,2.9641894307294048,3.665864844922387,3.5262732991065455,3.6307810679510832,3.5074880852801837,2.9386360600829815,,2.855466091184482,3.836809399741955,,3.6853262878543753,3.1170698124358824,2.66179105737093,2.6198095436164515,,,3.919317557186984,3.1254898356485032,2.389452305959414,0.7772103564006736,3.5529861977234516,2.819562531975392,0.0,,,3.5246307075254704,2.4594104501768173,1.6615634406534388,2.976553207704254,2.7509977021377465,
ENSMUSG00000024378-C,4.6385068462710315,5.653431001994375,5.296055054779287,5.603688000358608,5.691143114577372,5.2696787938976275,5.2697004967133365,5.005298906990166,5.599954069632658,,5.429691830246278,5.165229014342366,,5.507539970321911,5.339059015308414,5.10018447428548,5.511108709591206,,,5.439267117509091,5.23662142344333,5.096349387777901,5.381538985252328,4.820451948123481,5.795334401805453,6.11316240072379,,,4.8431942786738436,4.807329973482211,5.0166781822465,4.314358941849066,6.201694986055745,
ENSMUSG00000024383-C,5.474700013679845,5.057045242264115,5.5529564369063085,5.5523189975045355,5.538211644710603,4.646706835650986,5.3116688877031315,5.325410154363054,5.202981011204615,,4.936756689324172,5.3818663264137685,,5.039397732361058,5.45179196004185,5.44709826527495,5.931794317424575,,,5.294013345412765,5.833419591353698,5.342321902810014,5.381538985252328,5.457719627963409,4.967971598174785,5.224393835258939,,,4.580608929613616,4.971518505977801,5.319930442125943,4.695297843271375,4.185507841054571,
ENSMUSG00000024384-C,6.268083208788955,5.518790938528947,5.745437197885378,6.10933303827233,6.278887165467049,5.6395342968934665,6.138774943774454,5.296412208582011,5.202981011204615,,5.796416371952747,6.289852001223143,,5.483829835510054,6.131057510928048,6.290178073989587,5.931794317424575,,,5.984981028385628,6.32556631574157,5.530514978929898,5.6305026547340224,5.683165703961839,5.440167569237691,5.53858320263567,,,5.427408040689324,5.575513916779101,5.50314615290747,5.512913371210832,4.580585737446978,
ENSMUSG00000024387-C,7.3859971208855075,7.287015326933015,7.731637763221136,6.801713012544935,6.799940594107485,6.7611651132846955,7.163300533680745,6.905516512608774,6.716575389373248,,7.417585965662848,7.9278963070329,,7.564906543659095,7.599932052548491,7.919460630742276,7.452279563226968,,,7.71164499340708,7.254016244903598,6.9861188273198875,7.237457538847907,7.047900547198163,6.71730775348062,7.195157044971304,,,7.585443643991612,7.162994947510198,7.652000525718613,7.336376448794645,5.957437987682721,
ENSMUSG00000024423-C,7.658498044798856,7.860567708321863,7.537176642453995,8.505041329948652,8.21529610286978,8.116700758175051,8.22566672323371,7.946908805893057,8.064335614909616,,8.557661711031878,7.675845745710617,,8.19920835934836,8.149362220871012,7.786514692557579,7.745422919643192,,,8.096036860138403,8.3636903426694,7.655878776867565,7.974693558969127,7.895053653816905,8.46127485263321,8.6152267632274,,,7.870969617095844,7.731293280174596,8.019864314168656,7.9412271951819955,8.744754056039845,
ENSMUSG00000024472-C,6.184328378502964,6.054810880357172,5.892167264089323,6.10933303827233,6.178954455796129,6.498791460147924,5.991629204306204,6.201792283636956,6.369275395833852,,6.345293021289632,5.925986271681561,,6.08189249182748,6.321127217221583,6.6182286500276595,6.156600604043545,,,6.2599464845971795,6.505043907244842,6.349650092193472,5.769137867242329,6.2971261045088704,5.6976531045714705,5.1646701437537805,,,5.793200171817112,5.824933324335138,5.634616922337999,6.031570440335762,5.865875556828897,
ENSMUSG00000024664-C,4.112746069128248,4.7068041434800945,5.430216525354061,5.13008005046512,5.32098431233377,4.68935462916142,5.181913381409071,5.325410154363054,4.91492408633389,,5.173336229638752,5.262081826967185,,5.039397732361058,5.415184431128024,4.788733167722002,5.106577802942799,,,5.946610816829285,5.343443363322432,4.971942910247874,4.575435833627302,5.123612505890491,5.399324394390804,5.390024669483061,,,5.327979353604507,4.807329973482211,5.358482331281152,4.2506936775103235,5.957437987682721,
ENSMUSG00000024665-C,7.441166718498427,7.695585986248943,7.371932355745055,7.870565013699066,7.715341654056786,7.856266028971067,8.099576037314298,7.909096861353818,7.961973885716289,,8.06419138030938,7.777643843772782,,8.158602624081793,7.880646320351825,8.28247035114,7.790836242047044,,,7.977343455660141,7.489345758391663,7.888764652173077,7.966482431278515,7.817943762373216,8.017554373734923,7.882566616130158,,,7.754533789353521,7.684722873565534,7.840834122509604,7.946259898813723,8.016430191469537,
ENSMUSG00000024666-C,4.506783943337601,4.373869263088962,4.332315566341713,4.982647165246312,3.806456095533223,4.602759818172883,4.264503345046947,4.213627421589719,4.000039464453881,,4.2427889738829485,3.083201578726807,,3.9154370975961177,5.129067552291397,4.195079115277823,4.312606643409669,,,4.74233179515021,5.038874041043755,4.327552898761735,4.48635483653251,4.1972608184946045,4.511856290237969,3.71461776200454,,,3.5246307075254704,4.0167840134026545,3.912970404851044,3.703135021136939,3.639654752205806,
ENSMUSG00000024713-C,3.568887481409009,3.556251698652685,4.983277885774557,5.13008005046512,5.065150104868289,3.933512117083069,4.426063711373963,4.33266385642655,4.653482661342376,,4.861368725212117,4.6957954184464645,,4.4921385053376435,4.71270188738475,4.086150710679919,4.312606643409669,,,5.263121410795831,4.595806375558287,4.2222584895398185,4.439662999975433,3.829313084763042,4.167241691823022,5.441262833161149,,,3.845438166100454,3.7414430482125782,4.106594402699193,4.787916007570551,4.025460034672541,
ENSMUSG00000024764-C,4.92319632807409,4.7555239914050125,4.639848634876391,4.902866615433742,5.654403050858129,5.572762460311211,5.226474560140212,4.854304185494181,5.136177586357087,,5.530475099134208,4.869803673597706,,5.41026774748383,4.65107023252703,4.788733167722002,4.873163086972664,,,6.290905752626847,5.973064661327915,5.264898925835847,4.699522886302211,4.90242022349317,5.075584322680654,5.873070944976806,,,4.1855307145708,4.519611508208877,4.967642875688821,4.5441676527518,5.550118821367999,
ENSMUSG00000024892-C,4.973964555919673,5.431530724349425,5.2604704110588365,5.058246109287047,5.273318691874047,5.377937254381803,4.638836785283059,5.205748127152371,5.266827542703058,,5.578343890619702,6.039637044755584,,5.553822316388153,5.487493535305077,5.797372670392418,5.689553865152931,,,5.132480833986183,5.343443363322432,5.485717781587256,5.225140046092457,5.315356823998245,5.2233027581692975,5.945840239301513,,,5.663249288214105,5.022342736510537,5.570378612998358,5.892483089895763,6.0011283885167845,
ENSMUSG00000024909-C,3.568887481409009,2.673957838819107,3.402211944982682,1.4334760532826032,2.6314563966651643,1.702496038550303,2.4737582927568313,3.032280577134576,2.9386360600829815,,2.855466091184482,3.2180803536096514,,2.9399402873012845,3.5808757985520483,2.66179105737093,3.124333732221476,,,3.2190330748149605,3.6542678709495786,3.0118486721666375,2.1919001964604257,2.761591019909415,2.547841273150182,2.01153025227296,,,1.9508269527020643,1.930718251259833,2.413372980792649,2.404466208288875,2.7509977021377465,
ENSMUSG00000024914-C,8.376969847079344,8.791822360867988,8.747646740136817,8.491468537931182,8.633845495955837,8.350581563277741,8.535605085157584,8.322633068872165,8.502542319838144,,8.843754330229629,8.741135264076682,,8.73185110063703,9.0546235915433,9.171035747696394,8.995829980496348,,,8.3777912549398,8.06383910850949,8.304430817318696,8.804562189806951,8.716192335505095,8.529104755018897,8.205125539069432,,,8.79218270614533,8.574567722595798,8.690571546238301,8.693908312879877,8.574446194114095,
ENSMUSG00000025027-C,6.00064899078922,5.627489490023194,6.166609531546765,5.13008005046512,5.4552031015430895,5.297514474376917,6.138774943774454,5.538531580801714,5.574950048329096,,6.121245488592865,6.503017426291664,,6.2030095642996015,6.239726061007098,6.408013167702027,6.395830725090689,,,6.022357120688298,5.904931078008322,5.4627865240470275,5.946594518406529,5.430348783845333,5.592874608040147,6.015114639287953,,,5.842071024845519,5.796014201877564,5.866294320846714,5.892483089895763,5.427384399414453,
ENSMUSG00000025103-C,6.458386453717703,6.429807486435191,5.86872532471544,5.9985516587800705,6.372343886853783,6.741033773133804,6.577639755429905,6.785433755764294,6.6220934874773825,,6.644120085158995,6.127952494614931,,6.937949095591225,6.197235739840798,6.385203546305306,6.626250686118989,,,6.768860971771084,6.972672769963053,5.997454204021644,5.963196308907811,6.399476642719459,6.130891882919677,6.081214516088182,,,6.022511065463767,6.386914681879401,6.156168692006873,6.815758644685764,4.794338780282,
ENSMUSG00000025154-C,2.090890740391519,2.8636883321253084,1.5432246700768597,0.0,0.0,1.3237104085262597,2.742784982129466,1.3761692453425427,0.0,,0.8316110494662632,0.0,,1.6891195143635438,1.0680554872113692,1.2215959129652292,0.0,,,0.0,0.0,0.0,1.6514266395573065,0.8686232207515774,0.0,0.0,,,1.9508269527020643,1.7004218063870564,2.0858962887955266,0.0,0.0,
ENSMUSG00000025278-C,5.509532405237217,5.169185037760423,4.983277885774557,5.65329065696997,5.273318691874047,5.549800309995732,5.430711149982712,5.634342110281843,5.235257439512557,,5.403356181112599,5.025065069459666,,5.6843764208328995,5.339059015308414,5.689794723071857,5.911378229898306,,,6.244214096033418,6.100377740118991,5.552402525156279,4.699522886302211,5.751111594191914,5.17572424140582,5.873070944976806,,,4.6914406784700216,5.523536645904891,4.500541884028289,4.957021903635929,3.639654752205806,
ENSMUSG00000025317-C,0.0,0.0,0.0,0.0,1.84729786765765,2.2502722058212323,1.712571527584626,0.0,0.0,,0.0,1.4120204056836572,,0.8003576570276729,0.0,0.0,0.0,,,2.366199903278748,0.0,0.7711227158729893,0.0,0.0,0.0,0.0,,,0.9674048923102424,0.0,0.0,1.4424172899414331,0.0,
ENSMUSG00000025323-C,4.361814742642791,4.977130029027495,4.583364113437317,4.8184146398616825,4.160973786948527,5.403778528181143,5.352450839332474,5.657332542333674,5.549505016057975,,5.601695558275629,4.869803673597706,,5.1935184652807305,4.828587901398478,4.921483944515629,5.07020461665122,,,5.294013345412765,4.80965035509958,4.799641654254227,4.986137502541371,5.344975441493621,5.126522967954791,4.372160124747886,,,5.145332136575571,5.592431700887592,4.916882105380915,4.375333037779137,3.399587007767687,
ENSMUSG00000025352-C,4.6385068462710315,4.173310463027411,5.186554557890832,3.690056043985187,3.934555044755374,5.377937254381803,4.82422502670604,4.969005794748283,4.7004801944898515,,3.9101655294280664,5.262081826967185,,5.4597235135574715,4.58668773266516,4.788733167722002,4.99458584814839,,,4.269450378667082,5.308707517338584,4.724514111011546,4.39140932542033,4.490179171972527,4.657521795542996,4.742697324315992,,,4.8431942786738436,4.807329973482211,5.0166781822465,3.96356176193868,4.46052582652635,
ENSMUSG00000025362-C,9.889664204268929,10.240917167021031,10.184912061121995,9.315515706614953,9.692171617861106,9.735557249973608,9.741771270431313,9.90218430628064,9.929547054310463,,10.218634112238975,10.328515100227053,,10.237776277083348,10.612735988148124,10.61178226383176,10.476662526268605,,,9.881937362051572,9.80171715815519,9.646693346130588,10.017843694927898,9.73559508369841,9.084058364103466,9.114673249233938,,,10.226431739021884,9.952715400689303,10.052896433044562,9.89187724502195,9.717106920116684,
ENSMUSG00000025371-C,5.070436631402004,5.627489490023194,5.330783075746096,5.058246109287047,5.273318691874047,5.478636072827474,5.03932392461571,4.640200417124641,5.266827542703058,,5.4809633459474245,5.886022092310488,,5.745474798950419,5.802975869139889,6.078999851527934,5.804725233740558,,,5.737774418563194,5.080651431446468,4.56139428626074,5.080462981596519,4.592501772320342,5.663565521683355,5.037251114700205,,,4.8904275518483145,5.252640238476889,6.042376274168429,5.9131926879091905,5.14530861675487,
ENSMUSG00000025429-C,3.1054976846716587,2.4554423935427265,2.27169581750873,2.9641894307294048,0.0,2.2502722058212323,3.757657697182688,2.7192353881313043,2.584997580289027,,2.69102069229586,3.995471990197128,,1.987732424191134,1.675007964280378,3.699152832108313,3.3834412183032643,,,1.4126867783113457,2.543344990983517,3.4452450558239938,1.6514266395573065,2.1055702394493165,1.7755955644782335,0.0,,,3.3996089179664075,1.930718251259833,2.9051150409108515,0.0,0.0,
ENSMUSG00000025494-C,1.0612255463732776,2.673957838819107,0.0,0.0,1.201086816065423,0.0,1.712571527584626,0.0,1.8073849903108583,,2.042184285849804,0.0,,2.2350113770874733,1.675007964280378,1.2215959129652292,1.4412513726916425,,,2.9353278433826433,0.0,0.7711227158729893,0.0,1.7981578459377747,0.0,0.0,,,0.0,1.426248509167121,0.0,0.0,3.639654752205806,
ENSMUSG00000025504-C,0.0,1.4822933651173062,1.5432246700768597,1.4334760532826032,1.201086816065423,2.002227548217203,2.1427948453617223,1.3761692453425427,2.36926775764794,,0.8316110494662632,1.4120204056836572,,2.446043618687812,2.696667789000302,2.320812859996769,1.4412513726916425,,,2.58182735415899,2.543344990983517,2.180461949771616,2.401325369831886,1.4069932691538003,1.7755955644782335,2.4720055205074685,,,1.541336626495835,2.9541737762086013,1.0578286184819063,0.8944330770159921,0.0,
ENSMUSG00000025579-C,7.467980025157938,7.683046995619827,7.744574226650524,7.73890888677961,7.363610317755446,7.645006143692718,7.405404637997454,7.457283458187575,7.338406819965269,,7.959628576681845,8.108060952062171,,8.021229590021754,8.063261093454189,8.011701220489726,7.856383404389757,,,7.878896020707456,7.857015900084725,7.167244162942791,7.608493972597707,7.168763227854833,7.860914706957489,7.726086817157924,,,7.549110358473554,7.499820157422059,7.720199107078124,7.747259421598959,7.905844547128885,
ENSMUSG00000025730-C,6.642268474587461,6.586134700080453,6.9597951630361505,6.10933303827233,6.278887165467049,6.306712500895893,6.229144882539155,6.12140146477275,6.19971386749745,,6.677470304277016,7.348346035314488,,6.701452872761374,7.050857216522951,7.05389874470523,7.247638475405161,,,6.746699855310175,7.489345758391663,6.232521125492449,6.273852920878147,5.994803434184096,6.203862749065842,6.9694264269235235,,,6.57858707249385,6.189799040697408,6.932641601498225,6.815758644685764,7.511814281039069,
ENSMUSG00000025777-C,8.125134812952265,7.871660516110169,7.529722558928957,7.891385302785338,7.859502434872598,8.060949892972017,8.295303681136204,8.010784913168191,8.168296197505137,,7.856629666057716,7.815369988432452,,7.945135726082777,7.933374585914605,7.678092725278022,7.818510361346842,,,7.98209380619184,8.27650121206559,7.840658004565042,7.796249078044682,7.9682504042867,7.912623082496076,7.491000913442355,,,7.689256148288877,7.624312803834182,7.48781045614601,7.2248324513082975,7.556426511609615,
ENSMUSG00000025815-C,1.0612255463732776,0.0,2.532598773826906,2.138137563504853,2.6314563966651643,2.2502722058212323,0.0,2.3188822613527895,2.36926775764794,,2.042184285849804,0.0,,1.3121223935613218,2.1009160241147065,2.66179105737093,2.402969793843818,,,2.9353278433826433,2.9562697642966596,1.641449874184738,0.7772103564006736,1.4069932691538003,1.145283945259697,2.4720055205074685,,,0.0,2.303760115630847,0.0,3.125967354164119,0.0,
ENSMUSG00000025872-C,6.476105802520261,6.5171688966204835,6.4611940504267205,5.792619734404135,6.152850945718772,6.450018529346668,6.017219475946219,6.378212903467313,5.849707092327451,,6.843381598551872,6.991445596994675,,6.731966023701812,6.506552089150127,6.656831114735226,6.824887241121799,,,6.790686816780743,7.027106037445876,6.205148642863037,5.8956111456391325,6.468379260772149,5.8868192693708705,5.6297514215943645,,,6.767538070402273,6.2760988665122674,6.261638214344498,6.105415398291974,6.729055937071053,
ENSMUSG00000025892-C,6.733493028539443,5.933017644814055,6.29526951006169,6.801713012544935,6.974027819002761,6.236549558294122,6.6283380797813285,6.350267257280306,6.309896827359498,,6.274407359333947,6.349845455371512,,6.3675215065322135,6.832261867500877,6.558316350085767,6.687564687754545,,,6.606069938158553,7.333922408770814,6.298762938035714,6.246986546581152,6.281893323497237,6.71730775348062,7.003917712852394,,,5.793200171817112,6.037521475234767,5.892803311823157,5.512913371210832,6.442568297297509,
ENSMUSG00000025909-C,4.6385068462710315,4.7068041434800945,4.110433613667125,5.13008005046512,4.821796373391439,4.771044768205046,4.82422502670604,4.5932844116131974,4.653482661342376,,5.1096062356365355,4.648804100198322,,4.1743468699676285,4.77180816512325,4.195079115277823,4.43207460917602,,,4.950554856354362,4.122666665797709,4.685430427923396,4.849936096679554,4.777652546707246,4.511856290237969,5.037251114700205,,,4.8431942786738436,4.94541880345907,4.355603108019191,4.5441676527518,2.7509977021377465,
ENSMUSG00000026017-C,5.023006821554862,4.65638134902881,4.332315566341713,4.728709970956263,5.691143114577372,5.403778528181143,3.874272644065696,4.4946112912842064,5.169965927521901,,5.204175692290074,4.869803673597706,,4.8296828663221545,4.935853410223768,5.402360956571477,4.955236248329168,,,4.950554856354362,5.732199041385865,5.183084205887085,4.738621725110365,4.3800415792698475,4.851680180270497,5.909914352375509,,,4.02548275212475,4.4470585397514295,3.805452458367365,4.695297843271375,2.7509977021377465,
ENSMUSG00000026088-C,5.116356650448591,4.373869263088962,4.188248079279862,4.420321031248732,4.682766141216052,4.557431923514309,4.264503345046947,4.6856386586682275,4.073288576728454,,4.052540407166058,4.549964346669119,,4.538909618475811,5.129067552291397,3.699152832108313,4.5945546101146215,,,4.649828954687912,5.308707517338584,4.603935629528872,3.2578804018563177,4.1972608184946045,4.967971598174785,4.6585984674631975,,,4.259354157918123,4.588689838211657,5.239591269248,4.0408772621977525,3.111437600054451,
ENSMUSG00000026103-C,8.910861249468349,8.5883397845675,8.59172752095807,8.95414226289797,8.927404320301441,9.064334941117467,9.117793294600766,8.872102722291578,9.045801677112262,,9.22643174744915,8.790679070604849,,8.915868415313629,8.984518647663835,8.729928134657975,8.812561578457752,,,9.13877624091282,9.329367850622052,8.647221323172891,8.454376420538997,8.637593276021919,9.112764890106597,9.09480983665678,,,8.585275827438739,8.888907647106253,8.652293851428073,8.711750269572034,8.138832033980194,
ENSMUSG00000026197-C,5.160860040427936,4.65638134902881,5.026289226720062,3.690056043985187,4.753955375011224,4.810218281410929,4.638836785283059,4.54479128052225,5.029788150157312,,5.173336229638752,5.518836753517513,,4.712161899715245,5.083135383946214,5.155149414787842,4.5945546101146215,,,5.062438666611843,5.56566256402073,4.048335749184918,4.3414856993539885,4.4361611299794195,4.586526700192765,4.897478547837925,,,4.521827482917072,5.022342736510537,4.916882105380915,4.114259253231501,4.794338780282,
ENSMUSG00000026234-C,9.840921018480042,9.690356965144504,9.908539295764104,9.748173344178308,9.82415087131579,9.38612911911497,9.774027374182772,9.64329506548591,9.587507048587517,,9.660921936820488,9.862968323816878,,9.657832372609304,9.933802138928744,9.807571551569024,9.976102591444446,,,10.143869262662417,10.352962623711065,9.535704279016509,9.413582119881656,9.452352201943048,9.400935790499588,9.126461335640188,,,9.86338391129166,9.446928203744989,9.576798161633036,9.64341921294132,9.40783277878246,
ENSMUSG00000026295-C,0.0,0.0,0.0,0.0,0.0,0.0,0.0,0.0,0.8744882523316289,,0.0,0.0,,0.8003576570276729,0.0,1.2215959129652292,0.0,,,0.0,0.9751738319309616,0.7711227158729893,0.0,0.0,0.0,0.0,,,0.9674048923102424,0.6438468756903795,0.0,0.0,1.54132073842726,
ENSMUSG00000026361-C,6.718683907875199,6.287966843035933,6.241528092247083,6.663302735813608,7.245066369174456,7.098344632247605,7.305092258454337,6.905516512608774,6.858022727620711,,6.938153679687499,6.904102829668001,,6.430891962051793,7.0146103046674035,6.749046630829882,7.128877036539505,,,6.9735468329366785,7.290077536586999,6.569513087286367,6.726975935719819,6.4817735144922235,6.227388609856475,6.637250048783156,,,6.084753445231857,6.738066629383977,6.220370970325861,6.20954574062832,5.221164030902649,
ENSMUSG00000026365-C,3.6952964858036528,3.662264003960899,3.527256332227863,4.1706999010872465,3.136645565127414,3.8607457124971623,4.34754389195081,4.388690700696569,4.653482661342376,,4.052540407166058,4.138401420971068,,4.23241421537003,3.82367468051064,4.296357293218538,3.7935549888483817,,,3.996472480641343,3.1254898356485032,3.9195257299905872,3.999106096059519,3.74295406855436,4.586526700192765,3.71461776200454,,,3.5246307075254704,3.4008560131744745,3.562908967782425,4.2506936775103235,4.580585737446978,
ENSMUSG00000026384-C,6.385249095182605,6.130645057595757,5.91523438430507,6.9279990870112815,6.254545417146843,6.568992032432436,6.314186220793812,6.350267257280306,6.670107751107389,,6.359061586977993,6.407443407957857,,6.354506408712426,6.41681661149185,6.214561985536743,6.273190552395532,,,6.422545572628353,6.820713225260283,6.24601504507742,6.4608290612543335,6.559628120801717,6.577850770637291,5.390024669483061,,,6.274739075351769,6.265589510163256,5.994221290455685,5.9131926879091905,5.76810582424707,
ENSMUSG00000026389-C,3.430329504878941,2.673957838819107,3.402211944982682,2.9641894307294048,3.5100788664663383,2.8099004108689636,2.742784982129466,3.5074880852801837,2.584997580289027,,3.3724032164142397,3.560363063339314,,4.050692283249386,3.1170698124358824,3.543045891664217,3.2596966249115087,,,2.366199903278748,3.860197336073667,3.348482516944733,2.746422465537691,2.9273952328051136,3.5737464719259227,2.01153025227296,,,2.7510183104581927,1.7004218063870564,3.4244065628585965,1.838604035947166,4.329560199344903,
ENSMUSG00000026421-C,8.222827397082433,8.286539333441683,8.436955495373843,7.668282839361869,7.715341654056786,7.466476867879641,7.851886029789589,7.6357324256694685,7.766018582813395,,7.932259287024297,8.484362044101223,,7.927666751171395,8.436423223244418,8.743442910531078,8.537457692883788,,,8.22185872735483,8.104909887386917,7.625227116330107,7.823782180737476,7.539205229710444,7.169963060185901,7.91917136074807,,,7.865070144146003,7.719790853142272,8.262791276544833,8.552559070751679,8.595976849713393,
ENSMUSG00000026466-C,6.00064899078922,5.169185037760423,4.893205936692166,5.603688000358608,5.36712533199982,6.147585617107683,5.939045287355924,5.9826627834069726,6.453998103781735,,5.8942204410627115,5.165229014342366,,6.14372165690366,5.258691899999647,5.402360956571477,5.713335431645072,,,5.887071438612729,4.595806375558287,5.552402525156279,5.8956111456391325,5.373998199483727,5.399324394390804,3.537586637374066,,,4.521827482917072,5.8672533103223685,4.967642875688821,5.993180406336221,5.221164030902649,
ENSMUSG00000026469-C,7.485582649029262,7.351824631997019,7.588303921226788,7.631629482886481,7.5147371393868525,7.371457811976861,7.104826151378561,7.606497874718854,7.633037080457725,,7.735188243686779,7.481696458925802,,7.837000731291956,7.880646320351825,7.550641865576464,7.716296087110869,,,7.821742467318599,7.999953822678111,7.461366021763015,7.416904575608156,7.519858150651305,7.263963701910464,7.562166071873256,,,7.385652926373246,7.39764891377744,7.443667485646455,7.297521855308858,6.084729598130219,
ENSMUSG00000026490-C,8.395711264658177,8.311193318636047,7.94280690575239,8.378028532529887,8.576085655026294,8.268574708595287,8.321216880271063,8.190961571407332,8.315191525469716,,8.575462636296402,8.562504713723953,,8.143548876252353,8.563128843660433,8.193367436633608,8.368017958328684,,,8.649688601686481,8.81730083095236,8.07417890450576,7.958224302153153,8.108687630082043,8.337017474073717,8.065144200661518,,,7.735258742492562,8.149403808573341,7.705320031397526,7.543170461553135,6.473916524676316,
ENSMUSG00000026495-C,5.070436631402004,5.461207771779612,5.49289137788868,4.982647165246312,5.861995895413951,5.297514474376917,5.0884363782893285,5.205748127152371,5.523603136332226,,5.8942204410627115,5.230514528136643,,5.41026774748383,5.8585651808694195,5.929366025443103,5.7367313286375365,,,6.076666104460603,6.21736125245521,5.31697311520832,4.659334832483568,5.089022780191272,5.2233027581692975,4.474090557491965,,,4.8431942786738436,5.252640238476889,5.570378612998358,4.916567184229785,3.639654752205806,
ENSMUSG00000026510-C,3.568887481409009,3.3175393399239037,3.642321771994718,4.633055610115746,3.665864844922387,3.6174369818121015,4.765036951130696,3.8643493295108,4.073288576728454,,4.2427889738829485,3.918320741751176,,4.393785888058045,3.442207073065027,3.168685798330999,3.497405231262442,,,3.8378021129317026,3.860197336073667,3.701788008824327,4.180428819962158,3.2108868858509947,4.167241691823022,3.71461776200454,,,4.10772499717138,3.7414430482125782,3.562908967782425,1.838604035947166,2.7509977021377465,
ENSMUSG00000026576-C,12.077394121733414,12.14064210947192,12.249259954845863,12.110977302440238,11.984767473371337,12.027588853470707,12.046515337699798,12.108436569975373,12.16907974107638,,12.244862107269691,12.51066496546604,,12.27277758643297,12.34277585471873,12.21160904711187,12.334509296781686,,,12.316568220298214,12.279719197555274,12.030199197535524,11.851910607115936,12.030194943383409,11.815370723085586,11.520415220916847,,,11.998141138079705,11.919093508952704,11.810362975668374,11.834169568157105,11.76891661250606,
ENSMUSG00000026589-C,2.418679371923628,1.4822933651173062,0.9688103744562226,0.0,1.201086816065423,2.2502722058212323,2.742784982129466,2.3188822613527895,0.0,,0.0,2.580938305492785,,2.7933262888489865,2.9221280948258475,1.2215959129652292,1.8372750529254864,,,2.58182735415899,1.5517650907126677,0.7711227158729893,1.2795471030274967,1.7981578459377747,2.547841273150182,0.0,,,0.0,1.0874491440466718,1.6615634406534388,0.0,2.7509977021377465,
ENSMUSG00000026600-C,6.268083208788955,5.911680307931717,5.5529564369063085,6.073342880936644,6.502073331395445,6.147585617107683,5.67535832410757,5.657332542333674,5.763806974138528,,6.644120085158995,6.194907789953338,,6.24592940785711,6.360167831352448,6.05028896922374,6.029753568871277,,,5.803659210255832,5.474582460428304,5.773505822071254,5.787898569531948,6.049797294556,5.6976531045714705,5.441262833161149,,,4.980493639492919,5.721073806582434,6.301757790935005,6.012503114149743,2.7509977021377465,
ENSMUSG00000026628-C,0.0,0.0,0.0,0.0,0.0,0.8086282278702569,0.0,1.3761692453425427,0.8744882523316289,,0.8316110494662632,0.0,,0.8003576570276729,0.0,1.2215959129652292,3.2596966249115087,,,2.366199903278748,1.962598682968702,0.7711227158729893,1.6514266395573065,1.4069932691538003,0.0,0.0,,,0.0,0.0,0.0,0.0,0.0,
ENSMUSG00000026678-C,7.119058668855816,6.983845934998396,6.537508833448494,7.0441150047503465,7.232658120505829,7.290662696082045,7.174716290746864,6.943421188377972,7.024258009408596,,7.740457741057132,6.943576025995563,,7.2783456125124335,7.389601649796575,7.138167066565291,7.180976271425842,,,7.083727551906267,7.55750461656952,6.84250339188705,7.094073652007864,6.973999856756916,7.043134849263513,6.498998413771757,,,6.327176761654603,7.045051375243516,6.957969489765717,6.7366339719435615,6.9003562750067235,
ENSMUSG00000026723-C,2.910774933198879,1.883967845402639,3.1140018458952654,3.2486616392715377,2.6314563966651643,3.5262732991065455,2.4737582927568313,3.402543765077897,2.772625439053359,,1.7394224912174236,3.6585165642870514,,3.766177223083601,2.429327355217106,3.168685798330999,2.8082760478821935,,,1.4126867783113457,2.9562697642966596,2.5719634942468153,1.6514266395573065,2.1055702394493165,1.145283945259697,0.0,,,1.9508269527020643,2.5998912372602767,1.6615634406534388,3.703135021136939,0.0,
ENSMUSG00000026765-C,4.019154570446448,5.306312937226608,4.845969440172946,4.633055610115746,4.607880936945847,4.192631316275886,4.17638954145701,4.5932844116131974,4.333940744587301,,4.608226611648546,4.910213385979118,,4.1743468699676285,5.622070737276084,4.296357293218538,5.106577802942799,,,5.545781276497139,5.080651431446468,4.939089677289372,4.289772378807899,4.641064336689453,4.066490143806875,4.897478547837925,,,5.023502307965054,4.4470585397514295,4.967642875688821,4.5441676527518,4.691417411503794,
ENSMUSG00000026771-C,5.641015687935728,4.848289405663465,4.938944731171083,5.443745108748944,5.273318691874047,5.025245841639177,5.798534728731463,5.435902701865466,5.066130029276167,,5.234369695218224,5.643923237870661,,5.133831025639021,5.339059015308414,5.5735439200261006,5.07020461665122,,,5.668736226321217,5.904931078008322,4.971942910247874,5.110582387912509,5.222667844184494,5.313996438629764,5.441262833161149,,,4.396551664627574,5.022342736510537,4.277280327333589,4.114259253231501,4.890404164193962,
ENSMUSG00000026785-C,1.0612255463732776,0.9236912118413654,0.9688103744562226,0.0,0.0,0.0,0.0,0.846305570751632,0.8744882523316289,,0.8316110494662632,0.8722754939741469,,2.2350113770874733,0.0,0.0,0.8935808599904828,,,1.4126867783113457,0.0,1.935983705110964,0.0,0.0,0.0,0.0,,,2.5302208690762416,0.0,0.0,0.0,0.0,
ENSMUSG00000026925-C,4.815963959173766,4.24330740113295,5.14812620707244,4.300902556653133,4.948598279506496,5.152632861467911,4.5005297109556714,5.040701372412272,5.029788150157312,,5.234369695218224,4.8282293923316475,,4.752408667901649,4.77180816512325,4.717477037187084,4.542401690230819,,,4.550986184927251,5.273114657741158,4.905470838039171,4.575435833627302,5.402448600613085,4.3498143231152575,5.715499280408787,,,4.02548275212475,4.554564080044014,3.562908967782425,4.184088675445754,4.691417411503794,
ENSMUSG00000027010-C,8.529010566325718,8.265667543574486,8.737975971002781,7.795232640607611,7.975743165660669,8.54889113325542,8.087547403315785,8.533031974725688,8.528821646732121,,9.252484543785684,9.087935619554042,,8.86629789153464,9.177198118760504,9.092246013123171,9.024628883269324,,,8.402807454891015,8.57575082586105,8.355121909155963,8.042663326643742,8.104364436936788,7.65078565823964,7.694758882709027,,,8.779693026339892,8.696941715973482,8.667727012163374,7.814854738011936,7.541708519283239,
ENSMUSG00000027109-C,5.845705216960422,5.678914279734958,5.2239858135332575,5.499053189622769,5.172985764655266,5.454112610944648,5.3116688877031315,5.109002042618445,5.066130029276167,,5.008400119592527,5.619758555820566,,5.163983398388806,4.883217335620884,4.983542976533997,5.243539841929736,,,5.4935069662257,5.950709093189475,5.2108745010054145,5.453808154536049,5.344975441493621,5.730953831709892,4.56929212029854,,,4.6370888418991045,4.654611183132021,4.632239671461196,4.114259253231501,5.607780348647971,
ENSMUSG00000027253-C,3.6952964858036528,3.7610167080437464,3.940955124187888,4.1706999010872465,4.445332657100411,5.058162522943119,4.0825420244949235,4.33266385642655,4.7004801944898515,,5.1096062356365355,4.0687060047474946,,4.584211939071658,4.4486040679813845,4.296357293218538,4.112520760316219,,,4.4448700720759104,3.413970484719136,4.377451817190107,4.236136261201466,3.3341556752144523,3.048127979598824,4.474090557491965,,,2.9424659951760495,4.807329973482211,3.6892717228661702,3.125967354164119,0.0,
ENSMUSG00000027291-C,5.872712543514277,6.271310222705528,6.49220604402276,5.5523189975045355,5.726970734316112,5.951288495033768,5.540675110564346,5.9826627834069726,6.062537391265859,,6.853143915840251,6.435402398902099,,6.731966023701812,6.591031369522042,6.694427546144321,6.79176246534791,,,6.179510680772605,6.198510930452961,6.1050357348342335,6.351574570213523,6.235205514070991,5.9160689396445045,5.6297514215943645,,,6.256827573966689,6.265589510163256,6.018499690573243,6.031570440335762,6.124781007977959,
ENSMUSG00000027331-C,0.0,0.9236912118413654,0.0,2.9641894307294048,2.292011360782609,0.8086282278702569,1.712571527584626,0.0,0.0,,0.8316110494662632,0.8722754939741469,,0.0,0.0,1.2215959129652292,1.4412513726916425,,,2.58182735415899,0.0,0.7711227158729893,1.6514266395573065,0.0,0.0,1.3311596570548716,,,0.0,1.426248509167121,0.0,0.0,0.0,
ENSMUSG00000027361-C,4.506783943337601,4.022222530925879,4.845969440172946,4.027570206271769,4.356631248498362,4.602759818172883,3.874272644065696,4.274372999508628,4.604902423615066,,4.561355250989647,4.648804100198322,,4.972823382048754,5.129067552291397,3.840005387602358,5.142056456221215,,,4.69682163605729,4.040370727438164,3.985367851416849,3.7916732345197177,4.4361611299794195,3.5737464719259227,4.262476788602882,,,3.938267275349735,3.9128651813226702,4.429891870503082,3.96356176193868,5.14530861675487,
ENSMUSG00000027408-C,1.0612255463732776,1.883967845402639,1.9529590040861384,1.4334760532826032,2.9060517082773543,1.3237104085262597,1.712571527584626,1.3761692453425427,1.8073849903108583,,2.2922982217170365,2.3653396025461224,,1.6891195143635438,2.429327355217106,2.66179105737093,2.402969793843818,,,2.366199903278748,3.2769287369170383,1.641449874184738,1.6514266395573065,0.8686232207515774,2.547841273150182,0.0,,,1.9508269527020643,0.6438468756903795,1.6615634406534388,2.6213546220940547,0.0,
ENSMUSG00000027569-C,4.28347420323216,3.03134235656842,4.028181593966573,4.633055610115746,3.934555044755374,4.306599851272038,4.5005297109556714,4.274372999508628,4.39235751364384,,4.052540407166058,3.918320741751176,,4.288234544654291,4.213011992017143,3.3679746106824373,3.497405231262442,,,4.69682163605729,4.536997508552419,3.985367851416849,3.7916732345197177,4.490179171972527,3.958170733316668,3.872280659764173,,,1.9508269527020643,3.475709884007802,2.9051150409108515,3.499087042803504,4.329560199344903,
ENSMUSG00000027612-C,5.509532405237217,5.653431001994375,5.296055054779287,5.443745108748944,5.36712533199982,5.5027496338110025,5.03932392461571,5.0752558596257895,5.029788150157312,,5.601695558275629,5.667689827959133,,5.765279140116933,5.745158475495504,6.05028896922374,5.9717796687028075,,,5.984981028385628,5.833419591353698,5.415800703609885,5.381538985252328,5.2851173663231155,5.2233027581692975,5.224393835258939,,,5.579261339751742,5.721073806582434,5.839289104729767,5.429116606577476,6.504598049510028,
ENSMUSG00000027642-C,6.805340774191113,7.082621543846508,7.294876577246792,6.734167100628439,6.783021210318376,7.212402623918543,6.872209327027437,6.934037974560525,7.087504627109065,,7.443665456484698,7.370238195492571,,7.501379222426027,7.361015874288954,7.498459415059938,7.128877036539505,,,7.092540452987477,6.857228214223065,6.937047074067236,6.883443153408037,6.645447310296472,6.71730775348062,6.860710527994718,,,7.063821193980948,7.191033518986275,6.826634555589711,7.048852245058344,6.201694986055745,
ENSMUSG00000027737-C,6.00064899078922,5.954043998134046,5.108646182582491,6.427075686063372,5.796062403242659,6.222098005154485,6.507145656752796,6.535391516328781,6.115518705662865,,6.514783568166831,5.465598686244413,,6.49159559653505,5.715356997036679,5.929366025443103,5.931794317424575,,,5.545781276497139,6.179411044839651,6.24601504507742,6.043455054057982,5.773067246956983,6.273319796066434,5.67326231975404,,,5.716642292891877,6.347595813664868,5.839289104729767,5.071994824958921,6.043534473378174,
ENSMUSG00000027861-C,2.090890740391519,3.03134235656842,3.848113560655806,2.9641894307294048,1.84729786765765,2.4618615007939817,2.1427948453617223,2.3188822613527895,2.115509598589792,,4.052540407166058,3.750415480446991,,3.194853116705421,3.931292798388528,3.168685798330999,2.6198095436164515,,,2.58182735415899,2.9562697642966596,2.180461949771616,2.401325369831886,2.358845731896266,0.0,3.101018312374517,,,2.2694164769105942,3.1497241621459846,2.6800946312329175,1.4424172899414331,4.329560199344903,
ENSMUSG00000027887-C,3.1054976846716587,3.181526091046473,2.9449675252531367,2.609495240548126,1.84729786765765,3.784113270972422,2.969442418789574,3.402543765077897,3.459469887214497,,2.042184285849804,3.918320741751176,,2.6301094702480934,2.1009160241147065,3.3679746106824373,2.8082760478821935,,,3.659499454058248,1.5517650907126677,2.389452305959414,2.892259673652012,3.0760931997901184,0.0,2.4720055205074685,,,2.2694164769105942,2.5998912372602767,2.6800946312329175,2.8098578703146537,0.0,
ENSMUSG00000028015-C,3.430329504878941,3.9402984298812984,3.1140018458952654,5.13008005046512,4.356631248498362,4.462266083562532,4.571340002110129,4.014348981718389,4.000039464453881,,4.301010925794228,2.7684670172004537,,4.584211939071658,3.288778564963921,3.9683212029619424,4.112520760316219,,,4.550986184927251,4.951504788196042,4.905470838039171,3.7916732345197177,3.910793357631654,4.433109159406927,4.897478547837925,,,2.5302208690762416,4.0167840134026545,2.6800946312329175,3.125967354164119,3.111437600054451,
ENSMUSG00000028068-C,0.0,0.0,2.27169581750873,1.4334760532826032,0.0,1.702496038550303,0.0,2.7192353881313043,0.8744882523316289,,0.8316110494662632,1.8039062995588535,,1.6891195143635438,1.0680554872113692,0.0,1.4412513726916425,,,1.8046680709167229,0.9751738319309616,0.7711227158729893,0.7772103564006736,0.0,1.145283945259697,1.3311596570548716,,,0.0,0.0,0.0,0.0,0.0,
ENSMUSG00000028080-C,5.070436631402004,5.01764090788891,4.746587023807134,4.300902556653133,5.065150104868289,5.025245841639177,5.912016690343213,4.931776063274248,5.470361080652834,,5.64729467530149,5.165229014342366,,5.784815297975318,4.883217335620884,5.490489914344357,5.338351340104151,,,5.760072005537932,5.75817771283436,4.905470838039171,4.919643509393843,5.222667844184494,4.511856290237969,5.835261920488193,,,4.8431942786738436,4.891758702119145,4.355603108019191,3.703135021136939,5.427384399414453,
ENSMUSG00000028125-C,1.6660324636864343,1.4822933651173062,0.9688103744562226,0.0,1.84729786765765,0.8086282278702569,0.0,0.0,0.0,,1.7394224912174236,2.1117629745024855,,1.987732424191134,0.0,1.2215959129652292,0.8935808599904828,,,2.366199903278748,1.5517650907126677,0.7711227158729893,0.0,2.1055702394493165,0.0,0.0,,,0.9674048923102424,0.6438468756903795,1.6615634406534388,0.0,0.0,
ENSMUSG00000028180-C,8.284464021455438,7.931191692835371,7.987023334608358,8.286682387928941,8.252646334440112,8.073079207874983,8.242037709720618,8.151023191360814,8.064335614909616,,7.602576819173642,8.112397227011153,,7.832314348094623,8.307530571065685,7.687445680297185,8.322355122083126,,,8.64370482842909,9.325029145386951,7.960092726743545,7.6603203155640225,7.953905139915995,8.134159908552094,8.753409775741876,,,7.816985228114627,7.535249643492016,7.252205806645735,7.9003207685529295,7.962196688115544,
ENSMUSG00000028261-C,6.510904675153751,6.545152061796855,6.429500754871832,6.036431875100554,6.799940594107485,6.580367068161343,6.709066480649619,6.186068497582383,6.26370198721604,,6.259802484699927,6.605013510565325,,6.354506408712426,6.846079315524949,6.558316350085767,6.613668868262824,,,6.822818690049529,6.983724966525465,6.386671124464114,6.484023842317532,6.356498070166085,6.227388609856475,7.267918567608959,,,6.238690897249208,6.02511408695311,6.19928608019377,6.3222327103984926,6.504598049510028,
ENSMUSG00000028334-C,3.9190677346575544,5.401230358940632,4.746587023807134,4.1706999010872465,3.136645565127414,5.121825011208729,3.6307810679510832,4.083878839528882,4.554629155789021,,4.781823110502815,5.759024319492608,,5.039397732361058,5.5223329167526565,5.652075772265164,5.398265322356934,,,4.4448700720759104,4.858501443322066,4.42568240917794,4.236136261201466,5.053583324520581,4.167241691823022,4.372160124747886,,,5.065265859574233,4.748167939694363,4.916882105380915,4.596323382227103,4.890404164193962,
ENSMUSG00000028443-C,4.112746069128248,4.549919509612398,4.332315566341713,4.1706999010872465,4.528894874093235,4.360376603020698,4.765036951130696,4.813950177861993,4.273058412468433,,4.822144084942375,4.600230503019307,,4.341975302691646,4.2958915964377065,4.390989664416049,4.312606643409669,,,4.649828954687912,4.274387138167632,4.472352633016839,3.1459955578315,4.542247431043634,4.967971598174785,4.56929212029854,,,3.746222763186613,4.113717787903322,3.912970404851044,4.184088675445754,2.2693972934160422,
ENSMUSG00000028479-C,4.700116627791696,5.057045242264115,5.108646182582491,4.1706999010872465,3.806456095533223,4.885511795747925,4.34754389195081,4.640200417124641,4.653482661342376,,4.899555075585049,4.7854214217715745,,5.507539970321911,5.415184431128024,5.155149414787842,4.312606643409669,,,4.950554856354362,4.4756891561101835,4.327552898761735,4.919643509393843,4.862018147026571,4.967971598174785,4.742697324315992,,,4.460548930911179,4.864161160386767,5.0166781822465,5.2122942173271465,5.221164030902649,
ENSMUSG00000028494-C,3.1054976846716587,3.03134235656842,3.402211944982682,1.4334760532826032,2.9060517082773543,2.9567828186877194,3.1652780041662503,3.7830643658576735,1.4150638090347123,,3.574755773191751,3.836809399741955,,3.766177223083601,2.696667789000302,4.296357293218538,3.6030221383342673,,,2.9353278433826433,4.040370727438164,2.8795834812224355,3.2578804018563177,3.3341556752144523,2.819562531975392,0.0,,,3.1114590032192178,3.055259675414585,3.4244065628585965,4.114259253231501,0.0,
ENSMUSG00000028517-C,8.763526613238009,8.995695761340567,8.882506128569805,9.232280314293613,9.158148183565682,9.00648143339424,8.981436123479908,9.03456928641465,8.835566115339018,,8.961248491244179,9.12703520230104,,9.102590642160472,9.104335084216336,9.11668422012644,9.331669733924116,,,9.13451549249938,9.173999859270245,8.90285686995568,9.219944587344282,8.919348875585234,9.150172775841806,8.851370219081488,,,8.744778203328877,8.714434377443864,8.749778820769627,8.863113593019376,9.101567627726183,
ENSMUSG00000028580-C,7.791819202630823,8.179023039496132,7.5811100231299,7.981528050742001,8.055402408340548,7.661166098924391,7.887010655103039,7.60057919775865,8.082190981401716,,8.034468779015288,8.14239160876404,,7.794264952371413,8.104081841509846,8.011701220489726,7.984063918513225,,,7.938766827679547,8.267485334050257,7.875802936725114,8.069746021161784,7.828466335413937,8.121659502520412,7.989707147445406,,,7.434274923793394,7.805718115179415,7.756738973575035,7.8528705697340335,7.6690585803182305,
ENSMUSG00000028639-C,7.763238761030125,7.957460024162867,7.460843812147964,8.189159233110457,8.055402408340548,8.036380980578103,8.057029593799713,7.75243205297745,8.004730577273559,,8.153807682890719,8.063965915256167,,8.23515640638601,7.9203720856012465,8.28247035114,8.251031016810627,,,7.762230996893057,7.83277195264308,7.758304461935107,7.890400244817572,8.134358217610101,8.121659502520412,7.640984797120914,,,7.5042669912730195,7.731293280174596,7.58854877629953,7.966216968296828,7.556426511609615,
ENSMUSG00000028649-C,8.566711588893204,8.240216158134015,7.85606113932728,8.840967154768293,8.680272780416704,8.289517562625171,8.268916511634524,8.304542761787436,8.280812730156743,,8.300158765223513,8.36223493572781,,8.321292764828224,8.297508749683313,8.494464712369986,8.382923281901009,,,8.56989408270695,8.60467545017212,8.22488961455113,8.256437442554404,8.321048484601416,8.57108379019137,7.900985079448578,,,7.592601774110125,7.966840131196332,7.742233892498136,7.874152444374239,7.481287470374049,
ENSMUSG00000028681-C,0.0,0.0,0.9688103744562226,2.609495240548126,1.201086816065423,0.8086282278702569,0.0,0.846305570751632,0.8744882523316289,,1.3557736240157023,0.0,,2.6301094702480934,2.1009160241147065,0.0,0.8935808599904828,,,0.8727598826207578,0.9751738319309616,0.0,1.2795471030274967,0.0,2.212784030876461,2.01153025227296,,,0.0,0.0,0.0,0.8944330770159921,0.0,
ENSMUSG00000028747-C,2.6856076178598616,1.883967845402639,2.9449675252531367,3.868660751385197,1.84729786765765,2.002227548217203,0.0,1.7628475801227037,2.772625439053359,,2.69102069229586,2.934400040210273,,1.3121223935613218,2.9221280948258475,1.2215959129652292,2.147673398643941,,,2.7693778051683604,3.2769287369170383,1.270944323129923,1.9468263315634875,1.7981578459377747,2.547841273150182,0.0,,,1.541336626495835,1.426248509167121,2.0858962887955266,0.8944330770159921,1.54132073842726,
ENSMUSG00000028795-C,6.140554075341064,5.169185037760423,5.86872532471544,5.13008005046512,4.356631248498362,5.2696787938976275,4.571340002110129,5.040701372412272,5.136177586357087,,5.1096062356365355,6.110716618459133,,5.663421437213151,5.9888327755056645,5.532614498044087,5.427314362967544,,,5.845968070577831,5.410502445779341,4.905470838039171,5.018269461033357,5.510951067686481,4.910997310921447,5.980893196037899,,,4.8904275518483145,5.469616528506611,5.50314615290747,4.832086780670741,5.490056390463297,
ENSMUSG00000028811-C,6.476105802520261,6.690050129551339,7.087132576054639,5.836224944522409,6.640009622746282,6.2650254973208686,6.470563362537565,6.263027765862968,5.969667774610442,,6.63282979600927,7.4477816920976,,6.72186651025223,7.026794076363859,7.124459741583842,7.111083971099383,,,6.606069938158553,6.664643791724581,6.514823884078086,6.40115620471674,6.2971261045088704,6.61399903883075,6.803117627833016,,,6.6212117663264545,6.386914681879401,6.770559346111732,6.524207936453877,6.344216924292553,
ENSMUSG00000028838-C,6.65787879455275,7.101590311189069,7.529722558928957,6.30823863766087,6.502073331395445,6.207500224027952,6.594737919632714,6.445796706985578,6.309896827359498,,7.212938261100814,7.427043425748749,,6.701452872761374,7.5331719310157,7.487792547197875,7.279848975082831,,,6.91513138238837,7.457987608616579,6.503632791762759,6.260482272209529,6.633495574156986,6.559431213382492,6.803117627833016,,,7.2012809173946595,6.357526447535462,7.123809702316193,6.952097481109417,6.473916524676316,
ENSMUSG00000028967-C,4.200634153951173,4.173310463027411,3.848113560655806,3.690056043985187,3.665864844922387,4.250740687367286,4.82422502670604,4.150211254386488,4.554629155789021,,4.740342749975531,3.836809399741955,,5.133831025639021,3.442207073065027,4.642517804416558,5.243539841929736,,,3.996472480641343,2.9562697642966596,4.327552898761735,4.289772378807899,4.777652546707246,4.511856290237969,5.224393835258939,,,4.259354157918123,4.622026997524587,3.912970404851044,4.596323382227103,4.980470202450622,
ENSMUSG00000028995-C,5.204031597697395,4.173310463027411,6.046389996105864,5.263833514387339,5.065150104868289,4.885511795747925,5.03932392461571,5.205748127152371,5.235257439512557,,4.740342749975531,5.759024319492608,,6.18841443641273,5.173582353370481,5.3561918466345055,5.243539841929736,,,5.294013345412765,4.80965035509958,5.096349387777901,4.953273561611836,4.862018147026571,4.657521795542996,4.372160124747886,,,4.10772499717138,5.022342736510537,4.355603108019191,3.795267103403054,5.065242378780794,
ENSMUSG00000029020-C,7.983650259275325,8.374948990846402,8.342263152451084,7.817160535275288,8.062430710926773,7.915846328737105,7.587255253246809,7.865339132038894,7.782494154709752,,8.349272638795293,8.672313781966995,,8.427646786523164,8.588009811150359,8.562123589917896,8.390318590292136,,,8.352333610508564,8.005386985791258,7.86709664157073,7.837354160917858,7.74205506918026,7.504402648335738,7.596474113104256,,,7.888524657609821,7.866094031591564,8.118628342191489,7.842110735667543,8.058395321220475,
ENSMUSG00000029131-C,7.4138456187913455,7.253485163047066,7.705411548883764,7.656168228994967,7.374946102547991,7.384494463125542,7.305092258454337,7.31994584314458,7.262136666516247,,7.43068463989812,7.815369988432452,,7.257521988304905,7.926887984075607,7.760163481952022,7.668434329955953,,,7.6109660737279565,7.55750461656952,7.347052539643144,7.244265898529531,7.24143372508232,7.194043622581423,6.7634040607162875,,,7.15367759540957,7.4072420440570355,7.322144430344921,6.991581404643257,7.247339513606574,
ENSMUSG00000029276-C,4.506783943337601,4.7068041434800945,4.332315566341713,5.13008005046512,4.886589993490156,4.810218281410929,4.881080243170423,4.729689393978666,4.91492408633389,,4.740342749975531,4.987787930377201,,4.866821302962881,4.4486040679813845,5.04304220862013,4.488292521871929,,,4.950554856354362,5.623337301057059,4.048335749184918,4.617995133648742,4.862018147026571,4.657521795542996,5.1646701437537805,,,4.259354157918123,4.807329973482211,3.912970404851044,3.881867051445987,1.54132073842726,
ENSMUSG00000029279-C,5.402405966970471,4.7068041434800945,4.262079398014771,5.7012444133081654,4.682766141216052,5.152632861467911,5.352450839332474,4.89356008621617,5.624532107014368,,5.376530835365202,5.230514528136643,,4.670760070376401,4.77180816512325,4.642517804416558,5.07020461665122,,,5.097884772855301,5.678794728092543,4.835787516219796,4.953273561611836,5.123612505890491,4.851680180270497,4.56929212029854,,,4.6914406784700216,4.864161160386767,5.154513060432989,3.499087042803504,0.0,
ENSMUSG00000029345-C,5.9508274066533255,5.239377622271777,6.277577209019324,5.198506277052428,4.886589993490156,5.212342495200179,5.707152316760243,6.104771423621481,5.235257439512557,,6.038101259672067,6.7002723376387054,,6.443238745539636,6.301203449547498,6.516946345811817,6.410452888192054,,,5.9071921550146795,5.705743979393514,5.342321902810014,5.9297994568407315,5.937629911106622,5.663565521683355,5.909914352375509,,,6.043558310150323,5.751518666722302,6.378797477114063,5.429116606577476,5.293229488386045,
ENSMUSG00000029348-C,8.163916262493304,8.374948990846402,8.634054393573683,7.961977435675034,7.859502434872598,8.015582353506247,7.948157234258296,7.794518615479497,8.004730577273559,,8.208067838621623,8.530458035262065,,8.367373554511191,8.390017170329365,8.655629926055996,8.49349708775523,,,8.147689687987778,8.660841026427983,7.858337486999993,7.810081310305824,7.725260528650798,7.919860995252575,8.175171219705007,,,8.148602588375658,7.930711570994109,7.958444001566033,8.384762853010457,8.196346792723617,
ENSMUSG00000029461-C,9.139327144523127,9.153993433645208,8.685274298562451,9.386897277146918,9.19379051660954,8.641397771079149,9.138345766299874,8.903691236717444,8.968708804552808,,9.010061605967303,9.18788166566278,,8.75184204863338,8.990751787359835,9.130465268605656,9.02937330114298,,,8.930918457912314,9.193171043482383,8.868372713463561,9.076626974079051,9.23426527025752,9.15937513248898,8.701816741129132,,,8.641576844352665,8.329209949572919,8.530961827266685,8.723523489479904,8.28738532727636,
ENSMUSG00000029513-C,3.9190677346575544,4.24330740113295,4.028181593966573,4.5306059070680975,3.806456095533223,3.2121019552631123,4.0825420244949235,4.213627421589719,4.209493185613544,,5.1096062356365355,4.268438355811233,,3.9154370975961177,4.58668773266516,4.390989664416049,3.9618350060548617,,,3.919317557186984,4.040370727438164,3.701788008824327,3.8641823602813914,3.651094645758103,3.245385555138888,3.872280659764173,,,4.02548275212475,4.247903002566216,4.277280327333589,3.125967354164119,2.7509977021377465,
ENSMUSG00000029714-C,6.247595919739393,5.8230278143487135,6.166609531546765,6.823543371045298,6.542847564211176,6.386638068758357,6.354898068547951,5.849255262917923,6.26370198721604,,6.055117863493155,6.421490631962341,,6.538384031290001,6.061697045822214,6.73106905234806,6.190884433513491,,,6.701329465605389,6.458267563610576,6.590821196179701,6.437255266636636,6.427433805810011,7.016374184107763,7.003917712852394,,,5.579261339751742,5.375014182183655,6.469649405913033,6.20954574062832,6.442568297297509,
ENSMUSG00000029882-C,0.0,0.0,0.0,0.0,1.201086816065423,0.0,0.0,0.0,0.8744882523316289,,2.69102069229586,0.0,,0.8003576570276729,0.0,0.0,0.0,,,0.0,0.0,0.0,0.0,0.0,0.0,0.0,,,0.0,0.0,1.6615634406534388,0.0,0.0,
ENSMUSG00000029916-C,4.436119481053153,4.022222530925879,2.753466800942782,4.300902556653133,4.356631248498362,4.602759818172883,3.4916609888554997,4.274372999508628,3.754926479408451,,4.936756689324172,4.268438355811233,,4.050692283249386,3.931292798388528,3.9683212029619424,3.8801471897401703,,,3.75140358505242,4.706686880880781,4.799641654254227,4.699522886302211,3.651094645758103,4.511856290237969,3.71461776200454,,,2.5302208690762416,3.8008758836611687,3.912970404851044,4.5441676527518,3.111437600054451,
ENSMUSG00000030002-C,5.4390057785363,5.239377622271777,4.983277885774557,6.073342880936644,6.09918279636949,6.474611092141381,5.3116688877031315,5.767090587794956,5.763806974138528,,5.9315581012649,5.3818663264137685,,6.0006826220173455,4.935853410223768,5.402360956571477,4.99458584814839,,,5.82496872997746,6.0167626452455805,6.0133229373058175,5.946594518406529,5.315356823998245,6.027475219951976,6.916092286278888,,,3.5246307075254704,5.375014182183655,4.916882105380915,4.6466592002228815,5.14530861675487,
ENSMUSG00000030016-C,7.650717347622908,7.5920831574957806,7.18528311097523,7.606666125550896,7.688335861750597,7.435494030174787,7.84475730673832,7.410687890981768,7.330958712035516,,7.377560897533684,7.669974059094652,,7.1334830660210224,7.389601649796575,7.455310412860887,7.423733842379843,,,7.4281046143804526,7.961337746119102,7.167244162942791,7.277833928157382,7.539205229710444,7.475221942346513,7.086702094625729,,,6.549454490541073,7.2020981269323325,6.932641601498225,6.3222327103984926,6.829416969842723,
ENSMUSG00000030035-C,5.204031597697395,4.310064786369203,5.330783075746096,5.13008005046512,4.821796373391439,4.510633550458227,4.426063711373963,4.388690700696569,4.7004801944898515,,4.899555075585049,4.987787930377201,,5.071567212984205,4.986636488921788,5.259169758845276,5.713335431645072,,,4.829259221068079,4.759086971101785,4.166581811472687,4.39140932542033,4.260795788795305,3.5737464719259227,4.56929212029854,,,4.8904275518483145,4.330892291115861,4.632239671461196,4.5441676527518,5.3618657504251575,
ENSMUSG00000030323-C,6.476105802520261,6.202691347433494,6.241528092247083,5.959649957130794,5.8294057749313675,5.090344896689942,5.540675110564346,5.634342110281843,5.890812316161826,,5.949870705458578,6.8111294969765925,,6.341372827072583,6.574526629378969,6.598533043666774,6.56221475335545,,,6.379986422122188,5.783696847925926,5.616140642286914,5.912806571193141,6.186956140580157,5.17572424140582,5.873070944976806,,,6.163774363983888,5.625683494466205,5.6656943552299115,6.537607970686954,6.0011283885167845,
ENSMUSG00000030433-C,0.0,1.4822933651173062,0.0,0.0,1.84729786765765,0.0,0.0,0.846305570751632,0.0,,1.7394224912174236,0.0,,1.3121223935613218,1.0680554872113692,1.2215959129652292,0.0,,,0.0,0.0,0.0,0.0,0.0,1.145283945259697,0.0,,,0.0,0.0,0.0,0.0,0.0,
ENSMUSG00000030465-C,8.294485553604666,8.179023039496132,8.623588525538276,8.71815221970393,8.689381603761264,8.836643547915452,8.98468267275707,8.632100754229727,8.532073158486499,,8.979190386824598,8.295156116252503,,8.577987166611024,8.628547650471935,8.306949251928858,8.573636663708797,,,8.658617982652643,9.147216475213906,8.367521193224142,8.483440504813201,8.509397410808468,8.529104755018897,8.241714482731533,,,8.158283622377503,8.424402966740281,8.337065105382672,8.26902744203211,8.28738532727636,
ENSMUSG00000030522-C,4.28347420323216,4.022222530925879,3.642321771994718,3.868660751385197,4.160973786948527,4.306599851272038,4.264503345046947,3.7830643658576735,3.2224300065550993,,4.462780896440436,3.750415480446991,,4.443800156595397,4.374267508812298,4.563449376629351,3.701431675444467,,,4.74233179515021,4.4116593853048665,3.985367851416849,3.634711799651865,3.447716039931815,4.7898192319927615,4.742697324315992,,,2.7510183104581927,4.06606486249894,3.0997279733373246,2.976553207704254,2.7509977021377465,
ENSMUSG00000030530-C,5.818182651203903,6.054810880357172,6.3127474697881425,5.13008005046512,6.014740783030384,5.454112610944648,5.642847838439732,5.325410154363054,5.386622142358993,,5.234369695218224,6.039637044755584,,5.94966777630464,6.321127217221583,6.578564827849169,6.304841740410789,,,5.965923481594502,6.4896196945628715,5.898391709724044,5.69155589194651,5.728816639028452,4.967971598174785,5.909914352375509,,,6.256827573966689,5.335365122902092,6.281837457663074,6.524207936453877,6.5929117350056785,
ENSMUSG00000030714-C,4.361814742642791,4.493589803149428,4.332315566341713,3.4861740589936105,4.821796373391439,3.6174369818121015,4.765036951130696,4.274372999508628,3.922871459374952,,4.052540407166058,4.387717425100568,,4.584211939071658,5.173582353370481,4.717477037187084,4.542401690230819,,,4.649828954687912,4.759086971101785,3.701788008824327,3.634711799651865,4.542247431043634,4.066490143806875,4.262476788602882,,,3.938267275349735,3.7414430482125782,4.355603108019191,5.034679389983931,4.46052582652635,
ENSMUSG00000030718-C,9.621636626920909,10.085239682191164,9.7587767475837,9.678010552249644,9.870938280852846,9.51175039097888,9.708777451951017,9.69003169910283,9.571794683567568,,10.171620459347288,10.127887849126598,,10.014992278917992,10.024694641990216,10.161417938231132,9.94505341342916,,,9.962265486803922,9.82033212918651,9.633919439565911,9.739310230831304,9.585487043804488,9.33207481378303,9.400114187004192,,,9.97714753878483,9.741441144021431,9.69636884538911,10.09699470156114,9.730147630597855,
ENSMUSG00000030733-C,6.366370377805895,6.488632203140417,6.757680889653595,5.65329065696997,6.481245767293226,6.4249994745942125,6.334685747399503,6.54774837314836,6.534020213121316,,6.710066966263179,6.9338085158941345,,6.955294751451896,7.109315613733173,6.933290975770235,6.723140046683937,,,6.864577388925192,6.718564791997021,6.119769985415074,6.376578375781896,6.250936592430239,5.556186313570255,6.204968622015712,,,6.716029283591187,6.722781903514472,7.007329106976088,6.577077102868884,6.676129780164103,
ENSMUSG00000030741-C,5.326297240154299,5.974768302759348,6.259665244162738,6.036431875100554,5.691143114577372,5.403778528181143,5.504943710830131,5.266819432164264,5.101578895779515,,5.713099858708572,6.161818530784248,,6.066012111998842,6.239726061007098,5.61334413183785,6.010686618170258,,,5.571224886602449,6.622837887528507,5.508290248281446,5.453808154536049,5.636022909541209,5.763503211525868,6.204968622015712,,,5.8893404910648375,5.721073806582434,5.197679225030279,6.012503114149743,5.76810582424707,
ENSMUSG00000030847-C,3.2770365883185586,3.441827149251054,3.527256332227863,4.1706999010872465,3.806456095533223,2.9567828186877194,3.4916609888554997,4.083878839528882,3.754926479408451,,4.462780896440436,3.3414202912602526,,4.584211939071658,4.519297308313774,2.937387202743914,4.18234514583629,,,3.5613400039776715,4.274387138167632,3.7780773780277177,3.634711799651865,3.447716039931815,3.048127979598824,2.4720055205074685,,,3.746222763186613,4.204546674916045,4.277280327333589,4.490055460042319,3.399587007767687,
ENSMUSG00000030942-C,5.160860040427936,5.776571318018656,5.296055054779287,5.792619734404135,5.726970734316112,6.100958080072348,5.575542892711737,5.724184104635114,5.910933921908952,,6.259802484699927,5.465598686244413,,6.341372827072583,5.258691899999647,5.532614498044087,5.759753865698492,,,6.022357120688298,5.732199041385865,5.238139579400765,5.711346006425334,5.587287444961878,5.357291163034704,5.336899529548905,,,5.427408040689324,5.658186122480119,5.918833985525674,5.539797847017251,4.980470202450622,
ENSMUSG00000031077-C,3.6952964858036528,2.4554423935427265,2.753466800942782,1.4334760532826032,2.292011360782609,2.002227548217203,0.0,2.067488679955821,1.4150638090347123,,3.1369650396755486,2.7684670172004537,,2.9399402873012845,2.429327355217106,1.8734553036471215,2.6198095436164515,,,1.4126867783113457,2.281998541109351,2.5719634942468153,2.1919001964604257,1.4069932691538003,3.245385555138888,3.537586637374066,,,1.541336626495835,2.1292630581191667,2.0858962887955266,2.1491023054808034,0.0,
ENSMUSG00000031095-C,3.430329504878941,3.441827149251054,3.848113560655806,4.1706999010872465,3.665864844922387,3.2121019552631123,3.337679642492369,4.083878839528882,3.2224300065550993,,3.983108570214678,3.4550410302589003,,2.446043618687812,4.031437387137405,4.296357293218538,2.147673398643941,,,2.9353278433826433,4.122666665797709,3.132999700652309,3.3617092928764207,2.9273952328051136,2.212784030876461,4.0143984739659455,,,3.3996089179664075,2.4594104501768173,3.4244065628585965,3.881867051445987,4.580585737446978,
ENSMUSG00000031103-C,1.0612255463732776,0.9236912118413654,2.27169581750873,0.0,0.0,1.3237104085262597,2.1427948453617223,1.7628475801227037,0.0,,0.0,1.4120204056836572,,1.3121223935613218,2.429327355217106,1.2215959129652292,1.8372750529254864,,,0.8727598826207578,1.5517650907126677,0.0,0.7772103564006736,0.8686232207515774,0.0,0.0,,,0.0,0.6438468756903795,2.0858962887955266,0.0,0.0,
ENSMUSG00000031138-C,0.0,0.0,0.9688103744562226,2.138137563504853,0.0,1.702496038550303,0.0,0.0,0.0,,0.0,0.8722754939741469,,0.0,0.0,1.2215959129652292,0.8935808599904828,,,0.0,0.0,0.7711227158729893,0.0,0.8686232207515774,0.0,0.0,,,1.541336626495835,0.0,0.0,0.0,0.0,
ENSMUSG00000031145-C,1.0612255463732776,0.9236912118413654,2.532598773826906,3.4861740589936105,1.201086816065423,2.2502722058212323,2.1427948453617223,2.067488679955821,1.8073849903108583,,1.7394224912174236,1.4120204056836572,,2.2350113770874733,3.1170698124358824,2.66179105737093,2.9749426595913873,,,2.112583478009447,1.5517650907126677,1.270944323129923,1.9468263315634875,1.7981578459377747,2.212784030876461,2.4720055205074685,,,2.5302208690762416,1.930718251259833,2.0858962887955266,2.6213546220940547,0.0,
ENSMUSG00000031174-C,4.815963959173766,4.604132233530103,4.463293696425591,5.058246109287047,4.886589993490156,4.250740687367286,4.881080243170423,4.33266385642655,4.39235751364384,,4.356974111377557,4.6957954184464645,,5.039397732361058,4.031437387137405,4.788733167722002,3.8801471897401703,,,4.870834569271519,5.3773624979544845,4.56139428626074,4.236136261201466,4.592501772320342,5.2233027581692975,5.037251114700205,,,3.3996089179664075,3.9128651813226702,4.013028251677092,3.2613491874603957,4.794338780282,
ENSMUSG00000031209-C,0.0,1.883967845402639,2.753466800942782,1.4334760532826032,1.84729786765765,2.002227548217203,1.712571527584626,2.884232195671641,2.584997580289027,,0.8316110494662632,2.7684670172004537,,1.987732424191134,2.696667789000302,3.168685798330999,2.6198095436164515,,,2.58182735415899,0.0,2.180461949771616,1.2795471030274967,2.1055702394493165,2.547841273150182,1.3311596570548716,,,1.541336626495835,1.426248509167121,1.6615634406534388,0.8944330770159921,0.0,
ENSMUSG00000031327-C,6.887086134022968,6.775214809628071,6.981813958254896,6.427075686063372,6.7659010453574595,6.613963752388341,6.560336518721409,6.677115789456508,6.383745883724132,,6.793553838261642,7.0738010164197025,,6.49159559653505,7.261419642771534,6.868982462979488,7.20633692730679,,,6.822818690049529,7.079559977565349,6.652919910092186,6.784157246689743,6.413522943941852,6.295748411196128,6.986775142647654,,,6.292430924220512,6.619277345980025,6.301757790935005,6.337635682737065,6.0011283885167845,
ENSMUSG00000031328-C,4.870576207817469,4.65638134902881,5.108646182582491,4.902866615433742,5.497304300041388,4.68935462916142,4.638836785283059,4.772434856206455,4.7004801944898515,,5.7760339726711765,5.465598686244413,,5.384889227875278,5.831038251407883,5.3561918466345055,5.398265322356934,,,5.782030210611711,6.059175873852941,4.971942910247874,4.617995133648742,5.254230483171927,5.556186313570255,6.015114639287953,,,3.3996089179664075,4.997154418440803,4.916882105380915,5.370419795672076,5.66322556211814,
ENSMUSG00000031337-C,2.418679371923628,1.883967845402639,3.265291998573044,3.2486616392715377,3.136645565127414,2.4618615007939817,1.712571527584626,2.884232195671641,3.08749998429564,,3.3724032164142397,2.3653396025461224,,3.307194436369124,3.5808757985520483,2.320812859996769,2.402969793843818,,,3.456011120625007,4.040370727438164,4.048335749184918,3.0246987074308613,2.358845731896266,3.418887887081104,3.101018312374517,,,0.0,2.727898487286808,3.562908967782425,0.8944330770159921,0.0,
ENSMUSG00000031393-C,7.819844433913192,7.638281881683118,7.776416810075118,8.010366013077228,7.818576756749345,7.514705700905979,8.087547403315785,7.582676068439651,7.651093577131312,,7.766520331726416,7.918021695103995,,7.82761269224452,7.887343710788691,8.077206584867598,8.017878729864252,,,7.848002358335808,7.731504320577346,7.599177010270772,7.8192296656721405,7.58336429430353,7.570279771356597,7.527022251911408,,,7.4813115386323314,7.24016935250572,7.652000525718613,7.814854738011936,7.011347602184868,
ENSMUSG00000031429-C,5.070436631402004,5.370279929231096,5.82066683497439,5.7012444133081654,5.36712533199982,5.182796560827378,5.352450839332474,5.610979367318627,5.718859543567126,,5.505931610930392,5.780982226958523,,5.4352075388743915,5.745158475495504,5.44709826527495,5.7367313286375365,,,5.097884772855301,4.6523116022232385,5.657120185391213,4.813777272288485,5.510951067686481,4.261414146434217,4.262476788602882,,,5.768129583832366,5.469616528506611,5.239591269248,5.953740823634375,5.3618657504251575,
ENSMUSG00000031490-C,3.2770365883185586,3.8534406654036033,3.642321771994718,3.868660751385197,4.2621168478008205,3.428958098989189,4.34754389195081,3.5074880852801837,4.209493185613544,,3.9101655294280664,3.836809399741955,,3.307194436369124,4.2958915964377065,3.9683212029619424,4.43207460917602,,,4.069709806402361,4.4116593853048665,2.5719634942468153,3.999106096059519,3.651094645758103,3.048127979598824,2.01153025227296,,,3.3996089179664075,3.475709884007802,2.9051150409108515,1.838604035947166,0.0,
ENSMUSG00000031563-C,7.308994161402987,7.428945094987501,7.076940027756377,7.116638532701875,7.462561869238439,7.050070783489031,7.186042425908716,7.246041305390321,7.214360932713396,,7.329416757448938,7.547224010408994,,7.501379222426027,7.5331719310157,7.751271690518379,7.728017479673277,,,7.509327215045187,7.629641654948936,7.041336197054885,7.223743664727867,7.280278596220901,6.733828890391983,7.07052088688009,,,6.888796653358917,6.956350492981551,7.078339655860167,6.524207936453877,6.9003562750067235,
ENSMUSG00000031574-C,1.0612255463732776,1.883967845402639,0.9688103744562226,2.138137563504853,2.292011360782609,1.702496038550303,2.742784982129466,0.0,2.115509598589792,,2.042184285849804,2.7684670172004537,,1.3121223935613218,2.1009160241147065,1.8734553036471215,0.8935808599904828,,,2.58182735415899,0.9751738319309616,1.641449874184738,1.6514266395573065,0.8686232207515774,1.7755955644782335,1.3311596570548716,,,1.541336626495835,1.7004218063870564,1.0578286184819063,0.0,0.0,
ENSMUSG00000031604-C,7.586913302886409,7.792157725171883,7.537176642453995,7.619201797042693,7.613746794263103,7.92479800571473,7.84475730673832,8.063371347444887,7.749352684327164,,7.91837743910529,7.913058927678139,,7.949470118080116,8.10982022109675,7.996731544148219,8.154441889541708,,,8.01027205201053,7.983530476686855,7.86709664157073,7.715258052645833,7.8799578672621635,7.55176267293398,7.07052088688009,,,7.627869182349187,7.552643362714,7.71277875086541,7.366723852106645,8.068698607955408,
ENSMUSG00000031618-C,3.811516312554619,3.662264003960899,1.5432246700768597,3.868660751385197,3.33541126722878,4.557431923514309,3.9821623310526646,4.274372999508628,4.14299766649662,,4.462780896440436,3.6585165642870514,,4.443800156595397,3.82367468051064,3.168685798330999,3.7935549888483817,,,2.9353278433826433,4.4116593853048665,4.048335749184918,3.2578804018563177,3.910793357631654,4.511856290237969,1.3311596570548716,,,3.5246307075254704,3.8008758836611687,3.805452458367365,4.695297843271375,3.111437600054451,
ENSMUSG00000031644-C,6.403883958341853,5.4902866300912345,6.025342111458101,5.836224944522409,6.39479183808532,6.250857783987588,6.207077531738572,6.510355683157012,6.183263340148987,,6.104995565350818,6.211172106349162,,6.2876091984777,6.281000674971384,5.762397147039877,6.495203945985211,,,6.179510680772605,6.409923627911552,5.863799367156085,5.730868320163798,6.266497988402164,6.559431213382492,6.39887466624681,,,5.579261339751742,5.689972599983124,5.396030787432728,4.596323382227103,4.185507841054571,
ENSMUSG00000031665-C,2.418679371923628,4.604132233530103,4.262079398014771,3.4861740589936105,3.136645565127414,3.933512117083069,4.0825420244949235,4.33266385642655,4.209493185613544,,3.83333715411923,3.6585165642870514,,5.530866730368256,3.288778564963921,3.9683212029619424,4.312606643409669,,,4.269450378667082,4.995850696105276,3.7780773780277177,3.634711799651865,3.74295406855436,3.8410535456100336,4.742697324315992,,,3.845438166100454,3.9128651813226702,3.2711816746923503,4.7423500356631125,4.329560199344903,
ENSMUSG00000031706-C,4.815963959173766,5.01764090788891,5.296055054779287,5.13008005046512,5.925047354476028,5.351624661694044,4.881080243170423,4.729689393978666,5.202981011204615,,5.076653463283625,5.230514528136643,,5.983877315232928,5.035692612574602,5.259169758845276,5.564384357205224,,,6.111768566925712,6.29039204262436,5.657120185391213,5.331266589603605,4.90242022349317,5.628652996397655,6.346080434980437,,,4.259354157918123,4.94541880345907,4.500541884028289,4.596323382227103,5.221164030902649,
ENSMUSG00000031872-C,5.790124804048733,5.169185037760423,5.638610474659262,5.65329065696997,5.065150104868289,5.549800309995732,5.226474560140212,5.266819432164264,5.297721573813489,,5.669564912724861,6.378931854140022,,5.222460996108933,5.487493535305077,5.831520306680389,5.210498922820964,,,5.737774418563194,6.179411044839651,5.439484885172935,5.110582387912509,5.659786858203108,4.725186468458616,5.441262833161149,,,5.22118758575261,5.16488177526458,5.537153993323651,4.957021903635929,4.185507841054571,
ENSMUSG00000031913-C,7.367128253708349,7.598774243328693,7.303644405137228,7.542299930297031,7.074785725837599,7.358302282463915,7.490084108803503,7.016367653577487,7.033464775582421,,7.636889841913491,7.669974059094652,,7.614880088706504,7.724843095384779,7.769000805957081,7.618930102263755,,,7.509327215045187,7.55750461656952,6.920311763712249,7.310638637759849,7.287923620425517,7.55176267293398,7.403279389168395,,,7.2653922107751505,7.063369402125279,6.826634555589711,7.608119629569525,7.053458694417244,
ENSMUSG00000031954-C,7.395339810178156,7.7264648017511535,8.045689547878945,7.529074768455506,7.65152331738264,7.311289616164217,7.974523228602895,7.5024210668294256,7.323471952613148,,7.308281354759592,7.898067366423442,,7.559245546777717,7.575257611970175,7.760163481952022,7.692563677604419,,,7.579966264568384,8.258412758325715,7.079522087165028,7.392595838485521,6.925812637260005,7.475221942346513,7.403279389168395,,,7.627869182349187,7.001382523722142,7.416518484928695,7.688405213776379,7.599700484524412,
ENSMUSG00000031995-C,0.0,0.9236912118413654,0.0,0.0,1.84729786765765,0.0,0.0,0.0,0.0,,0.8316110494662632,0.0,,0.0,0.0,1.2215959129652292,1.4412513726916425,,,0.8727598826207578,0.0,0.7711227158729893,0.0,0.0,0.0,0.0,,,0.0,0.0,0.0,0.0,0.0,
ENSMUSG00000032062-C,1.0612255463732776,2.673957838819107,1.5432246700768597,2.138137563504853,2.6314563966651643,1.3237104085262597,1.712571527584626,2.067488679955821,1.4150638090347123,,2.042184285849804,1.4120204056836572,,1.987732424191134,1.0680554872113692,2.320812859996769,1.4412513726916425,,,0.8727598826207578,2.9562697642966596,2.180461949771616,2.1919001964604257,1.7981578459377747,3.418887887081104,3.537586637374066,,,0.0,1.426248509167121,2.6800946312329175,0.0,0.0,
ENSMUSG00000032078-C,5.925256202634646,6.220154457779168,6.476783374366273,5.326330345683369,5.654403050858129,5.9687061245669355,5.642847838439732,5.907946627080504,5.695849552670656,,6.46472085565937,6.711749318226602,,6.3675215065322135,7.074525576063826,6.338473044811172,6.240829365391799,,,6.40849822682691,6.5354062646890725,5.8103041123713055,5.979609225963587,5.794693770246104,5.269362152802617,5.715499280408787,,,5.607804056031114,5.921815491237882,6.635804080439103,5.993180406336221,6.309884544032575,
ENSMUSG00000032089-C,2.090890740391519,2.673957838819107,0.9688103744562226,2.138137563504853,0.0,1.702496038550303,2.969442418789574,2.7192353881313043,2.115509598589792,,1.3557736240157023,2.1117629745024855,,3.4114162920058955,1.675007964280378,0.0,1.4412513726916425,,,2.7693778051683604,3.6542678709495786,2.5719634942468153,2.401325369831886,2.5742268621828144,3.048127979598824,1.3311596570548716,,,2.7510183104581927,1.930718251259833,3.4244065628585965,2.404466208288875,1.54132073842726,
ENSMUSG00000032097-C,8.545888322417255,8.465592073965766,8.268048606053766,8.819400829807126,8.794424520311642,8.69732002731847,8.85231911454172,8.657979215637884,8.49922348893563,,8.82898969978521,8.71285753282284,,8.76665554680822,8.860665401063606,8.738952037536913,8.842524275559981,,,8.56356928025006,8.71158162141653,8.317271544188104,8.52596743192582,8.570224149263096,8.557226057761582,7.854490379223653,,,8.256195235999066,8.256772598060705,8.292961196009294,8.351006542721528,7.951100975925022,
ENSMUSG00000032193-C,5.364853430573178,5.5467429621816,5.108646182582491,5.603688000358608,5.497304300041388,5.377937254381803,4.881080243170423,5.829148615385201,5.549505016057975,,5.7760339726711765,5.544736745488463,,5.896782669068075,5.8585651808694195,6.338473044811172,5.210498922820964,,,6.111768566925712,5.950709093189475,5.552402525156279,5.750129984284146,6.186956140580157,5.440167569237691,5.67326231975404,,,5.361889365568656,5.187326910656038,5.0166781822465,5.993180406336221,5.9123830407876135,
ENSMUSG00000032198-C,3.811516312554619,4.310064786369203,4.028181593966573,4.5306059070680975,4.356631248498362,4.8483561740822365,4.34754389195081,4.33266385642655,3.6630037848267736,,4.608226611648546,4.268438355811233,,4.972823382048754,4.883217335620884,4.296357293218538,4.644887811187262,,,4.829259221068079,4.4116593853048665,4.048335749184918,3.999106096059519,4.260795788795305,3.418887887081104,4.742697324315992,,,3.2627160682075655,4.06606486249894,2.6800946312329175,2.404466208288875,4.46052582652635,
ENSMUSG00000032202-C,2.6856076178598616,0.9236912118413654,1.5432246700768597,1.4334760532826032,1.84729786765765,2.6463508127993287,1.712571527584626,2.3188822613527895,1.8073849903108583,,2.042184285849804,0.8722754939741469,,1.3121223935613218,2.696667789000302,2.66179105737093,1.4412513726916425,,,2.366199903278748,1.5517650907126677,1.641449874184738,1.9468263315634875,1.7981578459377747,1.145283945259697,0.0,,,2.2694164769105942,2.1292630581191667,2.0858962887955266,1.838604035947166,0.0,
ENSMUSG00000032253-C,7.635028922474178,7.244979427741152,7.551970254283784,7.715748916772802,7.281663363059282,7.61766401076097,7.376036419005907,7.119305808290389,7.308380859936359,,7.68687607930351,7.755634677077693,,7.32579613671904,7.6321882658120765,7.751271690518379,7.574175091748665,,,7.528937954982347,7.972476784353613,7.490001495430576,7.086516337472622,7.446612811037217,7.095211535822469,6.951866547324523,,,6.865346597560178,7.292871047796358,7.123809702316193,6.701348231959112,6.377751238525248,
ENSMUSG00000032336-C,9.891315981013804,9.893124574919009,10.17419490373201,9.852724750207354,9.72797401925,10.08810703161572,9.88417191190626,10.062553583687396,10.15928270897855,,10.28685139405893,10.416186001914165,,10.265852865926544,10.059210096249505,10.202770549747155,10.15932266405231,,,10.187710759718856,10.014703310956255,9.81004465211876,9.73448274122136,10.00044281756844,9.692639005290827,9.497131354322462,,,9.97166745255335,10.107845065120785,9.979044655158717,9.902273553198206,9.443899689548168,
ENSMUSG00000032342-C,5.364853430573178,5.431530724349425,4.694204739759362,4.728709970956263,5.120075235611372,5.025245841639177,5.226474560140212,4.931776063274248,5.066130029276167,,5.836337107162516,5.165229014342366,,5.878714541926954,5.415184431128024,5.689794723071857,5.275840962070013,,,5.353880907569391,5.343443363322432,4.685430427923396,4.236136261201466,4.777652546707246,5.075584322680654,5.336899529548905,,,4.936163324154059,4.971518505977801,5.358482331281152,4.787916007570551,5.66322556211814,
ENSMUSG00000032384-C,6.048807329973111,5.974768302759348,5.7194629034599025,6.338878127640356,6.928594269004085,5.803815993352294,6.293391208889089,5.9826627834069726,5.648698432319087,,6.104995565350818,6.127952494614931,,6.049954982467728,5.938128321175317,6.240210242253849,5.951925516547592,,,5.782030210611711,6.5354062646890725,5.863799367156085,6.376578375781896,5.683165703961839,6.130891882919677,6.263079835797097,,,5.663249288214105,5.8672533103223685,5.892803311823157,6.105415398291974,6.238667014056643,
ENSMUSG00000032413-C,6.458386453717703,6.148996731088236,5.796023605435988,6.8871197989307715,6.58250101700178,7.000125562234353,6.724683904313121,6.535391516328781,6.546936105055266,,6.477400337740242,6.075614536279836,,6.751955390291634,6.061697045822214,6.452578220976766,6.381058843074383,,,6.490801076468076,6.376770227494831,5.898391709724044,6.495482873446011,6.468379260772149,7.157770355655065,6.263079835797097,,,5.716642292891877,5.999974531658031,6.281837457663074,5.953740823634375,6.201694986055745,
ENSMUSG00000032418-C,5.543543592620155,5.911680307931717,5.82066683497439,5.836224944522409,6.126266413056869,6.177853927232388,5.939045287355924,5.926991552061997,5.930778742863697,,6.359061586977993,5.465598686244413,,5.966873941516326,6.175511889235857,5.864878344296958,5.869658315738709,,,6.05878930800938,5.99507909372592,6.80652751175697,6.615867568309883,6.781640143574188,6.577850770637291,6.234316796359161,,,7.043069616353553,6.782972571256035,6.74168264796684,6.6773356383548546,6.124781007977959,
ENSMUSG00000032436-C,1.0612255463732776,1.883967845402639,2.27169581750873,1.4334760532826032,1.84729786765765,0.8086282278702569,0.0,3.032280577134576,0.8744882523316289,,2.042184285849804,2.3653396025461224,,1.6891195143635438,2.9221280948258475,2.320812859996769,1.8372750529254864,,,0.0,0.0,1.935983705110964,0.0,2.1055702394493165,1.7755955644782335,2.8205248563310685,,,0.0,2.1292630581191667,1.0578286184819063,3.3851096075210654,4.46052582652635,
ENSMUSG00000032443-C,2.418679371923628,2.673957838819107,2.753466800942782,2.138137563504853,3.136645565127414,2.002227548217203,1.0967492717572764,2.884232195671641,2.115509598589792,,2.505390373648638,2.580938305492785,,2.446043618687812,2.429327355217106,1.8734553036471215,3.497405231262442,,,1.8046680709167229,1.962598682968702,2.180461949771616,2.892259673652012,3.3341556752144523,2.212784030876461,3.101018312374517,,,2.2694164769105942,1.0874491440466718,1.6615634406534388,0.0,0.0,
ENSMUSG00000032489-C,2.090890740391519,2.673957838819107,3.1140018458952654,3.690056043985187,3.136645565127414,3.2121019552631123,1.0967492717572764,2.7192353881313043,2.36926775764794,,2.505390373648638,3.083201578726807,,3.508613656214325,2.429327355217106,3.168685798330999,2.9749426595913873,,,3.5613400039776715,1.5517650907126677,3.244760474119069,1.6514266395573065,3.0760931997901184,3.418887887081104,3.71461776200454,,,2.2694164769105942,2.4594104501768173,2.413372980792649,4.5441676527518,0.0,
ENSMUSG00000032501-C,7.013808376196762,6.798651892829131,6.5957811646443405,6.510190614218889,6.562810524077593,6.983085383060271,6.09137454885524,6.277938966042666,6.693528646165653,,6.345293021289632,6.9338085158941345,,7.039026231655944,7.4176320097382815,7.204815655386241,6.711378797383131,,,7.34940687634135,6.9389989022108205,6.969946327661953,7.34271397190757,7.13525173737794,6.829169443432878,7.309876754600312,,,7.043069616353553,6.2227693766776335,7.667436807881752,6.382881814369319,6.442568297297509,
ENSMUSG00000032530-C,1.0612255463732776,1.4822933651173062,1.5432246700768597,0.0,1.84729786765765,0.8086282278702569,1.0967492717572764,1.3761692453425427,2.115509598589792,,0.8316110494662632,2.1117629745024855,,2.6301094702480934,2.1009160241147065,1.8734553036471215,2.402969793843818,,,0.8727598826207578,0.0,0.7711227158729893,0.7772103564006736,1.4069932691538003,0.0,0.0,,,1.9508269527020643,1.7004218063870564,1.0578286184819063,0.0,0.0,
ENSMUSG00000032553-C,5.023006821554862,4.24330740113295,4.845969440172946,4.982647165246312,4.886589993490156,4.921734476826054,4.703316352969184,4.442622844884783,4.832930632533778,,5.042930383709155,4.987787930377201,,5.598665938100884,5.216764648837222,5.44709826527495,5.455790019817374,,,5.439267117509091,4.759086971101785,4.799641654254227,4.776688836150023,4.490179171972527,4.167241691823022,5.1646701437537805,,,5.427408040689324,5.142081917379484,5.570378612998358,5.277638461834684,5.66322556211814,
ENSMUSG00000032558-C,1.6660324636864343,1.4822933651173062,0.9688103744562226,2.138137563504853,2.6314563966651643,2.2502722058212323,2.742784982129466,2.3188822613527895,3.345812791746194,,2.042184285849804,2.580938305492785,,1.987732424191134,2.429327355217106,1.2215959129652292,1.4412513726916425,,,1.8046680709167229,2.764530519215672,1.270944323129923,2.584167946796685,2.761591019909415,2.547841273150182,1.3311596570548716,,,1.9508269527020643,0.0,1.0578286184819063,0.8944330770159921,0.0,
ENSMUSG00000032563-C,5.9508274066533255,6.444740051838131,6.397095548634757,6.588776931516148,6.562810524077593,6.37362086111452,6.740134075581206,6.497672936534645,6.412258581332085,,6.477400337740242,6.305085867501816,,6.605838993722637,6.435215789487232,6.694427546144321,6.4534506647762635,,,6.5812387549390765,6.550351134935975,6.205148642863037,6.177546666935104,6.235205514070991,5.9160689396445045,6.474611346238458,,,5.979472391231978,6.357526447535462,5.602855277348281,6.192704287541137,6.344216924292553,
ENSMUSG00000032599-C,6.5615780446029985,6.639027824125056,6.522565411814943,6.510190614218889,6.460113114854808,6.222098005154485,6.542823230519392,6.154097278386735,6.507836272997877,,7.027081999032497,6.821760733406905,,7.102679522846187,6.926315145912565,6.73106905234806,6.699520878505666,,,6.365516394184873,6.705272297454772,6.337095584792328,6.615867568309883,6.495044556470777,6.054032637704761,6.449804945438446,,,6.256827573966689,6.25500303597425,6.301757790935005,5.592108957361328,7.09437537956822,
ENSMUSG00000032606-C,7.562240031158445,7.8210571104651185,7.992456306253109,7.447071995713113,7.363610317755446,7.226951133582886,7.662161867158193,7.463818796421828,7.403764032838947,,7.832158586805016,8.279816475647879,,7.603923491973291,8.02732838300386,7.989188052081257,7.882839518074591,,,7.873792799796941,8.325105896255575,7.094517864852936,7.188877574729653,7.020629468162281,7.182053583009366,7.054156130762555,,,7.675838551328577,7.303184240156709,7.522177429826876,7.43991176548827,7.35227929048572,
ENSMUSG00000032727-C,6.072296777669593,5.911680307931717,5.523236477853387,5.878550769311726,6.014740783030384,5.703351974439036,6.09137454885524,5.563087304008008,5.718859543567126,,5.734384397727235,6.378931854140022,,5.384889227875278,6.037815527987776,5.960560157932868,5.759753865698492,,,5.782030210611711,6.0167626452455805,5.552402525156279,5.824703575956722,5.794693770246104,4.910997310921447,5.67326231975404,,,5.490080055647806,5.07143725940383,5.154513060432989,5.617570002191247,4.580585737446978,
ENSMUSG00000032834-C,4.019154570446448,4.549919509612398,5.108646182582491,4.728709970956263,4.886589993490156,4.602759818172883,4.765036951130696,5.109002042618445,5.066130029276167,,5.2639447039700595,5.06140323240216,,5.1935184652807305,5.216764648837222,5.61334413183785,5.307434687785999,,,4.988821691730987,5.308707517338584,4.275866088799327,4.617995133648742,4.862018147026571,3.958170733316668,5.102366880580535,,,5.145332136575571,4.891758702119145,5.197679225030279,4.695297843271375,4.794338780282,
ENSMUSG00000033111-C,5.509532405237217,5.057045242264115,5.296055054779287,5.499053189622769,5.761930135269792,5.7240122560779145,5.798534728731463,5.435902701865466,5.327967882885067,,6.020881546765657,5.802610937851684,,5.745474798950419,5.912091782626747,5.726552593921191,5.78241477230732,,,5.737774418563194,5.928001650197143,5.485717781587256,5.140085823727222,5.157392297166053,5.556186313570255,4.897478547837925,,,5.105854363727924,5.592431700887592,4.967642875688821,5.178477634731233,5.3618657504251575,
ENSMUSG00000033453-C,2.418679371923628,3.181526091046473,3.1140018458952654,3.4861740589936105,3.33541126722878,2.2502722058212323,1.712571527584626,1.7628475801227037,2.9386360600829815,,3.83333715411923,3.6585165642870514,,3.9154370975961177,3.288778564963921,1.8734553036471215,3.497405231262442,,,3.3423824086880285,2.9562697642966596,2.5719634942468153,3.8641823602813914,2.9273952328051136,1.7755955644782335,2.8205248563310685,,,2.7510183104581927,3.1497241621459846,1.0578286184819063,4.6466592002228815,2.2693972934160422,
ENSMUSG00000033544-C,0.0,1.4822933651173062,0.0,0.0,0.0,1.702496038550303,0.0,0.0,0.0,,0.0,0.8722754939741469,,0.0,1.675007964280378,0.0,0.0,,,1.8046680709167229,0.0,1.270944323129923,1.2795471030274967,1.4069932691538003,1.7755955644782335,2.8205248563310685,,,0.0,1.930718251259833,2.0858962887955266,0.0,0.0,
ENSMUSG00000033585-C,7.174374932151963,7.311661248366002,7.908731905763533,6.734167100628439,7.386193511863592,7.58415439293973,6.785515966224602,7.540017313934573,7.27771668092928,,8.043023618817433,7.957120981677609,,8.081712144928607,8.051382686823013,7.803818513396041,7.919081484043218,,,7.688580122136799,7.120191852149045,7.202277169253185,7.543740095007808,7.002158081923178,7.029816564009648,6.522980089708947,,,7.5710199463532515,7.323592052202533,7.874476760486345,7.313189486412796,7.300763339779545,
ENSMUSG00000033618-C,6.347241339383203,6.320714026850967,6.363945712770218,5.198506277052428,5.616702850349952,6.320344719603447,5.642847838439732,6.307306830534798,5.969667774610442,,6.813691922769409,7.433989356772115,,6.963889995435879,6.775629414411467,6.835720286905216,6.711378797383131,,,6.179510680772605,5.410502445779341,6.090149449220046,6.027756525816631,6.102771600335479,5.518540621611381,6.11316240072379,,,5.817842524086916,6.62750827353996,6.281837457663074,4.832086780670741,5.3618657504251575,
ENSMUSG00000033671-C,6.422281186707099,5.911680307931717,5.82066683497439,6.368880415300812,6.326372151070864,5.879435757008285,6.138774943774454,5.907946627080504,5.648698432319087,,6.038101259672067,6.407443407957857,,6.066012111998842,6.398179748007456,6.240210242253849,6.395830725090689,,,6.040688213445052,6.650842657897303,5.846187100148902,6.148807036467134,5.898215362087249,6.402941534947538,5.715499280408787,,,5.490080055647806,5.674166902230191,5.110015400988178,5.370419795672076,3.639654752205806,
ENSMUSG00000033706-C,4.436119481053153,4.7555239914050125,5.364694748977092,4.982647165246312,4.052201677285168,4.602759818172883,5.181913381409071,4.6856386586682275,4.653482661342376,,5.173336229638752,5.3528396284419735,,5.278660333624193,4.828587901398478,5.04304220862013,5.275840962070013,,,5.668736226321217,5.038874041043755,5.066238975806739,4.659334832483568,4.90242022349317,4.511856290237969,5.1646701437537805,,,4.794362111747247,4.918838219969747,5.0166781822465,5.2122942173271465,6.163750497874961,
ENSMUSG00000033773-C,4.815963959173766,4.935448658080091,5.49289137788868,5.058246109287047,4.682766141216052,5.025245841639177,4.765036951130696,5.040701372412272,4.874509778245711,,4.973023080363142,4.6957954184464645,,5.006494539162363,5.173582353370481,5.259169758845276,4.99458584814839,,,5.439267117509091,4.858501443322066,4.2222584895398185,4.180428819962158,4.979980695187754,3.8410535456100336,4.742697324315992,,,3.845438166100454,4.519611508208877,4.967642875688821,2.8098578703146537,0.0,
ENSMUSG00000033917-C,8.635343523798014,8.732212530149532,9.161041007816682,8.278802573803143,8.252646334440112,8.501810307431748,8.486066115724364,8.722078167807064,8.57368917238746,,9.036006846125185,9.2303941070997,,9.084969087970714,9.23610143775034,9.127032328136176,9.10997042089484,,,8.925996285523512,8.961238983695928,8.631884650355552,8.205017464331647,8.489643662060718,8.41079496259763,8.197695063527618,,,8.950994840730237,8.559590281779109,8.799664042551598,8.273038671220661,8.850051218775189,
ENSMUSG00000033991-C,4.759202787955333,3.8534406654036033,3.1140018458952654,4.420321031248732,4.528894874093235,4.360376603020698,4.17638954145701,4.388690700696569,5.136177586357087,,5.2639447039700595,4.204884498283597,,4.752408667901649,4.58668773266516,4.563449376629351,4.039144331588991,,,4.330324568503661,5.410502445779341,4.42568240917794,4.439662999975433,4.1972608184946045,5.126522967954791,5.336899529548905,,,4.6370888418991045,4.113717787903322,4.693838470048764,4.375333037779137,0.0,
ENSMUSG00000034042-C,4.92319632807409,4.65638134902881,4.746587023807134,4.8184146398616825,5.008050864583004,4.991560559280916,5.856391229150536,5.005298906990166,5.169965927521901,,5.204175692290074,4.8282293923316475,,4.9030276510342405,4.986636488921788,5.402360956571477,5.07020461665122,,,5.231553496860846,5.038874041043755,5.004064632401693,4.776688836150023,5.254230483171927,5.126522967954791,4.262476788602882,,,4.6370888418991045,4.330892291115861,4.752914528653213,4.114259253231501,5.14530861675487,
ENSMUSG00000034055-C,4.200634153951173,4.848289405663465,4.110433613667125,4.982647165246312,5.065150104868289,5.025245841639177,5.0884363782893285,4.729689393978666,4.91492408633389,,5.141823107239897,4.949521998875903,,5.33275229413072,4.125079381585428,4.788733167722002,5.275840962070013,,,5.545781276497139,4.536997508552419,4.51756029553663,4.617995133648742,4.542247431043634,3.958170733316668,3.101018312374517,,,4.396551664627574,4.864161160386767,4.500541884028289,5.108369377774447,4.185507841054571,
ENSMUSG00000034324-C,3.568887481409009,4.022222530925879,2.532598773826906,3.2486616392715377,2.9060517082773543,3.428958098989189,3.6307810679510832,3.1665403446796927,3.922871459374952,,4.052540407166058,3.083201578726807,,3.508613656214325,3.707376963716697,3.3679746106824373,3.497405231262442,,,3.3423824086880285,3.1254898356485032,1.935983705110964,3.4585648108342464,2.761591019909415,3.245385555138888,2.4720055205074685,,,2.2694164769105942,2.303760115630847,2.9051150409108515,2.404466208288875,4.185507841054571,
ENSMUSG00000034432-C,7.258692981909271,7.253485163047066,7.776416810075118,7.2024487579229985,7.074785725837599,7.008570766013145,7.284164793811941,7.390248268854717,7.156546286002286,,7.602576819173642,7.687517909326081,,7.501379222426027,7.724843095384779,7.820917247964626,7.813017842737903,,,7.226682892098809,7.497079942132128,7.302543997282529,7.237457538847907,7.225598113249969,7.016374184107763,7.164992849157152,,,7.385652926373246,7.223975974655559,7.425625036274403,7.454114129143765,6.829416969842723,
ENSMUSG00000034462-C,5.4390057785363,4.24330740113295,5.026289226720062,4.728709970956263,4.886589993490156,5.297514474376917,4.881080243170423,5.205748127152371,5.266827542703058,,5.734384397727235,5.06140323240216,,5.278660333624193,4.828587901398478,4.983542976533997,5.142056456221215,,,4.988821691730987,5.038874041043755,5.004064632401693,4.39140932542033,5.2851173663231155,4.7898192319927615,5.909914352375509,,,3.845438166100454,4.918838219969747,5.0166781822465,3.2613491874603957,4.890404164193962,
ENSMUSG00000034467-C,3.2770365883185586,3.181526091046473,1.5432246700768597,1.4334760532826032,3.136645565127414,2.002227548217203,3.1652780041662503,3.1665403446796927,3.2224300065550993,,1.7394224912174236,2.934400040210273,,2.2350113770874733,3.707376963716697,3.168685798330999,1.4412513726916425,,,2.7693778051683604,2.281998541109351,1.641449874184738,1.6514266395573065,2.761591019909415,1.145283945259697,1.3311596570548716,,,2.5302208690762416,1.7004218063870564,1.6615634406534388,0.0,0.0,
ENSMUSG00000034601-C,3.1054976846716587,3.556251698652685,3.1140018458952654,3.4861740589936105,4.2621168478008205,3.0900831294315263,4.264503345046947,2.7192353881313043,3.345812791746194,,3.259481549907627,3.4550410302589003,,3.4114162920058955,3.82367468051064,4.642517804416558,3.3834412183032643,,,4.330324568503661,3.760903770260848,3.4452450558239938,3.3617092928764207,3.0760931997901184,3.048127979598824,3.872280659764173,,,1.9508269527020643,3.475709884007802,3.562908967782425,5.178477634731233,3.111437600054451,
ENSMUSG00000034731-C,8.490297829563541,8.307113467618587,8.272521462876641,8.43586323035542,8.409698196323035,8.528482060194255,8.425238809588834,8.453172935167936,8.431191310923545,,9.001308458315176,8.867085182196915,,8.49145983740572,8.94333327452889,8.830443909637186,8.890250316112663,,,8.634682374912027,8.977916589602989,8.667419855140503,8.553637871229474,8.769043119993439,8.224612222990318,8.073287698352956,,,8.205737674112223,8.618589113469534,8.129815359258572,8.331906033569776,7.786073313336848,
ENSMUSG00000034789-C,7.945999539608339,7.644762569351144,7.891387768601818,7.594020575349624,7.473148969796964,7.129652547944249,7.499193317282364,7.6357324256694685,7.330958712035516,,7.792120438701112,8.063965915256167,,7.730210970084021,8.235870301536899,8.098397025838935,8.123713876091333,,,8.209758999730594,8.12001491719087,7.353300275125543,7.392595838485521,7.453427285860586,7.145473727530398,7.550546328182492,,,7.76724222271587,7.543972716164974,7.513662131413121,7.4470304238368,7.695894352362384,
ENSMUSG00000034880-C,7.395339810178156,7.3034926334315635,7.4841706964896435,7.345111329320223,7.129352066899541,7.050070783489031,7.219496901464649,7.15204861501373,7.156546286002286,,7.32240597062299,7.433989356772115,,7.236393392022902,7.6792593792144,7.724262692407779,7.716296087110869,,,7.152767901725075,7.198175740439712,6.937047074067236,7.361622357995455,7.002158081923178,6.402941534947538,6.897866902962739,,,7.792328102324463,7.196576430298822,7.564015946990543,7.729853877332033,7.300763339779545,
ENSMUSG00000034906-C,1.6660324636864343,0.0,0.0,0.0,1.84729786765765,0.8086282278702569,2.4737582927568313,0.0,0.0,,0.0,0.0,,1.3121223935613218,2.429327355217106,0.0,2.402969793843818,,,2.112583478009447,0.0,1.641449874184738,1.2795471030274967,1.7981578459377747,0.0,0.0,,,0.0,0.6438468756903795,1.0578286184819063,0.0,0.0,
ENSMUSG00000035133-C,8.304437952168744,7.952244481727612,7.644599087946724,8.51178013984025,8.283049461069082,8.24732335420241,8.694727872872216,8.286222732310062,8.257429800507143,,7.817274189859556,8.317864032218695,,7.678927716273914,8.187849286491886,8.011701220489726,8.379211363218735,,,8.225869523573957,8.546234405976033,8.07417890450576,8.169690239593388,8.228736386621081,8.102703433357597,8.056954474772109,,,7.641738238383324,8.199953222995049,7.771099668777183,7.645730415396737,6.804973618369612,
ENSMUSG00000035164-C,2.090890740391519,2.1978183102091036,1.5432246700768597,2.609495240548126,2.9060517082773543,2.2502722058212323,3.1652780041662503,2.067488679955821,2.115509598589792,,0.8316110494662632,0.8722754939741469,,2.446043618687812,2.1009160241147065,1.2215959129652292,2.6198095436164515,,,2.112583478009447,2.281998541109351,2.5719634942468153,3.0246987074308613,2.761591019909415,3.048127979598824,1.3311596570548716,,,1.541336626495835,2.5998912372602767,1.0578286184819063,1.838604035947166,1.54132073842726,
ENSMUSG00000035211-C,1.0612255463732776,0.0,0.0,2.138137563504853,0.0,1.3237104085262597,0.0,0.846305570751632,0.8744882523316289,,0.0,2.1117629745024855,,0.0,2.1009160241147065,1.8734553036471215,0.0,,,0.8727598826207578,1.962598682968702,1.270944323129923,0.7772103564006736,0.0,0.0,0.0,,,0.0,1.0874491440466718,1.6615634406534388,1.838604035947166,0.0,
ENSMUSG00000035247-C,8.180222975275049,8.303022046310755,8.231757576981872,7.981528050742001,8.234092086267392,8.425025418835043,8.247453681670073,8.21052366250428,8.288523572541859,,8.641734549860317,8.65458291788744,,8.589141752475163,8.498981756889764,8.75683225772226,8.615255833143229,,,8.395704122422792,8.405385376199456,8.070391458523266,8.118732158713964,8.309827364373529,8.089926251964153,7.786772855721182,,,7.9058686499183715,8.099979446115084,8.16286515977594,7.956272942013014,7.283174297806171,
ENSMUSG00000035284-C,6.288283632790013,5.890022650208153,5.693012380482523,6.212211037085422,6.695313431326231,5.951288495033768,6.374831120867834,6.350267257280306,6.383745883724132,,6.317355299993364,6.178458024065161,,6.217458517084787,6.281000674971384,5.960560157932868,6.304841740410789,,,6.365516394184873,6.5797843019202125,5.898391709724044,6.219610348077359,6.250936592430239,6.483307146626465,5.756534784618656,,,5.459084337743453,5.908367178933932,5.755101167010674,6.140967184128511,5.957437987682721,
ENSMUSG00000035576-C,2.090890740391519,0.9236912118413654,0.0,2.138137563504853,2.6314563966651643,0.8086282278702569,1.712571527584626,2.067488679955821,1.4150638090347123,,2.042184285849804,1.4120204056836572,,1.3121223935613218,0.0,1.2215959129652292,2.147673398643941,,,2.366199903278748,3.1254898356485032,0.7711227158729893,1.9468263315634875,0.0,2.819562531975392,3.335753380518202,,,0.0,1.0874491440466718,0.0,0.0,0.0,
ENSMUSG00000035585-C,7.279024390297952,7.58536089437365,7.75099921695104,7.185690174556008,7.386193511863592,6.921808023266443,7.043881236740521,7.470324663345768,7.18986636593877,,7.740457741057132,8.13814468797854,,7.740252439407709,7.952661216821045,8.206438332854878,8.027396296045817,,,7.2426065646640465,7.55750461656952,5.415800703609885,5.946594518406529,5.773067246956983,5.2233027581692975,5.6297514215943645,,,6.361105423335319,6.02511408695311,5.994221290455685,6.701348231959112,6.201694986055745,
ENSMUSG00000035637-C,5.975953253431694,5.868034907419249,6.025342111458101,4.982647165246312,5.691143114577372,5.090344896689942,5.430711149982712,5.7457968479116746,5.202981011204615,,6.038101259672067,6.378931854140022,,6.0006826220173455,5.938128321175317,5.864878344296958,5.991364295967395,,,5.737774418563194,5.973064661327915,5.367232980729223,5.430118408561993,5.190399217785355,5.795334401805453,5.037251114700205,,,5.716642292891877,5.187326910656038,5.994221290455685,5.850150127189161,4.580585737446978,
ENSMUSG00000035653-C,6.939118179879733,5.933017644814055,6.651790894286834,6.801713012544935,6.58250101700178,7.324878856362806,7.376036419005907,7.230794982739673,7.105077260304236,,7.5374682371681425,7.00083181921097,,7.250513448180768,7.050857216522951,6.801673097415314,6.878459151484216,,,7.0018908768523795,7.198175740439712,6.9861188273198875,6.755849870781643,7.074665673700151,7.241031475978257,7.629985206359565,,,6.238690897249208,6.903103020377231,6.587935554688557,6.971974514003777,6.238667014056643,
ENSMUSG00000035829-C,5.641015687935728,5.306312937226608,5.638610474659262,5.747655377626174,5.224024265317933,5.351624661694044,5.575542892711737,5.040701372412272,5.202981011204615,,5.578343890619702,5.714079731355354,,5.133831025639021,5.715356997036679,5.797372670392418,5.398265322356934,,,5.82496872997746,5.75817771283436,4.724514111011546,5.140085823727222,5.017251336313171,5.269362152802617,5.584887341409851,,,5.520423825414303,5.022342736510537,4.967642875688821,4.375333037779137,3.8454156461999536,
ENSMUSG00000036002-C,5.732317036902873,5.5467429621816,5.4618942720088475,5.603688000358608,5.8294057749313675,6.116668632159239,6.1846673903767755,5.9457883383136405,5.870406095393683,,5.98581298477753,5.780982226958523,,6.033717124436005,5.487493535305077,5.5735439200261006,5.243539841929736,,,6.022357120688298,5.705743979393514,5.9321739967427956,5.140085823727222,6.06767239929894,6.000419745303487,4.969056867187248,,,5.520423825414303,5.751518666722302,4.567893025958041,5.6425894856248595,2.7509977021377465,
ENSMUSG00000036097-C,5.672095915793873,5.273233436503705,4.797133827951933,5.836224944522409,6.152850945718772,5.803815993352294,6.017219475946219,5.296412208582011,5.470361080652834,,5.4809633459474245,5.667689827959133,,5.914627309344491,5.802975869139889,5.259169758845276,5.7367313286375365,,,5.571224886602449,6.29039204262436,5.696967789097287,5.588316154296536,5.562288106031938,6.382130617165798,5.945840239301513,,,4.8431942786738436,5.022342736510537,5.154513060432989,5.400066694388338,6.084729598130219,
ENSMUSG00000036120-C,4.019154570446448,3.662264003960899,3.265291998573044,4.1706999010872465,4.753955375011224,2.6463508127993287,2.4737582927568313,4.213627421589719,3.08749998429564,,4.2427889738829485,3.836809399741955,,4.288234544654291,3.707376963716697,3.3679746106824373,3.6030221383342673,,,4.870834569271519,4.040370727438164,3.4452450558239938,3.4585648108342464,3.987916772059367,3.245385555138888,4.262476788602882,,,3.639677013987396,4.370662784852416,3.2711816746923503,4.6466592002228815,3.8454156461999536,
ENSMUSG00000036186-C,8.141883246285763,7.936483761602087,8.476263632709664,7.432939992168391,7.724232403150936,7.606580394916738,7.694244791702578,8.032929329636953,7.971585481621625,,8.455625385456637,8.387501439919713,,8.54112736727531,8.476949523819775,8.665129164304622,8.592994808177515,,,7.904144813812245,8.202745485611837,7.58331813476977,7.422918296173071,7.719618619746232,7.330651175681463,7.39030071124399,,,8.335135349955541,7.900463720512519,8.107353899845814,7.910656625754886,8.18691882133824,
ENSMUSG00000036330-C,0.0,0.0,0.0,0.0,0.0,0.0,0.0,0.0,0.8744882523316289,,0.0,0.0,,0.0,0.0,0.0,0.8935808599904828,,,0.0,0.0,0.0,0.7772103564006736,0.0,0.0,2.01153025227296,,,0.0,0.0,2.413372980792649,0.0,0.0,
ENSMUSG00000036391-C,4.92319632807409,4.310064786369203,4.463293696425591,5.198506277052428,4.821796373391439,5.025245841639177,4.264503345046947,4.213627421589719,4.554629155789021,,4.822144084942375,4.138401420971068,,5.006494539162363,4.986636488921788,4.717477037187084,5.243539841929736,,,5.199279356866284,5.199181076939753,5.125844193331764,4.439662999975433,5.315356823998245,4.910997310921447,5.336899529548905,,,3.2627160682075655,4.483791060986713,3.912970404851044,3.96356176193868,3.639654752205806,
ENSMUSG00000036442-C,6.024929096640869,6.271310222705528,5.960290809937367,5.5523189975045355,6.09918279636949,6.4249994745942125,6.272292068551334,6.201792283636956,6.383745883724132,,6.655322704050326,6.161818530784248,,6.920392350790864,6.260510968106849,6.161855633422815,6.085487540545949,,,6.606069938158553,5.3773624979544845,5.8103041123713055,5.946594518406529,6.06767239929894,5.94473735753981,5.281743096138518,,,6.084753445231857,6.2227693766776335,5.969527317729566,5.178477634731233,5.865875556828897,
ENSMUSG00000036461-C,4.506783943337601,4.549919509612398,4.028181593966573,3.2486616392715377,2.292011360782609,3.3246007403200424,4.34754389195081,3.9412977455678506,4.502540578785094,,4.41084726600245,4.387717425100568,,3.766177223083601,3.82367468051064,4.642517804416558,4.740573916599994,,,4.601253901034637,3.6542678709495786,3.985367851416849,4.617995133648742,3.2108868858509947,3.958170733316668,4.262476788602882,,,3.3996089179664075,2.845467778033953,4.567893025958041,3.3851096075210654,3.8454156461999536,
ENSMUSG00000036503-C,5.925256202634646,5.752769771051547,5.7194629034599025,6.244935591208821,5.861995895413951,6.320344719603447,5.884472034444143,6.186068497582383,6.453998103781735,,6.088560522570819,5.823920177289679,,5.841884932627136,5.377623770307308,4.717477037187084,5.911378229898306,,,6.450236473578326,6.608628973844675,6.1050357348342335,5.711346006425334,5.975996225742801,6.105724368234886,5.835261920488193,,,5.817842524086916,5.766503511269792,5.358482331281152,5.512913371210832,4.691417411503794,
ENSMUSG00000036504-C,6.733493028539443,7.138795640684584,7.166179941382419,6.073342880936644,6.849539814452104,6.279055431249451,6.115269407723256,6.665822911995749,6.772631214262872,,7.13505477564274,7.384650563499649,,7.285220559783234,7.445128126604101,7.38806622988998,7.452279563226968,,,6.90516130957689,7.079559977565349,6.611819166723995,6.746289291117568,6.669057786217484,6.295748411196128,6.015114639287953,,,6.6351446612098135,6.86879690354186,6.7122161338185755,6.782377999881176,6.85345307190103,
ENSMUSG00000036550-C,6.247595919739393,5.703955231267702,6.166609531546765,6.30823863766087,6.460113114854808,5.897737210193262,5.912016690343213,5.926991552061997,5.497227704024088,,6.451928948005132,6.021306159407005,,6.097599970789213,6.131057510928048,6.474354925009654,6.029753568871277,,,6.350899762247737,6.32556631574157,5.595205933227453,5.8956111456391325,6.102771600335479,5.94473735753981,5.945840239301513,,,5.979472391231978,5.736376544018484,5.892803311823157,6.290924459061403,6.309884544032575,
ENSMUSG00000036552-C,2.910774933198879,3.03134235656842,1.9529590040861384,2.9641894307294048,3.934555044755374,3.3246007403200424,2.4737582927568313,3.2893625141918443,2.115509598589792,,3.3724032164142397,3.4550410302589003,,2.9399402873012845,3.1170698124358824,3.840005387602358,2.6198095436164515,,,3.996472480641343,3.539116440574672,2.5719634942468153,3.0246987074308613,2.1055702394493165,3.418887887081104,4.372160124747886,,,1.9508269527020643,3.1497241621459846,2.6800946312329175,3.3851096075210654,3.111437600054451,
ENSMUSG00000036632-C,4.870576207817469,4.977130029027495,4.639848634876391,4.728709970956263,5.120075235611372,4.771044768205046,4.638836785283059,5.0752558596257895,5.415078608061543,,5.505931610930392,5.262081826967185,,5.039397732361058,5.035692612574602,5.208096885476782,5.275840962070013,,,5.692117966029936,5.410502445779341,4.799641654254227,4.986137502541371,5.157392297166053,4.657521795542996,4.897478547837925,,,5.105854363727924,4.717651533751788,5.06410148311701,5.309233218526412,4.46052582652635,
ENSMUSG00000036655-C,0.0,1.4822933651173062,0.9688103744562226,2.609495240548126,0.0,1.702496038550303,0.0,0.846305570751632,1.4150638090347123,,3.0030704681086475,1.4120204056836572,,0.0,1.675007964280378,0.0,0.8935808599904828,,,2.366199903278748,0.9751738319309616,0.0,1.2795471030274967,0.0,0.0,0.0,,,0.9674048923102424,0.6438468756903795,1.0578286184819063,0.8944330770159921,0.0,
ENSMUSG00000036699-C,5.116356650448591,5.132765089366312,4.845969440172946,5.5523189975045355,5.761930135269792,5.241295461742354,5.82775298741993,5.657332542333674,5.136177586357087,,6.088560522570819,5.492463278620459,,6.49159559653505,5.45179196004185,4.563449376629351,5.6407813482760165,,,5.9071921550146795,5.594788121805963,5.657120185391213,5.356621751401304,5.017251336313171,6.000419745303487,5.336899529548905,,,5.183758354116718,5.16488177526458,5.110015400988178,4.314358941849066,6.877095272776896,
ENSMUSG00000036850-C,6.476105802520261,6.545152061796855,6.744861941088189,6.4830142203880525,6.58250101700178,6.741033773133804,6.314186220793812,6.631404011901788,6.534020213121316,,6.956383280613467,6.883953696341945,,6.829253232110153,7.143286419680487,7.039362757750227,6.919928949281443,,,6.9735468329366785,6.594278725296724,6.611819166723995,6.364130640930874,6.281893323497237,5.972847175055832,6.637250048783156,,,6.742013543161964,6.543006225106918,6.433992207818625,6.615495133909417,7.114406624250341,
ENSMUSG00000036885-C,4.815963959173766,4.892527138752523,5.026289226720062,5.959649957130794,4.886589993490156,4.68935462916142,5.430711149982712,4.89356008621617,5.066130029276167,,4.861368725212117,5.570179956007895,,4.288234544654291,4.935853410223768,5.04304220862013,4.786137744075979,,,4.601253901034637,4.858501443322066,4.51756029553663,4.39140932542033,4.4361611299794195,2.547841273150182,4.14376335637175,,,4.32958319926474,4.654611183132021,4.106594402699193,3.96356176193868,4.185507841054571,
ENSMUSG00000036934-C,5.543543592620155,4.549919509612398,5.026289226720062,4.633055610115746,4.528894874093235,5.526466771622464,5.430711149982712,4.969005794748283,5.202981011204615,,4.936756689324172,4.8282293923316475,,4.866821302962881,5.083135383946214,4.479794966086248,5.07020461665122,,,5.32425764497948,5.410502445779341,4.685430427923396,4.813777272288485,4.688045329191448,5.17572424140582,4.14376335637175,,,4.6370888418991045,4.997154418440803,4.106594402699193,3.6047154770664913,4.025460034672541,
ENSMUSG00000036985-C,5.326297240154299,6.18501426206258,6.744861941088189,5.9985516587800705,6.601926380546411,5.297514474376917,5.9655768074848305,5.205748127152371,5.695849552670656,,6.038101259672067,6.653429004663466,,6.273849295576005,6.061697045822214,6.994854828529322,6.687564687754545,,,6.701329465605389,6.608628973844675,5.915381732138138,5.769137867242329,5.9180572335075405,5.6976531045714705,5.490743484005632,,,6.473940456094648,5.766503511269792,6.220370970325861,6.05038904751584,6.648920322035272,
ENSMUSG00000037013-C,5.732317036902873,4.892527138752523,4.983277885774557,4.902866615433742,5.273318691874047,6.085074559083581,5.991629204306204,6.0879474492323435,5.870406095393683,,5.913010057428797,5.438224337931469,,6.0006826220173455,5.745158475495504,5.5735439200261006,5.951925516547592,,,6.129004626450016,5.308707517338584,5.0354867111495745,5.2524124990211,5.457719627963409,5.17572424140582,4.969056867187248,,,5.607804056031114,5.523536645904891,5.197679225030279,5.370419795672076,3.8454156461999536,
ENSMUSG00000037104-C,6.642268474587461,6.664764521731586,6.259665244162738,7.006438635040006,6.229785906018425,7.0744096091452295,6.374831120867834,6.54774837314836,6.805248174451823,,7.086223152745206,6.567604892881021,,6.78142953508102,6.775629414411467,6.495807803350097,6.8889388886853045,,,6.712806527496721,6.744787911340359,6.386671124464114,6.657267409371851,6.508194632874209,6.443683866229351,6.498998413771757,,,6.377775151174897,6.516659359274826,6.853875456771365,6.869732039959341,7.053458694417244,
ENSMUSG00000037119-C,5.474700013679845,5.678914279734958,5.2604704110588365,5.5523189975045355,5.761930135269792,6.236549558294122,6.042363731696917,6.12140146477275,6.21597892828084,,6.345293021289632,6.039637044755584,,6.231764193743425,5.299435004031162,5.726552593921191,5.78241477230732,,,5.965923481594502,5.950709093189475,5.965183300199216,5.750129984284146,5.373998199483727,4.851680180270497,5.037251114700205,,,5.935110196826683,5.736376544018484,5.50314615290747,6.068965340934735,3.639654752205806,
ENSMUSG00000037349-C,3.9190677346575544,4.549919509612398,3.848113560655806,3.690056043985187,3.806456095533223,4.1320828077925915,2.742784982129466,3.8643493295108,3.564823156854149,,3.1369650396755486,4.387717425100568,,3.9154370975961177,4.2958915964377065,4.086150710679919,4.18234514583629,,,3.919317557186984,4.274387138167632,3.7780773780277177,3.8641823602813914,2.9273952328051136,4.066490143806875,3.71461776200454,,,3.746222763186613,3.857956906855064,4.355603108019191,2.976553207704254,1.54132073842726,
ENSMUSG00000037416-C,5.732317036902873,5.799986552410119,4.983277885774557,6.734167100628439,6.278887165467049,5.985915977383808,5.912016690343213,5.040701372412272,5.849707092327451,,5.816514815711444,5.964873175633209,,5.896782669068075,6.108305869211885,5.960560157932868,5.6407813482760165,,,5.715126793932639,6.120545656979743,5.485717781587256,5.477115179497726,6.049797294556,6.027475219951976,5.909914352375509,,,5.065265859574233,5.575513916779101,5.358482331281152,5.370419795672076,4.691417411503794,
ENSMUSG00000037487-C,6.9893387865668135,6.690050129551339,6.397095548634757,6.638886070876334,7.060815455209047,6.545969310923189,6.229144882539155,6.321769580792224,6.8476211295344385,,6.609980641856456,6.393258063074551,,6.526828409204541,7.038875815396829,6.598533043666774,6.549059284067012,,,6.701329465605389,7.089825731771362,6.492354210212635,6.765347510414817,6.5722050057527435,7.120561506775722,6.1444181128763535,,,5.912406842639173,6.2227693766776335,6.301757790935005,6.1756639095137995,6.274715184249747,
ENSMUSG00000037542-C,0.0,0.0,0.0,0.0,1.201086816065423,0.0,0.0,0.0,0.0,,0.0,0.8722754939741469,,0.0,0.0,1.2215959129652292,0.0,,,0.0,0.9751738319309616,0.7711227158729893,0.7772103564006736,0.0,0.0,0.0,,,0.0,1.0874491440466718,0.0,0.0,1.54132073842726,
ENSMUSG00000037568-C,1.6660324636864343,2.673957838819107,2.27169581750873,2.138137563504853,3.136645565127414,0.8086282278702569,0.0,2.067488679955821,2.115509598589792,,0.8316110494662632,1.8039062995588535,,3.307194436369124,2.1009160241147065,2.66179105737093,1.8372750529254864,,,2.7693778051683604,2.764530519215672,1.270944323129923,0.7772103564006736,0.0,1.7755955644782335,2.01153025227296,,,0.0,1.426248509167121,1.0578286184819063,2.404466208288875,0.0,
ENSMUSG00000037685-C,8.274372388536207,8.240216158134015,8.185071094173253,8.658672774043001,8.781704867165994,8.516688780981344,8.486066115724364,8.3298061510997,8.465608381108526,,8.613293957035141,8.332806475551049,,8.238702432883796,8.588009811150359,8.451194256367106,8.486613426040343,,,8.363299081986948,8.73793082302065,8.261891134028522,8.118732158713964,8.180266490787837,8.719485066690451,8.462392748671448,,,8.269655537672516,8.117617321935628,8.173715626315445,8.000491021806697,8.148578469957757,
ENSMUSG00000037697-C,6.458386453717703,6.384059417281859,6.49220604402276,6.8871197989307715,6.8657010580421165,7.016966821083931,6.229144882539155,6.7644110112889715,6.585004157613044,,7.061173210922935,6.832314200864209,,7.1334830660210224,6.655224562160149,6.675751796693865,6.734806189834212,,,7.01121648019643,6.718564791997021,6.769631522957556,6.677530181551333,6.680719688227988,6.7980841004864825,7.180153780611045,,,6.220323311434717,6.62750827353996,6.220370970325861,6.20954574062832,6.163750497874961,
ENSMUSG00000037731-C,1.0612255463732776,1.883967845402639,1.9529590040861384,0.0,1.201086816065423,2.002227548217203,1.0967492717572764,2.3188822613527895,1.4150638090347123,,0.8316110494662632,0.8722754939741469,,1.987732424191134,2.1009160241147065,0.0,0.0,,,1.8046680709167229,1.5517650907126677,0.0,0.0,0.8686232207515774,2.212784030876461,0.0,,,2.5302208690762416,1.426248509167121,1.0578286184819063,0.0,0.0,
ENSMUSG00000037784-C,3.568887481409009,4.099743451427536,4.110433613667125,4.027570206271769,4.052201677285168,3.3246007403200424,3.6307810679510832,2.7192353881313043,3.2224300065550993,,3.83333715411923,4.0687060047474946,,2.9399402873012845,4.125079381585428,2.320812859996769,3.8801471897401703,,,3.3423824086880285,4.4116593853048665,3.244760474119069,3.1459955578315,3.447716039931815,4.851680180270497,4.0143984739659455,,,3.639677013987396,2.845467778033953,3.2711816746923503,2.8098578703146537,4.185507841054571,
ENSMUSG00000037857-C,8.314322164453113,7.8210571104651185,7.801394334662931,7.891385302785338,7.997908249200804,8.166608632251107,7.858979701135961,7.84044328405292,8.108566399639987,,7.955102933615384,8.401743221040771,,7.979451629052924,8.115535866436511,8.126175308894116,8.322355122083126,,,8.15191176243418,8.53500817933939,8.34575200743862,8.20152341610698,7.944261767757013,7.934228786777329,7.981076477947603,,,7.599724563456278,7.809340450553906,7.813343487394716,8.04339403977763,8.41400142196023,
ENSMUSG00000037904-C,5.326297240154299,5.01764090788891,5.14812620707244,5.263833514387339,5.497304300041388,5.152632861467911,4.34754389195081,4.854304185494181,4.502540578785094,,5.008400119592527,5.3818663264137685,,5.071567212984205,5.774356788906187,5.5735439200261006,5.78241477230732,,,5.596227534610578,4.80965035509958,5.096349387777901,4.776688836150023,5.089022780191272,4.586526700192765,5.67326231975404,,,5.293253074851672,4.918838219969747,5.197679225030279,6.05038904751584,5.66322556211814,
ENSMUSG00000038056-C,7.784726997211341,7.537407039595966,7.303644405137228,7.515727249259065,7.441151700411074,7.589793659404584,7.163300533680745,7.570616018124804,7.639081057678272,,7.792120438701112,8.013852118495707,,8.077757912652027,7.853541448450854,7.760163481952022,7.856383404389757,,,7.762230996893057,7.579526963499205,7.705560661540475,7.729884982885957,7.730880459813001,7.263963701910464,7.07052088688009,,,7.15367759540957,7.684722873565534,7.26240702486624,6.665177782270061,6.804973618369612,
ENSMUSG00000038135-C,0.0,1.4822933651173062,1.5432246700768597,0.0,0.0,0.0,0.0,0.0,1.8073849903108583,,0.8316110494662632,1.8039062995588535,,0.8003576570276729,0.0,1.8734553036471215,2.6198095436164515,,,0.0,1.5517650907126677,1.270944323129923,1.2795471030274967,0.8686232207515774,0.0,0.0,,,0.9674048923102424,0.0,0.0,2.404466208288875,2.7509977021377465,
ENSMUSG00000038146-C,3.6952964858036528,3.556251698652685,4.110433613667125,2.609495240548126,2.9060517082773543,3.8607457124971623,3.874272644065696,3.032280577134576,4.14299766649662,,4.182118223713325,3.750415480446991,,4.1743468699676285,3.707376963716697,4.563449376629351,3.9618350060548617,,,5.132480833986183,2.543344990983517,3.621238133361342,3.7153260891446704,3.3341556752144523,4.261414146434217,2.01153025227296,,,2.7510183104581927,4.06606486249894,3.6892717228661702,4.596323382227103,0.0,
ENSMUSG00000038151-C,2.910774933198879,2.4554423935427265,1.5432246700768597,2.609495240548126,1.84729786765765,1.3237104085262597,3.337679642492369,2.3188822613527895,2.584997580289027,,3.7521861345261054,0.8722754939741469,,3.5996739263906603,1.675007964280378,2.320812859996769,2.9749426595913873,,,2.58182735415899,2.764530519215672,2.180461949771616,2.746422465537691,2.9273952328051136,3.245385555138888,0.0,,,0.0,2.1292630581191667,2.413372980792649,2.404466208288875,3.639654752205806,
ENSMUSG00000038188-C,1.0612255463732776,1.883967845402639,0.0,1.4334760532826032,2.9060517082773543,2.8099004108689636,2.4737582927568313,2.3188822613527895,1.4150638090347123,,1.7394224912174236,0.8722754939741469,,2.6301094702480934,1.0680554872113692,1.8734553036471215,0.0,,,1.8046680709167229,0.9751738319309616,1.641449874184738,1.6514266395573065,1.7981578459377747,1.145283945259697,0.0,,,0.0,0.6438468756903795,0.0,1.838604035947166,0.0,
ENSMUSG00000038214-C,2.6856076178598616,1.883967845402639,0.0,2.609495240548126,1.84729786765765,2.9567828186877194,2.742784982129466,3.1665403446796927,2.115509598589792,,2.2922982217170365,0.0,,1.6891195143635438,2.696667789000302,2.937387202743914,1.8372750529254864,,,0.8727598826207578,2.9562697642966596,2.5719634942468153,2.584167946796685,2.761591019909415,3.245385555138888,0.0,,,1.541336626495835,2.1292630581191667,1.6615634406534388,0.8944330770159921,0.0,
ENSMUSG00000038295-C,1.6660324636864343,1.4822933651173062,1.5432246700768597,3.690056043985187,3.136645565127414,0.0,2.742784982129466,2.067488679955821,0.8744882523316289,,2.2922982217170365,1.4120204056836572,,3.4114162920058955,3.1170698124358824,1.2215959129652292,0.8935808599904828,,,2.58182735415899,4.4116593853048665,0.7711227158729893,2.401325369831886,0.8686232207515774,1.7755955644782335,2.01153025227296,,,2.9424659951760495,1.426248509167121,2.0858962887955266,2.976553207704254,4.185507841054571,
ENSMUSG00000038319-C,4.759202787955333,4.7555239914050125,4.845969440172946,4.5306059070680975,3.806456095533223,4.810218281410929,5.0884363782893285,5.610979367318627,4.745994904022693,,5.1096062356365355,5.3232169075052775,,5.745474798950419,5.339059015308414,5.402360956571477,5.07020461665122,,,5.5198808704635,4.759086971101785,5.096349387777901,4.659334832483568,4.490179171972527,4.261414146434217,4.6585984674631975,,,3.938267275349735,5.335365122902092,4.632239671461196,5.071994824958921,5.490056390463297,
ENSMUSG00000038332-C,5.402405966970471,5.169185037760423,5.5529564369063085,5.058246109287047,5.172985764655266,6.052773075853739,5.9655768074848305,6.000752490923871,6.2479690549440825,,6.412858281805863,5.518836753517513,,6.033717124436005,5.083135383946214,5.490489914344357,5.564384357205224,,,5.866666132526671,5.705743979393514,5.898391709724044,5.750129984284146,5.898215362087249,6.250536984553753,5.390024669483061,,,5.842071024845519,6.062020652360904,5.696116434163937,6.158419851066543,5.293229488386045,
ENSMUSG00000038365-C,6.327855252382239,6.320714026850967,6.380615842044163,6.427075686063372,6.071580997463936,6.43756323599421,5.991629204306204,6.7644110112889715,6.369275395833852,,6.843381598551872,6.7002723376387054,,6.680746238576375,6.574526629378969,6.385203546305306,6.575251345363132,,,6.365516394184873,6.678314150941273,6.492354210212635,6.191704601326645,5.956940601503779,6.521871209301642,6.318940702424032,,,6.426658913196865,6.211862770984304,6.301757790935005,5.691363231037735,6.084729598130219,
ENSMUSG00000038437-C,8.056126258559328,8.323364099756425,7.609672856399278,8.02927597497785,8.130892422481688,7.856266028971067,8.252849397723338,7.928126707882143,8.004730577273559,,8.307278231984272,8.275955944834593,,8.290872757103607,7.709807987488906,8.366388790650278,8.055577967153003,,,8.348659853679644,8.40126968255431,7.976375439451405,7.98285821721922,7.914938758327008,7.807283908948283,7.981076477947603,,,7.669082665106966,7.930711570994109,7.926724598827419,8.024483365630795,7.655451151913273,
ENSMUSG00000038451-C,0.0,2.1978183102091036,3.1140018458952654,0.0,3.136645565127414,2.4618615007939817,1.0967492717572764,2.532901923184754,2.9386360600829815,,2.042184285849804,2.7684670172004537,,3.194853116705421,2.1009160241147065,2.320812859996769,1.4412513726916425,,,1.4126867783113457,1.5517650907126677,3.244760474119069,3.0246987074308613,2.1055702394493165,1.7755955644782335,0.0,,,2.2694164769105942,2.1292630581191667,1.6615634406534388,0.0,4.185507841054571,
ENSMUSG00000038608-C,4.700116627791696,3.9402984298812984,4.746587023807134,5.198506277052428,4.2621168478008205,4.73077781700734,3.874272644065696,4.083878839528882,4.000039464453881,,4.740342749975531,4.32931025813923,,5.507539970321911,4.125079381585428,4.717477037187084,3.8801471897401703,,,4.649828954687912,5.343443363322432,4.8710498562457705,4.48635483653251,4.260795788795305,4.167241691823022,5.53858320263567,,,3.1114590032192178,4.159846911604113,4.567893025958041,4.596323382227103,5.66322556211814,
ENSMUSG00000038690-C,9.468509818068576,9.267527189647025,9.854370278042898,9.10882062901013,9.151572080502632,9.1603110411638,9.187072843192327,9.19243146385608,9.17621517172121,,9.65674739899656,9.817214609572964,,9.35868418179504,9.79822411705581,9.86845816017963,9.809577963241289,,,9.199183457892168,8.972378781563977,9.15969644133646,9.326440214105515,9.202257889935952,9.112764890106597,9.09080412382995,,,9.330761187725296,9.304040231452232,9.426139735932516,9.435457363799634,9.198584447587312,
ENSMUSG00000038773-C,4.200634153951173,3.556251698652685,4.110433613667125,4.420321031248732,4.356631248498362,3.8607457124971623,4.765036951130696,3.8643493295108,3.459469887214497,,3.1369650396755486,4.204884498283597,,3.5996739263906603,3.82367468051064,3.699152832108313,4.312606643409669,,,4.498903567833338,4.122666665797709,4.2222584895398185,3.9332209460107537,3.3341556752144523,4.657521795542996,4.969056867187248,,,2.7510183104581927,3.055259675414585,3.0997279733373246,3.881867051445987,2.7509977021377465,
ENSMUSG00000038774-C,5.402405966970471,5.239377622271777,4.797133827951933,4.8184146398616825,4.886589993490156,4.602759818172883,4.703316352969184,4.729689393978666,4.790117504506528,,4.462780896440436,4.741304299074653,,4.866821302962881,5.258691899999647,5.10018447428548,4.914783219223553,,,5.439267117509091,5.080651431446468,5.066238975806739,5.279178948907182,5.344975441493621,5.592874608040147,4.6585984674631975,,,3.746222763186613,4.94541880345907,4.013028251677092,4.184088675445754,0.0,
ENSMUSG00000038777-C,4.506783943337601,3.556251698652685,4.332315566341713,4.1706999010872465,3.934555044755374,3.8607457124971623,3.337679642492369,3.032280577134576,3.922871459374952,,4.356974111377557,4.741304299074653,,4.113843988412434,5.129067552291397,4.856634914310037,4.955236248329168,,,4.069709806402361,5.038874041043755,3.8505343897065623,3.8641823602813914,4.1972608184946045,4.167241691823022,3.537586637374066,,,4.1855307145708,3.7414430482125782,4.106594402699193,4.8749452627292715,5.221164030902649,
ENSMUSG00000038888-C,3.811516312554619,4.434971037440396,4.3992905121214605,3.690056043985187,3.806456095533223,3.933512117083069,2.969442418789574,4.4946112912842064,4.39235751364384,,4.899555075585049,5.1982410310770515,,4.113843988412434,4.71270188738475,4.983542976533997,4.3735768992333215,,,3.75140358505242,4.040370727438164,3.621238133361342,4.062113346059046,3.447716039931815,4.586526700192765,0.0,,,4.460548930911179,3.965760067917714,3.2711816746923503,4.2506936775103235,3.399587007767687,
ENSMUSG00000039096-C,4.574148215847541,4.434971037440396,5.068055298289106,6.036431875100554,4.821796373391439,4.412220641925155,4.988480477183286,5.296412208582011,4.91492408633389,,4.462780896440436,5.823920177289679,,4.670760070376401,4.77180816512325,4.921483944515629,5.713335431645072,,,5.571224886602449,5.442898203163751,5.439484885172935,5.305457830624016,5.484580845433025,4.967971598174785,5.336899529548905,,,4.794362111747247,4.864161160386767,5.468317271893518,5.6425894856248595,4.329560199344903,
ENSMUSG00000039130-C,6.140554075341064,6.18501426206258,6.581432251733276,5.919670148612942,6.204594041686869,5.6395342968934665,5.67535832410757,5.869085534204049,5.890812316161826,,6.762809632790181,6.832314200864209,,6.3804202392219205,6.655224562160149,6.948929976615511,6.878459151484216,,,6.618327077532995,6.4896196945628715,5.291170960506565,5.69155589194651,5.344975441493621,5.763503211525868,5.873070944976806,,,6.394254465449894,5.961424237004171,6.635804080439103,5.691363231037735,5.76810582424707,
ENSMUSG00000039308-C,4.28347420323216,4.022222530925879,3.265291998573044,4.027570206271769,4.821796373391439,3.6174369818121015,3.757657697182688,4.014348981718389,4.333940744587301,,4.781823110502815,4.268438355811233,,4.443800156595397,4.65107023252703,4.983542976533997,4.3735768992333215,,,4.649828954687912,4.040370727438164,3.621238133361342,3.7916732345197177,3.651094645758103,3.958170733316668,4.56929212029854,,,3.3996089179664075,4.330892291115861,4.632239671461196,4.2506936775103235,1.54132073842726,
ENSMUSG00000039313-C,2.418679371923628,3.441827149251054,2.532598773826906,1.4334760532826032,3.33541126722878,3.6174369818121015,3.337679642492369,3.696924723560992,3.459469887214497,,3.0030704681086475,3.560363063339314,,3.508613656214325,3.1170698124358824,2.66179105737093,3.2596966249115087,,,3.456011120625007,3.6542678709495786,2.733957072035301,2.584167946796685,2.9273952328051136,3.048127979598824,2.8205248563310685,,,3.5246307075254704,3.475709884007802,2.0858962887955266,3.795267103403054,3.8454156461999536,
ENSMUSG00000039377-C,2.418679371923628,0.9236912118413654,1.5432246700768597,0.0,1.84729786765765,1.702496038550303,0.0,0.846305570751632,0.0,,1.7394224912174236,0.0,,2.2350113770874733,0.0,1.2215959129652292,1.4412513726916425,,,1.8046680709167229,1.962598682968702,1.270944323129923,1.6514266395573065,0.8686232207515774,1.145283945259697,1.3311596570548716,,,2.5302208690762416,1.7004218063870564,1.0578286184819063,0.0,0.0,
ENSMUSG00000039452-C,2.090890740391519,1.883967845402639,0.9688103744562226,0.0,2.292011360782609,0.8086282278702569,1.712571527584626,0.846305570751632,0.8744882523316289,,1.7394224912174236,1.4120204056836572,,2.2350113770874733,1.0680554872113692,0.0,1.8372750529254864,,,1.4126867783113457,0.0,0.0,0.0,1.4069932691538003,0.0,1.3311596570548716,,,0.0,0.0,0.0,0.0,0.0,
ENSMUSG00000039477-C,6.833107067460007,6.586134700080453,6.609988768869979,6.9279990870112815,6.7659010453574595,6.147585617107683,6.451918375348725,5.964343368821456,6.21597892828084,,6.598418910790037,6.7002723376387054,,6.341372827072583,6.832261867500877,7.009843889822127,6.8889388886853045,,,6.963973705320386,7.079559977565349,6.07510795829147,6.615867568309883,6.534140571463471,6.64926366888075,6.951866547324523,,,5.607804056031114,6.2760988665122674,5.866294320846714,6.550884687296223,6.163750497874961,
ENSMUSG00000039545-C,0.0,2.4554423935427265,0.0,0.0,1.201086816065423,0.0,2.4737582927568313,0.0,0.0,,2.042184285849804,0.0,,1.3121223935613218,0.0,0.0,0.0,,,0.0,0.0,0.0,1.2795471030274967,0.0,1.145283945259697,0.0,,,1.9508269527020643,1.0874491440466718,0.0,0.0,0.0,
ENSMUSG00000039585-C,8.376969847079344,8.327398316694719,8.019318441293803,8.325448525843154,8.353504760421723,7.92479800571473,8.081495267276862,7.720041307104181,7.9811334662270434,,8.601758854660705,8.470916639113307,,8.180892760768971,8.399418566125846,8.546789259536386,8.496926640923418,,,8.176987977918508,8.37212630840777,8.07417890450576,8.081199043792108,8.30606751199496,7.875878605112444,7.428891637206767,,,7.599724563456278,8.027189111731984,8.043718509537706,8.103195937633462,8.304923414437836,
ENSMUSG00000039656-C,6.733493028539443,7.129583872299543,7.127197581064562,6.614049045407979,6.988859848400011,6.635934610851738,6.993200994538395,6.95274376840545,6.412258581332085,,7.052725633496785,7.4060027006176865,,7.039026231655944,7.219572749518852,7.601002571720144,7.379827452745493,,,7.065938582192967,7.069220651727242,6.601358383468105,6.736664931658247,6.834799456237217,6.463631532663756,7.296025837450053,,,6.956943050848777,6.594298999085287,6.6821352060093115,6.640550315100077,7.1918610440331285,
ENSMUSG00000039704-C,7.476808183588909,7.466012518905504,7.268248773451376,7.73890888677961,7.483658943422769,7.050070783489031,7.305092258454337,7.168145501101189,7.293130238981993,,7.294017084319103,7.572623777140739,,6.866402589012932,7.463171984540649,7.268520742061593,7.69853348016395,,,7.234666697859876,7.636660875951746,7.138592060765175,7.398711529628299,7.439765995672876,7.533004812627482,7.07052088688009,,,7.114430653286817,7.032708853578557,6.770559346111732,7.990781238714153,6.989821956736835,
ENSMUSG00000039713-C,7.502973085942749,7.15704457885292,7.45298360847643,6.801713012544935,6.913126135910146,6.699908236256492,6.6611734745248805,6.665822911995749,7.014992111370038,,6.919690782202621,7.750079519332211,,7.489522130083697,7.984243472908693,7.649664452356974,7.561128726664181,,,7.34940687634135,7.55750461656952,6.969946327661953,7.26450029470686,7.029777225537924,6.829169443432878,8.081385486803155,,,7.063821193980948,7.229393988039157,7.3025055217785555,7.265666714068381,7.402018948497241,
ENSMUSG00000039835-C,4.506783943337601,3.441827149251054,4.332315566341713,3.2486616392715377,3.33541126722878,4.1320828077925915,2.4737582927568313,4.4946112912842064,4.000039464453881,,4.697634350666895,3.083201578726807,,4.443800156595397,3.442207073065027,4.195079115277823,4.43207460917602,,,3.3423824086880285,4.040370727438164,3.985367851416849,3.3617092928764207,4.4361611299794195,4.066490143806875,3.537586637374066,,,4.1855307145708,3.965760067917714,2.6800946312329175,3.499087042803504,4.025460034672541,
ENSMUSG00000039851-C,1.0612255463732776,0.9236912118413654,1.5432246700768597,0.0,0.0,2.2502722058212323,1.0967492717572764,2.532901923184754,1.8073849903108583,,2.042184285849804,2.580938305492785,,0.8003576570276729,2.1009160241147065,1.8734553036471215,2.147673398643941,,,1.8046680709167229,2.281998541109351,1.935983705110964,1.6514266395573065,2.1055702394493165,0.0,0.0,,,1.9508269527020643,1.7004218063870564,1.0578286184819063,0.0,0.0,
ENSMUSG00000040177-C,5.57677140685764,5.601072961874427,4.746587023807134,5.65329065696997,5.654403050858129,5.617618607829209,5.504943710830131,5.964343368821456,5.672466611962801,,5.691496593983368,5.230514528136643,,6.1587736113394635,5.938128321175317,5.797372670392418,5.78241477230732,,,5.946610816829285,5.273114657741158,5.754748609691141,4.953273561611836,5.089022780191272,5.17572424140582,5.873070944976806,,,5.842071024845519,5.751518666722302,5.319930442125943,5.143849331184381,5.607780348647971,
ENSMUSG00000040209-C,6.527994325098708,6.714900188189069,6.552299056733043,6.588776931516148,6.502073331395445,6.320344719603447,6.470563362537565,6.642968457247681,6.2479690549440825,,7.035680622409293,6.821760733406905,,6.955294751451896,7.002322762246939,6.637658990213358,6.79176246534791,,,6.654485794000399,6.808333254944826,6.536948957685287,6.636715985923314,6.266497988402164,6.9752787985194695,5.715499280408787,,,6.361105423335319,6.244338303789505,6.415827584566225,6.497028600236138,5.66322556211814,
ENSMUSG00000040351-C,5.2866822703791,5.239377622271777,5.3978275742473985,5.9985516587800705,5.411836265332917,5.5027496338110025,4.935779544634974,5.17421483118867,5.202981011204615,,5.455555341530577,5.438224337931469,,5.278660333624193,5.377623770307308,5.3561918466345055,5.483714490900567,,,5.097884772855301,5.732199041385865,5.0354867111495745,4.48635483653251,4.862018147026571,5.075584322680654,5.584887341409851,,,4.580608929613616,4.94541880345907,5.0166781822465,5.691363231037735,4.890404164193962,
ENSMUSG00000040389-C,6.791254624187512,6.72716652565373,6.807847149878779,6.455316053799703,6.748575276625102,6.983085383060271,6.940675390718236,6.8958826657196015,6.815958657317895,,6.938153679687499,7.019423025330964,,6.711695796947272,6.523848329091592,6.885330322737778,6.588171189295025,,,6.812187383856947,6.808333254944826,6.558739841323424,6.605329279767793,6.845200243950434,6.813710493729268,6.569779657848172,,,6.084753445231857,6.534277288990134,7.031389742089573,6.713206296061094,7.2653681643848,
ENSMUSG00000040473-C,4.112746069128248,3.3175393399239037,3.748883930068221,4.1706999010872465,4.160973786948527,3.8607457124971623,4.34754389195081,4.33266385642655,4.333940744587301,,3.83333715411923,3.6585165642870514,,4.866821302962881,4.031437387137405,3.543045891664217,3.3834412183032643,,,4.550986184927251,4.706686880880781,4.51756029553663,3.2578804018563177,4.490179171972527,4.167241691823022,4.56929212029854,,,3.746222763186613,3.546870800999621,4.277280327333589,0.8944330770159921,2.7509977021377465,
ENSMUSG00000040488-C,5.160860040427936,5.273233436503705,5.523236477853387,5.499053189622769,5.726970734316112,5.703351974439036,5.912016690343213,5.587232056144344,5.266827542703058,,5.967953772275086,5.025065069459666,,5.804090438874453,6.108305869211885,6.134762341503371,6.207725593665361,,,5.866666132526671,6.179411044839651,5.915381732138138,5.750129984284146,5.53684792275104,6.027475219951976,6.175011010380478,,,5.22118758575261,5.575513916779101,4.967642875688821,5.2122942173271465,5.427384399414453,
ENSMUSG00000040489-C,0.0,0.0,0.9688103744562226,0.0,0.0,0.8086282278702569,0.0,0.846305570751632,0.0,,0.0,0.8722754939741469,,0.0,0.0,0.0,0.0,,,0.0,0.0,1.270944323129923,0.0,0.0,0.0,0.0,,,0.9674048923102424,0.6438468756903795,0.0,0.0,0.0,
ENSMUSG00000040520-C,4.019154570446448,4.604132233530103,4.110433613667125,5.058246109287047,4.886589993490156,4.991560559280916,4.881080243170423,4.969005794748283,5.386622142358993,,4.899555075585049,4.497883404005345,,4.8296828663221545,4.77180816512325,4.479794966086248,5.07020461665122,,,5.353880907569391,5.1607431443930505,4.724514111011546,4.813777272288485,5.017251336313171,4.167241691823022,4.474090557491965,,,4.6370888418991045,4.554564080044014,4.429891870503082,4.695297843271375,4.025460034672541,
ENSMUSG00000040532-C,5.245948725748981,5.890022650208153,5.5529564369063085,5.5523189975045355,5.224024265317933,4.921734476826054,5.430711149982712,4.772434856206455,5.327967882885067,,5.008400119592527,5.667689827959133,,5.483829835510054,5.45179196004185,5.10018447428548,5.398265322356934,,,5.620804245090756,5.410502445779341,4.724514111011546,5.049701334974736,5.123612505890491,4.910997310921447,5.715499280408787,,,5.490080055647806,4.622026997524587,5.396030787432728,6.012503114149743,5.865875556828897,
ENSMUSG00000040652-C,8.222827397082433,8.405800477825357,8.483998354866355,7.901683845045792,8.01973794215056,7.561374277762877,7.974523228602895,7.942236155322611,7.851790954566716,,8.153807682890719,8.600044102683405,,8.238702432883796,8.904243334900842,8.752382934798444,8.807046321904592,,,8.257560696283093,8.37632586503148,7.976375439451405,8.144436176622714,7.996519975496954,7.561050930483738,7.224703455670969,,,8.52294618233559,8.240765545087005,8.513984973163458,8.057416131357675,7.894305084856201,
ENSMUSG00000040661-C,5.116356650448591,4.373869263088962,4.3992905121214605,5.13008005046512,5.4552031015430895,4.602759818172883,4.34754389195081,4.6856386586682275,4.7004801944898515,,4.936756689324172,4.648804100198322,,4.8296828663221545,4.986636488921788,5.259169758845276,4.693524010819566,,,5.32425764497948,5.273114657741158,4.603935629528872,4.39140932542033,4.542247431043634,5.399324394390804,5.715499280408787,,,3.639677013987396,4.483791060986713,4.355603108019191,4.5441676527518,4.185507841054571,
ENSMUSG00000040760-C,8.314322164453113,8.209944019169969,8.146602676952144,8.310066843969159,8.561276995672294,8.128372148891158,8.55757248456865,8.413211445624027,8.330211912811794,,8.386722352118944,8.376727076272235,,8.112961790639817,8.494602145444647,8.306949251928858,8.524073464404088,,,8.687989637100275,8.660841026427983,7.888764652173077,8.137138782896917,8.024246234347665,8.050901380634096,7.640984797120914,,,7.9058686499183715,7.998917179977938,7.874476760486345,7.706314936323796,8.068698607955408,
ENSMUSG00000040940-C,5.402405966970471,4.604132233530103,4.694204739759362,5.058246109287047,4.948598279506496,5.241295461742354,4.82422502670604,5.0752558596257895,4.745994904022693,,4.740342749975531,5.131443885471695,,5.966873941516326,4.986636488921788,5.5735439200261006,5.455790019817374,,,6.05878930800938,6.038125115181692,5.066238975806739,4.699522886302211,5.053583324520581,5.479886222800303,6.498998413771757,,,3.938267275349735,4.686475659348247,4.632239671461196,4.832086780670741,4.890404164193962,
ENSMUSG00000040957-C,4.28347420323216,4.7068041434800945,4.797133827951933,5.326330345683369,5.008050864583004,5.478636072827474,4.988480477183286,4.729689393978666,5.066130029276167,,5.32133575134952,5.619758555820566,,5.359056267457752,4.519297308313774,5.991094057453439,5.759753865698492,,,5.760072005537932,5.442898203163751,4.971942910247874,5.651142147478838,5.430348783845333,5.479886222800303,4.56929212029854,,,5.065265859574233,4.997154418440803,4.809666377684556,5.143849331184381,4.185507841054571,
ENSMUSG00000041058-C,5.732317036902873,6.202691347433494,5.3978275742473985,6.276934290566108,6.071580997463936,5.744380842103868,5.82775298741993,5.702242654374818,5.849707092327451,,5.8942204410627115,6.227255108079817,,5.507539970321911,5.9888327755056645,5.897482475396804,6.156600604043545,,,5.927036110922783,5.928001650197143,5.31697311520832,5.522629174160855,5.587287444961878,6.000419745303487,5.224393835258939,,,5.361889365568656,5.592431700887592,5.4326267231621825,5.761564928515125,4.025460034672541,
ENSMUSG00000041153-C,4.361814742642791,4.892527138752523,4.694204739759362,4.728709970956263,3.934555044755374,5.297514474376917,5.181913381409071,4.5932844116131974,5.101578895779515,,5.042930383709155,4.32931025813923,,5.1935184652807305,4.935853410223768,4.390989664416049,4.99458584814839,,,4.950554856354362,4.905752418677896,4.42568240917794,4.813777272288485,4.490179171972527,4.586526700192765,4.14376335637175,,,4.521827482917072,4.554564080044014,3.805452458367365,4.695297843271375,4.025460034672541,
ENSMUSG00000041229-C,4.6385068462710315,4.604132233530103,5.068055298289106,5.5523189975045355,4.753955375011224,5.703351974439036,5.67535832410757,5.236606909785178,5.890812316161826,,5.429691830246278,5.492463278620459,,6.097599970789213,4.77180816512325,5.208096885476782,5.368619331410525,,,5.5198808704635,4.274387138167632,5.735744309203091,5.305457830624016,5.898215362087249,5.075584322680654,5.390024669483061,,,4.794362111747247,5.335365122902092,5.110015400988178,5.340150858102525,4.794338780282,
ENSMUSG00000041361-C,1.6660324636864343,0.0,1.5432246700768597,0.0,0.0,2.002227548217203,0.0,0.0,0.8744882523316289,,0.0,0.8722754939741469,,1.6891195143635438,0.0,1.2215959129652292,0.0,,,0.0,1.962598682968702,1.270944323129923,1.6514266395573065,0.0,1.7755955644782335,3.335753380518202,,,1.541336626495835,0.0,0.0,0.0,2.7509977021377465,
ENSMUSG00000041548-C,5.845705216960422,6.3684819079750925,6.241528092247083,4.1706999010872465,5.4552031015430895,5.429165071201378,5.856391229150536,5.381713964535744,5.763806974138528,,5.967953772275086,5.983930498251271,,6.033717124436005,6.239726061007098,6.6182286500276595,6.410452888192054,,,5.5198808704635,5.308707517338584,5.125844193331764,5.60956359834747,5.089022780191272,4.586526700192765,5.037251114700205,,,5.459084337743453,5.974389128696892,5.696116434163937,5.691363231037735,4.329560199344903,
ENSMUSG00000041594-C,3.6952964858036528,4.604132233530103,3.1140018458952654,4.982647165246312,3.33541126722878,4.885511795747925,4.17638954145701,4.931776063274248,4.000039464453881,,4.899555075585049,4.949521998875903,,4.670760070376401,4.125079381585428,4.717477037187084,4.18234514583629,,,4.4448700720759104,4.040370727438164,4.327552898761735,4.39140932542033,4.490179171972527,4.433109159406927,3.335753380518202,,,3.639677013987396,4.0167840134026545,3.2711816746923503,4.695297843271375,0.0,
ENSMUSG00000041596-C,0.0,0.0,0.0,0.0,0.0,0.0,0.0,0.0,0.0,,0.0,0.0,,0.0,0.0,0.0,0.0,,,0.0,0.0,0.0,0.0,0.8686232207515774,0.0,0.0,,,0.0,0.0,0.0,0.0,0.0,
ENSMUSG00000041605-C,2.6856076178598616,1.4822933651173062,0.9688103744562226,2.138137563504853,1.84729786765765,1.702496038550303,1.0967492717572764,1.7628475801227037,0.0,,1.3557736240157023,0.0,,1.3121223935613218,2.1009160241147065,1.8734553036471215,2.9749426595913873,,,0.8727598826207578,0.0,1.270944323129923,2.401325369831886,1.4069932691538003,1.145283945259697,2.01153025227296,,,0.9674048923102424,1.426248509167121,1.0578286184819063,2.1491023054808034,0.0,
ENSMUSG00000041633-C,2.910774933198879,1.4822933651173062,0.0,3.2486616392715377,3.33541126722878,2.8099004108689636,0.0,2.7192353881313043,3.345812791746194,,2.042184285849804,2.580938305492785,,1.987732424191134,2.9221280948258475,1.8734553036471215,3.124333732221476,,,2.366199903278748,1.962598682968702,1.935983705110964,0.7772103564006736,1.7981578459377747,1.7755955644782335,0.0,,,1.9508269527020643,1.7004218063870564,0.0,2.976553207704254,0.0,
ENSMUSG00000041649-C,2.418679371923628,2.4554423935427265,2.27169581750873,3.4861740589936105,3.665864844922387,3.3246007403200424,2.1427948453617223,2.3188822613527895,2.115509598589792,,3.1369650396755486,3.083201578726807,,2.2350113770874733,2.1009160241147065,1.8734553036471215,2.6198095436164515,,,2.58182735415899,2.764530519215672,2.733957072035301,3.0246987074308613,2.1055702394493165,3.418887887081104,2.8205248563310685,,,1.541336626495835,1.930718251259833,1.0578286184819063,2.1491023054808034,4.185507841054571,
ENSMUSG00000041669-C,0.0,0.0,0.9688103744562226,0.0,0.0,0.0,0.0,0.846305570751632,0.8744882523316289,,0.0,0.0,,0.8003576570276729,0.0,1.2215959129652292,1.4412513726916425,,,0.0,0.0,0.0,1.2795471030274967,2.5742268621828144,0.0,0.0,,,0.9674048923102424,0.0,0.0,0.0,0.0,
ENSMUSG00000041685-C,5.474700013679845,4.604132233530103,4.938944731171083,6.338878127640356,5.8294057749313675,5.897737210193262,6.09137454885524,5.964343368821456,5.442984623531747,,5.4809633459474245,5.3818663264137685,,5.278660333624193,5.5223329167526565,4.788733167722002,5.615762511346932,,,5.715126793932639,6.160054898799062,5.573962965488955,5.588316154296536,5.457719627963409,6.000419745303487,5.909914352375509,,,4.6914406784700216,5.16488177526458,4.013028251677092,5.892483089895763,5.3618657504251575,
ENSMUSG00000041805-C,1.0612255463732776,1.4822933651173062,0.0,2.138137563504853,0.0,0.0,0.0,0.0,0.0,,0.0,0.0,,0.0,0.0,0.0,0.0,,,1.8046680709167229,0.0,0.0,0.0,0.0,0.0,0.0,,,0.0,0.0,0.0,0.8944330770159921,0.0,
ENSMUSG00000041841-C,10.997947967920888,11.056901263527926,11.026411599313915,10.430958762728537,10.975381804516172,10.87698848777365,10.928780475268264,11.02313187767072,10.977918226904023,,11.24191186230481,11.265077458943937,,11.269173252899783,11.373187241503036,11.36983847655895,11.460871723849198,,,11.426778039131548,11.19191715183449,10.628510678197191,11.01764455800503,10.827499227580004,10.474268424812784,10.676676604851613,,,11.07363756097276,10.851479199954758,10.941504787206853,11.208973444253289,10.933360457894334,
ENSMUSG00000042099-C,3.9190677346575544,3.662264003960899,4.028181593966573,3.690056043985187,3.5100788664663383,4.250740687367286,3.4916609888554997,4.442622844884783,3.345812791746194,,4.740342749975531,3.995471990197128,,5.1935184652807305,3.82367468051064,4.195079115277823,3.2596966249115087,,,4.330324568503661,5.343443363322432,4.472352633016839,3.8641823602813914,3.447716039931815,4.066490143806875,2.4720055205074685,,,3.1114590032192178,3.9128651813226702,3.4244065628585965,3.499087042803504,4.329560199344903,
ENSMUSG00000042249-C,6.3082051143624955,6.474149354317395,6.363945712770218,6.90770422931224,6.58250101700178,6.177853927232388,6.470563362537565,6.432530855254993,6.64630035512182,,6.710066966263179,6.59265143587314,,6.731966023701812,6.775629414411467,6.385203546305306,6.802888777866743,,,6.90516130957689,7.409634131869915,6.547885541090292,6.148807036467134,6.186956140580157,6.6836868327135885,7.020858979098482,,,5.579261339751742,6.062020652360904,6.415827584566225,6.242650078289913,6.274715184249747,
ENSMUSG00000042302-C,5.9508274066533255,6.167117892890339,5.770952109425963,6.563054213469386,6.178954455796129,5.5953648599735635,6.229144882539155,5.587232056144344,5.807396265744266,,5.554608022288304,5.865617043226268,,5.745474798950419,5.9888327755056645,5.929366025443103,6.029753568871277,,,5.668736226321217,6.2724779963996475,5.264898925835847,5.544858804492465,5.53684792275104,6.227388609856475,6.048543106369221,,,5.39502060500585,5.413602663406433,5.50314615290747,5.457593100936543,5.14530861675487,
ENSMUSG00000042396-C,4.436119481053153,4.493589803149428,4.524577674221481,5.058246109287047,4.528894874093235,5.212342495200179,5.03932392461571,4.969005794748283,5.523603136332226,,5.234369695218224,4.497883404005345,,5.4352075388743915,5.129067552291397,4.563449376629351,4.693524010819566,,,5.353880907569391,5.1607431443930505,4.724514111011546,5.110582387912509,5.053583324520581,4.433109159406927,5.53858320263567,,,4.521827482917072,4.891758702119145,4.916882105380915,3.881867051445987,5.3618657504251575,
ENSMUSG00000042408-C,2.910774933198879,2.4554423935427265,2.532598773826906,3.690056043985187,4.160973786948527,4.002783898283538,4.0825420244949235,3.402543765077897,3.459469887214497,,3.83333715411923,4.138401420971068,,4.288234544654291,3.707376963716697,4.390989664416049,3.6030221383342673,,,3.5613400039776715,3.6542678709495786,3.5359235869883796,2.892259673652012,3.910793357631654,1.145283945259697,4.262476788602882,,,1.9508269527020643,3.9128651813226702,1.6615634406534388,1.838604035947166,0.0,
ENSMUSG00000042462-C,4.815963959173766,5.01764090788891,5.638610474659262,5.058246109287047,4.753955375011224,4.885511795747925,5.3921115923632374,5.17421483118867,5.066130029276167,,5.349197236137469,6.057737937083779,,5.483829835510054,6.013532026136244,5.831520306680389,6.224372426453559,,,5.353880907569391,5.5055858001062985,5.238139579400765,4.776688836150023,5.157392297166053,4.586526700192765,4.969056867187248,,,5.579261339751742,4.94541880345907,5.918833985525674,6.27501180612217,4.980470202450622,
ENSMUSG00000042496-C,4.973964555919673,4.434971037440396,5.364694748977092,5.959649957130794,5.224024265317933,5.212342495200179,4.82422502670604,4.640200417124641,4.91492408633389,,4.781823110502815,4.6957954184464645,,5.039397732361058,4.374267508812298,4.086150710679919,4.786137744075979,,,4.388733841451062,5.121253006447447,4.56139428626074,4.813777272288485,4.260795788795305,5.399324394390804,5.1646701437537805,,,4.580608929613616,4.891758702119145,4.752914528653213,4.0408772621977525,3.8454156461999536,
ENSMUSG00000042508-C,5.57677140685764,5.239377622271777,5.7194629034599025,5.792619734404135,5.985458218052588,6.100958080072348,5.912016690343213,6.036265333276009,6.062537391265859,,6.088560522570819,5.438224337931469,,6.0006826220173455,5.589584943164772,5.726552593921191,5.7367313286375365,,,5.782030210611711,6.198510930452961,5.792022289093289,5.500051653239064,5.457719627963409,5.856964288300919,5.873070944976806,,,5.520423825414303,5.751518666722302,5.396030787432728,5.457593100936543,3.399587007767687,
ENSMUSG00000042595-C,5.609251123544201,4.848289405663465,4.845969440172946,5.13008005046512,5.726970734316112,5.025245841639177,5.575542892711737,5.296412208582011,5.870406095393683,,5.734384397727235,5.465598686244413,,5.006494539162363,4.77180816512325,5.44709826527495,5.590302136043134,,,5.439267117509091,5.343443363322432,5.735744309203091,5.356621751401304,5.344975441493621,4.3498143231152575,4.262476788602882,,,4.396551664627574,5.252640238476889,4.500541884028289,4.7423500356631125,5.607780348647971,
ENSMUSG00000042670-C,5.160860040427936,4.65638134902881,4.583364113437317,4.300902556653133,5.008050864583004,5.121825011208729,4.765036951130696,4.89356008621617,5.235257439512557,,5.204175692290074,4.268438355811233,,5.305959812428818,4.519297308313774,5.308496248131626,5.106577802942799,,,5.0260996885769,4.80965035509958,4.762566855525598,5.140085823727222,4.3800415792698475,4.167241691823022,4.0143984739659455,,,4.1855307145708,5.209428192289655,4.752914528653213,3.96356176193868,5.817818749458453,
ENSMUSG00000042747-C,7.289083647933337,7.253485163047066,7.499515013594556,6.845048318066576,7.074785725837599,6.83899369268794,6.91367760349273,7.085802593130621,7.285444044403076,,7.543510122976145,7.508265686996428,,7.305650991285314,7.399005744936482,7.529994821869797,7.796413697005962,,,7.250502973502386,7.244858299766895,7.209182830337325,7.145894601751547,7.056877541589953,6.540773440401767,7.020858979098482,,,7.393871243046704,7.099322126478862,7.1678903290125575,6.971974514003777,7.928650212436342,
ENSMUSG00000043085-C,0.0,0.0,0.9688103744562226,0.0,1.201086816065423,0.0,0.0,1.3761692453425427,0.0,,0.0,0.0,,0.0,1.0680554872113692,0.0,2.6198095436164515,,,0.8727598826207578,0.0,0.7711227158729893,0.0,0.8686232207515774,0.0,0.0,,,0.9674048923102424,0.0,1.0578286184819063,0.0,1.54132073842726,
ENSMUSG00000043257-C,2.418679371923628,3.03134235656842,2.532598773826906,2.138137563504853,1.84729786765765,2.8099004108689636,2.4737582927568313,3.032280577134576,2.36926775764794,,2.69102069229586,3.083201578726807,,2.2350113770874733,1.675007964280378,3.168685798330999,3.6030221383342673,,,2.9353278433826433,2.543344990983517,1.641449874184738,2.401325369831886,2.358845731896266,2.212784030876461,2.01153025227296,,,2.5302208690762416,2.303760115630847,2.0858962887955266,2.6213546220940547,3.111437600054451,
ENSMUSG00000043298-C,2.418679371923628,1.883967845402639,2.27169581750873,3.2486616392715377,0.0,2.4618615007939817,2.1427948453617223,1.3761692453425427,2.36926775764794,,3.0030704681086475,1.4120204056836572,,2.2350113770874733,2.429327355217106,1.2215959129652292,0.8935808599904828,,,3.456011120625007,0.0,2.389452305959414,2.401325369831886,2.1055702394493165,1.145283945259697,2.8205248563310685,,,1.541336626495835,2.4594104501768173,1.6615634406534388,0.0,3.639654752205806,
ENSMUSG00000043313-C,4.700116627791696,4.373869263088962,4.694204739759362,4.300902556653133,4.821796373391439,4.002783898283538,2.742784982129466,4.083878839528882,4.209493185613544,,4.512909815519537,4.44385171047969,,4.341975302691646,4.58668773266516,4.563449376629351,3.497405231262442,,,4.4448700720759104,4.200520436766171,4.048335749184918,4.122483625321924,3.987916772059367,3.5737464719259227,4.14376335637175,,,3.1114590032192178,3.965760067917714,2.9051150409108515,3.499087042803504,2.2693972934160422,
ENSMUSG00000043372-C,4.200634153951173,4.604132233530103,4.639848634876391,4.1706999010872465,3.934555044755374,3.8607457124971623,3.9821623310526646,3.7830643658576735,4.14299766649662,,4.861368725212117,4.600230503019307,,4.393785888058045,4.71270188738475,4.921483944515629,4.914783219223553,,,4.139408221510954,3.860197336073667,3.132999700652309,3.7916732345197177,3.5529861977234516,3.713582110297556,1.3311596570548716,,,4.02548275212475,4.06606486249894,4.355603108019191,0.8944330770159921,2.2693972934160422,
ENSMUSG00000043467-C,4.870576207817469,3.7610167080437464,4.028181593966573,5.499053189622769,4.682766141216052,5.121825011208729,5.0884363782893285,3.7830643658576735,4.333940744587301,,4.608226611648546,4.44385171047969,,4.443800156595397,4.519297308313774,4.086150710679919,4.786137744075979,,,4.69682163605729,4.995850696105276,4.42568240917794,3.999106096059519,4.4361611299794195,5.075584322680654,3.101018312374517,,,4.02548275212475,4.622026997524587,3.805452458367365,3.125967354164119,4.185507841054571,
ENSMUSG00000043510-C,3.2770365883185586,3.441827149251054,2.753466800942782,4.420321031248732,3.136645565127414,3.703180827881894,3.6307810679510832,3.6053134790057273,3.2224300065550993,,3.1369650396755486,3.4550410302589003,,4.23241421537003,3.288778564963921,3.699152832108313,2.402969793843818,,,4.205894027582234,3.1254898356485032,2.733957072035301,2.746422465537691,2.9273952328051136,3.048127979598824,3.872280659764173,,,3.746222763186613,2.9541737762086013,1.0578286184819063,4.0408772621977525,0.0,
ENSMUSG00000043635-C,1.0612255463732776,1.4822933651173062,0.0,0.0,2.9060517082773543,0.0,0.0,1.3761692453425427,0.8744882523316289,,0.0,0.8722754939741469,,0.0,1.675007964280378,0.0,2.147673398643941,,,0.0,0.9751738319309616,2.180461949771616,0.0,1.7981578459377747,1.7755955644782335,0.0,,,1.9508269527020643,0.0,0.0,0.0,0.0,
ENSMUSG00000043857-C,6.327855252382239,6.093226182418406,5.91523438430507,6.614049045407979,6.229785906018425,6.386638068758357,6.577639755429905,6.232734894414715,6.412258581332085,,6.803658017805787,6.305085867501816,,6.751955390291634,6.41681661149185,6.516946345811817,6.381058843074383,,,6.530256238016478,7.048317013389907,6.029019021862229,5.995837518786952,5.562288106031938,6.443683866229351,6.546569631791571,,,6.394254465449894,6.4346026541396455,5.892803311823157,6.771077249967113,6.084729598130219,
ENSMUSG00000043903-C,0.0,1.4822933651173062,2.27169581750873,1.4334760532826032,2.292011360782609,1.702496038550303,2.742784982129466,1.7628475801227037,2.115509598589792,,1.3557736240157023,2.934400040210273,,1.6891195143635438,2.696667789000302,3.9683212029619424,2.402969793843818,,,2.366199903278748,2.281998541109351,1.641449874184738,1.6514266395573065,2.358845731896266,1.145283945259697,1.3311596570548716,,,2.7510183104581927,1.7004218063870564,1.6615634406534388,0.8944330770159921,0.0,
ENSMUSG00000043948-C,2.6856076178598616,0.9236912118413654,2.753466800942782,2.9641894307294048,1.201086816065423,2.4618615007939817,1.0967492717572764,2.3188822613527895,1.8073849903108583,,2.69102069229586,2.1117629745024855,,2.7933262888489865,3.931292798388528,2.937387202743914,3.701431675444467,,,3.3423824086880285,2.764530519215672,2.180461949771616,1.2795471030274967,2.761591019909415,0.0,2.01153025227296,,,0.0,1.426248509167121,0.0,2.1491023054808034,0.0,
ENSMUSG00000044150-C,3.430329504878941,4.310064786369203,3.940955124187888,4.420321031248732,4.682766141216052,4.306599851272038,4.34754389195081,4.729689393978666,3.2224300065550993,,4.41084726600245,4.138401420971068,,3.984649161581813,4.2958915964377065,3.840005387602358,4.5945546101146215,,,4.550986184927251,4.274387138167632,4.275866088799327,4.3414856993539885,3.74295406855436,4.851680180270497,4.56929212029854,,,2.2694164769105942,3.7414430482125782,2.9051150409108515,2.8098578703146537,2.7509977021377465,
ENSMUSG00000044162-C,0.0,1.4822933651173062,0.0,0.0,0.0,0.0,0.0,0.0,0.0,,0.8316110494662632,0.0,,0.0,0.0,0.0,0.0,,,0.0,0.0,0.0,0.0,0.0,0.0,0.0,,,0.0,0.0,0.0,1.4424172899414331,0.0,
ENSMUSG00000044201-C,1.0612255463732776,0.0,0.0,0.0,0.0,1.3237104085262597,0.0,0.846305570751632,0.0,,0.0,0.0,,0.0,0.0,1.2215959129652292,0.0,,,0.0,0.0,0.7711227158729893,0.0,0.0,1.145283945259697,3.537586637374066,,,0.0,0.0,0.0,0.0,0.0,
ENSMUSG00000044216-C,9.172309479822497,9.57632974026142,9.7587767475837,9.327023941957808,9.228573480564004,8.897022912013233,9.37446673025624,9.11358193509956,9.018242193006651,,9.50865366992949,9.7068423609297,,9.686678094302454,10.068079951682524,10.171451201468694,9.946308295616976,,,9.433994511217517,9.64867895625619,9.10335638376172,9.099335102224488,9.19414384610341,8.990911407210612,8.911653635529103,,,9.60833115351448,9.11501782421648,9.514146366950976,9.250503380571653,9.799837712095508,
ENSMUSG00000044328-C,2.6856076178598616,2.4554423935427265,3.402211944982682,2.138137563504853,2.9060517082773543,1.3237104085262597,2.1427948453617223,1.7628475801227037,0.8744882523316289,,1.7394224912174236,1.8039062995588535,,1.987732424191134,2.9221280948258475,2.66179105737093,2.8082760478821935,,,2.366199903278748,1.5517650907126677,2.180461949771616,1.6514266395573065,2.761591019909415,0.0,2.8205248563310685,,,1.541336626495835,2.1292630581191667,2.413372980792649,3.499087042803504,0.0,
ENSMUSG00000044337-C,3.2770365883185586,3.7610167080437464,4.028181593966573,4.1706999010872465,4.160973786948527,3.8607457124971623,4.426063711373963,3.9412977455678506,3.8413414125129752,,4.2427889738829485,3.4550410302589003,,4.1743468699676285,4.031437387137405,3.9683212029619424,3.124333732221476,,,3.5613400039776715,4.344655325790623,3.621238133361342,3.7916732345197177,4.641064336689453,3.713582110297556,1.3311596570548716,,,3.845438166100454,3.6146860835769976,4.194460135632236,3.703135021136939,3.639654752205806,
ENSMUSG00000044550-C,8.759914638323313,8.887827650541238,8.763622011568025,8.477766840168943,8.576085655026294,8.540179716640974,8.42045181280516,8.913273253684421,8.703368835851858,,8.894272120989765,8.879859170016578,,9.157949998534503,8.981391949825552,8.99013040808215,9.003083780286964,,,9.051074483020784,8.918681478524844,8.721550465209072,8.623191582352604,8.462877421173571,8.206969763552697,8.256094127820713,,,8.718844139958152,8.748795982152876,8.757011760661145,8.594835127781327,8.672282425567873,
ENSMUSG00000044791-C,7.3765935350853455,7.311661248366002,7.127197581064562,7.58126320315692,7.623284063432263,6.903811286254716,7.284164793811941,6.856690777355597,7.173302517734987,,7.308281354759592,7.481696458925802,,7.047138182959842,7.575257611970175,7.341429875485874,7.527987128451032,,,7.598645966961327,7.6505976883646705,6.868908539595556,7.131277574219494,7.029777225537924,7.319748472186693,7.149670901583565,,,6.8415090698073335,7.051183263392415,6.727024619920637,6.665177782270061,6.648920322035272,
ENSMUSG00000044816-C,2.090890740391519,1.4822933651173062,1.9529590040861384,2.609495240548126,2.6314563966651643,0.0,2.1427948453617223,2.532901923184754,2.772625439053359,,2.855466091184482,0.8722754939741469,,3.508613656214325,2.696667789000302,3.840005387602358,2.6198095436164515,,,2.9353278433826433,3.860197336073667,1.935983705110964,2.584167946796685,2.9273952328051136,1.7755955644782335,0.0,,,1.541336626495835,2.4594104501768173,1.6615634406534388,0.8944330770159921,0.0,
ENSMUSG00000044927-C,5.845705216960422,5.8230278143487135,6.4611940504267205,6.39827146507826,6.152850945718772,5.803815993352294,5.540675110564346,5.869085534204049,5.497227704024088,,5.796416371952747,6.923974425577769,,6.097599970789213,6.398179748007456,6.749046630829882,6.439259986090325,,,6.504073050895981,6.23596844853448,5.9321739967427956,5.979609225963587,6.085328737857546,6.273319796066434,5.909914352375509,,,6.182871356711661,5.642026338427264,6.19928608019377,5.340150858102525,6.534640640614436,
ENSMUSG00000045005-C,0.0,0.9236912118413654,0.9688103744562226,0.0,0.0,1.3237104085262597,0.0,0.0,0.0,,0.8316110494662632,1.4120204056836572,,1.3121223935613218,0.0,1.2215959129652292,1.8372750529254864,,,0.0,0.0,1.935983705110964,2.584167946796685,0.0,1.145283945259697,2.8205248563310685,,,0.0,1.426248509167121,0.0,2.976553207704254,3.111437600054451,
ENSMUSG00000045007-C,6.860349042318057,7.466012518905504,7.588303921226788,6.757035594095388,6.974027819002761,6.867129983720079,6.6283380797813285,6.856690777355597,6.858022727620711,,7.377560897533684,7.799322286673484,,7.1710850351375655,7.575257611970175,7.724262692407779,7.473324199278122,,,7.218654658359932,7.100018953980519,6.75082354093359,7.063603924098773,6.8137701949377085,6.6317391003942445,6.081214516088182,,,7.229106755949058,6.775584644301358,7.189435648232557,6.713206296061094,7.0740620883522665,
ENSMUSG00000045036-C,2.6856076178598616,3.181526091046473,2.9449675252531367,3.690056043985187,3.5100788664663383,1.3237104085262597,2.1427948453617223,2.532901923184754,2.36926775764794,,2.2922982217170365,3.083201578726807,,0.8003576570276729,2.429327355217106,2.320812859996769,1.4412513726916425,,,2.112583478009447,1.5517650907126677,3.132999700652309,3.0246987074308613,3.447716039931815,2.547841273150182,1.3311596570548716,,,2.7510183104581927,0.6438468756903795,2.6800946312329175,2.1491023054808034,3.111437600054451,
ENSMUSG00000045210-C,6.860349042318057,6.474149354317395,6.705707179633463,6.948012406297396,6.943898315259627,6.545969310923189,6.8438864532296115,6.5229279065315975,6.716575389373248,,6.938153679687499,7.265106850010307,,6.711695796947272,6.846079315524949,6.766802943161034,7.074825654393717,,,6.689760367659822,7.130173500387068,6.760258180980262,6.784157246689743,6.534140571463471,6.7980841004864825,5.67326231975404,,,6.344240830097475,6.804912030841753,6.111722862911141,6.537607970686954,4.46052582652635,
ENSMUSG00000045790-C,5.899223568075901,6.074146390342357,6.277577209019324,5.13008005046512,5.616702850349952,6.00292295228367,5.540675110564346,5.788074604435832,6.294662308031573,,6.331391786166454,6.605013510565325,,6.405876804323094,5.802975869139889,6.240210242253849,6.335813416274298,,,6.350899762247737,5.75817771283436,6.090149449220046,6.177546666935104,5.956940601503779,5.763503211525868,5.336899529548905,,,5.663249288214105,5.625683494466205,5.839289104729767,6.158419851066543,6.201694986055745,
ENSMUSG00000045980-C,4.506783943337601,5.169185037760423,5.5529564369063085,4.300902556653133,4.821796373391439,4.68935462916142,4.426063711373963,4.083878839528882,4.604902423615066,,5.234369695218224,5.844919245706681,,5.642157593133574,5.173582353370481,5.61334413183785,5.5379924389164055,,,5.382908125616131,5.1607431443930505,5.004064632401693,4.531582777984604,4.3800415792698475,4.167241691823022,4.474090557491965,,,5.22118758575261,4.864161160386767,5.110015400988178,4.832086780670741,5.14530861675487,
ENSMUSG00000046058-C,7.578735674776285,7.605434439733101,7.566613708629003,7.474927369703451,6.943898315259627,7.358302282463915,7.346057921267574,7.641508913688638,7.4178943640967505,,7.837086121728026,7.857311138070694,,7.949470118080116,7.811904722226298,7.733321990444396,7.813017842737903,,,7.816432640199877,7.961337746119102,7.249936714727065,7.0166576626587345,7.439765995672876,6.961316019258113,6.9694264269235235,,,7.669082665106966,7.599422242331841,7.360637984084064,7.112915727830255,7.847201485864819,
ENSMUSG00000046139-C,5.245948725748981,4.373869263088962,4.3992905121214605,5.65329065696997,4.948598279506496,5.5027496338110025,5.642847838439732,4.729689393978666,5.202981011204615,,5.292925589003547,5.096848563117327,,5.620575647482715,4.71270188738475,4.642517804416558,4.99458584814839,,,4.139408221510954,5.199181076939753,5.004064632401693,5.453808154536049,5.587287444961878,4.967971598174785,4.56929212029854,,,4.32958319926474,4.8360253882851625,4.632239671461196,5.108369377774447,3.639654752205806,
ENSMUSG00000046157-C,5.2866822703791,5.5467429621816,5.796023605435988,5.058246109287047,5.120075235611372,4.921734476826054,4.5005297109556714,5.205748127152371,4.832930632533778,,5.601695558275629,5.906142558829412,,5.765279140116933,5.487493535305077,6.161855633422815,5.564384357205224,,,5.353880907569391,5.8576527487871335,5.291170960506565,4.659334832483568,5.222667844184494,5.357291163034704,6.015114639287953,,,5.361889365568656,4.918838219969747,5.4326267231621825,5.539797847017251,5.817818749458453,
ENSMUSG00000046230-C,6.873779526229347,6.690050129551339,7.107304154473197,7.404253787152375,7.504451948307105,6.903811286254716,6.8438864532296115,6.607993252898082,6.783585674064834,,7.052725633496785,7.037777701744479,,6.72186651025223,6.926315145912565,6.656831114735226,7.0090946178307405,,,7.0204821896422684,7.272159560338389,6.8513589147421206,6.6674343692098645,6.95491767024183,6.859599102275098,6.879408331718338,,,6.377775151174897,6.667972917502298,6.521535331462052,6.087305481548653,6.238667014056643,
ENSMUSG00000046719-C,5.2866822703791,5.653431001994375,5.693012380482523,5.7012444133081654,5.654403050858129,3.784113270972422,5.2697004967133365,4.388690700696569,4.954237047869682,,5.173336229638752,5.714079731355354,,5.305959812428818,6.453383268376466,5.3561918466345055,5.759753865698492,,,6.350899762247737,6.038125115181692,4.685430427923396,5.305457830624016,4.3800415792698475,3.8410535456100336,5.281743096138518,,,5.768129583832366,4.971518505977801,6.134116928807066,5.370419795672076,6.0011283885167845,
ENSMUSG00000046916-C,0.0,0.0,0.9688103744562226,1.4334760532826032,1.201086816065423,0.0,1.0967492717572764,0.0,0.0,,1.3557736240157023,0.8722754939741469,,1.3121223935613218,0.0,0.0,0.0,,,0.8727598826207578,0.9751738319309616,0.0,1.2795471030274967,1.7981578459377747,0.0,2.4720055205074685,,,1.9508269527020643,0.0,0.0,0.0,0.0,
ENSMUSG00000046991-C,2.418679371923628,2.673957838819107,1.9529590040861384,3.690056043985187,3.136645565127414,2.6463508127993287,3.4916609888554997,3.032280577134576,3.459469887214497,,2.69102069229586,2.7684670172004537,,2.6301094702480934,3.442207073065027,2.66179105737093,3.3834412183032643,,,3.084143061959374,2.764530519215672,3.4452450558239938,2.892259673652012,2.5742268621828144,3.418887887081104,0.0,,,2.5302208690762416,1.7004218063870564,2.0858962887955266,0.8944330770159921,3.639654752205806,
ENSMUSG00000047022-C,2.6856076178598616,1.4822933651173062,2.9449675252531367,4.300902556653133,2.6314563966651643,2.6463508127993287,3.337679642492369,2.3188822613527895,2.772625439053359,,3.0030704681086475,2.3653396025461224,,2.9399402873012845,2.696667789000302,1.2215959129652292,2.9749426595913873,,,2.9353278433826433,3.2769287369170383,2.733957072035301,1.6514266395573065,2.761591019909415,0.0,1.3311596570548716,,,1.541336626495835,2.303760115630847,2.413372980792649,2.976553207704254,0.0,
ENSMUSG00000047139-C,2.910774933198879,2.4554423935427265,0.9688103744562226,1.4334760532826032,1.201086816065423,2.2502722058212323,2.4737582927568313,3.032280577134576,2.36926775764794,,2.042184285849804,3.4550410302589003,,2.9399402873012845,0.0,0.0,2.8082760478821935,,,3.456011120625007,1.5517650907126677,1.935983705110964,1.2795471030274967,0.8686232207515774,2.212784030876461,2.01153025227296,,,0.9674048923102424,0.6438468756903795,0.0,2.6213546220940547,0.0,
ENSMUSG00000047146-C,4.759202787955333,4.310064786369203,4.188248079279862,5.263833514387339,4.753955375011224,4.250740687367286,4.17638954145701,3.402543765077897,4.073288576728454,,3.9101655294280664,4.6957954184464645,,3.4114162920058955,4.031437387137405,4.563449376629351,4.312606643409669,,,4.139408221510954,5.343443363322432,3.701788008824327,4.439662999975433,3.74295406855436,4.725186468458616,3.872280659764173,,,4.02548275212475,3.7414430482125782,3.6892717228661702,2.976553207704254,4.329560199344903,
ENSMUSG00000047260-C,7.920341853463083,7.762667587213772,7.725125769994387,7.568392013678087,7.386193511863592,7.555622599147377,7.434186930474938,7.703569079827246,8.000041930946404,,8.008495613086717,8.013852118495707,,7.725163904174652,7.887343710788691,8.04845963466568,7.768308264199124,,,7.728704836091852,7.731504320577346,7.614863450315585,7.655220662602489,7.650136523942308,7.157770355655065,7.224703455670969,,,7.900110455712265,7.648781206041793,7.644220003712265,7.926022882382515,7.57099586992891,
ENSMUSG00000047412-C,6.247595919739393,6.202691347433494,5.982302099165885,6.614049045407979,6.621093659805925,6.192753225424932,6.693278143818411,6.104771423621481,6.19971386749745,,6.575013713541899,6.462829838099875,,6.273849295576005,6.506552089150127,6.474354925009654,6.575251345363132,,,6.517224042826975,6.678314150941273,6.480986760703034,6.6263294369063175,6.3271174863895006,6.317833674692359,6.048543106369221,,,5.935110196826683,5.948341777972939,6.487152874952511,6.140967184128511,6.621187808483981,
ENSMUSG00000047419-C,4.112746069128248,4.022222530925879,3.527256332227863,4.027570206271769,4.052201677285168,2.6463508127993287,3.337679642492369,1.7628475801227037,3.6630037848267736,,3.3724032164142397,3.995471990197128,,3.508613656214325,3.288778564963921,3.9683212029619424,3.9618350060548617,,,3.456011120625007,3.9530948628601985,3.4452450558239938,1.6514266395573065,3.651094645758103,3.713582110297556,3.537586637374066,,,4.32958319926474,3.1497241621459846,4.106594402699193,2.404466208288875,0.0,
ENSMUSG00000047454-C,6.476105802520261,6.287966843035933,6.127638935421739,7.025399807468608,6.928594269004085,6.279055431249451,6.594737919632714,6.471967978989006,6.693528646165653,,6.655322704050326,6.305085867501816,,6.3804202392219205,6.2186373231339225,6.214561985536743,6.56221475335545,,,6.290905752626847,6.565142777282401,6.148794585676612,6.830135852123289,6.3852922388537126,6.463631532663756,6.204968622015712,,,6.327176761654603,6.307175263264584,6.156168692006873,5.178477634731233,5.490056390463297,
ENSMUSG00000047591-C,2.910774933198879,2.4554423935427265,0.9688103744562226,2.138137563504853,3.136645565127414,2.9567828186877194,0.0,2.3188822613527895,0.0,,3.1369650396755486,3.3414202912602526,,2.7933262888489865,1.675007964280378,2.937387202743914,2.402969793843818,,,3.2190330748149605,1.5517650907126677,1.270944323129923,3.2578804018563177,2.1055702394493165,2.212784030876461,0.0,,,2.5302208690762416,3.6146860835769976,2.9051150409108515,3.96356176193868,3.399587007767687,
ENSMUSG00000047694-C,5.474700013679845,4.848289405663465,5.638610474659262,5.198506277052428,4.528894874093235,5.5953648599735635,5.76871247212031,5.869085534204049,5.523603136332226,,5.2639447039700595,5.691071230221207,,5.33275229413072,5.715356997036679,5.155149414787842,5.564384357205224,,,5.845968070577831,5.732199041385865,5.530514978929898,4.885210773049062,4.862018147026571,5.518540621611381,4.8221626768812405,,,4.980493639492919,5.142081917379484,5.537153993323651,5.738541844008359,3.8454156461999536,
ENSMUSG00000047789-C,6.162607245732517,5.4902866300912345,5.4618942720088475,5.326330345683369,5.577990980361486,5.661122044628882,5.504943710830131,5.907946627080504,5.549505016057975,,5.7760339726711765,5.802610937851684,,5.896782669068075,5.774356788906187,5.652075772265164,5.6407813482760165,,,6.05878930800938,6.160054898799062,5.948773054280709,5.522629174160855,5.87809678872042,5.440167569237691,6.11316240072379,,,4.980493639492919,5.796014201877564,5.50314615290747,5.871471874848993,5.427384399414453,
ENSMUSG00000047909-C,4.361814742642791,4.549919509612398,3.748883930068221,4.902866615433742,4.948598279506496,5.090344896689942,4.5005297109556714,4.772434856206455,4.832930632533778,,4.973023080363142,4.497883404005345,,4.791563079148306,4.4486040679813845,4.983542976533997,4.18234514583629,,,5.263121410795831,5.1607431443930505,4.108669900741658,3.8641823602813914,4.542247431043634,4.167241691823022,4.474090557491965,,,3.746222763186613,4.247903002566216,3.912970404851044,4.0408772621977525,3.111437600054451,
ENSMUSG00000048154-C,6.327855252382239,6.3994705234675955,6.363945712770218,6.779547242845372,6.928594269004085,6.613963752388341,6.785515966224602,6.61974611797455,6.597473513348818,,6.598418910790037,6.677040784220642,,6.771671573552533,6.1534559172761,6.53777963107256,6.638723725273925,,,6.925033027355661,6.678314150941273,6.673039368685811,6.437255266636636,6.5846731969148085,6.596038118465647,7.267918567608959,,,5.768129583832366,6.317387065584131,6.301757790935005,5.871471874848993,6.377751238525248,
ENSMUSG00000048280-C,5.474700013679845,5.518790938528947,5.5529564369063085,5.386231883212921,5.273318691874047,5.9687061245669355,5.609587820742397,5.9826627834069726,5.969667774610442,,6.5512225375768685,5.714079731355354,,5.914627309344491,5.8585651808694195,5.831520306680389,5.89066907483695,,,6.05878930800938,6.308086374294531,5.754748609691141,5.842759860813478,5.484580845433025,4.967971598174785,5.6297514215943645,,,5.065265859574233,5.674166902230191,5.634616922337999,5.400066694388338,5.490056390463297,
ENSMUSG00000048537-C,5.9508274066533255,5.678914279734958,6.241528092247083,6.10933303827233,6.178954455796129,5.744380842103868,5.707152316760243,5.9826627834069726,5.890812316161826,,5.578343890619702,6.580182517637815,,6.594813254615875,5.487493535305077,5.831520306680389,6.522382900724791,,,6.822818690049529,6.308086374294531,6.0133229373058175,5.979609225963587,5.956940601503779,5.628652996397655,7.337185924588376,,,5.327979353604507,5.674166902230191,5.811768730702275,6.192704287541137,6.5929117350056785,
ENSMUSG00000048655-C,1.6660324636864343,0.0,0.0,1.4334760532826032,1.84729786765765,0.0,1.0967492717572764,0.0,1.4150638090347123,,1.3557736240157023,0.0,,2.6301094702480934,1.0680554872113692,0.0,0.8935808599904828,,,0.8727598826207578,0.9751738319309616,0.7711227158729893,0.0,0.8686232207515774,0.0,0.0,,,0.0,0.6438468756903795,0.0,0.0,0.0,
ENSMUSG00000048921-C,2.6856076178598616,3.3175393399239037,3.940955124187888,3.690056043985187,2.9060517082773543,2.8099004108689636,3.874272644065696,3.2893625141918443,2.115509598589792,,3.4771243393449116,3.4550410302589003,,3.5996739263906603,4.125079381585428,3.840005387602358,3.9618350060548617,,,3.084143061959374,2.543344990983517,3.7780773780277177,2.746422465537691,1.7981578459377747,2.819562531975392,1.3311596570548716,,,4.1855307145708,3.321904809563751,1.6615634406534388,0.8944330770159921,4.025460034672541,
ENSMUSG00000049122-C,4.112746069128248,3.7610167080437464,3.265291998573044,3.690056043985187,3.5100788664663383,3.3246007403200424,3.874272644065696,3.7830643658576735,4.333940744587301,,3.4771243393449116,4.44385171047969,,4.538909618475811,4.031437387137405,4.642517804416558,4.43207460917602,,,3.659499454058248,3.539116440574672,3.244760474119069,2.746422465537691,3.651094645758103,3.713582110297556,3.537586637374066,,,1.541336626495835,2.727898487286808,3.912970404851044,3.6047154770664913,0.0,
ENSMUSG00000049124-C,1.6660324636864343,2.673957838819107,1.9529590040861384,1.4334760532826032,1.84729786765765,2.6463508127993287,2.1427948453617223,2.7192353881313043,2.36926775764794,,3.0030704681086475,1.8039062995588535,,2.7933262888489865,2.1009160241147065,0.0,1.4412513726916425,,,2.9353278433826433,1.962598682968702,1.270944323129923,1.9468263315634875,2.1055702394493165,2.547841273150182,0.0,,,1.541336626495835,2.4594104501768173,2.6800946312329175,0.8944330770159921,3.399587007767687,
ENSMUSG00000049230-C,2.6856076178598616,2.673957838819107,2.27169581750873,3.4861740589936105,3.136645565127414,1.702496038550303,0.0,2.3188822613527895,2.115509598589792,,0.0,2.934400040210273,,0.8003576570276729,2.9221280948258475,0.0,3.497405231262442,,,2.9353278433826433,1.962598682968702,1.935983705110964,1.9468263315634875,0.8686232207515774,1.7755955644782335,0.0,,,1.9508269527020643,1.7004218063870564,1.0578286184819063,2.404466208288875,0.0,
ENSMUSG00000049553-C,5.761510440637426,5.4902866300912345,5.296055054779287,5.263833514387339,5.654403050858129,4.8483561740822365,4.264503345046947,4.442622844884783,5.101578895779515,,5.292925589003547,5.73672703939649,,5.705031388170234,5.715356997036679,5.689794723071857,5.564384357205224,,,4.7864501193042175,5.6513324722104334,5.096349387777901,4.617995133648742,4.733544525276869,4.967971598174785,6.015114639287953,,,4.794362111747247,3.965760067917714,5.396030787432728,5.993180406336221,4.185507841054571,
ENSMUSG00000049600-C,4.28347420323216,5.095401878315402,5.5529564369063085,5.5523189975045355,4.753955375011224,4.8483561740822365,4.5005297109556714,4.274372999508628,4.954237047869682,,5.204175692290074,5.262081826967185,,5.071567212984205,5.258691899999647,5.490489914344357,5.826695924225065,,,5.166266667433585,4.200520436766171,4.685430427923396,4.986137502541371,4.260795788795305,5.2233027581692975,5.53858320263567,,,5.105854363727924,4.891758702119145,4.916882105380915,5.457593100936543,5.427384399414453,
ENSMUSG00000049929-C,2.418679371923628,1.883967845402639,1.5432246700768597,1.4334760532826032,2.9060517082773543,2.4618615007939817,2.969442418789574,3.6053134790057273,3.08749998429564,,0.8316110494662632,2.1117629745024855,,3.194853116705421,2.9221280948258475,1.8734553036471215,2.147673398643941,,,2.366199903278748,2.543344990983517,1.935983705110964,2.746422465537691,2.1055702394493165,2.212784030876461,0.0,,,1.541336626495835,2.845467778033953,2.0858962887955266,2.6213546220940547,3.111437600054451,
ENSMUSG00000050164-C,5.023006821554862,5.752769771051547,5.14812620707244,4.8184146398616825,4.445332657100411,4.771044768205046,5.2697004967133365,4.813950177861993,4.502540578785094,,5.455555341530577,5.438224337931469,,5.33275229413072,5.173582353370481,4.788733167722002,5.5379924389164055,,,5.32425764497948,5.5055858001062985,4.8710498562457705,4.575435833627302,4.4361611299794195,4.967971598174785,5.1646701437537805,,,5.520423825414303,5.16488177526458,5.0166781822465,4.114259253231501,5.3618657504251575,
ENSMUSG00000050174-C,2.6856076178598616,2.1978183102091036,3.1140018458952654,2.609495240548126,2.6314563966651643,3.0900831294315263,1.0967492717572764,2.7192353881313043,2.115509598589792,,3.83333715411923,3.083201578726807,,3.508613656214325,2.429327355217106,2.937387202743914,3.6030221383342673,,,3.456011120625007,3.2769287369170383,3.621238133361342,2.892259673652012,3.447716039931815,3.048127979598824,2.4720055205074685,,,2.2694164769105942,2.845467778033953,2.6800946312329175,3.3851096075210654,4.185507841054571,
ENSMUSG00000050213-C,4.506783943337601,4.173310463027411,2.532598773826906,4.5306059070680975,4.356631248498362,4.991560559280916,3.9821623310526646,4.388690700696569,4.39235751364384,,4.65362297547325,4.204884498283597,,5.006494539162363,4.213011992017143,2.937387202743914,4.039144331588991,,,4.601253901034637,3.413970484719136,4.275866088799327,4.236136261201466,4.260795788795305,4.433109159406927,4.14376335637175,,,4.02548275212475,4.330892291115861,3.2711816746923503,4.2506936775103235,4.185507841054571,
ENSMUSG00000050315-C,3.1054976846716587,2.673957838819107,1.5432246700768597,2.138137563504853,2.6314563966651643,2.4618615007939817,3.1652780041662503,2.7192353881313043,1.4150638090347123,,2.2922982217170365,2.1117629745024855,,2.2350113770874733,2.429327355217106,2.937387202743914,2.402969793843818,,,2.112583478009447,1.5517650907126677,1.935983705110964,0.0,1.4069932691538003,0.0,2.4720055205074685,,,1.9508269527020643,2.4594104501768173,3.0997279733373246,2.6213546220940547,0.0,
ENSMUSG00000050334-C,6.733493028539443,6.167117892890339,6.185707051128839,7.116638532701875,6.502073331395445,6.810297738104382,6.8438864532296115,6.350267257280306,6.2479690549440825,,6.783378392824178,6.778757496720619,,7.2434706946456995,6.686280878431464,6.516946345811817,6.651089850553802,,,6.854250482441044,7.058806692107984,6.547885541090292,5.824703575956722,6.715150234545891,6.540773440401767,7.403279389168395,,,5.5501425085122,6.4532450566733575,6.177888459640164,5.892483089895763,5.490056390463297,
ENSMUSG00000050423-C,4.506783943337601,4.604132233530103,4.797133827951933,4.027570206271769,3.665864844922387,4.68935462916142,4.264503345046947,3.6053134790057273,4.653482661342376,,4.052540407166058,4.869803673597706,,5.222460996108933,4.519297308313774,5.308496248131626,5.615762511346932,,,5.166266667433585,5.273114657741158,4.166581811472687,4.738621725110365,4.130798409601337,3.958170733316668,3.71461776200454,,,4.32958319926474,4.4470585397514295,4.277280327333589,4.596323382227103,4.980470202450622,
ENSMUSG00000050503-C,0.0,0.9236912118413654,1.5432246700768597,2.138137563504853,0.0,0.0,0.0,0.0,0.8744882523316289,,1.3557736240157023,0.0,,0.8003576570276729,0.0,1.8734553036471215,0.0,,,0.8727598826207578,0.0,0.7711227158729893,0.0,0.8686232207515774,0.0,0.0,,,0.0,0.0,0.0,0.0,0.0,
ENSMUSG00000050538-C,6.422281186707099,6.888768773644335,6.581432251733276,7.0441150047503465,6.640009622746282,6.320344719603447,6.6611734745248805,6.277938966042666,6.369275395833852,,6.412858281805863,6.7002723376387054,,6.24592940785711,6.453383268376466,6.6182286500276595,6.626250686118989,,,6.504073050895981,6.795846130181377,6.536948957685287,6.163248415049496,6.5722050057527435,6.71730775348062,6.39887466624681,,,5.912406842639173,6.296890663340551,6.19928608019377,6.397653921756251,6.274715184249747,
ENSMUSG00000050619-C,2.910774933198879,2.1978183102091036,3.940955124187888,2.138137563504853,1.201086816065423,3.5262732991065455,3.337679642492369,2.532901923184754,2.772625439053359,,2.69102069229586,2.580938305492785,,2.6301094702480934,2.429327355217106,3.3679746106824373,1.4412513726916425,,,1.8046680709167229,2.543344990983517,3.0118486721666375,3.0246987074308613,2.5742268621828144,0.0,1.3311596570548716,,,3.3996089179664075,2.9541737762086013,3.2711816746923503,2.1491023054808034,0.0,
ENSMUSG00000051029-C,0.0,0.0,0.9688103744562226,0.0,2.292011360782609,0.8086282278702569,0.0,0.0,0.0,,0.8316110494662632,0.8722754939741469,,0.8003576570276729,0.0,1.2215959129652292,0.0,,,0.0,0.9751738319309616,0.7711227158729893,0.7772103564006736,0.8686232207515774,1.145283945259697,0.0,,,0.0,0.6438468756903795,0.0,0.0,0.0,
ENSMUSG00000051124-C,1.6660324636864343,0.9236912118413654,0.0,0.0,2.292011360782609,1.3237104085262597,0.0,0.846305570751632,1.8073849903108583,,1.3557736240157023,0.8722754939741469,,0.8003576570276729,1.0680554872113692,1.2215959129652292,1.8372750529254864,,,2.366199903278748,0.0,0.7711227158729893,1.6514266395573065,0.0,0.0,0.0,,,0.9674048923102424,0.6438468756903795,1.6615634406534388,0.0,1.54132073842726,
ENSMUSG00000051278-C,2.6856076178598616,3.8534406654036033,2.753466800942782,3.4861740589936105,3.665864844922387,3.703180827881894,3.1652780041662503,3.7830643658576735,2.584997580289027,,3.666196903537223,3.083201578726807,,3.766177223083601,2.1009160241147065,4.642517804416558,3.701431675444467,,,4.205894027582234,2.281998541109351,2.8795834812224355,3.2578804018563177,3.651094645758103,2.547841273150182,3.537586637374066,,,1.541336626495835,3.321904809563751,1.6615634406534388,0.8944330770159921,0.0,
ENSMUSG00000051285-C,7.611171692627419,7.287015326933015,7.231962843097411,7.838760125957981,7.430326274222432,7.160295456537961,7.756346446592272,7.119305808290389,7.069715309825334,,6.598418910790037,7.31110429093912,,6.691136704980312,7.389601649796575,7.124459741583842,7.521266460029235,,,7.407063798162063,7.763920650941247,7.101957704491351,7.0166576626587345,7.473679686637687,7.394391787020838,6.841767209126835,,,7.172907818184244,6.833655102880086,6.555117419205378,6.510682272290074,6.344216924292553,
ENSMUSG00000051346-C,3.568887481409009,3.8534406654036033,1.5432246700768597,4.902866615433742,4.160973786948527,4.1320828077925915,3.1652780041662503,3.032280577134576,3.459469887214497,,3.0030704681086475,3.083201578726807,,3.508613656214325,3.5808757985520483,3.3679746106824373,4.248945565678337,,,3.3423824086880285,3.413970484719136,2.5719634942468153,3.3617092928764207,1.7981578459377747,3.245385555138888,2.01153025227296,,,3.5246307075254704,3.238381608210145,3.0997279733373246,4.787916007570551,2.2693972934160422,
ENSMUSG00000051730-C,4.200634153951173,3.556251698652685,4.983277885774557,4.420321031248732,4.445332657100411,4.771044768205046,4.264503345046947,4.729689393978666,4.745994904022693,,5.076653463283625,4.648804100198322,,4.584211939071658,4.125079381585428,4.788733167722002,5.275840962070013,,,4.69682163605729,4.6523116022232385,4.799641654254227,4.531582777984604,4.3800415792698475,3.8410535456100336,3.537586637374066,,,3.938267275349735,4.588689838211657,3.805452458367365,4.314358941849066,5.817818749458453,
ENSMUSG00000051790-C,7.900794625817216,8.142853729330115,8.189808317991611,8.000817264968417,7.922660609254261,8.019766135588483,8.158259323885579,8.08896281135926,8.130183453645081,,8.545671222519735,8.314104113726238,,8.517967255730433,8.54206180924622,8.587324080201917,8.507166653987204,,,8.23783544127519,8.198008116224798,7.943624142386329,8.081199043792108,7.764147928906442,7.735264274010425,7.441529244076454,,,8.269655537672516,8.240765545087005,8.407701612520075,7.842110735667543,7.599700484524412,
ENSMUSG00000052302-C,7.348009328366956,7.327861020674676,6.903231463815602,6.987224935519179,7.032462403009875,6.9658415282484185,6.82951373781938,6.998473898847852,6.888784989047221,,7.443665456484698,7.882918385244289,,7.447237645285227,7.097811899742801,7.581068744213525,7.606283997623238,,,7.135815080619649,7.0377505064079555,7.056732050509478,6.8391583123595545,7.177020869705128,6.813710493729268,6.7225662644091155,,,7.369074498388717,7.032708853578557,7.01940958304144,6.6773356383548546,6.534640640614436,
ENSMUSG00000052353-C,3.6952964858036528,3.441827149251054,4.028181593966573,4.420321031248732,2.6314563966651643,4.991560559280916,3.337679642492369,4.083878839528882,4.39235751364384,,4.608226611648546,4.0687060047474946,,4.050692283249386,4.031437387137405,4.296357293218538,3.7935549888483817,,,4.139408221510954,4.274387138167632,4.327552898761735,2.1919001964604257,3.74295406855436,5.269362152802617,3.71461776200454,,,3.639677013987396,4.159846911604113,4.429891870503082,4.433834282634663,3.639654752205806,
ENSMUSG00000052917-C,6.072296777669593,5.703955231267702,5.330783075746096,6.563054213469386,6.481245767293226,6.052773075853739,6.394492516485472,5.849255262917923,5.988726119241419,,6.003453817548766,5.823920177289679,,5.663421437213151,5.963703291999701,5.960560157932868,6.173844355382441,,,6.244214096033418,6.474028794068382,5.696967789097287,6.191704601326645,5.816000886225711,6.105724368234886,6.546569631791571,,,5.742615612720075,5.413602663406433,4.429891870503082,5.973595382920131,6.274715184249747,
ENSMUSG00000052957-C,3.2770365883185586,3.181526091046473,3.527256332227863,3.690056043985187,4.2621168478008205,3.3246007403200424,3.757657697182688,3.1665403446796927,3.922871459374952,,4.561355250989647,3.750415480446991,,3.984649161581813,2.429327355217106,3.699152832108313,2.402969793843818,,,2.112583478009447,2.281998541109351,3.4452450558239938,3.7153260891446704,3.651094645758103,3.958170733316668,3.71461776200454,,,2.7510183104581927,3.546870800999621,4.013028251677092,5.178477634731233,3.399587007767687,
ENSMUSG00000053062-C,3.9190677346575544,4.7555239914050125,4.463293696425591,4.8184146398616825,4.607880936945847,4.921734476826054,4.34754389195081,5.4881295367462,4.91492408633389,,5.042930383709155,4.268438355811233,,5.071567212984205,3.707376963716697,4.195079115277823,4.786137744075979,,,4.550986184927251,4.536997508552419,4.108669900741658,4.738621725110365,4.688045329191448,4.586526700192765,2.8205248563310685,,,4.743818998588079,4.654611183132021,4.194460135632236,4.375333037779137,4.46052582652635,
ENSMUSG00000053178-C,0.0,0.9236912118413654,0.9688103744562226,1.4334760532826032,2.292011360782609,2.4618615007939817,2.742784982129466,1.7628475801227037,0.0,,1.7394224912174236,2.3653396025461224,,2.6301094702480934,1.0680554872113692,1.2215959129652292,0.0,,,1.8046680709167229,0.9751738319309616,1.641449874184738,2.746422465537691,1.4069932691538003,0.0,2.4720055205074685,,,2.2694164769105942,2.303760115630847,0.0,2.976553207704254,0.0,
ENSMUSG00000053477-C,10.852905908248294,10.560894519868013,10.564506167180186,10.721406274176257,10.825422134467196,10.812735776842956,10.776016657708285,10.78882148838751,10.756737374840275,,10.846904338141222,11.027447291273694,,10.717280532716064,10.844635913354049,10.94478176932499,11.024333386820478,,,10.991299318869652,11.033415773161389,10.770665594495322,10.935895198419152,10.980995854819843,10.673684251496857,10.58139724642079,,,10.337118156005582,10.770173440601663,10.39178993272676,10.601634986995853,10.12020427421912,
ENSMUSG00000053545-C,0.0,2.1978183102091036,0.9688103744562226,2.609495240548126,0.0,0.0,0.0,1.3761692453425427,0.0,,0.8316110494662632,2.3653396025461224,,1.3121223935613218,0.0,0.0,0.8935808599904828,,,1.8046680709167229,3.1254898356485032,0.7711227158729893,0.0,0.8686232207515774,1.145283945259697,2.01153025227296,,,1.541336626495835,0.0,0.0,0.0,0.0,
ENSMUSG00000053693-C,6.072296777669593,6.336813028630499,6.537508833448494,6.563054213469386,6.372343886853783,5.6395342968934665,6.042363731696917,5.829148615385201,5.599954069632658,,6.104995565350818,6.8111294969765925,,6.30123910330637,6.639442050785743,6.134762341503371,6.410452888192054,,,6.1628710165934075,6.916104919295343,6.059907991560266,5.946594518406529,5.510951067686481,6.227388609856475,6.081214516088182,,,6.292430924220512,5.824933324335138,6.177888459640164,6.1756639095137995,6.084729598130219,
ENSMUSG00000053861-C,2.6856076178598616,0.0,0.0,0.0,0.0,0.0,0.0,0.0,0.0,,0.0,0.0,,0.8003576570276729,1.675007964280378,0.0,0.0,,,1.4126867783113457,0.0,0.7711227158729893,0.0,0.8686232207515774,0.0,0.0,,,0.0,0.0,0.0,0.0,0.0,
ENSMUSG00000053870-C,3.811516312554619,2.8636883321253084,3.527256332227863,3.868660751385197,3.806456095533223,4.068881390848867,3.6307810679510832,4.274372999508628,4.554629155789021,,4.301010925794228,3.750415480446991,,3.766177223083601,3.931292798388528,2.66179105737093,3.6030221383342673,,,4.4448700720759104,3.1254898356485032,3.7780773780277177,3.2578804018563177,3.651094645758103,2.212784030876461,1.3311596570548716,,,2.5302208690762416,3.321904809563751,3.6892717228661702,1.838604035947166,0.0,
ENSMUSG00000053877-C,2.6856076178598616,0.9236912118413654,1.9529590040861384,2.609495240548126,2.6314563966651643,3.3246007403200424,2.4737582927568313,3.1665403446796927,1.8073849903108583,,2.855466091184482,2.3653396025461224,,1.987732424191134,2.1009160241147065,1.8734553036471215,1.4412513726916425,,,3.456011120625007,2.764530519215672,2.733957072035301,1.2795471030274967,2.9273952328051136,3.245385555138888,3.872280659764173,,,0.9674048923102424,2.4594104501768173,1.6615634406534388,0.8944330770159921,0.0,
ENSMUSG00000054226-C,6.718683907875199,6.572602764361578,6.832290936559125,6.588776931516148,7.245066369174456,7.36489504236422,6.858117393061888,7.403906808526793,6.507836272997877,,7.228022834920885,7.2415462267455215,,6.955294751451896,7.27169442068305,7.38806622988998,7.480271408893785,,,6.983056855744785,6.8810679955535425,6.558739841323424,6.636715985923314,6.266497988402164,6.36101510210831,6.346080434980437,,,6.702859519966016,6.651922995399596,6.826634555589711,6.441083832134746,6.442568297297509,
ENSMUSG00000054237-C,5.543543592620155,5.239377622271777,4.797133827951933,5.386231883212921,5.36712533199982,4.602759818172883,5.3116688877031315,4.772434856206455,5.235257439512557,,4.512909815519537,5.595182218160774,,5.163983398388806,5.5223329167526565,4.642517804416558,5.368619331410525,,,5.382908125616131,5.75817771283436,5.004064632401693,5.197342089539107,5.315356823998245,5.075584322680654,5.584887341409851,,,5.145332136575571,4.654611183132021,4.013028251677092,4.596323382227103,3.639654752205806,
ENSMUSG00000054405-C,8.46389990904397,8.458252244062853,8.55548106467781,8.664732288854957,8.38748277571779,7.998724830521411,8.52226227642912,7.747083845293976,7.9811334662270434,,7.880692579122315,8.332806475551049,,7.918852296404441,8.512041380317417,8.440170775463441,8.397676183305895,,,8.402807454891015,8.814208470077276,7.630381164429064,8.007078561748253,7.753143788791696,8.164945118026383,7.981076477947603,,,8.43806790506914,7.680773288061617,8.055499313112126,8.147567620769397,8.09917419339932,
ENSMUSG00000054435-C,0.0,0.0,0.0,0.0,0.0,1.3237104085262597,0.0,0.0,0.0,,0.8316110494662632,2.1117629745024855,,1.3121223935613218,0.0,0.0,0.0,,,0.0,0.0,0.7711227158729893,1.2795471030274967,1.7981578459377747,0.0,0.0,,,0.0,0.0,0.0,0.0,0.0,
ENSMUSG00000054452-C,9.41439566499811,9.8503080020047,9.999037975416991,9.401485259540594,9.511378756034285,9.343371215708418,9.472536687625151,9.580031626131136,9.53012318788353,,9.98332722112036,10.267608919943068,,10.005656754499975,10.08565772140117,10.154690120401792,9.878248007759968,,,9.764149881499888,9.157013514664325,9.327755610764642,9.6291847745155,9.546183149939264,9.122208187181222,8.793395623325754,,,9.757498012951736,9.633196463776104,9.82582528442219,9.153749814855027,9.315676242554304,
ENSMUSG00000054648-C,5.672095915793873,5.728568950337024,5.068055298289106,4.982647165246312,5.538211644710603,5.744380842103868,5.575542892711737,5.409062739586958,5.599954069632658,,5.64729467530149,5.714079731355354,,5.94966777630464,5.8585651808694195,5.532614498044087,6.103597118565466,,,5.466641928369365,5.732199041385865,5.066238975806739,5.500051653239064,5.510951067686481,4.910997310921447,5.756534784618656,,,4.936163324154059,5.674166902230191,4.752914528653213,4.787916007570551,4.46052582652635,
ENSMUSG00000054693-C,5.899223568075901,6.271310222705528,5.610620386357389,6.212211037085422,6.39479183808532,6.412325339329962,6.594737919632714,6.535391516328781,6.383745883724132,,6.46472085565937,5.802610937851684,,6.217458517084787,6.108305869211885,5.929366025443103,6.173844355382441,,,6.022357120688298,6.691856190648837,5.915381732138138,6.104594749209463,6.137037118445855,6.50271802905643,4.969056867187248,,,6.220323311434717,5.961424237004171,5.696116434163937,5.108369377774447,5.490056390463297,
ENSMUSG00000054717-C,2.6856076178598616,2.1978183102091036,3.1140018458952654,3.2486616392715377,3.33541126722878,3.784113270972422,3.337679642492369,3.1665403446796927,2.9386360600829815,,3.3724032164142397,2.580938305492785,,2.6301094702480934,1.675007964280378,1.2215959129652292,3.497405231262442,,,3.659499454058248,4.200520436766171,3.5359235869883796,2.746422465537691,2.5742268621828144,3.418887887081104,2.4720055205074685,,,3.5246307075254704,1.7004218063870564,3.0997279733373246,3.2613491874603957,3.399587007767687,
ENSMUSG00000054723-C,3.430329504878941,3.7610167080437464,3.527256332227863,3.690056043985187,4.160973786948527,3.3246007403200424,3.9821623310526646,4.5932844116131974,3.922871459374952,,4.608226611648546,4.6957954184464645,,4.791563079148306,3.707376963716697,4.086150710679919,4.786137744075979,,,4.950554856354362,4.4116593853048665,3.8505343897065623,4.289772378807899,3.651094645758103,4.167241691823022,4.14376335637175,,,3.2627160682075655,4.159846911604113,3.6892717228661702,3.703135021136939,1.54132073842726,
ENSMUSG00000055024-C,7.084821357438779,6.502971106163694,6.2045550685232955,6.276934290566108,6.695313431326231,6.177853927232388,6.560336518721409,6.321769580792224,6.27926519731943,,6.372699991629672,6.914072841125331,,6.659738074312974,6.926315145912565,6.656831114735226,6.549059284067012,,,6.1628710165934075,6.8810679955535425,6.272630049539373,6.573244522093157,6.597034556940341,6.596038118465647,6.263079835797097,,,6.144421188971585,5.766503511269792,5.969527317729566,6.7366339719435615,5.607780348647971,
ENSMUSG00000055093-C,2.6856076178598616,2.8636883321253084,1.9529590040861384,1.4334760532826032,1.84729786765765,1.3237104085262597,1.0967492717572764,1.7628475801227037,2.772625439053359,,1.7394224912174236,1.4120204056836572,,2.2350113770874733,0.0,1.2215959129652292,0.8935808599904828,,,2.112583478009447,3.1254898356485032,2.180461949771616,1.6514266395573065,1.4069932691538003,0.0,0.0,,,1.9508269527020643,0.6438468756903795,0.0,2.8098578703146537,0.0,
ENSMUSG00000055302-C,8.864523717431398,8.92024215466021,9.156208215815008,8.428759419888493,8.55131942913676,9.029487055233512,8.756809177715855,9.12805546024044,9.03896100464332,,9.362520650539317,9.420742258208527,,9.591433696065533,9.31024474312442,9.292462827804586,9.288785250478758,,,9.23544394955405,8.969601885729842,8.946901466597025,8.913220001861692,8.871814328149481,8.09632898770073,8.385994549553757,,,8.962091551552074,9.024421301119451,8.958681198952762,8.696897337618347,9.034817379899476,
ENSMUSG00000055435-C,8.603452433330386,8.505306931079824,7.897192346499369,8.385385937863617,8.069424940022897,8.02809747612736,8.268916511634524,8.289905396398764,8.11725212842168,,8.278587105485116,8.36223493572781,,8.19920835934836,8.287416823470332,8.783243830115676,8.537457692883788,,,8.27701989126361,8.06383910850949,7.918563325499674,7.990976929041616,8.100028249924147,7.875878605112444,8.37944158770872,,,7.939943370344451,8.219142734678769,8.019864314168656,8.005321516613439,7.655451151913273,
ENSMUSG00000055538-C,6.791254624187512,6.220154457779168,6.29526951006169,6.455316053799703,6.695313431326231,6.66827599341882,6.451918375348725,6.432530855254993,6.369275395833852,,6.598418910790037,6.580182517637815,,6.680746238576375,6.62348497355707,7.0246788203689325,6.878459151484216,,,6.678097745620989,6.4896196945628715,6.1050357348342335,6.326129761354973,6.521225929001443,6.71730775348062,5.873070944976806,,,6.394254465449894,6.543006225106918,6.2411521397486895,6.27501180612217,6.201694986055745,
ENSMUSG00000055560-C,3.568887481409009,3.03134235656842,2.753466800942782,2.9641894307294048,2.292011360782609,3.0900831294315263,3.874272644065696,3.2893625141918443,3.345812791746194,,4.052540407166058,3.2180803536096514,,4.113843988412434,2.696667789000302,2.937387202743914,4.5945546101146215,,,3.8378021129317026,4.200520436766171,3.348482516944733,3.4585648108342464,3.910793357631654,2.547841273150182,2.8205248563310685,,,2.7510183104581927,2.845467778033953,3.912970404851044,2.404466208288875,3.399587007767687,
ENSMUSG00000055707-C,6.493610158115435,6.093226182418406,6.566939190965314,5.9985516587800705,6.349541123414712,6.132209942003137,6.470563362537565,6.186068497582383,6.21597892828084,,6.514783568166831,7.00083181921097,,6.659738074312974,7.026794076363859,6.885330322737778,6.878459151484216,,,6.212225093358232,6.892841767891422,6.24601504507742,5.522629174160855,5.636022909541209,6.080110004778202,6.318940702424032,,,6.163774363983888,6.317387065584131,6.451930965577454,6.242650078289913,6.754808274756896,
ENSMUSG00000056211-C,9.533417359639095,8.977840866329464,8.769962915702575,9.272515596808407,9.531778844046684,9.44487174026163,9.18988852809708,9.107334268200455,9.11465197200756,,9.319155843536564,9.639332383742294,,9.187607577145942,9.28002548371873,9.252061682099916,9.24662552621844,,,9.686239538772146,9.737873171902011,9.013507114565686,9.179667728732277,9.214344026047874,9.236761927241403,9.700083346034242,,,8.163099886573915,9.27420670597008,8.600964453361382,8.666724704436303,8.545229516095233,
ENSMUSG00000056418-C,0.0,1.4822933651173062,1.5432246700768597,0.0,1.201086816065423,0.0,0.0,1.3761692453425427,0.0,,0.0,0.0,,0.8003576570276729,0.0,0.0,0.8935808599904828,,,1.4126867783113457,1.962598682968702,0.0,0.0,0.0,0.0,0.0,,,0.9674048923102424,0.0,0.0,0.0,0.0,
ENSMUSG00000056476-C,4.815963959173766,4.977130029027495,4.332315566341713,5.747655377626174,5.4552031015430895,5.212342495200179,5.7382607179212455,4.729689393978666,5.136177586357087,,5.204175692290074,5.06140323240216,,5.384889227875278,5.258691899999647,5.04304220862013,5.427314362967544,,,5.439267117509091,5.410502445779341,5.096349387777901,5.381538985252328,5.794693770246104,5.826478412703628,5.67326231975404,,,3.845438166100454,4.891758702119145,3.912970404851044,4.5441676527518,5.66322556211814,
ENSMUSG00000056536-C,3.811516312554619,2.8636883321253084,3.402211944982682,4.027570206271769,2.292011360782609,3.703180827881894,3.757657697182688,3.2893625141918443,3.564823156854149,,4.462780896440436,2.580938305492785,,3.194853116705421,3.931292798388528,2.66179105737093,3.124333732221476,,,2.112583478009447,3.2769287369170383,2.5719634942468153,3.0246987074308613,3.829313084763042,2.212784030876461,1.3311596570548716,,,2.9424659951760495,3.475709884007802,2.0858962887955266,2.1491023054808034,4.46052582652635,
ENSMUSG00000056602-C,7.163480055529172,6.775214809628071,6.4611940504267205,7.151577441118575,7.305555571972066,7.422912157231888,7.018763646633596,7.298169262774474,7.338406819965269,,7.54952681136124,7.176769354978266,,7.371735571971561,6.775629414411467,6.801673097415314,7.047021093954903,,,7.1611701893521635,7.149931974132827,7.302543997282529,6.540429955434854,7.029777225537924,7.751582206134868,7.363987740781419,,,6.30990844266309,6.988659017890288,6.7847838018387865,6.602802456919165,7.114406624250341,
ENSMUSG00000056895-C,6.247595919739393,6.558942701452973,7.097253619531976,6.510190614218889,5.861995895413951,5.617618607829209,5.912016690343213,5.724184104635114,5.950354290500706,,6.359061586977993,7.0738010164197025,,6.3675215065322135,6.591031369522042,6.8187971278188355,6.190884433513491,,,6.436457459027397,6.29039204262436,5.915381732138138,5.500051653239064,6.013368620438539,5.357291163034704,6.081214516088182,,,6.394254465449894,6.086110733255196,6.018499690573243,6.031570440335762,6.473916524676316,
ENSMUSG00000057440-C,2.418679371923628,3.8534406654036033,1.5432246700768597,2.609495240548126,3.934555044755374,2.6463508127993287,4.0825420244949235,2.7192353881313043,3.754926479408451,,3.3724032164142397,3.083201578726807,,3.842736585875398,3.5808757985520483,3.9683212029619424,2.8082760478821935,,,3.5613400039776715,4.344655325790623,2.8795834812224355,2.584167946796685,3.447716039931815,3.418887887081104,1.3311596570548716,,,2.5302208690762416,2.4594104501768173,2.0858962887955266,3.499087042803504,4.025460034672541,
ENSMUSG00000057778-C,4.92319632807409,5.204708179843407,5.2239858135332575,4.8184146398616825,4.753955375011224,5.182796560827378,4.5005297109556714,5.353836711904332,5.497227704024088,,5.32133575134952,5.465598686244413,,5.966873941516326,5.684926907145686,6.078999851527934,5.511108709591206,,,5.411362812604818,4.80965035509958,5.485717781587256,4.738621725110365,5.510951067686481,4.261414146434217,4.56929212029854,,,5.065265859574233,5.252640238476889,5.0166781822465,5.539797847017251,5.3618657504251575,
ENSMUSG00000058183-C,2.910774933198879,1.4822933651173062,1.9529590040861384,1.4334760532826032,1.201086816065423,2.2502722058212323,0.0,0.846305570751632,0.0,,1.7394224912174236,2.1117629745024855,,1.3121223935613218,2.696667789000302,2.937387202743914,2.147673398643941,,,3.3423824086880285,1.5517650907126677,1.641449874184738,2.584167946796685,2.1055702394493165,1.145283945259697,1.3311596570548716,,,1.541336626495835,2.845467778033953,0.0,0.0,0.0,
ENSMUSG00000058258-C,0.0,0.9236912118413654,0.0,1.4334760532826032,1.84729786765765,0.8086282278702569,0.0,0.846305570751632,2.115509598589792,,0.8316110494662632,2.1117629745024855,,0.8003576570276729,1.0680554872113692,0.0,1.4412513726916425,,,0.8727598826207578,0.0,1.641449874184738,1.2795471030274967,2.358845731896266,1.145283945259697,0.0,,,1.541336626495835,1.930718251259833,1.0578286184819063,0.0,0.0,
ENSMUSG00000058392-C,4.759202787955333,5.01764090788891,4.797133827951933,4.1706999010872465,4.682766141216052,4.002783898283538,4.571340002110129,4.33266385642655,4.4485006681895936,,4.118783604930858,4.387717425100568,,5.745474798950419,5.487493535305077,5.208096885476782,4.786137744075979,,,5.382908125616131,5.199181076939753,4.724514111011546,4.575435833627302,4.820451948123481,4.3498143231152575,5.67326231975404,,,4.259354157918123,4.654611183132021,4.355603108019191,4.0408772621977525,4.980470202450622,
ENSMUSG00000058603-C,1.6660324636864343,0.9236912118413654,0.0,0.0,0.0,0.0,0.0,0.0,0.0,,0.0,0.0,,0.0,1.0680554872113692,0.0,0.8935808599904828,,,0.0,0.0,0.0,0.7772103564006736,0.0,0.0,0.0,,,0.9674048923102424,0.0,0.0,2.404466208288875,0.0,
ENSMUSG00000058672-C,9.329217134232286,9.705935044056108,9.796535711794244,9.01232570011754,9.426765282581382,9.68112563749095,9.60501169491763,9.841999492501955,9.670993292356265,,10.252223941115592,9.864254487639853,,10.493653596785284,10.25187150322106,10.106695880141382,9.981009030430725,,,9.982556838181518,10.195507647141374,9.697915036122826,9.51136498776309,9.348340044744893,9.14400509875467,9.045991217505836,,,10.11898960930506,9.66052722750116,10.00813148123681,9.530671979363303,9.736624046807313,
ENSMUSG00000058799-C,8.923831707649493,8.812117236197453,8.685274298562451,8.851630614623135,8.957876630986163,8.619510587080615,9.066626204296556,8.783449942058407,8.776475031826635,,8.88240354168073,8.97102719464313,,8.664898482628548,8.894303087066023,8.830443909637186,8.793165225858475,,,9.021383800056055,9.271920687158651,8.516924551733755,8.834196677953482,8.820026027168643,8.694381362449077,8.505158761017286,,,8.631186405274695,8.544455719000307,8.479419925514815,8.620248526774619,8.461692016041182,
ENSMUSG00000058806-C,2.090890740391519,2.4554423935427265,1.5432246700768597,2.9641894307294048,3.5100788664663383,2.002227548217203,2.969442418789574,3.032280577134576,0.8744882523316289,,2.69102069229586,1.4120204056836572,,2.7933262888489865,3.1170698124358824,2.937387202743914,2.402969793843818,,,2.58182735415899,3.2769287369170383,3.0118486721666375,1.2795471030274967,2.1055702394493165,1.145283945259697,1.3311596570548716,,,2.9424659951760495,1.930718251259833,1.6615634406534388,0.8944330770159921,3.111437600054451,
ENSMUSG00000058897-C,4.200634153951173,5.057045242264115,4.639848634876391,5.13008005046512,5.008050864583004,5.6395342968934665,6.09137454885524,5.888646924206125,6.26370198721604,,6.055117863493155,4.44385171047969,,5.483829835510054,5.415184431128024,4.983542976533997,4.542401690230819,,,5.466641928369365,6.100377740118991,5.391721209019561,5.018269461033357,5.017251336313171,5.972847175055832,4.6585984674631975,,,5.065265859574233,5.355325855827916,4.916882105380915,4.916567184229785,5.427384399414453,
ENSMUSG00000059325-C,4.112746069128248,4.24330740113295,4.188248079279862,4.5306059070680975,4.948598279506496,5.744380842103868,5.226474560140212,5.462252438596837,5.101578895779515,,5.530475099134208,4.741304299074653,,5.507539970321911,5.035692612574602,4.642517804416558,5.176683521305227,,,4.950554856354362,4.759086971101785,4.939089677289372,4.776688836150023,4.688045329191448,4.261414146434217,4.897478547837925,,,4.794362111747247,5.07143725940383,3.805452458367365,5.539797847017251,5.550118821367999,
ENSMUSG00000059456-C,9.18583264191425,9.329180117710536,9.696894070840116,9.148278368725345,8.911923354954425,9.078442951975342,9.2010966341011,9.148483246369228,9.205020651721938,,9.510197018288702,9.754786020629792,,9.511607896406783,9.992442700700218,10.026052450540364,9.914604057359954,,,9.290097792647622,9.159452414452184,9.292425758948529,9.04383269490639,9.06439239258433,8.698595765202054,8.366245688365334,,,9.29171115788445,9.410425516919338,9.049843608033102,9.03594374529085,9.193885469115765,
ENSMUSG00000059482-C,5.4390057785363,5.401230358940632,5.666067839350915,6.1787269319460725,5.761930135269792,6.0363470152504926,5.67535832410757,5.9457883383136405,5.870406095393683,,5.455555341530577,5.570179956007895,,6.08189249182748,5.129067552291397,5.897482475396804,5.911378229898306,,,5.927036110922783,5.594788121805963,5.696967789097287,5.453808154536049,6.049797294556,5.856964288300919,4.969056867187248,,,5.39502060500585,5.187326910656038,5.06410148311701,5.691363231037735,5.3618657504251575,
ENSMUSG00000059669-C,4.506783943337601,4.099743451427536,4.110433613667125,4.982647165246312,5.120075235611372,4.73077781700734,4.5005297109556714,5.0752558596257895,5.297721573813489,,4.781823110502815,4.44385171047969,,4.8296828663221545,4.031437387137405,4.296357293218538,4.18234514583629,,,5.199279356866284,5.1607431443930505,4.327552898761735,5.2524124990211,4.3800415792698475,4.657521795542996,4.742697324315992,,,3.5246307075254704,4.94541880345907,3.562908967782425,4.314358941849066,3.399587007767687,
ENSMUSG00000059742-C,8.190992612379219,7.877175098583779,7.731637763221136,7.932145593662972,8.26488457713372,7.973063361702678,7.928061627733232,7.75243205297745,8.014062402851597,,8.072572280968384,8.184187064191422,,7.434925183797613,7.873917693707882,8.166864918930052,8.20564209255775,,,7.694381001928989,7.999953822678111,7.831736349116313,7.710349267721902,8.010449710613205,8.109049837831254,7.350649070978613,,,7.457984916313427,8.067072409616333,7.564015946990543,7.627047582268312,7.114406624250341,
ENSMUSG00000059791-C,2.910774933198879,2.4554423935427265,1.9529590040861384,2.9641894307294048,3.806456095533223,2.8099004108689636,2.969442418789574,2.532901923184754,2.36926775764794,,2.855466091184482,2.580938305492785,,3.4114162920058955,1.675007964280378,2.320812859996769,1.4412513726916425,,,2.58182735415899,3.2769287369170383,2.180461949771616,2.401325369831886,2.761591019909415,2.819562531975392,1.3311596570548716,,,2.2694164769105942,2.303760115630847,1.6615634406534388,2.1491023054808034,1.54132073842726,
ENSMUSG00000059975-C,4.506783943337601,3.9402984298812984,4.110433613667125,4.8184146398616825,4.528894874093235,4.921734476826054,4.988480477183286,5.296412208582011,5.066130029276167,,4.973023080363142,4.987787930377201,,4.938347553851586,3.5808757985520483,4.296357293218538,4.3735768992333215,,,5.062438666611843,5.23662142344333,4.327552898761735,4.439662999975433,4.3800415792698475,4.167241691823022,3.872280659764173,,,3.5246307075254704,3.8008758836611687,3.805452458367365,4.7423500356631125,0.0,
ENSMUSG00000060257-C,4.200634153951173,4.434971037440396,4.639848634876391,2.9641894307294048,2.6314563966651643,4.1320828077925915,2.969442418789574,4.4946112912842064,4.000039464453881,,4.41084726600245,5.025065069459666,,4.584211939071658,4.125079381585428,5.532614498044087,4.955236248329168,,,4.205894027582234,3.2769287369170383,3.701788008824327,3.999106096059519,3.2108868858509947,4.066490143806875,4.0143984739659455,,,4.580608929613616,4.113717787903322,4.194460135632236,4.114259253231501,3.639654752205806,
ENSMUSG00000060279-C,6.791254624187512,7.1750655629866005,7.801394334662931,6.687313032725174,7.142677167734727,7.0904103310839846,6.91367760349273,6.732291102011801,6.72796215282181,,7.336393639998053,7.882918385244289,,6.884624595435304,7.498596468138242,7.009843889822127,7.401947669750701,,,7.972577412000016,6.994693137726344,6.8156059353473655,7.0166576626587345,7.047900547198163,6.829169443432878,6.986775142647654,,,6.923272180705386,6.715078382892544,6.727024619920637,7.182808658929244,7.962196688115544,
ENSMUSG00000060445-C,2.910774933198879,2.673957838819107,0.0,2.138137563504853,1.84729786765765,2.9567828186877194,0.0,1.7628475801227037,1.8073849903108583,,0.0,1.8039062995588535,,1.6891195143635438,0.0,1.2215959129652292,2.147673398643941,,,2.366199903278748,0.0,2.733957072035301,1.2795471030274967,3.2108868858509947,0.0,0.0,,,0.0,1.930718251259833,1.6615634406534388,2.1491023054808034,0.0,
ENSMUSG00000060487-C,5.925256202634646,5.338650929572969,5.982302099165885,5.603688000358608,5.925047354476028,5.682391520991412,5.468304823857709,5.9457883383136405,5.672466611962801,,6.303180905060818,5.570179956007895,,5.765279140116933,5.774356788906187,5.689794723071857,6.010686618170258,,,5.965923481594502,5.705743979393514,6.090149449220046,6.043455054057982,5.7061717294851775,5.440167569237691,6.081214516088182,,,5.39502060500585,5.894792325540484,5.50314615290747,5.108369377774447,4.185507841054571,
ENSMUSG00000060548-C,6.366370377805895,6.352734362774192,6.185707051128839,7.314605338979351,6.833195477697096,7.0744096091452295,6.82951373781938,7.0601545079565815,6.958111076349338,,7.0009742925298255,6.378931854140022,,6.980928366789436,6.489045968586717,5.897482475396804,6.121482189479789,,,6.555972689755225,6.857228214223065,6.558739841323424,6.717221429241322,6.692288077646638,6.918598083863861,6.39887466624681,,,6.201718860928222,6.49882362001198,6.177888459640164,6.290924459061403,6.504598049510028,
ENSMUSG00000060743-C,4.28347420323216,4.24330740113295,3.748883930068221,4.420321031248732,4.160973786948527,4.68935462916142,4.638836785283059,4.640200417124641,4.502540578785094,,4.512909815519537,4.869803673597706,,5.071567212984205,4.213011992017143,4.086150710679919,3.701431675444467,,,4.911245289649324,4.905752418677896,4.377451817190107,4.617995133648742,4.4361611299794195,4.167241691823022,4.372160124747886,,,3.746222763186613,4.622026997524587,3.2711816746923503,4.433834282634663,4.185507841054571,
ENSMUSG00000060904-C,6.544883904805438,6.702528662708766,7.056336324615355,6.30823863766087,6.731038905655087,7.262693208590745,6.800331479950152,7.042798913750461,7.164948728711438,,7.437189647693217,7.1347552844203035,,7.156161645793706,7.002322762246939,7.009843889822127,6.8889388886853045,,,6.712806527496721,6.927597323066448,6.769631522957556,6.472473065247122,6.875960142641106,6.317833674692359,6.291280617436536,,,7.032580810243728,6.975822300945669,6.770559346111732,6.455274718805405,6.238667014056643,
ENSMUSG00000061244-C,7.037869848916291,6.942360954709511,6.757680889653595,7.025399807468608,7.232658120505829,7.338341288360836,7.080756240730833,7.28346675843358,7.330958712035516,,7.443665456484698,7.0826680348387345,,7.222133771886115,7.187371250611202,6.53777963107256,7.409246343231483,,,7.378523348519891,7.776685951570072,7.222895771944742,7.1531479520084,7.18523151565143,6.859599102275098,7.149670901583565,,,7.043069616353553,7.007702443078922,7.066744639637503,6.921758816297646,7.114406624250341,
ENSMUSG00000062352-C,4.92319632807409,4.892527138752523,5.523236477853387,4.982647165246312,5.008050864583004,5.058162522943119,5.1359318331393675,4.854304185494181,5.442984623531747,,5.713099858708572,5.691071230221207,,5.359056267457752,5.622070737276084,5.762397147039877,5.713335431645072,,,4.7864501193042175,4.905752418677896,4.939089677289372,4.986137502541371,4.941721610926573,5.357291163034704,4.897478547837925,,,5.145332136575571,5.432516626864754,5.537153993323651,5.429116606577476,3.399587007767687,
ENSMUSG00000062743-C,0.0,1.4822933651173062,0.0,0.0,0.0,0.8086282278702569,0.0,0.0,0.0,,0.0,1.4120204056836572,,0.8003576570276729,0.0,0.0,0.8935808599904828,,,2.112583478009447,0.0,0.0,0.7772103564006736,0.8686232207515774,0.0,0.0,,,0.0,0.0,0.0,0.0,0.0,
ENSMUSG00000063052-C,5.402405966970471,5.239377622271777,5.430216525354061,4.633055610115746,5.654403050858129,4.921734476826054,5.226474560140212,5.538531580801714,5.202981011204615,,5.624675265128186,5.714079731355354,,5.384889227875278,5.802975869139889,6.338473044811172,5.991364295967395,,,5.9071921550146795,6.038125115181692,5.415800703609885,4.738621725110365,5.254230483171927,4.725186468458616,5.1646701437537805,,,5.065265859574233,5.252640238476889,5.537153993323651,4.184088675445754,5.221164030902649,
ENSMUSG00000063109-C,0.0,0.9236912118413654,2.27169581750873,0.0,0.0,0.0,1.0967492717572764,0.0,0.8744882523316289,,0.0,0.0,,0.0,0.0,2.320812859996769,1.4412513726916425,,,0.0,0.0,0.0,1.2795471030274967,1.4069932691538003,0.0,0.0,,,2.9424659951760495,1.0874491440466718,0.0,1.838604035947166,1.54132073842726,
ENSMUSG00000063142-C,9.68776263031366,9.698167030818317,9.49543774392331,9.756708546338006,9.904570453995465,9.455721096704591,9.632178819199126,9.577020531760612,9.56704741012874,,9.736708131468104,9.975552033240884,,9.660478673986647,10.027728983163769,9.81612403895248,9.880875471558753,,,9.804937297802596,10.143481842966812,9.505167420530256,9.667679423568291,9.605509592001642,9.545984398767787,9.422598554434158,,,9.32001955533782,9.445765000543409,9.300593259586917,9.35826632783992,8.98128360098503,
ENSMUSG00000063439-C,4.92319632807409,4.977130029027495,5.49289137788868,4.5306059070680975,4.821796373391439,4.602759818172883,4.34754389195081,4.442622844884783,4.273058412468433,,5.1096062356365355,5.438224337931469,,5.222460996108933,5.745158475495504,6.05028896922374,5.338351340104151,,,4.69682163605729,5.038874041043755,4.472352633016839,5.197342089539107,4.1972608184946045,5.17572424140582,5.1646701437537805,,,5.579261339751742,4.654611183132021,5.570378612998358,5.143849331184381,6.084729598130219,
ENSMUSG00000063661-C,1.0612255463732776,1.4822933651173062,0.0,1.4334760532826032,1.84729786765765,0.8086282278702569,1.0967492717572764,1.3761692453425427,0.8744882523316289,,0.8316110494662632,0.8722754939741469,,0.0,1.0680554872113692,1.8734553036471215,1.4412513726916425,,,1.8046680709167229,0.0,1.270944323129923,1.9468263315634875,0.0,0.0,0.0,,,0.0,1.7004218063870564,0.0,1.838604035947166,0.0,
ENSMUSG00000063663-C,5.023006821554862,4.310064786369203,3.848113560655806,4.300902556653133,4.753955375011224,4.68935462916142,5.0884363782893285,4.5932844116131974,5.029788150157312,,4.118783604930858,5.165229014342366,,4.752408667901649,4.519297308313774,4.642517804416558,4.488292521871929,,,4.74233179515021,5.56566256402073,4.42568240917794,4.617995133648742,4.777652546707246,4.3498143231152575,4.372160124747886,,,4.1855307145708,4.588689838211657,4.429891870503082,3.3851096075210654,5.427384399414453,
ENSMUSG00000063696-C,0.0,1.4822933651173062,1.5432246700768597,2.609495240548126,0.0,0.0,0.0,0.0,0.0,,0.0,0.8722754939741469,,1.3121223935613218,0.0,0.0,1.8372750529254864,,,0.8727598826207578,0.9751738319309616,0.0,0.0,0.0,0.0,0.0,,,0.0,0.0,0.0,1.4424172899414331,3.111437600054451,
ENSMUSG00000063931-C,4.436119481053153,4.848289405663465,4.188248079279862,4.8184146398616825,4.607880936945847,5.241295461742354,4.82422502670604,4.442622844884783,4.832930632533778,,5.32133575134952,4.549964346669119,,5.384889227875278,4.77180816512325,5.259169758845276,5.07020461665122,,,4.69682163605729,4.759086971101785,5.125844193331764,4.617995133648742,4.688045329191448,3.5737464719259227,2.4720055205074685,,,5.145332136575571,4.654611183132021,5.154513060432989,5.178477634731233,6.0011283885167845,
ENSMUSG00000064032-C,0.0,0.0,0.0,0.0,0.0,1.3237104085262597,0.0,0.846305570751632,0.0,,0.0,0.0,,0.0,0.0,0.0,0.0,,,0.8727598826207578,0.0,0.0,0.0,0.0,0.0,0.0,,,0.0,0.0,0.0,0.0,0.0,
ENSMUSG00000064138-C,6.527994325098708,5.933017644814055,5.770952109425963,6.4830142203880525,6.372343886853783,6.333849330493026,6.334685747399503,6.170171449488609,5.807396265744266,,6.68841789568224,6.002739361076367,,5.784815297975318,6.281000674971384,5.831520306680389,6.320410688967,,,6.05878930800938,6.442332240346658,5.754748609691141,6.043455054057982,6.250936592430239,5.94473735753981,5.796435298415117,,,5.635793012592533,5.839178367419167,5.783713161357435,5.761564928515125,5.9123830407876135,
ENSMUSG00000064442-C,2.090890740391519,0.9236912118413654,0.0,2.138137563504853,0.0,0.0,0.0,0.0,0.0,,1.3557736240157023,0.8722754939741469,,0.0,0.0,1.8734553036471215,1.4412513726916425,,,0.8727598826207578,0.0,1.270944323129923,0.7772103564006736,0.8686232207515774,0.0,0.0,,,0.0,0.6438468756903795,1.6615634406534388,0.0,0.0,
ENSMUSG00000066042-C,2.910774933198879,3.3175393399239037,2.27169581750873,0.0,2.6314563966651643,2.8099004108689636,1.712571527584626,2.067488679955821,2.772625439053359,,3.3724032164142397,4.44385171047969,,3.9154370975961177,2.429327355217106,2.66179105737093,3.7935549888483817,,,2.366199903278748,2.281998541109351,3.348482516944733,3.7153260891446704,2.5742268621828144,1.7755955644782335,2.01153025227296,,,3.639677013987396,3.4008560131744745,3.0997279733373246,2.8098578703146537,3.111437600054451,
ENSMUSG00000066057-C,6.791254624187512,6.866761765979211,6.8563274594430865,6.687313032725174,6.833195477697096,6.250857783987588,6.525094728276957,6.607993252898082,6.453998103781735,,6.666439003736113,7.160110260881146,,6.430891962051793,6.731646724090479,6.885330322737778,7.028182481691448,,,6.195960613683977,6.636908223217723,6.731767122540405,5.878208293690751,6.4412118153065405,6.559431213382492,5.980893196037899,,,6.57858707249385,5.999974531658031,5.918833985525674,5.667182462609641,4.980470202450622,
ENSMUSG00000066441-C,5.474700013679845,5.273233436503705,4.893205936692166,5.5523189975045355,5.273318691874047,5.182796560827378,5.504943710830131,5.9457883383136405,5.357593073295224,,5.429691830246278,5.73672703939649,,5.4352075388743915,5.745158475495504,5.3561918466345055,5.275840962070013,,,5.466641928369365,5.705743979393514,4.377451817190107,5.522629174160855,5.315356823998245,5.663565521683355,4.969056867187248,,,4.794362111747247,5.273770395373888,5.239591269248,4.490055460042319,5.065242378780794,
ENSMUSG00000067028-C,0.0,1.883967845402639,2.27169581750873,1.4334760532826032,1.201086816065423,2.002227548217203,1.712571527584626,1.3761692453425427,2.115509598589792,,1.3557736240157023,1.8039062995588535,,0.8003576570276729,2.1009160241147065,1.2215959129652292,1.4412513726916425,,,1.8046680709167229,2.764530519215672,0.7711227158729893,0.0,0.8686232207515774,3.418887887081104,0.0,,,0.0,2.5998912372602767,2.0858962887955266,0.8944330770159921,2.7509977021377465,
ENSMUSG00000067297-C,3.1054976846716587,1.883967845402639,0.9688103744562226,2.609495240548126,0.0,1.702496038550303,2.1427948453617223,1.7628475801227037,2.584997580289027,,1.7394224912174236,2.3653396025461224,,1.6891195143635438,1.0680554872113692,1.8734553036471215,1.4412513726916425,,,2.112583478009447,1.5517650907126677,1.270944323129923,2.584167946796685,1.4069932691538003,0.0,0.0,,,1.541336626495835,1.7004218063870564,1.6615634406534388,0.0,0.0,
ENSMUSG00000067719-C,0.0,0.0,0.0,0.0,0.0,0.0,0.0,0.0,0.8744882523316289,,0.8316110494662632,0.0,,1.3121223935613218,0.0,1.2215959129652292,0.0,,,0.0,0.0,0.0,0.0,0.0,1.145283945259697,0.0,,,0.0,0.6438468756903795,0.0,0.0,0.0,
ENSMUSG00000067869-C,0.0,0.0,0.0,0.0,2.292011360782609,0.0,0.0,0.0,0.0,,0.0,0.0,,0.0,1.0680554872113692,0.0,0.0,,,1.4126867783113457,0.0,0.0,0.0,0.8686232207515774,1.7755955644782335,0.0,,,0.0,0.0,0.0,0.0,0.0,
ENSMUSG00000067924-C,8.697085689071736,9.057717783779434,9.106968452294888,8.95414226289797,8.888385904363828,8.58604433344806,8.771920889440963,8.772962398350144,8.70048171233084,,9.031714912573374,9.341690782504305,,9.198573850329504,9.32758468204764,9.30466971461608,9.20529454964984,,,8.893586189245804,8.798646451992733,8.68733949657041,8.636191243513895,8.573355605474031,8.46127485263321,8.626339020354585,,,9.071167254581736,8.741230484946527,8.796157454730364,8.980602691631653,9.096541220356864,
ENSMUSG00000068114-C,3.430329504878941,3.662264003960899,4.3992905121214605,3.690056043985187,3.5100788664663383,3.703180827881894,2.1427948453617223,3.7830643658576735,3.345812791746194,,3.0030704681086475,3.560363063339314,,3.508613656214325,3.82367468051064,2.937387202743914,3.2596966249115087,,,3.456011120625007,4.6523116022232385,3.5359235869883796,3.7916732345197177,3.3341556752144523,2.212784030876461,4.6585984674631975,,,3.5246307075254704,3.8008758836611687,4.013028251677092,4.114259253231501,4.580585737446978,
ENSMUSG00000068196-C,4.28347420323216,3.3175393399239037,3.402211944982682,3.4861740589936105,2.292011360782609,2.8099004108689636,2.4737582927568313,2.884232195671641,2.36926775764794,,2.855466091184482,3.3414202912602526,,2.2350113770874733,3.442207073065027,3.3679746106824373,4.112520760316219,,,2.58182735415899,3.413970484719136,2.733957072035301,4.39140932542033,2.5742268621828144,2.212784030876461,4.14376335637175,,,2.2694164769105942,3.679456246242417,3.912970404851044,3.795267103403054,0.0,
ENSMUSG00000068263-C,4.112746069128248,3.441827149251054,4.797133827951933,3.868660751385197,3.934555044755374,3.3246007403200424,2.969442418789574,3.2893625141918443,3.564823156854149,,3.9101655294280664,3.918320741751176,,3.984649161581813,3.1170698124358824,3.840005387602358,3.8801471897401703,,,3.659499454058248,3.539116440574672,3.132999700652309,3.7153260891446704,3.447716039931815,2.547841273150182,0.0,,,2.5302208690762416,3.4008560131744745,3.2711816746923503,0.8944330770159921,2.2693972934160422,
ENSMUSG00000068457-C,4.815963959173766,3.3175393399239037,4.3992905121214605,5.386231883212921,4.528894874093235,4.360376603020698,4.5005297109556714,4.274372999508628,4.554629155789021,,5.376530835365202,4.987787930377201,,4.972823382048754,4.58668773266516,4.642517804416558,5.368619331410525,,,4.330324568503661,5.1607431443930505,4.971942910247874,5.049701334974736,4.3800415792698475,4.167241691823022,4.14376335637175,,,3.2627160682075655,3.965760067917714,4.429891870503082,4.2506936775103235,4.580585737446978,
ENSMUSG00000068522-C,0.0,2.1978183102091036,2.27169581750873,2.609495240548126,2.292011360782609,2.6463508127993287,2.1427948453617223,2.532901923184754,2.115509598589792,,2.042184285849804,3.083201578726807,,2.2350113770874733,2.429327355217106,0.0,1.8372750529254864,,,2.7693778051683604,3.1254898356485032,2.180461949771616,1.6514266395573065,3.3341556752144523,0.0,0.0,,,1.541336626495835,1.930718251259833,2.0858962887955266,0.0,2.2693972934160422,
ENSMUSG00000068699-C,1.0612255463732776,0.0,0.9688103744562226,0.0,2.6314563966651643,0.8086282278702569,1.0967492717572764,0.0,1.4150638090347123,,0.0,2.1117629745024855,,1.6891195143635438,1.0680554872113692,2.320812859996769,0.8935808599904828,,,0.0,0.0,1.270944323129923,0.0,1.4069932691538003,0.0,0.0,,,0.9674048923102424,0.0,1.6615634406534388,0.0,0.0,
ENSMUSG00000068742-C,7.4138456187913455,7.480576870044803,7.4841706964896435,7.461066910170254,7.386193511863592,7.098344632247605,6.814996393505937,6.989443101264295,6.888784989047221,,7.272352701922412,7.815369988432452,,7.631160527033749,7.616150306577484,7.668678739414339,7.074825654393717,,,7.535416074255592,7.572223469278292,6.945342488963242,6.968132206390314,7.143702868800259,7.016374184107763,7.428891637206767,,,7.247363558018637,6.995034797252503,7.123809702316193,7.182808658929244,7.541708519283239,
ENSMUSG00000068921-C,6.95183817336244,6.952844569963233,7.644599087946724,6.663302735813608,6.640009622746282,6.730861771467586,6.207077531738572,6.795831355273659,6.826590211790971,,7.308281354759592,7.474976987075818,,7.371735571971561,7.331852226612674,7.05389874470523,7.574175091748665,,,7.234666697859876,7.130173500387068,7.0100426519055095,6.892139303859188,6.62144399842578,6.443683866229351,6.916092286278888,,,6.81727105004612,6.812151663146031,6.919808936198995,6.640550315100077,6.5929117350056785,
ENSMUSG00000069020-C,7.0732259521798655,7.219157133025044,7.429142736417299,6.536864530483636,6.640009622746282,6.347228700436318,6.82951373781938,6.584196330198668,6.918904984763023,,7.143035072358562,7.553615998340505,,7.1334830660210224,7.445128126604101,7.668678739414339,7.521266460029235,,,7.312164960742089,7.272159560338389,6.663014711712188,6.697512298679454,6.7487781976546515,6.179946886287867,6.951866547324523,,,7.256406046118196,6.875723699126593,7.089842224834947,7.148285406882491,7.511814281039069,
ENSMUSG00000069072-C,6.610531786972391,6.994033431536051,6.223160019056987,6.90770422931224,6.8166638516125815,6.948389069902546,6.785515966224602,6.836688210874667,6.958111076349338,,7.174522019317586,6.462829838099875,,6.741995327236029,6.964819448775418,6.558316350085767,6.351053434180457,,,6.746699855310175,6.950311081055913,6.788197463012272,6.449090313207337,6.508194632874209,6.6317391003942445,6.637250048783156,,,6.442592222734471,6.610999189386092,6.042376274168429,6.524207936453877,6.877095272776896,
ENSMUSG00000069089-C,5.2866822703791,4.892527138752523,4.746587023807134,4.728709970956263,4.356631248498362,4.510633550458227,4.935779544634974,5.17421483118867,4.653482661342376,,5.691496593983368,3.560363063339314,,4.288234544654291,4.65107023252703,3.840005387602358,4.248945565678337,,,5.132480833986183,5.080651431446468,4.377451817190107,4.699522886302211,4.542247431043634,5.126522967954791,5.336899529548905,,,4.259354157918123,4.483791060986713,4.355603108019191,3.125967354164119,4.025460034672541,
ENSMUSG00000069206-C,4.361814742642791,2.1978183102091036,3.527256332227863,3.2486616392715377,2.6314563966651643,3.428958098989189,3.337679642492369,2.532901923184754,4.000039464453881,,3.4771243393449116,4.138401420971068,,4.288234544654291,3.82367468051064,2.320812859996769,3.7935549888483817,,,3.996472480641343,4.040370727438164,4.108669900741658,3.5493249877461848,4.061125707426031,1.7755955644782335,4.14376335637175,,,3.845438166100454,3.6146860835769976,4.277280327333589,4.695297843271375,4.691417411503794,
ENSMUSG00000069670-C,4.6385068462710315,4.022222530925879,4.983277885774557,5.747655377626174,5.497304300041388,5.152632861467911,5.430711149982712,5.4881295367462,5.415078608061543,,5.855890732222653,4.268438355811233,,5.576418355806496,4.519297308313774,3.699152832108313,4.955236248329168,,,5.737774418563194,5.1607431443930505,5.183084205887085,5.049701334974736,5.123612505890491,5.269362152802617,5.584887341409851,,,4.521827482917072,4.918838219969747,4.632239671461196,3.881867051445987,5.76810582424707,
ENSMUSG00000069763-C,4.6385068462710315,4.099743451427536,4.463293696425591,2.9641894307294048,4.607880936945847,5.2696787938976275,4.82422502670604,4.388690700696569,4.745994904022693,,4.973023080363142,4.387717425100568,,4.752408667901649,3.931292798388528,4.563449376629351,4.312606643409669,,,4.649828954687912,3.760903770260848,3.8505343897065623,3.9332209460107537,3.3341556752144523,3.048127979598824,3.71461776200454,,,3.2627160682075655,4.247903002566216,3.4244065628585965,3.703135021136939,4.185507841054571,
ENSMUSG00000069769-C,7.308994161402987,6.910445121911613,6.914723010947246,7.251587214949485,7.102326860459532,7.137374508626397,7.346057921267574,6.95274376840545,6.93864120755106,,6.843381598551872,7.037777701744479,,7.094874763235709,7.261419642771534,6.766802943161034,7.3268551842115235,,,7.1778293690994195,7.5351408866612575,6.3116539860112395,6.647028292130711,7.118199491555773,6.829169443432878,6.860710527994718,,,6.124804864843448,6.415716198734404,6.504446526563143,6.41227630568288,6.238667014056643,
ENSMUSG00000070407-C,2.090890740391519,0.9236912118413654,0.0,1.4334760532826032,0.0,2.2502722058212323,2.969442418789574,1.3761692453425427,1.4150638090347123,,2.69102069229586,0.8722754939741469,,3.307194436369124,2.696667789000302,0.0,0.8935808599904828,,,1.8046680709167229,0.0,2.389452305959414,0.7772103564006736,0.0,2.212784030876461,2.01153025227296,,,0.9674048923102424,2.727898487286808,0.0,3.3851096075210654,0.0,
ENSMUSG00000070871-C,3.2770365883185586,3.662264003960899,2.753466800942782,3.690056043985187,3.806456095533223,3.8607457124971623,4.426063711373963,4.213627421589719,3.922871459374952,,3.7521861345261054,2.3653396025461224,,4.443800156595397,3.707376963716697,2.320812859996769,3.124333732221476,,,3.919317557186984,3.1254898356485032,3.621238133361342,3.8641823602813914,3.0760931997901184,2.819562531975392,5.037251114700205,,,3.1114590032192178,3.7414430482125782,3.0997279733373246,1.838604035947166,2.7509977021377465,
ENSMUSG00000071531-C,2.6856076178598616,2.8636883321253084,3.402211944982682,4.300902556653133,3.136645565127414,2.9567828186877194,2.742784982129466,3.1665403446796927,2.584997580289027,,2.855466091184482,2.7684670172004537,,2.7933262888489865,2.9221280948258475,1.8734553036471215,3.6030221383342673,,,2.7693778051683604,3.860197336073667,3.0118486721666375,3.0246987074308613,2.5742268621828144,2.819562531975392,0.0,,,1.9508269527020643,2.4594104501768173,2.6800946312329175,2.976553207704254,3.639654752205806,
ENSMUSG00000071636-C,2.6856076178598616,1.4822933651173062,0.0,0.0,2.292011360782609,0.8086282278702569,2.4737582927568313,1.3761692453425427,0.0,,0.8316110494662632,2.1117629745024855,,1.3121223935613218,2.429327355217106,0.0,0.8935808599904828,,,0.8727598826207578,0.9751738319309616,0.0,1.9468263315634875,0.0,0.0,0.0,,,0.0,1.0874491440466718,0.0,1.4424172899414331,0.0,
ENSMUSG00000071637-C,3.430329504878941,2.1978183102091036,3.265291998573044,2.9641894307294048,1.201086816065423,3.933512117083069,2.4737582927568313,3.2893625141918443,3.08749998429564,,3.3724032164142397,2.934400040210273,,4.1743468699676285,3.82367468051064,4.296357293218538,6.048571810298352,,,3.456011120625007,3.413970484719136,3.701788008824327,4.39140932542033,3.3341556752144523,4.586526700192765,2.4720055205074685,,,4.02548275212475,3.055259675414585,2.6800946312329175,2.404466208288875,4.185507841054571,
ENSMUSG00000071648-C,4.361814742642791,3.662264003960899,4.110433613667125,3.2486616392715377,3.5100788664663383,3.933512117083069,4.17638954145701,4.014348981718389,3.922871459374952,,4.182118223713325,4.204884498283597,,3.508613656214325,2.9221280948258475,3.543045891664217,4.112520760316219,,,4.498903567833338,3.2769287369170383,3.9195257299905872,3.7916732345197177,3.2108868858509947,1.7755955644782335,2.8205248563310685,,,4.02548275212475,3.857956906855064,3.912970404851044,4.0408772621977525,5.221164030902649,
ENSMUSG00000071711-C,5.116356650448591,5.132765089366312,6.025342111458101,4.728709970956263,4.886589993490156,3.428958098989189,4.638836785283059,4.014348981718389,4.273058412468433,,4.65362297547325,4.949521998875903,,4.866821302962881,5.45179196004185,5.259169758845276,5.210498922820964,,,4.950554856354362,5.343443363322432,4.799641654254227,4.885210773049062,4.820451948123481,4.3498143231152575,5.281743096138518,,,4.10772499717138,4.807329973482211,4.916882105380915,4.8749452627292715,5.9123830407876135,
ENSMUSG00000072115-C,1.6660324636864343,2.4554423935427265,2.27169581750873,0.0,1.84729786765765,2.9567828186877194,2.969442418789574,2.7192353881313043,1.8073849903108583,,2.2922982217170365,2.3653396025461224,,3.5996739263906603,2.696667789000302,1.8734553036471215,2.147673398643941,,,0.8727598826207578,0.9751738319309616,1.641449874184738,0.7772103564006736,1.7981578459377747,2.547841273150182,2.01153025227296,,,1.9508269527020643,1.426248509167121,2.0858962887955266,3.2613491874603957,0.0,
ENSMUSG00000072844-C,0.0,2.1978183102091036,0.0,0.0,0.0,0.8086282278702569,0.0,0.846305570751632,0.8744882523316289,,0.0,0.8722754939741469,,2.2350113770874733,0.0,1.8734553036471215,2.147673398643941,,,2.366199903278748,0.0,1.935983705110964,1.9468263315634875,1.4069932691538003,0.0,2.4720055205074685,,,0.9674048923102424,0.6438468756903795,0.0,2.1491023054808034,0.0,
ENSMUSG00000072893-C,5.702520673048388,5.273233436503705,4.797133827951933,4.5306059070680975,5.224024265317933,5.915809403712013,4.82422502670604,5.513550653526528,5.136177586357087,,5.042930383709155,5.643923237870661,,5.33275229413072,5.129067552291397,5.308496248131626,5.5379924389164055,,,6.350899762247737,6.4896196945628715,5.485717781587256,4.180428819962158,5.510951067686481,5.730953831709892,6.372719032291156,,,3.639677013987396,5.095371906979675,4.693838470048764,4.433834282634663,4.794338780282,
ENSMUSG00000073374-C,1.6660324636864343,2.1978183102091036,2.532598773826906,3.2486616392715377,2.9060517082773543,3.784113270972422,2.4737582927568313,3.402543765077897,3.2224300065550993,,2.505390373648638,3.083201578726807,,3.766177223083601,3.5808757985520483,2.320812859996769,3.3834412183032643,,,3.75140358505242,1.5517650907126677,2.389452305959414,3.2578804018563177,2.1055702394493165,1.145283945259697,2.01153025227296,,,2.2694164769105942,2.303760115630847,2.6800946312329175,0.0,0.0,
ENSMUSG00000073664-C,5.925256202634646,5.306312937226608,5.49289137788868,5.747655377626174,6.460113114854808,6.100958080072348,6.067077252925717,6.036265333276009,5.442984623531747,,5.669564912724861,6.110716618459133,,5.133831025639021,6.013532026136244,6.05028896922374,5.826695924225065,,,6.040688213445052,6.744787911340359,5.915381732138138,5.279178948907182,5.728816639028452,5.856964288300919,5.873070944976806,,,4.794362111747247,5.413602663406433,5.50314615290747,6.27501180612217,5.065242378780794,
ENSMUSG00000073702-C,9.452935097935203,9.512208253652297,9.811981534077132,9.035892902849584,9.19379051660954,9.373107297698729,9.178592665593929,9.472335682030838,9.49722857776259,,9.8099647763937,9.875778653814812,,9.862454722805357,9.838524899027291,9.890897112597948,9.831475433115251,,,9.638895162226415,9.413509521266832,9.279360963630443,9.345561681110992,9.430069716087612,8.88024435126024,9.078719817525604,,,9.435986549708264,9.404450516420306,9.391702095482207,9.232076972805814,9.608306980813031,
ENSMUSG00000073705-C,3.6952964858036528,2.1978183102091036,3.265291998573044,2.138137563504853,3.33541126722878,2.002227548217203,3.337679642492369,3.2893625141918443,3.2224300065550993,,3.574755773191751,3.918320741751176,,4.113843988412434,3.288778564963921,3.9683212029619424,3.8801471897401703,,,3.8378021129317026,2.764530519215672,2.5719634942468153,3.0246987074308613,3.3341556752144523,3.048127979598824,4.474090557491965,,,3.5246307075254704,3.4008560131744745,3.2711816746923503,4.114259253231501,4.46052582652635,
ENSMUSG00000073755-C,8.289483489204857,8.595048214005772,8.616568861065694,7.952101869897199,8.17046239508348,8.170377129052515,8.513298017370223,8.375581520733478,8.356127072530253,,8.860790901125663,8.843803052985304,,8.380273604169648,8.706358296414422,8.90449710560917,8.94651624712642,,,8.868150285855995,8.667710437987248,8.129828843039451,7.966482431278515,7.924779465245581,8.127923244404286,7.91917136074807,,,8.519194503817968,8.46170942238498,8.389200785223263,8.260971369679284,7.695894352362384,
ENSMUSG00000074136-C,0.0,2.4554423935427265,0.0,0.0,1.84729786765765,1.3237104085262597,1.0967492717572764,0.846305570751632,0.0,,0.8316110494662632,0.0,,0.8003576570276729,1.0680554872113692,1.2215959129652292,2.147673398643941,,,2.112583478009447,0.0,0.7711227158729893,0.0,0.8686232207515774,0.0,1.3311596570548716,,,1.541336626495835,1.0874491440466718,1.0578286184819063,0.8944330770159921,3.8454156461999536,
ENSMUSG00000074220-C,2.910774933198879,1.883967845402639,2.532598773826906,2.9641894307294048,1.84729786765765,2.6463508127993287,2.969442418789574,2.884232195671641,2.9386360600829815,,2.2922982217170365,2.580938305492785,,2.9399402873012845,2.429327355217106,0.0,2.6198095436164515,,,3.659499454058248,1.5517650907126677,2.5719634942468153,1.6514266395573065,1.7981578459377747,1.7755955644782335,0.0,,,2.2694164769105942,1.7004218063870564,3.2711816746923503,0.0,2.7509977021377465,
ENSMUSG00000074252-C,2.090890740391519,1.4822933651173062,0.9688103744562226,1.4334760532826032,2.292011360782609,2.2502722058212323,2.1427948453617223,1.7628475801227037,0.0,,1.3557736240157023,1.8039062995588535,,1.6891195143635438,0.0,0.0,1.4412513726916425,,,2.112583478009447,2.281998541109351,1.935983705110964,0.7772103564006736,0.0,1.7755955644782335,2.4720055205074685,,,2.5302208690762416,1.426248509167121,1.0578286184819063,0.0,0.0,
ENSMUSG00000074274-C,0.0,0.0,0.0,0.0,0.0,0.0,0.0,0.0,1.4150638090347123,,0.0,0.0,,0.0,0.0,0.0,1.4412513726916425,,,0.0,0.0,0.0,0.0,0.0,0.0,0.0,,,0.0,0.6438468756903795,0.0,1.838604035947166,0.0,
ENSMUSG00000074384-C,3.1054976846716587,2.4554423935427265,3.527256332227863,3.2486616392715377,3.33541126722878,2.8099004108689636,3.4916609888554997,2.067488679955821,3.345812791746194,,3.666196903537223,3.3414202912602526,,2.9399402873012845,4.031437387137405,3.543045891664217,2.6198095436164515,,,2.366199903278748,2.281998541109351,2.5719634942468153,2.746422465537691,2.761591019909415,2.547841273150182,2.4720055205074685,,,3.639677013987396,3.321904809563751,3.6892717228661702,4.184088675445754,0.0,
ENSMUSG00000074656-C,8.745375623187794,8.941454161176507,9.116951769048365,8.355728475300877,8.661880764062602,8.61398651161656,8.633995699408613,8.632100754229727,8.745996374725735,,9.040286049287952,9.158827729724466,,8.63291714789632,9.212294568318436,9.092246013123171,9.147550454250712,,,9.29964320961678,9.173999859270245,8.576884782360095,8.492046768467263,8.557629908427945,8.030985812669176,8.040434217926368,,,8.861972805977725,8.56602823383216,8.834268979306849,8.312549247146118,8.15825950338917,
ENSMUSG00000074916-C,1.0612255463732776,1.4822933651173062,0.0,2.138137563504853,1.84729786765765,1.702496038550303,1.712571527584626,1.3761692453425427,1.8073849903108583,,3.4771243393449116,1.8039062995588535,,1.987732424191134,0.0,1.8734553036471215,1.4412513726916425,,,1.4126867783113457,0.9751738319309616,1.935983705110964,0.0,0.0,0.0,2.01153025227296,,,0.0,1.0874491440466718,1.6615634406534388,0.0,0.0,
ENSMUSG00000075254-C,5.2866822703791,5.239377622271777,4.639848634876391,5.198506277052428,5.4552031015430895,5.5953648599735635,5.1359318331393675,5.005298906990166,5.741508294961985,,6.168925104201696,5.570179956007895,,5.896782669068075,5.622070737276084,5.532614498044087,5.7367313286375365,,,5.166266667433585,5.678794728092543,5.264898925835847,5.080462981596519,5.2851173663231155,5.479886222800303,4.8221626768812405,,,4.521827482917072,5.187326910656038,4.693838470048764,5.370419795672076,5.490056390463297,
ENSMUSG00000078091-C,1.0612255463732776,1.883967845402639,2.532598773826906,0.0,0.0,1.3237104085262597,1.0967492717572764,0.0,1.8073849903108583,,1.3557736240157023,2.580938305492785,,1.6891195143635438,1.675007964280378,1.8734553036471215,1.8372750529254864,,,1.4126867783113457,0.0,1.935983705110964,1.6514266395573065,0.0,0.0,0.0,,,1.541336626495835,0.6438468756903795,2.0858962887955266,0.0,0.0,
ENSMUSG00000078439-C,0.0,0.9236912118413654,0.9688103744562226,2.138137563504853,0.0,1.3237104085262597,0.0,0.846305570751632,0.0,,0.0,1.4120204056836572,,1.3121223935613218,1.675007964280378,1.2215959129652292,2.147673398643941,,,0.0,0.0,1.270944323129923,0.7772103564006736,0.0,0.0,2.8205248563310685,,,1.9508269527020643,1.0874491440466718,0.0,1.4424172899414331,5.490056390463297,
ENSMUSG00000078451-C,3.1054976846716587,1.4822933651173062,2.9449675252531367,2.9641894307294048,2.292011360782609,3.6174369818121015,3.9821623310526646,3.2893625141918443,3.345812791746194,,2.855466091184482,2.1117629745024855,,2.446043618687812,2.429327355217106,3.3679746106824373,3.3834412183032643,,,3.996472480641343,4.200520436766171,3.244760474119069,2.584167946796685,3.3341556752144523,3.418887887081104,4.262476788602882,,,0.9674048923102424,2.9541737762086013,3.805452458367365,0.0,0.0,
ENSMUSG00000078532-C,2.090890740391519,1.883967845402639,0.9688103744562226,1.4334760532826032,0.0,1.702496038550303,2.1427948453617223,2.067488679955821,2.115509598589792,,2.505390373648638,0.0,,2.2350113770874733,0.0,2.320812859996769,2.402969793843818,,,1.4126867783113457,1.962598682968702,0.7711227158729893,1.2795471030274967,2.5742268621828144,0.0,0.0,,,0.0,1.0874491440466718,1.0578286184819063,0.0,0.0,
ENSMUSG00000078653-C,0.0,0.9236912118413654,0.0,2.609495240548126,0.0,0.8086282278702569,1.0967492717572764,0.0,0.0,,0.0,1.4120204056836572,,0.8003576570276729,1.675007964280378,0.0,0.0,,,0.8727598826207578,1.962598682968702,1.270944323129923,0.0,0.8686232207515774,0.0,1.3311596570548716,,,0.0,2.1292630581191667,0.0,0.0,2.7509977021377465,
ENSMUSG00000078700-C,3.6952964858036528,2.4554423935427265,4.524577674221481,4.300902556653133,4.052201677285168,2.2502722058212323,1.712571527584626,3.696924723560992,3.922871459374952,,3.4771243393449116,3.560363063339314,,3.307194436369124,3.82367468051064,4.195079115277823,4.3735768992333215,,,3.75140358505242,4.122666665797709,3.701788008824327,3.9332209460107537,3.2108868858509947,3.958170733316668,3.872280659764173,,,2.2694164769105942,2.5998912372602767,3.562908967782425,2.404466208288875,2.2693972934160422,
ENSMUSG00000078716-C,6.9002711299739286,6.798651892829131,6.744861941088189,6.779547242845372,6.881683265171662,6.412325339329962,7.1517937250625465,6.8958826657196015,6.670107751107389,,7.035680622409293,6.503017426291664,,6.638419468275145,7.351360014353157,7.165197088914916,6.7463787526364545,,,6.712806527496721,7.00557855155315,6.362096290587524,6.177546666935104,6.341882569186647,6.540773440401767,5.835261920488193,,,7.256406046118196,6.568880554422013,6.756193244616979,6.497028600236138,6.702835548595324,
ENSMUSG00000078942-C,0.0,0.0,0.0,0.0,0.0,0.8086282278702569,1.0967492717572764,1.3761692453425427,0.0,,1.3557736240157023,0.0,,0.0,0.0,0.0,0.0,,,0.8727598826207578,0.9751738319309616,0.7711227158729893,0.0,0.0,1.7755955644782335,0.0,,,0.0,1.426248509167121,0.0,2.6213546220940547,0.0,
ENSMUSG00000079036-C,4.019154570446448,3.556251698652685,4.262079398014771,4.8184146398616825,4.753955375011224,5.212342495200179,4.881080243170423,4.772434856206455,4.502540578785094,,4.822144084942375,4.8282293923316475,,4.670760070376401,4.125079381585428,4.086150710679919,4.830306502063456,,,5.439267117509091,5.038874041043755,4.51756029553663,4.986137502541371,5.089022780191272,3.418887887081104,4.474090557491965,,,4.6370888418991045,4.330892291115861,4.752914528653213,4.114259253231501,3.8454156461999536,
ENSMUSG00000079215-C,6.703721195094392,6.429807486435191,6.363945712770218,7.2024487579229985,6.731038905655087,6.903811286254716,6.693278143818411,6.137841992795669,6.6220934874773825,,6.666439003736113,6.653429004663466,,6.538384031290001,6.506552089150127,6.495807803350097,6.802888777866743,,,6.450236473578326,6.83298786451832,6.622204645971145,6.40115620471674,6.559628120801717,6.7822865966205,6.175011010380478,,,6.256827573966689,6.471649633311949,5.570378612998358,7.289623768047171,6.504598049510028,
ENSMUSG00000079434-C,3.2770365883185586,3.441827149251054,3.527256332227863,2.609495240548126,2.6314563966651643,2.6463508127993287,3.6307810679510832,3.402543765077897,2.36926775764794,,3.3724032164142397,3.995471990197128,,2.6301094702480934,3.707376963716697,2.66179105737093,4.112520760316219,,,3.3423824086880285,3.1254898356485032,3.348482516944733,3.0246987074308613,3.447716039931815,2.212784030876461,3.335753380518202,,,3.3996089179664075,2.4594104501768173,3.4244065628585965,4.114259253231501,5.293229488386045,
ENSMUSG00000081278-C,0.0,0.0,0.0,0.0,0.0,0.0,0.0,0.0,0.0,,0.0,0.8722754939741469,,0.0,0.0,0.0,0.0,,,0.0,0.0,0.0,0.0,0.0,0.0,0.0,,,0.0,0.0,0.0,1.4424172899414331,0.0,
ENSMUSG00000082491-C,1.6660324636864343,0.9236912118413654,0.9688103744562226,0.0,1.84729786765765,0.8086282278702569,1.0967492717572764,1.3761692453425427,0.0,,0.0,1.8039062995588535,,1.3121223935613218,1.675007964280378,0.0,0.0,,,0.0,0.9751738319309616,1.270944323129923,1.9468263315634875,1.4069932691538003,0.0,1.3311596570548716,,,0.9674048923102424,1.0874491440466718,0.0,0.8944330770159921,0.0,
ENSMUSG00000082515-C,0.0,0.0,0.0,1.4334760532826032,0.0,0.8086282278702569,0.0,0.0,0.0,,0.0,0.8722754939741469,,0.0,2.1009160241147065,0.0,0.0,,,0.0,0.0,0.0,0.0,1.4069932691538003,0.0,0.0,,,0.0,0.0,1.0578286184819063,0.0,0.0,
ENSMUSG00000082626-C,0.0,1.883967845402639,0.0,0.0,1.201086816065423,0.0,1.0967492717572764,0.0,0.0,,0.0,1.4120204056836572,,0.8003576570276729,0.0,1.2215959129652292,0.0,,,0.0,0.0,0.7711227158729893,0.7772103564006736,0.0,1.145283945259697,0.0,,,1.541336626495835,0.6438468756903795,0.0,0.0,2.2693972934160422,
ENSMUSG00000083061-C,0.0,0.0,0.0,0.0,0.0,0.0,0.0,0.0,0.8744882523316289,,0.0,0.0,,0.0,0.0,0.0,0.0,,,0.0,0.0,0.7711227158729893,0.7772103564006736,0.0,0.0,0.0,,,0.0,0.0,1.6615634406534388,0.0,0.0,
ENSMUSG00000083396-C,1.6660324636864343,0.9236912118413654,0.0,0.0,0.0,0.8086282278702569,1.0967492717572764,0.846305570751632,0.0,,0.0,0.0,,0.0,1.675007964280378,0.0,0.8935808599904828,,,0.8727598826207578,3.413970484719136,0.7711227158729893,1.2795471030274967,1.4069932691538003,1.145283945259697,3.101018312374517,,,0.9674048923102424,0.6438468756903795,0.0,0.0,0.0,
ENSMUSG00000083563-C,4.361814742642791,3.7610167080437464,5.026289226720062,2.609495240548126,4.528894874093235,5.025245841639177,4.935779544634974,4.33266385642655,4.7004801944898515,,5.204175692290074,4.204884498283597,,5.006494539162363,4.935853410223768,5.490489914344357,5.275840962070013,,,5.231553496860846,4.200520436766171,4.6452583858847785,4.3414856993539885,4.733544525276869,5.075584322680654,2.4720055205074685,,,4.1855307145708,4.159846911604113,3.2711816746923503,4.832086780670741,3.8454156461999536,
ENSMUSG00000085028-C,3.2770365883185586,1.4822933651173062,1.9529590040861384,2.138137563504853,3.33541126722878,2.9567828186877194,3.757657697182688,2.7192353881313043,3.459469887214497,,2.69102069229586,2.3653396025461224,,3.4114162920058955,2.429327355217106,3.3679746106824373,3.2596966249115087,,,3.75140358505242,4.905752418677896,3.8505343897065623,2.746422465537691,3.74295406855436,4.066490143806875,4.8221626768812405,,,0.9674048923102424,2.845467778033953,0.0,2.6213546220940547,3.111437600054451,
ENSMUSG00000085037-C,1.6660324636864343,3.03134235656842,2.9449675252531367,3.2486616392715377,2.6314563966651643,2.8099004108689636,3.874272644065696,2.7192353881313043,3.564823156854149,,3.0030704681086475,2.580938305492785,,2.446043618687812,2.9221280948258475,3.168685798330999,3.3834412183032643,,,1.8046680709167229,4.344655325790623,2.389452305959414,2.584167946796685,3.3341556752144523,3.8410535456100336,4.14376335637175,,,3.1114590032192178,2.303760115630847,3.562908967782425,0.0,4.329560199344903,
ENSMUSG00000085078-C,0.0,0.9236912118413654,0.9688103744562226,0.0,1.84729786765765,0.8086282278702569,0.0,1.3761692453425427,0.8744882523316289,,0.8316110494662632,1.4120204056836572,,2.6301094702480934,1.0680554872113692,0.0,0.8935808599904828,,,0.0,0.0,0.7711227158729893,0.0,0.0,0.0,0.0,,,0.0,1.426248509167121,1.6615634406534388,0.0,3.399587007767687,
ENSMUSG00000085111-C,0.0,0.0,0.0,0.0,1.201086816065423,0.8086282278702569,0.0,1.3761692453425427,0.0,,0.0,1.4120204056836572,,0.0,1.0680554872113692,0.0,2.147673398643941,,,0.0,0.0,0.7711227158729893,0.0,0.0,0.0,0.0,,,0.9674048923102424,0.0,0.0,0.8944330770159921,0.0,
ENSMUSG00000085255-C,1.6660324636864343,0.9236912118413654,0.0,0.0,2.292011360782609,0.0,2.742784982129466,2.3188822613527895,1.4150638090347123,,1.7394224912174236,1.8039062995588535,,2.446043618687812,2.696667789000302,1.8734553036471215,1.8372750529254864,,,0.8727598826207578,2.281998541109351,2.389452305959414,2.401325369831886,2.9273952328051136,1.145283945259697,2.01153025227296,,,1.9508269527020643,0.6438468756903795,0.0,0.0,2.7509977021377465,
ENSMUSG00000085315-C,1.6660324636864343,1.4822933651173062,1.9529590040861384,0.0,0.0,2.2502722058212323,1.712571527584626,2.884232195671641,2.36926775764794,,2.2922982217170365,0.8722754939741469,,1.6891195143635438,0.0,2.320812859996769,2.147673398643941,,,2.58182735415899,1.5517650907126677,0.0,2.1919001964604257,2.358845731896266,1.145283945259697,0.0,,,0.9674048923102424,1.7004218063870564,0.0,1.838604035947166,3.111437600054451,
ENSMUSG00000085712-C,1.0612255463732776,0.9236912118413654,0.0,0.0,0.0,0.0,1.0967492717572764,0.0,0.0,,0.8316110494662632,0.0,,1.6891195143635438,0.0,1.2215959129652292,0.0,,,0.0,2.281998541109351,0.0,0.0,0.0,1.145283945259697,0.0,,,0.9674048923102424,0.0,1.0578286184819063,0.0,0.0,
ENSMUSG00000085891-C,2.418679371923628,0.0,0.9688103744562226,0.0,0.0,0.8086282278702569,0.0,0.846305570751632,1.4150638090347123,,0.8316110494662632,0.8722754939741469,,0.0,1.675007964280378,0.0,0.0,,,0.8727598826207578,0.0,1.270944323129923,0.7772103564006736,0.8686232207515774,1.145283945259697,0.0,,,0.0,0.0,1.0578286184819063,1.4424172899414331,3.111437600054451,
ENSMUSG00000086015-C,0.0,0.9236912118413654,1.5432246700768597,0.0,1.201086816065423,0.8086282278702569,0.0,0.0,0.0,,0.0,0.0,,0.8003576570276729,0.0,0.0,0.0,,,0.0,0.0,1.641449874184738,0.7772103564006736,0.0,1.7755955644782335,0.0,,,0.0,0.0,0.0,0.8944330770159921,0.0,
ENSMUSG00000086170-C,0.0,0.0,0.0,0.0,0.0,1.3237104085262597,1.0967492717572764,0.0,0.0,,0.8316110494662632,0.0,,1.3121223935613218,0.0,0.0,0.8935808599904828,,,0.0,0.0,0.7711227158729893,0.0,0.0,1.7755955644782335,0.0,,,0.0,0.0,0.0,0.0,0.0,
ENSMUSG00000086213-C,0.0,1.4822933651173062,0.9688103744562226,2.138137563504853,2.292011360782609,0.0,2.1427948453617223,0.846305570751632,0.8744882523316289,,1.3557736240157023,1.4120204056836572,,1.6891195143635438,1.675007964280378,0.0,0.8935808599904828,,,0.8727598826207578,2.281998541109351,0.7711227158729893,1.2795471030274967,1.4069932691538003,1.145283945259697,0.0,,,0.0,0.6438468756903795,1.0578286184819063,0.0,4.794338780282,
ENSMUSG00000086291-C,3.1054976846716587,3.3175393399239037,1.5432246700768597,3.4861740589936105,3.33541126722878,3.0900831294315263,3.9821623310526646,2.3188822613527895,2.36926775764794,,2.855466091184482,2.3653396025461224,,3.307194436369124,2.1009160241147065,2.937387202743914,3.124333732221476,,,3.75140358505242,4.595806375558287,2.733957072035301,3.4585648108342464,4.260795788795305,3.245385555138888,3.537586637374066,,,0.0,1.426248509167121,2.6800946312329175,3.125967354164119,0.0,
ENSMUSG00000086370-C,5.116356650448591,3.556251698652685,3.402211944982682,4.982647165246312,3.806456095533223,4.8483561740822365,4.17638954145701,4.442622844884783,4.273058412468433,,4.697634350666895,3.750415480446991,,4.866821302962881,4.2958915964377065,4.296357293218538,4.43207460917602,,,4.601253901034637,5.080651431446468,5.264898925835847,4.575435833627302,4.90242022349317,5.2233027581692975,5.441262833161149,,,1.9508269527020643,4.204546674916045,3.2711816746923503,4.184088675445754,2.7509977021377465,
ENSMUSG00000086822-C,1.6660324636864343,0.9236912118413654,1.5432246700768597,1.4334760532826032,0.0,2.2502722058212323,1.712571527584626,2.067488679955821,2.36926775764794,,1.7394224912174236,2.1117629745024855,,1.6891195143635438,2.9221280948258475,1.2215959129652292,2.8082760478821935,,,2.366199903278748,0.9751738319309616,1.641449874184738,1.9468263315634875,0.8686232207515774,0.0,0.0,,,0.0,2.4594104501768173,1.0578286184819063,0.8944330770159921,3.111437600054451,
ENSMUSG00000087252-C,0.0,0.0,0.0,1.4334760532826032,0.0,0.0,0.0,1.3761692453425427,0.0,,0.0,0.0,,1.3121223935613218,0.0,0.0,0.8935808599904828,,,0.0,0.0,0.0,0.0,0.0,0.0,0.0,,,0.0,0.0,0.0,0.0,0.0,
ENSMUSG00000087331-C,2.910774933198879,3.441827149251054,2.9449675252531367,1.4334760532826032,0.0,1.3237104085262597,2.742784982129466,2.7192353881313043,2.115509598589792,,2.2922982217170365,3.3414202912602526,,1.987732424191134,2.429327355217106,2.66179105737093,2.9749426595913873,,,3.2190330748149605,2.281998541109351,3.244760474119069,2.746422465537691,3.0760931997901184,2.547841273150182,3.101018312374517,,,3.639677013987396,2.9541737762086013,2.413372980792649,3.6047154770664913,0.0,
ENSMUSG00000087347-C,0.0,0.0,0.9688103744562226,0.0,0.0,0.0,0.0,0.0,0.0,,0.8316110494662632,0.0,,0.0,0.0,0.0,0.0,,,0.0,0.0,0.0,0.0,0.0,1.7755955644782335,2.01153025227296,,,0.0,0.6438468756903795,1.0578286184819063,0.8944330770159921,0.0,
ENSMUSG00000087352-C,1.6660324636864343,2.673957838819107,1.9529590040861384,1.4334760532826032,1.201086816065423,0.8086282278702569,0.0,0.0,1.4150638090347123,,0.8316110494662632,1.8039062995588535,,0.8003576570276729,1.675007964280378,2.937387202743914,1.8372750529254864,,,2.58182735415899,1.962598682968702,1.641449874184738,1.6514266395573065,0.8686232207515774,1.145283945259697,0.0,,,2.2694164769105942,2.1292630581191667,2.9051150409108515,0.0,0.0,
ENSMUSG00000087444-C,0.0,0.0,0.0,0.0,1.201086816065423,0.0,0.0,1.3761692453425427,0.0,,0.0,0.0,,0.0,0.0,0.0,0.8935808599904828,,,0.8727598826207578,0.9751738319309616,0.0,0.0,0.0,0.0,0.0,,,0.0,0.0,0.0,3.3851096075210654,2.2693972934160422,
ENSMUSG00000087516-C,0.0,1.4822933651173062,1.5432246700768597,1.4334760532826032,1.201086816065423,2.2502722058212323,2.742784982129466,2.3188822613527895,2.584997580289027,,0.8316110494662632,1.8039062995588535,,1.6891195143635438,2.1009160241147065,1.8734553036471215,1.8372750529254864,,,2.112583478009447,4.4116593853048665,1.935983705110964,0.0,1.4069932691538003,2.819562531975392,0.0,,,0.0,1.0874491440466718,1.0578286184819063,0.8944330770159921,3.399587007767687,
ENSMUSG00000087556-C,0.0,0.9236912118413654,0.0,2.138137563504853,0.0,0.0,1.0967492717572764,0.846305570751632,0.0,,0.8316110494662632,0.0,,0.0,0.0,0.0,0.8935808599904828,,,0.0,0.0,0.7711227158729893,0.0,0.0,0.0,0.0,,,0.0,1.0874491440466718,0.0,0.0,0.0,
ENSMUSG00000087660-C,0.0,0.9236912118413654,0.0,1.4334760532826032,1.201086816065423,0.0,0.0,0.0,0.0,,0.0,0.0,,0.8003576570276729,0.0,0.0,0.0,,,0.0,0.9751738319309616,0.7711227158729893,0.7772103564006736,1.4069932691538003,1.145283945259697,0.0,,,0.0,0.6438468756903795,0.0,0.8944330770159921,0.0,
ENSMUSG00000087679-C,7.666237004362706,7.750700649707256,7.476436900733901,7.251587214949485,6.988859848400011,7.082432152712378,7.230478192558928,7.327132265461291,7.164948728711438,,7.63122737931866,7.882918385244289,,7.730210970084021,7.9072513317649005,8.01912821066498,7.964379256349678,,,7.623181861348596,7.368063493739561,6.877603940137629,7.116510933460998,7.09223715041755,7.145473727530398,7.309876754600312,,,7.219890980038112,7.449638813874552,7.547425853459201,7.825819005893193,8.016430191469537,
ENSMUSG00000087698-C,0.0,0.0,0.9688103744562226,2.138137563504853,0.0,0.8086282278702569,0.0,0.846305570751632,2.115509598589792,,0.0,2.580938305492785,,1.3121223935613218,0.0,1.8734553036471215,1.4412513726916425,,,1.4126867783113457,0.0,0.0,1.2795471030274967,0.0,0.0,0.0,,,1.541336626495835,1.0874491440466718,1.6615634406534388,0.0,3.639654752205806,
ENSMUSG00000088208-C,1.6660324636864343,0.9236912118413654,1.9529590040861384,2.138137563504853,1.201086816065423,0.0,0.0,0.846305570751632,0.0,,1.3557736240157023,0.0,,1.6891195143635438,1.0680554872113692,1.2215959129652292,0.0,,,0.0,2.281998541109351,1.270944323129923,0.0,0.0,1.145283945259697,2.8205248563310685,,,0.0,0.6438468756903795,1.0578286184819063,0.0,3.399587007767687,
ENSMUSG00000089665-C,3.568887481409009,3.181526091046473,3.748883930068221,3.4861740589936105,2.6314563966651643,3.2121019552631123,4.426063711373963,3.032280577134576,4.14299766649662,,4.2427889738829485,3.560363063339314,,4.23241421537003,4.2958915964377065,4.195079115277823,3.9618350060548617,,,4.069709806402361,0.9751738319309616,3.8505343897065623,3.3617092928764207,3.987916772059367,3.5737464719259227,3.872280659764173,,,3.746222763186613,3.1497241621459846,3.912970404851044,4.0408772621977525,2.2693972934160422,
ENSMUSG00000089715-C,11.3183542774092,11.67249156424025,11.95479941011898,11.137683085480813,10.990199991627032,11.283303916612596,11.264150379641569,11.436750835241156,11.427529531800408,,11.877037196962975,12.257461239477088,,11.893423573163604,11.91436833524357,12.034665262168575,12.019820956754431,,,11.767727553006823,11.488119028444173,11.41574111942838,11.205101880955194,11.385054384789829,10.611344492403232,10.892245751920695,,,11.2554470993241,11.577638987624711,11.30444086325339,11.27396460436534,11.14046457527792,
ENSMUSG00000089941-C,0.0,0.0,0.0,1.4334760532826032,1.201086816065423,0.0,0.0,0.0,0.0,,0.0,0.0,,1.987732424191134,0.0,0.0,0.0,,,0.8727598826207578,0.0,0.0,0.0,1.4069932691538003,1.145283945259697,0.0,,,0.0,0.6438468756903795,0.0,0.8944330770159921,3.111437600054451,
ENSMUSG00000090138-C,0.0,0.9236912118413654,0.0,2.9641894307294048,3.33541126722878,1.3237104085262597,1.712571527584626,0.0,0.8744882523316289,,0.8316110494662632,1.4120204056836572,,0.0,0.0,0.0,1.4412513726916425,,,1.4126867783113457,2.764530519215672,0.7711227158729893,1.6514266395573065,0.8686232207515774,1.145283945259697,0.0,,,0.0,1.0874491440466718,0.0,0.0,0.0,
ENSMUSG00000090290-C,3.1054976846716587,0.0,0.9688103744562226,2.138137563504853,1.201086816065423,1.3237104085262597,2.1427948453617223,2.067488679955821,2.36926775764794,,1.7394224912174236,0.8722754939741469,,1.6891195143635438,1.0680554872113692,2.320812859996769,0.0,,,2.366199903278748,0.9751738319309616,1.935983705110964,2.1919001964604257,0.0,0.0,2.8205248563310685,,,2.2694164769105942,1.426248509167121,0.0,0.8944330770159921,0.0,
ENSMUSG00000090523-C,1.0612255463732776,0.0,0.0,2.609495240548126,0.0,1.3237104085262597,2.1427948453617223,1.7628475801227037,2.115509598589792,,1.3557736240157023,0.0,,1.987732424191134,1.0680554872113692,0.0,0.0,,,0.8727598826207578,0.9751738319309616,0.0,1.6514266395573065,0.0,0.0,3.335753380518202,,,2.2694164769105942,2.5998912372602767,1.6615634406534388,1.838604035947166,0.0,
ENSMUSG00000091523-C,1.0612255463732776,0.0,0.9688103744562226,0.0,0.0,1.702496038550303,0.0,0.846305570751632,0.0,,0.0,1.4120204056836572,,0.8003576570276729,0.0,0.0,0.0,,,1.4126867783113457,0.9751738319309616,0.7711227158729893,0.7772103564006736,0.0,0.0,0.0,,,0.0,0.6438468756903795,0.0,0.0,2.7509977021377465,
ENSMUSG00000092074-C,2.910774933198879,2.8636883321253084,0.0,2.609495240548126,1.84729786765765,2.9567828186877194,2.4737582927568313,3.2893625141918443,2.584997580289027,,2.2922982217170365,2.3653396025461224,,3.766177223083601,2.9221280948258475,1.8734553036471215,1.4412513726916425,,,2.58182735415899,2.9562697642966596,3.348482516944733,1.9468263315634875,1.7981578459377747,2.547841273150182,2.8205248563310685,,,0.9674048923102424,2.727898487286808,2.0858962887955266,0.0,0.0,
ENSMUSG00000092241-C,1.0612255463732776,0.9236912118413654,0.0,1.4334760532826032,2.6314563966651643,0.0,1.0967492717572764,1.3761692453425427,0.0,,0.8316110494662632,0.8722754939741469,,1.987732424191134,0.0,0.0,2.402969793843818,,,1.4126867783113457,0.0,0.0,0.7772103564006736,0.8686232207515774,1.7755955644782335,2.01153025227296,,,0.9674048923102424,0.0,0.0,0.0,0.0,
ENSMUSG00000092325-C,0.0,0.0,0.0,0.0,0.0,0.0,0.0,0.846305570751632,0.0,,0.8316110494662632,0.0,,0.8003576570276729,0.0,0.0,1.4412513726916425,,,0.0,0.0,0.0,0.0,2.1055702394493165,0.0,3.101018312374517,,,0.0,0.6438468756903795,0.0,0.0,4.46052582652635,
ENSMUSG00000093577-C,0.0,0.0,0.9688103744562226,1.4334760532826032,0.0,1.702496038550303,1.712571527584626,2.532901923184754,0.8744882523316289,,2.505390373648638,0.0,,0.0,1.675007964280378,0.0,0.8935808599904828,,,2.58182735415899,1.5517650907126677,0.0,1.2795471030274967,0.0,0.0,0.0,,,0.0,1.0874491440466718,1.0578286184819063,0.0,0.0,
ENSMUSG00000093930-C,8.77072354659918,8.756352815778378,8.750855977578256,8.924146264970078,9.151572080502632,9.074426149714505,8.994378714444984,9.160602505881682,9.018242193006651,,9.057277054033252,9.027224586437203,,9.065133786849785,9.277478405517924,8.791941320738083,9.09194116883297,,,9.43745752203596,9.703188764583038,9.143565064873853,8.631005426855868,8.955800255395463,9.067859973022657,8.841868130487587,,,8.928542032990977,8.716364978403147,8.858007846677578,8.604417689339224,8.953752875545781,
ENSMUSG00000094152-C,1.0612255463732776,0.0,1.5432246700768597,0.0,1.201086816065423,0.0,0.0,0.0,0.8744882523316289,,0.0,1.4120204056836572,,0.0,1.675007964280378,0.0,0.0,,,0.0,0.9751738319309616,0.0,1.2795471030274967,0.0,0.0,0.0,,,0.9674048923102424,1.0874491440466718,1.0578286184819063,0.0,0.0,
ENSMUSG00000094595-C,1.0612255463732776,1.883967845402639,0.9688103744562226,2.609495240548126,2.6314563966651643,1.3237104085262597,1.0967492717572764,2.7192353881313043,0.8744882523316289,,1.3557736240157023,1.8039062995588535,,1.987732424191134,1.675007964280378,1.8734553036471215,2.402969793843818,,,2.9353278433826433,2.281998541109351,0.0,0.0,1.4069932691538003,2.212784030876461,0.0,,,1.9508269527020643,0.6438468756903795,1.6615634406534388,1.4424172899414331,0.0,
ENSMUSG00000094724-C,1.6660324636864343,0.0,0.0,0.0,0.0,0.0,1.712571527584626,0.0,2.115509598589792,,1.3557736240157023,0.0,,0.0,0.0,0.0,0.0,,,1.8046680709167229,0.0,0.7711227158729893,0.7772103564006736,0.0,0.0,0.0,,,1.541336626495835,0.6438468756903795,0.0,0.0,0.0,
ENSMUSG00000094840-C,2.6856076178598616,2.1978183102091036,3.265291998573044,3.4861740589936105,3.665864844922387,4.002783898283538,2.969442418789574,3.6053134790057273,2.772625439053359,,2.505390373648638,3.083201578726807,,4.113843988412434,4.031437387137405,1.8734553036471215,3.7935549888483817,,,4.69682163605729,4.274387138167632,3.132999700652309,3.2578804018563177,3.0760931997901184,3.245385555138888,6.081214516088182,,,1.541336626495835,2.845467778033953,2.6800946312329175,1.838604035947166,2.2693972934160422,
ENSMUSG00000095253-C,2.910774933198879,4.022222530925879,4.746587023807134,4.982647165246312,4.160973786948527,4.360376603020698,4.264503345046947,4.5932844116131974,4.502540578785094,,4.861368725212117,4.7854214217715745,,4.670760070376401,2.9221280948258475,4.479794966086248,4.693524010819566,,,4.69682163605729,4.905752418677896,4.2222584895398185,4.236136261201466,3.447716039931815,3.713582110297556,3.335753380518202,,,4.32958319926474,4.113717787903322,3.6892717228661702,4.184088675445754,4.794338780282,
ENSMUSG00000097156-C,7.19592092299861,6.093226182418406,6.970846567326044,7.0441150047503465,6.640009622746282,7.283720995099379,6.314186220793812,6.962006493238565,6.93864120755106,,6.882040664006728,6.9338085158941345,,7.156161645793706,7.038875815396829,6.917480586564329,6.588171189295025,,,7.327177286798351,7.497079942132128,7.216055593917254,6.472473065247122,6.680719688227988,7.120561506775722,8.493068709528462,,,4.521827482917072,6.367389192014546,6.111722862911141,6.337635682737065,4.794338780282,
ENSMUSG00000097316-C,2.6856076178598616,3.03134235656842,3.527256332227863,3.690056043985187,4.052201677285168,3.6174369818121015,4.0825420244949235,3.8643493295108,3.564823156854149,,2.2922982217170365,3.083201578726807,,3.5996739263906603,3.442207073065027,3.9683212029619424,3.7935549888483817,,,2.58182735415899,2.9562697642966596,3.132999700652309,2.584167946796685,2.5742268621828144,2.212784030876461,2.8205248563310685,,,1.9508269527020643,2.303760115630847,2.6800946312329175,2.8098578703146537,3.111437600054451,
ENSMUSG00000097439-C,1.0612255463732776,1.883967845402639,0.0,0.0,1.201086816065423,0.8086282278702569,0.0,1.3761692453425427,0.0,,0.8316110494662632,0.0,,0.0,1.675007964280378,0.0,1.8372750529254864,,,0.0,0.9751738319309616,0.0,1.2795471030274967,0.0,0.0,0.0,,,0.0,0.6438468756903795,1.0578286184819063,0.0,0.0,
ENSMUSG00000097497-C,1.0612255463732776,2.8636883321253084,1.5432246700768597,3.2486616392715377,3.806456095533223,2.6463508127993287,2.1427948453617223,2.7192353881313043,3.459469887214497,,2.505390373648638,3.560363063339314,,1.6891195143635438,3.1170698124358824,3.3679746106824373,3.124333732221476,,,3.084143061959374,2.543344990983517,3.0118486721666375,2.892259673652012,1.7981578459377747,3.048127979598824,0.0,,,0.9674048923102424,2.1292630581191667,2.413372980792649,2.6213546220940547,0.0,
ENSMUSG00000097535-C,0.0,0.0,2.753466800942782,1.4334760532826032,0.0,1.3237104085262597,0.0,0.846305570751632,0.0,,1.3557736240157023,0.8722754939741469,,0.0,0.0,1.2215959129652292,0.0,,,0.0,0.0,0.7711227158729893,1.2795471030274967,0.0,0.0,0.0,,,0.0,0.0,0.0,0.0,0.0,
ENSMUSG00000097602-C,0.0,1.883967845402639,0.0,0.0,0.0,0.0,1.0967492717572764,0.0,2.36926775764794,,1.3557736240157023,0.0,,0.0,0.0,0.0,1.4412513726916425,,,1.4126867783113457,0.0,0.0,0.0,0.0,2.212784030876461,0.0,,,0.0,0.0,0.0,0.0,0.0,
ENSMUSG00000097793-C,2.6856076178598616,0.0,1.5432246700768597,0.0,1.201086816065423,1.702496038550303,1.712571527584626,0.846305570751632,0.8744882523316289,,2.2922982217170365,1.8039062995588535,,1.3121223935613218,0.0,1.8734553036471215,1.8372750529254864,,,1.8046680709167229,0.9751738319309616,1.270944323129923,1.6514266395573065,0.0,0.0,0.0,,,1.541336626495835,1.7004218063870564,0.0,1.838604035947166,3.399587007767687,
ENSMUSG00000097881-C,0.0,2.4554423935427265,1.5432246700768597,0.0,1.84729786765765,2.002227548217203,1.712571527584626,2.532901923184754,2.772625439053359,,2.042184285849804,3.083201578726807,,1.6891195143635438,2.429327355217106,2.320812859996769,2.402969793843818,,,0.8727598826207578,1.962598682968702,2.180461949771616,3.2578804018563177,2.1055702394493165,0.0,0.0,,,1.541336626495835,1.930718251259833,1.6615634406534388,2.404466208288875,3.399587007767687,
ENSMUSG00000097911-C,3.1054976846716587,0.9236912118413654,3.1140018458952654,2.138137563504853,2.292011360782609,2.2502722058212323,1.712571527584626,2.532901923184754,2.772625439053359,,2.69102069229586,2.3653396025461224,,1.6891195143635438,1.675007964280378,1.8734553036471215,2.6198095436164515,,,2.9353278433826433,2.764530519215672,1.641449874184738,2.892259673652012,2.1055702394493165,2.212784030876461,2.01153025227296,,,1.541336626495835,2.5998912372602767,2.0858962887955266,0.0,0.0,
ENSMUSG00000098098-C,1.6660324636864343,0.9236912118413654,1.9529590040861384,2.609495240548126,0.0,1.702496038550303,2.4737582927568313,2.067488679955821,1.4150638090347123,,2.042184285849804,2.7684670172004537,,2.2350113770874733,2.429327355217106,0.0,1.4412513726916425,,,0.0,2.281998541109351,1.270944323129923,2.1919001964604257,1.4069932691538003,1.7755955644782335,0.0,,,2.2694164769105942,0.0,2.0858962887955266,0.0,0.0,
ENSMUSG00000098158-C,1.0612255463732776,1.4822933651173062,0.0,0.0,0.0,1.3237104085262597,0.0,1.3761692453425427,0.0,,0.8316110494662632,0.0,,0.0,0.0,2.320812859996769,0.0,,,0.0,2.764530519215672,1.270944323129923,0.0,0.0,0.0,0.0,,,0.0,1.0874491440466718,0.0,0.0,0.0,
ENSMUSG00000098187-C,1.0612255463732776,1.883967845402639,0.0,0.0,0.0,2.4618615007939817,1.0967492717572764,0.846305570751632,0.8744882523316289,,2.042184285849804,2.3653396025461224,,2.6301094702480934,0.0,1.8734553036471215,0.0,,,0.0,1.5517650907126677,1.270944323129923,1.6514266395573065,0.8686232207515774,1.7755955644782335,2.01153025227296,,,0.0,1.426248509167121,2.0858962887955266,0.8944330770159921,0.0,
ENSMUSG00000098383-C,2.418679371923628,1.4822933651173062,0.0,0.0,1.201086816065423,0.0,1.0967492717572764,0.0,0.0,,2.042184285849804,0.8722754939741469,,1.6891195143635438,0.0,0.0,1.4412513726916425,,,1.4126867783113457,0.0,1.270944323129923,0.7772103564006736,0.0,0.0,0.0,,,0.9674048923102424,1.426248509167121,0.0,2.404466208288875,0.0,
ENSMUSG00000098739-C,1.0612255463732776,0.0,1.9529590040861384,0.0,1.201086816065423,1.3237104085262597,0.0,0.0,1.8073849903108583,,1.3557736240157023,0.8722754939741469,,0.0,0.0,0.0,0.0,,,1.4126867783113457,0.0,0.0,0.7772103564006736,0.0,0.0,0.0,,,0.0,0.6438468756903795,1.0578286184819063,0.0,0.0,
ENSMUSG00000099655-C,0.0,0.9236912118413654,2.532598773826906,3.868660751385197,0.0,2.002227548217203,1.0967492717572764,2.067488679955821,1.8073849903108583,,1.3557736240157023,2.1117629745024855,,2.7933262888489865,2.429327355217106,2.320812859996769,3.2596966249115087,,,2.58182735415899,1.5517650907126677,1.270944323129923,2.1919001964604257,2.358845731896266,1.7755955644782335,1.3311596570548716,,,1.541336626495835,1.426248509167121,1.6615634406534388,2.1491023054808034,0.0,
ENSMUSG00000100707-C,0.0,0.0,0.0,0.0,1.201086816065423,0.0,0.0,1.3761692453425427,0.0,,0.0,0.8722754939741469,,0.0,0.0,0.0,0.8935808599904828,,,0.8727598826207578,0.0,0.0,0.0,0.0,0.0,0.0,,,0.9674048923102424,0.0,0.0,0.0,0.0,
ENSMUSG00000100764-C,2.090890740391519,0.9236912118413654,0.9688103744562226,0.0,2.292011360782609,0.0,2.1427948453617223,1.7628475801227037,1.4150638090347123,,1.3557736240157023,2.580938305492785,,2.6301094702480934,1.0680554872113692,1.8734553036471215,1.4412513726916425,,,1.8046680709167229,1.962598682968702,0.0,2.1919001964604257,2.358845731896266,1.7755955644782335,0.0,,,2.2694164769105942,1.7004218063870564,1.0578286184819063,1.838604035947166,0.0,
ENSMUSG00000101599-C,4.112746069128248,3.9402984298812984,4.583364113437317,3.2486616392715377,4.753955375011224,4.250740687367286,3.337679642492369,3.6053134790057273,3.8413414125129752,,3.9101655294280664,4.387717425100568,,4.443800156595397,4.519297308313774,3.699152832108313,3.9618350060548617,,,4.205894027582234,3.2769287369170383,3.7780773780277177,3.5493249877461848,4.260795788795305,4.066490143806875,4.372160124747886,,,3.3996089179664075,4.159846911604113,2.6800946312329175,2.8098578703146537,4.025460034672541,
ENSMUSG00000101778-C,1.0612255463732776,0.9236912118413654,0.0,0.0,0.0,0.8086282278702569,0.0,0.0,0.0,,0.0,0.0,,0.8003576570276729,1.0680554872113692,1.2215959129652292,0.0,,,0.0,0.0,0.0,1.6514266395573065,0.8686232207515774,1.7755955644782335,0.0,,,0.0,0.0,1.0578286184819063,0.0,0.0,
ENSMUSG00000102018-C,1.6660324636864343,0.0,2.532598773826906,1.4334760532826032,2.292011360782609,1.3237104085262597,1.712571527584626,0.0,2.115509598589792,,2.042184285849804,0.8722754939741469,,0.8003576570276729,1.675007964280378,2.320812859996769,1.4412513726916425,,,2.112583478009447,1.5517650907126677,1.270944323129923,0.0,0.8686232207515774,0.0,0.0,,,2.9424659951760495,0.0,1.0578286184819063,2.404466208288875,0.0,
ENSMUSG00000102555-C,3.1054976846716587,1.4822933651173062,2.27169581750873,2.609495240548126,1.201086816065423,3.2121019552631123,2.969442418789574,1.7628475801227037,1.8073849903108583,,2.505390373648638,2.3653396025461224,,1.987732424191134,1.675007964280378,2.66179105737093,0.8935808599904828,,,2.7693778051683604,2.9562697642966596,1.935983705110964,1.9468263315634875,0.8686232207515774,1.7755955644782335,2.8205248563310685,,,0.0,1.0874491440466718,2.0858962887955266,0.8944330770159921,0.0,
ENSMUSG00000102570-C,0.0,0.9236912118413654,0.9688103744562226,0.0,1.201086816065423,1.3237104085262597,0.0,2.3188822613527895,1.4150638090347123,,0.0,0.8722754939741469,,0.8003576570276729,2.1009160241147065,0.0,1.4412513726916425,,,2.366199903278748,1.962598682968702,0.7711227158729893,1.2795471030274967,0.8686232207515774,0.0,0.0,,,0.9674048923102424,0.0,0.0,0.8944330770159921,0.0,
ENSMUSG00000102573-C,3.568887481409009,1.4822933651173062,2.27169581750873,1.4334760532826032,3.136645565127414,2.002227548217203,2.1427948453617223,2.532901923184754,1.4150638090347123,,3.0030704681086475,2.7684670172004537,,2.2350113770874733,2.9221280948258475,1.8734553036471215,0.0,,,1.4126867783113457,2.9562697642966596,4.166581811472687,2.892259673652012,3.2108868858509947,2.819562531975392,2.8205248563310685,,,1.541336626495835,2.4594104501768173,0.0,0.0,0.0,
ENSMUSG00000102600-C,5.4390057785363,4.7555239914050125,3.402211944982682,4.5306059070680975,5.172985764655266,3.933512117083069,4.426063711373963,4.442622844884783,4.502540578785094,,4.41084726600245,5.544736745488463,,3.5996739263906603,4.65107023252703,5.155149414787842,5.368619331410525,,,5.32425764497948,4.858501443322066,4.685430427923396,5.168997979309402,5.344975441493621,4.7898192319927615,5.490743484005632,,,3.639677013987396,4.778052199903618,4.106594402699193,4.314358941849066,0.0,
ENSMUSG00000102698-C,2.418679371923628,1.883967845402639,1.5432246700768597,2.609495240548126,1.201086816065423,2.002227548217203,1.0967492717572764,2.884232195671641,2.115509598589792,,2.2922982217170365,0.8722754939741469,,1.987732424191134,1.675007964280378,1.2215959129652292,1.4412513726916425,,,2.112583478009447,1.962598682968702,2.180461949771616,1.9468263315634875,1.7981578459377747,2.212784030876461,2.4720055205074685,,,0.0,1.426248509167121,2.0858962887955266,0.8944330770159921,0.0,
ENSMUSG00000102760-C,3.1054976846716587,2.1978183102091036,1.5432246700768597,2.9641894307294048,2.292011360782609,0.8086282278702569,0.0,0.846305570751632,2.36926775764794,,3.0030704681086475,2.7684670172004537,,2.446043618687812,2.1009160241147065,2.937387202743914,2.147673398643941,,,2.112583478009447,3.760903770260848,3.244760474119069,1.2795471030274967,2.761591019909415,1.7755955644782335,1.3311596570548716,,,1.541336626495835,2.4594104501768173,1.6615634406534388,0.0,0.0,
ENSMUSG00000102783-C,0.0,0.0,0.0,0.0,1.84729786765765,1.3237104085262597,0.0,0.0,0.0,,0.8316110494662632,0.8722754939741469,,1.6891195143635438,0.0,0.0,2.9749426595913873,,,0.0,0.0,0.0,0.7772103564006736,2.1055702394493165,0.0,0.0,,,0.0,1.426248509167121,1.0578286184819063,0.0,0.0,
ENSMUSG00000102854-C,3.811516312554619,3.556251698652685,2.9449675252531367,4.420321031248732,3.934555044755374,4.462266083562532,4.765036951130696,3.9412977455678506,4.000039464453881,,4.608226611648546,3.995471990197128,,4.584211939071658,3.707376963716697,3.840005387602358,3.8801471897401703,,,4.139408221510954,4.536997508552419,4.2222584895398185,3.7153260891446704,3.829313084763042,4.511856290237969,4.742697324315992,,,1.9508269527020643,3.8008758836611687,2.9051150409108515,2.404466208288875,3.639654752205806,
ENSMUSG00000102976-C,1.6660324636864343,0.0,0.0,0.0,0.0,0.8086282278702569,0.0,0.0,0.0,,0.8316110494662632,1.4120204056836572,,1.3121223935613218,0.0,0.0,0.0,,,0.0,0.0,0.0,0.7772103564006736,1.4069932691538003,0.0,1.3311596570548716,,,0.0,0.0,0.0,0.0,0.0,
ENSMUSG00000103038-C,4.019154570446448,3.181526091046473,2.27169581750873,3.868660751385197,4.445332657100411,4.557431923514309,3.1652780041662503,3.8643493295108,4.273058412468433,,5.2639447039700595,2.7684670172004537,,4.393785888058045,4.031437387137405,4.086150710679919,3.124333732221476,,,3.659499454058248,3.9530948628601985,4.8710498562457705,2.892259673652012,4.820451948123481,3.5737464719259227,4.56929212029854,,,1.9508269527020643,4.654611183132021,1.6615634406534388,4.184088675445754,4.329560199344903,
ENSMUSG00000103146-C,1.6660324636864343,0.9236912118413654,0.0,2.609495240548126,2.292011360782609,0.0,0.0,0.0,0.8744882523316289,,2.042184285849804,0.8722754939741469,,1.3121223935613218,0.0,0.0,0.0,,,0.8727598826207578,2.281998541109351,0.7711227158729893,0.7772103564006736,0.0,0.0,0.0,,,0.0,0.0,1.0578286184819063,0.0,0.0,
ENSMUSG00000103313-C,2.090890740391519,0.0,0.0,3.2486616392715377,0.0,1.3237104085262597,0.0,0.846305570751632,0.0,,1.3557736240157023,1.8039062995588535,,0.0,1.0680554872113692,1.2215959129652292,1.8372750529254864,,,0.8727598826207578,0.0,1.935983705110964,0.0,0.0,0.0,0.0,,,0.0,0.6438468756903795,0.0,0.0,0.0,
ENSMUSG00000103423-C,0.0,0.0,0.0,0.0,0.0,0.0,0.0,0.0,1.8073849903108583,,1.3557736240157023,0.0,,0.0,0.0,0.0,0.0,,,0.0,0.0,1.270944323129923,1.2795471030274967,0.0,0.0,1.3311596570548716,,,0.0,1.426248509167121,0.0,0.0,0.0,
ENSMUSG00000103539-C,1.0612255463732776,0.0,0.9688103744562226,0.0,1.84729786765765,2.002227548217203,0.0,1.7628475801227037,1.4150638090347123,,2.855466091184482,0.8722754939741469,,1.3121223935613218,0.0,1.8734553036471215,0.8935808599904828,,,0.0,0.9751738319309616,1.641449874184738,2.401325369831886,0.8686232207515774,1.7755955644782335,3.101018312374517,,,0.0,1.930718251259833,0.0,0.0,0.0,
ENSMUSG00000103552-C,2.418679371923628,0.0,0.0,2.138137563504853,1.201086816065423,0.0,0.0,0.846305570751632,0.0,,0.0,0.0,,0.8003576570276729,0.0,0.0,1.4412513726916425,,,0.8727598826207578,0.0,1.270944323129923,1.9468263315634875,0.8686232207515774,1.7755955644782335,0.0,,,0.0,0.0,1.0578286184819063,0.0,0.0,
ENSMUSG00000103693-C,3.6952964858036528,3.03134235656842,3.748883930068221,4.1706999010872465,3.806456095533223,4.250740687367286,3.6307810679510832,3.032280577134576,3.6630037848267736,,5.1096062356365355,4.497883404005345,,4.1743468699676285,4.125079381585428,3.168685798330999,3.9618350060548617,,,4.205894027582234,3.760903770260848,4.42568240917794,3.634711799651865,3.5529861977234516,3.418887887081104,4.474090557491965,,,1.9508269527020643,3.1497241621459846,2.9051150409108515,2.6213546220940547,0.0,
ENSMUSG00000103776-C,1.0612255463732776,0.0,0.9688103744562226,0.0,1.201086816065423,1.3237104085262597,2.4737582927568313,0.0,0.0,,1.7394224912174236,0.8722754939741469,,1.987732424191134,1.0680554872113692,0.0,0.0,,,2.366199903278748,2.9562697642966596,1.270944323129923,1.2795471030274967,1.4069932691538003,2.819562531975392,0.0,,,0.0,1.7004218063870564,1.6615634406534388,2.976553207704254,1.54132073842726,
ENSMUSG00000103800-C,0.0,0.0,0.0,2.609495240548126,0.0,0.0,0.0,0.0,0.0,,0.0,0.8722754939741469,,0.0,0.0,0.0,0.0,,,0.0,0.0,0.0,0.0,0.8686232207515774,0.0,0.0,,,0.0,0.0,0.0,0.0,0.0,
ENSMUSG00000103809-C,0.0,1.4822933651173062,0.0,1.4334760532826032,0.0,1.702496038550303,0.0,1.7628475801227037,2.36926775764794,,1.3557736240157023,1.8039062995588535,,0.0,1.675007964280378,0.0,0.0,,,1.4126867783113457,0.0,1.270944323129923,2.746422465537691,0.8686232207515774,0.0,0.0,,,0.0,1.7004218063870564,0.0,0.0,0.0,
ENSMUSG00000103869-C,2.6856076178598616,1.4822933651173062,1.9529590040861384,2.609495240548126,2.292011360782609,2.002227548217203,1.712571527584626,2.067488679955821,2.36926775764794,,2.042184285849804,1.8039062995588535,,2.2350113770874733,1.0680554872113692,1.8734553036471215,2.6198095436164515,,,2.58182735415899,2.281998541109351,2.733957072035301,2.1919001964604257,1.4069932691538003,1.145283945259697,0.0,,,0.0,1.0874491440466718,2.0858962887955266,0.0,0.0,
ENSMUSG00000103882-C,4.506783943337601,4.310064786369203,5.026289226720062,3.4861740589936105,3.665864844922387,4.360376603020698,2.742784982129466,4.014348981718389,3.922871459374952,,4.973023080363142,4.949521998875903,,4.050692283249386,4.4486040679813845,3.9683212029619424,4.488292521871929,,,5.062438666611843,5.3773624979544845,3.9195257299905872,3.8641823602813914,4.260795788795305,4.3498143231152575,3.537586637374066,,,0.0,4.519611508208877,3.912970404851044,4.490055460042319,0.0,
ENSMUSG00000103891-C,3.9190677346575544,2.1978183102091036,3.748883930068221,4.1706999010872465,3.5100788664663383,3.8607457124971623,3.4916609888554997,3.696924723560992,3.754926479408451,,4.301010925794228,3.995471990197128,,4.050692283249386,3.5808757985520483,4.195079115277823,3.6030221383342673,,,3.75140358505242,4.80965035509958,4.327552898761735,3.9332209460107537,4.490179171972527,3.418887887081104,4.14376335637175,,,2.2694164769105942,2.4594104501768173,3.562908967782425,3.125967354164119,2.7509977021377465,
ENSMUSG00000103970-C,0.0,0.0,0.9688103744562226,0.0,0.0,0.8086282278702569,0.0,0.846305570751632,0.8744882523316289,,0.0,0.8722754939741469,,0.8003576570276729,1.0680554872113692,1.2215959129652292,0.0,,,1.4126867783113457,0.0,1.935983705110964,1.9468263315634875,2.358845731896266,3.5737464719259227,2.01153025227296,,,0.0,0.0,0.0,0.0,0.0,
ENSMUSG00000103991-C,1.0612255463732776,0.0,0.0,0.0,0.0,0.0,0.0,0.0,0.0,,0.0,0.0,,0.0,0.0,0.0,0.0,,,0.0,0.0,0.0,1.2795471030274967,0.0,1.7755955644782335,2.01153025227296,,,0.0,0.0,0.0,0.0,0.0,
ENSMUSG00000104154-C,3.811516312554619,1.883967845402639,2.27169581750873,3.2486616392715377,4.160973786948527,2.8099004108689636,2.4737582927568313,2.532901923184754,2.584997580289027,,3.0030704681086475,2.1117629745024855,,2.9399402873012845,2.1009160241147065,2.937387202743914,2.6198095436164515,,,2.7693778051683604,3.860197336073667,3.132999700652309,2.892259673652012,3.0760931997901184,3.245385555138888,3.335753380518202,,,1.541336626495835,2.9541737762086013,0.0,1.4424172899414331,0.0,
ENSMUSG00000104204-C,1.0612255463732776,0.9236912118413654,0.9688103744562226,1.4334760532826032,1.201086816065423,2.4618615007939817,2.1427948453617223,2.3188822613527895,2.9386360600829815,,1.3557736240157023,0.8722754939741469,,1.987732424191134,1.675007964280378,2.937387202743914,0.8935808599904828,,,0.8727598826207578,2.281998541109351,1.270944323129923,1.9468263315634875,0.0,0.0,3.335753380518202,,,1.9508269527020643,0.6438468756903795,1.0578286184819063,0.0,0.0,
ENSMUSG00000104277-C,3.811516312554619,3.03134235656842,2.532598773826906,4.5306059070680975,4.821796373391439,4.557431923514309,4.264503345046947,4.729689393978666,4.333940744587301,,4.356974111377557,4.0687060047474946,,3.9154370975961177,3.82367468051064,3.168685798330999,4.248945565678337,,,4.649828954687912,3.413970484719136,4.51756029553663,4.531582777984604,3.910793357631654,3.5737464719259227,5.490743484005632,,,2.7510183104581927,2.9541737762086013,3.0997279733373246,2.6213546220940547,4.185507841054571,
ENSMUSG00000104343-C,4.28347420323216,3.7610167080437464,3.748883930068221,3.2486616392715377,2.6314563966651643,3.703180827881894,2.1427948453617223,2.884232195671641,3.345812791746194,,3.1369650396755486,4.549964346669119,,3.194853116705421,3.288778564963921,2.937387202743914,4.914783219223553,,,3.659499454058248,4.80965035509958,3.9195257299905872,3.0246987074308613,3.987916772059367,2.212784030876461,2.8205248563310685,,,1.9508269527020643,3.9128651813226702,2.9051150409108515,0.8944330770159921,0.0,
ENSMUSG00000104344-C,4.200634153951173,3.03134235656842,2.532598773826906,3.690056043985187,4.160973786948527,4.192631316275886,4.264503345046947,3.6053134790057273,3.6630037848267736,,4.2427889738829485,2.7684670172004537,,3.5996739263906603,3.288778564963921,3.840005387602358,3.6030221383342673,,,4.550986184927251,4.6523116022232385,3.5359235869883796,3.7153260891446704,4.130798409601337,3.418887887081104,2.01153025227296,,,1.541336626495835,2.845467778033953,3.0997279733373246,3.703135021136939,0.0,
ENSMUSG00000104388-C,2.090890740391519,2.673957838819107,3.265291998573044,2.138137563504853,2.6314563966651643,2.9567828186877194,2.1427948453617223,2.884232195671641,2.115509598589792,,3.0030704681086475,2.580938305492785,,3.073019528998395,2.1009160241147065,2.937387202743914,1.4412513726916425,,,3.75140358505242,2.9562697642966596,3.0118486721666375,0.7772103564006736,2.358845731896266,1.7755955644782335,4.0143984739659455,,,0.0,1.426248509167121,1.0578286184819063,0.0,4.025460034672541,
ENSMUSG00000104420-C,2.090890740391519,2.1978183102091036,3.642321771994718,3.2486616392715377,4.2621168478008205,2.2502722058212323,2.4737582927568313,2.7192353881313043,3.2224300065550993,,3.574755773191751,2.7684670172004537,,2.9399402873012845,3.442207073065027,1.8734553036471215,2.9749426595913873,,,3.996472480641343,2.543344990983517,3.8505343897065623,3.1459955578315,2.9273952328051136,4.167241691823022,4.14376335637175,,,0.9674048923102424,3.1497241621459846,2.9051150409108515,2.976553207704254,0.0,
ENSMUSG00000104693-C,0.0,0.0,1.5432246700768597,2.9641894307294048,1.201086816065423,1.3237104085262597,1.0967492717572764,1.3761692453425427,0.0,,1.7394224912174236,0.8722754939741469,,0.8003576570276729,0.0,1.2215959129652292,0.8935808599904828,,,0.0,0.0,0.7711227158729893,1.2795471030274967,0.0,0.0,0.0,,,0.0,0.0,0.0,0.0,0.0,
ENSMUSG00000104704-C,4.870576207817469,1.883967845402639,2.27169581750873,2.138137563504853,3.33541126722878,4.068881390848867,2.969442418789574,4.083878839528882,3.08749998429564,,3.83333715411923,3.3414202912602526,,3.508613656214325,3.707376963716697,3.3679746106824373,3.9618350060548617,,,3.456011120625007,4.951504788196042,3.5359235869883796,3.0246987074308613,3.2108868858509947,3.713582110297556,4.474090557491965,,,0.0,2.1292630581191667,1.6615634406534388,0.0,0.0,
ENSMUSG00000104713-C,0.0,0.0,0.0,0.0,0.0,0.0,0.0,0.846305570751632,0.0,,0.0,0.0,,0.0,0.0,0.0,1.4412513726916425,,,0.0,0.0,0.0,0.0,0.0,0.0,0.0,,,0.0,0.6438468756903795,0.0,0.0,0.0,
ENSMUSG00000104764-C,1.6660324636864343,1.883967845402639,0.0,2.609495240548126,2.6314563966651643,0.8086282278702569,0.0,0.846305570751632,0.8744882523316289,,1.3557736240157023,0.8722754939741469,,2.9399402873012845,2.1009160241147065,0.0,2.6198095436164515,,,2.7693778051683604,1.962598682968702,0.0,0.7772103564006736,0.0,0.0,2.4720055205074685,,,0.0,0.0,0.0,0.0,3.399587007767687,
ENSMUSG00000104951-C,2.418679371923628,2.673957838819107,3.265291998573044,3.4861740589936105,3.806456095533223,4.002783898283538,2.742784982129466,2.3188822613527895,2.115509598589792,,3.4771243393449116,3.750415480446991,,3.5996739263906603,4.125079381585428,3.3679746106824373,3.6030221383342673,,,2.9353278433826433,3.413970484719136,3.7780773780277177,3.3617092928764207,3.447716039931815,2.547841273150182,1.3311596570548716,,,0.9674048923102424,3.1497241621459846,2.6800946312329175,2.976553207704254,0.0,
ENSMUSG00000104973-C,3.1054976846716587,2.8636883321253084,3.527256332227863,2.138137563504853,2.9060517082773543,2.4618615007939817,1.0967492717572764,2.532901923184754,2.115509598589792,,3.0030704681086475,2.580938305492785,,0.8003576570276729,3.288778564963921,1.2215959129652292,2.8082760478821935,,,1.4126867783113457,3.413970484719136,2.5719634942468153,2.584167946796685,2.358845731896266,1.145283945259697,2.01153025227296,,,0.0,2.303760115630847,2.6800946312329175,3.499087042803504,0.0,
ENSMUSG00000104994-C,3.1054976846716587,1.4822933651173062,2.532598773826906,3.4861740589936105,2.9060517082773543,2.9567828186877194,1.712571527584626,0.846305570751632,2.36926775764794,,1.7394224912174236,2.580938305492785,,3.194853116705421,2.429327355217106,3.168685798330999,3.6030221383342673,,,2.366199903278748,2.9562697642966596,2.733957072035301,2.584167946796685,3.651094645758103,2.819562531975392,2.01153025227296,,,0.0,1.7004218063870564,2.413372980792649,3.2613491874603957,0.0,
ENSMUSG00000105050-C,3.568887481409009,3.3175393399239037,2.753466800942782,5.058246109287047,3.33541126722878,4.192631316275886,2.969442418789574,3.2893625141918443,3.08749998429564,,3.574755773191751,3.2180803536096514,,3.4114162920058955,3.82367468051064,3.9683212029619424,3.497405231262442,,,3.456011120625007,4.6523116022232385,3.621238133361342,3.3617092928764207,3.829313084763042,3.958170733316668,4.14376335637175,,,2.2694164769105942,3.475709884007802,3.4244065628585965,2.1491023054808034,0.0,
ENSMUSG00000105119-C,3.1054976846716587,2.4554423935427265,2.9449675252531367,2.9641894307294048,3.33541126722878,2.002227548217203,2.969442418789574,3.032280577134576,2.772625439053359,,2.505390373648638,3.3414202912602526,,2.446043618687812,3.82367468051064,1.2215959129652292,3.124333732221476,,,3.3423824086880285,3.860197336073667,3.5359235869883796,2.584167946796685,3.0760931997901184,3.245385555138888,2.4720055205074685,,,0.0,1.930718251259833,1.6615634406534388,1.838604035947166,0.0,
ENSMUSG00000105224-C,1.6660324636864343,1.883967845402639,1.9529590040861384,2.138137563504853,3.136645565127414,3.0900831294315263,2.1427948453617223,2.884232195671641,2.584997580289027,,3.259481549907627,1.8039062995588535,,2.2350113770874733,3.288778564963921,2.320812859996769,2.147673398643941,,,2.9353278433826433,1.962598682968702,0.7711227158729893,2.401325369831886,0.0,4.066490143806875,3.537586637374066,,,0.0,1.7004218063870564,2.0858962887955266,0.0,3.111437600054451,
ENSMUSG00000105322-C,3.811516312554619,3.03134235656842,4.028181593966573,4.420321031248732,4.528894874093235,4.810218281410929,3.6307810679510832,4.150211254386488,4.554629155789021,,4.740342749975531,4.8282293923316475,,5.133831025639021,4.65107023252703,3.840005387602358,4.18234514583629,,,5.382908125616131,5.3773624979544845,4.166581811472687,4.575435833627302,4.061125707426031,4.511856290237969,4.969056867187248,,,2.5302208690762416,3.1497241621459846,4.277280327333589,4.184088675445754,3.111437600054451,
ENSMUSG00000105520-C,0.0,0.9236912118413654,0.0,0.0,0.0,0.0,0.0,0.0,0.0,,0.0,0.8722754939741469,,0.0,1.0680554872113692,0.0,0.0,,,0.0,0.0,0.0,0.0,0.0,0.0,1.3311596570548716,,,0.9674048923102424,0.0,0.0,0.8944330770159921,2.2693972934160422,
ENSMUSG00000105578-C,2.910774933198879,1.4822933651173062,1.9529590040861384,0.0,1.84729786765765,2.002227548217203,0.0,2.7192353881313043,2.9386360600829815,,1.7394224912174236,1.8039062995588535,,1.6891195143635438,2.429327355217106,1.2215959129652292,1.8372750529254864,,,2.9353278433826433,3.413970484719136,2.733957072035301,1.2795471030274967,0.0,0.0,0.0,,,0.0,1.930718251259833,1.6615634406534388,3.2613491874603957,3.399587007767687,
ENSMUSG00000105586-C,0.0,0.0,1.5432246700768597,2.138137563504853,2.292011360782609,0.0,1.0967492717572764,0.0,0.8744882523316289,,1.3557736240157023,1.4120204056836572,,1.3121223935613218,2.429327355217106,0.0,0.0,,,0.0,0.0,2.180461949771616,0.0,1.4069932691538003,0.0,0.0,,,0.0,1.426248509167121,0.0,0.0,0.0,
ENSMUSG00000105624-C,3.568887481409009,0.9236912118413654,2.532598773826906,3.4861740589936105,1.84729786765765,3.784113270972422,1.712571527584626,0.846305570751632,1.4150638090347123,,2.2922982217170365,3.2180803536096514,,3.5996739263906603,2.429327355217106,1.2215959129652292,3.3834412183032643,,,3.5613400039776715,2.9562697642966596,2.180461949771616,2.892259673652012,3.2108868858509947,3.958170733316668,5.441262833161149,,,0.0,2.5998912372602767,1.6615634406534388,1.4424172899414331,0.0,
ENSMUSG00000105843-C,2.6856076178598616,3.8534406654036033,2.27169581750873,0.0,1.201086816065423,2.002227548217203,2.742784982129466,1.3761692453425427,2.36926775764794,,1.3557736240157023,2.7684670172004537,,3.194853116705421,3.442207073065027,1.8734553036471215,3.7935549888483817,,,2.366199903278748,2.9562697642966596,3.8505343897065623,3.2578804018563177,2.9273952328051136,2.819562531975392,2.4720055205074685,,,2.5302208690762416,1.930718251259833,2.0858962887955266,3.881867051445987,4.794338780282,
ENSMUSG00000105846-C,1.0612255463732776,0.0,0.0,1.4334760532826032,1.201086816065423,0.0,0.0,0.0,0.0,,0.0,0.0,,0.0,1.0680554872113692,0.0,0.8935808599904828,,,0.0,0.0,0.7711227158729893,0.7772103564006736,2.1055702394493165,2.212784030876461,0.0,,,0.0,0.0,0.0,0.0,0.0,
ENSMUSG00000105896-C,0.0,0.0,0.0,0.0,1.201086816065423,0.0,0.0,0.0,1.4150638090347123,,0.8316110494662632,0.0,,0.0,1.0680554872113692,0.0,0.0,,,0.0,0.0,1.641449874184738,0.7772103564006736,0.0,0.0,0.0,,,0.0,0.6438468756903795,1.0578286184819063,0.0,0.0,
ENSMUSG00000106115-C,0.0,0.0,0.9688103744562226,2.138137563504853,3.33541126722878,0.0,1.0967492717572764,2.067488679955821,0.8744882523316289,,2.69102069229586,1.8039062995588535,,1.6891195143635438,2.1009160241147065,0.0,1.4412513726916425,,,0.8727598826207578,1.962598682968702,2.733957072035301,1.6514266395573065,2.358845731896266,1.7755955644782335,0.0,,,0.0,0.0,0.0,0.0,0.0,
ENSMUSG00000106121-C,0.0,1.4822933651173062,1.5432246700768597,0.0,1.201086816065423,0.8086282278702569,0.0,0.0,0.0,,2.042184285849804,0.0,,1.3121223935613218,0.0,1.8734553036471215,1.4412513726916425,,,0.0,0.0,0.0,0.7772103564006736,0.0,0.0,0.0,,,0.0,0.6438468756903795,0.0,0.0,0.0,
ENSMUSG00000106153-C,1.6660324636864343,0.0,0.9688103744562226,0.0,1.84729786765765,0.0,0.0,0.0,0.0,,2.042184285849804,0.8722754939741469,,0.0,0.0,1.2215959129652292,0.0,,,0.0,0.0,0.0,0.7772103564006736,0.0,0.0,0.0,,,0.0,0.0,0.0,0.0,0.0,
ENSMUSG00000106557-C,3.1054976846716587,0.9236912118413654,0.9688103744562226,0.0,2.6314563966651643,1.702496038550303,0.0,2.067488679955821,2.36926775764794,,2.69102069229586,1.8039062995588535,,0.8003576570276729,1.0680554872113692,2.320812859996769,1.8372750529254864,,,2.58182735415899,2.543344990983517,1.935983705110964,2.1919001964604257,2.1055702394493165,3.048127979598824,1.3311596570548716,,,0.0,0.0,1.0578286184819063,2.8098578703146537,1.54132073842726,
ENSMUSG00000106579-C,2.6856076178598616,0.9236912118413654,0.9688103744562226,2.609495240548126,2.9060517082773543,0.8086282278702569,2.4737582927568313,2.884232195671641,1.4150638090347123,,2.505390373648638,3.3414202912602526,,1.6891195143635438,1.675007964280378,1.2215959129652292,2.402969793843818,,,2.9353278433826433,1.962598682968702,1.641449874184738,3.0246987074308613,1.7981578459377747,2.547841273150182,1.3311596570548716,,,0.0,1.7004218063870564,2.0858962887955266,1.4424172899414331,1.54132073842726,
ENSMUSG00000106648-C,1.0612255463732776,0.9236912118413654,2.532598773826906,2.138137563504853,2.6314563966651643,1.702496038550303,0.0,2.067488679955821,0.0,,1.7394224912174236,0.8722754939741469,,1.987732424191134,1.675007964280378,1.8734553036471215,0.8935808599904828,,,2.112583478009447,0.0,2.389452305959414,1.2795471030274967,0.8686232207515774,2.212784030876461,0.0,,,0.0,1.7004218063870564,0.0,0.0,0.0,
ENSMUSG00000106720-C,1.6660324636864343,0.0,2.27169581750873,3.690056043985187,0.0,2.8099004108689636,1.0967492717572764,1.3761692453425427,2.584997580289027,,1.3557736240157023,1.4120204056836572,,2.9399402873012845,2.696667789000302,2.66179105737093,1.8372750529254864,,,2.366199903278748,4.4116593853048665,2.733957072035301,1.6514266395573065,2.1055702394493165,1.145283945259697,2.4720055205074685,,,0.0,2.303760115630847,2.6800946312329175,1.4424172899414331,0.0,
ENSMUSG00000106734-C,2.090890740391519,0.0,2.532598773826906,0.0,0.0,0.0,0.0,0.846305570751632,0.0,,0.0,0.0,,0.8003576570276729,2.696667789000302,1.2215959129652292,0.8935808599904828,,,0.0,0.0,0.7711227158729893,0.7772103564006736,0.0,1.7755955644782335,1.3311596570548716,,,0.9674048923102424,0.6438468756903795,0.0,0.0,0.0,
ENSMUSG00000106767-C,1.0612255463732776,0.0,1.5432246700768597,1.4334760532826032,0.0,1.702496038550303,0.0,1.3761692453425427,0.8744882523316289,,2.69102069229586,0.0,,1.3121223935613218,1.675007964280378,0.0,2.6198095436164515,,,2.9353278433826433,0.0,0.7711227158729893,1.2795471030274967,0.8686232207515774,0.0,0.0,,,0.0,1.426248509167121,0.0,0.0,0.0,
ENSMUSG00000106847-C,8.477159245931096,8.843443337713357,8.837933203310143,8.21416498715113,8.26488457713372,8.250887056657698,8.019535112625263,8.263927126747443,8.249550506324193,,8.74234325227624,9.24823710430613,,8.746870221103656,8.9009375229925,8.851398410214603,8.905814477431765,,,8.855262162245282,8.601091427392733,8.64467650636326,8.46898165093545,8.404294773500645,8.189108883858452,8.270331861261093,,,8.481131160629582,8.433820410655363,8.600964453361382,8.620248526774619,8.492631842036538,
ENSMUSG00000106867-C,2.090890740391519,0.0,0.0,0.0,0.0,0.0,2.4737582927568313,0.0,0.8744882523316289,,0.0,0.0,,0.8003576570276729,0.0,0.0,0.0,,,0.0,0.0,0.7711227158729893,0.0,0.0,0.0,0.0,,,0.9674048923102424,0.0,0.0,0.0,0.0,
ENSMUSG00000106993-C,1.0612255463732776,0.9236912118413654,0.0,1.4334760532826032,1.201086816065423,2.002227548217203,0.0,0.0,2.36926775764794,,1.7394224912174236,1.8039062995588535,,1.987732424191134,2.429327355217106,1.8734553036471215,2.6198095436164515,,,2.112583478009447,2.9562697642966596,1.270944323129923,0.7772103564006736,1.7981578459377747,1.145283945259697,2.4720055205074685,,,0.0,1.0874491440466718,1.0578286184819063,0.0,0.0,
ENSMUSG00000107021-C,2.418679371923628,2.4554423935427265,3.265291998573044,3.2486616392715377,2.6314563966651643,3.933512117083069,3.337679642492369,3.8643493295108,3.2224300065550993,,3.574755773191751,2.3653396025461224,,3.766177223083601,3.707376963716697,3.9683212029619424,2.6198095436164515,,,3.456011120625007,2.9562697642966596,3.985367851416849,3.4585648108342464,3.910793357631654,2.819562531975392,4.56929212029854,,,2.7510183104581927,3.6146860835769976,3.0997279733373246,0.8944330770159921,0.0,
ENSMUSG00000107207-C,0.0,0.0,0.0,1.4334760532826032,1.201086816065423,0.8086282278702569,0.0,1.3761692453425427,1.4150638090347123,,0.0,0.0,,0.0,1.0680554872113692,0.0,0.0,,,1.4126867783113457,0.0,1.641449874184738,1.6514266395573065,0.8686232207515774,2.547841273150182,1.3311596570548716,,,0.0,0.0,0.0,0.0,4.025460034672541,
ENSMUSG00000107278-C,1.0612255463732776,1.883967845402639,2.27169581750873,0.0,1.84729786765765,1.3237104085262597,0.0,0.846305570751632,1.4150638090347123,,1.3557736240157023,1.8039062995588535,,1.3121223935613218,2.429327355217106,0.0,0.8935808599904828,,,1.8046680709167229,0.9751738319309616,0.7711227158729893,0.7772103564006736,0.0,2.212784030876461,0.0,,,0.0,1.0874491440466718,0.0,0.0,0.0,
