ID,29,3297,3353,3354,3675,3678,3679,3681,3687,3680,UNK5,UNK6,UNK11
ENSMUSG00000000326-C,6.903380042602183,6.6263294369063175,6.925812637260005,6.813710493729268,6.860710527994718,,,7.000648940304913,6.797635885813579,6.8806115142289554,6.469327377181778,6.163750497874961,
ENSMUSG00000000827-C,5.792022289093289,5.305457830624016,5.794693770246104,6.000419745303487,5.715499280408787,,,5.817842524086916,5.736376544018484,5.725910229190757,6.337635682737065,4.46052582652635,
ENSMUSG00000000881-C,8.323649301985347,8.289726689663107,8.256276270180248,7.815068597204282,7.726086817157924,,,8.610178296865705,8.522555729004257,8.820526448621328,8.453533484007325,8.304923414437836,
ENSMUSG00000000976-C,4.939089677289372,4.531582777984604,4.3216503643472075,5.399324394390804,5.441262833161149,,,4.8904275518483145,4.686475659348247,4.277280327333589,3.703135021136939,4.580585737446978,
ENSMUSG00000001128-C,3.7780773780277177,3.3617092928764207,3.2108868858509947,3.713582110297556,4.372160124747886,,,1.541336626495835,3.321904809563751,3.912970404851044,0.0,4.025460034672541,
ENSMUSG00000001521-C,3.701788008824327,4.439662999975433,4.3800415792698475,4.586526700192765,5.336899529548905,,,2.2694164769105942,3.965760067917714,3.912970404851044,4.184088675445754,4.890404164193962,
ENSMUSG00000001666-C,5.31697311520832,5.406033162232234,5.816000886225711,5.440167569237691,5.67326231975404,,,6.292430924220512,5.974389128696892,5.969527317729566,5.953740823634375,6.274715184249747,
ENSMUSG00000001773-C,0.7711227158729893,0.0,1.7981578459377747,1.7755955644782335,2.01153025227296,,,0.0,2.1292630581191667,2.0858962887955266,2.976553207704254,0.0,
ENSMUSG00000002228-C,0.0,0.0,0.8686232207515774,0.0,0.0,,,0.9674048923102424,1.426248509167121,0.0,0.0,0.0,
ENSMUSG00000002608-C,6.337095584792328,6.518131447834783,6.250936592430239,6.203862749065842,6.569779657848172,,,6.458351483223099,6.651922995399596,6.957969489765717,6.455274718805405,6.534640640614436,
ENSMUSG00000002633-C,1.935983705110964,1.9468263315634875,1.7981578459377747,1.145283945259697,0.0,,,2.2694164769105942,2.303760115630847,1.6615634406534388,1.838604035947166,3.8454156461999536,
ENSMUSG00000002733-C,5.828357164453947,6.246986546581152,5.636022909541209,5.9160689396445045,4.372160124747886,,,5.8893404910648375,6.133116708420134,5.969527317729566,5.761564928515125,4.980470202450622,
ENSMUSG00000002778-C,7.790891742516856,7.796249078044682,7.963484480877133,7.659459628241126,7.350649070978613,,,8.377193673887678,8.1379259539598,8.346685532668898,8.281027825717642,8.638097529814281,
ENSMUSG00000002820-C,4.905470838039171,4.953273561611836,4.688045329191448,4.910997310921447,5.037251114700205,,,4.794362111747247,4.918838219969747,5.358482331281152,4.5441676527518,5.293229488386045,
ENSMUSG00000002910-C,2.733957072035301,3.634711799651865,3.3341556752144523,2.547841273150182,2.01153025227296,,,3.639677013987396,2.845467778033953,4.355603108019191,0.8944330770159921,4.329560199344903,
ENSMUSG00000002963-C,4.8710498562457705,4.180428819962158,4.542247431043634,4.967971598174785,4.8221626768812405,,,4.580608929613616,4.113717787903322,4.967642875688821,4.832086780670741,5.607780348647971,
ENSMUSG00000003228-C,4.42568240917794,4.39140932542033,4.733544525276869,3.958170733316668,4.897478547837925,,,4.794362111747247,3.857956906855064,4.567893025958041,4.0408772621977525,4.185507841054571,
ENSMUSG00000003282-C,0.0,0.7772103564006736,0.8686232207515774,1.145283945259697,2.4720055205074685,,,0.0,1.0874491440466718,0.0,0.0,0.0,
ENSMUSG00000003382-C,4.51756029553663,4.180428819962158,4.3216503643472075,4.657521795542996,4.742697324315992,,,4.02548275212475,4.330892291115861,3.0997279733373246,4.6466592002228815,5.065242378780794,
ENSMUSG00000003418-C,1.270944323129923,1.9468263315634875,1.4069932691538003,1.7755955644782335,3.101018312374517,,,0.0,1.930718251259833,1.0578286184819063,0.0,3.399587007767687,
ENSMUSG00000003421-C,5.530514978929898,5.750129984284146,5.816000886225711,5.440167569237691,5.102366880580535,,,6.201718860928222,5.935139599843783,6.2411521397486895,6.05038904751584,6.410523747970659,
ENSMUSG00000003452-C,7.02577427148032,6.811919870087571,6.633495574156986,6.9752787985194695,6.879408331718338,,,5.935110196826683,6.667972917502298,6.2411521397486895,6.41227630568288,6.309884544032575,
ENSMUSG00000003527-C,4.762566855525598,4.617995133648742,4.90242022349317,5.269362152802617,5.796435298415117,,,4.6914406784700216,4.997154418440803,5.197679225030279,6.012503114149743,3.639654752205806,
ENSMUSG00000003549-C,4.799641654254227,5.406033162232234,4.820451948123481,5.075584322680654,5.490743484005632,,,5.065265859574233,4.4470585397514295,5.358482331281152,5.485518377419,4.794338780282,
ENSMUSG00000003752-C,2.389452305959414,2.584167946796685,3.2108868858509947,2.212784030876461,0.0,,,3.3996089179664075,1.0874491440466718,2.6800946312329175,2.404466208288875,0.0,
ENSMUSG00000003970-C,8.757326609357712,9.165390587088837,9.000687980225713,8.811861906720516,8.73812466634694,,,9.337167986530984,8.997682926469064,9.250225650772745,9.294579099396126,9.298269174800282,
ENSMUSG00000004070-C,7.630381164429064,7.629448446885902,7.526336047764816,6.859599102275098,6.860710527994718,,,7.967736813193007,7.5483145532899805,7.682709674700471,7.509565427613166,7.481287470374049,
ENSMUSG00000004085-C,3.7780773780277177,3.7153260891446704,3.910793357631654,3.418887887081104,3.872280659764173,,,2.7510183104581927,3.8008758836611687,3.0997279733373246,2.404466208288875,2.2693972934160422,
ENSMUSG00000004151-C,6.760258180980262,7.048124291933656,6.7487781976546515,6.64926366888075,7.491000913442355,,,6.394254465449894,6.602673258628636,6.727024619920637,6.9818112674024215,7.35227929048572,
ENSMUSG00000004268-C,5.595205933227453,5.769137867242329,5.728816639028452,5.94473735753981,5.835261920488193,,,5.105854363727924,5.8672533103223685,5.634616922337999,5.143849331184381,5.607780348647971,
ENSMUSG00000004356-C,4.327552898761735,4.575435833627302,4.3800415792698475,4.910997310921447,5.1646701437537805,,,4.10772499717138,4.686475659348247,3.6892717228661702,4.0408772621977525,0.0,
ENSMUSG00000004360-C,6.788197463012272,6.594713446622916,6.759815559453831,6.750162974223287,6.346080434980437,,,6.238690897249208,6.889478309027551,6.3974313355060515,6.441083832134746,6.564070367241747,
ENSMUSG00000004508-C,4.799641654254227,5.225140046092457,5.123612505890491,5.795334401805453,5.281743096138518,,,5.842071024845519,5.451185830606349,5.755101167010674,5.761564928515125,5.14530861675487,
ENSMUSG00000004895-C,3.621238133361342,4.236136261201466,4.061125707426031,3.958170733316668,4.0143984739659455,,,3.1114590032192178,2.9541737762086013,3.912970404851044,4.832086780670741,5.14530861675487,
ENSMUSG00000004945-C,7.328145335391758,7.216837530675733,7.453427285860586,7.016374184107763,6.701705531007606,,,7.434274923793394,7.24016935250572,7.398131100010326,6.962070229783484,7.09437537956822,
ENSMUSG00000004952-C,3.132999700652309,2.401325369831886,3.0760931997901184,1.7755955644782335,4.0143984739659455,,,2.2694164769105942,1.426248509167121,1.0578286184819063,3.795267103403054,4.025460034672541,
ENSMUSG00000005089-C,11.825506371658882,11.853024571176467,12.06203254620012,12.050745905792082,11.498659902849642,,,11.549247622961031,11.873322115202964,11.702575867654224,11.659790506769038,11.066561892320069,
ENSMUSG00000005699-C,5.616140642286914,6.260482272209529,6.137037118445855,6.36101510210831,6.592622186325391,,,6.489362782149032,6.049823067378907,6.666856224132276,7.15699397808321,6.564070367241747,
ENSMUSG00000005871-C,8.898591158536899,8.934423985526807,9.090856074730349,9.058052914076177,8.462392748671448,,,8.322274986477211,8.868218000464818,8.46182180864756,8.288972982526431,8.260671846662534,
ENSMUSG00000005947-C,0.0,0.0,0.0,0.0,0.0,,,0.0,0.6438468756903795,0.0,0.0,0.0,
ENSMUSG00000006095-C,7.064368800524321,7.613761193364623,7.551960629714884,7.504402648335738,7.454057109636329,,,7.888524657609821,7.34870244035514,7.8942920988136,7.320959954222237,7.994980812617067,
ENSMUSG00000006241-C,3.5359235869883796,2.401325369831886,0.8686232207515774,2.212784030876461,0.0,,,1.9508269527020643,2.5998912372602767,2.0858962887955266,1.838604035947166,1.54132073842726,
ENSMUSG00000006307-C,5.238139579400765,5.110582387912509,5.222667844184494,5.399324394390804,5.441262833161149,,,4.521827482917072,4.864161160386767,4.632239671461196,4.957021903635929,5.607780348647971,
ENSMUSG00000006333-C,8.07417890450576,8.283130006985818,8.228736386621081,8.044293357948952,8.346222731231217,,,8.205737674112223,8.35917469131916,8.539375921903154,8.362346632209412,8.712262974907302,
ENSMUSG00000006642-C,0.0,0.0,0.0,0.0,0.0,,,0.0,0.6438468756903795,0.0,0.8944330770159921,0.0,
ENSMUSG00000006998-C,8.22147830277993,8.403582670102521,8.38303716574741,8.152709750675937,8.486985476464072,,,8.63465820638891,8.371478617559761,8.59290298093969,8.702856872712422,8.776529489828748,
ENSMUSG00000007038-C,6.769631522957556,6.951587444978456,7.047900547198163,6.7980841004864825,7.118530018031314,,,7.29201967314311,7.261481605218396,6.99514661966834,7.5695020317521315,6.621187808483981,
ENSMUSG00000007080-C,1.270944323129923,0.7772103564006736,2.358845731896266,1.145283945259697,0.0,,,0.0,2.1292630581191667,2.0858962887955266,1.4424172899414331,3.111437600054451,
ENSMUSG00000007610-C,4.166581811472687,4.180428819962158,4.130798409601337,4.586526700192765,3.335753380518202,,,3.3996089179664075,4.289994296900159,4.752914528653213,3.881867051445987,2.7509977021377465,
ENSMUSG00000009145-C,0.7711227158729893,1.6514266395573065,0.8686232207515774,1.145283945259697,0.0,,,0.0,0.6438468756903795,0.0,0.0,0.0,
ENSMUSG00000009863-C,8.563474626451892,9.072807291484716,8.716192335505095,8.43625568273121,8.499126399844487,,,9.18446550862633,8.79520215166305,8.930170038216096,8.702856872712422,9.193885469115765,
ENSMUSG00000011960-C,6.877603940137629,6.784157246689743,6.964490312716082,6.61399903883075,6.637250048783156,,,6.607143000613398,6.667972917502298,6.635804080439103,5.850150127189161,6.163750497874961,
ENSMUSG00000014158-C,0.7711227158729893,1.2795471030274967,1.4069932691538003,0.0,2.4720055205074685,,,0.0,2.1292630581191667,0.0,1.838604035947166,2.7509977021377465,
ENSMUSG00000014763-C,5.948773054280709,6.058984597620728,5.816000886225711,5.826478412703628,6.4245645379051535,,,5.768129583832366,6.307175263264584,5.280320013090366,5.871471874848993,5.065242378780794,
ENSMUSG00000014776-C,5.4627865240470275,5.406033162232234,5.430348783845333,5.440167569237691,4.372160124747886,,,5.979472391231978,5.541071298402671,6.156168692006873,5.715145381669477,5.550118821367999,
ENSMUSG00000015149-C,7.518079639370096,7.310638637759849,7.09223715041755,6.733828890391983,7.7052772957909745,,,7.410168748927744,7.373383243660408,6.8403193004053024,7.182808658929244,6.804973618369612,
ENSMUSG00000015568-C,5.066238975806739,5.140085823727222,5.430348783845333,4.511856290237969,4.372160124747886,,,4.10772499717138,5.751518666722302,4.106594402699193,4.114259253231501,5.293229488386045,
ENSMUSG00000015837-C,9.16680844960841,9.184985439877112,9.18393669264834,8.831184427527203,8.722675878112035,,,9.38330147169675,9.058304202131188,9.124444143437996,9.20293753647936,9.076258616729053,
ENSMUSG00000015981-C,8.844177487303327,8.424714761100562,8.554464094254621,7.941359378090944,8.305323336254004,,,8.68240605758281,8.595697888373113,8.817070264053386,8.620248526774619,8.685732758114021,
ENSMUSG00000016477-C,4.603935629528872,4.919643509393843,5.222667844184494,5.022781101636756,5.796435298415117,,,4.460548930911179,4.891758702119145,4.693838470048764,4.596323382227103,5.221164030902649,
ENSMUSG00000016510-C,4.835787516219796,4.738621725110365,4.862018147026571,4.725186468458616,4.56929212029854,,,4.6914406784700216,4.8360253882851625,4.500541884028289,5.309233218526412,4.580585737446978,
ENSMUSG00000016833-C,5.948773054280709,5.769137867242329,5.728816639028452,5.592874608040147,6.048543106369221,,,6.022511065463767,5.575513916779101,5.280320013090366,6.602802456919165,3.8454156461999536,
ENSMUSG00000016933-C,6.205148642863037,6.5840189192069305,6.680719688227988,6.932978395719358,6.803117627833016,,,6.292430924220512,6.133116708420134,6.042376274168429,6.3222327103984926,6.9003562750067235,
ENSMUSG00000016984-C,4.42568240917794,3.7153260891446704,3.910793357631654,4.3498143231152575,4.0143984739659455,,,4.6370888418991045,3.857956906855064,3.6892717228661702,0.8944330770159921,0.0,
ENSMUSG00000017491-C,2.5719634942468153,3.3617092928764207,3.74295406855436,4.261414146434217,3.335753380518202,,,2.2694164769105942,3.321904809563751,2.9051150409108515,4.184088675445754,4.185507841054571,
ENSMUSG00000017550-C,3.0118486721666375,2.1919001964604257,2.9273952328051136,3.8410535456100336,3.101018312374517,,,1.541336626495835,1.930718251259833,1.0578286184819063,3.499087042803504,2.7509977021377465,
ENSMUSG00000017716-C,3.244760474119069,2.401325369831886,2.1055702394493165,2.212784030876461,0.0,,,1.541336626495835,1.426248509167121,2.0858962887955266,1.4424172899414331,0.0,
ENSMUSG00000018076-C,8.39503598406129,8.42770852077591,8.563940771735915,8.524364113881456,7.954870287822169,,,7.88269668010838,7.979756660590144,8.067184695306983,8.328055397502785,7.172883782209225,
ENSMUSG00000018238-C,0.7711227158729893,0.0,1.7981578459377747,1.145283945259697,0.0,,,1.541336626495835,1.7004218063870564,1.0578286184819063,0.0,0.0,
ENSMUSG00000018481-C,6.741326795805261,7.008682586191597,7.06579902297112,7.394391787020838,7.282040651344179,,,6.804997605620443,6.929972402185155,6.6514136953239476,7.320959954222237,7.09437537956822,
ENSMUSG00000018697-C,3.7780773780277177,3.0246987074308613,4.592501772320342,4.851680180270497,4.56929212029854,,,3.1114590032192178,3.546870800999621,3.0997279733373246,1.4424172899414331,5.427384399414453,
ENSMUSG00000018965-C,10.01408371703118,9.97038569409915,10.148460789278372,9.806355785009371,9.419407876632723,,,10.412873202716163,10.192806332433346,10.337338770447712,9.861563653452516,9.93831828608822,
ENSMUSG00000019039-C,6.362096290587524,5.544858804492465,6.031697934416114,5.9160689396445045,6.9694264269235235,,,6.377775151174897,6.4061794378730745,6.666856224132276,5.993180406336221,6.344216924292553,
ENSMUSG00000019505-C,10.116808986456752,10.275504037003309,10.2320766786596,9.83917533253892,9.662792666171754,,,10.259414345139149,10.049312223563918,10.21004383745632,10.004727122960215,10.352988132486386,
ENSMUSG00000019579-C,5.657120185391213,5.806418437444359,5.659786858203108,5.075584322680654,5.715499280408787,,,6.163774363983888,6.200873084145724,6.487152874952511,6.12330079958356,6.274715184249747,
ENSMUSG00000019718-C,2.180461949771616,1.9468263315634875,2.9273952328051136,2.212784030876461,2.4720055205074685,,,2.5302208690762416,1.7004218063870564,2.0858962887955266,0.0,0.0,
ENSMUSG00000019775-C,7.748856994750549,7.890400244817572,7.570884737001916,7.383962004049434,7.515114791693659,,,7.541732593097208,7.859120734251756,7.727581492653067,7.633302114289692,7.247339513606574,
ENSMUSG00000019809-C,4.685430427923396,4.953273561611836,4.820451948123481,5.269362152802617,4.742697324315992,,,4.743818998588079,4.519611508208877,4.864269996666443,5.9131926879091905,4.025460034672541,
ENSMUSG00000019848-C,0.7711227158729893,0.7772103564006736,0.8686232207515774,0.0,0.0,,,0.0,0.0,0.0,0.0,0.0,
ENSMUSG00000019861-C,6.434599536451984,6.540429955434854,6.3852922388537126,6.36101510210831,6.39887466624681,,,6.792618850730617,6.471649633311949,6.088975699618499,5.667182462609641,5.607780348647971,
ENSMUSG00000019970-C,6.652919910092186,6.84812469760142,6.454859485995015,6.71730775348062,6.474611346238458,,,5.768129583832366,5.294595535467047,5.892803311823157,5.457593100936543,6.124781007977959,
ENSMUSG00000020114-C,7.14580860963099,7.216837530675733,6.8137701949377085,7.145473727530398,6.860710527994718,,,7.074086112435092,7.140165014000832,7.252205806645735,6.793590917634861,6.648920322035272,
ENSMUSG00000020175-C,5.183084205887085,4.986137502541371,4.260795788795305,5.440167569237691,5.441262833161149,,,4.6370888418991045,4.113717787903322,5.50314615290747,5.9131926879091905,2.2693972934160422,
ENSMUSG00000020218-C,1.270944323129923,0.0,0.0,1.145283945259697,0.0,,,0.0,0.0,1.0578286184819063,0.8944330770159921,0.0,
ENSMUSG00000020220-C,6.24601504507742,6.119483232842074,6.2971261045088704,5.9160689396445045,6.234316796359161,,,5.979472391231978,6.357526447535462,6.301757790935005,5.973595382920131,6.473916524676316,
ENSMUSG00000020321-C,10.00220485237754,9.953866903810306,10.007405584658866,9.796559157942765,9.521143829141591,,,10.279513409172669,10.31886996208759,10.31300788984301,9.75804233244658,9.963383914687688,
ENSMUSG00000020453-C,3.9195257299905872,4.236136261201466,4.4361611299794195,4.511856290237969,4.262476788602882,,,2.7510183104581927,3.6146860835769976,3.805452458367365,3.881867051445987,4.025460034672541,
ENSMUSG00000020491-C,3.4452450558239938,2.892259673652012,2.1055702394493165,2.212784030876461,3.872280659764173,,,2.2694164769105942,3.055259675414585,0.0,2.404466208288875,0.0,
ENSMUSG00000020589-C,7.840658004565042,7.958224302153153,7.987158199491244,7.919860995252575,7.363987740781419,,,7.85319832881378,7.841538587922691,7.799399202908267,7.700369698251881,7.556426511609615,
ENSMUSG00000020592-C,0.0,1.2795471030274967,1.4069932691538003,1.145283945259697,0.0,,,0.0,1.7004218063870564,2.0858962887955266,0.0,0.0,
ENSMUSG00000020648-C,2.8795834812224355,2.1919001964604257,3.2108868858509947,2.547841273150182,0.0,,,2.7510183104581927,2.845467778033953,1.6615634406534388,2.6213546220940547,2.2693972934160422,
ENSMUSG00000020661-C,7.269889919720036,7.890400244817572,7.849283997945252,7.838173757211016,8.015293625083775,,,6.967994278708698,7.162994947510198,7.01940958304144,7.139523948540194,6.702835548595324,
ENSMUSG00000020687-C,5.948773054280709,6.23336338179039,6.266497988402164,5.9160689396445045,5.873070944976806,,,6.001152214343189,6.1673926331966085,5.468317271893518,5.784226365506087,6.0011283885167845,
ENSMUSG00000020713-C,0.0,0.0,2.1055702394493165,0.0,0.0,,,0.0,0.0,0.0,0.0,2.7509977021377465,
ENSMUSG00000020734-C,6.833593176346136,6.4608290612543335,6.759815559453831,6.904072989411315,7.466477123413418,,,6.662613161785881,6.962870340129746,6.727024619920637,6.815758644685764,6.85345307190103,
ENSMUSG00000020770-C,3.985367851416849,3.7916732345197177,3.910793357631654,3.048127979598824,3.101018312374517,,,3.3996089179664075,4.370662784852416,4.429891870503082,4.314358941849066,1.54132073842726,
ENSMUSG00000020799-C,1.641449874184738,1.6514266395573065,2.5742268621828144,0.0,3.101018312374517,,,0.9674048923102424,1.426248509167121,0.0,0.0,0.0,
ENSMUSG00000020805-C,3.8505343897065623,3.5493249877461848,3.987916772059367,3.8410535456100336,3.101018312374517,,,3.639677013987396,4.204546674916045,3.805452458367365,4.314358941849066,3.639654752205806,
ENSMUSG00000020814-C,4.42568240917794,4.39140932542033,4.3800415792698475,4.433109159406927,2.01153025227296,,,4.6914406784700216,5.541071298402671,4.106594402699193,4.114259253231501,5.221164030902649,
ENSMUSG00000021000-C,5.696967789097287,5.860592949861092,5.611860958143922,6.054032637704761,5.6297514215943645,,,5.39502060500585,5.721073806582434,5.0166781822465,4.916567184229785,5.427384399414453,
ENSMUSG00000021007-C,5.828357164453947,5.860592949861092,5.611860958143922,6.273319796066434,6.4245645379051535,,,4.396551664627574,5.592431700887592,5.197679225030279,4.596323382227103,5.293229488386045,
ENSMUSG00000021010-C,5.439484885172935,5.8956111456391325,5.836997892549395,5.440167569237691,5.796435298415117,,,5.716642292891877,5.505786250730437,6.521535331462052,4.787916007570551,5.550118821367999,
ENSMUSG00000021013-C,4.166581811472687,3.9332209460107537,4.777652546707246,4.3498143231152575,5.490743484005632,,,2.5302208690762416,3.6146860835769976,2.0858962887955266,3.499087042803504,4.890404164193962,
ENSMUSG00000021091-C,4.42568240917794,3.634711799651865,3.74295406855436,3.418887887081104,4.14376335637175,,,4.936163324154059,4.8360253882851625,5.0166781822465,3.795267103403054,3.111437600054451,
ENSMUSG00000021118-C,0.0,0.0,0.0,0.0,0.0,,,0.0,0.6438468756903795,0.0,0.0,0.0,
ENSMUSG00000021131-C,2.733957072035301,1.6514266395573065,1.7981578459377747,3.048127979598824,0.0,,,2.2694164769105942,3.055259675414585,2.0858962887955266,0.0,0.0,
ENSMUSG00000021188-C,5.595205933227453,6.148807036467134,6.281893323497237,6.179946886287867,5.715499280408787,,,5.690192780577433,5.961424237004171,5.839289104729767,5.539797847017251,5.427384399414453,
ENSMUSG00000021273-C,5.8103041123713055,6.219610348077359,5.636022909541209,5.556186313570255,6.498998413771757,,,6.201718860928222,5.894792325540484,6.340791811313923,6.068965340934735,6.504598049510028,
ENSMUSG00000021294-C,4.2222584895398185,4.617995133648742,4.733544525276869,4.586526700192765,4.0143984739659455,,,4.460548930911179,4.622026997524587,4.752914528653213,4.0408772621977525,5.427384399414453,
ENSMUSG00000021476-C,8.85302277163662,9.150970743179773,8.719022755390059,8.768418841091501,8.546693466667726,,,9.568952220849477,9.20025977660203,9.280656728638036,8.973225228071646,8.942591779315238,
ENSMUSG00000021495-C,7.0100426519055095,6.449090313207337,6.692288077646638,6.750162974223287,8.015293625083775,,,5.22118758575261,6.534277288990134,6.220370970325861,6.012503114149743,6.967970268333021,
ENSMUSG00000021508-C,7.269889919720036,7.209898178105701,7.310618585887392,7.043134849263513,6.897866902962739,,,7.728776071582386,7.303184240156709,7.572239997006975,7.3286887937998975,7.011347602184868,
ENSMUSG00000021519-C,3.348482516944733,3.2578804018563177,3.3341556752144523,4.167241691823022,4.0143984739659455,,,2.7510183104581927,3.321904809563751,2.0858962887955266,1.4424172899414331,0.0,
ENSMUSG00000021550-C,3.9195257299905872,3.9332209460107537,3.651094645758103,2.819562531975392,4.0143984739659455,,,4.580608929613616,4.554564080044014,4.752914528653213,4.114259253231501,4.025460034672541,
ENSMUSG00000021585-C,3.9195257299905872,3.9332209460107537,5.053583324520581,4.433109159406927,2.8205248563310685,,,2.9424659951760495,3.8008758836611687,3.4244065628585965,4.114259253231501,0.0,
ENSMUSG00000021661-C,6.8156059353473655,6.900783350329444,6.609290901008688,5.856964288300919,6.39887466624681,,,6.742013543161964,6.745648692495197,6.666856224132276,6.455274718805405,7.011347602184868,
ENSMUSG00000021709-C,5.154748061068878,5.140085823727222,5.089022780191272,5.269362152802617,5.1646701437537805,,,4.8431942786738436,4.864161160386767,3.805452458367365,5.277638461834684,6.124781007977959,
ENSMUSG00000021913-C,7.222895771944742,7.392595838485521,7.18523151565143,6.559431213382492,6.4245645379051535,,,7.104449795183308,6.745648692495197,7.221162083541364,6.8267160711756505,7.1918610440331285,
ENSMUSG00000021943-C,2.180461949771616,2.1919001964604257,3.447716039931815,0.0,0.0,,,3.1114590032192178,2.727898487286808,3.805452458367365,2.8098578703146537,2.2693972934160422,
ENSMUSG00000021969-C,7.109359374345701,6.495482873446011,6.9060778732511725,6.317833674692359,6.263079835797097,,,6.201718860928222,6.49882362001198,6.504446526563143,6.158419851066543,6.473916524676316,
ENSMUSG00000021986-C,7.572647865934935,7.310638637759849,7.272592844144336,7.056331310111193,7.350649070978613,,,7.134187579004931,7.261481605218396,7.282595581843668,6.931942757842647,7.0740620883522665,
ENSMUSG00000022199-C,9.981178541157188,9.97857469916196,9.876625230457922,9.919002562249124,10.31397656341688,,,10.150858858128286,10.02926137912195,10.176721436523684,10.227780283282856,10.412849016759669,
ENSMUSG00000022211-C,4.377451817190107,3.9332209460107537,4.3216503643472075,4.3498143231152575,5.490743484005632,,,2.5302208690762416,4.06606486249894,2.0858962887955266,3.703135021136939,3.399587007767687,
ENSMUSG00000022216-C,5.7164863238453805,5.750129984284146,5.751111594191914,6.227388609856475,5.980893196037899,,,6.182871356711661,5.609153395582208,5.944403297584012,5.738541844008359,6.442568297297509,
ENSMUSG00000022223-C,6.134355275088831,6.338908261311043,6.454859485995015,5.826478412703628,5.980893196037899,,,6.473940456094648,5.999974531658031,6.3974313355060515,6.483244474171008,6.084729598130219,
ENSMUSG00000022235-C,3.621238133361342,3.0246987074308613,1.4069932691538003,3.048127979598824,2.01153025227296,,,3.746222763186613,3.8008758836611687,3.6892717228661702,3.795267103403054,2.7509977021377465,
ENSMUSG00000022354-C,8.815049938141946,9.134574253783605,8.95819791128088,8.625220782767371,8.973875299948402,,,9.242501752308543,8.890618465526265,9.173919946669423,9.33351196700672,9.18444134651504,
ENSMUSG00000022371-C,1.641449874184738,0.7772103564006736,1.7981578459377747,1.145283945259697,1.3311596570548716,,,0.0,2.303760115630847,0.0,0.0,3.399587007767687,
ENSMUSG00000022407-C,4.472352633016839,4.575435833627302,4.130798409601337,3.713582110297556,5.037251114700205,,,4.10772499717138,4.483791060986713,4.752914528653213,4.490055460042319,5.14530861675487,
ENSMUSG00000022494-C,5.342321902810014,5.140085823727222,5.2851173663231155,4.967971598174785,5.281743096138518,,,5.459084337743453,5.413602663406433,5.280320013090366,5.245336264031265,4.794338780282,
ENSMUSG00000022516-C,6.8948390766537,7.398711529628299,7.340333643018645,7.275294553858884,7.020858979098482,,,7.578249820654361,7.328649215673723,7.596634547684404,7.516349347833947,7.773530611507737,
ENSMUSG00000022523-C,7.302543997282529,7.498897639631634,7.753143788791696,7.597617276146514,7.118530018031314,,,7.473577829278595,7.328649215673723,7.178703208181567,7.191311915946102,6.989821956736835,
ENSMUSG00000022604-C,4.603935629528872,5.080462981596519,4.862018147026571,5.022781101636756,5.756534784618656,,,4.8431942786738436,4.686475659348247,4.355603108019191,4.8749452627292715,5.957437987682721,
ENSMUSG00000022750-C,6.044546174062812,5.9297994568407315,5.975996225742801,6.295748411196128,6.081214516088182,,,6.549454490541073,6.396579215672824,6.756193244616979,6.469327377181778,6.564070367241747,
ENSMUSG00000022768-C,1.641449874184738,1.6514266395573065,1.7981578459377747,2.547841273150182,0.0,,,0.9674048923102424,1.7004218063870564,2.0858962887955266,0.0,2.2693972934160422,
ENSMUSG00000022801-C,4.048335749184918,4.236136261201466,4.941721610926573,4.433109159406927,4.474090557491965,,,4.10772499717138,4.94541880345907,4.277280327333589,3.795267103403054,4.794338780282,
ENSMUSG00000022833-C,1.270944323129923,1.2795471030274967,0.8686232207515774,0.0,3.335753380518202,,,2.2694164769105942,2.4594104501768173,1.6615634406534388,0.8944330770159921,2.7509977021377465,
ENSMUSG00000022842-C,3.4452450558239938,2.746422465537691,2.9273952328051136,1.145283945259697,3.537586637374066,,,1.9508269527020643,2.303760115630847,1.0578286184819063,2.404466208288875,0.0,
ENSMUSG00000022893-C,3.701788008824327,4.659334832483568,4.3800415792698475,3.418887887081104,2.4720055205074685,,,3.746222763186613,4.113717787903322,4.106594402699193,3.881867051445987,3.111437600054451,
ENSMUSG00000022914-C,7.195338294211894,7.440810499711236,7.37663693837436,7.319748472186693,7.337185924588376,,,6.923272180705386,7.162994947510198,7.043271236485938,6.962070229783484,6.410523747970659,
ENSMUSG00000022974-C,5.863799367156085,5.406033162232234,5.794693770246104,5.763503211525868,6.1444181128763535,,,4.8904275518483145,5.413602663406433,4.916882105380915,5.277638461834684,5.865875556828897,
ENSMUSG00000022983-C,4.2222584895398185,4.439662999975433,5.315356823998245,5.269362152802617,4.262476788602882,,,5.065265859574233,4.8360253882851625,4.355603108019191,4.832086780670741,4.185507841054571,
ENSMUSG00000023025-C,6.218899801012741,6.425322328499713,6.37096698971814,6.577850770637291,6.1444181128763535,,,5.979472391231978,5.974389128696892,5.696116434163937,5.892483089895763,5.607780348647971,
ENSMUSG00000023064-C,2.5719634942468153,0.7772103564006736,0.0,2.212784030876461,1.3311596570548716,,,1.9508269527020643,2.1292630581191667,2.0858962887955266,3.6047154770664913,2.7509977021377465,
ENSMUSG00000023089-C,9.295673554790696,9.249008005084756,9.388006207003706,8.702797892685696,9.086787257972857,,,9.76385318064735,9.67846426526956,9.817201077880776,9.164586371709952,8.665509940787855,
ENSMUSG00000023094-C,5.773505822071254,5.477115179497726,5.836997892549395,5.763503211525868,5.53858320263567,,,5.979472391231978,6.02511408695311,6.19928608019377,5.370419795672076,5.76810582424707,
ENSMUSG00000023755-C,5.0354867111495745,4.699522886302211,5.053583324520581,4.657521795542996,6.372719032291156,,,4.1855307145708,5.273770395373888,4.277280327333589,4.996373102793855,4.890404164193962,
ENSMUSG00000024019-C,5.773505822071254,5.588316154296536,5.836997892549395,5.9160689396445045,5.53858320263567,,,6.001152214343189,5.961424237004171,6.134116928807066,5.933609205938948,6.877095272776896,
ENSMUSG00000024038-C,8.41309190434723,8.412677208949695,8.298518282931601,8.40564845128438,7.7567489028126015,,,9.010996843726312,8.351741650552412,8.483786116967156,8.281027825717642,7.962196688115544,
ENSMUSG00000024059-C,6.788197463012272,6.951587444978456,6.80313948706359,6.9891077366722465,6.637250048783156,,,6.59293568798173,6.49882362001198,6.19928608019377,6.258921680324864,5.865875556828897,
ENSMUSG00000024083-C,9.689297607979112,9.661334555102831,9.82501245956248,9.965211130196836,9.17267347135462,,,9.697346310509948,9.45041219677167,9.453109960120994,9.568697949530597,9.06085731446598,
ENSMUSG00000024209-C,1.935983705110964,0.0,0.8686232207515774,0.0,0.0,,,0.0,1.7004218063870564,1.6615634406534388,0.0,0.0,
ENSMUSG00000024220-C,7.222895771944742,7.791608704968015,7.828466335413937,7.182053583009366,7.998286492368055,,,7.748137344803073,7.805718115179415,7.939496167849072,8.129982370110627,7.9172924424032916,
ENSMUSG00000024234-C,5.2108745010054145,5.197342089539107,4.1972608184946045,4.657521795542996,5.873070944976806,,,5.065265859574233,4.483791060986713,4.864269996666443,5.277638461834684,5.14530861675487,
ENSMUSG00000024236-C,3.621238133361342,3.2578804018563177,3.5529861977234516,2.547841273150182,4.14376335637175,,,3.845438166100454,3.321904809563751,3.2711816746923503,0.0,3.639654752205806,
ENSMUSG00000024294-C,6.937047074067236,6.917917602931262,7.152104782696773,7.229427204554598,7.003917712852394,,,6.043558310150323,7.162994947510198,6.321406811721968,6.869732039959341,6.729055937071053,
ENSMUSG00000024349-C,3.5359235869883796,2.1919001964604257,2.5742268621828144,1.145283945259697,2.4720055205074685,,,4.02548275212475,2.727898487286808,2.6800946312329175,2.1491023054808034,0.0,
ENSMUSG00000024352-C,2.389452305959414,0.7772103564006736,3.5529861977234516,2.819562531975392,0.0,,,3.5246307075254704,2.4594104501768173,1.6615634406534388,2.976553207704254,2.7509977021377465,
ENSMUSG00000024378-C,5.096349387777901,5.381538985252328,4.820451948123481,5.795334401805453,6.11316240072379,,,4.8431942786738436,4.807329973482211,5.0166781822465,4.314358941849066,6.201694986055745,
ENSMUSG00000024383-C,5.342321902810014,5.381538985252328,5.457719627963409,4.967971598174785,5.224393835258939,,,4.580608929613616,4.971518505977801,5.319930442125943,4.695297843271375,4.185507841054571,
ENSMUSG00000024384-C,5.530514978929898,5.6305026547340224,5.683165703961839,5.440167569237691,5.53858320263567,,,5.427408040689324,5.575513916779101,5.50314615290747,5.512913371210832,4.580585737446978,
ENSMUSG00000024387-C,6.9861188273198875,7.237457538847907,7.047900547198163,6.71730775348062,7.195157044971304,,,7.585443643991612,7.162994947510198,7.652000525718613,7.336376448794645,5.957437987682721,
ENSMUSG00000024423-C,7.655878776867565,7.974693558969127,7.895053653816905,8.46127485263321,8.6152267632274,,,7.870969617095844,7.731293280174596,8.019864314168656,7.9412271951819955,8.744754056039845,
ENSMUSG00000024472-C,6.349650092193472,5.769137867242329,6.2971261045088704,5.6976531045714705,5.1646701437537805,,,5.793200171817112,5.824933324335138,5.634616922337999,6.031570440335762,5.865875556828897,
ENSMUSG00000024664-C,4.971942910247874,4.575435833627302,5.123612505890491,5.399324394390804,5.390024669483061,,,5.327979353604507,4.807329973482211,5.358482331281152,4.2506936775103235,5.957437987682721,
ENSMUSG00000024665-C,7.888764652173077,7.966482431278515,7.817943762373216,8.017554373734923,7.882566616130158,,,7.754533789353521,7.684722873565534,7.840834122509604,7.946259898813723,8.016430191469537,
ENSMUSG00000024666-C,4.327552898761735,4.48635483653251,4.1972608184946045,4.511856290237969,3.71461776200454,,,3.5246307075254704,4.0167840134026545,3.912970404851044,3.703135021136939,3.639654752205806,
ENSMUSG00000024713-C,4.2222584895398185,4.439662999975433,3.829313084763042,4.167241691823022,5.441262833161149,,,3.845438166100454,3.7414430482125782,4.106594402699193,4.787916007570551,4.025460034672541,
ENSMUSG00000024764-C,5.264898925835847,4.699522886302211,4.90242022349317,5.075584322680654,5.873070944976806,,,4.1855307145708,4.519611508208877,4.967642875688821,4.5441676527518,5.550118821367999,
ENSMUSG00000024892-C,5.485717781587256,5.225140046092457,5.315356823998245,5.2233027581692975,5.945840239301513,,,5.663249288214105,5.022342736510537,5.570378612998358,5.892483089895763,6.0011283885167845,
ENSMUSG00000024909-C,3.0118486721666375,2.1919001964604257,2.761591019909415,2.547841273150182,2.01153025227296,,,1.9508269527020643,1.930718251259833,2.413372980792649,2.404466208288875,2.7509977021377465,
ENSMUSG00000024914-C,8.304430817318696,8.804562189806951,8.716192335505095,8.529104755018897,8.205125539069432,,,8.79218270614533,8.574567722595798,8.690571546238301,8.693908312879877,8.574446194114095,
ENSMUSG00000025027-C,5.4627865240470275,5.946594518406529,5.430348783845333,5.592874608040147,6.015114639287953,,,5.842071024845519,5.796014201877564,5.866294320846714,5.892483089895763,5.427384399414453,
ENSMUSG00000025103-C,5.997454204021644,5.963196308907811,6.399476642719459,6.130891882919677,6.081214516088182,,,6.022511065463767,6.386914681879401,6.156168692006873,6.815758644685764,4.794338780282,
ENSMUSG00000025154-C,0.0,1.6514266395573065,0.8686232207515774,0.0,0.0,,,1.9508269527020643,1.7004218063870564,2.0858962887955266,0.0,0.0,
ENSMUSG00000025278-C,5.552402525156279,4.699522886302211,5.751111594191914,5.17572424140582,5.873070944976806,,,4.6914406784700216,5.523536645904891,4.500541884028289,4.957021903635929,3.639654752205806,
ENSMUSG00000025317-C,0.7711227158729893,0.0,0.0,0.0,0.0,,,0.9674048923102424,0.0,0.0,1.4424172899414331,0.0,
ENSMUSG00000025323-C,4.799641654254227,4.986137502541371,5.344975441493621,5.126522967954791,4.372160124747886,,,5.145332136575571,5.592431700887592,4.916882105380915,4.375333037779137,3.399587007767687,
ENSMUSG00000025352-C,4.724514111011546,4.39140932542033,4.490179171972527,4.657521795542996,4.742697324315992,,,4.8431942786738436,4.807329973482211,5.0166781822465,3.96356176193868,4.46052582652635,
ENSMUSG00000025362-C,9.646693346130588,10.017843694927898,9.73559508369841,9.084058364103466,9.114673249233938,,,10.226431739021884,9.952715400689303,10.052896433044562,9.89187724502195,9.717106920116684,
ENSMUSG00000025371-C,4.56139428626074,5.080462981596519,4.592501772320342,5.663565521683355,5.037251114700205,,,4.8904275518483145,5.252640238476889,6.042376274168429,5.9131926879091905,5.14530861675487,
ENSMUSG00000025429-C,3.4452450558239938,1.6514266395573065,2.1055702394493165,1.7755955644782335,0.0,,,3.3996089179664075,1.930718251259833,2.9051150409108515,0.0,0.0,
ENSMUSG00000025494-C,0.7711227158729893,0.0,1.7981578459377747,0.0,0.0,,,0.0,1.426248509167121,0.0,0.0,3.639654752205806,
ENSMUSG00000025504-C,2.180461949771616,2.401325369831886,1.4069932691538003,1.7755955644782335,2.4720055205074685,,,1.541336626495835,2.9541737762086013,1.0578286184819063,0.8944330770159921,0.0,
ENSMUSG00000025579-C,7.167244162942791,7.608493972597707,7.168763227854833,7.860914706957489,7.726086817157924,,,7.549110358473554,7.499820157422059,7.720199107078124,7.747259421598959,7.905844547128885,
ENSMUSG00000025730-C,6.232521125492449,6.273852920878147,5.994803434184096,6.203862749065842,6.9694264269235235,,,6.57858707249385,6.189799040697408,6.932641601498225,6.815758644685764,7.511814281039069,
ENSMUSG00000025777-C,7.840658004565042,7.796249078044682,7.9682504042867,7.912623082496076,7.491000913442355,,,7.689256148288877,7.624312803834182,7.48781045614601,7.2248324513082975,7.556426511609615,
ENSMUSG00000025815-C,1.641449874184738,0.7772103564006736,1.4069932691538003,1.145283945259697,2.4720055205074685,,,0.0,2.303760115630847,0.0,3.125967354164119,0.0,
ENSMUSG00000025872-C,6.205148642863037,5.8956111456391325,6.468379260772149,5.8868192693708705,5.6297514215943645,,,6.767538070402273,6.2760988665122674,6.261638214344498,6.105415398291974,6.729055937071053,
ENSMUSG00000025892-C,6.298762938035714,6.246986546581152,6.281893323497237,6.71730775348062,7.003917712852394,,,5.793200171817112,6.037521475234767,5.892803311823157,5.512913371210832,6.442568297297509,
ENSMUSG00000025909-C,4.685430427923396,4.849936096679554,4.777652546707246,4.511856290237969,5.037251114700205,,,4.8431942786738436,4.94541880345907,4.355603108019191,4.5441676527518,2.7509977021377465,
ENSMUSG00000026017-C,5.183084205887085,4.738621725110365,4.3800415792698475,4.851680180270497,5.909914352375509,,,4.02548275212475,4.4470585397514295,3.805452458367365,4.695297843271375,2.7509977021377465,
ENSMUSG00000026088-C,4.603935629528872,3.2578804018563177,4.1972608184946045,4.967971598174785,4.6585984674631975,,,4.259354157918123,4.588689838211657,5.239591269248,4.0408772621977525,3.111437600054451,
ENSMUSG00000026103-C,8.647221323172891,8.454376420538997,8.637593276021919,9.112764890106597,9.09480983665678,,,8.585275827438739,8.888907647106253,8.652293851428073,8.711750269572034,8.138832033980194,
ENSMUSG00000026197-C,4.048335749184918,4.3414856993539885,4.4361611299794195,4.586526700192765,4.897478547837925,,,4.521827482917072,5.022342736510537,4.916882105380915,4.114259253231501,4.794338780282,
ENSMUSG00000026234-C,9.535704279016509,9.413582119881656,9.452352201943048,9.400935790499588,9.126461335640188,,,9.86338391129166,9.446928203744989,9.576798161633036,9.64341921294132,9.40783277878246,
ENSMUSG00000026295-C,0.7711227158729893,0.0,0.0,0.0,0.0,,,0.9674048923102424,0.6438468756903795,0.0,0.0,1.54132073842726,
ENSMUSG00000026361-C,6.569513087286367,6.726975935719819,6.4817735144922235,6.227388609856475,6.637250048783156,,,6.084753445231857,6.738066629383977,6.220370970325861,6.20954574062832,5.221164030902649,
ENSMUSG00000026365-C,3.9195257299905872,3.999106096059519,3.74295406855436,4.586526700192765,3.71461776200454,,,3.5246307075254704,3.4008560131744745,3.562908967782425,4.2506936775103235,4.580585737446978,
ENSMUSG00000026384-C,6.24601504507742,6.4608290612543335,6.559628120801717,6.577850770637291,5.390024669483061,,,6.274739075351769,6.265589510163256,5.994221290455685,5.9131926879091905,5.76810582424707,
ENSMUSG00000026389-C,3.348482516944733,2.746422465537691,2.9273952328051136,3.5737464719259227,2.01153025227296,,,2.7510183104581927,1.7004218063870564,3.4244065628585965,1.838604035947166,4.329560199344903,
ENSMUSG00000026421-C,7.625227116330107,7.823782180737476,7.539205229710444,7.169963060185901,7.91917136074807,,,7.865070144146003,7.719790853142272,8.262791276544833,8.552559070751679,8.595976849713393,
ENSMUSG00000026466-C,5.552402525156279,5.8956111456391325,5.373998199483727,5.399324394390804,3.537586637374066,,,4.521827482917072,5.8672533103223685,4.967642875688821,5.993180406336221,5.221164030902649,
ENSMUSG00000026469-C,7.461366021763015,7.416904575608156,7.519858150651305,7.263963701910464,7.562166071873256,,,7.385652926373246,7.39764891377744,7.443667485646455,7.297521855308858,6.084729598130219,
ENSMUSG00000026490-C,8.07417890450576,7.958224302153153,8.108687630082043,8.337017474073717,8.065144200661518,,,7.735258742492562,8.149403808573341,7.705320031397526,7.543170461553135,6.473916524676316,
ENSMUSG00000026495-C,5.31697311520832,4.659334832483568,5.089022780191272,5.2233027581692975,4.474090557491965,,,4.8431942786738436,5.252640238476889,5.570378612998358,4.916567184229785,3.639654752205806,
ENSMUSG00000026510-C,3.701788008824327,4.180428819962158,3.2108868858509947,4.167241691823022,3.71461776200454,,,4.10772499717138,3.7414430482125782,3.562908967782425,1.838604035947166,2.7509977021377465,
ENSMUSG00000026576-C,12.030199197535524,11.851910607115936,12.030194943383409,11.815370723085586,11.520415220916847,,,11.998141138079705,11.919093508952704,11.810362975668374,11.834169568157105,11.76891661250606,
ENSMUSG00000026589-C,0.7711227158729893,1.2795471030274967,1.7981578459377747,2.547841273150182,0.0,,,0.0,1.0874491440466718,1.6615634406534388,0.0,2.7509977021377465,
ENSMUSG00000026600-C,5.773505822071254,5.787898569531948,6.049797294556,5.6976531045714705,5.441262833161149,,,4.980493639492919,5.721073806582434,6.301757790935005,6.012503114149743,2.7509977021377465,
ENSMUSG00000026628-C,0.7711227158729893,1.6514266395573065,1.4069932691538003,0.0,0.0,,,0.0,0.0,0.0,0.0,0.0,
ENSMUSG00000026678-C,6.84250339188705,7.094073652007864,6.973999856756916,7.043134849263513,6.498998413771757,,,6.327176761654603,7.045051375243516,6.957969489765717,6.7366339719435615,6.9003562750067235,
ENSMUSG00000026723-C,2.5719634942468153,1.6514266395573065,2.1055702394493165,1.145283945259697,0.0,,,1.9508269527020643,2.5998912372602767,1.6615634406534388,3.703135021136939,0.0,
ENSMUSG00000026765-C,4.939089677289372,4.289772378807899,4.641064336689453,4.066490143806875,4.897478547837925,,,5.023502307965054,4.4470585397514295,4.967642875688821,4.5441676527518,4.691417411503794,
ENSMUSG00000026771-C,4.971942910247874,5.110582387912509,5.222667844184494,5.313996438629764,5.441262833161149,,,4.396551664627574,5.022342736510537,4.277280327333589,4.114259253231501,4.890404164193962,
ENSMUSG00000026785-C,1.935983705110964,0.0,0.0,0.0,0.0,,,2.5302208690762416,0.0,0.0,0.0,0.0,
ENSMUSG00000026925-C,4.905470838039171,4.575435833627302,5.402448600613085,4.3498143231152575,5.715499280408787,,,4.02548275212475,4.554564080044014,3.562908967782425,4.184088675445754,4.691417411503794,
ENSMUSG00000027010-C,8.355121909155963,8.042663326643742,8.104364436936788,7.65078565823964,7.694758882709027,,,8.779693026339892,8.696941715973482,8.667727012163374,7.814854738011936,7.541708519283239,
ENSMUSG00000027109-C,5.2108745010054145,5.453808154536049,5.344975441493621,5.730953831709892,4.56929212029854,,,4.6370888418991045,4.654611183132021,4.632239671461196,4.114259253231501,5.607780348647971,
ENSMUSG00000027253-C,4.377451817190107,4.236136261201466,3.3341556752144523,3.048127979598824,4.474090557491965,,,2.9424659951760495,4.807329973482211,3.6892717228661702,3.125967354164119,0.0,
ENSMUSG00000027291-C,6.1050357348342335,6.351574570213523,6.235205514070991,5.9160689396445045,5.6297514215943645,,,6.256827573966689,6.265589510163256,6.018499690573243,6.031570440335762,6.124781007977959,
ENSMUSG00000027331-C,0.7711227158729893,1.6514266395573065,0.0,0.0,1.3311596570548716,,,0.0,1.426248509167121,0.0,0.0,0.0,
ENSMUSG00000027361-C,3.985367851416849,3.7916732345197177,4.4361611299794195,3.5737464719259227,4.262476788602882,,,3.938267275349735,3.9128651813226702,4.429891870503082,3.96356176193868,5.14530861675487,
ENSMUSG00000027408-C,1.641449874184738,1.6514266395573065,0.8686232207515774,2.547841273150182,0.0,,,1.9508269527020643,0.6438468756903795,1.6615634406534388,2.6213546220940547,0.0,
ENSMUSG00000027569-C,3.985367851416849,3.7916732345197177,4.490179171972527,3.958170733316668,3.872280659764173,,,1.9508269527020643,3.475709884007802,2.9051150409108515,3.499087042803504,4.329560199344903,
ENSMUSG00000027612-C,5.415800703609885,5.381538985252328,5.2851173663231155,5.2233027581692975,5.224393835258939,,,5.579261339751742,5.721073806582434,5.839289104729767,5.429116606577476,6.504598049510028,
ENSMUSG00000027642-C,6.937047074067236,6.883443153408037,6.645447310296472,6.71730775348062,6.860710527994718,,,7.063821193980948,7.191033518986275,6.826634555589711,7.048852245058344,6.201694986055745,
ENSMUSG00000027737-C,6.24601504507742,6.043455054057982,5.773067246956983,6.273319796066434,5.67326231975404,,,5.716642292891877,6.347595813664868,5.839289104729767,5.071994824958921,6.043534473378174,
ENSMUSG00000027861-C,2.180461949771616,2.401325369831886,2.358845731896266,0.0,3.101018312374517,,,2.2694164769105942,3.1497241621459846,2.6800946312329175,1.4424172899414331,4.329560199344903,
ENSMUSG00000027887-C,2.389452305959414,2.892259673652012,3.0760931997901184,0.0,2.4720055205074685,,,2.2694164769105942,2.5998912372602767,2.6800946312329175,2.8098578703146537,0.0,
ENSMUSG00000028015-C,4.905470838039171,3.7916732345197177,3.910793357631654,4.433109159406927,4.897478547837925,,,2.5302208690762416,4.0167840134026545,2.6800946312329175,3.125967354164119,3.111437600054451,
ENSMUSG00000028068-C,0.7711227158729893,0.7772103564006736,0.0,1.145283945259697,1.3311596570548716,,,0.0,0.0,0.0,0.0,0.0,
ENSMUSG00000028080-C,4.905470838039171,4.919643509393843,5.222667844184494,4.511856290237969,5.835261920488193,,,4.8431942786738436,4.891758702119145,4.355603108019191,3.703135021136939,5.427384399414453,
ENSMUSG00000028125-C,0.7711227158729893,0.0,2.1055702394493165,0.0,0.0,,,0.9674048923102424,0.6438468756903795,1.6615634406534388,0.0,0.0,
ENSMUSG00000028180-C,7.960092726743545,7.6603203155640225,7.953905139915995,8.134159908552094,8.753409775741876,,,7.816985228114627,7.535249643492016,7.252205806645735,7.9003207685529295,7.962196688115544,
ENSMUSG00000028261-C,6.386671124464114,6.484023842317532,6.356498070166085,6.227388609856475,7.267918567608959,,,6.238690897249208,6.02511408695311,6.19928608019377,6.3222327103984926,6.504598049510028,
ENSMUSG00000028334-C,4.42568240917794,4.236136261201466,5.053583324520581,4.167241691823022,4.372160124747886,,,5.065265859574233,4.748167939694363,4.916882105380915,4.596323382227103,4.890404164193962,
ENSMUSG00000028443-C,4.472352633016839,3.1459955578315,4.542247431043634,4.967971598174785,4.56929212029854,,,3.746222763186613,4.113717787903322,3.912970404851044,4.184088675445754,2.2693972934160422,
ENSMUSG00000028479-C,4.327552898761735,4.919643509393843,4.862018147026571,4.967971598174785,4.742697324315992,,,4.460548930911179,4.864161160386767,5.0166781822465,5.2122942173271465,5.221164030902649,
ENSMUSG00000028494-C,2.8795834812224355,3.2578804018563177,3.3341556752144523,2.819562531975392,0.0,,,3.1114590032192178,3.055259675414585,3.4244065628585965,4.114259253231501,0.0,
ENSMUSG00000028517-C,8.90285686995568,9.219944587344282,8.919348875585234,9.150172775841806,8.851370219081488,,,8.744778203328877,8.714434377443864,8.749778820769627,8.863113593019376,9.101567627726183,
ENSMUSG00000028580-C,7.875802936725114,8.069746021161784,7.828466335413937,8.121659502520412,7.989707147445406,,,7.434274923793394,7.805718115179415,7.756738973575035,7.8528705697340335,7.6690585803182305,
ENSMUSG00000028639-C,7.758304461935107,7.890400244817572,8.134358217610101,8.121659502520412,7.640984797120914,,,7.5042669912730195,7.731293280174596,7.58854877629953,7.966216968296828,7.556426511609615,
ENSMUSG00000028649-C,8.22488961455113,8.256437442554404,8.321048484601416,8.57108379019137,7.900985079448578,,,7.592601774110125,7.966840131196332,7.742233892498136,7.874152444374239,7.481287470374049,
ENSMUSG00000028681-C,0.0,1.2795471030274967,0.0,2.212784030876461,2.01153025227296,,,0.0,0.0,0.0,0.8944330770159921,0.0,
ENSMUSG00000028747-C,1.270944323129923,1.9468263315634875,1.7981578459377747,2.547841273150182,0.0,,,1.541336626495835,1.426248509167121,2.0858962887955266,0.8944330770159921,1.54132073842726,
ENSMUSG00000028795-C,4.905470838039171,5.018269461033357,5.510951067686481,4.910997310921447,5.980893196037899,,,4.8904275518483145,5.469616528506611,5.50314615290747,4.832086780670741,5.490056390463297,
ENSMUSG00000028811-C,6.514823884078086,6.40115620471674,6.2971261045088704,6.61399903883075,6.803117627833016,,,6.6212117663264545,6.386914681879401,6.770559346111732,6.524207936453877,6.344216924292553,
ENSMUSG00000028838-C,6.503632791762759,6.260482272209529,6.633495574156986,6.559431213382492,6.803117627833016,,,7.2012809173946595,6.357526447535462,7.123809702316193,6.952097481109417,6.473916524676316,
ENSMUSG00000028967-C,4.327552898761735,4.289772378807899,4.777652546707246,4.511856290237969,5.224393835258939,,,4.259354157918123,4.622026997524587,3.912970404851044,4.596323382227103,4.980470202450622,
ENSMUSG00000028995-C,5.096349387777901,4.953273561611836,4.862018147026571,4.657521795542996,4.372160124747886,,,4.10772499717138,5.022342736510537,4.355603108019191,3.795267103403054,5.065242378780794,
ENSMUSG00000029020-C,7.86709664157073,7.837354160917858,7.74205506918026,7.504402648335738,7.596474113104256,,,7.888524657609821,7.866094031591564,8.118628342191489,7.842110735667543,8.058395321220475,
ENSMUSG00000029131-C,7.347052539643144,7.244265898529531,7.24143372508232,7.194043622581423,6.7634040607162875,,,7.15367759540957,7.4072420440570355,7.322144430344921,6.991581404643257,7.247339513606574,
ENSMUSG00000029276-C,4.048335749184918,4.617995133648742,4.862018147026571,4.657521795542996,5.1646701437537805,,,4.259354157918123,4.807329973482211,3.912970404851044,3.881867051445987,1.54132073842726,
ENSMUSG00000029279-C,4.835787516219796,4.953273561611836,5.123612505890491,4.851680180270497,4.56929212029854,,,4.6914406784700216,4.864161160386767,5.154513060432989,3.499087042803504,0.0,
ENSMUSG00000029345-C,5.342321902810014,5.9297994568407315,5.937629911106622,5.663565521683355,5.909914352375509,,,6.043558310150323,5.751518666722302,6.378797477114063,5.429116606577476,5.293229488386045,
ENSMUSG00000029348-C,7.858337486999993,7.810081310305824,7.725260528650798,7.919860995252575,8.175171219705007,,,8.148602588375658,7.930711570994109,7.958444001566033,8.384762853010457,8.196346792723617,
ENSMUSG00000029461-C,8.868372713463561,9.076626974079051,9.23426527025752,9.15937513248898,8.701816741129132,,,8.641576844352665,8.329209949572919,8.530961827266685,8.723523489479904,8.28738532727636,
ENSMUSG00000029513-C,3.701788008824327,3.8641823602813914,3.651094645758103,3.245385555138888,3.872280659764173,,,4.02548275212475,4.247903002566216,4.277280327333589,3.125967354164119,2.7509977021377465,
ENSMUSG00000029714-C,6.590821196179701,6.437255266636636,6.427433805810011,7.016374184107763,7.003917712852394,,,5.579261339751742,5.375014182183655,6.469649405913033,6.20954574062832,6.442568297297509,
ENSMUSG00000029882-C,0.0,0.0,0.0,0.0,0.0,,,0.0,0.0,1.6615634406534388,0.0,0.0,
ENSMUSG00000029916-C,4.799641654254227,4.699522886302211,3.651094645758103,4.511856290237969,3.71461776200454,,,2.5302208690762416,3.8008758836611687,3.912970404851044,4.5441676527518,3.111437600054451,
ENSMUSG00000030002-C,6.0133229373058175,5.946594518406529,5.315356823998245,6.027475219951976,6.916092286278888,,,3.5246307075254704,5.375014182183655,4.916882105380915,4.6466592002228815,5.14530861675487,
ENSMUSG00000030016-C,7.167244162942791,7.277833928157382,7.539205229710444,7.475221942346513,7.086702094625729,,,6.549454490541073,7.2020981269323325,6.932641601498225,6.3222327103984926,6.829416969842723,
ENSMUSG00000030035-C,4.166581811472687,4.39140932542033,4.260795788795305,3.5737464719259227,4.56929212029854,,,4.8904275518483145,4.330892291115861,4.632239671461196,4.5441676527518,5.3618657504251575,
ENSMUSG00000030323-C,5.616140642286914,5.912806571193141,6.186956140580157,5.17572424140582,5.873070944976806,,,6.163774363983888,5.625683494466205,5.6656943552299115,6.537607970686954,6.0011283885167845,
ENSMUSG00000030433-C,0.0,0.0,0.0,1.145283945259697,0.0,,,0.0,0.0,0.0,0.0,0.0,
ENSMUSG00000030465-C,8.367521193224142,8.483440504813201,8.509397410808468,8.529104755018897,8.241714482731533,,,8.158283622377503,8.424402966740281,8.337065105382672,8.26902744203211,8.28738532727636,
ENSMUSG00000030522-C,3.985367851416849,3.634711799651865,3.447716039931815,4.7898192319927615,4.742697324315992,,,2.7510183104581927,4.06606486249894,3.0997279733373246,2.976553207704254,2.7509977021377465,
ENSMUSG00000030530-C,5.898391709724044,5.69155589194651,5.728816639028452,4.967971598174785,5.909914352375509,,,6.256827573966689,5.335365122902092,6.281837457663074,6.524207936453877,6.5929117350056785,
ENSMUSG00000030714-C,3.701788008824327,3.634711799651865,4.542247431043634,4.066490143806875,4.262476788602882,,,3.938267275349735,3.7414430482125782,4.355603108019191,5.034679389983931,4.46052582652635,
ENSMUSG00000030718-C,9.633919439565911,9.739310230831304,9.585487043804488,9.33207481378303,9.400114187004192,,,9.97714753878483,9.741441144021431,9.69636884538911,10.09699470156114,9.730147630597855,
ENSMUSG00000030733-C,6.119769985415074,6.376578375781896,6.250936592430239,5.556186313570255,6.204968622015712,,,6.716029283591187,6.722781903514472,7.007329106976088,6.577077102868884,6.676129780164103,
ENSMUSG00000030741-C,5.508290248281446,5.453808154536049,5.636022909541209,5.763503211525868,6.204968622015712,,,5.8893404910648375,5.721073806582434,5.197679225030279,6.012503114149743,5.76810582424707,
ENSMUSG00000030847-C,3.7780773780277177,3.634711799651865,3.447716039931815,3.048127979598824,2.4720055205074685,,,3.746222763186613,4.204546674916045,4.277280327333589,4.490055460042319,3.399587007767687,
ENSMUSG00000030942-C,5.238139579400765,5.711346006425334,5.587287444961878,5.357291163034704,5.336899529548905,,,5.427408040689324,5.658186122480119,5.918833985525674,5.539797847017251,4.980470202450622,
ENSMUSG00000031077-C,2.5719634942468153,2.1919001964604257,1.4069932691538003,3.245385555138888,3.537586637374066,,,1.541336626495835,2.1292630581191667,2.0858962887955266,2.1491023054808034,0.0,
ENSMUSG00000031095-C,3.132999700652309,3.3617092928764207,2.9273952328051136,2.212784030876461,4.0143984739659455,,,3.3996089179664075,2.4594104501768173,3.4244065628585965,3.881867051445987,4.580585737446978,
ENSMUSG00000031103-C,0.0,0.7772103564006736,0.8686232207515774,0.0,0.0,,,0.0,0.6438468756903795,2.0858962887955266,0.0,0.0,
ENSMUSG00000031138-C,0.7711227158729893,0.0,0.8686232207515774,0.0,0.0,,,1.541336626495835,0.0,0.0,0.0,0.0,
ENSMUSG00000031145-C,1.270944323129923,1.9468263315634875,1.7981578459377747,2.212784030876461,2.4720055205074685,,,2.5302208690762416,1.930718251259833,2.0858962887955266,2.6213546220940547,0.0,
ENSMUSG00000031174-C,4.56139428626074,4.236136261201466,4.592501772320342,5.2233027581692975,5.037251114700205,,,3.3996089179664075,3.9128651813226702,4.013028251677092,3.2613491874603957,4.794338780282,
ENSMUSG00000031209-C,2.180461949771616,1.2795471030274967,2.1055702394493165,2.547841273150182,1.3311596570548716,,,1.541336626495835,1.426248509167121,1.6615634406534388,0.8944330770159921,0.0,
ENSMUSG00000031327-C,6.652919910092186,6.784157246689743,6.413522943941852,6.295748411196128,6.986775142647654,,,6.292430924220512,6.619277345980025,6.301757790935005,6.337635682737065,6.0011283885167845,
ENSMUSG00000031328-C,4.971942910247874,4.617995133648742,5.254230483171927,5.556186313570255,6.015114639287953,,,3.3996089179664075,4.997154418440803,4.916882105380915,5.370419795672076,5.66322556211814,
ENSMUSG00000031337-C,4.048335749184918,3.0246987074308613,2.358845731896266,3.418887887081104,3.101018312374517,,,0.0,2.727898487286808,3.562908967782425,0.8944330770159921,0.0,
ENSMUSG00000031393-C,7.599177010270772,7.8192296656721405,7.58336429430353,7.570279771356597,7.527022251911408,,,7.4813115386323314,7.24016935250572,7.652000525718613,7.814854738011936,7.011347602184868,
ENSMUSG00000031429-C,5.657120185391213,4.813777272288485,5.510951067686481,4.261414146434217,4.262476788602882,,,5.768129583832366,5.469616528506611,5.239591269248,5.953740823634375,5.3618657504251575,
ENSMUSG00000031490-C,2.5719634942468153,3.999106096059519,3.651094645758103,3.048127979598824,2.01153025227296,,,3.3996089179664075,3.475709884007802,2.9051150409108515,1.838604035947166,0.0,
ENSMUSG00000031563-C,7.041336197054885,7.223743664727867,7.280278596220901,6.733828890391983,7.07052088688009,,,6.888796653358917,6.956350492981551,7.078339655860167,6.524207936453877,6.9003562750067235,
ENSMUSG00000031574-C,1.641449874184738,1.6514266395573065,0.8686232207515774,1.7755955644782335,1.3311596570548716,,,1.541336626495835,1.7004218063870564,1.0578286184819063,0.0,0.0,
ENSMUSG00000031604-C,7.86709664157073,7.715258052645833,7.8799578672621635,7.55176267293398,7.07052088688009,,,7.627869182349187,7.552643362714,7.71277875086541,7.366723852106645,8.068698607955408,
ENSMUSG00000031618-C,4.048335749184918,3.2578804018563177,3.910793357631654,4.511856290237969,1.3311596570548716,,,3.5246307075254704,3.8008758836611687,3.805452458367365,4.695297843271375,3.111437600054451,
ENSMUSG00000031644-C,5.863799367156085,5.730868320163798,6.266497988402164,6.559431213382492,6.39887466624681,,,5.579261339751742,5.689972599983124,5.396030787432728,4.596323382227103,4.185507841054571,
ENSMUSG00000031665-C,3.7780773780277177,3.634711799651865,3.74295406855436,3.8410535456100336,4.742697324315992,,,3.845438166100454,3.9128651813226702,3.2711816746923503,4.7423500356631125,4.329560199344903,
ENSMUSG00000031706-C,5.657120185391213,5.331266589603605,4.90242022349317,5.628652996397655,6.346080434980437,,,4.259354157918123,4.94541880345907,4.500541884028289,4.596323382227103,5.221164030902649,
ENSMUSG00000031872-C,5.439484885172935,5.110582387912509,5.659786858203108,4.725186468458616,5.441262833161149,,,5.22118758575261,5.16488177526458,5.537153993323651,4.957021903635929,4.185507841054571,
ENSMUSG00000031913-C,6.920311763712249,7.310638637759849,7.287923620425517,7.55176267293398,7.403279389168395,,,7.2653922107751505,7.063369402125279,6.826634555589711,7.608119629569525,7.053458694417244,
ENSMUSG00000031954-C,7.079522087165028,7.392595838485521,6.925812637260005,7.475221942346513,7.403279389168395,,,7.627869182349187,7.001382523722142,7.416518484928695,7.688405213776379,7.599700484524412,
ENSMUSG00000031995-C,0.7711227158729893,0.0,0.0,0.0,0.0,,,0.0,0.0,0.0,0.0,0.0,
ENSMUSG00000032062-C,2.180461949771616,2.1919001964604257,1.7981578459377747,3.418887887081104,3.537586637374066,,,0.0,1.426248509167121,2.6800946312329175,0.0,0.0,
ENSMUSG00000032078-C,5.8103041123713055,5.979609225963587,5.794693770246104,5.269362152802617,5.715499280408787,,,5.607804056031114,5.921815491237882,6.635804080439103,5.993180406336221,6.309884544032575,
ENSMUSG00000032089-C,2.5719634942468153,2.401325369831886,2.5742268621828144,3.048127979598824,1.3311596570548716,,,2.7510183104581927,1.930718251259833,3.4244065628585965,2.404466208288875,1.54132073842726,
ENSMUSG00000032097-C,8.317271544188104,8.52596743192582,8.570224149263096,8.557226057761582,7.854490379223653,,,8.256195235999066,8.256772598060705,8.292961196009294,8.351006542721528,7.951100975925022,
ENSMUSG00000032193-C,5.552402525156279,5.750129984284146,6.186956140580157,5.440167569237691,5.67326231975404,,,5.361889365568656,5.187326910656038,5.0166781822465,5.993180406336221,5.9123830407876135,
ENSMUSG00000032198-C,4.048335749184918,3.999106096059519,4.260795788795305,3.418887887081104,4.742697324315992,,,3.2627160682075655,4.06606486249894,2.6800946312329175,2.404466208288875,4.46052582652635,
ENSMUSG00000032202-C,1.641449874184738,1.9468263315634875,1.7981578459377747,1.145283945259697,0.0,,,2.2694164769105942,2.1292630581191667,2.0858962887955266,1.838604035947166,0.0,
ENSMUSG00000032253-C,7.490001495430576,7.086516337472622,7.446612811037217,7.095211535822469,6.951866547324523,,,6.865346597560178,7.292871047796358,7.123809702316193,6.701348231959112,6.377751238525248,
ENSMUSG00000032336-C,9.81004465211876,9.73448274122136,10.00044281756844,9.692639005290827,9.497131354322462,,,9.97166745255335,10.107845065120785,9.979044655158717,9.902273553198206,9.443899689548168,
ENSMUSG00000032342-C,4.685430427923396,4.236136261201466,4.777652546707246,5.075584322680654,5.336899529548905,,,4.936163324154059,4.971518505977801,5.358482331281152,4.787916007570551,5.66322556211814,
ENSMUSG00000032384-C,5.863799367156085,6.376578375781896,5.683165703961839,6.130891882919677,6.263079835797097,,,5.663249288214105,5.8672533103223685,5.892803311823157,6.105415398291974,6.238667014056643,
ENSMUSG00000032413-C,5.898391709724044,6.495482873446011,6.468379260772149,7.157770355655065,6.263079835797097,,,5.716642292891877,5.999974531658031,6.281837457663074,5.953740823634375,6.201694986055745,
ENSMUSG00000032418-C,6.80652751175697,6.615867568309883,6.781640143574188,6.577850770637291,6.234316796359161,,,7.043069616353553,6.782972571256035,6.74168264796684,6.6773356383548546,6.124781007977959,
ENSMUSG00000032436-C,1.935983705110964,0.0,2.1055702394493165,1.7755955644782335,2.8205248563310685,,,0.0,2.1292630581191667,1.0578286184819063,3.3851096075210654,4.46052582652635,
ENSMUSG00000032443-C,2.180461949771616,2.892259673652012,3.3341556752144523,2.212784030876461,3.101018312374517,,,2.2694164769105942,1.0874491440466718,1.6615634406534388,0.0,0.0,
ENSMUSG00000032489-C,3.244760474119069,1.6514266395573065,3.0760931997901184,3.418887887081104,3.71461776200454,,,2.2694164769105942,2.4594104501768173,2.413372980792649,4.5441676527518,0.0,
ENSMUSG00000032501-C,6.969946327661953,7.34271397190757,7.13525173737794,6.829169443432878,7.309876754600312,,,7.043069616353553,6.2227693766776335,7.667436807881752,6.382881814369319,6.442568297297509,
ENSMUSG00000032530-C,0.7711227158729893,0.7772103564006736,1.4069932691538003,0.0,0.0,,,1.9508269527020643,1.7004218063870564,1.0578286184819063,0.0,0.0,
ENSMUSG00000032553-C,4.799641654254227,4.776688836150023,4.490179171972527,4.167241691823022,5.1646701437537805,,,5.427408040689324,5.142081917379484,5.570378612998358,5.277638461834684,5.66322556211814,
ENSMUSG00000032558-C,1.270944323129923,2.584167946796685,2.761591019909415,2.547841273150182,1.3311596570548716,,,1.9508269527020643,0.0,1.0578286184819063,0.8944330770159921,0.0,
ENSMUSG00000032563-C,6.205148642863037,6.177546666935104,6.235205514070991,5.9160689396445045,6.474611346238458,,,5.979472391231978,6.357526447535462,5.602855277348281,6.192704287541137,6.344216924292553,
ENSMUSG00000032599-C,6.337095584792328,6.615867568309883,6.495044556470777,6.054032637704761,6.449804945438446,,,6.256827573966689,6.25500303597425,6.301757790935005,5.592108957361328,7.09437537956822,
ENSMUSG00000032606-C,7.094517864852936,7.188877574729653,7.020629468162281,7.182053583009366,7.054156130762555,,,7.675838551328577,7.303184240156709,7.522177429826876,7.43991176548827,7.35227929048572,
ENSMUSG00000032727-C,5.552402525156279,5.824703575956722,5.794693770246104,4.910997310921447,5.67326231975404,,,5.490080055647806,5.07143725940383,5.154513060432989,5.617570002191247,4.580585737446978,
ENSMUSG00000032834-C,4.275866088799327,4.617995133648742,4.862018147026571,3.958170733316668,5.102366880580535,,,5.145332136575571,4.891758702119145,5.197679225030279,4.695297843271375,4.794338780282,
ENSMUSG00000033111-C,5.485717781587256,5.140085823727222,5.157392297166053,5.556186313570255,4.897478547837925,,,5.105854363727924,5.592431700887592,4.967642875688821,5.178477634731233,5.3618657504251575,
ENSMUSG00000033453-C,2.5719634942468153,3.8641823602813914,2.9273952328051136,1.7755955644782335,2.8205248563310685,,,2.7510183104581927,3.1497241621459846,1.0578286184819063,4.6466592002228815,2.2693972934160422,
ENSMUSG00000033544-C,1.270944323129923,1.2795471030274967,1.4069932691538003,1.7755955644782335,2.8205248563310685,,,0.0,1.930718251259833,2.0858962887955266,0.0,0.0,
ENSMUSG00000033585-C,7.202277169253185,7.543740095007808,7.002158081923178,7.029816564009648,6.522980089708947,,,7.5710199463532515,7.323592052202533,7.874476760486345,7.313189486412796,7.300763339779545,
ENSMUSG00000033618-C,6.090149449220046,6.027756525816631,6.102771600335479,5.518540621611381,6.11316240072379,,,5.817842524086916,6.62750827353996,6.281837457663074,4.832086780670741,5.3618657504251575,
ENSMUSG00000033671-C,5.846187100148902,6.148807036467134,5.898215362087249,6.402941534947538,5.715499280408787,,,5.490080055647806,5.674166902230191,5.110015400988178,5.370419795672076,3.639654752205806,
ENSMUSG00000033706-C,5.066238975806739,4.659334832483568,4.90242022349317,4.511856290237969,5.1646701437537805,,,4.794362111747247,4.918838219969747,5.0166781822465,5.2122942173271465,6.163750497874961,
ENSMUSG00000033773-C,4.2222584895398185,4.180428819962158,4.979980695187754,3.8410535456100336,4.742697324315992,,,3.845438166100454,4.519611508208877,4.967642875688821,2.8098578703146537,0.0,
ENSMUSG00000033917-C,8.631884650355552,8.205017464331647,8.489643662060718,8.41079496259763,8.197695063527618,,,8.950994840730237,8.559590281779109,8.799664042551598,8.273038671220661,8.850051218775189,
ENSMUSG00000033991-C,4.42568240917794,4.439662999975433,4.1972608184946045,5.126522967954791,5.336899529548905,,,4.6370888418991045,4.113717787903322,4.693838470048764,4.375333037779137,0.0,
ENSMUSG00000034042-C,5.004064632401693,4.776688836150023,5.254230483171927,5.126522967954791,4.262476788602882,,,4.6370888418991045,4.330892291115861,4.752914528653213,4.114259253231501,5.14530861675487,
ENSMUSG00000034055-C,4.51756029553663,4.617995133648742,4.542247431043634,3.958170733316668,3.101018312374517,,,4.396551664627574,4.864161160386767,4.500541884028289,5.108369377774447,4.185507841054571,
ENSMUSG00000034324-C,1.935983705110964,3.4585648108342464,2.761591019909415,3.245385555138888,2.4720055205074685,,,2.2694164769105942,2.303760115630847,2.9051150409108515,2.404466208288875,4.185507841054571,
ENSMUSG00000034432-C,7.302543997282529,7.237457538847907,7.225598113249969,7.016374184107763,7.164992849157152,,,7.385652926373246,7.223975974655559,7.425625036274403,7.454114129143765,6.829416969842723,
ENSMUSG00000034462-C,5.004064632401693,4.39140932542033,5.2851173663231155,4.7898192319927615,5.909914352375509,,,3.845438166100454,4.918838219969747,5.0166781822465,3.2613491874603957,4.890404164193962,
ENSMUSG00000034467-C,1.641449874184738,1.6514266395573065,2.761591019909415,1.145283945259697,1.3311596570548716,,,2.5302208690762416,1.7004218063870564,1.6615634406534388,0.0,0.0,
ENSMUSG00000034601-C,3.4452450558239938,3.3617092928764207,3.0760931997901184,3.048127979598824,3.872280659764173,,,1.9508269527020643,3.475709884007802,3.562908967782425,5.178477634731233,3.111437600054451,
ENSMUSG00000034731-C,8.667419855140503,8.553637871229474,8.769043119993439,8.224612222990318,8.073287698352956,,,8.205737674112223,8.618589113469534,8.129815359258572,8.331906033569776,7.786073313336848,
ENSMUSG00000034789-C,7.353300275125543,7.392595838485521,7.453427285860586,7.145473727530398,7.550546328182492,,,7.76724222271587,7.543972716164974,7.513662131413121,7.4470304238368,7.695894352362384,
ENSMUSG00000034880-C,6.937047074067236,7.361622357995455,7.002158081923178,6.402941534947538,6.897866902962739,,,7.792328102324463,7.196576430298822,7.564015946990543,7.729853877332033,7.300763339779545,
ENSMUSG00000034906-C,1.641449874184738,1.2795471030274967,1.7981578459377747,0.0,0.0,,,0.0,0.6438468756903795,1.0578286184819063,0.0,0.0,
ENSMUSG00000035133-C,8.07417890450576,8.169690239593388,8.228736386621081,8.102703433357597,8.056954474772109,,,7.641738238383324,8.199953222995049,7.771099668777183,7.645730415396737,6.804973618369612,
ENSMUSG00000035164-C,2.5719634942468153,3.0246987074308613,2.761591019909415,3.048127979598824,1.3311596570548716,,,1.541336626495835,2.5998912372602767,1.0578286184819063,1.838604035947166,1.54132073842726,
ENSMUSG00000035211-C,1.270944323129923,0.7772103564006736,0.0,0.0,0.0,,,0.0,1.0874491440466718,1.6615634406534388,1.838604035947166,0.0,
ENSMUSG00000035247-C,8.070391458523266,8.118732158713964,8.309827364373529,8.089926251964153,7.786772855721182,,,7.9058686499183715,8.099979446115084,8.16286515977594,7.956272942013014,7.283174297806171,
ENSMUSG00000035284-C,5.898391709724044,6.219610348077359,6.250936592430239,6.483307146626465,5.756534784618656,,,5.459084337743453,5.908367178933932,5.755101167010674,6.140967184128511,5.957437987682721,
ENSMUSG00000035576-C,0.7711227158729893,1.9468263315634875,0.0,2.819562531975392,3.335753380518202,,,0.0,1.0874491440466718,0.0,0.0,0.0,
ENSMUSG00000035585-C,5.415800703609885,5.946594518406529,5.773067246956983,5.2233027581692975,5.6297514215943645,,,6.361105423335319,6.02511408695311,5.994221290455685,6.701348231959112,6.201694986055745,
ENSMUSG00000035637-C,5.367232980729223,5.430118408561993,5.190399217785355,5.795334401805453,5.037251114700205,,,5.716642292891877,5.187326910656038,5.994221290455685,5.850150127189161,4.580585737446978,
ENSMUSG00000035653-C,6.9861188273198875,6.755849870781643,7.074665673700151,7.241031475978257,7.629985206359565,,,6.238690897249208,6.903103020377231,6.587935554688557,6.971974514003777,6.238667014056643,
ENSMUSG00000035829-C,4.724514111011546,5.140085823727222,5.017251336313171,5.269362152802617,5.584887341409851,,,5.520423825414303,5.022342736510537,4.967642875688821,4.375333037779137,3.8454156461999536,
ENSMUSG00000036002-C,5.9321739967427956,5.140085823727222,6.06767239929894,6.000419745303487,4.969056867187248,,,5.520423825414303,5.751518666722302,4.567893025958041,5.6425894856248595,2.7509977021377465,
ENSMUSG00000036097-C,5.696967789097287,5.588316154296536,5.562288106031938,6.382130617165798,5.945840239301513,,,4.8431942786738436,5.022342736510537,5.154513060432989,5.400066694388338,6.084729598130219,
ENSMUSG00000036120-C,3.4452450558239938,3.4585648108342464,3.987916772059367,3.245385555138888,4.262476788602882,,,3.639677013987396,4.370662784852416,3.2711816746923503,4.6466592002228815,3.8454156461999536,
ENSMUSG00000036186-C,7.58331813476977,7.422918296173071,7.719618619746232,7.330651175681463,7.39030071124399,,,8.335135349955541,7.900463720512519,8.107353899845814,7.910656625754886,8.18691882133824,
ENSMUSG00000036330-C,0.0,0.7772103564006736,0.0,0.0,2.01153025227296,,,0.0,0.0,2.413372980792649,0.0,0.0,
ENSMUSG00000036391-C,5.125844193331764,4.439662999975433,5.315356823998245,4.910997310921447,5.336899529548905,,,3.2627160682075655,4.483791060986713,3.912970404851044,3.96356176193868,3.639654752205806,
ENSMUSG00000036442-C,5.8103041123713055,5.946594518406529,6.06767239929894,5.94473735753981,5.281743096138518,,,6.084753445231857,6.2227693766776335,5.969527317729566,5.178477634731233,5.865875556828897,
ENSMUSG00000036461-C,3.985367851416849,4.617995133648742,3.2108868858509947,3.958170733316668,4.262476788602882,,,3.3996089179664075,2.845467778033953,4.567893025958041,3.3851096075210654,3.8454156461999536,
ENSMUSG00000036503-C,6.1050357348342335,5.711346006425334,5.975996225742801,6.105724368234886,5.835261920488193,,,5.817842524086916,5.766503511269792,5.358482331281152,5.512913371210832,4.691417411503794,
ENSMUSG00000036504-C,6.611819166723995,6.746289291117568,6.669057786217484,6.295748411196128,6.015114639287953,,,6.6351446612098135,6.86879690354186,6.7122161338185755,6.782377999881176,6.85345307190103,
ENSMUSG00000036550-C,5.595205933227453,5.8956111456391325,6.102771600335479,5.94473735753981,5.945840239301513,,,5.979472391231978,5.736376544018484,5.892803311823157,6.290924459061403,6.309884544032575,
ENSMUSG00000036552-C,2.5719634942468153,3.0246987074308613,2.1055702394493165,3.418887887081104,4.372160124747886,,,1.9508269527020643,3.1497241621459846,2.6800946312329175,3.3851096075210654,3.111437600054451,
ENSMUSG00000036632-C,4.799641654254227,4.986137502541371,5.157392297166053,4.657521795542996,4.897478547837925,,,5.105854363727924,4.717651533751788,5.06410148311701,5.309233218526412,4.46052582652635,
ENSMUSG00000036655-C,0.0,1.2795471030274967,0.0,0.0,0.0,,,0.9674048923102424,0.6438468756903795,1.0578286184819063,0.8944330770159921,0.0,
ENSMUSG00000036699-C,5.657120185391213,5.356621751401304,5.017251336313171,6.000419745303487,5.336899529548905,,,5.183758354116718,5.16488177526458,5.110015400988178,4.314358941849066,6.877095272776896,
ENSMUSG00000036850-C,6.611819166723995,6.364130640930874,6.281893323497237,5.972847175055832,6.637250048783156,,,6.742013543161964,6.543006225106918,6.433992207818625,6.615495133909417,7.114406624250341,
ENSMUSG00000036885-C,4.51756029553663,4.39140932542033,4.4361611299794195,2.547841273150182,4.14376335637175,,,4.32958319926474,4.654611183132021,4.106594402699193,3.96356176193868,4.185507841054571,
ENSMUSG00000036934-C,4.685430427923396,4.813777272288485,4.688045329191448,5.17572424140582,4.14376335637175,,,4.6370888418991045,4.997154418440803,4.106594402699193,3.6047154770664913,4.025460034672541,
ENSMUSG00000036985-C,5.915381732138138,5.769137867242329,5.9180572335075405,5.6976531045714705,5.490743484005632,,,6.473940456094648,5.766503511269792,6.220370970325861,6.05038904751584,6.648920322035272,
ENSMUSG00000037013-C,5.0354867111495745,5.2524124990211,5.457719627963409,5.17572424140582,4.969056867187248,,,5.607804056031114,5.523536645904891,5.197679225030279,5.370419795672076,3.8454156461999536,
ENSMUSG00000037104-C,6.386671124464114,6.657267409371851,6.508194632874209,6.443683866229351,6.498998413771757,,,6.377775151174897,6.516659359274826,6.853875456771365,6.869732039959341,7.053458694417244,
ENSMUSG00000037119-C,5.965183300199216,5.750129984284146,5.373998199483727,4.851680180270497,5.037251114700205,,,5.935110196826683,5.736376544018484,5.50314615290747,6.068965340934735,3.639654752205806,
ENSMUSG00000037349-C,3.7780773780277177,3.8641823602813914,2.9273952328051136,4.066490143806875,3.71461776200454,,,3.746222763186613,3.857956906855064,4.355603108019191,2.976553207704254,1.54132073842726,
ENSMUSG00000037416-C,5.485717781587256,5.477115179497726,6.049797294556,6.027475219951976,5.909914352375509,,,5.065265859574233,5.575513916779101,5.358482331281152,5.370419795672076,4.691417411503794,
ENSMUSG00000037487-C,6.492354210212635,6.765347510414817,6.5722050057527435,7.120561506775722,6.1444181128763535,,,5.912406842639173,6.2227693766776335,6.301757790935005,6.1756639095137995,6.274715184249747,
ENSMUSG00000037542-C,0.7711227158729893,0.7772103564006736,0.0,0.0,0.0,,,0.0,1.0874491440466718,0.0,0.0,1.54132073842726,
ENSMUSG00000037568-C,1.270944323129923,0.7772103564006736,0.0,1.7755955644782335,2.01153025227296,,,0.0,1.426248509167121,1.0578286184819063,2.404466208288875,0.0,
ENSMUSG00000037685-C,8.261891134028522,8.118732158713964,8.180266490787837,8.719485066690451,8.462392748671448,,,8.269655537672516,8.117617321935628,8.173715626315445,8.000491021806697,8.148578469957757,
ENSMUSG00000037697-C,6.769631522957556,6.677530181551333,6.680719688227988,6.7980841004864825,7.180153780611045,,,6.220323311434717,6.62750827353996,6.220370970325861,6.20954574062832,6.163750497874961,
ENSMUSG00000037731-C,0.0,0.0,0.8686232207515774,2.212784030876461,0.0,,,2.5302208690762416,1.426248509167121,1.0578286184819063,0.0,0.0,
ENSMUSG00000037784-C,3.244760474119069,3.1459955578315,3.447716039931815,4.851680180270497,4.0143984739659455,,,3.639677013987396,2.845467778033953,3.2711816746923503,2.8098578703146537,4.185507841054571,
ENSMUSG00000037857-C,8.34575200743862,8.20152341610698,7.944261767757013,7.934228786777329,7.981076477947603,,,7.599724563456278,7.809340450553906,7.813343487394716,8.04339403977763,8.41400142196023,
ENSMUSG00000037904-C,5.096349387777901,4.776688836150023,5.089022780191272,4.586526700192765,5.67326231975404,,,5.293253074851672,4.918838219969747,5.197679225030279,6.05038904751584,5.66322556211814,
ENSMUSG00000038056-C,7.705560661540475,7.729884982885957,7.730880459813001,7.263963701910464,7.07052088688009,,,7.15367759540957,7.684722873565534,7.26240702486624,6.665177782270061,6.804973618369612,
ENSMUSG00000038135-C,1.270944323129923,1.2795471030274967,0.8686232207515774,0.0,0.0,,,0.9674048923102424,0.0,0.0,2.404466208288875,2.7509977021377465,
ENSMUSG00000038146-C,3.621238133361342,3.7153260891446704,3.3341556752144523,4.261414146434217,2.01153025227296,,,2.7510183104581927,4.06606486249894,3.6892717228661702,4.596323382227103,0.0,
ENSMUSG00000038151-C,2.180461949771616,2.746422465537691,2.9273952328051136,3.245385555138888,0.0,,,0.0,2.1292630581191667,2.413372980792649,2.404466208288875,3.639654752205806,
ENSMUSG00000038188-C,1.641449874184738,1.6514266395573065,1.7981578459377747,1.145283945259697,0.0,,,0.0,0.6438468756903795,0.0,1.838604035947166,0.0,
ENSMUSG00000038214-C,2.5719634942468153,2.584167946796685,2.761591019909415,3.245385555138888,0.0,,,1.541336626495835,2.1292630581191667,1.6615634406534388,0.8944330770159921,0.0,
ENSMUSG00000038295-C,0.7711227158729893,2.401325369831886,0.8686232207515774,1.7755955644782335,2.01153025227296,,,2.9424659951760495,1.426248509167121,2.0858962887955266,2.976553207704254,4.185507841054571,
ENSMUSG00000038319-C,5.096349387777901,4.659334832483568,4.490179171972527,4.261414146434217,4.6585984674631975,,,3.938267275349735,5.335365122902092,4.632239671461196,5.071994824958921,5.490056390463297,
ENSMUSG00000038332-C,5.898391709724044,5.750129984284146,5.898215362087249,6.250536984553753,5.390024669483061,,,5.842071024845519,6.062020652360904,5.696116434163937,6.158419851066543,5.293229488386045,
ENSMUSG00000038365-C,6.492354210212635,6.191704601326645,5.956940601503779,6.521871209301642,6.318940702424032,,,6.426658913196865,6.211862770984304,6.301757790935005,5.691363231037735,6.084729598130219,
ENSMUSG00000038437-C,7.976375439451405,7.98285821721922,7.914938758327008,7.807283908948283,7.981076477947603,,,7.669082665106966,7.930711570994109,7.926724598827419,8.024483365630795,7.655451151913273,
ENSMUSG00000038451-C,3.244760474119069,3.0246987074308613,2.1055702394493165,1.7755955644782335,0.0,,,2.2694164769105942,2.1292630581191667,1.6615634406534388,0.0,4.185507841054571,
ENSMUSG00000038608-C,4.8710498562457705,4.48635483653251,4.260795788795305,4.167241691823022,5.53858320263567,,,3.1114590032192178,4.159846911604113,4.567893025958041,4.596323382227103,5.66322556211814,
ENSMUSG00000038690-C,9.15969644133646,9.326440214105515,9.202257889935952,9.112764890106597,9.09080412382995,,,9.330761187725296,9.304040231452232,9.426139735932516,9.435457363799634,9.198584447587312,
ENSMUSG00000038773-C,4.2222584895398185,3.9332209460107537,3.3341556752144523,4.657521795542996,4.969056867187248,,,2.7510183104581927,3.055259675414585,3.0997279733373246,3.881867051445987,2.7509977021377465,
ENSMUSG00000038774-C,5.066238975806739,5.279178948907182,5.344975441493621,5.592874608040147,4.6585984674631975,,,3.746222763186613,4.94541880345907,4.013028251677092,4.184088675445754,0.0,
ENSMUSG00000038777-C,3.8505343897065623,3.8641823602813914,4.1972608184946045,4.167241691823022,3.537586637374066,,,4.1855307145708,3.7414430482125782,4.106594402699193,4.8749452627292715,5.221164030902649,
ENSMUSG00000038888-C,3.621238133361342,4.062113346059046,3.447716039931815,4.586526700192765,0.0,,,4.460548930911179,3.965760067917714,3.2711816746923503,4.2506936775103235,3.399587007767687,
ENSMUSG00000039096-C,5.439484885172935,5.305457830624016,5.484580845433025,4.967971598174785,5.336899529548905,,,4.794362111747247,4.864161160386767,5.468317271893518,5.6425894856248595,4.329560199344903,
ENSMUSG00000039130-C,5.291170960506565,5.69155589194651,5.344975441493621,5.763503211525868,5.873070944976806,,,6.394254465449894,5.961424237004171,6.635804080439103,5.691363231037735,5.76810582424707,
ENSMUSG00000039308-C,3.621238133361342,3.7916732345197177,3.651094645758103,3.958170733316668,4.56929212029854,,,3.3996089179664075,4.330892291115861,4.632239671461196,4.2506936775103235,1.54132073842726,
ENSMUSG00000039313-C,2.733957072035301,2.584167946796685,2.9273952328051136,3.048127979598824,2.8205248563310685,,,3.5246307075254704,3.475709884007802,2.0858962887955266,3.795267103403054,3.8454156461999536,
ENSMUSG00000039377-C,1.270944323129923,1.6514266395573065,0.8686232207515774,1.145283945259697,1.3311596570548716,,,2.5302208690762416,1.7004218063870564,1.0578286184819063,0.0,0.0,
ENSMUSG00000039452-C,0.0,0.0,1.4069932691538003,0.0,1.3311596570548716,,,0.0,0.0,0.0,0.0,0.0,
ENSMUSG00000039477-C,6.07510795829147,6.615867568309883,6.534140571463471,6.64926366888075,6.951866547324523,,,5.607804056031114,6.2760988665122674,5.866294320846714,6.550884687296223,6.163750497874961,
ENSMUSG00000039545-C,0.0,1.2795471030274967,0.0,1.145283945259697,0.0,,,1.9508269527020643,1.0874491440466718,0.0,0.0,0.0,
ENSMUSG00000039585-C,8.07417890450576,8.081199043792108,8.30606751199496,7.875878605112444,7.428891637206767,,,7.599724563456278,8.027189111731984,8.043718509537706,8.103195937633462,8.304923414437836,
ENSMUSG00000039656-C,6.601358383468105,6.736664931658247,6.834799456237217,6.463631532663756,7.296025837450053,,,6.956943050848777,6.594298999085287,6.6821352060093115,6.640550315100077,7.1918610440331285,
ENSMUSG00000039704-C,7.138592060765175,7.398711529628299,7.439765995672876,7.533004812627482,7.07052088688009,,,7.114430653286817,7.032708853578557,6.770559346111732,7.990781238714153,6.989821956736835,
ENSMUSG00000039713-C,6.969946327661953,7.26450029470686,7.029777225537924,6.829169443432878,8.081385486803155,,,7.063821193980948,7.229393988039157,7.3025055217785555,7.265666714068381,7.402018948497241,
ENSMUSG00000039835-C,3.985367851416849,3.3617092928764207,4.4361611299794195,4.066490143806875,3.537586637374066,,,4.1855307145708,3.965760067917714,2.6800946312329175,3.499087042803504,4.025460034672541,
ENSMUSG00000039851-C,1.935983705110964,1.6514266395573065,2.1055702394493165,0.0,0.0,,,1.9508269527020643,1.7004218063870564,1.0578286184819063,0.0,0.0,
ENSMUSG00000040177-C,5.754748609691141,4.953273561611836,5.089022780191272,5.17572424140582,5.873070944976806,,,5.842071024845519,5.751518666722302,5.319930442125943,5.143849331184381,5.607780348647971,
ENSMUSG00000040209-C,6.536948957685287,6.636715985923314,6.266497988402164,6.9752787985194695,5.715499280408787,,,6.361105423335319,6.244338303789505,6.415827584566225,6.497028600236138,5.66322556211814,
ENSMUSG00000040351-C,5.0354867111495745,4.48635483653251,4.862018147026571,5.075584322680654,5.584887341409851,,,4.580608929613616,4.94541880345907,5.0166781822465,5.691363231037735,4.890404164193962,
ENSMUSG00000040389-C,6.558739841323424,6.605329279767793,6.845200243950434,6.813710493729268,6.569779657848172,,,6.084753445231857,6.534277288990134,7.031389742089573,6.713206296061094,7.2653681643848,
ENSMUSG00000040473-C,4.51756029553663,3.2578804018563177,4.490179171972527,4.167241691823022,4.56929212029854,,,3.746222763186613,3.546870800999621,4.277280327333589,0.8944330770159921,2.7509977021377465,
ENSMUSG00000040488-C,5.915381732138138,5.750129984284146,5.53684792275104,6.027475219951976,6.175011010380478,,,5.22118758575261,5.575513916779101,4.967642875688821,5.2122942173271465,5.427384399414453,
ENSMUSG00000040489-C,1.270944323129923,0.0,0.0,0.0,0.0,,,0.9674048923102424,0.6438468756903795,0.0,0.0,0.0,
ENSMUSG00000040520-C,4.724514111011546,4.813777272288485,5.017251336313171,4.167241691823022,4.474090557491965,,,4.6370888418991045,4.554564080044014,4.429891870503082,4.695297843271375,4.025460034672541,
ENSMUSG00000040532-C,4.724514111011546,5.049701334974736,5.123612505890491,4.910997310921447,5.715499280408787,,,5.490080055647806,4.622026997524587,5.396030787432728,6.012503114149743,5.865875556828897,
ENSMUSG00000040652-C,7.976375439451405,8.144436176622714,7.996519975496954,7.561050930483738,7.224703455670969,,,8.52294618233559,8.240765545087005,8.513984973163458,8.057416131357675,7.894305084856201,
ENSMUSG00000040661-C,4.603935629528872,4.39140932542033,4.542247431043634,5.399324394390804,5.715499280408787,,,3.639677013987396,4.483791060986713,4.355603108019191,4.5441676527518,4.185507841054571,
ENSMUSG00000040760-C,7.888764652173077,8.137138782896917,8.024246234347665,8.050901380634096,7.640984797120914,,,7.9058686499183715,7.998917179977938,7.874476760486345,7.706314936323796,8.068698607955408,
ENSMUSG00000040940-C,5.066238975806739,4.699522886302211,5.053583324520581,5.479886222800303,6.498998413771757,,,3.938267275349735,4.686475659348247,4.632239671461196,4.832086780670741,4.890404164193962,
ENSMUSG00000040957-C,4.971942910247874,5.651142147478838,5.430348783845333,5.479886222800303,4.56929212029854,,,5.065265859574233,4.997154418440803,4.809666377684556,5.143849331184381,4.185507841054571,
ENSMUSG00000041058-C,5.31697311520832,5.522629174160855,5.587287444961878,6.000419745303487,5.224393835258939,,,5.361889365568656,5.592431700887592,5.4326267231621825,5.761564928515125,4.025460034672541,
ENSMUSG00000041153-C,4.42568240917794,4.813777272288485,4.490179171972527,4.586526700192765,4.14376335637175,,,4.521827482917072,4.554564080044014,3.805452458367365,4.695297843271375,4.025460034672541,
ENSMUSG00000041229-C,5.735744309203091,5.305457830624016,5.898215362087249,5.075584322680654,5.390024669483061,,,4.794362111747247,5.335365122902092,5.110015400988178,5.340150858102525,4.794338780282,
ENSMUSG00000041361-C,1.270944323129923,1.6514266395573065,0.0,1.7755955644782335,3.335753380518202,,,1.541336626495835,0.0,0.0,0.0,2.7509977021377465,
ENSMUSG00000041548-C,5.125844193331764,5.60956359834747,5.089022780191272,4.586526700192765,5.037251114700205,,,5.459084337743453,5.974389128696892,5.696116434163937,5.691363231037735,4.329560199344903,
ENSMUSG00000041594-C,4.327552898761735,4.39140932542033,4.490179171972527,4.433109159406927,3.335753380518202,,,3.639677013987396,4.0167840134026545,3.2711816746923503,4.695297843271375,0.0,
ENSMUSG00000041596-C,0.0,0.0,0.8686232207515774,0.0,0.0,,,0.0,0.0,0.0,0.0,0.0,
ENSMUSG00000041605-C,1.270944323129923,2.401325369831886,1.4069932691538003,1.145283945259697,2.01153025227296,,,0.9674048923102424,1.426248509167121,1.0578286184819063,2.1491023054808034,0.0,
ENSMUSG00000041633-C,1.935983705110964,0.7772103564006736,1.7981578459377747,1.7755955644782335,0.0,,,1.9508269527020643,1.7004218063870564,0.0,2.976553207704254,0.0,
ENSMUSG00000041649-C,2.733957072035301,3.0246987074308613,2.1055702394493165,3.418887887081104,2.8205248563310685,,,1.541336626495835,1.930718251259833,1.0578286184819063,2.1491023054808034,4.185507841054571,
ENSMUSG00000041669-C,0.0,1.2795471030274967,2.5742268621828144,0.0,0.0,,,0.9674048923102424,0.0,0.0,0.0,0.0,
ENSMUSG00000041685-C,5.573962965488955,5.588316154296536,5.457719627963409,6.000419745303487,5.909914352375509,,,4.6914406784700216,5.16488177526458,4.013028251677092,5.892483089895763,5.3618657504251575,
ENSMUSG00000041805-C,0.0,0.0,0.0,0.0,0.0,,,0.0,0.0,0.0,0.8944330770159921,0.0,
ENSMUSG00000041841-C,10.628510678197191,11.01764455800503,10.827499227580004,10.474268424812784,10.676676604851613,,,11.07363756097276,10.851479199954758,10.941504787206853,11.208973444253289,10.933360457894334,
ENSMUSG00000042099-C,4.472352633016839,3.8641823602813914,3.447716039931815,4.066490143806875,2.4720055205074685,,,3.1114590032192178,3.9128651813226702,3.4244065628585965,3.499087042803504,4.329560199344903,
ENSMUSG00000042249-C,6.547885541090292,6.148807036467134,6.186956140580157,6.6836868327135885,7.020858979098482,,,5.579261339751742,6.062020652360904,6.415827584566225,6.242650078289913,6.274715184249747,
ENSMUSG00000042302-C,5.264898925835847,5.544858804492465,5.53684792275104,6.227388609856475,6.048543106369221,,,5.39502060500585,5.413602663406433,5.50314615290747,5.457593100936543,5.14530861675487,
ENSMUSG00000042396-C,4.724514111011546,5.110582387912509,5.053583324520581,4.433109159406927,5.53858320263567,,,4.521827482917072,4.891758702119145,4.916882105380915,3.881867051445987,5.3618657504251575,
ENSMUSG00000042408-C,3.5359235869883796,2.892259673652012,3.910793357631654,1.145283945259697,4.262476788602882,,,1.9508269527020643,3.9128651813226702,1.6615634406534388,1.838604035947166,0.0,
ENSMUSG00000042462-C,5.238139579400765,4.776688836150023,5.157392297166053,4.586526700192765,4.969056867187248,,,5.579261339751742,4.94541880345907,5.918833985525674,6.27501180612217,4.980470202450622,
ENSMUSG00000042496-C,4.56139428626074,4.813777272288485,4.260795788795305,5.399324394390804,5.1646701437537805,,,4.580608929613616,4.891758702119145,4.752914528653213,4.0408772621977525,3.8454156461999536,
ENSMUSG00000042508-C,5.792022289093289,5.500051653239064,5.457719627963409,5.856964288300919,5.873070944976806,,,5.520423825414303,5.751518666722302,5.396030787432728,5.457593100936543,3.399587007767687,
ENSMUSG00000042595-C,5.735744309203091,5.356621751401304,5.344975441493621,4.3498143231152575,4.262476788602882,,,4.396551664627574,5.252640238476889,4.500541884028289,4.7423500356631125,5.607780348647971,
ENSMUSG00000042670-C,4.762566855525598,5.140085823727222,4.3800415792698475,4.167241691823022,4.0143984739659455,,,4.1855307145708,5.209428192289655,4.752914528653213,3.96356176193868,5.817818749458453,
ENSMUSG00000042747-C,7.209182830337325,7.145894601751547,7.056877541589953,6.540773440401767,7.020858979098482,,,7.393871243046704,7.099322126478862,7.1678903290125575,6.971974514003777,7.928650212436342,
ENSMUSG00000043085-C,0.7711227158729893,0.0,0.8686232207515774,0.0,0.0,,,0.9674048923102424,0.0,1.0578286184819063,0.0,1.54132073842726,
ENSMUSG00000043257-C,1.641449874184738,2.401325369831886,2.358845731896266,2.212784030876461,2.01153025227296,,,2.5302208690762416,2.303760115630847,2.0858962887955266,2.6213546220940547,3.111437600054451,
ENSMUSG00000043298-C,2.389452305959414,2.401325369831886,2.1055702394493165,1.145283945259697,2.8205248563310685,,,1.541336626495835,2.4594104501768173,1.6615634406534388,0.0,3.639654752205806,
ENSMUSG00000043313-C,4.048335749184918,4.122483625321924,3.987916772059367,3.5737464719259227,4.14376335637175,,,3.1114590032192178,3.965760067917714,2.9051150409108515,3.499087042803504,2.2693972934160422,
ENSMUSG00000043372-C,3.132999700652309,3.7916732345197177,3.5529861977234516,3.713582110297556,1.3311596570548716,,,4.02548275212475,4.06606486249894,4.355603108019191,0.8944330770159921,2.2693972934160422,
ENSMUSG00000043467-C,4.42568240917794,3.999106096059519,4.4361611299794195,5.075584322680654,3.101018312374517,,,4.02548275212475,4.622026997524587,3.805452458367365,3.125967354164119,4.185507841054571,
ENSMUSG00000043510-C,2.733957072035301,2.746422465537691,2.9273952328051136,3.048127979598824,3.872280659764173,,,3.746222763186613,2.9541737762086013,1.0578286184819063,4.0408772621977525,0.0,
ENSMUSG00000043635-C,2.180461949771616,0.0,1.7981578459377747,1.7755955644782335,0.0,,,1.9508269527020643,0.0,0.0,0.0,0.0,
ENSMUSG00000043857-C,6.029019021862229,5.995837518786952,5.562288106031938,6.443683866229351,6.546569631791571,,,6.394254465449894,6.4346026541396455,5.892803311823157,6.771077249967113,6.084729598130219,
ENSMUSG00000043903-C,1.641449874184738,1.6514266395573065,2.358845731896266,1.145283945259697,1.3311596570548716,,,2.7510183104581927,1.7004218063870564,1.6615634406534388,0.8944330770159921,0.0,
ENSMUSG00000043948-C,2.180461949771616,1.2795471030274967,2.761591019909415,0.0,2.01153025227296,,,0.0,1.426248509167121,0.0,2.1491023054808034,0.0,
ENSMUSG00000044150-C,4.275866088799327,4.3414856993539885,3.74295406855436,4.851680180270497,4.56929212029854,,,2.2694164769105942,3.7414430482125782,2.9051150409108515,2.8098578703146537,2.7509977021377465,
ENSMUSG00000044162-C,0.0,0.0,0.0,0.0,0.0,,,0.0,0.0,0.0,1.4424172899414331,0.0,
ENSMUSG00000044201-C,0.7711227158729893,0.0,0.0,1.145283945259697,3.537586637374066,,,0.0,0.0,0.0,0.0,0.0,
ENSMUSG00000044216-C,9.10335638376172,9.099335102224488,9.19414384610341,8.990911407210612,8.911653635529103,,,9.60833115351448,9.11501782421648,9.514146366950976,9.250503380571653,9.799837712095508,
ENSMUSG00000044328-C,2.180461949771616,1.6514266395573065,2.761591019909415,0.0,2.8205248563310685,,,1.541336626495835,2.1292630581191667,2.413372980792649,3.499087042803504,0.0,
ENSMUSG00000044337-C,3.621238133361342,3.7916732345197177,4.641064336689453,3.713582110297556,1.3311596570548716,,,3.845438166100454,3.6146860835769976,4.194460135632236,3.703135021136939,3.639654752205806,
ENSMUSG00000044550-C,8.721550465209072,8.623191582352604,8.462877421173571,8.206969763552697,8.256094127820713,,,8.718844139958152,8.748795982152876,8.757011760661145,8.594835127781327,8.672282425567873,
ENSMUSG00000044791-C,6.868908539595556,7.131277574219494,7.029777225537924,7.319748472186693,7.149670901583565,,,6.8415090698073335,7.051183263392415,6.727024619920637,6.665177782270061,6.648920322035272,
ENSMUSG00000044816-C,1.935983705110964,2.584167946796685,2.9273952328051136,1.7755955644782335,0.0,,,1.541336626495835,2.4594104501768173,1.6615634406534388,0.8944330770159921,0.0,
ENSMUSG00000044927-C,5.9321739967427956,5.979609225963587,6.085328737857546,6.273319796066434,5.909914352375509,,,6.182871356711661,5.642026338427264,6.19928608019377,5.340150858102525,6.534640640614436,
ENSMUSG00000045005-C,1.935983705110964,2.584167946796685,0.0,1.145283945259697,2.8205248563310685,,,0.0,1.426248509167121,0.0,2.976553207704254,3.111437600054451,
ENSMUSG00000045007-C,6.75082354093359,7.063603924098773,6.8137701949377085,6.6317391003942445,6.081214516088182,,,7.229106755949058,6.775584644301358,7.189435648232557,6.713206296061094,7.0740620883522665,
ENSMUSG00000045036-C,3.132999700652309,3.0246987074308613,3.447716039931815,2.547841273150182,1.3311596570548716,,,2.7510183104581927,0.6438468756903795,2.6800946312329175,2.1491023054808034,3.111437600054451,
ENSMUSG00000045210-C,6.760258180980262,6.784157246689743,6.534140571463471,6.7980841004864825,5.67326231975404,,,6.344240830097475,6.804912030841753,6.111722862911141,6.537607970686954,4.46052582652635,
ENSMUSG00000045790-C,6.090149449220046,6.177546666935104,5.956940601503779,5.763503211525868,5.336899529548905,,,5.663249288214105,5.625683494466205,5.839289104729767,6.158419851066543,6.201694986055745,
ENSMUSG00000045980-C,5.004064632401693,4.531582777984604,4.3800415792698475,4.167241691823022,4.474090557491965,,,5.22118758575261,4.864161160386767,5.110015400988178,4.832086780670741,5.14530861675487,
ENSMUSG00000046058-C,7.249936714727065,7.0166576626587345,7.439765995672876,6.961316019258113,6.9694264269235235,,,7.669082665106966,7.599422242331841,7.360637984084064,7.112915727830255,7.847201485864819,
ENSMUSG00000046139-C,5.004064632401693,5.453808154536049,5.587287444961878,4.967971598174785,4.56929212029854,,,4.32958319926474,4.8360253882851625,4.632239671461196,5.108369377774447,3.639654752205806,
ENSMUSG00000046157-C,5.291170960506565,4.659334832483568,5.222667844184494,5.357291163034704,6.015114639287953,,,5.361889365568656,4.918838219969747,5.4326267231621825,5.539797847017251,5.817818749458453,
ENSMUSG00000046230-C,6.8513589147421206,6.6674343692098645,6.95491767024183,6.859599102275098,6.879408331718338,,,6.377775151174897,6.667972917502298,6.521535331462052,6.087305481548653,6.238667014056643,
ENSMUSG00000046719-C,4.685430427923396,5.305457830624016,4.3800415792698475,3.8410535456100336,5.281743096138518,,,5.768129583832366,4.971518505977801,6.134116928807066,5.370419795672076,6.0011283885167845,
ENSMUSG00000046916-C,0.0,1.2795471030274967,1.7981578459377747,0.0,2.4720055205074685,,,1.9508269527020643,0.0,0.0,0.0,0.0,
ENSMUSG00000046991-C,3.4452450558239938,2.892259673652012,2.5742268621828144,3.418887887081104,0.0,,,2.5302208690762416,1.7004218063870564,2.0858962887955266,0.8944330770159921,3.639654752205806,
ENSMUSG00000047022-C,2.733957072035301,1.6514266395573065,2.761591019909415,0.0,1.3311596570548716,,,1.541336626495835,2.303760115630847,2.413372980792649,2.976553207704254,0.0,
ENSMUSG00000047139-C,1.935983705110964,1.2795471030274967,0.8686232207515774,2.212784030876461,2.01153025227296,,,0.9674048923102424,0.6438468756903795,0.0,2.6213546220940547,0.0,
ENSMUSG00000047146-C,3.701788008824327,4.439662999975433,3.74295406855436,4.725186468458616,3.872280659764173,,,4.02548275212475,3.7414430482125782,3.6892717228661702,2.976553207704254,4.329560199344903,
ENSMUSG00000047260-C,7.614863450315585,7.655220662602489,7.650136523942308,7.157770355655065,7.224703455670969,,,7.900110455712265,7.648781206041793,7.644220003712265,7.926022882382515,7.57099586992891,
ENSMUSG00000047412-C,6.480986760703034,6.6263294369063175,6.3271174863895006,6.317833674692359,6.048543106369221,,,5.935110196826683,5.948341777972939,6.487152874952511,6.140967184128511,6.621187808483981,
ENSMUSG00000047419-C,3.4452450558239938,1.6514266395573065,3.651094645758103,3.713582110297556,3.537586637374066,,,4.32958319926474,3.1497241621459846,4.106594402699193,2.404466208288875,0.0,
ENSMUSG00000047454-C,6.148794585676612,6.830135852123289,6.3852922388537126,6.463631532663756,6.204968622015712,,,6.327176761654603,6.307175263264584,6.156168692006873,5.178477634731233,5.490056390463297,
ENSMUSG00000047591-C,1.270944323129923,3.2578804018563177,2.1055702394493165,2.212784030876461,0.0,,,2.5302208690762416,3.6146860835769976,2.9051150409108515,3.96356176193868,3.399587007767687,
ENSMUSG00000047694-C,5.530514978929898,4.885210773049062,4.862018147026571,5.518540621611381,4.8221626768812405,,,4.980493639492919,5.142081917379484,5.537153993323651,5.738541844008359,3.8454156461999536,
ENSMUSG00000047789-C,5.948773054280709,5.522629174160855,5.87809678872042,5.440167569237691,6.11316240072379,,,4.980493639492919,5.796014201877564,5.50314615290747,5.871471874848993,5.427384399414453,
ENSMUSG00000047909-C,4.108669900741658,3.8641823602813914,4.542247431043634,4.167241691823022,4.474090557491965,,,3.746222763186613,4.247903002566216,3.912970404851044,4.0408772621977525,3.111437600054451,
ENSMUSG00000048154-C,6.673039368685811,6.437255266636636,6.5846731969148085,6.596038118465647,7.267918567608959,,,5.768129583832366,6.317387065584131,6.301757790935005,5.871471874848993,6.377751238525248,
ENSMUSG00000048280-C,5.754748609691141,5.842759860813478,5.484580845433025,4.967971598174785,5.6297514215943645,,,5.065265859574233,5.674166902230191,5.634616922337999,5.400066694388338,5.490056390463297,
ENSMUSG00000048537-C,6.0133229373058175,5.979609225963587,5.956940601503779,5.628652996397655,7.337185924588376,,,5.327979353604507,5.674166902230191,5.811768730702275,6.192704287541137,6.5929117350056785,
ENSMUSG00000048655-C,0.7711227158729893,0.0,0.8686232207515774,0.0,0.0,,,0.0,0.6438468756903795,0.0,0.0,0.0,
ENSMUSG00000048921-C,3.7780773780277177,2.746422465537691,1.7981578459377747,2.819562531975392,1.3311596570548716,,,4.1855307145708,3.321904809563751,1.6615634406534388,0.8944330770159921,4.025460034672541,
ENSMUSG00000049122-C,3.244760474119069,2.746422465537691,3.651094645758103,3.713582110297556,3.537586637374066,,,1.541336626495835,2.727898487286808,3.912970404851044,3.6047154770664913,0.0,
ENSMUSG00000049124-C,1.270944323129923,1.9468263315634875,2.1055702394493165,2.547841273150182,0.0,,,1.541336626495835,2.4594104501768173,2.6800946312329175,0.8944330770159921,3.399587007767687,
ENSMUSG00000049230-C,1.935983705110964,1.9468263315634875,0.8686232207515774,1.7755955644782335,0.0,,,1.9508269527020643,1.7004218063870564,1.0578286184819063,2.404466208288875,0.0,
ENSMUSG00000049553-C,5.096349387777901,4.617995133648742,4.733544525276869,4.967971598174785,6.015114639287953,,,4.794362111747247,3.965760067917714,5.396030787432728,5.993180406336221,4.185507841054571,
ENSMUSG00000049600-C,4.685430427923396,4.986137502541371,4.260795788795305,5.2233027581692975,5.53858320263567,,,5.105854363727924,4.891758702119145,4.916882105380915,5.457593100936543,5.427384399414453,
ENSMUSG00000049929-C,1.935983705110964,2.746422465537691,2.1055702394493165,2.212784030876461,0.0,,,1.541336626495835,2.845467778033953,2.0858962887955266,2.6213546220940547,3.111437600054451,
ENSMUSG00000050164-C,4.8710498562457705,4.575435833627302,4.4361611299794195,4.967971598174785,5.1646701437537805,,,5.520423825414303,5.16488177526458,5.0166781822465,4.114259253231501,5.3618657504251575,
ENSMUSG00000050174-C,3.621238133361342,2.892259673652012,3.447716039931815,3.048127979598824,2.4720055205074685,,,2.2694164769105942,2.845467778033953,2.6800946312329175,3.3851096075210654,4.185507841054571,
ENSMUSG00000050213-C,4.275866088799327,4.236136261201466,4.260795788795305,4.433109159406927,4.14376335637175,,,4.02548275212475,4.330892291115861,3.2711816746923503,4.2506936775103235,4.185507841054571,
ENSMUSG00000050315-C,1.935983705110964,0.0,1.4069932691538003,0.0,2.4720055205074685,,,1.9508269527020643,2.4594104501768173,3.0997279733373246,2.6213546220940547,0.0,
ENSMUSG00000050334-C,6.547885541090292,5.824703575956722,6.715150234545891,6.540773440401767,7.403279389168395,,,5.5501425085122,6.4532450566733575,6.177888459640164,5.892483089895763,5.490056390463297,
ENSMUSG00000050423-C,4.166581811472687,4.738621725110365,4.130798409601337,3.958170733316668,3.71461776200454,,,4.32958319926474,4.4470585397514295,4.277280327333589,4.596323382227103,4.980470202450622,
ENSMUSG00000050503-C,0.7711227158729893,0.0,0.8686232207515774,0.0,0.0,,,0.0,0.0,0.0,0.0,0.0,
ENSMUSG00000050538-C,6.536948957685287,6.163248415049496,6.5722050057527435,6.71730775348062,6.39887466624681,,,5.912406842639173,6.296890663340551,6.19928608019377,6.397653921756251,6.274715184249747,
ENSMUSG00000050619-C,3.0118486721666375,3.0246987074308613,2.5742268621828144,0.0,1.3311596570548716,,,3.3996089179664075,2.9541737762086013,3.2711816746923503,2.1491023054808034,0.0,
ENSMUSG00000051029-C,0.7711227158729893,0.7772103564006736,0.8686232207515774,1.145283945259697,0.0,,,0.0,0.6438468756903795,0.0,0.0,0.0,
ENSMUSG00000051124-C,0.7711227158729893,1.6514266395573065,0.0,0.0,0.0,,,0.9674048923102424,0.6438468756903795,1.6615634406534388,0.0,1.54132073842726,
ENSMUSG00000051278-C,2.8795834812224355,3.2578804018563177,3.651094645758103,2.547841273150182,3.537586637374066,,,1.541336626495835,3.321904809563751,1.6615634406534388,0.8944330770159921,0.0,
ENSMUSG00000051285-C,7.101957704491351,7.0166576626587345,7.473679686637687,7.394391787020838,6.841767209126835,,,7.172907818184244,6.833655102880086,6.555117419205378,6.510682272290074,6.344216924292553,
ENSMUSG00000051346-C,2.5719634942468153,3.3617092928764207,1.7981578459377747,3.245385555138888,2.01153025227296,,,3.5246307075254704,3.238381608210145,3.0997279733373246,4.787916007570551,2.2693972934160422,
ENSMUSG00000051730-C,4.799641654254227,4.531582777984604,4.3800415792698475,3.8410535456100336,3.537586637374066,,,3.938267275349735,4.588689838211657,3.805452458367365,4.314358941849066,5.817818749458453,
ENSMUSG00000051790-C,7.943624142386329,8.081199043792108,7.764147928906442,7.735264274010425,7.441529244076454,,,8.269655537672516,8.240765545087005,8.407701612520075,7.842110735667543,7.599700484524412,
ENSMUSG00000052302-C,7.056732050509478,6.8391583123595545,7.177020869705128,6.813710493729268,6.7225662644091155,,,7.369074498388717,7.032708853578557,7.01940958304144,6.6773356383548546,6.534640640614436,
ENSMUSG00000052353-C,4.327552898761735,2.1919001964604257,3.74295406855436,5.269362152802617,3.71461776200454,,,3.639677013987396,4.159846911604113,4.429891870503082,4.433834282634663,3.639654752205806,
ENSMUSG00000052917-C,5.696967789097287,6.191704601326645,5.816000886225711,6.105724368234886,6.546569631791571,,,5.742615612720075,5.413602663406433,4.429891870503082,5.973595382920131,6.274715184249747,
ENSMUSG00000052957-C,3.4452450558239938,3.7153260891446704,3.651094645758103,3.958170733316668,3.71461776200454,,,2.7510183104581927,3.546870800999621,4.013028251677092,5.178477634731233,3.399587007767687,
ENSMUSG00000053062-C,4.108669900741658,4.738621725110365,4.688045329191448,4.586526700192765,2.8205248563310685,,,4.743818998588079,4.654611183132021,4.194460135632236,4.375333037779137,4.46052582652635,
ENSMUSG00000053178-C,1.641449874184738,2.746422465537691,1.4069932691538003,0.0,2.4720055205074685,,,2.2694164769105942,2.303760115630847,0.0,2.976553207704254,0.0,
ENSMUSG00000053477-C,10.770665594495322,10.935895198419152,10.980995854819843,10.673684251496857,10.58139724642079,,,10.337118156005582,10.770173440601663,10.39178993272676,10.601634986995853,10.12020427421912,
ENSMUSG00000053545-C,0.7711227158729893,0.0,0.8686232207515774,1.145283945259697,2.01153025227296,,,1.541336626495835,0.0,0.0,0.0,0.0,
ENSMUSG00000053693-C,6.059907991560266,5.946594518406529,5.510951067686481,6.227388609856475,6.081214516088182,,,6.292430924220512,5.824933324335138,6.177888459640164,6.1756639095137995,6.084729598130219,
ENSMUSG00000053861-C,0.7711227158729893,0.0,0.8686232207515774,0.0,0.0,,,0.0,0.0,0.0,0.0,0.0,
ENSMUSG00000053870-C,3.7780773780277177,3.2578804018563177,3.651094645758103,2.212784030876461,1.3311596570548716,,,2.5302208690762416,3.321904809563751,3.6892717228661702,1.838604035947166,0.0,
ENSMUSG00000053877-C,2.733957072035301,1.2795471030274967,2.9273952328051136,3.245385555138888,3.872280659764173,,,0.9674048923102424,2.4594104501768173,1.6615634406534388,0.8944330770159921,0.0,
ENSMUSG00000054226-C,6.558739841323424,6.636715985923314,6.266497988402164,6.36101510210831,6.346080434980437,,,6.702859519966016,6.651922995399596,6.826634555589711,6.441083832134746,6.442568297297509,
ENSMUSG00000054237-C,5.004064632401693,5.197342089539107,5.315356823998245,5.075584322680654,5.584887341409851,,,5.145332136575571,4.654611183132021,4.013028251677092,4.596323382227103,3.639654752205806,
ENSMUSG00000054405-C,7.630381164429064,8.007078561748253,7.753143788791696,8.164945118026383,7.981076477947603,,,8.43806790506914,7.680773288061617,8.055499313112126,8.147567620769397,8.09917419339932,
ENSMUSG00000054435-C,0.7711227158729893,1.2795471030274967,1.7981578459377747,0.0,0.0,,,0.0,0.0,0.0,0.0,0.0,
ENSMUSG00000054452-C,9.327755610764642,9.6291847745155,9.546183149939264,9.122208187181222,8.793395623325754,,,9.757498012951736,9.633196463776104,9.82582528442219,9.153749814855027,9.315676242554304,
ENSMUSG00000054648-C,5.066238975806739,5.500051653239064,5.510951067686481,4.910997310921447,5.756534784618656,,,4.936163324154059,5.674166902230191,4.752914528653213,4.787916007570551,4.46052582652635,
ENSMUSG00000054693-C,5.915381732138138,6.104594749209463,6.137037118445855,6.50271802905643,4.969056867187248,,,6.220323311434717,5.961424237004171,5.696116434163937,5.108369377774447,5.490056390463297,
ENSMUSG00000054717-C,3.5359235869883796,2.746422465537691,2.5742268621828144,3.418887887081104,2.4720055205074685,,,3.5246307075254704,1.7004218063870564,3.0997279733373246,3.2613491874603957,3.399587007767687,
ENSMUSG00000054723-C,3.8505343897065623,4.289772378807899,3.651094645758103,4.167241691823022,4.14376335637175,,,3.2627160682075655,4.159846911604113,3.6892717228661702,3.703135021136939,1.54132073842726,
ENSMUSG00000055024-C,6.272630049539373,6.573244522093157,6.597034556940341,6.596038118465647,6.263079835797097,,,6.144421188971585,5.766503511269792,5.969527317729566,6.7366339719435615,5.607780348647971,
ENSMUSG00000055093-C,2.180461949771616,1.6514266395573065,1.4069932691538003,0.0,0.0,,,1.9508269527020643,0.6438468756903795,0.0,2.8098578703146537,0.0,
ENSMUSG00000055302-C,8.946901466597025,8.913220001861692,8.871814328149481,8.09632898770073,8.385994549553757,,,8.962091551552074,9.024421301119451,8.958681198952762,8.696897337618347,9.034817379899476,
ENSMUSG00000055435-C,7.918563325499674,7.990976929041616,8.100028249924147,7.875878605112444,8.37944158770872,,,7.939943370344451,8.219142734678769,8.019864314168656,8.005321516613439,7.655451151913273,
ENSMUSG00000055538-C,6.1050357348342335,6.326129761354973,6.521225929001443,6.71730775348062,5.873070944976806,,,6.394254465449894,6.543006225106918,6.2411521397486895,6.27501180612217,6.201694986055745,
ENSMUSG00000055560-C,3.348482516944733,3.4585648108342464,3.910793357631654,2.547841273150182,2.8205248563310685,,,2.7510183104581927,2.845467778033953,3.912970404851044,2.404466208288875,3.399587007767687,
ENSMUSG00000055707-C,6.24601504507742,5.522629174160855,5.636022909541209,6.080110004778202,6.318940702424032,,,6.163774363983888,6.317387065584131,6.451930965577454,6.242650078289913,6.754808274756896,
ENSMUSG00000056211-C,9.013507114565686,9.179667728732277,9.214344026047874,9.236761927241403,9.700083346034242,,,8.163099886573915,9.27420670597008,8.600964453361382,8.666724704436303,8.545229516095233,
ENSMUSG00000056418-C,0.0,0.0,0.0,0.0,0.0,,,0.9674048923102424,0.0,0.0,0.0,0.0,
ENSMUSG00000056476-C,5.096349387777901,5.381538985252328,5.794693770246104,5.826478412703628,5.67326231975404,,,3.845438166100454,4.891758702119145,3.912970404851044,4.5441676527518,5.66322556211814,
ENSMUSG00000056536-C,2.5719634942468153,3.0246987074308613,3.829313084763042,2.212784030876461,1.3311596570548716,,,2.9424659951760495,3.475709884007802,2.0858962887955266,2.1491023054808034,4.46052582652635,
ENSMUSG00000056602-C,7.302543997282529,6.540429955434854,7.029777225537924,7.751582206134868,7.363987740781419,,,6.30990844266309,6.988659017890288,6.7847838018387865,6.602802456919165,7.114406624250341,
ENSMUSG00000056895-C,5.915381732138138,5.500051653239064,6.013368620438539,5.357291163034704,6.081214516088182,,,6.394254465449894,6.086110733255196,6.018499690573243,6.031570440335762,6.473916524676316,
ENSMUSG00000057440-C,2.8795834812224355,2.584167946796685,3.447716039931815,3.418887887081104,1.3311596570548716,,,2.5302208690762416,2.4594104501768173,2.0858962887955266,3.499087042803504,4.025460034672541,
ENSMUSG00000057778-C,5.485717781587256,4.738621725110365,5.510951067686481,4.261414146434217,4.56929212029854,,,5.065265859574233,5.252640238476889,5.0166781822465,5.539797847017251,5.3618657504251575,
ENSMUSG00000058183-C,1.641449874184738,2.584167946796685,2.1055702394493165,1.145283945259697,1.3311596570548716,,,1.541336626495835,2.845467778033953,0.0,0.0,0.0,
ENSMUSG00000058258-C,1.641449874184738,1.2795471030274967,2.358845731896266,1.145283945259697,0.0,,,1.541336626495835,1.930718251259833,1.0578286184819063,0.0,0.0,
ENSMUSG00000058392-C,4.724514111011546,4.575435833627302,4.820451948123481,4.3498143231152575,5.67326231975404,,,4.259354157918123,4.654611183132021,4.355603108019191,4.0408772621977525,4.980470202450622,
ENSMUSG00000058603-C,0.0,0.7772103564006736,0.0,0.0,0.0,,,0.9674048923102424,0.0,0.0,2.404466208288875,0.0,
ENSMUSG00000058672-C,9.697915036122826,9.51136498776309,9.348340044744893,9.14400509875467,9.045991217505836,,,10.11898960930506,9.66052722750116,10.00813148123681,9.530671979363303,9.736624046807313,
ENSMUSG00000058799-C,8.516924551733755,8.834196677953482,8.820026027168643,8.694381362449077,8.505158761017286,,,8.631186405274695,8.544455719000307,8.479419925514815,8.620248526774619,8.461692016041182,
ENSMUSG00000058806-C,3.0118486721666375,1.2795471030274967,2.1055702394493165,1.145283945259697,1.3311596570548716,,,2.9424659951760495,1.930718251259833,1.6615634406534388,0.8944330770159921,3.111437600054451,
ENSMUSG00000058897-C,5.391721209019561,5.018269461033357,5.017251336313171,5.972847175055832,4.6585984674631975,,,5.065265859574233,5.355325855827916,4.916882105380915,4.916567184229785,5.427384399414453,
ENSMUSG00000059325-C,4.939089677289372,4.776688836150023,4.688045329191448,4.261414146434217,4.897478547837925,,,4.794362111747247,5.07143725940383,3.805452458367365,5.539797847017251,5.550118821367999,
ENSMUSG00000059456-C,9.292425758948529,9.04383269490639,9.06439239258433,8.698595765202054,8.366245688365334,,,9.29171115788445,9.410425516919338,9.049843608033102,9.03594374529085,9.193885469115765,
ENSMUSG00000059482-C,5.696967789097287,5.453808154536049,6.049797294556,5.856964288300919,4.969056867187248,,,5.39502060500585,5.187326910656038,5.06410148311701,5.691363231037735,5.3618657504251575,
ENSMUSG00000059669-C,4.327552898761735,5.2524124990211,4.3800415792698475,4.657521795542996,4.742697324315992,,,3.5246307075254704,4.94541880345907,3.562908967782425,4.314358941849066,3.399587007767687,
ENSMUSG00000059742-C,7.831736349116313,7.710349267721902,8.010449710613205,8.109049837831254,7.350649070978613,,,7.457984916313427,8.067072409616333,7.564015946990543,7.627047582268312,7.114406624250341,
ENSMUSG00000059791-C,2.180461949771616,2.401325369831886,2.761591019909415,2.819562531975392,1.3311596570548716,,,2.2694164769105942,2.303760115630847,1.6615634406534388,2.1491023054808034,1.54132073842726,
ENSMUSG00000059975-C,4.327552898761735,4.439662999975433,4.3800415792698475,4.167241691823022,3.872280659764173,,,3.5246307075254704,3.8008758836611687,3.805452458367365,4.7423500356631125,0.0,
ENSMUSG00000060257-C,3.701788008824327,3.999106096059519,3.2108868858509947,4.066490143806875,4.0143984739659455,,,4.580608929613616,4.113717787903322,4.194460135632236,4.114259253231501,3.639654752205806,
ENSMUSG00000060279-C,6.8156059353473655,7.0166576626587345,7.047900547198163,6.829169443432878,6.986775142647654,,,6.923272180705386,6.715078382892544,6.727024619920637,7.182808658929244,7.962196688115544,
ENSMUSG00000060445-C,2.733957072035301,1.2795471030274967,3.2108868858509947,0.0,0.0,,,0.0,1.930718251259833,1.6615634406534388,2.1491023054808034,0.0,
ENSMUSG00000060487-C,6.090149449220046,6.043455054057982,5.7061717294851775,5.440167569237691,6.081214516088182,,,5.39502060500585,5.894792325540484,5.50314615290747,5.108369377774447,4.185507841054571,
ENSMUSG00000060548-C,6.558739841323424,6.717221429241322,6.692288077646638,6.918598083863861,6.39887466624681,,,6.201718860928222,6.49882362001198,6.177888459640164,6.290924459061403,6.504598049510028,
ENSMUSG00000060743-C,4.377451817190107,4.617995133648742,4.4361611299794195,4.167241691823022,4.372160124747886,,,3.746222763186613,4.622026997524587,3.2711816746923503,4.433834282634663,4.185507841054571,
ENSMUSG00000060904-C,6.769631522957556,6.472473065247122,6.875960142641106,6.317833674692359,6.291280617436536,,,7.032580810243728,6.975822300945669,6.770559346111732,6.455274718805405,6.238667014056643,
ENSMUSG00000061244-C,7.222895771944742,7.1531479520084,7.18523151565143,6.859599102275098,7.149670901583565,,,7.043069616353553,7.007702443078922,7.066744639637503,6.921758816297646,7.114406624250341,
ENSMUSG00000062352-C,4.939089677289372,4.986137502541371,4.941721610926573,5.357291163034704,4.897478547837925,,,5.145332136575571,5.432516626864754,5.537153993323651,5.429116606577476,3.399587007767687,
ENSMUSG00000062743-C,0.0,0.7772103564006736,0.8686232207515774,0.0,0.0,,,0.0,0.0,0.0,0.0,0.0,
ENSMUSG00000063052-C,5.415800703609885,4.738621725110365,5.254230483171927,4.725186468458616,5.1646701437537805,,,5.065265859574233,5.252640238476889,5.537153993323651,4.184088675445754,5.221164030902649,
ENSMUSG00000063109-C,0.0,1.2795471030274967,1.4069932691538003,0.0,0.0,,,2.9424659951760495,1.0874491440466718,0.0,1.838604035947166,1.54132073842726,
ENSMUSG00000063142-C,9.505167420530256,9.667679423568291,9.605509592001642,9.545984398767787,9.422598554434158,,,9.32001955533782,9.445765000543409,9.300593259586917,9.35826632783992,8.98128360098503,
ENSMUSG00000063439-C,4.472352633016839,5.197342089539107,4.1972608184946045,5.17572424140582,5.1646701437537805,,,5.579261339751742,4.654611183132021,5.570378612998358,5.143849331184381,6.084729598130219,
ENSMUSG00000063661-C,1.270944323129923,1.9468263315634875,0.0,0.0,0.0,,,0.0,1.7004218063870564,0.0,1.838604035947166,0.0,
ENSMUSG00000063663-C,4.42568240917794,4.617995133648742,4.777652546707246,4.3498143231152575,4.372160124747886,,,4.1855307145708,4.588689838211657,4.429891870503082,3.3851096075210654,5.427384399414453,
ENSMUSG00000063696-C,0.0,0.0,0.0,0.0,0.0,,,0.0,0.0,0.0,1.4424172899414331,3.111437600054451,
ENSMUSG00000063931-C,5.125844193331764,4.617995133648742,4.688045329191448,3.5737464719259227,2.4720055205074685,,,5.145332136575571,4.654611183132021,5.154513060432989,5.178477634731233,6.0011283885167845,
ENSMUSG00000064032-C,0.0,0.0,0.0,0.0,0.0,,,0.0,0.0,0.0,0.0,0.0,
ENSMUSG00000064138-C,5.754748609691141,6.043455054057982,6.250936592430239,5.94473735753981,5.796435298415117,,,5.635793012592533,5.839178367419167,5.783713161357435,5.761564928515125,5.9123830407876135,
ENSMUSG00000064442-C,1.270944323129923,0.7772103564006736,0.8686232207515774,0.0,0.0,,,0.0,0.6438468756903795,1.6615634406534388,0.0,0.0,
ENSMUSG00000066042-C,3.348482516944733,3.7153260891446704,2.5742268621828144,1.7755955644782335,2.01153025227296,,,3.639677013987396,3.4008560131744745,3.0997279733373246,2.8098578703146537,3.111437600054451,
ENSMUSG00000066057-C,6.731767122540405,5.878208293690751,6.4412118153065405,6.559431213382492,5.980893196037899,,,6.57858707249385,5.999974531658031,5.918833985525674,5.667182462609641,4.980470202450622,
ENSMUSG00000066441-C,4.377451817190107,5.522629174160855,5.315356823998245,5.663565521683355,4.969056867187248,,,4.794362111747247,5.273770395373888,5.239591269248,4.490055460042319,5.065242378780794,
ENSMUSG00000067028-C,0.7711227158729893,0.0,0.8686232207515774,3.418887887081104,0.0,,,0.0,2.5998912372602767,2.0858962887955266,0.8944330770159921,2.7509977021377465,
ENSMUSG00000067297-C,1.270944323129923,2.584167946796685,1.4069932691538003,0.0,0.0,,,1.541336626495835,1.7004218063870564,1.6615634406534388,0.0,0.0,
ENSMUSG00000067719-C,0.0,0.0,0.0,1.145283945259697,0.0,,,0.0,0.6438468756903795,0.0,0.0,0.0,
ENSMUSG00000067869-C,0.0,0.0,0.8686232207515774,1.7755955644782335,0.0,,,0.0,0.0,0.0,0.0,0.0,
ENSMUSG00000067924-C,8.68733949657041,8.636191243513895,8.573355605474031,8.46127485263321,8.626339020354585,,,9.071167254581736,8.741230484946527,8.796157454730364,8.980602691631653,9.096541220356864,
ENSMUSG00000068114-C,3.5359235869883796,3.7916732345197177,3.3341556752144523,2.212784030876461,4.6585984674631975,,,3.5246307075254704,3.8008758836611687,4.013028251677092,4.114259253231501,4.580585737446978,
ENSMUSG00000068196-C,2.733957072035301,4.39140932542033,2.5742268621828144,2.212784030876461,4.14376335637175,,,2.2694164769105942,3.679456246242417,3.912970404851044,3.795267103403054,0.0,
ENSMUSG00000068263-C,3.132999700652309,3.7153260891446704,3.447716039931815,2.547841273150182,0.0,,,2.5302208690762416,3.4008560131744745,3.2711816746923503,0.8944330770159921,2.2693972934160422,
ENSMUSG00000068457-C,4.971942910247874,5.049701334974736,4.3800415792698475,4.167241691823022,4.14376335637175,,,3.2627160682075655,3.965760067917714,4.429891870503082,4.2506936775103235,4.580585737446978,
ENSMUSG00000068522-C,2.180461949771616,1.6514266395573065,3.3341556752144523,0.0,0.0,,,1.541336626495835,1.930718251259833,2.0858962887955266,0.0,2.2693972934160422,
ENSMUSG00000068699-C,1.270944323129923,0.0,1.4069932691538003,0.0,0.0,,,0.9674048923102424,0.0,1.6615634406534388,0.0,0.0,
ENSMUSG00000068742-C,6.945342488963242,6.968132206390314,7.143702868800259,7.016374184107763,7.428891637206767,,,7.247363558018637,6.995034797252503,7.123809702316193,7.182808658929244,7.541708519283239,
ENSMUSG00000068921-C,7.0100426519055095,6.892139303859188,6.62144399842578,6.443683866229351,6.916092286278888,,,6.81727105004612,6.812151663146031,6.919808936198995,6.640550315100077,6.5929117350056785,
ENSMUSG00000069020-C,6.663014711712188,6.697512298679454,6.7487781976546515,6.179946886287867,6.951866547324523,,,7.256406046118196,6.875723699126593,7.089842224834947,7.148285406882491,7.511814281039069,
ENSMUSG00000069072-C,6.788197463012272,6.449090313207337,6.508194632874209,6.6317391003942445,6.637250048783156,,,6.442592222734471,6.610999189386092,6.042376274168429,6.524207936453877,6.877095272776896,
ENSMUSG00000069089-C,4.377451817190107,4.699522886302211,4.542247431043634,5.126522967954791,5.336899529548905,,,4.259354157918123,4.483791060986713,4.355603108019191,3.125967354164119,4.025460034672541,
ENSMUSG00000069206-C,4.108669900741658,3.5493249877461848,4.061125707426031,1.7755955644782335,4.14376335637175,,,3.845438166100454,3.6146860835769976,4.277280327333589,4.695297843271375,4.691417411503794,
ENSMUSG00000069670-C,5.183084205887085,5.049701334974736,5.123612505890491,5.269362152802617,5.584887341409851,,,4.521827482917072,4.918838219969747,4.632239671461196,3.881867051445987,5.76810582424707,
ENSMUSG00000069763-C,3.8505343897065623,3.9332209460107537,3.3341556752144523,3.048127979598824,3.71461776200454,,,3.2627160682075655,4.247903002566216,3.4244065628585965,3.703135021136939,4.185507841054571,
ENSMUSG00000069769-C,6.3116539860112395,6.647028292130711,7.118199491555773,6.829169443432878,6.860710527994718,,,6.124804864843448,6.415716198734404,6.504446526563143,6.41227630568288,6.238667014056643,
ENSMUSG00000070407-C,2.389452305959414,0.7772103564006736,0.0,2.212784030876461,2.01153025227296,,,0.9674048923102424,2.727898487286808,0.0,3.3851096075210654,0.0,
ENSMUSG00000070871-C,3.621238133361342,3.8641823602813914,3.0760931997901184,2.819562531975392,5.037251114700205,,,3.1114590032192178,3.7414430482125782,3.0997279733373246,1.838604035947166,2.7509977021377465,
ENSMUSG00000071531-C,3.0118486721666375,3.0246987074308613,2.5742268621828144,2.819562531975392,0.0,,,1.9508269527020643,2.4594104501768173,2.6800946312329175,2.976553207704254,3.639654752205806,
ENSMUSG00000071636-C,0.0,1.9468263315634875,0.0,0.0,0.0,,,0.0,1.0874491440466718,0.0,1.4424172899414331,0.0,
ENSMUSG00000071637-C,3.701788008824327,4.39140932542033,3.3341556752144523,4.586526700192765,2.4720055205074685,,,4.02548275212475,3.055259675414585,2.6800946312329175,2.404466208288875,4.185507841054571,
ENSMUSG00000071648-C,3.9195257299905872,3.7916732345197177,3.2108868858509947,1.7755955644782335,2.8205248563310685,,,4.02548275212475,3.857956906855064,3.912970404851044,4.0408772621977525,5.221164030902649,
ENSMUSG00000071711-C,4.799641654254227,4.885210773049062,4.820451948123481,4.3498143231152575,5.281743096138518,,,4.10772499717138,4.807329973482211,4.916882105380915,4.8749452627292715,5.9123830407876135,
ENSMUSG00000072115-C,1.641449874184738,0.7772103564006736,1.7981578459377747,2.547841273150182,2.01153025227296,,,1.9508269527020643,1.426248509167121,2.0858962887955266,3.2613491874603957,0.0,
ENSMUSG00000072844-C,1.935983705110964,1.9468263315634875,1.4069932691538003,0.0,2.4720055205074685,,,0.9674048923102424,0.6438468756903795,0.0,2.1491023054808034,0.0,
ENSMUSG00000072893-C,5.485717781587256,4.180428819962158,5.510951067686481,5.730953831709892,6.372719032291156,,,3.639677013987396,5.095371906979675,4.693838470048764,4.433834282634663,4.794338780282,
ENSMUSG00000073374-C,2.389452305959414,3.2578804018563177,2.1055702394493165,1.145283945259697,2.01153025227296,,,2.2694164769105942,2.303760115630847,2.6800946312329175,0.0,0.0,
ENSMUSG00000073664-C,5.915381732138138,5.279178948907182,5.728816639028452,5.856964288300919,5.873070944976806,,,4.794362111747247,5.413602663406433,5.50314615290747,6.27501180612217,5.065242378780794,
ENSMUSG00000073702-C,9.279360963630443,9.345561681110992,9.430069716087612,8.88024435126024,9.078719817525604,,,9.435986549708264,9.404450516420306,9.391702095482207,9.232076972805814,9.608306980813031,
ENSMUSG00000073705-C,2.5719634942468153,3.0246987074308613,3.3341556752144523,3.048127979598824,4.474090557491965,,,3.5246307075254704,3.4008560131744745,3.2711816746923503,4.114259253231501,4.46052582652635,
ENSMUSG00000073755-C,8.129828843039451,7.966482431278515,7.924779465245581,8.127923244404286,7.91917136074807,,,8.519194503817968,8.46170942238498,8.389200785223263,8.260971369679284,7.695894352362384,
ENSMUSG00000074136-C,0.7711227158729893,0.0,0.8686232207515774,0.0,1.3311596570548716,,,1.541336626495835,1.0874491440466718,1.0578286184819063,0.8944330770159921,3.8454156461999536,
ENSMUSG00000074220-C,2.5719634942468153,1.6514266395573065,1.7981578459377747,1.7755955644782335,0.0,,,2.2694164769105942,1.7004218063870564,3.2711816746923503,0.0,2.7509977021377465,
ENSMUSG00000074252-C,1.935983705110964,0.7772103564006736,0.0,1.7755955644782335,2.4720055205074685,,,2.5302208690762416,1.426248509167121,1.0578286184819063,0.0,0.0,
ENSMUSG00000074274-C,0.0,0.0,0.0,0.0,0.0,,,0.0,0.6438468756903795,0.0,1.838604035947166,0.0,
ENSMUSG00000074384-C,2.5719634942468153,2.746422465537691,2.761591019909415,2.547841273150182,2.4720055205074685,,,3.639677013987396,3.321904809563751,3.6892717228661702,4.184088675445754,0.0,
ENSMUSG00000074656-C,8.576884782360095,8.492046768467263,8.557629908427945,8.030985812669176,8.040434217926368,,,8.861972805977725,8.56602823383216,8.834268979306849,8.312549247146118,8.15825950338917,
ENSMUSG00000074916-C,1.935983705110964,0.0,0.0,0.0,2.01153025227296,,,0.0,1.0874491440466718,1.6615634406534388,0.0,0.0,
ENSMUSG00000075254-C,5.264898925835847,5.080462981596519,5.2851173663231155,5.479886222800303,4.8221626768812405,,,4.521827482917072,5.187326910656038,4.693838470048764,5.370419795672076,5.490056390463297,
ENSMUSG00000078091-C,1.935983705110964,1.6514266395573065,0.0,0.0,0.0,,,1.541336626495835,0.6438468756903795,2.0858962887955266,0.0,0.0,
ENSMUSG00000078439-C,1.270944323129923,0.7772103564006736,0.0,0.0,2.8205248563310685,,,1.9508269527020643,1.0874491440466718,0.0,1.4424172899414331,5.490056390463297,
ENSMUSG00000078451-C,3.244760474119069,2.584167946796685,3.3341556752144523,3.418887887081104,4.262476788602882,,,0.9674048923102424,2.9541737762086013,3.805452458367365,0.0,0.0,
ENSMUSG00000078532-C,0.7711227158729893,1.2795471030274967,2.5742268621828144,0.0,0.0,,,0.0,1.0874491440466718,1.0578286184819063,0.0,0.0,
ENSMUSG00000078653-C,1.270944323129923,0.0,0.8686232207515774,0.0,1.3311596570548716,,,0.0,2.1292630581191667,0.0,0.0,2.7509977021377465,
ENSMUSG00000078700-C,3.701788008824327,3.9332209460107537,3.2108868858509947,3.958170733316668,3.872280659764173,,,2.2694164769105942,2.5998912372602767,3.562908967782425,2.404466208288875,2.2693972934160422,
ENSMUSG00000078716-C,6.362096290587524,6.177546666935104,6.341882569186647,6.540773440401767,5.835261920488193,,,7.256406046118196,6.568880554422013,6.756193244616979,6.497028600236138,6.702835548595324,
ENSMUSG00000078942-C,0.7711227158729893,0.0,0.0,1.7755955644782335,0.0,,,0.0,1.426248509167121,0.0,2.6213546220940547,0.0,
ENSMUSG00000079036-C,4.51756029553663,4.986137502541371,5.089022780191272,3.418887887081104,4.474090557491965,,,4.6370888418991045,4.330892291115861,4.752914528653213,4.114259253231501,3.8454156461999536,
ENSMUSG00000079215-C,6.622204645971145,6.40115620471674,6.559628120801717,6.7822865966205,6.175011010380478,,,6.256827573966689,6.471649633311949,5.570378612998358,7.289623768047171,6.504598049510028,
ENSMUSG00000079434-C,3.348482516944733,3.0246987074308613,3.447716039931815,2.212784030876461,3.335753380518202,,,3.3996089179664075,2.4594104501768173,3.4244065628585965,4.114259253231501,5.293229488386045,
ENSMUSG00000081278-C,0.0,0.0,0.0,0.0,0.0,,,0.0,0.0,0.0,1.4424172899414331,0.0,
ENSMUSG00000082491-C,1.270944323129923,1.9468263315634875,1.4069932691538003,0.0,1.3311596570548716,,,0.9674048923102424,1.0874491440466718,0.0,0.8944330770159921,0.0,
ENSMUSG00000082515-C,0.0,0.0,1.4069932691538003,0.0,0.0,,,0.0,0.0,1.0578286184819063,0.0,0.0,
ENSMUSG00000082626-C,0.7711227158729893,0.7772103564006736,0.0,1.145283945259697,0.0,,,1.541336626495835,0.6438468756903795,0.0,0.0,2.2693972934160422,
ENSMUSG00000083061-C,0.7711227158729893,0.7772103564006736,0.0,0.0,0.0,,,0.0,0.0,1.6615634406534388,0.0,0.0,
ENSMUSG00000083396-C,0.7711227158729893,1.2795471030274967,1.4069932691538003,1.145283945259697,3.101018312374517,,,0.9674048923102424,0.6438468756903795,0.0,0.0,0.0,
ENSMUSG00000083563-C,4.6452583858847785,4.3414856993539885,4.733544525276869,5.075584322680654,2.4720055205074685,,,4.1855307145708,4.159846911604113,3.2711816746923503,4.832086780670741,3.8454156461999536,
ENSMUSG00000085028-C,3.8505343897065623,2.746422465537691,3.74295406855436,4.066490143806875,4.8221626768812405,,,0.9674048923102424,2.845467778033953,0.0,2.6213546220940547,3.111437600054451,
ENSMUSG00000085037-C,2.389452305959414,2.584167946796685,3.3341556752144523,3.8410535456100336,4.14376335637175,,,3.1114590032192178,2.303760115630847,3.562908967782425,0.0,4.329560199344903,
ENSMUSG00000085078-C,0.7711227158729893,0.0,0.0,0.0,0.0,,,0.0,1.426248509167121,1.6615634406534388,0.0,3.399587007767687,
ENSMUSG00000085111-C,0.7711227158729893,0.0,0.0,0.0,0.0,,,0.9674048923102424,0.0,0.0,0.8944330770159921,0.0,
ENSMUSG00000085255-C,2.389452305959414,2.401325369831886,2.9273952328051136,1.145283945259697,2.01153025227296,,,1.9508269527020643,0.6438468756903795,0.0,0.0,2.7509977021377465,
ENSMUSG00000085315-C,0.0,2.1919001964604257,2.358845731896266,1.145283945259697,0.0,,,0.9674048923102424,1.7004218063870564,0.0,1.838604035947166,3.111437600054451,
ENSMUSG00000085712-C,0.0,0.0,0.0,1.145283945259697,0.0,,,0.9674048923102424,0.0,1.0578286184819063,0.0,0.0,
ENSMUSG00000085891-C,1.270944323129923,0.7772103564006736,0.8686232207515774,1.145283945259697,0.0,,,0.0,0.0,1.0578286184819063,1.4424172899414331,3.111437600054451,
ENSMUSG00000086015-C,1.641449874184738,0.7772103564006736,0.0,1.7755955644782335,0.0,,,0.0,0.0,0.0,0.8944330770159921,0.0,
ENSMUSG00000086170-C,0.7711227158729893,0.0,0.0,1.7755955644782335,0.0,,,0.0,0.0,0.0,0.0,0.0,
ENSMUSG00000086213-C,0.7711227158729893,1.2795471030274967,1.4069932691538003,1.145283945259697,0.0,,,0.0,0.6438468756903795,1.0578286184819063,0.0,4.794338780282,
ENSMUSG00000086291-C,2.733957072035301,3.4585648108342464,4.260795788795305,3.245385555138888,3.537586637374066,,,0.0,1.426248509167121,2.6800946312329175,3.125967354164119,0.0,
ENSMUSG00000086370-C,5.264898925835847,4.575435833627302,4.90242022349317,5.2233027581692975,5.441262833161149,,,1.9508269527020643,4.204546674916045,3.2711816746923503,4.184088675445754,2.7509977021377465,
ENSMUSG00000086822-C,1.641449874184738,1.9468263315634875,0.8686232207515774,0.0,0.0,,,0.0,2.4594104501768173,1.0578286184819063,0.8944330770159921,3.111437600054451,
ENSMUSG00000087252-C,0.0,0.0,0.0,0.0,0.0,,,0.0,0.0,0.0,0.0,0.0,
ENSMUSG00000087331-C,3.244760474119069,2.746422465537691,3.0760931997901184,2.547841273150182,3.101018312374517,,,3.639677013987396,2.9541737762086013,2.413372980792649,3.6047154770664913,0.0,
ENSMUSG00000087347-C,0.0,0.0,0.0,1.7755955644782335,2.01153025227296,,,0.0,0.6438468756903795,1.0578286184819063,0.8944330770159921,0.0,
ENSMUSG00000087352-C,1.641449874184738,1.6514266395573065,0.8686232207515774,1.145283945259697,0.0,,,2.2694164769105942,2.1292630581191667,2.9051150409108515,0.0,0.0,
ENSMUSG00000087444-C,0.0,0.0,0.0,0.0,0.0,,,0.0,0.0,0.0,3.3851096075210654,2.2693972934160422,
ENSMUSG00000087516-C,1.935983705110964,0.0,1.4069932691538003,2.819562531975392,0.0,,,0.0,1.0874491440466718,1.0578286184819063,0.8944330770159921,3.399587007767687,
ENSMUSG00000087556-C,0.7711227158729893,0.0,0.0,0.0,0.0,,,0.0,1.0874491440466718,0.0,0.0,0.0,
ENSMUSG00000087660-C,0.7711227158729893,0.7772103564006736,1.4069932691538003,1.145283945259697,0.0,,,0.0,0.6438468756903795,0.0,0.8944330770159921,0.0,
ENSMUSG00000087679-C,6.877603940137629,7.116510933460998,7.09223715041755,7.145473727530398,7.309876754600312,,,7.219890980038112,7.449638813874552,7.547425853459201,7.825819005893193,8.016430191469537,
ENSMUSG00000087698-C,0.0,1.2795471030274967,0.0,0.0,0.0,,,1.541336626495835,1.0874491440466718,1.6615634406534388,0.0,3.639654752205806,
ENSMUSG00000088208-C,1.270944323129923,0.0,0.0,1.145283945259697,2.8205248563310685,,,0.0,0.6438468756903795,1.0578286184819063,0.0,3.399587007767687,
ENSMUSG00000089665-C,3.8505343897065623,3.3617092928764207,3.987916772059367,3.5737464719259227,3.872280659764173,,,3.746222763186613,3.1497241621459846,3.912970404851044,4.0408772621977525,2.2693972934160422,
ENSMUSG00000089715-C,11.41574111942838,11.205101880955194,11.385054384789829,10.611344492403232,10.892245751920695,,,11.2554470993241,11.577638987624711,11.30444086325339,11.27396460436534,11.14046457527792,
ENSMUSG00000089941-C,0.0,0.0,1.4069932691538003,1.145283945259697,0.0,,,0.0,0.6438468756903795,0.0,0.8944330770159921,3.111437600054451,
ENSMUSG00000090138-C,0.7711227158729893,1.6514266395573065,0.8686232207515774,1.145283945259697,0.0,,,0.0,1.0874491440466718,0.0,0.0,0.0,
ENSMUSG00000090290-C,1.935983705110964,2.1919001964604257,0.0,0.0,2.8205248563310685,,,2.2694164769105942,1.426248509167121,0.0,0.8944330770159921,0.0,
ENSMUSG00000090523-C,0.0,1.6514266395573065,0.0,0.0,3.335753380518202,,,2.2694164769105942,2.5998912372602767,1.6615634406534388,1.838604035947166,0.0,
ENSMUSG00000091523-C,0.7711227158729893,0.7772103564006736,0.0,0.0,0.0,,,0.0,0.6438468756903795,0.0,0.0,2.7509977021377465,
ENSMUSG00000092074-C,3.348482516944733,1.9468263315634875,1.7981578459377747,2.547841273150182,2.8205248563310685,,,0.9674048923102424,2.727898487286808,2.0858962887955266,0.0,0.0,
ENSMUSG00000092241-C,0.0,0.7772103564006736,0.8686232207515774,1.7755955644782335,2.01153025227296,,,0.9674048923102424,0.0,0.0,0.0,0.0,
ENSMUSG00000092325-C,0.0,0.0,2.1055702394493165,0.0,3.101018312374517,,,0.0,0.6438468756903795,0.0,0.0,4.46052582652635,
ENSMUSG00000093577-C,0.0,1.2795471030274967,0.0,0.0,0.0,,,0.0,1.0874491440466718,1.0578286184819063,0.0,0.0,
ENSMUSG00000093930-C,9.143565064873853,8.631005426855868,8.955800255395463,9.067859973022657,8.841868130487587,,,8.928542032990977,8.716364978403147,8.858007846677578,8.604417689339224,8.953752875545781,
ENSMUSG00000094152-C,0.0,1.2795471030274967,0.0,0.0,0.0,,,0.9674048923102424,1.0874491440466718,1.0578286184819063,0.0,0.0,
ENSMUSG00000094595-C,0.0,0.0,1.4069932691538003,2.212784030876461,0.0,,,1.9508269527020643,0.6438468756903795,1.6615634406534388,1.4424172899414331,0.0,
ENSMUSG00000094724-C,0.7711227158729893,0.7772103564006736,0.0,0.0,0.0,,,1.541336626495835,0.6438468756903795,0.0,0.0,0.0,
ENSMUSG00000094840-C,3.132999700652309,3.2578804018563177,3.0760931997901184,3.245385555138888,6.081214516088182,,,1.541336626495835,2.845467778033953,2.6800946312329175,1.838604035947166,2.2693972934160422,
ENSMUSG00000095253-C,4.2222584895398185,4.236136261201466,3.447716039931815,3.713582110297556,3.335753380518202,,,4.32958319926474,4.113717787903322,3.6892717228661702,4.184088675445754,4.794338780282,
ENSMUSG00000097156-C,7.216055593917254,6.472473065247122,6.680719688227988,7.120561506775722,8.493068709528462,,,4.521827482917072,6.367389192014546,6.111722862911141,6.337635682737065,4.794338780282,
ENSMUSG00000097316-C,3.132999700652309,2.584167946796685,2.5742268621828144,2.212784030876461,2.8205248563310685,,,1.9508269527020643,2.303760115630847,2.6800946312329175,2.8098578703146537,3.111437600054451,
ENSMUSG00000097439-C,0.0,1.2795471030274967,0.0,0.0,0.0,,,0.0,0.6438468756903795,1.0578286184819063,0.0,0.0,
ENSMUSG00000097497-C,3.0118486721666375,2.892259673652012,1.7981578459377747,3.048127979598824,0.0,,,0.9674048923102424,2.1292630581191667,2.413372980792649,2.6213546220940547,0.0,
ENSMUSG00000097535-C,0.7711227158729893,1.2795471030274967,0.0,0.0,0.0,,,0.0,0.0,0.0,0.0,0.0,
ENSMUSG00000097602-C,0.0,0.0,0.0,2.212784030876461,0.0,,,0.0,0.0,0.0,0.0,0.0,
ENSMUSG00000097793-C,1.270944323129923,1.6514266395573065,0.0,0.0,0.0,,,1.541336626495835,1.7004218063870564,0.0,1.838604035947166,3.399587007767687,
ENSMUSG00000097881-C,2.180461949771616,3.2578804018563177,2.1055702394493165,0.0,0.0,,,1.541336626495835,1.930718251259833,1.6615634406534388,2.404466208288875,3.399587007767687,
ENSMUSG00000097911-C,1.641449874184738,2.892259673652012,2.1055702394493165,2.212784030876461,2.01153025227296,,,1.541336626495835,2.5998912372602767,2.0858962887955266,0.0,0.0,
ENSMUSG00000098098-C,1.270944323129923,2.1919001964604257,1.4069932691538003,1.7755955644782335,0.0,,,2.2694164769105942,0.0,2.0858962887955266,0.0,0.0,
ENSMUSG00000098158-C,1.270944323129923,0.0,0.0,0.0,0.0,,,0.0,1.0874491440466718,0.0,0.0,0.0,
ENSMUSG00000098187-C,1.270944323129923,1.6514266395573065,0.8686232207515774,1.7755955644782335,2.01153025227296,,,0.0,1.426248509167121,2.0858962887955266,0.8944330770159921,0.0,
ENSMUSG00000098383-C,1.270944323129923,0.7772103564006736,0.0,0.0,0.0,,,0.9674048923102424,1.426248509167121,0.0,2.404466208288875,0.0,
ENSMUSG00000098739-C,0.0,0.7772103564006736,0.0,0.0,0.0,,,0.0,0.6438468756903795,1.0578286184819063,0.0,0.0,
ENSMUSG00000099655-C,1.270944323129923,2.1919001964604257,2.358845731896266,1.7755955644782335,1.3311596570548716,,,1.541336626495835,1.426248509167121,1.6615634406534388,2.1491023054808034,0.0,
ENSMUSG00000100707-C,0.0,0.0,0.0,0.0,0.0,,,0.9674048923102424,0.0,0.0,0.0,0.0,
ENSMUSG00000100764-C,0.0,2.1919001964604257,2.358845731896266,1.7755955644782335,0.0,,,2.2694164769105942,1.7004218063870564,1.0578286184819063,1.838604035947166,0.0,
ENSMUSG00000101599-C,3.7780773780277177,3.5493249877461848,4.260795788795305,4.066490143806875,4.372160124747886,,,3.3996089179664075,4.159846911604113,2.6800946312329175,2.8098578703146537,4.025460034672541,
ENSMUSG00000101778-C,0.0,1.6514266395573065,0.8686232207515774,1.7755955644782335,0.0,,,0.0,0.0,1.0578286184819063,0.0,0.0,
ENSMUSG00000102018-C,1.270944323129923,0.0,0.8686232207515774,0.0,0.0,,,2.9424659951760495,0.0,1.0578286184819063,2.404466208288875,0.0,
ENSMUSG00000102555-C,1.935983705110964,1.9468263315634875,0.8686232207515774,1.7755955644782335,2.8205248563310685,,,0.0,1.0874491440466718,2.0858962887955266,0.8944330770159921,0.0,
ENSMUSG00000102570-C,0.7711227158729893,1.2795471030274967,0.8686232207515774,0.0,0.0,,,0.9674048923102424,0.0,0.0,0.8944330770159921,0.0,
ENSMUSG00000102573-C,4.166581811472687,2.892259673652012,3.2108868858509947,2.819562531975392,2.8205248563310685,,,1.541336626495835,2.4594104501768173,0.0,0.0,0.0,
ENSMUSG00000102600-C,4.685430427923396,5.168997979309402,5.344975441493621,4.7898192319927615,5.490743484005632,,,3.639677013987396,4.778052199903618,4.106594402699193,4.314358941849066,0.0,
ENSMUSG00000102698-C,2.180461949771616,1.9468263315634875,1.7981578459377747,2.212784030876461,2.4720055205074685,,,0.0,1.426248509167121,2.0858962887955266,0.8944330770159921,0.0,
ENSMUSG00000102760-C,3.244760474119069,1.2795471030274967,2.761591019909415,1.7755955644782335,1.3311596570548716,,,1.541336626495835,2.4594104501768173,1.6615634406534388,0.0,0.0,
ENSMUSG00000102783-C,0.0,0.7772103564006736,2.1055702394493165,0.0,0.0,,,0.0,1.426248509167121,1.0578286184819063,0.0,0.0,
ENSMUSG00000102854-C,4.2222584895398185,3.7153260891446704,3.829313084763042,4.511856290237969,4.742697324315992,,,1.9508269527020643,3.8008758836611687,2.9051150409108515,2.404466208288875,3.639654752205806,
ENSMUSG00000102976-C,0.0,0.7772103564006736,1.4069932691538003,0.0,1.3311596570548716,,,0.0,0.0,0.0,0.0,0.0,
ENSMUSG00000103038-C,4.8710498562457705,2.892259673652012,4.820451948123481,3.5737464719259227,4.56929212029854,,,1.9508269527020643,4.654611183132021,1.6615634406534388,4.184088675445754,4.329560199344903,
ENSMUSG00000103146-C,0.7711227158729893,0.7772103564006736,0.0,0.0,0.0,,,0.0,0.0,1.0578286184819063,0.0,0.0,
ENSMUSG00000103313-C,1.935983705110964,0.0,0.0,0.0,0.0,,,0.0,0.6438468756903795,0.0,0.0,0.0,
ENSMUSG00000103423-C,1.270944323129923,1.2795471030274967,0.0,0.0,1.3311596570548716,,,0.0,1.426248509167121,0.0,0.0,0.0,
ENSMUSG00000103539-C,1.641449874184738,2.401325369831886,0.8686232207515774,1.7755955644782335,3.101018312374517,,,0.0,1.930718251259833,0.0,0.0,0.0,
ENSMUSG00000103552-C,1.270944323129923,1.9468263315634875,0.8686232207515774,1.7755955644782335,0.0,,,0.0,0.0,1.0578286184819063,0.0,0.0,
ENSMUSG00000103693-C,4.42568240917794,3.634711799651865,3.5529861977234516,3.418887887081104,4.474090557491965,,,1.9508269527020643,3.1497241621459846,2.9051150409108515,2.6213546220940547,0.0,
ENSMUSG00000103776-C,1.270944323129923,1.2795471030274967,1.4069932691538003,2.819562531975392,0.0,,,0.0,1.7004218063870564,1.6615634406534388,2.976553207704254,1.54132073842726,
ENSMUSG00000103800-C,0.0,0.0,0.8686232207515774,0.0,0.0,,,0.0,0.0,0.0,0.0,0.0,
ENSMUSG00000103809-C,1.270944323129923,2.746422465537691,0.8686232207515774,0.0,0.0,,,0.0,1.7004218063870564,0.0,0.0,0.0,
ENSMUSG00000103869-C,2.733957072035301,2.1919001964604257,1.4069932691538003,1.145283945259697,0.0,,,0.0,1.0874491440466718,2.0858962887955266,0.0,0.0,
ENSMUSG00000103882-C,3.9195257299905872,3.8641823602813914,4.260795788795305,4.3498143231152575,3.537586637374066,,,0.0,4.519611508208877,3.912970404851044,4.490055460042319,0.0,
ENSMUSG00000103891-C,4.327552898761735,3.9332209460107537,4.490179171972527,3.418887887081104,4.14376335637175,,,2.2694164769105942,2.4594104501768173,3.562908967782425,3.125967354164119,2.7509977021377465,
ENSMUSG00000103970-C,1.935983705110964,1.9468263315634875,2.358845731896266,3.5737464719259227,2.01153025227296,,,0.0,0.0,0.0,0.0,0.0,
ENSMUSG00000103991-C,0.0,1.2795471030274967,0.0,1.7755955644782335,2.01153025227296,,,0.0,0.0,0.0,0.0,0.0,
ENSMUSG00000104154-C,3.132999700652309,2.892259673652012,3.0760931997901184,3.245385555138888,3.335753380518202,,,1.541336626495835,2.9541737762086013,0.0,1.4424172899414331,0.0,
ENSMUSG00000104204-C,1.270944323129923,1.9468263315634875,0.0,0.0,3.335753380518202,,,1.9508269527020643,0.6438468756903795,1.0578286184819063,0.0,0.0,
ENSMUSG00000104277-C,4.51756029553663,4.531582777984604,3.910793357631654,3.5737464719259227,5.490743484005632,,,2.7510183104581927,2.9541737762086013,3.0997279733373246,2.6213546220940547,4.185507841054571,
ENSMUSG00000104343-C,3.9195257299905872,3.0246987074308613,3.987916772059367,2.212784030876461,2.8205248563310685,,,1.9508269527020643,3.9128651813226702,2.9051150409108515,0.8944330770159921,0.0,
ENSMUSG00000104344-C,3.5359235869883796,3.7153260891446704,4.130798409601337,3.418887887081104,2.01153025227296,,,1.541336626495835,2.845467778033953,3.0997279733373246,3.703135021136939,0.0,
ENSMUSG00000104388-C,3.0118486721666375,0.7772103564006736,2.358845731896266,1.7755955644782335,4.0143984739659455,,,0.0,1.426248509167121,1.0578286184819063,0.0,4.025460034672541,
ENSMUSG00000104420-C,3.8505343897065623,3.1459955578315,2.9273952328051136,4.167241691823022,4.14376335637175,,,0.9674048923102424,3.1497241621459846,2.9051150409108515,2.976553207704254,0.0,
ENSMUSG00000104693-C,0.7711227158729893,1.2795471030274967,0.0,0.0,0.0,,,0.0,0.0,0.0,0.0,0.0,
ENSMUSG00000104704-C,3.5359235869883796,3.0246987074308613,3.2108868858509947,3.713582110297556,4.474090557491965,,,0.0,2.1292630581191667,1.6615634406534388,0.0,0.0,
ENSMUSG00000104713-C,0.0,0.0,0.0,0.0,0.0,,,0.0,0.6438468756903795,0.0,0.0,0.0,
ENSMUSG00000104764-C,0.0,0.7772103564006736,0.0,0.0,2.4720055205074685,,,0.0,0.0,0.0,0.0,3.399587007767687,
ENSMUSG00000104951-C,3.7780773780277177,3.3617092928764207,3.447716039931815,2.547841273150182,1.3311596570548716,,,0.9674048923102424,3.1497241621459846,2.6800946312329175,2.976553207704254,0.0,
ENSMUSG00000104973-C,2.5719634942468153,2.584167946796685,2.358845731896266,1.145283945259697,2.01153025227296,,,0.0,2.303760115630847,2.6800946312329175,3.499087042803504,0.0,
ENSMUSG00000104994-C,2.733957072035301,2.584167946796685,3.651094645758103,2.819562531975392,2.01153025227296,,,0.0,1.7004218063870564,2.413372980792649,3.2613491874603957,0.0,
ENSMUSG00000105050-C,3.621238133361342,3.3617092928764207,3.829313084763042,3.958170733316668,4.14376335637175,,,2.2694164769105942,3.475709884007802,3.4244065628585965,2.1491023054808034,0.0,
ENSMUSG00000105119-C,3.5359235869883796,2.584167946796685,3.0760931997901184,3.245385555138888,2.4720055205074685,,,0.0,1.930718251259833,1.6615634406534388,1.838604035947166,0.0,
ENSMUSG00000105224-C,0.7711227158729893,2.401325369831886,0.0,4.066490143806875,3.537586637374066,,,0.0,1.7004218063870564,2.0858962887955266,0.0,3.111437600054451,
ENSMUSG00000105322-C,4.166581811472687,4.575435833627302,4.061125707426031,4.511856290237969,4.969056867187248,,,2.5302208690762416,3.1497241621459846,4.277280327333589,4.184088675445754,3.111437600054451,
ENSMUSG00000105520-C,0.0,0.0,0.0,0.0,1.3311596570548716,,,0.9674048923102424,0.0,0.0,0.8944330770159921,2.2693972934160422,
ENSMUSG00000105578-C,2.733957072035301,1.2795471030274967,0.0,0.0,0.0,,,0.0,1.930718251259833,1.6615634406534388,3.2613491874603957,3.399587007767687,
ENSMUSG00000105586-C,2.180461949771616,0.0,1.4069932691538003,0.0,0.0,,,0.0,1.426248509167121,0.0,0.0,0.0,
ENSMUSG00000105624-C,2.180461949771616,2.892259673652012,3.2108868858509947,3.958170733316668,5.441262833161149,,,0.0,2.5998912372602767,1.6615634406534388,1.4424172899414331,0.0,
ENSMUSG00000105843-C,3.8505343897065623,3.2578804018563177,2.9273952328051136,2.819562531975392,2.4720055205074685,,,2.5302208690762416,1.930718251259833,2.0858962887955266,3.881867051445987,4.794338780282,
ENSMUSG00000105846-C,0.7711227158729893,0.7772103564006736,2.1055702394493165,2.212784030876461,0.0,,,0.0,0.0,0.0,0.0,0.0,
ENSMUSG00000105896-C,1.641449874184738,0.7772103564006736,0.0,0.0,0.0,,,0.0,0.6438468756903795,1.0578286184819063,0.0,0.0,
ENSMUSG00000106115-C,2.733957072035301,1.6514266395573065,2.358845731896266,1.7755955644782335,0.0,,,0.0,0.0,0.0,0.0,0.0,
ENSMUSG00000106121-C,0.0,0.7772103564006736,0.0,0.0,0.0,,,0.0,0.6438468756903795,0.0,0.0,0.0,
ENSMUSG00000106153-C,0.0,0.7772103564006736,0.0,0.0,0.0,,,0.0,0.0,0.0,0.0,0.0,
ENSMUSG00000106557-C,1.935983705110964,2.1919001964604257,2.1055702394493165,3.048127979598824,1.3311596570548716,,,0.0,0.0,1.0578286184819063,2.8098578703146537,1.54132073842726,
ENSMUSG00000106579-C,1.641449874184738,3.0246987074308613,1.7981578459377747,2.547841273150182,1.3311596570548716,,,0.0,1.7004218063870564,2.0858962887955266,1.4424172899414331,1.54132073842726,
ENSMUSG00000106648-C,2.389452305959414,1.2795471030274967,0.8686232207515774,2.212784030876461,0.0,,,0.0,1.7004218063870564,0.0,0.0,0.0,
ENSMUSG00000106720-C,2.733957072035301,1.6514266395573065,2.1055702394493165,1.145283945259697,2.4720055205074685,,,0.0,2.303760115630847,2.6800946312329175,1.4424172899414331,0.0,
ENSMUSG00000106734-C,0.7711227158729893,0.7772103564006736,0.0,1.7755955644782335,1.3311596570548716,,,0.9674048923102424,0.6438468756903795,0.0,0.0,0.0,
ENSMUSG00000106767-C,0.7711227158729893,1.2795471030274967,0.8686232207515774,0.0,0.0,,,0.0,1.426248509167121,0.0,0.0,0.0,
ENSMUSG00000106847-C,8.64467650636326,8.46898165093545,8.404294773500645,8.189108883858452,8.270331861261093,,,8.481131160629582,8.433820410655363,8.600964453361382,8.620248526774619,8.492631842036538,
ENSMUSG00000106867-C,0.7711227158729893,0.0,0.0,0.0,0.0,,,0.9674048923102424,0.0,0.0,0.0,0.0,
ENSMUSG00000106993-C,1.270944323129923,0.7772103564006736,1.7981578459377747,1.145283945259697,2.4720055205074685,,,0.0,1.0874491440466718,1.0578286184819063,0.0,0.0,
ENSMUSG00000107021-C,3.985367851416849,3.4585648108342464,3.910793357631654,2.819562531975392,4.56929212029854,,,2.7510183104581927,3.6146860835769976,3.0997279733373246,0.8944330770159921,0.0,
ENSMUSG00000107207-C,1.641449874184738,1.6514266395573065,0.8686232207515774,2.547841273150182,1.3311596570548716,,,0.0,0.0,0.0,0.0,4.025460034672541,
ENSMUSG00000107278-C,0.7711227158729893,0.7772103564006736,0.0,2.212784030876461,0.0,,,0.0,1.0874491440466718,0.0,0.0,0.0,
